20000 19999 20000
1 2 791069140
1 3 684211115
2 4 441003996
2 5 973964838
3 6 328858847
3 7 433383277
4 8 300890950
4 9 589163858
5 10 78725275
5 11 235205945
6 12 699886371
6 13 870313211
7 14 33089231
7 15 934941265
8 16 408131482
8 17 860784802
9 18 58762262
9 19 635595057
10 20 833594718
10 21 864208917
11 22 587617782
11 23 316993147
12 24 82761934
12 25 399002093
13 26 739999589
13 27 110468631
14 28 745866194
14 29 404391667
15 30 744463706
15 31 903461111
16 32 158953768
16 33 191398989
17 34 786808459
17 35 419596414
18 36 20817788
18 37 93939984
19 38 665702045
19 39 937739071
20 40 186751606
20 41 973357349
21 42 185898364
21 43 998138434
22 44 632440426
22 45 14046150
23 46 963312111
23 47 14390081
24 48 207494568
24 49 857369010
25 50 573113377
25 51 45977510
26 52 825826683
26 53 901746102
27 54 557532262
27 55 295633411
28 56 686884062
28 57 191438102
29 58 36942084
29 59 290634113
30 60 821238064
30 61 206224655
31 62 541635220
31 63 511007626
32 64 625507827
32 65 319216015
33 66 654044202
33 67 622577115
34 68 235206303
34 69 771360170
35 70 751533482
35 71 319869083
36 72 528009631
36 73 654510692
37 74 797909832
37 75 450728946
38 76 575009769
38 77 960752570
39 78 869068669
39 79 501871781
40 80 69688812
40 81 505579261
41 82 548873920
41 83 311359067
42 84 511490693
42 85 532813383
43 86 20337815
43 87 171662465
44 88 893968339
44 89 148576703
45 90 73945930
45 91 792131358
46 92 402845329
46 93 942228557
47 94 766789692
47 95 226758742
48 96 4999561
48 97 162956637
49 98 490659568
49 99 690275866
50 100 270620973
50 101 789159435
51 102 619189892
51 103 147051113
52 104 861385363
52 105 363987426
53 106 597707824
53 107 219232615
54 108 791046968
54 109 302402338
55 110 210420253
55 111 176525842
56 112 642193534
56 113 411458785
57 114 981603339
57 115 473988137
58 116 511917170
58 117 217874613
59 118 557666359
59 119 176982243
60 120 432404096
60 121 432703685
61 122 416264277
61 123 622256900
62 124 807844466
62 125 891177286
63 126 491930320
63 127 823474516
64 128 630145637
64 129 509757588
65 130 286945490
65 131 506402689
66 132 207011225
66 133 554918590
67 134 357931293
67 135 635057051
68 136 906680822
68 137 230228864
69 138 111690136
69 139 224366603
70 140 414577861
70 141 469594035
71 142 288519620
71 143 411662085
72 144 49762969
72 145 938435525
73 146 219102704
73 147 57370739
74 148 780670019
74 149 731725452
75 150 163203347
75 151 8279547
76 152 302204313
76 153 30545668
77 154 204641516
77 155 877042992
78 156 790099735
78 157 528143903
79 158 491782612
79 159 704556675
80 160 209530230
80 161 29537552
81 162 662306123
81 163 91525988
82 164 485595364
82 165 660338418
83 166 434361289
83 167 488018997
84 168 177639337
84 169 717803178
85 170 758005026
85 171 299959079
86 172 585652767
86 173 786379818
87 174 988327914
87 175 615192280
88 176 330144293
88 177 569440796
89 178 725025615
89 179 15258783
90 180 832104550
90 181 806290893
91 182 44496645
91 183 539846578
92 184 232459898
92 185 863950681
93 186 761120751
93 187 191101089
94 188 420914599
94 189 423992315
95 190 982360277
95 191 80413407
96 192 140241180
96 193 7252689
97 194 63086608
97 195 342154117
98 196 671603012
98 197 826642054
99 198 67664041
99 199 428244592
100 200 311638879
100 201 486420066
101 202 232738114
101 203 134649758
102 204 664377536
102 205 956194688
103 206 874048195
103 207 789853537
104 208 62223281
104 209 142897886
105 210 599001814
105 211 62686028
106 212 476540001
106 213 232838973
107 214 812764676
107 215 432811337
108 216 747733673
108 217 840622858
109 218 451647730
109 219 982678479
110 220 648581918
110 221 47435542
111 222 436905628
111 223 889833224
112 224 581170681
112 225 355994940
113 226 925522638
113 227 613480420
114 228 740030783
114 229 971779382
115 230 115619262
115 231 980030659
116 232 583726905
116 233 457080044
117 234 17218824
117 235 107208861
118 236 387828489
118 237 534864233
119 238 271633014
119 239 908298802
120 240 597988183
120 241 265076885
121 242 187859368
121 243 809093361
122 244 732134695
122 245 624700587
123 246 547332353
123 247 781597963
124 248 119309896
124 249 928479634
125 250 820461450
125 251 478422444
126 252 561942512
126 253 463177943
127 254 144296882
127 255 941241563
128 256 928081535
128 257 281959007
129 258 609089491
129 259 577682601
130 260 380269556
130 261 406618131
131 262 149408666
131 263 979977386
132 264 660606643
132 265 357702363
133 266 816948738
133 267 992971796
134 268 994815719
134 269 91361625
135 270 661705018
135 271 865947966
136 272 802053105
136 273 975675125
137 274 253827164
137 275 761113127
138 276 502347267
138 277 196183951
139 278 520282928
139 279 537765627
140 280 222281538
140 281 622108676
141 282 416627168
141 283 595560130
142 284 44473937
142 285 168520125
143 286 60938552
143 287 89772247
144 288 380183119
144 289 79611958
145 290 908899871
145 291 123335752
146 292 7414415
146 293 594314041
147 294 823831981
147 295 892873362
148 296 51742609
148 297 670580489
149 298 1761444
149 299 14566282
150 300 621834778
150 301 805201209
151 302 309813768
151 303 188545278
152 304 818586049
152 305 42555488
153 306 153189638
153 307 798691163
154 308 945020928
154 309 940587471
155 310 461992427
155 311 669718232
156 312 565313968
156 313 211424115
157 314 911443525
157 315 809268768
158 316 488590903
158 317 297768286
159 318 542851304
159 319 442751642
160 320 811913968
160 321 412462887
161 322 480219662
161 323 546926900
162 324 310518190
162 325 740149472
163 326 120583883
163 327 570479793
164 328 538255089
164 329 498551092
165 330 162896010
165 331 694445174
166 332 608356847
166 333 611652116
167 334 626323578
167 335 404626829
168 336 500122128
168 337 845628407
169 338 744230452
169 339 384558587
170 340 569489371
170 341 495777026
171 342 951590341
171 343 8131541
172 344 719431729
172 345 881264214
173 346 273824608
173 347 62846236
174 348 878474154
174 349 809540751
175 350 286698296
175 351 904652759
176 352 443580493
176 353 467806281
177 354 946700331
177 355 789790519
178 356 514321427
178 357 891455179
179 358 64679003
179 359 910125075
180 360 177880392
180 361 559971479
181 362 886723507
181 363 946827948
182 364 876806622
182 365 863370310
183 366 544911476
183 367 687796333
184 368 58036095
184 369 52128196
185 370 924113647
185 371 414088905
186 372 516185133
186 373 350817113
187 374 233840171
187 375 811588802
188 376 131371895
188 377 989061146
189 378 817375061
189 379 302875573
190 380 140376376
190 381 989681930
191 382 747908287
191 383 13905276
192 384 74927586
192 385 2678449
193 386 940142367
193 387 224219504
194 388 359746314
194 389 592190148
195 390 813897993
195 391 613534845
196 392 311626668
196 393 688449391
197 394 13541122
197 395 64385064
198 396 885072589
198 397 343838422
199 398 646301884
199 399 544244075
200 400 587977146
200 401 339212918
201 402 884390946
201 403 829417197
202 404 35614184
202 405 632649563
203 406 466195252
203 407 729948256
204 408 516243942
204 409 949256997
205 410 400752195
205 411 148868001
206 412 359839603
206 413 529630009
207 414 46539310
207 415 13148574
208 416 419309638
208 417 191019164
209 418 963774145
209 419 111845383
210 420 848267064
210 421 723736891
211 422 88011760
211 423 554655550
212 424 678297172
212 425 950727805
213 426 984565343
213 427 503091817
214 428 485419644
214 429 96336902
215 430 458042138
215 431 618638358
216 432 87074706
216 433 259559143
217 434 339577802
217 435 633720035
218 436 44332300
218 437 58284403
219 438 367354660
219 439 514869102
220 440 843880164
220 441 276886998
221 442 962210398
221 443 675610826
222 444 839194173
222 445 644841285
223 446 829054337
223 447 488215636
224 448 423205717
224 449 735670742
225 450 830648122
225 451 456634452
226 452 533337775
226 453 159611431
227 454 887595179
227 455 342311687
228 456 753404415
228 457 219675379
229 458 670119867
229 459 771049822
230 460 949710602
230 461 751922486
231 462 721452860
231 463 839361921
232 464 393810595
232 465 85005321
233 466 537183065
233 467 590536680
234 468 199412777
234 469 952957534
235 470 378578887
235 471 683956033
236 472 818730192
236 473 789190621
237 474 992780755
237 475 386695824
238 476 148352700
238 477 779665503
239 478 294132938
239 479 910007225
240 480 561124033
240 481 903394251
241 482 744409565
241 483 139293885
242 484 484711540
242 485 651998348
243 486 998991218
243 487 658848832
244 488 368325783
244 489 436882859
245 490 864041421
245 491 61750284
246 492 371659222
246 493 900956789
247 494 250034468
247 495 154376607
248 496 560047446
248 497 751543117
249 498 716969561
249 499 773458330
250 500 270248736
250 501 445807240
251 502 323973455
251 503 730332542
252 504 481150473
252 505 851785268
253 506 123745794
253 507 658833178
254 508 831217939
254 509 953583890
255 510 409442512
255 511 803693714
256 512 592229870
256 513 576883633
257 514 890968205
257 515 460216915
258 516 219553438
258 517 656303923
259 518 103399797
259 519 489337443
260 520 144580550
260 521 134193105
261 522 885389100
261 523 352512482
262 524 20252234
262 525 541320991
263 526 752984690
263 527 347740987
264 528 330714444
264 529 157391736
265 530 50141441
265 531 165971467
266 532 554091916
266 533 743775054
267 534 592668676
267 535 33767601
268 536 451937070
268 537 424547536
269 538 442299180
269 539 364347659
270 540 487215696
270 541 740820083
271 542 648922801
271 543 585481056
272 544 242067639
272 545 612018222
273 546 924232981
273 547 847144988
274 548 279419537
274 549 9373673
275 550 970343708
275 551 578192622
276 552 668741129
276 553 387886277
277 554 641689720
277 555 535784809
278 556 396410240
278 557 250046032
279 558 745237144
279 559 285541883
280 560 306412660
280 561 893485089
281 562 664081277
281 563 25559832
282 564 763970323
282 565 450729100
283 566 176381141
283 567 831491447
284 568 252474355
284 569 739825009
285 570 641620122
285 571 759403708
286 572 695344536
286 573 860127532
287 574 746556116
287 575 800424760
288 576 296734878
288 577 117711420
289 578 529826717
289 579 290594454
290 580 245750841
290 581 667778388
291 582 623367899
291 583 654302735
292 584 600045179
292 585 569437292
293 586 201636733
293 587 753523138
294 588 649242523
294 589 936138109
295 590 559550568
295 591 146268966
296 592 634323641
296 593 12744683
297 594 851819533
297 595 131062635
298 596 564671277
298 597 587655216
299 598 626487430
299 599 81220
300 600 571069842
300 601 277289503
301 602 477212353
301 603 959134614
302 604 149229512
302 605 306189276
303 606 871620121
303 607 271609209
304 608 200479191
304 609 485509432
305 610 538917454
305 611 239900942
306 612 3138286
306 613 974792120
307 614 472082354
307 615 481441987
308 616 561235109
308 617 974178602
309 618 625461584
309 619 206858182
310 620 130631108
310 621 353546034
311 622 302524343
311 623 618213463
312 624 79380073
312 625 293123654
313 626 987250561
313 627 556087125
314 628 717391919
314 629 411960026
315 630 588899891
315 631 953371345
316 632 69111887
316 633 665124769
317 634 687114061
317 635 422537187
318 636 382159815
318 637 733852845
319 638 401868843
319 639 569693335
320 640 566687752
320 641 569533174
321 642 857440737
321 643 60119989
322 644 202601205
322 645 792512782
323 646 566274712
323 647 514935438
324 648 825821462
324 649 88996894
325 650 260636865
325 651 672385616
326 652 970352173
326 653 863745887
327 654 813962042
327 655 409982993
328 656 222970143
328 657 417091211
329 658 741384557
329 659 10175282
330 660 913684567
330 661 907981079
331 662 475164726
331 663 301075714
332 664 437772219
332 665 681059042
333 666 755952646
333 667 43764892
334 668 297078552
334 669 155968208
335 670 404179195
335 671 492947439
336 672 881938733
336 673 55409005
337 674 759325228
337 675 849709890
338 676 566475341
338 677 657226508
339 678 231429100
339 679 919411007
340 680 267881707
340 681 483850631
341 682 798753381
341 683 759527482
342 684 597368864
342 685 146030015
343 686 987495841
343 687 777148477
344 688 815437261
344 689 778490214
345 690 445256580
345 691 205647890
346 692 530766567
346 693 657676320
347 694 108920882
347 695 74952630
348 696 144856399
348 697 936944002
349 698 372293004
349 699 553760433
350 700 91499411
350 701 132260949
351 702 639254926
351 703 687711384
352 704 127449627
352 705 753695629
353 706 362988978
353 707 593811816
354 708 770052962
354 709 536416356
355 710 888971041
355 711 868651793
356 712 390024301
356 713 864706939
357 714 655344911
357 715 422421287
358 716 886217545
358 717 886888034
359 718 867992633
359 719 429322992
360 720 393305681
360 721 779342036
361 722 261826932
361 723 77696803
362 724 134641763
362 725 258928807
363 726 485362592
363 727 433813173
364 728 272376801
364 729 464547148
365 730 867626722
365 731 559430439
366 732 741853392
366 733 304755081
367 734 68067189
367 735 158092793
368 736 350447567
368 737 986847365
369 738 812967079
369 739 976965711
370 740 789008320
370 741 845628941
371 742 64580041
371 743 514176677
372 744 462272976
372 745 760592123
373 746 370905547
373 747 190791144
374 748 849996335
374 749 557127839
375 750 994074040
375 751 525482696
376 752 679267753
376 753 584743849
377 754 766178700
377 755 989309241
378 756 755319478
378 757 285897340
379 758 435151466
379 759 965282730
380 760 299419302
380 761 926218489
381 762 152119577
381 763 775478222
382 764 743388045
382 765 177842730
383 766 285227670
383 767 852219504
384 768 395840493
384 769 503148676
385 770 391099603
385 771 820783805
386 772 816309019
386 773 717398952
387 774 141855102
387 775 163844204
388 776 589163129
388 777 458416477
389 778 44450301
389 779 239130630
390 780 892518020
390 781 429367271
391 782 628577070
391 783 231370656
392 784 170790253
392 785 374353726
393 786 681367304
393 787 440339043
394 788 178790662
394 789 829769467
395 790 489914263
395 791 582063389
396 792 416258401
396 793 126663190
397 794 623753132
397 795 711987333
398 796 482739225
398 797 496863804
399 798 50200630
399 799 793626698
400 800 340159135
400 801 335637236
401 802 28759301
401 803 914216014
402 804 885530806
402 805 40518675
403 806 351491210
403 807 804427253
404 808 917297973
404 809 92978311
405 810 374828878
405 811 837388265
406 812 168085064
406 813 151061153
407 814 283587893
407 815 589887001
408 816 450037519
408 817 719144884
409 818 782531210
409 819 843260537
410 820 841365649
410 821 486518337
411 822 187819961
411 823 629203671
412 824 35874415
412 825 461558703
413 826 941375002
413 827 451945187
414 828 482388483
414 829 507540732
415 830 414090359
415 831 768131636
416 832 647890300
416 833 408288648
417 834 293743885
417 835 797193841
418 836 575436238
418 837 519512320
419 838 810034083
419 839 647531433
420 840 670544067
420 841 53354025
421 842 302207801
421 843 316932957
422 844 525370564
422 845 912102702
423 846 490791334
423 847 378838344
424 848 89646788
424 849 808695444
425 850 468074817
425 851 325675148
426 852 186361301
426 853 380402442
427 854 807200866
427 855 870947149
428 856 439519927
428 857 902150956
429 858 622711939
429 859 225811367
430 860 205909206
430 861 259183697
431 862 308342912
431 863 409989866
432 864 73706621
432 865 127294159
433 866 494135190
433 867 303960545
434 868 637000591
434 869 346302399
435 870 350841853
435 871 953976073
436 872 591292750
436 873 804066924
437 874 81330654
437 875 80939622
438 876 871012976
438 877 407389361
439 878 847600486
439 879 672462199
440 880 783430661
440 881 600902442
441 882 116419526
441 883 83057422
442 884 415379490
442 885 453183262
443 886 578610127
443 887 549939687
444 888 987103096
444 889 259209726
445 890 757332887
445 891 428257623
446 892 30769446
446 893 744825340
447 894 904844643
447 895 876576855
448 896 387133767
448 897 501191099
449 898 227998668
449 899 576553087
450 900 227415620
450 901 480301828
451 902 604205833
451 903 251035472
452 904 458180058
452 905 210334195
453 906 822306180
453 907 698175998
454 908 481481085
454 909 491848475
455 910 500629959
455 911 288732453
456 912 192456282
456 913 303597820
457 914 485651706
457 915 135244373
458 916 619001710
458 917 959135393
459 918 420657264
459 919 657973326
460 920 240201268
460 921 475388456
461 922 817971520
461 923 851690358
462 924 880538081
462 925 986781895
463 926 326784663
463 927 240967094
464 928 251561364
464 929 658372835
465 930 556350152
465 931 218614233
466 932 365374859
466 933 488665626
467 934 886687218
467 935 250738601
468 936 815968388
468 937 29870204
469 938 91120991
469 939 669125844
470 940 196421330
470 941 477917344
471 942 25093611
471 943 57113647
472 944 822661124
472 945 927933503
473 946 505236315
473 947 624845376
474 948 692873677
474 949 155814452
475 950 64300655
475 951 399364793
476 952 460719656
476 953 466799107
477 954 961268617
477 955 423622741
478 956 547143850
478 957 169914965
479 958 464294369
479 959 460950638
480 960 320735923
480 961 525890537
481 962 777935465
481 963 436191643
482 964 721869477
482 965 585834947
483 966 570553723
483 967 563309198
484 968 234594062
484 969 708598629
485 970 437868800
485 971 559983569
486 972 62772202
486 973 370458249
487 974 563028342
487 975 526203939
488 976 664402801
488 977 603325368
489 978 909679497
489 979 790753321
490 980 362151933
490 981 499532644
491 982 756890722
491 983 112396219
492 984 420528595
492 985 265188531
493 986 304811185
493 987 193305321
494 988 135061261
494 989 755362846
495 990 289877224
495 991 260695048
496 992 394543639
496 993 572900174
497 994 468444481
497 995 892987113
498 996 714064292
498 997 705562263
499 998 838700656
499 999 702686950
500 1000 134216555
500 1001 716127142
501 1002 529236651
501 1003 594298947
502 1004 132741162
502 1005 217902959
503 1006 829233183
503 1007 310262327
504 1008 114444309
504 1009 851385856
505 1010 15486815
505 1011 366571928
506 1012 671171686
506 1013 617345268
507 1014 713070220
507 1015 946832546
508 1016 615122029
508 1017 140230743
509 1018 644790572
509 1019 73391031
510 1020 733220230
510 1021 50789541
511 1022 671894743
511 1023 328644432
512 1024 612622123
512 1025 684951783
513 1026 130359309
513 1027 544991170
514 1028 279093119
514 1029 928680184
515 1030 303271805
515 1031 494482999
516 1032 222588999
516 1033 546433375
517 1034 298444800
517 1035 445511011
518 1036 758519272
518 1037 910692789
519 1038 390052634
519 1039 743487141
520 1040 78557041
520 1041 709777986
521 1042 690569614
521 1043 998715762
522 1044 839472564
522 1045 967287257
523 1046 763692772
523 1047 708914931
524 1048 375097071
524 1049 42649355
525 1050 70224384
525 1051 462713048
526 1052 891056000
526 1053 19329678
527 1054 383624735
527 1055 548569820
528 1056 631178861
528 1057 183942247
529 1058 50648519
529 1059 283479593
530 1060 533587211
530 1061 893707838
531 1062 837938892
531 1063 996082876
532 1064 153131456
532 1065 131206241
533 1066 863319919
533 1067 970893755
534 1068 177595257
534 1069 185603732
535 1070 979735715
535 1071 400037088
536 1072 967707104
536 1073 244099010
537 1074 609036648
537 1075 729484930
538 1076 293134543
538 1077 38298255
539 1078 341862075
539 1079 248402488
540 1080 333861221
540 1081 156511204
541 1082 726977680
541 1083 839640782
542 1084 607353892
542 1085 192509630
543 1086 798806513
543 1087 317078588
544 1088 934585034
544 1089 332811604
545 1090 256905957
545 1091 948480419
546 1092 392049715
546 1093 868684856
547 1094 102406611
547 1095 54924935
548 1096 681360477
548 1097 470035281
549 1098 408191099
549 1099 985079104
550 1100 825196907
550 1101 67224638
551 1102 770661507
551 1103 181397257
552 1104 269362060
552 1105 396598548
553 1106 954698708
553 1107 804259160
554 1108 944238300
554 1109 812354526
555 1110 341036441
555 1111 856202395
556 1112 990439850
556 1113 628148563
557 1114 33127330
557 1115 450072842
558 1116 316883740
558 1117 350940459
559 1118 102312212
559 1119 576140886
560 1120 829187196
560 1121 427466648
561 1122 439415871
561 1123 490020096
562 1124 763360277
562 1125 158493559
563 1126 294655240
563 1127 732093264
564 1128 598349893
564 1129 210064464
565 1130 14241146
565 1131 497509125
566 1132 209651675
566 1133 626977661
567 1134 786180855
567 1135 982592522
568 1136 733888134
568 1137 415070675
569 1138 744490190
569 1139 910092226
570 1140 915642805
570 1141 421292071
571 1142 539354292
571 1143 368603979
572 1144 110853036
572 1145 122241558
573 1146 382442920
573 1147 645704872
574 1148 586904322
574 1149 847858666
575 1150 287620703
575 1151 347039768
576 1152 470669183
576 1153 731839645
577 1154 752419049
577 1155 455371034
578 1156 826088603
578 1157 589887108
579 1158 382210632
579 1159 614134668
580 1160 710424077
580 1161 35657735
581 1162 858982898
581 1163 155580735
582 1164 819121913
582 1165 185319501
583 1166 850780759
583 1167 919710725
584 1168 377891515
584 1169 103786595
585 1170 971642409
585 1171 36796619
586 1172 765637651
586 1173 758770801
587 1174 687684207
587 1175 790106639
588 1176 158423260
588 1177 124410568
589 1178 73237591
589 1179 960225033
590 1180 524796655
590 1181 787008840
591 1182 654556366
591 1183 824585336
592 1184 859333625
592 1185 185240588
593 1186 185315263
593 1187 606506462
594 1188 56804661
594 1189 138562413
595 1190 979325634
595 1191 28029219
596 1192 862061574
596 1193 96893808
597 1194 661404367
597 1195 550396991
598 1196 405615282
598 1197 757049248
599 1198 142316059
599 1199 540467372
600 1200 294929485
600 1201 515423045
601 1202 746814540
601 1203 975303456
602 1204 972565532
602 1205 988419477
603 1206 125346463
603 1207 639074365
604 1208 134135438
604 1209 928030441
605 1210 249926080
605 1211 306459405
606 1212 82866325
606 1213 654135351
607 1214 406069396
607 1215 344795838
608 1216 255039322
608 1217 791543312
609 1218 48974958
609 1219 124383999
610 1220 913681175
610 1221 514080864
611 1222 533550609
611 1223 59022197
612 1224 679765445
612 1225 830352470
613 1226 168630726
613 1227 726597931
614 1228 999567065
614 1229 544339768
615 1230 418237543
615 1231 371677671
616 1232 588143376
616 1233 68549838
617 1234 803430704
617 1235 745561211
618 1236 993436712
618 1237 679119024
619 1238 748690036
619 1239 975678893
620 1240 736117741
620 1241 913450518
621 1242 948508478
621 1243 521068212
622 1244 24122256
622 1245 318231807
623 1246 430795375
623 1247 461173900
624 1248 347175558
624 1249 762347675
625 1250 594263478
625 1251 706925786
626 1252 903654816
626 1253 704002942
627 1254 308030267
627 1255 708810152
628 1256 505900227
628 1257 367609607
629 1258 680089406
629 1259 396942466
630 1260 964689042
630 1261 856589711
631 1262 468246835
631 1263 79713737
632 1264 813354746
632 1265 612365150
633 1266 480295959
633 1267 830703458
634 1268 356247343
634 1269 634140917
635 1270 801527617
635 1271 260066766
636 1272 703901158
636 1273 560118978
637 1274 321646471
637 1275 616987434
638 1276 94357956
638 1277 373663724
639 1278 963068164
639 1279 448601180
640 1280 137804179
640 1281 166508610
641 1282 813719670
641 1283 620189560
642 1284 324879290
642 1285 569384356
643 1286 650585941
643 1287 48870828
644 1288 203703564
644 1289 402545841
645 1290 76474899
645 1291 253619584
646 1292 947055279
646 1293 886742828
647 1294 667522655
647 1295 244260239
648 1296 387280509
648 1297 906069563
649 1298 216736059
649 1299 223962680
650 1300 21472328
650 1301 417310270
651 1302 316100058
651 1303 881376306
652 1304 785891118
652 1305 646522354
653 1306 517859508
653 1307 919296986
654 1308 396392651
654 1309 233759500
655 1310 39096242
655 1311 930993015
656 1312 484417683
656 1313 706994862
657 1314 973136196
657 1315 569467502
658 1316 798097397
658 1317 408851853
659 1318 736249312
659 1319 23774956
660 1320 636167445
660 1321 455047595
661 1322 860078388
661 1323 247666797
662 1324 414566727
662 1325 767003706
663 1326 842599747
663 1327 97048442
664 1328 843537370
664 1329 441040438
665 1330 164589138
665 1331 365063972
666 1332 822683016
666 1333 377747615
667 1334 715958074
667 1335 283698655
668 1336 660359917
668 1337 875007804
669 1338 650103554
669 1339 330330673
670 1340 83162787
670 1341 973454785
671 1342 588902408
671 1343 330938644
672 1344 82848056
672 1345 591080031
673 1346 5245714
673 1347 128249281
674 1348 60420756
674 1349 958368906
675 1350 409599729
675 1351 375617422
676 1352 651958923
676 1353 823510122
677 1354 802450089
677 1355 935789590
678 1356 150910128
678 1357 660578211
679 1358 124110153
679 1359 970679590
680 1360 648050206
680 1361 524736834
681 1362 929056622
681 1363 877769821
682 1364 112739422
682 1365 754661692
683 1366 844954583
683 1367 44022561
684 1368 926127652
684 1369 417706615
685 1370 196224150
685 1371 61374236
686 1372 289864098
686 1373 1031064
687 1374 753961602
687 1375 584746872
688 1376 314960543
688 1377 827399637
689 1378 784113073
689 1379 343111742
690 1380 264925067
690 1381 896959073
691 1382 284726325
691 1383 509007780
692 1384 16501258
692 1385 575039258
693 1386 82604702
693 1387 669496490
694 1388 198054051
694 1389 319117267
695 1390 678877172
695 1391 164269282
696 1392 680213029
696 1393 43503288
697 1394 992956961
697 1395 160833459
698 1396 483186648
698 1397 228515717
699 1398 278741764
699 1399 716218609
700 1400 966879437
700 1401 737965548
701 1402 196875117
701 1403 540472544
702 1404 775457757
702 1405 461190622
703 1406 402690403
703 1407 841784637
704 1408 205850461
704 1409 355376671
705 1410 607927420
705 1411 982871781
706 1412 921051403
706 1413 236605279
707 1414 522183863
707 1415 864768073
708 1416 700909093
708 1417 199623280
709 1418 85501134
709 1419 498054722
710 1420 40394405
710 1421 550825439
711 1422 881086416
711 1423 891340702
712 1424 380554856
712 1425 886984345
713 1426 342994359
713 1427 705070948
714 1428 37803649
714 1429 275498963
715 1430 32926260
715 1431 452083809
716 1432 135469659
716 1433 361109230
717 1434 682582356
717 1435 201684004
718 1436 526923659
718 1437 664378655
719 1438 621487607
719 1439 923479831
720 1440 204277692
720 1441 251448330
721 1442 581055297
721 1443 450259538
722 1444 352283733
722 1445 306199527
723 1446 93824587
723 1447 342890785
724 1448 185838136
724 1449 77898469
725 1450 960125096
725 1451 422189002
726 1452 243304268
726 1453 672812747
727 1454 987935226
727 1455 66777325
728 1456 974253751
728 1457 603579496
729 1458 271382097
729 1459 550621436
730 1460 159830864
730 1461 741541100
731 1462 515770956
731 1463 75472884
732 1464 892759707
732 1465 907661675
733 1466 323382207
733 1467 372137057
734 1468 687413629
734 1469 907482753
735 1470 537980003
735 1471 298732379
736 1472 914902153
736 1473 66336475
737 1474 466647091
737 1475 989452077
738 1476 898491632
738 1477 526600400
739 1478 83799288
739 1479 143455340
740 1480 768408685
740 1481 793507182
741 1482 929890210
741 1483 652788516
742 1484 415434492
742 1485 625623484
743 1486 528007025
743 1487 433301964
744 1488 691719745
744 1489 541114322
745 1490 484521343
745 1491 418987310
746 1492 803035057
746 1493 760202758
747 1494 297076979
747 1495 921064990
748 1496 885034901
748 1497 953986486
749 1498 768235110
749 1499 711202742
750 1500 253843243
750 1501 277525331
751 1502 230500762
751 1503 277042266
752 1504 960653864
752 1505 801565598
753 1506 993457236
753 1507 435014635
754 1508 592345957
754 1509 860274928
755 1510 57241124
755 1511 668032559
756 1512 279550019
756 1513 886101832
757 1514 247576985
757 1515 400942428
758 1516 938717950
758 1517 235001062
759 1518 226182960
759 1519 649740681
760 1520 628944469
760 1521 597014138
761 1522 586629206
761 1523 901612351
762 1524 520215405
762 1525 685631670
763 1526 460194774
763 1527 663422587
764 1528 531813231
764 1529 958260680
765 1530 144438499
765 1531 560396223
766 1532 828623807
766 1533 946732181
767 1534 273563233
767 1535 393534213
768 1536 511302146
768 1537 594213016
769 1538 457611121
769 1539 820503557
770 1540 807022078
770 1541 768774115
771 1542 768173333
771 1543 526958116
772 1544 28303295
772 1545 138599505
773 1546 948068880
773 1547 333219614
774 1548 51167876
774 1549 991067424
775 1550 578048161
775 1551 591352644
776 1552 163189798
776 1553 946892058
777 1554 428775812
777 1555 495434386
778 1556 998555707
778 1557 623553941
779 1558 748566687
779 1559 252171212
780 1560 165330077
780 1561 299643919
781 1562 439715543
781 1563 950709146
782 1564 405026590
782 1565 151366702
783 1566 72798745
783 1567 84968364
784 1568 480581261
784 1569 817842675
785 1570 958066237
785 1571 796524553
786 1572 540018735
786 1573 205712241
787 1574 584069812
787 1575 907797578
788 1576 220527000
788 1577 748825456
789 1578 327399257
789 1579 854792020
790 1580 521465141
790 1581 11038620
791 1582 898496998
791 1583 206845691
792 1584 97430097
792 1585 85177777
793 1586 159904407
793 1587 631927482
794 1588 299538896
794 1589 41582711
795 1590 289739094
795 1591 281257889
796 1592 805044054
796 1593 646815545
797 1594 329333201
797 1595 350851721
798 1596 208340250
798 1597 549710859
799 1598 3024944
799 1599 241327998
800 1600 280434469
800 1601 965038790
801 1602 985179211
801 1603 724565209
802 1604 496006155
802 1605 107860272
803 1606 23140538
803 1607 854819735
804 1608 280065473
804 1609 719586100
805 1610 587618468
805 1611 84703532
806 1612 827896816
806 1613 293351314
807 1614 325381114
807 1615 64979284
808 1616 495305552
808 1617 48299944
809 1618 264014576
809 1619 630210601
810 1620 756914661
810 1621 692476768
811 1622 76184373
811 1623 560667912
812 1624 922724317
812 1625 713177856
813 1626 594545806
813 1627 157551118
814 1628 795472657
814 1629 385873328
815 1630 401629758
815 1631 480108648
816 1632 461872077
816 1633 164709371
817 1634 808302306
817 1635 524159464
818 1636 361556973
818 1637 942765303
819 1638 604170272
819 1639 612450555
820 1640 836241308
820 1641 240193474
821 1642 881053049
821 1643 423973576
822 1644 872764542
822 1645 28946286
823 1646 997705570
823 1647 910777381
824 1648 632642991
824 1649 330487058
825 1650 801878546
825 1651 503423389
826 1652 964630505
826 1653 395193139
827 1654 441016707
827 1655 378211245
828 1656 772453059
828 1657 46515231
829 1658 260662286
829 1659 596667452
830 1660 771682725
830 1661 805506708
831 1662 257125441
831 1663 184395541
832 1664 79375138
832 1665 364749392
833 1666 944551211
833 1667 813767421
834 1668 50148387
834 1669 847821024
835 1670 459453736
835 1671 276055071
836 1672 674902663
836 1673 786709583
837 1674 298816418
837 1675 796267399
838 1676 139019644
838 1677 994726695
839 1678 748351608
839 1679 914074786
840 1680 224949627
840 1681 980681111
841 1682 260972348
841 1683 57734664
842 1684 95590639
842 1685 914620091
843 1686 581846218
843 1687 386412105
844 1688 77733249
844 1689 544970691
845 1690 829150262
845 1691 172668228
846 1692 909865406
846 1693 721481925
847 1694 835339757
847 1695 216730317
848 1696 626505057
848 1697 549261969
849 1698 491277441
849 1699 761556136
850 1700 70413873
850 1701 896093021
851 1702 11188231
851 1703 315169632
852 1704 454408689
852 1705 323214644
853 1706 776166982
853 1707 162496308
854 1708 832759602
854 1709 550071731
855 1710 592526388
855 1711 38140837
856 1712 407755354
856 1713 750153362
857 1714 250681209
857 1715 358611360
858 1716 274133333
858 1717 805693114
859 1718 842967699
859 1719 364788487
860 1720 551408658
860 1721 391109122
861 1722 100994207
861 1723 490092470
862 1724 634518277
862 1725 153308343
863 1726 335404970
863 1727 906860766
864 1728 123792593
864 1729 101659778
865 1730 13896388
865 1731 267703020
866 1732 10064351
866 1733 112255692
867 1734 225345570
867 1735 739058866
868 1736 616332559
868 1737 982542761
869 1738 79291473
869 1739 663719025
870 1740 642488354
870 1741 573641756
871 1742 744590557
871 1743 951607751
872 1744 151048995
872 1745 506877764
873 1746 405094669
873 1747 707098231
874 1748 934783478
874 1749 915446330
875 1750 827809630
875 1751 931059606
876 1752 267420081
876 1753 416444842
877 1754 950079920
877 1755 623109924
878 1756 821313536
878 1757 371545604
879 1758 578681238
879 1759 57524965
880 1760 487769616
880 1761 645822643
881 1762 362571736
881 1763 267825585
882 1764 543954125
882 1765 230346040
883 1766 176062129
883 1767 392953296
884 1768 256990172
884 1769 534831333
885 1770 929059775
885 1771 897707003
886 1772 550261251
886 1773 705759407
887 1774 350955571
887 1775 169202104
888 1776 691260756
888 1777 926033895
889 1778 885609563
889 1779 929217436
890 1780 14485396
890 1781 261108908
891 1782 403257652
891 1783 815436025
892 1784 573429344
892 1785 214224751
893 1786 60980615
893 1787 994049774
894 1788 719435526
894 1789 941439281
895 1790 338340829
895 1791 582598571
896 1792 85851893
896 1793 463488476
897 1794 432411858
897 1795 869938499
898 1796 111969148
898 1797 522592560
899 1798 972216434
899 1799 888606179
900 1800 920545755
900 1801 629499119
901 1802 483131838
901 1803 588137654
902 1804 187604027
902 1805 706928782
903 1806 814800616
903 1807 648406680
904 1808 815754912
904 1809 405523221
905 1810 702837231
905 1811 631288108
906 1812 728790720
906 1813 443885375
907 1814 99576899
907 1815 705399686
908 1816 532777812
908 1817 444247164
909 1818 467200804
909 1819 161019163
910 1820 67941001
910 1821 159004261
911 1822 922959970
911 1823 472398500
912 1824 475640787
912 1825 648614213
913 1826 210680752
913 1827 646335379
914 1828 849708809
914 1829 964744895
915 1830 255400714
915 1831 765255023
916 1832 429398400
916 1833 483500600
917 1834 399639089
917 1835 969580207
918 1836 667930209
918 1837 479827220
919 1838 670074954
919 1839 68553137
920 1840 27140710
920 1841 989255796
921 1842 670754941
921 1843 769585122
922 1844 841391006
922 1845 842863116
923 1846 647230259
923 1847 397424673
924 1848 203649041
924 1849 817810192
925 1850 388574945
925 1851 744478335
926 1852 831704876
926 1853 44051642
927 1854 628920461
927 1855 886084410
928 1856 438305120
928 1857 758420627
929 1858 808326935
929 1859 7036614
930 1860 803593141
930 1861 315574318
931 1862 992505975
931 1863 146915266
932 1864 704118793
932 1865 504893530
933 1866 449834316
933 1867 562881123
934 1868 864387850
934 1869 576219674
935 1870 21659857
935 1871 121428455
936 1872 779696120
936 1873 785549943
937 1874 504498275
937 1875 479236360
938 1876 73474357
938 1877 913641877
939 1878 473936419
939 1879 854345958
940 1880 674371392
940 1881 396944642
941 1882 49438020
941 1883 607813567
942 1884 420271603
942 1885 790797554
943 1886 895359205
943 1887 531525459
944 1888 229549425
944 1889 4373847
945 1890 960202065
945 1891 710735055
946 1892 975231338
946 1893 344421742
947 1894 278043252
947 1895 470720087
948 1896 9080016
948 1897 54537444
949 1898 924897765
949 1899 935814254
950 1900 376003795
950 1901 93902404
951 1902 575073639
951 1903 522668277
952 1904 660025417
952 1905 217512762
953 1906 176395008
953 1907 542488911
954 1908 896516993
954 1909 33771805
955 1910 292142695
955 1911 909326917
956 1912 322049322
956 1913 151753383
957 1914 152667821
957 1915 731324043
958 1916 303860225
958 1917 523629951
959 1918 442738767
959 1919 172763825
960 1920 995225618
960 1921 47029341
961 1922 156100954
961 1923 935243084
962 1924 633646183
962 1925 933722378
963 1926 606159540
963 1927 621117653
964 1928 358058792
964 1929 216249532
965 1930 968916378
965 1931 298131223
966 1932 453903498
966 1933 579011581
967 1934 951558047
967 1935 930550544
968 1936 88100860
968 1937 65550641
969 1938 498389804
969 1939 849515934
970 1940 374148247
970 1941 536968707
971 1942 585627359
971 1943 243254200
972 1944 544093199
972 1945 274818158
973 1946 500789472
973 1947 731038857
974 1948 700266896
974 1949 3663828
975 1950 412741303
975 1951 190241614
976 1952 851290931
976 1953 623477162
977 1954 834490359
977 1955 749215430
978 1956 966025849
978 1957 973458911
979 1958 348939621
979 1959 408899371
980 1960 513303707
980 1961 334125021
981 1962 475941809
981 1963 744584710
982 1964 567082532
982 1965 846155823
983 1966 805571880
983 1967 873311524
984 1968 636283914
984 1969 465472052
985 1970 848725679
985 1971 896650235
986 1972 352716149
986 1973 258971821
987 1974 791507415
987 1975 403563423
988 1976 816842578
988 1977 810807715
989 1978 597322062
989 1979 581720093
990 1980 76105830
990 1981 465984486
991 1982 654454348
991 1983 61853959
992 1984 884733412
992 1985 162060154
993 1986 187257267
993 1987 560579827
994 1988 413701160
994 1989 549491530
995 1990 396880780
995 1991 244029330
996 1992 805046020
996 1993 228231306
997 1994 116123793
997 1995 726307314
998 1996 139786478
998 1997 316262784
999 1998 393131875
999 1999 458358870
1000 2000 625575144
1000 2001 127764573
1001 2002 961256246
1001 2003 46694982
1002 2004 227899616
1002 2005 940029569
1003 2006 639644909
1003 2007 986176717
1004 2008 939887603
1004 2009 170024105
1005 2010 251001979
1005 2011 267789697
1006 2012 616759847
1006 2013 276045770
1007 2014 145878961
1007 2015 325751782
1008 2016 149727455
1008 2017 931071270
1009 2018 123958150
1009 2019 888560623
1010 2020 919523798
1010 2021 164249423
1011 2022 528093488
1011 2023 124602338
1012 2024 561977887
1012 2025 884016703
1013 2026 440956265
1013 2027 981839790
1014 2028 23009675
1014 2029 147055107
1015 2030 623017960
1015 2031 575491663
1016 2032 92144376
1016 2033 502337013
1017 2034 340006074
1017 2035 2546853
1018 2036 619597768
1018 2037 126558893
1019 2038 129287194
1019 2039 738084250
1020 2040 885737420
1020 2041 546757386
1021 2042 924853128
1021 2043 460410775
1022 2044 803441739
1022 2045 349684999
1023 2046 494158212
1023 2047 638343330
1024 2048 605028089
1024 2049 812695189
1025 2050 527774494
1025 2051 7586362
1026 2052 208812570
1026 2053 48701402
1027 2054 474220836
1027 2055 721114044
1028 2056 444221628
1028 2057 338728655
1029 2058 815394543
1029 2059 551095769
1030 2060 715418734
1030 2061 461962031
1031 2062 815603053
1031 2063 253012994
1032 2064 448470399
1032 2065 111439121
1033 2066 858770630
1033 2067 448683112
1034 2068 694745411
1034 2069 928904785
1035 2070 808056728
1035 2071 520659420
1036 2072 503342334
1036 2073 179606660
1037 2074 979562465
1037 2075 468385834
1038 2076 970433165
1038 2077 503138909
1039 2078 774325003
1039 2079 401995743
1040 2080 823214496
1040 2081 399533605
1041 2082 921189743
1041 2083 664515640
1042 2084 605302472
1042 2085 838383556
1043 2086 797022497
1043 2087 71808249
1044 2088 592857949
1044 2089 122405509
1045 2090 897782947
1045 2091 773838474
1046 2092 860215821
1046 2093 388049708
1047 2094 913773228
1047 2095 548397343
1048 2096 633604681
1048 2097 414118841
1049 2098 534110717
1049 2099 42862397
1050 2100 4684447
1050 2101 572997231
1051 2102 162758038
1051 2103 410882960
1052 2104 377680641
1052 2105 216065077
1053 2106 783425720
1053 2107 875234339
1054 2108 505825183
1054 2109 828729700
1055 2110 209991798
1055 2111 776832478
1056 2112 225578326
1056 2113 567156119
1057 2114 704160459
1057 2115 279801667
1058 2116 632267428
1058 2117 714317374
1059 2118 743744927
1059 2119 928400684
1060 2120 897408493
1060 2121 237364102
1061 2122 371484933
1061 2123 314565767
1062 2124 397702999
1062 2125 204828016
1063 2126 589154614
1063 2127 989170134
1064 2128 36781608
1064 2129 387914357
1065 2130 211027576
1065 2131 848931835
1066 2132 890384527
1066 2133 732775170
1067 2134 330025896
1067 2135 40449295
1068 2136 752020834
1068 2137 953083134
1069 2138 78220028
1069 2139 303376828
1070 2140 319184582
1070 2141 929756453
1071 2142 729382997
1071 2143 629889042
1072 2144 420781635
1072 2145 975923815
1073 2146 612537079
1073 2147 948325701
1074 2148 417646880
1074 2149 543762421
1075 2150 373682113
1075 2151 840505800
1076 2152 991304361
1076 2153 63365651
1077 2154 409157294
1077 2155 787485768
1078 2156 330794177
1078 2157 994480730
1079 2158 908181474
1079 2159 392929533
1080 2160 292516824
1080 2161 828503378
1081 2162 160420037
1081 2163 955260659
1082 2164 220092396
1082 2165 178851749
1083 2166 271141034
1083 2167 196561582
1084 2168 201955733
1084 2169 667015597
1085 2170 252923548
1085 2171 618166463
1086 2172 130091948
1086 2173 799084980
1087 2174 532137751
1087 2175 69554961
1088 2176 769426376
1088 2177 540894967
1089 2178 586594805
1089 2179 101243116
1090 2180 739773235
1090 2181 902000008
1091 2182 820136096
1091 2183 744210618
1092 2184 516562093
1092 2185 692264363
1093 2186 134162892
1093 2187 762386217
1094 2188 27654606
1094 2189 272224147
1095 2190 760361605
1095 2191 796853216
1096 2192 57360176
1096 2193 888414700
1097 2194 782041071
1097 2195 157901123
1098 2196 23236862
1098 2197 639489261
1099 2198 616821451
1099 2199 492692725
1100 2200 193009870
1100 2201 465279177
1101 2202 321421329
1101 2203 284178851
1102 2204 423917609
1102 2205 783014809
1103 2206 672690493
1103 2207 259482792
1104 2208 121559325
1104 2209 508573591
1105 2210 647140131
1105 2211 721839018
1106 2212 597338513
1106 2213 759196181
1107 2214 675929219
1107 2215 48412997
1108 2216 774205847
1108 2217 332879558
1109 2218 213522211
1109 2219 601521875
1110 2220 943175394
1110 2221 608028728
1111 2222 599588702
1111 2223 774262775
1112 2224 797637016
1112 2225 450055062
1113 2226 779157508
1113 2227 533036880
1114 2228 748085054
1114 2229 769250985
1115 2230 695278833
1115 2231 290597354
1116 2232 503442866
1116 2233 420853613
1117 2234 85872806
1117 2235 577953198
1118 2236 479342731
1118 2237 858862917
1119 2238 717508963
1119 2239 29537934
1120 2240 383041228
1120 2241 568593549
1121 2242 318714575
1121 2243 993966249
1122 2244 395310897
1122 2245 497660035
1123 2246 944746847
1123 2247 863194697
1124 2248 870554842
1124 2249 953204214
1125 2250 254146864
1125 2251 792570433
1126 2252 203379981
1126 2253 679421249
1127 2254 782034773
1127 2255 81444758
1128 2256 201780185
1128 2257 689645740
1129 2258 985088558
1129 2259 921977337
1130 2260 831821261
1130 2261 330799547
1131 2262 238836833
1131 2263 267644397
1132 2264 652863653
1132 2265 855368916
1133 2266 597256699
1133 2267 746379263
1134 2268 642103731
1134 2269 216830528
1135 2270 980904660
1135 2271 601141999
1136 2272 126797860
1136 2273 862529551
1137 2274 481015842
1137 2275 92624083
1138 2276 474453178
1138 2277 7446690
1139 2278 83076885
1139 2279 923062918
1140 2280 433323712
1140 2281 804584676
1141 2282 347394110
1141 2283 221169199
1142 2284 670049168
1142 2285 504664476
1143 2286 322548286
1143 2287 511920422
1144 2288 880236802
1144 2289 151749068
1145 2290 424472240
1145 2291 567162655
1146 2292 761692329
1146 2293 571498213
1147 2294 796262610
1147 2295 235180405
1148 2296 697611577
1148 2297 807358618
1149 2298 383171538
1149 2299 300028273
1150 2300 320706623
1150 2301 660550411
1151 2302 452883051
1151 2303 168021286
1152 2304 202494971
1152 2305 754802558
1153 2306 352350014
1153 2307 308988139
1154 2308 110512886
1154 2309 848447594
1155 2310 597691888
1155 2311 139237279
1156 2312 632855092
1156 2313 527323641
1157 2314 487679306
1157 2315 18933826
1158 2316 820685205
1158 2317 91283338
1159 2318 699643818
1159 2319 636861625
1160 2320 667813104
1160 2321 240157758
1161 2322 631568683
1161 2323 604263847
1162 2324 614636758
1162 2325 434937295
1163 2326 733746381
1163 2327 800302835
1164 2328 847257542
1164 2329 758889220
1165 2330 740089535
1165 2331 65743294
1166 2332 165568380
1166 2333 944647678
1167 2334 88688618
1167 2335 653728665
1168 2336 596156276
1168 2337 423006070
1169 2338 545593952
1169 2339 924700918
1170 2340 64868615
1170 2341 432829831
1171 2342 450141303
1171 2343 21919135
1172 2344 292912971
1172 2345 720247965
1173 2346 650328781
1173 2347 989778419
1174 2348 32226363
1174 2349 166155721
1175 2350 46426219
1175 2351 125446402
1176 2352 869164492
1176 2353 623512487
1177 2354 557155800
1177 2355 713566790
1178 2356 972786454
1178 2357 688231890
1179 2358 12867973
1179 2359 475437200
1180 2360 902031445
1180 2361 71312803
1181 2362 356509348
1181 2363 399314478
1182 2364 460589713
1182 2365 180104956
1183 2366 193101399
1183 2367 302941160
1184 2368 276352547
1184 2369 490330530
1185 2370 162795757
1185 2371 203913918
1186 2372 811952997
1186 2373 389609448
1187 2374 26359489
1187 2375 311637973
1188 2376 92590529
1188 2377 650957207
1189 2378 841529788
1189 2379 211467594
1190 2380 314815468
1190 2381 913261469
1191 2382 534741217
1191 2383 463742335
1192 2384 412902775
1192 2385 518973543
1193 2386 190896454
1193 2387 119712098
1194 2388 460662856
1194 2389 188738197
1195 2390 497732234
1195 2391 418225437
1196 2392 270348937
1196 2393 633055921
1197 2394 518817791
1197 2395 743168668
1198 2396 805511184
1198 2397 771270741
1199 2398 18601992
1199 2399 141113199
1200 2400 922939763
1200 2401 128632796
1201 2402 513820522
1201 2403 347872626
1202 2404 483113299
1202 2405 254994625
1203 2406 132081310
1203 2407 475716816
1204 2408 68251643
1204 2409 281124314
1205 2410 559136659
1205 2411 734238739
1206 2412 36613942
1206 2413 667626960
1207 2414 858315052
1207 2415 339400402
1208 2416 969945994
1208 2417 980552098
1209 2418 943081268
1209 2419 654828954
1210 2420 496177531
1210 2421 574308799
1211 2422 355967219
1211 2423 741260446
1212 2424 488420336
1212 2425 968571300
1213 2426 593819395
1213 2427 789389295
1214 2428 672486224
1214 2429 782565099
1215 2430 336215043
1215 2431 308360099
1216 2432 802373428
1216 2433 97316017
1217 2434 894294026
1217 2435 106841264
1218 2436 10206688
1218 2437 289477631
1219 2438 798190009
1219 2439 503940402
1220 2440 11672389
1220 2441 511768268
1221 2442 404056201
1221 2443 135417378
1222 2444 559661777
1222 2445 442643847
1223 2446 821131449
1223 2447 594581228
1224 2448 709655809
1224 2449 151437576
1225 2450 301107862
1225 2451 652391702
1226 2452 828130568
1226 2453 472553264
1227 2454 157610316
1227 2455 422635085
1228 2456 207203415
1228 2457 467691075
1229 2458 783987111
1229 2459 170739900
1230 2460 895649512
1230 2461 547366933
1231 2462 404573450
1231 2463 109485512
1232 2464 206338046
1232 2465 535063981
1233 2466 717124087
1233 2467 144163956
1234 2468 259301923
1234 2469 750337087
1235 2470 395873797
1235 2471 129627140
1236 2472 105999892
1236 2473 875941768
1237 2474 924187944
1237 2475 70676303
1238 2476 308251037
1238 2477 240599613
1239 2478 149637046
1239 2479 892076627
1240 2480 811685986
1240 2481 175263307
1241 2482 75340246
1241 2483 179970933
1242 2484 807588147
1242 2485 296287584
1243 2486 853322698
1243 2487 197600473
1244 2488 418437872
1244 2489 712517224
1245 2490 155693677
1245 2491 500328904
1246 2492 687813334
1246 2493 517747074
1247 2494 551282174
1247 2495 444288314
1248 2496 441051636
1248 2497 400688336
1249 2498 369194906
1249 2499 246182474
1250 2500 674968875
1250 2501 148161802
1251 2502 359304528
1251 2503 996064358
1252 2504 412934722
1252 2505 84659982
1253 2506 861682810
1253 2507 906389625
1254 2508 601321691
1254 2509 863364438
1255 2510 173282591
1255 2511 635729906
1256 2512 528640024
1256 2513 918720110
1257 2514 591759013
1257 2515 953579793
1258 2516 672399690
1258 2517 429531077
1259 2518 742522156
1259 2519 106190138
1260 2520 95666916
1260 2521 691898756
1261 2522 317915349
1261 2523 304826398
1262 2524 558551529
1262 2525 755604001
1263 2526 837283676
1263 2527 582233928
1264 2528 941534157
1264 2529 242331878
1265 2530 148919339
1265 2531 175984771
1266 2532 515884902
1266 2533 539572475
1267 2534 640375863
1267 2535 701852833
1268 2536 417125147
1268 2537 178483359
1269 2538 158085086
1269 2539 771756492
1270 2540 564448130
1270 2541 489359129
1271 2542 595003306
1271 2543 751778411
1272 2544 726412655
1272 2545 354567080
1273 2546 576998933
1273 2547 490393010
1274 2548 344368255
1274 2549 399148656
1275 2550 235108356
1275 2551 742877057
1276 2552 966978103
1276 2553 466198424
1277 2554 270118164
1277 2555 278935997
1278 2556 408327271
1278 2557 342526846
1279 2558 657985896
1279 2559 985402392
1280 2560 597698298
1280 2561 984036984
1281 2562 590888562
1281 2563 572111713
1282 2564 778788272
1282 2565 956552615
1283 2566 73253461
1283 2567 626403594
1284 2568 447447951
1284 2569 691483987
1285 2570 100465450
1285 2571 139748659
1286 2572 616073873
1286 2573 862604320
1287 2574 918843324
1287 2575 766233674
1288 2576 405982554
1288 2577 754557952
1289 2578 947136958
1289 2579 246136994
1290 2580 866638637
1290 2581 930713553
1291 2582 137288520
1291 2583 196786485
1292 2584 585910293
1292 2585 963045737
1293 2586 944695953
1293 2587 912371811
1294 2588 991903448
1294 2589 328186600
1295 2590 988521153
1295 2591 729738179
1296 2592 628842474
1296 2593 953204335
1297 2594 312880810
1297 2595 126430594
1298 2596 733916193
1298 2597 686216490
1299 2598 942640499
1299 2599 304285692
1300 2600 346817330
1300 2601 103400391
1301 2602 930412198
1301 2603 867986784
1302 2604 200153629
1302 2605 785417100
1303 2606 483491599
1303 2607 65430401
1304 2608 869139661
1304 2609 815314982
1305 2610 167956983
1305 2611 140700597
1306 2612 858383603
1306 2613 853674919
1307 2614 114225193
1307 2615 771842439
1308 2616 650102249
1308 2617 798746990
1309 2618 119875031
1309 2619 686062951
1310 2620 54930210
1310 2621 395785877
1311 2622 521844186
1311 2623 785653431
1312 2624 864242219
1312 2625 389961559
1313 2626 178884414
1313 2627 382790431
1314 2628 544678950
1314 2629 307661810
1315 2630 693079015
1315 2631 339755770
1316 2632 413868281
1316 2633 358811213
1317 2634 775215981
1317 2635 724963582
1318 2636 728705388
1318 2637 32058661
1319 2638 438814482
1319 2639 807677689
1320 2640 332003217
1320 2641 921999671
1321 2642 971578095
1321 2643 281659861
1322 2644 491666148
1322 2645 751487617
1323 2646 824222324
1323 2647 162613667
1324 2648 161471778
1324 2649 93618746
1325 2650 403595011
1325 2651 271844282
1326 2652 412666193
1326 2653 605563243
1327 2654 356177240
1327 2655 670902727
1328 2656 974500061
1328 2657 429585700
1329 2658 653807922
1329 2659 67491457
1330 2660 410987636
1330 2661 586523704
1331 2662 246210836
1331 2663 172158034
1332 2664 514186429
1332 2665 282275370
1333 2666 478895664
1333 2667 973135540
1334 2668 892553338
1334 2669 412355605
1335 2670 523670215
1335 2671 377957991
1336 2672 730529319
1336 2673 217707168
1337 2674 200302793
1337 2675 640916468
1338 2676 339501971
1338 2677 743969585
1339 2678 232638298
1339 2679 650726337
1340 2680 905111281
1340 2681 501572236
1341 2682 766736407
1341 2683 303140376
1342 2684 471879459
1342 2685 257374208
1343 2686 330816111
1343 2687 297619530
1344 2688 568551861
1344 2689 733545758
1345 2690 794882183
1345 2691 544298993
1346 2692 463550478
1346 2693 324436933
1347 2694 961770933
1347 2695 125581402
1348 2696 93931293
1348 2697 801887141
1349 2698 831358048
1349 2699 611061056
1350 2700 850930446
1350 2701 582798729
1351 2702 962857833
1351 2703 28919054
1352 2704 461334807
1352 2705 836965117
1353 2706 224615427
1353 2707 842445964
1354 2708 68157990
1354 2709 815136323
1355 2710 280198632
1355 2711 316074152
1356 2712 805578813
1356 2713 122726009
1357 2714 454662303
1357 2715 946240566
1358 2716 217315426
1358 2717 843739176
1359 2718 386900069
1359 2719 207727929
1360 2720 161393610
1360 2721 656968297
1361 2722 19258291
1361 2723 928972273
1362 2724 370849646
1362 2725 108392729
1363 2726 246536379
1363 2727 397309144
1364 2728 308072384
1364 2729 538699384
1365 2730 931772956
1365 2731 555310665
1366 2732 696615459
1366 2733 543023481
1367 2734 711261126
1367 2735 247355964
1368 2736 523942713
1368 2737 623979697
1369 2738 136996201
1369 2739 580684104
1370 2740 203282454
1370 2741 460151395
1371 2742 247047141
1371 2743 369926039
1372 2744 776188712
1372 2745 629206238
1373 2746 533302095
1373 2747 780397005
1374 2748 202261161
1374 2749 431386289
1375 2750 673498325
1375 2751 638530984
1376 2752 802709750
1376 2753 390448705
1377 2754 144671701
1377 2755 340109239
1378 2756 252320947
1378 2757 23648734
1379 2758 108611967
1379 2759 730045211
1380 2760 847409821
1380 2761 377155034
1381 2762 433427691
1381 2763 975990262
1382 2764 829956375
1382 2765 841767510
1383 2766 553719878
1383 2767 19262300
1384 2768 325196540
1384 2769 378181440
1385 2770 336396032
1385 2771 999937294
1386 2772 763589250
1386 2773 592282135
1387 2774 560407042
1387 2775 262711153
1388 2776 817248699
1388 2777 575184508
1389 2778 5776459
1389 2779 575576120
1390 2780 375207527
1390 2781 442637580
1391 2782 444952314
1391 2783 450632075
1392 2784 608848353
1392 2785 643427461
1393 2786 402449423
1393 2787 961137439
1394 2788 933934468
1394 2789 377506762
1395 2790 5694120
1395 2791 739476496
1396 2792 449202601
1396 2793 799964412
1397 2794 821377728
1397 2795 76422750
1398 2796 431941509
1398 2797 672575502
1399 2798 905906021
1399 2799 15568639
1400 2800 99849908
1400 2801 460603136
1401 2802 701963930
1401 2803 344347314
1402 2804 105850280
1402 2805 251504793
1403 2806 423105603
1403 2807 657560776
1404 2808 738574435
1404 2809 317454051
1405 2810 540273567
1405 2811 156288245
1406 2812 931547372
1406 2813 842364398
1407 2814 710644672
1407 2815 174882751
1408 2816 37159972
1408 2817 100482982
1409 2818 535771027
1409 2819 710422072
1410 2820 579763952
1410 2821 234974701
1411 2822 818517504
1411 2823 774549025
1412 2824 634356565
1412 2825 422462321
1413 2826 19021100
1413 2827 342470051
1414 2828 323182788
1414 2829 658751106
1415 2830 167670872
1415 2831 932224043
1416 2832 466554106
1416 2833 900328287
1417 2834 838245578
1417 2835 851323061
1418 2836 799692140
1418 2837 261720691
1419 2838 419504370
1419 2839 566252953
1420 2840 857621165
1420 2841 400374087
1421 2842 261661814
1421 2843 308773891
1422 2844 33048505
1422 2845 922411716
1423 2846 352741313
1423 2847 69418755
1424 2848 962928517
1424 2849 270981959
1425 2850 120401266
1425 2851 962341208
1426 2852 961118007
1426 2853 609829756
1427 2854 513472486
1427 2855 498460591
1428 2856 150135413
1428 2857 114600877
1429 2858 440471892
1429 2859 109788632
1430 2860 322180904
1430 2861 149428311
1431 2862 127778371
1431 2863 329793902
1432 2864 739613902
1432 2865 915700010
1433 2866 317193443
1433 2867 132046837
1434 2868 322086284
1434 2869 17775825
1435 2870 363023709
1435 2871 151039258
1436 2872 652496633
1436 2873 576891323
1437 2874 996911075
1437 2875 984292614
1438 2876 45829711
1438 2877 995857017
1439 2878 936960277
1439 2879 71342813
1440 2880 366411426
1440 2881 912458179
1441 2882 309712442
1441 2883 93890193
1442 2884 36117943
1442 2885 179786817
1443 2886 54414994
1443 2887 284493021
1444 2888 81026064
1444 2889 519149816
1445 2890 45822720
1445 2891 690901733
1446 2892 939718697
1446 2893 599708594
1447 2894 507378865
1447 2895 353374251
1448 2896 848600720
1448 2897 230321557
1449 2898 612375073
1449 2899 661354738
1450 2900 88658655
1450 2901 962702146
1451 2902 298304310
1451 2903 956451583
1452 2904 911845084
1452 2905 497716538
1453 2906 736659107
1453 2907 140020029
1454 2908 570287400
1454 2909 596575078
1455 2910 501999441
1455 2911 900779080
1456 2912 582605413
1456 2913 726085299
1457 2914 592487192
1457 2915 194969556
1458 2916 846618565
1458 2917 889195685
1459 2918 287235136
1459 2919 575604753
1460 2920 700898805
1460 2921 799530569
1461 2922 411358535
1461 2923 636164880
1462 2924 517679037
1462 2925 129837367
1463 2926 671525302
1463 2927 7256925
1464 2928 381336139
1464 2929 594132222
1465 2930 509431488
1465 2931 536387896
1466 2932 360221558
1466 2933 14178942
1467 2934 445861397
1467 2935 953833292
1468 2936 138166012
1468 2937 971500617
1469 2938 119913297
1469 2939 337705329
1470 2940 674817334
1470 2941 857076623
1471 2942 950676406
1471 2943 610649560
1472 2944 76229884
1472 2945 684527945
1473 2946 785005837
1473 2947 746000365
1474 2948 634001677
1474 2949 750505017
1475 2950 313651443
1475 2951 191429338
1476 2952 636467604
1476 2953 221780353
1477 2954 660805728
1477 2955 358681842
1478 2956 523702510
1478 2957 530749686
1479 2958 549637718
1479 2959 361576238
1480 2960 793381106
1480 2961 219892818
1481 2962 311240682
1481 2963 584966190
1482 2964 103355708
1482 2965 311516698
1483 2966 266137410
1483 2967 158145403
1484 2968 624145145
1484 2969 470189173
1485 2970 985703288
1485 2971 127085166
1486 2972 404836622
1486 2973 297447859
1487 2974 90266624
1487 2975 622462496
1488 2976 280032538
1488 2977 451797881
1489 2978 199126025
1489 2979 982077431
1490 2980 3356841
1490 2981 320074870
1491 2982 5410691
1491 2983 931501958
1492 2984 968901051
1492 2985 78289668
1493 2986 572033138
1493 2987 434757080
1494 2988 898300401
1494 2989 137315670
1495 2990 896801565
1495 2991 749123467
1496 2992 861772481
1496 2993 197598918
1497 2994 325186022
1497 2995 957377955
1498 2996 369507953
1498 2997 78910489
1499 2998 515758008
1499 2999 315689823
1500 3000 10197574
1500 3001 252289233
1501 3002 301219107
1501 3003 943219074
1502 3004 14475153
1502 3005 484047842
1503 3006 963266530
1503 3007 476585049
1504 3008 749157777
1504 3009 610284468
1505 3010 975520599
1505 3011 328393100
1506 3012 786061833
1506 3013 824597623
1507 3014 793020450
1507 3015 715356877
1508 3016 562972923
1508 3017 81821493
1509 3018 950282823
1509 3019 774884857
1510 3020 463781756
1510 3021 3628696
1511 3022 879880069
1511 3023 53707988
1512 3024 664448575
1512 3025 831550298
1513 3026 587087303
1513 3027 28793255
1514 3028 121690161
1514 3029 816843460
1515 3030 38319194
1515 3031 394153698
1516 3032 16755349
1516 3033 229059570
1517 3034 252611337
1517 3035 184889337
1518 3036 105502914
1518 3037 444871342
1519 3038 705332704
1519 3039 392015198
1520 3040 258433709
1520 3041 171291917
1521 3042 72453201
1521 3043 560600850
1522 3044 997490173
1522 3045 993305750
1523 3046 449828363
1523 3047 213340195
1524 3048 946356842
1524 3049 855130855
1525 3050 202857611
1525 3051 29487604
1526 3052 422274341
1526 3053 838864884
1527 3054 745070871
1527 3055 184604910
1528 3056 785033055
1528 3057 988613675
1529 3058 635384838
1529 3059 209368748
1530 3060 124696462
1530 3061 78816865
1531 3062 819507773
1531 3063 780552621
1532 3064 12360915
1532 3065 348502301
1533 3066 812888249
1533 3067 940221136
1534 3068 719004963
1534 3069 24853851
1535 3070 898991952
1535 3071 386726502
1536 3072 489876068
1536 3073 187219220
1537 3074 662319622
1537 3075 915533834
1538 3076 914267213
1538 3077 868193932
1539 3078 360293074
1539 3079 934042726
1540 3080 701741270
1540 3081 613429800
1541 3082 894723449
1541 3083 445916197
1542 3084 424376036
1542 3085 686105033
1543 3086 548715023
1543 3087 329322075
1544 3088 235285954
1544 3089 766126815
1545 3090 592628505
1545 3091 855163116
1546 3092 845065555
1546 3093 126373279
1547 3094 874000603
1547 3095 885312209
1548 3096 735250599
1548 3097 923151419
1549 3098 78852088
1549 3099 860511395
1550 3100 924653813
1550 3101 142122115
1551 3102 719958806
1551 3103 976210965
1552 3104 239340916
1552 3105 152736217
1553 3106 759152641
1553 3107 171581567
1554 3108 513887578
1554 3109 218664439
1555 3110 160941115
1555 3111 48421574
1556 3112 621960372
1556 3113 284704325
1557 3114 202477038
1557 3115 686626965
1558 3116 990998359
1558 3117 403844327
1559 3118 740134864
1559 3119 702641879
1560 3120 235206158
1560 3121 578799578
1561 3122 449869016
1561 3123 281233571
1562 3124 869040308
1562 3125 446560852
1563 3126 951349703
1563 3127 330351950
1564 3128 161556539
1564 3129 759107631
1565 3130 575120394
1565 3131 168480737
1566 3132 546198545
1566 3133 380417952
1567 3134 360346049
1567 3135 649463868
1568 3136 268752434
1568 3137 311824743
1569 3138 611326211
1569 3139 88630689
1570 3140 134028153
1570 3141 193018973
1571 3142 293131559
1571 3143 324973608
1572 3144 63469852
1572 3145 356299556
1573 3146 140027974
1573 3147 19226296
1574 3148 173902576
1574 3149 423010414
1575 3150 307013621
1575 3151 294577637
1576 3152 662071628
1576 3153 659437671
1577 3154 123845988
1577 3155 177216228
1578 3156 489924789
1578 3157 746791951
1579 3158 700850259
1579 3159 441862721
1580 3160 552861911
1580 3161 9282418
1581 3162 42718052
1581 3163 239854708
1582 3164 852968242
1582 3165 985914565
1583 3166 217516370
1583 3167 949643016
1584 3168 289003604
1584 3169 748196499
1585 3170 262298588
1585 3171 104882672
1586 3172 236441793
1586 3173 35835042
1587 3174 612867066
1587 3175 835355019
1588 3176 173994339
1588 3177 788738158
1589 3178 346253339
1589 3179 268963961
1590 3180 822325582
1590 3181 44337736
1591 3182 762986359
1591 3183 726972059
1592 3184 161808178
1592 3185 533412408
1593 3186 179836178
1593 3187 579975808
1594 3188 646212740
1594 3189 822031192
1595 3190 474884273
1595 3191 799475549
1596 3192 145684594
1596 3193 336096797
1597 3194 225505401
1597 3195 675079603
1598 3196 429694972
1598 3197 871656482
1599 3198 176618050
1599 3199 80085510
1600 3200 760538510
1600 3201 941655507
1601 3202 855875581
1601 3203 386778007
1602 3204 870472204
1602 3205 567458960
1603 3206 365666600
1603 3207 417937973
1604 3208 943903636
1604 3209 782145938
1605 3210 650203112
1605 3211 644562135
1606 3212 361282589
1606 3213 158124547
1607 3214 974381066
1607 3215 161503889
1608 3216 981413928
1608 3217 60898814
1609 3218 800294807
1609 3219 142393570
1610 3220 700713206
1610 3221 298133994
1611 3222 367545450
1611 3223 583653258
1612 3224 187036593
1612 3225 472249344
1613 3226 987276361
1613 3227 681051540
1614 3228 558059270
1614 3229 753353020
1615 3230 487847678
1615 3231 124883728
1616 3232 927057131
1616 3233 628815923
1617 3234 114926961
1617 3235 658486756
1618 3236 76709407
1618 3237 805180400
1619 3238 100641632
1619 3239 482821004
1620 3240 303498105
1620 3241 217437810
1621 3242 632013725
1621 3243 125877589
1622 3244 653668610
1622 3245 148429584
1623 3246 458101675
1623 3247 804721386
1624 3248 422103865
1624 3249 116962255
1625 3250 111950859
1625 3251 106273194
1626 3252 249191928
1626 3253 790222912
1627 3254 388249338
1627 3255 775898856
1628 3256 202690576
1628 3257 274624914
1629 3258 174545656
1629 3259 127553970
1630 3260 370759150
1630 3261 282321003
1631 3262 550925969
1631 3263 987297159
1632 3264 375932367
1632 3265 342550850
1633 3266 90109658
1633 3267 274144265
1634 3268 578158071
1634 3269 273231279
1635 3270 529749425
1635 3271 868353869
1636 3272 817606853
1636 3273 832045971
1637 3274 375866683
1637 3275 677016493
1638 3276 851748670
1638 3277 854564364
1639 3278 106586869
1639 3279 887280598
1640 3280 993494453
1640 3281 474435527
1641 3282 149368059
1641 3283 890229572
1642 3284 495628549
1642 3285 996926240
1643 3286 505886411
1643 3287 552956995
1644 3288 736445459
1644 3289 980987700
1645 3290 42078884
1645 3291 845491306
1646 3292 405153082
1646 3293 54984613
1647 3294 995450931
1647 3295 3545040
1648 3296 453778160
1648 3297 928870543
1649 3298 647524920
1649 3299 780780544
1650 3300 61758863
1650 3301 993368096
1651 3302 97969881
1651 3303 626668812
1652 3304 850789579
1652 3305 900640675
1653 3306 707490166
1653 3307 964522800
1654 3308 659114320
1654 3309 426769529
1655 3310 448255776
1655 3311 258191330
1656 3312 146287214
1656 3313 130048345
1657 3314 423149563
1657 3315 484423343
1658 3316 675868563
1658 3317 521127893
1659 3318 636467288
1659 3319 679980589
1660 3320 558795617
1660 3321 440142728
1661 3322 689214876
1661 3323 857928376
1662 3324 473636564
1662 3325 324175843
1663 3326 124396205
1663 3327 93449578
1664 3328 264443850
1664 3329 950962949
1665 3330 651286243
1665 3331 729351430
1666 3332 588036932
1666 3333 962299428
1667 3334 365874431
1667 3335 208266761
1668 3336 490683623
1668 3337 345260843
1669 3338 637580974
1669 3339 101694166
1670 3340 411571241
1670 3341 907516992
1671 3342 795097129
1671 3343 901592052
1672 3344 616680544
1672 3345 627602654
1673 3346 351143869
1673 3347 983621557
1674 3348 37551168
1674 3349 125938389
1675 3350 666240281
1675 3351 822602978
1676 3352 50635813
1676 3353 938321159
1677 3354 993436939
1677 3355 229866184
1678 3356 462462484
1678 3357 735413238
1679 3358 116547332
1679 3359 96180931
1680 3360 5179500
1680 3361 686258828
1681 3362 319479175
1681 3363 152833049
1682 3364 786275805
1682 3365 285803281
1683 3366 979035200
1683 3367 649979171
1684 3368 528715881
1684 3369 97109254
1685 3370 841069964
1685 3371 28046550
1686 3372 70027853
1686 3373 182546595
1687 3374 31518526
1687 3375 387309389
1688 3376 608835043
1688 3377 99888994
1689 3378 699893062
1689 3379 869331262
1690 3380 928150746
1690 3381 782110667
1691 3382 98269284
1691 3383 799795118
1692 3384 794872208
1692 3385 810303290
1693 3386 311908415
1693 3387 238753747
1694 3388 521428621
1694 3389 580410690
1695 3390 408312639
1695 3391 788281757
1696 3392 609571278
1696 3393 349613307
1697 3394 402883030
1697 3395 952307863
1698 3396 922150338
1698 3397 727300206
1699 3398 129622458
1699 3399 216022507
1700 3400 492491594
1700 3401 552106453
1701 3402 585471824
1701 3403 708721243
1702 3404 574488668
1702 3405 542477009
1703 3406 542969413
1703 3407 701900511
1704 3408 480814787
1704 3409 722601043
1705 3410 581909486
1705 3411 20314112
1706 3412 567404409
1706 3413 600920165
1707 3414 19062700
1707 3415 375380751
1708 3416 766118643
1708 3417 927143777
1709 3418 135275626
1709 3419 757735056
1710 3420 493401476
1710 3421 82342701
1711 3422 859655002
1711 3423 208630822
1712 3424 862787368
1712 3425 138878394
1713 3426 135005876
1713 3427 922220494
1714 3428 8300390
1714 3429 779105404
1715 3430 399274573
1715 3431 163980338
1716 3432 118858749
1716 3433 816048909
1717 3434 12242721
1717 3435 186964331
1718 3436 949722445
1718 3437 365405968
1719 3438 714649451
1719 3439 931169698
1720 3440 94354571
1720 3441 737819139
1721 3442 766147456
1721 3443 500759309
1722 3444 443532843
1722 3445 548809369
1723 3446 335248723
1723 3447 867306178
1724 3448 63648981
1724 3449 949403159
1725 3450 734366301
1725 3451 824964253
1726 3452 147774339
1726 3453 575967371
1727 3454 184023489
1727 3455 71680794
1728 3456 492730232
1728 3457 384149758
1729 3458 885162597
1729 3459 570108290
1730 3460 540165342
1730 3461 894194655
1731 3462 148033468
1731 3463 948282959
1732 3464 834562336
1732 3465 43076394
1733 3466 992025163
1733 3467 585804883
1734 3468 916914031
1734 3469 661877720
1735 3470 632249368
1735 3471 563128450
1736 3472 687525187
1736 3473 595185124
1737 3474 50376437
1737 3475 900133717
1738 3476 692902726
1738 3477 58386454
1739 3478 82775314
1739 3479 477697840
1740 3480 445521064
1740 3481 566627459
1741 3482 862018179
1741 3483 609515528
1742 3484 29818374
1742 3485 233328905
1743 3486 267184012
1743 3487 861000054
1744 3488 494499005
1744 3489 838198778
1745 3490 542443313
1745 3491 834349006
1746 3492 139527681
1746 3493 564240178
1747 3494 301258198
1747 3495 340179326
1748 3496 623627950
1748 3497 568824983
1749 3498 977740367
1749 3499 326012610
1750 3500 939855516
1750 3501 217213598
1751 3502 700669543
1751 3503 726254956
1752 3504 923885953
1752 3505 691702641
1753 3506 628429083
1753 3507 335204764
1754 3508 854598560
1754 3509 64157103
1755 3510 965504633
1755 3511 429635213
1756 3512 139504527
1756 3513 277975133
1757 3514 421786895
1757 3515 5111172
1758 3516 414056662
1758 3517 663464259
1759 3518 808107826
1759 3519 828616292
1760 3520 322660747
1760 3521 609087748
1761 3522 458643523
1761 3523 267630485
1762 3524 357289045
1762 3525 774723092
1763 3526 2047401
1763 3527 143703274
1764 3528 796126310
1764 3529 235819662
1765 3530 312149029
1765 3531 402384039
1766 3532 463481275
1766 3533 524368825
1767 3534 316451531
1767 3535 741854452
1768 3536 276210763
1768 3537 327276520
1769 3538 584811975
1769 3539 24467811
1770 3540 749718714
1770 3541 764676833
1771 3542 61277884
1771 3543 695726800
1772 3544 993974429
1772 3545 961554282
1773 3546 715789010
1773 3547 592813386
1774 3548 997956569
1774 3549 529315431
1775 3550 494507864
1775 3551 92670916
1776 3552 473992311
1776 3553 216268539
1777 3554 195349889
1777 3555 762333865
1778 3556 169436994
1778 3557 661971410
1779 3558 154120191
1779 3559 156910695
1780 3560 442941777
1780 3561 618035774
1781 3562 534621192
1781 3563 240686479
1782 3564 933457396
1782 3565 934712788
1783 3566 699266764
1783 3567 513537611
1784 3568 386021579
1784 3569 605435182
1785 3570 938209095
1785 3571 592652633
1786 3572 822159431
1786 3573 791044473
1787 3574 248555754
1787 3575 32090773
1788 3576 292559806
1788 3577 226507631
1789 3578 375601892
1789 3579 662702852
1790 3580 38590936
1790 3581 88589803
1791 3582 288474626
1791 3583 204038027
1792 3584 780819567
1792 3585 95431319
1793 3586 546002435
1793 3587 820820391
1794 3588 217380642
1794 3589 447670459
1795 3590 973117743
1795 3591 957614989
1796 3592 426585598
1796 3593 511156462
1797 3594 425937551
1797 3595 83498361
1798 3596 500759279
1798 3597 960388694
1799 3598 136514295
1799 3599 644867718
1800 3600 961503344
1800 3601 96784045
1801 3602 230932167
1801 3603 320015527
1802 3604 46606052
1802 3605 473196970
1803 3606 499999699
1803 3607 733781350
1804 3608 72040786
1804 3609 53033633
1805 3610 858440193
1805 3611 897489440
1806 3612 424527430
1806 3613 561352774
1807 3614 691172991
1807 3615 773031389
1808 3616 168568343
1808 3617 129581951
1809 3618 380279397
1809 3619 897662436
1810 3620 996132480
1810 3621 774158651
1811 3622 983888267
1811 3623 872396940
1812 3624 310058153
1812 3625 333206226
1813 3626 431813333
1813 3627 871113514
1814 3628 153240722
1814 3629 533441020
1815 3630 432132805
1815 3631 318058243
1816 3632 735136759
1816 3633 227725995
1817 3634 867446006
1817 3635 216029377
1818 3636 798942583
1818 3637 716915810
1819 3638 542934092
1819 3639 798510394
1820 3640 269541053
1820 3641 422559283
1821 3642 940130651
1821 3643 893471204
1822 3644 727263270
1822 3645 319201815
1823 3646 579970256
1823 3647 606279908
1824 3648 998547935
1824 3649 672196958
1825 3650 557151950
1825 3651 892152898
1826 3652 805451584
1826 3653 228555732
1827 3654 281204382
1827 3655 655940136
1828 3656 21389849
1828 3657 70292892
1829 3658 29061026
1829 3659 350617180
1830 3660 460655330
1830 3661 163763698
1831 3662 553651211
1831 3663 154439080
1832 3664 37191383
1832 3665 476298199
1833 3666 221394824
1833 3667 375171395
1834 3668 155645062
1834 3669 310996161
1835 3670 985960330
1835 3671 909297614
1836 3672 14272381
1836 3673 263872304
1837 3674 445062537
1837 3675 153728351
1838 3676 413228939
1838 3677 815979322
1839 3678 407157551
1839 3679 919502618
1840 3680 753800674
1840 3681 355543464
1841 3682 994482271
1841 3683 768914069
1842 3684 364717591
1842 3685 149034391
1843 3686 72261453
1843 3687 980077855
1844 3688 161027721
1844 3689 604904543
1845 3690 319452632
1845 3691 315295777
1846 3692 290838003
1846 3693 823692101
1847 3694 905146132
1847 3695 2028009
1848 3696 244488267
1848 3697 512521696
1849 3698 791763664
1849 3699 700580811
1850 3700 506000780
1850 3701 215308278
1851 3702 769304753
1851 3703 334316700
1852 3704 652672557
1852 3705 170160435
1853 3706 821042614
1853 3707 942263379
1854 3708 726709438
1854 3709 879481075
1855 3710 856336513
1855 3711 728033553
1856 3712 491920404
1856 3713 771205087
1857 3714 921713338
1857 3715 726278186
1858 3716 611526583
1858 3717 240368054
1859 3718 370143659
1859 3719 836165338
1860 3720 444122914
1860 3721 533289405
1861 3722 987648295
1861 3723 978154227
1862 3724 591048468
1862 3725 929819636
1863 3726 525483894
1863 3727 191380162
1864 3728 569910720
1864 3729 181249375
1865 3730 962645993
1865 3731 974006072
1866 3732 216833969
1866 3733 360557089
1867 3734 127952899
1867 3735 703354082
1868 3736 367567874
1868 3737 719517217
1869 3738 668293894
1869 3739 133509426
1870 3740 736973075
1870 3741 172551005
1871 3742 72635085
1871 3743 149275570
1872 3744 497979114
1872 3745 604727839
1873 3746 968373579
1873 3747 86085422
1874 3748 19708838
1874 3749 301754106
1875 3750 865418227
1875 3751 917443749
1876 3752 806845429
1876 3753 536055000
1877 3754 747617841
1877 3755 795871348
1878 3756 897809056
1878 3757 475122316
1879 3758 956062416
1879 3759 892967929
1880 3760 590455177
1880 3761 373651164
1881 3762 483856425
1881 3763 39817350
1882 3764 322253534
1882 3765 440651227
1883 3766 118676003
1883 3767 894806227
1884 3768 816786603
1884 3769 309340929
1885 3770 734882692
1885 3771 518288109
1886 3772 876098785
1886 3773 898191185
1887 3774 436854398
1887 3775 924946995
1888 3776 439230449
1888 3777 633664134
1889 3778 305503718
1889 3779 332729887
1890 3780 139111735
1890 3781 367040983
1891 3782 940996428
1891 3783 471236532
1892 3784 930418327
1892 3785 114586210
1893 3786 891750619
1893 3787 558367059
1894 3788 422100050
1894 3789 960460695
1895 3790 208038196
1895 3791 39087186
1896 3792 789585623
1896 3793 145054299
1897 3794 377015171
1897 3795 676718994
1898 3796 965902830
1898 3797 187055886
1899 3798 779746924
1899 3799 598384233
1900 3800 940218862
1900 3801 324499476
1901 3802 863728423
1901 3803 933070979
1902 3804 605138927
1902 3805 178626119
1903 3806 660457309
1903 3807 586865536
1904 3808 219071604
1904 3809 886852071
1905 3810 280701094
1905 3811 623868412
1906 3812 798470968
1906 3813 136792877
1907 3814 870811155
1907 3815 451842352
1908 3816 325721260
1908 3817 6977159
1909 3818 140759943
1909 3819 42964568
1910 3820 806081619
1910 3821 206076946
1911 3822 279883226
1911 3823 689485269
1912 3824 206630831
1912 3825 20389814
1913 3826 536582227
1913 3827 457606047
1914 3828 984313401
1914 3829 307076369
1915 3830 209766447
1915 3831 749620454
1916 3832 919585207
1916 3833 347903600
1917 3834 11125148
1917 3835 261734020
1918 3836 942690632
1918 3837 848830395
1919 3838 841305624
1919 3839 855338204
1920 3840 114622094
1920 3841 437112644
1921 3842 437476313
1921 3843 410990832
1922 3844 739354927
1922 3845 948092191
1923 3846 156718533
1923 3847 501013774
1924 3848 958751158
1924 3849 139859699
1925 3850 630107562
1925 3851 935218501
1926 3852 912087607
1926 3853 864286513
1927 3854 725283736
1927 3855 34934603
1928 3856 114366717
1928 3857 498291908
1929 3858 553663831
1929 3859 667144849
1930 3860 416858207
1930 3861 922920776
1931 3862 684105452
1931 3863 293698016
1932 3864 531887662
1932 3865 598462008
1933 3866 621593391
1933 3867 587229496
1934 3868 680904397
1934 3869 753523211
1935 3870 281144634
1935 3871 362511013
1936 3872 503933441
1936 3873 383546479
1937 3874 181463532
1937 3875 935335390
1938 3876 402450546
1938 3877 955507819
1939 3878 763696307
1939 3879 455813477
1940 3880 262901562
1940 3881 152799438
1941 3882 256727962
1941 3883 923610680
1942 3884 736945063
1942 3885 654210130
1943 3886 8037606
1943 3887 807047582
1944 3888 107393773
1944 3889 494073861
1945 3890 212404076
1945 3891 572415442
1946 3892 117281405
1946 3893 465282467
1947 3894 81408615
1947 3895 881849555
1948 3896 386795319
1948 3897 80360106
1949 3898 427509936
1949 3899 176287732
1950 3900 599336074
1950 3901 728759916
1951 3902 841518875
1951 3903 913302644
1952 3904 658573871
1952 3905 687635086
1953 3906 481789188
1953 3907 531603467
1954 3908 199044931
1954 3909 966811152
1955 3910 490986775
1955 3911 727540921
1956 3912 478754187
1956 3913 714278085
1957 3914 701354088
1957 3915 834633687
1958 3916 656507380
1958 3917 435187618
1959 3918 559011122
1959 3919 701013099
1960 3920 445589137
1960 3921 612952410
1961 3922 304704263
1961 3923 310216642
1962 3924 71516002
1962 3925 663491713
1963 3926 66168771
1963 3927 325337051
1964 3928 671672084
1964 3929 71186498
1965 3930 188509322
1965 3931 828746918
1966 3932 574053604
1966 3933 7138440
1967 3934 965948864
1967 3935 457219604
1968 3936 130708432
1968 3937 940546884
1969 3938 232442881
1969 3939 935914247
1970 3940 108581460
1970 3941 460244817
1971 3942 267847384
1971 3943 116239367
1972 3944 761919455
1972 3945 853564459
1973 3946 640198874
1973 3947 235212238
1974 3948 910046464
1974 3949 738012222
1975 3950 427851176
1975 3951 471413428
1976 3952 459234505
1976 3953 678544534
1977 3954 828537739
1977 3955 577151782
1978 3956 812171899
1978 3957 904920783
1979 3958 406652969
1979 3959 199945595
1980 3960 912355751
1980 3961 775200733
1981 3962 496079422
1981 3963 591563974
1982 3964 517847399
1982 3965 914433165
1983 3966 95761906
1983 3967 684153894
1984 3968 137071895
1984 3969 33403019
1985 3970 544565778
1985 3971 370098765
1986 3972 229932441
1986 3973 873230688
1987 3974 881735891
1987 3975 432216304
1988 3976 29836160
1988 3977 439913054
1989 3978 362811595
1989 3979 487247021
1990 3980 960293572
1990 3981 71633824
1991 3982 104406772
1991 3983 430575765
1992 3984 581021432
1992 3985 915447168
1993 3986 293772191
1993 3987 276732633
1994 3988 33047313
1994 3989 292563503
1995 3990 672597076
1995 3991 927441454
1996 3992 785530922
1996 3993 212782726
1997 3994 123640535
1997 3995 930536928
1998 3996 294162539
1998 3997 909319681
1999 3998 522939394
1999 3999 810080989
2000 4000 412020118
2000 4001 189916700
2001 4002 971392634
2001 4003 634116103
2002 4004 936939197
2002 4005 238820472
2003 4006 294008183
2003 4007 220125995
2004 4008 346566231
2004 4009 255258560
2005 4010 779922573
2005 4011 613926335
2006 4012 705611271
2006 4013 526567057
2007 4014 884907951
2007 4015 258486342
2008 4016 603512111
2008 4017 253697648
2009 4018 865726375
2009 4019 567087730
2010 4020 129747290
2010 4021 722707058
2011 4022 862807737
2011 4023 838733101
2012 4024 389570524
2012 4025 8130467
2013 4026 505396363
2013 4027 100075410
2014 4028 549100428
2014 4029 369225104
2015 4030 78499075
2015 4031 137791804
2016 4032 303883052
2016 4033 182726675
2017 4034 104054067
2017 4035 968077042
2018 4036 803743960
2018 4037 822398383
2019 4038 42566641
2019 4039 644599754
2020 4040 506048524
2020 4041 289907642
2021 4042 89246533
2021 4043 920232864
2022 4044 265310135
2022 4045 841901115
2023 4046 797513809
2023 4047 112507266
2024 4048 755755721
2024 4049 94342367
2025 4050 196848551
2025 4051 462260923
2026 4052 157223953
2026 4053 543008845
2027 4054 271095682
2027 4055 669628495
2028 4056 737979017
2028 4057 584057720
2029 4058 760398525
2029 4059 874903238
2030 4060 547262097
2030 4061 833163574
2031 4062 368841637
2031 4063 195079654
2032 4064 918840230
2032 4065 335007822
2033 4066 650427281
2033 4067 279551036
2034 4068 297138880
2034 4069 712253449
2035 4070 703738105
2035 4071 119709841
2036 4072 810112177
2036 4073 87383535
2037 4074 336719382
2037 4075 714080222
2038 4076 375227711
2038 4077 23429894
2039 4078 169107673
2039 4079 845101905
2040 4080 419694521
2040 4081 789034017
2041 4082 272431327
2041 4083 404490531
2042 4084 13353903
2042 4085 573338177
2043 4086 373304779
2043 4087 997675886
2044 4088 82974414
2044 4089 886380421
2045 4090 738480015
2045 4091 306412611
2046 4092 336425197
2046 4093 803821288
2047 4094 927728264
2047 4095 596384243
2048 4096 16007388
2048 4097 545119216
2049 4098 943256986
2049 4099 556384261
2050 4100 916163781
2050 4101 243535959
2051 4102 8219669
2051 4103 388787610
2052 4104 482172699
2052 4105 806461722
2053 4106 14691217
2053 4107 42758448
2054 4108 294700741
2054 4109 581162426
2055 4110 118525345
2055 4111 135614414
2056 4112 592043659
2056 4113 463424757
2057 4114 897005737
2057 4115 278932332
2058 4116 440365336
2058 4117 926162477
2059 4118 942895831
2059 4119 448476653
2060 4120 278567488
2060 4121 637514744
2061 4122 671466144
2061 4123 794959538
2062 4124 635167249
2062 4125 151998107
2063 4126 200044730
2063 4127 960782209
2064 4128 477498102
2064 4129 937345869
2065 4130 743186781
2065 4131 406328528
2066 4132 733008640
2066 4133 609129369
2067 4134 147841379
2067 4135 302648998
2068 4136 420087014
2068 4137 215017560
2069 4138 980796299
2069 4139 299964001
2070 4140 481125340
2070 4141 268469925
2071 4142 453024853
2071 4143 584275067
2072 4144 279817618
2072 4145 822406488
2073 4146 831025662
2073 4147 548086401
2074 4148 962620444
2074 4149 737493122
2075 4150 733824646
2075 4151 392246185
2076 4152 278231634
2076 4153 447026539
2077 4154 670177925
2077 4155 926180101
2078 4156 675455140
2078 4157 386595188
2079 4158 942415828
2079 4159 141600097
2080 4160 100066179
2080 4161 866367948
2081 4162 417926422
2081 4163 952437536
2082 4164 470080187
2082 4165 569777648
2083 4166 708029809
2083 4167 149136357
2084 4168 494885618
2084 4169 43609972
2085 4170 195123036
2085 4171 531748373
2086 4172 385934683
2086 4173 621693058
2087 4174 696599937
2087 4175 361194756
2088 4176 622630491
2088 4177 427298999
2089 4178 150651043
2089 4179 916531666
2090 4180 15409408
2090 4181 287543482
2091 4182 835892338
2091 4183 615194296
2092 4184 499449965
2092 4185 474465110
2093 4186 503354408
2093 4187 783754813
2094 4188 140582034
2094 4189 433836294
2095 4190 546086019
2095 4191 619344788
2096 4192 209640615
2096 4193 620147172
2097 4194 945120019
2097 4195 569556691
2098 4196 868658673
2098 4197 40007955
2099 4198 752852220
2099 4199 564945787
2100 4200 729509528
2100 4201 992155726
2101 4202 766475791
2101 4203 674580076
2102 4204 629313381
2102 4205 286729572
2103 4206 361937991
2103 4207 552606166
2104 4208 177262464
2104 4209 211040454
2105 4210 54272135
2105 4211 61849940
2106 4212 524310811
2106 4213 151267010
2107 4214 13932152
2107 4215 586966354
2108 4216 95614073
2108 4217 594529035
2109 4218 948160045
2109 4219 993053941
2110 4220 776913692
2110 4221 194396766
2111 4222 489103689
2111 4223 672605094
2112 4224 578574621
2112 4225 930643156
2113 4226 192673103
2113 4227 353892576
2114 4228 208881854
2114 4229 17131225
2115 4230 341694400
2115 4231 470573606
2116 4232 485601943
2116 4233 479930494
2117 4234 263051422
2117 4235 572694597
2118 4236 985607777
2118 4237 524193111
2119 4238 666495732
2119 4239 968134487
2120 4240 984178518
2120 4241 332908479
2121 4242 11625932
2121 4243 112716385
2122 4244 420193936
2122 4245 345194262
2123 4246 347051290
2123 4247 504623714
2124 4248 708311784
2124 4249 781348056
2125 4250 542187401
2125 4251 71120369
2126 4252 428576128
2126 4253 166523341
2127 4254 842978475
2127 4255 461088078
2128 4256 489095771
2128 4257 659471748
2129 4258 435313467
2129 4259 863134998
2130 4260 731503312
2130 4261 30451314
2131 4262 821954724
2131 4263 507259919
2132 4264 838059538
2132 4265 983892192
2133 4266 622724932
2133 4267 279921559
2134 4268 904624453
2134 4269 630176122
2135 4270 998486377
2135 4271 539139242
2136 4272 291711069
2136 4273 206114053
2137 4274 634370279
2137 4275 90859377
2138 4276 556498820
2138 4277 962917394
2139 4278 547230288
2139 4279 940992749
2140 4280 562728353
2140 4281 894075384
2141 4282 571565589
2141 4283 112423499
2142 4284 366248788
2142 4285 771338341
2143 4286 124367200
2143 4287 213782944
2144 4288 320689173
2144 4289 339952532
2145 4290 69671429
2145 4291 386148991
2146 4292 942823189
2146 4293 577968428
2147 4294 30315401
2147 4295 272939435
2148 4296 909330794
2148 4297 575764358
2149 4298 89904988
2149 4299 860797551
2150 4300 85908497
2150 4301 851470803
2151 4302 205767486
2151 4303 461919327
2152 4304 225546494
2152 4305 57659401
2153 4306 715291832
2153 4307 107386527
2154 4308 506317326
2154 4309 135951655
2155 4310 278501706
2155 4311 465228362
2156 4312 760341020
2156 4313 645192324
2157 4314 966949928
2157 4315 767360081
2158 4316 538805185
2158 4317 877697467
2159 4318 485270299
2159 4319 702601372
2160 4320 657156506
2160 4321 762913662
2161 4322 485686490
2161 4323 703206836
2162 4324 206932776
2162 4325 401657380
2163 4326 296238141
2163 4327 852846176
2164 4328 981584493
2164 4329 540392679
2165 4330 16777412
2165 4331 54369866
2166 4332 996912687
2166 4333 410362957
2167 4334 958046832
2167 4335 374615982
2168 4336 776919305
2168 4337 428039597
2169 4338 766888208
2169 4339 383217827
2170 4340 19696837
2170 4341 5354194
2171 4342 453835427
2171 4343 268128332
2172 4344 514087079
2172 4345 174976371
2173 4346 551954724
2173 4347 546692986
2174 4348 925227740
2174 4349 130130910
2175 4350 615267694
2175 4351 241670354
2176 4352 283415920
2176 4353 664386751
2177 4354 807870310
2177 4355 86500876
2178 4356 716384937
2178 4357 873229704
2179 4358 574523373
2179 4359 753177039
2180 4360 578326140
2180 4361 574976720
2181 4362 758340529
2181 4363 305001140
2182 4364 366407079
2182 4365 167428805
2183 4366 600973384
2183 4367 80231751
2184 4368 502290764
2184 4369 727836796
2185 4370 870951483
2185 4371 672375123
2186 4372 446528303
2186 4373 58210319
2187 4374 491817112
2187 4375 120193429
2188 4376 359867861
2188 4377 606552617
2189 4378 25220929
2189 4379 696773962
2190 4380 952335771
2190 4381 78412326
2191 4382 904496896
2191 4383 278820836
2192 4384 807288097
2192 4385 314507152
2193 4386 255342442
2193 4387 139252886
2194 4388 975539784
2194 4389 839662855
2195 4390 676010465
2195 4391 571236580
2196 4392 621756806
2196 4393 976041135
2197 4394 327842135
2197 4395 515468949
2198 4396 105297416
2198 4397 916948568
2199 4398 404951482
2199 4399 809291424
2200 4400 813221774
2200 4401 429360334
2201 4402 197612877
2201 4403 828070902
2202 4404 29223534
2202 4405 744841863
2203 4406 711977728
2203 4407 304595378
2204 4408 476815545
2204 4409 603679042
2205 4410 600499521
2205 4411 650073211
2206 4412 858177591
2206 4413 84966964
2207 4414 933628829
2207 4415 654247716
2208 4416 600427490
2208 4417 166038962
2209 4418 177865968
2209 4419 472763888
2210 4420 112548671
2210 4421 582901123
2211 4422 622688985
2211 4423 571730189
2212 4424 588475703
2212 4425 636158383
2213 4426 716075992
2213 4427 731628412
2214 4428 31662681
2214 4429 704160176
2215 4430 29068677
2215 4431 813231899
2216 4432 118985548
2216 4433 38208933
2217 4434 476621849
2217 4435 960327862
2218 4436 118080203
2218 4437 263061855
2219 4438 302377730
2219 4439 274953216
2220 4440 93538976
2220 4441 561692166
2221 4442 793961238
2221 4443 343852939
2222 4444 343790574
2222 4445 734275474
2223 4446 685884582
2223 4447 78530941
2224 4448 42816419
2224 4449 747605339
2225 4450 935253127
2225 4451 110815228
2226 4452 393902425
2226 4453 898788875
2227 4454 782637263
2227 4455 628849940
2228 4456 261394254
2228 4457 884200180
2229 4458 723219256
2229 4459 317677405
2230 4460 729485948
2230 4461 832962967
2231 4462 231483750
2231 4463 697330594
2232 4464 723584792
2232 4465 358232926
2233 4466 184200268
2233 4467 562465976
2234 4468 744529722
2234 4469 523658596
2235 4470 179014705
2235 4471 18038902
2236 4472 520610738
2236 4473 194715860
2237 4474 36560490
2237 4475 265504266
2238 4476 787780382
2238 4477 752928474
2239 4478 9165994
2239 4479 308233482
2240 4480 868679007
2240 4481 423743654
2241 4482 770372608
2241 4483 793112734
2242 4484 740807027
2242 4485 286947274
2243 4486 670838311
2243 4487 708103828
2244 4488 169978280
2244 4489 642472930
2245 4490 254482883
2245 4491 604776044
2246 4492 148494
2246 4493 218833198
2247 4494 500220773
2247 4495 889273482
2248 4496 499186652
2248 4497 135827585
2249 4498 718179606
2249 4499 536308886
2250 4500 782741649
2250 4501 5237460
2251 4502 373453037
2251 4503 307498718
2252 4504 174231752
2252 4505 219251305
2253 4506 564004934
2253 4507 264066129
2254 4508 664249781
2254 4509 275933730
2255 4510 668856162
2255 4511 428235004
2256 4512 473527363
2256 4513 708146960
2257 4514 266190005
2257 4515 772165883
2258 4516 455703514
2258 4517 552645345
2259 4518 879624402
2259 4519 14291099
2260 4520 1363902
2260 4521 242611296
2261 4522 691000539
2261 4523 822857232
2262 4524 245046761
2262 4525 419273539
2263 4526 546863711
2263 4527 111375177
2264 4528 507243941
2264 4529 652018470
2265 4530 898982330
2265 4531 912471258
2266 4532 72075628
2266 4533 193311848
2267 4534 547903330
2267 4535 316360031
2268 4536 677730485
2268 4537 667477831
2269 4538 154175675
2269 4539 574582016
2270 4540 164316216
2270 4541 749120759
2271 4542 421686780
2271 4543 876147809
2272 4544 633744221
2272 4545 159178654
2273 4546 913882018
2273 4547 364796734
2274 4548 781035247
2274 4549 640048827
2275 4550 942280290
2275 4551 421785037
2276 4552 858823686
2276 4553 208529248
2277 4554 209584886
2277 4555 427272300
2278 4556 336362808
2278 4557 903456738
2279 4558 295185619
2279 4559 486990509
2280 4560 812681354
2280 4561 403752122
2281 4562 51364439
2281 4563 536649680
2282 4564 303123321
2282 4565 508052533
2283 4566 84332644
2283 4567 523278685
2284 4568 412403546
2284 4569 610839036
2285 4570 304864923
2285 4571 854944855
2286 4572 555691842
2286 4573 448726620
2287 4574 366492298
2287 4575 377968779
2288 4576 4961739
2288 4577 246256667
2289 4578 426790216
2289 4579 892733717
2290 4580 115646262
2290 4581 510066649
2291 4582 652701428
2291 4583 596169425
2292 4584 361224910
2292 4585 900981591
2293 4586 881447215
2293 4587 270622899
2294 4588 143386862
2294 4589 577147036
2295 4590 236059526
2295 4591 635374739
2296 4592 262202615
2296 4593 55480285
2297 4594 904216315
2297 4595 160331026
2298 4596 520831978
2298 4597 298355499
2299 4598 874003263
2299 4599 996329015
2300 4600 370074925
2300 4601 211056404
2301 4602 441651724
2301 4603 775640800
2302 4604 957703304
2302 4605 283606007
2303 4606 439489930
2303 4607 100503613
2304 4608 352384960
2304 4609 61349741
2305 4610 747931636
2305 4611 50174512
2306 4612 30560587
2306 4613 881921709
2307 4614 979495325
2307 4615 468988328
2308 4616 531157438
2308 4617 386877608
2309 4618 964578402
2309 4619 231733466
2310 4620 986930289
2310 4621 686618283
2311 4622 824328093
2311 4623 575727436
2312 4624 623120367
2312 4625 885503447
2313 4626 137123650
2313 4627 595088616
2314 4628 161023695
2314 4629 156561199
2315 4630 215927177
2315 4631 565949192
2316 4632 274320938
2316 4633 712875938
2317 4634 54539399
2317 4635 452149594
2318 4636 410106114
2318 4637 495592082
2319 4638 35198467
2319 4639 652522806
2320 4640 58984857
2320 4641 635206361
2321 4642 608630759
2321 4643 331095263
2322 4644 58182503
2322 4645 688649780
2323 4646 310086872
2323 4647 47357051
2324 4648 743748126
2324 4649 196985216
2325 4650 705333570
2325 4651 639518226
2326 4652 369210295
2326 4653 161991810
2327 4654 568350013
2327 4655 820620907
2328 4656 43744310
2328 4657 97915115
2329 4658 39161279
2329 4659 225202717
2330 4660 469554283
2330 4661 668667990
2331 4662 249375223
2331 4663 131688167
2332 4664 885218661
2332 4665 495705412
2333 4666 385479593
2333 4667 748269253
2334 4668 689975393
2334 4669 172520084
2335 4670 643498422
2335 4671 176715932
2336 4672 689149345
2336 4673 164406883
2337 4674 228135539
2337 4675 97887585
2338 4676 655945117
2338 4677 728552071
2339 4678 256006571
2339 4679 136972976
2340 4680 100313182
2340 4681 234533350
2341 4682 648579276
2341 4683 324541070
2342 4684 713986050
2342 4685 467172260
2343 4686 397420067
2343 4687 653456842
2344 4688 382490634
2344 4689 208500172
2345 4690 898923539
2345 4691 644643426
2346 4692 263349084
2346 4693 56292489
2347 4694 185389222
2347 4695 860940331
2348 4696 164412766
2348 4697 434421130
2349 4698 573118447
2349 4699 385762931
2350 4700 856699416
2350 4701 344491950
2351 4702 326046264
2351 4703 251006808
2352 4704 854932836
2352 4705 868457841
2353 4706 488021042
2353 4707 645354173
2354 4708 778696988
2354 4709 61323283
2355 4710 289292298
2355 4711 497179516
2356 4712 150423398
2356 4713 915632016
2357 4714 521739222
2357 4715 799039401
2358 4716 407671301
2358 4717 850435731
2359 4718 206417301
2359 4719 932330977
2360 4720 301068815
2360 4721 263216396
2361 4722 278841441
2361 4723 923164682
2362 4724 576910646
2362 4725 391408290
2363 4726 950231547
2363 4727 912902049
2364 4728 394023359
2364 4729 738987925
2365 4730 953980940
2365 4731 729971015
2366 4732 106549469
2366 4733 73601594
2367 4734 708000273
2367 4735 784778600
2368 4736 547700263
2368 4737 399130435
2369 4738 405251342
2369 4739 313670901
2370 4740 716316324
2370 4741 891479154
2371 4742 302938838
2371 4743 552772972
2372 4744 233138566
2372 4745 178852096
2373 4746 473212774
2373 4747 520738610
2374 4748 14371501
2374 4749 442557182
2375 4750 855821412
2375 4751 816902083
2376 4752 184439085
2376 4753 854278719
2377 4754 369152566
2377 4755 7300906
2378 4756 209258210
2378 4757 31147120
2379 4758 696691353
2379 4759 596183635
2380 4760 36598161
2380 4761 737777249
2381 4762 829966528
2381 4763 635582519
2382 4764 689773142
2382 4765 917097218
2383 4766 35085221
2383 4767 24452483
2384 4768 552193535
2384 4769 541068210
2385 4770 408268987
2385 4771 562840062
2386 4772 603720325
2386 4773 280635058
2387 4774 359032768
2387 4775 218122842
2388 4776 287019712
2388 4777 720073701
2389 4778 297512920
2389 4779 900771663
2390 4780 647607076
2390 4781 458452156
2391 4782 318410320
2391 4783 923214156
2392 4784 622146529
2392 4785 332277692
2393 4786 522811096
2393 4787 124323236
2394 4788 512844517
2394 4789 517353569
2395 4790 498697262
2395 4791 471890753
2396 4792 764325074
2396 4793 211606596
2397 4794 627718103
2397 4795 336354633
2398 4796 588857614
2398 4797 201204043
2399 4798 16785413
2399 4799 596905920
2400 4800 155061095
2400 4801 506308671
2401 4802 739743017
2401 4803 872811535
2402 4804 766643059
2402 4805 351284090
2403 4806 965569694
2403 4807 867277055
2404 4808 895080553
2404 4809 399046055
2405 4810 903101262
2405 4811 650063675
2406 4812 690143019
2406 4813 695925988
2407 4814 935083305
2407 4815 341894734
2408 4816 604635135
2408 4817 572922725
2409 4818 450364137
2409 4819 455589276
2410 4820 714440847
2410 4821 87861178
2411 4822 498180978
2411 4823 388500116
2412 4824 813406168
2412 4825 375338224
2413 4826 509304557
2413 4827 856802131
2414 4828 787317472
2414 4829 543167748
2415 4830 978411702
2415 4831 778097183
2416 4832 633136308
2416 4833 900845229
2417 4834 402325836
2417 4835 604863862
2418 4836 64741903
2418 4837 802900437
2419 4838 975450711
2419 4839 646400482
2420 4840 956713466
2420 4841 541523393
2421 4842 492762096
2421 4843 609488717
2422 4844 101977474
2422 4845 398780102
2423 4846 331686868
2423 4847 605669144
2424 4848 611236200
2424 4849 246857918
2425 4850 496942461
2425 4851 559126653
2426 4852 578231329
2426 4853 410429020
2427 4854 406440726
2427 4855 890250877
2428 4856 913084212
2428 4857 645865341
2429 4858 799956692
2429 4859 518802492
2430 4860 125308910
2430 4861 797581932
2431 4862 602524047
2431 4863 670200878
2432 4864 557099168
2432 4865 701651524
2433 4866 82331694
2433 4867 22389891
2434 4868 740652466
2434 4869 176174014
2435 4870 784630979
2435 4871 418845080
2436 4872 926455280
2436 4873 947286875
2437 4874 306586584
2437 4875 568578327
2438 4876 888145444
2438 4877 524191362
2439 4878 313203409
2439 4879 935330151
2440 4880 803016190
2440 4881 495125067
2441 4882 407871879
2441 4883 168744664
2442 4884 904860894
2442 4885 81503499
2443 4886 74246760
2443 4887 238966761
2444 4888 773349088
2444 4889 488901383
2445 4890 684681523
2445 4891 96049268
2446 4892 199164140
2446 4893 538797893
2447 4894 96062663
2447 4895 750111689
2448 4896 987126139
2448 4897 652497178
2449 4898 858233258
2449 4899 74875888
2450 4900 841466896
2450 4901 821966179
2451 4902 1468626
2451 4903 416766524
2452 4904 402934548
2452 4905 691419388
2453 4906 730152509
2453 4907 139813643
2454 4908 102039279
2454 4909 658424249
2455 4910 685751213
2455 4911 215310986
2456 4912 629208170
2456 4913 301745576
2457 4914 500651542
2457 4915 454418989
2458 4916 61986229
2458 4917 723726196
2459 4918 30796122
2459 4919 864953932
2460 4920 657695307
2460 4921 356571067
2461 4922 4772105
2461 4923 853376967
2462 4924 225127078
2462 4925 550742702
2463 4926 122535113
2463 4927 584010353
2464 4928 4326341
2464 4929 414271012
2465 4930 12410384
2465 4931 16310208
2466 4932 808737039
2466 4933 168062930
2467 4934 894779980
2467 4935 354660555
2468 4936 180950673
2468 4937 328035135
2469 4938 657704105
2469 4939 161322571
2470 4940 819674167
2470 4941 656897345
2471 4942 258684831
2471 4943 833551988
2472 4944 77192408
2472 4945 600943701
2473 4946 464523867
2473 4947 31728790
2474 4948 166470080
2474 4949 720780450
2475 4950 893650657
2475 4951 743464209
2476 4952 729203184
2476 4953 334282129
2477 4954 84845532
2477 4955 860951610
2478 4956 746452603
2478 4957 161776413
2479 4958 389396322
2479 4959 102705650
2480 4960 454348684
2480 4961 814314975
2481 4962 309021567
2481 4963 746830222
2482 4964 950083320
2482 4965 279781621
2483 4966 811997041
2483 4967 299855253
2484 4968 369358573
2484 4969 840097409
2485 4970 302465041
2485 4971 164473162
2486 4972 415898109
2486 4973 83190584
2487 4974 723675869
2487 4975 717241483
2488 4976 397979747
2488 4977 185965569
2489 4978 619688364
2489 4979 285952233
2490 4980 37306005
2490 4981 65888386
2491 4982 343820504
2491 4983 713670008
2492 4984 233496389
2492 4985 684560457
2493 4986 639874253
2493 4987 260034805
2494 4988 340991725
2494 4989 309297052
2495 4990 943403582
2495 4991 135808914
2496 4992 636963681
2496 4993 610604048
2497 4994 566274795
2497 4995 452026741
2498 4996 142814169
2498 4997 258242935
2499 4998 513267141
2499 4999 890768251
2500 5000 188581315
2500 5001 60583282
2501 5002 869011661
2501 5003 818576681
2502 5004 702065733
2502 5005 342420919
2503 5006 306263802
2503 5007 973589221
2504 5008 921766922
2504 5009 106937723
2505 5010 974035199
2505 5011 88019005
2506 5012 432312369
2506 5013 627371129
2507 5014 62522611
2507 5015 545396792
2508 5016 796096435
2508 5017 956345202
2509 5018 513774684
2509 5019 674814901
2510 5020 315363871
2510 5021 45139282
2511 5022 376798345
2511 5023 240866820
2512 5024 138279264
2512 5025 928007164
2513 5026 578110661
2513 5027 42147637
2514 5028 780772491
2514 5029 948308391
2515 5030 390988947
2515 5031 906144787
2516 5032 434019490
2516 5033 718875354
2517 5034 878668715
2517 5035 116881582
2518 5036 189370866
2518 5037 696259798
2519 5038 187022772
2519 5039 117227724
2520 5040 173032780
2520 5041 450072227
2521 5042 409627879
2521 5043 125685139
2522 5044 826645322
2522 5045 228908493
2523 5046 557330679
2523 5047 446980167
2524 5048 109198079
2524 5049 888448940
2525 5050 343720875
2525 5051 847162690
2526 5052 714746728
2526 5053 694539548
2527 5054 340649669
2527 5055 551957553
2528 5056 856478341
2528 5057 523972323
2529 5058 389494469
2529 5059 634751049
2530 5060 607344036
2530 5061 68747659
2531 5062 699274186
2531 5063 617140557
2532 5064 484208816
2532 5065 782725480
2533 5066 314816023
2533 5067 745627998
2534 5068 198350521
2534 5069 869877352
2535 5070 745637934
2535 5071 398754185
2536 5072 979374173
2536 5073 831351300
2537 5074 461227904
2537 5075 601925899
2538 5076 359727931
2538 5077 771925973
2539 5078 198808035
2539 5079 305788522
2540 5080 347480876
2540 5081 194989068
2541 5082 500423839
2541 5083 551539384
2542 5084 776614125
2542 5085 587130453
2543 5086 349730473
2543 5087 610348884
2544 5088 639270844
2544 5089 651050112
2545 5090 742557487
2545 5091 714413904
2546 5092 916256331
2546 5093 397866175
2547 5094 315402033
2547 5095 957123747
2548 5096 553029377
2548 5097 830944997
2549 5098 822026816
2549 5099 739813764
2550 5100 914731657
2550 5101 877402565
2551 5102 504046004
2551 5103 319883933
2552 5104 451996825
2552 5105 156237508
2553 5106 494060975
2553 5107 874351033
2554 5108 513498001
2554 5109 892718377
2555 5110 579696827
2555 5111 425160002
2556 5112 574162362
2556 5113 352601290
2557 5114 450852444
2557 5115 216218075
2558 5116 71499392
2558 5117 913404846
2559 5118 319642578
2559 5119 643966546
2560 5120 478235165
2560 5121 304728378
2561 5122 584392772
2561 5123 490507609
2562 5124 990169378
2562 5125 582695341
2563 5126 214684108
2563 5127 94059971
2564 5128 72437511
2564 5129 328424637
2565 5130 584166050
2565 5131 863858883
2566 5132 84176175
2566 5133 7338772
2567 5134 527081392
2567 5135 432625912
2568 5136 629199773
2568 5137 467049115
2569 5138 562794529
2569 5139 939493563
2570 5140 51983208
2570 5141 413138233
2571 5142 622875674
2571 5143 856694415
2572 5144 241691843
2572 5145 943743410
2573 5146 850519602
2573 5147 146592172
2574 5148 701293667
2574 5149 461879343
2575 5150 894527936
2575 5151 71771923
2576 5152 620443263
2576 5153 579721836
2577 5154 522827473
2577 5155 819390165
2578 5156 352778698
2578 5157 40897320
2579 5158 491822583
2579 5159 704546572
2580 5160 581624175
2580 5161 564481756
2581 5162 851755374
2581 5163 39080735
2582 5164 910046228
2582 5165 495569783
2583 5166 300072532
2583 5167 2563990
2584 5168 613773262
2584 5169 860778391
2585 5170 852795547
2585 5171 535816554
2586 5172 479271669
2586 5173 232040288
2587 5174 190122180
2587 5175 344902799
2588 5176 485044837
2588 5177 541001457
2589 5178 627461814
2589 5179 667599142
2590 5180 774052257
2590 5181 629590274
2591 5182 850977665
2591 5183 113843194
2592 5184 364329750
2592 5185 943488745
2593 5186 124911952
2593 5187 931883806
2594 5188 527474444
2594 5189 825937810
2595 5190 683897179
2595 5191 515523266
2596 5192 863933254
2596 5193 559084341
2597 5194 609632033
2597 5195 148457383
2598 5196 973970992
2598 5197 780973850
2599 5198 113790376
2599 5199 92479363
2600 5200 756549716
2600 5201 802122386
2601 5202 609796872
2601 5203 430102256
2602 5204 986751851
2602 5205 508703024
2603 5206 177082245
2603 5207 186294140
2604 5208 679804618
2604 5209 175244742
2605 5210 925366336
2605 5211 475268928
2606 5212 726882727
2606 5213 889188096
2607 5214 420038700
2607 5215 7486331
2608 5216 864206296
2608 5217 190519772
2609 5218 418594064
2609 5219 218277166
2610 5220 532626701
2610 5221 321914563
2611 5222 726671417
2611 5223 112210610
2612 5224 118717698
2612 5225 529688135
2613 5226 18543258
2613 5227 3009614
2614 5228 928383419
2614 5229 493089511
2615 5230 368507456
2615 5231 163650532
2616 5232 404336485
2616 5233 809535866
2617 5234 987071448
2617 5235 943289714
2618 5236 819195263
2618 5237 722655803
2619 5238 509828748
2619 5239 379428047
2620 5240 264427029
2620 5241 716033053
2621 5242 708584969
2621 5243 411423741
2622 5244 562415150
2622 5245 17711040
2623 5246 60156210
2623 5247 183307143
2624 5248 793671273
2624 5249 634979260
2625 5250 513124940
2625 5251 326475278
2626 5252 874489161
2626 5253 980299611
2627 5254 578316355
2627 5255 878305953
2628 5256 994517574
2628 5257 102972030
2629 5258 209831799
2629 5259 411032920
2630 5260 6714509
2630 5261 306279857
2631 5262 548227412
2631 5263 175162114
2632 5264 473664640
2632 5265 142465351
2633 5266 905871265
2633 5267 932110139
2634 5268 267489516
2634 5269 239748733
2635 5270 89280573
2635 5271 207619761
2636 5272 890943555
2636 5273 896178922
2637 5274 670357194
2637 5275 975197918
2638 5276 155138486
2638 5277 454811266
2639 5278 114790200
2639 5279 214409089
2640 5280 410379500
2640 5281 861394306
2641 5282 882952380
2641 5283 711912537
2642 5284 289795225
2642 5285 881954981
2643 5286 511009780
2643 5287 10011223
2644 5288 578569544
2644 5289 123455526
2645 5290 75863139
2645 5291 198350797
2646 5292 82053799
2646 5293 922056971
2647 5294 686384657
2647 5295 987352718
2648 5296 514696036
2648 5297 744985324
2649 5298 388839520
2649 5299 802746985
2650 5300 832352440
2650 5301 649354419
2651 5302 457973757
2651 5303 17425302
2652 5304 63317414
2652 5305 380319073
2653 5306 607718953
2653 5307 815710624
2654 5308 493206683
2654 5309 74529688
2655 5310 89747467
2655 5311 702661376
2656 5312 800564372
2656 5313 784800521
2657 5314 496148879
2657 5315 641413228
2658 5316 542946332
2658 5317 95953891
2659 5318 354257456
2659 5319 395976516
2660 5320 385473173
2660 5321 782370646
2661 5322 449747231
2661 5323 256204834
2662 5324 199646397
2662 5325 420019170
2663 5326 415177848
2663 5327 610132827
2664 5328 677049126
2664 5329 67143065
2665 5330 471794898
2665 5331 838422891
2666 5332 399825513
2666 5333 55731164
2667 5334 643646534
2667 5335 384281319
2668 5336 338688394
2668 5337 6743644
2669 5338 80982444
2669 5339 637430355
2670 5340 233225977
2670 5341 614874675
2671 5342 939402267
2671 5343 167654160
2672 5344 973840092
2672 5345 517123856
2673 5346 637641178
2673 5347 402772756
2674 5348 246922951
2674 5349 238072190
2675 5350 475879684
2675 5351 736349896
2676 5352 688993200
2676 5353 711848589
2677 5354 683221772
2677 5355 176158353
2678 5356 847865807
2678 5357 157451220
2679 5358 839389001
2679 5359 622595347
2680 5360 533305553
2680 5361 132804840
2681 5362 391162463
2681 5363 555168351
2682 5364 659448284
2682 5365 556812534
2683 5366 267971815
2683 5367 559275443
2684 5368 614203213
2684 5369 619583390
2685 5370 527726960
2685 5371 971794389
2686 5372 226524894
2686 5373 639901019
2687 5374 213396899
2687 5375 664380229
2688 5376 738742524
2688 5377 648306072
2689 5378 518624896
2689 5379 627163628
2690 5380 612645464
2690 5381 560155360
2691 5382 472024800
2691 5383 798639131
2692 5384 890769080
2692 5385 451662587
2693 5386 402577865
2693 5387 319338680
2694 5388 833652438
2694 5389 860642973
2695 5390 164849335
2695 5391 86916785
2696 5392 715483566
2696 5393 124167588
2697 5394 67834903
2697 5395 451067066
2698 5396 810699201
2698 5397 273853552
2699 5398 27114191
2699 5399 186649782
2700 5400 371251174
2700 5401 652140043
2701 5402 444580659
2701 5403 711451071
2702 5404 753754671
2702 5405 388539681
2703 5406 705061460
2703 5407 43691748
2704 5408 752076618
2704 5409 339685920
2705 5410 322778469
2705 5411 66585341
2706 5412 633149758
2706 5413 962532160
2707 5414 880992287
2707 5415 492984720
2708 5416 465253703
2708 5417 544962773
2709 5418 972199761
2709 5419 830894613
2710 5420 290728824
2710 5421 189854101
2711 5422 493189210
2711 5423 76549632
2712 5424 386929160
2712 5425 242216701
2713 5426 878986892
2713 5427 77121528
2714 5428 686495070
2714 5429 547149929
2715 5430 407809324
2715 5431 655073216
2716 5432 541517356
2716 5433 242969059
2717 5434 410759189
2717 5435 392267361
2718 5436 462731080
2718 5437 665490233
2719 5438 861855860
2719 5439 298171402
2720 5440 248142359
2720 5441 481420692
2721 5442 31713324
2721 5443 94260158
2722 5444 368284923
2722 5445 445358285
2723 5446 824965700
2723 5447 449724302
2724 5448 823507742
2724 5449 73440264
2725 5450 134114121
2725 5451 558582192
2726 5452 741775732
2726 5453 650236904
2727 5454 944080694
2727 5455 500690202
2728 5456 470522991
2728 5457 888314630
2729 5458 63155158
2729 5459 116970061
2730 5460 150230290
2730 5461 133616687
2731 5462 579420318
2731 5463 713494966
2732 5464 896939865
2732 5465 292029949
2733 5466 151199593
2733 5467 63102547
2734 5468 977390340
2734 5469 639682459
2735 5470 605082253
2735 5471 430154995
2736 5472 522740980
2736 5473 760586179
2737 5474 33032619
2737 5475 31345597
2738 5476 905311214
2738 5477 818846124
2739 5478 523073078
2739 5479 677090474
2740 5480 732219411
2740 5481 107544725
2741 5482 348030893
2741 5483 398402778
2742 5484 49668889
2742 5485 156377275
2743 5486 314367246
2743 5487 640639967
2744 5488 361224668
2744 5489 411155830
2745 5490 532453204
2745 5491 620062314
2746 5492 542537809
2746 5493 456083981
2747 5494 531621889
2747 5495 217381110
2748 5496 698289004
2748 5497 640064144
2749 5498 344289834
2749 5499 696535220
2750 5500 611400678
2750 5501 925081043
2751 5502 511774020
2751 5503 997496342
2752 5504 212632557
2752 5505 778198108
2753 5506 121768033
2753 5507 299404573
2754 5508 645010142
2754 5509 866222510
2755 5510 279589306
2755 5511 925411381
2756 5512 72027540
2756 5513 258846849
2757 5514 503666277
2757 5515 73620209
2758 5516 981414469
2758 5517 258313663
2759 5518 432980810
2759 5519 991508118
2760 5520 722399078
2760 5521 681522604
2761 5522 335680746
2761 5523 370938907
2762 5524 446301156
2762 5525 190022775
2763 5526 464721934
2763 5527 590494408
2764 5528 286312676
2764 5529 569201783
2765 5530 496435780
2765 5531 761563961
2766 5532 476235955
2766 5533 120610005
2767 5534 285679876
2767 5535 530180885
2768 5536 81548673
2768 5537 467208635
2769 5538 413851404
2769 5539 473512931
2770 5540 945763690
2770 5541 3522313
2771 5542 422179691
2771 5543 844145822
2772 5544 193643448
2772 5545 905510114
2773 5546 693643020
2773 5547 101796903
2774 5548 454289329
2774 5549 6568033
2775 5550 430630275
2775 5551 366393896
2776 5552 620608767
2776 5553 578855877
2777 5554 823080985
2777 5555 924856230
2778 5556 793639623
2778 5557 859549747
2779 5558 643111801
2779 5559 26485194
2780 5560 897084956
2780 5561 580372344
2781 5562 72642985
2781 5563 92786849
2782 5564 20325979
2782 5565 557349716
2783 5566 246872559
2783 5567 863104457
2784 5568 92205458
2784 5569 739575281
2785 5570 632341524
2785 5571 401948538
2786 5572 529882474
2786 5573 823756414
2787 5574 772413009
2787 5575 995022375
2788 5576 629927158
2788 5577 542140846
2789 5578 129784818
2789 5579 446465756
2790 5580 794863335
2790 5581 177106593
2791 5582 53529598
2791 5583 727420500
2792 5584 81384602
2792 5585 470044990
2793 5586 509692915
2793 5587 97617656
2794 5588 787498090
2794 5589 550520493
2795 5590 15615941
2795 5591 846302428
2796 5592 133491295
2796 5593 190353569
2797 5594 880515067
2797 5595 306203552
2798 5596 93917385
2798 5597 799181833
2799 5598 386702483
2799 5599 452854980
2800 5600 450166760
2800 5601 580504541
2801 5602 323600878
2801 5603 911985901
2802 5604 398028622
2802 5605 876675691
2803 5606 943776187
2803 5607 543551702
2804 5608 614924375
2804 5609 627696433
2805 5610 152668015
2805 5611 32708212
2806 5612 355068572
2806 5613 987925897
2807 5614 885286515
2807 5615 165940169
2808 5616 616682902
2808 5617 505598146
2809 5618 321709539
2809 5619 700496587
2810 5620 839950772
2810 5621 35656515
2811 5622 966344660
2811 5623 225294731
2812 5624 128818604
2812 5625 141175939
2813 5626 334391988
2813 5627 396438027
2814 5628 473287676
2814 5629 637968988
2815 5630 569574154
2815 5631 887369033
2816 5632 409005500
2816 5633 323931574
2817 5634 181467771
2817 5635 469483759
2818 5636 504637504
2818 5637 999254745
2819 5638 331942588
2819 5639 247193319
2820 5640 362592478
2820 5641 531220145
2821 5642 153091885
2821 5643 702442787
2822 5644 125076437
2822 5645 913285127
2823 5646 954327239
2823 5647 735756259
2824 5648 100052576
2824 5649 663611137
2825 5650 524009549
2825 5651 355450645
2826 5652 501493559
2826 5653 528798892
2827 5654 452101070
2827 5655 455283075
2828 5656 704327916
2828 5657 66094682
2829 5658 309888544
2829 5659 675924022
2830 5660 394386317
2830 5661 818591409
2831 5662 377351466
2831 5663 709038953
2832 5664 175041840
2832 5665 960155954
2833 5666 255542434
2833 5667 661887832
2834 5668 633363054
2834 5669 48143040
2835 5670 772887764
2835 5671 214097790
2836 5672 413820812
2836 5673 622158064
2837 5674 582295672
2837 5675 539048313
2838 5676 324915695
2838 5677 659823046
2839 5678 879971763
2839 5679 516268261
2840 5680 816593323
2840 5681 449400011
2841 5682 480667302
2841 5683 383631418
2842 5684 251714669
2842 5685 13335162
2843 5686 653457743
2843 5687 449480173
2844 5688 724317136
2844 5689 672484844
2845 5690 32202318
2845 5691 427503849
2846 5692 473007105
2846 5693 483892614
2847 5694 772665226
2847 5695 202013925
2848 5696 835953538
2848 5697 250907414
2849 5698 995784067
2849 5699 823970159
2850 5700 204303646
2850 5701 470739406
2851 5702 93645427
2851 5703 141997
2852 5704 348716661
2852 5705 366200747
2853 5706 36002682
2853 5707 339395786
2854 5708 699238133
2854 5709 231568217
2855 5710 214157215
2855 5711 203223829
2856 5712 809146308
2856 5713 912028876
2857 5714 577303916
2857 5715 469192343
2858 5716 84859396
2858 5717 786482001
2859 5718 58390675
2859 5719 513929594
2860 5720 598778626
2860 5721 512848296
2861 5722 633434542
2861 5723 284053777
2862 5724 843949591
2862 5725 876946019
2863 5726 17139735
2863 5727 44020545
2864 5728 234309504
2864 5729 366915621
2865 5730 58147761
2865 5731 462689460
2866 5732 803603568
2866 5733 744937396
2867 5734 334739463
2867 5735 895999350
2868 5736 211246625
2868 5737 976195992
2869 5738 291296883
2869 5739 99610096
2870 5740 939219410
2870 5741 545487036
2871 5742 794648735
2871 5743 152465022
2872 5744 941320576
2872 5745 3397044
2873 5746 890021418
2873 5747 101677483
2874 5748 669837334
2874 5749 642602377
2875 5750 906785778
2875 5751 861573183
2876 5752 723862417
2876 5753 325149637
2877 5754 964702124
2877 5755 132725417
2878 5756 581786592
2878 5757 407133116
2879 5758 561578070
2879 5759 601107811
2880 5760 700227415
2880 5761 162692293
2881 5762 160045942
2881 5763 330717798
2882 5764 724548327
2882 5765 291200591
2883 5766 265729377
2883 5767 237475404
2884 5768 725440186
2884 5769 288326849
2885 5770 602207584
2885 5771 523967921
2886 5772 220300879
2886 5773 111665289
2887 5774 827299270
2887 5775 171015224
2888 5776 441101789
2888 5777 200638291
2889 5778 52984099
2889 5779 403692272
2890 5780 246942349
2890 5781 34892418
2891 5782 122992186
2891 5783 97933577
2892 5784 925288142
2892 5785 617878024
2893 5786 726345363
2893 5787 233803372
2894 5788 144603472
2894 5789 370916766
2895 5790 690664592
2895 5791 825067972
2896 5792 131126083
2896 5793 20995699
2897 5794 44823533
2897 5795 357912400
2898 5796 807693796
2898 5797 539443870
2899 5798 697947374
2899 5799 98678591
2900 5800 385862922
2900 5801 929025070
2901 5802 245732943
2901 5803 364516622
2902 5804 93754664
2902 5805 527968202
2903 5806 970337229
2903 5807 369935031
2904 5808 896281022
2904 5809 776348896
2905 5810 560367260
2905 5811 346179060
2906 5812 152651568
2906 5813 869408674
2907 5814 932901255
2907 5815 410638845
2908 5816 279467844
2908 5817 609014472
2909 5818 922496244
2909 5819 516667056
2910 5820 155150622
2910 5821 961746685
2911 5822 220835230
2911 5823 248839713
2912 5824 335471784
2912 5825 927664989
2913 5826 755787918
2913 5827 831929110
2914 5828 986535271
2914 5829 544703238
2915 5830 463106604
2915 5831 477689123
2916 5832 776732697
2916 5833 523125871
2917 5834 210251669
2917 5835 962161245
2918 5836 995102613
2918 5837 101091346
2919 5838 426084370
2919 5839 760364051
2920 5840 375862744
2920 5841 404024260
2921 5842 997733066
2921 5843 441697418
2922 5844 549160353
2922 5845 169628342
2923 5846 113067844
2923 5847 527012900
2924 5848 4031789
2924 5849 755261044
2925 5850 453014645
2925 5851 664016610
2926 5852 716069877
2926 5853 516696852
2927 5854 108527407
2927 5855 678055216
2928 5856 817862799
2928 5857 256430808
2929 5858 310526438
2929 5859 731740563
2930 5860 344208112
2930 5861 816299386
2931 5862 403652671
2931 5863 132881835
2932 5864 946298660
2932 5865 52066804
2933 5866 62515818
2933 5867 415907717
2934 5868 47042508
2934 5869 200251113
2935 5870 975299926
2935 5871 54580046
2936 5872 490376796
2936 5873 151783039
2937 5874 298163130
2937 5875 70918188
2938 5876 488658645
2938 5877 722201596
2939 5878 836380260
2939 5879 837439107
2940 5880 278973468
2940 5881 465342414
2941 5882 710585286
2941 5883 879560773
2942 5884 750305171
2942 5885 28138455
2943 5886 241367806
2943 5887 731494917
2944 5888 949989459
2944 5889 214792158
2945 5890 787134334
2945 5891 340774782
2946 5892 70613860
2946 5893 488136609
2947 5894 26156892
2947 5895 477247100
2948 5896 769522523
2948 5897 582526264
2949 5898 158897756
2949 5899 398365091
2950 5900 585143106
2950 5901 759188651
2951 5902 471055018
2951 5903 314382715
2952 5904 377291355
2952 5905 404843142
2953 5906 53156698
2953 5907 274299353
2954 5908 746316433
2954 5909 934634261
2955 5910 536375184
2955 5911 624371025
2956 5912 231302531
2956 5913 382885924
2957 5914 608891479
2957 5915 425180800
2958 5916 264736910
2958 5917 948922103
2959 5918 709750185
2959 5919 62008084
2960 5920 406542636
2960 5921 757939281
2961 5922 633834868
2961 5923 679365890
2962 5924 766746015
2962 5925 434598202
2963 5926 588803650
2963 5927 935027628
2964 5928 20419449
2964 5929 797463668
2965 5930 393708809
2965 5931 162552154
2966 5932 151191068
2966 5933 350783339
2967 5934 804811393
2967 5935 52823176
2968 5936 101527820
2968 5937 281234942
2969 5938 421490234
2969 5939 591365249
2970 5940 949895317
2970 5941 928980970
2971 5942 846866785
2971 5943 614865231
2972 5944 392661147
2972 5945 935651241
2973 5946 888914587
2973 5947 712805704
2974 5948 973555732
2974 5949 979230456
2975 5950 38798561
2975 5951 281488361
2976 5952 200055975
2976 5953 563787763
2977 5954 169373676
2977 5955 478784188
2978 5956 712444455
2978 5957 57147942
2979 5958 695878740
2979 5959 345044851
2980 5960 164402082
2980 5961 515382558
2981 5962 706560117
2981 5963 699192365
2982 5964 90578330
2982 5965 308011133
2983 5966 618559714
2983 5967 522564838
2984 5968 27454854
2984 5969 709098726
2985 5970 545135319
2985 5971 714321096
2986 5972 342095426
2986 5973 816946684
2987 5974 202728624
2987 5975 124933404
2988 5976 984316032
2988 5977 137730416
2989 5978 679902878
2989 5979 286611139
2990 5980 256175641
2990 5981 472997451
2991 5982 102774743
2991 5983 316233295
2992 5984 534904393
2992 5985 648685365
2993 5986 867269720
2993 5987 641181480
2994 5988 974490419
2994 5989 189889918
2995 5990 75587683
2995 5991 349240593
2996 5992 862376876
2996 5993 581019462
2997 5994 771361179
2997 5995 466533086
2998 5996 804823549
2998 5997 975213352
2999 5998 276452359
2999 5999 466361503
3000 6000 194815087
3000 6001 339831014
3001 6002 417490777
3001 6003 983042760
3002 6004 32888808
3002 6005 168103280
3003 6006 980321077
3003 6007 760940415
3004 6008 679587311
3004 6009 236947925
3005 6010 742469107
3005 6011 272766930
3006 6012 589724074
3006 6013 423092075
3007 6014 222457023
3007 6015 396213248
3008 6016 681173324
3008 6017 108974831
3009 6018 803488459
3009 6019 36500577
3010 6020 241219964
3010 6021 221602521
3011 6022 542771404
3011 6023 476266649
3012 6024 560833204
3012 6025 804023944
3013 6026 605033804
3013 6027 762419147
3014 6028 822563465
3014 6029 442475783
3015 6030 439854508
3015 6031 88217333
3016 6032 200331341
3016 6033 24480402
3017 6034 991675274
3017 6035 169819025
3018 6036 603390469
3018 6037 301183984
3019 6038 265499858
3019 6039 592491562
3020 6040 137870072
3020 6041 609822898
3021 6042 228125356
3021 6043 413014395
3022 6044 313899813
3022 6045 913369984
3023 6046 30752549
3023 6047 34432370
3024 6048 670049922
3024 6049 761189911
3025 6050 620270020
3025 6051 775369403
3026 6052 627145798
3026 6053 290810955
3027 6054 505174786
3027 6055 176358182
3028 6056 40588924
3028 6057 385336570
3029 6058 241493440
3029 6059 634764746
3030 6060 569901523
3030 6061 418913174
3031 6062 869961440
3031 6063 304380658
3032 6064 384818096
3032 6065 937670388
3033 6066 188616874
3033 6067 863598746
3034 6068 871723750
3034 6069 564665355
3035 6070 427296987
3035 6071 729690288
3036 6072 141792301
3036 6073 168589948
3037 6074 819394617
3037 6075 350871441
3038 6076 826560899
3038 6077 579754765
3039 6078 27210365
3039 6079 302738333
3040 6080 646631205
3040 6081 410797528
3041 6082 290255155
3041 6083 252318151
3042 6084 453918492
3042 6085 683057077
3043 6086 803575309
3043 6087 753026651
3044 6088 296434391
3044 6089 905373438
3045 6090 839251862
3045 6091 837135676
3046 6092 187408036
3046 6093 658325865
3047 6094 722066094
3047 6095 36796476
3048 6096 434692082
3048 6097 940226745
3049 6098 956112902
3049 6099 212099859
3050 6100 353879070
3050 6101 35005158
3051 6102 329466376
3051 6103 462464131
3052 6104 960115080
3052 6105 695326712
3053 6106 761930476
3053 6107 296435752
3054 6108 704172499
3054 6109 918002420
3055 6110 839444745
3055 6111 447662657
3056 6112 141544135
3056 6113 973806333
3057 6114 774109622
3057 6115 122432839
3058 6116 525509529
3058 6117 250304466
3059 6118 824797238
3059 6119 421449627
3060 6120 898761890
3060 6121 199536766
3061 6122 503735995
3061 6123 556159035
3062 6124 364613743
3062 6125 855637750
3063 6126 267621241
3063 6127 854703569
3064 6128 998627444
3064 6129 426913652
3065 6130 511394254
3065 6131 343014931
3066 6132 791713563
3066 6133 720451887
3067 6134 780230075
3067 6135 147880597
3068 6136 904508140
3068 6137 26987896
3069 6138 838882889
3069 6139 575846567
3070 6140 537146580
3070 6141 899290545
3071 6142 958825957
3071 6143 302713644
3072 6144 57524889
3072 6145 494230867
3073 6146 130565789
3073 6147 49506631
3074 6148 761428753
3074 6149 513097393
3075 6150 682387144
3075 6151 255751205
3076 6152 559182451
3076 6153 920806829
3077 6154 444978753
3077 6155 892908717
3078 6156 754741523
3078 6157 710283827
3079 6158 911036857
3079 6159 537309678
3080 6160 45388889
3080 6161 677605464
3081 6162 174417593
3081 6163 472725274
3082 6164 951461985
3082 6165 652205890
3083 6166 987075483
3083 6167 472367755
3084 6168 660644317
3084 6169 827721886
3085 6170 401392246
3085 6171 588437075
3086 6172 55294191
3086 6173 462535489
3087 6174 179736989
3087 6175 792802650
3088 6176 814322838
3088 6177 817520418
3089 6178 907410910
3089 6179 997306514
3090 6180 590269228
3090 6181 494829357
3091 6182 788852732
3091 6183 529943022
3092 6184 654909335
3092 6185 113195154
3093 6186 44504527
3093 6187 31623225
3094 6188 582267521
3094 6189 422504018
3095 6190 502299296
3095 6191 435518344
3096 6192 282560526
3096 6193 757970647
3097 6194 461472216
3097 6195 25206917
3098 6196 347538165
3098 6197 799151633
3099 6198 853940130
3099 6199 221322592
3100 6200 457367814
3100 6201 407240134
3101 6202 789720153
3101 6203 195743279
3102 6204 835322253
3102 6205 682719605
3103 6206 356743435
3103 6207 579527853
3104 6208 398156053
3104 6209 962406894
3105 6210 741930791
3105 6211 677675941
3106 6212 789681478
3106 6213 389482118
3107 6214 954775189
3107 6215 389362085
3108 6216 954962887
3108 6217 999203879
3109 6218 912649398
3109 6219 882094369
3110 6220 565519594
3110 6221 375518879
3111 6222 929788906
3111 6223 865363659
3112 6224 888039721
3112 6225 706063627
3113 6226 990276426
3113 6227 383029634
3114 6228 449011183
3114 6229 461516775
3115 6230 963815659
3115 6231 419681393
3116 6232 703776682
3116 6233 865906046
3117 6234 879599339
3117 6235 537533753
3118 6236 789948601
3118 6237 653213454
3119 6238 982647465
3119 6239 989254038
3120 6240 511659786
3120 6241 941802105
3121 6242 712147850
3121 6243 874107777
3122 6244 93181778
3122 6245 214117299
3123 6246 413593973
3123 6247 875035574
3124 6248 94934935
3124 6249 991886097
3125 6250 418583280
3125 6251 45707915
3126 6252 354415178
3126 6253 824132384
3127 6254 843619009
3127 6255 896986852
3128 6256 654028808
3128 6257 513990960
3129 6258 286421345
3129 6259 387309736
3130 6260 372385260
3130 6261 561772291
3131 6262 965706228
3131 6263 939395264
3132 6264 933442928
3132 6265 33421127
3133 6266 254280130
3133 6267 493215619
3134 6268 939502294
3134 6269 286185292
3135 6270 668519477
3135 6271 284587171
3136 6272 656442189
3136 6273 424022996
3137 6274 939964594
3137 6275 51443897
3138 6276 973836308
3138 6277 987036433
3139 6278 143926168
3139 6279 492602015
3140 6280 190825682
3140 6281 923251872
3141 6282 120656627
3141 6283 402128656
3142 6284 888897429
3142 6285 352994380
3143 6286 946367435
3143 6287 903368807
3144 6288 473213018
3144 6289 82568964
3145 6290 658905495
3145 6291 798642574
3146 6292 554304342
3146 6293 637671258
3147 6294 379567009
3147 6295 45817720
3148 6296 744896163
3148 6297 511963605
3149 6298 974515382
3149 6299 214167446
3150 6300 452353827
3150 6301 492194973
3151 6302 249935852
3151 6303 875144734
3152 6304 236838136
3152 6305 2866883
3153 6306 429240229
3153 6307 57230893
3154 6308 517284
3154 6309 183230083
3155 6310 494594258
3155 6311 820350170
3156 6312 233836362
3156 6313 350266947
3157 6314 151089561
3157 6315 755565620
3158 6316 805956284
3158 6317 675666262
3159 6318 913783577
3159 6319 561965561
3160 6320 959861742
3160 6321 515858637
3161 6322 335880205
3161 6323 385655314
3162 6324 225235724
3162 6325 790110126
3163 6326 253616784
3163 6327 286746081
3164 6328 321380847
3164 6329 536023506
3165 6330 97156033
3165 6331 683920415
3166 6332 603243676
3166 6333 182405348
3167 6334 15865407
3167 6335 483337924
3168 6336 895351706
3168 6337 880351410
3169 6338 546466890
3169 6339 85359597
3170 6340 34382921
3170 6341 116849515
3171 6342 543238547
3171 6343 873603842
3172 6344 378441760
3172 6345 453408282
3173 6346 810532342
3173 6347 101253398
3174 6348 301796482
3174 6349 782643948
3175 6350 848149091
3175 6351 669927961
3176 6352 127294234
3176 6353 460700666
3177 6354 192554663
3177 6355 380531767
3178 6356 454300993
3178 6357 277253405
3179 6358 141672042
3179 6359 64260620
3180 6360 214554321
3180 6361 64261772
3181 6362 412393429
3181 6363 835273528
3182 6364 624079751
3182 6365 612341510
3183 6366 143321452
3183 6367 621931995
3184 6368 864306114
3184 6369 900219351
3185 6370 477223437
3185 6371 666699262
3186 6372 694484327
3186 6373 172451342
3187 6374 927865237
3187 6375 803283980
3188 6376 853885443
3188 6377 137541402
3189 6378 879041049
3189 6379 606574871
3190 6380 716814518
3190 6381 762765567
3191 6382 412917780
3191 6383 654483958
3192 6384 169558864
3192 6385 40080706
3193 6386 511723774
3193 6387 768546709
3194 6388 827296396
3194 6389 804852752
3195 6390 240758405
3195 6391 828784303
3196 6392 171412605
3196 6393 493162718
3197 6394 869779863
3197 6395 819593883
3198 6396 323566917
3198 6397 825608578
3199 6398 407996854
3199 6399 184962485
3200 6400 624469113
3200 6401 247018143
3201 6402 469120483
3201 6403 612953970
3202 6404 517611699
3202 6405 687235990
3203 6406 590506881
3203 6407 764671584
3204 6408 834675312
3204 6409 908361129
3205 6410 351006889
3205 6411 142938173
3206 6412 635995562
3206 6413 66422196
3207 6414 789637362
3207 6415 9831593
3208 6416 275361895
3208 6417 257228389
3209 6418 71198625
3209 6419 4617624
3210 6420 245532383
3210 6421 218533367
3211 6422 370932528
3211 6423 27483563
3212 6424 907937820
3212 6425 10598784
3213 6426 119441015
3213 6427 379809658
3214 6428 990343626
3214 6429 334315475
3215 6430 902098827
3215 6431 258350758
3216 6432 174277843
3216 6433 315682723
3217 6434 327583425
3217 6435 744918384
3218 6436 95728717
3218 6437 18598700
3219 6438 628498212
3219 6439 899696706
3220 6440 192937661
3220 6441 861694268
3221 6442 513076564
3221 6443 440535689
3222 6444 742858796
3222 6445 633429654
3223 6446 448664957
3223 6447 191668881
3224 6448 715545418
3224 6449 680882952
3225 6450 577169726
3225 6451 327040604
3226 6452 796869346
3226 6453 825743750
3227 6454 508392130
3227 6455 768633075
3228 6456 312063921
3228 6457 977879657
3229 6458 372689360
3229 6459 124467678
3230 6460 853224750
3230 6461 667077327
3231 6462 194772241
3231 6463 620573351
3232 6464 542670476
3232 6465 194894784
3233 6466 217537483
3233 6467 563983498
3234 6468 555047346
3234 6469 733684935
3235 6470 372101110
3235 6471 183448667
3236 6472 465317021
3236 6473 697766852
3237 6474 309366027
3237 6475 463752824
3238 6476 987495610
3238 6477 454119730
3239 6478 443662535
3239 6479 912001459
3240 6480 60118321
3240 6481 927157968
3241 6482 757529877
3241 6483 121398241
3242 6484 539740170
3242 6485 109956118
3243 6486 711813833
3243 6487 330704582
3244 6488 754568773
3244 6489 229646636
3245 6490 806648501
3245 6491 252123648
3246 6492 995604155
3246 6493 92239890
3247 6494 710995411
3247 6495 30091
3248 6496 335287879
3248 6497 94894122
3249 6498 837794619
3249 6499 687456774
3250 6500 193380307
3250 6501 550329379
3251 6502 745221344
3251 6503 651296182
3252 6504 222380615
3252 6505 750915904
3253 6506 488066042
3253 6507 950546360
3254 6508 690379579
3254 6509 906018369
3255 6510 306856006
3255 6511 916190411
3256 6512 911776948
3256 6513 49030109
3257 6514 852427745
3257 6515 617906981
3258 6516 286138021
3258 6517 34589909
3259 6518 90335912
3259 6519 905705849
3260 6520 302925841
3260 6521 459536560
3261 6522 474879293
3261 6523 870723359
3262 6524 952485938
3262 6525 711021222
3263 6526 189403407
3263 6527 716320198
3264 6528 610501857
3264 6529 947680973
3265 6530 216515819
3265 6531 120991366
3266 6532 937293999
3266 6533 584202349
3267 6534 806628006
3267 6535 633575304
3268 6536 946079582
3268 6537 280157884
3269 6538 631718713
3269 6539 542360574
3270 6540 528718086
3270 6541 5505342
3271 6542 580102686
3271 6543 83062636
3272 6544 6962009
3272 6545 691715469
3273 6546 850306757
3273 6547 367920377
3274 6548 484001945
3274 6549 685234982
3275 6550 188620461
3275 6551 751890020
3276 6552 502313804
3276 6553 72994304
3277 6554 552574185
3277 6555 590045652
3278 6556 535577556
3278 6557 276971170
3279 6558 208646773
3279 6559 116040878
3280 6560 481389971
3280 6561 486721032
3281 6562 183872839
3281 6563 334473899
3282 6564 708739394
3282 6565 486110616
3283 6566 189399464
3283 6567 512958375
3284 6568 817331360
3284 6569 677991795
3285 6570 758890297
3285 6571 804220384
3286 6572 701524250
3286 6573 604071881
3287 6574 37965799
3287 6575 505876149
3288 6576 503641133
3288 6577 447333448
3289 6578 449854109
3289 6579 150378682
3290 6580 403276462
3290 6581 135101180
3291 6582 731470326
3291 6583 420197822
3292 6584 245971084
3292 6585 185086544
3293 6586 912280421
3293 6587 327195933
3294 6588 568223199
3294 6589 516641799
3295 6590 52190047
3295 6591 312069840
3296 6592 83142667
3296 6593 568320101
3297 6594 466240872
3297 6595 298429754
3298 6596 937133505
3298 6597 785509199
3299 6598 843765475
3299 6599 109104237
3300 6600 673378934
3300 6601 44342647
3301 6602 327385063
3301 6603 506432729
3302 6604 868309899
3302 6605 407518415
3303 6606 659855738
3303 6607 901804543
3304 6608 727398464
3304 6609 915521955
3305 6610 602255262
3305 6611 715266108
3306 6612 583825931
3306 6613 860025690
3307 6614 968247449
3307 6615 359626308
3308 6616 237854956
3308 6617 323167508
3309 6618 920340546
3309 6619 561945924
3310 6620 582236308
3310 6621 341594754
3311 6622 832438303
3311 6623 54352354
3312 6624 626324242
3312 6625 555383289
3313 6626 645933612
3313 6627 980223576
3314 6628 302426701
3314 6629 945583368
3315 6630 818016665
3315 6631 566538961
3316 6632 187947059
3316 6633 942715784
3317 6634 778689338
3317 6635 732588281
3318 6636 621644233
3318 6637 209939391
3319 6638 725497733
3319 6639 150578535
3320 6640 247623722
3320 6641 801961304
3321 6642 946072969
3321 6643 812975736
3322 6644 247473907
3322 6645 90409578
3323 6646 423602073
3323 6647 440258317
3324 6648 78932263
3324 6649 972179860
3325 6650 753385747
3325 6651 819998445
3326 6652 408762364
3326 6653 735119483
3327 6654 572326933
3327 6655 169081846
3328 6656 707297899
3328 6657 820508475
3329 6658 145713189
3329 6659 671732784
3330 6660 571880480
3330 6661 545398183
3331 6662 192341247
3331 6663 702792001
3332 6664 14516527
3332 6665 809081870
3333 6666 851663818
3333 6667 810752027
3334 6668 819028951
3334 6669 842981338
3335 6670 482262501
3335 6671 880319674
3336 6672 8283563
3336 6673 836839931
3337 6674 65016159
3337 6675 119028593
3338 6676 697776389
3338 6677 292142246
3339 6678 105214075
3339 6679 163821868
3340 6680 828490306
3340 6681 617770293
3341 6682 222068346
3341 6683 841386038
3342 6684 779976038
3342 6685 331771487
3343 6686 760974012
3343 6687 238672866
3344 6688 925926473
3344 6689 128307667
3345 6690 430222556
3345 6691 635894837
3346 6692 877838760
3346 6693 33831532
3347 6694 134064339
3347 6695 226135189
3348 6696 180180525
3348 6697 647863128
3349 6698 661189878
3349 6699 659519884
3350 6700 447425230
3350 6701 982240359
3351 6702 479374253
3351 6703 767082277
3352 6704 553229942
3352 6705 913558125
3353 6706 480164030
3353 6707 980739229
3354 6708 743501352
3354 6709 353851763
3355 6710 643379405
3355 6711 539968602
3356 6712 371978320
3356 6713 557828212
3357 6714 530921651
3357 6715 129561111
3358 6716 285952438
3358 6717 931936331
3359 6718 980850735
3359 6719 151111290
3360 6720 239738186
3360 6721 706041823
3361 6722 589991684
3361 6723 487297124
3362 6724 977812170
3362 6725 731773899
3363 6726 723214911
3363 6727 796396367
3364 6728 651821375
3364 6729 345093839
3365 6730 763876854
3365 6731 786327701
3366 6732 981006488
3366 6733 617578100
3367 6734 92375023
3367 6735 808301438
3368 6736 266713480
3368 6737 914262556
3369 6738 683670899
3369 6739 539263637
3370 6740 401566034
3370 6741 511515481
3371 6742 304118657
3371 6743 867531759
3372 6744 919557280
3372 6745 629951151
3373 6746 208800973
3373 6747 96338410
3374 6748 40537790
3374 6749 145495710
3375 6750 212451280
3375 6751 205073505
3376 6752 88320735
3376 6753 582224991
3377 6754 950059921
3377 6755 336575997
3378 6756 497050832
3378 6757 716557077
3379 6758 999174059
3379 6759 718235101
3380 6760 162012102
3380 6761 661442094
3381 6762 191438708
3381 6763 42301869
3382 6764 358012549
3382 6765 379451728
3383 6766 543294142
3383 6767 236951301
3384 6768 142638933
3384 6769 742719682
3385 6770 940698349
3385 6771 383093550
3386 6772 130125451
3386 6773 280824578
3387 6774 745200755
3387 6775 819269279
3388 6776 732825699
3388 6777 42238953
3389 6778 892576830
3389 6779 936266438
3390 6780 76688591
3390 6781 529407480
3391 6782 709162148
3391 6783 117988977
3392 6784 575991013
3392 6785 822234204
3393 6786 194162378
3393 6787 902008177
3394 6788 378488755
3394 6789 964475804
3395 6790 264186620
3395 6791 587844326
3396 6792 227656666
3396 6793 337313285
3397 6794 645194263
3397 6795 368844532
3398 6796 879717367
3398 6797 820629532
3399 6798 769165293
3399 6799 815538291
3400 6800 797751244
3400 6801 946556456
3401 6802 564099094
3401 6803 121236161
3402 6804 467441006
3402 6805 353576517
3403 6806 690401865
3403 6807 196365717
3404 6808 111389337
3404 6809 923653850
3405 6810 820133335
3405 6811 450490527
3406 6812 91118172
3406 6813 32134128
3407 6814 77036503
3407 6815 973709655
3408 6816 899747169
3408 6817 380828129
3409 6818 903884256
3409 6819 403966155
3410 6820 727267142
3410 6821 73701147
3411 6822 503462884
3411 6823 941686897
3412 6824 92797629
3412 6825 293959229
3413 6826 918084444
3413 6827 505698937
3414 6828 928389399
3414 6829 753648441
3415 6830 488050375
3415 6831 64239850
3416 6832 878440501
3416 6833 999609141
3417 6834 424733878
3417 6835 828261546
3418 6836 10655204
3418 6837 558736740
3419 6838 26722874
3419 6839 348709482
3420 6840 233080405
3420 6841 728536215
3421 6842 423814286
3421 6843 387026805
3422 6844 102186604
3422 6845 814647541
3423 6846 987688762
3423 6847 729046715
3424 6848 710723018
3424 6849 672624311
3425 6850 40651943
3425 6851 450580720
3426 6852 534857918
3426 6853 580221691
3427 6854 117299850
3427 6855 20808953
3428 6856 871209918
3428 6857 975671101
3429 6858 75187068
3429 6859 381217678
3430 6860 288460941
3430 6861 4402403
3431 6862 665621093
3431 6863 416408527
3432 6864 334261772
3432 6865 126764290
3433 6866 109957779
3433 6867 601124901
3434 6868 218911471
3434 6869 38353707
3435 6870 954530201
3435 6871 471673849
3436 6872 942600968
3436 6873 251682928
3437 6874 180272604
3437 6875 29916785
3438 6876 682046484
3438 6877 600561729
3439 6878 607261233
3439 6879 393208314
3440 6880 644158905
3440 6881 622325585
3441 6882 964771172
3441 6883 395778205
3442 6884 681207432
3442 6885 156174968
3443 6886 134513979
3443 6887 67230782
3444 6888 569115622
3444 6889 132976617
3445 6890 745398425
3445 6891 859401837
3446 6892 232449601
3446 6893 883661503
3447 6894 538239635
3447 6895 767800440
3448 6896 547927274
3448 6897 704718241
3449 6898 606371932
3449 6899 813799332
3450 6900 922378418
3450 6901 934466286
3451 6902 962994686
3451 6903 291785579
3452 6904 59077014
3452 6905 88773251
3453 6906 158936965
3453 6907 571975133
3454 6908 883500224
3454 6909 668100616
3455 6910 54603670
3455 6911 954254133
3456 6912 831835531
3456 6913 917242374
3457 6914 50348498
3457 6915 194072791
3458 6916 842659395
3458 6917 49904962
3459 6918 907524342
3459 6919 623338738
3460 6920 340772604
3460 6921 174743688
3461 6922 681838149
3461 6923 964476798
3462 6924 91728163
3462 6925 921483472
3463 6926 696611765
3463 6927 671056056
3464 6928 721793671
3464 6929 355669679
3465 6930 389196645
3465 6931 961767458
3466 6932 284431722
3466 6933 608867279
3467 6934 720074505
3467 6935 965159222
3468 6936 90278013
3468 6937 550389616
3469 6938 750930322
3469 6939 343271125
3470 6940 500853438
3470 6941 974753485
3471 6942 595522404
3471 6943 506365163
3472 6944 483716590
3472 6945 387960385
3473 6946 200698365
3473 6947 232018286
3474 6948 214638847
3474 6949 237456184
3475 6950 910535629
3475 6951 185123488
3476 6952 196592432
3476 6953 158968352
3477 6954 192591767
3477 6955 819898538
3478 6956 146297736
3478 6957 297306689
3479 6958 456047819
3479 6959 677580885
3480 6960 935194784
3480 6961 138848975
3481 6962 451823209
3481 6963 576974061
3482 6964 224475193
3482 6965 54045023
3483 6966 62814540
3483 6967 933262242
3484 6968 776686144
3484 6969 856281790
3485 6970 440761184
3485 6971 718263113
3486 6972 12454101
3486 6973 846318309
3487 6974 520666978
3487 6975 309165550
3488 6976 200101533
3488 6977 943115540
3489 6978 226894341
3489 6979 18490310
3490 6980 923012647
3490 6981 198925977
3491 6982 638278633
3491 6983 527135602
3492 6984 535798311
3492 6985 112716869
3493 6986 364062526
3493 6987 719403031
3494 6988 261860705
3494 6989 200138817
3495 6990 904231837
3495 6991 128808205
3496 6992 306243160
3496 6993 452069897
3497 6994 282983899
3497 6995 575019198
3498 6996 387849932
3498 6997 852138389
3499 6998 846877837
3499 6999 407826698
3500 7000 884741671
3500 7001 444822594
3501 7002 427930469
3501 7003 892893702
3502 7004 62505248
3502 7005 293508114
3503 7006 779018011
3503 7007 290718115
3504 7008 898052301
3504 7009 469322738
3505 7010 525986700
3505 7011 950380915
3506 7012 589844751
3506 7013 489152424
3507 7014 734518423
3507 7015 669550655
3508 7016 194796603
3508 7017 472140257
3509 7018 822608644
3509 7019 209929440
3510 7020 565510247
3510 7021 689351949
3511 7022 897401120
3511 7023 646469619
3512 7024 39328149
3512 7025 392959748
3513 7026 610887191
3513 7027 278847957
3514 7028 489232678
3514 7029 392702955
3515 7030 598505026
3515 7031 146765454
3516 7032 594327647
3516 7033 1789184
3517 7034 962637532
3517 7035 258516315
3518 7036 443882448
3518 7037 984422564
3519 7038 706971601
3519 7039 988688908
3520 7040 998731052
3520 7041 464756388
3521 7042 867983751
3521 7043 693204805
3522 7044 212014841
3522 7045 258906268
3523 7046 239778641
3523 7047 951492804
3524 7048 179634491
3524 7049 562850743
3525 7050 512451907
3525 7051 101721685
3526 7052 424131684
3526 7053 807304793
3527 7054 137865985
3527 7055 153723545
3528 7056 111375145
3528 7057 167647406
3529 7058 674939763
3529 7059 742505660
3530 7060 718321107
3530 7061 737012079
3531 7062 642212723
3531 7063 794677016
3532 7064 327881181
3532 7065 561128368
3533 7066 777674062
3533 7067 821362707
3534 7068 584819921
3534 7069 695895192
3535 7070 211274481
3535 7071 603049715
3536 7072 656039426
3536 7073 415521164
3537 7074 567388886
3537 7075 116221873
3538 7076 1075038
3538 7077 349398749
3539 7078 242453187
3539 7079 973387455
3540 7080 143016625
3540 7081 434784308
3541 7082 125523316
3541 7083 504655191
3542 7084 7480582
3542 7085 397650736
3543 7086 107700426
3543 7087 302736688
3544 7088 965505750
3544 7089 557709090
3545 7090 390719037
3545 7091 280797748
3546 7092 887074855
3546 7093 820564230
3547 7094 557094493
3547 7095 373694437
3548 7096 554641787
3548 7097 764303350
3549 7098 835753977
3549 7099 226361268
3550 7100 533048568
3550 7101 74532296
3551 7102 46188584
3551 7103 515237405
3552 7104 824595452
3552 7105 445621233
3553 7106 910574515
3553 7107 392176271
3554 7108 590123749
3554 7109 970407029
3555 7110 747609443
3555 7111 435692586
3556 7112 721177111
3556 7113 313710049
3557 7114 655918447
3557 7115 939065236
3558 7116 235225779
3558 7117 434257912
3559 7118 58398887
3559 7119 788516395
3560 7120 639856550
3560 7121 984765273
3561 7122 907587667
3561 7123 119843959
3562 7124 470151264
3562 7125 565053695
3563 7126 885131117
3563 7127 738462745
3564 7128 161962696
3564 7129 364235908
3565 7130 96693936
3565 7131 500337130
3566 7132 457039186
3566 7133 24621010
3567 7134 741387029
3567 7135 415502301
3568 7136 702084084
3568 7137 477716478
3569 7138 845912125
3569 7139 59639592
3570 7140 958514768
3570 7141 806852024
3571 7142 250840100
3571 7143 919061148
3572 7144 756543537
3572 7145 982638827
3573 7146 104514778
3573 7147 509367619
3574 7148 697611353
3574 7149 383108772
3575 7150 550256262
3575 7151 333078365
3576 7152 139745903
3576 7153 601160293
3577 7154 446500192
3577 7155 801516759
3578 7156 428476491
3578 7157 270833885
3579 7158 681839499
3579 7159 503138498
3580 7160 424088846
3580 7161 484721429
3581 7162 479606108
3581 7163 623367696
3582 7164 35149963
3582 7165 573976400
3583 7166 404298188
3583 7167 285847030
3584 7168 632175287
3584 7169 972986350
3585 7170 663852396
3585 7171 630106959
3586 7172 132017818
3586 7173 736063394
3587 7174 266662720
3587 7175 909111590
3588 7176 569429291
3588 7177 515553874
3589 7178 126762017
3589 7179 765041125
3590 7180 318752596
3590 7181 400026204
3591 7182 918236352
3591 7183 831458853
3592 7184 877436225
3592 7185 474601747
3593 7186 294755993
3593 7187 815253194
3594 7188 474188317
3594 7189 803000506
3595 7190 868045969
3595 7191 74547139
3596 7192 775548767
3596 7193 117348357
3597 7194 358431751
3597 7195 522145064
3598 7196 17474808
3598 7197 709246700
3599 7198 585026212
3599 7199 364449790
3600 7200 763549976
3600 7201 746505039
3601 7202 231171982
3601 7203 282632909
3602 7204 399775250
3602 7205 885227378
3603 7206 432500526
3603 7207 962003135
3604 7208 267390167
3604 7209 557901821
3605 7210 413404401
3605 7211 866983515
3606 7212 792568889
3606 7213 705659624
3607 7214 271518253
3607 7215 294896636
3608 7216 808150086
3608 7217 780713266
3609 7218 499355709
3609 7219 718049047
3610 7220 492914851
3610 7221 86581479
3611 7222 477555166
3611 7223 205976450
3612 7224 70624011
3612 7225 236169779
3613 7226 932872205
3613 7227 700842018
3614 7228 152303146
3614 7229 243444546
3615 7230 658653820
3615 7231 741167391
3616 7232 21351389
3616 7233 116701846
3617 7234 752598025
3617 7235 623649170
3618 7236 443495154
3618 7237 350232510
3619 7238 772902384
3619 7239 984672858
3620 7240 163713110
3620 7241 190620990
3621 7242 444137943
3621 7243 52731367
3622 7244 274045102
3622 7245 928006430
3623 7246 386758267
3623 7247 826131647
3624 7248 804154670
3624 7249 210361948
3625 7250 319966972
3625 7251 175160507
3626 7252 188379064
3626 7253 217834500
3627 7254 414275999
3627 7255 821465781
3628 7256 175155948
3628 7257 706333150
3629 7258 720249946
3629 7259 500549546
3630 7260 612619422
3630 7261 570587037
3631 7262 232079651
3631 7263 507044043
3632 7264 63320305
3632 7265 810275009
3633 7266 396748931
3633 7267 673811838
3634 7268 230388987
3634 7269 521488564
3635 7270 63838556
3635 7271 849786225
3636 7272 34855110
3636 7273 558454999
3637 7274 995686715
3637 7275 827691525
3638 7276 167630072
3638 7277 674557260
3639 7278 666403127
3639 7279 496360452
3640 7280 110377887
3640 7281 497340578
3641 7282 160070881
3641 7283 285765846
3642 7284 424467741
3642 7285 366816698
3643 7286 925840893
3643 7287 366003549
3644 7288 321499380
3644 7289 569386280
3645 7290 661734253
3645 7291 15517809
3646 7292 21505383
3646 7293 354200077
3647 7294 45434069
3647 7295 82767204
3648 7296 244550285
3648 7297 695771612
3649 7298 491864024
3649 7299 652227513
3650 7300 355272006
3650 7301 159281781
3651 7302 590444686
3651 7303 497691857
3652 7304 967112231
3652 7305 307941049
3653 7306 854789846
3653 7307 278928795
3654 7308 901200409
3654 7309 828598688
3655 7310 391537310
3655 7311 719803042
3656 7312 836008305
3656 7313 753081016
3657 7314 330055936
3657 7315 553895082
3658 7316 63402279
3658 7317 958382228
3659 7318 886918673
3659 7319 705197592
3660 7320 533463505
3660 7321 243574335
3661 7322 398764347
3661 7323 276993633
3662 7324 206324678
3662 7325 662841298
3663 7326 141898883
3663 7327 951445716
3664 7328 209809766
3664 7329 80075150
3665 7330 294078456
3665 7331 421033214
3666 7332 611414919
3666 7333 855943077
3667 7334 338961365
3667 7335 362584193
3668 7336 977156435
3668 7337 887190159
3669 7338 642518859
3669 7339 111767526
3670 7340 91760898
3670 7341 564605473
3671 7342 271622695
3671 7343 114970941
3672 7344 991521590
3672 7345 265801272
3673 7346 443257216
3673 7347 197659414
3674 7348 993999877
3674 7349 641932257
3675 7350 907431790
3675 7351 763027616
3676 7352 95022271
3676 7353 672223442
3677 7354 189436263
3677 7355 646668659
3678 7356 223195804
3678 7357 228643307
3679 7358 990863431
3679 7359 608545055
3680 7360 821331703
3680 7361 753894184
3681 7362 329385526
3681 7363 272618290
3682 7364 731558311
3682 7365 25741140
3683 7366 352447923
3683 7367 331061111
3684 7368 173614746
3684 7369 318302166
3685 7370 887634080
3685 7371 657582012
3686 7372 562323073
3686 7373 498433968
3687 7374 346321018
3687 7375 925436314
3688 7376 95528289
3688 7377 237767580
3689 7378 63054145
3689 7379 747582724
3690 7380 782740426
3690 7381 416585975
3691 7382 730025426
3691 7383 144922025
3692 7384 186103445
3692 7385 133350304
3693 7386 725019053
3693 7387 926797432
3694 7388 169907564
3694 7389 782129829
3695 7390 701435686
3695 7391 811967273
3696 7392 375050792
3696 7393 496408221
3697 7394 568550220
3697 7395 570966980
3698 7396 238158039
3698 7397 829645733
3699 7398 755653536
3699 7399 408329601
3700 7400 45275093
3700 7401 149154713
3701 7402 983270306
3701 7403 248165611
3702 7404 563168153
3702 7405 787994695
3703 7406 413137935
3703 7407 259675455
3704 7408 803743182
3704 7409 805467839
3705 7410 878475227
3705 7411 923918854
3706 7412 411619568
3706 7413 248953035
3707 7414 791501445
3707 7415 988889238
3708 7416 457278015
3708 7417 722535187
3709 7418 496776009
3709 7419 317359325
3710 7420 643584137
3710 7421 884616559
3711 7422 581193131
3711 7423 514850969
3712 7424 202999448
3712 7425 24967101
3713 7426 797245204
3713 7427 332246364
3714 7428 77997591
3714 7429 680513165
3715 7430 994168226
3715 7431 589350055
3716 7432 383617320
3716 7433 577813543
3717 7434 617163317
3717 7435 354943685
3718 7436 635445833
3718 7437 158358304
3719 7438 250305686
3719 7439 164918809
3720 7440 437003866
3720 7441 784428684
3721 7442 534034906
3721 7443 802763030
3722 7444 472695908
3722 7445 243861944
3723 7446 582328936
3723 7447 907887794
3724 7448 929452431
3724 7449 504952716
3725 7450 449817159
3725 7451 734840766
3726 7452 392847360
3726 7453 934713219
3727 7454 384353720
3727 7455 462669040
3728 7456 951664503
3728 7457 139323002
3729 7458 528885589
3729 7459 252993110
3730 7460 175400539
3730 7461 209538784
3731 7462 705669642
3731 7463 732233460
3732 7464 569882640
3732 7465 704835832
3733 7466 78513261
3733 7467 833497656
3734 7468 143345554
3734 7469 228809929
3735 7470 628402443
3735 7471 100778345
3736 7472 405381772
3736 7473 823432032
3737 7474 309193513
3737 7475 118763416
3738 7476 8693705
3738 7477 219223067
3739 7478 977163882
3739 7479 902017459
3740 7480 300330104
3740 7481 977527960
3741 7482 332298234
3741 7483 250816987
3742 7484 253839617
3742 7485 684404685
3743 7486 756526340
3743 7487 230861157
3744 7488 647585747
3744 7489 63242471
3745 7490 310412899
3745 7491 660749796
3746 7492 918179845
3746 7493 134059841
3747 7494 464910647
3747 7495 799199990
3748 7496 421076926
3748 7497 900026877
3749 7498 706905423
3749 7499 769874924
3750 7500 768411131
3750 7501 443253105
3751 7502 580391429
3751 7503 669033010
3752 7504 851613277
3752 7505 271136742
3753 7506 923294095
3753 7507 112019492
3754 7508 507400559
3754 7509 586114730
3755 7510 552226009
3755 7511 689566829
3756 7512 317896122
3756 7513 745411469
3757 7514 143776526
3757 7515 60732163
3758 7516 286091676
3758 7517 866272567
3759 7518 142996076
3759 7519 749659745
3760 7520 225419169
3760 7521 31101742
3761 7522 984288515
3761 7523 742357125
3762 7524 884290373
3762 7525 413952776
3763 7526 61674201
3763 7527 229839976
3764 7528 869013349
3764 7529 781224463
3765 7530 909600780
3765 7531 484847298
3766 7532 765237835
3766 7533 162431519
3767 7534 713365020
3767 7535 331921916
3768 7536 238527781
3768 7537 212874626
3769 7538 550683002
3769 7539 690089125
3770 7540 868198599
3770 7541 193130764
3771 7542 416926907
3771 7543 936635565
3772 7544 201802721
3772 7545 639431762
3773 7546 386301310
3773 7547 152336847
3774 7548 698017188
3774 7549 959214445
3775 7550 38415287
3775 7551 244730749
3776 7552 409284571
3776 7553 443211321
3777 7554 289309376
3777 7555 405711964
3778 7556 971722984
3778 7557 730939405
3779 7558 58217425
3779 7559 583782292
3780 7560 733461835
3780 7561 630588072
3781 7562 879706932
3781 7563 420047645
3782 7564 331078292
3782 7565 939578874
3783 7566 570653397
3783 7567 171448335
3784 7568 5947664
3784 7569 145816466
3785 7570 366535356
3785 7571 420323305
3786 7572 580032376
3786 7573 498366953
3787 7574 75727306
3787 7575 58913879
3788 7576 250912323
3788 7577 664467863
3789 7578 505823169
3789 7579 635129588
3790 7580 310507566
3790 7581 181501758
3791 7582 551858550
3791 7583 62187875
3792 7584 27032620
3792 7585 332206627
3793 7586 674788330
3793 7587 356579214
3794 7588 795034757
3794 7589 565648565
3795 7590 528517931
3795 7591 212981136
3796 7592 634495026
3796 7593 938499330
3797 7594 114101645
3797 7595 451740072
3798 7596 233572336
3798 7597 708680990
3799 7598 982720023
3799 7599 419801543
3800 7600 639573096
3800 7601 825581202
3801 7602 684398391
3801 7603 361078001
3802 7604 152427893
3802 7605 626539602
3803 7606 474681211
3803 7607 829159025
3804 7608 44472938
3804 7609 248152664
3805 7610 864277737
3805 7611 297521380
3806 7612 946005581
3806 7613 400891218
3807 7614 119693603
3807 7615 125987894
3808 7616 902289244
3808 7617 191195326
3809 7618 277099204
3809 7619 550156268
3810 7620 187787673
3810 7621 299655109
3811 7622 874196380
3811 7623 185719392
3812 7624 182862647
3812 7625 668933952
3813 7626 141407484
3813 7627 796603142
3814 7628 695841789
3814 7629 449474461
3815 7630 181419233
3815 7631 654095230
3816 7632 146342897
3816 7633 849148477
3817 7634 118034984
3817 7635 545392894
3818 7636 186685880
3818 7637 377518076
3819 7638 96420024
3819 7639 812028574
3820 7640 357484757
3820 7641 730185527
3821 7642 129842239
3821 7643 175786779
3822 7644 345456617
3822 7645 484846642
3823 7646 744646845
3823 7647 898963660
3824 7648 456694037
3824 7649 954526513
3825 7650 679005577
3825 7651 938951865
3826 7652 60038167
3826 7653 498182170
3827 7654 496685268
3827 7655 523611231
3828 7656 920437939
3828 7657 324587111
3829 7658 796835111
3829 7659 958610188
3830 7660 877182246
3830 7661 253031175
3831 7662 635169979
3831 7663 893687001
3832 7664 553509085
3832 7665 943693464
3833 7666 857936151
3833 7667 371493240
3834 7668 26020471
3834 7669 126568922
3835 7670 327916438
3835 7671 33189053
3836 7672 554513598
3836 7673 689147063
3837 7674 827812607
3837 7675 113439651
3838 7676 593108783
3838 7677 353931121
3839 7678 822828791
3839 7679 578410834
3840 7680 193029902
3840 7681 791084564
3841 7682 731844834
3841 7683 882614058
3842 7684 122001211
3842 7685 121982629
3843 7686 907959403
3843 7687 132089839
3844 7688 532744250
3844 7689 866712216
3845 7690 198666158
3845 7691 214378959
3846 7692 903339092
3846 7693 948945922
3847 7694 726973947
3847 7695 862358619
3848 7696 220587267
3848 7697 15736444
3849 7698 297564078
3849 7699 783114031
3850 7700 260583814
3850 7701 954013359
3851 7702 559991649
3851 7703 521747886
3852 7704 234198232
3852 7705 870655638
3853 7706 958018273
3853 7707 535331447
3854 7708 123629617
3854 7709 717985600
3855 7710 431848992
3855 7711 430732774
3856 7712 432937332
3856 7713 799647969
3857 7714 344931912
3857 7715 326729284
3858 7716 918121350
3858 7717 180943849
3859 7718 178840423
3859 7719 278743162
3860 7720 94754956
3860 7721 838447200
3861 7722 626974246
3861 7723 795207295
3862 7724 815114797
3862 7725 257347652
3863 7726 711157862
3863 7727 514143851
3864 7728 597711787
3864 7729 348959661
3865 7730 379795884
3865 7731 430140145
3866 7732 373334105
3866 7733 167701793
3867 7734 383983621
3867 7735 848304594
3868 7736 912703605
3868 7737 155840041
3869 7738 160140826
3869 7739 403446665
3870 7740 107047469
3870 7741 195183908
3871 7742 235967565
3871 7743 970581180
3872 7744 348345070
3872 7745 830356654
3873 7746 947019818
3873 7747 138277555
3874 7748 773637923
3874 7749 313677454
3875 7750 145558797
3875 7751 675486746
3876 7752 731245299
3876 7753 224066897
3877 7754 913803494
3877 7755 814109170
3878 7756 842072122
3878 7757 450757790
3879 7758 587511778
3879 7759 19100768
3880 7760 363551290
3880 7761 607994214
3881 7762 879400969
3881 7763 433126488
3882 7764 607266073
3882 7765 64398068
3883 7766 215627828
3883 7767 778723100
3884 7768 601994793
3884 7769 257529541
3885 7770 135423216
3885 7771 729829652
3886 7772 837456966
3886 7773 149015166
3887 7774 486001011
3887 7775 151100918
3888 7776 304070320
3888 7777 370438547
3889 7778 198001464
3889 7779 592247798
3890 7780 934797544
3890 7781 488618519
3891 7782 766965871
3891 7783 138727063
3892 7784 821175506
3892 7785 946130171
3893 7786 658739548
3893 7787 143181696
3894 7788 923231111
3894 7789 672115370
3895 7790 536299791
3895 7791 982214594
3896 7792 803201825
3896 7793 72523239
3897 7794 370554017
3897 7795 612237243
3898 7796 589957406
3898 7797 806662948
3899 7798 216178872
3899 7799 108866493
3900 7800 799208570
3900 7801 627620871
3901 7802 251649781
3901 7803 252089843
3902 7804 909174459
3902 7805 794115620
3903 7806 8131341
3903 7807 457127819
3904 7808 568233165
3904 7809 382890879
3905 7810 821214979
3905 7811 390398900
3906 7812 984811772
3906 7813 690238835
3907 7814 470162602
3907 7815 988813902
3908 7816 416167531
3908 7817 315681623
3909 7818 400642433
3909 7819 621493608
3910 7820 174459493
3910 7821 465975233
3911 7822 750862487
3911 7823 81091964
3912 7824 834974336
3912 7825 158962922
3913 7826 223368947
3913 7827 682292077
3914 7828 709849938
3914 7829 805110094
3915 7830 124471959
3915 7831 354723120
3916 7832 494809444
3916 7833 352210501
3917 7834 113952901
3917 7835 542004494
3918 7836 434751430
3918 7837 407662824
3919 7838 163195168
3919 7839 76880898
3920 7840 27871896
3920 7841 660776922
3921 7842 653947039
3921 7843 365901161
3922 7844 235642734
3922 7845 283312376
3923 7846 618606569
3923 7847 116351362
3924 7848 136596346
3924 7849 579477669
3925 7850 23121991
3925 7851 873987764
3926 7852 711536700
3926 7853 683457458
3927 7854 300619568
3927 7855 182444973
3928 7856 107153361
3928 7857 678609141
3929 7858 616559898
3929 7859 270201156
3930 7860 496715817
3930 7861 41141330
3931 7862 411076936
3931 7863 815132410
3932 7864 535699181
3932 7865 477822290
3933 7866 593708956
3933 7867 533662376
3934 7868 690527279
3934 7869 781125243
3935 7870 661874520
3935 7871 9153623
3936 7872 826923767
3936 7873 998839842
3937 7874 95567943
3937 7875 902563292
3938 7876 202796077
3938 7877 729831507
3939 7878 184102657
3939 7879 296058596
3940 7880 457752491
3940 7881 766465940
3941 7882 259829073
3941 7883 415955326
3942 7884 783188512
3942 7885 675259931
3943 7886 786648545
3943 7887 264212204
3944 7888 215928405
3944 7889 656659541
3945 7890 112851540
3945 7891 453457768
3946 7892 640421855
3946 7893 761476891
3947 7894 973391876
3947 7895 29983903
3948 7896 950701658
3948 7897 218213110
3949 7898 479763176
3949 7899 830079872
3950 7900 411784550
3950 7901 52133804
3951 7902 773751208
3951 7903 16505803
3952 7904 588476144
3952 7905 416746174
3953 7906 556550673
3953 7907 902428157
3954 7908 762709
3954 7909 85553768
3955 7910 311137131
3955 7911 583577536
3956 7912 690068417
3956 7913 78073507
3957 7914 41305431
3957 7915 837294547
3958 7916 55390547
3958 7917 700198041
3959 7918 391036514
3959 7919 485710456
3960 7920 857139250
3960 7921 691316835
3961 7922 289472533
3961 7923 104833643
3962 7924 726365468
3962 7925 334146401
3963 7926 264059963
3963 7927 924616365
3964 7928 524963625
3964 7929 404238248
3965 7930 551500447
3965 7931 864985688
3966 7932 600510700
3966 7933 874252711
3967 7934 680009411
3967 7935 233124408
3968 7936 833938383
3968 7937 333471826
3969 7938 82766174
3969 7939 899810011
3970 7940 284639729
3970 7941 113115369
3971 7942 955171553
3971 7943 557050422
3972 7944 399357438
3972 7945 364227949
3973 7946 28354669
3973 7947 896868587
3974 7948 171302533
3974 7949 131464917
3975 7950 568655200
3975 7951 553165035
3976 7952 997661061
3976 7953 179559046
3977 7954 206494855
3977 7955 529076332
3978 7956 383368989
3978 7957 508246807
3979 7958 814831905
3979 7959 4072916
3980 7960 863994739
3980 7961 739498913
3981 7962 376813707
3981 7963 13215505
3982 7964 218750298
3982 7965 589426375
3983 7966 898409171
3983 7967 536239560
3984 7968 939264535
3984 7969 384005837
3985 7970 225708456
3985 7971 505661971
3986 7972 66792981
3986 7973 685918436
3987 7974 836655059
3987 7975 482706932
3988 7976 742038487
3988 7977 561389078
3989 7978 808126309
3989 7979 660923288
3990 7980 480407265
3990 7981 880530972
3991 7982 269331348
3991 7983 737509485
3992 7984 243784407
3992 7985 717168227
3993 7986 297176548
3993 7987 316074172
3994 7988 48922458
3994 7989 696032649
3995 7990 232832197
3995 7991 820314404
3996 7992 166403492
3996 7993 241541341
3997 7994 657374548
3997 7995 842499589
3998 7996 240274256
3998 7997 902784604
3999 7998 518589696
3999 7999 405891044
4000 8000 137969046
4000 8001 542220299
4001 8002 853187578
4001 8003 857750568
4002 8004 307785486
4002 8005 376971360
4003 8006 676349115
4003 8007 325596475
4004 8008 844580443
4004 8009 144571351
4005 8010 345982462
4005 8011 209754047
4006 8012 573542405
4006 8013 672841281
4007 8014 347260075
4007 8015 472375466
4008 8016 137421731
4008 8017 53231602
4009 8018 39082215
4009 8019 860840419
4010 8020 829159461
4010 8021 779125226
4011 8022 633030795
4011 8023 934200466
4012 8024 32657217
4012 8025 236353752
4013 8026 111800052
4013 8027 468976807
4014 8028 385515241
4014 8029 859862749
4015 8030 176310409
4015 8031 92704756
4016 8032 236958638
4016 8033 259393915
4017 8034 66656517
4017 8035 327856068
4018 8036 874062514
4018 8037 380234982
4019 8038 487433498
4019 8039 192332232
4020 8040 656478998
4020 8041 929250394
4021 8042 118200982
4021 8043 321245924
4022 8044 914241256
4022 8045 753121278
4023 8046 959978002
4023 8047 925341893
4024 8048 508676851
4024 8049 666747992
4025 8050 77665523
4025 8051 208302107
4026 8052 814973550
4026 8053 762018735
4027 8054 390104574
4027 8055 540629518
4028 8056 715202721
4028 8057 443203580
4029 8058 154000093
4029 8059 663336402
4030 8060 294220393
4030 8061 793074144
4031 8062 789446359
4031 8063 733898276
4032 8064 967439788
4032 8065 996470679
4033 8066 364310899
4033 8067 329974510
4034 8068 7069637
4034 8069 676413500
4035 8070 140258001
4035 8071 88801830
4036 8072 819782612
4036 8073 287477847
4037 8074 724838573
4037 8075 891809159
4038 8076 379657850
4038 8077 731799604
4039 8078 252311945
4039 8079 914050565
4040 8080 297667858
4040 8081 102348295
4041 8082 144187363
4041 8083 616073867
4042 8084 656924395
4042 8085 697995213
4043 8086 722984877
4043 8087 95580932
4044 8088 134582476
4044 8089 434980517
4045 8090 537570200
4045 8091 774416559
4046 8092 211085323
4046 8093 211036629
4047 8094 943255106
4047 8095 759442557
4048 8096 502619720
4048 8097 185355689
4049 8098 832615514
4049 8099 339636686
4050 8100 256879441
4050 8101 212117959
4051 8102 728048063
4051 8103 254747943
4052 8104 917725442
4052 8105 368026097
4053 8106 296477474
4053 8107 638471215
4054 8108 11382317
4054 8109 64331288
4055 8110 327758296
4055 8111 657514724
4056 8112 479908691
4056 8113 436419897
4057 8114 984686262
4057 8115 259983251
4058 8116 946308899
4058 8117 272767666
4059 8118 427553911
4059 8119 66887675
4060 8120 71617045
4060 8121 746284581
4061 8122 741690593
4061 8123 516368363
4062 8124 822033237
4062 8125 848156112
4063 8126 149804455
4063 8127 354937908
4064 8128 315558475
4064 8129 197410185
4065 8130 296596881
4065 8131 564186994
4066 8132 374626289
4066 8133 714668481
4067 8134 48849074
4067 8135 817574332
4068 8136 462861358
4068 8137 332585993
4069 8138 360044608
4069 8139 336714802
4070 8140 974992573
4070 8141 768813263
4071 8142 380043726
4071 8143 895911615
4072 8144 714383008
4072 8145 739606645
4073 8146 32436450
4073 8147 147413725
4074 8148 716989925
4074 8149 67524028
4075 8150 960679653
4075 8151 583477203
4076 8152 995157087
4076 8153 860355284
4077 8154 562330203
4077 8155 740107879
4078 8156 467971445
4078 8157 199018460
4079 8158 6480626
4079 8159 237359707
4080 8160 155677980
4080 8161 463439825
4081 8162 204773951
4081 8163 433518970
4082 8164 793409077
4082 8165 910714108
4083 8166 899672355
4083 8167 74326928
4084 8168 485613967
4084 8169 426565341
4085 8170 968877413
4085 8171 12740798
4086 8172 830819189
4086 8173 953712836
4087 8174 211217801
4087 8175 495801291
4088 8176 863522903
4088 8177 225908188
4089 8178 149475280
4089 8179 207271725
4090 8180 512803440
4090 8181 118091211
4091 8182 726753876
4091 8183 589492589
4092 8184 88031979
4092 8185 468686981
4093 8186 710844193
4093 8187 720164767
4094 8188 590893455
4094 8189 420998913
4095 8190 602340020
4095 8191 604611539
4096 8192 303684971
4096 8193 208300186
4097 8194 156454616
4097 8195 149620209
4098 8196 164021416
4098 8197 692357979
4099 8198 472474275
4099 8199 40252049
4100 8200 720571982
4100 8201 253910701
4101 8202 380347224
4101 8203 437149646
4102 8204 816103903
4102 8205 174848285
4103 8206 256866512
4103 8207 552120681
4104 8208 119812582
4104 8209 643001486
4105 8210 118646281
4105 8211 917342354
4106 8212 501143683
4106 8213 416174284
4107 8214 271435944
4107 8215 596940404
4108 8216 96407167
4108 8217 980984544
4109 8218 451853620
4109 8219 39380143
4110 8220 656554278
4110 8221 122719991
4111 8222 414962485
4111 8223 210679289
4112 8224 299954966
4112 8225 621094767
4113 8226 38468609
4113 8227 416405348
4114 8228 264952765
4114 8229 780678955
4115 8230 403815404
4115 8231 200389514
4116 8232 526655243
4116 8233 841703243
4117 8234 835146498
4117 8235 721164234
4118 8236 141371872
4118 8237 253421818
4119 8238 469320923
4119 8239 830450460
4120 8240 601381530
4120 8241 488987284
4121 8242 809996607
4121 8243 512213373
4122 8244 739272759
4122 8245 122314017
4123 8246 743787138
4123 8247 724225096
4124 8248 597042840
4124 8249 33932795
4125 8250 185690026
4125 8251 372432088
4126 8252 521524465
4126 8253 544182942
4127 8254 164484137
4127 8255 792049642
4128 8256 130252844
4128 8257 199169873
4129 8258 21801337
4129 8259 536494485
4130 8260 923620925
4130 8261 590927710
4131 8262 619242190
4131 8263 310589460
4132 8264 145715781
4132 8265 627399769
4133 8266 153358135
4133 8267 695822495
4134 8268 898118780
4134 8269 54885796
4135 8270 791597404
4135 8271 962393885
4136 8272 764135223
4136 8273 869593224
4137 8274 761540512
4137 8275 539594125
4138 8276 237049864
4138 8277 458512328
4139 8278 948721123
4139 8279 887174680
4140 8280 774197410
4140 8281 428351588
4141 8282 144814685
4141 8283 46190799
4142 8284 410095478
4142 8285 708317749
4143 8286 399268941
4143 8287 200217951
4144 8288 378859221
4144 8289 668179511
4145 8290 298826668
4145 8291 521038800
4146 8292 188369807
4146 8293 891346569
4147 8294 457536675
4147 8295 323535878
4148 8296 216698994
4148 8297 669569377
4149 8298 871792061
4149 8299 374936048
4150 8300 725977701
4150 8301 659464854
4151 8302 951470095
4151 8303 258735045
4152 8304 382733325
4152 8305 952778967
4153 8306 310935274
4153 8307 88755295
4154 8308 163452893
4154 8309 992439511
4155 8310 677120517
4155 8311 315393289
4156 8312 691836542
4156 8313 806219514
4157 8314 144584936
4157 8315 976372607
4158 8316 14897220
4158 8317 661621852
4159 8318 338114836
4159 8319 844182927
4160 8320 759886612
4160 8321 216097933
4161 8322 148864494
4161 8323 398584531
4162 8324 857362112
4162 8325 296802198
4163 8326 701764785
4163 8327 258298910
4164 8328 98101979
4164 8329 576305218
4165 8330 384438274
4165 8331 536780109
4166 8332 822160396
4166 8333 326712636
4167 8334 717462234
4167 8335 486540549
4168 8336 757727761
4168 8337 440717361
4169 8338 607252903
4169 8339 373344370
4170 8340 990285081
4170 8341 32489871
4171 8342 208929936
4171 8343 717256020
4172 8344 273832652
4172 8345 755463087
4173 8346 5830292
4173 8347 534487723
4174 8348 540859954
4174 8349 167664392
4175 8350 613413384
4175 8351 787161142
4176 8352 281782715
4176 8353 585046306
4177 8354 735959807
4177 8355 515317406
4178 8356 981822144
4178 8357 371962270
4179 8358 617452809
4179 8359 174848546
4180 8360 86897253
4180 8361 995153085
4181 8362 65793439
4181 8363 985455467
4182 8364 232504884
4182 8365 32065570
4183 8366 49906801
4183 8367 490621650
4184 8368 434918253
4184 8369 56942421
4185 8370 303724353
4185 8371 585812819
4186 8372 799680115
4186 8373 210876814
4187 8374 397040702
4187 8375 312750775
4188 8376 40348070
4188 8377 312374601
4189 8378 970205674
4189 8379 443475872
4190 8380 629341437
4190 8381 277561605
4191 8382 905078259
4191 8383 678322252
4192 8384 901850747
4192 8385 279282825
4193 8386 589346245
4193 8387 838537712
4194 8388 233349468
4194 8389 301339085
4195 8390 294703868
4195 8391 361347388
4196 8392 691235179
4196 8393 246429508
4197 8394 468469010
4197 8395 829311769
4198 8396 498854443
4198 8397 648272645
4199 8398 561105047
4199 8399 946067747
4200 8400 946078870
4200 8401 506894769
4201 8402 475864642
4201 8403 148827732
4202 8404 297462236
4202 8405 205547379
4203 8406 18110969
4203 8407 783312736
4204 8408 512934754
4204 8409 86509000
4205 8410 71463662
4205 8411 912971533
4206 8412 582937154
4206 8413 414323433
4207 8414 633847127
4207 8415 536186890
4208 8416 707825864
4208 8417 612514675
4209 8418 295355940
4209 8419 718474602
4210 8420 829982016
4210 8421 538905496
4211 8422 907451835
4211 8423 904429617
4212 8424 966865966
4212 8425 982561833
4213 8426 673175168
4213 8427 621338341
4214 8428 503537398
4214 8429 311838856
4215 8430 774518318
4215 8431 898531258
4216 8432 47739137
4216 8433 793325012
4217 8434 486705369
4217 8435 617458954
4218 8436 784800406
4218 8437 658903570
4219 8438 235358751
4219 8439 84763634
4220 8440 637905334
4220 8441 806084445
4221 8442 214686775
4221 8443 591282454
4222 8444 159302719
4222 8445 148724687
4223 8446 221321750
4223 8447 870224896
4224 8448 392860634
4224 8449 794808003
4225 8450 523979260
4225 8451 661046637
4226 8452 611373517
4226 8453 997450955
4227 8454 337041196
4227 8455 189679157
4228 8456 734590261
4228 8457 370864685
4229 8458 912562421
4229 8459 945649410
4230 8460 553103269
4230 8461 571757614
4231 8462 762258987
4231 8463 552486512
4232 8464 43044329
4232 8465 207337727
4233 8466 18045956
4233 8467 2773883
4234 8468 432791657
4234 8469 421545267
4235 8470 601493890
4235 8471 962224822
4236 8472 186620129
4236 8473 832184027
4237 8474 950212135
4237 8475 148056161
4238 8476 307901224
4238 8477 379305695
4239 8478 286727229
4239 8479 740734020
4240 8480 443050178
4240 8481 304447415
4241 8482 89940112
4241 8483 762984458
4242 8484 706746624
4242 8485 290793020
4243 8486 683215695
4243 8487 618798050
4244 8488 951068459
4244 8489 652141865
4245 8490 574764276
4245 8491 620952916
4246 8492 609109995
4246 8493 66425753
4247 8494 399583038
4247 8495 935520345
4248 8496 743424895
4248 8497 238819558
4249 8498 184562237
4249 8499 778212429
4250 8500 711807514
4250 8501 964496879
4251 8502 577838137
4251 8503 307519600
4252 8504 178330887
4252 8505 929774172
4253 8506 407295315
4253 8507 622027743
4254 8508 394646575
4254 8509 167906299
4255 8510 344736969
4255 8511 601523023
4256 8512 104924312
4256 8513 580784133
4257 8514 463548842
4257 8515 159779092
4258 8516 29812653
4258 8517 570734193
4259 8518 256333881
4259 8519 519879283
4260 8520 210561486
4260 8521 456076098
4261 8522 633690731
4261 8523 425423750
4262 8524 97437260
4262 8525 708321346
4263 8526 397702419
4263 8527 934025471
4264 8528 512020930
4264 8529 906594663
4265 8530 257637625
4265 8531 758145971
4266 8532 709500128
4266 8533 89229878
4267 8534 449091302
4267 8535 640800115
4268 8536 136579761
4268 8537 690202665
4269 8538 768291009
4269 8539 973298102
4270 8540 819912311
4270 8541 557540081
4271 8542 352804046
4271 8543 892017424
4272 8544 258881675
4272 8545 390840007
4273 8546 853184487
4273 8547 930483794
4274 8548 770058051
4274 8549 910707733
4275 8550 171078901
4275 8551 77921869
4276 8552 202779931
4276 8553 817907760
4277 8554 325797592
4277 8555 131579528
4278 8556 865733764
4278 8557 542241374
4279 8558 488575123
4279 8559 245295459
4280 8560 15204321
4280 8561 932570784
4281 8562 332129463
4281 8563 336843861
4282 8564 599218306
4282 8565 15483877
4283 8566 107004178
4283 8567 634625775
4284 8568 213171898
4284 8569 495689932
4285 8570 450019198
4285 8571 342650403
4286 8572 535230832
4286 8573 235677216
4287 8574 949931972
4287 8575 68281863
4288 8576 868152410
4288 8577 847496910
4289 8578 843500900
4289 8579 272294012
4290 8580 419219106
4290 8581 182894644
4291 8582 20346246
4291 8583 531471714
4292 8584 208235491
4292 8585 926507480
4293 8586 13621279
4293 8587 159166165
4294 8588 417713626
4294 8589 787181520
4295 8590 363887781
4295 8591 192125822
4296 8592 953033516
4296 8593 747932050
4297 8594 484863881
4297 8595 79415101
4298 8596 543930048
4298 8597 124581648
4299 8598 282382537
4299 8599 760847267
4300 8600 329010726
4300 8601 210022155
4301 8602 803706760
4301 8603 945920548
4302 8604 422605035
4302 8605 591094544
4303 8606 82803010
4303 8607 633082019
4304 8608 229706536
4304 8609 226437371
4305 8610 959030255
4305 8611 374545483
4306 8612 355058406
4306 8613 344594117
4307 8614 517888747
4307 8615 385048411
4308 8616 382960981
4308 8617 617522519
4309 8618 604420754
4309 8619 743727265
4310 8620 716870841
4310 8621 998274128
4311 8622 715387807
4311 8623 231503528
4312 8624 438852168
4312 8625 369865731
4313 8626 325755198
4313 8627 522321255
4314 8628 405915288
4314 8629 982984785
4315 8630 505897120
4315 8631 75177800
4316 8632 826815666
4316 8633 755791804
4317 8634 166902382
4317 8635 119912703
4318 8636 44527493
4318 8637 889668925
4319 8638 600809232
4319 8639 60408906
4320 8640 424512441
4320 8641 568137065
4321 8642 597703820
4321 8643 744222361
4322 8644 525878026
4322 8645 747025918
4323 8646 682275776
4323 8647 80249602
4324 8648 529114575
4324 8649 943345014
4325 8650 937977059
4325 8651 177494120
4326 8652 156717099
4326 8653 615714679
4327 8654 944388521
4327 8655 734587039
4328 8656 443682918
4328 8657 254312682
4329 8658 885232794
4329 8659 870500865
4330 8660 410575060
4330 8661 597480524
4331 8662 485952436
4331 8663 511572578
4332 8664 470426619
4332 8665 975379487
4333 8666 22398349
4333 8667 428194791
4334 8668 497602406
4334 8669 484525336
4335 8670 605968566
4335 8671 289967416
4336 8672 242749637
4336 8673 188355788
4337 8674 587148044
4337 8675 231464175
4338 8676 682796030
4338 8677 651873117
4339 8678 571162941
4339 8679 701625112
4340 8680 780483007
4340 8681 419585659
4341 8682 541562719
4341 8683 34123604
4342 8684 363252060
4342 8685 168472828
4343 8686 956710287
4343 8687 30911112
4344 8688 160746318
4344 8689 350738260
4345 8690 607471989
4345 8691 373631319
4346 8692 494761176
4346 8693 608404893
4347 8694 184194009
4347 8695 799554989
4348 8696 308982242
4348 8697 971666383
4349 8698 758743705
4349 8699 299600885
4350 8700 322035785
4350 8701 454080720
4351 8702 193149237
4351 8703 855533952
4352 8704 518434404
4352 8705 427757703
4353 8706 896177150
4353 8707 206905886
4354 8708 735040238
4354 8709 392600416
4355 8710 470365416
4355 8711 475227420
4356 8712 226936205
4356 8713 649666178
4357 8714 143935870
4357 8715 587010699
4358 8716 605727952
4358 8717 358613980
4359 8718 652275245
4359 8719 194340023
4360 8720 875324481
4360 8721 719176389
4361 8722 559262700
4361 8723 528075721
4362 8724 524007574
4362 8725 81201800
4363 8726 446904469
4363 8727 350593299
4364 8728 528731842
4364 8729 672883022
4365 8730 851073646
4365 8731 355260215
4366 8732 170270117
4366 8733 530156003
4367 8734 63170134
4367 8735 95301030
4368 8736 672458376
4368 8737 862968725
4369 8738 868530291
4369 8739 856452726
4370 8740 239242731
4370 8741 449518917
4371 8742 197894871
4371 8743 341826500
4372 8744 187847682
4372 8745 383511184
4373 8746 16598015
4373 8747 661107830
4374 8748 101839662
4374 8749 864962930
4375 8750 64910422
4375 8751 768267952
4376 8752 554446088
4376 8753 363333274
4377 8754 826024983
4377 8755 546401065
4378 8756 467679497
4378 8757 581864518
4379 8758 630310550
4379 8759 866904498
4380 8760 595268895
4380 8761 603760262
4381 8762 991668741
4381 8763 109931135
4382 8764 263676354
4382 8765 123507560
4383 8766 622041445
4383 8767 608643102
4384 8768 254633860
4384 8769 259707633
4385 8770 201581549
4385 8771 171867828
4386 8772 995267538
4386 8773 775549366
4387 8774 172660620
4387 8775 249113597
4388 8776 912865721
4388 8777 93341637
4389 8778 536378431
4389 8779 298856504
4390 8780 120772738
4390 8781 194268016
4391 8782 269719090
4391 8783 28405994
4392 8784 222637954
4392 8785 420044752
4393 8786 539981456
4393 8787 654071400
4394 8788 81202610
4394 8789 226382126
4395 8790 183009816
4395 8791 88904932
4396 8792 571951283
4396 8793 183724041
4397 8794 339251707
4397 8795 665149944
4398 8796 401842509
4398 8797 248527786
4399 8798 652805730
4399 8799 464958776
4400 8800 606208123
4400 8801 514314130
4401 8802 953474989
4401 8803 443137952
4402 8804 878453394
4402 8805 591812463
4403 8806 902185725
4403 8807 500893681
4404 8808 160873622
4404 8809 617211000
4405 8810 396438528
4405 8811 941176550
4406 8812 756104236
4406 8813 890995378
4407 8814 949833097
4407 8815 803223287
4408 8816 37914302
4408 8817 243873651
4409 8818 180847423
4409 8819 255819882
4410 8820 636093186
4410 8821 47184341
4411 8822 502749017
4411 8823 2433126
4412 8824 673560394
4412 8825 22548415
4413 8826 231696197
4413 8827 504972820
4414 8828 844630016
4414 8829 598145811
4415 8830 77424818
4415 8831 451719106
4416 8832 949486218
4416 8833 427074882
4417 8834 371371875
4417 8835 72719300
4418 8836 954003847
4418 8837 29435961
4419 8838 342762941
4419 8839 619271226
4420 8840 165578373
4420 8841 164540382
4421 8842 691349065
4421 8843 620051860
4422 8844 638473272
4422 8845 407950383
4423 8846 982465348
4423 8847 312174164
4424 8848 327858339
4424 8849 480041472
4425 8850 81572036
4425 8851 206820312
4426 8852 56006164
4426 8853 218939829
4427 8854 312487259
4427 8855 439515026
4428 8856 832932970
4428 8857 284543970
4429 8858 918893353
4429 8859 487572290
4430 8860 583370479
4430 8861 146144133
4431 8862 15771763
4431 8863 684458733
4432 8864 861411734
4432 8865 218805773
4433 8866 577315758
4433 8867 991462739
4434 8868 521478374
4434 8869 350807450
4435 8870 508641762
4435 8871 131308310
4436 8872 608160647
4436 8873 766779351
4437 8874 766132656
4437 8875 103771174
4438 8876 199778793
4438 8877 307078907
4439 8878 19339859
4439 8879 643813223
4440 8880 369356048
4440 8881 628665312
4441 8882 312000686
4441 8883 670607037
4442 8884 455344081
4442 8885 986273292
4443 8886 339420472
4443 8887 284094294
4444 8888 927040831
4444 8889 458228674
4445 8890 253771875
4445 8891 282132705
4446 8892 810194256
4446 8893 701745220
4447 8894 155430213
4447 8895 690841036
4448 8896 482143952
4448 8897 739990013
4449 8898 96641913
4449 8899 738140001
4450 8900 505144214
4450 8901 221796984
4451 8902 280297595
4451 8903 430424492
4452 8904 923638291
4452 8905 197164921
4453 8906 962631580
4453 8907 561436409
4454 8908 874778281
4454 8909 930172578
4455 8910 173390137
4455 8911 155930377
4456 8912 393601843
4456 8913 138740505
4457 8914 447449264
4457 8915 936766995
4458 8916 290936098
4458 8917 753795168
4459 8918 987327087
4459 8919 476000002
4460 8920 359994523
4460 8921 848722882
4461 8922 412963980
4461 8923 110570025
4462 8924 735306657
4462 8925 85117562
4463 8926 958101695
4463 8927 295786381
4464 8928 811372983
4464 8929 575958653
4465 8930 797480744
4465 8931 869855722
4466 8932 60449885
4466 8933 763152493
4467 8934 201580959
4467 8935 890099128
4468 8936 731900669
4468 8937 244836208
4469 8938 420603130
4469 8939 236748832
4470 8940 717752522
4470 8941 50157243
4471 8942 483582867
4471 8943 949405585
4472 8944 46938418
4472 8945 522068241
4473 8946 957989802
4473 8947 659279282
4474 8948 844719861
4474 8949 854083328
4475 8950 250516582
4475 8951 89880173
4476 8952 659933021
4476 8953 517579627
4477 8954 854524294
4477 8955 462845914
4478 8956 95314065
4478 8957 900850797
4479 8958 78479938
4479 8959 104785995
4480 8960 632011644
4480 8961 747161289
4481 8962 48988755
4481 8963 589497285
4482 8964 689289750
4482 8965 110219088
4483 8966 87412298
4483 8967 596098643
4484 8968 611611342
4484 8969 240476727
4485 8970 320447801
4485 8971 567068467
4486 8972 977496179
4486 8973 695415455
4487 8974 805563590
4487 8975 139525953
4488 8976 701318562
4488 8977 364913449
4489 8978 897196300
4489 8979 2608962
4490 8980 970642946
4490 8981 986475354
4491 8982 391430791
4491 8983 787435446
4492 8984 420761226
4492 8985 25321959
4493 8986 916976162
4493 8987 953694019
4494 8988 108679088
4494 8989 34162421
4495 8990 480372750
4495 8991 534752763
4496 8992 917737630
4496 8993 678853403
4497 8994 715195543
4497 8995 942530885
4498 8996 500773071
4498 8997 651915630
4499 8998 108327605
4499 8999 497965081
4500 9000 859180299
4500 9001 652731725
4501 9002 532694357
4501 9003 679261026
4502 9004 798929162
4502 9005 957316056
4503 9006 525994740
4503 9007 959661212
4504 9008 755713316
4504 9009 562076148
4505 9010 817786998
4505 9011 96351422
4506 9012 880260463
4506 9013 759087955
4507 9014 250316740
4507 9015 803654811
4508 9016 756059341
4508 9017 163504882
4509 9018 427266988
4509 9019 432048692
4510 9020 94707133
4510 9021 19548194
4511 9022 15225398
4511 9023 716861514
4512 9024 601886801
4512 9025 399848304
4513 9026 957083566
4513 9027 569004672
4514 9028 634418018
4514 9029 197541332
4515 9030 121019651
4515 9031 616026617
4516 9032 722522115
4516 9033 382275204
4517 9034 240958740
4517 9035 558307688
4518 9036 271744844
4518 9037 436177112
4519 9038 389373868
4519 9039 278393927
4520 9040 529629148
4520 9041 643635732
4521 9042 930948001
4521 9043 492461349
4522 9044 178519517
4522 9045 173153891
4523 9046 181600286
4523 9047 632618106
4524 9048 365755917
4524 9049 72145709
4525 9050 946499708
4525 9051 997935155
4526 9052 85300957
4526 9053 858301850
4527 9054 639773225
4527 9055 419503340
4528 9056 131905414
4528 9057 110037387
4529 9058 996092755
4529 9059 244224425
4530 9060 498758538
4530 9061 560247185
4531 9062 915740632
4531 9063 513120523
4532 9064 121140115
4532 9065 231200065
4533 9066 242339563
4533 9067 314791065
4534 9068 789885166
4534 9069 177605530
4535 9070 183118443
4535 9071 571943307
4536 9072 782267558
4536 9073 288142511
4537 9074 927270042
4537 9075 782501767
4538 9076 148371706
4538 9077 800342573
4539 9078 119058042
4539 9079 326316941
4540 9080 460432810
4540 9081 233154156
4541 9082 23329441
4541 9083 529193024
4542 9084 184198019
4542 9085 194825594
4543 9086 457596208
4543 9087 35941732
4544 9088 525678473
4544 9089 359349285
4545 9090 212332436
4545 9091 899549929
4546 9092 514648099
4546 9093 744937596
4547 9094 276565721
4547 9095 538776007
4548 9096 756933284
4548 9097 383926729
4549 9098 833367994
4549 9099 88865155
4550 9100 258880603
4550 9101 236406940
4551 9102 888164123
4551 9103 901074768
4552 9104 618186028
4552 9105 672282509
4553 9106 608708571
4553 9107 974144674
4554 9108 473281600
4554 9109 183693268
4555 9110 674417375
4555 9111 525722430
4556 9112 127683825
4556 9113 733197758
4557 9114 417075058
4557 9115 419866126
4558 9116 39310244
4558 9117 682519802
4559 9118 83624431
4559 9119 863560897
4560 9120 363351030
4560 9121 33784867
4561 9122 195825610
4561 9123 457670270
4562 9124 317323973
4562 9125 901957148
4563 9126 408800922
4563 9127 878410359
4564 9128 11592514
4564 9129 787781303
4565 9130 875213911
4565 9131 880269481
4566 9132 415437282
4566 9133 745285930
4567 9134 645867727
4567 9135 476479928
4568 9136 546186558
4568 9137 474263544
4569 9138 969747228
4569 9139 32793509
4570 9140 537557414
4570 9141 388927426
4571 9142 751730884
4571 9143 266344408
4572 9144 765574255
4572 9145 368027956
4573 9146 698844530
4573 9147 61567041
4574 9148 503075252
4574 9149 111708961
4575 9150 920046395
4575 9151 876916279
4576 9152 243108442
4576 9153 534345944
4577 9154 67023956
4577 9155 282453430
4578 9156 486879984
4578 9157 610222875
4579 9158 817561386
4579 9159 286643418
4580 9160 191093276
4580 9161 906332534
4581 9162 961198018
4581 9163 363962169
4582 9164 479995124
4582 9165 840768515
4583 9166 659540185
4583 9167 140486620
4584 9168 825189989
4584 9169 708887365
4585 9170 238277795
4585 9171 460649830
4586 9172 900634613
4586 9173 398744842
4587 9174 711962983
4587 9175 551615473
4588 9176 449791121
4588 9177 953625214
4589 9178 912059501
4589 9179 72973017
4590 9180 171459239
4590 9181 427688253
4591 9182 778575909
4591 9183 849020157
4592 9184 123451097
4592 9185 532257132
4593 9186 958443717
4593 9187 217050149
4594 9188 406447568
4594 9189 81642179
4595 9190 325082839
4595 9191 851885512
4596 9192 345780042
4596 9193 516200190
4597 9194 94329812
4597 9195 502045957
4598 9196 713183821
4598 9197 601236735
4599 9198 429903150
4599 9199 105916806
4600 9200 881943032
4600 9201 900467501
4601 9202 913019388
4601 9203 275646288
4602 9204 788451028
4602 9205 200564607
4603 9206 99581825
4603 9207 122436411
4604 9208 792668468
4604 9209 724394819
4605 9210 493709395
4605 9211 294435806
4606 9212 660020820
4606 9213 322499682
4607 9214 99799143
4607 9215 995412907
4608 9216 288041330
4608 9217 79325839
4609 9218 294283638
4609 9219 377555535
4610 9220 528280716
4610 9221 813803632
4611 9222 269379041
4611 9223 849572455
4612 9224 870960147
4612 9225 433360958
4613 9226 147451649
4613 9227 265790219
4614 9228 428810177
4614 9229 710424314
4615 9230 715352052
4615 9231 17093887
4616 9232 967680240
4616 9233 945657598
4617 9234 412873532
4617 9235 605846794
4618 9236 868891351
4618 9237 261891228
4619 9238 21744939
4619 9239 246704353
4620 9240 47407088
4620 9241 451585663
4621 9242 248423708
4621 9243 733564977
4622 9244 566347684
4622 9245 621722921
4623 9246 918600932
4623 9247 163325228
4624 9248 775775507
4624 9249 33035449
4625 9250 700808505
4625 9251 248243789
4626 9252 383239822
4626 9253 508304166
4627 9254 827624748
4627 9255 95562064
4628 9256 941096848
4628 9257 454890885
4629 9258 751219046
4629 9259 571135887
4630 9260 983636880
4630 9261 968970389
4631 9262 108148637
4631 9263 244369472
4632 9264 202290607
4632 9265 477484389
4633 9266 918204510
4633 9267 625736289
4634 9268 352245543
4634 9269 760531812
4635 9270 352405883
4635 9271 453885681
4636 9272 861611512
4636 9273 750008959
4637 9274 14942108
4637 9275 140519468
4638 9276 955264187
4638 9277 955074425
4639 9278 746337429
4639 9279 574048797
4640 9280 973485118
4640 9281 23983322
4641 9282 317132458
4641 9283 908170902
4642 9284 991518101
4642 9285 139880774
4643 9286 998998512
4643 9287 499741756
4644 9288 674679468
4644 9289 629634572
4645 9290 442742763
4645 9291 189075659
4646 9292 325838805
4646 9293 491837328
4647 9294 66410780
4647 9295 725566873
4648 9296 704051544
4648 9297 836924305
4649 9298 149468362
4649 9299 768529314
4650 9300 455439621
4650 9301 68570882
4651 9302 25808383
4651 9303 731736300
4652 9304 51535409
4652 9305 389465142
4653 9306 992318865
4653 9307 345473981
4654 9308 68852834
4654 9309 462633312
4655 9310 960285539
4655 9311 278849281
4656 9312 322413126
4656 9313 468886178
4657 9314 746183639
4657 9315 105821922
4658 9316 42136232
4658 9317 560860923
4659 9318 821406310
4659 9319 332573225
4660 9320 934720402
4660 9321 388378618
4661 9322 194927130
4661 9323 211125256
4662 9324 694189990
4662 9325 232325075
4663 9326 154572604
4663 9327 453372937
4664 9328 491991315
4664 9329 627952263
4665 9330 357945554
4665 9331 967155693
4666 9332 281454019
4666 9333 422801897
4667 9334 291935947
4667 9335 845291886
4668 9336 224363002
4668 9337 637969971
4669 9338 476106003
4669 9339 367424886
4670 9340 310112016
4670 9341 920204845
4671 9342 618453719
4671 9343 28479047
4672 9344 177501350
4672 9345 507614455
4673 9346 714724284
4673 9347 693614682
4674 9348 919297450
4674 9349 471783713
4675 9350 325660232
4675 9351 863686455
4676 9352 899470765
4676 9353 515779804
4677 9354 703719989
4677 9355 580435637
4678 9356 978432047
4678 9357 340243857
4679 9358 882355124
4679 9359 936483747
4680 9360 223003424
4680 9361 483826039
4681 9362 518232877
4681 9363 563029782
4682 9364 811838079
4682 9365 287034672
4683 9366 325614210
4683 9367 572581276
4684 9368 998849782
4684 9369 328985869
4685 9370 702284452
4685 9371 926169140
4686 9372 330468386
4686 9373 518067056
4687 9374 840061055
4687 9375 122985593
4688 9376 848293275
4688 9377 697189066
4689 9378 818553583
4689 9379 327405264
4690 9380 534080021
4690 9381 461409171
4691 9382 526383348
4691 9383 15434569
4692 9384 253517384
4692 9385 11268418
4693 9386 93299693
4693 9387 341749946
4694 9388 219254932
4694 9389 580368256
4695 9390 806510905
4695 9391 68685707
4696 9392 258369397
4696 9393 321335467
4697 9394 911878952
4697 9395 15432075
4698 9396 69835150
4698 9397 534732187
4699 9398 683514155
4699 9399 300541493
4700 9400 280645415
4700 9401 458096912
4701 9402 611650305
4701 9403 182900969
4702 9404 329188273
4702 9405 762018064
4703 9406 161367380
4703 9407 189019982
4704 9408 574471108
4704 9409 674497907
4705 9410 688731811
4705 9411 665234128
4706 9412 287602141
4706 9413 540582001
4707 9414 240103536
4707 9415 266031668
4708 9416 115696094
4708 9417 615622235
4709 9418 572895777
4709 9419 966627930
4710 9420 584432044
4710 9421 141847182
4711 9422 830592253
4711 9423 205361171
4712 9424 835914710
4712 9425 483916195
4713 9426 319233213
4713 9427 949649289
4714 9428 372357625
4714 9429 339175679
4715 9430 793484617
4715 9431 959601444
4716 9432 567252118
4716 9433 831725069
4717 9434 720278115
4717 9435 453603784
4718 9436 287685982
4718 9437 417272675
4719 9438 481500549
4719 9439 726448808
4720 9440 121984211
4720 9441 48008768
4721 9442 265308485
4721 9443 11857072
4722 9444 229979709
4722 9445 552007240
4723 9446 38323894
4723 9447 267708765
4724 9448 758801685
4724 9449 46990012
4725 9450 900287586
4725 9451 242764044
4726 9452 158929805
4726 9453 519541812
4727 9454 96884390
4727 9455 475870533
4728 9456 389169644
4728 9457 397802982
4729 9458 869940674
4729 9459 194392130
4730 9460 299251154
4730 9461 856117848
4731 9462 518914526
4731 9463 937924576
4732 9464 452590065
4732 9465 702051979
4733 9466 632244197
4733 9467 434014624
4734 9468 266889017
4734 9469 989644189
4735 9470 311749948
4735 9471 67614021
4736 9472 237092729
4736 9473 311380395
4737 9474 187167835
4737 9475 105233083
4738 9476 260153414
4738 9477 339715485
4739 9478 250283123
4739 9479 296524692
4740 9480 772687875
4740 9481 452015134
4741 9482 737321188
4741 9483 688485814
4742 9484 311491613
4742 9485 19738771
4743 9486 749838923
4743 9487 255422956
4744 9488 606777572
4744 9489 699634842
4745 9490 19697595
4745 9491 239408516
4746 9492 505064236
4746 9493 460939840
4747 9494 203414567
4747 9495 257809965
4748 9496 119127412
4748 9497 419899302
4749 9498 557537013
4749 9499 459109063
4750 9500 55584569
4750 9501 364915265
4751 9502 345300784
4751 9503 53181563
4752 9504 221395109
4752 9505 614502168
4753 9506 152560419
4753 9507 537173895
4754 9508 214295885
4754 9509 869756506
4755 9510 362501174
4755 9511 293074334
4756 9512 22805286
4756 9513 949476734
4757 9514 774934986
4757 9515 864138810
4758 9516 290050144
4758 9517 230894725
4759 9518 462164209
4759 9519 136030567
4760 9520 174675892
4760 9521 718598556
4761 9522 101928304
4761 9523 373266334
4762 9524 262306066
4762 9525 73673326
4763 9526 336149282
4763 9527 793095551
4764 9528 854777609
4764 9529 531934729
4765 9530 417968350
4765 9531 875953641
4766 9532 30449397
4766 9533 588138226
4767 9534 419949349
4767 9535 526022659
4768 9536 661497918
4768 9537 363246990
4769 9538 708125599
4769 9539 644470032
4770 9540 690406159
4770 9541 452171854
4771 9542 851005892
4771 9543 715247018
4772 9544 14845222
4772 9545 126472528
4773 9546 145104639
4773 9547 991025269
4774 9548 878560470
4774 9549 669401983
4775 9550 255000936
4775 9551 415489257
4776 9552 102946692
4776 9553 789936220
4777 9554 581049778
4777 9555 970516344
4778 9556 642100303
4778 9557 222364440
4779 9558 253303900
4779 9559 75776284
4780 9560 313880714
4780 9561 961543748
4781 9562 986460159
4781 9563 159210873
4782 9564 446680709
4782 9565 366858673
4783 9566 971470456
4783 9567 802162104
4784 9568 657353452
4784 9569 777771161
4785 9570 721518416
4785 9571 26405230
4786 9572 919758890
4786 9573 273954261
4787 9574 756874675
4787 9575 399018907
4788 9576 545278129
4788 9577 569804260
4789 9578 831514534
4789 9579 260692213
4790 9580 282384571
4790 9581 902349742
4791 9582 899161887
4791 9583 320170923
4792 9584 151458006
4792 9585 184568688
4793 9586 920788311
4793 9587 518749055
4794 9588 374159779
4794 9589 288715827
4795 9590 190503824
4795 9591 846342336
4796 9592 426765334
4796 9593 277217990
4797 9594 59297928
4797 9595 465344033
4798 9596 37997417
4798 9597 976429347
4799 9598 464573679
4799 9599 420955733
4800 9600 975856835
4800 9601 441096043
4801 9602 255630775
4801 9603 769470299
4802 9604 730626194
4802 9605 710961361
4803 9606 203042010
4803 9607 873721335
4804 9608 161660199
4804 9609 911319489
4805 9610 296549749
4805 9611 993108663
4806 9612 991206774
4806 9613 634984318
4807 9614 992860472
4807 9615 638974803
4808 9616 385438207
4808 9617 856487165
4809 9618 644726602
4809 9619 672322582
4810 9620 188493336
4810 9621 592888414
4811 9622 35039589
4811 9623 301438023
4812 9624 904818174
4812 9625 43249952
4813 9626 863500590
4813 9627 304438413
4814 9628 731512547
4814 9629 56088252
4815 9630 1595957
4815 9631 733666229
4816 9632 374064861
4816 9633 808129426
4817 9634 237020798
4817 9635 812618826
4818 9636 603477158
4818 9637 23966077
4819 9638 935893600
4819 9639 493255568
4820 9640 970305686
4820 9641 18708385
4821 9642 357714145
4821 9643 559641250
4822 9644 127420032
4822 9645 190856245
4823 9646 83252229
4823 9647 57049262
4824 9648 176403531
4824 9649 31301958
4825 9650 150023255
4825 9651 151031882
4826 9652 849317184
4826 9653 408064035
4827 9654 505541372
4827 9655 978180596
4828 9656 172738210
4828 9657 342870653
4829 9658 321645234
4829 9659 281290281
4830 9660 676985653
4830 9661 631439813
4831 9662 521157022
4831 9663 291861034
4832 9664 169647325
4832 9665 926567136
4833 9666 134959326
4833 9667 722651995
4834 9668 618547317
4834 9669 381432160
4835 9670 324774006
4835 9671 218364058
4836 9672 576412824
4836 9673 946227111
4837 9674 153306414
4837 9675 80741254
4838 9676 451988542
4838 9677 301972816
4839 9678 596719131
4839 9679 233069293
4840 9680 552985326
4840 9681 118776858
4841 9682 711889122
4841 9683 398910809
4842 9684 887074742
4842 9685 808655048
4843 9686 279977566
4843 9687 770582728
4844 9688 13689283
4844 9689 516516157
4845 9690 835440846
4845 9691 185628062
4846 9692 502867909
4846 9693 223260944
4847 9694 729142793
4847 9695 550673383
4848 9696 380432831
4848 9697 780294757
4849 9698 728546469
4849 9699 717979148
4850 9700 206884466
4850 9701 687714630
4851 9702 31105303
4851 9703 406069687
4852 9704 41256161
4852 9705 602607116
4853 9706 294558236
4853 9707 415787011
4854 9708 998651314
4854 9709 962423687
4855 9710 756341193
4855 9711 590618074
4856 9712 301642856
4856 9713 201019554
4857 9714 747565931
4857 9715 688544806
4858 9716 963819025
4858 9717 391235320
4859 9718 624857289
4859 9719 918073494
4860 9720 170167219
4860 9721 955330129
4861 9722 312972379
4861 9723 516698561
4862 9724 938470034
4862 9725 149183785
4863 9726 414315297
4863 9727 528731496
4864 9728 699616907
4864 9729 824833752
4865 9730 62696752
4865 9731 640443269
4866 9732 737581380
4866 9733 236270887
4867 9734 412710272
4867 9735 111884146
4868 9736 298223879
4868 9737 405906914
4869 9738 656819397
4869 9739 780874637
4870 9740 276521141
4870 9741 935568500
4871 9742 691735206
4871 9743 937885334
4872 9744 429100071
4872 9745 778226182
4873 9746 4307001
4873 9747 363845227
4874 9748 684023464
4874 9749 400594502
4875 9750 420016844
4875 9751 646908636
4876 9752 45845404
4876 9753 425538933
4877 9754 764591306
4877 9755 710505901
4878 9756 903350788
4878 9757 94914150
4879 9758 105242344
4879 9759 954522599
4880 9760 977807137
4880 9761 482895334
4881 9762 404712193
4881 9763 715645755
4882 9764 692176160
4882 9765 599893362
4883 9766 571005053
4883 9767 816430893
4884 9768 972398087
4884 9769 681532863
4885 9770 99025776
4885 9771 441970513
4886 9772 595719795
4886 9773 801838225
4887 9774 320956596
4887 9775 147283743
4888 9776 976825260
4888 9777 343297029
4889 9778 215126689
4889 9779 628559135
4890 9780 642406422
4890 9781 71317646
4891 9782 217710606
4891 9783 416451560
4892 9784 712747096
4892 9785 350780459
4893 9786 670909978
4893 9787 559265928
4894 9788 332921024
4894 9789 108933500
4895 9790 276927660
4895 9791 839319566
4896 9792 659959722
4896 9793 299124116
4897 9794 613479288
4897 9795 87094232
4898 9796 713373637
4898 9797 773020560
4899 9798 411896475
4899 9799 158448761
4900 9800 191028415
4900 9801 583053543
4901 9802 947510488
4901 9803 678545801
4902 9804 980824178
4902 9805 898749488
4903 9806 889480506
4903 9807 831735274
4904 9808 291726075
4904 9809 483918245
4905 9810 93157071
4905 9811 16413622
4906 9812 100717520
4906 9813 626751937
4907 9814 995946952
4907 9815 147996014
4908 9816 147931359
4908 9817 203345024
4909 9818 985868548
4909 9819 604504601
4910 9820 561284622
4910 9821 418550610
4911 9822 977544640
4911 9823 769056689
4912 9824 541658368
4912 9825 581727477
4913 9826 601617240
4913 9827 379510592
4914 9828 436704828
4914 9829 92809935
4915 9830 640037435
4915 9831 228369593
4916 9832 806870862
4916 9833 458966001
4917 9834 785833382
4917 9835 819953954
4918 9836 126479271
4918 9837 4793946
4919 9838 54133299
4919 9839 427356745
4920 9840 5020047
4920 9841 861809360
4921 9842 937737611
4921 9843 663628728
4922 9844 415159518
4922 9845 56473742
4923 9846 308697671
4923 9847 861247792
4924 9848 728358425
4924 9849 416143941
4925 9850 478665404
4925 9851 761388907
4926 9852 501558093
4926 9853 524630559
4927 9854 155768930
4927 9855 171063591
4928 9856 689073384
4928 9857 473832783
4929 9858 407608090
4929 9859 646068092
4930 9860 653203745
4930 9861 798186441
4931 9862 123208232
4931 9863 454739021
4932 9864 757967531
4932 9865 324791377
4933 9866 311737603
4933 9867 618134799
4934 9868 924833907
4934 9869 420018540
4935 9870 132712011
4935 9871 897501209
4936 9872 867462272
4936 9873 141415964
4937 9874 393704569
4937 9875 315270813
4938 9876 126812120
4938 9877 226620154
4939 9878 72605761
4939 9879 9619942
4940 9880 518089991
4940 9881 29313864
4941 9882 400072647
4941 9883 955463832
4942 9884 909185731
4942 9885 24170534
4943 9886 725817646
4943 9887 717927276
4944 9888 550457746
4944 9889 37303724
4945 9890 32115554
4945 9891 849377285
4946 9892 748544468
4946 9893 412290980
4947 9894 827816197
4947 9895 232484850
4948 9896 980409482
4948 9897 999801826
4949 9898 641422854
4949 9899 683548423
4950 9900 362344237
4950 9901 748439438
4951 9902 306903045
4951 9903 9534343
4952 9904 714132924
4952 9905 66996004
4953 9906 249149968
4953 9907 35297005
4954 9908 576167179
4954 9909 44864274
4955 9910 954738146
4955 9911 247808254
4956 9912 608156772
4956 9913 893615046
4957 9914 623056810
4957 9915 976314330
4958 9916 320915127
4958 9917 680069577
4959 9918 173692692
4959 9919 943200615
4960 9920 23776337
4960 9921 412998727
4961 9922 306655284
4961 9923 124321035
4962 9924 305302003
4962 9925 122778461
4963 9926 468053516
4963 9927 109878846
4964 9928 8493231
4964 9929 1823280
4965 9930 949399182
4965 9931 545182768
4966 9932 275184916
4966 9933 416700679
4967 9934 302689749
4967 9935 379562948
4968 9936 247819612
4968 9937 545878394
4969 9938 361494417
4969 9939 956540759
4970 9940 248034714
4970 9941 949732536
4971 9942 366536131
4971 9943 231896925
4972 9944 991773678
4972 9945 466275927
4973 9946 875244619
4973 9947 220597943
4974 9948 936254397
4974 9949 656206054
4975 9950 70678456
4975 9951 720613040
4976 9952 425531110
4976 9953 104560348
4977 9954 85028560
4977 9955 404280407
4978 9956 691514201
4978 9957 328396232
4979 9958 499867541
4979 9959 964207317
4980 9960 96310714
4980 9961 932394519
4981 9962 536063064
4981 9963 808513365
4982 9964 580342628
4982 9965 884417195
4983 9966 301388177
4983 9967 16682503
4984 9968 999019085
4984 9969 342131053
4985 9970 909274761
4985 9971 832511437
4986 9972 553188798
4986 9973 113554314
4987 9974 80715368
4987 9975 731039842
4988 9976 454720116
4988 9977 428425356
4989 9978 458207066
4989 9979 481696562
4990 9980 475380407
4990 9981 735930663
4991 9982 352448734
4991 9983 234208898
4992 9984 718357120
4992 9985 673035995
4993 9986 303323291
4993 9987 163388813
4994 9988 770941814
4994 9989 99933424
4995 9990 642143784
4995 9991 385406704
4996 9992 567404481
4996 9993 688562130
4997 9994 48871321
4997 9995 96008693
4998 9996 934908634
4998 9997 174044333
4999 9998 637937841
4999 9999 896193926
5000 10000 692695771
5000 10001 837846613
5001 10002 449798574
5001 10003 518939183
5002 10004 907102404
5002 10005 12723598
5003 10006 896349985
5003 10007 510607320
5004 10008 246417483
5004 10009 459106487
5005 10010 916746775
5005 10011 911454556
5006 10012 892925985
5006 10013 536366717
5007 10014 226198723
5007 10015 918761261
5008 10016 25836143
5008 10017 857373384
5009 10018 564748539
5009 10019 528009269
5010 10020 618941946
5010 10021 373835744
5011 10022 188291373
5011 10023 233104131
5012 10024 941154969
5012 10025 924058077
5013 10026 882346904
5013 10027 82441370
5014 10028 271953256
5014 10029 306048695
5015 10030 350849465
5015 10031 199431995
5016 10032 362874234
5016 10033 891241607
5017 10034 404381466
5017 10035 933636283
5018 10036 236236148
5018 10037 739408648
5019 10038 428874453
5019 10039 901646165
5020 10040 854244267
5020 10041 16619371
5021 10042 750954313
5021 10043 10926454
5022 10044 995182474
5022 10045 390968506
5023 10046 271727865
5023 10047 12443671
5024 10048 137572517
5024 10049 831048051
5025 10050 668890735
5025 10051 115518717
5026 10052 331459364
5026 10053 298072145
5027 10054 362802218
5027 10055 264281116
5028 10056 697173860
5028 10057 726611088
5029 10058 799257766
5029 10059 225555764
5030 10060 987522452
5030 10061 728584483
5031 10062 895698418
5031 10063 588620931
5032 10064 584694908
5032 10065 584342328
5033 10066 975899743
5033 10067 169360535
5034 10068 238023226
5034 10069 703479197
5035 10070 106367215
5035 10071 65794965
5036 10072 638535440
5036 10073 494181217
5037 10074 244959884
5037 10075 502176930
5038 10076 17504745
5038 10077 427004488
5039 10078 298520368
5039 10079 296671121
5040 10080 620411102
5040 10081 981714985
5041 10082 129751761
5041 10083 587062038
5042 10084 372993757
5042 10085 284037838
5043 10086 59750208
5043 10087 304799467
5044 10088 50128597
5044 10089 955697153
5045 10090 479771732
5045 10091 595181612
5046 10092 549639078
5046 10093 446102126
5047 10094 336676595
5047 10095 33645566
5048 10096 788982052
5048 10097 655919184
5049 10098 371148264
5049 10099 782184466
5050 10100 40011503
5050 10101 97902484
5051 10102 334459914
5051 10103 457891995
5052 10104 953193570
5052 10105 986558904
5053 10106 647272478
5053 10107 789372993
5054 10108 511164793
5054 10109 815242223
5055 10110 83267599
5055 10111 836973685
5056 10112 579177448
5056 10113 151037672
5057 10114 988482656
5057 10115 634237459
5058 10116 245239661
5058 10117 463913412
5059 10118 699356119
5059 10119 202323174
5060 10120 588859911
5060 10121 531741620
5061 10122 144080443
5061 10123 470866018
5062 10124 460810173
5062 10125 951512273
5063 10126 885040639
5063 10127 354972969
5064 10128 584570827
5064 10129 689307356
5065 10130 809025637
5065 10131 417946265
5066 10132 724687483
5066 10133 819640473
5067 10134 158482434
5067 10135 501222389
5068 10136 351173036
5068 10137 931860684
5069 10138 152029555
5069 10139 798278370
5070 10140 60857429
5070 10141 697970726
5071 10142 285110630
5071 10143 595507858
5072 10144 435462482
5072 10145 221059582
5073 10146 614005226
5073 10147 976994427
5074 10148 66485943
5074 10149 362831278
5075 10150 398524175
5075 10151 234532611
5076 10152 614854768
5076 10153 416270732
5077 10154 460052312
5077 10155 167560715
5078 10156 507268313
5078 10157 665251000
5079 10158 879967060
5079 10159 11820181
5080 10160 320032978
5080 10161 481358890
5081 10162 692635185
5081 10163 148195524
5082 10164 553014523
5082 10165 875098223
5083 10166 811350310
5083 10167 665891076
5084 10168 155316242
5084 10169 351782471
5085 10170 917059406
5085 10171 800909902
5086 10172 426618505
5086 10173 665559518
5087 10174 11444433
5087 10175 619973264
5088 10176 866916499
5088 10177 944986953
5089 10178 693050778
5089 10179 253265676
5090 10180 418581684
5090 10181 689383476
5091 10182 592490543
5091 10183 824299658
5092 10184 948381261
5092 10185 916133800
5093 10186 98535432
5093 10187 484280114
5094 10188 953586748
5094 10189 418906023
5095 10190 884023545
5095 10191 381557463
5096 10192 126439360
5096 10193 585867558
5097 10194 624504472
5097 10195 391726921
5098 10196 646849552
5098 10197 288812169
5099 10198 44915240
5099 10199 530697020
5100 10200 54864972
5100 10201 156310393
5101 10202 224854150
5101 10203 761818295
5102 10204 774338093
5102 10205 820539205
5103 10206 282539625
5103 10207 536012802
5104 10208 368562498
5104 10209 534945689
5105 10210 507523868
5105 10211 833503772
5106 10212 97722538
5106 10213 558243684
5107 10214 44412838
5107 10215 643736475
5108 10216 172815882
5108 10217 113628709
5109 10218 59250708
5109 10219 907451571
5110 10220 825074725
5110 10221 260542814
5111 10222 852531736
5111 10223 917703642
5112 10224 188413869
5112 10225 916851710
5113 10226 941525874
5113 10227 438473353
5114 10228 266282753
5114 10229 560118666
5115 10230 457645694
5115 10231 791436475
5116 10232 736186213
5116 10233 53926956
5117 10234 433518288
5117 10235 997678220
5118 10236 339902304
5118 10237 729630888
5119 10238 394804094
5119 10239 538489398
5120 10240 404153308
5120 10241 307398056
5121 10242 295217383
5121 10243 341689457
5122 10244 56949036
5122 10245 142125601
5123 10246 560541133
5123 10247 376317101
5124 10248 78923438
5124 10249 184470948
5125 10250 505782520
5125 10251 736584434
5126 10252 744286304
5126 10253 805493123
5127 10254 583880792
5127 10255 883853905
5128 10256 814129611
5128 10257 909695241
5129 10258 667922929
5129 10259 471071124
5130 10260 572379097
5130 10261 755533623
5131 10262 186954194
5131 10263 168227107
5132 10264 564455951
5132 10265 28234575
5133 10266 516789630
5133 10267 10702932
5134 10268 362727965
5134 10269 332385479
5135 10270 149888464
5135 10271 749120886
5136 10272 659127892
5136 10273 957436179
5137 10274 772933186
5137 10275 388148694
5138 10276 965931593
5138 10277 431260459
5139 10278 134124753
5139 10279 159444387
5140 10280 71025220
5140 10281 446145898
5141 10282 869790986
5141 10283 297580679
5142 10284 751686059
5142 10285 940499144
5143 10286 919258740
5143 10287 248789575
5144 10288 516561947
5144 10289 644833509
5145 10290 656929849
5145 10291 436262987
5146 10292 960918961
5146 10293 335875767
5147 10294 804972110
5147 10295 515936098
5148 10296 248592935
5148 10297 874896520
5149 10298 67096967
5149 10299 854519622
5150 10300 241351767
5150 10301 944549772
5151 10302 880016560
5151 10303 213012959
5152 10304 688555899
5152 10305 282970017
5153 10306 802089892
5153 10307 246413351
5154 10308 523880119
5154 10309 777999664
5155 10310 409800809
5155 10311 297923716
5156 10312 622841028
5156 10313 588109711
5157 10314 71821418
5157 10315 797682550
5158 10316 185433507
5158 10317 630665760
5159 10318 27245333
5159 10319 202095919
5160 10320 775226702
5160 10321 875940206
5161 10322 87619801
5161 10323 340054832
5162 10324 994985154
5162 10325 458822373
5163 10326 432237836
5163 10327 784056639
5164 10328 876791484
5164 10329 1729947
5165 10330 291133638
5165 10331 328964050
5166 10332 748436067
5166 10333 25136799
5167 10334 848992483
5167 10335 181793906
5168 10336 680961561
5168 10337 779460542
5169 10338 101876313
5169 10339 776932726
5170 10340 738168322
5170 10341 16144465
5171 10342 102411778
5171 10343 87474182
5172 10344 668044190
5172 10345 146760630
5173 10346 167559128
5173 10347 193243635
5174 10348 863228109
5174 10349 104759628
5175 10350 687540468
5175 10351 657542286
5176 10352 43133414
5176 10353 95109209
5177 10354 396098908
5177 10355 401284010
5178 10356 309496188
5178 10357 832077408
5179 10358 662515141
5179 10359 846642416
5180 10360 330515638
5180 10361 153725443
5181 10362 231880120
5181 10363 123294715
5182 10364 141678065
5182 10365 729649713
5183 10366 512157971
5183 10367 281542083
5184 10368 584816978
5184 10369 882166978
5185 10370 747548242
5185 10371 385855863
5186 10372 514975912
5186 10373 202303915
5187 10374 790099745
5187 10375 90454655
5188 10376 187930316
5188 10377 606920025
5189 10378 890172028
5189 10379 514926098
5190 10380 375579308
5190 10381 294033121
5191 10382 606158979
5191 10383 192417317
5192 10384 376739122
5192 10385 447580289
5193 10386 748265731
5193 10387 560932833
5194 10388 708519945
5194 10389 546388169
5195 10390 930099797
5195 10391 206807328
5196 10392 4987268
5196 10393 35819885
5197 10394 439164022
5197 10395 335052893
5198 10396 446345013
5198 10397 462022733
5199 10398 128984434
5199 10399 962012273
5200 10400 891642604
5200 10401 93812096
5201 10402 980377464
5201 10403 286363301
5202 10404 645820907
5202 10405 284386489
5203 10406 721143253
5203 10407 135287230
5204 10408 825444887
5204 10409 37645745
5205 10410 707598429
5205 10411 408770290
5206 10412 252486460
5206 10413 960562858
5207 10414 564125279
5207 10415 580468120
5208 10416 915572688
5208 10417 922525456
5209 10418 667041617
5209 10419 619122439
5210 10420 786829608
5210 10421 697520670
5211 10422 712735593
5211 10423 860031895
5212 10424 78301109
5212 10425 826583632
5213 10426 906927531
5213 10427 12508703
5214 10428 430574938
5214 10429 731203867
5215 10430 823064683
5215 10431 268665249
5216 10432 886602833
5216 10433 261086936
5217 10434 893841125
5217 10435 715279424
5218 10436 969097657
5218 10437 833215044
5219 10438 163171809
5219 10439 548247462
5220 10440 739542089
5220 10441 731950902
5221 10442 499438714
5221 10443 907044112
5222 10444 386311932
5222 10445 160401102
5223 10446 800389200
5223 10447 153665730
5224 10448 990109333
5224 10449 551956944
5225 10450 530851453
5225 10451 431698754
5226 10452 255515111
5226 10453 978998019
5227 10454 317821447
5227 10455 207828793
5228 10456 740379609
5228 10457 339507142
5229 10458 635161970
5229 10459 88872763
5230 10460 203186600
5230 10461 782618346
5231 10462 517924037
5231 10463 285212139
5232 10464 439170364
5232 10465 509492303
5233 10466 846489001
5233 10467 716960950
5234 10468 873373760
5234 10469 759352569
5235 10470 845375889
5235 10471 345115851
5236 10472 608444057
5236 10473 819686483
5237 10474 28085087
5237 10475 368391639
5238 10476 495843484
5238 10477 609144983
5239 10478 247378356
5239 10479 486194114
5240 10480 657191215
5240 10481 360729335
5241 10482 672388819
5241 10483 780529509
5242 10484 730029292
5242 10485 862335640
5243 10486 789527934
5243 10487 395867248
5244 10488 638743604
5244 10489 999657873
5245 10490 346705920
5245 10491 818027684
5246 10492 708513410
5246 10493 982661087
5247 10494 128419943
5247 10495 258433237
5248 10496 992748328
5248 10497 805280658
5249 10498 121038988
5249 10499 141060434
5250 10500 352282066
5250 10501 798647661
5251 10502 975237822
5251 10503 395223382
5252 10504 419253464
5252 10505 987265585
5253 10506 648448349
5253 10507 786004523
5254 10508 51991900
5254 10509 35246157
5255 10510 481003377
5255 10511 89379503
5256 10512 442487858
5256 10513 843977265
5257 10514 519620788
5257 10515 131554929
5258 10516 444616765
5258 10517 767122513
5259 10518 223219775
5259 10519 557822720
5260 10520 641911446
5260 10521 199029139
5261 10522 68802023
5261 10523 125452157
5262 10524 498604105
5262 10525 817674839
5263 10526 116159178
5263 10527 20074096
5264 10528 171727957
5264 10529 312983459
5265 10530 929976350
5265 10531 528581937
5266 10532 475323343
5266 10533 953656236
5267 10534 285028763
5267 10535 420535376
5268 10536 53934668
5268 10537 625370044
5269 10538 947080978
5269 10539 745690993
5270 10540 32240678
5270 10541 809322015
5271 10542 356356871
5271 10543 335229717
5272 10544 692247588
5272 10545 440505893
5273 10546 781892924
5273 10547 480302755
5274 10548 960773647
5274 10549 7791785
5275 10550 480544216
5275 10551 178855379
5276 10552 252320386
5276 10553 551846782
5277 10554 570152028
5277 10555 372202159
5278 10556 558537272
5278 10557 388102331
5279 10558 854207227
5279 10559 865283721
5280 10560 199235370
5280 10561 901279896
5281 10562 272872901
5281 10563 129982015
5282 10564 236256933
5282 10565 648998897
5283 10566 68618473
5283 10567 269546794
5284 10568 642059272
5284 10569 733166617
5285 10570 11917990
5285 10571 342516958
5286 10572 203482422
5286 10573 397526143
5287 10574 974109149
5287 10575 382062860
5288 10576 399834487
5288 10577 129500285
5289 10578 848233312
5289 10579 418291310
5290 10580 118711504
5290 10581 984016466
5291 10582 797695099
5291 10583 74080903
5292 10584 167388042
5292 10585 878737667
5293 10586 692014629
5293 10587 516898638
5294 10588 767953462
5294 10589 377913810
5295 10590 195074842
5295 10591 833844548
5296 10592 737704979
5296 10593 918643833
5297 10594 73340809
5297 10595 290725274
5298 10596 131371577
5298 10597 207752513
5299 10598 165536700
5299 10599 413790135
5300 10600 795931036
5300 10601 58702784
5301 10602 438680399
5301 10603 189408150
5302 10604 23363833
5302 10605 261320701
5303 10606 390162093
5303 10607 418445193
5304 10608 517680811
5304 10609 916639063
5305 10610 515799551
5305 10611 432200575
5306 10612 836700084
5306 10613 782524148
5307 10614 485674889
5307 10615 827677896
5308 10616 188997521
5308 10617 629905947
5309 10618 752763842
5309 10619 462880715
5310 10620 842538493
5310 10621 46372984
5311 10622 534458011
5311 10623 593511271
5312 10624 903162823
5312 10625 158398038
5313 10626 289777728
5313 10627 424673036
5314 10628 309506771
5314 10629 567422544
5315 10630 417921481
5315 10631 576787482
5316 10632 31525872
5316 10633 344196750
5317 10634 648494661
5317 10635 618990925
5318 10636 662071958
5318 10637 534621319
5319 10638 993148495
5319 10639 4864199
5320 10640 351384499
5320 10641 289434471
5321 10642 315117115
5321 10643 763520702
5322 10644 470320502
5322 10645 900288988
5323 10646 578552056
5323 10647 742693237
5324 10648 315026226
5324 10649 725325639
5325 10650 655130181
5325 10651 361526383
5326 10652 310822004
5326 10653 916382262
5327 10654 781955762
5327 10655 996713609
5328 10656 881690797
5328 10657 318093344
5329 10658 136675009
5329 10659 85801457
5330 10660 800981619
5330 10661 307707645
5331 10662 501460340
5331 10663 241277439
5332 10664 778575148
5332 10665 225767008
5333 10666 585289339
5333 10667 200069760
5334 10668 999339243
5334 10669 501096187
5335 10670 383295898
5335 10671 190517691
5336 10672 231701746
5336 10673 730531966
5337 10674 119844149
5337 10675 680483039
5338 10676 746502622
5338 10677 444054040
5339 10678 16004837
5339 10679 933554199
5340 10680 63737635
5340 10681 799435347
5341 10682 437702707
5341 10683 429704843
5342 10684 167486194
5342 10685 16891048
5343 10686 145926941
5343 10687 468167265
5344 10688 283692136
5344 10689 640161098
5345 10690 719105108
5345 10691 422949477
5346 10692 996596641
5346 10693 515814318
5347 10694 222430504
5347 10695 625058721
5348 10696 817588295
5348 10697 670653789
5349 10698 763907129
5349 10699 376018119
5350 10700 735956866
5350 10701 964577449
5351 10702 474321491
5351 10703 938020716
5352 10704 789026171
5352 10705 940426937
5353 10706 81399523
5353 10707 397299744
5354 10708 689948871
5354 10709 326067878
5355 10710 815907362
5355 10711 337099582
5356 10712 204586000
5356 10713 486380200
5357 10714 524157948
5357 10715 327944093
5358 10716 117240628
5358 10717 633170697
5359 10718 135312658
5359 10719 37068026
5360 10720 635526388
5360 10721 126536312
5361 10722 261053591
5361 10723 689681100
5362 10724 110742731
5362 10725 484128498
5363 10726 825872414
5363 10727 681409711
5364 10728 74512155
5364 10729 540735050
5365 10730 991485746
5365 10731 744234363
5366 10732 850009491
5366 10733 879301047
5367 10734 404798094
5367 10735 612607758
5368 10736 475930958
5368 10737 660125356
5369 10738 25758850
5369 10739 869425381
5370 10740 55858750
5370 10741 143496966
5371 10742 245261719
5371 10743 127120827
5372 10744 824058090
5372 10745 840194708
5373 10746 529212488
5373 10747 193071869
5374 10748 728474763
5374 10749 296835334
5375 10750 754523883
5375 10751 309638433
5376 10752 316116849
5376 10753 411571049
5377 10754 29049858
5377 10755 675863291
5378 10756 622937017
5378 10757 908626925
5379 10758 409742037
5379 10759 927034057
5380 10760 181640070
5380 10761 38351653
5381 10762 695744463
5381 10763 791539987
5382 10764 553724211
5382 10765 583940104
5383 10766 57027212
5383 10767 835820247
5384 10768 37495033
5384 10769 765660710
5385 10770 592738125
5385 10771 774562863
5386 10772 121969219
5386 10773 405471985
5387 10774 671067105
5387 10775 996551229
5388 10776 14373865
5388 10777 49110925
5389 10778 797466886
5389 10779 251938412
5390 10780 373084772
5390 10781 969957767
5391 10782 620761507
5391 10783 443515060
5392 10784 820627648
5392 10785 34993066
5393 10786 576996118
5393 10787 760484963
5394 10788 74488727
5394 10789 1843131
5395 10790 435690848
5395 10791 121429728
5396 10792 102811575
5396 10793 30946000
5397 10794 335410076
5397 10795 553155812
5398 10796 718751828
5398 10797 993942554
5399 10798 105118523
5399 10799 688078134
5400 10800 370163364
5400 10801 59823097
5401 10802 746052702
5401 10803 790861026
5402 10804 177592596
5402 10805 884229692
5403 10806 616841977
5403 10807 740208546
5404 10808 820535738
5404 10809 254231866
5405 10810 103381972
5405 10811 785772054
5406 10812 403332770
5406 10813 385156888
5407 10814 496295443
5407 10815 284783531
5408 10816 446636941
5408 10817 154901474
5409 10818 154365767
5409 10819 28832964
5410 10820 417146415
5410 10821 236218046
5411 10822 179796455
5411 10823 660548074
5412 10824 109701146
5412 10825 765076334
5413 10826 117277575
5413 10827 672834966
5414 10828 99717694
5414 10829 175247567
5415 10830 658134191
5415 10831 199761177
5416 10832 840858069
5416 10833 587101177
5417 10834 365178207
5417 10835 369795230
5418 10836 526411094
5418 10837 914622679
5419 10838 794431838
5419 10839 682600393
5420 10840 364364241
5420 10841 840104562
5421 10842 360893477
5421 10843 129332786
5422 10844 509465254
5422 10845 787031104
5423 10846 497059074
5423 10847 554619018
5424 10848 370756742
5424 10849 278660328
5425 10850 548223452
5425 10851 755137599
5426 10852 65034463
5426 10853 306673759
5427 10854 57697252
5427 10855 629665295
5428 10856 407572192
5428 10857 887723403
5429 10858 632131717
5429 10859 219360910
5430 10860 662884808
5430 10861 711920797
5431 10862 72116055
5431 10863 484083110
5432 10864 184296667
5432 10865 956448658
5433 10866 983512915
5433 10867 514546777
5434 10868 570587501
5434 10869 849896711
5435 10870 155800387
5435 10871 631714392
5436 10872 132938309
5436 10873 701883006
5437 10874 617998471
5437 10875 108739280
5438 10876 177220148
5438 10877 266546253
5439 10878 220887666
5439 10879 379125265
5440 10880 113281741
5440 10881 532913501
5441 10882 583783561
5441 10883 306126106
5442 10884 793448187
5442 10885 305635071
5443 10886 472983172
5443 10887 792325074
5444 10888 623941082
5444 10889 265591157
5445 10890 11260372
5445 10891 674265361
5446 10892 975725624
5446 10893 846681727
5447 10894 512126772
5447 10895 720319355
5448 10896 107817559
5448 10897 605901629
5449 10898 252884735
5449 10899 244695420
5450 10900 324643201
5450 10901 630134752
5451 10902 440364706
5451 10903 701065525
5452 10904 36232153
5452 10905 501019794
5453 10906 828391561
5453 10907 539876077
5454 10908 683380975
5454 10909 64832872
5455 10910 703381201
5455 10911 566191423
5456 10912 71915933
5456 10913 141100256
5457 10914 888831744
5457 10915 321210690
5458 10916 49279840
5458 10917 52880411
5459 10918 205875253
5459 10919 384061616
5460 10920 1581274
5460 10921 158767263
5461 10922 104791856
5461 10923 887311129
5462 10924 11153635
5462 10925 643909363
5463 10926 889509502
5463 10927 314898854
5464 10928 133616015
5464 10929 814186218
5465 10930 583815987
5465 10931 793319249
5466 10932 748280802
5466 10933 996994689
5467 10934 712084447
5467 10935 136826502
5468 10936 813051929
5468 10937 154732981
5469 10938 401811961
5469 10939 831190435
5470 10940 711139003
5470 10941 977026392
5471 10942 207465904
5471 10943 923827055
5472 10944 377557446
5472 10945 504797438
5473 10946 583855492
5473 10947 42095763
5474 10948 502381021
5474 10949 229699500
5475 10950 470189990
5475 10951 570740400
5476 10952 571361405
5476 10953 417045202
5477 10954 769751388
5477 10955 275514828
5478 10956 541347326
5478 10957 758856712
5479 10958 766051205
5479 10959 515199056
5480 10960 452756022
5480 10961 425276624
5481 10962 631231590
5481 10963 754272667
5482 10964 373883061
5482 10965 59134299
5483 10966 357392248
5483 10967 108007211
5484 10968 377719623
5484 10969 30704579
5485 10970 273459602
5485 10971 67441082
5486 10972 230935384
5486 10973 300038223
5487 10974 686555532
5487 10975 633314557
5488 10976 656306250
5488 10977 526436623
5489 10978 181568476
5489 10979 892989777
5490 10980 180588065
5490 10981 903280410
5491 10982 432062422
5491 10983 722112877
5492 10984 650826275
5492 10985 877848134
5493 10986 435981315
5493 10987 63918086
5494 10988 987567737
5494 10989 197487689
5495 10990 599593943
5495 10991 377626126
5496 10992 124876099
5496 10993 791300839
5497 10994 843228247
5497 10995 524741045
5498 10996 687186890
5498 10997 324203535
5499 10998 314612918
5499 10999 733188252
5500 11000 685088044
5500 11001 156233786
5501 11002 259902734
5501 11003 686920900
5502 11004 677659349
5502 11005 758145165
5503 11006 415362595
5503 11007 470177491
5504 11008 600566301
5504 11009 179015626
5505 11010 564930066
5505 11011 701158249
5506 11012 9209629
5506 11013 841838050
5507 11014 782809070
5507 11015 41449243
5508 11016 583434966
5508 11017 531605593
5509 11018 154440741
5509 11019 975390166
5510 11020 263906138
5510 11021 447682034
5511 11022 634349643
5511 11023 473785176
5512 11024 464476102
5512 11025 191879177
5513 11026 480519857
5513 11027 935455389
5514 11028 518329383
5514 11029 118357298
5515 11030 475115155
5515 11031 405422480
5516 11032 759443520
5516 11033 78243517
5517 11034 398902256
5517 11035 294805563
5518 11036 107643989
5518 11037 311275756
5519 11038 110892551
5519 11039 991966674
5520 11040 6259945
5520 11041 376252022
5521 11042 548433798
5521 11043 164074340
5522 11044 545829035
5522 11045 370416432
5523 11046 569814443
5523 11047 745784734
5524 11048 30754630
5524 11049 125518191
5525 11050 488830819
5525 11051 702523647
5526 11052 294809155
5526 11053 664010976
5527 11054 350897489
5527 11055 590739722
5528 11056 45130619
5528 11057 886587219
5529 11058 532428555
5529 11059 865595428
5530 11060 795685976
5530 11061 882889272
5531 11062 838613616
5531 11063 934769619
5532 11064 785830864
5532 11065 531482888
5533 11066 85172805
5533 11067 90082722
5534 11068 363750162
5534 11069 769353931
5535 11070 273596774
5535 11071 303344933
5536 11072 332948616
5536 11073 72873660
5537 11074 742257746
5537 11075 878703320
5538 11076 159882124
5538 11077 983445222
5539 11078 684420018
5539 11079 421343149
5540 11080 160307589
5540 11081 532245543
5541 11082 885879085
5541 11083 939905961
5542 11084 550834427
5542 11085 313169397
5543 11086 658319777
5543 11087 57153171
5544 11088 756648262
5544 11089 354015769
5545 11090 64092204
5545 11091 380912899
5546 11092 889972494
5546 11093 496958587
5547 11094 334209473
5547 11095 66884690
5548 11096 144226461
5548 11097 898874807
5549 11098 160805079
5549 11099 808171530
5550 11100 662195773
5550 11101 805960854
5551 11102 151922753
5551 11103 120767646
5552 11104 138734955
5552 11105 818806949
5553 11106 833668656
5553 11107 141470698
5554 11108 815711756
5554 11109 360543858
5555 11110 579384192
5555 11111 524715879
5556 11112 657483561
5556 11113 185604242
5557 11114 27834
5557 11115 869723591
5558 11116 886841598
5558 11117 492334886
5559 11118 104481342
5559 11119 641760483
5560 11120 68848573
5560 11121 413892375
5561 11122 324518885
5561 11123 753115957
5562 11124 781634185
5562 11125 368652425
5563 11126 803257374
5563 11127 479940551
5564 11128 909299322
5564 11129 680301107
5565 11130 951365326
5565 11131 517245584
5566 11132 55989122
5566 11133 755016870
5567 11134 103937488
5567 11135 776326207
5568 11136 89647715
5568 11137 15683189
5569 11138 199665803
5569 11139 682191282
5570 11140 778645835
5570 11141 380871350
5571 11142 803558176
5571 11143 273581964
5572 11144 299689915
5572 11145 74862444
5573 11146 225783129
5573 11147 119129621
5574 11148 183053367
5574 11149 87520570
5575 11150 746674833
5575 11151 796219643
5576 11152 14939922
5576 11153 824213519
5577 11154 172179031
5577 11155 18359540
5578 11156 2141782
5578 11157 852783395
5579 11158 717028752
5579 11159 700646500
5580 11160 154445338
5580 11161 480208485
5581 11162 447483339
5581 11163 793016656
5582 11164 178764814
5582 11165 901788312
5583 11166 364325965
5583 11167 195769353
5584 11168 484411137
5584 11169 911082382
5585 11170 427623740
5585 11171 789003972
5586 11172 799804082
5586 11173 521540025
5587 11174 394600349
5587 11175 129810963
5588 11176 336799191
5588 11177 447610279
5589 11178 570025189
5589 11179 859567296
5590 11180 180373015
5590 11181 365099283
5591 11182 665983160
5591 11183 778650135
5592 11184 952858078
5592 11185 865710700
5593 11186 600170007
5593 11187 238972432
5594 11188 626260431
5594 11189 135250174
5595 11190 976638203
5595 11191 230496667
5596 11192 218018978
5596 11193 770766665
5597 11194 568925687
5597 11195 574153308
5598 11196 901922666
5598 11197 966799900
5599 11198 849503752
5599 11199 950781917
5600 11200 882822782
5600 11201 864527310
5601 11202 183166850
5601 11203 653563034
5602 11204 397597121
5602 11205 580112413
5603 11206 20715568
5603 11207 402053434
5604 11208 73590717
5604 11209 720624560
5605 11210 758410005
5605 11211 928167102
5606 11212 313278412
5606 11213 195984222
5607 11214 146296381
5607 11215 97568390
5608 11216 141367255
5608 11217 446219183
5609 11218 702741469
5609 11219 524013499
5610 11220 219913252
5610 11221 505275512
5611 11222 890282744
5611 11223 414901881
5612 11224 880432667
5612 11225 495909795
5613 11226 554421442
5613 11227 733875639
5614 11228 299322486
5614 11229 632611764
5615 11230 293567886
5615 11231 834833210
5616 11232 543472031
5616 11233 972350490
5617 11234 697722021
5617 11235 219334800
5618 11236 888702328
5618 11237 516834762
5619 11238 56625083
5619 11239 617580160
5620 11240 675479007
5620 11241 589947586
5621 11242 820435433
5621 11243 588964408
5622 11244 363642231
5622 11245 156301239
5623 11246 738980142
5623 11247 211864241
5624 11248 193366835
5624 11249 750324864
5625 11250 860979081
5625 11251 599038963
5626 11252 762809176
5626 11253 919627420
5627 11254 877413576
5627 11255 840725538
5628 11256 814938454
5628 11257 136437067
5629 11258 890987665
5629 11259 455926996
5630 11260 354167252
5630 11261 38033997
5631 11262 661353755
5631 11263 913164248
5632 11264 16862358
5632 11265 868149078
5633 11266 527059328
5633 11267 806333472
5634 11268 833136604
5634 11269 436092522
5635 11270 876749827
5635 11271 541296137
5636 11272 949373367
5636 11273 748997101
5637 11274 36989817
5637 11275 280991216
5638 11276 659433956
5638 11277 250754151
5639 11278 701713694
5639 11279 636031575
5640 11280 684970876
5640 11281 86883963
5641 11282 19212267
5641 11283 437826316
5642 11284 789764144
5642 11285 406237431
5643 11286 837900123
5643 11287 181168545
5644 11288 544846219
5644 11289 842486232
5645 11290 369625420
5645 11291 856541379
5646 11292 231404279
5646 11293 497388324
5647 11294 912169555
5647 11295 894073333
5648 11296 374271236
5648 11297 712204530
5649 11298 363768120
5649 11299 773606150
5650 11300 500104107
5650 11301 226083917
5651 11302 106923125
5651 11303 72428477
5652 11304 936576751
5652 11305 875128402
5653 11306 696030840
5653 11307 784784264
5654 11308 43291155
5654 11309 529408561
5655 11310 860316612
5655 11311 186996
5656 11312 346064858
5656 11313 158035394
5657 11314 692885843
5657 11315 323504891
5658 11316 988383053
5658 11317 321924110
5659 11318 781012451
5659 11319 719221174
5660 11320 787602024
5660 11321 834359957
5661 11322 597632978
5661 11323 214344884
5662 11324 121330753
5662 11325 814457505
5663 11326 462826794
5663 11327 875520973
5664 11328 599645449
5664 11329 665572326
5665 11330 224693809
5665 11331 841747488
5666 11332 676610398
5666 11333 637573832
5667 11334 714800497
5667 11335 731889568
5668 11336 977079259
5668 11337 968468437
5669 11338 818354405
5669 11339 93991157
5670 11340 892036662
5670 11341 385932172
5671 11342 761377026
5671 11343 439840503
5672 11344 362522695
5672 11345 148778918
5673 11346 138331119
5673 11347 488108881
5674 11348 197637730
5674 11349 58525661
5675 11350 450385824
5675 11351 396502252
5676 11352 134065632
5676 11353 163038049
5677 11354 585913710
5677 11355 797548944
5678 11356 295873738
5678 11357 346555972
5679 11358 942098759
5679 11359 823690491
5680 11360 322081825
5680 11361 938051482
5681 11362 421936121
5681 11363 817551147
5682 11364 64140704
5682 11365 448927250
5683 11366 416811088
5683 11367 112867200
5684 11368 129708477
5684 11369 751693431
5685 11370 309032836
5685 11371 40375741
5686 11372 708622320
5686 11373 580934523
5687 11374 803584473
5687 11375 628836335
5688 11376 989375178
5688 11377 718826631
5689 11378 90336914
5689 11379 365151646
5690 11380 738537268
5690 11381 183483614
5691 11382 593532161
5691 11383 286385791
5692 11384 486845048
5692 11385 232669037
5693 11386 939429003
5693 11387 499832840
5694 11388 41100834
5694 11389 893460859
5695 11390 159505498
5695 11391 181029493
5696 11392 199884415
5696 11393 482093052
5697 11394 630584573
5697 11395 542034894
5698 11396 972315846
5698 11397 989827946
5699 11398 853534062
5699 11399 997667342
5700 11400 308584791
5700 11401 730414406
5701 11402 625233973
5701 11403 462319489
5702 11404 168763165
5702 11405 716813060
5703 11406 24588443
5703 11407 166434294
5704 11408 698896606
5704 11409 807727669
5705 11410 324478008
5705 11411 192645928
5706 11412 567571528
5706 11413 738606595
5707 11414 9025340
5707 11415 163738858
5708 11416 898592923
5708 11417 685754744
5709 11418 383596484
5709 11419 512048822
5710 11420 17545008
5710 11421 429702972
5711 11422 411001939
5711 11423 690835733
5712 11424 119043627
5712 11425 99659524
5713 11426 799518151
5713 11427 706707894
5714 11428 435904809
5714 11429 734541292
5715 11430 695153358
5715 11431 328429828
5716 11432 564876051
5716 11433 392898479
5717 11434 579663469
5717 11435 680860016
5718 11436 374802036
5718 11437 297080865
5719 11438 906217679
5719 11439 860770612
5720 11440 4649241
5720 11441 537708361
5721 11442 141391259
5721 11443 913116116
5722 11444 197001868
5722 11445 474319401
5723 11446 535061336
5723 11447 705192620
5724 11448 342952861
5724 11449 481916917
5725 11450 126630381
5725 11451 182865077
5726 11452 150507394
5726 11453 164947248
5727 11454 584244243
5727 11455 661234998
5728 11456 578683814
5728 11457 412855186
5729 11458 201908874
5729 11459 293098828
5730 11460 410660573
5730 11461 417968512
5731 11462 850450589
5731 11463 262365629
5732 11464 216700656
5732 11465 333921562
5733 11466 413957957
5733 11467 961714637
5734 11468 160959962
5734 11469 300241914
5735 11470 771485386
5735 11471 897855507
5736 11472 121058347
5736 11473 152917570
5737 11474 871196913
5737 11475 982572050
5738 11476 194408771
5738 11477 104230779
5739 11478 895620180
5739 11479 922737078
5740 11480 566444147
5740 11481 529586777
5741 11482 826154521
5741 11483 889953190
5742 11484 744432427
5742 11485 198249628
5743 11486 265458820
5743 11487 885688997
5744 11488 4369957
5744 11489 391590015
5745 11490 119500179
5745 11491 558924315
5746 11492 48071097
5746 11493 614585397
5747 11494 236452657
5747 11495 148800306
5748 11496 917547889
5748 11497 619266280
5749 11498 433683473
5749 11499 90426907
5750 11500 379208719
5750 11501 644029618
5751 11502 729467806
5751 11503 971907165
5752 11504 192905602
5752 11505 247627598
5753 11506 5747408
5753 11507 980840331
5754 11508 365252873
5754 11509 752302841
5755 11510 765649018
5755 11511 711056263
5756 11512 703575884
5756 11513 860819073
5757 11514 802099943
5757 11515 681656954
5758 11516 40652445
5758 11517 182448952
5759 11518 379296579
5759 11519 861640709
5760 11520 108072477
5760 11521 673280711
5761 11522 633122436
5761 11523 179543586
5762 11524 617759970
5762 11525 207052184
5763 11526 662921831
5763 11527 786764523
5764 11528 672507773
5764 11529 300171292
5765 11530 110767906
5765 11531 403926927
5766 11532 555395871
5766 11533 538619110
5767 11534 175351210
5767 11535 539651092
5768 11536 209800096
5768 11537 314001725
5769 11538 812902723
5769 11539 398715174
5770 11540 949704760
5770 11541 791573336
5771 11542 764108163
5771 11543 730522624
5772 11544 754731305
5772 11545 644379900
5773 11546 88933011
5773 11547 863042697
5774 11548 102481107
5774 11549 522605597
5775 11550 141564556
5775 11551 669163437
5776 11552 904400398
5776 11553 312264964
5777 11554 780397426
5777 11555 793489388
5778 11556 897497200
5778 11557 21563197
5779 11558 377209615
5779 11559 526315243
5780 11560 259809191
5780 11561 263275170
5781 11562 466950488
5781 11563 695739671
5782 11564 102845561
5782 11565 717140905
5783 11566 896884840
5783 11567 278416214
5784 11568 889238229
5784 11569 313328100
5785 11570 548232797
5785 11571 157227006
5786 11572 623786711
5786 11573 189070986
5787 11574 679280558
5787 11575 501578849
5788 11576 133968821
5788 11577 781680307
5789 11578 45071194
5789 11579 715885685
5790 11580 98913723
5790 11581 508198816
5791 11582 566259571
5791 11583 154327948
5792 11584 366639762
5792 11585 892984338
5793 11586 303275732
5793 11587 830941637
5794 11588 430856862
5794 11589 967133912
5795 11590 8366445
5795 11591 840911380
5796 11592 276947478
5796 11593 994772621
5797 11594 836922565
5797 11595 100673504
5798 11596 395819076
5798 11597 256801328
5799 11598 645332578
5799 11599 190549378
5800 11600 201932475
5800 11601 431185365
5801 11602 225721190
5801 11603 803614763
5802 11604 920259420
5802 11605 204025659
5803 11606 214860401
5803 11607 17893648
5804 11608 486199246
5804 11609 143174219
5805 11610 685978130
5805 11611 590202755
5806 11612 345567997
5806 11613 427015619
5807 11614 681107856
5807 11615 290601584
5808 11616 739994597
5808 11617 333434595
5809 11618 244826028
5809 11619 258151413
5810 11620 561472584
5810 11621 604330024
5811 11622 968925370
5811 11623 744608608
5812 11624 278464374
5812 11625 710303800
5813 11626 12820897
5813 11627 473331872
5814 11628 984775781
5814 11629 394212778
5815 11630 796526211
5815 11631 398509443
5816 11632 2521281
5816 11633 974950717
5817 11634 975702015
5817 11635 766120099
5818 11636 493347450
5818 11637 552179912
5819 11638 759891881
5819 11639 946623259
5820 11640 622258112
5820 11641 394400873
5821 11642 651527884
5821 11643 530954695
5822 11644 103343401
5822 11645 417617487
5823 11646 14543648
5823 11647 483309509
5824 11648 218685496
5824 11649 112388205
5825 11650 434856920
5825 11651 920626430
5826 11652 814722856
5826 11653 415526536
5827 11654 440939022
5827 11655 238917172
5828 11656 300837875
5828 11657 883215811
5829 11658 682557224
5829 11659 772194171
5830 11660 533948670
5830 11661 209628438
5831 11662 46551154
5831 11663 160782042
5832 11664 605808629
5832 11665 983798639
5833 11666 119887940
5833 11667 551537110
5834 11668 233185186
5834 11669 964883471
5835 11670 512827198
5835 11671 262329653
5836 11672 738303881
5836 11673 285668044
5837 11674 186548691
5837 11675 87360148
5838 11676 575438139
5838 11677 369930096
5839 11678 86102898
5839 11679 426543811
5840 11680 179691425
5840 11681 384809265
5841 11682 821275715
5841 11683 53959590
5842 11684 922564423
5842 11685 711860639
5843 11686 384604406
5843 11687 137022889
5844 11688 294231155
5844 11689 520163925
5845 11690 379106962
5845 11691 813158060
5846 11692 608055315
5846 11693 401350201
5847 11694 323865440
5847 11695 791946664
5848 11696 147328944
5848 11697 526611622
5849 11698 719995212
5849 11699 740623791
5850 11700 602486614
5850 11701 426103222
5851 11702 145949468
5851 11703 815942730
5852 11704 427574539
5852 11705 373006525
5853 11706 737770493
5853 11707 431621599
5854 11708 329517541
5854 11709 464807287
5855 11710 431320537
5855 11711 361281863
5856 11712 108446359
5856 11713 983484394
5857 11714 534084028
5857 11715 418177958
5858 11716 861787739
5858 11717 796823991
5859 11718 455061630
5859 11719 202048974
5860 11720 707238641
5860 11721 15240098
5861 11722 806836740
5861 11723 387744798
5862 11724 463009424
5862 11725 697208801
5863 11726 765339200
5863 11727 209995774
5864 11728 793244745
5864 11729 853981486
5865 11730 584000530
5865 11731 686938880
5866 11732 301672273
5866 11733 750388195
5867 11734 376612597
5867 11735 277309761
5868 11736 218146737
5868 11737 456535852
5869 11738 605330629
5869 11739 396887610
5870 11740 3046736
5870 11741 734810946
5871 11742 422169664
5871 11743 251502374
5872 11744 364563377
5872 11745 589816470
5873 11746 410971190
5873 11747 553179641
5874 11748 915941769
5874 11749 288579989
5875 11750 275574136
5875 11751 416142362
5876 11752 274410695
5876 11753 77659371
5877 11754 555328102
5877 11755 174320943
5878 11756 466370615
5878 11757 847797550
5879 11758 615651567
5879 11759 83690994
5880 11760 195531477
5880 11761 752049094
5881 11762 670373646
5881 11763 710158640
5882 11764 597879692
5882 11765 870062542
5883 11766 315060362
5883 11767 281642207
5884 11768 801429889
5884 11769 793013472
5885 11770 676068673
5885 11771 304950736
5886 11772 799034103
5886 11773 787907934
5887 11774 488927375
5887 11775 133477310
5888 11776 825752312
5888 11777 341464330
5889 11778 728026449
5889 11779 721333035
5890 11780 727945025
5890 11781 138791072
5891 11782 64734092
5891 11783 608466823
5892 11784 411744423
5892 11785 463322605
5893 11786 358520727
5893 11787 669306502
5894 11788 169837893
5894 11789 267458449
5895 11790 635623163
5895 11791 226856832
5896 11792 19957645
5896 11793 599196387
5897 11794 206676301
5897 11795 435751091
5898 11796 916860849
5898 11797 42619036
5899 11798 940364452
5899 11799 480415641
5900 11800 464038630
5900 11801 800632799
5901 11802 297134907
5901 11803 605046012
5902 11804 210445044
5902 11805 168964803
5903 11806 640559238
5903 11807 969772032
5904 11808 702819465
5904 11809 760643319
5905 11810 398522481
5905 11811 419166072
5906 11812 671428297
5906 11813 586386408
5907 11814 375858362
5907 11815 235351520
5908 11816 72526965
5908 11817 647472852
5909 11818 394852105
5909 11819 866557644
5910 11820 824873264
5910 11821 143569531
5911 11822 807384915
5911 11823 485801710
5912 11824 938073487
5912 11825 50345067
5913 11826 487907842
5913 11827 830555600
5914 11828 150843977
5914 11829 768446001
5915 11830 705259619
5915 11831 610047982
5916 11832 622151934
5916 11833 820351922
5917 11834 609359939
5917 11835 588367398
5918 11836 700451935
5918 11837 632385839
5919 11838 173575797
5919 11839 635896700
5920 11840 961665054
5920 11841 719106709
5921 11842 95845507
5921 11843 892908430
5922 11844 199954074
5922 11845 636154176
5923 11846 542762926
5923 11847 432826371
5924 11848 991621487
5924 11849 453451664
5925 11850 857246494
5925 11851 138307550
5926 11852 807344597
5926 11853 478847419
5927 11854 750086383
5927 11855 778581859
5928 11856 866872357
5928 11857 742304646
5929 11858 688801112
5929 11859 640587284
5930 11860 221191936
5930 11861 170316840
5931 11862 503638592
5931 11863 375922001
5932 11864 225094656
5932 11865 873544199
5933 11866 110620133
5933 11867 868037472
5934 11868 598739393
5934 11869 221115013
5935 11870 688167476
5935 11871 480081672
5936 11872 892553642
5936 11873 608479110
5937 11874 759182042
5937 11875 892741273
5938 11876 752602220
5938 11877 747952036
5939 11878 397715006
5939 11879 550326501
5940 11880 988150144
5940 11881 38609470
5941 11882 412305076
5941 11883 553545224
5942 11884 21753377
5942 11885 382649286
5943 11886 425500050
5943 11887 133165739
5944 11888 742294603
5944 11889 632689459
5945 11890 385453760
5945 11891 370925383
5946 11892 803234081
5946 11893 141521307
5947 11894 538888413
5947 11895 442852952
5948 11896 831476020
5948 11897 351318491
5949 11898 334071161
5949 11899 177846853
5950 11900 558777531
5950 11901 574215418
5951 11902 521334117
5951 11903 944647060
5952 11904 693022453
5952 11905 685875720
5953 11906 356957726
5953 11907 597314523
5954 11908 223276120
5954 11909 422889063
5955 11910 538638986
5955 11911 416885171
5956 11912 31106739
5956 11913 683572556
5957 11914 869893326
5957 11915 141101780
5958 11916 479249481
5958 11917 193129457
5959 11918 435698120
5959 11919 295741434
5960 11920 611350802
5960 11921 469683691
5961 11922 592967233
5961 11923 127923945
5962 11924 873934024
5962 11925 787192841
5963 11926 39687826
5963 11927 990234979
5964 11928 491798503
5964 11929 954103265
5965 11930 140906984
5965 11931 232622668
5966 11932 400588499
5966 11933 112445320
5967 11934 899082839
5967 11935 74405662
5968 11936 852887327
5968 11937 63932806
5969 11938 244024093
5969 11939 753753076
5970 11940 148379388
5970 11941 565005040
5971 11942 743374878
5971 11943 316600253
5972 11944 990675228
5972 11945 191994396
5973 11946 95830322
5973 11947 886607129
5974 11948 524371907
5974 11949 311459632
5975 11950 771460623
5975 11951 702809463
5976 11952 688375975
5976 11953 279041389
5977 11954 386642279
5977 11955 360060188
5978 11956 935382446
5978 11957 800276710
5979 11958 86139190
5979 11959 215497798
5980 11960 681392562
5980 11961 835707330
5981 11962 338252199
5981 11963 134400951
5982 11964 395536355
5982 11965 935950552
5983 11966 323314435
5983 11967 584987593
5984 11968 863751811
5984 11969 352327815
5985 11970 495601036
5985 11971 271625049
5986 11972 465257932
5986 11973 834552883
5987 11974 260997970
5987 11975 382551737
5988 11976 85001386
5988 11977 56899697
5989 11978 800188278
5989 11979 590443557
5990 11980 696753840
5990 11981 278934916
5991 11982 631491582
5991 11983 775999686
5992 11984 901794324
5992 11985 893526585
5993 11986 38230035
5993 11987 92505689
5994 11988 107460309
5994 11989 426810674
5995 11990 609763054
5995 11991 937518555
5996 11992 96222264
5996 11993 913723128
5997 11994 854167019
5997 11995 928620464
5998 11996 72744406
5998 11997 701777913
5999 11998 13829100
5999 11999 445189012
6000 12000 642998198
6000 12001 929606953
6001 12002 780596616
6001 12003 222515070
6002 12004 642313070
6002 12005 430133033
6003 12006 265973877
6003 12007 527339562
6004 12008 241413682
6004 12009 297250112
6005 12010 845236528
6005 12011 342844319
6006 12012 750336781
6006 12013 306395363
6007 12014 664964440
6007 12015 78206012
6008 12016 73660145
6008 12017 857982600
6009 12018 935519291
6009 12019 119903901
6010 12020 596714447
6010 12021 531269814
6011 12022 424896479
6011 12023 502592683
6012 12024 404063317
6012 12025 761494934
6013 12026 225110133
6013 12027 300039593
6014 12028 809482020
6014 12029 822763144
6015 12030 798746294
6015 12031 180179687
6016 12032 704125102
6016 12033 179043202
6017 12034 727760749
6017 12035 661666229
6018 12036 778854256
6018 12037 771238760
6019 12038 621043063
6019 12039 161613370
6020 12040 33934853
6020 12041 889063718
6021 12042 571971063
6021 12043 265468274
6022 12044 730418204
6022 12045 579099776
6023 12046 990862037
6023 12047 763668933
6024 12048 110991739
6024 12049 22685065
6025 12050 627658195
6025 12051 416332001
6026 12052 282904557
6026 12053 544030168
6027 12054 29995018
6027 12055 942230114
6028 12056 631866762
6028 12057 136595252
6029 12058 275170328
6029 12059 569057730
6030 12060 879733025
6030 12061 966311660
6031 12062 971132018
6031 12063 737813896
6032 12064 483101864
6032 12065 657547973
6033 12066 935136758
6033 12067 117418380
6034 12068 258746688
6034 12069 253099642
6035 12070 166145239
6035 12071 333350819
6036 12072 208529031
6036 12073 469877012
6037 12074 271281390
6037 12075 1456516
6038 12076 551929558
6038 12077 351181226
6039 12078 56176824
6039 12079 326890802
6040 12080 707085605
6040 12081 353822317
6041 12082 841634218
6041 12083 694053892
6042 12084 450929987
6042 12085 516427594
6043 12086 576308477
6043 12087 722571331
6044 12088 470247608
6044 12089 278115444
6045 12090 433534559
6045 12091 228329235
6046 12092 253216969
6046 12093 978044419
6047 12094 125561725
6047 12095 770831929
6048 12096 292326384
6048 12097 755114771
6049 12098 211018888
6049 12099 952560687
6050 12100 44756038
6050 12101 386752744
6051 12102 33750393
6051 12103 668916157
6052 12104 400536014
6052 12105 454960041
6053 12106 820738411
6053 12107 886957080
6054 12108 268176829
6054 12109 277289978
6055 12110 551513066
6055 12111 622719976
6056 12112 224485271
6056 12113 710326342
6057 12114 639105067
6057 12115 863096240
6058 12116 20539003
6058 12117 269117812
6059 12118 626013015
6059 12119 597914010
6060 12120 572177912
6060 12121 21408399
6061 12122 834899017
6061 12123 220401814
6062 12124 372261744
6062 12125 880418099
6063 12126 202927394
6063 12127 174430570
6064 12128 776970292
6064 12129 323123722
6065 12130 546111746
6065 12131 916285381
6066 12132 603705448
6066 12133 28323575
6067 12134 360069286
6067 12135 270106521
6068 12136 401733470
6068 12137 682206877
6069 12138 685272634
6069 12139 380378249
6070 12140 550216457
6070 12141 555426370
6071 12142 214564894
6071 12143 215868488
6072 12144 214027616
6072 12145 237681360
6073 12146 447267265
6073 12147 302840313
6074 12148 801771827
6074 12149 946779413
6075 12150 977063964
6075 12151 446349350
6076 12152 418383062
6076 12153 663940250
6077 12154 589651965
6077 12155 738539788
6078 12156 632961282
6078 12157 53388322
6079 12158 748241187
6079 12159 990794067
6080 12160 507744948
6080 12161 954438772
6081 12162 261861453
6081 12163 236146259
6082 12164 42554974
6082 12165 411090895
6083 12166 101703124
6083 12167 917387629
6084 12168 174508723
6084 12169 224681140
6085 12170 768351116
6085 12171 567712061
6086 12172 622726551
6086 12173 850844195
6087 12174 612768129
6087 12175 826213623
6088 12176 972251539
6088 12177 670138881
6089 12178 195056225
6089 12179 102238372
6090 12180 807853558
6090 12181 165012936
6091 12182 358621424
6091 12183 915835385
6092 12184 3549158
6092 12185 509288141
6093 12186 608790609
6093 12187 391750819
6094 12188 752308800
6094 12189 331029194
6095 12190 898691748
6095 12191 2279044
6096 12192 214437820
6096 12193 754176667
6097 12194 561399656
6097 12195 616887746
6098 12196 207716928
6098 12197 658421386
6099 12198 634523496
6099 12199 591442760
6100 12200 652772607
6100 12201 347176054
6101 12202 341660150
6101 12203 831194245
6102 12204 154062595
6102 12205 264341883
6103 12206 825602499
6103 12207 671303730
6104 12208 816622787
6104 12209 894891977
6105 12210 546225762
6105 12211 811936483
6106 12212 617959760
6106 12213 475528885
6107 12214 533995715
6107 12215 64464757
6108 12216 935980176
6108 12217 870120696
6109 12218 359333645
6109 12219 611320088
6110 12220 867195654
6110 12221 222731751
6111 12222 837853348
6111 12223 692451558
6112 12224 958741282
6112 12225 84211978
6113 12226 86335280
6113 12227 492206539
6114 12228 208424150
6114 12229 95635663
6115 12230 954660367
6115 12231 947999188
6116 12232 315294859
6116 12233 421940815
6117 12234 385225898
6117 12235 560596806
6118 12236 449059214
6118 12237 584816522
6119 12238 135263705
6119 12239 182891601
6120 12240 68239341
6120 12241 42516720
6121 12242 60126961
6121 12243 679888131
6122 12244 782574755
6122 12245 849321998
6123 12246 673942417
6123 12247 297229063
6124 12248 932778327
6124 12249 70534930
6125 12250 202398214
6125 12251 750933978
6126 12252 511827068
6126 12253 81384645
6127 12254 581330059
6127 12255 172824495
6128 12256 719476846
6128 12257 581299928
6129 12258 843573180
6129 12259 167666724
6130 12260 38585565
6130 12261 428019308
6131 12262 611566579
6131 12263 65658140
6132 12264 477156976
6132 12265 352483799
6133 12266 797514520
6133 12267 498682294
6134 12268 314534351
6134 12269 116090688
6135 12270 184151276
6135 12271 227544912
6136 12272 114328681
6136 12273 576920736
6137 12274 362113867
6137 12275 683214274
6138 12276 665311997
6138 12277 570991416
6139 12278 832804051
6139 12279 235919691
6140 12280 377095778
6140 12281 143198914
6141 12282 822977286
6141 12283 154759057
6142 12284 34008643
6142 12285 401032079
6143 12286 852395793
6143 12287 951610453
6144 12288 269734186
6144 12289 97315974
6145 12290 924354165
6145 12291 447406041
6146 12292 391332491
6146 12293 962548404
6147 12294 166321811
6147 12295 740584891
6148 12296 145553545
6148 12297 109722222
6149 12298 611647527
6149 12299 308185596
6150 12300 56893417
6150 12301 400491467
6151 12302 710449984
6151 12303 937328950
6152 12304 563983319
6152 12305 388843964
6153 12306 481714560
6153 12307 252114438
6154 12308 38408016
6154 12309 710489524
6155 12310 11872464
6155 12311 730777714
6156 12312 647987847
6156 12313 868237365
6157 12314 884889796
6157 12315 643725092
6158 12316 744877976
6158 12317 35384067
6159 12318 214977275
6159 12319 440182526
6160 12320 779586778
6160 12321 386178744
6161 12322 615570793
6161 12323 50529899
6162 12324 231279258
6162 12325 271326740
6163 12326 787849454
6163 12327 931829078
6164 12328 731803319
6164 12329 240890682
6165 12330 344774386
6165 12331 823682029
6166 12332 684348871
6166 12333 493596647
6167 12334 943483165
6167 12335 355310847
6168 12336 783058956
6168 12337 187007813
6169 12338 248010922
6169 12339 57618614
6170 12340 489883257
6170 12341 992461971
6171 12342 767309094
6171 12343 959769160
6172 12344 932000410
6172 12345 802588563
6173 12346 2147560
6173 12347 113828924
6174 12348 314192859
6174 12349 167241327
6175 12350 230075836
6175 12351 957677967
6176 12352 578438002
6176 12353 176552861
6177 12354 42961852
6177 12355 50523777
6178 12356 62558037
6178 12357 64400660
6179 12358 274667053
6179 12359 404366768
6180 12360 408800807
6180 12361 105810865
6181 12362 905872873
6181 12363 174635342
6182 12364 906669946
6182 12365 514087577
6183 12366 215659812
6183 12367 962431037
6184 12368 804147203
6184 12369 756968060
6185 12370 229381994
6185 12371 14436042
6186 12372 964423632
6186 12373 412847060
6187 12374 634953618
6187 12375 984011776
6188 12376 410259932
6188 12377 315189388
6189 12378 659251512
6189 12379 254037805
6190 12380 507823946
6190 12381 962868307
6191 12382 519402951
6191 12383 667005030
6192 12384 100661651
6192 12385 89808751
6193 12386 335177145
6193 12387 565540097
6194 12388 368423444
6194 12389 347811324
6195 12390 517572347
6195 12391 72957127
6196 12392 974722358
6196 12393 530522278
6197 12394 89813159
6197 12395 550220765
6198 12396 401981698
6198 12397 318400097
6199 12398 139573780
6199 12399 996200541
6200 12400 896683636
6200 12401 1941993
6201 12402 872675777
6201 12403 502841181
6202 12404 928661168
6202 12405 164538913
6203 12406 897975066
6203 12407 415343583
6204 12408 85656121
6204 12409 996430288
6205 12410 453517709
6205 12411 315301116
6206 12412 514010864
6206 12413 750644223
6207 12414 66517995
6207 12415 675359396
6208 12416 90072201
6208 12417 448968388
6209 12418 593997597
6209 12419 367931789
6210 12420 638462375
6210 12421 395825891
6211 12422 699971385
6211 12423 791566304
6212 12424 821676280
6212 12425 697722626
6213 12426 712251272
6213 12427 267623920
6214 12428 773214989
6214 12429 138203184
6215 12430 361497937
6215 12431 106718848
6216 12432 233565908
6216 12433 380892598
6217 12434 171871541
6217 12435 855265065
6218 12436 81638261
6218 12437 344233942
6219 12438 649239964
6219 12439 950558938
6220 12440 794246354
6220 12441 55451920
6221 12442 242479571
6221 12443 751750200
6222 12444 158439456
6222 12445 14800179
6223 12446 250084339
6223 12447 817082698
6224 12448 352582158
6224 12449 650033019
6225 12450 515694280
6225 12451 387926103
6226 12452 555087192
6226 12453 51532807
6227 12454 679069066
6227 12455 938552672
6228 12456 417630624
6228 12457 970247152
6229 12458 266392952
6229 12459 325493154
6230 12460 818532414
6230 12461 793835640
6231 12462 8088931
6231 12463 944559817
6232 12464 866483849
6232 12465 887261810
6233 12466 410109781
6233 12467 100133312
6234 12468 504744237
6234 12469 823691998
6235 12470 414725700
6235 12471 326290800
6236 12472 894982519
6236 12473 341269045
6237 12474 14355626
6237 12475 556476201
6238 12476 516525737
6238 12477 273681432
6239 12478 77531518
6239 12479 380116263
6240 12480 437358322
6240 12481 61009593
6241 12482 280793700
6241 12483 349025369
6242 12484 68279217
6242 12485 75587275
6243 12486 80410774
6243 12487 576440855
6244 12488 190916419
6244 12489 931438126
6245 12490 158439523
6245 12491 638261674
6246 12492 215080049
6246 12493 849161687
6247 12494 399179108
6247 12495 348154177
6248 12496 708144510
6248 12497 37388170
6249 12498 131354846
6249 12499 153912359
6250 12500 602785839
6250 12501 787244122
6251 12502 228148709
6251 12503 952218766
6252 12504 931433968
6252 12505 30856984
6253 12506 182067287
6253 12507 373998781
6254 12508 527489579
6254 12509 244365366
6255 12510 708617618
6255 12511 201940812
6256 12512 964727250
6256 12513 438139532
6257 12514 446202839
6257 12515 858575232
6258 12516 465744078
6258 12517 397682529
6259 12518 66369547
6259 12519 230559613
6260 12520 994317838
6260 12521 534531355
6261 12522 866793548
6261 12523 298665547
6262 12524 492603079
6262 12525 343247475
6263 12526 380442132
6263 12527 921172009
6264 12528 717712465
6264 12529 16757442
6265 12530 11036066
6265 12531 135054239
6266 12532 451708363
6266 12533 608808919
6267 12534 445390319
6267 12535 37364324
6268 12536 613138703
6268 12537 69321483
6269 12538 322144825
6269 12539 426519496
6270 12540 663316655
6270 12541 219149179
6271 12542 597218483
6271 12543 85600221
6272 12544 924498319
6272 12545 606613520
6273 12546 659447408
6273 12547 106025365
6274 12548 867853048
6274 12549 186057988
6275 12550 786486427
6275 12551 275469695
6276 12552 678268342
6276 12553 769146197
6277 12554 81224286
6277 12555 329989562
6278 12556 886934567
6278 12557 456240893
6279 12558 811761484
6279 12559 914418944
6280 12560 988552756
6280 12561 583671225
6281 12562 979644814
6281 12563 314455264
6282 12564 594244097
6282 12565 479118433
6283 12566 603350767
6283 12567 230725360
6284 12568 575674339
6284 12569 634927333
6285 12570 939002297
6285 12571 251523419
6286 12572 67159112
6286 12573 998390772
6287 12574 721071190
6287 12575 602251076
6288 12576 882245309
6288 12577 225244721
6289 12578 3540701
6289 12579 989100696
6290 12580 222629281
6290 12581 145660284
6291 12582 842999548
6291 12583 941330423
6292 12584 341686273
6292 12585 835939273
6293 12586 381128608
6293 12587 372124862
6294 12588 887175141
6294 12589 377611740
6295 12590 316587315
6295 12591 400226733
6296 12592 796971239
6296 12593 130151695
6297 12594 180829223
6297 12595 719880847
6298 12596 508093302
6298 12597 8736782
6299 12598 864123439
6299 12599 770653715
6300 12600 656972612
6300 12601 210820183
6301 12602 793599649
6301 12603 532072565
6302 12604 236396916
6302 12605 139763208
6303 12606 65339401
6303 12607 807112043
6304 12608 262764660
6304 12609 864142649
6305 12610 28050510
6305 12611 654691714
6306 12612 790366750
6306 12613 748083248
6307 12614 139829515
6307 12615 496552098
6308 12616 729432418
6308 12617 507153609
6309 12618 240198679
6309 12619 518157334
6310 12620 448265383
6310 12621 690201071
6311 12622 579017416
6311 12623 275024445
6312 12624 571549234
6312 12625 221350784
6313 12626 128525955
6313 12627 666111682
6314 12628 700691986
6314 12629 999266919
6315 12630 705611591
6315 12631 68258236
6316 12632 727950092
6316 12633 130769229
6317 12634 704260105
6317 12635 969562605
6318 12636 912118472
6318 12637 550897648
6319 12638 933068819
6319 12639 339988699
6320 12640 799561216
6320 12641 501959127
6321 12642 565970539
6321 12643 469460552
6322 12644 224699514
6322 12645 278837562
6323 12646 242122552
6323 12647 799706489
6324 12648 984759741
6324 12649 152731050
6325 12650 968625105
6325 12651 59616493
6326 12652 661244494
6326 12653 106879941
6327 12654 760459636
6327 12655 995751629
6328 12656 809026246
6328 12657 326961536
6329 12658 615527578
6329 12659 322605812
6330 12660 669391101
6330 12661 804458437
6331 12662 623254325
6331 12663 385923729
6332 12664 517705383
6332 12665 51550910
6333 12666 671700552
6333 12667 102168506
6334 12668 59509359
6334 12669 86104263
6335 12670 496674687
6335 12671 880774461
6336 12672 539825801
6336 12673 615700161
6337 12674 774521401
6337 12675 185996796
6338 12676 833678847
6338 12677 348813119
6339 12678 366209629
6339 12679 578759247
6340 12680 473042728
6340 12681 689714908
6341 12682 782134993
6341 12683 511719327
6342 12684 920649102
6342 12685 532833221
6343 12686 359570993
6343 12687 295964178
6344 12688 936757392
6344 12689 843513564
6345 12690 380104803
6345 12691 163393419
6346 12692 266118240
6346 12693 899125554
6347 12694 645861512
6347 12695 958859551
6348 12696 578272953
6348 12697 761296566
6349 12698 303488996
6349 12699 967393688
6350 12700 337408739
6350 12701 75266733
6351 12702 758652493
6351 12703 256378703
6352 12704 184250271
6352 12705 850425853
6353 12706 131875141
6353 12707 153604865
6354 12708 44508864
6354 12709 412658131
6355 12710 984341677
6355 12711 319700160
6356 12712 558190322
6356 12713 996114421
6357 12714 936542837
6357 12715 282747516
6358 12716 932939883
6358 12717 441306968
6359 12718 229531741
6359 12719 903062422
6360 12720 190867585
6360 12721 154015857
6361 12722 586201758
6361 12723 171614486
6362 12724 498241566
6362 12725 54120815
6363 12726 716761648
6363 12727 155453303
6364 12728 502647033
6364 12729 947944423
6365 12730 613029334
6365 12731 352894206
6366 12732 406547285
6366 12733 883193385
6367 12734 99322814
6367 12735 177798883
6368 12736 862971224
6368 12737 758092263
6369 12738 101472170
6369 12739 515987704
6370 12740 17875538
6370 12741 974417191
6371 12742 465938810
6371 12743 263061132
6372 12744 743379165
6372 12745 277185916
6373 12746 124824290
6373 12747 531722371
6374 12748 192148489
6374 12749 525209716
6375 12750 589841683
6375 12751 465334499
6376 12752 27403382
6376 12753 895952562
6377 12754 470946095
6377 12755 114795854
6378 12756 607158349
6378 12757 878119903
6379 12758 76902621
6379 12759 845095195
6380 12760 787841142
6380 12761 321520602
6381 12762 624514217
6381 12763 880647642
6382 12764 99564333
6382 12765 424997891
6383 12766 700530450
6383 12767 284620318
6384 12768 28396848
6384 12769 225906097
6385 12770 270389267
6385 12771 386331371
6386 12772 622881986
6386 12773 175375045
6387 12774 420362691
6387 12775 667344728
6388 12776 163549039
6388 12777 191874580
6389 12778 919499845
6389 12779 526085531
6390 12780 973020502
6390 12781 887756549
6391 12782 397236125
6391 12783 991179855
6392 12784 429297813
6392 12785 769580048
6393 12786 51912748
6393 12787 914742362
6394 12788 619137680
6394 12789 876399210
6395 12790 613610326
6395 12791 620578899
6396 12792 912284186
6396 12793 387871701
6397 12794 1616227
6397 12795 478642892
6398 12796 353116291
6398 12797 388017665
6399 12798 397878804
6399 12799 129027488
6400 12800 438043639
6400 12801 750277713
6401 12802 123184892
6401 12803 735920336
6402 12804 279500710
6402 12805 595117418
6403 12806 892237210
6403 12807 156424390
6404 12808 417683909
6404 12809 533999877
6405 12810 373641900
6405 12811 379551321
6406 12812 352966333
6406 12813 509169150
6407 12814 207380478
6407 12815 51704063
6408 12816 822063332
6408 12817 69081300
6409 12818 576948850
6409 12819 915882504
6410 12820 10449419
6410 12821 10892501
6411 12822 736093125
6411 12823 30926651
6412 12824 275834294
6412 12825 57302668
6413 12826 815540267
6413 12827 954333172
6414 12828 513839865
6414 12829 556092050
6415 12830 632400585
6415 12831 563369853
6416 12832 583202789
6416 12833 676660830
6417 12834 341257067
6417 12835 219175788
6418 12836 525191219
6418 12837 156783099
6419 12838 848947442
6419 12839 87181235
6420 12840 355095083
6420 12841 503469316
6421 12842 233906745
6421 12843 441750719
6422 12844 731693235
6422 12845 164610141
6423 12846 160217692
6423 12847 70679062
6424 12848 888538953
6424 12849 162874908
6425 12850 305846600
6425 12851 440236223
6426 12852 970447379
6426 12853 541338030
6427 12854 124931344
6427 12855 83581681
6428 12856 996313057
6428 12857 87308430
6429 12858 640672698
6429 12859 345817641
6430 12860 709267174
6430 12861 713431620
6431 12862 6120970
6431 12863 283654995
6432 12864 771590687
6432 12865 410094014
6433 12866 8409601
6433 12867 513041100
6434 12868 473627026
6434 12869 242727527
6435 12870 611817847
6435 12871 497055867
6436 12872 148915853
6436 12873 899368393
6437 12874 482065517
6437 12875 751497259
6438 12876 516721788
6438 12877 706188660
6439 12878 816485414
6439 12879 254103199
6440 12880 107785876
6440 12881 812761402
6441 12882 425790491
6441 12883 294778433
6442 12884 577284938
6442 12885 871546072
6443 12886 546394204
6443 12887 103490327
6444 12888 292703354
6444 12889 725704129
6445 12890 390459216
6445 12891 251943479
6446 12892 590119713
6446 12893 800192896
6447 12894 757306665
6447 12895 181815647
6448 12896 145320137
6448 12897 216603670
6449 12898 956612708
6449 12899 591702861
6450 12900 477786650
6450 12901 502516264
6451 12902 618720337
6451 12903 598873944
6452 12904 928924952
6452 12905 968727812
6453 12906 958058483
6453 12907 376943651
6454 12908 564729077
6454 12909 686748497
6455 12910 370533911
6455 12911 742426076
6456 12912 693998329
6456 12913 160135153
6457 12914 711826585
6457 12915 382078253
6458 12916 260939693
6458 12917 822465641
6459 12918 561110651
6459 12919 973861378
6460 12920 108652624
6460 12921 604737473
6461 12922 569475713
6461 12923 621198745
6462 12924 2768748
6462 12925 31990761
6463 12926 848429193
6463 12927 925357530
6464 12928 327268060
6464 12929 243931013
6465 12930 277626497
6465 12931 101089602
6466 12932 60512846
6466 12933 723501446
6467 12934 228811676
6467 12935 138127910
6468 12936 315452113
6468 12937 353611715
6469 12938 876296386
6469 12939 457151199
6470 12940 804263435
6470 12941 827367741
6471 12942 468548208
6471 12943 423503751
6472 12944 260691230
6472 12945 942917502
6473 12946 924668517
6473 12947 90140780
6474 12948 152275519
6474 12949 146289176
6475 12950 915249111
6475 12951 168576806
6476 12952 827953832
6476 12953 85623218
6477 12954 601750443
6477 12955 775977449
6478 12956 247134530
6478 12957 20093412
6479 12958 929772649
6479 12959 415089617
6480 12960 690465141
6480 12961 341630320
6481 12962 711366646
6481 12963 845636543
6482 12964 745663419
6482 12965 876259044
6483 12966 645560087
6483 12967 90041855
6484 12968 561118142
6484 12969 650512609
6485 12970 345031439
6485 12971 438371091
6486 12972 229147550
6486 12973 456791193
6487 12974 451285801
6487 12975 832470348
6488 12976 171844392
6488 12977 2747249
6489 12978 858128425
6489 12979 89938809
6490 12980 263971612
6490 12981 821210666
6491 12982 946409263
6491 12983 348265685
6492 12984 565607415
6492 12985 81064535
6493 12986 752804191
6493 12987 708403252
6494 12988 660396248
6494 12989 133571043
6495 12990 148637322
6495 12991 302445360
6496 12992 810236292
6496 12993 742467681
6497 12994 740721636
6497 12995 344692853
6498 12996 301030369
6498 12997 496448796
6499 12998 179651836
6499 12999 676035554
6500 13000 964375259
6500 13001 704950219
6501 13002 609822913
6501 13003 948721140
6502 13004 234334101
6502 13005 136236879
6503 13006 438150888
6503 13007 65294579
6504 13008 894196773
6504 13009 647115183
6505 13010 593101894
6505 13011 501204993
6506 13012 864826766
6506 13013 201376675
6507 13014 544021361
6507 13015 424705407
6508 13016 453193465
6508 13017 676628256
6509 13018 132002701
6509 13019 540115543
6510 13020 996661859
6510 13021 312772176
6511 13022 2706505
6511 13023 375828398
6512 13024 629828677
6512 13025 776327502
6513 13026 958688940
6513 13027 83759182
6514 13028 987147340
6514 13029 719253414
6515 13030 639342316
6515 13031 745174552
6516 13032 752007486
6516 13033 530886203
6517 13034 257400934
6517 13035 363306492
6518 13036 486323326
6518 13037 40969271
6519 13038 464040857
6519 13039 640318738
6520 13040 548295312
6520 13041 277720161
6521 13042 611852000
6521 13043 288237153
6522 13044 250279568
6522 13045 726404999
6523 13046 521096415
6523 13047 255026663
6524 13048 733278680
6524 13049 489428792
6525 13050 976593034
6525 13051 457431854
6526 13052 927933167
6526 13053 901065182
6527 13054 517246245
6527 13055 832581027
6528 13056 123153167
6528 13057 298283768
6529 13058 893175305
6529 13059 664661839
6530 13060 259884515
6530 13061 950237008
6531 13062 302656976
6531 13063 595338137
6532 13064 511124013
6532 13065 480900199
6533 13066 765876836
6533 13067 131205903
6534 13068 594259290
6534 13069 826631616
6535 13070 631009107
6535 13071 534086727
6536 13072 514465574
6536 13073 869996171
6537 13074 595523522
6537 13075 650791177
6538 13076 94437463
6538 13077 814458776
6539 13078 237922272
6539 13079 338279121
6540 13080 717686301
6540 13081 76318100
6541 13082 337792262
6541 13083 846305242
6542 13084 677487045
6542 13085 806936979
6543 13086 778786740
6543 13087 801116280
6544 13088 729742040
6544 13089 310865743
6545 13090 523296392
6545 13091 558701287
6546 13092 705917041
6546 13093 644069395
6547 13094 400479016
6547 13095 770082586
6548 13096 939557807
6548 13097 351259819
6549 13098 347873354
6549 13099 115665935
6550 13100 935627130
6550 13101 786631299
6551 13102 845082298
6551 13103 464131457
6552 13104 168700394
6552 13105 425967773
6553 13106 48029810
6553 13107 246645201
6554 13108 679180663
6554 13109 852951531
6555 13110 271435378
6555 13111 187011825
6556 13112 437095558
6556 13113 881701292
6557 13114 921048635
6557 13115 620586579
6558 13116 401546758
6558 13117 450852624
6559 13118 130060496
6559 13119 839588767
6560 13120 217885058
6560 13121 215581969
6561 13122 165363966
6561 13123 221150890
6562 13124 288964654
6562 13125 855686456
6563 13126 23872477
6563 13127 807736293
6564 13128 174014179
6564 13129 450272145
6565 13130 888260708
6565 13131 42099696
6566 13132 930159194
6566 13133 957507628
6567 13134 655289103
6567 13135 366640174
6568 13136 561133823
6568 13137 556445182
6569 13138 584597885
6569 13139 651563997
6570 13140 637235875
6570 13141 65360814
6571 13142 661948575
6571 13143 175911029
6572 13144 891803492
6572 13145 877867270
6573 13146 475918689
6573 13147 424805510
6574 13148 692825892
6574 13149 888749318
6575 13150 668530437
6575 13151 575208322
6576 13152 751806638
6576 13153 708603686
6577 13154 984452120
6577 13155 426979170
6578 13156 247774486
6578 13157 642202642
6579 13158 199118616
6579 13159 937751534
6580 13160 451199506
6580 13161 257554922
6581 13162 133460460
6581 13163 291461914
6582 13164 384490149
6582 13165 165777009
6583 13166 552436290
6583 13167 19437659
6584 13168 755451763
6584 13169 651340994
6585 13170 103317109
6585 13171 657263386
6586 13172 237268677
6586 13173 81236939
6587 13174 621634809
6587 13175 284833500
6588 13176 744780979
6588 13177 539321916
6589 13178 971403920
6589 13179 998647175
6590 13180 203899283
6590 13181 452771636
6591 13182 601179427
6591 13183 915336428
6592 13184 382226841
6592 13185 395626490
6593 13186 866886564
6593 13187 749682420
6594 13188 657307153
6594 13189 923269586
6595 13190 444890275
6595 13191 728509328
6596 13192 754934636
6596 13193 266729361
6597 13194 427920013
6597 13195 688381923
6598 13196 790656193
6598 13197 970460646
6599 13198 383548025
6599 13199 50221980
6600 13200 797091577
6600 13201 205844130
6601 13202 705412570
6601 13203 51411123
6602 13204 564653823
6602 13205 231012474
6603 13206 594028880
6603 13207 324804367
6604 13208 301481721
6604 13209 503180676
6605 13210 763397042
6605 13211 820000452
6606 13212 225495981
6606 13213 743571656
6607 13214 220057970
6607 13215 157647707
6608 13216 13611829
6608 13217 681185241
6609 13218 873917893
6609 13219 807934504
6610 13220 383505269
6610 13221 646561203
6611 13222 651826501
6611 13223 274663502
6612 13224 843965691
6612 13225 211117039
6613 13226 556064094
6613 13227 837363042
6614 13228 182450788
6614 13229 659549959
6615 13230 303983575
6615 13231 664834429
6616 13232 234481858
6616 13233 7209449
6617 13234 987841337
6617 13235 881518901
6618 13236 950322258
6618 13237 81092924
6619 13238 31531329
6619 13239 894415045
6620 13240 200257607
6620 13241 732557651
6621 13242 11542038
6621 13243 167941009
6622 13244 109047952
6622 13245 136873738
6623 13246 931779777
6623 13247 806446033
6624 13248 658852462
6624 13249 863810465
6625 13250 389470578
6625 13251 224095530
6626 13252 33445673
6626 13253 881569402
6627 13254 235595241
6627 13255 808466564
6628 13256 553898743
6628 13257 501850565
6629 13258 776115121
6629 13259 132077249
6630 13260 799207323
6630 13261 491650682
6631 13262 977364376
6631 13263 705683867
6632 13264 291810792
6632 13265 221015326
6633 13266 49044722
6633 13267 740268972
6634 13268 958391839
6634 13269 593463419
6635 13270 184214985
6635 13271 370802682
6636 13272 336910141
6636 13273 628858949
6637 13274 268574296
6637 13275 41982189
6638 13276 466820828
6638 13277 767995261
6639 13278 261118893
6639 13279 908080031
6640 13280 105241304
6640 13281 151561349
6641 13282 753775164
6641 13283 635693409
6642 13284 386839478
6642 13285 883373082
6643 13286 860283368
6643 13287 245544202
6644 13288 965778967
6644 13289 321531159
6645 13290 555472593
6645 13291 202956266
6646 13292 581691843
6646 13293 742666572
6647 13294 103721205
6647 13295 419747928
6648 13296 280604096
6648 13297 917462631
6649 13298 711523695
6649 13299 737417085
6650 13300 990148589
6650 13301 497422904
6651 13302 452813395
6651 13303 898291406
6652 13304 928842537
6652 13305 962028692
6653 13306 927093788
6653 13307 551616492
6654 13308 895958280
6654 13309 383098533
6655 13310 533070401
6655 13311 2237717
6656 13312 306447765
6656 13313 353334543
6657 13314 569124692
6657 13315 294573538
6658 13316 792842983
6658 13317 232050779
6659 13318 936569881
6659 13319 882151045
6660 13320 397185873
6660 13321 991452561
6661 13322 209341177
6661 13323 553811128
6662 13324 463963693
6662 13325 104209770
6663 13326 750477954
6663 13327 507523545
6664 13328 794747757
6664 13329 687362901
6665 13330 62651563
6665 13331 148593687
6666 13332 130495204
6666 13333 659764339
6667 13334 569997032
6667 13335 693977074
6668 13336 459353998
6668 13337 471306962
6669 13338 761594047
6669 13339 190335790
6670 13340 514906222
6670 13341 745151059
6671 13342 624930467
6671 13343 745394385
6672 13344 825603722
6672 13345 93167700
6673 13346 525203665
6673 13347 716266151
6674 13348 378416137
6674 13349 121243700
6675 13350 532453651
6675 13351 982343248
6676 13352 710299627
6676 13353 232888892
6677 13354 258614966
6677 13355 521618644
6678 13356 931924938
6678 13357 72697608
6679 13358 803904189
6679 13359 22777110
6680 13360 779298549
6680 13361 729987529
6681 13362 514801737
6681 13363 356725148
6682 13364 559109187
6682 13365 980412644
6683 13366 91770767
6683 13367 206830108
6684 13368 4052553
6684 13369 459166891
6685 13370 829229606
6685 13371 690144746
6686 13372 523496621
6686 13373 215386548
6687 13374 596840760
6687 13375 331351671
6688 13376 970343798
6688 13377 567180881
6689 13378 890657035
6689 13379 860607039
6690 13380 459538207
6690 13381 193141273
6691 13382 63454932
6691 13383 806301469
6692 13384 646228796
6692 13385 96980535
6693 13386 444976688
6693 13387 872579412
6694 13388 823569461
6694 13389 111731390
6695 13390 581428522
6695 13391 428773213
6696 13392 782294
6696 13393 161304360
6697 13394 960744696
6697 13395 241154737
6698 13396 357980258
6698 13397 602754957
6699 13398 256183239
6699 13399 220469747
6700 13400 969087296
6700 13401 578583988
6701 13402 650497652
6701 13403 22379216
6702 13404 662807860
6702 13405 928459599
6703 13406 638463782
6703 13407 547103565
6704 13408 968956949
6704 13409 612812220
6705 13410 816171169
6705 13411 931970382
6706 13412 608008833
6706 13413 529469657
6707 13414 47057373
6707 13415 586858184
6708 13416 169454378
6708 13417 142774896
6709 13418 620166121
6709 13419 900916225
6710 13420 948665534
6710 13421 999213978
6711 13422 84176502
6711 13423 150069402
6712 13424 813338512
6712 13425 107348582
6713 13426 812615964
6713 13427 251451174
6714 13428 593203319
6714 13429 37088257
6715 13430 671342936
6715 13431 963652997
6716 13432 343730577
6716 13433 615268308
6717 13434 304296893
6717 13435 33242243
6718 13436 897840093
6718 13437 721575832
6719 13438 286072151
6719 13439 63111253
6720 13440 563449966
6720 13441 490390737
6721 13442 440418917
6721 13443 287068181
6722 13444 314269590
6722 13445 123849673
6723 13446 519000127
6723 13447 695673006
6724 13448 894222302
6724 13449 527667435
6725 13450 755661136
6725 13451 230228158
6726 13452 773080488
6726 13453 314071760
6727 13454 793672606
6727 13455 510153001
6728 13456 159284045
6728 13457 938565142
6729 13458 503749125
6729 13459 50650945
6730 13460 88325764
6730 13461 417030796
6731 13462 653744838
6731 13463 442970337
6732 13464 433790176
6732 13465 769697829
6733 13466 706457235
6733 13467 291001992
6734 13468 426376548
6734 13469 682654356
6735 13470 737950327
6735 13471 641583713
6736 13472 347867654
6736 13473 117707472
6737 13474 270912140
6737 13475 907387758
6738 13476 757965192
6738 13477 443146340
6739 13478 160295261
6739 13479 786546854
6740 13480 364086773
6740 13481 782646047
6741 13482 250536022
6741 13483 58351343
6742 13484 412484093
6742 13485 745206478
6743 13486 499811640
6743 13487 8699127
6744 13488 76877732
6744 13489 526108722
6745 13490 282475801
6745 13491 950372657
6746 13492 397652038
6746 13493 833933165
6747 13494 229209005
6747 13495 382388299
6748 13496 444581861
6748 13497 175022358
6749 13498 77296442
6749 13499 745812312
6750 13500 573276369
6750 13501 359955024
6751 13502 977694454
6751 13503 928385147
6752 13504 900958678
6752 13505 386018529
6753 13506 634963611
6753 13507 627713837
6754 13508 22016720
6754 13509 167639781
6755 13510 919283828
6755 13511 904887996
6756 13512 97597302
6756 13513 720695119
6757 13514 619232176
6757 13515 10210180
6758 13516 670285601
6758 13517 430895227
6759 13518 428220493
6759 13519 426034600
6760 13520 3520100
6760 13521 471076407
6761 13522 795684311
6761 13523 783181834
6762 13524 554879093
6762 13525 509550429
6763 13526 555016718
6763 13527 625343450
6764 13528 872843543
6764 13529 907178980
6765 13530 174956597
6765 13531 170974389
6766 13532 581911424
6766 13533 83774398
6767 13534 263161534
6767 13535 76638964
6768 13536 396964762
6768 13537 353758933
6769 13538 484658791
6769 13539 856334618
6770 13540 63482640
6770 13541 965302576
6771 13542 85187390
6771 13543 270546113
6772 13544 583820841
6772 13545 227791148
6773 13546 481483156
6773 13547 449943410
6774 13548 954724663
6774 13549 461959045
6775 13550 313310813
6775 13551 570332148
6776 13552 687706190
6776 13553 531905075
6777 13554 459807237
6777 13555 950797891
6778 13556 864253993
6778 13557 71420551
6779 13558 149168372
6779 13559 93710464
6780 13560 410245349
6780 13561 322422990
6781 13562 171585949
6781 13563 230523444
6782 13564 249540474
6782 13565 348506425
6783 13566 285527278
6783 13567 552401234
6784 13568 217147384
6784 13569 571472653
6785 13570 544420533
6785 13571 726057535
6786 13572 369121883
6786 13573 353808003
6787 13574 329320403
6787 13575 297845807
6788 13576 847566370
6788 13577 157016405
6789 13578 375580426
6789 13579 186262209
6790 13580 518862297
6790 13581 495678733
6791 13582 333641097
6791 13583 73199426
6792 13584 248877061
6792 13585 387284081
6793 13586 443286966
6793 13587 185989141
6794 13588 436336995
6794 13589 242064094
6795 13590 315622035
6795 13591 380797512
6796 13592 428125493
6796 13593 284464085
6797 13594 981036589
6797 13595 686995866
6798 13596 305107840
6798 13597 164026726
6799 13598 897908267
6799 13599 288274260
6800 13600 198754254
6800 13601 338829657
6801 13602 502693423
6801 13603 882493465
6802 13604 970167015
6802 13605 42191830
6803 13606 464702363
6803 13607 606424896
6804 13608 886302103
6804 13609 539106615
6805 13610 110092560
6805 13611 215546190
6806 13612 290119126
6806 13613 796086406
6807 13614 34783357
6807 13615 657561850
6808 13616 409737155
6808 13617 843741428
6809 13618 32399853
6809 13619 774411917
6810 13620 718770309
6810 13621 99953623
6811 13622 388492777
6811 13623 496985343
6812 13624 459033448
6812 13625 282034476
6813 13626 35296033
6813 13627 137900098
6814 13628 687619777
6814 13629 74756758
6815 13630 530387966
6815 13631 380551898
6816 13632 448089621
6816 13633 920019934
6817 13634 849401861
6817 13635 571676703
6818 13636 320145370
6818 13637 524977628
6819 13638 442924840
6819 13639 431222985
6820 13640 930465232
6820 13641 883676317
6821 13642 404373690
6821 13643 231120084
6822 13644 209503110
6822 13645 21903777
6823 13646 849273344
6823 13647 950200647
6824 13648 100379544
6824 13649 373346686
6825 13650 214945851
6825 13651 441996009
6826 13652 305661278
6826 13653 600433635
6827 13654 688300973
6827 13655 452818098
6828 13656 511446037
6828 13657 605838795
6829 13658 191013235
6829 13659 378094203
6830 13660 123774223
6830 13661 355613722
6831 13662 85622347
6831 13663 286209662
6832 13664 229492111
6832 13665 482780352
6833 13666 314145796
6833 13667 86451680
6834 13668 528794532
6834 13669 979652588
6835 13670 878143253
6835 13671 161665437
6836 13672 98534924
6836 13673 766031746
6837 13674 587262482
6837 13675 226742505
6838 13676 598902254
6838 13677 304362826
6839 13678 324161625
6839 13679 705742006
6840 13680 282431736
6840 13681 595005327
6841 13682 46932753
6841 13683 219356996
6842 13684 326657639
6842 13685 963632331
6843 13686 808068512
6843 13687 743862268
6844 13688 952435609
6844 13689 667582398
6845 13690 699419049
6845 13691 816592964
6846 13692 848822361
6846 13693 805347451
6847 13694 494060964
6847 13695 439938000
6848 13696 690526224
6848 13697 927110227
6849 13698 331118878
6849 13699 396084132
6850 13700 295804297
6850 13701 157159524
6851 13702 201402740
6851 13703 754911246
6852 13704 716309105
6852 13705 37750663
6853 13706 470986173
6853 13707 745001270
6854 13708 840797218
6854 13709 705726844
6855 13710 121950870
6855 13711 896164368
6856 13712 579033322
6856 13713 454426759
6857 13714 6506881
6857 13715 955393977
6858 13716 766423140
6858 13717 908694586
6859 13718 125261723
6859 13719 308826664
6860 13720 59783532
6860 13721 954552786
6861 13722 162861720
6861 13723 772513387
6862 13724 649881617
6862 13725 559548427
6863 13726 459095336
6863 13727 709322572
6864 13728 324468175
6864 13729 700672808
6865 13730 720868749
6865 13731 86057226
6866 13732 230475018
6866 13733 655167722
6867 13734 553469226
6867 13735 20195095
6868 13736 721999777
6868 13737 409709109
6869 13738 395176862
6869 13739 89848219
6870 13740 883698994
6870 13741 155669279
6871 13742 937462625
6871 13743 841239313
6872 13744 925608780
6872 13745 641541643
6873 13746 239089432
6873 13747 386829
6874 13748 409805419
6874 13749 208911319
6875 13750 718994057
6875 13751 624978987
6876 13752 624864617
6876 13753 290293396
6877 13754 581499841
6877 13755 992371850
6878 13756 383979289
6878 13757 176557488
6879 13758 595035262
6879 13759 333262117
6880 13760 226970640
6880 13761 958612490
6881 13762 574262157
6881 13763 375947568
6882 13764 186790156
6882 13765 264280888
6883 13766 344274074
6883 13767 19770724
6884 13768 442632797
6884 13769 450168971
6885 13770 999329515
6885 13771 499686795
6886 13772 61024938
6886 13773 668902463
6887 13774 213251260
6887 13775 181101613
6888 13776 880705737
6888 13777 608763997
6889 13778 770156794
6889 13779 256947049
6890 13780 425671065
6890 13781 218373926
6891 13782 426852682
6891 13783 500252099
6892 13784 604842133
6892 13785 588540560
6893 13786 668210421
6893 13787 664763053
6894 13788 620938296
6894 13789 743139624
6895 13790 490253478
6895 13791 385815999
6896 13792 411774359
6896 13793 378061191
6897 13794 741120765
6897 13795 35372508
6898 13796 792000498
6898 13797 526243110
6899 13798 836521866
6899 13799 594173726
6900 13800 847776011
6900 13801 151636830
6901 13802 810775045
6901 13803 980153443
6902 13804 947129156
6902 13805 648971810
6903 13806 162242447
6903 13807 358160240
6904 13808 385470604
6904 13809 711026544
6905 13810 867440083
6905 13811 448058665
6906 13812 114148247
6906 13813 745837256
6907 13814 376850962
6907 13815 513539241
6908 13816 62017825
6908 13817 44628062
6909 13818 731712594
6909 13819 301902289
6910 13820 825801642
6910 13821 677068577
6911 13822 193490680
6911 13823 583214289
6912 13824 512886524
6912 13825 567387437
6913 13826 270948032
6913 13827 905104569
6914 13828 834443275
6914 13829 432713328
6915 13830 927746128
6915 13831 165591217
6916 13832 176993480
6916 13833 552918863
6917 13834 206444368
6917 13835 595364344
6918 13836 777974621
6918 13837 358862034
6919 13838 917508835
6919 13839 790223356
6920 13840 326972780
6920 13841 71340625
6921 13842 748469419
6921 13843 249034460
6922 13844 474829743
6922 13845 663088552
6923 13846 638063248
6923 13847 73977268
6924 13848 397159535
6924 13849 967959274
6925 13850 942676847
6925 13851 481767380
6926 13852 376027846
6926 13853 561693797
6927 13854 547478019
6927 13855 651086193
6928 13856 254180603
6928 13857 848553215
6929 13858 652217213
6929 13859 874669340
6930 13860 405920638
6930 13861 619492528
6931 13862 146983985
6931 13863 914655372
6932 13864 435871316
6932 13865 690092270
6933 13866 727776326
6933 13867 283488711
6934 13868 851004081
6934 13869 941677069
6935 13870 890740855
6935 13871 54598134
6936 13872 717548061
6936 13873 798838720
6937 13874 597460387
6937 13875 989208139
6938 13876 214383531
6938 13877 759619113
6939 13878 676709908
6939 13879 884097100
6940 13880 365646988
6940 13881 143739798
6941 13882 786297507
6941 13883 733366636
6942 13884 157181546
6942 13885 162044332
6943 13886 433643173
6943 13887 997392671
6944 13888 71238769
6944 13889 242134973
6945 13890 438515542
6945 13891 371305667
6946 13892 15274363
6946 13893 516454784
6947 13894 389408531
6947 13895 78766068
6948 13896 762380964
6948 13897 684403470
6949 13898 821393490
6949 13899 283996560
6950 13900 527323994
6950 13901 626028367
6951 13902 60448968
6951 13903 280514462
6952 13904 776937505
6952 13905 311996077
6953 13906 317746319
6953 13907 761148762
6954 13908 945935754
6954 13909 613389191
6955 13910 531407716
6955 13911 768183066
6956 13912 737220401
6956 13913 697722356
6957 13914 134015500
6957 13915 272497210
6958 13916 411073610
6958 13917 831958436
6959 13918 901286465
6959 13919 345279095
6960 13920 997057280
6960 13921 705581579
6961 13922 980687199
6961 13923 941999216
6962 13924 418433685
6962 13925 762722877
6963 13926 386173366
6963 13927 604281843
6964 13928 519650123
6964 13929 691964593
6965 13930 369427837
6965 13931 711194470
6966 13932 874919800
6966 13933 40955204
6967 13934 378923980
6967 13935 658756665
6968 13936 577546804
6968 13937 914121431
6969 13938 974581926
6969 13939 349265651
6970 13940 717379238
6970 13941 853356838
6971 13942 161737766
6971 13943 670538731
6972 13944 594570440
6972 13945 419807080
6973 13946 961518281
6973 13947 993488176
6974 13948 130581636
6974 13949 834052257
6975 13950 763271154
6975 13951 450730575
6976 13952 328426083
6976 13953 549940823
6977 13954 923143652
6977 13955 495235909
6978 13956 792967664
6978 13957 849113625
6979 13958 726398001
6979 13959 85823801
6980 13960 733476100
6980 13961 697683098
6981 13962 723927354
6981 13963 142002659
6982 13964 144180832
6982 13965 893007619
6983 13966 855298586
6983 13967 47375244
6984 13968 278920827
6984 13969 303013165
6985 13970 875931304
6985 13971 54122631
6986 13972 456593983
6986 13973 910964564
6987 13974 703248820
6987 13975 77160907
6988 13976 92864380
6988 13977 698808101
6989 13978 102602410
6989 13979 388902539
6990 13980 282552950
6990 13981 564882784
6991 13982 652056686
6991 13983 331551991
6992 13984 255123389
6992 13985 38491651
6993 13986 7300566
6993 13987 956702982
6994 13988 525232220
6994 13989 109062869
6995 13990 707353889
6995 13991 677924973
6996 13992 869014465
6996 13993 951801998
6997 13994 28557633
6997 13995 397652390
6998 13996 142498823
6998 13997 542258053
6999 13998 724196143
6999 13999 458786758
7000 14000 784096996
7000 14001 457194603
7001 14002 14541983
7001 14003 675354475
7002 14004 539668557
7002 14005 973224579
7003 14006 466969326
7003 14007 972258343
7004 14008 380908168
7004 14009 637650339
7005 14010 485410241
7005 14011 733185143
7006 14012 174965408
7006 14013 975760850
7007 14014 908769807
7007 14015 208053735
7008 14016 427536736
7008 14017 485443495
7009 14018 343001733
7009 14019 254436409
7010 14020 368169371
7010 14021 297169631
7011 14022 898938764
7011 14023 465521100
7012 14024 689240146
7012 14025 603435188
7013 14026 735159939
7013 14027 127564413
7014 14028 407049379
7014 14029 850222419
7015 14030 79419996
7015 14031 864229282
7016 14032 787260704
7016 14033 285300190
7017 14034 596725911
7017 14035 10595612
7018 14036 771823006
7018 14037 475035228
7019 14038 400985561
7019 14039 123654160
7020 14040 412379457
7020 14041 135946816
7021 14042 314491240
7021 14043 692706981
7022 14044 615406815
7022 14045 884806870
7023 14046 507019667
7023 14047 207965920
7024 14048 947972360
7024 14049 176606755
7025 14050 717244144
7025 14051 561025982
7026 14052 34292020
7026 14053 750105193
7027 14054 499074024
7027 14055 615658102
7028 14056 216165725
7028 14057 165661740
7029 14058 903048946
7029 14059 767849376
7030 14060 978187707
7030 14061 207386190
7031 14062 298381463
7031 14063 126219047
7032 14064 786713642
7032 14065 863921760
7033 14066 812278301
7033 14067 159896459
7034 14068 320686003
7034 14069 375969358
7035 14070 903802949
7035 14071 235751910
7036 14072 593722344
7036 14073 294836456
7037 14074 326959629
7037 14075 8809912
7038 14076 302920187
7038 14077 725810937
7039 14078 685118069
7039 14079 943407895
7040 14080 72892102
7040 14081 40215653
7041 14082 770413777
7041 14083 484725426
7042 14084 719001905
7042 14085 804549335
7043 14086 218657444
7043 14087 559043980
7044 14088 674731747
7044 14089 233846211
7045 14090 307486321
7045 14091 577171483
7046 14092 245622819
7046 14093 675203500
7047 14094 374308293
7047 14095 794830393
7048 14096 945109611
7048 14097 303736150
7049 14098 201662605
7049 14099 693255617
7050 14100 31112400
7050 14101 654758795
7051 14102 694478301
7051 14103 817695778
7052 14104 608118941
7052 14105 355084514
7053 14106 780326118
7053 14107 802173828
7054 14108 689593196
7054 14109 521365317
7055 14110 115649401
7055 14111 294041334
7056 14112 201055430
7056 14113 380365564
7057 14114 744638462
7057 14115 251390556
7058 14116 677761094
7058 14117 215358197
7059 14118 571636862
7059 14119 323624669
7060 14120 438497809
7060 14121 354829120
7061 14122 411573392
7061 14123 497076263
7062 14124 772376409
7062 14125 262978187
7063 14126 120009953
7063 14127 48200088
7064 14128 760244565
7064 14129 884146709
7065 14130 500228081
7065 14131 849305522
7066 14132 35119651
7066 14133 990962554
7067 14134 158366240
7067 14135 203517732
7068 14136 706093472
7068 14137 431496101
7069 14138 662395496
7069 14139 49795223
7070 14140 596100878
7070 14141 382863357
7071 14142 573444978
7071 14143 34122451
7072 14144 374773171
7072 14145 417485239
7073 14146 496973524
7073 14147 240857665
7074 14148 327683134
7074 14149 939145191
7075 14150 197588538
7075 14151 456067780
7076 14152 133482859
7076 14153 364765542
7077 14154 769841111
7077 14155 883904575
7078 14156 571216296
7078 14157 943717751
7079 14158 987049205
7079 14159 458112068
7080 14160 33449950
7080 14161 432930343
7081 14162 148067694
7081 14163 556523245
7082 14164 790928117
7082 14165 673643791
7083 14166 547610401
7083 14167 209569073
7084 14168 842289870
7084 14169 594174403
7085 14170 477398366
7085 14171 652072680
7086 14172 380442917
7086 14173 345877356
7087 14174 477766621
7087 14175 400955301
7088 14176 212946202
7088 14177 102439288
7089 14178 573366991
7089 14179 104742850
7090 14180 611299535
7090 14181 15410748
7091 14182 602469952
7091 14183 515931694
7092 14184 968038653
7092 14185 25498976
7093 14186 849266351
7093 14187 528267748
7094 14188 444988708
7094 14189 130987119
7095 14190 27326394
7095 14191 515568002
7096 14192 401315361
7096 14193 826305599
7097 14194 78214156
7097 14195 124317941
7098 14196 497019252
7098 14197 963533889
7099 14198 147042543
7099 14199 151191230
7100 14200 562575146
7100 14201 386791787
7101 14202 425533977
7101 14203 389898859
7102 14204 110866430
7102 14205 554931707
7103 14206 729774986
7103 14207 412135455
7104 14208 180855948
7104 14209 659063115
7105 14210 403251856
7105 14211 341763102
7106 14212 998153418
7106 14213 547207517
7107 14214 942378249
7107 14215 874434468
7108 14216 191880429
7108 14217 859099666
7109 14218 293187086
7109 14219 559327981
7110 14220 683885060
7110 14221 308339317
7111 14222 943081836
7111 14223 938394798
7112 14224 19494029
7112 14225 107481081
7113 14226 534182161
7113 14227 645150188
7114 14228 893736608
7114 14229 569330677
7115 14230 631401463
7115 14231 859129322
7116 14232 187602926
7116 14233 871682126
7117 14234 366013566
7117 14235 167533767
7118 14236 459749329
7118 14237 959009051
7119 14238 500622002
7119 14239 927504774
7120 14240 465782579
7120 14241 417163843
7121 14242 697224575
7121 14243 20276670
7122 14244 998382133
7122 14245 214164461
7123 14246 743558296
7123 14247 431813586
7124 14248 771421742
7124 14249 919234664
7125 14250 709614122
7125 14251 286761138
7126 14252 31197112
7126 14253 309521299
7127 14254 154098571
7127 14255 256877829
7128 14256 128299553
7128 14257 367094681
7129 14258 885968639
7129 14259 674370740
7130 14260 486680589
7130 14261 204941201
7131 14262 838988743
7131 14263 924227199
7132 14264 384093950
7132 14265 242817294
7133 14266 479836513
7133 14267 156276029
7134 14268 745474709
7134 14269 926742686
7135 14270 406789877
7135 14271 192147405
7136 14272 110933708
7136 14273 558975530
7137 14274 172660954
7137 14275 154242278
7138 14276 183780386
7138 14277 846723616
7139 14278 149010180
7139 14279 769527470
7140 14280 506219848
7140 14281 384533020
7141 14282 588435276
7141 14283 212863256
7142 14284 610462211
7142 14285 781505326
7143 14286 532998102
7143 14287 682583596
7144 14288 837601993
7144 14289 630919868
7145 14290 148894271
7145 14291 917422116
7146 14292 648028482
7146 14293 973757621
7147 14294 584602286
7147 14295 519119231
7148 14296 490298874
7148 14297 774397746
7149 14298 628437565
7149 14299 154910085
7150 14300 635805823
7150 14301 493780265
7151 14302 915220624
7151 14303 675524767
7152 14304 975430426
7152 14305 191014271
7153 14306 627700980
7153 14307 396028625
7154 14308 474528383
7154 14309 991242320
7155 14310 368593387
7155 14311 571908649
7156 14312 137514046
7156 14313 160310625
7157 14314 718323041
7157 14315 433969714
7158 14316 850227191
7158 14317 397651731
7159 14318 924326399
7159 14319 301480739
7160 14320 254993687
7160 14321 663693406
7161 14322 655978771
7161 14323 149962167
7162 14324 768599574
7162 14325 464680661
7163 14326 790324309
7163 14327 517132265
7164 14328 753921600
7164 14329 296125653
7165 14330 132635011
7165 14331 706799829
7166 14332 339309918
7166 14333 48838403
7167 14334 314282167
7167 14335 129241436
7168 14336 330285810
7168 14337 720195640
7169 14338 700743073
7169 14339 221554501
7170 14340 25316667
7170 14341 242735141
7171 14342 422815196
7171 14343 453081989
7172 14344 958013396
7172 14345 366502920
7173 14346 259273725
7173 14347 358412097
7174 14348 544197450
7174 14349 48279937
7175 14350 629579954
7175 14351 800586508
7176 14352 839701329
7176 14353 776731915
7177 14354 943322166
7177 14355 956582607
7178 14356 951826577
7178 14357 943607363
7179 14358 90079422
7179 14359 793433796
7180 14360 864453270
7180 14361 527129694
7181 14362 427132881
7181 14363 429375317
7182 14364 214595445
7182 14365 215676905
7183 14366 51433075
7183 14367 169744910
7184 14368 792964130
7184 14369 515558612
7185 14370 193826902
7185 14371 444743094
7186 14372 816435261
7186 14373 741047121
7187 14374 662053206
7187 14375 334029204
7188 14376 832291307
7188 14377 950905977
7189 14378 80782568
7189 14379 463368305
7190 14380 726808020
7190 14381 546665297
7191 14382 287222627
7191 14383 616841231
7192 14384 380299938
7192 14385 688400637
7193 14386 777621611
7193 14387 177958824
7194 14388 29763554
7194 14389 814034346
7195 14390 524343258
7195 14391 474564256
7196 14392 865111837
7196 14393 183657199
7197 14394 6304838
7197 14395 313856300
7198 14396 925646336
7198 14397 212072147
7199 14398 309665796
7199 14399 894025820
7200 14400 786384252
7200 14401 485791949
7201 14402 910357901
7201 14403 9404937
7202 14404 903895371
7202 14405 342742645
7203 14406 551084228
7203 14407 288529111
7204 14408 134456497
7204 14409 573764179
7205 14410 283956410
7205 14411 437850202
7206 14412 808909452
7206 14413 312613426
7207 14414 430270067
7207 14415 834541672
7208 14416 563934633
7208 14417 995558949
7209 14418 271173661
7209 14419 164347575
7210 14420 837583929
7210 14421 938516851
7211 14422 779136302
7211 14423 589503598
7212 14424 224457045
7212 14425 964952716
7213 14426 144886155
7213 14427 201564341
7214 14428 156177352
7214 14429 181773589
7215 14430 621456844
7215 14431 571995974
7216 14432 289883799
7216 14433 310466083
7217 14434 912825966
7217 14435 417130831
7218 14436 147565452
7218 14437 900122799
7219 14438 272749427
7219 14439 227590455
7220 14440 895422370
7220 14441 650694767
7221 14442 908737204
7221 14443 167788474
7222 14444 655945358
7222 14445 310072322
7223 14446 926783206
7223 14447 824271117
7224 14448 300491426
7224 14449 447912428
7225 14450 518786319
7225 14451 85903426
7226 14452 902895739
7226 14453 861835227
7227 14454 32716411
7227 14455 98716234
7228 14456 474609220
7228 14457 361196735
7229 14458 19545066
7229 14459 686260636
7230 14460 107315082
7230 14461 964373976
7231 14462 131455045
7231 14463 289014136
7232 14464 706439805
7232 14465 927887114
7233 14466 11139454
7233 14467 558719144
7234 14468 15739621
7234 14469 73866231
7235 14470 160339277
7235 14471 557591900
7236 14472 331581288
7236 14473 108288941
7237 14474 916944591
7237 14475 668285143
7238 14476 276306401
7238 14477 870416502
7239 14478 249052964
7239 14479 491075787
7240 14480 483697858
7240 14481 133692287
7241 14482 201926671
7241 14483 414092353
7242 14484 221319693
7242 14485 390310612
7243 14486 289871288
7243 14487 37289319
7244 14488 249360219
7244 14489 373970837
7245 14490 779427848
7245 14491 507941183
7246 14492 325153152
7246 14493 515266778
7247 14494 422726742
7247 14495 583495218
7248 14496 71939480
7248 14497 827418013
7249 14498 996751690
7249 14499 758707346
7250 14500 699934441
7250 14501 926389648
7251 14502 600026566
7251 14503 752564020
7252 14504 957107137
7252 14505 512192272
7253 14506 927377048
7253 14507 100058601
7254 14508 423915327
7254 14509 24469352
7255 14510 403046344
7255 14511 613137239
7256 14512 409647418
7256 14513 827723015
7257 14514 732030233
7257 14515 607652681
7258 14516 542129261
7258 14517 32980907
7259 14518 964307338
7259 14519 645127792
7260 14520 432875878
7260 14521 228101486
7261 14522 781418369
7261 14523 997521307
7262 14524 403661264
7262 14525 649943152
7263 14526 533717825
7263 14527 373564061
7264 14528 551864771
7264 14529 63430293
7265 14530 801620861
7265 14531 883926794
7266 14532 691338210
7266 14533 941037187
7267 14534 181509776
7267 14535 151653516
7268 14536 490374568
7268 14537 812567539
7269 14538 175433848
7269 14539 267555712
7270 14540 133280779
7270 14541 523514605
7271 14542 859091875
7271 14543 7585667
7272 14544 827780778
7272 14545 824515872
7273 14546 642482644
7273 14547 345136606
7274 14548 162046027
7274 14549 536074692
7275 14550 211425591
7275 14551 647842606
7276 14552 923708438
7276 14553 190430044
7277 14554 943817457
7277 14555 52491343
7278 14556 721850038
7278 14557 614714651
7279 14558 3278418
7279 14559 916949266
7280 14560 445531851
7280 14561 282937231
7281 14562 482369981
7281 14563 542276076
7282 14564 98267114
7282 14565 362711906
7283 14566 433597727
7283 14567 514376438
7284 14568 348674786
7284 14569 241545383
7285 14570 178792022
7285 14571 625215832
7286 14572 57388111
7286 14573 564005236
7287 14574 168330261
7287 14575 512078086
7288 14576 969986129
7288 14577 420177630
7289 14578 919125610
7289 14579 942286081
7290 14580 695236910
7290 14581 19457288
7291 14582 921215844
7291 14583 644100060
7292 14584 944822995
7292 14585 128608030
7293 14586 187308499
7293 14587 968103760
7294 14588 399326475
7294 14589 703192558
7295 14590 251256599
7295 14591 261114177
7296 14592 580170154
7296 14593 58574369
7297 14594 108319476
7297 14595 370498270
7298 14596 910976618
7298 14597 327755855
7299 14598 60332246
7299 14599 840264265
7300 14600 380098551
7300 14601 207520156
7301 14602 732850883
7301 14603 426132387
7302 14604 738512662
7302 14605 469974665
7303 14606 933950711
7303 14607 189221967
7304 14608 987176763
7304 14609 731869671
7305 14610 110756522
7305 14611 950637148
7306 14612 316871515
7306 14613 311758916
7307 14614 199512911
7307 14615 675846260
7308 14616 360956633
7308 14617 990167388
7309 14618 478120243
7309 14619 634600887
7310 14620 476782603
7310 14621 755930400
7311 14622 122161110
7311 14623 431198087
7312 14624 702969558
7312 14625 215312952
7313 14626 841742239
7313 14627 664116934
7314 14628 818262512
7314 14629 241620456
7315 14630 199808634
7315 14631 620825110
7316 14632 396788526
7316 14633 836867046
7317 14634 238435969
7317 14635 631811093
7318 14636 946965677
7318 14637 833378636
7319 14638 365479949
7319 14639 754541925
7320 14640 692215803
7320 14641 540690564
7321 14642 365462249
7321 14643 877175744
7322 14644 855057214
7322 14645 157977039
7323 14646 237012113
7323 14647 769226009
7324 14648 357298136
7324 14649 340441217
7325 14650 419486414
7325 14651 39059587
7326 14652 528098115
7326 14653 610157047
7327 14654 313629606
7327 14655 880176664
7328 14656 904122114
7328 14657 11168767
7329 14658 23339474
7329 14659 518682140
7330 14660 944616894
7330 14661 65507325
7331 14662 2200795
7331 14663 658480173
7332 14664 718718701
7332 14665 71569677
7333 14666 844975428
7333 14667 653333638
7334 14668 234965720
7334 14669 957545338
7335 14670 583216260
7335 14671 774928451
7336 14672 377692502
7336 14673 757275483
7337 14674 798397899
7337 14675 892596056
7338 14676 430533424
7338 14677 537731162
7339 14678 838507859
7339 14679 785638382
7340 14680 491372862
7340 14681 834578688
7341 14682 914530057
7341 14683 829952054
7342 14684 95165016
7342 14685 404110721
7343 14686 30156001
7343 14687 705549067
7344 14688 275692515
7344 14689 437293496
7345 14690 699784254
7345 14691 991859728
7346 14692 904681175
7346 14693 44705463
7347 14694 207351100
7347 14695 72834960
7348 14696 145746780
7348 14697 798979161
7349 14698 656820050
7349 14699 284220180
7350 14700 315313388
7350 14701 626105292
7351 14702 962379320
7351 14703 14543392
7352 14704 144962542
7352 14705 68659705
7353 14706 200501894
7353 14707 311617415
7354 14708 843953741
7354 14709 295621860
7355 14710 66256838
7355 14711 636364104
7356 14712 278771569
7356 14713 467390655
7357 14714 929246701
7357 14715 541194985
7358 14716 593590395
7358 14717 565519222
7359 14718 583521674
7359 14719 633200478
7360 14720 513968398
7360 14721 504534963
7361 14722 780572084
7361 14723 178721354
7362 14724 715403925
7362 14725 989917974
7363 14726 74804458
7363 14727 339398062
7364 14728 78938249
7364 14729 868944302
7365 14730 646108504
7365 14731 684380443
7366 14732 945311977
7366 14733 785713406
7367 14734 847030571
7367 14735 843581777
7368 14736 642195859
7368 14737 844678871
7369 14738 219127891
7369 14739 673082580
7370 14740 890614093
7370 14741 366991734
7371 14742 77873387
7371 14743 558400178
7372 14744 303630821
7372 14745 190815692
7373 14746 329002928
7373 14747 739135463
7374 14748 150588896
7374 14749 604245462
7375 14750 205588420
7375 14751 56118735
7376 14752 941869269
7376 14753 743557648
7377 14754 743053485
7377 14755 93525812
7378 14756 610450261
7378 14757 446586766
7379 14758 939811715
7379 14759 480277476
7380 14760 359763558
7380 14761 924967793
7381 14762 924709705
7381 14763 201337479
7382 14764 518974738
7382 14765 478138162
7383 14766 656625882
7383 14767 625638663
7384 14768 726437257
7384 14769 274101562
7385 14770 675097753
7385 14771 884421812
7386 14772 750721281
7386 14773 992243871
7387 14774 965994619
7387 14775 520708762
7388 14776 850764170
7388 14777 94160906
7389 14778 160784685
7389 14779 563680673
7390 14780 948368605
7390 14781 580951654
7391 14782 438889342
7391 14783 869499772
7392 14784 21678326
7392 14785 67020483
7393 14786 597739501
7393 14787 269538757
7394 14788 694364258
7394 14789 497604023
7395 14790 309371302
7395 14791 856169440
7396 14792 969779117
7396 14793 507537450
7397 14794 718869151
7397 14795 505078986
7398 14796 220448392
7398 14797 421043881
7399 14798 320738595
7399 14799 980115058
7400 14800 660049410
7400 14801 512048998
7401 14802 265812056
7401 14803 212166628
7402 14804 331681698
7402 14805 407834218
7403 14806 472558382
7403 14807 434345937
7404 14808 960367649
7404 14809 391328578
7405 14810 403879547
7405 14811 924908931
7406 14812 648551725
7406 14813 120041635
7407 14814 958610407
7407 14815 551333739
7408 14816 89132615
7408 14817 832980138
7409 14818 859395408
7409 14819 665314189
7410 14820 664311115
7410 14821 231805693
7411 14822 428272190
7411 14823 372280302
7412 14824 190507225
7412 14825 673596177
7413 14826 726948842
7413 14827 284735810
7414 14828 89612385
7414 14829 789072328
7415 14830 287293404
7415 14831 628425290
7416 14832 629817339
7416 14833 733176809
7417 14834 303092497
7417 14835 837694683
7418 14836 972771404
7418 14837 39101443
7419 14838 656281952
7419 14839 233136096
7420 14840 584239049
7420 14841 198827580
7421 14842 144604435
7421 14843 442467153
7422 14844 766446298
7422 14845 114600118
7423 14846 88044007
7423 14847 962907669
7424 14848 84799283
7424 14849 493720548
7425 14850 919100834
7425 14851 90697110
7426 14852 636647176
7426 14853 600143403
7427 14854 93707664
7427 14855 136108184
7428 14856 413692012
7428 14857 77816500
7429 14858 320095350
7429 14859 831535212
7430 14860 739545668
7430 14861 858371870
7431 14862 566314996
7431 14863 105373463
7432 14864 162496546
7432 14865 825360713
7433 14866 454756744
7433 14867 667488064
7434 14868 752713302
7434 14869 995216069
7435 14870 329537982
7435 14871 839970248
7436 14872 59264222
7436 14873 390643561
7437 14874 39219427
7437 14875 302247612
7438 14876 946144987
7438 14877 716055624
7439 14878 467477007
7439 14879 543056177
7440 14880 41816725
7440 14881 292809825
7441 14882 229910738
7441 14883 231973303
7442 14884 558539120
7442 14885 406189253
7443 14886 799964638
7443 14887 473044662
7444 14888 235717574
7444 14889 434706328
7445 14890 177800355
7445 14891 311397431
7446 14892 102877585
7446 14893 476021764
7447 14894 646572545
7447 14895 689898448
7448 14896 463289852
7448 14897 950712802
7449 14898 991007241
7449 14899 683214619
7450 14900 255582511
7450 14901 760148367
7451 14902 337896807
7451 14903 77759967
7452 14904 8196098
7452 14905 682087240
7453 14906 781629100
7453 14907 693791791
7454 14908 957905121
7454 14909 724521566
7455 14910 173470345
7455 14911 403958448
7456 14912 332510751
7456 14913 150903785
7457 14914 317489418
7457 14915 103417491
7458 14916 662557081
7458 14917 928971252
7459 14918 180942585
7459 14919 341390829
7460 14920 148744501
7460 14921 803615267
7461 14922 145411845
7461 14923 13545633
7462 14924 883643102
7462 14925 198490521
7463 14926 717180487
7463 14927 77993713
7464 14928 326544352
7464 14929 455936341
7465 14930 583248668
7465 14931 49813689
7466 14932 904692203
7466 14933 533062447
7467 14934 813506083
7467 14935 595119069
7468 14936 399736640
7468 14937 851236725
7469 14938 402572307
7469 14939 442879048
7470 14940 260296479
7470 14941 252778023
7471 14942 376782274
7471 14943 37021523
7472 14944 527333768
7472 14945 512699660
7473 14946 175697077
7473 14947 758276172
7474 14948 367426897
7474 14949 814845925
7475 14950 620267673
7475 14951 256481350
7476 14952 386260180
7476 14953 797429550
7477 14954 131324597
7477 14955 32294478
7478 14956 345238027
7478 14957 772892627
7479 14958 277944532
7479 14959 417936961
7480 14960 555260970
7480 14961 616567511
7481 14962 374581985
7481 14963 592290418
7482 14964 91984397
7482 14965 659949942
7483 14966 570454538
7483 14967 363132759
7484 14968 60706017
7484 14969 925838716
7485 14970 608636741
7485 14971 978007748
7486 14972 885835436
7486 14973 223474488
7487 14974 339606275
7487 14975 467045330
7488 14976 930300238
7488 14977 779579369
7489 14978 326362849
7489 14979 258162933
7490 14980 418057574
7490 14981 881561824
7491 14982 801134561
7491 14983 626058016
7492 14984 751699559
7492 14985 221161070
7493 14986 824556838
7493 14987 346734078
7494 14988 562412898
7494 14989 703835509
7495 14990 862779901
7495 14991 123815093
7496 14992 494916700
7496 14993 221232823
7497 14994 713176520
7497 14995 59706140
7498 14996 501805693
7498 14997 956359168
7499 14998 305846813
7499 14999 850694310
7500 15000 249766940
7500 15001 551796572
7501 15002 1958741
7501 15003 75834462
7502 15004 63102893
7502 15005 783000349
7503 15006 52760512
7503 15007 68560587
7504 15008 76942318
7504 15009 633034021
7505 15010 612301728
7505 15011 258720997
7506 15012 785268793
7506 15013 854722342
7507 15014 669584758
7507 15015 248322190
7508 15016 948297348
7508 15017 243541718
7509 15018 891892240
7509 15019 985595115
7510 15020 423096216
7510 15021 482007135
7511 15022 466398152
7511 15023 487039781
7512 15024 145763446
7512 15025 838983453
7513 15026 952706194
7513 15027 211800288
7514 15028 702273388
7514 15029 921771096
7515 15030 916187809
7515 15031 316340262
7516 15032 51148049
7516 15033 702393177
7517 15034 333398494
7517 15035 960867067
7518 15036 906395657
7518 15037 821212928
7519 15038 884341593
7519 15039 272610758
7520 15040 979747548
7520 15041 307635300
7521 15042 848642851
7521 15043 81311316
7522 15044 327813902
7522 15045 669377721
7523 15046 796007200
7523 15047 620832739
7524 15048 22581015
7524 15049 326742589
7525 15050 926136494
7525 15051 673274684
7526 15052 13436395
7526 15053 860607748
7527 15054 240993599
7527 15055 12131013
7528 15056 262142216
7528 15057 120139569
7529 15058 665490471
7529 15059 401658115
7530 15060 630804447
7530 15061 502990091
7531 15062 434770284
7531 15063 63024472
7532 15064 837113505
7532 15065 316245291
7533 15066 867686825
7533 15067 203818814
7534 15068 606553017
7534 15069 333834776
7535 15070 699268709
7535 15071 199537076
7536 15072 784247001
7536 15073 288650572
7537 15074 37977200
7537 15075 416399603
7538 15076 476391183
7538 15077 300716201
7539 15078 19155297
7539 15079 304167970
7540 15080 356410726
7540 15081 159348031
7541 15082 34883529
7541 15083 95327836
7542 15084 352385233
7542 15085 89832556
7543 15086 496679354
7543 15087 312011227
7544 15088 561337682
7544 15089 745471389
7545 15090 227915133
7545 15091 222499830
7546 15092 640171789
7546 15093 861996232
7547 15094 3787770
7547 15095 492324002
7548 15096 770112776
7548 15097 831816482
7549 15098 284145131
7549 15099 537258936
7550 15100 774196973
7550 15101 721565871
7551 15102 297921584
7551 15103 754751978
7552 15104 763100310
7552 15105 729728513
7553 15106 857995165
7553 15107 125831521
7554 15108 442634372
7554 15109 133796974
7555 15110 303360485
7555 15111 318272704
7556 15112 451276693
7556 15113 633267710
7557 15114 932383105
7557 15115 427630600
7558 15116 713267715
7558 15117 118872511
7559 15118 384399276
7559 15119 359132153
7560 15120 935625755
7560 15121 759424122
7561 15122 627557422
7561 15123 29067679
7562 15124 206273243
7562 15125 800053602
7563 15126 865023142
7563 15127 698080236
7564 15128 282056299
7564 15129 648243314
7565 15130 79539023
7565 15131 704703124
7566 15132 625920209
7566 15133 267151542
7567 15134 410555201
7567 15135 805695848
7568 15136 55445400
7568 15137 143071508
7569 15138 961494187
7569 15139 732997879
7570 15140 286410693
7570 15141 504256089
7571 15142 298060838
7571 15143 15501058
7572 15144 531646761
7572 15145 309727068
7573 15146 647263165
7573 15147 885519136
7574 15148 16482114
7574 15149 50022899
7575 15150 886583565
7575 15151 808097362
7576 15152 137629699
7576 15153 816398939
7577 15154 351955556
7577 15155 351496764
7578 15156 101796030
7578 15157 414019297
7579 15158 316861172
7579 15159 327651207
7580 15160 25745485
7580 15161 969932634
7581 15162 435940227
7581 15163 311832115
7582 15164 280766741
7582 15165 551980766
7583 15166 189857321
7583 15167 743045586
7584 15168 697454451
7584 15169 947069335
7585 15170 896879389
7585 15171 484038805
7586 15172 637035420
7586 15173 280719275
7587 15174 972926644
7587 15175 734922218
7588 15176 618641155
7588 15177 232460874
7589 15178 892906851
7589 15179 910905640
7590 15180 571666892
7590 15181 955223300
7591 15182 336502597
7591 15183 319017670
7592 15184 684016471
7592 15185 689626697
7593 15186 548427266
7593 15187 402125962
7594 15188 413068225
7594 15189 101833018
7595 15190 387162118
7595 15191 198333469
7596 15192 329341986
7596 15193 345232997
7597 15194 148616402
7597 15195 45885873
7598 15196 683363650
7598 15197 167296686
7599 15198 5248711
7599 15199 671387555
7600 15200 675033450
7600 15201 198564081
7601 15202 950011191
7601 15203 492547230
7602 15204 555383433
7602 15205 549705121
7603 15206 360950056
7603 15207 367917196
7604 15208 811078678
7604 15209 708445603
7605 15210 927695931
7605 15211 446710857
7606 15212 21692409
7606 15213 821164746
7607 15214 429144364
7607 15215 897014208
7608 15216 583601285
7608 15217 628953773
7609 15218 934987176
7609 15219 837158771
7610 15220 167634367
7610 15221 35578304
7611 15222 554984832
7611 15223 174014698
7612 15224 269545827
7612 15225 745973200
7613 15226 350857082
7613 15227 672914258
7614 15228 639038860
7614 15229 173980750
7615 15230 234643267
7615 15231 143559028
7616 15232 470048916
7616 15233 787241460
7617 15234 21510361
7617 15235 598135195
7618 15236 215948807
7618 15237 622163151
7619 15238 495306464
7619 15239 610774352
7620 15240 660156876
7620 15241 708179095
7621 15242 107519545
7621 15243 482667581
7622 15244 104214201
7622 15245 708488292
7623 15246 746969322
7623 15247 917862273
7624 15248 418498522
7624 15249 605919273
7625 15250 458213419
7625 15251 338654313
7626 15252 505985288
7626 15253 611914151
7627 15254 444530517
7627 15255 840022071
7628 15256 216536132
7628 15257 210506094
7629 15258 117900780
7629 15259 491273309
7630 15260 596488050
7630 15261 369552462
7631 15262 21261568
7631 15263 238647670
7632 15264 470366221
7632 15265 298067006
7633 15266 507602105
7633 15267 245499941
7634 15268 452970174
7634 15269 933288035
7635 15270 221423165
7635 15271 404555661
7636 15272 819494962
7636 15273 970786082
7637 15274 640024791
7637 15275 59408854
7638 15276 50814679
7638 15277 866323793
7639 15278 775857625
7639 15279 771904743
7640 15280 424014268
7640 15281 765704964
7641 15282 99930986
7641 15283 524533440
7642 15284 586374681
7642 15285 861948545
7643 15286 397565209
7643 15287 304358110
7644 15288 155114440
7644 15289 48827135
7645 15290 316610030
7645 15291 450754766
7646 15292 135549909
7646 15293 943274896
7647 15294 992512402
7647 15295 342075410
7648 15296 65023734
7648 15297 297617108
7649 15298 755041618
7649 15299 395097242
7650 15300 415104846
7650 15301 571333126
7651 15302 731259022
7651 15303 291537190
7652 15304 509252926
7652 15305 392498576
7653 15306 903728014
7653 15307 204010330
7654 15308 606699436
7654 15309 920616742
7655 15310 93046348
7655 15311 449365755
7656 15312 383347703
7656 15313 948534166
7657 15314 718902586
7657 15315 701054728
7658 15316 477841259
7658 15317 546498243
7659 15318 937046186
7659 15319 550421590
7660 15320 628410948
7660 15321 348393139
7661 15322 536132226
7661 15323 692396648
7662 15324 125114464
7662 15325 192899892
7663 15326 651376167
7663 15327 537250308
7664 15328 744938383
7664 15329 7219358
7665 15330 218161985
7665 15331 859364671
7666 15332 228993174
7666 15333 512583025
7667 15334 903356310
7667 15335 134286352
7668 15336 507840868
7668 15337 711354308
7669 15338 169714037
7669 15339 520223503
7670 15340 75765933
7670 15341 91017673
7671 15342 256961518
7671 15343 512481426
7672 15344 6050150
7672 15345 553925672
7673 15346 390015118
7673 15347 973709911
7674 15348 229548948
7674 15349 384822795
7675 15350 557931381
7675 15351 616777736
7676 15352 982765223
7676 15353 690908101
7677 15354 337802772
7677 15355 387495929
7678 15356 201557240
7678 15357 760582020
7679 15358 972036543
7679 15359 644600433
7680 15360 522427037
7680 15361 606084950
7681 15362 607939202
7681 15363 203605417
7682 15364 825193108
7682 15365 142965967
7683 15366 619517000
7683 15367 767963437
7684 15368 990964243
7684 15369 629533399
7685 15370 109308121
7685 15371 227440620
7686 15372 266955664
7686 15373 202200394
7687 15374 994491990
7687 15375 560608273
7688 15376 194041249
7688 15377 133136014
7689 15378 375978061
7689 15379 582944748
7690 15380 191141262
7690 15381 827286197
7691 15382 245570356
7691 15383 586330382
7692 15384 333742000
7692 15385 664480438
7693 15386 926542987
7693 15387 931092061
7694 15388 677117557
7694 15389 823444586
7695 15390 120039086
7695 15391 202628907
7696 15392 309283910
7696 15393 43424300
7697 15394 46844897
7697 15395 104577838
7698 15396 597187022
7698 15397 181540287
7699 15398 22843813
7699 15399 117668703
7700 15400 27038220
7700 15401 105452080
7701 15402 399472585
7701 15403 913801076
7702 15404 99583059
7702 15405 773783304
7703 15406 232113601
7703 15407 887813189
7704 15408 271479493
7704 15409 236429270
7705 15410 69793877
7705 15411 890921278
7706 15412 539997486
7706 15413 971805730
7707 15414 498693953
7707 15415 271069522
7708 15416 84997079
7708 15417 373249459
7709 15418 397729361
7709 15419 230060085
7710 15420 127199888
7710 15421 675837681
7711 15422 572424228
7711 15423 518699133
7712 15424 768301855
7712 15425 623376792
7713 15426 415307143
7713 15427 283701173
7714 15428 4084729
7714 15429 310234444
7715 15430 933258144
7715 15431 705934923
7716 15432 188087733
7716 15433 23527343
7717 15434 984732441
7717 15435 77498938
7718 15436 863134508
7718 15437 178412246
7719 15438 376288631
7719 15439 176075299
7720 15440 243437439
7720 15441 263974548
7721 15442 703512069
7721 15443 475130450
7722 15444 711336136
7722 15445 261654415
7723 15446 364117972
7723 15447 293974736
7724 15448 793994726
7724 15449 613302144
7725 15450 392512146
7725 15451 892409433
7726 15452 644045592
7726 15453 38192306
7727 15454 563118504
7727 15455 528034843
7728 15456 508506531
7728 15457 746543437
7729 15458 943435192
7729 15459 83060918
7730 15460 173677950
7730 15461 746755670
7731 15462 755044957
7731 15463 304932007
7732 15464 791654322
7732 15465 543290072
7733 15466 630826864
7733 15467 322707492
7734 15468 983961067
7734 15469 986531395
7735 15470 241463594
7735 15471 439154745
7736 15472 595686597
7736 15473 126421002
7737 15474 876022527
7737 15475 436894249
7738 15476 382800406
7738 15477 497752550
7739 15478 372697426
7739 15479 612215859
7740 15480 841775858
7740 15481 803504556
7741 15482 626181093
7741 15483 618133559
7742 15484 869258636
7742 15485 777569395
7743 15486 589088646
7743 15487 102382736
7744 15488 127933150
7744 15489 688273625
7745 15490 896856658
7745 15491 923808793
7746 15492 640344955
7746 15493 936127278
7747 15494 120055586
7747 15495 571193408
7748 15496 748546053
7748 15497 584126283
7749 15498 256183599
7749 15499 361720687
7750 15500 425585456
7750 15501 479916775
7751 15502 198791220
7751 15503 101333247
7752 15504 435031353
7752 15505 275833754
7753 15506 607520678
7753 15507 404689950
7754 15508 348427650
7754 15509 474108350
7755 15510 315931837
7755 15511 666080562
7756 15512 589206858
7756 15513 739604151
7757 15514 577424932
7757 15515 752547340
7758 15516 240112017
7758 15517 303105506
7759 15518 731317246
7759 15519 516456512
7760 15520 680426442
7760 15521 861529442
7761 15522 940316803
7761 15523 836163246
7762 15524 794574582
7762 15525 674412065
7763 15526 905858864
7763 15527 481756994
7764 15528 602623075
7764 15529 195985133
7765 15530 6761553
7765 15531 2128878
7766 15532 932690568
7766 15533 503017217
7767 15534 563145239
7767 15535 172584457
7768 15536 867148765
7768 15537 399226502
7769 15538 36750075
7769 15539 166155356
7770 15540 539307024
7770 15541 198534687
7771 15542 675074512
7771 15543 72949515
7772 15544 596286778
7772 15545 877651559
7773 15546 159997940
7773 15547 424234041
7774 15548 963897773
7774 15549 444046457
7775 15550 93466162
7775 15551 720103614
7776 15552 20723583
7776 15553 283934511
7777 15554 10398022
7777 15555 83601842
7778 15556 975412736
7778 15557 375452512
7779 15558 315572660
7779 15559 471536926
7780 15560 618654505
7780 15561 401321676
7781 15562 670650722
7781 15563 944826812
7782 15564 819429747
7782 15565 385350013
7783 15566 834787421
7783 15567 864814383
7784 15568 231634604
7784 15569 814207185
7785 15570 697356744
7785 15571 589531960
7786 15572 450420602
7786 15573 223521731
7787 15574 592505153
7787 15575 68335826
7788 15576 613554955
7788 15577 309849401
7789 15578 408749931
7789 15579 627622780
7790 15580 24579216
7790 15581 719115706
7791 15582 131872320
7791 15583 699817448
7792 15584 600564175
7792 15585 377022094
7793 15586 890942967
7793 15587 130406564
7794 15588 963382451
7794 15589 367430827
7795 15590 960619043
7795 15591 359070054
7796 15592 361469815
7796 15593 544516414
7797 15594 144872127
7797 15595 548280186
7798 15596 828605910
7798 15597 781930240
7799 15598 363598647
7799 15599 791745520
7800 15600 963736567
7800 15601 98226114
7801 15602 559705501
7801 15603 109237826
7802 15604 937852993
7802 15605 668740392
7803 15606 765408125
7803 15607 320634165
7804 15608 224807833
7804 15609 994232507
7805 15610 476910663
7805 15611 183654662
7806 15612 181429764
7806 15613 723203571
7807 15614 234461134
7807 15615 607386930
7808 15616 242054445
7808 15617 431005857
7809 15618 479149077
7809 15619 664378770
7810 15620 921798670
7810 15621 273301946
7811 15622 50744062
7811 15623 501521945
7812 15624 868286143
7812 15625 357488727
7813 15626 162577679
7813 15627 906517833
7814 15628 660123626
7814 15629 921956874
7815 15630 163323629
7815 15631 951806479
7816 15632 379475951
7816 15633 484570697
7817 15634 258305935
7817 15635 432691381
7818 15636 3809282
7818 15637 976770510
7819 15638 827853628
7819 15639 485631860
7820 15640 286496844
7820 15641 122760895
7821 15642 701411512
7821 15643 173965236
7822 15644 594331740
7822 15645 317039291
7823 15646 89790400
7823 15647 73672289
7824 15648 427157347
7824 15649 762996304
7825 15650 995192761
7825 15651 973344727
7826 15652 429944130
7826 15653 17680988
7827 15654 29004780
7827 15655 313786644
7828 15656 264274769
7828 15657 886411995
7829 15658 464936170
7829 15659 160985686
7830 15660 385507889
7830 15661 575636315
7831 15662 995065934
7831 15663 160747919
7832 15664 269637500
7832 15665 495041008
7833 15666 402819137
7833 15667 306240693
7834 15668 909078213
7834 15669 299751876
7835 15670 136541674
7835 15671 435460921
7836 15672 890798177
7836 15673 479919195
7837 15674 972675853
7837 15675 855595220
7838 15676 330747035
7838 15677 81743699
7839 15678 902193844
7839 15679 707145401
7840 15680 806398215
7840 15681 349624028
7841 15682 647842655
7841 15683 354236757
7842 15684 70621127
7842 15685 299986450
7843 15686 758672633
7843 15687 338681062
7844 15688 441274603
7844 15689 678284335
7845 15690 980120556
7845 15691 114662137
7846 15692 608277394
7846 15693 689085390
7847 15694 811081490
7847 15695 763573497
7848 15696 235666576
7848 15697 664155352
7849 15698 316986229
7849 15699 708104815
7850 15700 311597458
7850 15701 356992226
7851 15702 740426624
7851 15703 319620853
7852 15704 97411446
7852 15705 431116463
7853 15706 990218503
7853 15707 450679526
7854 15708 731073566
7854 15709 756323351
7855 15710 438975085
7855 15711 116606531
7856 15712 192333856
7856 15713 834529920
7857 15714 195928868
7857 15715 700630292
7858 15716 867644556
7858 15717 694614552
7859 15718 808494375
7859 15719 451656692
7860 15720 735739388
7860 15721 106088536
7861 15722 449916650
7861 15723 325372745
7862 15724 416359484
7862 15725 693407275
7863 15726 652112667
7863 15727 888362464
7864 15728 357501421
7864 15729 761494912
7865 15730 825891294
7865 15731 106138267
7866 15732 812564358
7866 15733 893428576
7867 15734 715302718
7867 15735 471968464
7868 15736 205315610
7868 15737 173641364
7869 15738 309464752
7869 15739 485314218
7870 15740 262984382
7870 15741 247943745
7871 15742 729170852
7871 15743 409130133
7872 15744 69221110
7872 15745 722036359
7873 15746 482514022
7873 15747 252023732
7874 15748 11143960
7874 15749 167391614
7875 15750 601090134
7875 15751 655992909
7876 15752 296789480
7876 15753 593015251
7877 15754 785866771
7877 15755 175368532
7878 15756 384007058
7878 15757 139799604
7879 15758 833469102
7879 15759 750814519
7880 15760 796123897
7880 15761 324419224
7881 15762 437804365
7881 15763 828775314
7882 15764 652986289
7882 15765 419704387
7883 15766 575880628
7883 15767 148016358
7884 15768 309184940
7884 15769 862497187
7885 15770 228594304
7885 15771 11378713
7886 15772 923537544
7886 15773 951183689
7887 15774 707087784
7887 15775 825627686
7888 15776 603901171
7888 15777 787347182
7889 15778 713970634
7889 15779 829496528
7890 15780 528599820
7890 15781 514198717
7891 15782 40810870
7891 15783 540244989
7892 15784 353251922
7892 15785 253297167
7893 15786 261095363
7893 15787 192654994
7894 15788 680680801
7894 15789 293088879
7895 15790 962366916
7895 15791 744445259
7896 15792 95479106
7896 15793 922527055
7897 15794 745103550
7897 15795 168688999
7898 15796 942423028
7898 15797 568715395
7899 15798 317060202
7899 15799 534590465
7900 15800 805561350
7900 15801 888312976
7901 15802 302496635
7901 15803 990652536
7902 15804 26826085
7902 15805 787092028
7903 15806 413340131
7903 15807 909199285
7904 15808 794817486
7904 15809 880135615
7905 15810 401320732
7905 15811 393893050
7906 15812 232814076
7906 15813 113624
7907 15814 214079646
7907 15815 996034759
7908 15816 645176322
7908 15817 852089969
7909 15818 33126069
7909 15819 654406668
7910 15820 533289008
7910 15821 909678743
7911 15822 239392618
7911 15823 822373054
7912 15824 809039341
7912 15825 942481121
7913 15826 211164406
7913 15827 524005953
7914 15828 445000318
7914 15829 104268276
7915 15830 392014762
7915 15831 626187848
7916 15832 244978163
7916 15833 101514401
7917 15834 314873106
7917 15835 582213613
7918 15836 781816299
7918 15837 982016818
7919 15838 3042023
7919 15839 566235194
7920 15840 535419770
7920 15841 135108113
7921 15842 701202979
7921 15843 405046985
7922 15844 207704635
7922 15845 110519433
7923 15846 605347448
7923 15847 431023337
7924 15848 634661213
7924 15849 125553758
7925 15850 294635691
7925 15851 918130672
7926 15852 435113480
7926 15853 177265989
7927 15854 955692181
7927 15855 331042306
7928 15856 286752251
7928 15857 183445915
7929 15858 673402559
7929 15859 301716629
7930 15860 47190508
7930 15861 833847195
7931 15862 808724704
7931 15863 605373003
7932 15864 161746702
7932 15865 210577937
7933 15866 134301254
7933 15867 39904346
7934 15868 782383274
7934 15869 472365319
7935 15870 481427065
7935 15871 495612608
7936 15872 946798695
7936 15873 120311669
7937 15874 258780545
7937 15875 466111509
7938 15876 644192381
7938 15877 511869741
7939 15878 90024709
7939 15879 778319944
7940 15880 978674568
7940 15881 267448533
7941 15882 429022483
7941 15883 992376302
7942 15884 49597492
7942 15885 840099662
7943 15886 471059357
7943 15887 657842302
7944 15888 869895769
7944 15889 298071274
7945 15890 930320165
7945 15891 556215762
7946 15892 668469157
7946 15893 313060544
7947 15894 303379574
7947 15895 612774997
7948 15896 544390840
7948 15897 653986012
7949 15898 704973354
7949 15899 126374732
7950 15900 259123322
7950 15901 370209562
7951 15902 13924223
7951 15903 950971791
7952 15904 85937655
7952 15905 531629713
7953 15906 531372105
7953 15907 465755802
7954 15908 193899593
7954 15909 793323587
7955 15910 11576590
7955 15911 961301654
7956 15912 662321735
7956 15913 526413393
7957 15914 654841108
7957 15915 696915720
7958 15916 648531626
7958 15917 746135355
7959 15918 300903019
7959 15919 756681813
7960 15920 355960771
7960 15921 666005953
7961 15922 596836838
7961 15923 891807910
7962 15924 337068233
7962 15925 440781360
7963 15926 415043992
7963 15927 818998745
7964 15928 838542442
7964 15929 976626765
7965 15930 572842311
7965 15931 997028500
7966 15932 159458386
7966 15933 858509140
7967 15934 195941046
7967 15935 603679827
7968 15936 171028734
7968 15937 554552403
7969 15938 803292929
7969 15939 796136515
7970 15940 968557967
7970 15941 670583781
7971 15942 567831974
7971 15943 550620454
7972 15944 292728740
7972 15945 943843818
7973 15946 533139844
7973 15947 374885760
7974 15948 798065977
7974 15949 497019847
7975 15950 435964549
7975 15951 491623021
7976 15952 291958714
7976 15953 792368549
7977 15954 159380153
7977 15955 79363792
7978 15956 112372447
7978 15957 369432655
7979 15958 36849701
7979 15959 179645757
7980 15960 906515477
7980 15961 835313464
7981 15962 689901550
7981 15963 686112395
7982 15964 904050712
7982 15965 428355900
7983 15966 507618286
7983 15967 210138933
7984 15968 307339656
7984 15969 902364178
7985 15970 912398514
7985 15971 986408900
7986 15972 403413917
7986 15973 491506164
7987 15974 854896652
7987 15975 138935118
7988 15976 491080234
7988 15977 591861531
7989 15978 592753466
7989 15979 662968787
7990 15980 978790214
7990 15981 658746820
7991 15982 81451029
7991 15983 859344502
7992 15984 171241600
7992 15985 999031658
7993 15986 546189067
7993 15987 98813973
7994 15988 734191600
7994 15989 687196804
7995 15990 334934307
7995 15991 814645961
7996 15992 425770673
7996 15993 409820576
7997 15994 883937305
7997 15995 383940121
7998 15996 531842272
7998 15997 886365800
7999 15998 606006187
7999 15999 618741444
8000 16000 703815959
8000 16001 787963928
8001 16002 564120348
8001 16003 763772218
8002 16004 291681734
8002 16005 176695492
8003 16006 76318781
8003 16007 649000532
8004 16008 432509915
8004 16009 130879724
8005 16010 215428170
8005 16011 536473930
8006 16012 390638471
8006 16013 256791987
8007 16014 554400861
8007 16015 401901494
8008 16016 756579284
8008 16017 593594271
8009 16018 33902413
8009 16019 714271679
8010 16020 221485294
8010 16021 709852965
8011 16022 172537168
8011 16023 796297588
8012 16024 682685215
8012 16025 536229311
8013 16026 835556629
8013 16027 783685296
8014 16028 267917618
8014 16029 113805512
8015 16030 755744909
8015 16031 624234147
8016 16032 170248200
8016 16033 282875353
8017 16034 629701543
8017 16035 228015913
8018 16036 626964782
8018 16037 225049361
8019 16038 845719479
8019 16039 782632117
8020 16040 730619607
8020 16041 267736760
8021 16042 826079631
8021 16043 443999117
8022 16044 165623420
8022 16045 450451488
8023 16046 79835827
8023 16047 360254066
8024 16048 279488697
8024 16049 704471380
8025 16050 885811304
8025 16051 655100187
8026 16052 512427615
8026 16053 655233824
8027 16054 605588352
8027 16055 147054229
8028 16056 143582072
8028 16057 153653089
8029 16058 580312431
8029 16059 987350564
8030 16060 138485596
8030 16061 421298124
8031 16062 168961849
8031 16063 777191026
8032 16064 943920829
8032 16065 138731501
8033 16066 67298914
8033 16067 203528314
8034 16068 209044609
8034 16069 377610080
8035 16070 577080225
8035 16071 936220270
8036 16072 442852426
8036 16073 71948934
8037 16074 958492168
8037 16075 276903839
8038 16076 546466946
8038 16077 30797393
8039 16078 82990644
8039 16079 35795998
8040 16080 665676997
8040 16081 582655540
8041 16082 224280383
8041 16083 44079203
8042 16084 762761531
8042 16085 606385374
8043 16086 558340139
8043 16087 299951980
8044 16088 566965914
8044 16089 851072354
8045 16090 335598953
8045 16091 605602874
8046 16092 73946402
8046 16093 567802327
8047 16094 404228166
8047 16095 941319943
8048 16096 52996975
8048 16097 907230070
8049 16098 936779827
8049 16099 416134616
8050 16100 731401426
8050 16101 557316314
8051 16102 952486666
8051 16103 104420718
8052 16104 928810063
8052 16105 305247726
8053 16106 835787351
8053 16107 671489896
8054 16108 718127611
8054 16109 408269101
8055 16110 82513514
8055 16111 536699166
8056 16112 44492572
8056 16113 714681268
8057 16114 793192393
8057 16115 808518022
8058 16116 606422620
8058 16117 52629164
8059 16118 509304484
8059 16119 83299713
8060 16120 390317261
8060 16121 276901266
8061 16122 888956790
8061 16123 140011170
8062 16124 811045188
8062 16125 704026977
8063 16126 631291431
8063 16127 717495952
8064 16128 45345488
8064 16129 681721130
8065 16130 749807222
8065 16131 607903512
8066 16132 360221596
8066 16133 698122355
8067 16134 358917822
8067 16135 999144897
8068 16136 114543649
8068 16137 252054152
8069 16138 635155936
8069 16139 318741710
8070 16140 277419742
8070 16141 941024614
8071 16142 255999619
8071 16143 460651411
8072 16144 247552707
8072 16145 753881496
8073 16146 129087560
8073 16147 628415478
8074 16148 441793130
8074 16149 706912490
8075 16150 195656508
8075 16151 988539582
8076 16152 482770309
8076 16153 693798128
8077 16154 56640717
8077 16155 99927212
8078 16156 973877579
8078 16157 246153767
8079 16158 829632060
8079 16159 690380735
8080 16160 628865712
8080 16161 912938600
8081 16162 565278998
8081 16163 671495120
8082 16164 204731022
8082 16165 41174191
8083 16166 441040569
8083 16167 609689123
8084 16168 351337879
8084 16169 699126649
8085 16170 65745741
8085 16171 77465788
8086 16172 98844871
8086 16173 923149990
8087 16174 276613317
8087 16175 443726548
8088 16176 677009439
8088 16177 669626426
8089 16178 724484357
8089 16179 691553670
8090 16180 685264507
8090 16181 738745648
8091 16182 563849668
8091 16183 738967106
8092 16184 383628544
8092 16185 346964200
8093 16186 817429419
8093 16187 112684462
8094 16188 932829827
8094 16189 811670275
8095 16190 990811661
8095 16191 360898787
8096 16192 954341417
8096 16193 905257105
8097 16194 35260203
8097 16195 166822378
8098 16196 61193669
8098 16197 411863620
8099 16198 38185976
8099 16199 582380612
8100 16200 989544955
8100 16201 45043875
8101 16202 690243441
8101 16203 506200580
8102 16204 319361306
8102 16205 270659962
8103 16206 546655294
8103 16207 19072373
8104 16208 127745076
8104 16209 349289384
8105 16210 446636175
8105 16211 108539436
8106 16212 756231033
8106 16213 639091656
8107 16214 830264167
8107 16215 843606330
8108 16216 840082931
8108 16217 520516855
8109 16218 537883153
8109 16219 739703501
8110 16220 422573875
8110 16221 458877511
8111 16222 104404662
8111 16223 50682472
8112 16224 780654892
8112 16225 60815760
8113 16226 808091219
8113 16227 990605518
8114 16228 850406629
8114 16229 820752809
8115 16230 822011541
8115 16231 317723456
8116 16232 103317300
8116 16233 236880094
8117 16234 331440282
8117 16235 120060581
8118 16236 914295289
8118 16237 172532316
8119 16238 966068301
8119 16239 877527223
8120 16240 17561733
8120 16241 214161670
8121 16242 823416305
8121 16243 847581953
8122 16244 580274603
8122 16245 18963933
8123 16246 633977825
8123 16247 705350090
8124 16248 558084081
8124 16249 573410625
8125 16250 656647422
8125 16251 973641911
8126 16252 531866673
8126 16253 240609671
8127 16254 729140564
8127 16255 77800141
8128 16256 653304436
8128 16257 935386822
8129 16258 37086008
8129 16259 223503540
8130 16260 223579793
8130 16261 222656382
8131 16262 467624981
8131 16263 4545965
8132 16264 541673081
8132 16265 884634929
8133 16266 372649392
8133 16267 390393656
8134 16268 555699219
8134 16269 566805022
8135 16270 541076316
8135 16271 899320558
8136 16272 878025690
8136 16273 879754578
8137 16274 817462209
8137 16275 330701929
8138 16276 136093112
8138 16277 333198935
8139 16278 893340813
8139 16279 369257321
8140 16280 828395263
8140 16281 929078934
8141 16282 315275731
8141 16283 617630659
8142 16284 294161486
8142 16285 27899729
8143 16286 896065886
8143 16287 473380087
8144 16288 378227333
8144 16289 439554891
8145 16290 249947609
8145 16291 610117823
8146 16292 720595127
8146 16293 87677420
8147 16294 493732382
8147 16295 279885968
8148 16296 355181520
8148 16297 49000067
8149 16298 918307735
8149 16299 582655079
8150 16300 795563481
8150 16301 124103342
8151 16302 181578042
8151 16303 362520807
8152 16304 579977743
8152 16305 511860688
8153 16306 877259572
8153 16307 308731755
8154 16308 705537532
8154 16309 287232821
8155 16310 462828215
8155 16311 126172199
8156 16312 257754020
8156 16313 99975327
8157 16314 115919976
8157 16315 760129270
8158 16316 297041412
8158 16317 666269522
8159 16318 11368189
8159 16319 368494892
8160 16320 741289614
8160 16321 602638813
8161 16322 245935060
8161 16323 514114711
8162 16324 152226850
8162 16325 175784386
8163 16326 70231253
8163 16327 780413804
8164 16328 680455647
8164 16329 759386101
8165 16330 354531280
8165 16331 44190508
8166 16332 199846209
8166 16333 833279575
8167 16334 772416561
8167 16335 765920231
8168 16336 740299382
8168 16337 688026445
8169 16338 327894438
8169 16339 737367294
8170 16340 271851560
8170 16341 985374246
8171 16342 393771373
8171 16343 943418124
8172 16344 622375471
8172 16345 392017269
8173 16346 143088989
8173 16347 553129446
8174 16348 629626898
8174 16349 818839062
8175 16350 685254818
8175 16351 517064302
8176 16352 865285975
8176 16353 785452611
8177 16354 506390837
8177 16355 654624964
8178 16356 324852924
8178 16357 569401307
8179 16358 415587270
8179 16359 450796699
8180 16360 414579196
8180 16361 639778356
8181 16362 911274195
8181 16363 296887289
8182 16364 900614980
8182 16365 526164324
8183 16366 888775837
8183 16367 219725704
8184 16368 740199968
8184 16369 842664824
8185 16370 648535007
8185 16371 484118398
8186 16372 185053568
8186 16373 228982535
8187 16374 550666257
8187 16375 881194203
8188 16376 822881243
8188 16377 971581306
8189 16378 952356551
8189 16379 585643290
8190 16380 53175745
8190 16381 604991402
8191 16382 25998240
8191 16383 597268181
8192 16384 809116335
8192 16385 88974017
8193 16386 187050281
8193 16387 322487060
8194 16388 188149258
8194 16389 340114910
8195 16390 931844953
8195 16391 266837799
8196 16392 877111213
8196 16393 752333319
8197 16394 275307331
8197 16395 347588776
8198 16396 390685742
8198 16397 120565274
8199 16398 691214094
8199 16399 514539593
8200 16400 898802987
8200 16401 886182658
8201 16402 644153646
8201 16403 353726682
8202 16404 151545545
8202 16405 361167513
8203 16406 665138620
8203 16407 861562465
8204 16408 216450111
8204 16409 572146070
8205 16410 705248639
8205 16411 37289244
8206 16412 775889355
8206 16413 10983634
8207 16414 252856257
8207 16415 489621458
8208 16416 733121723
8208 16417 372552734
8209 16418 696939078
8209 16419 881760165
8210 16420 844617105
8210 16421 171522969
8211 16422 45208840
8211 16423 560215333
8212 16424 976691965
8212 16425 612443100
8213 16426 373717778
8213 16427 114095482
8214 16428 991373097
8214 16429 695446938
8215 16430 199395396
8215 16431 268845646
8216 16432 308409878
8216 16433 200584793
8217 16434 29105096
8217 16435 623935261
8218 16436 259749967
8218 16437 480812602
8219 16438 478352546
8219 16439 400806200
8220 16440 827875371
8220 16441 31318802
8221 16442 468247429
8221 16443 715966653
8222 16444 460725766
8222 16445 81125446
8223 16446 298914923
8223 16447 649760281
8224 16448 609131317
8224 16449 28384684
8225 16450 321277574
8225 16451 749948335
8226 16452 675484410
8226 16453 929680110
8227 16454 162157090
8227 16455 483376704
8228 16456 988402409
8228 16457 285835537
8229 16458 626494005
8229 16459 770766198
8230 16460 23444643
8230 16461 100152162
8231 16462 870882633
8231 16463 661013938
8232 16464 747225569
8232 16465 781262832
8233 16466 707908887
8233 16467 216660104
8234 16468 364030960
8234 16469 12225160
8235 16470 583722859
8235 16471 166789304
8236 16472 269348086
8236 16473 839282970
8237 16474 330016854
8237 16475 907848555
8238 16476 277497634
8238 16477 736158756
8239 16478 270893680
8239 16479 128201223
8240 16480 403370886
8240 16481 445280625
8241 16482 655508496
8241 16483 924136754
8242 16484 686585058
8242 16485 336021247
8243 16486 820077152
8243 16487 68657935
8244 16488 398718981
8244 16489 734418510
8245 16490 170244035
8245 16491 18639991
8246 16492 510343881
8246 16493 367503343
8247 16494 32097726
8247 16495 125867491
8248 16496 211411509
8248 16497 42001284
8249 16498 521087068
8249 16499 337638842
8250 16500 530962738
8250 16501 662095546
8251 16502 521141109
8251 16503 267443829
8252 16504 390371095
8252 16505 120652369
8253 16506 509994430
8253 16507 55785862
8254 16508 781954760
8254 16509 160938960
8255 16510 298311796
8255 16511 314567826
8256 16512 909041832
8256 16513 319899515
8257 16514 527811190
8257 16515 914234818
8258 16516 325493435
8258 16517 987708109
8259 16518 482964701
8259 16519 432746007
8260 16520 977471834
8260 16521 90975681
8261 16522 480354844
8261 16523 693357378
8262 16524 13199099
8262 16525 546470384
8263 16526 127733851
8263 16527 145222291
8264 16528 354655059
8264 16529 727510258
8265 16530 181668635
8265 16531 370534350
8266 16532 392825886
8266 16533 484145010
8267 16534 369006474
8267 16535 133329287
8268 16536 328428557
8268 16537 422943315
8269 16538 129299283
8269 16539 387238160
8270 16540 595903283
8270 16541 785554930
8271 16542 581068410
8271 16543 688903240
8272 16544 911610930
8272 16545 469478079
8273 16546 250053908
8273 16547 181581137
8274 16548 498765351
8274 16549 62067607
8275 16550 616691817
8275 16551 369799485
8276 16552 144409941
8276 16553 186758129
8277 16554 950640978
8277 16555 321614461
8278 16556 965850133
8278 16557 412551508
8279 16558 938467291
8279 16559 309453654
8280 16560 759212332
8280 16561 240582380
8281 16562 980125598
8281 16563 943325948
8282 16564 843116323
8282 16565 488670651
8283 16566 724435750
8283 16567 162791621
8284 16568 307091305
8284 16569 15085752
8285 16570 330769601
8285 16571 993796728
8286 16572 422180998
8286 16573 275325609
8287 16574 741910161
8287 16575 626263829
8288 16576 8653237
8288 16577 175751091
8289 16578 697591574
8289 16579 354490219
8290 16580 908708581
8290 16581 944502489
8291 16582 507117296
8291 16583 703142888
8292 16584 392272031
8292 16585 889107090
8293 16586 896358621
8293 16587 502379926
8294 16588 413589186
8294 16589 895011450
8295 16590 260752817
8295 16591 911515047
8296 16592 776806478
8296 16593 63535960
8297 16594 903410195
8297 16595 290249538
8298 16596 37614771
8298 16597 298954601
8299 16598 817534322
8299 16599 352326913
8300 16600 177316073
8300 16601 912932037
8301 16602 130871674
8301 16603 626273322
8302 16604 237055867
8302 16605 530155437
8303 16606 784518173
8303 16607 883934440
8304 16608 834056882
8304 16609 885945605
8305 16610 4982777
8305 16611 130049200
8306 16612 940535759
8306 16613 976258021
8307 16614 638886738
8307 16615 764310927
8308 16616 813784213
8308 16617 209347222
8309 16618 945918184
8309 16619 921613006
8310 16620 152753574
8310 16621 673058238
8311 16622 88518085
8311 16623 714179463
8312 16624 679830290
8312 16625 391769032
8313 16626 334747001
8313 16627 415131190
8314 16628 570871938
8314 16629 370436411
8315 16630 742791267
8315 16631 215208187
8316 16632 198826479
8316 16633 327966042
8317 16634 770223292
8317 16635 98974909
8318 16636 660490491
8318 16637 324105401
8319 16638 920405625
8319 16639 374900361
8320 16640 55764688
8320 16641 982912823
8321 16642 952301978
8321 16643 378909953
8322 16644 561744803
8322 16645 740576191
8323 16646 221838896
8323 16647 722588586
8324 16648 246193016
8324 16649 974258989
8325 16650 284474599
8325 16651 55717832
8326 16652 260220608
8326 16653 363654531
8327 16654 57298666
8327 16655 502525538
8328 16656 441660636
8328 16657 190219072
8329 16658 263853921
8329 16659 316456756
8330 16660 125594555
8330 16661 84121611
8331 16662 290761470
8331 16663 583223264
8332 16664 802427556
8332 16665 305630496
8333 16666 911347468
8333 16667 530357459
8334 16668 202644219
8334 16669 300839198
8335 16670 373128150
8335 16671 454201416
8336 16672 650722604
8336 16673 477769398
8337 16674 425576596
8337 16675 689305625
8338 16676 11636344
8338 16677 316229230
8339 16678 349962668
8339 16679 456262154
8340 16680 141371300
8340 16681 738377674
8341 16682 855743710
8341 16683 771798280
8342 16684 410292813
8342 16685 758019446
8343 16686 489604063
8343 16687 670898241
8344 16688 653949296
8344 16689 484850353
8345 16690 340960055
8345 16691 466089977
8346 16692 252996875
8346 16693 742761498
8347 16694 771932620
8347 16695 149103157
8348 16696 842604539
8348 16697 984472692
8349 16698 774450528
8349 16699 113049054
8350 16700 37180292
8350 16701 902743412
8351 16702 242445017
8351 16703 328344876
8352 16704 575013649
8352 16705 547718809
8353 16706 493835124
8353 16707 612845802
8354 16708 740666276
8354 16709 516291141
8355 16710 762990766
8355 16711 394269283
8356 16712 890660255
8356 16713 833632490
8357 16714 105452926
8357 16715 322184988
8358 16716 753442980
8358 16717 617786546
8359 16718 305847918
8359 16719 440036827
8360 16720 450292256
8360 16721 800509349
8361 16722 905346983
8361 16723 201015404
8362 16724 743424525
8362 16725 237722850
8363 16726 45157162
8363 16727 384445821
8364 16728 42061602
8364 16729 722249375
8365 16730 832645392
8365 16731 240625442
8366 16732 502554975
8366 16733 663702558
8367 16734 243173560
8367 16735 115744126
8368 16736 843997160
8368 16737 396852461
8369 16738 785131855
8369 16739 104490140
8370 16740 452559934
8370 16741 776495980
8371 16742 345260197
8371 16743 896540990
8372 16744 36708501
8372 16745 266904364
8373 16746 275649578
8373 16747 469359438
8374 16748 652007156
8374 16749 750501481
8375 16750 942435531
8375 16751 666405788
8376 16752 56035079
8376 16753 91336262
8377 16754 286436161
8377 16755 459317808
8378 16756 334284143
8378 16757 758138327
8379 16758 162558341
8379 16759 605128082
8380 16760 307376750
8380 16761 705412759
8381 16762 690453715
8381 16763 920047491
8382 16764 488185051
8382 16765 423356723
8383 16766 175865617
8383 16767 922140048
8384 16768 756500655
8384 16769 979227809
8385 16770 980656565
8385 16771 783134141
8386 16772 472247652
8386 16773 311328809
8387 16774 885212667
8387 16775 71572669
8388 16776 125243900
8388 16777 927810233
8389 16778 179887861
8389 16779 755165234
8390 16780 987183669
8390 16781 72028651
8391 16782 986194645
8391 16783 521072964
8392 16784 528763286
8392 16785 239738057
8393 16786 881790676
8393 16787 908027030
8394 16788 618998209
8394 16789 850350549
8395 16790 467885257
8395 16791 621911682
8396 16792 297704860
8396 16793 63775919
8397 16794 91473473
8397 16795 174486334
8398 16796 73819993
8398 16797 783095546
8399 16798 905284443
8399 16799 786317942
8400 16800 587806352
8400 16801 789504186
8401 16802 791442980
8401 16803 659758973
8402 16804 640996878
8402 16805 209596872
8403 16806 480954535
8403 16807 600952271
8404 16808 35734721
8404 16809 262188208
8405 16810 543953281
8405 16811 311086893
8406 16812 460025920
8406 16813 928475752
8407 16814 913860055
8407 16815 468975731
8408 16816 426850040
8408 16817 993942526
8409 16818 526167387
8409 16819 242351942
8410 16820 438366050
8410 16821 575742144
8411 16822 984222967
8411 16823 420781101
8412 16824 175312070
8412 16825 564028642
8413 16826 148500664
8413 16827 52009632
8414 16828 15606466
8414 16829 341380919
8415 16830 309005327
8415 16831 647409118
8416 16832 302058804
8416 16833 215730353
8417 16834 779145206
8417 16835 443007431
8418 16836 418136918
8418 16837 545821384
8419 16838 869606842
8419 16839 395134285
8420 16840 388222463
8420 16841 227037851
8421 16842 895383185
8421 16843 76829875
8422 16844 828050988
8422 16845 87834362
8423 16846 219115770
8423 16847 190147878
8424 16848 326085599
8424 16849 576991978
8425 16850 590459824
8425 16851 326237626
8426 16852 853704735
8426 16853 754000709
8427 16854 462360270
8427 16855 794163744
8428 16856 700715562
8428 16857 316939259
8429 16858 679944564
8429 16859 283470627
8430 16860 278971382
8430 16861 822739240
8431 16862 647780979
8431 16863 921149278
8432 16864 630406419
8432 16865 103348186
8433 16866 201072091
8433 16867 734845097
8434 16868 435348348
8434 16869 608101268
8435 16870 366466080
8435 16871 109045086
8436 16872 288803632
8436 16873 873950157
8437 16874 20333247
8437 16875 653314846
8438 16876 335989300
8438 16877 107195669
8439 16878 552290388
8439 16879 573792903
8440 16880 895064051
8440 16881 958202920
8441 16882 732799351
8441 16883 190104922
8442 16884 858867488
8442 16885 651438059
8443 16886 79463372
8443 16887 739179072
8444 16888 788719361
8444 16889 332886480
8445 16890 839970386
8445 16891 583057546
8446 16892 240508786
8446 16893 816334204
8447 16894 263322133
8447 16895 712305490
8448 16896 903820389
8448 16897 716234809
8449 16898 370972939
8449 16899 462003096
8450 16900 690486132
8450 16901 869484740
8451 16902 291559254
8451 16903 507460514
8452 16904 596298496
8452 16905 414171853
8453 16906 682359960
8453 16907 858024923
8454 16908 15827928
8454 16909 865820300
8455 16910 4970431
8455 16911 505029833
8456 16912 423722879
8456 16913 927504145
8457 16914 732301112
8457 16915 471267016
8458 16916 506308566
8458 16917 776082630
8459 16918 514810444
8459 16919 893724448
8460 16920 549900205
8460 16921 298359807
8461 16922 467151668
8461 16923 892280928
8462 16924 652341805
8462 16925 306408975
8463 16926 794440405
8463 16927 106938304
8464 16928 122667331
8464 16929 402319180
8465 16930 424146361
8465 16931 308621261
8466 16932 901134034
8466 16933 994105250
8467 16934 20558090
8467 16935 603126359
8468 16936 368702361
8468 16937 833331333
8469 16938 799493975
8469 16939 585294016
8470 16940 594849344
8470 16941 243202520
8471 16942 68989474
8471 16943 728173423
8472 16944 245407646
8472 16945 420359419
8473 16946 937398607
8473 16947 142417697
8474 16948 45685149
8474 16949 424701537
8475 16950 295500616
8475 16951 807517890
8476 16952 843409122
8476 16953 750225199
8477 16954 930159752
8477 16955 839460328
8478 16956 559145858
8478 16957 401366946
8479 16958 429565823
8479 16959 418599151
8480 16960 436060340
8480 16961 371220223
8481 16962 158569630
8481 16963 884360831
8482 16964 528142311
8482 16965 697607849
8483 16966 632494893
8483 16967 825876683
8484 16968 572547400
8484 16969 672420852
8485 16970 386713916
8485 16971 137625104
8486 16972 537298966
8486 16973 426320443
8487 16974 721680020
8487 16975 734100897
8488 16976 176006804
8488 16977 130602758
8489 16978 201596171
8489 16979 173588334
8490 16980 689474594
8490 16981 939671596
8491 16982 172184793
8491 16983 945023923
8492 16984 955972898
8492 16985 468644750
8493 16986 759407758
8493 16987 547207795
8494 16988 408716129
8494 16989 322868802
8495 16990 935430219
8495 16991 859350736
8496 16992 143277241
8496 16993 256731826
8497 16994 807685271
8497 16995 586976930
8498 16996 158685790
8498 16997 307667193
8499 16998 632044425
8499 16999 630089349
8500 17000 154272267
8500 17001 643443441
8501 17002 250501263
8501 17003 69993248
8502 17004 433413806
8502 17005 445292276
8503 17006 470544256
8503 17007 493724576
8504 17008 96696506
8504 17009 48841578
8505 17010 866664948
8505 17011 584002140
8506 17012 538872802
8506 17013 185411409
8507 17014 119546076
8507 17015 681452336
8508 17016 511500770
8508 17017 433219422
8509 17018 407716688
8509 17019 123896704
8510 17020 64238593
8510 17021 845648178
8511 17022 97009463
8511 17023 527146594
8512 17024 598610989
8512 17025 787082117
8513 17026 362773514
8513 17027 582022343
8514 17028 867606146
8514 17029 207208975
8515 17030 42463242
8515 17031 651685106
8516 17032 275542794
8516 17033 761866457
8517 17034 613756839
8517 17035 211900187
8518 17036 747629310
8518 17037 198732957
8519 17038 209662375
8519 17039 674928580
8520 17040 300228046
8520 17041 50506108
8521 17042 235447118
8521 17043 339969301
8522 17044 406410265
8522 17045 893299897
8523 17046 641747375
8523 17047 823601118
8524 17048 818736451
8524 17049 996657048
8525 17050 272712392
8525 17051 526753052
8526 17052 248745944
8526 17053 379254845
8527 17054 138850412
8527 17055 493854454
8528 17056 93827477
8528 17057 589868320
8529 17058 95919769
8529 17059 53136261
8530 17060 599451067
8530 17061 628080795
8531 17062 804612701
8531 17063 912858251
8532 17064 812401869
8532 17065 799031052
8533 17066 351769993
8533 17067 163897221
8534 17068 680984112
8534 17069 716080138
8535 17070 112988709
8535 17071 387979579
8536 17072 678944129
8536 17073 654699703
8537 17074 444148864
8537 17075 929979570
8538 17076 324062466
8538 17077 231894926
8539 17078 629462386
8539 17079 744707723
8540 17080 396263205
8540 17081 622340474
8541 17082 238707527
8541 17083 618552480
8542 17084 245527952
8542 17085 460532688
8543 17086 201225110
8543 17087 229239533
8544 17088 440037924
8544 17089 568230139
8545 17090 24635807
8545 17091 945544880
8546 17092 986380501
8546 17093 899799221
8547 17094 210619595
8547 17095 163417593
8548 17096 253202866
8548 17097 86156166
8549 17098 925814152
8549 17099 791162816
8550 17100 288041377
8550 17101 534684510
8551 17102 88531690
8551 17103 218385813
8552 17104 376576672
8552 17105 239378221
8553 17106 521831450
8553 17107 929328964
8554 17108 344201627
8554 17109 86405298
8555 17110 352583865
8555 17111 527581154
8556 17112 267421153
8556 17113 904295663
8557 17114 162740882
8557 17115 493869425
8558 17116 513245540
8558 17117 635338410
8559 17118 606514472
8559 17119 242017499
8560 17120 646421939
8560 17121 673155522
8561 17122 549576804
8561 17123 342560267
8562 17124 66371320
8562 17125 462246095
8563 17126 118132824
8563 17127 836601210
8564 17128 547264148
8564 17129 358332823
8565 17130 729010093
8565 17131 713593531
8566 17132 19747247
8566 17133 313459228
8567 17134 444328829
8567 17135 229787190
8568 17136 234508183
8568 17137 290470622
8569 17138 191085938
8569 17139 270558985
8570 17140 541289062
8570 17141 344434275
8571 17142 513484794
8571 17143 171141996
8572 17144 588486600
8572 17145 463186294
8573 17146 685979642
8573 17147 19248210
8574 17148 410144654
8574 17149 3978670
8575 17150 372249473
8575 17151 979633034
8576 17152 728614987
8576 17153 452471540
8577 17154 976518124
8577 17155 837764683
8578 17156 937313403
8578 17157 689340666
8579 17158 635051581
8579 17159 102332621
8580 17160 690470374
8580 17161 914664559
8581 17162 401275581
8581 17163 692396149
8582 17164 838337833
8582 17165 261575804
8583 17166 246876739
8583 17167 356888774
8584 17168 340358285
8584 17169 666724802
8585 17170 338052277
8585 17171 185405717
8586 17172 769715667
8586 17173 842665172
8587 17174 177255574
8587 17175 406426806
8588 17176 384884386
8588 17177 60787400
8589 17178 729007476
8589 17179 651312567
8590 17180 715934115
8590 17181 61881125
8591 17182 677066739
8591 17183 467509849
8592 17184 86700176
8592 17185 37722839
8593 17186 279476345
8593 17187 851929350
8594 17188 196166785
8594 17189 257792803
8595 17190 130797009
8595 17191 968908625
8596 17192 742972500
8596 17193 839573729
8597 17194 862235832
8597 17195 176167923
8598 17196 998755956
8598 17197 448471079
8599 17198 229389718
8599 17199 528034678
8600 17200 99846368
8600 17201 33559969
8601 17202 15015932
8601 17203 240731917
8602 17204 725886840
8602 17205 753332965
8603 17206 825489004
8603 17207 377952898
8604 17208 803489082
8604 17209 991587877
8605 17210 810754053
8605 17211 152145747
8606 17212 990995401
8606 17213 111193517
8607 17214 151164437
8607 17215 897824740
8608 17216 561826803
8608 17217 50933260
8609 17218 621058319
8609 17219 435466021
8610 17220 488660327
8610 17221 215156705
8611 17222 161540528
8611 17223 361441513
8612 17224 491342207
8612 17225 504164001
8613 17226 505251378
8613 17227 481372789
8614 17228 82688732
8614 17229 153647638
8615 17230 367057110
8615 17231 691832060
8616 17232 603635212
8616 17233 231838792
8617 17234 186643360
8617 17235 603191260
8618 17236 194044239
8618 17237 989718997
8619 17238 178016295
8619 17239 945615711
8620 17240 281446201
8620 17241 417705199
8621 17242 991292182
8621 17243 114923546
8622 17244 715501288
8622 17245 618053523
8623 17246 802520834
8623 17247 373202609
8624 17248 988353419
8624 17249 210383953
8625 17250 106778356
8625 17251 744484691
8626 17252 433456737
8626 17253 14088630
8627 17254 570039713
8627 17255 136464106
8628 17256 591292762
8628 17257 286101962
8629 17258 150993029
8629 17259 855593273
8630 17260 292847334
8630 17261 382381195
8631 17262 847508411
8631 17263 115332660
8632 17264 324412230
8632 17265 364704645
8633 17266 681598525
8633 17267 794263578
8634 17268 815917107
8634 17269 294117606
8635 17270 441501201
8635 17271 783878856
8636 17272 401436909
8636 17273 436792559
8637 17274 910597995
8637 17275 940658152
8638 17276 237472692
8638 17277 828317381
8639 17278 131366655
8639 17279 311940926
8640 17280 327884057
8640 17281 926038949
8641 17282 901110448
8641 17283 653877265
8642 17284 164909797
8642 17285 747238048
8643 17286 457410830
8643 17287 24762887
8644 17288 369902043
8644 17289 36715459
8645 17290 664942690
8645 17291 569229237
8646 17292 563062613
8646 17293 509547480
8647 17294 496695595
8647 17295 301881808
8648 17296 410869702
8648 17297 921635762
8649 17298 1870630
8649 17299 356929981
8650 17300 768650395
8650 17301 952482913
8651 17302 805676274
8651 17303 127953722
8652 17304 469453318
8652 17305 917148562
8653 17306 883771277
8653 17307 33882119
8654 17308 48999918
8654 17309 978959867
8655 17310 320215849
8655 17311 951976299
8656 17312 574890370
8656 17313 228802028
8657 17314 769605112
8657 17315 700997074
8658 17316 841254522
8658 17317 254419746
8659 17318 506403351
8659 17319 230308905
8660 17320 239195464
8660 17321 979561430
8661 17322 851852858
8661 17323 372988054
8662 17324 775095106
8662 17325 485455080
8663 17326 310752737
8663 17327 27414282
8664 17328 512847420
8664 17329 553905824
8665 17330 283902220
8665 17331 106277674
8666 17332 382335378
8666 17333 821334234
8667 17334 107549463
8667 17335 138112704
8668 17336 558293568
8668 17337 306752448
8669 17338 414774479
8669 17339 442709094
8670 17340 932277839
8670 17341 549959662
8671 17342 832933808
8671 17343 748048175
8672 17344 151556208
8672 17345 887509295
8673 17346 239260156
8673 17347 213892646
8674 17348 724567140
8674 17349 464663156
8675 17350 435030503
8675 17351 185393217
8676 17352 352303017
8676 17353 396804542
8677 17354 910660129
8677 17355 770127666
8678 17356 325318168
8678 17357 850878908
8679 17358 887466358
8679 17359 207120768
8680 17360 55393697
8680 17361 346079071
8681 17362 508037549
8681 17363 842391895
8682 17364 359022305
8682 17365 840601957
8683 17366 27152460
8683 17367 240611317
8684 17368 557290768
8684 17369 443236961
8685 17370 362176259
8685 17371 383618261
8686 17372 888038486
8686 17373 660629733
8687 17374 911575443
8687 17375 812323201
8688 17376 767527945
8688 17377 410283838
8689 17378 287126026
8689 17379 75377104
8690 17380 926541829
8690 17381 294156157
8691 17382 303663699
8691 17383 237039803
8692 17384 487721281
8692 17385 91030746
8693 17386 587683176
8693 17387 709505359
8694 17388 375417581
8694 17389 86489764
8695 17390 2673948
8695 17391 8856921
8696 17392 359575760
8696 17393 774035107
8697 17394 343710346
8697 17395 463176158
8698 17396 218627905
8698 17397 878904098
8699 17398 809599309
8699 17399 411570836
8700 17400 401579923
8700 17401 327205015
8701 17402 187745070
8701 17403 978522209
8702 17404 295420688
8702 17405 504098200
8703 17406 643060476
8703 17407 125592349
8704 17408 855356209
8704 17409 146383537
8705 17410 289834073
8705 17411 408443806
8706 17412 931102987
8706 17413 589110741
8707 17414 126255557
8707 17415 33375848
8708 17416 739036141
8708 17417 807752015
8709 17418 175862657
8709 17419 763490609
8710 17420 438385890
8710 17421 949671335
8711 17422 671954555
8711 17423 500431160
8712 17424 286335567
8712 17425 414144828
8713 17426 350187288
8713 17427 817884051
8714 17428 27756509
8714 17429 54197686
8715 17430 202596032
8715 17431 369400556
8716 17432 909640046
8716 17433 716955407
8717 17434 327362387
8717 17435 639851915
8718 17436 695526348
8718 17437 79528199
8719 17438 438345738
8719 17439 576373710
8720 17440 81866264
8720 17441 4266511
8721 17442 860813421
8721 17443 889699226
8722 17444 893957816
8722 17445 685582609
8723 17446 429865690
8723 17447 286060144
8724 17448 274279262
8724 17449 370995378
8725 17450 313343954
8725 17451 263302235
8726 17452 875307746
8726 17453 464056031
8727 17454 101118854
8727 17455 422214385
8728 17456 247678087
8728 17457 122171994
8729 17458 645948026
8729 17459 676071300
8730 17460 489963195
8730 17461 918982530
8731 17462 478171279
8731 17463 103241879
8732 17464 829739328
8732 17465 701891060
8733 17466 947812524
8733 17467 341990353
8734 17468 257843223
8734 17469 293522826
8735 17470 671131976
8735 17471 1921953
8736 17472 290519981
8736 17473 740135469
8737 17474 196692156
8737 17475 721470074
8738 17476 910492134
8738 17477 576198604
8739 17478 122192683
8739 17479 792684825
8740 17480 488448858
8740 17481 503599107
8741 17482 753061852
8741 17483 297032658
8742 17484 910225685
8742 17485 137397771
8743 17486 807743249
8743 17487 838679060
8744 17488 892537581
8744 17489 403794930
8745 17490 662666381
8745 17491 945884110
8746 17492 721053400
8746 17493 958882660
8747 17494 598012806
8747 17495 731650221
8748 17496 682844225
8748 17497 984035659
8749 17498 375070303
8749 17499 687285079
8750 17500 751319769
8750 17501 99408394
8751 17502 255363833
8751 17503 507218063
8752 17504 954851457
8752 17505 68406365
8753 17506 988904695
8753 17507 973923015
8754 17508 407050876
8754 17509 539744020
8755 17510 168151844
8755 17511 502261154
8756 17512 441448970
8756 17513 623908484
8757 17514 356876399
8757 17515 485088523
8758 17516 675497579
8758 17517 751222525
8759 17518 616743923
8759 17519 611642869
8760 17520 1452273
8760 17521 883183714
8761 17522 599569987
8761 17523 647846603
8762 17524 169299960
8762 17525 882561360
8763 17526 915018030
8763 17527 729474760
8764 17528 598718744
8764 17529 5932679
8765 17530 72602682
8765 17531 119678675
8766 17532 85799932
8766 17533 59870699
8767 17534 469193946
8767 17535 858436244
8768 17536 899392621
8768 17537 137428074
8769 17538 879160218
8769 17539 454269887
8770 17540 375878614
8770 17541 369399847
8771 17542 897669195
8771 17543 865185967
8772 17544 358439946
8772 17545 16288581
8773 17546 655613777
8773 17547 136760687
8774 17548 586559356
8774 17549 456341783
8775 17550 933821069
8775 17551 483346297
8776 17552 775035125
8776 17553 222012037
8777 17554 937898208
8777 17555 145097315
8778 17556 385436709
8778 17557 160646773
8779 17558 331992670
8779 17559 983763402
8780 17560 9124601
8780 17561 393263108
8781 17562 196254888
8781 17563 396113112
8782 17564 923104818
8782 17565 86473334
8783 17566 256290092
8783 17567 816845054
8784 17568 380022490
8784 17569 177136540
8785 17570 887414372
8785 17571 527630654
8786 17572 339206028
8786 17573 360375449
8787 17574 884346774
8787 17575 787792695
8788 17576 570205985
8788 17577 67432504
8789 17578 92399637
8789 17579 148966115
8790 17580 270979831
8790 17581 26968563
8791 17582 62445549
8791 17583 342176856
8792 17584 683602396
8792 17585 46031376
8793 17586 199944797
8793 17587 66656692
8794 17588 439969743
8794 17589 435159103
8795 17590 684791432
8795 17591 169259356
8796 17592 422775222
8796 17593 186009142
8797 17594 264059384
8797 17595 186315274
8798 17596 370342173
8798 17597 495408740
8799 17598 899787752
8799 17599 725538409
8800 17600 253736627
8800 17601 507942465
8801 17602 26984148
8801 17603 255758906
8802 17604 208101659
8802 17605 414749280
8803 17606 575548954
8803 17607 772060076
8804 17608 515630432
8804 17609 231519419
8805 17610 662470240
8805 17611 773977593
8806 17612 909170612
8806 17613 605332221
8807 17614 990396833
8807 17615 802508220
8808 17616 205104354
8808 17617 443455418
8809 17618 21249404
8809 17619 135398069
8810 17620 779144307
8810 17621 606538571
8811 17622 211785945
8811 17623 394744331
8812 17624 399547715
8812 17625 269875059
8813 17626 398268647
8813 17627 322538385
8814 17628 627423390
8814 17629 993890783
8815 17630 360873375
8815 17631 103652583
8816 17632 368202965
8816 17633 561215636
8817 17634 237292186
8817 17635 255394389
8818 17636 597447796
8818 17637 902778587
8819 17638 305353653
8819 17639 738615074
8820 17640 825675841
8820 17641 651488503
8821 17642 93526819
8821 17643 626794940
8822 17644 738937666
8822 17645 577812786
8823 17646 964480676
8823 17647 16034465
8824 17648 355059702
8824 17649 816989495
8825 17650 429736965
8825 17651 627974455
8826 17652 499085557
8826 17653 823049899
8827 17654 686606711
8827 17655 494502272
8828 17656 884661503
8828 17657 742380674
8829 17658 843722496
8829 17659 351337159
8830 17660 153698683
8830 17661 679210454
8831 17662 92532582
8831 17663 280460202
8832 17664 300871384
8832 17665 790604945
8833 17666 768045511
8833 17667 109400073
8834 17668 886321102
8834 17669 854049546
8835 17670 330257770
8835 17671 989697447
8836 17672 777155984
8836 17673 174070197
8837 17674 278579836
8837 17675 137747799
8838 17676 274178137
8838 17677 484337374
8839 17678 707996408
8839 17679 509485494
8840 17680 705466916
8840 17681 356425972
8841 17682 71597155
8841 17683 486473502
8842 17684 107898091
8842 17685 468496048
8843 17686 26173723
8843 17687 867838414
8844 17688 801995310
8844 17689 826755828
8845 17690 783852667
8845 17691 941438672
8846 17692 714463820
8846 17693 433015068
8847 17694 3339843
8847 17695 840550657
8848 17696 381278128
8848 17697 800363336
8849 17698 534321762
8849 17699 24000542
8850 17700 643338479
8850 17701 679958
8851 17702 7639158
8851 17703 58058173
8852 17704 897513812
8852 17705 398032897
8853 17706 946319721
8853 17707 993478184
8854 17708 548979949
8854 17709 564329504
8855 17710 409562634
8855 17711 370984184
8856 17712 404447890
8856 17713 759222089
8857 17714 575359645
8857 17715 601319179
8858 17716 647015029
8858 17717 770931211
8859 17718 585808790
8859 17719 88838472
8860 17720 68677320
8860 17721 881161749
8861 17722 730271476
8861 17723 498168371
8862 17724 556322671
8862 17725 58858361
8863 17726 598208630
8863 17727 233349852
8864 17728 771553325
8864 17729 734198652
8865 17730 293239715
8865 17731 363593799
8866 17732 823412323
8866 17733 785651345
8867 17734 756541944
8867 17735 19590121
8868 17736 192392490
8868 17737 185633637
8869 17738 346059111
8869 17739 291220206
8870 17740 308626734
8870 17741 249236779
8871 17742 623321636
8871 17743 638975693
8872 17744 999100975
8872 17745 91577202
8873 17746 20968323
8873 17747 170692086
8874 17748 50042582
8874 17749 748911383
8875 17750 982553490
8875 17751 774472601
8876 17752 951095706
8876 17753 758732029
8877 17754 87581601
8877 17755 564368440
8878 17756 111605339
8878 17757 699805377
8879 17758 634060341
8879 17759 278715580
8880 17760 494946822
8880 17761 62621183
8881 17762 179878566
8881 17763 56123572
8882 17764 995083890
8882 17765 253850606
8883 17766 174122996
8883 17767 992801485
8884 17768 75287765
8884 17769 838821427
8885 17770 171701710
8885 17771 13129669
8886 17772 973069505
8886 17773 165108829
8887 17774 532141356
8887 17775 559029415
8888 17776 840864874
8888 17777 321710045
8889 17778 518041396
8889 17779 904601322
8890 17780 821775031
8890 17781 744167653
8891 17782 661397313
8891 17783 958140370
8892 17784 997928692
8892 17785 119937890
8893 17786 680676190
8893 17787 977139883
8894 17788 802598961
8894 17789 774178096
8895 17790 950302869
8895 17791 156919070
8896 17792 60427792
8896 17793 675289704
8897 17794 593682615
8897 17795 681566291
8898 17796 176260266
8898 17797 711722617
8899 17798 233475144
8899 17799 89152240
8900 17800 286622135
8900 17801 149502892
8901 17802 169634158
8901 17803 111178276
8902 17804 607614841
8902 17805 426834954
8903 17806 348140756
8903 17807 971955180
8904 17808 957565098
8904 17809 745900693
8905 17810 855232940
8905 17811 489052065
8906 17812 158621346
8906 17813 196246037
8907 17814 349900788
8907 17815 46100151
8908 17816 517652960
8908 17817 954163001
8909 17818 745750849
8909 17819 172126380
8910 17820 84181238
8910 17821 797934844
8911 17822 102259353
8911 17823 435233287
8912 17824 421885711
8912 17825 440460276
8913 17826 627030237
8913 17827 807562517
8914 17828 246775963
8914 17829 26274963
8915 17830 865947125
8915 17831 615955107
8916 17832 903711599
8916 17833 426929772
8917 17834 820868872
8917 17835 990613783
8918 17836 723840733
8918 17837 111215266
8919 17838 962187917
8919 17839 147829643
8920 17840 366551535
8920 17841 788038239
8921 17842 2618347
8921 17843 265815039
8922 17844 851529933
8922 17845 243319501
8923 17846 960656934
8923 17847 52827197
8924 17848 968819029
8924 17849 675295404
8925 17850 197764294
8925 17851 818490698
8926 17852 904931386
8926 17853 505907789
8927 17854 696193196
8927 17855 984654107
8928 17856 930482552
8928 17857 850960972
8929 17858 573012163
8929 17859 2756845
8930 17860 440740023
8930 17861 796472327
8931 17862 346453587
8931 17863 479442794
8932 17864 338241
8932 17865 812464617
8933 17866 865220543
8933 17867 262187250
8934 17868 777711414
8934 17869 751339762
8935 17870 467357069
8935 17871 352712043
8936 17872 170198740
8936 17873 670638136
8937 17874 522592887
8937 17875 305662307
8938 17876 122677956
8938 17877 748406423
8939 17878 280158830
8939 17879 834816402
8940 17880 795856946
8940 17881 196413682
8941 17882 172753676
8941 17883 600865146
8942 17884 649647858
8942 17885 715950068
8943 17886 917963157
8943 17887 108428095
8944 17888 161387829
8944 17889 794257664
8945 17890 582639870
8945 17891 106575584
8946 17892 59100409
8946 17893 75335318
8947 17894 163335932
8947 17895 312417847
8948 17896 695126047
8948 17897 547217114
8949 17898 331414090
8949 17899 599546361
8950 17900 844034793
8950 17901 150801899
8951 17902 712966225
8951 17903 739692084
8952 17904 468756669
8952 17905 292681520
8953 17906 914484091
8953 17907 572028854
8954 17908 821566715
8954 17909 341256968
8955 17910 548349355
8955 17911 16118777
8956 17912 403495005
8956 17913 198369314
8957 17914 789965799
8957 17915 904878978
8958 17916 868407288
8958 17917 792023327
8959 17918 860685061
8959 17919 36376318
8960 17920 767088495
8960 17921 722046061
8961 17922 361862113
8961 17923 401037496
8962 17924 237519973
8962 17925 781597406
8963 17926 418822973
8963 17927 779842421
8964 17928 474019060
8964 17929 633357461
8965 17930 541809848
8965 17931 550737793
8966 17932 123409384
8966 17933 676509358
8967 17934 82726479
8967 17935 412988340
8968 17936 109184057
8968 17937 312407861
8969 17938 814761184
8969 17939 178190781
8970 17940 436742077
8970 17941 788211579
8971 17942 909335351
8971 17943 869879150
8972 17944 582065172
8972 17945 70483764
8973 17946 863270715
8973 17947 330865053
8974 17948 216940842
8974 17949 676978331
8975 17950 9583245
8975 17951 232155786
8976 17952 18810974
8976 17953 281905139
8977 17954 195792299
8977 17955 613762639
8978 17956 842400555
8978 17957 526976882
8979 17958 584303185
8979 17959 842464907
8980 17960 934399572
8980 17961 337201408
8981 17962 781637225
8981 17963 864346533
8982 17964 126449041
8982 17965 313935215
8983 17966 212513828
8983 17967 282064714
8984 17968 217820586
8984 17969 293600588
8985 17970 630532775
8985 17971 779689152
8986 17972 975468632
8986 17973 184317715
8987 17974 736785118
8987 17975 653550764
8988 17976 945086288
8988 17977 408542441
8989 17978 570358957
8989 17979 854031692
8990 17980 731101607
8990 17981 81512570
8991 17982 800727848
8991 17983 206254608
8992 17984 446483283
8992 17985 627821365
8993 17986 11800020
8993 17987 463192343
8994 17988 440850215
8994 17989 221741606
8995 17990 968534859
8995 17991 783583463
8996 17992 962184127
8996 17993 728911949
8997 17994 316398104
8997 17995 680127182
8998 17996 85585880
8998 17997 285599056
8999 17998 932615869
8999 17999 49798312
9000 18000 659504141
9000 18001 805176662
9001 18002 851915202
9001 18003 855752087
9002 18004 169797303
9002 18005 478537037
9003 18006 508391037
9003 18007 540238695
9004 18008 423805201
9004 18009 557945145
9005 18010 565116564
9005 18011 687941937
9006 18012 486809550
9006 18013 648082839
9007 18014 338941754
9007 18015 335690654
9008 18016 747737583
9008 18017 244820925
9009 18018 399294413
9009 18019 947484684
9010 18020 670201183
9010 18021 293313461
9011 18022 564624152
9011 18023 32072052
9012 18024 748626188
9012 18025 865668857
9013 18026 19310405
9013 18027 558639903
9014 18028 549460056
9014 18029 640841630
9015 18030 512826089
9015 18031 610150774
9016 18032 838947264
9016 18033 470412432
9017 18034 99653370
9017 18035 977290512
9018 18036 760107206
9018 18037 419044829
9019 18038 68102403
9019 18039 109384389
9020 18040 290246641
9020 18041 621453963
9021 18042 335276752
9021 18043 159957414
9022 18044 336943236
9022 18045 837747412
9023 18046 473047375
9023 18047 757771927
9024 18048 72240386
9024 18049 436922413
9025 18050 839323543
9025 18051 930126065
9026 18052 467596194
9026 18053 159521605
9027 18054 913146851
9027 18055 859406957
9028 18056 505148821
9028 18057 977490371
9029 18058 807727284
9029 18059 183939261
9030 18060 416551798
9030 18061 161908984
9031 18062 249866102
9031 18063 721617293
9032 18064 568401842
9032 18065 750544194
9033 18066 188403874
9033 18067 960147599
9034 18068 367565289
9034 18069 619053439
9035 18070 634477517
9035 18071 710162270
9036 18072 288500763
9036 18073 314142367
9037 18074 515804858
9037 18075 668884075
9038 18076 147254303
9038 18077 51250640
9039 18078 384552948
9039 18079 515344960
9040 18080 158642859
9040 18081 417031217
9041 18082 907995097
9041 18083 203382003
9042 18084 917811237
9042 18085 270015800
9043 18086 772703484
9043 18087 374220580
9044 18088 821277868
9044 18089 437741633
9045 18090 788979146
9045 18091 422439798
9046 18092 75579513
9046 18093 773438808
9047 18094 632304856
9047 18095 804086906
9048 18096 404735275
9048 18097 408934131
9049 18098 362887811
9049 18099 736169549
9050 18100 159887641
9050 18101 33646479
9051 18102 461376623
9051 18103 43827650
9052 18104 123974474
9052 18105 388022754
9053 18106 473757756
9053 18107 204991420
9054 18108 191875240
9054 18109 834241061
9055 18110 895681110
9055 18111 807761565
9056 18112 307973044
9056 18113 440575763
9057 18114 930855160
9057 18115 566168688
9058 18116 690473452
9058 18117 399881630
9059 18118 589230044
9059 18119 427642139
9060 18120 616296952
9060 18121 122424482
9061 18122 803123940
9061 18123 757801422
9062 18124 958689537
9062 18125 94817356
9063 18126 720520255
9063 18127 679296170
9064 18128 857338009
9064 18129 653177919
9065 18130 951809526
9065 18131 93589568
9066 18132 604999046
9066 18133 506943723
9067 18134 481319395
9067 18135 961386374
9068 18136 447505935
9068 18137 221610640
9069 18138 243803117
9069 18139 922781733
9070 18140 17545680
9070 18141 305768948
9071 18142 308436667
9071 18143 269209843
9072 18144 449548688
9072 18145 30218194
9073 18146 164904755
9073 18147 251102742
9074 18148 588223034
9074 18149 654813297
9075 18150 345611446
9075 18151 264559622
9076 18152 414138179
9076 18153 700926727
9077 18154 74398811
9077 18155 788198835
9078 18156 988640697
9078 18157 782549998
9079 18158 119104129
9079 18159 186026870
9080 18160 425954907
9080 18161 407589857
9081 18162 89137757
9081 18163 630403548
9082 18164 380957129
9082 18165 714248138
9083 18166 557731045
9083 18167 176282515
9084 18168 627594384
9084 18169 557151294
9085 18170 115253584
9085 18171 726417543
9086 18172 613707819
9086 18173 463518855
9087 18174 991112100
9087 18175 399873213
9088 18176 564921387
9088 18177 264853853
9089 18178 332433131
9089 18179 916095128
9090 18180 623530840
9090 18181 795796294
9091 18182 253518516
9091 18183 567861681
9092 18184 864236760
9092 18185 652594817
9093 18186 430107943
9093 18187 927209665
9094 18188 85474278
9094 18189 714922126
9095 18190 317417100
9095 18191 946096364
9096 18192 911730914
9096 18193 781460117
9097 18194 756929177
9097 18195 394072534
9098 18196 634450923
9098 18197 281735082
9099 18198 903783414
9099 18199 62197040
9100 18200 229763333
9100 18201 99940290
9101 18202 9256013
9101 18203 878471567
9102 18204 86845110
9102 18205 331140688
9103 18206 718949562
9103 18207 439729585
9104 18208 525213266
9104 18209 151210386
9105 18210 723321767
9105 18211 785507897
9106 18212 793263091
9106 18213 365473648
9107 18214 99877882
9107 18215 9686384
9108 18216 780737106
9108 18217 596358254
9109 18218 140543591
9109 18219 986473509
9110 18220 378923460
9110 18221 825082842
9111 18222 440287249
9111 18223 229104692
9112 18224 964279761
9112 18225 917235711
9113 18226 29133684
9113 18227 349155552
9114 18228 209258977
9114 18229 178320178
9115 18230 709512650
9115 18231 818393868
9116 18232 971249490
9116 18233 491345374
9117 18234 419042319
9117 18235 123574909
9118 18236 459015951
9118 18237 245150744
9119 18238 971754061
9119 18239 945573317
9120 18240 17026285
9120 18241 719943361
9121 18242 382758362
9121 18243 186626210
9122 18244 310017050
9122 18245 292916316
9123 18246 288847910
9123 18247 621144220
9124 18248 913125651
9124 18249 632158648
9125 18250 620391450
9125 18251 86132718
9126 18252 847678395
9126 18253 347977063
9127 18254 617894898
9127 18255 641716477
9128 18256 542955099
9128 18257 696824916
9129 18258 513939534
9129 18259 682243625
9130 18260 988650717
9130 18261 954832435
9131 18262 80262277
9131 18263 648811731
9132 18264 373225588
9132 18265 170976745
9133 18266 73653879
9133 18267 14069631
9134 18268 252633047
9134 18269 796163295
9135 18270 355495600
9135 18271 125950896
9136 18272 223728320
9136 18273 556927417
9137 18274 53450487
9137 18275 568976692
9138 18276 93015265
9138 18277 742632922
9139 18278 667498156
9139 18279 51503073
9140 18280 648912813
9140 18281 644264683
9141 18282 726733663
9141 18283 176332885
9142 18284 323339488
9142 18285 520847745
9143 18286 964608998
9143 18287 661925008
9144 18288 892303830
9144 18289 904174200
9145 18290 448032314
9145 18291 239604757
9146 18292 56823508
9146 18293 761050467
9147 18294 412054743
9147 18295 805812539
9148 18296 384647160
9148 18297 293360722
9149 18298 861752381
9149 18299 730997006
9150 18300 7268817
9150 18301 514225464
9151 18302 654750280
9151 18303 5577904
9152 18304 448503578
9152 18305 299680099
9153 18306 23197668
9153 18307 829697612
9154 18308 330129392
9154 18309 307272655
9155 18310 358410597
9155 18311 540054750
9156 18312 346055823
9156 18313 394942583
9157 18314 763216130
9157 18315 206560871
9158 18316 566770781
9158 18317 9531652
9159 18318 625974427
9159 18319 366909998
9160 18320 544968671
9160 18321 704668174
9161 18322 845402589
9161 18323 551412651
9162 18324 306934038
9162 18325 877098928
9163 18326 66889138
9163 18327 24871697
9164 18328 15532486
9164 18329 589187883
9165 18330 295263656
9165 18331 579116635
9166 18332 712008954
9166 18333 989340300
9167 18334 926160945
9167 18335 320254616
9168 18336 279013130
9168 18337 516386009
9169 18338 750237975
9169 18339 914879278
9170 18340 947539787
9170 18341 534435246
9171 18342 704059582
9171 18343 973396826
9172 18344 368270882
9172 18345 925167269
9173 18346 645242679
9173 18347 169304631
9174 18348 988092298
9174 18349 553764825
9175 18350 499448606
9175 18351 604627004
9176 18352 833185486
9176 18353 645271170
9177 18354 819237356
9177 18355 325044110
9178 18356 22276852
9178 18357 744901296
9179 18358 8749367
9179 18359 506046672
9180 18360 580243130
9180 18361 927736572
9181 18362 54446998
9181 18363 279498385
9182 18364 971152095
9182 18365 98579373
9183 18366 492867087
9183 18367 719010622
9184 18368 511268324
9184 18369 384277507
9185 18370 629178478
9185 18371 798716994
9186 18372 933717961
9186 18373 270534734
9187 18374 277671514
9187 18375 835462787
9188 18376 133897616
9188 18377 603762570
9189 18378 457524729
9189 18379 857085529
9190 18380 781107230
9190 18381 562352697
9191 18382 957527821
9191 18383 10893837
9192 18384 651560970
9192 18385 396915832
9193 18386 153716422
9193 18387 519099625
9194 18388 204057620
9194 18389 279425493
9195 18390 374762645
9195 18391 416349435
9196 18392 99276353
9196 18393 946789292
9197 18394 813145768
9197 18395 982945351
9198 18396 297001758
9198 18397 676194549
9199 18398 128433129
9199 18399 504858282
9200 18400 586708380
9200 18401 33117387
9201 18402 855001835
9201 18403 281157700
9202 18404 247544070
9202 18405 591835533
9203 18406 265859555
9203 18407 85349139
9204 18408 264525872
9204 18409 360629144
9205 18410 39314699
9205 18411 988226801
9206 18412 861650664
9206 18413 100233315
9207 18414 454411073
9207 18415 357286144
9208 18416 496481663
9208 18417 492973482
9209 18418 180975848
9209 18419 607197627
9210 18420 992380318
9210 18421 427696178
9211 18422 959653349
9211 18423 500888110
9212 18424 772040970
9212 18425 713870863
9213 18426 859923448
9213 18427 469077806
9214 18428 559549526
9214 18429 596810331
9215 18430 239253187
9215 18431 969377804
9216 18432 623862823
9216 18433 190258897
9217 18434 688031639
9217 18435 696410657
9218 18436 896941266
9218 18437 483547519
9219 18438 30253043
9219 18439 995367860
9220 18440 447840544
9220 18441 693931714
9221 18442 239121249
9221 18443 466404369
9222 18444 42919687
9222 18445 501778971
9223 18446 795633292
9223 18447 56826073
9224 18448 930570791
9224 18449 573491246
9225 18450 790734479
9225 18451 525534992
9226 18452 458434271
9226 18453 622600336
9227 18454 681192327
9227 18455 950408776
9228 18456 650430038
9228 18457 658965000
9229 18458 132103782
9229 18459 543367191
9230 18460 813482996
9230 18461 514814478
9231 18462 950052781
9231 18463 251164968
9232 18464 494869770
9232 18465 385721912
9233 18466 743357187
9233 18467 584951091
9234 18468 598287972
9234 18469 281136579
9235 18470 796469040
9235 18471 431815793
9236 18472 693885079
9236 18473 64162706
9237 18474 770991340
9237 18475 257204459
9238 18476 50101242
9238 18477 342091169
9239 18478 378796427
9239 18479 755829749
9240 18480 484307539
9240 18481 925232221
9241 18482 25667225
9241 18483 306912844
9242 18484 415859483
9242 18485 652180036
9243 18486 60606459
9243 18487 483350697
9244 18488 768675041
9244 18489 589654694
9245 18490 567336545
9245 18491 4274111
9246 18492 355049124
9246 18493 902130107
9247 18494 47680671
9247 18495 129960422
9248 18496 325418254
9248 18497 22277682
9249 18498 678454458
9249 18499 977190672
9250 18500 739067797
9250 18501 217309167
9251 18502 678939325
9251 18503 342378552
9252 18504 296370411
9252 18505 74187656
9253 18506 63598426
9253 18507 106104447
9254 18508 168471613
9254 18509 319250069
9255 18510 891577781
9255 18511 52858546
9256 18512 299729352
9256 18513 7618771
9257 18514 999329881
9257 18515 6696669
9258 18516 571798195
9258 18517 862409559
9259 18518 719911765
9259 18519 947403155
9260 18520 867820191
9260 18521 781465556
9261 18522 726606218
9261 18523 29981228
9262 18524 766290375
9262 18525 358257591
9263 18526 225497486
9263 18527 202526505
9264 18528 352956501
9264 18529 937209713
9265 18530 888619040
9265 18531 33627432
9266 18532 28701899
9266 18533 705455301
9267 18534 684857417
9267 18535 708529287
9268 18536 416363174
9268 18537 824214210
9269 18538 424562957
9269 18539 423734346
9270 18540 628451793
9270 18541 72526199
9271 18542 42839729
9271 18543 54733137
9272 18544 345839703
9272 18545 639274934
9273 18546 114284240
9273 18547 554176562
9274 18548 143562752
9274 18549 701947573
9275 18550 374328957
9275 18551 809325029
9276 18552 188907281
9276 18553 718732707
9277 18554 256341805
9277 18555 752115090
9278 18556 675246640
9278 18557 454239358
9279 18558 221817539
9279 18559 283874846
9280 18560 719742742
9280 18561 848811530
9281 18562 958439076
9281 18563 865019682
9282 18564 621097042
9282 18565 882905923
9283 18566 575110037
9283 18567 588089266
9284 18568 468392648
9284 18569 180327791
9285 18570 77097551
9285 18571 289352427
9286 18572 813304957
9286 18573 544247463
9287 18574 738376796
9287 18575 220724842
9288 18576 738424864
9288 18577 726219360
9289 18578 15340340
9289 18579 170553810
9290 18580 606002362
9290 18581 571480263
9291 18582 492848056
9291 18583 562676337
9292 18584 794343213
9292 18585 687794359
9293 18586 192000409
9293 18587 703644234
9294 18588 364685218
9294 18589 728762784
9295 18590 576934979
9295 18591 472834183
9296 18592 563920707
9296 18593 23716397
9297 18594 119085287
9297 18595 50280876
9298 18596 983545712
9298 18597 309788289
9299 18598 368790702
9299 18599 404302126
9300 18600 532865218
9300 18601 323901321
9301 18602 117079839
9301 18603 73079744
9302 18604 71542364
9302 18605 335631611
9303 18606 791447014
9303 18607 676011640
9304 18608 822872659
9304 18609 104565833
9305 18610 769825171
9305 18611 159981894
9306 18612 220647347
9306 18613 615808226
9307 18614 795173638
9307 18615 505282287
9308 18616 591660567
9308 18617 584163784
9309 18618 17724085
9309 18619 501119412
9310 18620 424718257
9310 18621 559495563
9311 18622 608879595
9311 18623 111592618
9312 18624 160274975
9312 18625 9213405
9313 18626 151707695
9313 18627 596333318
9314 18628 406166724
9314 18629 254620823
9315 18630 194439373
9315 18631 378175220
9316 18632 623445006
9316 18633 895764523
9317 18634 653792662
9317 18635 7512316
9318 18636 226537120
9318 18637 761550913
9319 18638 383954443
9319 18639 403245886
9320 18640 422967601
9320 18641 632784605
9321 18642 822164958
9321 18643 750689530
9322 18644 88309421
9322 18645 278007876
9323 18646 324237599
9323 18647 903766295
9324 18648 170291322
9324 18649 2832889
9325 18650 581238955
9325 18651 661385272
9326 18652 759832897
9326 18653 352999554
9327 18654 971460675
9327 18655 121840590
9328 18656 897711085
9328 18657 129157503
9329 18658 135580205
9329 18659 197913685
9330 18660 988168590
9330 18661 865801349
9331 18662 255068580
9331 18663 265111209
9332 18664 440103235
9332 18665 527412460
9333 18666 760150358
9333 18667 371820484
9334 18668 985472214
9334 18669 636582433
9335 18670 649176202
9335 18671 970440935
9336 18672 635635056
9336 18673 534236116
9337 18674 58970428
9337 18675 477227293
9338 18676 824766829
9338 18677 25811201
9339 18678 965714788
9339 18679 516513478
9340 18680 959369080
9340 18681 981030033
9341 18682 668700908
9341 18683 621919024
9342 18684 345287148
9342 18685 341790453
9343 18686 653422342
9343 18687 997909038
9344 18688 669262407
9344 18689 589186015
9345 18690 802165316
9345 18691 602407654
9346 18692 748788008
9346 18693 195314200
9347 18694 354805429
9347 18695 378693088
9348 18696 178383205
9348 18697 368301835
9349 18698 114021955
9349 18699 505915404
9350 18700 687351459
9350 18701 826411377
9351 18702 342921983
9351 18703 999291707
9352 18704 260843231
9352 18705 628150072
9353 18706 966170492
9353 18707 775973431
9354 18708 5839537
9354 18709 501618742
9355 18710 706622851
9355 18711 429255278
9356 18712 556774841
9356 18713 711990243
9357 18714 930302181
9357 18715 762726209
9358 18716 70621345
9358 18717 832531988
9359 18718 592231955
9359 18719 206460523
9360 18720 737538687
9360 18721 407743201
9361 18722 242652623
9361 18723 505255649
9362 18724 516466897
9362 18725 44840660
9363 18726 72959648
9363 18727 651565333
9364 18728 256081588
9364 18729 812954268
9365 18730 108628598
9365 18731 56406027
9366 18732 867209439
9366 18733 850218899
9367 18734 24188746
9367 18735 567834456
9368 18736 897158586
9368 18737 32304684
9369 18738 932511959
9369 18739 20639989
9370 18740 911994409
9370 18741 847880202
9371 18742 320596619
9371 18743 841165573
9372 18744 138492476
9372 18745 617021320
9373 18746 495567927
9373 18747 741986093
9374 18748 321934681
9374 18749 626477408
9375 18750 593066650
9375 18751 751300626
9376 18752 312722753
9376 18753 741033378
9377 18754 191060809
9377 18755 970225673
9378 18756 59914308
9378 18757 865869207
9379 18758 528008649
9379 18759 997270896
9380 18760 780808959
9380 18761 685698791
9381 18762 797039078
9381 18763 482990382
9382 18764 745389512
9382 18765 55422143
9383 18766 678686403
9383 18767 391311062
9384 18768 347898642
9384 18769 640054096
9385 18770 545628271
9385 18771 434131644
9386 18772 416802656
9386 18773 90873298
9387 18774 776331070
9387 18775 916101508
9388 18776 721349570
9388 18777 111321881
9389 18778 227483082
9389 18779 716451732
9390 18780 478357813
9390 18781 368173528
9391 18782 691030003
9391 18783 271981546
9392 18784 725201477
9392 18785 478656034
9393 18786 31571196
9393 18787 954952933
9394 18788 910171234
9394 18789 460317043
9395 18790 593815832
9395 18791 738308792
9396 18792 187568787
9396 18793 456238193
9397 18794 489073953
9397 18795 373763
9398 18796 149109859
9398 18797 255849151
9399 18798 468381877
9399 18799 985121461
9400 18800 716011118
9400 18801 742347278
9401 18802 819412605
9401 18803 225016961
9402 18804 132410465
9402 18805 44416333
9403 18806 117852587
9403 18807 233057279
9404 18808 397899595
9404 18809 204221607
9405 18810 383935152
9405 18811 467835499
9406 18812 853675115
9406 18813 748355681
9407 18814 74682664
9407 18815 202311297
9408 18816 502409497
9408 18817 999550703
9409 18818 674903877
9409 18819 197741581
9410 18820 966914481
9410 18821 805594672
9411 18822 389340814
9411 18823 539457597
9412 18824 970101105
9412 18825 564250238
9413 18826 724413678
9413 18827 582256666
9414 18828 954661870
9414 18829 4831005
9415 18830 822292867
9415 18831 307597362
9416 18832 404783968
9416 18833 886379682
9417 18834 33024444
9417 18835 919936462
9418 18836 28941049
9418 18837 611784834
9419 18838 989339861
9419 18839 458954171
9420 18840 825802491
9420 18841 507396220
9421 18842 28074936
9421 18843 513362534
9422 18844 746458204
9422 18845 25250654
9423 18846 410461064
9423 18847 823479234
9424 18848 481995090
9424 18849 712348157
9425 18850 357725537
9425 18851 76131750
9426 18852 213343367
9426 18853 100421841
9427 18854 508636880
9427 18855 654853354
9428 18856 227672620
9428 18857 368578491
9429 18858 826418234
9429 18859 175141163
9430 18860 93206730
9430 18861 717420224
9431 18862 535917536
9431 18863 241878072
9432 18864 296621553
9432 18865 526308650
9433 18866 675705907
9433 18867 857763100
9434 18868 703235236
9434 18869 321319872
9435 18870 638306938
9435 18871 553078336
9436 18872 265176150
9436 18873 243920086
9437 18874 692752351
9437 18875 859182756
9438 18876 875744496
9438 18877 330324464
9439 18878 678790992
9439 18879 941555910
9440 18880 891707578
9440 18881 232081883
9441 18882 367326704
9441 18883 365803689
9442 18884 791460777
9442 18885 745234385
9443 18886 170005628
9443 18887 295293937
9444 18888 448178575
9444 18889 42361025
9445 18890 164869852
9445 18891 398892173
9446 18892 388893775
9446 18893 183208968
9447 18894 809387483
9447 18895 605870802
9448 18896 921686712
9448 18897 193473420
9449 18898 94095571
9449 18899 986399398
9450 18900 327931344
9450 18901 507523427
9451 18902 622385206
9451 18903 891114501
9452 18904 413337245
9452 18905 440205660
9453 18906 748997710
9453 18907 746092851
9454 18908 715057459
9454 18909 706425212
9455 18910 919897503
9455 18911 269604158
9456 18912 421400695
9456 18913 862104808
9457 18914 8299474
9457 18915 382207745
9458 18916 886805835
9458 18917 477450090
9459 18918 477921656
9459 18919 342657536
9460 18920 619185986
9460 18921 479160917
9461 18922 871329145
9461 18923 139559032
9462 18924 466825126
9462 18925 228501397
9463 18926 135802237
9463 18927 808824091
9464 18928 638816652
9464 18929 788042371
9465 18930 330157428
9465 18931 232163626
9466 18932 273555992
9466 18933 297529921
9467 18934 617014208
9467 18935 899900417
9468 18936 921586278
9468 18937 889778114
9469 18938 38522339
9469 18939 469561865
9470 18940 622338314
9470 18941 44175353
9471 18942 446429446
9471 18943 131742126
9472 18944 959218685
9472 18945 729364464
9473 18946 83300841
9473 18947 990015812
9474 18948 849083124
9474 18949 960842819
9475 18950 744424566
9475 18951 743011820
9476 18952 790223505
9476 18953 966171373
9477 18954 186331141
9477 18955 607838497
9478 18956 486794714
9478 18957 145643657
9479 18958 542789588
9479 18959 613493183
9480 18960 165611114
9480 18961 548758299
9481 18962 568497077
9481 18963 123494127
9482 18964 258962040
9482 18965 26442343
9483 18966 950280668
9483 18967 176457943
9484 18968 389348327
9484 18969 960860064
9485 18970 812750641
9485 18971 162911659
9486 18972 849746914
9486 18973 136217058
9487 18974 951116690
9487 18975 837016990
9488 18976 192883959
9488 18977 306764028
9489 18978 394808475
9489 18979 331369666
9490 18980 764478698
9490 18981 445985760
9491 18982 301777060
9491 18983 218818411
9492 18984 535966185
9492 18985 795466512
9493 18986 264334124
9493 18987 434309321
9494 18988 228420666
9494 18989 914024005
9495 18990 402252017
9495 18991 932261646
9496 18992 553990479
9496 18993 255895605
9497 18994 487478716
9497 18995 149637861
9498 18996 863638863
9498 18997 501114507
9499 18998 698426060
9499 18999 251857962
9500 19000 708720589
9500 19001 32176158
9501 19002 565152506
9501 19003 166421664
9502 19004 878976651
9502 19005 624900382
9503 19006 863103211
9503 19007 32355444
9504 19008 97507323
9504 19009 164481082
9505 19010 738274200
9505 19011 859098285
9506 19012 322174060
9506 19013 933370940
9507 19014 641564605
9507 19015 532812223
9508 19016 880169896
9508 19017 803700615
9509 19018 121782468
9509 19019 913816545
9510 19020 730372377
9510 19021 227554109
9511 19022 637912213
9511 19023 218227777
9512 19024 330531327
9512 19025 276666242
9513 19026 488314983
9513 19027 702423378
9514 19028 180440005
9514 19029 272536331
9515 19030 991116424
9515 19031 48823079
9516 19032 879709637
9516 19033 304492138
9517 19034 766305008
9517 19035 201161049
9518 19036 610343988
9518 19037 470011725
9519 19038 94755731
9519 19039 961533089
9520 19040 384460282
9520 19041 88508334
9521 19042 631943711
9521 19043 197869797
9522 19044 150217946
9522 19045 577565051
9523 19046 440500340
9523 19047 549245030
9524 19048 102495114
9524 19049 147836161
9525 19050 904545020
9525 19051 307794006
9526 19052 785026288
9526 19053 557366842
9527 19054 151236409
9527 19055 221130038
9528 19056 193090799
9528 19057 428298406
9529 19058 473494886
9529 19059 346050595
9530 19060 283696321
9530 19061 232806309
9531 19062 395232820
9531 19063 438548417
9532 19064 899449693
9532 19065 975695714
9533 19066 283412911
9533 19067 508815444
9534 19068 770839170
9534 19069 739543298
9535 19070 472586951
9535 19071 113981143
9536 19072 348778499
9536 19073 148601637
9537 19074 450945679
9537 19075 887683015
9538 19076 28241676
9538 19077 40366522
9539 19078 521749906
9539 19079 736105091
9540 19080 867350098
9540 19081 496279211
9541 19082 290356938
9541 19083 842176551
9542 19084 726872034
9542 19085 218195403
9543 19086 940788492
9543 19087 676420920
9544 19088 428206820
9544 19089 95611453
9545 19090 122348123
9545 19091 862684950
9546 19092 930682654
9546 19093 392862119
9547 19094 38453875
9547 19095 533577590
9548 19096 947315057
9548 19097 150640710
9549 19098 48630700
9549 19099 421267155
9550 19100 689216820
9550 19101 204027806
9551 19102 999269342
9551 19103 711245652
9552 19104 909061592
9552 19105 570262869
9553 19106 672494849
9553 19107 210406229
9554 19108 247623785
9554 19109 973700457
9555 19110 743671486
9555 19111 868659578
9556 19112 604404741
9556 19113 794529389
9557 19114 827546684
9557 19115 498900714
9558 19116 475847621
9558 19117 481366746
9559 19118 757760401
9559 19119 532632422
9560 19120 493701116
9560 19121 510231201
9561 19122 64147903
9561 19123 835890259
9562 19124 436211337
9562 19125 535928624
9563 19126 131745282
9563 19127 139678594
9564 19128 95290170
9564 19129 280845002
9565 19130 321959889
9565 19131 267133469
9566 19132 51205497
9566 19133 661827089
9567 19134 139464869
9567 19135 633399310
9568 19136 67387392
9568 19137 931701069
9569 19138 222276175
9569 19139 336953976
9570 19140 582250323
9570 19141 963000794
9571 19142 83564158
9571 19143 444797754
9572 19144 247572629
9572 19145 696702893
9573 19146 380337056
9573 19147 693040981
9574 19148 403166327
9574 19149 652893227
9575 19150 940431393
9575 19151 695104123
9576 19152 453675991
9576 19153 948613876
9577 19154 613700695
9577 19155 309118402
9578 19156 166460348
9578 19157 281379256
9579 19158 280984363
9579 19159 397050891
9580 19160 394713159
9580 19161 453087031
9581 19162 906711363
9581 19163 390555032
9582 19164 601871877
9582 19165 104218432
9583 19166 891106860
9583 19167 164356022
9584 19168 299720107
9584 19169 177169756
9585 19170 873821432
9585 19171 71236298
9586 19172 837332523
9586 19173 331147805
9587 19174 324497835
9587 19175 658415808
9588 19176 107596752
9588 19177 180308081
9589 19178 8762753
9589 19179 170315305
9590 19180 885910414
9590 19181 427591161
9591 19182 515587901
9591 19183 527972285
9592 19184 81277285
9592 19185 396913842
9593 19186 760015016
9593 19187 46467787
9594 19188 738350492
9594 19189 225740544
9595 19190 973346696
9595 19191 881336730
9596 19192 578314219
9596 19193 755234269
9597 19194 521431250
9597 19195 971746527
9598 19196 391604961
9598 19197 204753313
9599 19198 280847630
9599 19199 294294013
9600 19200 342825067
9600 19201 427598150
9601 19202 150095501
9601 19203 221521300
9602 19204 867545726
9602 19205 162073275
9603 19206 942147903
9603 19207 838961917
9604 19208 860615812
9604 19209 706181148
9605 19210 63850046
9605 19211 171502922
9606 19212 523870545
9606 19213 715388335
9607 19214 969019437
9607 19215 205337569
9608 19216 259092054
9608 19217 745811092
9609 19218 740359762
9609 19219 733868363
9610 19220 778203657
9610 19221 996757213
9611 19222 131886313
9611 19223 787013669
9612 19224 918931676
9612 19225 199486228
9613 19226 904500054
9613 19227 952501319
9614 19228 696044235
9614 19229 537334251
9615 19230 24161964
9615 19231 472696638
9616 19232 972402929
9616 19233 241807896
9617 19234 865593038
9617 19235 672015859
9618 19236 556827635
9618 19237 73299761
9619 19238 766767591
9619 19239 839140178
9620 19240 996633694
9620 19241 39715522
9621 19242 661967522
9621 19243 419973179
9622 19244 445421739
9622 19245 730961003
9623 19246 734452000
9623 19247 77654935
9624 19248 958609939
9624 19249 484632408
9625 19250 698623210
9625 19251 442470511
9626 19252 14289545
9626 19253 706242292
9627 19254 172684326
9627 19255 361143043
9628 19256 367557740
9628 19257 989480691
9629 19258 17532808
9629 19259 109285326
9630 19260 629557067
9630 19261 757236103
9631 19262 583734340
9631 19263 961022565
9632 19264 148949573
9632 19265 286745404
9633 19266 737648311
9633 19267 618478510
9634 19268 833591557
9634 19269 849948747
9635 19270 266610934
9635 19271 118916593
9636 19272 785741198
9636 19273 314994125
9637 19274 203941526
9637 19275 401240825
9638 19276 318976943
9638 19277 746439333
9639 19278 188081408
9639 19279 295057269
9640 19280 16654527
9640 19281 969232610
9641 19282 261127182
9641 19283 891197207
9642 19284 955490733
9642 19285 679454445
9643 19286 729016968
9643 19287 619051751
9644 19288 466393231
9644 19289 571086527
9645 19290 355459608
9645 19291 722788950
9646 19292 318763846
9646 19293 932347792
9647 19294 606056596
9647 19295 807682715
9648 19296 145637672
9648 19297 84319492
9649 19298 387391595
9649 19299 580670860
9650 19300 213295054
9650 19301 920360059
9651 19302 301292274
9651 19303 373840918
9652 19304 986511097
9652 19305 376701197
9653 19306 743015345
9653 19307 290627726
9654 19308 625657117
9654 19309 328744208
9655 19310 644688961
9655 19311 713223022
9656 19312 743629698
9656 19313 172067019
9657 19314 991387392
9657 19315 435446364
9658 19316 251461967
9658 19317 568339530
9659 19318 392598930
9659 19319 239880157
9660 19320 622819429
9660 19321 925134462
9661 19322 362150827
9661 19323 80924754
9662 19324 26630524
9662 19325 290291492
9663 19326 384277895
9663 19327 23941083
9664 19328 820710286
9664 19329 721687626
9665 19330 681588449
9665 19331 775531743
9666 19332 53655976
9666 19333 958684952
9667 19334 418370766
9667 19335 405105039
9668 19336 70578057
9668 19337 425495845
9669 19338 153780395
9669 19339 44558990
9670 19340 950952757
9670 19341 576795592
9671 19342 946871702
9671 19343 677943219
9672 19344 64873655
9672 19345 850826160
9673 19346 724425233
9673 19347 446825558
9674 19348 726481198
9674 19349 326446958
9675 19350 251232490
9675 19351 214765504
9676 19352 975399866
9676 19353 934076430
9677 19354 665372463
9677 19355 981692653
9678 19356 539635429
9678 19357 911401530
9679 19358 26944440
9679 19359 223403403
9680 19360 110443811
9680 19361 219070358
9681 19362 580312942
9681 19363 225145594
9682 19364 177825694
9682 19365 383537597
9683 19366 201979079
9683 19367 495063746
9684 19368 478262208
9684 19369 285735771
9685 19370 837911611
9685 19371 515573484
9686 19372 653341317
9686 19373 829027946
9687 19374 367149077
9687 19375 556765231
9688 19376 36699002
9688 19377 679960311
9689 19378 26322111
9689 19379 399034523
9690 19380 976054517
9690 19381 649911128
9691 19382 705562244
9691 19383 442070310
9692 19384 385261136
9692 19385 75336410
9693 19386 58710393
9693 19387 609637142
9694 19388 927670572
9694 19389 790314658
9695 19390 848946687
9695 19391 177251505
9696 19392 468999518
9696 19393 635698440
9697 19394 357448624
9697 19395 995041116
9698 19396 947549417
9698 19397 102419947
9699 19398 219025989
9699 19399 203914027
9700 19400 807096280
9700 19401 501945559
9701 19402 841879309
9701 19403 691787141
9702 19404 66634425
9702 19405 977848252
9703 19406 231489051
9703 19407 282005059
9704 19408 279786533
9704 19409 816250625
9705 19410 210302940
9705 19411 9979565
9706 19412 383187641
9706 19413 916124772
9707 19414 616863704
9707 19415 302063638
9708 19416 663691932
9708 19417 748684380
9709 19418 457590249
9709 19419 319674273
9710 19420 790848996
9710 19421 541156961
9711 19422 857930723
9711 19423 792253600
9712 19424 363217689
9712 19425 312107568
9713 19426 866771208
9713 19427 877585954
9714 19428 373441070
9714 19429 810451109
9715 19430 233598013
9715 19431 625880390
9716 19432 11955323
9716 19433 546986591
9717 19434 992597547
9717 19435 767540896
9718 19436 725066805
9718 19437 3393649
9719 19438 670246823
9719 19439 23786756
9720 19440 825737813
9720 19441 324592460
9721 19442 427837388
9721 19443 147036914
9722 19444 121448916
9722 19445 666333094
9723 19446 244761595
9723 19447 844806161
9724 19448 705579164
9724 19449 246556116
9725 19450 669274048
9725 19451 196804779
9726 19452 180841515
9726 19453 743714243
9727 19454 8451245
9727 19455 776769927
9728 19456 723679340
9728 19457 575319475
9729 19458 24169315
9729 19459 982816548
9730 19460 531156052
9730 19461 475778762
9731 19462 560665299
9731 19463 548541681
9732 19464 462186672
9732 19465 659404863
9733 19466 974450670
9733 19467 605102952
9734 19468 336329434
9734 19469 791818952
9735 19470 765773622
9735 19471 919996376
9736 19472 252791724
9736 19473 639890994
9737 19474 991590021
9737 19475 675407915
9738 19476 142475356
9738 19477 345920253
9739 19478 491821920
9739 19479 896311349
9740 19480 663595094
9740 19481 207238596
9741 19482 841815510
9741 19483 490069669
9742 19484 994954640
9742 19485 530420765
9743 19486 301055375
9743 19487 409130324
9744 19488 656975412
9744 19489 140562415
9745 19490 322583848
9745 19491 535908419
9746 19492 382030429
9746 19493 44031839
9747 19494 268374000
9747 19495 405693364
9748 19496 865313297
9748 19497 294008854
9749 19498 629285950
9749 19499 477700236
9750 19500 735030786
9750 19501 311072751
9751 19502 78545118
9751 19503 556069047
9752 19504 449094897
9752 19505 487074788
9753 19506 855130472
9753 19507 655628715
9754 19508 68559850
9754 19509 727775967
9755 19510 441401356
9755 19511 896506250
9756 19512 200055854
9756 19513 499794786
9757 19514 635158480
9757 19515 721990473
9758 19516 755608683
9758 19517 402462091
9759 19518 329995878
9759 19519 38435902
9760 19520 441744190
9760 19521 726055818
9761 19522 384906113
9761 19523 27483539
9762 19524 315737105
9762 19525 185601691
9763 19526 820215676
9763 19527 767104429
9764 19528 717886319
9764 19529 411157369
9765 19530 639818718
9765 19531 631610605
9766 19532 957183156
9766 19533 307781054
9767 19534 575822959
9767 19535 28457107
9768 19536 679046360
9768 19537 146047143
9769 19538 798484234
9769 19539 254459688
9770 19540 881236043
9770 19541 677503089
9771 19542 573418163
9771 19543 536306495
9772 19544 788587962
9772 19545 118406747
9773 19546 566362740
9773 19547 994835551
9774 19548 59476229
9774 19549 504393686
9775 19550 13099538
9775 19551 18013817
9776 19552 58717451
9776 19553 443903357
9777 19554 177447601
9777 19555 988578856
9778 19556 600314786
9778 19557 775478323
9779 19558 13077405
9779 19559 269964386
9780 19560 821717919
9780 19561 390844109
9781 19562 669392301
9781 19563 333623309
9782 19564 399106262
9782 19565 342548260
9783 19566 741472258
9783 19567 712343327
9784 19568 471545024
9784 19569 994668733
9785 19570 327834663
9785 19571 339696905
9786 19572 611858079
9786 19573 51542493
9787 19574 1208295
9787 19575 745841245
9788 19576 704455178
9788 19577 588021602
9789 19578 845984716
9789 19579 615893597
9790 19580 273124195
9790 19581 532274530
9791 19582 503106361
9791 19583 174494489
9792 19584 624230008
9792 19585 607550880
9793 19586 489186908
9793 19587 492734337
9794 19588 825664443
9794 19589 342922514
9795 19590 8707277
9795 19591 443003537
9796 19592 936736303
9796 19593 360877912
9797 19594 992975284
9797 19595 925638538
9798 19596 85623380
9798 19597 582849603
9799 19598 224398475
9799 19599 888329852
9800 19600 35393604
9800 19601 524768000
9801 19602 139533390
9801 19603 864294561
9802 19604 822539580
9802 19605 577427659
9803 19606 779799216
9803 19607 206466828
9804 19608 720534208
9804 19609 565697645
9805 19610 822874230
9805 19611 735043220
9806 19612 407223384
9806 19613 20565785
9807 19614 49710977
9807 19615 461620849
9808 19616 35814438
9808 19617 447064339
9809 19618 716894254
9809 19619 239530201
9810 19620 439785463
9810 19621 897112568
9811 19622 419896330
9811 19623 746335395
9812 19624 211898468
9812 19625 741916169
9813 19626 693376278
9813 19627 418011409
9814 19628 250321856
9814 19629 131592913
9815 19630 879441349
9815 19631 914281684
9816 19632 545695493
9816 19633 439481169
9817 19634 58472152
9817 19635 61222469
9818 19636 931300848
9818 19637 474699424
9819 19638 67207229
9819 19639 616719758
9820 19640 974353844
9820 19641 340719624
9821 19642 468956942
9821 19643 366066969
9822 19644 481523451
9822 19645 816067543
9823 19646 902792720
9823 19647 424077474
9824 19648 902725828
9824 19649 524926742
9825 19650 822938170
9825 19651 133553989
9826 19652 694050990
9826 19653 142207380
9827 19654 808989947
9827 19655 34505110
9828 19656 85213195
9828 19657 886135403
9829 19658 763205869
9829 19659 567796352
9830 19660 943781389
9830 19661 157403001
9831 19662 657724592
9831 19663 83370388
9832 19664 373000894
9832 19665 845490862
9833 19666 409179415
9833 19667 407288395
9834 19668 346957350
9834 19669 891050506
9835 19670 61046274
9835 19671 360566054
9836 19672 111785398
9836 19673 748312966
9837 19674 131136628
9837 19675 602508213
9838 19676 176392230
9838 19677 586365706
9839 19678 597923833
9839 19679 319588973
9840 19680 646006459
9840 19681 556544332
9841 19682 414969605
9841 19683 823276117
9842 19684 601907012
9842 19685 518664842
9843 19686 255708899
9843 19687 413645067
9844 19688 785275240
9844 19689 624403171
9845 19690 509354367
9845 19691 51859411
9846 19692 792845807
9846 19693 913685321
9847 19694 398645979
9847 19695 882219469
9848 19696 113877722
9848 19697 633202811
9849 19698 370335883
9849 19699 860403425
9850 19700 841405023
9850 19701 579231878
9851 19702 854764678
9851 19703 944185537
9852 19704 529301003
9852 19705 921331051
9853 19706 206245829
9853 19707 891836381
9854 19708 343992747
9854 19709 985065092
9855 19710 95368205
9855 19711 918983501
9856 19712 485438699
9856 19713 649669285
9857 19714 339117068
9857 19715 543912751
9858 19716 477520251
9858 19717 291953416
9859 19718 745324731
9859 19719 69216942
9860 19720 143366010
9860 19721 159331892
9861 19722 516263764
9861 19723 391839886
9862 19724 502010696
9862 19725 60155906
9863 19726 731207049
9863 19727 947783958
9864 19728 40878937
9864 19729 268225905
9865 19730 327568099
9865 19731 537463558
9866 19732 851389426
9866 19733 372197499
9867 19734 16646908
9867 19735 427219504
9868 19736 367106720
9868 19737 50817998
9869 19738 747863975
9869 19739 707577947
9870 19740 82078496
9870 19741 402211801
9871 19742 626234467
9871 19743 670952631
9872 19744 677785860
9872 19745 102245252
9873 19746 1608678
9873 19747 554931967
9874 19748 614812239
9874 19749 78382850
9875 19750 308448351
9875 19751 965246614
9876 19752 59140960
9876 19753 454224481
9877 19754 867009798
9877 19755 548140136
9878 19756 327800067
9878 19757 397032386
9879 19758 970408590
9879 19759 250481160
9880 19760 251805460
9880 19761 932027532
9881 19762 224568763
9881 19763 151223176
9882 19764 536647553
9882 19765 762869068
9883 19766 112603071
9883 19767 913796713
9884 19768 963468337
9884 19769 399097436
9885 19770 218709624
9885 19771 777684765
9886 19772 145397416
9886 19773 437441115
9887 19774 82910849
9887 19775 780342465
9888 19776 131653777
9888 19777 175971022
9889 19778 401238384
9889 19779 286540380
9890 19780 896308774
9890 19781 946101468
9891 19782 935978214
9891 19783 445638933
9892 19784 664828800
9892 19785 625329904
9893 19786 361780378
9893 19787 304447762
9894 19788 249719470
9894 19789 583766274
9895 19790 82283564
9895 19791 969809754
9896 19792 440778491
9896 19793 694350793
9897 19794 649453861
9897 19795 923634555
9898 19796 584488184
9898 19797 604353705
9899 19798 831827599
9899 19799 773747353
9900 19800 61243820
9900 19801 37473902
9901 19802 120282357
9901 19803 739144209
9902 19804 773435482
9902 19805 578278247
9903 19806 841131379
9903 19807 36653778
9904 19808 265858039
9904 19809 499836432
9905 19810 691776211
9905 19811 847355436
9906 19812 649754761
9906 19813 616476705
9907 19814 365124195
9907 19815 35539318
9908 19816 223127260
9908 19817 776947523
9909 19818 262836216
9909 19819 47171980
9910 19820 59302171
9910 19821 677241280
9911 19822 614810181
9911 19823 894664914
9912 19824 339230781
9912 19825 413110170
9913 19826 632299181
9913 19827 816010399
9914 19828 533686907
9914 19829 704037756
9915 19830 532311745
9915 19831 988436340
9916 19832 764142412
9916 19833 596217396
9917 19834 297288902
9917 19835 193799106
9918 19836 973267006
9918 19837 908554081
9919 19838 434557096
9919 19839 983141894
9920 19840 556360459
9920 19841 807516560
9921 19842 109778450
9921 19843 364581202
9922 19844 925444784
9922 19845 404428591
9923 19846 362587654
9923 19847 534887437
9924 19848 539916959
9924 19849 493374247
9925 19850 74751681
9925 19851 990391198
9926 19852 642095181
9926 19853 972776768
9927 19854 584317284
9927 19855 645381947
9928 19856 114372737
9928 19857 74287534
9929 19858 130810108
9929 19859 183759473
9930 19860 974296543
9930 19861 53596571
9931 19862 252117904
9931 19863 786895722
9932 19864 609288148
9932 19865 266343437
9933 19866 870102390
9933 19867 777021513
9934 19868 530215807
9934 19869 167548956
9935 19870 647020963
9935 19871 343738711
9936 19872 479250356
9936 19873 23408435
9937 19874 582196709
9937 19875 495541504
9938 19876 823646219
9938 19877 634525858
9939 19878 913238750
9939 19879 984276827
9940 19880 960875327
9940 19881 45097011
9941 19882 572289457
9941 19883 863241804
9942 19884 152661775
9942 19885 609580911
9943 19886 376858516
9943 19887 482698653
9944 19888 555498771
9944 19889 570199969
9945 19890 904936116
9945 19891 483523698
9946 19892 843355506
9946 19893 274488017
9947 19894 864015184
9947 19895 298383671
9948 19896 810881333
9948 19897 643955287
9949 19898 92207587
9949 19899 186437448
9950 19900 419553224
9950 19901 82219414
9951 19902 70049359
9951 19903 894897908
9952 19904 505340261
9952 19905 579035580
9953 19906 679587008
9953 19907 848717230
9954 19908 483157308
9954 19909 859551032
9955 19910 34587913
9955 19911 748021881
9956 19912 785308027
9956 19913 279020752
9957 19914 444637206
9957 19915 262842625
9958 19916 273327698
9958 19917 243007288
9959 19918 772834608
9959 19919 695418578
9960 19920 534421838
9960 19921 390323956
9961 19922 919045670
9961 19923 223907318
9962 19924 704283635
9962 19925 454969281
9963 19926 762891245
9963 19927 368379847
9964 19928 660974407
9964 19929 898723645
9965 19930 236054534
9965 19931 348296792
9966 19932 970192298
9966 19933 9544106
9967 19934 559315101
9967 19935 190359106
9968 19936 602569665
9968 19937 601140901
9969 19938 127908899
9969 19939 511406194
9970 19940 740485312
9970 19941 245965550
9971 19942 17644424
9971 19943 301256806
9972 19944 484667911
9972 19945 360640886
9973 19946 467744890
9973 19947 900517085
9974 19948 27846082
9974 19949 713801893
9975 19950 35676698
9975 19951 66614557
9976 19952 803159461
9976 19953 979505798
9977 19954 873435915
9977 19955 460524869
9978 19956 346381597
9978 19957 118941646
9979 19958 112984684
9979 19959 877811961
9980 19960 352407628
9980 19961 120069300
9981 19962 30943601
9981 19963 425195937
9982 19964 289404503
9982 19965 653014645
9983 19966 237521046
9983 19967 425029345
9984 19968 149053494
9984 19969 668067346
9985 19970 839727816
9985 19971 906049682
9986 19972 88137384
9986 19973 656821959
9987 19974 423812632
9987 19975 161394488
9988 19976 940160233
9988 19977 571705931
9989 19978 520145045
9989 19979 309612130
9990 19980 20616259
9990 19981 970871132
9991 19982 176692154
9991 19983 193629818
9992 19984 551410123
9992 19985 792546256
9993 19986 692234227
9993 19987 967574900
9994 19988 719290693
9994 19989 589887281
9995 19990 608948611
9995 19991 25575924
9996 19992 289909802
9996 19993 781759175
9997 19994 534512772
9997 19995 275586643
9998 19996 455881546
9998 19997 51176160
9999 19998 191388836
9999 19999 423076924
10000 20000 133519647
1 15026 666564110
1 12483 691251787
1 15135 395829047
1 14438 937088406
2 7310 7311
1 10798 174954826
2 16292 16186
1 11981 267587461
2 16428 16429
2 15380 12038
2 7398 7399
1 15257 750632069
2 3938 3939
2 9918 9919
2 16122 19223
1 14940 733736093
2 2890 4227
2 3194 11529
2 4249 4360
1 14076 648944237
2 7775 8912
2 14084 3633
1 16621 668151191
2 4634 4635
1 10373 355821965
1 13006 414096843
2 12354 12355
2 18240 18241
2 1784 1785
1 18064 726018201
1 17280 222003173
1 13210 473985914
2 4566 4567
1 18637 79841410
1 17503 74109417
1 14492 534458827
1 17135 314162279
1 18841 283516902
1 11903 852013029
2 15387 17368
2 6366 6367
1 11671 108550204
1 15734 630387205
2 11182 11183
2 2820 2821
2 625 7788
2 6474 6475
2 10779 10897
1 18800 823875938
2 18616 18617
1 18072 6541868
2 6488 6489
1 14091 644648721
2 10555 7429
2 19134 9825
1 12912 544111301
1 18284 72839053
2 19286 19287
1 19221 66045135
2 14303 9807
1 18076 303867269
1 17666 343259595
1 16068 981484091
2 3248 3249
2 15838 15839
2 13064 286
2 19934 19935
2 449 9355
1 14628 936834991
1 10985 87832987
2 13766 13767
2 2690 2691
1 11253 521143600
2 682 683
1 12279 640075903
1 12050 98931736
2 17013 11179
2 6410 6411
2 19154 13618
2 16016 19603
1 17812 274643370
1 17842 81699222
1 14794 610460200
1 14528 197077441
2 1792 1793
2 16686 16687
1 11250 68786703
2 16428 12522
2 13791 8839
2 6342 13304
2 728 729
2 6012 6013
1 17407 368338536
1 12576 413466001
1 16598 58569615
2 7511 15397
1 17624 712593159
2 5147 13154
2 7540 7541
2 14454 14455
1 17832 521003980
2 18738 18739
1 10365 608007496
2 18844 6154
1 18209 217583438
1 19347 916409334
2 12851 15419
2 18809 17123
2 5512 5513
2 13016 13017
1 13779 842944603
1 12002 996021276
1 14314 715023079
1 16666 644809850
1 14840 132573228
1 15927 361755237
2 918 919
2 14414 14415
2 17110 17111
2 15882 15883
2 13002 13003
1 10196 30602841
1 17844 575740823
1 16939 887850598
2 491 17002
1 17630 300932077
2 6522 6523
2 18085 10891
2 564 565
1 15943 147740244
1 13281 369926959
1 15743 223419632
2 4103 15602
1 11635 293277570
1 16662 75752259
2 15066 15067
2 13724 13725
1 19151 979612063
1 16832 852629449
1 13334 564568172
2 15025 16983
2 17016 16040
2 3954 3955
1 16845 667526428
2 11236 11237
1 12958 417446150
1 12034 479122711
2 12858 12859
2 16405 2118
2 18640 3854
2 14107 3791
1 13869 308569186
1 14599 55087082
1 18419 395639450
2 8098 8099
2 15988 10007
2 17446 17447
1 13739 453036044
2 7702 15959
1 13887 848867016
1 17797 790308438
2 18554 18555
2 18246 18247
2 1116 1117
1 16841 809015819
2 8066 3713
1 19205 681563163
2 16495 13106
2 18221 17886
1 18080 721676774
1 19767 279687947
1 13125 44153907
1 19969 872884331
2 17046 17047
1 12009 434387219
1 19283 854077843
2 3784 15774
2 132 133
1 18810 109121329
2 16440 12909
1 10692 736586918
1 11960 668103143
2 9608 9609
1 19094 662982216
1 12435 975941909
1 11636 816864400
1 13728 968994714
2 659 3802
1 17214 953033066
2 13938 13939
2 7916 7909
2 11314 5855
1 10223 956490691
1 18737 308301435
1 13999 87701171
2 6540 9700
2 8180 15570
1 12809 769613526
1 11010 992885993
1 10838 950655651
1 15798 45848946
2 9972 7088
1 13740 524549252
2 12821 205
2 5029 16864
2 18608 18609
1 15282 780499733
2 17727 3425
1 13212 205279926
2 7414 3540
2 16982 16983
2 7469 2116
1 12038 122827363
2 860 861
1 12206 270193870
1 16392 87167723
1 10677 394374969
1 19516 726466120
1 14827 16628708
1 10704 993885999
1 10829 500193378
2 18388 12071
2 4298 4299
1 18469 67974689
1 10723 303164097
2 1424 1425
2 14280 14281
1 18341 344680725
1 18911 429693462
1 17583 561448022
1 11114 999502883
1 16923 725630519
2 5521 1859
1 14983 202440148
1 16261 693365049
1 18813 993611678
1 16469 907481061
2 5466 4140
2 13462 5687
1 10661 516074329
1 19996 414589285
2 15544 15545
1 12434 761737865
2 12192 12193
2 4074 4075
2 10706 15683
2 10266 10267
1 13627 571725225
1 11697 443134574
1 18906 384315042
1 10861 313357513
1 12120 216657599
1 12181 465491629
1 15576 569684444
2 13766 13767
2 1916 1917
2 14934 14935
2 16328 11982
1 11001 821851160
1 19767 590634584
2 16116 16117
1 10983 85491177
2 17771 19089
1 17401 69642616
1 19194 455612290
2 11160 11161
1 13921 495025830
1 18808 342192144
2 14684 757
1 18091 33515921
1 16717 441874713
1 19948 758036089
1 17955 477471103
2 9148 9149
2 12854 5278
1 12925 908538175
2 5962 16636
2 1984 1985
1 16106 823912709
2 657 14467
2 15372 15373
1 13945 538707608
2 5012 13710
1 12063 141984394
1 18509 948263990
2 10272 3799
2 2890 2891
2 13534 8725
2 19830 19831
1 13352 392564849
1 15688 576977811
1 10626 225832399
2 16230 16231
1 12352 173920112
1 18835 360814421
1 18463 227281319
2 18314 389
2 4368 4369
2 10799 7667
2 1705 2645
1 16494 306528336
1 14564 521387870
2 9062 9063
2 164 165
2 10830 6118
1 12640 653908532
1 15621 222111966
2 16006 16007
1 12250 31473044
2 14210 14211
1 18111 648049978
2 13954 13955
2 17615 2770
1 19955 649541976
2 11132 11133
1 14152 725382155
1 10903 621922342
1 17168 295084263
2 17218 3477
1 18321 650968874
2 13177 13392
1 17041 195948540
1 18894 378016136
1 12088 317833977
1 14331 263716532
2 18406 18407
2 7409 19673
1 18421 644760352
2 16218 11929
2 15143 5229
1 18017 405506513
2 11975 15131
1 10311 66982998
2 14982 14983
2 1282 1283
2 8844 15939
1 18637 846306417
2 3532 3533
1 10825 173333783
1 13077 316186711
1 13929 238086876
1 13243 346554366
1 12463 670852128
2 12940 12941
2 13149 16840
1 11519 500740830
1 19927 334270933
2 11138 2949
1 13575 744845788
2 6681 7393
2 9738 15298
2 1766 1767
2 9602 9603
1 11051 650776420
1 17269 6365191
1 19165 726648740
2 2066 19374
2 8589 14671
2 10914 10915
2 13626 13627
1 15483 242255601
2 2008 2009
1 16729 725651808
2 16758 16759
2 16266 16267
2 18904 18905
1 19313 812254886
2 9889 12738
1 17877 276790493
2 4794 4795
2 3912 15019
2 5746 5747
1 18114 460023552
2 12898 12899
1 12174 372473230
2 480 481
2 5775 16708
1 17423 474259898
1 19220 411353849
2 12118 11841
2 8116 8117
1 17492 770531888
1 16177 852185474
2 10270 10271
2 10826 19809
2 14035 5768
2 12785 8755
2 14342 15721
2 934 935
1 11950 330142808
1 18584 185130894
2 8814 8815
2 10570 10571
2 12602 12603
1 12952 605024703
2 1762 3470
1 11886 897471233
2 8286 8434
1 13769 187485669
2 7711 17646
1 14977 528347215
1 19330 587081775
1 12565 942509713
1 11153 792230274
2 15522 15523
2 17904 15116
2 330 331
2 2906 2907
2 3558 3559
2 7658 7659
1 15794 296717888
2 4881 13499
1 13801 392115235
1 10201 305130484
1 10326 139206385
2 11280 10385
1 12101 722009972
2 839 18127
1 16467 780057984
2 7579 16798
1 14441 485759330
2 5775 6849
2 8858 10604
1 12064 888359989
2 15651 13584
1 17235 378184808
1 15199 445872646
1 10449 23971661
2 1903 10407
2 10304 16017
1 11436 466221963
1 16017 438468718
1 13473 120971198
1 11557 622847661
2 9934 9935
1 14648 969060305
1 16781 140450584
2 33 15687
1 14848 295377246
2 18005 18110
2 6976 6977
1 18901 826687278
1 19786 609925828
1 11022 206038254
2 8598 8599
2 3430 3431
1 11947 426755465
2 5036 18447
1 17385 956486491
2 6501 355
2 7128 7129
1 13830 162704003
2 6098 6099
2 9064 7524
1 19984 391233159
2 6186 6187
2 4331 1799
1 12938 720195632
1 12014 358677045
2 18521 10350
1 16001 992508912
1 14106 659413350
2 11441 15390
2 9904 1636
1 17497 136594847
2 8250 8251
1 17651 685585561
2 17420 17421
1 12206 347463101
1 19948 534308663
2 19890 4913
2 6768 6769
1 14097 243175899
1 15926 894316470
1 18385 936695733
2 16910 5013
2 6060 19630
2 16860 16861
2 1573 12292
1 14001 174363544
1 13739 53318247
2 15438 2920
2 7853 13634
1 10392 436011932
2 15594 15595
1 17048 773701549
2 19563 12347
1 14344 752017917
1 11188 739996464
1 11174 626157937
1 10072 270405287
1 15540 617561037
2 14678 14679
1 11695 918160561
1 10391 740412885
2 15642 15643
1 14778 858124777
2 1606 1607
2 16487 18839
2 17336 17337
2 17341 2044
1 14271 376375519
1 15563 473033042
2 4266 4267
2 16098 16099
1 14055 245030024
2 2446 2447
2 19233 18210
1 18844 573883368
1 12875 191413965
2 16479 17046
1 10916 339333803
1 16949 14896151
2 6651 12710
1 15059 197298802
2 14806 3792
1 17185 351066522
2 12668 2280
2 13812 4407
2 19235 10585
2 1730 1731
1 17978 215035636
1 13630 968915628
1 13031 157296719
1 11632 220911948
2 2722 16148
1 14396 359028076
2 9004 9005
2 16944 16945
2 19434 19435
1 17262 241350890
2 617 14164
2 8246 8247
2 9400 15135
2 8726 4734
2 2907 272
1 15860 96197290
2 18832 7230
1 19953 8508524
2 2807 9337
1 15507 264072542
1 16374 824462342
2 11750 11751
1 17660 197730092
2 5711 11828
1 19544 131906639
2 10212 10213
2 2901 7508
1 17879 15389258
1 11901 736431376
2 10748 10749
1 15433 32470947
2 11296 11297
2 6600 6601
2 18912 18913
2 10718 18685
2 14506 774
1 17436 520746275
1 17614 908015324
2 19009 1161
1 18792 41041742
1 16925 708975800
2 2902 7595
2 4176 4177
2 5755 4719
1 12989 877222016
2 19368 19885
1 11665 534746535
2 1410 1411
1 13061 457199878
2 19904 5296
2 7150 7151
1 10910 192539136
1 18993 392849602
2 756 757
1 16586 590673455
2 17838 14670
1 11351 203165510
1 17508 575587379
1 18083 983293916
1 11593 143907195
2 13548 13549
1 13593 476321220
1 16437 623314786
2 17518 17519
1 15637 196352251
1 10097 491943297
2 9499 7209
2 854 11927
2 188 189
1 13699 45329630
1 19848 860032036
2 7075 4310
1 12705 537374412
1 14055 584168229
2 3186 1834
2 2586 2587
1 14738 921081698
1 10622 113107011
2 19914 19915
2 3580 14897
2 10454 6277
2 12697 10268
1 17703 280445873
2 3202 8273
2 11177 12454
1 10766 716405458
1 13183 637711144
1 11215 516222858
1 16021 253289905
2 790 3771
1 16580 376422799
2 8396 8397
1 12599 437309655
2 17478 2457
1 18244 584878867
1 12982 94887910
2 2006 2007
2 4578 4579
2 7950 7951
2 15295 19858
2 654 655
1 15980 506821124
2 10923 10145
2 92 93
2 11202 11203
1 10913 363682310
2 11208 11209
1 18565 181867316
1 14962 556211064
1 15225 973569001
1 17836 219611105
2 12934 12935
2 16393 241
2 16968 16969
2 17736 5183
2 14984 14985
2 15917 4590
1 11912 141436268
2 347 3186
1 11849 873257944
2 12752 11571
2 16968 16969
2 16176 16177
2 12148 12149
1 17409 90776520
2 10128 10129
1 11678 586786742
1 14482 277266278
1 11313 16983204
2 11858 11859
2 13113 1131
2 8746 8747
1 16972 493095478
2 10566 10567
1 16101 511586250
2 18553 19531
1 10942 51388818
1 11458 293124068
1 10718 575337293
2 18739 11151
1 14054 31343723
1 10551 490507463
2 14728 14729
2 15938 7568
2 10916 10917
2 8325 7581
2 17318 17319
2 7349 9502
2 2992 2993
2 4236 4237
1 14999 552340928
1 15372 317255486
1 13440 925047283
1 18843 382652671
2 15586 15587
1 16765 825894125
1 18282 435960140
2 16710 16711
1 13364 905864980
1 13400 311714791
2 8061 10118
2 9587 9251
2 15874 15875
2 18282 18283
1 13432 329095977
1 18499 602122147
1 12994 759276958
1 15296 459854302
2 4444 12680
2 19440 19441
1 12989 139468040
1 19387 447133829
2 12592 8842
1 15144 154064115
1 13383 466263362
1 16507 506077102
2 5825 7467
1 12663 727453382
2 12183 9795
2 6954 18805
1 14520 159386493
2 949 7043
2 872 873
2 4820 4821
2 12090 12091
2 15362 14482
1 12391 36891322
1 16561 511387475
1 13169 924430229
2 4562 2733
1 14352 477156250
2 10616 14681
2 8619 19629
2 3156 3157
1 17457 487674413
2 3192 15441
1 13729 961448314
1 13733 116634822
2 17630 17631
1 12770 686304364
2 5000 5001
2 7354 7355
2 9866 9867
2 11659 9760
1 14234 148968986
1 15900 938734154
2 4135 17398
2 16146 15352
2 12062 12063
2 8309 11261
1 12967 367629645
1 10235 785730152
1 13029 191561365
1 18410 757099324
1 17354 624941501
1 18844 492199502
2 737 15970
1 18094 844819544
1 15828 157279358
1 15618 241975820
1 19255 845373908
2 12051 19017
1 10023 132197205
2 15062 17823
2 3266 3267
2 5005 13933
2 19296 8840
2 6986 6987
1 18388 472556774
1 15382 479256815
1 11807 649084367
2 7923 3500
2 4492 4493
2 8312 8313
1 11292 900398374
1 19215 294077200
1 12994 363648630
2 2796 2797
2 5218 9178
1 12319 478219636
2 16204 12941
2 12952 12953
1 16849 78819080
1 17423 49570660
2 2236 6271
2 16428 16429
1 15418 743782564
1 15831 65608112
2 13933 776
1 11795 646659507
1 16817 50128620
1 17469 816746637
1 13752 135241298
1 14875 46092056
2 8646 8647
1 14706 702901258
1 17118 35131542
2 10240 10241
1 12464 709540752
2 19770 19771
1 14874 652857385
1 15407 926973679
1 17623 988268863
2 11298 11299
1 13607 691729632
1 10059 620639709
2 8532 8533
2 11171 10180
2 15748 15749
2 468 469
1 19364 426588374
2 13993 7371
2 19650 19651
2 10427 17378
2 4064 4065
1 12768 818674225
1 11553 305332345
1 18860 11007370
2 18714 18715
1 10238 127638390
2 8599 3037
1 14657 133342534
2 2142 2143
2 2841 6124
2 6113 19429
2 14788 18310
1 10568 50627710
1 12926 256839389
2 12828 12829
1 14483 881497447
1 17414 53901717
2 723 8215
1 15571 842545307
2 2522 2523
2 10146 10147
1 12026 558862755
2 16790 1122
2 11146 9156
1 13016 418567885
1 12975 589055441
1 14486 173241549
2 18806 10720
2 12762 12763
1 19614 913185718
1 11253 138148229
2 2548 2549
2 4576 4577
2 18278 18279
1 10815 782075690
2 13516 13517
2 2796 2797
1 16982 389613617
1 14217 917739825
1 15046 542824232
2 12770 19249
2 7020 14525
1 13670 216809517
2 14834 14835
2 10696 10697
1 10434 819603314
1 15915 172964439
2 19414 7414
1 14686 507550303
1 13958 93309880
2 6208 6209
2 14050 14051
2 6844 6845
2 1344 1345
2 6864 6865
1 14198 603942407
1 12527 523844246
2 11722 11723
2 18652 18653
1 13693 521253722
2 12798 12799
2 7571 1023
1 16639 189008324
1 13165 159546635
1 10218 892935355
1 16778 929906365
2 6042 6043
2 9650 9651
2 2504 17760
1 12424 17409955
1 17140 688111474
2 5748 5749
2 4286 4287
2 10050 10051
2 3223 9586
2 5957 9191
1 19623 739035576
1 12066 801455893
2 7918 4485
1 19512 619150477
1 15644 619058426
2 4130 4832
1 14079 988308180
2 1472 1473
2 12440 12441
1 14660 338302290
2 6644 8076
1 10690 523364830
1 12442 819231250
1 19379 245167191
2 8515 7247
1 16152 767811662
1 17465 241519107
1 10299 80448497
2 4508 4509
1 11196 682627807
1 14008 586095478
2 15436 15437
1 11644 615202898
1 15259 22639855
1 10187 700852962
1 17678 905787905
1 16112 922876586
2 2174 2175
2 4018 4019
2 13436 13437
2 3920 3921
1 12739 354367170
1 10563 516168903
1 15407 457993346
1 18674 911549635
2 356 357
1 16022 89343383
1 19927 80139605
2 6180 17044
1 17248 279028422
1 13937 236047639
1 13912 557177150
2 4902 4903
1 13611 60326950
2 1132 1133
2 7927 12267
1 14741 358879007
1 11797 926170848
1 18455 680045775
2 16226 16227
1 13200 12234039
2 19052 19053
1 19906 698370071
2 16077 2130
1 11473 498489466
2 9060 9061
2 15336 10689
2 92 18546
2 3248 3249
1 14642 599833165
1 12561 260761676
2 13346 14397
2 4278 4279
2 17488 6597
2 15868 15869
2 9599 15891
1 12797 286123078
2 646 647
1 19076 619932524
1 17199 31659298
2 4584 4585
2 6911 5804
1 12658 391724415
2 2722 18669
1 16844 377467538
2 1782 1783
1 10097 20672116
1 19097 477211003
2 3402 3403
1 12146 397046121
1 16988 409952409
1 12543 312631219
1 12157 939279355
2 15646 15647
1 12653 64724089
1 16018 732665107
1 11061 987825630
1 12694 723818917
1 18862 433874269
1 10372 769054603
2 5102 5103
1 17734 676518050
2 9952 18132
2 17855 16012
2 9859 15635
2 19231 18935
1 14040 897468149
1 17279 888924297
1 16657 376482641
2 9830 16176
2 7062 7063
1 16312 84697162
2 18530 18531
1 15911 729838505
2 7416 7417
2 13144 13145
1 19824 684579676
1 15341 531238063
2 17226 17227
1 14247 789121747
1 13572 745825991
2 1040 1041
1 12491 54824415
1 12959 363607852
2 8460 8014
1 12440 105145038
1 15805 113999890
2 6639 4652
1 14383 919019110
1 14521 490116136
2 12069 682
2 16578 16579
2 1566 2061
2 8690 14103
2 18086 6922
2 1206 1207
2 4172 4173
2 15153 2596
2 4018 4019
1 15840 651491789
2 10251 19443
2 19924 2188
1 17963 313631975
2 8086 8087
1 13012 389284214
2 17561 3818
1 13251 413020882
2 4254 4255
1 11968 920301696
1 17187 391539625
1 14546 406158533
1 18512 761454859
1 14035 777872568
1 17216 866224545
2 3416 3417
1 13660 392412405
2 2145 3414
2 11828 14251
2 8192 7645
2 13227 3142
2 2020 2021
2 9260 9261
1 17587 472660496
2 18778 18252
1 12472 100478010
2 3310 1287
2 10671 15356
1 10924 788233408
2 12931 19976
1 11958 539714847
2 6560 6561
2 19560 19561
2 17528 17529
1 18421 898539659
1 17254 407199066
1 16665 490384696
2 10960 7946
1 13123 25529322
1 13218 77274990
1 17738 941358766
2 2802 2803
1 12569 319835465
1 15052 33192531
1 16558 360568410
2 17028 17029
2 14283 12407
2 7232 7233
2 5564 13900
2 3592 3593
1 17264 87132644
2 328 329
2 8732 8733
1 19584 650923224
2 10498 10499
2 3445 2483
1 11844 489333976
1 17105 769937398
2 14593 18449
1 17988 620324270
2 12775 4138
2 3090 3091
2 18594 18595
2 17578 17579
2 19666 14853
1 10192 799022203
2 5928 5929
2 14480 14481
1 14272 458880318
2 19875 241
2 13104 13105
1 19084 383287422
2 1119 13547
1 16972 952259662
1 15359 667663827
2 2260 2261
2 7192 7146
2 4472 4473
1 12461 465076985
2 3966 11082
1 12949 828843974
2 8340 18438
1 18826 831987858
1 12401 405812861
2 2100 13361
2 19206 8575
1 10631 954174691
1 16072 593413473
2 7370 7371
2 1004 1005
2 12844 12845
1 11894 184076527
1 19129 806035969
1 15540 196423801
1 18653 275409767
1 13280 775470213
1 10641 640827025
2 6702 6703
1 14418 327684877
1 15187 526555647
2 6666 8661
2 4116 12406
1 11874 429194603
2 14952 1731
1 17339 685991399
1 19819 240433519
2 2016 2017
2 4460 4461
2 18902 3178
2 9380 9381
1 17874 528365787
2 4446 4447
1 13564 987065685
2 17474 17475
1 14000 104934275
1 10829 765384037
2 4642 4643
2 19607 15113
2 17960 10113
2 13240 17461
1 16468 216916901
1 10579 88399980
1 12383 226818377
2 10972 10973
2 15860 15861
1 15521 892927826
2 3408 3409
2 10112 10113
1 16462 380512027
2 11848 11849
1 14477 33993141
2 13846 17493
1 16113 425974106
1 13710 79717347
2 7746 7747
2 68 69
2 13996 13997
2 12694 12695
2 6932 6933
2 212 213
1 18775 389510288
1 14825 743464630
2 1710 1711
2 9169 3817
1 12061 32408254
1 18028 630193034
2 14474 14475
2 3335 12836
1 11160 169963229
1 17204 260071266
2 7300 10497
1 13480 308523625
2 14691 9288
2 14212 13336
1 11514 630594341
1 15324 302619177
1 16801 628075629
2 17978 380
2 15426 15427
2 10289 9197
1 10203 301578102
1 18461 324352927
2 8728 8729
1 11889 808210553
2 9373 4517
2 8554 8555
1 19053 1399522
1 14428 823991404
1 16019 96444898
2 12210 8744
2 1720 1721
2 12225 2370
1 19496 660513825
1 18401 928124906
1 17651 432589464
1 11956 896012509
2 12568 12569
1 14379 122565389
1 18076 160060845
1 10036 144680692
2 14934 14935
2 16685 10850
2 1969 8288
1 16968 227490384
2 7982 7983
1 13336 653840666
1 17659 973049029
2 14000 14001
2 1993 1584
2 18536 18537
1 14756 320428505
2 6998 15846
1 11911 577581898
2 1895 2066
2 9482 9483
1 10938 998586967
1 10655 325695118
1 10170 420638375
2 8888 8889
2 8110 8111
1 17429 705786546
2 18081 905
1 10972 140560795
1 18281 699400826
1 11884 928080757
2 786 9667
1 11395 376721188
2 12366 12367
2 372 373
1 16234 220918278
2 16618 16619
1 13698 470603592
2 10883 16653
1 14362 230493856
1 17358 659929854
2 17106 17107
2 4487 3878
2 3216 13303
2 10359 13190
2 9606 5849
1 15681 733302567
2 674 675
1 16119 589852996
2 12042 12043
1 11335 800421941
1 17307 583498939
1 12340 550709723
1 17708 510302971
2 10611 449
1 11971 937852793
1 10660 482935511
1 18523 689955083
1 17935 840419258
2 4686 4687
1 15515 541450979
2 9718 9719
1 19738 600630380
1 15164 226133613
2 15252 10208
1 12345 205456184
2 5304 5372
1 14551 16942360
2 38 39
2 14096 14097
2 4150 9615
2 19861 19604
2 7650 7651
1 13004 683369650
2 16386 12324
1 17742 932230009
2 13269 3016
1 19303 761765188
2 9175 10175
2 17310 9642
1 17335 502097630
2 15188 7463
2 6476 6477
2 8200 8201
2 10670 10208
2 10426 10427
1 14767 74767543
1 17312 653653158
2 14397 3039
1 12406 683592257
1 14325 188087592
1 14788 841728103
2 14963 5086
1 15887 436848812
2 13884 13885
2 18773 4800
2 9959 7111
2 6720 6721
1 15128 9517115
2 4582 4583
2 15226 15227
1 12205 42222239
1 15935 369395041
1 14887 911020039
2 19561 12431
2 14244 14245
1 17519 517065965
1 19814 801800352
1 14635 307619808
2 7632 7633
2 4498 4499
2 8062 8063
1 12945 613412904
1 15369 73221949
1 16905 488171257
1 12530 299785631
1 12985 492727887
2 8324 3216
2 4428 4429
2 52 53
1 11910 990150928
2 792 19062
2 582 583
2 2565 1990
1 15222 740090280
1 18032 37340151
1 18365 211575518
1 17191 205631393
2 3022 3023
1 17494 504475179
1 11887 203451727
1 17417 919358812
2 16992 16993
2 2002 17777
2 3448 1877
2 6191 15674
2 9964 9965
2 6197 38
2 7322 7323
2 5276 5277
2 12560 12561
1 19997 89222390
1 17925 48223202
1 10878 748349529
1 13234 635475294
1 12025 923608083
1 19347 221807096
1 15591 153687276
1 17831 492255265
2 5727 7682
2 13703 9856
1 11125 769730718
2 12370 12371
1 18707 669831188
1 12455 402156287
1 16832 643541714
2 7378 8014
2 1697 10411
1 19466 414148262
1 14556 798319008
2 7430 7431
1 11229 800891111
1 14718 439093419
1 16528 4597108
1 17491 979202051
2 17480 17481
1 18899 786227707
2 2768 2769
1 16847 258325894
2 8496 8497
2 12504 12505
2 9204 264
2 19502 13874
2 13466 18579
2 10350 10351
2 18734 18735
2 18224 13018
2 10203 10742
2 18157 15630
2 1687 15401
2 10840 10841
1 17769 582302705
2 17218 17219
1 14660 277715206
1 18052 587314536
1 14593 764601214
1 11860 18188286
1 17931 38646308
2 3524 3525
2 6901 7747
2 6542 2387
1 17525 728186125
1 16495 947642503
1 11227 377503334
1 12698 650003436
2 5327 11657
2 8536 8537
2 19886 19887
2 6462 6463
1 16255 432966356
2 17462 17463
2 5574 10067
2 14680 8327
2 16618 16619
1 10037 628699019
1 17606 681270148
2 11630 11631
1 10036 194604762
2 2628 2629
2 4546 4547
2 17004 17005
2 969 13627
1 12514 272431736
2 14124 14125
2 3366 7221
1 18081 612155179
2 8218 8219
2 5929 17790
2 4302 4303
2 7406 8279
2 634 7370
2 7178 7179
2 4298 5038
1 18818 846214607
1 18727 88212966
1 17508 687630791
1 16663 418620625
2 5340 5341
1 10660 174107134
1 19342 197158722
1 11897 298572057
1 12991 85616479
1 18168 655174509
2 63 15087
2 14426 14427
2 14182 11259
1 12636 769320308
1 15958 251403802
1 10448 602157252
1 15727 867868990
1 14801 344975478
2 8278 8279
2 12034 12035
1 18854 582890007
1 14575 154005001
1 11784 56528476
2 12586 12587
2 6112 6113
1 16664 405317970
2 18935 5512
1 12587 715997790
2 12780 12781
1 17928 847431920
1 12902 906964244
1 16939 241385211
1 14210 572716704
2 3112 13870
1 11584 902485937
2 1240 1241
1 14237 363804393
1 11633 883271846
1 11224 645343468
1 11267 2665229
1 15585 31307530
1 17623 898633495
2 15096 2571
2 5224 5225
2 13961 1724
1 16446 926075190
1 19793 560468539
1 18055 883396790
2 12416 13820
1 15234 300388188
1 17534 987541184
2 9132 9133
1 16144 160796338
1 14508 759792754
2 11700 10678
2 1537 15245
2 3926 16188
1 12882 80374520
1 10711 390832441
1 13613 774952250
1 12844 995761120
2 5966 5967
1 14191 14146461
1 19933 534994646
2 3892 13368
2 3982 3983
2 10834 10835
1 13225 958221649
2 10665 14317
2 7530 8866
2 9996 10996
1 16618 977490676
1 12163 564995891
1 18630 283028339
2 7748 7749
1 12882 774976846
2 5710 4510
1 11441 555110769
2 19974 19975
2 15828 15829
2 8362 13012
2 13452 13453
2 15935 1427
1 14834 16279490
1 15861 355676714
2 2794 2795
1 14005 990648794
1 11988 438791832
2 16366 13265
1 15420 600600915
1 18541 694889280
2 14682 14683
1 18206 893043621
2 5368 5369
1 17704 768101360
2 16598 16599
1 18565 202725402
1 12908 359709307
2 6358 6359
1 11070 819867333
1 18027 291147724
2 303 11448
1 14574 754562083
1 13322 397047470
2 11115 7791
1 19831 642527838
1 18758 458604231
1 14524 383751248
1 18485 219338438
1 18467 237506280
1 15084 34087030
1 19896 948037240
2 16765 12848
1 15707 836115126
2 8478 8479
1 19239 396079593
1 16442 483609341
2 6271 3214
1 10013 119683104
2 3814 17874
1 14226 298888300
2 7859 7787
2 18174 18175
2 13781 4265
2 10531 8909
2 6786 2381
2 18070 18071
2 13880 13881
2 8060 240
2 7674 7675
2 11456 18708
1 11239 729366912
1 12689 85384087
2 17038 10763
2 4386 4387
2 1279 2269
1 13289 723020720
1 17642 100367101
2 16325 8547
2 10256 10257
2 7130 7131
1 11077 478953459
2 18174 18175
2 8976 8977
2 18108 18109
1 19689 951465510
2 10880 10881
1 12928 190378315
1 16638 533661916
2 16766 16767
1 12343 380909124
2 10460 10461
1 12715 255923612
1 16137 554064347
2 737 5346
2 2613 400
1 18333 311608921
2 18361 10033
2 8330 18628
2 10550 10551
1 19271 758700275
2 6057 18300
1 12844 336652023
1 12114 974603610
1 12825 641498317
2 10538 10539
2 1697 5700
1 10380 938726815
2 10138 10139
1 11180 89687475
2 7121 1735
2 4112 6656
2 5868 5869
1 12237 113510713
1 17261 42497065
2 11105 18678
1 12815 369564302
2 9212 9213
2 19220 19221
1 11801 632039989
1 15635 9996336
2 10079 19086
2 1222 1223
1 10415 893221273
2 15558 15559
1 19095 410393725
2 8519 16510
1 16217 94877369
1 18436 278875440
1 13875 453616498
1 11786 981392715
2 16684 16685
1 13247 14097024
2 1248 18071
1 11853 896311195
2 10548 10549
1 18826 232247053
2 430 6283
1 16393 115277270
2 8164 8165
1 18187 808452317
1 14189 513787902
2 5078 5079
2 6046 6047
2 6720 6721
1 17335 987492455
1 15219 36795198
1 14640 939125766
1 16405 979423891
2 15308 12292
1 18186 288845495
1 16244 994276144
2 138 5641
2 11334 11335
1 18733 654774453
1 11289 704940429
2 5164 5165
1 19569 904071425
1 13373 138817245
1 15976 353856797
2 6524 6525
2 5013 19358
2 15990 15991
1 11263 604570746
2 11496 11497
2 15460 6308
1 19783 582433189
1 19976 233136100
2 6592 6593
2 7991 12640
1 18958 464217501
2 14770 14771
1 17596 586440897
1 17956 653534028
1 12972 508922036
2 7931 16706
2 15050 7335
1 11281 133856254
2 16064 16065
1 10052 299560580
1 16769 867116614
2 3510 3511
1 17138 171244508
2 2396 2397
1 14011 565540611
2 13302 18474
1 19075 524212947
1 17248 556968477
1 12357 234168525
1 14235 974385974
1 11923 849020694
1 11727 310323655
1 17705 569593491
1 16345 174002218
2 11262 11263
2 13412 6738
1 15580 413460359
2 6776 6777
1 15326 81200103
1 10441 879522212
1 16906 155071458
2 15008 12816
2 17336 15695
1 19618 723409497
2 10484 245
1 13090 137488235
2 8178 8179
2 850 851
1 12652 420134314
1 13191 635031353
2 9877 2949
1 12435 102938350
1 13988 489020688
1 13871 97160045
2 9260 9261
2 13128 13129
2 6456 12845
1 13003 738411933
2 7396 6817
1 14148 423216386
1 17966 739893417
1 19434 272435069
1 19920 899939994
2 6582 6583
2 11400 2984
2 3082 3761
1 14457 701995901
1 13632 472203303
1 18756 602403238
2 14104 10280
1 17239 387007664
1 19237 340848489
2 16612 16613
1 16895 524176827
2 8320 8321
1 12062 764563657
2 9680 10284
1 10361 707328133
2 7613 15513
2 18962 18963
2 5956 887
1 17713 197435330
2 9469 13007
1 15065 512460741
1 14989 883689551
2 3514 14416
1 14438 868881215
1 16695 362511605
1 19676 795083580
2 110 10373
2 8532 8533
1 17578 883127177
1 18268 681480800
1 17667 47015008
2 14072 14073
1 11214 326109896
1 14809 999819375
2 16116 16117
2 2170 2171
2 16068 11198
1 10479 697339047
1 13237 23468737
2 1072 1073
2 13246 13247
1 18380 579716070
2 391 11915
1 15389 90672853
1 19792 234250697
2 3712 3713
1 16803 964471641
1 11659 192718415
1 12164 446811263
2 14488 11021
1 15650 920354555
2 7107 154
2 5812 5813
1 15463 214988820
1 12612 184645578
2 15993 4852
1 12502 869876679
2 8292 4761
2 14044 14045
2 8532 8533
1 18007 522698155
2 6585 8039
1 18309 741624250
1 11605 784968560
1 10364 631978686
2 16270 4197
1 16362 926138825
2 7426 4965
1 14309 260678955
1 18661 333413734
1 14195 374679257
1 18570 629143268
2 13859 3870
1 18284 82217126
1 18899 589422887
1 13848 876264714
1 12911 330591750
2 18557 13521
2 10573 19905
1 17392 447587864
2 2127 19038
1 15747 437497507
1 19143 868443429
2 15072 10664
2 19310 19311
1 13821 814294044
1 12467 667578596
1 17919 547807630
2 7198 7199
1 12229 819952072
1 10461 604982360
2 7976 7104
2 10420 10421
2 1130 1131
1 16811 946162436
1 19471 601334957
1 11896 805788479
2 12887 10300
2 14408 14409
2 8990 8991
1 13702 858102202
2 4207 3392
2 2841 6349
1 18231 416252916
2 11016 6491
1 14767 85223979
1 13074 43252013
1 13300 103453111
1 15085 572489753
1 13766 95661408
2 14012 14013
2 18478 18479
2 16575 12925
2 12912 12913
2 1530 13154
1 10664 148115513
2 14351 16926
1 10148 160306554
2 12220 12221
1 14630 112347477
2 15218 15219
1 13423 166676067
2 4193 3471
1 10130 169510621
2 4492 12898
1 16864 574863725
1 11160 919004284
1 16025 241093483
1 10373 615775597
1 13173 692981481
1 18991 837057048
2 5154 5155
1 10246 351903097
2 11768 11769
1 10027 469653983
1 17152 837552137
1 15205 446167292
2 476 477
1 12572 892703707
1 19501 282799453
2 516 19640
2 14475 15149
1 14625 359650333
1 12403 868269624
2 9386 9387
2 11749 4664
2 10292 10293
2 18339 4109
2 18848 18849
1 17697 965373038
2 2737 6378
1 15012 924167248
1 16418 562038882
2 18531 7657
2 11298 11299
1 11001 109161795
1 15161 558032838
2 288 793
2 1848 1849
2 901 2811
1 16524 874174532
2 18662 18663
2 14226 14227
1 14996 254818427
1 14374 544321858
2 3184 3185
1 15382 976164098
2 16242 16243
2 13588 13589
1 16719 471498815
2 14892 14893
1 17339 156519313
1 13336 205069090
1 16254 547866520
2 8490 8491
2 19014 19015
2 8846 6124
1 14613 577735758
1 12087 502174188
1 15768 571179620
2 4182 4183
2 7426 7427
2 3360 3361
2 6996 6756
1 17956 767347772
2 7579 62
2 2674 15529
1 16155 370210546
1 17533 834111528
2 10612 15620
2 1463 14851
1 10245 996541585
2 3250 3251
2 10539 15302
2 17388 17389
2 18181 5357
2 9804 9805
1 19052 922857426
1 10347 788745609
2 9528 9529
1 12290 252380481
2 6194 6195
1 15991 824019562
2 10 11
2 11882 14637
1 16634 537439907
1 18955 857047876
1 13763 279380310
1 13539 659013932
1 16932 244814021
1 15851 110752856
2 8688 8689
2 4934 15742
2 4024 4025
1 12457 123426826
1 19575 987543509
1 11473 388868849
1 17770 637710470
2 8711 4592
1 13960 304685401
2 8112 8113
1 17248 34667354
2 214 215
2 11786 13806
1 14795 453935033
2 15231 461
1 14036 292020487
1 16242 963030909
2 1462 4792
1 14992 84321803
1 16349 352193278
1 16580 401781138
2 7080 17258
1 13431 266022585
2 7362 7363
2 10008 11710
2 6404 6405
2 12252 12253
2 1600 16583
1 12510 802207199
2 4546 4547
2 19278 6333
1 11653 874810660
2 7228 7229
2 10588 10589
1 13316 173941138
1 18465 772138021
1 15388 75612659
2 15232 15233
2 13873 4949
1 15830 939833928
2 3504 3505
2 15898 15899
2 12218 11526
2 6263 5447
2 16841 8069
2 18220 11039
1 17583 675442218
2 13901 2655
2 5536 5537
1 17633 545715073
1 14716 223291069
1 12130 978248130
1 19139 366578850
2 9172 9173
2 5091 7718
2 4310 4311
2 6048 6049
1 13088 586435735
1 13280 12835357
2 6732 1843
1 10091 113007450
1 11602 492114178
2 16696 15430
1 12068 479823043
2 18746 18747
1 18682 75572064
1 17871 365554560
2 19822 19823
2 7209 14311
1 10085 448509939
1 19763 856727398
1 10955 445998055
2 8611 11684
1 18255 452385952
1 17445 850356349
1 15815 373453096
1 10623 875986843
2 9008 9009
1 19866 611794687
1 13817 932575193
1 16099 875135840
1 13585 324373885
2 5589 331
1 11294 181090657
1 10391 278817251
2 10420 12439
1 18022 209975141
1 13474 402651867
1 11608 437905758
2 2822 2823
2 8359 12766
2 5032 5033
1 11020 51194091
1 16720 651035308
1 10090 437460629
2 9780 9255
2 3891 16415
1 15621 615402212
1 16536 718347356
1 16987 631940731
1 12355 394010196
2 5828 5829
2 14421 16156
2 6756 6757
1 13437 371449283
1 17058 469031352
1 10699 646257233
2 18097 15822
2 5200 5201
2 18364 18365
1 15338 826155658
1 12382 554493889
1 14742 975341095
1 15432 731599971
2 13642 13643
1 19408 357211717
2 19343 13867
1 12980 880730733
2 1592 1593
2 6276 6277
1 16010 194048724
1 13636 181020423
1 19262 278638817
1 19526 320375212
1 16682 734861398
2 7016 7017
2 7208 12500
1 19419 590986686
2 5128 5129
2 786 787
1 11303 571808071
1 13561 536815210
1 10469 110393675
2 17197 13136
2 2654 2655
1 18268 601030659
2 2520 2521
2 18076 15471
1 16797 830441120
1 13343 261857199
1 11634 295256536
2 1078 1079
2 4607 1239
1 17559 900034492
1 10949 695590600
1 16103 957006627
1 16397 420877433
2 12331 4971
2 3816 4291
1 10613 51585179
2 412 11999
1 16854 694867264
2 4135 14036
2 18060 18061
2 18099 1654
1 18272 717816217
1 15157 837024731
2 3152 3153
2 3254 3255
1 19299 143510680
2 9961 10035
2 10526 10527
2 14630 14631
2 11648 11649
1 11241 368812763
2 11596 9434
1 17321 462833406
2 9902 18759
2 16612 16613
1 11686 768959580
1 12742 799563139
2 7724 7725
2 13443 5280
1 12327 550124182
2 857 5684
1 11960 667110995
1 15666 605155573
2 14522 14523
2 17616 17617
2 4700 4701
1 18565 794204166
2 8037 15586
2 13421 4435
1 18053 184281312
2 17828 17829
2 10437 17887
2 15942 15034
1 17411 128500483
2 6326 6327
1 16503 435633029
2 19506 19507
1 16610 145062477
1 11915 859834684
2 2818 2819
1 16589 311263189
1 12304 812836542
2 11547 15255
1 18642 581894761
2 6456 17686
1 14670 615622764
1 11597 336893430
2 1432 1433
2 10624 10625
2 1776 1777
1 19383 102749919
1 11550 69502111
2 210 211
2 14696 14697
2 11158 11159
2 11332 11333
2 19232 19233
1 13510 394377510
1 18658 541279642
2 12915 16999
1 13339 821932843
2 17155 12397
1 11139 543643653
1 19147 956731076
2 6530 3613
1 13596 343456786
2 16134 16135
1 18712 994703614
1 16026 655896398
2 19632 1966
2 14343 19382
2 309 9255
2 18798 19144
1 16475 967189659
2 7377 14343
1 12057 95574913
1 19814 445032051
2 17863 12913
1 11891 253512764
1 16679 421969118
2 8064 12916
1 16509 146150409
2 16963 18452
1 11269 520385796
1 15943 244373360
1 13011 88453699
1 13243 448238659
2 15226 7695
2 15796 15797
1 14499 691677636
1 17974 623651948
2 13435 19387
2 19686 9187
1 16600 50282331
2 5540 4407
2 2348 2349
1 12920 630116112
1 19131 4115259
1 10817 234790309
2 7512 16328
2 17854 17855
2 8200 8201
1 15410 108248253
1 10783 160719996
1 14884 24233535
1 18815 219282363
2 19956 19957
1 13128 229302531
1 13965 925928999
2 17508 17509
2 7600 15880
1 14669 452941101
2 7996 7997
2 6620 6621
2 6482 6483
2 13950 13951
1 16855 363536824
2 7402 7403
2 3768 6744
1 17927 7048779
2 9465 829
1 12248 523745156
2 1753 14414
2 18657 3895
1 16629 93521142
2 17671 8770
1 18852 617988240
2 10715 4577
1 15042 610285662
1 14329 733212827
1 13907 654917999
1 10934 875186313
1 11650 532181746
1 11870 826117532
2 3370 3371
2 2666 2667
2 11688 11689
2 6212 10651
2 2965 14705
2 609 10823
1 13083 661737966
2 8354 8355
2 7165 2265
2 18862 18863
2 18593 19330
2 2848 2849
2 16778 16779
1 15530 564381095
1 17150 519112854
1 17855 967541447
2 1596 1597
1 19014 101078403
1 11958 421425438
1 19326 477578900
1 13985 459331189
1 13205 307367187
1 15012 353804453
1 18486 394952812
2 19179 10654
1 17273 477551098
2 12214 17697
2 16269 794
2 5814 5815
1 12745 826657296
2 12650 15477
2 122 1631
1 16202 44886817
2 1896 1897
2 11410 11411
1 16280 87357822
2 7372 9638
1 13232 325611396
1 12801 263808475
1 16895 291731209
2 5821 5369
2 7608 7609
1 13190 80208497
2 16954 16955
1 19562 586404538
2 15776 15777
1 12637 407744761
2 14489 12513
2 5244 5245
2 9042 9043
2 7185 3305
2 19664 5281
1 13642 592037242
2 5088 9518
1 14296 342297748
1 14806 363330704
1 16666 556288866
1 18319 795511972
1 14746 821927886
1 13084 981181900
1 18097 936339065
2 8174 8175
2 17952 3897
1 19989 245984465
1 17470 318645576
1 17822 467101253
2 13251 8450
1 14522 429446446
2 18385 6579
1 15826 269268471
2 13506 13507
2 11794 11795
1 10237 721855119
1 12213 354344537
1 15637 777721614
1 15193 916408227
2 5932 5933
2 4234 4235
1 15603 269737062
2 19835 5776
2 13828 14183
2 17403 16492
2 19587 13249
1 11699 945317539
2 3313 2855
2 2166 8765
2 1918 1919
1 15241 604002149
2 13810 13811
1 16154 948816871
1 17654 744536480
2 17978 17979
1 19241 398144278
1 12073 63113230
1 10949 448867536
1 12408 317868434
2 1816 11949
2 6136 6137
1 18917 960530653
1 14494 256821762
2 15390 6513
1 15622 789746110
1 18479 858645730
1 12683 680894102
2 6840 6841
1 10681 394555314
2 18346 18347
2 14091 12311
1 17519 268696001
2 19506 6138
2 4162 4163
2 3137 1839
1 18155 681980933
2 2022 2023
2 5510 5631
1 10133 273869233
2 147 19285
2 11000 11001
2 14240 19169
1 11541 290525412
2 10537 8228
2 8943 18145
1 14798 867526017
2 15830 15831
1 16245 191929487
1 14128 431506553
1 17742 59721913
2 4376 4377
1 19934 535312273
1 15265 175684517
1 17139 362966206
2 8204 18177
1 12108 439425002
2 9324 19868
2 3691 6403
2 10010 10011
1 10015 90739581
1 16382 80636472
1 19120 498636270
1 12495 615184368
2 19625 19268
1 10079 540839607
1 13095 490780547
1 10254 26821258
1 16943 308479570
1 17155 197990951
1 16987 631513634
2 12184 19214
1 12903 48268070
1 12039 799028738
2 15996 15997
1 17039 111275339
2 10716 10717
1 13774 718743317
1 10182 297079895
2 13520 13521
2 17434 17435
2 9959 5501
2 6883 8426
1 17091 980368382
1 18119 530271669
2 1080 18211
2 4304 4305
2 4352 19625
1 19574 794265083
2 8549 7513
1 19880 536398621
1 19644 808079016
2 14074 14075
1 10427 983405380
2 17106 17107
1 14371 736990035
1 18450 231366355
2 14544 14545
2 10448 10449
1 18111 231950484
2 17081 13554
2 4889 4036
1 18743 302020668
2 982 983
1 19471 200715030
2 6924 790
1 11986 214710356
1 14988 62772115
2 12532 12533
2 1434 1435
2 5474 801
2 12412 3674
1 18791 578359757
2 4984 4985
2 11292 2453
2 7722 7723
1 13869 345601052
2 14316 3430
2 8804 8805
1 12711 693472913
1 19765 224365361
2 2638 664
2 19892 3355
1 13156 69841585
1 10791 203301697
1 10064 535467165
1 17385 955041942
2 8421 18820
1 11959 94228155
1 14496 345098910
2 1543 4273
1 17365 690389225
2 16256 16257
2 19510 19511
1 12300 389321073
1 12176 561899629
2 192 193
2 7500 7501
2 14325 10794
2 15476 3641
2 8142 8143
2 3724 3725
2 14450 6038
2 10466 10467
1 19439 174837925
2 2270 17321
2 1479 14894
2 7974 7975
2 16425 4160
1 18369 472635551
2 19741 3231
1 15581 903525512
2 7024 14401
2 2196 12291
1 17279 363533607
1 10558 212496564
1 19635 319557967
1 19680 480023999
2 1276 1277
2 16772 1785
1 12909 677268651
1 11850 636691180
1 14696 794531048
1 19630 894084810
1 17934 121959373
2 16488 16489
1 10787 866408549
1 15793 138794849
2 4295 8787
2 8996 8997
2 9978 9979
1 19591 427738455
1 13087 672786316
2 16514 16515
1 16095 922221036
1 18513 542791712
1 18106 688358821
1 15294 768297674
2 5038 5039
2 14176 14177
1 11368 94037037
2 282 283
2 12293 13624
1 19803 697059874
2 5358 8659
2 4642 18716
2 12926 12927
1 14663 975336327
1 13438 32792177
1 18632 610683478
1 12272 39353703
1 18066 581846114
1 12759 501557988
2 17382 17383
2 19455 16996
1 13897 41826118
1 14490 5618231
2 7096 6803
1 12861 392715742
2 16912 16107
2 12636 12637
2 2446 18796
1 10084 22958256
2 15703 12346
1 19700 85860808
1 13382 5379796
2 9261 14036
1 16853 256722857
1 19963 432550091
2 4142 4143
1 10238 616259980
1 18045 217658822
2 11030 11031
2 2215 9726
2 15868 14954
1 17747 483318421
1 15608 728759939
1 19398 559986688
1 16878 412207104
2 17148 1400
1 13065 284760545
2 9472 9473
1 17857 490384484
2 3578 7942
1 16416 557608526
1 15373 177589855
2 11890 13553
2 3033 389
2 18386 2036
2 2050 2051
2 13635 6163
1 18549 654008570
1 19098 646720335
2 9296 9297
1 17021 653911566
2 10136 2067
2 2380 2381
1 17756 296572664
1 12986 101511115
1 19148 282897767
2 6554 6555
1 11770 849378748
1 10891 971948941
2 8310 8311
2 18448 18449
2 3484 3485
2 19906 19907
1 18756 905738423
2 3397 1803
1 18880 201326641
2 12512 12513
2 13392 13393
2 10074 10075
1 10930 588561800
2 17218 10952
1 11229 302673464
2 12904 3471
2 17102 17103
2 3000 3001
2 14286 14287
2 13590 13591
2 17090 17091
1 17505 117601778
2 15198 15199
1 16484 183535834
2 14516 14517
1 16257 137669009
2 12250 5391
2 8410 14876
2 8618 8619
2 5080 7078
2 3314 10364
1 17392 278184223
1 17444 817238144
1 18725 322319561
2 10860 10861
2 11505 1600
2 2680 2681
2 14458 14459
1 13301 953213795
2 14842 14843
1 18147 440844445
1 11829 745512064
2 4500 4501
1 16515 632035348
2 15392 19585
2 11012 14457
1 18431 89639772
1 13599 539662074
1 11108 261809974
1 13938 693880474
2 14220 14221
2 7930 7931
1 13290 396567905
1 14609 767044859
2 17894 4832
1 17331 813861500
2 2116 2117
1 11423 601260514
1 17174 939211169
1 14251 824577090
1 12950 327994567
2 1357 19347
2 11240 19263
1 14273 788744039
2 17782 17783
2 12814 12815
1 15254 77134561
1 11853 856169423
2 18472 18473
2 13122 13123
2 14388 14389
1 10703 812603936
2 2350 9826
1 19409 30581203
1 10105 758286922
1 18009 382639790
1 13999 865947624
1 10728 436920431
1 18047 323458591
2 14240 14241
2 4796 18450
2 11510 11511
2 2682 2683
2 5884 11870
2 4172 4173
2 13366 19745
1 15379 781301078
2 12364 11219
1 15556 204186771
2 16244 16245
2 1626 6261
2 10838 10839
2 300 301
2 4374 4375
2 779 12677
1 15555 670665836
2 8090 16889
2 13426 13427
2 4987 11765
2 14478 14479
1 15799 260141334
1 15304 689179449
1 15812 788304061
2 18315 11860
2 17954 17955
1 16684 958939121
1 18775 951726191
1 19684 725498489
1 15948 428153813
1 17664 244555238
2 333 19865
2 6206 6207
2 5430 5431
1 11825 982138551
2 3926 3927
1 13314 953929878
2 8754 8755
2 354 14229
2 19440 19441
1 15190 961805215
2 19660 19661
1 18949 129056123
1 13889 72510410
2 1232 1233
1 16309 553534681
2 11250 19919
1 11015 162487106
1 13485 438755598
1 15569 538230269
2 6302 14181
2 13682 13683
2 16928 16929
2 17688 17689
1 19683 309551198
1 16606 838494316
1 12009 831138563
2 18206 18207
2 2555 16803
1 10068 363598466
2 19702 19703
1 13256 776912568
1 12681 371012074
2 6908 6909
2 5774 5775
1 14276 366000295
1 17614 368988572
1 12682 232085944
1 15974 41196702
2 15800 15801
2 12117 2639
1 18411 659513446
2 13446 13447
1 11238 305570824
1 12268 253464957
2 3216 3217
1 10786 756891895
1 19046 151593237
2 14828 14829
1 13034 808321759
1 13284 325845381
1 18159 990742393
1 16017 915002151
1 12306 418840303
2 3936 3937
1 14718 623135206
2 16183 5077
2 7704 6476
1 13215 633946730
1 10554 1497316
1 17396 500389999
2 3483 1840
1 14599 864341783
1 10392 720580847
1 11068 999648936
2 18351 3937
2 9005 549
1 17206 243560914
2 18164 18165
2 4848 4849
2 17298 17299
1 19213 753130026
1 14927 124127690
1 12711 31540704
1 18650 960824311
2 17216 17217
2 262 263
2 17467 10171
2 1176 1177
1 16338 924165820
2 17552 17553
2 11340 4187
1 19812 267418635
2 16403 3967
1 18599 383289221
2 5688 17970
2 2878 2879
2 12735 137
2 15906 15907
1 14477 107592391
2 12072 12073
2 14069 15087
2 3944 16078
1 14699 696324815
1 15007 540308142
2 11992 11993
2 12108 12109
2 16509 15151
1 10408 207286413
1 16810 175098453
2 16926 16927
1 11270 648920998
1 14679 784575928
1 13468 654565301
1 17768 879613272
1 13703 24716363
1 10422 23358930
2 5957 16000
2 11398 11399
1 11577 603083607
1 17350 654691085
1 12139 805214572
1 10476 990362736
2 18356 18357
1 15606 660557070
1 19955 874542665
2 18604 4659
1 14658 619052220
2 6893 19444
1 14016 431453042
1 16395 899356556
1 15874 642216502
1 19433 792671944
1 15652 94405221
1 15315 340715502
1 14017 953839522
1 11859 836454451
1 19178 426175539
1 16662 577881554
2 9830 3958
2 14203 10176
1 19125 298589159
2 13484 13485
2 13452 13453
1 17463 201291453
1 13201 214031259
1 12987 358854254
1 13053 262684063
1 11771 667464313
1 18858 223610934
2 15794 2889
2 12408 12409
1 16777 645912324
2 12388 12389
2 1 20000
2 8072 11348
2 18010 18011
2 2346 2347
1 18813 333650823
2 9008 9009
2 6205 11976
2 1234 15392
1 12618 187002687
1 12367 435277576
1 14938 884530962
1 10792 442446481
1 19660 491401978
1 18484 698651509
2 7154 18815
1 16711 556733499
2 15994 15995
2 4867 5588
2 11454 11455
1 10689 513691543
1 13539 379624875
1 18072 574183537
2 16754 9078
1 15765 65866476
2 12751 6063
1 10169 977021869
1 12941 320056811
2 7486 7487
1 12483 759134880
1 19334 748479568
1 19451 365461355
1 15598 546726354
2 6786 9328
2 10442 17838
2 6670 6671
1 14556 265815884
1 15480 703808464
1 12914 661927941
2 12922 12923
2 18386 12143
1 13529 467023752
2 4266 4267
1 14644 592394877
1 11640 541538018
2 18665 13906
1 14884 582934298
1 13750 468248602
2 10138 10139
1 17266 269515236
2 8184 8185
1 10670 840203943
2 5950 5951
2 9420 9421
1 12226 854438922
2 17632 17633
1 12665 204030187
1 15967 328098016
2 6662 10883
1 11855 36568676
2 5031 9059
1 19549 886204017
2 17685 13378
1 18607 723403027
2 6340 6341
2 7129 12601
2 17490 17491
2 17306 6174
1 18270 766442063
2 15739 844
2 17080 17081
2 3189 3620
1 19797 315601884
2 348 349
2 5819 5596
2 9116 9117
1 14521 266383054
2 10416 10417
1 12413 27452181
2 9530 907
1 13443 610040050
1 10206 73705598
2 11448 11449
1 16123 312609794
2 16054 16055
1 12301 328331306
1 19618 404030247
1 17217 58730493
2 6606 8407
2 7628 7629
2 2950 2951
2 17748 12762
1 14342 696242656
2 12767 5006
2 15904 378
1 15475 397170388
1 15438 114985636
2 112 113
1 18775 576042082
1 15557 323091437
1 18856 758287086
2 18398 18399
1 16475 680350088
1 19505 742247017
2 6090 10921
2 7894 15790
2 5184 5185
1 13798 226800787
1 12346 702169068
2 18352 18353
2 9862 5271
1 16406 226244194
2 16722 16723
2 4856 4857
2 1908 1909
2 3470 12345
2 13516 13517
1 14671 84470640
2 12714 12715
1 13352 850572656
1 11248 776066236
2 4854 4855
2 14948 1419
2 10650 10651
1 19673 892840686
1 14200 491391452
1 13757 676083190
1 15139 551779430
2 19743 2491
1 17683 411590969
2 5351 2140
1 17013 317915016
1 18062 274490423
1 10543 941763982
1 13102 661668867
2 8376 19792
1 16433 293397918
1 15859 983400688
2 14192 14193
1 19989 507601449
1 18318 16709344
2 7555 14902
2 7982 7983
1 16649 29324053
2 17456 17457
2 7074 6950
2 2570 2571
2 7984 18617
1 11358 742852721
2 1770 1771
1 11980 134232065
2 10236 18749
1 13727 335265655
2 1974 1975
1 10052 15953084
2 16123 13117
2 10474 10475
2 19990 19991
2 14450 14451
1 16409 370773678
1 12851 123595826
1 11342 306018967
2 16704 4228
1 16819 160926595
2 18608 18609
2 17200 6889
1 12600 932857443
1 19018 841943411
2 1642 1643
2 8329 12314
2 618 619
2 5470 5471
1 14957 592606987
2 8518 8519
1 10177 485225402
2 7033 17825
2 5468 5469
1 12276 161623456
1 15748 694704533
1 14905 522582388
2 18958 18959
1 12603 534592236
1 11697 413195572
1 18587 544940391
2 15694 15695
1 11506 816819123
1 13854 369776009
2 15352 15353
2 970 971
2 16231 6073
1 14698 439841823
2 17822 6675
2 15428 15429
2 14260 14261
2 3204 13640
1 11161 199925963
2 10403 7580
1 13934 598505334
2 3252 3253
2 7010 7011
1 16045 49567428
1 14603 511213737
2 17930 6684
1 13251 768659765
2 12564 12565
1 18737 358412515
1 17075 871987042
2 6396 6397
1 10544 184971037
2 7006 7007
1 13639 41419337
1 12365 882564437
1 13529 967337212
2 2770 2771
2 18462 18463
2 1374 1375
2 2151 1715
1 16933 683708752
1 18901 439046746
1 12849 28458158
1 13698 213470953
1 18903 197470760
2 7892 7893
1 15984 105112585
2 3984 3985
2 18296 18297
2 12846 12847
2 11409 16345
2 4794 3861
1 11533 269863242
1 11554 830588450
1 11234 937367207
2 6136 6137
1 15571 589250174
2 14608 17376
1 12193 45185019
1 17284 795716461
1 18152 761679232
2 7492 16446
2 19435 15253
1 16297 104788146
1 16771 250715577
1 16081 419529863
2 3231 15585
2 19025 5717
1 12596 126980264
2 6548 6549
1 12611 228039600
1 10952 176174106
2 16743 991
2 18069 18830
1 19456 756931128
2 16271 18068
2 9215 7908
1 13956 417609039
1 16082 514753233
2 12664 12665
2 4670 15656
2 14052 14053
2 3260 10415
2 6101 14180
2 14586 12790
1 16585 764358091
1 15185 403553359
1 11244 847962415
2 1472 7248
2 13806 13807
1 16246 442155215
1 13537 509195785
2 18326 18327
2 12738 1846
2 17032 17033
2 7254 6913
2 6072 6073
2 5758 5759
2 10246 8587
1 18753 782069731
1 11224 881945086
1 14369 253927479
2 384 385
1 11548 647864310
2 17477 13950
1 18070 816065671
2 3810 3811
1 19602 362785520
1 17865 385460067
2 12876 13210
1 11273 831692559
2 10800 10801
2 9670 9671
2 7810 7811
2 11765 19582
1 14835 311523661
2 15062 15063
1 18517 327753159
1 16356 720802711
1 19062 842112238
2 16010 16011
2 4090 4091
1 18269 983579368
2 1220 1221
1 16153 973594667
2 484 13050
1 14807 585038456
1 10619 419710980
2 15597 11863
2 18064 18065
2 7731 9375
2 9442 9443
2 4206 8073
2 5819 6261
2 3892 3893
1 19550 665589893
2 8346 8347
1 16325 7607961
2 4877 474
2 3620 17290
1 12641 824969740
1 12074 375792412
2 16412 4118
2 12950 12951
2 3208 3209
1 12569 243857427
2 13534 578
2 17194 17195
2 12968 4456
2 7188 10761
1 10557 535305822
2 896 897
2 16917 969
2 9286 9287
2 19362 19363
1 16248 248688220
2 3079 2789
2 3186 3187
1 14575 693580026
2 17944 17945
1 19806 694177054
1 10648 889031636
2 19185 8805
2 7614 5075
1 18561 471205050
1 11094 105105782
2 19282 19283
1 11051 989682902
2 9788 9789
1 19581 488119933
2 13122 13123
2 14197 13125
1 16675 666442240
2 412 9043
1 19616 627328906
2 8124 8125
1 18240 283859899
1 14017 86924220
1 11937 177162166
2 7122 13854
2 18546 18547
2 17191 1646
2 9854 5377
2 12678 12679
1 12688 246827948
2 19168 10527
2 8013 2644
1 13855 701301778
2 1734 1735
2 14890 15167
2 19660 19661
1 18458 428589162
1 10222 362866873
2 1374 1375
1 14542 672895038
1 19566 811222189
1 10853 606833502
2 15115 6841
2 18130 4721
1 17841 37113640
1 11182 750350476
2 13709 14368
2 14348 2753
1 16453 36883688
1 19962 327815954
2 3802 3803
1 18587 68819333
2 15860 17177
2 14836 14837
1 19687 530351051
1 11362 993256422
2 15114 15115
1 16510 914378236
2 17322 17323
2 3568 3569
1 13432 948933660
2 5616 5617
1 10388 926135700
2 16298 16299
1 17035 423636895
1 17650 445460681
2 16714 9607
2 7556 7557
2 14201 7647
2 12100 2131
1 10031 895700695
1 19376 726632220
2 13980 8576
2 18164 18165
1 11329 80061936
1 17795 223020880
2 4146 4147
1 15131 749984409
2 14050 14051
1 11153 105955470
2 11147 5826
2 8304 7512
1 12909 900960773
2 11758 11759
1 15955 570991817
2 13264 13265
2 2774 2775
2 1096 18654
2 7100 7101
1 11554 426651643
2 2159 18214
1 10790 945198416
2 1044 1045
2 15721 13124
1 17254 731243461
2 17236 17237
2 16834 16835
1 19145 492569662
2 9989 103
1 15343 740916046
1 13572 417426305
2 12490 6670
1 17779 129293790
1 13730 663129502
2 5833 5239
2 9880 2223
1 12261 861758745
2 7943 7798
1 10247 582294396
2 11298 5105
1 12915 191834522
1 13922 818543172
2 12104 12766
1 16027 704072612
2 1820 1821
2 6368 2102
1 19461 447523904
2 4062 4063
1 12954 72471576
1 13401 899939907
1 10495 730594090
2 3561 13779
2 12326 12327
1 15041 366535357
1 19115 151183367
1 12237 578013412
2 5781 19340
1 15251 776596055
1 19563 207914057
2 8250 8251
1 11624 23551323
1 17027 525407146
2 8724 8725
1 11804 209523991
2 10054 10055
2 10254 10255
2 9072 9073
1 15979 447462559
1 18148 290205392
1 12213 168616426
2 3294 3295
1 14395 895138853
1 14041 792971884
1 19487 262203933
1 12735 700515549
1 17971 327106634
1 15174 53481824
2 19324 19942
2 9138 9139
2 11782 11783
2 942 943
2 9372 9373
2 6176 12269
2 8312 8313
2 17144 17145
2 2882 2883
1 18376 678280155
1 16016 379301047
2 11765 6385
1 16617 855039952
1 14694 219054774
1 18594 958926457
1 15347 75618645
1 10948 983948482
1 19782 741142140
1 16171 717316206
1 15631 991055843
1 13942 212365507
1 15716 23863365
1 14306 225428328
1 13303 77798975
2 4781 10214
1 13481 869111468
1 14329 344027417
2 7130 7131
1 11361 803464459
2 3884 18795
2 15122 15123
2 8360 6110
2 8733 11854
2 17234 10925
1 15426 462081160
1 13772 422197584
1 13803 646215950
1 18982 924019578
2 11644 11645
2 9452 9453
1 19192 24992243
1 17597 500814543
1 13096 663686508
1 13035 511276332
1 16891 711857522
2 1120 8361
1 16207 111754326
1 13514 824854339
1 12971 798150341
1 10561 19830996
2 11385 2448
1 15128 836194235
1 12187 461439183
1 12878 543027601
1 15436 576800119
2 3896 3897
2 7948 6737
1 18979 536419018
1 10333 602001808
2 9022 9023
2 10216 10458
1 19730 871122750
2 3458 3459
2 4321 19681
1 16908 343212342
1 17360 839496325
1 15460 197309845
2 336 337
2 7322 7323
1 19680 946980492
2 7258 19025
1 12678 165429788
1 11030 636017894
1 11284 782807293
2 17375 3296
1 15677 976822518
1 15372 553306959
2 4769 8676
1 15376 194649793
2 4984 10779
1 15919 419921002
2 7655 16497
2 9778 9779
1 12104 76357696
2 1097 5164
2 8407 18789
2 5964 5965
1 14853 707110258
2 10256 15907
2 3821 10842
1 11579 911814895
2 17635 2799
2 7610 7611
2 9312 9313
2 14812 14813
2 4322 4323
2 9754 9755
2 3838 13292
1 15444 171125292
2 11998 11999
1 17081 206292861
2 9200 9201
2 5492 5493
2 18946 12316
2 1532 13401
2 826 827
2 3444 3445
2 1329 5203
1 16121 593372027
1 12561 422777002
2 17678 17679
1 19861 921306753
2 18776 18777
1 19995 149766458
2 5554 8274
1 12592 9508588
1 13806 251911372
2 4282 4283
1 18882 630586479
1 11068 568519601
1 11232 386886161
1 12431 460764649
1 11514 326600654
2 13489 8842
1 13484 278050049
2 11127 10862
2 8590 15264
2 11086 10738
2 17846 15317
2 3315 18907
2 708 709
1 12234 332370237
2 7219 10015
1 10436 486254159
1 11310 733009280
2 12810 12811
2 14534 14535
2 15055 19106
1 11722 408758129
2 11980 5332
1 19203 947702626
2 16392 14276
1 14188 55062802
1 15622 75647650
2 4779 6741
2 18296 275
1 12916 578847409
1 10989 704127504
1 17195 134918554
1 19866 277122413
2 1001 4953
1 12967 216842647
2 12900 12901
2 13592 13593
2 6428 6429
1 12382 210620480
2 17432 17433
1 19053 139179501
1 16529 197737768
2 6840 7634
2 12974 12975
1 12526 31707720
2 11230 19712
1 13163 513178686
1 19903 890104882
2 1441 3517
2 260 261
1 13533 39082341
2 10270 10271
2 5318 5319
1 16012 20828603
1 15602 518673893
2 14289 4146
2 17660 17661
1 16159 672319429
2 15026 15027
1 13194 288716834
1 11230 434529365
1 16695 231708483
2 18474 13093
1 15389 664163455
1 13110 336090427
2 334 335
1 12557 460116622
1 19881 987492538
2 10972 19168
1 18887 104637497
2 14533 9259
2 16082 16083
1 18422 918411777
1 13262 900031789
1 17576 444045803
1 11182 772086104
2 6876 6877
2 19670 19671
2 2812 2279
2 4568 4569
2 13195 5897
1 14151 970379186
1 18139 186090524
1 15044 491218332
2 9087 19946
1 13708 191438005
1 11768 634818983
1 18298 628201932
1 16115 74731636
2 11516 11517
2 14749 6945
2 5674 5675
1 18439 700916057
2 19254 19255
2 18204 1849
2 7107 11903
2 16220 16221
2 4132 4133
2 16844 16845
1 12031 625367264
2 4212 4213
2 5276 5277
1 12242 137179791
2 11494 11495
1 13322 925419901
2 9464 11631
2 5276 5277
2 7784 7785
1 17611 623359682
2 3718 3719
2 10191 6817
2 4080 4081
1 13174 395574898
1 16432 350195418
1 11568 6559069
2 7160 7161
2 10690 10691
1 18583 450364520
1 12369 874743225
2 14638 9287
2 6468 6469
2 9644 9645
1 19760 343514621
2 4517 1942
2 14952 224
1 18005 294614338
2 17794 11095
1 18681 946428283
2 11039 12802
1 17601 574701965
1 17382 834135134
2 2154 3959
2 1551 2534
2 1261 4663
2 3592 3593
2 10557 1166
2 8764 8765
2 10409 925
2 4362 5641
2 2258 2259
1 11871 530925101
2 8726 8727
2 1427 419
1 14935 428782503
2 3620 3621
1 12767 747437929
1 11382 619674110
2 3013 6997
1 14516 378411387
2 9948 9949
2 15990 18760
2 13158 13159
1 19604 780522839
2 19549 11571
2 6346 6347
1 15630 427292281
1 18534 463440680
1 16105 39515392
2 15416 15417
1 18466 537126535
1 17411 756562166
2 12114 12115
2 9390 9391
1 11044 736741538
1 19765 194244601
2 10978 10979
1 11024 565744639
1 16228 620166253
1 17931 261287191
2 12384 12385
1 15208 745479956
2 11744 11745
1 13178 33421123
1 11468 733306939
1 14369 381872623
1 10140 293960266
2 17025 4676
2 14458 19909
1 11908 865202496
1 16981 330576652
1 18837 954288041
1 11822 721422055
1 15904 113131559
2 16570 16571
2 748 749
1 13759 106874866
1 10656 13879509
1 13326 698932571
2 12792 12793
1 12053 816198048
1 16764 716649071
2 1696 1697
2 112 113
1 15544 942456578
1 13825 479351633
2 13278 13279
1 10184 320913392
2 6256 6292
1 15974 543033770
2 2792 2793
1 18360 550110612
2 18466 18467
1 12587 884625292
1 15146 720163191
2 3588 4018
1 17344 759249970
2 11064 11065
2 204 17719
1 18202 751266620
1 19104 984526551
2 10263 3195
1 18505 171498618
2 2889 16236
1 15008 301296563
2 4354 4355
1 18092 815349089
1 18159 227285594
2 17606 17607
2 7690 7691
1 14978 669066239
2 10896 9793
2 19253 12370
2 8096 8097
2 5600 5601
2 11053 14369
1 14892 659924362
2 16895 18476
2 4114 4115
1 14153 851729771
2 8286 17043
1 12370 900566892
2 9715 10481
2 6247 2069
2 17504 8151
1 15801 954045073
1 15440 667632554
2 15002 15003
1 19828 391173790
1 18798 862274666
2 19134 19135
1 13649 649223178
1 19330 359957942
1 14490 914971215
2 17742 11030
1 17112 219477593
2 10232 17303
1 18053 756762597
2 17121 2753
1 19175 950903084
2 16445 1566
1 16998 379618097
2 1038 1039
1 12852 602890269
2 11482 11483
1 17375 105746068
2 7714 1983
1 17330 582922782
1 15114 89666585
1 18059 328534208
2 220 221
1 19072 105178830
2 5161 12062
1 17688 641103482
2 8226 5143
2 16008 6075
2 14414 14415
1 14824 711057078
2 8116 8117
2 4074 4075
1 16353 410285820
2 236 237
2 1169 12290
1 14790 987474184
1 18712 14388302
1 14187 440392011
1 13696 605913096
2 7062 9363
2 12482 12483
2 10696 10697
1 11184 967299469
1 10634 670152188
2 6697 13967
2 2700 13315
1 14487 431928453
2 2002 15935
1 14258 875651810
1 17178 683411701
2 321 16436
1 11859 869322266
2 1214 794
1 18336 959731733
1 14539 689283145
1 17489 439955223
1 14430 957737558
1 19185 112894412
1 19588 436007159
2 11650 11651
1 18978 370686284
2 8412 6454
1 17842 204304492
2 17238 17239
2 8232 10627
2 13500 13501
2 18363 8388
2 3621 7602
2 19278 19279
1 18953 570318006
1 10646 717478227
1 17002 51128667
2 14508 14509
2 14227 2724
2 9986 9987
1 12491 590242360
1 17294 203183662
1 19256 387599915
2 7664 7665
1 11858 115138001
2 8106 8107
2 8857 9702
1 15841 373345954
2 14092 5736
1 16440 475238007
1 10447 282559887
1 19701 262807574
2 1032 1033
1 12091 955414816
1 14108 771951177
1 10949 387056563
2 16036 16037
2 1634 1635
1 11067 146384807
1 12336 104844421
2 16716 17570
2 10130 10131
1 12429 801978072
2 12100 12101
2 670 671
1 15937 118209747
2 13274 13275
1 14424 881626692
1 11199 688695213
2 2304 19272
1 15628 279109257
1 17256 317807535
1 11862 883849496
1 16352 684355504
1 19680 539682137
1 17469 254337794
2 4616 7670
2 16014 16015
1 11235 780595629
2 4603 13987
1 13683 547026178
1 15885 310869520
1 10115 470227729
1 14060 161487008
1 14808 370893393
1 15654 216018303
1 19104 754055675
1 17568 941723128
2 7306 7307
2 298 299
1 16697 175843972
1 16328 374115249
2 1754 14264
1 15845 181962290
2 2075 17471
2 7116 7117
1 15283 579735396
2 3369 18602
1 18672 342581216
2 5544 5545
2 12426 10945
2 18628 18629
1 14310 457404248
2 5610 5611
2 7894 7895
2 14022 14023
2 18865 17982
1 17609 51605425
2 18339 12792
2 425 8053
1 15679 244325133
1 15005 132142726
2 10955 8571
1 17700 29880663
2 2532 2533
1 18901 817406928
2 19303 7581
2 957 285
1 12513 441526731
1 11323 111193639
2 5042 13815
1 13660 685205688
1 15525 293944749
1 15317 595497402
1 17553 307457821
2 15848 6364
2 12056 12057
1 11768 556134552
2 18504 8399
1 12966 217662514
2 14033 8028
1 10498 456343131
1 14306 742641270
2 15136 8877
1 16020 561193097
1 11626 814542784
2 1701 533
2 6093 7687
1 10731 154437910
2 4254 4255
1 14840 15472066
1 10928 231352768
2 14096 13858
1 10770 850877914
1 12697 24889331
2 5387 10822
2 17910 17911
1 10208 476362117
2 7222 7223
2 88 16247
1 16551 19571283
2 3891 12747
1 16403 170276269
2 13399 191
2 18754 15858
1 11445 152924711
1 18323 451853431
2 7882 7883
2 2574 9966
1 12268 148022316
1 14110 371629748
2 10876 10877
2 9380 6883
2 3851 1996
2 6064 17726
2 18170 9735
2 14276 14277
1 17289 252132047
2 16184 16185
1 11360 110378354
2 1904 1905
1 17624 13168137
2 4430 12407
1 15284 705786337
1 10225 645127192
2 17518 15013
1 18573 12632819
2 2343 9123
1 12951 148407573
1 15696 37279000
2 3416 3417
1 14445 566071327
1 12898 471445696
2 4775 6339
1 16475 486018989
1 10649 847394999
1 10856 416641106
2 13375 17862
1 12720 531310297
2 5614 13723
1 12736 200223242
2 7826 7827
2 15573 11689
1 15377 657722750
1 18915 952660337
2 6234 2883
1 16294 840147207
2 6962 6039
1 11727 324051741
2 13120 13121
1 11921 69155271
2 12718 9784
1 14342 825261886
2 1533 2644
2 3920 3921
1 17734 917252762
1 10446 841877066
2 2995 11515
1 15702 636171791
1 19068 631305289
1 15875 968737493
2 18822 10255
2 6569 15187
2 10026 10027
2 14480 14481
2 18830 18831
2 6265 14846
2 1223 10035
1 12999 110808679
1 15960 240885295
2 18556 18557
2 6117 14635
2 5218 5366
1 17363 926800630
1 18433 529586836
2 10756 10757
2 6070 6071
1 14649 987980380
2 18088 6390
1 16190 50528889
2 11424 11425
1 13379 144209559
2 13827 16467
1 10285 369418032
2 17675 5945
1 15248 278782703
2 8190 8191
2 17134 18573
1 16819 417380499
2 2798 10200
2 9142 9143
1 13057 717781808
2 9146 9147
2 14454 12810
2 18358 18359
2 16987 4118
2 16770 16771
2 15502 4650
2 10776 10777
1 16241 134149789
2 13430 3063
2 12306 12307
1 11366 909140290
2 2706 2707
1 13929 89400436
1 12973 814794687
1 11104 882942901
2 17197 5014
1 18747 155547287
2 4962 4963
1 10930 240822326
1 16843 640726624
1 15296 407955108
1 15882 475929825
2 51 6477
1 10342 121146379
1 12146 234329104
2 7842 18905
1 12779 203872560
2 1436 1437
1 12459 576022491
1 11599 511455064
1 18033 181969208
1 13685 306627241
1 18877 941242119
2 16789 5596
1 12640 751669064
2 13265 1340
2 9903 18023
1 11933 747433741
2 1308 1309
1 19574 325687137
1 18231 160306780
1 12505 649802235
2 4186 4187
2 3952 3953
2 8372 7651
2 6100 6101
1 11927 232432136
2 16468 16469
1 17291 819662722
1 17273 67652077
2 4814 4815
2 14548 16829
2 9850 9851
1 12807 36066634
2 15282 15608
2 916 917
2 11824 11825
1 17802 253371252
1 10278 703964729
1 12674 121961105
1 14352 647662382
1 10755 474537845
1 11989 318793960
2 1658 1659
1 19957 757871094
1 13816 346951367
1 12056 827656601
2 11472 11473
1 14240 440722056
1 17918 204565123
1 16130 83596785
2 7005 13412
2 9980 9981
1 10918 41152592
1 12569 942137850
2 2880 2881
2 18837 10947
1 10582 310990364
2 13035 2900
2 8610 8611
1 18746 468054318
2 16338 12503
2 11486 14779
2 6477 17573
2 14904 14905
1 10387 432269409
2 12142 12143
2 11198 880
1 13325 722881943
1 18428 373746146
1 15166 27007320
1 15686 204391396
2 8346 8347
1 18368 26525916
1 16635 311189767
1 14554 587481324
2 1015 7289
2 7153 13786
2 4112 4113
2 12386 13689
1 19410 746281395
1 18140 208422278
1 17755 67262222
1 13906 405093999
2 17414 17415
1 10965 597419117
1 18841 433085797
2 11757 3891
1 12738 303346942
2 11088 11089
1 13663 380056181
1 18436 317628876
2 17076 18118
2 9370 9371
1 18877 489606878
2 8714 4528
2 17158 17159
1 13436 739094063
2 15941 2070
2 19392 19393
2 9188 6404
1 11908 519405975
2 7776 9970
2 18846 10147
1 17128 138645578
1 10811 465035396
2 14950 14951
2 19852 19853
1 19562 343105466
2 10867 14299
1 16677 740833817
2 13238 16489
1 12562 634181222
2 15160 15161
1 16191 336448407
1 12932 439437313
2 2123 1303
2 3982 15822
1 18085 491137664
1 12791 864128502
1 11800 454309322
1 19909 583602299
1 10056 377282624
1 17278 434897979
1 14266 438231206
1 17047 534730646
2 8738 8739
1 16868 747259196
2 5886 5887
1 18527 765311061
1 18821 550998704
1 11187 493894018
2 16986 15484
2 3300 3301
1 15882 225305068
2 13358 13359
1 10041 48322413
1 10648 972299137
1 16740 715645702
2 6931 8860
1 11906 650540375
1 10530 969554356
2 11969 3411
1 16637 509305691
1 10837 227254440
1 15141 620102541
2 362 363
2 10275 13467
1 14523 549697151
1 14455 477434284
1 18377 7827584
2 2042 2043
1 10712 680679127
2 19504 19505
2 3816 13639
2 8791 17878
1 12233 535807339
2 12564 12565
2 17076 8006
1 14220 754703003
2 14012 10088
1 10744 563906923
2 9502 9425
1 14174 572166615
1 10818 84213510
2 9422 9423
2 4670 4671
1 16647 481468657
2 2900 2901
2 11100 6311
1 14483 481713875
1 11151 564621625
1 11807 469330978
2 2212 2213
2 11518 11519
1 10186 246163335
2 8208 5717
2 10557 5353
2 4400 4401
2 8936 11782
1 14295 250827521
1 14828 273656523
1 11771 97372335
2 18934 18935
1 15010 628534810
2 18834 18835
2 6166 6167
2 10850 17650
2 7349 2422
1 16401 875057272
2 6668 6669
2 11917 3283
2 18797 4151
1 15924 857812894
1 11417 830297090
1 12630 392315355
2 15497 18532
2 9388 9389
1 10310 22668794
1 15614 353965784
2 15877 2292
2 3096 3097
2 19281 1482
2 4436 4437
2 11310 11311
2 4862 4863
2 14281 8559
1 16601 454499338
1 10970 294877799
2 13530 13531
1 12817 970195878
2 7650 18754
1 12070 487580571
1 18869 229628110
1 17181 530878074
1 19449 439606223
2 18533 9757
2 16944 16945
2 12905 13928
1 10069 394190989
1 17214 386548455
1 17809 153911475
1 17578 588411821
1 19261 418565118
2 1812 1813
1 15554 889970864
2 7014 7015
2 6694 6695
2 17760 7428
1 12969 58109644
1 18870 321016114
2 12446 12447
1 11429 574585031
2 16511 9493
1 13505 34757307
1 15268 75169742
2 18118 15930
2 1850 15640
1 11548 828497563
1 18074 951815182
1 17250 591419195
1 10970 641872366
1 12182 21349377
1 18059 758030737
2 12488 12489
1 19653 979196065
2 9296 9297
1 11655 969444274
2 1480 1481
1 18921 533704830
1 16429 868100325
2 1 8707
2 13493 3451
2 19068 19069
2 50 10826
1 16408 158729790
1 16267 573607439
1 14384 29016170
2 5188 5189
2 18544 6951
1 14297 26457749
2 9026 18056
1 12226 863131105
2 4334 2008
2 9199 17276
1 13692 304977655
2 7912 7913
2 17198 17199
2 15575 13996
1 12975 803919080
2 10944 10945
2 14432 14433
2 8849 16613
2 12810 9662
1 19196 707103081
2 8090 8091
2 14546 14547
1 11620 490011485
1 10099 635130841
1 18946 734996102
1 12712 765609688
1 15930 727657268
2 15031 259
1 15244 331881417
1 19384 876522189
1 19208 69850887
1 13202 513385418
2 18360 18361
1 13628 149274
2 2222 4213
1 15921 97348433
2 8356 8441
1 10352 453151478
2 2663 19553
1 11034 671479940
2 17430 17431
2 14494 14495
1 14539 482279620
1 15844 86680225
1 14879 133399471
2 9877 13945
2 13891 11772
1 13515 82886433
2 10246 10247
1 16291 836435136
1 14147 567367186
1 16385 500820095
1 13531 928903825
2 5878 5879
2 4474 6916
2 4676 4677
1 17929 192480933
2 8862 8863
1 12968 530242857
2 4640 4641
1 16514 469496093
2 14688 14689
1 12292 381821037
2 4949 5724
2 19088 19089
1 15960 128932055
1 16225 410864770
1 13022 92512656
2 14348 6927
2 7604 7605
1 15676 982460766
1 12246 264189074
2 10324 10325
2 6596 18447
2 10086 10087
2 18176 2382
1 19608 78689596
1 13679 218104842
1 16511 292068681
2 15904 19631
1 18585 453677000
2 14090 14091
1 13905 612565242
2 290 291
1 10797 868194252
1 17061 274722911
2 14482 14483
2 14230 6944
1 15408 527808016
1 13301 785178915
2 13425 172
1 12009 176215732
2 4474 11371
1 17672 497117445
2 9047 13798
2 8698 8699
2 12288 12289
1 18050 876595513
2 14924 14925
1 14431 493533951
2 8224 4127
1 14771 965010039
1 14409 617402044
1 10035 400330083
2 17716 8353
2 1412 1413
1 10760 84928445
2 15428 15429
1 19528 979761264
2 10952 10953
2 16442 16443
2 12759 5168
1 16502 131650274
1 11542 523817251
2 19941 16735
2 8404 8405
1 19744 967169771
2 9848 13126
1 15758 509735098
1 18165 783755163
2 7702 1764
1 13612 892119045
2 10048 10049
1 11607 890914347
2 3903 6275
1 12103 321232429
2 6254 7811
1 15949 61514060
2 5158 5159
2 42 15803
1 12913 595788471
2 3856 3857
2 2250 9177
1 17386 145537483
1 12110 264207186
1 10679 844510424
1 15264 829589149
1 15409 144486568
2 8654 8655
2 8351 11097
1 14192 265395514
2 1496 14953
1 16927 454131067
2 5557 12381
2 14511 4194
1 19964 349185973
1 18343 977193490
2 2965 8026
2 330 12923
2 3248 5094
1 17113 195916617
1 12864 561373936
2 3226 3227
1 17695 983044439
2 11696 11697
2 11116 11117
2 17465 8459
1 14305 56535846
1 18177 877366896
1 17857 56036268
2 1723 11556
1 17824 620298192
1 19493 97790271
2 17210 17211
2 19592 19593
2 556 557
2 14838 2786
2 12182 12183
2 10292 10293
2 5298 12757
2 12918 12919
1 13318 304742233
1 11473 139667155
2 13058 9769
1 13386 124637999
1 14542 755293392
1 16679 694200281
1 19695 447822330
2 6086 6087
1 13860 938934296
2 2242 2243
2 14966 14967
1 16425 379633671
2 16660 14209
2 9964 9965
1 17695 422220789
2 6904 6905
1 19162 780050801
1 15190 772824101
1 14560 56487461
1 11671 293040139
2 17913 1855
1 17526 405857091
1 13328 506365020
2 2679 1866
1 18621 35569064
2 6790 1182
2 18955 1565
1 13260 886625868
1 14156 925841506
1 10492 962286147
2 3086 3087
1 16375 503470979
2 9408 5536
1 17668 621272481
2 7853 17859
2 17547 5877
2 13556 13557
1 18622 531548239
2 11978 11979
1 17781 213761903
2 966 967
1 15766 188388025
1 10398 537835046
1 18406 1805423
2 8365 5652
2 5427 14176
2 5586 2433
2 3118 3119
2 2896 2897
1 17659 141065853
1 11298 406535370
2 7066 7067
2 6938 3609
2 3356 11961
2 19906 12179
2 786 787
1 19542 609523755
1 15113 192346525
2 16165 5577
1 15675 872266659
1 12688 676639813
2 19060 3144
1 18023 267532093
1 17752 785215921
1 10090 333639821
2 6442 6443
1 16853 797515800
2 17932 17933
2 8245 5311
1 18213 910397368
1 18196 811213082
2 3425 19354
2 2522 2523
2 9083 7118
1 14864 385149438
1 16379 720489771
2 16072 16073
1 15494 288108882
1 17613 576329784
2 9532 9533
1 15422 102410246
2 17352 17353
1 16890 376122257
1 10904 330229139
1 17768 655032392
2 9009 17992
2 10837 8428
1 11232 635652439
2 10959 2803
2 16772 4092
1 16055 250336964
2 16234 13000
1 10105 166534119
1 12779 20108417
1 12317 801969387
1 18982 652787077
2 15324 6999
2 11328 4335
2 5204 14262
2 16995 5489
2 11648 9330
1 10251 392432049
2 16717 13117
2 19868 19869
1 19040 683773314
2 11610 11611
2 6078 6079
1 17118 847961053
2 6358 3974
1 18983 459286419
2 4486 4487
1 15717 693412965
2 17893 1230
2 4664 4665
1 11807 992766895
2 12926 12927
1 17347 253945911
2 6738 6739
2 11410 2700
1 19154 441407096
2 5030 5031
2 16324 13872
1 19164 358927774
2 7274 7275
1 15264 497999927
2 13900 14651
1 15311 966521767
1 14308 765665909
2 9390 9391
1 12705 473970298
2 17836 15227
1 12585 232896850
2 14866 6063
1 11321 173606081
1 12385 169955262
2 14016 14017
1 16448 595874629
1 16835 124914570
2 16993 6780
2 1230 1231
1 18169 272994461
2 12992 12993
1 14456 519444595
2 18081 10040
1 17590 802832439
2 2073 15321
2 5842 5843
2 16588 2445
2 16344 14703
1 17937 588267816
1 13507 79167809
2 5486 7958
2 7966 14382
1 13084 631633626
2 17846 17847
2 17158 7566
1 10986 490414780
1 18530 712705972
2 14328 14329
1 15434 765156078
1 17050 704095480
1 14393 295631755
2 9458 16926
1 15596 790535856
1 17414 400548279
2 17960 17961
1 11952 60920182
2 5488 5489
2 4120 15279
2 2485 12664
1 18698 228455904
2 15086 17091
2 5270 5271
1 17556 527743543
2 886 887
1 15063 983254548
1 16078 637829288
2 17144 17145
2 9052 3718
1 10149 235700805
2 10983 15052
2 13732 13733
2 7732 18950
1 13635 519326464
1 19751 667796645
1 10150 640880278
2 6750 6751
2 2618 2619
1 14921 983698675
2 6014 8856
1 16833 444333748
2 9516 9517
1 12180 921312331
2 3677 3242
1 16993 946316502
2 17300 17301
1 13618 75702742
2 8601 290
2 2928 2929
2 11710 7593
2 19244 19245
2 4766 3472
2 11944 11945
2 9663 15196
2 15166 2805
2 1132 3871
2 7108 7109
2 15228 15229
1 18227 899687744
2 19473 15613
2 4066 4067
2 5014 5742
1 17520 417712137
2 2192 2193
1 14997 793748951
2 2732 2733
2 18064 18065
1 17096 132186738
2 18714 18715
2 8818 8819
2 6694 1657
1 14344 627480545
2 8314 1762
2 8248 8249
1 13650 892037738
1 12294 160543642
2 3140 7126
2 17785 1866
2 13592 13593
2 8155 14488
1 14382 64569671
2 8862 8777
1 10458 173545617
1 17353 464541397
2 1436 1437
2 4537 879
2 6418 8825
2 8862 8863
1 12139 10001405
2 1653 6047
2 7986 7987
1 11789 679869804
1 12701 939975826
1 11922 311448316
2 10344 10345
2 3384 3385
1 18154 613202588
1 17794 594339582
1 12805 755452932
1 13822 657705112
1 13087 222853005
2 12070 12071
2 9742 9743
2 5382 5383
2 11838 11839
1 16295 155944012
1 19513 620125093
2 15646 15647
2 9222 9223
1 17842 886936113
2 13818 13819
1 11117 910688901
2 2526 2527
1 14231 751732081
2 12321 15631
2 6446 7991
2 15322 15323
1 13530 356253561
2 11834 213
2 9186 17327
2 2900 2901
2 17682 3198
2 17449 2366
2 5100 5101
1 18215 686142367
2 172 6220
2 6660 9896
2 19896 19897
1 12446 794553144
1 16321 167442127
1 19101 716007759
1 13613 934180068
1 14049 529729700
1 14368 810826947
1 17228 176783345
2 9952 9953
2 6019 12937
1 12311 484403964
2 19096 19097
1 14574 934054965
1 16705 311876831
2 13088 13089
1 18801 418070551
2 328 329
2 7608 2817
2 19986 19987
2 18068 11445
2 4341 2322
2 8422 8423
2 10996 10997
1 11261 219841151
2 6923 692
2 3526 3527
2 16320 1544
1 12304 148412324
1 10312 877272200
1 11987 883480551
1 15932 839913992
2 1926 1927
1 15443 750735965
1 17659 231380809
2 3957 9328
2 18624 18625
1 10825 478961427
2 17706 17707
2 10858 12559
2 1867 14045
2 16452 16453
1 13195 466323261
1 10691 912734481
1 18358 227514613
1 15739 72394917
1 16594 554683075
2 3720 3721
1 12345 732819235
1 13988 805737797
1 19990 838628111
2 19387 17583
2 13372 13373
1 12830 610733914
2 8285 8374
1 10645 899337917
2 10924 10925
2 1709 15064
1 14670 421912755
2 12379 6002
1 17785 310541230
2 2636 2637
2 16508 13517
2 7070 17025
2 2370 10660
2 6276 9627
2 6086 6087
1 18953 110622229
1 11569 30706733
1 14148 323655091
2 14755 13177
1 17646 375581169
1 12415 593014863
2 14875 13823
1 11954 563448091
1 13050 833141866
2 2354 2355
1 18647 660908580
2 4956 4957
2 8434 8435
2 8794 11332
2 3882 4415
1 19035 80091438
1 11868 839201878
2 15119 19678
1 12201 305548606
1 17908 984783002
2 2272 1599
2 4882 2776
1 15222 2148371
1 11294 395545756
2 7327 18652
1 15045 93143621
1 12157 282305675
1 17754 372724928
1 15872 178525977
1 11770 25996349
2 7612 7613
2 4162 4163
1 17338 683559133
1 16891 706190360
2 3850 3851
1 13007 369114625
1 19916 685569570
2 18048 18049
1 13237 177323993
2 16594 16595
1 19321 394677745
1 16814 243972296
1 13890 451695929
2 180 181
2 13428 13429
2 2488 2489
1 14509 817313386
1 19512 859210251
2 28 29
1 18014 660573684
2 11514 2804
1 14601 375861967
2 4282 4283
2 14523 11726
1 13975 541584677
2 12794 12795
2 4652 4653
2 11644 11645
1 11962 81288090
1 16790 329111914
2 1531 8463
2 10350 10351
1 19769 907435091
1 10121 236613150
2 411 13647
2 8994 5265
2 16330 16331
1 19604 379096847
1 16369 60314048
1 19534 502197610
2 6536 6537
2 11120 11121
1 17449 942065301
1 14870 346982964
1 17966 500831985
2 13672 9911
2 14562 14515
2 10150 10151
2 6986 6987
1 19242 564079196
1 17517 464532025
2 2480 2481
2 10938 10939
1 10133 246027321
1 18880 30205112
2 18586 18587
2 10456 10457
1 11431 84388944
2 1570 1571
1 15616 75183804
1 17402 232042757
2 14658 10802
2 5962 5963
1 12046 231518139
1 17466 412736416
1 11537 223627918
2 8774 8775
1 15837 33344545
2 2662 19392
1 15301 44429709
2 4010 9415
1 18720 619654688
1 18924 263994194
2 8022 8023
1 13272 268824538
1 15668 934276741
1 12217 469687762
2 17657 18473
2 18180 18181
2 15856 9632
1 10354 471576484
1 11550 430915105
2 1006 1007
1 19434 72590003
1 11374 923261562
1 13082 614075200
1 10725 196701515
1 18707 220082120
2 10098 19328
1 19102 427614064
1 16473 98202241
1 13861 348858536
1 13312 362914951
2 17917 9969
2 5234 5235
2 9784 14371
1 12035 678755332
2 15786 15787
2 16668 2645
2 11528 11529
2 5263 13670
1 10144 872835650
2 10602 8535
2 17389 11574
1 19815 888975334
1 13297 352811818
2 1302 1303
1 13485 592003089
2 15731 8557
1 13856 451832399
2 12302 12303
1 17654 157310041
1 10232 235572471
1 16800 586221448
2 11818 2533
2 3621 3700
1 10543 642922921
2 13444 18773
1 14401 267796675
2 6616 8991
2 1434 1435
1 18038 179678577
1 12168 601246723
1 12476 785003448
1 13652 915799796
1 19446 641654406
2 4956 4957
1 11271 734471532
1 18247 240516731
1 10138 801988758
2 15568 15569
2 4428 4429
1 11646 724471993
2 3893 1536
2 14990 14991
2 12564 12565
1 11341 86468819
1 10030 583717184
2 4413 16895
1 11651 934702883
1 10508 625943498
1 13335 298167991
1 14096 93784228
1 17665 347467714
1 18967 150873163
1 16387 837539852
2 11948 11949
1 17211 967373602
1 17322 694845768
1 19456 81066576
1 10411 820869299
2 14114 19361
2 8588 8589
1 10591 804492497
2 4645 3676
1 12398 993442257
1 18125 363688990
2 19708 19709
1 13730 240661426
2 5512 5513
1 10509 142463469
2 2342 1297
1 13132 743609571
1 18511 650857140
1 15268 226434085
1 19817 305464857
2 10759 5133
2 6074 10520
1 17285 75993055
2 10546 10547
1 14246 398076437
1 15457 997298325
2 18271 18404
1 10102 543244295
2 13661 6683
1 11661 311858534
2 5532 5533
1 13410 746197717
2 4928 4929
2 18658 11890
2 346 7808
1 16685 132010564
1 15837 984090709
2 18811 16678
1 15560 495151466
2 19892 19893
2 370 371
2 19042 19043
1 19093 387342084
1 18420 627506322
2 15988 16512
1 18165 686212469
2 14782 14783
2 15409 4093
2 8670 8671
2 2978 4479
1 11906 384918482
1 15871 571211605
1 15277 264324039
2 12730 13429
2 18200 18201
2 2858 2859
1 11006 952163309
2 9130 9131
2 7738 4219
2 14032 14033
1 17860 713347869
2 13318 9335
1 19746 397065867
2 11958 18457
2 9408 9409
2 6068 17974
1 10976 660897739
2 6178 6179
1 11430 193906091
1 10651 1486869
1 11419 880819661
1 15915 876427916
1 14818 274436725
2 5994 502
2 9596 4179
2 1748 14809
1 16473 804130853
2 16853 3794
2 16775 139
1 14253 189673657
2 2551 2368
2 1796 11640
2 6728 6729
2 380 381
2 7505 5638
2 988 989
2 6501 7267
1 12473 710784162
2 694 6495
2 7820 7821
2 3405 18039
2 839 6396
1 11576 575367832
2 7549 11150
2 3177 3519
1 13074 134864524
1 10198 377086870
1 14363 772031036
1 19536 710150735
1 12850 459516905
1 17815 330917975
1 15028 206236129
1 18519 987191823
1 17572 883625316
1 14424 214619662
2 6360 6361
1 17580 431890097
2 16648 16649
1 13559 906630689
1 10442 601311888
2 1810 1811
1 13074 408228698
1 10546 585628690
2 12022 12023
2 1440 5016
1 14532 110464836
1 10839 984237499
2 4948 4949
2 19636 1545
1 11379 976252440
1 14345 444610422
1 12427 7361986
1 10203 255934302
2 8346 2968
2 9838 9839
1 17876 10401431
1 19023 169776922
1 14382 443227188
1 16826 292817487
2 18802 18803
1 13781 139076783
1 18548 414595576
1 19081 130521383
2 14870 14871
2 4008 4009
2 8343 3239
1 12595 56740040
1 15127 924320723
2 6020 6021
2 8754 1825
2 11702 11703
1 14515 529438015
1 19272 993217878
2 16219 962
1 19039 979663290
2 14590 14591
1 14851 878085547
1 12179 537331698
1 18878 597628894
2 8464 8465
1 17614 979533203
1 19913 704513887
2 1330 17861
1 11280 296222245
1 14681 902647624
2 5016 5017
1 15597 432405934
2 10686 10687
1 14645 576291311
1 17193 844297947
2 1384 1385
2 433 588
2 1951 347
2 17152 5887
1 18391 141502715
2 6432 6433
1 11186 485030603
1 19927 278150550
2 18303 1608
2 18742 18743
1 18265 442038679
1 13454 446826395
2 5844 5845
2 17377 180
1 14373 821078433
1 13303 184803227
2 9264 9265
2 4053 5471
2 3824 17178
1 12722 143333301
1 16957 862843085
1 11158 66228798
1 18278 256146170
2 17107 14599
1 18684 477588571
2 8125 13718
1 17217 373996383
2 7938 15198
2 744 6489
1 14305 439340899
2 16780 16781
2 6096 6097
1 15677 186333826
2 3946 1839
2 15274 15275
1 16078 898771733
1 15404 916178332
1 11955 341101998
1 10351 654535260
2 1898 2516
2 5218 17084
1 17202 396477706
1 10254 576273188
1 11087 157126071
1 15913 644777838
2 13282 13283
2 3617 15365
2 3652 3653
2 16744 13919
2 7980 16947
1 19653 490400434
2 326 327
2 3129 6823
1 12250 9499951
1 13653 80029229
2 9741 14107
2 6603 6568
1 16693 48267714
2 1246 1247
2 8783 8743
2 5664 19876
2 3720 8922
2 11206 4365
2 6440 6441
2 19558 16389
2 5058 5059
1 15293 833905801
1 11845 442043554
1 11443 981688138
2 10240 883
2 19948 19949
2 2288 2289
2 2632 2633
1 18746 335667957
1 19550 334355542
2 5744 5745
1 13709 569414154
2 12307 7472
2 17332 17333
1 18061 347829320
1 19307 741117218
2 18418 14791
2 2738 2739
2 3904 722
2 887 2773
1 10508 538080687
1 15171 842970369
1 14846 849289490
1 18381 815686859
2 9411 17875
1 16253 594130471
1 10832 387530833
1 16300 10564397
1 18642 474757434
2 10596 10597
1 11176 630135855
2 15714 3481
2 14061 1284
1 11101 666693126
2 10242 10243
1 16173 62928824
1 18601 988358533
1 12396 142869420
2 13849 10857
2 13021 18621
1 10663 519085292
2 10416 10417
2 17212 17213
2 3572 16663
1 19742 209990092
2 14608 6127
1 15070 48483960
1 10661 832119730
1 15361 905166783
1 11173 992080624
1 15170 706436967
2 8047 831
1 15740 119113184
2 16872 16873
2 2968 4673
1 18284 17607707
2 10376 10377
2 19670 19671
1 12702 296685961
2 10532 10533
2 9391 9967
1 17671 468888094
2 550 14533
2 4718 10257
2 11816 2639
2 17790 17791
1 10834 400601850
1 17050 618460966
2 11448 11569
2 10066 10067
1 16223 681783366
1 10581 943717759
2 1522 1523
1 12998 627628427
1 17645 817199390
2 1184 1185
2 19466 18398
1 16374 670882151
1 15641 36685501
1 15246 364495912
1 11398 128539100
2 9840 9841
2 4184 4185
1 12498 19534701
1 16601 185196717
2 11126 11127
2 2658 9602
1 16504 917728927
2 12074 12075
2 15018 2586
1 16698 851614510
1 15154 318384333
2 10338 5998
1 17001 224732357
2 10463 16704
1 16741 89119886
1 16044 176809436
2 5252 11253
2 6246 6247
1 11777 867849818
1 16433 217032931
2 17492 17493
2 6624 284
1 10603 361658895
2 8437 1811
2 15162 15163
2 8922 8923
2 8975 8471
1 16658 819498875
2 18148 18149
1 15197 482214517
2 8482 8483
1 12180 464388070
1 19569 573019145
1 17736 172157792
1 17349 19476776
2 16157 771
2 9009 173
2 5696 17992
1 12968 247336666
1 15231 606462312
1 16248 14686378
1 15841 605611007
2 4174 4175
1 15288 240116089
1 15394 482056275
1 15947 212473304
2 16850 16851
2 5717 4301
2 10797 3154
1 14580 535700071
1 18173 101445066
1 14587 210787511
2 4840 2922
1 12956 311073390
1 16452 456611708
2 9050 7380
2 6360 4680
1 19304 700225191
1 12006 828498779
2 16768 16769
1 17291 944258997
2 6514 5321
1 14548 32852456
1 19546 205692830
1 19308 638963205
1 16085 277946970
1 18137 610110453
1 12239 26138678
2 16492 16493
2 16278 16279
2 11402 11403
1 19677 959889134
2 16394 16395
1 10860 139493581
2 5566 5567
2 7934 7935
1 12644 122806936
1 13539 921743353
2 15879 9293
1 10540 64159391
2 9204 11194
1 17329 60045765
1 10949 815473203
1 16630 916627337
2 15012 15013
2 13138 19394
2 7654 7655
2 1860 1861
1 18661 239578910
2 15153 18536
1 14938 778998568
2 5897 15733
2 11834 11835
2 5892 5893
1 14323 313471726
2 17800 17801
2 9342 9343
2 14989 4806
1 10438 701832663
2 3463 12036
2 10994 479
2 10480 10481
2 6056 6057
2 16307 4260
1 12800 143639588
1 14828 628044896
1 19194 309765999
1 17057 640108728
2 2051 314
2 13668 13669
1 15443 200033882
2 5931 12247
2 16212 5048
2 19390 19391
1 17207 44495925
1 15837 212846589
1 18103 858707679
1 16962 436086324
1 18150 401185270
1 11509 987757282
2 14035 7716
2 15341 3967
2 2813 16771
2 18723 16586
2 12537 4660
1 12838 863189647
1 17607 694011268
2 8282 8283
1 11193 200056785
1 18479 145972428
2 18124 18125
2 3526 3527
1 10734 826797448
2 19071 16501
2 9758 9759
2 16886 16887
2 14477 10427
1 13623 833197370
2 11299 7553
2 18234 18235
2 16315 16188
1 19079 566390195
2 8233 13924
1 19577 926902476
1 19330 209984059
2 18478 18479
2 1366 1367
1 10423 121673752
1 10658 947272754
2 530 19566
1 19852 690518678
1 14474 374578523
1 14757 508670438
2 4188 4189
2 16806 16807
2 16587 11016
1 10254 536300120
1 19836 192456946
1 18181 980894363
2 4503 1160
2 6020 6021
1 16959 441273815
1 13772 139501490
1 15081 503675807
1 16761 136740889
1 10467 170346876
1 16371 925458658
1 14896 319823449
1 16266 171479287
1 14954 454533038
1 14520 440393002
2 16093 3293
2 19906 15867
2 12449 9963
1 16228 671389914
1 17968 5780227
1 12167 806652872
1 11378 560131252
1 11704 873211758
1 14096 119442211
1 10415 765497847
2 12606 12607
1 14885 798344103
1 17225 250752250
1 11836 792375544
2 6152 6153
1 15759 138630614
2 13576 13577
1 19222 66606533
2 9720 9721
2 13900 13901
2 7670 4956
2 1892 1893
1 18322 282955183
2 3560 3402
2 4774 4775
1 19401 359037026
1 10001 298174324
2 16056 16057
1 15866 519101265
1 15390 738764027
2 6397 16844
2 9577 9354
1 18912 217493156
1 13409 288102286
2 17420 17421
1 14761 14743692
2 13394 7067
1 18857 782850679
2 10024 10025
2 10470 10471
2 14713 16240
1 17751 491772701
1 12860 226462914
1 13797 292306345
2 6053 9952
2 5166 5167
1 10571 590567233
1 16960 346228256
1 12863 156333807
2 15074 15075
2 15364 15365
1 19842 387151117
1 18865 118154644
2 6184 5861
1 11555 946554883
1 12721 510658242
2 15328 10400
1 16435 5414938
2 6748 11026
2 3180 3304
1 19680 137812486
1 17791 129673657
2 1448 1449
2 10181 12882
2 14606 16512
1 14634 255232805
2 6466 188
2 5495 19163
2 14438 14439
2 1058 19742
1 17974 215096088
1 10940 6420512
1 16372 178697070
1 13641 824804598
1 16791 750594578
1 18668 943485458
2 8008 8009
1 12471 18292182
1 14965 170504095
2 16137 2288
1 10686 347334004
2 16261 19471
2 9824 9825
1 15063 100548695
1 19756 995381045
1 16468 290136927
1 19472 927421933
2 3609 13500
2 17892 9815
1 18950 789962022
1 10627 507963479
2 14048 6233
1 17828 80567576
1 18359 875661848
1 17271 871044997
1 13560 137788686
2 641 17773
2 2280 4981
1 13673 482775131
1 11118 953491046
2 15238 15239
2 14758 19034
2 10500 10501
1 14995 553744706
2 6514 10947
1 11906 845305572
1 11256 727764519
1 15266 261345901
2 17906 17907
2 1995 8159
2 9494 307
1 10523 763565487
2 16632 14074
2 3230 3231
2 14106 13072
1 17102 131348937
1 13639 786062798
2 12884 2790
2 16961 12663
1 12059 673429664
1 12007 431688836
1 13738 390185448
1 11600 631145900
1 11671 139053804
2 18964 18965
2 10529 2466
2 13400 13401
2 19958 19959
1 13001 389740291
2 18808 2573
1 17534 710574964
2 18472 18473
2 17353 7286
2 19592 7436
2 10702 11082
1 10275 356870160
1 12016 540458163
1 10671 497019631
1 10421 640579581
2 13408 13409
1 11306 343785575
2 9174 9175
2 9862 9863
2 9474 9475
2 14180 14181
1 16135 66961805
2 14325 14122
1 15740 419669207
1 12297 712944695
1 11176 53165843
2 10324 10325
1 16205 596609547
1 19823 225967789
2 18848 18849
2 1490 1491
1 19884 669650533
1 12538 920043939
1 12020 495595762
1 10538 578535909
1 14271 705143
2 341 1181
1 18276 889680094
2 7738 7739
2 6568 6569
1 15530 630520247
1 19473 391157188
1 18680 672188102
1 12702 709457768
1 18808 107045361
1 15494 965977075
2 14642 2695
2 11529 2500
2 12804 13579
2 530 531
2 12881 2047
1 16701 20370215
2 8059 3153
2 12254 12255
2 14057 3068
2 19035 11761
2 5594 5595
1 15356 50140046
1 11168 882688512
1 18804 300654883
2 517 12808
1 15718 700214507
2 1922 1923
2 17594 17595
2 14268 14269
1 16879 907792558
2 753 14805
1 12137 201704888
2 11091 1883
2 6226 5498
1 14158 784891645
2 3282 3283
2 17786 17787
1 10552 761030563
1 18809 942268444
1 17792 5273748
2 9068 15465
2 11486 11487
2 1297 6284
1 13236 444171402
2 14372 17229
1 13640 697790738
1 10733 903156073
1 16002 109944510
1 10433 745106102
1 19176 434091842
2 1671 8238
1 14038 841063467
2 9482 6721
1 13801 999062416
1 19826 805941037
2 18187 17335
1 15071 487439068
1 14104 122317396
1 18948 289232490
1 11636 239040759
1 10307 954453354
1 10547 112855287
1 12293 984860343
2 13446 613
2 9129 10030
2 7297 436
2 10566 10567
1 11111 931485668
2 18536 17388
1 19978 924090396
1 17041 838815711
2 11014 11015
2 17772 17773
2 8002 8003
2 6497 6594
2 7796 14117
1 13923 895724672
2 7678 7723
1 14281 3703982
1 19504 485855867
1 10496 404003960
1 13751 784348500
1 16727 971345142
2 17445 93
1 19049 929169193
1 19269 706734955
1 18407 320321024
2 486 487
2 26 8440
1 17340 888938938
1 13377 663754985
2 14749 13967
1 18938 401205223
1 11651 824818996
1 16793 17104226
2 17124 17125
1 14540 843965851
2 2708 2709
2 13124 3998
2 10352 5403
2 11086 11087
1 19695 118724242
2 2098 2099
1 14692 133411366
1 14186 412358044
1 18720 693438523
1 12023 824891938
2 8354 9313
2 8787 19144
1 14158 690437224
2 7092 19121
1 11380 967378623
2 12935 5192
2 4216 2227
2 744 745
1 19820 770161744
2 14090 14091
1 11660 558805132
2 16194 16195
1 11958 944665224
2 16114 16115
2 12048 12049
1 14011 194928826
1 13352 165930149
2 16856 16857
2 3933 19604
2 17447 5100
1 17688 665708324
1 11406 345981894
1 10950 892324698
2 9502 15439
2 12810 12811
2 10404 10222
1 14526 590423279
1 18797 216870866
1 17990 227579039
2 12342 12343
2 19106 1138
2 1808 6939
1 15011 174621130
2 5942 5943
1 15838 545597945
1 10116 617072393
1 17901 41865973
2 4098 19639
2 9028 9029
1 19112 37937820
1 16255 295527221
2 3194 11543
1 16260 626333481
1 18685 590817089
1 11564 156664391
2 12560 2088
1 10121 734261431
2 9176 9177
2 7604 7605
1 11938 584925736
2 4138 4139
2 1372 10043
1 15518 196724210
2 2393 7159
1 16069 518742771
2 8886 9395
1 19890 119064337
2 3091 10351
1 10692 819167510
2 12345 9729
1 10650 807921680
1 13496 296540378
1 18300 150773074
2 7476 7477
2 2447 4489
2 7035 15258
2 2226 8257
2 8709 17303
1 16194 185688954
1 12611 213977312
1 15660 170472230
2 3636 3637
2 2770 2771
1 18973 971760267
2 18558 18559
1 16084 331214788
2 4932 4933
1 18794 102351686
1 15468 478698278
2 3290 3291
1 12845 372374115
1 17210 358014805
2 13070 13071
1 10405 782313217
1 19581 490771429
1 15290 233432056
1 19421 59432678
1 10047 976502615
1 16944 779649442
2 13924 17780
2 16041 10225
1 17333 75317832
1 15014 793015686
1 18835 61129144
1 15105 655182815
2 18044 18045
2 10297 948
1 12701 707710574
1 17588 659477751
2 12883 2267
2 16157 4189
2 5140 15266
2 9090 10916
2 1694 1695
1 15127 543773791
1 11573 209094488
1 16756 381770264
1 14547 590193572
2 11940 11941
2 392 393
2 3473 5315
2 12986 12987
1 18639 170527787
2 13660 13661
1 15581 920943439
2 13668 13669
1 16733 328517348
1 10019 266903570
1 10196 285838501
2 17942 17943
1 16058 477083898
2 8084 3297
1 18377 771671639
1 18005 855807758
1 13407 693805988
2 5270 5271
1 11228 616941117
1 16481 681396739
2 8496 8497
1 18385 226100381
1 17850 296005610
1 13998 952719553
2 15499 6372
2 9328 11687
2 3683 4980
2 9510 9511
1 13600 678889089
2 2946 2947
2 5768 5769
1 10344 606233876
1 16498 671771526
2 14596 3973
1 16731 571350173
1 16818 415319427
2 14870 14871
1 17171 168057261
2 7522 7523
2 15842 15843
2 11860 11861
1 13696 522730529
2 10513 17827
1 19064 335684471
2 18194 18195
1 13129 995914941
2 11368 9622
1 13700 247871839
2 14352 14353
1 16565 592905858
2 14222 14223
2 11312 11313
1 15388 37671379
2 7914 7915
1 13337 285699392
2 18884 18885
1 11335 484209166
2 14824 14825
2 15442 15443
2 8556 8557
1 14542 827702712
2 11648 11649
1 10527 816794839
1 10624 107861693
2 11768 17989
1 13553 701990634
2 4266 4267
1 16124 611240254
1 10627 786725901
2 10146 10147
1 19830 721226963
1 16438 372409424
2 13743 18676
1 10093 407412324
1 10739 265459852
2 13036 14253
2 12993 3893
1 19449 709962104
2 11018 16484
1 10456 380021045
1 12165 944782361
1 10702 670426048
1 15302 603362957
2 6422 6423
1 16653 36023821
1 18587 922289651
1 12579 617200280
2 10838 16983
2 798 799
2 13288 16218
2 8824 8825
2 7978 7979
1 17671 788135202
2 7828 7829
1 16659 959263894
2 6825 18426
1 14254 610516790
1 19218 396235985
2 19298 19299
2 4660 4661
2 19745 16726
1 16879 604949093
1 12701 103544499
1 16272 270722877
2 1620 1621
1 11402 825986522
1 13075 753586698
1 19200 669387446
1 16970 809475570
1 10469 558904695
2 2614 14773
2 8779 758
1 15281 307457903
2 9884 9885
1 14715 590455915
1 13454 149522128
1 13022 440914238
2 8674 8675
1 17257 132957585
1 15666 431292617
1 11081 733766862
1 11693 143251379
1 16965 582791065
1 15852 815847236
2 8103 11061
2 12722 12723
1 19152 925708093
1 14611 224621401
2 8261 395
1 16649 586924493
2 6268 12674
1 17216 484888809
1 19499 822711426
2 16866 18473
1 15541 295569871
1 15295 692393757
1 19019 926155609
2 800 8175
2 18288 18289
1 11841 990735360
1 18125 253222710
2 5348 5349
2 6683 8345
1 10100 804538762
2 18140 18141
1 10194 529012816
2 11882 11883
2 2910 2911
2 8906 9932
1 17353 868152513
2 1404 1405
1 16415 870241715
2 12472 12473
1 10351 2459424
2 14782 14783
1 15249 743213600
1 12189 230951443
2 9648 9077
1 14041 90948851
1 17490 581603344
2 9605 7774
2 16266 19490
2 8926 8927
2 8144 11035
1 14663 944861489
1 18323 743956002
1 10406 949482313
1 19853 280956312
2 15193 4179
1 11135 261324695
2 15783 9822
1 14104 630387948
1 11629 696597661
2 2872 2358
1 11556 154771930
1 12119 565102772
2 12108 8412
2 10046 10047
2 7641 9681
2 12307 11560
1 19108 323882257
1 17684 692693819
1 11281 277926190
1 16099 143039299
2 12338 12339
2 6005 6695
1 16531 482166605
2 17796 17797
1 16629 330704881
2 14592 4903
1 12522 195273164
2 16904 14294
2 7256 7257
2 12588 12589
2 19490 19491
1 13295 459988077
2 6917 20
2 13714 8886
2 18701 2024
2 15774 15775
2 16640 16641
1 16187 464942453
2 400 401
1 19206 305682694
1 18530 128104087
2 5836 5837
2 7100 1026
2 8642 8643
2 13377 735
2 2415 496
1 18728 713949313
2 12256 12257
2 11104 11105
2 5215 17352
1 19183 880729489
2 160 161
2 10662 10663
1 18618 349838831
2 1106 1107
1 15713 192463472
2 17952 17953
1 15396 132649351
2 15174 15175
1 19697 385342588
1 19957 502050642
1 18613 542953639
2 2884 2885
2 17940 19872
2 10159 8905
1 17104 876540140
2 5210 5211
2 7246 5366
2 12389 4164
2 8618 8619
2 12424 7205
1 13079 325274223
1 13482 221278297
1 19041 312317960
2 5448 3181
2 13726 13727
2 11938 11939
1 14659 841305075
1 18310 565293617
1 11096 804754061
1 12771 701915960
2 12088 15331
2 9196 9197
2 8866 8867
1 14458 312296986
2 14846 14847
2 2102 19525
1 11251 739596651
1 18245 385739244
2 16576 16577
2 446 379
2 2922 2923
2 19081 7659
2 13628 13629
1 16334 926763049
2 5442 5443
2 10143 5463
2 19950 19951
2 4224 4225
1 11321 349110014
1 14830 981278070
1 16281 408546052
1 15403 685651261
2 11292 11293
2 12458 12459
2 4359 10155
2 9768 9769
2 1842 18237
1 16937 304557121
2 17586 17587
2 1034 1035
1 16468 682127459
2 12320 12321
2 11091 2262
1 19153 677713765
1 15608 827094108
2 1674 1675
2 5844 17260
2 7228 7229
2 11742 11743
2 13318 13319
1 10319 992082639
2 3026 11861
2 16408 11510
2 8428 2017
1 17727 771614511
2 5473 2887
1 11002 283097190
1 18967 304333730
1 17967 273389269
2 15630 11022
1 14659 776138361
2 12880 10468
1 14487 296956397
1 14436 109162578
2 14200 14201
2 9314 9315
1 10439 216520984
1 15071 666102175
1 14989 985593561
2 6294 307
1 18748 407836346
2 14622 18628
1 12084 425966952
1 19742 56553666
2 1779 5240
1 19098 849368313
2 15717 15849
2 13022 13023
1 13430 104232148
1 15228 580860676
2 8131 17081
1 15856 809555853
1 17892 622500556
1 14647 464973791
2 6208 6209
1 19863 314929135
2 1736 1737
1 15933 702987273
1 19055 643326849
1 18126 164014139
1 19283 666105463
1 17158 67496959
2 16600 16601
2 2170 2171
1 10033 635207640
2 10560 6628
1 15593 10607514
2 2210 2211
1 14315 661765566
1 13928 366116379
2 12058 12059
1 15709 918330932
2 13666 13667
2 11127 4439
1 10096 830672888
1 14525 252359840
1 19431 286402076
2 17286 10668
1 15501 384113118
1 12745 123449634
2 9972 17952
2 5436 5437
2 9284 9285
2 1834 1835
2 9668 9669
1 11233 202376230
1 17201 861407002
2 7394 15763
1 10948 300453336
2 9696 7651
1 19488 332241381
2 14442 14443
1 14129 732604692
1 17371 461246138
2 10208 3804
2 17174 17175
1 19791 653324933
1 11528 674190978
2 3060 3061
1 14903 664915577
2 19043 5613
2 6986 2474
1 12144 296884936
1 10621 360802712
1 14659 239659421
1 15401 790403420
2 10600 10601
1 13719 903187017
1 11176 961021956
1 10553 728539596
1 10504 49105920
1 10592 766749601
1 19096 165247724
2 18497 12435
2 12640 12641
1 11309 275587987
1 12600 908674661
2 5188 14751
1 11550 287272873
2 19404 19405
1 19763 6124110
2 13644 3578
1 18166 293799539
2 12825 14318
2 18307 11931
2 2914 2915
1 17653 629231025
1 19246 373669041
1 12907 445744046
2 17587 12287
2 2776 4262
2 17706 17707
2 994 995
2 12298 12299
2 171 2746
2 15350 15351
1 10691 60507340
2 11336 11337
1 14019 810051166
1 12917 168159833
1 10486 774668211
2 12889 746
1 12375 491753145
1 15980 943716996
1 18970 315007897
2 11632 11633
2 1800 1801
2 3056 11558
2 1544 1545
2 19274 1130
1 13802 582221805
1 12439 148318049
2 5640 8989
2 14346 14347
2 14812 14813
2 15968 8593
2 15478 15479
2 11084 7706
1 14809 916218406
2 14124 14125
1 18211 791728042
1 13727 47564696
2 18528 18529
2 19314 19315
2 474 475
2 4156 4157
2 13603 1481
2 4211 2091
1 12005 493089719
1 15265 379445849
1 13518 342524093
2 14720 2668
2 18527 13016
1 18192 201141214
2 10676 10677
2 10590 15340
1 19115 941490711
2 4198 4199
2 5232 8542
2 8426 8427
1 11998 582661012
2 3470 3471
1 18767 937401005
2 8009 1391
2 8119 5525
1 13023 992348553
2 10702 6511
1 17698 456735755
2 2864 2865
1 10174 97131390
1 17128 216002531
2 14864 14865
2 11208 11209
2 19873 3974
1 19567 49529813
1 10051 444135776
2 1277 3416
1 18678 351923490
1 16484 137127033
1 14183 49591568
1 14954 180377628
1 16577 833514254
1 11185 209009102
1 19195 415557673
2 1866 1867
2 3522 3523
1 13675 28159697
2 13788 13789
1 16115 934796434
1 12607 840432717
1 13262 458732020
2 2926 2927
1 15358 510788794
1 10891 890452768
2 7960 7961
1 11498 326474168
2 5369 3069
2 1747 6052
2 3776 17594
1 13833 235117864
2 16812 16813
2 16512 16935
1 11842 140605070
2 16017 4486
2 8129 6386
2 11838 4858
1 15457 394402115
1 18671 463048435
2 6615 16399
1 13878 373341552
1 13361 709499476
2 317 7498
2 15586 6211
2 8948 8949
1 13472 559509699
2 1791 9196
2 9160 9161
1 19935 965412982
2 10748 10749
1 14901 353349220
1 15569 274531857
2 2404 11950
2 18132 8742
1 17622 552953466
1 10492 453298356
1 19894 323203448
1 16762 596735210
1 19939 730703168
2 19654 19655
1 19420 790847815
1 19219 762697668
2 2146 3776
2 19304 19305
1 15420 472921514
1 18245 631687816
2 14332 625
2 9468 9469
2 14366 14367
2 4790 4791
1 14203 854878349
1 13485 60891282
2 14138 14139
2 14038 14039
1 15993 734953780
2 6612 6613
1 12129 773888931
2 8233 6567
1 11147 25905693
2 19423 5256
1 18173 878075232
2 1147 6851
1 16374 477341390
1 13102 607272396
1 12758 624951462
1 10358 345616772
2 14261 10915
2 12350 12795
1 15097 179803574
2 18280 18281
2 5462 5463
1 12976 514591558
2 16980 16981
1 19018 865769038
2 9388 9389
2 9787 12877
1 19537 439312741
1 14578 399792489
2 8752 3172
1 18768 176168056
1 12658 951584089
2 5018 5019
1 15653 431560805
1 15955 833775958
2 7864 7865
2 19676 19677
1 12273 357325426
1 18846 5535149
2 1439 3947
2 18640 18641
2 15887 19852
1 18973 93856842
2 15320 11110
1 19196 956198303
1 12163 116727261
1 16126 596359018
2 12269 17867
1 13679 800184443
1 14124 522864294
2 16144 16145
1 17781 19401177
2 5006 13428
1 13317 624236927
1 10376 638270260
1 14754 786140793
1 13519 84605025
2 1679 3138
1 17507 858498451
2 19861 3073
2 7492 8880
1 12523 220682565
1 10904 305670145
1 17739 685007326
1 18422 622673371
2 1410 1411
1 10558 364756836
1 19949 525396381
2 4128 4129
2 17630 17631
1 17394 287934247
1 13911 946732855
1 15174 48070017
2 8184 8185
2 9739 2512
1 11555 879318733
1 16120 966818518
2 13424 13425
1 15342 568832571
2 17228 17229
2 12154 12155
2 2039 13202
1 13453 114708182
2 3086 3087
2 9220 9221
1 18504 308229214
2 3037 1961
1 14563 932381588
1 10453 770292990
2 15570 15571
2 18065 2273
1 16066 80299969
1 15944 407281089
1 17382 205914280
2 2615 776
2 17381 10692
2 6792 6793
1 11189 766184023
1 18640 922911689
2 1522 1523
2 19897 7300
1 11993 124192383
1 17565 995242114
2 6890 7146
2 12914 12915
2 2048 2049
2 3090 243
1 18898 663940750
1 16600 489587248
2 18498 18499
1 19579 207051145
1 15051 26353793
2 10571 1535
2 17658 9976
1 14152 198821534
2 18082 18083
1 14076 406862778
1 17665 874395232
2 7174 10794
2 904 905
1 15086 939123854
1 15457 474329698
1 13767 211527364
2 9213 2474
1 18835 97450769
1 15092 358695585
1 11526 137571465
1 12567 286242075
1 10286 118481389
2 758 759
1 16455 983709895
1 17218 593951910
1 17802 904256661
2 3064 3065
1 10746 376603638
1 12209 438888299
1 19835 816868058
2 15404 15405
2 169 3083
1 11063 155844742
2 5798 9555
1 19008 479821214
1 14239 520532730
1 17087 942702632
2 17725 14694
2 3508 3509
2 2590 2591
2 16812 16813
1 10050 556817593
1 13296 964246899
1 16137 925829517
1 12059 785525732
2 15882 15883
2 14372 13877
2 13569 11488
2 7118 7119
1 11119 580113533
1 13112 986193555
1 13289 416555679
1 13283 163981219
2 882 2154
1 18457 245269549
2 16068 16069
1 14756 907425397
2 60 8552
1 10837 49576200
2 13324 17283
2 18630 18631
1 14326 538362764
2 8317 7077
2 10170 10171
1 16719 624325872
2 6800 6801
2 14310 14311
1 17443 660858779
2 3309 18840
1 18150 835465077
1 13281 936480666
1 15255 76629548
2 5480 5481
2 13234 13235
1 14059 537944313
1 11499 889773329
1 10923 691098973
1 10778 803172204
2 19360 8838
2 18718 18719
1 13216 283350181
2 15550 15551
1 15222 561130633
2 664 665
2 16146 16147
1 11602 636364757
2 13072 12542
1 10428 129945899
1 19320 775776627
1 17924 513391987
2 7028 7029
2 14116 14117
1 19714 131722841
2 13936 19458
2 8923 11283
2 1118 1119
2 3763 16591
2 4206 8670
1 12681 845293915
1 19695 146524811
1 18670 195448892
1 18088 12522798
1 14531 902167085
1 16873 76434331
2 12945 11561
1 12061 553868004
2 3800 3801
1 10643 922975684
1 11326 510211408
2 5756 5757
1 13472 2816553
1 18001 160753065
1 13715 686732443
2 10773 6926
2 676 6825
1 17432 140962912
1 11391 985269060
2 13069 16161
2 9442 9443
2 3984 3985
2 3406 3407
2 9648 9649
2 18302 18303
2 9079 12534
2 17868 9790
2 841 11270
1 10051 335219442
1 11868 515155958
2 18272 18273
1 19584 515726623
2 9152 9153
1 10295 537193041
2 15726 15727
1 13274 661151157
2 2044 2045
1 18837 755763790
2 843 9506
2 6861 9535
1 15493 835330410
2 3300 3301
2 4192 4797
1 12837 660548071
2 9679 13447
2 19368 19369
2 11906 5933
1 10715 614030939
1 12258 540067066
1 17048 246585407
2 7240 7241
2 9650 9651
1 12088 484008916
1 11178 827332696
2 11180 1503
1 13791 249388584
1 13764 872234484
1 18507 892995378
1 18760 217777183
2 19778 340
1 13503 887150276
2 7509 1869
1 14102 702805628
2 7797 14226
1 17110 723646050
2 4714 4715
2 18946 18947
1 13729 241302623
1 18832 208619620
1 12571 397301981
1 13177 617185512
2 16230 16231
2 10354 10355
2 1047 17752
1 14898 13162361
1 16429 44151001
2 6804 6805
2 13130 13131
1 10052 617511477
1 11360 903544668
2 12472 12473
1 15355 546576932
1 17984 636087308
2 1798 1799
1 13670 182499502
1 10675 175232105
1 12652 171471586
1 10418 27374331
1 18945 942566294
1 17483 542650032
1 17956 263862242
1 16135 123053506
2 6760 6761
2 1496 14761
2 7108 7109
1 13148 870724008
1 18167 73841351
1 14223 419140339
1 19031 976717723
1 12684 321966023
1 15796 834572691
2 18670 917
2 474 475
1 10340 59525276
1 10708 488608323
1 19645 812841689
2 5512 5513
2 8464 8465
1 15643 552839893
2 9462 9463
2 7343 2917
2 11741 6360
2 13120 9773
2 9862 9863
2 16373 11970
1 14661 226234746
1 19096 678574955
2 710 711
2 1072 1073
2 3423 19285
2 14578 1571
2 10599 16542
2 14449 14892
1 19650 526658496
2 1404 13590
1 11340 734338440
1 19354 443597661
2 18999 15739
2 2648 2649
2 2308 16377
1 12166 263357684
1 16473 717274329
2 16006 13623
1 18401 766725446
1 15499 107069915
1 12363 769215592
2 1512 1513
1 19477 322379603
1 19484 764448236
2 7212 7213
2 1127 9179
2 13114 13115
1 10604 417576282
1 10061 834753342
2 3241 14755
1 18603 344621172
2 3075 12881
2 19880 19881
1 19559 853369355
2 18356 18051
1 10733 552858476
2 12658 16875
1 17965 944926913
1 18202 166745975
1 12627 397607154
2 13248 13249
1 18196 757174446
1 12664 991697165
1 18756 476868458
1 16954 712919409
2 12044 621
2 18082 15842
1 17938 228324978
1 13969 744994486
1 19261 27030192
1 12805 193464940
1 19963 167424365
1 13104 501852344
2 1180 8477
2 19754 19755
1 11126 121192579
2 7765 19031
1 18075 690043040
2 19939 9819
2 10145 2103
2 12261 3550
2 8298 17903
2 9374 9375
1 10621 493483864
2 13932 4329
1 14436 367749251
1 14393 889666850
2 9011 2449
2 13495 1797
2 14845 8315
1 15391 561238887
1 18996 772543544
2 4375 16047
1 11052 22477415
1 11812 3180333
2 15258 15259
1 12577 368366932
2 646 647
2 16550 16551
1 12976 81634644
2 14554 14555
2 19704 11088
2 7144 7145
1 13390 731720669
1 17736 591459244
1 19203 73147684
2 986 19976
2 3446 4429
2 5799 17693
1 13958 950476817
1 18803 706403368
2 2706 11290
2 13666 12224
2 12208 7690
2 10180 10181
1 13508 806124894
1 11287 446927725
2 10194 10195
2 8494 8495
2 6896 6897
1 13925 97328997
1 18909 423445572
2 7449 9067
1 13041 171953585
1 17721 856621925
2 15306 19003
2 8624 8625
1 14601 723091811
2 14324 4139
2 4931 7154
2 14984 2184
1 17032 526291563
1 18779 579227264
2 19750 19751
2 7670 14102
1 18811 844884592
2 13016 11630
1 10967 32936867
2 16754 16755
2 7412 7413
1 17334 651185853
2 11798 11799
1 19126 141615864
2 16407 13722
1 15282 947599640
2 19166 19167
1 14272 303511952
1 18426 773258506
2 5724 5725
2 3798 686
1 11802 959169890
2 14736 14737
1 16082 349637789
1 13078 84094981
1 15062 774554700
2 12985 7567
2 1863 2110
1 13208 909067932
2 662 2938
2 9947 18608
2 4431 8202
2 5995 16699
2 5174 5175
2 2882 10754
2 14724 13516
2 5304 5305
2 7233 11274
2 8637 17565
1 14514 216873777
1 12782 222297149
2 7465 17154
2 8764 8765
2 441 5160
2 1622 16447
1 15342 180286663
2 13360 14362
1 16577 885792001
2 1699 4165
1 10817 863958140
2 4816 4817
1 11493 481210131
1 11152 57190468
2 2588 9181
2 18111 18782
1 10067 224207229
2 18198 18199
2 882 883
1 11525 414781572
2 14321 13052
2 3680 3933
2 19538 12498
1 17914 876173475
2 10313 17833
2 9924 9925
2 8916 8917
1 13605 45272635
2 18828 18829
1 10724 376133131
1 17958 893393620
2 18076 11903
1 10252 86005786
1 13435 158986038
1 12363 106981183
2 410 411
1 18020 797378149
2 18074 16099
2 15417 1885
1 11945 669129270
2 11022 11023
2 7726 7727
1 12170 771455296
2 2432 2433
1 14292 14319285
2 15270 15271
1 14489 739358093
1 11973 73905394
1 16860 909272510
2 3804 13933
1 13759 600628770
2 2252 5718
1 13227 580094605
2 10642 10643
1 16532 478832342
2 17592 17593
1 16170 312155568
2 450 451
2 5720 5721
2 1476 1477
2 1042 1043
1 12740 359212352
2 13880 13881
1 11582 932881877
2 5466 5467
1 17291 987609692
2 9284 9285
1 19824 30940036
2 8215 12908
2 7453 9779
2 13740 13741
2 17308 17309
2 1686 1687
1 16216 189065914
2 13663 19669
2 17946 19912
1 18207 859520364
1 11732 254615928
2 10008 10009
2 3345 2737
1 17925 964071048
1 13216 514215136
1 13317 763452731
1 11641 105033032
2 17784 17785
2 6894 2892
1 10609 770616657
2 9138 9139
1 14427 59259328
1 19681 445322239
2 15676 15677
2 5705 14189
1 18031 367873070
2 18411 4061
2 17512 17513
2 3094 8941
1 16162 894061136
2 13822 13823
1 18607 610348307
1 16503 29109443
2 973 14173
2 3780 3781
1 13995 618962351
1 16940 376235884
2 7432 7433
2 19300 19301
2 17897 2800
2 3092 4365
2 11446 2286
2 11608 11609
1 11238 457672128
2 3012 5550
1 19006 127271343
2 12156 12157
1 13072 882981628
1 18179 275667744
1 10642 892452661
2 16358 16359
2 1979 13428
2 10040 10041
1 10523 379932245
2 11602 11603
2 5979 1501
1 10104 398149080
2 9118 9119
2 17798 17799
2 15112 15113
1 18799 404625166
1 11622 782393862
2 2854 2855
1 17702 136279967
1 12387 127729568
2 10480 10481
1 15551 58354580
2 9112 9113
1 10796 436091751
2 18700 18701
1 10865 648889180
2 11144 11145
2 1506 1507
2 10860 10861
2 7018 7019
1 16249 471285567
2 17650 17651
1 10045 830766623
2 16160 16161
2 9731 17484
2 13554 13555
1 15836 268058412
1 17950 872986729
1 19964 681029524
2 15575 7754
2 17834 17835
1 12667 476334906
2 8206 8207
1 19015 118458604
1 13641 290293201
2 6330 3044
1 13764 283427509
2 571 13650
1 10682 19539122
1 19667 359089614
1 12677 373507689
2 3206 3207
1 17010 22518820
1 10953 58445612
2 15024 15025
2 7617 15346
2 19462 19463
2 6928 4668
1 16411 470897544
2 14370 14371
1 18892 279770306
2 18382 18383
2 13058 6457
2 9606 9607
1 12835 10142609
2 12890 14820
1 17326 275168742
1 14257 730003610
2 18703 16936
1 11203 882241324
1 16713 177182467
2 10769 1365
2 15298 15299
2 6676 6677
2 603 2586
2 2317 6042
2 14729 3248
2 4040 4041
2 14796 14797
1 16202 968442529
1 19375 775746780
2 16262 16263
2 2956 2957
2 15262 15263
2 19824 19825
1 10052 490681801
1 12274 25000294
2 9600 9601
1 19586 241991605
1 16056 257849833
1 13058 929615031
1 16694 661971585
2 17056 290
2 19672 19673
1 15420 889852144
1 11908 914904214
1 12158 355983471
2 13932 13933
1 18230 844639942
2 18449 468
1 11342 900183747
1 14703 93476237
1 17828 750593414
1 16490 108234883
1 17829 576650615
1 19124 78927064
1 10739 469656724
2 8372 8373
2 8824 8825
2 10364 10365
1 16469 362043657
1 16413 423266953
1 12496 142724389
1 11412 663919966
1 11526 656433536
1 12994 376868157
1 11542 512036015
1 12318 398853954
2 13990 13991
2 6926 4828
1 18609 322542681
1 14682 708515169
2 13764 13765
1 13658 780179011
1 19996 96947105
1 16678 714898023
1 14599 817130840
1 10850 404752043
2 4196 4197
2 14210 14211
1 16073 922496283
1 16101 857765013
2 15850 15851
1 17644 278677220
1 11838 604824873
2 7840 7841
1 10567 17226979
1 10333 984574204
1 17748 370940351
2 18602 18603
2 2172 2173
2 3370 12325
1 19565 611951634
1 12801 526665308
1 10265 19630135
1 10324 313329400
2 9198 1155
2 11785 2191
1 15676 705884095
2 19949 12110
1 18890 592076474
1 12147 112186612
2 13764 7081
1 12418 974700713
1 16396 775664393
2 11949 12013
1 13582 563774926
2 17830 18918
2 7600 4020
2 14504 14505
1 11491 944390854
1 10067 972862602
2 19877 3431
1 13915 182740535
1 13770 555560066
2 10496 10497
1 12629 125019716
1 16137 504210437
1 13960 685554443
2 14671 7214
2 15963 19378
2 18326 18327
1 18541 550112904
1 18032 860614260
1 10904 124575167
2 16187 3013
1 18138 936977193
2 19730 19731
1 11259 549314926
2 9454 9455
1 12030 128323679
1 11778 60456188
1 19621 206928643
1 18605 828540468
1 12258 299533858
1 12909 185063881
1 16074 715588260
2 19124 19125
2 16225 1459
1 12553 954502271
1 17058 385364130
1 15968 414059698
2 14303 3093
2 9236 16573
1 14038 571948102
1 15184 537514991
2 109 13023
2 13180 13181
1 15227 494835374
1 12549 868717094
2 2693 5411
2 19204 19205
1 15172 508336522
2 10836 10837
2 13543 17458
1 16827 202296532
1 18316 656145890
2 17642 17643
2 18707 9837
1 10496 601478220
2 3585 16087
1 18281 260533987
2 8218 19121
2 2642 2643
2 12748 1747
1 19137 882233000
1 15341 429294926
1 14136 471960994
2 5899 6418
2 9336 14296
2 12290 17238
1 12112 137170529
1 11815 590917118
2 6094 19899
2 17656 8794
2 320 321
2 13113 1521
1 17162 449338706
1 10148 515540117
1 15665 694631424
1 18627 404165267
2 14182 9910
2 756 757
1 13473 776255318
2 18510 18511
2 11829 6999
2 316 317
2 12668 12669
1 19629 611251538
1 11344 472754607
1 11832 214937750
1 18266 508722630
2 15239 17689
1 17628 571961289
1 15160 381180089
2 4238 4239
1 17483 243712733
2 15677 5358
2 2520 2521
1 12296 155108194
1 13398 566807993
1 19012 898080035
1 11138 321325490
1 15168 671360632
1 13807 378289199
2 18790 14188
2 18230 18231
2 662 663
1 16520 788772022
2 17064 17065
2 8352 8353
1 10141 249666409
1 19802 686045680
2 5448 4137
1 16823 27095237
1 11427 737090424
2 19654 2515
1 17548 897042993
1 17323 313577075
2 4824 4825
1 12642 946383982
2 15187 11802
1 19827 250843008
2 11351 15474
2 15469 13923
1 15619 586250922
2 16197 1214
1 10935 523625441
2 8836 8837
1 11884 521874170
1 11580 390172234
2 8413 11631
2 18992 18614
2 19429 6144
2 16717 13971
1 15268 781735120
2 12231 16024
1 16467 529942282
2 2698 4267
2 9482 14974
1 12140 946513613
1 15170 495357446
2 8018 12589
1 11164 706134490
2 5146 5147
1 16365 402448292
1 10108 341478497
2 1689 19526
2 914 915
2 19456 19457
1 18182 391323237
1 17533 115946713
2 501 731
2 4871 6362
2 19425 7989
2 15741 739
1 19572 651241323
2 15606 15607
2 818 15277
2 13001 10119
1 18085 131900296
1 18102 417309182
1 11464 651162145
2 2687 18687
2 14234 14235
1 17188 317027563
2 3160 3161
1 11849 418071952
1 17588 636696545
2 4528 13538
1 12832 678351002
1 12402 248430453
2 8896 8897
1 15674 909365616
1 14326 453076660
2 13523 6781
2 9414 9415
1 19344 861048986
2 11516 11517
1 15138 414468926
2 11748 11749
2 15930 15931
1 18843 240814964
2 10822 10823
1 19513 651711450
1 10819 899547092
2 8186 8187
2 2564 12054
2 18849 1448
2 15458 15459
1 17439 243890538
1 15425 154880539
1 10305 665824560
2 1074 12885
1 14776 972753764
1 16494 373608861
2 2242 2243
2 10806 10807
2 17936 9544
1 16390 170569858
1 17126 918910666
2 6706 7231
2 12360 8616
1 18680 940241038
1 19039 705694415
2 18561 16862
1 13782 707989654
1 13299 622392831
1 18476 900342402
2 8828 8829
2 10298 19365
2 1254 1255
2 2954 2529
2 6580 6581
2 1374 1375
2 14870 9336
2 980 5820
2 17286 17287
2 18402 18403
2 15596 16785
1 15483 614277920
2 14515 6544
2 3877 17986
1 18611 58269708
1 14975 271891130
2 10088 10089
1 19456 573701888
1 19577 507248059
2 15938 7545
2 8180 14438
2 15874 15875
2 5582 5583
1 16713 135639775
1 11008 755692905
2 4978 4979
2 6254 18023
1 19869 888502120
1 10486 686045936
1 10207 484435418
2 3190 3191
2 1301 17711
2 14205 10561
2 17580 960
2 14742 14743
1 14519 484617558
1 18594 90917436
2 698 699
2 14544 14545
1 16521 382366124
2 14048 14049
1 12615 541250690
2 18924 15917
2 13800 16004
2 13897 10392
1 12581 252545610
2 11720 11721
1 15172 379154952
2 18204 18205
2 6074 6075
2 5078 5079
1 16976 211321182
2 18026 4834
1 10610 873552249
1 11797 172925529
1 11845 546162704
1 12941 123183921
2 16902 7313
1 11536 212070869
1 14235 543091998
2 17480 17481
1 11083 883434522
2 5314 5315
2 17295 8429
1 16532 586459317
1 13629 783956804
1 17562 188269654
1 14205 646112388
1 13361 511222503
2 7759 9904
1 10863 296807922
1 13816 909037542
2 16376 12654
1 16943 592503772
2 17523 13458
2 1498 1499
2 10125 10124
1 17766 720567515
1 17370 754204980
1 16989 92577762
2 6166 19397
1 15849 261557855
2 11096 11097
1 11983 902377046
2 6034 6035
2 15527 9297
1 19244 430185332
2 6876 6877
2 5832 5833
1 14410 350727408
1 10601 879972099
2 16438 16439
1 11868 910033829
1 13118 820376981
2 5246 5247
1 10052 502984239
2 14568 14569
1 19621 889358339
1 14426 787799645
1 15597 590973823
1 16538 325496502
2 19472 19473
2 9178 9179
1 13970 20838585
2 5097 18687
1 15270 201204023
1 18473 589552684
2 9314 9315
1 19105 516419775
2 3890 19645
1 18667 577440778
1 18265 710413978
1 15751 587480409
1 17548 17670822
1 16324 623072036
1 18763 603880232
2 618 12815
1 10428 227145437
1 18707 384285806
2 8892 16202
2 8700 9918
1 11063 808200465
2 5528 5529
1 19163 848006883
2 9553 1736
1 19272 934204422
2 3526 12641
2 18640 1989
1 14181 686301005
2 19588 19589
2 3416 3417
2 7381 3158
2 2914 17670
2 19735 5519
1 10918 283395864
2 5221 13694
2 10048 10049
1 18353 890979426
2 13376 13377
1 18878 599936120
1 10915 958337319
1 10163 441064965
1 15368 49841425
1 12287 35232952
2 14310 14311
1 11559 428409302
2 18358 5562
2 10830 10831
1 13417 712403731
2 7292 7293
2 11534 11535
2 7506 7507
2 5206 5207
2 862 863
2 1088 17775
2 4743 18304
2 7136 7137
1 18185 852338464
1 14312 437652033
2 15940 10935
1 11559 808245002
1 12725 965484221
2 8478 8479
1 15114 18069241
1 12233 316054684
1 11540 823614058
1 17824 420716885
2 16310 16311
2 14874 14875
1 14715 447379503
1 15845 686518195
1 16455 859500688
1 17398 702188712
1 10619 962117321
2 5692 4552
2 962 963
2 8470 13622
1 11458 932359483
1 16630 725705406
2 13428 13429
1 10317 68474915
2 17390 14283
2 12720 8186
2 8774 8775
1 13208 428230063
2 5839 3949
1 11240 743717677
2 12488 12489
2 5628 3959
1 10048 783244643
1 10103 327203231
2 13878 13879
2 5890 5891
2 4047 1739
2 7388 7389
1 19472 269986656
1 13255 709094436
1 18184 640735507
1 12595 949234088
2 10476 10477
1 18750 52436815
2 9237 13605
1 14082 637182774
1 15123 404273611
1 10662 97200014
1 11732 678651394
2 12281 9005
2 8438 8439
2 2424 797
2 576 577
2 10279 13056
2 8740 8741
1 13890 425746001
2 13270 13271
2 2048 2049
1 10194 444721196
2 2284 18114
1 14741 61524866
2 8181 18936
1 17793 467564040
1 19655 468710918
1 16116 858435345
2 9770 9771
2 4486 4487
2 18324 18325
2 19086 19087
1 15121 316450383
2 3280 3281
2 19544 2458
1 12159 665047347
1 12958 52880634
2 2990 2991
2 3544 9230
1 12847 541451860
1 13778 731090644
2 18080 6366
1 19486 963732824
2 8073 12137
2 11900 11901
1 11082 632166837
1 17862 742213983
1 17443 967707272
1 15731 581692798
1 10203 494882791
1 16191 867586287
1 12319 786658929
1 18370 543171885
2 1524 1525
1 19392 412443933
1 12697 647403470
2 6962 6963
1 19839 107986952
1 16173 452984904
1 19334 10362066
1 19040 979399055
1 17239 429866726
2 8712 8713
2 4420 4421
2 10700 10701
2 1332 14736
2 19100 19101
1 18719 970217571
2 13856 2443
1 10226 109579473
2 14261 1899
1 12040 973243812
1 12391 904989244
2 7094 7095
1 19934 865264423
2 1428 1429
2 4095 2609
2 11090 11091
1 19179 218240900
1 18019 991206580
2 12478 15395
1 17477 629619250
2 4853 10757
2 724 16095
1 11266 732861115
1 14430 274506324
2 13954 11174
2 9022 5983
1 10223 961313037
2 16450 18208
1 10339 443323597
2 5120 5121
1 12051 457438037
2 9184 6957
2 16578 16579
2 9066 9067
2 8434 16945
2 15708 15709
1 18853 125764105
1 18745 436343811
2 3714 3715
2 11548 19387
1 11043 411197981
1 12958 63016245
2 14788 14789
1 17209 377692252
2 12821 2084
2 2150 2151
1 12382 994689152
2 11266 11267
2 1106 1107
2 1104 1105
1 19615 642603420
1 15066 846863758
2 7354 17195
1 11364 924080260
2 16345 2003
2 5491 440
1 15224 369081316
1 10934 683639552
1 12443 631740820
1 19344 417439462
1 11153 490391102
1 19868 379991838
1 11357 948070525
1 14931 735635468
1 10930 684715071
1 13506 38402754
2 7384 9895
1 17670 342931681
1 19390 302644842
2 10401 15295
2 7588 7589
2 3088 3089
1 15939 74974516
2 10968 2711
1 10582 546611389
2 4020 4021
1 10830 994372314
2 17968 11604
2 2993 13855
2 1454 1455
1 17765 851499927
1 15134 644414415
1 14684 473443135
1 10989 113116905
2 8708 19051
2 9866 9867
2 163 9346
1 16126 265344290
1 16089 275868214
2 15605 8284
1 19630 698152542
2 6514 6515
1 11381 156779431
1 17796 265308642
1 12664 358535628
1 19924 54847436
2 7164 2016
1 16607 662745758
1 14076 494027670
2 5652 5653
1 13250 770216267
2 6616 7061
2 10734 10735
2 14358 14359
1 10130 78478913
2 1549 9100
2 8446 8447
1 12894 879551677
1 15603 681872459
2 2832 2833
2 19336 10037
2 13228 13229
1 13414 418453347
1 16436 925513802
1 16090 787779569
2 4538 4539
2 12792 12793
1 17337 321081219
1 13380 516065015
1 12934 760474889
2 19253 7529
2 19772 19773
2 2420 2421
2 8608 8609
1 14591 68290220
2 18318 7872
1 11994 356672085
2 18399 6451
2 10778 10779
1 11553 228237317
1 10482 392459244
1 15178 96521346
2 3894 3895
2 2619 2999
1 10075 109414136
2 8164 17307
1 14928 645753571
1 18692 689918270
2 15152 15153
2 11076 11077
1 12145 77043478
1 14701 791188178
2 16794 9690
2 10796 10797
2 12686 12687
2 14376 14377
2 14796 1837
2 3214 3215
1 13216 319020462
1 11910 626968696
2 13883 4151
2 636 637
2 18726 18727
1 16615 649531496
1 18974 121581176
2 8047 19955
1 15978 304397478
2 18522 2918
2 19398 12500
1 19358 931819551
2 70 71
1 14420 742935532
1 14714 793352690
1 11661 815423206
1 18125 456275128
2 6784 6785
1 10963 304171226
1 11172 8778174
1 13138 768800271
1 10849 722790025
1 13063 893455148
2 515 18205
2 17162 17163
2 14091 2897
1 14113 462153849
1 12790 30721752
2 7551 6107
2 19696 19697
1 13371 189915042
1 19372 852057036
2 8976 8977
1 19574 856358679
1 15980 816822077
1 10171 925189536
2 7388 16903
2 6344 6345
1 15671 895859042
2 4556 4557
2 14264 4278
2 5714 5715
2 14964 14965
1 17377 420843349
1 11686 345446578
2 14018 14111
1 11843 276813840
1 14343 754462322
2 6808 6809
1 12075 734858050
1 10546 175635188
2 19311 19462
1 11546 895219819
1 17886 736946590
2 10386 17258
2 16327 9786
1 12280 655781797
1 10641 677870314
1 17832 861252053
1 13163 656437089
1 10998 973286272
2 15804 15805
1 13018 549598984
1 16808 350559668
2 7928 7929
2 15440 15441
2 2753 11586
2 18006 18007
2 4872 19077
2 3070 3071
1 18573 126681821
1 10024 629447073
2 3999 11502
1 12101 896497502
1 15671 974068395
1 17558 23903983
1 14447 267599456
2 8008 13893
1 11391 760495280
1 16878 759372027
2 2112 2113
1 11571 361326106
1 15845 939886933
2 8454 463
1 11753 384213402
2 15116 15117
2 10970 10971
1 15464 61744986
2 2710 2711
1 17086 393980091
2 16870 16871
1 19566 869213003
1 12579 412568395
1 18504 545984570
2 5036 5037
2 18800 18801
2 11364 11365
2 14326 14327
1 18756 718310894
2 2302 14230
1 15230 288156301
1 14097 556837633
2 1696 1697
1 14415 769973308
1 11735 901815935
1 18726 257626793
2 14236 14237
2 16094 16095
2 16910 16911
1 18262 246959485
1 17668 482326732
1 18327 949679722
1 10526 603056281
2 12080 12081
1 11434 629900019
1 10040 62132353
2 11724 11725
1 18250 330955488
1 13137 532613529
1 17881 664018787
2 5078 10470
1 19553 761757493
2 13722 1923
2 10306 10307
2 5406 5407
1 17700 577226
1 14787 674351004
2 14594 3880
1 11296 133893720
2 14558 14559
2 10575 14479
1 16112 945500973
2 10090 6897
1 14007 980352280
2 14988 14989
2 5362 5363
2 19074 6761
2 12194 12195
2 9059 11888
1 12345 130911608
2 7984 7985
1 11896 962988468
1 17481 242177000
1 17368 674005946
2 1800 1801
2 4284 4285
2 11888 15495
1 16081 366898084
1 18701 708515346
2 220 10232
2 7672 7673
1 15873 729422341
2 18910 18911
2 9990 9991
2 16084 2501
1 17900 581276197
1 13595 196013153
1 19390 122747776
1 10476 379484233
1 13190 68059883
1 17870 173579134
1 19813 814207640
1 16272 548509903
2 9093 18773
2 18197 2475
1 19007 634311615
1 14313 308882194
2 14827 138
1 14759 103977329
1 11986 764314218
1 14563 756807667
1 16942 637292272
2 744 745
2 11658 11659
2 7875 19395
1 13353 636913864
1 10077 213455925
2 16704 16705
1 17215 940430365
2 3970 15683
2 104 818
1 14151 567187664
1 11318 973658079
1 10652 573267030
2 15153 9759
2 742 5819
1 10090 800936494
1 15811 674635082
2 7534 7535
2 17167 4537
1 11346 813096589
1 14565 298352564
2 12422 12423
1 13946 104833957
1 10664 257657899
2 18508 18509
2 2842 2843
2 4649 14323
2 7394 7395
2 19632 19633
1 10349 292832967
2 3106 3107
2 17165 12640
2 13716 13717
1 17596 576180062
2 228 229
1 17406 781245676
2 8646 8647
1 12823 302635602
1 18900 904998296
2 16380 16381
2 19240 19241
1 12294 477598902
2 16851 15719
2 10304 10305
1 18741 549720778
2 1786 1787
1 18805 71457592
2 18934 18935
1 16224 754489374
1 17222 886119627
1 18432 283261119
1 16860 643380667
2 12406 12407
1 14118 953576985
2 1884 1885
2 720 721
1 15742 102719905
1 18453 42971057
2 6346 6347
1 11272 65414028
1 11329 615023587
2 1760 1761
1 12435 444609091
1 16139 668347050
1 10228 204596946
2 19940 16270
1 17932 850665409
1 19133 774374205
2 5938 5939
1 17073 996490099
1 11530 911318812
1 10147 987137226
2 1524 1525
1 17148 830791281
1 13162 9366295
2 7486 7487
2 5864 5865
2 5310 3616
1 14093 978388547
1 13019 123010442
1 13963 528794803
1 15916 91893229
2 7328 7329
1 10639 351880069
2 17590 17591
2 11453 17215
2 13362 11289
1 16967 714794595
1 11657 548753561
1 15255 86064818
2 5719 5129
2 5584 5585
2 19724 19725
1 12753 466140895
1 18303 203695919
1 17633 646108140
1 18867 879177279
1 16630 17680665
2 19484 19485
1 15091 418705152
2 8250 8251
2 10981 8335
1 13935 475905587
1 14175 937805857
1 17880 415210862
2 14410 14411
2 7720 7721
2 848 6535
1 15858 8574378
2 15783 13198
2 10830 19255
1 10101 184747088
1 18568 573583862
2 13041 4839
1 11405 40091329
2 18530 18531
2 4088 4089
1 14084 243689826
1 12554 171058452
2 1441 16659
2 4848 4849
1 14659 907045701
1 11646 601167032
1 18731 205484377
2 4244 4245
2 18059 8796
2 8804 8805
1 14495 340496164
1 18954 292112992
2 4750 4751
2 4028 2667
2 7004 7005
1 10080 29120039
1 10498 985213058
1 10740 927963418
1 18398 673726314
2 905 3542
2 6653 10986
1 13686 116710244
1 10843 43453939
1 17622 551285783
1 19301 811444910
2 16036 7854
1 12610 685245884
1 16557 344690570
2 4584 4585
2 18516 16898
1 17414 99531049
2 10166 10167
1 11822 67570615
1 15156 869585099
2 6860 14744
1 17013 65323365
2 7005 16119
1 10987 467822815
1 19868 473836889
2 6102 6103
2 14275 19413
2 432 433
1 10625 353860802
2 2458 2459
1 11787 891312513
1 11121 281947118
2 9317 782
2 12034 12035
1 15001 241122872
1 19299 20380824
1 16358 842915393
2 9282 16849
2 525 8437
1 13169 301081875
2 1728 12532
2 10018 10019
1 10148 81010936
2 16201 12178
2 6384 6385
2 16162 16163
2 6888 6889
1 11653 761060916
1 10120 748200644
2 418 8042
2 12072 12073
1 14304 372983224
1 16890 641616803
1 14996 64147179
1 14797 545598006
2 14360 14361
2 7000 7001
2 12347 18291
2 3158 3159
1 15025 318469945
2 1388 1389
1 19918 751744400
2 15266 13739
2 4657 8858
1 13132 939511544
1 14234 712352477
2 15270 15271
2 18825 6263
2 10391 80
1 10748 351794211
2 192 193
1 14797 87679301
1 13084 725130952
1 13650 939500737
2 16988 16989
1 17506 923620745
2 13862 13863
1 16732 940935316
2 1125 9653
1 19473 214615222
1 15813 513286354
1 14574 531649698
1 11634 390700784
1 16328 930448416
2 11870 11871
1 13306 450108902
2 15107 2968
2 8990 10082
2 13082 4278
2 7554 7555
2 15836 15837
1 15770 98769962
2 11208 11209
1 10859 28352468
2 5622 5623
2 17318 17319
2 3064 3065
1 12052 822174051
1 13789 534408454
2 12655 17087
1 12180 357812353
2 8458 2043
2 1711 6489
2 17610 17611
2 3624 3625
1 15585 764605152
2 18970 18971
1 11269 34261709
1 16979 154801003
1 12348 967274309
2 3576 13289
1 10638 749457748
1 12337 568087949
2 1098 1099
1 16403 725198931
2 14462 2767
2 994 995
1 16903 992368275
1 10932 313540835
1 15891 79783317
2 19156 19157
2 5512 5513
2 13523 19167
1 10660 449910877
2 17537 17087
1 10062 338896992
2 16448 16449
2 4858 1757
2 2702 2703
1 12007 187202266
1 18311 244835750
1 14815 281180963
2 1458 1459
2 11342 49
1 15653 164497775
1 13963 211767833
1 10288 419610114
1 17098 232891367
2 1346 1347
2 1196 1197
2 9466 9467
1 17378 499818539
1 12345 913601840
1 10707 365933351
1 19213 372116013
1 11693 371291741
1 12497 749646043
2 7878 7879
2 4924 4925
1 12215 271037377
1 17220 370992870
2 4557 15180
1 17552 136602574
2 356 357
2 6564 6565
1 10042 900455944
1 14996 429990382
1 11577 995207660
2 17326 13614
2 10234 10235
1 15071 461125271
1 13092 985166412
2 7488 7489
2 9864 4314
2 19991 2486
2 12112 12113
1 13322 449036477
2 9388 1870
1 15352 390831512
1 12088 957631156
1 17809 984116182
1 17599 861053786
2 4467 4681
2 7742 50
2 5659 6492
1 12705 222177536
2 14362 14363
2 8586 8587
1 15252 126954131
1 13728 456357752
1 10714 399958625
2 14818 11866
2 3718 11446
2 18550 9318
1 16724 640918421
2 12622 12623
2 10410 10411
2 613 7345
1 12449 441614406
2 17499 10303
2 4914 16042
2 6068 6069
2 17064 17065
2 17034 17035
1 17993 778818886
1 14792 634892913
1 18424 883050270
2 17634 17635
1 14205 547918
2 13472 13473
1 17787 89981944
1 11907 58059032
1 12749 947855496
1 17856 565206483
1 15823 53857726
2 3568 3569
1 13350 886462922
2 4471 6859
1 19021 307810215
2 2031 17570
2 18752 18753
1 14329 594705810
1 13617 440010559
1 10221 372550239
2 10494 10495
1 15134 880555063
2 1028 1029
2 1516 1517
1 13677 650791272
1 11635 303906686
2 15481 2615
1 12383 775562864
2 6148 6149
2 17242 16805
2 19526 19527
2 14305 9374
2 15094 902
2 1064 5007
2 5367 8185
2 19456 19457
1 11015 914650882
2 15677 1305
2 6062 6063
1 12110 52325077
1 11995 528719984
1 10560 932660081
1 17698 672126366
2 11324 19323
2 4076 4077
2 3902 3903
1 16501 98037116
2 16476 4577
2 2135 15802
2 18842 18843
2 13812 13813
1 11093 9535256
2 8626 8627
1 16200 83926250
2 1584 1585
1 12391 552502479
2 17340 17341
1 11064 590875085
1 10766 283622593
2 17330 17331
2 17018 17019
1 11993 327477338
1 15982 484868095
2 16082 16083
2 3328 3329
1 19216 850475488
1 10098 937119014
2 9825 16359
1 17149 395293028
2 19287 10660
2 11876 11877
2 5641 19099
1 14050 122434280
1 14769 740853359
1 19419 268741277
1 11871 813372397
2 17793 17779
1 12496 669906213
2 13132 13133
2 9046 9047
1 17797 929682592
1 17620 472653427
2 322 323
1 17772 957023198
2 10896 10897
1 11001 657740916
1 10851 867310039
2 13218 13219
1 10183 76891284
2 4060 4061
2 11657 5215
1 15423 978086285
2 18280 6119
2 19184 19185
1 16425 356810546
1 18061 331508604
2 7228 7229
1 18263 170384016
2 15271 1369
1 19594 984167580
2 14844 14845
1 11089 143183786
1 13511 425093923
2 7013 18410
2 11125 14331
2 14588 14589
1 12475 789302263
1 15525 716022786
2 7248 7249
1 12266 412913363
1 14682 620586771
1 13165 41982323
1 13857 487850394
2 278 279
1 16504 613678957
1 11972 368026914
1 16712 890183463
1 13113 253395142
1 13076 325887643
2 15116 14349
1 10653 171697796
1 17516 616809988
1 19794 869065343
1 12626 523216037
2 17444 17445
2 16579 10758
1 15098 1191799
1 12403 875406381
2 5722 5723
1 11274 766310631
2 6874 7465
2 9717 6844
1 13375 946046199
1 15174 935564231
2 11002 17741
1 11237 866306975
1 14550 203674004
1 15893 226500625
2 3905 9558
1 14235 409629778
1 18481 959759113
2 4042 7965
2 10726 16130
1 18433 968669249
1 15002 395340263
2 19740 19741
2 2325 12303
1 12740 117148187
1 16760 215022710
2 3349 4050
2 14028 13449
2 8158 8159
1 15877 63936278
2 18869 15800
1 15676 630165226
1 13368 940331916
2 10170 10171
2 10218 10219
1 18263 990611015
2 14798 14799
1 17469 362895126
1 17592 376483983
2 13834 18150
2 17138 17139
2 17964 17965
1 16759 426359237
1 19250 940466124
2 6954 6625
1 16863 576141134
1 10195 508200979
1 16833 261593454
1 16555 842124038
1 11245 109903533
1 11296 688917552
1 15190 338056319
1 14574 612545425
1 11631 973213760
2 6879 6411
2 1790 10846
2 5264 5265
1 15829 265411388
2 12626 12627
2 12692 12693
1 18436 920106281
1 15550 575148093
2 2436 5398
2 16678 16679
2 3362 1399
1 16531 314751482
1 11661 811173570
2 15817 5777
2 8444 8445
2 14302 14303
2 2529 13526
2 12528 17242
1 17957 909185867
1 19383 404623936
1 15514 208030738
2 734 735
2 6580 6581
1 17179 952541559
2 8265 19935
2 19098 19099
1 12317 498150071
2 2977 3237
1 12927 931584261
1 15560 391396129
2 4086 4087
1 18383 494117830
1 12832 276723807
2 14993 10610
1 17909 955741666
2 2339 2253
2 4168 4169
2 2052 2053
1 11410 625058071
1 15430 94655342
1 10154 977185996
1 11976 678269803
2 8090 8091
2 1858 1859
1 13461 978626610
1 11285 18876296
1 12183 178940414
2 13912 13913
2 10687 17311
1 17711 91556767
1 13457 578647275
2 11768 11769
2 3528 3529
1 18872 219572302
1 15502 254584801
2 9374 9375
2 3077 6426
1 10717 475734163
2 18836 18837
1 13642 185721173
1 17634 701864294
1 17543 216513640
1 11635 540047940
2 17235 601
1 12594 902382667
2 8000 8001
1 12418 176959887
2 16868 16869
2 2332 2333
2 3168 3169
1 18147 791140020
1 18372 615876263
2 19102 5689
2 12812 14889
1 11452 249423963
2 4364 4365
1 18805 815580970
1 16716 414724205
2 15142 15143
2 17260 16953
1 18381 357253228
2 3626 3627
2 14176 14177
2 12379 13107
2 7654 7655
2 15042 15043
1 17152 755350615
2 10670 10671
1 16547 854255338
2 14892 14893
1 18049 47995753
1 12434 487944139
1 10103 154058994
2 15107 17977
2 4231 12432
1 19878 442255941
2 11416 11417
1 12025 193433735
1 19784 163848147
1 17995 860350778
2 15902 15903
1 12469 908412209
1 12164 840012041
1 14246 29848696
2 7920 7921
2 8243 14398
2 7660 10611
2 6818 6819
1 13598 700082229
2 18926 18927
1 13955 295328274
1 13769 673274355
1 12745 289824366
1 13157 239188894
2 13779 16175
2 3596 3597
1 12113 211035260
1 13590 375623599
1 11308 93259970
2 4370 247
2 12916 12917
1 13189 932641666
2 5510 5511
2 6480 6481
1 10853 745829927
2 8030 8031
2 18597 2122
1 18393 162305150
2 11471 5995
1 13413 71115392
2 5322 8734
2 15028 15029
2 13065 16611
2 11606 2944
1 13832 845064202
1 18681 342696458
2 13228 16088
2 4078 4079
1 11060 788674423
2 3894 3895
1 19059 116312052
1 19769 72433489
1 14914 938199713
2 14735 14522
2 14713 8691
2 8328 8329
2 5182 10551
2 1292 1293
2 18132 18133
2 9206 8348
2 10317 16960
2 12443 14662
2 2356 13179
1 19134 634340762
1 16788 64033344
2 12381 4320
2 800 801
2 1556 4551
2 12128 12129
2 11886 19835
2 2810 15790
1 16959 477471065
1 16825 817213936
1 10461 346864567
2 16917 17370
1 14026 674288865
1 15774 827047665
1 14338 692550389
1 11661 471204458
2 4020 4021
1 16673 394073972
1 14955 489205643
1 12924 482223364
1 19733 753644644
2 7546 13795
1 17515 687825437
2 1760 1761
2 16448 4061
1 11988 659313560
2 7744 6299
1 14600 190632997
2 2842 2843
1 11527 105460227
1 16376 818805422
2 8396 11893
1 19952 45555722
2 12150 12151
1 15816 383820780
2 10474 10475
1 15021 889086751
1 19372 847183855
2 9467 915
2 12710 15683
2 19585 6327
1 12161 992613655
2 16802 16803
1 14147 822216715
2 16190 9624
1 16007 901576109
1 16338 792400606
2 2002 2003
1 11318 804191501
1 11368 400712645
1 19882 157582150
2 11190 11191
2 19081 18663
2 17332 17333
2 14069 6196
2 6062 6063
1 17704 764633649
1 11038 478088400
1 18777 494034276
2 9208 9209
1 18947 558127918
1 11626 937328341
1 14842 319315179
1 11346 658991965
2 66 13541
1 19456 475770816
1 11563 590160846
1 16249 947190660
2 17133 14664
1 12088 520798632
1 17588 106969774
2 5824 15651
2 12387 12421
2 3318 3319
2 11807 14813
2 16534 16535
2 2328 2329
2 2651 2710
2 4740 4741
1 14241 755651805
1 11105 416182956
2 12893 18639
2 756 2848
2 14926 14927
1 15257 617332732
1 15193 544412263
2 19647 613
1 14338 381815160
2 12501 5458
2 7386 7387
2 11190 11191
2 10520 19787
2 11382 11383
1 16177 427477181
1 15921 11840160
1 13771 468294485
2 16525 10914
2 14240 14241
2 2260 2261
2 7226 7227
2 19368 19369
1 17313 20094782
1 17394 893975471
2 2664 2665
2 19088 19089
1 12238 251602814
2 894 895
2 17342 6532
2 8825 4846
1 11401 667958009
2 12681 4129
1 15559 985318081
1 17565 98106076
1 11755 854161472
1 11069 703705946
2 2509 9469
2 11764 11765
1 18623 307883732
1 18236 74288901
1 17427 380984154
1 18603 222956149
2 19839 6002
2 17582 393
2 8908 16200
2 1382 1383
2 17844 17845
1 16739 319765528
1 19395 394884846
1 10024 686196127
2 17241 109
2 13548 9895
1 13808 274541203
1 10930 780061674
1 16318 432064889
1 18429 691802359
2 14958 5291
2 18964 18965
2 1784 1785
1 17557 627684475
1 18735 869791438
1 16992 848121038
2 18352 18338
2 16064 16065
1 10755 209333551
2 9500 9501
1 17589 610672536
2 2450 2451
2 12748 12749
2 7524 17618
2 16440 16441
1 11457 683721260
2 10274 18365
1 19175 873765066
2 18306 18307
1 11287 755176003
2 1548 1549
1 17913 437253576
2 2976 13382
2 5722 5723
2 15118 7222
1 19133 129380403
1 14674 906306034
2 16387 14474
1 13509 869434426
1 12960 717197195
2 1944 11405
1 17610 373790028
2 11498 11499
1 15269 106442586
1 13906 407824867
1 10415 379364212
2 1513 1375
2 12130 145
2 14132 9619
1 13291 854078946
1 12996 198675481
1 17567 115175561
2 14491 10665
1 17402 406764575
2 7404 7405
2 15300 15301
2 12221 16104
1 18563 644408459
1 12010 859604263
1 17207 224281752
2 308 309
2 5622 5623
2 18244 18245
1 10779 802371746
1 16913 662453170
1 19700 500936178
2 7804 7805
2 19025 6614
2 11798 2165
1 12836 486509066
2 6388 6389
2 19322 19323
2 8602 8603
1 19043 391358240
2 18484 18485
2 9810 8980
1 18920 712988318
1 16312 568971755
2 9012 9013
2 16998 16999
2 18284 18285
2 12924 12925
1 15672 906558228
2 1370 1371
2 7335 14006
2 12270 2541
2 11750 11751
2 10016 10017
1 11874 226808589
1 13847 498159518
2 13935 3511
1 15840 872426739
1 10682 20396804
2 3996 3997
1 16958 472056951
2 1691 14168
1 13922 843004125
2 1755 3424
1 10920 150987562
1 17855 540991536
1 11156 915866973
2 2486 13132
1 19242 320878394
1 15771 370940734
1 12005 735955698
2 7756 9991
1 10943 834760081
1 16522 357219219
1 19932 235779224
2 3892 3893
2 7701 11211
1 16658 348665771
2 16482 16483
1 15550 761124490
1 19146 618300779
2 13429 19882
1 18544 725667021
1 14340 59034576
1 18946 315918808
1 16747 15534992
2 8584 8585
2 2792 11555
2 14224 15493
1 19659 816587569
2 14727 1597
1 13150 910341145
2 1529 19498
1 16287 522061733
1 16988 135335464
1 18763 600240649
1 14362 115452934
1 15925 678870599
1 18994 646363822
1 18780 841421664
1 15523 583553970
1 17544 509707201
1 13022 86673796
1 16133 830154337
1 11885 341694019
1 15716 937519346
2 14982 9766
2 5500 5501
1 10793 195102214
2 16552 16553
1 14437 542984176
1 17898 631323474
1 18990 194844770
2 3972 3973
2 16977 3934
2 17634 19204
2 15865 3428
2 888 889
2 11799 12977
1 10386 235387619
2 14012 4956
2 974 975
1 12559 157031591
1 15683 666384468
2 14676 14677
1 10366 312331414
2 12848 17607
2 8812 3597
1 15338 617758327
1 17509 704584155
1 18293 567627879
1 12486 67270182
1 15187 489368326
2 10748 10749
1 17097 551707025
2 19279 9617
1 17986 188873092
1 11770 592461873
1 10446 631132197
1 18342 423016656
2 16545 4385
1 17923 32892756
1 10613 298537439
1 19384 170872247
1 12388 911946608
1 17100 347316534
1 15950 518349284
1 17807 294725802
2 6906 6693
2 15468 15387
2 6706 6707
2 4669 15806
2 1607 19509
1 12584 27535738
1 17374 143007926
1 14071 428375830
2 16107 700
2 13234 13235
1 18388 464393010
2 6183 1786
2 4626 4627
2 14973 14299
1 13911 806227677
1 15819 847104614
1 17777 320475078
2 9576 9577
2 16940 3626
2 18280 18281
2 12764 12765
1 19344 107105798
1 13636 215899648
2 8556 8557
1 19826 208050339
1 15618 848714491
2 14005 18319
2 4112 4113
2 3844 3845
1 18378 884748192
1 12012 121768936
2 7374 7375
2 10 11
2 5146 5147
2 7226 7227
1 15719 320324063
1 15507 712147217
1 12987 625912422
1 11815 681506162
2 10592 10593
1 12437 437417364
1 16505 278236490
2 16329 2009
1 10124 752213798
1 12423 514580595
2 6732 6733
1 18342 865462591
2 4960 17141
2 8398 8399
2 5356 9137
2 10977 25
2 3785 14177
1 15141 258413681
1 15909 100381946
1 11302 948043278
1 18198 890826621
2 671 18093
2 12602 18011
2 10426 12486
2 14173 2892
1 11585 70382033
1 13908 251724299
2 8574 8575
1 12096 825967079
2 17794 17795
1 14023 671661686
1 17537 247997243
1 10542 637687909
2 19570 19571
1 18941 75569651
1 12409 79792758
1 11963 679825074
1 19346 152473427
1 18032 766329242
1 13231 468685547
2 7379 14383
1 17640 22791576
1 12993 274650149
2 18469 14114
2 19577 9454
2 5916 5917
2 3354 3355
2 9332 9333
2 8211 4441
1 14185 625634155
1 16134 921817691
1 11107 996317295
1 19079 529526334
1 19998 910012284
2 18384 4080
2 8662 8663
1 16334 98452935
2 240 241
1 10607 362759340
2 17862 17863
1 16753 812264511
2 18204 18205
1 15983 81194564
1 19533 134052351
1 12380 567422137
1 10069 241501778
1 11139 430501188
2 9118 9119
2 18968 18969
1 15174 850627326
1 12417 742731011
2 14250 14251
2 5535 9873
1 12128 360648841
2 4082 4083
1 15301 800912561
1 14945 161584848
2 19472 10925
2 1859 14305
1 19160 876408725
2 9371 3765
2 6606 6607
2 18524 18525
1 16717 321904575
1 10288 516776382
2 6162 6163
1 17301 922439924
2 2168 2169
2 240 241
1 10768 737495116
1 11095 544006684
2 16518 16519
2 19747 18223
1 13568 73664737
2 19166 7816
1 19775 846067433
1 18250 250461960
2 18174 18175
2 13712 13713
1 12730 3219313
2 14670 14671
1 11626 777523211
2 12762 12763
1 15135 401151196
1 11669 998223336
2 4189 11792
1 15227 963144217
2 268 269
2 198 13819
2 1428 1429
1 17888 601883523
1 17142 101437274
1 14946 699578867
1 15176 88868629
1 10461 794002728
1 16471 162783675
2 4052 5667
2 14652 14653
2 1498 1499
1 15886 765373512
2 9217 7071
2 2150 2151
2 7805 14884
2 1527 19919
2 18090 18091
2 13636 1710
1 17058 908150978
1 10256 488412837
1 15170 430866070
2 5020 5021
2 7120 13177
2 13972 13973
2 16926 1454
2 3106 3107
2 8060 8061
2 6512 9261
2 17754 17755
2 9426 9427
2 8225 12828
2 13068 13069
2 6892 15721
1 17461 277081556
2 1826 1827
2 19894 19895
1 17766 689685039
2 4645 9115
1 13149 842033383
1 19846 875946372
2 3014 3015
2 7138 7139
2 9252 14818
1 14038 343940717
1 10943 771325323
1 12881 326359270
1 14063 733454554
1 10552 606856551
1 13647 332261841
2 1495 17859
1 14004 881548085
1 13734 179779488
2 13148 13149
1 13533 888108072
1 19451 80346963
1 11607 306465409
1 14834 757194849
2 12976 12977
2 9408 9409
1 13794 424921586
1 10524 878401394
2 3513 13853
1 18090 500778422
1 17861 538098870
1 13204 901805681
1 16929 788104616
2 12403 1377
1 11798 185446029
1 17213 555346608
1 16027 417261548
1 18041 377408356
2 7045 10024
2 18646 18647
1 10182 210994169
2 13518 13519
1 17590 762616488
1 18831 80672570
2 5866 5867
1 12374 42626175
1 12734 495738150
2 5147 4552
1 18287 996425208
1 10057 883964997
2 2675 18722
1 18306 529346085
1 19223 274267646
2 770 771
1 15241 32318454
1 18022 722440063
1 17842 68587568
1 13574 505031875
2 17116 17117
2 16930 16931
1 18592 983925153
1 14774 470332640
2 12577 10058
2 18093 5680
1 14903 767221320
2 17071 3314
2 18458 8650
2 6747 564
2 17938 17939
2 19338 13830
2 8994 8995
1 10031 519897348
2 12648 12649
2 4870 16917
2 8440 8441
1 10887 870047835
2 18371 17137
1 18295 386662388
2 17540 12211
1 11435 209882792
1 15916 239516215
1 12330 967854956
2 4021 12772
2 12156 12157
2 13571 7950
2 13246 13247
1 15162 912298889
1 11509 311857667
2 13776 17808
1 12974 803417690
1 19117 220984508
1 10390 861325788
1 18130 765849465
1 16911 319274172
2 14344 14345
2 4394 4395
2 18930 18931
1 13096 454297991
1 17818 436463011
2 1313 7498
2 9425 4347
1 19849 227336549
1 15839 566188806
1 17488 734474138
1 17729 10008408
1 14052 449959895
2 12986 12987
2 4628 4629
1 18373 39237582
1 14053 852283738
2 10068 10069
1 15957 453448066
2 15366 15367
2 2470 14261
1 19407 623448793
2 6640 17654
1 15832 699599589
2 10570 10571
1 17388 389418750
1 11937 430957311
2 15468 15469
1 18921 559595274
2 632 633
2 1950 1951
2 1663 15084
2 6377 11431
1 16335 321286241
2 9732 9733
2 150 151
2 17671 1123
1 13010 712343184
1 17592 700797386
1 12077 964354491
2 7176 7177
1 14324 965430909
2 15744 15745
1 10696 414341141
2 3009 19308
1 15473 203696557
2 1252 1253
2 12036 12037
2 2188 1065
2 17024 16802
2 13434 13435
1 15455 536219571
2 15852 3486
1 10675 790092076
2 10784 10785
1 19183 227627663
2 2776 4348
1 18452 678267917
1 18326 214779574
2 10754 10755
2 19368 19369
1 12760 391241599
2 2694 11043
1 14787 686316907
2 14534 14535
1 14084 87806350
2 18140 18141
2 4295 8128
2 15318 15319
1 17961 296046268
1 19559 32080982
2 18691 10905
1 15433 872186192
2 6588 7847
1 18329 990065594
1 16214 207795877
2 5282 14507
1 14440 64186234
1 17866 548439187
1 15953 562820278
2 6230 6231
1 16154 331586038
2 14954 14955
1 14090 356563481
2 7226 12558
2 16124 16125
1 11862 335540171
2 6333 10065
1 14114 342287918
2 14033 8472
1 10173 980591659
1 16648 120274587
2 11838 4124
1 11434 911509950
1 17484 568165320
2 18721 4772
1 15404 275167357
1 13240 393458107
1 16730 948673593
1 18173 959396411
1 10102 33625514
2 19947 2672
1 15564 41525310
1 16241 532385049
2 16588 12953
2 6762 6763
2 18802 18803
2 18128 18129
1 17392 371047018
1 16021 358350954
1 13501 53667961
2 19411 351
1 18976 872521290
1 18375 795158031
2 336 337
1 17422 219021648
2 3442 17928
1 17122 650466932
2 15053 1527
2 2585 1843
1 17142 27854415
1 15046 687419907
2 10028 10029
2 3977 15926
2 16589 543
1 14292 632219615
2 3604 3605
2 8056 8057
1 12273 99351673
1 16279 939955702
1 17308 108398647
2 3247 8048
1 14386 472890809
2 8670 10091
1 15414 534466422
1 17555 360521392
2 2126 2127
1 10186 592558211
2 7673 246
1 10132 114342937
1 14595 394689659
1 14842 298113143
2 12718 12719
2 11285 4933
2 12269 4937
2 4064 4065
2 942 943
1 15701 996842237
2 6546 6547
2 12832 12833
2 6103 1620
1 11597 932301036
1 13454 117842084
1 14449 893882810
1 16950 100153890
1 16768 634135329
2 10929 5458
1 17927 302511651
1 13124 476319086
2 11456 11457
2 13086 13087
1 15068 242334913
1 10182 729014414
2 17235 6528
2 10268 1088
1 12658 669310615
1 19140 873631334
2 9756 9757
1 16311 507588842
1 18543 892604219
2 1188 1189
1 14115 205758903
1 10178 782211676
2 8780 8781
2 3182 7166
2 2067 5546
1 18718 367783552
1 13565 294376859
1 18412 101310176
1 17002 311951688
2 2235 6170
1 10586 880348287
2 13394 11911
1 16427 471348094
1 16094 877023446
1 13942 272291574
2 4209 14385
2 6237 3062
1 18400 627408659
2 12118 12119
1 14128 990822287
2 11462 11463
2 1522 1523
1 19277 892182548
1 15505 569795010
1 17082 15113654
1 11811 684285072
1 13006 582488200
2 19511 4991
1 18807 534933978
2 10192 18790
1 12450 762349121
2 15352 15353
2 8906 8907
1 13267 265621312
1 16142 854237666
2 16718 16719
2 1564 1565
1 10923 853500599
1 17141 985443434
1 19541 933517778
1 12627 30215776
2 14070 14071
2 2098 2099
2 2524 2525
1 11889 885799913
1 18403 482988331
2 12614 6820
1 11187 539793585
2 17260 17261
2 804 805
1 12721 918731544
1 18539 313268710
2 12590 12591
1 15621 405981303
2 2652 2653
2 9190 9191
1 19488 447950416
1 18741 19335239
1 16341 417612467
1 17582 93162083
2 11714 6242
2 11266 11267
1 18762 653272535
1 19504 908386566
2 356 357
2 8724 17998
1 16013 992604697
2 19027 919
2 14724 18188
1 13611 853230479
2 493 3112
2 7348 7349
2 12637 2582
1 14691 459324863
1 17572 924357784
1 12311 412828638
2 16052 16053
1 15218 718322022
1 12034 989028373
2 5534 5535
2 1360 1361
2 4872 4873
2 8362 8363
1 17043 872371854
2 17018 12735
1 12462 916803094
2 17184 17185
1 14352 441713948
2 9791 1450
2 14482 14483
2 1428 1429
1 19852 593491667
2 7772 7773
2 6575 1550
2 2124 19263
2 14272 10209
2 9854 9855
1 13599 738932126
2 8173 16519
2 6700 1567
2 3121 10406
1 14787 726850695
2 19506 19507
1 11886 248473088
1 19460 103421359
2 15068 15069
2 3544 3545
1 15414 222805648
1 11465 637099883
1 13516 175498324
2 16664 16665
1 16906 201374474
2 11946 11947
1 17110 64976776
2 17941 16994
1 17260 2425424
2 14453 10561
1 19921 67433475
1 10215 71197085
2 16376 16377
1 11044 454773091
2 418 419
2 12018 8384
2 19749 13173
2 6483 15097
1 10135 453662384
1 18993 716450228
1 14216 123994545
1 12909 484844070
2 10698 10699
1 16472 779860013
1 13191 895117275
1 18009 428922733
2 8389 12694
1 19081 691207225
1 12553 616209827
1 12756 512959072
1 11438 856965236
2 2526 2527
2 8350 18033
1 17611 411997461
2 13764 16131
1 19617 576275697
1 16474 921936053
1 15034 233244899
2 18020 18021
1 12434 838190086
2 12576 12577
2 1536 1537
2 19544 19545
2 15796 15797
1 10002 180104116
2 14242 14243
1 16340 250681462
1 13522 797819235
1 12888 667753910
2 14786 14787
1 10297 679683261
1 16086 235244824
2 10666 10667
2 17226 16109
1 13208 679824370
2 4200 15329
1 15257 94594274
2 3688 500
2 8424 18097
2 17444 17445
1 11256 632970920
1 12749 452554056
2 6504 6505
1 13050 557412095
1 18770 512804534
1 18698 56613448
1 16592 910496035
2 15670 15671
1 19073 618939238
2 16662 16663
2 6474 6475
2 5160 5161
1 11257 416920728
1 19176 721595851
1 15618 793916322
2 3226 3227
1 15797 844056330
2 6205 19351
1 10581 582202751
1 10432 893456452
2 10722 10723
2 6017 10647
2 5280 5281
2 11840 4659
1 19974 623739093
1 16548 894615598
2 16076 8694
1 12931 388702183
2 5272 5273
1 17249 697264729
2 470 471
2 8940 8941
1 18098 562992624
1 14159 698176035
1 11398 76322711
1 17451 599186572
2 3270 3271
2 5022 5023
1 16548 729293474
2 10899 9348
1 15589 794196170
2 4823 5256
1 13615 988670881
2 5028 5029
2 12818 12819
2 11770 19799
2 1204 7581
1 18802 521959696
1 16320 77354949
1 19385 195310475
2 12568 9557
2 15748 15749
1 16285 394763671
2 11106 11107
1 12575 142317917
2 16542 703
1 14907 949815016
2 16718 8902
1 18110 998828357
1 12485 742586229
1 13898 69251295
2 3904 3905
1 10343 974693986
2 5910 5911
2 1930 1931
1 18448 143918495
2 16636 8952
2 12801 19940
2 8958 11723
1 13407 736864906
2 9268 10962
2 1644 9600
2 1183 6031
1 13343 886673150
2 12614 12615
2 6198 14840
1 16470 157058958
1 14976 55967530
2 19454 19455
2 6014 6015
1 17894 760415267
1 13321 588783037
2 19224 5398
2 13349 11893
1 19182 217598469
2 17661 6438
1 13121 940502316
1 14710 969506978
2 9512 3514
1 18159 239831736
1 14995 603688329
2 6764 6765
1 14761 465610125
2 7386 7387
2 19250 19251
1 12304 809274706
1 18240 572239448
2 15969 12096
1 18841 635605415
1 17293 686185834
2 5263 15264
2 16088 2650
2 7236 7237
1 18290 203092747
1 10617 827558152
1 10026 175105389
2 13976 5377
1 13765 154712500
1 17395 720101852
1 17578 786283866
2 15618 15619
2 2374 5819
2 9008 13748
1 16618 800743663
1 11332 166477432
2 6780 13750
2 6247 2655
2 17656 17657
1 18476 319261416
1 16553 298789208
1 11438 470033909
1 11371 966155191
1 14307 297795419
1 13527 658699143
1 10577 656123846
2 389 8857
2 16046 16047
1 10223 317635259
2 7900 7901
1 13467 639393108
2 3458 3459
1 18460 949087590
1 16509 718516690
1 13512 119000531
1 13220 667313576
2 17912 17913
2 14680 14681
1 11213 680573262
2 4294 4295
2 122 6406
2 19176 19177
2 10197 2949
2 17852 17853
2 15754 15755
2 6788 6789
2 12808 12809
1 17452 737375306
1 11189 687084135
2 1704 1705
2 1513 15346
2 19759 4458
1 13707 136952237
2 16040 16055
1 14211 509627119
2 9758 17952
2 10669 5480
2 1580 11043
1 12518 910037170
1 19486 718075398
1 18781 73746436
2 5460 5461
2 284 285
2 5228 12961
1 12014 262010642
2 17509 7004
1 19673 610187553
2 10468 10469
1 12854 916110213
1 10127 334568339
1 17525 966077477
2 4272 4273
1 10058 572895971
2 146 147
2 8571 19519
1 13891 527884002
2 18976 18977
2 6401 62
1 11031 622621869
2 7472 7473
2 16764 16765
2 17990 10197
2 5178 5179
1 13023 799521726
2 19052 5044
1 17597 148237082
1 15094 223487125
2 17489 12940
1 19095 955862355
1 19398 314789446
1 14392 121611406
2 19584 19585
1 10388 33337752
1 16722 571961708
2 13776 13777
1 17184 682148545
1 17994 668613782
1 16120 435767734
1 10397 351358199
1 17813 631436587
1 14423 613907451
2 4331 1955
2 9010 5430
1 12199 933267519
1 11904 248230170
2 5414 5415
1 10186 835564704
2 10642 10643
1 18655 669495624
2 16282 16283
2 2614 14600
1 19367 106689717
2 6712 6713
2 9229 16348
2 19705 18999
1 15813 668757155
1 11516 204879176
1 18178 884494279
1 14132 916212066
2 7308 13532
2 2739 13756
2 13272 13273
2 5050 6715
2 13028 13029
2 6110 6111
1 10723 738621388
2 2402 17311
1 19800 255682239
1 19195 983721903
2 18904 18905
1 14564 324392275
1 17194 223979000
2 10306 10307
1 11731 524649793
1 14255 573734985
1 15655 901484327
2 12673 5089
2 4352 4353
1 19936 614535388
1 19552 694635339
2 9968 9969
2 182 183
1 11900 32577837
1 19413 900627284
1 13205 421986998
2 13476 9050
1 15049 619012389
1 10211 363854632
1 19657 754512194
2 10224 10225
1 11493 117313543
2 17232 17233
1 10441 934821019
2 7098 7099
1 19304 779309861
1 13562 353098970
1 18783 473801507
1 14807 932015325
2 9708 18900
2 14653 17250
2 4288 4289
1 12655 576768438
2 17855 4012
1 11737 294373797
1 15433 462641487
1 19986 228740170
2 13374 13375
2 56 3381
2 16682 16683
2 2803 10523
1 15960 976696327
2 1472 1473
1 19352 82470403
1 14306 940731106
2 16955 14232
1 16243 681041582
1 12552 762374752
1 14347 414121351
2 5110 5111
1 10952 490386639
1 18434 369467148
1 14642 292343631
2 17404 17405
2 1398 12204
1 13613 84209746
2 11554 11555
2 14658 14659
1 17482 872004645
2 14216 14217
1 13671 434759982
1 10889 702052737
1 13485 795711393
2 404 405
1 19400 662317771
2 17852 18885
2 12164 12165
1 12272 151695825
1 16119 692155716
2 14790 14791
2 9004 6835
2 5504 18257
2 15931 9116
2 2975 10580
2 19150 19151
1 15826 876257017
2 8479 8993
1 10650 193364028
1 10241 473859272
2 5509 8833
1 15987 128177871
1 14232 546985552
1 14613 567730797
2 1992 1993
1 18521 776758052
1 16503 403399529
1 13513 369913126
2 13434 12460
2 13704 8026
2 15837 3570
2 5008 5009
2 14205 17763
2 7168 7169
1 11822 119928441
2 3380 3381
2 11025 11996
2 11762 11853
2 2836 2837
2 13586 13587
2 7934 7935
1 15915 977612102
2 16954 17609
1 16860 851433875
1 12156 134908020
2 2383 1478
1 11816 993388806
2 17846 17847
1 10780 903440691
2 12795 14078
2 19389 17029
1 15909 161537742
2 16515 4438
1 13993 94243501
2 16020 10082
2 17690 17691
2 16219 9596
2 3591 6161
2 14968 16275
1 16326 299676122
2 2196 2197
1 18910 597525532
1 10853 220690125
2 18102 553
1 11325 845414534
2 14864 14865
1 10259 782668258
2 13859 16683
2 13591 16457
1 11311 111958193
2 908 909
1 14828 517505918
2 16390 16391
2 18356 18357
2 15564 15565
1 16808 149351535
1 15411 341398031
1 11739 910068392
2 4686 4687
2 2324 2325
2 14724 14725
2 19326 12612
1 12115 954985095
2 73 19005
1 18117 771470951
1 15460 288295416
2 9222 9223
2 2824 2825
1 18170 412298737
1 19662 862012270
2 6104 6105
2 11288 11177
1 14978 998485017
2 12805 17548
2 11152 11153
1 18486 471917599
1 10498 615767314
2 4790 4791
2 19038 19039
2 12748 12667
1 14712 511989479
1 10572 815871173
1 15817 643750607
1 11676 801511327
1 10364 106215513
1 11418 680408170
2 3681 13885
2 10708 14037
2 7989 9768
2 5442 15676
2 6008 6009
2 8021 13361
1 10550 599924096
1 18423 760428854
1 12343 927787200
1 10993 757387252
2 18250 18251
2 13512 13513
1 19037 560092852
2 6778 6779
1 12773 864488133
1 16614 986421204
2 4497 1768
2 4962 4963
1 11569 497051973
2 15949 4394
2 8826 8827
1 14503 132641237
1 19298 755161262
2 8369 19700
2 9199 12670
2 17544 17545
2 16379 1770
1 19164 649107830
2 18237 1680
2 5250 12577
1 17666 75730579
2 4681 15122
1 10600 746351524
1 13349 113247517
1 16927 473691536
1 11741 7733791
2 5276 5277
2 11615 9792
2 896 897
1 12505 858494784
1 13806 140670661
1 18118 787325515
2 11228 11229
1 19984 864299323
1 11643 66930853
2 2935 10054
1 18539 929009528
1 12490 994191224
2 7655 2301
2 16246 16247
2 11810 11811
1 18276 402294258
1 15564 463061032
2 9960 9961
1 14320 705603443
1 13717 607974889
1 12665 807096309
1 14566 170815697
1 17455 781508662
1 14888 949017550
2 8666 8667
1 11758 131990666
2 736 737
1 16402 998230098
2 9916 9917
1 17276 838350029
2 9011 17180
1 12517 148541384
1 13837 560513927
2 8196 8197
2 14056 15434
2 5802 7557
2 13506 14826
1 17832 345557469
2 14292 14293
2 13314 13315
1 11430 895078396
2 8226 8227
1 18901 252358788
1 12614 600133056
1 12370 300197880
1 14737 172495955
2 19132 7863
2 17787 10182
2 8386 8387
2 14069 15403
1 14791 35533230
1 18114 833526833
1 14887 748877014
2 4316 10524
1 12524 275468502
1 15854 716740178
1 11978 533334589
2 13713 19758
2 10816 10817
2 5982 5983
2 4676 4677
1 10707 266458066
2 18448 1520
2 17041 1561
2 11330 11331
1 15595 591882104
2 3764 5330
2 14384 14385
2 8698 8699
1 11034 380183278
2 3456 2819
2 2049 10045
2 15922 15923
2 9155 15506
2 7983 1040
1 16313 377308758
1 16844 717916674
2 12064 12065
1 16082 612596849
2 18780 18781
2 4172 15407
2 11912 11913
2 12234 12235
2 1606 1607
2 4229 10497
1 13219 135850752
1 17087 494849015
2 7410 13314
1 15864 763287902
1 16691 251882075
2 18534 18535
1 12941 163472049
2 16694 16695
2 13477 16162
2 12285 16712
1 10237 110458478
2 15113 13343
2 19748 19749
2 8082 8083
2 2587 11679
1 10178 882902382
2 14640 14641
2 9907 5055
2 1582 5018
2 19150 19151
1 19366 17224701
2 4552 4553
1 13369 836600632
2 498 499
2 10280 10281
2 9190 16755
2 5692 5693
2 2106 2107
2 17816 17817
1 12993 650452940
1 17482 869120164
2 4636 4637
2 3733 8594
1 13056 225835647
2 14650 5964
2 1133 7602
2 5876 3418
2 7256 11803
2 5089 15184
1 13065 325884695
2 8183 5474
1 14927 488538266
1 13657 19829032
2 2034 2035
2 8905 10151
1 13425 71431468
1 16260 43805417
2 15324 15325
2 6239 15751
1 11522 169848635
1 10021 389322721
2 16048 16049
1 16750 605289246
1 19633 846454195
2 9893 7868
2 13572 7129
1 13888 133535350
1 17890 584035516
2 1572 11267
2 13373 2851
2 4970 4971
1 11344 362961259
2 10704 10705
1 11089 156704391
2 6624 18190
1 10743 211577771
2 12895 7326
2 7479 8907
2 14665 1389
1 12673 476696966
1 18582 740303605
2 14312 6845
2 1458 1459
1 10543 64396115
1 10931 583938640
1 19883 636394472
2 10048 10049
1 18637 825161214
1 14824 642695844
2 7897 7104
1 12389 996514946
2 3490 3491
1 16409 991054167
2 12221 3688
2 18736 18737
1 12404 816284681
1 18498 441668720
1 19278 999618433
1 17894 570236335
2 18444 18445
2 14184 14185
1 17107 972868916
2 14838 14249
1 12412 723769500
2 8026 13919
2 11004 4918
2 2749 17508
2 8220 6112
2 7589 10557
1 17644 163849822
2 15282 15283
2 12684 4805
1 11732 963207029
2 19661 15576
1 16814 986238946
1 17530 450978130
1 13302 979156645
2 399 19302
2 1834 1835
1 17851 428581885
2 19286 19287
1 13453 741524540
2 4002 4003
2 10656 10657
1 14782 857381757
2 5714 5715
2 11202 18463
2 2059 15364
2 7904 7905
1 19788 148172000
2 16077 7570
2 13570 13571
2 472 473
2 2278 2279
1 16954 357551905
1 19388 133924374
2 926 927
1 11479 356198584
2 16978 16979
1 17182 606090468
2 1691 7798
1 13312 635427705
2 4104 2288
2 18140 3678
1 11365 269309743
2 11776 5360
2 15682 15683
1 16375 647195615
1 19370 756879573
2 8835 7749
2 1917 14182
1 14027 97749234
1 11755 500357423
2 11210 11211
2 13982 6256
1 12174 777366226
2 19308 1864
1 13552 849984163
2 19804 19805
1 15592 844196634
2 11696 12546
2 16308 18914
2 3114 3115
2 18748 19232
2 13552 6414
2 4535 5118
1 13464 709206618
2 11312 791
2 15672 11080
2 8685 4833
1 13536 743391783
2 1900 16434
1 16810 384282445
1 17435 459140933
2 9743 11351
1 13925 815522137
1 18822 163411118
1 18832 313850115
2 12346 12347
2 5279 18944
1 13794 767828853
1 18452 994356862
2 15321 18710
1 16792 96923563
2 3609 6607
1 16939 382670436
1 13656 802887881
2 4886 1112
1 19247 452023269
1 18265 797534550
2 14588 8699
2 9208 9209
1 10520 16495581
1 17655 411686102
2 17338 17339
1 12906 112417274
2 15243 17208
2 549 4891
1 17791 989018824
1 19659 367405842
2 11076 11077
2 7590 19137
2 10526 10527
2 8230 8231
1 13928 453217909
1 13857 695475526
2 5219 1009
2 3071 13935
2 861 16669
1 18985 607118778
2 19406 19407
2 17376 17377
1 10081 86230987
2 2049 7007
2 9457 14648
2 19542 19543
1 12442 735386813
2 9612 16394
2 15310 15311
2 9429 925
2 13766 13767
2 11033 1742
2 19686 19687
2 12462 12463
1 13048 996828055
1 10600 422973208
2 8116 12508
1 18563 919552934
2 2418 2419
1 17515 133318189
2 13695 14191
2 12408 19501
1 13498 252300980
2 10229 7398
2 762 763
2 4916 12050
2 3920 11851
1 15584 1977778
1 19718 852054209
2 6014 6015
1 11415 615071878
1 16556 435085619
2 11448 13317
2 104 105
1 10481 317209127
2 13721 473
2 3762 3763
2 14294 14295
2 11706 7164
1 18496 840495526
1 18566 308444134
2 14320 10645
2 10755 1482
2 11660 11661
1 14192 155340409
2 12440 12441
2 1116 1117
1 12332 217012186
2 4726 4727
2 8542 8543
2 11144 11145
2 14443 6098
1 12661 400055218
2 10586 10351
1 13702 138955438
1 15512 136558278
2 1154 1155
1 12027 555231090
1 19788 111196641
1 19405 71935924
1 13941 474167173
1 10530 530799074
2 8370 8371
2 18958 5373
1 14035 617197461
2 8004 8005
1 11052 33297564
2 19380 19381
2 1196 1197
2 1635 5263
2 13301 18999
1 16157 516194333
1 17454 335830892
2 11576 11577
2 18225 14853
2 5668 5669
1 15177 743333710
2 14743 11694
1 13099 989692417
1 18037 682026925
1 10697 24965355
1 16566 254772346
1 13408 948557467
2 18176 5966
1 14457 347761364
1 12762 788031316
2 19042 19043
1 16433 137090310
2 10160 10161
1 13533 381347998
1 15249 567260396
2 7088 7089
1 19839 413252248
1 18511 489493811
2 5976 5977
2 10162 10163
1 18616 450906033
2 4635 13644
2 11004 2848
2 19008 7522
1 12842 878791980
2 5840 5841
2 198 199
2 14450 18561
2 15712 15713
1 15543 887994373
2 10423 10038
2 13009 6938
2 9272 9273
1 17395 222338290
1 11938 222995299
1 12919 529779988
1 16003 360715678
1 14167 142282259
2 18404 18405
1 16732 231299909
1 14513 430484010
1 16410 501040074
1 19131 46009412
1 19561 472899636
2 1480 8515
2 16534 16535
2 18477 19477
2 1424 1425
1 11701 220170792
2 2257 9601
2 1947 10093
2 638 639
1 13078 114593783
2 6751 4103
2 2834 2835
1 14643 429222062
2 9548 9549
1 16502 54644284
1 18567 825526775
1 11563 602226991
1 13725 787386865
2 11149 18916
1 17339 175849574
1 12832 208879251
2 12942 16746
2 12908 12909
1 19899 80138678
2 148 8582
1 10209 656704749
1 13580 961501535
2 19740 9292
2 2340 14049
2 17098 17099
1 16749 450703816
2 16780 16781
2 11126 11127
1 17829 655340859
1 19529 954049829
2 11194 11195
1 19785 395627235
2 10602 10603
1 11900 325091418
1 17584 730210537
2 6955 15136
1 17640 374615152
1 19886 374534693
2 16958 16959
1 16778 274142144
1 18462 98375912
2 5546 5547
1 17896 372669801
2 1498 15926
2 1434 1435
1 10521 579190960
2 8028 8029
1 19752 472527153
1 11112 150373574
2 6485 18098
1 10235 911986405
2 5486 5487
2 14754 14755
2 14262 14263
2 13556 19086
2 16454 7919
1 12605 653888199
1 10645 696391172
1 12168 759875660
2 7741 16993
2 3728 3729
1 17888 882211842
1 10220 729630666
1 12928 202024332
2 2467 3294
2 19068 2799
1 17300 95284831
1 17693 922771226
1 11883 764080253
1 15592 876534656
1 10429 832798543
2 2200 2201
2 12003 17689
2 9830 11517
1 11640 929179442
2 5152 18034
2 10351 16679
2 3948 3949
1 12280 293369119
1 18844 364879815
1 14138 482159272
1 11074 329748031
1 15429 753265244
1 14693 669760171
2 16002 16003
2 13802 13803
2 5672 5673
2 3420 3421
2 4194 4195
2 10664 16449
1 18441 869401153
2 3947 6673
2 18925 14775
2 5889 4667
1 14449 407512320
1 11927 208032555
2 9496 9497
2 14866 14867
1 13991 213552638
1 13253 411551307
2 4284 4285
1 11897 672872327
2 11808 11809
2 15568 15569
1 19646 930865404
1 11753 958891440
1 12113 342345515
2 3264 3265
2 4295 3996
1 12576 200299622
2 15842 19226
1 15992 564476760
2 18750 18751
2 4266 4267
1 12105 166309908
2 1390 1391
1 10083 755038922
2 18424 18425
2 7018 7019
1 12053 879780894
2 6032 6033
1 12068 162023601
1 10481 556079446
1 10154 624193920
2 1128 1129
1 10745 42412428
2 9097 11856
1 14512 413469375
2 15028 15029
1 18357 777003621
1 14012 935402373
1 18085 51525917
1 11952 697845846
1 13944 413933452
1 14709 854327349
1 10707 922743233
2 18829 1950
2 13957 15471
1 16084 229199613
2 17311 10736
1 13832 747844164
1 15097 278976793
2 13130 10102
2 6236 6237
2 8058 8059
2 1613 4225
1 15888 73733291
1 14480 252431562
1 16797 652840495
1 10342 596996116
2 9986 9987
1 19829 449177913
2 7984 2486
1 18788 38544025
1 12324 404776383
1 10411 512216756
2 17574 17575
1 17221 651390590
2 4034 4035
2 8950 8951
1 14633 473085084
1 19741 986105184
1 12942 954217162
1 14808 539296107
2 6485 5049
1 13642 896823091
1 17239 367968327
2 15380 15381
1 13703 147831445
1 11132 829606624
2 12614 6982
1 19353 298665544
1 13908 185669512
1 14374 460149730
1 17632 960012973
2 17172 17173
2 7891 15856
2 19012 15209
2 1374 1375
2 4318 13066
2 18872 18873
2 11162 11163
2 19638 5053
2 16443 6764
2 16408 7596
2 6024 6025
1 17921 887333637
1 14840 750925818
2 17084 17085
1 11937 724733257
2 9350 9351
1 17153 168491654
1 11638 643937501
2 10863 2202
1 10596 28228220
1 15398 537947238
2 10902 10903
2 1644 18224
2 6977 3915
2 8447 9311
1 15333 859101896
2 14887 8320
2 18275 10061
1 12634 897850927
2 4285 4556
2 8744 8745
2 16588 4525
2 13364 7877
1 18323 107531716
1 11741 403986771
1 19558 851597339
1 18986 386450469
1 16747 486611935
2 4002 4003
2 7995 16257
2 5399 16278
2 13570 13571
2 17904 17905
1 19513 473336815
1 14212 987404283
2 14337 11961
2 1886 6650
1 17041 406103088
2 2060 2061
1 15036 783389077
1 10001 831272250
2 16064 19436
1 16105 448913311
2 6998 2524
2 14317 1850
2 14820 11923
1 12519 908770633
2 14389 18274
1 10933 953785904
1 12118 37653611
2 768 4489
2 10968 10969
1 12831 46532074
1 16655 43394472
2 608 609
1 17298 611086709
2 9154 9155
1 12870 669560046
2 1846 1847
2 4551 10232
1 17748 194003736
2 465 10329
2 6921 6394
2 10606 10607
1 16633 50246504
2 5047 18997
2 14108 7259
2 1189 10514
1 14805 930348130
2 327 6230
1 14512 672204261
2 12042 12043
1 16667 347630005
1 17522 225907274
2 8982 5357
1 14684 968109767
1 10903 553638480
1 10956 378371181
1 11857 85377542
1 18977 186111148
1 17317 701869424
2 3940 9091
2 9532 10847
2 7300 7301
1 16629 505951809
2 8598 8599
1 10949 568462243
2 6907 13645
1 19530 89054311
1 16652 276818756
2 17738 17739
2 16722 16723
1 14284 647901394
1 15069 543460915
1 13321 635264885
2 14738 14739
2 12912 12913
2 16844 16845
1 12476 469927391
1 10717 70897302
1 14801 423355642
2 19406 19407
1 19058 450912920
1 17519 854317542
2 9330 9331
2 6939 16751
2 2518 2519
1 13189 508089342
1 15985 978582656
2 17170 15917
1 12859 377872443
2 4923 15305
2 18860 18861
2 241 15143
2 12092 12093
2 6820 6821
1 11990 743949473
2 12440 17179
2 13416 13417
2 1546 1547
1 19644 405936859
1 15360 941743810
2 16078 16079
2 6448 6449
2 16275 409
2 8090 8091
1 14394 185485665
1 18151 150347989
2 13335 11102
1 11425 453383182
1 18368 616700121
2 864 17049
1 15033 955120257
1 13859 270354098
1 11080 759799574
1 18774 613696143
1 11223 173470245
1 15030 357860555
2 11312 18198
2 7432 13539
2 19423 5034
2 10530 13120
2 17900 17901
2 13302 15610
1 11077 615581867
2 79 11328
1 17508 983589390
1 11220 193888116
1 14669 267840743
2 7613 10575
2 16349 13065
1 13601 281482169
2 5522 9466
1 13222 920436618
2 6209 5259
2 4850 4851
1 12967 55317652
1 10755 398996819
1 11221 106997610
2 7410 7411
1 13968 240862584
1 14545 616545183
2 7366 7367
1 19696 127374531
2 18454 19723
2 11247 8952
2 16526 16527
2 7560 7561
2 11364 16265
1 18745 928533238
1 15938 780581790
1 11822 128349156
2 235 766
1 14916 780384414
1 14151 275726704
2 16572 16573
2 17438 17439
1 17794 807571054
2 11039 2600
1 10933 222248858
1 18467 190347240
2 19487 783
2 6184 3170
2 82 4460
1 12325 898730953
1 18409 651778686
2 13478 13479
2 2970 941
2 13820 13821
2 11682 11683
2 7318 7319
1 19173 420715811
1 18727 471181742
1 14898 534505304
1 16649 227813457
1 17475 784684361
2 18918 18919
2 17312 8584
2 19374 10499
2 4028 4029
2 10013 14098
2 2348 2349
2 8060 8061
1 12907 155694666
2 13494 13495
1 17439 950575658
2 3190 3191
1 16219 419818079
1 11180 16934392
2 9802 17518
2 9997 728
2 17119 1968
2 548 549
1 10039 158188453
2 9567 2738
1 16811 443383586
2 14248 14249
1 15081 349537714
1 19798 635271537
1 16438 776500168
2 19028 19029
2 9735 17942
1 13022 581091959
2 3204 9720
1 14499 217409290
2 9612 9613
1 19021 423824682
1 16716 509890460
1 17106 657360645
2 13882 13883
1 15340 565448839
2 15654 15655
2 3292 3293
2 17520 17521
2 14067 863
1 18316 871284064
2 9317 15099
2 1703 8267
2 2443 13753
2 11116 11117
2 7012 7013
1 14420 645939465
2 1956 1957
2 2950 2951
1 16378 458963791
1 15263 314326173
2 3116 3497
2 10410 10411
2 7546 7547
2 13350 13351
2 9419 19127
1 13987 551178987
1 10207 266224019
1 13572 601072942
2 14048 14049
2 19382 19383
2 15263 19713
1 18214 758430359
1 11818 55160522
2 9538 7784
1 17672 453510383
1 11270 425491964
1 15146 335545753
1 13268 828782270
2 18486 18487
2 18187 17324
2 13480 13481
2 2946 17380
1 19308 532381528
2 17952 17953
2 19678 18901
2 1518 19822
1 14445 642150852
1 15732 113644434
2 18290 18291
1 12761 580752609
1 18170 10241866
2 13526 13527
1 10084 58396214
1 10364 942250927
1 18643 777625952
1 13704 405231235
2 3346 3347
1 11574 753520636
1 17591 288798001
2 618 619
1 19765 951477464
1 13072 387741460
2 11387 16434
2 19524 19525
2 17647 6435
1 13032 521377152
2 5811 50
2 9917 4369
1 15740 103469480
2 11788 11789
2 4211 6228
1 15180 819978289
2 14108 14109
2 3292 3293
1 11036 290882361
2 18508 18509
1 10874 245051504
1 11592 690009653
1 18462 56781701
2 14196 14197
2 9790 9791
2 3431 9474
1 19947 200574485
2 10223 15729
2 3442 9430
1 11404 2711812
2 2945 1719
1 16189 225033763
1 18317 964233032
1 16837 702905281
1 17739 26517539
1 15187 125579507
2 7680 7681
1 16275 965773077
1 12122 980519692
2 14094 14095
2 4276 2190
2 8705 10201
2 8416 8417
2 4891 2793
2 12822 12823
2 6976 6977
1 17939 190869400
2 2574 1747
2 4760 751
1 16074 234087593
2 9612 9613
2 3058 3059
1 17225 599155948
1 15810 454760697
2 11254 11255
1 12187 175041494
1 18708 568068647
1 16562 938958070
1 16631 968642235
1 15208 353204848
1 12531 756123136
2 4565 19621
1 17758 846001831
1 15710 667377188
1 10047 888973840
1 13152 824501158
2 17059 19094
2 17834 10017
1 13696 681686454
2 3897 18616
1 13691 608093920
1 19525 721862669
2 2802 2803
1 16175 671108637
1 13619 493228480
1 13460 427677083
1 15725 588666448
1 17506 106166095
2 3299 11196
1 14247 430388821
1 11087 811431604
2 10358 10359
2 12990 12991
2 13449 13929
2 18221 4672
1 10824 999735562
1 15525 703189988
2 19836 15605
2 638 2821
1 16316 97339422
2 11282 11283
1 13364 946982872
2 7903 3336
2 7176 7177
2 14601 9104
2 13131 14208
2 2760 2761
2 15560 5109
2 2010 2281
2 17098 6456
2 2306 2307
2 1360 1370
2 9283 11297
1 16295 219625873
1 19178 78335476
2 1346 1347
2 12169 603
1 13002 393058251
1 17035 214783486
2 53 3972
2 1463 2725
2 6788 6789
2 3680 15746
2 5418 16180
2 9572 9573
2 6878 6879
1 11856 409724712
2 3494 13038
1 16025 795788333
1 14679 414598967
2 3698 11167
1 13450 827124265
1 19429 261807498
2 16880 16881
2 10543 9245
1 11240 546911020
2 11036 11037
2 12174 12175
1 15081 771117960
1 11672 83922922
1 10855 886874951
1 15386 927760788
1 14674 321619390
2 18918 18919
1 19605 515422776
2 13294 13295
2 3328 10101
1 17846 603667478
1 15353 556152998
1 17870 263474136
1 19554 347965215
2 2731 17700
1 18714 229517424
2 19653 5645
2 11148 11149
1 16419 420378647
1 12985 426210928
1 14239 412386005
2 5966 4032
2 7374 7375
1 17743 6909436
1 11569 932765721
2 17026 17027
2 756 9161
1 12731 399238411
2 18215 1937
1 17096 372547597
2 19796 19797
1 17948 569911035
2 19590 19591
2 11436 11437
1 17832 295857928
1 14116 859958790
2 18994 7567
2 7954 7955
2 9114 9115
2 15844 15845
2 14562 14563
2 19468 19469
2 11586 11587
2 7810 7811
1 19712 180412292
1 13790 580483107
1 10618 61013508
1 19860 361035575
2 2047 13926
2 9958 9959
1 10698 373403310
2 654 655
2 12948 12949
2 6084 3727
2 17179 8254
1 10042 54420222
2 4141 8851
1 14116 208868263
1 12665 799627552
1 12353 866038111
1 11397 848450235
2 13889 2044
2 5508 5509
2 1105 617
2 11736 11737
1 12042 14404699
2 17570 13317
1 14443 306579631
2 594 595
2 1176 1177
1 19063 164541631
1 13508 911396530
1 15306 972986458
2 5110 15777
2 12510 12511
2 19214 19215
1 14120 113989038
2 7504 7505
1 16825 779207171
1 10303 837154415
2 4361 17457
1 15472 518276881
2 14364 14365
1 15177 184224382
1 18511 302175004
2 3010 3011
1 15473 518086907
1 17307 180143421
2 18084 18085
1 15797 929983304
2 16390 16391
2 1220 12610
1 16140 384495442
1 19175 586435930
2 17542 16678
2 19804 19805
2 703 19488
2 10274 17618
1 14295 957111865
2 2212 2213
1 10289 107168625
1 13938 850826554
2 1406 10305
1 17337 660617674
2 13275 7597
2 4459 11057
1 19126 218866507
2 13396 1145
1 15541 239227398
2 377 16773
1 13638 739795648
1 19581 646852167
1 10446 397978888
1 15319 751377007
1 16216 72148222
1 18082 980238189
1 12059 908161593
1 15331 368247227
2 4350 4351
2 3927 9181
2 9296 9297
1 15444 876242943
2 9918 9919
2 7870 7871
2 3948 3949
2 17260 17261
1 17869 292548221
2 16212 16213
2 12512 12513
2 19234 19235
2 303 14334
1 11672 77753700
1 19775 395691566
1 15431 655161324
2 16434 1224
2 3 7149
2 8781 6879
1 12503 599722376
1 10430 382391221
1 10312 883458761
2 13741 327
1 14722 193249270
1 10198 229631847
2 10586 10587
2 15590 15591
2 2429 16763
1 15618 906693953
1 10716 792431824
1 12266 32434923
2 18522 14676
1 15596 941041491
2 9608 9498
2 6509 6440
1 19392 519732186
2 6269 14404
1 14074 765576697
2 118 119
2 11382 11383
2 15318 15319
2 14024 14025
2 6528 14101
1 13606 693286907
2 16426 17754
1 18788 65262247
1 12046 941622794
1 12870 453292117
2 14719 19297
1 14016 287398630
1 18313 782183743
2 3849 11805
1 14566 793196737
2 16432 16433
2 16764 8599
2 19117 8685
2 10357 16692
2 16754 16755
1 18569 314620034
2 7724 7725
2 4298 4299
2 18082 5071
2 12585 17511
1 14174 118819937
2 11618 11619
2 4685 13887
2 19449 3452
1 19742 48277535
2 5519 7328
1 10281 432380457
2 9774 9775
2 15428 15429
2 19326 7185
1 14116 125030444
1 18765 425218273
2 9460 16791
2 14464 15895
1 18861 398692533
1 14182 801691552
2 17616 6672
1 17066 783122081
2 11946 8978
2 7096 7097
1 10264 355630762
2 10182 9308
1 11955 582576532
1 17969 813964859
2 11176 8855
2 7605 1273
2 15683 13006
1 15315 21853098
2 1998 1999
2 14864 18317
2 3621 15968
2 7388 7389
1 13258 156129967
1 16771 534332695
1 17985 456433671
2 14228 14229
2 8900 12338
1 14798 273303921
1 10364 132564358
1 15776 681008151
1 13528 25406818
2 2772 2773
2 14530 14531
2 4164 4165
1 12878 157141786
1 16102 712005352
1 16225 267462330
2 5730 5731
2 17130 17131
2 18182 2619
2 10772 10773
1 16918 507490654
1 16843 616754462
1 16259 399422714
2 1415 1917
1 16692 172454781
2 15083 13920
1 19163 720348585
2 6061 12925
2 13107 7736
1 19642 722473418
2 9838 9839
2 18732 3001
1 11146 139225711
1 10020 209264786
2 424 425
2 2030 2031
2 5211 11231
2 15425 1234
1 19820 400716573
1 12989 81921515
2 18414 7914
1 15846 452871593
2 18954 18955
2 8650 8651
2 13220 6069
2 6760 6761
1 18556 657186868
1 15469 878955895
1 16983 157767051
2 5369 18782
1 10831 442503143
2 5785 19327
1 14374 269659843
1 19775 668313254
1 16335 912100060
2 14176 14177
2 8555 16494
2 16619 19059
2 5700 17855
2 2128 19556
2 2429 7066
2 17857 12209
2 17379 14533
1 13753 531549450
2 2936 2937
1 18200 655385916
2 3220 3221
1 17680 318235996
2 17725 16793
1 10783 151443603
2 19696 19697
2 16071 13104
2 3762 13787
2 1890 1891
2 3804 3805
2 2644 18382
1 14489 460844268
1 10978 238902711
1 19622 707669855
1 16640 519864804
1 12661 595260693
1 16005 171121905
1 11372 658422447
2 698 699
2 1407 14049
2 10207 16963
1 12091 109090898
1 11063 745788604
2 4890 3404
2 6114 6115
2 9411 6251
1 15436 882272476
1 17243 323738364
2 1302 1303
2 18783 12420
1 19540 926231809
2 982 983
2 11060 11592
2 12754 12755
1 18152 662332100
2 13202 13203
2 6301 14964
1 15899 893608552
1 18305 388510097
1 13117 422644134
1 10348 668176323
1 18543 197867348
2 1182 1183
1 18880 523166500
2 17740 5288
1 13198 874755907
2 2028 2029
1 17115 9564875
2 16684 19251
1 18818 994427690
2 9574 9575
2 3691 5744
2 18882 18883
2 7836 7837
2 17018 17019
1 14276 301014554
1 15150 617000496
1 17711 556995942
2 7474 2845
1 10493 650080930
2 13806 13807
1 14772 280981686
1 10298 447786452
2 12795 1111
1 17127 988862060
1 10625 617145184
1 13003 170152072
2 5272 5273
2 14346 14347
2 6706 8733
1 16107 239130485
2 10552 10553
2 16940 14527
2 14270 14271
1 19466 395859423
2 18286 13550
1 13813 738536602
2 6254 6255
2 19826 19827
2 9786 9787
2 18666 18667
1 15328 807905956
2 10430 10431
1 15662 689422839
1 13725 593352940
1 18368 877905983
2 15112 19834
1 19665 734663466
2 4911 7737
2 3467 1896
2 5553 7575
2 11768 13043
2 2542 2543
2 6212 4012
1 11234 972220523
2 10488 10489
1 16648 843940275
1 15316 240610405
1 15135 829762135
1 19935 295830710
1 10048 41650830
2 12928 12929
1 19128 700722597
2 3578 3579
2 8717 16947
1 12338 78510839
2 12190 9061
1 18230 842157098
2 9760 9761
1 12639 31972810
2 13664 13665
2 5280 5281
1 10167 626161931
1 10310 501365451
2 7748 7749
2 3755 13628
1 14288 926424993
1 10923 114076809
2 18348 18349
1 17581 400228256
1 17072 474717428
2 18264 18265
1 10340 894994515
2 15880 8006
1 12959 534142803
1 11952 195611410
2 9752 2361
2 6228 13350
1 16047 339237073
2 19427 10084
2 15425 16258
1 13062 123651473
1 19838 778649009
2 839 2811
2 13684 13685
2 19472 19473
2 9959 16922
1 12134 145704725
2 18792 18793
2 14136 16547
1 18318 657714524
2 8210 8211
1 10430 720164870
2 8228 16917
2 19837 9968
2 15766 15767
2 1452 3478
2 8070 8071
2 9495 18578
2 17588 17589
1 17968 900971489
1 11651 951594829
1 11420 544937436
1 14633 511178683
2 17802 14890
2 8330 8331
2 19486 6140
2 10130 1710
2 350 351
1 19574 230397706
2 12283 10026
2 16294 9158
2 5125 12707
1 11874 380325059
2 6836 6837
1 10667 362761532
2 15816 15817
2 16683 2153
1 18746 625796904
2 12180 17571
2 19181 17816
1 12698 840754063
1 17480 622378989
1 11093 694996078
1 10156 825572463
2 4300 4301
2 2512 19300
1 12998 43249310
2 10004 10005
1 11638 653071498
2 17270 13691
2 9752 9753
2 7242 7243
2 19504 19505
1 15546 683915000
1 13192 660419227
1 13083 132674987
1 10850 820018061
2 1053 3500
2 9905 18004
1 18340 22224018
2 17012 13712
2 10274 10275
1 19947 228398696
1 12828 570140507
1 13177 788382682
2 5216 5217
1 14358 143054331
2 18326 717
2 18448 18449
2 363 9023
1 19242 544897974
2 5834 5835
2 13596 13597
1 14996 425475012
2 13802 13803
2 7222 7223
1 11104 513651354
1 11256 788212059
1 12105 485482231
2 2225 3017
1 14766 881842211
1 12761 123928588
1 11715 157213396
2 2004 9642
2 3987 14496
1 13361 162113854
1 10260 524749296
1 11587 796525726
1 16575 863752885
2 12066 821
2 120 121
2 3873 13705
2 16882 14540
1 17417 400628989
2 14788 8515
2 7075 12944
1 18205 978290867
2 5627 15347
1 14497 425944285
1 16229 129081954
1 13159 116079061
2 13410 13411
1 10194 125003306
1 13332 577793922
1 16598 763800268
1 19438 948852124
1 11131 919383487
2 1072 1073
1 14854 803565157
2 3739 7915
2 3342 3343
2 11338 420
2 13316 13317
1 13093 297795660
1 15416 686731780
2 11453 13495
1 17567 172586590
2 796 797
2 19890 19084
1 17338 318563973
2 19429 7094
1 18742 370836171
1 11473 429212797
1 16134 387685625
2 13693 4323
1 10587 267833275
2 12472 12473
2 12588 8698
2 19745 11563
2 11578 3442
2 9681 19904
2 6286 6522
1 16358 665043872
1 16858 839658724
1 16936 874716042
2 846 847
1 12274 626601057
2 18881 6681
2 3592 3593
2 14418 14419
1 19516 967759880
1 17964 727734216
1 14735 845887872
1 16154 865991892
2 4229 19437
2 7312 7313
1 18857 556711902
2 17842 17843
1 16259 916651722
1 18804 80992114
1 19262 328414483
2 16010 16011
2 4814 4815
2 15332 15333
1 12626 264205416
1 13385 877642105
1 11426 493575303
1 18081 810117763
1 16167 389755224
1 10344 486414578
1 12820 378080490
2 9176 9177
1 10377 313373128
2 1391 16606
1 17807 465519073
2 13956 8874
2 10356 10357
2 10857 3419
1 16913 700571347
1 18370 155178743
2 2909 7975
2 15402 15403
1 11215 347415287
1 12905 315572574
1 18728 826309553
1 16422 731504330
2 14676 14677
1 17139 11747368
1 19627 452318642
1 18314 337286302
2 18973 8274
1 13261 26887494
1 13352 721146556
2 10636 10637
1 18266 388649910
1 15743 588314390
1 16754 573916711
2 5720 5721
1 11032 39979298
1 13783 555908874
1 14440 393175217
1 11810 822996719
1 13008 254097312
2 2052 2053
2 5224 5225
2 6776 6777
1 13540 215690751
1 12054 583744996
2 12477 19151
2 18490 18491
1 13964 877611578
2 5170 16079
1 19097 469622658
2 5470 5471
1 18348 703409688
1 18918 703753499
1 16484 182630258
1 16436 875919562
2 15055 3518
1 16388 830085922
2 17056 17057
1 12872 37058159
2 8238 8239
2 13325 13962
1 12932 703067279
1 18005 819354885
1 13133 568697560
2 19428 12504
1 19178 208161701
1 18189 711395803
2 5649 19030
1 18554 219438358
2 7798 7799
2 13844 13845
1 13324 766993142
1 12774 194496627
1 10710 279116509
2 5096 5097
2 962 11781
2 12874 12875
2 6768 6769
1 10801 157756838
1 10650 364931748
1 13662 418757070
1 17682 618989119
1 11201 844158774
2 17435 12856
2 4263 18912
2 6294 6295
1 14008 920511839
2 5992 5993
2 17086 17087
2 17526 17527
1 10368 337592817
1 15867 40654073
1 19235 69393821
2 6833 8637
2 9142 9143
1 15193 169582896
2 9416 6886
1 10341 355997939
1 15911 701088141
1 13473 58771803
2 1976 1977
1 10997 234464687
1 13101 892793841
1 13652 629688795
1 16385 281835994
2 10101 5232
2 2272 2273
1 17735 864462201
2 6756 10799
1 11566 362266195
1 19587 155591509
1 18031 371917100
2 5916 5917
1 18937 985567609
2 19035 8770
1 18349 534807364
2 1425 3824
2 6432 6433
1 12742 628802300
1 11609 772518777
1 12216 905796975
2 7428 7429
2 8228 19870
1 18686 744909278
1 11311 349159879
1 18048 454761282
2 13720 14242
2 6575 8872
2 4836 4837
1 19693 22181476
2 13776 18786
2 348 349
2 4053 1630
2 14590 14591
2 994 995
1 15961 347559804
1 16910 936948971
2 13346 13347
2 5494 1219
1 13413 310085232
1 11591 825687086
1 11917 290589726
1 19567 347695165
1 16924 861371446
1 19261 291378347
1 12593 988330359
2 10340 10341
1 10495 720649827
1 15374 394523508
2 7028 7029
2 8646 8647
2 6649 18726
1 14982 528088510
2 700 701
1 11246 5842848
2 13947 19537
2 3898 15886
2 10262 10263
1 15729 243425082
2 5626 5627
1 19525 727221371
2 9992 9993
2 11166 17138
2 9648 9649
1 15338 897471478
1 11209 370845021
2 13118 13119
1 13312 433969312
1 18504 535157038
2 5878 1343
1 14589 843059727
1 17238 335033824
2 12046 15727
1 15383 981011881
1 18765 636475908
2 3590 3591
2 13408 13409
2 15111 18737
1 12842 13552177
2 2790 15146
1 18586 956013355
1 11076 829688028
2 4631 8685
1 19673 736333826
1 15825 418180448
1 11453 920699470
1 11005 131763739
2 6214 4651
1 14643 48516054
1 11540 721736886
1 12874 586772168
1 12225 959756976
2 2978 2979
2 7302 7303
2 17982 17983
1 19975 794889250
1 12355 453988477
2 2179 14882
2 13554 13555
1 14005 661263729
1 10191 618105315
2 16705 169
2 3658 3659
1 16304 926013771
2 15774 15775
2 3994 3995
2 12886 12887
1 17201 515288164
1 11955 41466405
2 5847 11366
1 12141 586632203
2 13220 13221
2 2153 18633
2 3801 16481
2 10838 10839
1 14754 442135674
1 14675 895082266
2 5134 5135
1 11535 424483977
1 14306 751931705
1 12467 263292159
2 18791 4741
1 12943 543680387
2 4831 16151
2 7100 7101
1 18588 8070970
2 6646 6647
2 17962 19113
1 18555 339153888
2 1860 1861
2 9736 14378
1 11911 212906426
1 16705 723924689
1 18390 276487726
2 13930 13931
1 13773 983926162
1 18011 545466357
2 6594 6595
2 8090 8091
2 2586 2587
1 19341 251716498
2 1386 11135
2 18290 18291
1 13021 576279163
1 18069 132954974
1 12520 722769781
2 19542 4355
2 12161 1753
1 15706 686050637
1 19796 324385553
1 18737 144069262
1 19362 335210558
1 10369 474430085
2 13284 13285
1 13495 291186144
2 14721 7017
2 428 429
2 16030 3593
1 13430 470756204
2 7294 7295
2 465 19209
1 15719 10402140
2 294 295
2 10247 7295
1 16094 628190847
2 12355 10468
1 17743 504704916
1 11642 632662486
1 13812 80547538
1 17071 192081297
2 18792 18793
1 10731 317412994
2 19146 19923
2 7778 7779
2 13400 13401
2 8020 1326
2 8394 18804
2 18276 18277
1 12197 841405790
2 18560 1466
2 3315 16033
1 17214 885382804
1 15738 459728813
1 14929 766766191
2 13232 13233
1 17157 772439445
1 14573 791672133
1 10791 425861278
2 6230 6231
1 16054 469614862
2 12650 12651
2 18852 12653
2 13350 13351
1 12963 103898270
1 12107 402941589
1 18437 395931353
1 15749 497642096
1 11201 318637824
2 19236 19237
1 19750 297263479
1 13897 328974580
1 14679 145756240
2 15992 14362
2 8444 8445
2 19987 13188
1 12670 116130723
2 4352 4353
2 3456 3457
2 7671 563
1 15427 46319529
1 17862 301693758
2 6580 6581
1 17759 108090906
1 16569 14220529
2 18174 18175
2 19684 19685
2 2337 14489
1 18843 728472772
2 7764 3762
2 16250 16251
2 2954 2955
2 17519 5165
1 17048 626480708
2 4591 13830
2 1943 6332
1 18058 933359168
2 2222 2223
2 7778 7779
2 10635 1012
2 11279 11162
1 12165 496259135
2 11814 11815
1 18482 572141575
2 12228 6463
2 16286 16287
1 17564 521231954
1 18453 121875436
2 9881 13804
1 12265 626809172
1 15233 257481787
1 14151 628669958
2 4106 4107
1 18100 934437777
2 4931 13633
2 5452 4032
2 19147 13786
2 18548 18549
1 18035 92526194
1 17781 284105760
2 3418 1509
2 11464 12143
1 13439 588711231
2 19649 17276
2 16954 16955
1 13453 55069941
1 13435 519222422
2 17796 17797
1 17957 603609023
1 19520 965914968
2 8028 11303
1 15991 541497986
2 7634 14226
2 11973 7583
1 10147 584046867
1 18800 949660413
1 10019 354584631
1 18685 18436921
1 14124 173097616
1 15131 930090409
1 10702 739726783
2 3168 3169
1 15311 764697976
2 1250 1251
2 2796 18356
2 8540 8541
2 18054 18055
2 5852 727
1 12387 713040441
1 14236 58778782
1 18552 225053507
1 16392 805771441
2 11862 11863
2 12813 7827
2 12708 12037
1 14371 270536539
2 550 551
2 6550 8776
2 2842 18187
2 15614 15615
2 12602 12603
1 11079 944401336
2 12010 12011
2 8396 8397
1 18736 859948776
1 18261 905126408
1 15259 335285200
2 4790 10116
1 14852 863177924
2 7900 19865
1 13805 139302518
2 15986 6110
2 15074 15075
1 17107 944170762
2 9625 3431
1 11550 115930329
1 10251 690312477
2 6503 4249
1 16834 836199665
2 11236 11237
1 12757 842624762
2 6179 5660
2 4321 1955
2 14808 17123
2 248 249
2 12784 12785
1 16026 845896525
2 4118 16048
2 11034 16020
1 12798 523709581
2 12818 5048
1 14557 938718567
1 12633 642011413
1 19993 305810552
2 5812 5813
1 11213 622141710
1 12932 609873347
1 13380 338523560
1 15349 446152538
1 18990 638125057
1 14902 268437486
1 10643 311954502
1 17611 329013678
1 14745 83155014
1 13016 812719594
1 11033 15313715
2 18670 18671
2 5876 5877
2 19606 2963
1 19865 918446957
1 16954 115546698
2 11248 11249
2 2024 2025
1 11093 676781851
1 14918 33527578
2 18555 18982
1 17358 787962667
1 14028 807529754
2 14133 9812
1 11712 677993776
2 12160 12161
2 10742 10743
1 10047 714415302
1 12802 51040295
1 11054 112228600
2 13558 989
2 13511 1901
2 18435 10401
2 16570 16571
1 19730 436244572
2 14436 5882
2 15756 7327
1 13468 639456423
1 19288 611778447
2 17618 18447
2 1842 1843
2 7592 7593
1 15346 576286258
1 18377 201809153
2 3621 6477
2 8660 8661
1 10025 873106821
1 17918 712261685
1 16486 143954785
2 11370 11371
2 691 17009
2 6795 12902
2 4302 4303
2 16326 16653
2 16061 1388
2 631 6164
2 19990 19991
2 1502 1503
2 12845 9617
1 12740 555842412
2 12278 12279
2 11133 14749
2 17523 7968
1 19284 651586815
2 9042 1643
1 17711 623720343
2 524 525
2 13138 26
2 2464 2465
2 15238 15239
2 18034 10396
2 16296 9699
2 4514 4515
2 2749 5417
2 19781 10535
1 10554 690177923
1 17081 370308571
1 19229 252043740
1 10888 671609021
2 18191 3205
1 11883 743762433
2 12808 1086
1 10047 749624743
2 16792 12713
1 12592 540727221
1 15372 15070401
2 2301 10046
2 1434 17251
2 11524 11525
2 16344 16345
2 17196 17197
1 18820 566272176
2 15414 5487
1 14212 248857133
2 5161 680
2 10051 6355
1 12791 469958389
2 5225 19421
1 12752 866127638
2 11376 4713
1 18079 183370015
2 7192 16721
1 18533 380812273
2 1674 1675
1 13117 246397076
2 18480 11987
1 15887 915249727
1 19981 65039812
1 11249 218720702
2 9193 9324
1 15688 54343980
2 5722 2286
2 3494 11861
1 10890 601538800
1 15624 75298005
1 14143 181712466
2 12346 12347
1 11232 313727018
2 2644 2645
2 3792 10106
1 13897 449302697
1 10349 676181841
2 12416 12417
2 3811 960
1 16978 480879774
2 8622 8623
1 19524 612958155
2 7266 7267
2 18749 18426
1 15286 537566671
2 17962 17963
1 16654 334312826
2 11936 11937
2 12845 15764
2 14051 6151
1 14009 245439605
2 10224 10225
2 15933 10857
1 15947 521564717
2 609 8781
2 5724 5725
2 1478 6889
2 1372 16436
2 7608 7609
1 11669 934378155
2 13821 3743
2 1580 1581
2 13302 878
2 167 13089
2 7968 19097
2 15351 13277
2 6005 14284
2 10130 10131
1 10337 82972755
1 19701 634143541
1 18495 170452836
2 2825 12061
2 12002 12003
2 13812 13813
1 18203 192520169
2 9054 9055
2 7947 13320
1 15015 25765855
2 17825 14371
2 14819 217
1 18346 280282055
1 16370 380679260
2 16948 16949
2 16010 18236
1 10635 123795480
2 14773 19570
2 6808 6809
1 11546 13368440
2 13965 18167
2 7699 8352
2 17928 5405
2 2697 9100
1 16308 663802689
2 6398 19032
2 11842 1917
2 5536 2230
1 19759 167822600
1 18762 695201256
2 5394 5395
1 19479 905783498
2 16996 16997
1 13794 136032120
2 12264 12265
2 15740 15741
1 16737 166478502
2 14518 14519
2 6122 18716
2 16566 16567
1 13708 141894762
2 3650 822
1 17720 966017666
1 10357 356862965
1 12105 292781901
1 12870 141475243
1 13221 768418407
2 1088 1089
2 15399 6463
2 2260 2261
2 5201 2051
1 19294 737666387
2 17561 2823
1 11021 935037590
2 9786 9787
1 17349 269303382
1 14671 299630616
1 18598 123188219
1 10811 892949877
1 14444 619769542
1 15269 770531762
1 11712 706492520
1 16865 769644599
1 11291 76342108
2 2708 2709
1 19114 369872740
2 12087 17154
1 12991 793075471
1 12212 262464663
1 13551 784497229
1 11525 99291815
2 14640 2352
2 5774 17179
1 19928 520807477
1 17705 106635896
2 3502 5849
2 16632 9503
2 16310 16311
2 6000 17353
2 8356 8357
1 11564 479951999
1 12439 951351208
2 19888 19889
2 5595 16429
2 8702 11129
2 14460 18425
1 17201 388041250
1 16461 137158007
2 2051 4320
2 15336 15337
1 14902 525292535
2 16030 16031
1 12752 876886921
1 10531 615768030
2 523 5139
1 17474 724303906
1 12603 59357360
2 4635 4573
1 13510 2072358
1 19899 754842506
1 18538 646007271
1 11135 401191194
2 10314 10654
2 2872 6566
2 6014 7029
1 10247 573056214
2 19388 19389
1 12326 477193970
2 2256 1892
2 975 9397
2 18418 18419
1 11912 108603945
2 7185 9764
2 9700 9701
1 17283 452006073
2 8453 17198
2 8435 9704
2 10932 10933
2 16690 16691
2 11216 5249
1 14006 884215164
2 2524 2525
1 14669 867875030
1 11154 519050740
2 3143 14491
1 13836 385145899
1 11116 638251083
1 16378 874594274
2 2034 2035
1 11009 196564200
2 2307 3243
1 15319 852775436
1 13326 595910728
1 11446 505525764
1 14986 236517950
1 13082 214033099
1 11062 651701082
1 19019 208836724
1 19831 193737578
2 15959 16439
2 10474 10475
1 12379 248914950
2 2232 8957
2 19619 2836
2 12974 12975
1 14464 957011008
2 5691 9945
1 14736 747677529
2 17680 15102
1 18627 573626355
2 13554 13555
2 10000 10001
2 11514 12057
2 5538 5539
1 13220 311027905
2 9146 19886
1 14390 134916420
2 10387 2315
2 19312 19313
2 7664 3771
1 16952 178056202
1 11182 890859827
1 15446 760784354
1 19688 140548009
1 11414 989396871
1 18128 554991376
1 10869 21782876
2 6647 9818
2 18506 18507
1 18194 391239657
2 1773 16032
1 13067 472023446
2 16310 16311
1 18476 602320293
2 17158 7037
1 11293 493775492
1 16957 829422727
2 1535 9299
2 3448 996
2 183 3234
2 1726 16050
2 6931 16092
2 18410 18411
2 13466 13467
2 19630 11738
2 17281 1869
2 7346 7347
2 17276 17277
2 19336 19337
1 17829 291973573
2 6258 6259
1 18118 845502025
2 14038 14039
2 494 16163
1 17380 72383848
1 14975 741087905
2 19434 8410
1 17105 467150403
2 11260 11261
2 10892 13194
1 15910 956064947
2 4962 8980
1 15738 852859125
2 13796 6975
1 11048 103772801
2 9808 5865
2 1153 11135
1 10801 945041750
2 1658 1659
1 19908 789158308
2 5278 5279
1 17474 11763524
2 6475 1224
1 16058 361673532
2 7349 2245
1 13150 577242642
2 5570 5571
1 11379 769839708
1 18606 716269807
2 10987 19477
2 264 11652
2 2395 14623
1 14467 961900284
2 15463 7882
2 9128 9129
2 12726 12727
1 14971 501185774
1 13741 697282988
2 5160 15934
2 18526 18527
1 10328 402672496
2 4627 8593
1 11410 93483177
2 1610 1611
2 9896 6798
2 3092 1460
2 19738 13717
1 17496 399614987
1 14348 69498575
1 15943 271657436
2 10035 6155
1 19226 824992335
1 12866 592236768
1 11559 90505830
1 11771 947474187
1 19795 6829913
1 12435 746215964
1 17474 971109577
1 10303 924195511
2 10671 13959
1 13788 720046735
1 12691 453355232
2 17815 804
2 19220 6785
2 10668 10669
2 19742 6350
1 14715 944135743
1 16380 925763147
1 18445 92304979
2 1558 1559
2 11696 11697
2 18758 18759
2 13550 13551
1 17927 998805743
2 18264 18265
1 16602 782357584
2 798 19533
2 17189 15486
2 4707 2667
2 2312 2313
2 19794 19795
1 15331 669458381
1 15337 888959546
1 17456 563352342
1 12866 137239412
2 5022 5023
1 16162 930564736
2 806 807
1 14589 336874328
1 10731 610272371
1 10528 177903957
1 10803 224742168
1 14637 552209176
1 17061 102126125
2 418 419
2 6796 6797
2 10449 15159
2 9862 9863
1 14368 971653184
1 18827 247655680
2 11681 11338
1 18695 555043541
2 5100 5101
2 19128 19129
1 12071 751192556
1 18066 538294814
2 5736 8201
2 4715 12946
2 9112 9113
2 4148 4149
2 778 779
2 8072 8073
2 16746 18957
2 10668 10669
2 10066 10067
2 10744 10745
1 10813 511272218
1 13683 57995344
1 13696 130858350
2 14396 14397
2 1638 17320
2 15688 16481
2 16550 16551
2 8548 8549
2 5990 5991
1 17703 261176763
1 11758 821717105
1 13021 488237080
1 11561 806400472
2 1347 7091
2 18376 18377
1 10230 811190352
2 2676 2677
1 17461 255346100
1 14258 813485272
2 1776 1777
1 16308 154439083
2 7319 1497
1 14130 599261942
2 6881 1391
1 17901 530712050
2 15820 45
1 13307 450415337
2 5968 3639
1 10869 483460363
2 5399 13584
2 6786 6787
2 6876 6877
2 10188 1129
1 11639 615287729
2 18412 18413
1 12311 970796365
2 9522 11332
1 12860 943802925
2 734 735
1 10722 766794706
1 17358 62932410
2 3652 3653
1 18508 391324099
1 13599 796073335
1 16397 136619605
2 1456 1457
1 14027 115621889
2 2346 7580
2 10695 3780
1 10139 647295419
1 18224 248844692
2 12734 12735
1 18072 450334592
1 12528 52126911
2 13754 13755
1 15658 90641834
2 12182 12183
1 14699 687979688
2 12862 12863
1 14895 609121860
1 17454 989810531
2 2098 2099
1 10322 951681930
1 11058 92145981
2 8108 8109
1 15036 395999676
1 18155 852209358
1 15394 460903948
1 15187 472802466
1 16351 658296232
2 3964 3965
1 10819 127217275
1 13748 144261254
1 12429 737495319
1 10914 482780678
2 19824 7870
2 8058 17224
2 5376 5377
1 17976 271862654
2 15594 15595
2 1973 3312
2 12282 12283
2 80 81
1 13698 622550288
2 10918 12712
2 2361 13434
2 14512 6464
2 3018 3019
2 13394 18136
2 14590 14591
1 12503 45772848
2 5420 12341
2 14382 14383
1 19735 932387389
1 13984 944593887
2 16694 16695
1 14800 132940297
2 2250 2251
1 15346 458622489
1 13835 162273918
2 10049 4497
2 4661 17108
1 19887 855244251
2 10170 18964
1 13634 408023205
1 10064 16237147
1 11205 176108158
2 16968 6345
1 11900 724151780
1 11718 8767754
1 19761 849080321
1 10988 21082532
1 17935 6984097
2 1966 16433
2 2526 2527
2 9164 9165
1 18344 475513761
2 3507 5143
2 16468 1813
1 18439 361498317
1 19555 500445581
2 18080 17977
2 16598 16599
2 13638 13639
1 12880 752777219
1 19959 776992906
1 10732 635069671
1 11768 181541323
2 17996 2442
2 10609 19772
1 19456 185600730
2 12474 5154
2 3474 3475
2 3215 13517
2 11600 11601
1 18163 474620091
2 17175 6812
2 11812 5686
2 10083 15804
2 7053 16476
2 9866 9867
1 19717 477437961
1 12666 379991566
1 13976 996354906
2 8634 8635
1 13618 925769739
2 166 167
2 11986 8638
2 12164 15918
1 17461 239956876
1 12180 667941248
2 6349 18561
2 4230 8784
1 19989 861084278
1 10003 394254492
2 3100 3101
2 10436 10437
1 13224 39194492
2 5200 5201
2 6788 17827
2 18929 16454
1 10192 426575105
1 16361 853197604
2 17842 6193
1 12216 996407414
1 13518 438511230
1 18359 949756848
1 10272 882668740
1 10534 143826355
1 12451 828013132
2 12292 12293
1 16503 399062480
2 7999 9810
1 14227 701602558
1 17994 118434371
1 12408 706231923
2 6270 6271
2 11946 11947
1 14355 668047290
1 14571 559666221
1 14915 264135286
2 5502 2831
2 1321 10611
1 17045 274554889
2 2138 4211
2 681 5995
2 13008 7717
2 1293 5690
1 14522 170511803
1 19281 590651856
1 19148 897861576
2 19211 1043
1 10833 483988129
1 13550 335999400
1 19548 739095238
1 17792 756922171
2 11798 11799
2 12602 12603
2 15774 15775
1 10857 718494336
1 19508 589325865
2 8304 6353
2 16194 16195
2 9275 15155
2 12498 18756
1 12064 287029650
1 13411 397394993
2 15818 15819
2 5726 5727
1 18389 832955872
1 17679 995794405
2 6320 6321
2 6595 18130
2 10482 19189
2 4033 10295
1 13859 775205871
1 19728 975582399
1 19498 644743561
1 12660 845937691
2 7434 19633
1 15371 426593716
1 12939 810518903
1 10195 984029466
1 19941 173524084
2 10999 12008
2 7296 11945
2 8373 10618
2 17961 7353
2 5956 5957
2 9764 9765
1 15832 162677159
1 18404 525577689
1 14784 800994016
1 11368 497093726
1 18869 625818753
1 19373 363908928
1 11639 557007602
2 13923 14866
2 22 23
1 11857 565363722
2 9352 18809
1 10427 246872732
1 16421 56891407
1 18052 54212193
1 19904 603370492
1 14214 271476826
2 18394 903
2 7672 7673
2 17998 5183
2 13518 13519
2 13462 10089
1 17636 917191649
1 19662 934205257
2 18431 12110
1 10035 109898800
2 11036 3292
1 11803 842372174
2 10014 10015
1 18028 230122290
1 13993 720117111
1 13652 142201732
1 12404 375461743
1 15972 207458046
1 10042 531439738
1 19371 325499551
1 14832 173813997
1 13344 304156667
1 17376 879158309
1 15403 14116732
2 4028 4029
1 15909 263272824
2 2596 2597
1 17734 535268660
2 16278 16279
1 18299 894173320
2 8821 13340
1 18715 509553566
1 16724 135665545
2 19700 19701
2 13676 9921
2 7435 10397
1 17704 11931118
2 14136 14137
2 8222 9384
1 12116 728509777
1 14427 863748111
2 786 787
2 9962 10754
1 17367 452357442
2 2628 2629
1 11439 148460782
2 12642 12643
1 12202 996243599
1 19387 212653637
1 15755 506323964
2 5173 6411
2 13459 16587
2 1622 1623
2 7180 7181
2 5430 5431
1 18145 928907261
2 9711 12234
2 19682 1900
2 1778 1779
1 18272 97173314
1 19944 965670091
1 12475 97337034
2 4126 9898
2 1680 1681
2 7996 12243
2 16420 16421
2 4705 5108
1 12325 392700355
2 12070 12284
1 12476 661261019
2 8049 2958
2 13595 2123
2 10694 10695
1 19036 950370853
1 12017 951948601
1 19543 87574579
2 14196 14197
1 12243 584480767
1 10305 986313183
1 19313 776943580
2 17151 6996
1 11124 174724663
1 11883 825243518
2 18772 18773
2 4451 18619
2 669 2352
2 14438 14439
2 8918 2173
1 12983 362036011
2 6166 6167
2 6240 6241
1 16630 896821058
1 19566 728078600
2 12858 5357
1 11311 184874014
2 15646 15647
1 16397 240991871
2 17039 14298
1 19849 853660661
1 12250 937510754
1 18790 940880151
1 14411 809858077
1 11582 441719905
2 1794 18701
1 14737 134644113
1 13429 359182338
2 9914 9915
2 11234 11235
2 2584 2382
2 9778 7871
1 16631 912846466
2 14018 8601
2 13292 13293
1 18079 756227108
1 12590 662608545
2 1360 1361
1 11101 68990864
1 16278 910931027
1 10430 230268451
1 17021 428646291
1 14523 93174536
2 15510 15511
2 15960 15961
2 1550 1551
2 9063 3098
2 190 916
1 10340 46664205
2 581 1701
2 19557 15461
1 14703 173258816
2 15006 15007
1 16816 759187894
2 3368 11684
1 10813 635564599
1 11703 358479750
1 11129 551903547
1 18644 762171699
2 18212 18213
1 14804 678850722
1 16710 662947674
2 16550 16551
2 9839 8122
2 9713 17025
1 15212 407778676
2 787 6544
1 11603 809425215
1 17456 749042039
2 19178 14661
1 15959 466770307
1 11291 538578468
2 5083 13432
1 17549 269000639
1 11750 287504106
1 15925 818228839
1 11668 489061136
1 16766 402444231
2 4036 4037
2 17395 18552
1 19913 283904772
1 10836 944069803
2 11858 11859
1 15026 172382260
1 12465 270617795
1 17567 882993874
2 11742 11743
1 14547 999199911
1 19121 411032796
2 11860 11861
2 12540 4554
2 8184 8185
1 12799 362536534
1 10248 272424003
1 13879 837749838
2 6978 6979
1 15052 563479609
2 18721 7250
1 17614 971987371
1 13539 305898964
1 17876 947177624
2 19038 19039
2 3104 3105
2 6073 9085
2 14330 14331
2 4042 4043
2 4534 4626
2 19150 1699
1 15271 193760017
2 8548 8549
2 6048 97
1 14597 142967120
2 17823 19345
1 16428 940303998
2 8450 8451
2 10033 5419
2 18640 18641
1 16186 502947134
2 17302 17303
1 10978 378247664
2 3038 6512
1 15896 890633035
2 7434 7435
2 3613 12853
2 11558 11559
2 6973 11750
1 12099 958344269
2 13540 13541
2 270 13268
1 17996 706673034
2 12651 15796
2 19335 16396
1 17891 164297063
1 10005 414817473
2 10982 10983
2 3377 17575
1 10561 695688056
2 5306 1167
1 19370 57368613
1 17635 941757740
1 17198 325971020
1 19361 881026758
2 15057 18863
2 4110 4111
2 223 836
2 1872 1873
2 12176 12177
1 15701 549581907
1 14453 745092439
1 12637 304512431
2 13600 13601
2 1737 7447
1 14224 223340033
1 18666 606164482
1 18613 213776147
2 2152 2153
1 19222 273990824
1 16042 628233207
2 12504 8819
2 8270 9382
2 9366 9367
2 19518 6436
1 10854 546681263
1 16826 267751073
2 8392 8393
1 19750 589010939
2 13103 5294
2 195 17151
1 14346 783964400
1 16594 367134580
1 14287 628242342
1 15614 32535536
1 15214 315242497
1 13428 857403761
2 8226 8227
2 16579 5696
2 7310 7311
2 12902 12903
2 13302 1139
2 1970 1971
2 17846 2225
2 8372 17302
1 16662 515898624
1 11039 270213557
2 18590 18591
2 4507 5703
1 19402 496299425
1 19147 308282725
2 11906 2559
2 293 9998
2 5652 5653
2 10936 10937
2 14136 14137
1 19350 610858204
1 12353 262213840
1 10834 955544970
2 13816 13817
2 12512 12513
1 10817 494420290
2 15611 17627
2 5514 5515
1 15573 23746265
2 11244 11245
2 15134 12468
1 14816 129781085
2 15971 9305
1 12566 247976594
2 8262 9679
2 15745 1433
2 8671 17212
2 19086 19087
2 11502 11503
2 5560 5561
1 15304 585688136
2 19862 19863
2 15665 3755
2 14586 14587
2 5912 5913
1 18623 827046978
1 13342 939261861
2 11689 3134
1 19592 54265909
1 12146 916919332
1 18661 136761255
1 18183 521047503
1 13097 464041365
2 13485 2736
1 10552 854276098
2 4702 4703
2 8162 11706
2 18996 18997
2 14416 5884
1 16491 791885494
1 12389 682625663
2 6719 15261
2 4199 11272
2 2710 12580
2 3242 3243
2 16083 18894
2 9814 9815
1 15800 837023621
1 13475 3400194
2 19699 3315
1 17464 914709765
1 13606 993663301
2 12901 15793
2 14610 14611
2 15202 15203
1 14258 719255696
1 16280 567570905
1 11556 327328594
2 242 243
2 18472 13810
2 3802 8520
2 10734 10735
2 19597 7384
2 10863 17934
2 17134 18710
1 10795 215272918
1 16003 556118209
2 5082 5083
1 17442 18506896
2 1272 1273
2 17322 344
2 19472 16228
2 7302 7303
1 19703 343933369
1 18207 363178501
1 10724 324679354
1 17523 253319862
1 12803 812807313
2 12092 4134
2 16380 16381
1 16432 315592971
1 10673 421318587
1 10887 852710730
1 13527 230193868
2 10618 10619
1 12437 229369527
2 6665 17035
2 5859 13677
2 8819 13638
1 18694 939550441
2 17358 17359
1 10668 444732927
1 15277 242009945
2 6356 19140
1 12172 721453755
1 19493 784131572
1 12562 253622202
2 6668 6669
1 11910 411069848
1 19991 548147135
1 17182 109085174
2 9266 9267
2 19434 19435
1 15417 775109884
2 13068 5521
1 19373 797221370
1 16620 790385503
2 9452 10619
1 10925 73686310
2 11287 18355
1 14989 633491456
1 15041 165379298
1 14938 277028534
2 9123 12251
1 11792 843482088
2 13506 1990
2 19833 10202
1 10038 101505843
1 13882 372380627
2 19434 19435
2 14080 14081
2 8486 15228
2 4866 4867
1 10715 216632493
1 11875 509744516
1 13502 261981767
1 11906 249836744
1 13452 760001244
2 5753 17037
1 11109 284998813
1 15005 976479093
1 19430 815815750
2 1770 9437
1 17137 942807488
2 13058 13059
2 908 909
1 12905 268526950
2 7553 10676
2 17664 17665
2 3034 17973
2 11724 11725
2 1852 1853
2 12158 13225
2 11482 3448
1 18273 770438196
1 16703 980436610
1 18182 799161663
1 17842 516094225
1 13337 475214144
1 19991 403049133
1 19474 209079609
1 10745 620715868
1 18890 625722576
1 12348 72044418
1 12270 226715018
1 17864 681561670
1 10694 860724974
1 15906 367331636
2 1524 5634
2 13870 13871
2 8410 8411
1 14928 338510209
1 15172 802001459
1 14330 762327323
2 11055 18691
2 10812 10813
1 18264 254193286
2 17588 17589
2 2005 1764
2 18992 18993
2 11216 11217
1 12331 685970772
1 11923 560533298
1 10670 875213607
2 3358 19623
1 17698 562903968
1 12075 447321611
1 16310 614249447
1 14864 237399401
2 17910 17911
1 13960 326996825
1 12521 170644863
1 10563 52901222
2 2659 4887
2 9123 7990
1 13069 259326662
1 17005 767744075
1 12821 509159440
2 10867 2713
2 4169 9389
2 6266 16335
1 10372 90883375
2 1735 9154
1 15579 729276967
2 14938 3751
2 1215 4802
1 17456 820068138
2 6904 6905
2 15482 1272
1 17595 355660676
2 5192 6672
2 13750 15093
1 11831 610761364
1 12667 786204306
1 17213 740214223
1 12988 185882612
1 13966 778399514
1 15524 273155703
2 14410 17428
2 688 689
2 9002 9003
1 18173 655831884
1 17808 412563141
2 6292 6293
1 18761 447085381
2 11390 15353
2 10734 10735
2 18613 9682
2 12958 2863
1 14670 414781906
2 736 737
2 3787 3052
2 3668 3669
1 17720 658899754
2 15774 15775
2 884 885
1 11485 316143104
1 11195 249577798
2 9086 8555
2 4904 4905
1 19692 608618862
1 12804 648447298
1 12247 195761757
2 14309 1581
1 16625 727799014
1 16219 988478120
1 14548 48657737
2 18310 18311
1 12915 623179644
2 9885 917
2 11696 11697
1 18489 568251837
2 10240 10241
1 10987 69601689
1 11028 18205536
1 19716 80582245
1 18192 114063796
2 5914 5915
2 7644 19149
2 11234 11235
1 16202 794765126
1 17661 553413432
2 18272 9269
2 4537 9590
1 10923 499365503
2 13810 3534
2 12692 12693
2 15844 15845
2 12926 9925
1 18618 195422345
2 15748 15749
2 11181 13052
2 12408 12409
2 11241 6390
2 5114 5115
1 12240 429666631
1 10006 320833719
2 1746 1747
1 10063 602850482
2 18002 18003
2 3923 16707
1 10117 297747318
1 16905 4849811
1 19049 894097109
2 14582 8149
1 18695 758700242
1 13169 712604113
2 17842 17843
2 245 12786
2 10602 15043
2 14054 14055
1 14498 416360030
2 2816 2817
1 17578 580367517
1 15750 906446526
2 10456 10457
2 9939 11986
2 18797 5662
2 18638 18639
2 19646 14829
1 11910 660376429
1 17944 883617999
1 11261 465410787
2 2976 2977
1 18741 48569222
1 17213 376292081
1 15318 736203627
1 16593 444123416
1 10482 688733242
2 10468 10469
1 14179 541545199
2 14890 14891
1 11950 943159864
1 19635 83477557
1 19363 994893199
2 19926 11960
1 14978 620360138
1 10266 355408042
1 12499 948504477
2 2236 4776
2 3162 3163
1 15949 731363441
1 19337 103397573
1 15578 254413666
1 18624 260688218
1 16329 616918445
2 10780 11382
2 5866 5867
1 12790 587095471
1 15698 577068135
2 5868 5869
1 13046 217871388
1 17926 421368606
1 12545 493255766
1 11802 722850951
2 18369 10771
2 185 11316
2 10665 8489
1 17724 376553194
2 5730 5731
1 15021 465645388
2 10545 11466
1 17800 324442939
2 11620 19403
1 14272 407951527
1 15183 607120084
1 12948 672264486
2 6751 14880
1 13967 883860210
1 13470 628531659
2 10734 10735
2 9456 9457
2 14692 14693
1 15071 99377665
2 16615 13858
1 13105 699629523
2 5962 5963
2 1606 1607
1 19642 202703137
2 18781 2015
1 18076 189685180
2 12286 15249
1 15145 54555091
2 11970 11971
1 15982 707165969
1 15223 304179205
2 2374 2375
2 3272 3273
2 2480 2481
2 16405 8739
1 17766 111752361
2 15134 15135
1 13781 625041686
1 18957 947343845
2 10202 5070
1 11783 351498702
1 16293 898927388
2 2498 2499
1 11903 514391881
1 19035 877056371
2 3730 3731
1 18582 98227786
1 17972 180019118
1 18643 805210731
1 17661 572968943
1 10443 552889923
2 10226 10227
1 14398 374740490
1 18045 290684159
1 12505 424500339
1 16948 577033791
1 14152 308894560
2 18144 18145
2 9041 17442
1 16986 128268142
1 15999 793894695
1 10606 800394088
2 14255 11118
1 19260 820316030
1 14745 752782761
1 16624 224005727
2 19879 361
1 10281 605724488
2 1898 1899
1 18880 867425607
2 4948 4949
2 13149 697
2 10270 10271
1 10247 568245436
2 9938 9939
1 16989 223679707
2 15798 18673
2 6474 6475
1 19531 457206908
1 10838 672476958
1 13641 230386755
2 11816 11817
1 15452 519573669
1 17116 242535502
2 14270 13207
1 17952 872509845
1 14867 234222781
1 13997 975316717
2 6186 13213
1 19914 902561969
2 3816 3817
1 19854 296092926
2 1196 1197
1 18059 365075357
1 10957 904625082
2 12586 12587
1 14806 912434071
2 5314 19359
1 14505 217225825
2 10426 15283
1 19646 466220991
1 12951 176817177
2 5562 5563
2 2642 2643
1 12349 157127532
2 19538 19539
1 11600 888967849
1 17983 481966448
2 12188 12189
1 18895 514014473
1 12673 917226059
1 13798 583710694
2 998 14925
1 10582 362457181
1 16438 441341969
1 13332 36921748
2 9590 9591
1 17780 933239316
1 16694 861347093
1 18822 848183571
1 15996 276188420
1 11349 274839004
2 8448 8449
1 16799 618536808
1 16535 625675389
2 11628 11629
1 14256 455721134
2 7206 7207
1 10500 130248208
1 11097 674912293
1 16450 785178414
1 13905 909167555
1 18657 297713779
1 10328 403245695
2 14282 14283
1 18014 342503083
2 10864 10865
1 14372 5305670
2 16183 4790
1 11971 587570694
2 13382 13383
2 18728 18729
1 15314 744061334
2 9481 6615
2 16270 16271
2 12158 8692
1 18603 226535782
1 11053 998210479
2 15712 15713
2 2662 2663
2 3758 3759
1 18896 548540185
2 19428 19429
1 18402 126127648
2 18796 18797
1 15608 144708097
1 13106 268091844
2 7245 16909
2 1791 3247
2 5418 5419
1 18462 364749518
2 6076 16002
1 12255 457266601
2 7598 9567
1 15127 502828061
2 6948 6949
2 15256 15257
2 11200 11201
2 18049 5346
2 9784 9785
2 3324 16676
2 4814 4815
1 17238 337530825
2 3722 3723
2 16442 16443
2 7326 2683
1 14427 179702801
2 5170 6973
2 14878 14879
2 16620 16621
1 13715 769988743
1 14594 994953095
1 16670 481044410
2 11663 11793
2 12566 12567
1 18420 510998829
1 12754 97381724
2 904 12831
1 18609 955593675
1 12966 264463556
2 8112 3920
2 13863 590
2 15462 15463
1 11496 917556500
2 7652 7653
1 19087 733357705
1 17781 764247477
1 17518 883392667
2 19984 2310
1 13569 184407893
2 18050 17920
1 11907 411355979
2 688 689
1 16167 296086253
2 12250 14825
1 10292 458419606
1 12857 468973537
2 11310 10253
2 11430 2135
2 5853 2501
1 15678 446097434
2 7766 2787
2 19301 8399
1 13318 218287632
1 16466 148365789
2 13126 13127
1 16987 407946034
1 12429 339597552
1 19351 163431690
1 11128 869183920
1 10770 379522517
1 18343 834735701
1 10581 37891227
1 14788 322626348
1 15099 649666741
1 13924 494375050
2 1298 1299
1 12638 595735544
1 11760 73771743
2 13927 14987
2 2283 3558
2 19120 19121
1 12552 31167208
1 11791 177096670
2 10440 11976
1 17528 356545253
1 18221 763629317
2 4141 6358
1 12621 670400589
2 9192 9193
1 18885 756662766
2 15070 15760
2 7410 7411
2 6325 2608
2 6482 6483
2 8590 8591
2 14698 14699
2 10877 16962
2 14930 14931
2 17656 17657
2 3680 3681
2 5392 11671
1 18477 104291932
2 1032 1033
1 10564 20389173
2 2944 4842
2 1396 2942
2 15459 16695
1 18020 938814032
1 14110 249296249
2 6217 3767
1 13158 938224857
1 14196 554577925
1 15076 637483902
2 4664 12563
1 18472 374605927
1 16572 525768839
1 11073 773518182
1 12677 469824736
1 12179 908997677
2 742 743
2 4331 18644
1 16966 51844172
1 19092 592987677
2 13678 13679
1 14169 355424758
2 5954 15876
1 14332 956512086
1 14200 266952929
2 19215 7671
1 13674 504141578
1 15286 718280650
1 16107 138688938
2 17475 448
2 15496 15497
1 19680 203111433
1 14818 444929271
1 15459 360007119
2 6215 10432
2 4335 18090
1 14232 440431543
1 14064 707440890
1 17251 671778914
1 16823 247276601
2 3614 3615
1 17731 890402639
2 9352 9353
2 6258 1352
2 4558 4559
1 18370 489480438
2 394 15022
2 7675 5259
1 12204 307001250
2 19309 8884
2 13962 13963
2 10778 17495
2 8278 7619
2 10690 2805
1 13579 635517645
2 17338 18590
1 16833 588908165
2 2150 2151
1 10360 525771183
1 17483 369170446
2 6328 6329
1 16876 938083527
1 11198 521671249
1 11490 396788537
2 11936 11937
2 2796 2797
1 10558 450844352
1 11326 924748959
2 4280 4281
1 15616 832248594
1 17140 303426921
1 10807 35475273
2 10578 10579
2 3216 3217
2 12166 8107
2 11010 11011
1 11455 579219483
1 11463 149860165
1 10138 705903496
2 8620 8621
1 15729 264614976
1 16989 498487686
2 8447 13973
2 2101 4562
2 9310 9311
1 19950 67964487
2 10845 17468
1 11574 949784483
1 11342 243656364
1 19003 16531250
2 17706 4965
1 16174 783894240
2 5148 5149
1 11878 219545820
2 12005 12849
1 11510 41342996
2 6882 6883
1 14070 956022715
2 1636 1637
1 17399 257578183
2 5218 12740
2 10746 10747
2 12232 12233
1 18993 221684061
2 5249 6637
1 14089 947543050
2 6299 8203
1 18054 735290296
2 4190 12546
1 18783 790256241
1 11341 460563728
1 10673 329731547
2 10822 15500
2 17150 17151
1 15247 695326422
1 15720 150499690
1 10090 564110852
2 15650 15651
1 19901 280315117
1 17307 350344006
2 1200 1201
2 7524 7525
1 10271 977055831
1 14405 801262221
1 13502 243559278
1 12403 177568912
2 1844 1845
1 12702 853973263
1 11670 184866033
1 16629 516586388
1 15441 811122178
2 11324 17729
1 14117 546288254
1 10047 667492524
2 11840 8488
1 17996 341552922
1 12453 897666952
1 12697 46549105
2 15474 15475
1 16884 212996385
1 16620 421065445
2 15526 17402
1 15525 516271590
2 14988 2301
1 10720 231070508
2 13003 17393
1 12397 451594816
2 270 14574
1 18427 447027410
1 15976 790262111
1 13999 431288887
1 10755 177139352
1 10458 682422290
1 12609 581519041
1 11498 664274425
1 12508 831602725
1 14134 540052938
2 2062 2063
2 16703 7837
2 14386 18162
1 16559 663289227
2 17252 17253
2 15042 15043
1 18575 486389396
2 5912 5913
1 11167 287676180
2 8786 8787
2 3122 17275
2 19770 10089
2 9072 9751
1 10570 926787149
2 10858 10859
1 10006 989498326
1 10089 462982787
2 11285 6528
1 13703 402947423
1 19943 540254352
1 10358 278362582
2 2686 2687
1 15546 851774341
2 7982 7983
2 2648 2649
2 10219 16756
2 15118 15119
2 19158 19159
2 12225 7072
2 14520 1784
1 13617 639302935
1 13266 242628332
2 12315 7413
2 6974 6975
2 13788 5348
2 3954 3955
2 17060 17061
2 7028 12134
2 18342 1316
2 11981 1869
2 13547 2658
2 4961 9761
2 8614 8615
2 8306 10386
2 4772 4773
1 14396 817308406
1 12028 389253932
1 18170 212962909
1 10327 674441153
1 11172 148884808
2 13841 19938
1 13655 70930257
1 16122 788998352
2 10443 15099
1 17439 62521761
1 11848 941149114
1 16863 792123395
2 18354 10064
1 13943 119523994
2 6076 6077
1 14011 548155192
2 10734 10735
1 10808 516964289
2 7362 5030
2 1956 1957
2 11134 2899
2 16776 16777
1 19201 257518154
2 2034 2035
1 19204 504258733
1 17642 22313460
1 12672 491948618
2 18867 19056
1 12809 171812405
2 7526 6905
1 10514 356974927
2 15932 13674
1 16851 803669056
1 12232 627522700
1 14604 606699365
1 12540 486179926
1 15120 88502455
1 10338 268373745
1 18115 804593580
2 10186 14493
2 3619 2267
1 18066 70741568
1 14265 515736672
1 16450 876303360
1 18581 355066134
2 11740 4373
1 11446 240644900
2 258 259
2 17268 17269
2 2876 1122
1 15708 686876248
2 18534 18535
1 13330 914240208
1 19134 700896891
2 14672 4085
2 1140 1141
1 15159 40542009
1 19985 679289596
1 10607 880350230
1 17457 500273336
2 7666 14432
2 12930 12931
2 5500 1516
1 16333 220626378
1 18670 672339944
1 14493 546507071
1 13396 143850654
1 11530 149444115
1 18854 974669937
2 8934 8935
2 15776 15777
2 12300 12301
1 14302 258367559
2 19903 19022
1 11958 293816600
2 16781 10824
1 10595 482896597
2 16954 16955
2 1641 14809
1 16957 346073806
2 3256 3257
2 3884 3885
2 15708 15709
2 4857 12968
1 14202 91126848
1 16074 579731792
2 15006 8226
1 13857 349515357
1 19969 454829964
2 16794 17949
1 15408 47421423
2 2412 874
1 16534 362763677
1 19224 67988022
2 12596 12597
2 17770 17771
1 19982 822450090
1 14682 181854581
2 6644 6645
1 19147 400987019
1 14064 489524039
2 11871 13441
2 7710 5873
1 12280 150611653
1 10244 462725791
1 10500 286197602
1 19813 550461039
1 13146 849124667
1 17191 206359930
2 155 2873
2 515 4144
1 10453 710459071
1 17445 292167442
1 15797 6462491
2 19841 4298
2 6420 3001
1 10992 683974841
1 16389 682861594
2 9808 9809
2 17052 1329
1 19211 809995181
1 19605 205502730
2 8010 8607
2 15658 17116
1 11435 278877712
1 16161 109124339
2 3008 12069
1 19386 718921516
1 17897 683731547
1 14197 903170988
1 19602 954736960
2 6400 2439
1 16258 474274216
1 14795 538670111
1 14841 595430783
1 19084 236413926
2 19094 19095
1 11701 842751466
2 3261 18418
2 7719 8304
1 11018 568984163
2 7147 7389
2 4994 13354
1 19607 385508167
2 3046 3047
2 6044 6045
2 482 483
2 11312 11313
1 13308 574485065
1 16086 98480181
2 19292 19293
2 11960 4444
1 15611 485832840
2 72 73
2 4748 4749
2 2518 2519
1 12733 880895760
1 11572 626062768
2 13246 14820
1 11510 424951188
1 19786 253319474
2 16991 6290
1 18946 44289485
2 2686 2687
2 9652 18459
1 12954 26708282
2 2780 2781
2 18864 16833
2 9283 19409
1 16783 487050557
2 10708 10709
1 19783 676704219
2 2121 18803
2 12332 12333
2 18542 18543
2 1864 1865
1 15786 731917316
2 6700 6701
1 19699 17525747
1 15928 178822458
1 17095 553798917
1 16208 93878706
1 19044 158687572
1 15986 387954334
2 18446 18447
2 14457 6805
1 19104 769388848
1 13805 511267773
1 12115 974407314
2 7958 7959
2 7364 9074
1 13116 30638739
2 17660 11090
2 1723 13494
1 11246 924327402
2 11851 18515
2 19376 19377
2 14324 6845
1 13803 758283430
1 18034 715183324
2 5857 9447
1 17984 316354027
2 7282 13712
1 16921 402934103
1 19747 563057571
2 12539 15350
2 15868 15869
1 17884 309634636
1 11630 495813516
1 16653 644252521
1 15123 827904618
1 12543 477634333
1 19258 524380671
1 10170 669846037
2 15734 17542
2 17878 17879
2 12938 12939
2 18664 18665
2 13835 1786
2 14452 14453
1 13648 306307925
2 10170 10171
2 5462 9439
1 12409 634588154
1 13465 792012512
2 7812 7813
1 16201 518542137
2 7017 4348
2 8088 8089
1 14527 310392840
2 1156 1157
2 6772 13379
1 17557 613305193
2 8111 10465
2 10316 10317
2 15232 15233
1 12239 911781196
2 14516 14517
1 12463 131350111
2 17428 9890
1 16454 635508041
1 18919 65154337
1 11653 741810510
1 14843 510507032
2 4816 3580
1 16146 932908319
1 17522 450885679
2 18444 18445
2 14288 14289
1 16854 248858149
1 15483 664729301
1 19852 529844590
1 14205 311761922
1 18642 597748361
2 6678 6679
1 14470 474252878
2 13548 13549
2 6552 6553
1 10204 944558958
2 11878 11879
1 17650 302574013
1 12684 775339022
1 13827 616602070
2 7086 7087
1 13782 598399164
2 13686 13687
2 16160 17607
1 19262 257701641
1 18118 245480161
1 15861 428763544
2 5180 5181
2 15322 15323
1 13180 929968224
2 5236 5237
2 16357 6269
2 17433 18636
1 18386 850823673
1 11596 966076499
1 15272 537028763
1 18565 624954407
2 19462 19463
2 2284 2285
1 11148 542946293
2 3444 3445
2 15202 15203
2 12157 4020
1 11553 769088880
1 19317 232038578
2 582 583
1 19836 236195208
1 12382 418101576
1 19865 745446241
2 19806 19807
1 18581 119574808
2 2948 2949
2 5990 5991
2 4634 4635
1 15376 3418554
2 3690 3691
2 8539 12824
2 5064 5065
1 19431 496758655
2 7037 2882
1 18433 643450333
2 7227 18725
1 17320 918642684
1 11496 465018580
2 18446 14768
1 14342 357593697
2 14394 4762
1 18954 295293964
1 12226 120879500
2 16962 16963
2 11009 3586
2 2634 2635
2 19202 19203
1 14473 738936561
2 4066 9961
1 18596 833064040
1 15085 634184128
1 13955 359850612
2 4070 4071
2 11814 12212
2 10366 10367
1 10112 967627863
1 11109 865495129
1 19451 310486742
2 18090 18091
1 14060 434584377
1 15914 337123975
2 2014 2015
2 2312 2313
2 11183 2327
2 15680 15681
1 14626 660503473
1 17435 473761283
2 11482 11483
2 6538 14194
1 14276 625544242
2 8212 15209
2 470 471
2 8320 8321
2 14182 14183
2 12208 12209
1 12127 970280122
1 17237 423905308
2 18344 18345
2 4488 1271
1 18670 906109445
1 13531 1125990
2 11762 11763
2 7556 7557
1 17578 192649057
1 19400 426912226
2 6900 12998
1 10652 699659177
1 13795 842605940
1 19051 91843597
1 15050 545128308
2 12094 12095
1 17851 646554253
2 11390 13120
1 13380 412627751
1 12856 658031007
1 19642 671753311
1 18009 757745505
2 3057 7384
2 6698 6699
1 10591 297992901
1 10364 582012049
1 13972 510618179
1 10867 916222745
2 8840 8841
2 6830 7031
1 18456 295861848
1 14234 977747957
2 5960 5961
2 8440 4686
1 15407 712009602
2 9432 2476
2 280 281
2 6845 6551
2 16215 8828
1 19342 524940841
2 6769 19679
1 15609 246953507
2 7776 7777
1 13934 904937398
2 18326 18327
2 3684 3685
2 10322 10323
2 8607 11177
2 13934 13935
1 18979 634921400
1 14333 973248675
2 12029 11851
2 19370 19371
1 16208 308866853
2 4107 10026
2 7264 7265
2 15110 13269
1 14227 557068379
2 4119 11567
2 16826 16827
2 8279 8589
1 19352 649739029
1 18600 156977513
2 9896 9897
1 13357 309485156
2 12785 8586
2 14458 19252
1 14743 331772947
1 15916 831349401
2 16294 12733
2 7252 7253
2 19336 19337
1 10425 414472934
1 16492 17279686
1 11937 938778810
1 10713 132591500
2 18016 18017
2 11034 11035
1 15301 988634664
2 19880 19881
1 13858 979747079
2 10660 10661
2 18090 18091
2 15732 15733
2 10868 10869
2 15382 7952
2 4924 4925
1 10579 811843105
1 14041 835937106
2 2148 2149
1 15176 787302483
2 19118 19119
2 5716 9379
2 12846 14073
2 17458 18898
1 13484 640515475
1 18549 406866612
1 17521 535058755
2 8880 8881
1 17187 561646934
2 17526 11171
1 12306 516677782
1 15591 31951505
2 17636 6232
1 13417 97700143
1 19817 50255432
2 8066 8067
1 18229 382963511
2 5089 10645
2 1052 1053
1 14933 580458250
1 14373 949938730
1 19965 157863967
1 14769 404824796
1 16441 109752210
1 17995 206995851
1 10256 938548613
1 11715 456348216
2 9719 13134
1 16058 201848244
2 1794 1795
2 10446 16998
2 5885 7603
2 9121 7660
2 3958 3959
2 11112 16673
1 15707 767321126
1 12055 882276873
2 9900 9901
2 12538 2159
1 16967 29481418
1 11369 836783851
2 828 829
2 8884 8885
2 9388 9389
2 14046 14047
1 19113 634560289
2 5926 5927
1 10569 743663177
2 4094 4095
2 3198 3199
1 15390 602261746
1 10474 541129616
2 18832 18833
2 5528 5529
2 12267 10533
1 14600 218225158
2 5616 5617
1 18157 70716379
2 12207 6220
2 13930 11568
1 19846 135875232
2 15150 15151
2 14112 14113
2 1628 1629
2 6439 8073
1 13331 180288487
1 19311 930823179
2 7522 7523
2 6987 2411
1 11647 901831342
2 11645 10125
2 8796 6571
2 11292 11293
2 8242 8243
1 16201 855608364
1 19474 988680372
2 4172 4173
1 11292 221888323
2 2353 10340
2 2159 19876
2 16928 16929
1 18009 693632606
2 3490 3491
1 17729 84950469
2 12864 12865
1 12790 78103158
2 9476 9477
2 364 12767
1 16592 399416784
1 10410 688547735
1 14389 410730046
1 11293 810333820
2 534 535
2 15606 15607
2 16213 11632
2 13039 4771
2 10560 10561
1 13214 389999323
1 11153 532958366
2 1898 1899
2 2220 2221
1 17447 779777044
1 18816 720665277
1 19609 208526431
2 17922 11125
1 16703 42729933
1 17066 941564258
1 17268 623167028
2 13625 11625
1 12801 432104241
1 17339 303453217
2 16488 2683
2 13033 8492
2 8950 10392
2 17984 17985
2 6538 6539
2 13370 13371
1 12501 853063406
2 10799 12376
2 7224 2097
1 19987 800450449
1 16660 280342461
2 18848 18849
1 17990 180906834
1 11147 295296272
2 6987 3621
2 15530 13074
1 16574 668815929
2 13452 13453
1 12889 895543167
2 3810 3811
1 11532 520998286
2 13352 13353
2 6644 6645
2 3382 11239
1 16377 887316507
1 18605 496408003
2 10284 17251
1 17712 89079301
2 4285 6606
2 7489 527
1 13252 770802289
1 19720 242511231
1 13727 15786488
1 10174 663662187
2 16892 19503
2 7196 18229
2 4825 12246
1 10599 264885113
1 14560 17685642
1 18743 743815076
2 2795 16667
2 19895 13161
2 2180 15229
1 18631 955764011
2 14932 8388
2 17692 17693
2 11139 2497
2 10348 10349
2 14388 6154
1 14051 806521004
2 16592 14277
1 19368 782868975
2 15236 15237
1 13259 633430327
2 1664 7808
1 16237 654707462
1 13469 236877724
2 6332 6333
1 18772 190397329
1 13002 672589391
2 12947 5717
2 4718 4719
2 11720 11721
2 11765 523
2 6678 6679
1 12902 919657556
2 11109 7094
1 17960 381938316
2 3876 3877
1 10083 372964458
1 18847 967709447
1 19825 177661351
1 14991 756278047
1 17969 338322693
1 18881 600751180
2 4384 12360
1 19982 645429579
2 4616 4617
2 64 3220
2 10076 5391
1 19377 49220538
1 13008 415062669
2 1760 2749
1 15778 311600809
1 10499 785658965
2 15862 15863
1 15066 320594463
2 6711 3413
2 17273 13266
1 11136 992390006
1 15774 516841218
1 12675 177908520
1 10222 615076604
1 16399 824747592
2 14868 14869
2 13391 12277
1 15883 250204092
1 15789 750951255
1 17001 84680257
2 5882 5883
2 11646 12369
2 15230 15231
1 15211 959892529
2 17074 17075
1 11280 3759874
2 11144 11145
2 14052 18250
2 11076 8820
1 13589 983076018
1 10755 886156615
1 13420 754802595
2 8761 4220
2 19167 15739
2 6330 6331
2 18192 2360
2 640 641
1 14968 55452712
1 14713 519811226
2 16329 11915
1 15788 186838285
2 10876 10877
2 4870 4871
2 19012 19013
2 18218 18219
1 19694 40748151
2 15610 15611
2 18174 18175
1 10604 49983489
2 5611 719
1 12955 75967533
1 10034 152323808
2 13312 13313
2 5722 15807
2 4101 9431
1 17636 184523037
2 14912 14913
1 18088 704312568
1 13647 715890679
2 18270 18271
1 12780 557683967
2 8818 4794
1 16610 363060166
1 17818 206779040
2 4307 16541
1 18254 913325082
1 13930 552154252
2 1156 3737
1 16422 679911566
1 17461 646578748
1 19540 390625799
2 4346 17441
1 11521 218671826
1 13757 900913115
1 16079 716331199
2 9232 9233
2 19336 19337
1 17655 511187735
1 18088 659241730
2 19976 19977
1 12516 67143944
1 14104 362415637
2 17118 17119
1 12085 474810256
2 424 425
2 18519 2201
1 19355 151197689
2 11296 14994
1 15891 713226488
2 4324 9490
1 13469 559659648
2 7160 11522
2 19672 15584
1 19418 171121083
1 16321 23167571
2 2189 4319
2 2086 8266
1 18021 361056041
2 3242 3243
2 18320 18321
1 19904 881088867
1 13328 312617971
2 9874 17648
2 2177 1089
2 13512 13513
2 1183 12223
1 10189 692816274
2 7960 7961
1 16792 897166126
1 10316 227022729
2 19354 19355
2 4934 4935
1 12006 682577531
1 15967 530335419
1 16881 403910954
2 6390 6391
2 414 415
2 58 59
2 13420 13421
1 15532 94963145
1 19663 134962017
2 19505 6731
1 16488 87667083
1 17232 174358615
2 12769 3876
1 10991 231577391
1 15547 980698430
1 11303 219535291
1 13111 563819901
2 7818 7819
2 12660 12661
1 15392 479563726
1 17747 176874885
2 8817 7866
2 16264 17427
1 18401 328515663
1 15721 519473884
1 19767 183041467
2 7928 7929
2 19884 7692
1 18740 886704293
1 14267 135436137
1 15009 721140916
1 10310 753282163
2 218 219
1 18322 597861613
1 16225 201878409
2 18744 13708
2 9588 9589
1 13782 249302449
1 16400 210153627
1 12367 625129705
2 2239 14301
1 19309 906457974
1 12163 459017250
1 12510 807818428
1 13706 895569583
2 140 6333
2 4021 4006
1 17896 929381229
2 10582 10583
2 7348 7349
2 10760 3433
1 18355 785265287
2 8431 2376
1 16038 650114600
1 14184 75639022
2 1549 590
1 10419 703976039
2 16298 16299
1 16184 66962321
2 15998 15999
2 8057 9650
2 8154 7499
2 7712 7713
2 10968 10969
1 12411 433258300
1 16836 696969107
1 10913 351224315
2 5613 12870
2 16633 6975
1 19919 185309607
1 15532 854795269
2 9527 12951
2 3342 3343
1 14230 37988060
2 5084 17994
1 18938 126429016
2 14750 183
2 11042 1562
2 18264 18265
2 2714 2715
1 17834 947088844
1 16249 271536410
2 5196 5197
1 10782 288420409
2 7870 7871
1 13000 404917178
2 11452 11453
2 1194 3179
1 16902 607163699
1 15317 657843715
2 5356 5357
1 15768 915129642
2 2064 12584
2 1805 2567
2 2881 18235
1 11430 203462436
1 12189 838613226
2 12310 12311
2 18452 18453
2 12570 12571
1 12092 831680063
2 15200 15201
2 830 831
2 1877 18354
1 17047 89557013
1 13608 174526848
1 16987 850227265
1 19083 939283822
1 14874 964297188
1 19659 113833892
2 10025 8699
2 1914 12090
1 14993 245919089
2 9626 9627
2 1304 1305
1 10582 764192147
2 14834 17501
2 4442 4443
1 13690 530778702
1 18741 901176610
1 17046 223229870
2 13094 13095
1 15126 583028094
1 17417 472066531
1 12974 911493881
2 19985 116
2 2508 2509
1 15473 8339819
2 3054 3052
2 3218 3219
1 10010 516729703
2 16732 16590
2 18580 19750
2 1670 1671
1 14891 373681884
1 15790 265923950
2 7724 7725
1 14827 145283525
1 11611 265309045
1 18637 548516252
1 16038 528206037
1 10765 440000751
1 10875 561163212
1 17897 205901861
2 11725 15698
1 19721 55291281
2 4358 4359
2 10700 10701
1 17520 256890626
1 11009 595866996
2 19399 3060
1 18774 992402624
1 12580 354984158
1 14381 546910405
2 19809 7892
1 15274 373092397
1 14789 949005768
2 11526 11527
1 18203 305100246
2 11465 694
1 10902 91518026
2 18686 16661
1 17683 861623173
2 6557 5638
2 11084 11085
1 13827 176203315
1 18852 692706509
1 19525 935231057
2 321 5156
1 17981 614037970
2 8636 8637
2 8149 1308
2 2104 2105
1 14071 185009041
1 17865 760425768
1 14696 4511670
2 8710 939
2 12786 12787
2 12668 6022
1 15740 15316879
1 12049 931275330
1 16832 554585117
1 10184 161068687
2 406 6458
1 18504 470854313
1 12572 149975811
2 8267 11327
2 1182 1183
2 16066 16067
1 18244 864603263
1 18751 171189860
2 7758 1319
1 13838 695428394
1 11236 536777654
2 8984 8985
2 4115 9082
1 19145 31221714
2 18626 18627
1 16477 357979613
2 1178 1179
1 18663 910788061
2 15082 15083
1 12363 836967229
1 19294 869992107
2 18606 18607
2 7514 7515
1 11884 690358157
2 6496 7736
1 11196 254138460
1 17156 685815709
2 10462 10463
1 17181 784936032
1 14472 638130509
1 18156 242945922
1 11983 53440584
1 17969 983587098
1 16008 370130689
2 9716 15582
2 10232 8684
1 14637 124789772
2 7906 7907
2 3348 3349
1 10719 341359598
2 19286 19287
1 11546 95366744
2 15132 15133
1 12826 62263967
2 12340 12341
1 13707 812850436
1 13694 798169314
2 6737 6882
1 19983 571326732
2 11424 11425
1 12174 643826438
2 6616 3146
2 9493 5324
1 10460 498147888
1 18497 583669545
1 18598 290219145
1 19843 629927805
2 14017 8243
2 13796 13797
1 11678 789488440
1 16472 540611583
2 16884 16885
1 19305 1194050
2 12014 12015
2 16030 16031
1 19853 193308480
1 13728 840510316
2 5388 5389
2 16007 3645
1 10887 338670687
1 18855 19735700
1 18582 393439769
2 18025 7887
1 14781 11969921
2 4634 4635
1 18317 655014185
2 13303 13760
1 12410 547757110
1 14885 959447370
2 9728 9729
2 15385 13864
2 19552 19553
2 50 51
1 16549 709217502
2 16270 12507
1 12989 497101452
2 13072 13073
1 13934 67479842
1 18719 944581788
1 12645 160500911
1 12678 341029439
2 10312 10313
1 12309 819619804
1 18932 382289526
1 16874 863938674
2 14596 14597
1 19914 618109909
2 17576 11163
2 18422 18423
1 14050 829109256
2 17048 15166
1 11186 264894508
1 15174 575269874
2 9344 9345
2 17610 17611
2 16008 18
1 18396 650097267
1 11794 452836509
2 1504 1505
1 15799 615478402
2 7422 7423
1 11836 482785854
2 3928 18763
1 12788 255414298
1 14645 864179920
2 9838 1166
2 9884 9885
2 16416 13400
1 16370 422081534
1 17907 493028232
2 4460 4461
2 7462 7463
1 18765 237570760
1 18638 494249738
2 19476 19477
1 19182 250710810
2 9517 15229
2 14504 14505
2 16964 19575
2 9337 1697
1 19558 146342248
2 5162 5163
1 16048 220725832
1 11844 948028266
2 16761 16687
2 8708 8709
1 15437 687748346
1 12068 550621758
1 19043 300549279
1 14671 163059776
1 19293 253326900
1 13250 470852447
1 13774 584490061
1 11518 647114767
2 1598 1599
1 13971 58389060
2 16276 16277
1 17543 668172783
2 698 699
1 14014 24888612
2 3482 3483
1 12368 487722875
1 19301 415698917
1 17842 506027568
1 18555 361805664
1 13522 552177758
1 19408 838566783
1 16964 736090182
1 17683 609033552
2 4646 12670
1 13515 972587159
1 14868 650857719
1 16532 143109909
2 4994 2649
2 6176 12963
2 11526 19666
2 19312 19313
1 13248 671604723
1 14723 507024879
2 4215 14156
2 720 721
2 8620 8621
1 19520 337813952
2 3366 19993
2 8488 19740
2 8062 8063
1 13241 388198895
2 10676 8182
1 19856 728800934
2 16100 16101
1 18479 187277348
2 14722 14723
1 17003 142763468
1 15381 463276049
1 15730 643840976
1 17025 312636244
1 12829 145132088
2 5058 5059
1 16307 850741497
1 13772 239861896
1 19714 276765633
2 17408 17409
1 18816 453337120
2 12799 2962
1 10522 662345153
2 7586 7587
1 13476 80829173
2 9164 9165
1 10028 184823416
2 13390 13391
2 11518 11519
1 10429 56553632
1 16053 2566748
1 15585 353617969
2 5642 5643
1 19223 853306148
1 14344 62564984
2 10686 10687
2 13158 13159
1 15377 659630354
2 3410 4853
2 15573 15853
2 15612 13476
1 16881 924712628
2 11702 11703
2 7798 7799
2 3570 3571
1 11579 241079994
2 15626 15627
1 13556 402611011
2 8338 8339
1 11808 657251055
2 4690 4691
2 11276 11277
2 17470 14255
1 13979 563384952
2 18257 13286
2 11400 10772
2 12786 12787
2 739 10840
1 13329 5483912
1 11166 72226758
1 11439 262987883
2 15706 15707
2 13007 5839
1 14096 400877232
2 11445 2323
2 3041 18745
1 14568 922448485
1 16708 694950864
2 7591 6982
2 18197 469
1 15800 513249134
1 17171 16658370
2 10769 13291
2 19611 12288
1 19777 44403897
1 13346 584524713
1 17720 805816521
1 15338 603410082
2 12680 6441
1 14565 455408915
2 11118 85
1 16409 143170159
2 6206 1599
2 10320 10321
2 3535 256
2 14807 466
2 19055 12835
1 10020 211067758
1 14330 523131877
1 15855 11802643
1 14632 851235240
1 19928 481661861
2 1818 19899
2 19269 9955
2 4548 4549
1 16280 826258763
2 10310 10311
2 2944 2945
2 5096 5097
2 7746 13756
2 18058 10323
2 9687 12511
1 13464 651702978
2 16008 16009
1 11167 416115521
1 11193 982593236
2 8144 8145
2 12829 10498
1 15301 318221750
2 14981 19883
2 5299 1907
2 13613 8469
2 5440 5441
1 17522 917015478
2 6520 6521
1 11055 86527604
2 264 265
2 816 3135
2 6058 6059
2 16584 17517
1 14373 888386559
2 11302 11303
2 11490 12751
2 13029 19944
1 11463 812324762
1 16971 980806927
2 14557 19577
1 13333 934624066
2 5412 5413
2 13778 13779
1 18864 276150793
2 8636 8637
1 18482 114725323
2 11788 11787
2 19697 10690
1 15832 409222884
2 6318 6319
2 2635 5562
2 8600 8601
1 12663 567245829
1 11816 693050271
1 19211 488278527
1 10437 28181642
2 18456 18457
2 9738 19959
1 15076 499943795
2 14190 6789
2 14850 14851
2 8694 1436
1 10224 668586356
2 16842 16843
1 13688 845065777
1 18616 767963414
1 16226 535995148
1 15224 156201967
1 15146 970465655
2 336 337
1 11192 846941408
2 3628 18516
1 19245 584179405
2 12438 12439
2 18187 8921
2 17088 17089
1 19412 211047380
1 14100 666125511
1 15971 422082739
1 17101 981233730
2 6592 6593
2 4688 4689
1 18177 28476602
2 7620 4983
1 14133 867938553
2 6278 13952
2 2054 2055
2 5086 18055
1 13892 66196632
2 12146 9851
1 14318 314317541
2 9520 9521
2 15650 16868
1 12886 345231695
2 9124 9125
2 1262 15754
1 18878 944606626
2 11134 11135
1 17063 648681395
1 17520 452687574
2 16754 11415
1 17429 382552806
1 18543 805635018
2 17778 17779
2 14197 7539
1 19228 585704158
1 19819 490586269
1 13030 994251056
1 12847 805307854
1 19430 116095263
1 10358 30553176
1 16651 537941920
1 13370 943207733
1 13674 363983626
2 6663 4782
2 7041 3351
2 18393 15938
1 17043 248049716
1 17558 450030241
1 10006 127484466
1 17258 119707003
2 15230 15231
1 17860 726374928
2 70 14604
1 17393 190544326
2 18502 18503
1 14922 73025980
1 13899 506241565
1 12266 904084308
1 14308 366051683
1 16525 312104800
2 9768 9769
1 12571 135643795
2 7119 4721
2 377 18260
2 14714 14715
2 8016 8017
2 18403 16285
1 12994 575537759
1 12576 208861221
1 16291 876656662
2 352 353
1 17649 641604351
1 14674 701254318
2 15910 4437
1 18944 861970234
1 13053 902258701
1 18338 207216022
2 16894 16895
1 19632 366655701
2 6089 4218
2 18464 1234
1 17124 157669773
1 19487 631960744
2 5059 9113
2 13448 13449
2 583 2241
1 18281 360518968
1 17985 172525632
1 19575 734169503
1 19145 649282458
2 9337 4689
1 11852 870295724
1 16963 960576814
1 15372 957250303
1 15512 875960505
1 17174 722350184
1 15859 358187022
2 3554 3555
1 16668 300460906
2 18076 18077
2 18661 16245
1 14952 411970519
1 12049 389585978
2 3272 3273
1 15530 417767044
2 6811 11282
1 11566 96852537
2 14915 19217
2 9734 13064
2 15102 15103
1 16580 896048981
1 13156 171692627
1 18551 122447974
1 16110 76747416
1 14349 159606683
1 19732 357041717
1 12935 683560857
2 16445 2866
2 2702 2703
1 11550 100916786
2 9236 173
2 928 929
2 11050 11051
2 9114 9115
1 19595 917165331
2 6420 8689
2 8505 12712
2 17335 17699
1 12550 620026807
2 15048 15049
1 17715 649122877
1 19659 841955378
2 19632 19633
1 18083 215365770
2 2945 11513
1 18217 811188811
1 13148 553366044
2 3464 3465
1 13012 378995046
2 19994 10685
1 10479 547812527
1 18730 481861389
2 15002 15003
1 12093 229810430
2 17188 17189
2 16260 16261
2 14635 16577
1 12716 35355300
1 18205 465979818
1 14734 491513185
2 8068 146
2 3254 3255
2 12956 12197
1 11335 847063558
2 1653 8431
1 13970 914863560
2 4626 4627
2 15469 1190
2 620 621
2 15956 15957
1 14349 922278569
2 10200 10201
2 7812 7813
2 9972 2577
1 17027 630730477
1 18306 980676013
1 17571 630126764
2 10872 7451
2 8780 8781
2 19544 470
2 11742 11743
2 18684 18685
2 6493 4806
1 19730 811386309
2 10318 10319
2 7184 7185
1 18847 611803517
1 11052 566045511
2 14180 867
2 16532 16533
2 15782 18856
1 16816 48774094
1 14024 462428421
2 12160 12161
1 10243 617244432
1 19423 940748013
2 13066 13067
1 18535 848333155
2 6098 6099
1 13339 498234469
2 18398 9501
2 13758 13759
1 17754 945485133
2 11178 11179
1 15034 242817634
2 14285 16408
1 13008 915710175
1 15451 585981167
2 467 16574
1 12403 696077245
1 16467 640898245
2 7097 7310
2 9338 167
1 15422 275515171
2 9132 6277
2 10878 3576
2 12305 15867
2 17636 17637
1 13518 721732768
2 17634 15183
2 9692 4006
1 10276 732617607
2 5296 5297
2 10485 5982
1 18839 781951691
1 11649 680804122
1 11652 306930861
2 3472 616
2 6790 6791
2 18677 16898
2 10366 10367
1 15526 676393553
2 12646 2840
1 13685 705578288
1 12989 596199863
1 18080 576325265
1 16279 638981621
2 4532 4533
1 18899 179466271
2 15104 15105
1 12861 369626391
1 12148 232520941
2 1586 1587
2 12848 6463
2 3626 8291
1 14838 226875657
1 13445 108772783
2 2466 2467
2 9958 9959
1 18968 960120633
1 17329 948659893
1 12046 282068353
1 16681 746441532
1 11546 700750196
1 10065 949181235
1 10502 315512202
1 15582 745422483
1 14221 527395832
2 931 7399
2 19410 19411
2 10874 13279
2 16882 16883
2 1050 1051
1 11440 892292940
2 12348 12349
2 2721 1564
2 2171 1788
1 16156 472509109
2 18316 18317
1 13122 266447731
1 19054 427531499
2 17034 8047
1 16066 886390765
2 16687 11955
1 19343 610898386
2 5480 19320
2 11711 19241
1 16732 566001956
1 18803 118069221
1 19923 546487516
1 19627 608798184
1 18065 491043289
1 12727 137339468
2 8940 8941
1 12278 59821027
2 5405 6689
2 3395 12762
2 7223 15989
2 5704 5705
1 16624 506686242
1 19881 639368450
2 17228 17229
1 18044 715895259
2 4634 17020
2 7024 7025
2 11912 11913
1 13847 164649042
1 11038 616858306
2 3512 3513
2 10536 760
2 5240 5241
2 9851 9619
2 3448 18619
2 6648 6649
2 11202 12245
2 14662 638
2 9954 9955
1 12170 764997
1 12028 778242967
1 13886 617940736
1 13144 1892732
1 11882 619856864
2 16940 19380
2 16734 2820
1 16686 465298601
2 13358 13359
2 1002 1003
1 15941 377464116
1 18192 939293039
1 10492 492569396
1 10534 745558212
1 10063 880251857
2 16188 18887
2 6066 6067
1 14882 309965616
1 12861 323149582
2 17511 16085
2 17012 13085
1 17005 530354352
2 10008 10009
1 16800 427418043
1 13791 537920563
2 5106 2252
1 19852 794549403
2 1370 1371
2 18566 18567
1 17321 275521205
1 19448 925944724
1 19805 992582179
2 17376 9170
2 4661 18027
2 14714 14715
2 8994 1087
2 17734 17735
2 6556 6905
1 10280 891955785
2 11188 11189
2 15638 10750
2 1399 5535
2 12418 12419
1 15717 768454848
1 12777 119754100
1 13877 32963377
1 12218 722577348
2 360 361
1 10448 894178269
2 11118 11119
2 18726 18727
1 12741 866494772
1 13695 136212951
2 2459 16085
1 19328 244529630
2 17046 17047
2 9370 16958
1 13682 575013358
1 15929 806083129
1 19828 166565650
1 18217 502414878
2 16700 16701
2 9110 9111
1 15828 341848233
2 12506 12507
1 18042 133398253
1 10018 613300425
2 17547 19658
2 7118 11508
1 13271 945989814
1 17160 893377162
1 16067 50617142
1 16538 540395245
2 11823 16598
2 13697 6845
2 3614 3615
2 15889 4350
2 13006 13007
2 3544 3545
1 11675 208793248
1 14968 963386127
1 11654 529669973
2 8176 8177
2 10186 10187
2 16416 16417
1 15167 104159319
1 11646 184880846
1 10772 892187784
2 14255 3485
1 14410 819862765
1 14167 83703042
2 4594 4595
2 11726 11727
2 9812 9813
1 13412 688821489
2 3290 3291
1 12096 258495368
2 14828 19255
1 18130 663954178
2 3396 3397
1 16765 824743529
2 17745 11627
1 17459 272548775
2 5414 5415
2 10498 8561
2 12757 16530
2 11186 11187
2 17811 15516
1 15142 246091846
2 1238 9008
1 19403 242291419
2 4400 4401
1 13740 721156314
2 10406 10407
1 19826 396261265
2 14418 14419
1 12381 939428157
1 12272 685969751
2 540 541
1 17064 152321342
2 7237 11784
2 2047 5764
1 16824 712414102
1 16765 995999621
2 3201 1851
2 12327 13899
2 4677 19950
1 10869 89213715
1 11494 183685687
1 12195 724476291
1 10797 244294910
1 13136 948878898
2 18128 18129
1 13278 531693241
2 9604 9605
1 19136 875384688
2 9509 12579
1 15293 243775966
2 8086 8087
1 10573 377628027
1 18447 657106673
1 10506 739254796
2 337 9108
1 10042 609743300
1 19850 154234454
2 224 225
1 17290 308187529
2 9011 2309
1 15865 1657389
1 14603 767785260
2 15283 19108
1 19050 109641322
2 18061 2150
1 19369 527660545
1 16380 763046385
1 13557 867235520
1 13893 753035231
1 13503 803178038
1 14101 592434837
1 12819 134773569
1 10379 357761554
1 19668 577198878
2 120 1985
2 11749 7333
1 19382 836011205
2 12427 14810
1 16452 880000330
2 9204 9205
1 18418 589116057
1 10367 773809789
2 8356 18346
2 16837 2942
1 19153 246377300
2 8876 8877
2 2829 10800
2 5276 5277
2 1125 2865
2 17523 3938
1 18484 746347792
2 5417 12192
1 16577 172750176
2 4916 15578
2 652 1636
2 2864 9342
1 10384 864945294
2 18499 4422
1 19338 328663445
1 17841 497825860
2 12116 12117
2 13610 13611
1 16293 744115413
2 15123 17820
2 670 17702
2 11094 11095
1 10316 29127407
1 15145 820739204
2 18336 18337
1 17543 599806803
2 6163 8522
1 18721 396785857
2 480 481
2 18748 18749
1 14020 95148304
1 14433 759945967
2 19634 11347
2 15494 15495
1 19495 657309770
2 544 545
1 19389 297676151
1 11839 197803477
2 5269 6955
2 474 11020
1 14950 949414068
2 6734 14761
2 2598 2599
2 7638 7639
2 18439 13696
1 19935 296077310
2 18042 18043
2 992 15121
2 314 315
1 17108 691078376
1 17905 914393045
1 17875 934183875
1 18816 545669848
1 10300 349953561
2 11710 18941
1 13398 863657299
2 1222 19963
2 16560 16561
2 12840 9623
1 18403 916008810
2 10380 10381
1 11506 331030204
2 14971 689
2 9976 13513
1 17469 350015394
1 14383 6806436
2 14940 14941
1 16142 632137514
2 10155 5782
1 10187 179554877
2 16216 7468
2 18230 17574
2 19162 4851
2 3806 3807
2 5390 5391
1 12285 706894593
1 13692 600988176
1 18707 237442509
1 17323 651576871
2 18350 18351
2 2718 3435
1 19446 906601594
2 9994 9995
2 15050 4760
1 18616 425991750
2 15610 15611
1 10284 700332597
2 605 6261
2 9774 9775
1 18500 743726532
2 9086 9087
2 16470 11431
2 3124 3125
1 16723 526081185
1 19072 729552242
1 18287 272114565
1 19174 659259083
1 18950 266292710
1 11134 951526408
1 12225 731303222
1 14468 529123004
1 12050 165251545
2 7182 7183
2 11902 18246
1 13017 311802107
2 19961 12745
1 15037 206164724
1 18580 194135329
2 14188 15111
1 13130 606112669
1 15920 347703429
1 14020 650214929
2 588 589
2 3243 12158
2 6506 6507
1 12665 601038105
1 11930 117314502
1 13556 769635545
2 14820 9843
1 11924 36502658
1 13943 977267679
1 16128 349300934
2 660 661
2 5462 5463
2 8184 8185
1 12715 676263262
1 19855 33612070
2 12679 7817
2 1858 1859
2 4100 4101
2 8581 571
2 7476 7477
2 3952 3953
2 8676 8677
1 11458 289397833
2 12386 2468
2 3278 3279
1 14324 418908151
2 12540 12541
1 19674 532528186
2 19612 25
2 1708 16375
2 17482 17483
1 10723 820748075
1 18744 151461309
2 12200 252
2 112 113
2 13842 13843
1 17362 319456516
1 11796 978496875
2 14640 14641
1 19329 716394241
2 14263 11149
2 3838 3839
2 2198 2199
1 18273 436472675
1 12519 262717301
1 12969 480228170
1 10788 515740886
2 17413 12558
1 19306 362973914
1 13416 480104331
1 13258 739665197
2 16639 9628
1 17378 47454778
2 339 1793
1 19397 414196122
2 13052 9921
2 3416 3417
2 9231 11839
2 9458 2352
1 11031 788187602
1 13088 927776723
1 11459 70805192
1 17136 105431954
1 11074 661765842
2 2006 2007
1 19381 430731614
1 13220 464543699
1 16123 767757383
2 1033 6516
2 15496 15497
2 13909 3363
2 6832 1497
2 11613 7935
2 9084 9085
2 12362 12363
1 17571 467454371
1 19660 688523175
2 2442 11341
2 18150 18151
1 16972 661040431
2 9364 9365
2 8203 9780
2 7735 6268
1 14141 552621811
1 18880 457859700
1 13184 337296068
2 1868 1869
2 15324 15325
2 13866 13867
1 13880 802564468
2 578 579
1 11768 573357944
1 19967 304649822
1 12409 126387511
2 4246 15027
1 14749 274406100
2 12952 4869
2 626 627
1 11054 458677630
1 13269 115475745
1 15330 700285271
2 5152 5153
2 7082 19999
1 16157 881598895
1 18999 566011734
2 11130 11131
1 16254 705779345
1 13901 821607599
2 1628 1629
1 16310 836364967
2 7162 15686
1 19767 563090464
2 11606 11607
2 2694 2695
2 7227 12853
1 18729 17742661
2 18486 18487
2 3077 12099
2 15612 15613
1 18760 73160439
1 12033 810850410
2 5204 5205
1 10807 283178678
2 3489 17922
1 16143 467387422
2 18756 18757
2 18054 5801
1 16709 130014663
1 16334 359702304
2 7924 18842
1 10641 219284253
2 8883 3329
1 13409 287483502
2 16916 16917
2 5469 17078
2 7641 14627
2 13114 2486
1 15958 104755341
1 11152 184104945
1 10005 990084421
2 19632 19633
2 9648 9649
2 5188 13031
1 15565 454259379
2 10540 441
1 15600 233756801
1 11788 268996904
2 5900 1749
2 11373 10110
1 19223 329351944
2 2744 2745
2 1361 7608
1 12119 136228717
1 15213 906972218
2 2522 2523
2 1158 1159
2 1620 18831
1 18124 120007059
1 10870 614202242
1 10069 111990252
1 16799 517145974
1 14464 369587820
1 12174 821351132
1 14258 678803838
1 15337 920964426
2 19610 5814
1 12587 544965454
1 10011 84399760
2 450 10633
2 17914 10550
2 13673 9929
1 12485 944987445
1 10271 333227045
1 15281 705226469
1 16975 51983216
1 11559 281878043
2 12328 14962
1 13978 339380035
2 13920 13921
1 19154 515253318
2 12987 4104
2 4582 13927
1 16057 534369087
2 7060 7061
2 12919 11522
1 13149 522593773
1 18078 373209522
1 12895 431382961
2 99 18133
2 1846 1847
1 16226 267342999
2 5604 5605
1 13675 927479498
1 16949 78642735
2 12768 12769
1 10177 566160436
2 18724 9598
1 11319 737973929
1 16704 156036407
1 12604 380524114
2 14808 16687
2 3367 13819
1 15696 170172129
2 4814 4955
2 7908 7909
2 16276 16277
1 11430 663201298
2 16298 13323
1 17621 924000173
2 7596 8256
2 15710 16214
2 11718 1592
1 15827 146024239
1 14166 343324846
1 19192 937300626
2 18218 18219
2 12132 12133
2 14435 12512
2 15281 19345
2 12786 12787
2 8508 15782
2 19915 12044
1 13598 566124950
1 16038 46769846
1 18966 595305904
1 14205 258973432
2 17928 17929
1 16167 974673365
1 15941 525260795
1 10849 652479412
2 1475 19550
2 14452 12199
2 12240 12241
2 18994 10009
2 10486 5841
1 10567 829567318
1 19600 956343945
1 11931 989659406
1 16838 852007853
1 17015 530612065
1 11291 627319112
1 16067 62929961
1 16068 920675641
1 19672 740048019
2 7030 7031
1 15148 729250356
2 8709 13063
1 16471 340854210
1 15354 639403272
1 13114 366360055
1 19774 933244937
1 18789 143717526
1 14325 601593581
2 5158 1154
1 10845 221699209
2 19019 18752
1 16637 171093421
1 18799 36576413
2 9220 14992
1 14592 980000855
1 12522 883595808
1 17548 802505314
2 18136 18007
1 13118 165413954
2 13388 13389
2 15362 15363
1 17361 99389954
1 16675 695374794
2 10498 10499
2 14131 6816
2 19452 19453
2 14875 1432
2 10554 10555
1 11878 392838845
2 15854 15855
2 11427 11633
1 12083 907685671
2 667 10254
1 16765 984604684
1 16264 467055593
1 12743 8283518
1 18348 218672610
2 976 977
2 5922 5923
2 18072 18073
2 10534 10535
2 1702 13533
2 898 899
1 11217 507297723
2 12312 12313
1 19971 240190787
2 580 3092
1 17770 227226124
1 10902 482825217
1 17622 631550488
1 14115 528115949
1 15268 911115202
1 19804 678377088
2 6703 13666
2 14450 14451
1 16395 721249923
2 947 9145
2 1790 1791
1 10901 526465049
2 10868 8039
2 12522 12523
1 15804 522587033
2 3648 13326
1 15162 468538925
2 7308 7309
2 14584 14585
2 60 7291
1 11049 821901350
2 2911 8732
1 11491 449218018
1 15014 526918767
1 13360 255006590
2 16800 16858
2 9508 9509
1 15559 913273148
1 12327 740989624
1 17189 973211988
2 6324 6325
2 4090 4091
1 15167 231367909
1 12352 480252127
2 14334 8789
1 15011 944291024
2 4546 1572
2 12168 12169
2 7702 7703
1 18515 632344428
2 19286 19287
2 17078 8811
2 688 8564
2 318 319
2 5659 9755
2 19370 19371
1 11318 265651528
2 13370 13371
2 7422 7423
2 3500 3501
2 10128 10129
1 12226 238656590
2 6500 6501
1 13752 615913848
2 9586 9587
1 12515 381174415
2 1700 1701
2 12624 12625
1 19724 239153168
1 19291 701337937
1 10225 998435682
1 10698 340534176
2 7976 7977
1 15539 69445494
2 2852 2853
1 11976 424781741
1 19660 532520431
2 14694 13725
2 19192 19193
1 13721 698136137
1 15987 937337896
1 17377 135409711
2 6416 6417
2 15348 15349
2 12194 12195
2 4470 7996
1 11011 498112180
1 19918 415143110
2 5734 14659
1 16166 206167025
2 16926 16927
1 12970 610527616
1 15274 894728464
1 15586 633466659
2 2920 2921
1 12369 441860943
2 9032 9033
2 15622 15623
2 1212 18084
1 12968 879692401
1 10127 231673471
2 7982 7983
2 14917 14417
2 15938 15939
2 8762 8763
1 16485 972495842
2 13548 13549
2 11818 18476
2 2608 6239
2 10751 11661
1 12353 664868217
2 6271 7874
1 13837 91325210
2 12365 7098
1 11742 141540893
1 19379 568936214
1 12214 794947323
1 16054 688337139
2 18470 18471
1 12342 532154520
2 3826 3827
2 9060 9061
2 12588 12589
2 14346 14347
1 11854 84047676
2 15506 15507
2 8437 20000
1 10089 98039752
1 18885 912809639
2 11402 11403
2 15227 16451
1 18207 401842749
2 4642 8985
1 16121 585413564
2 4604 10795
1 19564 248360909
1 11311 307200995
2 770 771
1 15895 768756593
1 12355 204025246
1 15879 653209749
1 13025 283385771
1 13999 969686087
1 12840 230397380
2 9012 11952
1 15803 609163703
1 15955 876322114
1 17158 316222562
2 15484 2201
2 18476 12112
1 15683 229471849
1 14695 224344764
2 6055 8808
2 18382 1490
2 12464 12474
2 4692 2201
1 11514 17775834
2 8870 8871
2 14868 14869
2 6928 6929
2 10578 10579
1 18350 361483181
1 17067 63607675
2 14213 10678
1 11455 955611855
2 633 4360
1 17306 475933377
2 3222 3223
2 14888 14889
1 16536 772972375
1 12858 677391990
1 16127 834792002
1 14573 409264728
1 17023 699735472
1 15083 463194836
1 11723 208433629
1 14106 736156816
1 15519 732959317
1 12407 130940806
1 18034 515564234
1 11179 934154643
1 11333 572913829
2 13588 13589
1 15329 12711717
2 7954 7955
1 13094 993872982
2 11405 7355
1 19260 659375352
1 11531 741428502
1 13156 213621093
2 10492 13836
1 19252 841879314
1 16289 889976651
1 14093 378056127
1 18311 893844543
2 4445 15908
2 19881 1928
1 16860 8075741
2 4138 12567
2 10260 10261
1 11693 50957273
2 2278 2279
2 3986 483
2 19576 19577
2 9932 17658
2 17988 18261
2 10772 5635
1 15391 87328108
1 17822 391333227
1 15982 987957127
2 7258 18095
2 13143 17598
2 4479 1923
1 14024 876615767
1 12158 360550603
1 10362 417540466
2 6663 1472
2 17082 17083
2 5180 5181
1 10249 557978975
2 10322 10323
2 14694 14695
1 17579 531206627
1 14545 515431406
2 11362 14776
2 10406 10407
1 14513 825512687
2 18879 15149
2 6912 6913
2 1154 9844
2 6664 434
2 4586 4587
2 18119 480
2 8622 8623
1 17668 278540430
2 3018 3019
1 15210 282796191
1 10229 346288817
2 1100 13814
2 1889 10072
1 16592 191753714
1 17975 814165740
2 14184 14185
2 11913 5419
2 6310 6311
2 8862 14529
2 16278 15579
2 15352 404
2 11788 12212
2 1030 1031
1 18570 53476952
1 15391 880983787
1 15502 633988273
1 14323 63232339
2 14784 14785
1 12343 394922919
1 10886 675054358
2 16668 16669
2 5596 8147
1 15684 222042389
2 11380 11381
2 2912 7320
1 19650 464519123
2 18214 18215
2 13676 13677
1 10394 490045377
2 7880 7881
2 143 17242
2 6988 6989
1 10498 686605675
2 294 19722
1 13246 916901719
2 9264 9265
1 18436 983430919
2 16306 12746
2 9091 2862
2 11557 4784
1 19415 569460554
1 17752 927984451
1 19173 178751036
1 13981 126184297
1 11592 818565221
2 14324 14325
1 15730 193533297
1 11513 520694508
1 14080 208938119
2 16359 2530
1 16746 370613183
2 3606 3607
1 15697 857358308
1 19317 397942755
2 17658 17659
1 18957 418723827
2 13308 13309
2 7078 12888
2 10116 10117
2 2827 9117
1 11461 837367537
2 1364 1365
1 18175 402095786
1 11699 829630433
2 14118 1611
2 16826 16827
2 16786 16787
2 6812 19617
1 16116 904168648
2 12289 12714
1 11228 990356340
1 17031 81873262
1 14757 419115197
2 2198 3088
1 17374 58965817
1 17385 738555449
2 13728 14180
2 6238 6239
2 16657 9803
1 17638 487551348
1 13897 361764613
2 18324 18325
2 9524 9525
1 16132 826215839
2 19658 8252
2 4285 6657
1 15379 99418026
1 17554 676912859
1 19621 857793823
1 11690 765732018
1 10620 549483640
2 15056 15057
2 709 1910
1 16952 468199392
2 9917 11918
1 19940 63582200
1 13468 992527748
1 14801 993811909
1 19925 192451454
1 19094 422617480
1 15986 924350147
1 14427 316787037
2 7036 7037
2 14959 17817
1 13149 383484442
1 13489 106101802
1 17838 294653765
1 19994 689095323
1 12759 995498646
1 19160 674466318
1 17489 603179878
1 19744 70551501
2 5896 15236
1 14096 854579998
1 18856 72376386
1 15849 364324755
1 16790 818226847
2 12911 14239
1 13012 654687430
2 235 5389
1 11975 119905463
2 17212 3512
2 18366 18367
1 10058 830472948
2 11455 11457
2 2836 2837
2 16719 15117
1 15280 235138364
1 19483 655023324
2 17644 17645
1 12340 213846699
1 14594 611076795
1 16927 191401715
1 16884 485977866
1 15395 259438871
2 13232 13233
1 11627 524990976
2 18856 18857
2 3452 5574
1 12983 656188197
1 11565 130511626
2 3755 15100
1 18437 950507652
1 18002 438103864
2 15080 7479
2 4926 4927
1 11039 896645770
2 8434 8435
1 16463 339001679
2 17530 115
1 19518 616855564
1 10312 428078710
2 8260 8261
2 2610 2611
2 7358 7404
2 11134 14902
1 11935 667863447
1 12721 389941324
1 16876 586778776
1 10988 698211403
1 15518 572837056
1 13309 995402682
2 9084 9085
1 16604 152374445
2 2807 14249
1 14453 140285223
1 17660 739340452
1 12475 438339302
2 15779 173
2 16934 16935
1 13173 877277545
2 16022 14353
2 13534 13535
1 14463 900815939
2 9796 9797
1 11646 408002405
2 15981 16033
1 16160 193075959
1 11375 855528698
2 14689 5539
2 16610 17160
2 3682 9789
1 17507 695403002
2 13828 2958
1 19933 882580621
2 14610 14611
2 18956 18957
1 15033 904896375
1 18468 305914314
2 8011 15252
1 19989 894935691
2 13228 13229
2 13586 6408
1 14627 988474083
1 11867 603176214
2 1798 1799
2 5464 5465
2 7666 7667
2 10834 10835
1 10820 329855548
1 13671 625165657
1 16006 867072234
1 14489 474898743
2 11871 13469
1 19218 983049281
2 10747 13362
1 19955 444049109
1 13471 318389299
1 17039 308710409
1 13450 271761874
1 12312 535580252
1 19988 831100282
2 4620 4621
1 10812 998376548
1 18701 761648895
2 16759 8175
1 12117 744471990
2 4125 9803
1 15113 806175623
1 19329 653122601
2 10394 10395
1 11106 901669673
1 10451 549838696
1 11810 212753284
2 18567 8323
1 10614 190507481
1 15585 354237896
2 16356 16357
2 11976 11977
2 16315 9331
2 12222 12223
1 16335 258389930
2 16314 16315
2 6288 6289
1 15388 22526338
2 5671 7131
1 14629 619861993
1 17522 232011470
1 19620 385475834
1 12404 202636284
1 16654 518433599
1 15918 443570025
1 12369 708986231
2 19582 17125
1 13607 350947633
1 19505 91210207
2 1083 7077
2 10196 770
2 14699 8921
2 11272 11273
2 9906 9907
2 1426 1427
2 9988 3832
2 737 18160
2 18138 18139
1 14887 138430512
2 1072 1073
2 6652 6653
1 15373 745197658
2 5114 9963
2 14187 9168
1 17473 613363833
2 12345 11954
1 10791 752898373
2 13213 8884
1 18825 735572612
2 19304 19414
2 7456 7457
1 18613 327251112
2 14190 14191
2 10070 11584
1 19437 130008977
2 4212 8029
1 10480 578471907
1 14324 557660420
1 18953 240221531
1 16209 419189688
2 9114 9115
2 15264 15265
1 13295 451258050
2 6880 6881
1 17156 438192804
1 14509 25698086
1 15698 536848990
1 10987 140911779
2 6812 3040
1 16588 930388836
1 16005 954054094
2 2790 2791
2 18694 18695
1 14635 606234792
1 12131 78971978
1 19884 696811912
1 10662 138131979
2 9848 9849
1 17499 208039243
1 16283 127478589
2 2596 3643
1 15708 84987168
1 12030 213935938
2 7217 10036
2 9885 18861
1 19675 313950138
1 17347 572424426
1 16107 325541815
1 14995 622493638
1 19293 775625962
1 10144 989371
1 13094 682714210
2 6062 15975
2 12556 12557
1 12668 706685310
2 10484 10485
1 13841 745506315
1 18480 316894633
1 10540 822846330
1 10489 231110585
2 9296 9297
1 10061 2083340
1 10337 402003633
2 16292 16293
2 906 18059
2 13310 13311
1 11557 576843276
1 11666 238133445
1 14946 367640222
1 13144 43782293
1 19030 732457247
2 6518 12880
2 19590 19591
2 2068 2069
1 13847 295237545
1 19692 611183780
1 17854 67486649
2 2326 14065
2 8672 8673
1 14309 756035105
1 17780 875060144
2 16995 130
2 19674 19675
2 18630 18631
2 6412 6413
1 17023 375355250
1 18327 784714851
2 9099 13079
1 17691 124388752
2 16646 16647
2 16250 16251
1 11831 801619894
2 1905 7411
2 5660 15339
1 15128 638652559
1 16285 413261230
1 18910 180241539
1 17632 108656485
2 4906 3552
2 9718 9719
2 9342 9343
2 1990 1991
1 16638 9166499
1 13639 611079496
2 12232 12233
2 15138 1951
2 14215 11940
1 12632 409623083
2 15103 11475
2 611 3669
1 19601 999981335
1 13002 917166668
2 18152 2816
2 8960 8961
2 15656 15657
1 15941 464186161
1 11249 838874695
1 10301 128332820
1 18814 774161855
1 16428 125323514
2 6542 6543
2 16937 292
2 11390 11391
1 18226 233820559
2 12072 12073
2 12010 12011
2 14541 11323
1 10031 273625078
2 5996 5937
2 5002 5003
1 16065 245529933
1 11259 791247611
2 10075 1275
1 14880 740710804
1 14587 357629462
1 11157 908026000
1 19076 756732129
2 6818 6819
2 17520 9607
2 6592 18526
1 17025 933702329
2 18739 10435
1 13289 8889701
1 17006 484056635
2 882 883
1 19940 397037497
1 14751 627892254
2 15901 10467
2 11996 11997
2 19220 4798
2 922 2564
2 13865 7884
1 16359 941874618
2 10069 7566
1 17543 693963419
1 11347 770233838
2 11635 18815
1 17546 512359711
1 13378 405988292
1 18563 119298993
1 10012 105180260
1 11523 586947560
2 9452 10731
1 19343 396922758
1 18695 744511997
1 19983 418623741
2 17254 17255
2 5471 18771
2 9260 9261
1 17910 189086445
1 16961 653069446
2 19230 19231
1 19085 421739576
1 13941 694905392
1 15870 727965466
1 19475 400422573
2 19161 19413
1 19777 590555402
2 4300 4301
2 13204 13205
2 8443 11546
1 18071 17403268
1 16208 655601081
1 13301 470262767
1 10223 590097088
2 352 353
2 15486 15487
1 10676 889420119
1 10078 213352933
2 17307 6623
2 11134 11135
1 16984 582522812
1 19878 933905093
2 19512 17189
1 17257 529273235
2 19940 19941
2 13612 13613
2 15635 1344
1 14834 132149128
1 14568 491292343
1 15216 370863702
1 18264 256872608
1 12026 51644627
1 10635 517203525
2 10721 15209
2 18429 12799
1 14572 661111972
2 5533 4325
1 19833 155470185
2 8496 13098
1 13666 409810933
1 14034 550208665
1 10214 152178424
1 13417 846561845
2 4520 4521
1 12880 981345280
2 9446 19593
2 9908 9909
2 6561 4511
2 2340 12369
2 4215 6698
2 11624 7920
1 18467 864776168
1 12207 620950220
2 8544 8545
1 15645 724986200
1 14531 851411406
2 6726 6727
2 14936 14165
2 14908 14909
2 13511 5192
2 14436 14437
2 17794 4063
2 14578 7423
2 16735 18370
2 10952 5639
1 16518 789140925
2 7701 3925
2 11444 11445
1 10364 611484017
2 17069 17858
2 14552 14553
2 17950 17951
1 15477 756395757
1 17971 422792174
2 10716 11797
1 16871 283272794
1 12090 256377733
1 16568 350031272
2 19508 19509
1 11261 463561589
1 17975 452095137
2 16159 13921
1 14070 340877378
1 18195 433474409
2 9066 9067
1 12437 385431979
1 17477 82954010
1 15326 377748902
1 18700 215297757
1 12432 849296729
1 19845 909210040
1 13825 961471635
2 4937 1677
1 19408 253337823
1 15728 360802345
1 11456 192317239
1 18467 94754217
1 16800 118689161
2 16974 16975
2 4960 16867
1 15041 671181871
1 14946 838356835
2 13406 13407
2 3026 3027
2 1622 1623
2 13179 9275
2 5511 912
2 19026 19027
1 14849 295853718
2 18290 18291
1 11463 523213002
1 10363 275254230
1 12627 558716243
2 12372 12373
1 15411 384667181
1 19961 568177869
2 19826 19827
1 13561 217307377
1 14745 833367260
1 14686 84664747
1 17846 604171663
1 11479 971387012
1 12599 962388018
2 19473 881
2 6372 16703
2 18301 10807
2 19676 19677
1 11660 551465779
2 16718 16719
2 4246 4247
2 10134 10135
1 14470 658634818
1 14243 100374882
2 7548 7549
1 19978 93333675
1 17723 202824853
2 11556 11557
2 13980 13981
1 10432 73958621
1 17614 799369051
2 2848 2849
2 14130 12762
2 7185 19652
1 17473 109596758
1 14905 260928098
2 8802 8803
1 11735 486908513
1 18041 780483221
1 17915 609461722
1 19531 842859849
1 11515 344367214
2 10714 10715
2 11400 11401
1 19408 662339138
2 14590 14591
2 13600 13601
1 14299 478731910
1 18658 213842266
1 13420 839302897
2 3328 3329
1 11383 825353150
2 17176 17177
2 10754 10755
1 17745 8008648
1 11781 118330165
2 7996 7997
2 6948 6949
2 16123 16031
2 16222 16223
2 9996 9997
1 18211 486550077
2 618 619
2 18442 17287
1 13199 991461018
1 18285 50161309
1 11992 348543750
1 12236 115869779
1 12083 504240806
1 19607 324699293
1 11819 648154462
2 15772 3617
1 17499 151033803
2 13792 13793
1 10391 835570716
2 11442 11443
1 17266 40287246
1 15114 773318882
1 17315 925611739
2 17644 17645
2 1844 1845
2 10552 18813
1 12388 139024122
2 506 18735
1 13494 152452654
2 9798 9799
2 16118 16119
2 16966 16967
1 13779 697505715
2 9040 9041
2 19472 19473
2 10102 19122
2 4132 4133
1 16976 215438034
1 17712 521479788
1 14278 478594060
1 15077 977409842
1 17440 597669782
1 19839 68350352
2 8244 8245
1 14505 313146019
2 11572 694
2 17762 17763
2 19004 19005
2 7667 13976
1 14589 330924542
1 16594 148332417
2 16458 16459
1 10107 198277237
2 7630 18111
2 5536 5537
1 14712 758277241
1 11867 275359913
2 17046 2876
1 10770 737938853
2 7916 7917
1 12939 198840179
2 7518 7519
2 10268 10269
1 17588 791697486
2 13534 13535
2 6772 6773
1 14317 145953948
2 10158 15411
1 19818 479929190
1 12656 695399284
2 18688 18689
2 407 18518
1 16445 207755261
2 13712 13713
2 11104 11253
2 1616 1617
1 15669 837139084
1 12037 577686404
1 12430 941841563
1 11863 621526897
2 11482 11483
2 13822 13914
1 13675 855793806
2 11434 10626
2 5156 4495
2 17723 5855
2 347 5257
1 13748 482633124
1 16033 625238603
1 10637 586536120
2 14480 14481
2 11550 11551
1 13401 546111318
2 19364 19365
1 11931 397654985
2 7727 2465
2 13452 13453
1 18884 220561004
2 1226 1227
2 15656 15657
2 13718 13719
2 188 5764
1 12184 622783722
2 11905 7449
1 15627 272109069
2 8176 15807
2 18846 14124
2 18540 725
2 7104 7105
2 19908 146
1 19638 834762413
2 18934 7247
2 8353 3688
2 14248 14249
2 7640 7641
2 8596 8597
1 12886 286103968
1 19986 574872975
1 10735 749184697
2 2865 5447
1 10758 24106287
2 382 383
2 2210 2211
2 11583 9322
1 17068 212387709
2 14118 14119
2 10112 10113
1 19414 666026018
1 11176 346045045
1 18266 696018121
1 11622 589301205
2 14713 13953
1 18005 961815620
1 15777 994251255
2 15372 15373
1 12398 595649631
2 4004 4005
2 10662 15479
2 4430 3681
2 12196 12197
1 16125 155928174
1 10009 793532710
1 10556 763578578
2 3413 19361
2 6890 6891
1 16314 324638988
1 14490 315691970
2 19468 19469
1 10748 607571723
2 8620 8621
1 14021 179237328
1 19824 491717867
1 12583 799161348
1 10729 509950079
2 7743 18238
1 15064 107520175
2 19028 5617
1 14777 808769556
1 10225 69904840
2 1482 1483
1 12150 881747757
1 14242 658712308
1 11635 529033821
1 16577 998164519
2 18120 18121
2 17524 17525
1 15683 168011253
1 12768 836860868
2 5115 7655
2 7126 7127
1 10401 19125968
2 14524 14525
1 16454 554804600
1 18785 735844443
2 3474 3475
1 17569 289611111
2 17237 395
2 3991 6679
1 10472 85281086
2 608 609
1 17299 49773029
1 19860 673186230
1 16834 587361283
2 19436 19437
1 11516 187491769
2 10649 17468
1 18823 700013496
1 14061 631241293
1 17194 191390727
2 1332 1333
2 13598 6574
2 19852 19853
1 15667 350514591
2 11560 17374
1 12264 113798879
2 16294 12035
2 15590 9826
1 15550 161256812
2 7725 18000
2 16046 16047
2 6195 19369
2 13628 13629
1 16029 483377626
2 10177 14507
2 6102 6103
2 9773 9816
1 16747 640548494
2 13215 16344
1 15828 99988610
2 9509 13570
1 12527 372093839
1 15939 795859168
2 5801 18084
2 18484 18485
1 17853 448413035
2 9846 1084
1 13463 343210066
2 11082 11083
1 16572 703157750
2 2618 6019
1 15993 826562402
1 10717 560943808
2 12068 4842
1 18689 74390108
1 16650 355296797
1 12076 721538654
2 12264 12265
1 18827 989812203
1 14100 717664256
1 19706 931031100
2 14505 11049
1 19515 659536271
1 13590 364401042
1 12500 917048756
2 12980 12981
1 13649 913043338
1 10586 165271645
2 7124 7125
2 8474 19897
1 19257 435186260
1 18917 898074425
1 11672 567337501
1 19268 649195402
2 10582 10583
2 14395 88
1 12907 188832562
2 6071 6082
1 10191 970273238
1 11075 674152752
1 15575 65849255
1 16781 817135831
2 14884 7926
2 5238 10127
2 19633 862
1 18411 788024286
2 11770 11771
1 17914 691672576
1 16296 542044421
1 15735 486531905
1 10428 504001973
1 10658 605700709
2 4761 1484
2 14680 14681
1 17396 567592319
2 14802 14803
1 15558 797423922
1 17347 129331742
1 10946 984164256
1 16324 930741725
2 3209 3774
2 6898 19880
2 5452 5453
1 10854 911260478
2 14170 14171
2 2511 1803
2 1518 1519
2 9992 6247
1 10131 657414267
1 11226 724787429
1 18713 186534224
1 16895 717696997
2 9286 7303
2 652 653
1 15550 315877941
2 4384 15664
2 19172 19173
1 13417 92502483
1 14337 193159263
1 12352 470073789
2 4810 4811
2 15812 16827
1 12327 153624034
1 19583 870512013
2 6664 1208
1 12555 600599554
2 6603 9205
2 7965 11394
2 7407 19588
2 8134 8785
2 11540 11541
1 18275 340665499
2 1124 1125
1 17140 813089042
1 13060 301790250
1 17407 857695568
2 10418 10419
1 15932 200000252
1 18447 346014082
2 2386 2387
2 5678 5679
1 18017 44333181
1 16720 413172412
1 19088 71599069
2 15674 15675
2 6484 12008
2 19874 19875
1 10378 118069509
1 15558 271102113
1 16927 597032491
1 13480 797881148
2 18826 18827
2 8978 8979
1 11223 322639406
1 17509 181409575
2 18638 18639
1 13969 363246008
1 11101 252385882
2 2210 2211
2 8579 17895
1 19098 188193245
1 11201 304157628
2 14437 10677
2 2282 13495
1 13583 819500473
1 16894 180512546
2 5122 11675
1 18208 43258542
2 14784 15466
2 19979 4106
2 4513 5949
2 12837 13152
2 17558 17559
2 16976 16977
2 4476 4477
1 18732 299919332
2 12422 12423
2 6342 19410
1 17222 405566038
1 18567 521388067
1 18465 48507182
2 16800 16801
2 6954 6955
2 19458 19459
2 15111 849
1 17026 361617380
1 18266 991926201
2 889 3916
1 18469 971534958
2 2330 18264
1 15473 102275865
1 12409 69666843
2 10186 10187
1 11654 121356748
2 19180 19181
1 13929 7813510
1 10655 225606497
2 16601 7166
2 13714 3707
2 8840 8841
1 10490 387810661
1 11873 382518542
2 8 9
1 18921 246616766
2 608 609
2 11482 11483
1 15117 718128899
2 7085 16575
1 11367 362659072
1 10377 13214693
2 8012 8013
2 2856 2857
2 19904 19905
1 14336 326846163
2 18060 18061
2 17630 17631
2 17930 17931
2 10400 10401
1 10231 763689741
1 15694 294357423
1 10364 605017884
1 17012 183064829
1 11272 474923119
2 6371 7798
1 13979 938039670
2 7932 19378
2 14036 14025
2 1696 5791
2 2174 2175
2 16851 6521
2 11419 18280
1 13130 401379253
2 16106 16107
1 13426 247579922
2 14632 14633
2 10802 30
1 16178 467498829
2 568 18175
2 656 5469
1 19636 707225023
1 17694 378957906
1 15295 31348228
1 15857 953589471
1 18566 519665678
2 878 16934
1 12605 745972254
2 3869 359
2 6995 16072
2 4562 4563
1 18978 373496933
2 3920 3921
1 14361 239225798
1 11900 895972965
2 16170 16171
1 11276 893901395
2 10041 12633
1 15933 701623738
1 12136 122766983
2 4718 10667
2 13950 13951
1 19174 378133173
1 10204 18619386
1 14133 388605917
1 18027 746408093
1 19927 309792990
2 8073 15578
1 15144 879830226
2 6346 9039
2 6768 15076
1 17935 733309004
2 19807 4528
1 13186 50103673
2 4383 2083
1 14224 129024949
2 8989 14195
1 18978 908240656
1 18573 365889740
2 12068 12069
1 16654 260637256
2 523 11897
1 16834 180122650
2 8050 8051
2 1995 9821
1 19756 56356437
1 13041 339772862
1 12661 310690416
2 10958 10959
2 1698 6979
1 10994 548353067
1 16834 287968243
2 17886 17409
2 1559 4826
1 10211 257365591
1 12016 878464681
2 3954 16034
1 18056 634856726
1 11097 514065320
1 14232 866910524
2 5088 5089
1 19457 228220171
1 19246 620779417
2 13026 13027
2 11947 16147
2 11296 11297
1 19628 146183018
1 12074 150900451
1 14940 95971391
1 19971 399144137
1 10014 969694848
2 18334 18335
1 15328 494236651
1 17581 249974857
2 908 909
1 11454 955164902
1 18502 430057952
1 18041 114604192
2 5774 5775
1 19312 254371270
1 18388 304965932
2 10948 5032
1 19614 942132676
1 11363 564229385
2 9432 9433
1 10825 945048660
1 11929 273938571
2 18072 18073
1 10860 651068906
1 12183 805833675
2 15528 15529
2 4646 4647
1 19378 26175326
1 11129 368834739
2 11049 3921
1 15664 295624742
1 18314 172915806
2 16 17
2 3772 3773
1 14691 261445206
1 18158 100711874
1 17503 622267684
2 11676 11677
1 15477 653080937
2 7176 12713
2 6015 9967
2 19015 13429
2 6414 1193
1 13847 813038018
1 11883 301239418
1 11763 422594268
2 3792 3793
1 16228 108742078
2 14546 8488
1 12892 84728248
1 18949 122906460
1 11906 595599386
2 14966 11209
1 16265 554317906
1 16139 662683203
1 15602 935076403
1 18466 570003659
2 88 89
1 15952 991028396
2 16829 17900
2 16134 16135
1 17675 925772801
1 15031 603178083
2 17306 17307
2 7551 15894
2 5640 5641
2 2508 2509
1 12567 385862156
2 14050 14051
2 16246 16247
1 11984 561995097
2 14634 16208
2 7108 7109
2 11732 11733
2 13295 14071
1 11151 878207529
2 8194 8195
2 2871 19896
1 15734 776177083
2 19891 4194
2 5592 5593
1 11685 398066639
2 12708 12709
1 19576 797463867
1 16094 644112052
1 16076 693960343
1 11101 888997049
2 13266 13267
1 17358 788982405
1 10764 505440077
1 12247 138611857
2 13638 13639
2 11012 11013
1 11518 228851129
1 18104 518576362
1 11764 347458868
2 6536 6537
2 4792 4793
1 11833 732411358
1 18813 314785338
1 18656 300899099
1 13581 457658655
2 15528 2151
2 9112 6199
1 16462 307479965
2 10422 10423
2 11823 1517
2 1928 1929
2 2422 2423
2 14176 14177
1 12022 995276099
2 16238 16239
2 7399 6954
2 3556 3557
1 19680 657599382
1 15912 822190293
1 12740 186126523
2 12458 1704
1 18939 583498938
1 10755 768454757
2 16968 16969
1 12858 909820453
2 2668 2669
2 3512 41
2 3892 3893
2 3374 3375
2 490 491
2 3014 9837
2 19716 19717
1 19488 916955584
1 16027 992491280
2 5000 5001
1 13844 585148042
2 18672 18673
2 16203 12600
2 18734 18735
2 4570 4571
2 961 1269
1 10551 871890104
2 14691 1439
2 2251 19038
2 1664 2475
1 18431 517032737
1 18948 420455450
1 13841 164075845
1 17603 605757555
2 9541 7783
2 2102 4259
1 10935 467423831
1 15636 870564410
2 11014 11015
1 16722 825928860
1 18373 526947835
1 11568 587288591
2 784 785
1 18841 456267407
1 17734 917738592
2 19822 19823
1 14848 741266172
2 11741 5790
2 3236 3237
1 14567 296487718
2 16047 5906
2 6212 6213
2 19741 8292
1 11288 505572945
2 13259 16953
2 7793 7503
2 6928 6929
2 4992 3725
2 19001 15684
1 14662 450721417
2 13281 13129
1 12262 726554836
1 10390 543224702
1 12172 299287628
1 10961 649728365
1 14416 767909210
1 15774 151580036
2 16463 16974
2 1496 1497
1 14785 61574084
2 110 111
2 798 799
2 2640 2641
1 15942 759571577
1 14185 292159104
2 1510 1511
1 16103 816548013
2 10744 10745
1 10547 770242691
1 14081 870872626
1 15008 778291003
1 14685 295845287
2 6910 3459
2 14678 5205
1 14077 428197798
1 11040 766766266
1 12306 174539690
1 13311 890076424
2 7516 7517
1 12789 912091759
1 12664 243822373
2 18200 18201
2 11400 14349
2 9420 15572
1 10379 524742582
1 14848 659970172
2 12466 633
2 11932 19798
1 13870 146672243
1 18700 731723528
2 11218 12938
2 17355 17765
1 18433 848048091
1 14401 199103072
1 12859 990198886
2 17746 17747
2 8853 15298
1 16638 639550577
1 15083 746237618
2 12415 10259
2 3404 3405
1 12054 299690055
1 13225 570828330
2 4530 13434
1 10149 811401759
2 16530 16531
2 8204 8205
1 18922 775939678
1 17023 560089022
2 9464 9465
1 11572 99767495
1 13682 744971309
1 13862 565446511
1 18645 566213592
1 17491 809686702
1 19171 704657266
1 19792 951986253
1 10388 13295673
1 17939 150589648
2 1034 3202
1 15092 451882616
2 12134 12135
1 10247 346153384
2 13194 13195
1 17954 842046633
1 12358 177366436
1 10969 86125969
2 17914 17915
1 15193 505208271
2 13619 5868
2 19749 767
1 15442 818762110
1 13595 325938706
2 16562 16563
2 8792 12208
2 12568 841
2 17796 7301
1 16974 834661712
2 19954 1615
2 7182 7183
1 18820 204289414
1 11664 172512518
2 13013 10038
2 3611 8717
2 5112 5113
2 5557 10578
2 14733 12905
1 13177 870908076
1 11024 457441630
1 18084 924340359
1 19515 112068589
1 14158 260345818
2 12043 14901
2 5798 5799
1 12347 790236775
2 6622 6623
2 6715 16267
2 8433 12367
2 17468 3892
1 12261 342915883
1 17465 236717564
1 19738 759198284
1 16626 797926951
2 18262 18263
2 15707 8890
2 551 8857
2 19163 3094
2 19542 19543
1 15901 110287979
2 17264 11599
2 3354 3355
2 5064 16079
1 14381 445088332
1 19324 536893770
1 14754 391959785
1 14187 88373943
1 10049 842611220
1 18926 685703565
2 6639 7016
1 17571 638492660
2 10843 10345
1 19392 315852794
1 13810 59783539
2 14399 13066
2 15005 14980
1 13020 672031251
2 17504 17505
1 18050 943794737
2 19102 19103
2 10449 7421
2 4816 4817
2 10318 10319
2 18485 16013
2 19058 19059
1 13331 266953827
2 4618 4619
1 18467 291348431
1 13646 511545115
2 15082 15083
2 17924 17925
2 3680 3681
1 18348 362926838
1 16984 432911849
1 14799 568841031
2 13815 2521
2 6686 6687
2 8816 8817
2 78 3337
2 19814 19815
1 18139 57494479
1 18986 757286888
2 698 3194
1 16457 678055577
2 3882 3883
1 14044 742965797
1 18390 762639722
2 17483 13020
1 14842 480099315
2 6984 18411
1 16745 697874684
1 10447 820237393
2 7570 4185
2 4753 7791
1 13909 376238482
2 11164 11165
2 2684 18709
1 16649 563979024
2 13876 12603
2 19627 10846
1 18330 833645745
2 13782 13783
1 16973 22364456
2 11411 8168
1 12216 159632325
1 10991 56309409
2 13938 13324
2 17872 17873
2 15746 15747
2 16016 16017
1 12564 112579555
2 15673 3280
1 13401 856052882
2 15224 10118
2 7170 2585
1 15859 770001852
1 15464 996385367
1 16652 518336884
1 15160 314612792
1 11612 450785
2 1985 9781
1 18846 234244311
1 12415 36641990
1 17653 43638932
2 6862 6863
2 13702 13703
1 15678 309570581
2 3804 3805
2 2492 16769
2 7474 7475
1 14190 695591065
1 19204 551585203
2 5595 6818
2 8294 8295
2 11130 11131
1 19505 27106133
1 11195 125545405
1 12454 232803767
2 15378 9643
1 13040 590755863
2 11856 6599
1 16530 866900358
1 15600 997009949
1 16221 477277448
1 16289 884564596
2 2840 2841
1 13216 956112397
2 17461 4931
2 11670 791
2 4964 4965
1 17860 357179230
2 6190 6420
1 11351 740583176
1 14687 546665839
2 5080 5081
2 9871 16426
2 1296 1297
1 17535 467805571
1 10188 686531215
1 11879 386099976
1 12140 133467823
1 16194 25060942
1 19605 180345235
1 12164 4307450
2 15920 11118
1 12985 110600743
1 15075 491951293
1 18928 361446792
1 18632 429269791
2 1656 1657
1 12874 70184172
1 18253 709318703
2 5559 10547
2 19262 19263
2 11050 11051
2 15548 15549
1 17451 600171513
1 19613 522824802
2 344 345
1 13880 47815450
2 14206 14207
1 19974 278178609
2 6688 4520
2 5146 2640
2 4648 1118
2 16568 16569
2 14413 17360
2 12780 12781
2 12460 12461
2 18468 18469
1 16364 631078979
1 11481 986605579
2 3662 4842
2 17174 17175
2 1021 7550
1 13298 696122950
2 16619 8343
1 13197 361608675
2 16332 16333
1 10919 650065672
2 13352 13353
1 16025 252253006
1 14713 174747181
1 14720 540222117
2 7672 7673
2 3736 3737
1 13892 614667420
1 19878 171134422
1 12922 244526534
1 16097 55565237
2 1194 17418
2 11636 11637
1 12946 26541828
1 11036 620915422
1 13342 836189578
1 11796 746971853
1 10222 707911041
1 12222 958416019
1 16998 96390085
1 18805 502282526
1 19811 343980185
2 14528 6816
2 5458 5459
2 6912 6913
2 4223 13417
1 14048 329624291
1 19527 196466825
2 5800 5801
2 18568 18569
1 14862 188817813
2 19284 19285
2 5916 5917
1 16645 341407661
1 16300 431485863
1 16904 511063523
1 18479 47389661
1 14615 441374532
2 1495 6005
1 17852 624160766
1 13816 557370197
2 6888 3350
2 4318 4319
2 7648 7649
1 15945 8646901
1 17208 62848331
1 17362 405472589
2 19342 4398
1 13418 26533752
2 18191 3229
1 18595 790309581
2 44 45
1 15580 51416474
1 17520 531122904
1 19491 587245954
2 9912 9913
1 13639 429643086
1 13455 394787482
1 14426 866842217
1 19259 223693625
2 13526 5413
2 6334 10192
2 932 933
1 16630 881198861
2 17862 17863
1 19828 749658094
1 12636 330243936
2 14790 14791
1 12881 376746176
2 2180 2181
1 10935 324437496
1 17442 941697620
1 10032 888611758
2 4310 4311
1 14666 518046538
1 16434 347918681
2 8298 8299
2 3552 4425
2 19972 19973
2 7374 7375
1 15055 173347402
2 13638 13639
1 11734 496840643
2 3521 506
2 1734 16826
2 4235 5205
1 16701 144192857
1 17541 792670234
2 10873 8175
2 3333 10199
1 12120 769563286
1 17428 574754430
2 1314 1315
2 19718 10150
1 19633 654322461
2 17523 1496
2 18461 12995
2 10302 10300
2 4548 2482
2 10194 10195
2 19586 19587
2 1086 905
1 18083 977407293
1 15873 571190040
1 14479 749187225
2 7634 7635
2 1127 7629
1 12630 611977180
1 18333 923448778
2 6148 6149
1 19572 637122522
2 5806 5807
2 8114 8115
1 14314 872590474
2 12409 16188
1 15348 711000034
2 9678 9679
2 18008 18009
2 3854 19904
2 3424 3425
1 15353 407015622
2 14402 4814
2 18670 18671
2 16540 16541
1 19431 98467702
2 18674 18675
1 19800 773697963
1 17621 617634505
1 10396 231656343
1 10708 204789480
2 19788 5698
2 10336 10566
1 14128 197940976
1 16028 609562188
2 9616 9784
2 13264 5551
1 15432 306673238
1 13378 181923486
2 17638 4953
2 15888 15889
1 15843 321136072
2 5722 5723
2 18452 18453
1 13767 553315013
2 10314 13833
1 10672 52419068
1 19775 87308154
2 17208 17209
2 1964 1965
1 15463 144206117
2 9990 8166
2 12568 12569
2 8402 399
1 15209 649042999
2 6526 8283
2 14254 14255
1 19496 808334297
1 12339 551848670
1 19374 628954534
1 16507 971753175
1 11604 251975518
2 4904 4905
2 19072 19073
2 10366 10367
2 12926 8168
2 3576 3577
1 15522 715249499
2 15008 15009
2 8882 19825
2 16548 16549
1 13034 959985099
1 12300 420805104
1 12805 710905216
1 14750 868795672
1 16482 17379335
1 12055 896971532
1 13234 388690162
1 16372 98788352
2 19616 10390
2 2996 2997
1 11239 377109531
2 14909 7691
2 17024 17025
1 18609 925540661
2 3074 3075
1 19216 229202220
2 14244 14245
2 2285 8897
2 18880 18881
1 12153 866538304
2 11286 11287
1 17435 51090787
1 19254 181146415
1 19357 989908570
1 15593 718173592
1 13279 109810463
2 5252 5253
1 18476 347258048
2 15874 15875
1 15470 958115366
2 7296 7297
2 15764 15765
2 17832 17833
1 17075 884188282
1 12213 570280621
2 4706 4707
2 5895 8310
2 4453 12251
2 5952 4923
1 17367 290064440
2 12936 16158
1 10639 558014899
1 14189 20194107
2 2100 2101
1 13114 269308940
1 10248 29967131
2 17332 17333
1 16088 944577118
1 13081 833592384
2 7952 7953
2 9210 9211
1 14825 873502383
2 13524 13525
2 12050 12051
1 14548 620347430
1 19281 940796318
1 17886 985953749
1 12648 270739318
2 16004 16005
1 15206 449840209
2 18806 4564
2 19478 19479
2 3032 3033
1 19069 996313603
1 17162 463570423
1 17220 754877863
1 13422 914903438
1 17170 310075330
1 19567 311511363
1 17291 828774432
2 10818 18421
2 15746 15747
2 1236 1237
2 1706 19124
2 82 17808
2 10406 12930
2 3271 8428
1 13096 578803754
2 13316 13317
2 1884 1885
1 19136 519678953
2 14392 14393
1 15868 262068334
2 3218 3219
1 15132 637675647
2 17656 17657
2 13817 10501
1 14817 424356419
2 8602 8603
1 15973 955720352
2 3768 16111
1 12961 899210631
1 17080 439649668
2 3728 3729
1 14701 442311237
2 18608 18609
1 11561 356800809
1 11430 962954711
2 17398 17399
2 6936 6937
1 19339 531130902
2 5833 12746
2 16832 16833
1 18412 467612662
2 9350 16633
2 4052 3516
2 11444 11445
2 6229 16362
1 10479 588938931
2 9142 9143
2 414 415
2 16706 2011
2 9163 12154
2 1537 19052
2 4308 4309
1 17274 168671873
1 10044 8351060
2 16564 16565
2 5372 11698
1 10969 422161571
1 10909 169091264
1 18641 231903907
2 12353 9023
2 13038 13039
2 18890 18891
2 4784 14026
2 2484 2485
2 14100 14101
2 3344 17991
2 18424 18425
1 15031 318258108
2 7967 2800
1 12081 45365320
1 11937 404050459
1 10652 293704972
1 11937 375256171
1 17770 632678685
1 19223 530642810
1 11346 497229271
1 17066 732972645
1 14689 352680371
2 7961 16937
1 15956 517583243
2 10154 10155
2 15188 15189
1 11877 629038245
1 16856 543126198
1 16369 47456050
1 17224 506484914
1 12130 790450822
1 19890 436461096
1 15973 87811235
2 5901 4199
2 5869 10274
2 3006 3007
1 17594 88275581
2 5119 2030
2 10382 10383
1 19077 190534761
2 1791 2754
2 1592 9881
1 16005 522696773
2 19624 18302
2 17652 14276
1 11595 390133017
2 19410 16860
2 1411 11898
1 16277 996547107
1 16018 426162316
2 18770 8685
2 6928 15748
2 16547 392
2 8936 8937
1 17004 534654716
1 15245 672777140
1 11689 605753132
2 7149 11470
1 13507 925818012
2 10040 11194
2 12900 12901
2 3008 3009
2 10214 12446
1 12909 17772783
1 14736 910160372
2 11600 11601
2 18950 18951
1 11134 257403158
1 11409 554189163
1 12726 353058309
1 16480 498093675
2 3524 3525
2 18605 10774
2 17896 17897
2 15679 7764
1 11573 39662343
1 15464 95747920
1 18605 87984103
1 11557 370815600
2 360 361
2 7833 2514
1 18030 272994093
2 18097 12730
1 15599 270435171
1 18976 713491974
1 16426 3895098
2 15248 13249
1 12730 540851969
2 8910 8911
1 16044 891288216
1 19696 265988851
1 19580 858325633
2 11240 11241
2 6256 6257
2 930 931
1 12179 262001012
2 1211 3185
2 16788 1622
1 19475 965198557
2 11410 11411
1 16707 632197370
1 14749 895065292
1 17145 57240575
2 658 659
1 19068 210665453
2 19978 19979
2 4822 4823
1 15049 474396509
2 2894 2895
2 14737 10429
1 18598 24120432
2 5900 5901
1 19859 357629585
1 14294 99951837
1 11028 422776773
2 99 15061
2 14446 14447
2 16036 3449
2 12520 12521
2 18592 18593
2 4886 4887
1 17370 843695242
1 17642 179209023
1 14222 186842389
1 15995 404930207
2 17100 16266
2 17402 17403
1 10148 295658379
1 14635 418929691
1 10713 728760004
2 2408 2409
2 4434 4435
2 2467 10251
2 11832 2243
2 2843 7726
1 18705 163321633
1 12491 183778044
1 18007 912760930
2 16444 16445
2 7448 7449
2 2178 2179
1 11826 883104497
2 11690 11691
1 18430 253179992
2 10258 10259
2 8052 8053
2 10602 10603
1 11488 450219738
2 6426 6427
2 2732 2733
2 13256 13257
1 19787 652216502
2 19851 1433
2 10958 10959
2 17526 17527
2 9276 9277
1 16754 795176587
2 3278 3279
1 17915 258923340
1 16954 798948895
1 17830 242884459
1 19420 247151155
2 18842 1264
2 10474 10475
2 6916 6917
2 7836 7187
2 3867 1848
1 12848 367236126
2 18597 3
2 19663 3465
1 17330 28681475
1 18486 534541646
2 13878 13879
1 15287 804314205
2 14764 16331
1 18212 354832075
2 12195 16345
1 13801 468061617
1 10156 733751755
1 14212 587251498
2 8920 8921
2 4800 4801
2 9318 9319
1 16585 517949439
2 19935 9865
2 600 17179
1 10617 138814020
2 12222 4400
1 17680 665911142
2 14062 14063
2 19299 17987
1 13595 552901532
2 9874 9875
1 12621 299403005
1 12822 18357443
1 14892 373060461
1 19426 645420845
2 19604 19605
2 7728 7990
1 19246 931225908
1 12346 56528009
2 16252 16253
2 3178 1729
1 17804 274852109
2 5434 5435
2 10828 10829
2 7267 14959
1 12662 523428692
1 15639 754026839
2 10418 10419
2 17765 17741
2 856 11487
2 3118 3119
2 18858 18859
2 13760 13761
2 8155 17471
2 12566 12567
2 18544 16279
1 13830 505666870
1 12480 658145457
2 10410 5724
2 10658 10659
2 6022 17298
1 18382 356570229
1 12342 276096502
1 13922 441737343
1 10517 152554465
2 4522 4523
2 17812 17813
1 10840 294346068
2 2482 2483
2 7498 7499
1 11067 63882661
1 12831 25810281
2 10160 16271
1 15236 63063268
1 15372 448074502
2 8742 8743
2 4437 17829
2 122 8919
2 15578 13730
2 13710 13711
1 15974 5416808
1 10379 567697954
2 2911 8283
1 15246 450657941
1 10819 682338912
1 15464 272631902
2 2496 7222
1 16866 644117849
2 5369 9573
1 18411 835431622
2 6086 3259
2 14064 14065
2 7678 7679
2 8460 9837
1 19776 717635270
2 7470 13277
1 16385 531478834
1 14342 147991817
1 12053 566478180
1 15903 697846706
2 6772 6773
1 18233 966573292
2 14228 14229
1 12870 742267515
2 5848 18303
1 15688 832780006
2 12338 12339
2 8872 8873
2 18044 12601
1 16201 451277301
2 13360 5374
1 18451 675996921
2 12546 12547
1 12040 189794185
2 4528 4529
2 1804 11470
2 11792 4141
1 13195 9598270
1 14480 95115359
2 2098 2099
2 16691 10064
1 15138 866386416
1 16461 930494995
2 13747 18347
1 12123 836339745
2 12568 12569
1 19810 138015885
1 17961 787272812
1 18509 925931530
1 11966 744191866
1 13719 862174050
1 17592 921888366
2 16476 16477
2 12462 12463
2 14521 11088
1 11369 92541513
2 1532 1533
1 17878 824097260
1 17757 17607390
1 12340 602772431
1 12452 166696809
1 19828 294220928
1 18323 60285446
1 16977 977823154
2 4522 4523
1 15843 777590006
1 16067 463989228
2 13353 14722
1 14314 195207460
1 13545 219586554
1 16203 685444618
1 17494 405939752
1 19150 900957700
2 17128 17129
1 14144 955064202
1 12847 335509389
2 854 15223
2 2430 2431
1 17067 567496940
2 18714 18715
1 10769 950758584
1 11197 988460207
1 14757 203939609
2 4364 4365
1 16285 340236861
2 10264 10265
1 16037 980131117
1 13600 19934027
1 12030 271883680
2 2456 2457
1 16126 790340942
2 10920 10921
2 5632 5633
2 9331 1197
1 14887 300994765
1 13057 521182862
1 11487 341055157
2 1452 3040
1 14596 648854277
1 18203 71046037
1 19619 51708298
1 11856 106694327
2 7811 8178
1 10322 945021465
1 12950 30146509
1 15415 79857326
2 10096 10097
1 14175 730771837
1 15836 182251755
2 8908 8909
2 3080 3081
1 13449 872810080
2 19108 19109
1 12787 800390092
2 7489 1196
1 18647 246239168
1 13194 902873489
2 6202 7027
1 10440 947141433
2 19674 17128
2 6042 6043
2 11344 11345
2 16972 7988
1 10390 419753089
2 8566 8567
2 146 147
2 10906 17428
2 11326 11327
1 10799 993385512
1 19995 255186237
2 13806 3204
2 8250 8251
1 16428 269581556
2 16667 604
1 10020 141125630
1 18079 195122603
2 12548 12549
2 8898 8899
2 10138 10139
1 16353 132334550
1 13106 188694552
1 18611 86231700
1 15566 961385019
2 8108 13164
2 5044 5045
2 9990 974
2 8764 8765
2 2536 773
2 4264 5353
2 19924 12726
1 18064 915941176
2 10757 8956
2 9708 9709
2 16330 4510
1 17794 360737042
2 12218 12219
2 7830 19103
2 5818 5819
2 588 589
2 14707 2072
1 18418 94786463
1 17239 739823068
1 17162 493480010
2 5219 8753
2 654 655
1 16959 419348124
1 18934 705812342
2 2890 2891
1 18476 654451486
2 18418 18419
1 19961 798354614
2 4792 11515
2 3442 3443
1 10438 24215903
1 18418 588587113
1 19765 858388377
1 15538 463570376
1 16998 665767709
2 9348 9349
1 15917 628140780
2 19624 5092
2 19780 19781
1 16862 200694551
2 9850 2123
1 14939 907103352
1 13993 553830086
2 4261 19469
1 19820 21913550
2 8792 8793
1 11404 875055733
1 15761 475830241
1 18339 675096969
2 9547 10915
2 11248 11249
1 12956 80287708
1 10800 52630842
2 2922 7066
2 11685 1375
2 3336 3337
2 5028 12239
1 13765 433788277
1 11409 76332860
1 15975 944016611
1 19761 761252704
1 18636 144892616
1 16800 901136826
2 7312 7313
1 12112 362972114
2 17140 2552
2 2156 58
2 9190 9191
2 13337 16444
1 14483 264523387
1 14128 164849294
2 11776 11777
2 13828 13829
2 15176 8833
1 18785 405758526
2 7942 7943
1 19463 890240274
1 12085 684707644
1 11349 933594599
1 12125 698140105
1 12539 561005333
1 14601 206220717
2 3486 3487
2 8671 17546
2 100 101
1 15304 341629952
2 6648 16046
1 12486 299209623
2 576 577
1 12338 458200210
1 12684 912453390
2 13810 13811
1 17935 822895906
1 16715 418212597
2 2737 2494
1 13110 650597605
1 14983 777171071
2 19739 19824
2 16882 16883
1 18551 424943406
2 17730 15349
2 7629 4760
2 3549 18922
1 18481 80842233
2 12121 13708
2 11736 7826
2 19950 19951
1 15299 337602578
2 8196 4908
1 13494 160224522
2 3696 16080
1 18636 73296922
1 10809 634935353
2 7210 5603
1 11602 388702165
1 14245 995146547
2 878 9344
2 2428 2429
2 11477 19471
1 13848 31964101
1 14141 820627501
2 15904 9321
1 16057 25894266
1 17456 374740470
2 15002 15003
2 18772 4001
1 13207 534443106
2 14342 1182
1 11696 882587410
1 11590 225692914
2 4594 4595
1 19264 837867778
2 13606 13607
1 18413 144257783
2 7680 11242
2 16841 3388
2 61 16326
2 3050 3051
2 6764 6765
2 6476 6477
2 5548 5549
2 12374 12375
2 8408 8409
2 17008 17009
2 3938 3939
1 10773 825730481
1 18552 778615786
2 4894 4895
2 8982 8983
2 1902 1903
2 18812 18813
1 16922 725725772
1 19548 414644312
2 11744 8210
1 13829 596838303
1 15728 582529271
2 5304 5305
1 13600 820226370
2 14209 12166
1 18094 221757775
2 7585 10055
1 14999 864983791
2 17823 2506
2 10554 11247
1 18219 824417561
2 6858 13121
2 16065 1962
2 9993 1301
2 13638 18170
2 6846 5183
1 11073 904493225
2 1516 1517
2 12584 11863
2 5878 11840
2 19440 14563
2 16355 6692
1 17016 172393399
2 2130 2131
2 4530 6998
2 18414 18415
2 1597 4695
2 10284 10285
1 19061 154933469
1 12724 548292761
2 9836 13308
1 11725 42928099
1 12416 868248887
1 19510 482339428
1 16187 981789801
1 19686 64796323
1 13588 818364340
1 14213 84920001
2 7124 12452
2 228 17058
2 1581 17090
2 4078 4079
2 6974 6975
2 628 629
2 3576 253
2 1695 8068
2 8460 8461
1 13882 884838734
1 10718 482591107
1 13680 501470874
2 18692 1929
1 17868 968067766
2 3678 14861
1 17256 381011464
1 11005 50701134
2 1660 1661
2 4714 4715
1 12023 484495358
2 8918 8919
1 16739 809620623
1 17177 733119906
2 2962 2963
1 12795 672791234
2 3417 17760
1 14170 676697226
1 19865 970104790
1 14309 360734470
1 14058 232272179
2 8044 9690
1 16179 850938573
1 18358 360416185
1 10624 477551724
2 10238 10239
2 18412 18413
1 17195 951643248
1 15310 898325584
2 7374 7375
1 19763 165344420
1 10774 89715245
1 13604 594920708
1 17857 638599680
2 9862 6837
1 18302 692973020
2 18400 18401
1 10078 254734209
2 9065 13683
1 14564 447054025
1 12077 464661322
1 15459 878848183
1 16568 31225191
2 18532 18533
1 17849 494651963
2 3470 3471
2 2161 7461
2 7617 9110
1 19430 669896611
2 3896 3897
1 14158 423746829
2 4054 14169
2 10414 10415
1 11544 412230166
1 16494 858944818
1 15469 995062731
2 16210 16211
1 17391 751484008
2 7536 11055
1 13329 939304611
2 1016 1017
2 14266 18788
1 12773 753957859
2 14084 14085
2 14584 7095
2 4106 7079
2 3919 3496
2 24 25
1 11320 616840121
2 5543 18121
2 11086 2261
1 18158 104655243
1 14679 994021046
2 13777 1532
1 17437 966576384
2 10757 3448
1 14003 978709417
2 3040 3988
1 16557 273569515
2 2396 2397
1 11199 417832581
2 13116 13117
1 11160 751483490
2 8709 7170
2 7862 8076
2 3272 8715
2 12306 12307
2 2522 2523
2 15490 15491
1 10708 292845148
1 17509 45481299
2 1698 1699
2 13944 13622
1 14152 368397012
2 812 813
2 10204 10205
1 17107 152090133
1 15651 686500228
2 19730 19731
1 12473 365933000
1 17783 848642619
2 9440 9441
2 682 11204
1 18469 481250415
1 13822 930535623
2 12912 7722
2 11712 11713
2 16042 7294
2 13607 8762
2 13240 3861
2 7820 7821
2 2127 6989
1 19475 251904872
2 9906 9888
1 11314 623786732
2 14840 14841
1 18512 445791325
1 13032 885903814
2 15167 3029
1 19482 843692904
1 12503 726251164
1 12030 801831641
2 10509 10795
2 8423 15123
2 4682 17183
2 13249 6772
2 16668 12988
1 16922 674047741
2 13450 13451
2 10760 10761
2 18696 18637
1 13063 598889515
2 1844 1845
1 14910 548707557
1 17728 388647798
2 2632 2633
2 6741 10097
2 17830 17831
2 12036 12889
2 12899 15977
2 19180 19181
1 10594 932593129
1 17246 3954943
1 15723 681586508
2 15998 15999
2 9186 5751
1 12218 289771436
2 14660 14661
1 12369 616215667
1 18749 297512712
1 14628 941724671
1 12405 349653282
1 11865 133757849
2 18866 12236
1 10885 454575311
2 4142 15758
1 10309 282091273
1 18142 718180888
2 5298 5299
1 11818 818176081
2 9892 7686
2 14590 14591
1 19676 405034035
1 12554 131905575
1 11598 212695351
1 17186 270460685
1 11711 615109141
2 18024 18025
1 14825 101386397
1 12383 519311118
2 15097 3050
1 15341 122379135
1 12082 713363757
1 13815 240641131
1 19057 948571933
2 3148 3149
2 6662 6663
1 14616 949452519
1 11015 534102124
1 16208 155725702
1 15692 767521768
1 17369 435212256
2 13302 18642
2 17705 7936
1 17236 363194708
2 17036 17037
2 12754 17562
1 10794 547737345
1 15110 289395881
2 18909 13505
2 14289 2753
2 4046 4047
1 17812 590977558
2 3195 15236
2 296 297
2 6596 6597
2 12725 3707
2 18966 18967
2 18146 7234
1 18897 826016991
1 11980 368935127
2 5196 5197
1 17357 424053370
2 15071 5400
1 11385 306332397
2 3940 3941
2 8664 8665
1 17152 788932365
1 18482 502104747
2 13778 13779
1 19927 544073524
2 18588 18589
2 13652 5918
2 10356 10357
2 16322 16323
2 19182 19183
2 15842 13722
2 13758 13759
2 19366 13421
2 19406 18777
1 10570 14912008
2 13042 2684
2 16442 6539
2 19090 8569
1 13652 789676210
1 18825 536176174
1 13330 377129963
1 13405 683759419
1 17156 256933661
2 16886 16887
1 13720 353923443
1 19283 990801360
1 11344 916751653
2 11607 4498
2 12046 3881
1 16725 150071247
1 17394 425686703
1 10434 948626282
1 10001 768586682
1 15751 671177211
1 17648 90261516
1 10186 575586264
2 10454 10455
2 13252 13253
1 10630 149110282
2 15850 15851
1 19846 542129061
1 19425 341169608
2 10714 10715
2 10072 10073
2 14599 13229
1 17118 212981705
2 2286 5907
1 16109 810475433
1 11602 134396152
1 17433 118905015
1 13376 986284940
2 1605 12631
1 18605 234358457
1 11432 503222559
2 7422 7423
2 7330 7331
1 14314 669798640
1 12032 684597097
1 14837 426168593
1 17106 637796835
1 18382 675066771
2 7028 7029
2 1320 1321
2 15968 15969
2 3637 6361
2 14294 17150
2 11408 11409
2 1838 1839
1 18712 369458587
2 14531 7858
1 19755 239397970
2 4984 4985
2 14086 14087
1 13811 366706734
1 18708 329584916
2 4382 4383
1 14151 123671990
1 14648 39495638
2 2700 3216
2 16606 16607
2 11010 4116
1 11213 583537188
2 9379 13358
2 5658 13575
2 9098 9099
2 18558 18559
1 15663 144306761
1 17226 444795774
2 196 197
1 17887 188181793
2 3016 3017
1 16362 556464669
2 18396 18397
1 19836 695483028
2 14894 14895
1 16711 591356566
1 15955 654004670
2 7445 2942
1 15175 685281167
1 15676 583955427
1 12186 377475991
1 12156 994647145
2 3321 1418
2 13867 12769
1 19801 562417441
2 1203 9482
2 270 271
2 5684 4742
1 10781 21918756
1 17100 478194350
2 1552 1553
2 14160 14161
2 16987 15581
1 15170 979232709
2 6936 3484
2 7380 13421
1 11282 180916862
2 6793 13072
1 13028 296087422
2 2699 5788
2 17236 17237
1 12012 321137323
1 19650 288999295
1 13396 844033125
1 16991 198845679
1 13945 677952482
1 10415 11707501
1 12684 792900926
1 15440 404238935
1 16694 711570276
1 17652 212610241
1 14466 419361540
1 19328 877672135
1 13856 928503458
2 7054 7055
2 14087 9294
1 11179 452253131
1 12510 9979267
2 18970 18971
2 1552 1553
2 1215 2387
2 6804 6805
1 16266 91501801
2 16284 16285
2 5420 5421
1 11796 572037065
1 13318 20841226
1 10132 681874853
1 16380 1034632
2 3708 3709
1 18896 490606139
2 8502 8503
1 14082 523400002
1 13511 880968790
1 14275 562251619
1 19615 616307797
1 14165 572793816
2 5716 5717
1 11944 780051206
1 17762 465470192
1 16852 887994537
1 10249 720646605
2 2054 2055
2 2581 8413
2 10812 10813
2 3698 3699
1 18344 8467054
2 10860 10861
2 15768 3744
1 15272 575994804
2 19242 11486
2 5236 5237
2 2156 4663
1 19011 98651054
2 2835 8630
1 13519 122721599
1 12552 952018830
1 10154 969219361
1 19907 61027310
2 3934 2174
2 16286 16449
1 12294 159622530
1 15357 235287969
2 1120 19121
2 6489 19568
2 1968 11323
1 12589 787608732
1 19435 7545663
2 5166 15645
1 13428 15492209
1 18321 488303343
2 9644 9645
2 16083 6125
2 12204 12205
2 5023 10302
1 15478 481269517
1 10943 333074841
2 19764 19765
1 14314 856425189
2 6995 2542
2 5954 2490
1 17168 104496963
2 18176 3326
1 10867 859253955
1 14748 244210247
2 18226 18227
2 14141 14810
1 10876 422290023
1 12279 475923891
1 14571 896305676
1 12519 238642850
2 13163 19039
2 9393 15060
2 3710 1434
1 17539 659111162
1 12792 61014174
2 9468 9469
2 14730 14731
2 19630 11335
1 17970 775130922
2 18592 4236
1 18284 225652908
2 14286 17895
2 3864 3865
1 15967 222867402
2 15766 11835
2 14076 15776
1 13786 63819943
1 18923 321444048
2 13526 13527
1 14142 45227665
1 17837 876013483
2 9476 9477
2 12654 12655
1 16827 774567891
2 790 791
1 17687 189878314
1 12048 111077034
1 16451 319410330
2 17070 17071
1 13378 762397862
1 15029 996374767
1 16278 336808704
1 19120 506732790
2 7362 16223
2 17568 18046
2 14912 14913
1 13509 946922370
1 13821 477877258
1 13731 487540557
2 8076 8077
1 17402 914047511
1 14442 265589647
2 2814 13463
1 14959 115297371
2 12939 15997
1 12933 501283282
2 16277 11025
2 19025 16978
1 14866 721551377
1 19919 612222889
2 2824 2825
2 156 1360
2 4872 2379
1 17265 916531435
2 5722 5723
2 16718 16719
1 18832 25801094
2 16111 47
2 13730 3732
2 18503 15295
1 18632 913597434
2 172 3725
1 12204 350099374
1 14933 32996724
2 5296 5297
2 9632 1000
1 15566 69828676
2 13077 19300
2 16539 12987
1 17911 181862892
2 9271 17813
2 14667 737
2 13291 8710
1 17907 768039773
2 15796 15797
1 16027 627363412
1 17012 232052999
2 19992 19993
2 6646 6647
1 13645 231317100
1 10254 54417823
2 15456 15457
1 14991 477907977
2 14521 9924
1 12125 171867362
2 17180 17181
2 8205 2335
1 13335 668498033
1 11738 587840988
2 14006 14007
1 18402 922376069
2 10798 10799
2 6280 6281
1 11538 823075877
1 16338 969391927
1 13035 995504899
1 18520 749692026
1 11834 971170682
2 10675 11664
2 1233 16271
1 11458 214038855
2 13316 13317
1 10182 97836604
1 13966 657140404
1 17261 623360134
2 714 3179
2 896 897
2 17066 17067
2 6683 3967
2 5254 7374
2 1908 1909
2 9506 2091
2 9552 9553
1 10398 861850094
1 10003 552700882
2 15802 15803
2 862 863
1 19225 867665749
1 12720 910678822
1 12046 49901122
1 14866 321282761
2 4062 4063
1 11429 633407887
1 14198 930236733
2 2528 2529
1 15586 292002109
1 15050 390285929
1 15830 534201730
2 2992 2993
1 10035 172708747
1 17931 318103775
1 10558 424516813
1 16707 754149038
2 3658 3659
2 13105 13509
2 10062 10063
2 2967 276
2 16032 16033
1 14497 423097124
2 8786 11092
1 14032 535253078
1 17301 849221535
1 18878 483971520
2 1328 1329
2 18854 18855
2 19730 19731
1 18214 985182195
1 12507 172232023
1 17065 548248230
2 14406 14407
1 19904 341513050
2 16162 16163
1 12410 644967240
1 18839 755152845
1 12553 787512691
1 10199 609482147
1 14463 7751933
1 18954 281046367
1 14161 263299731
2 3748 3749
1 19568 158918363
2 17773 12618
1 11129 685725483
1 14337 656566743
2 12980 8348
2 10980 10981
1 11439 195545423
2 12488 12489
1 18377 898768190
1 11498 916056965
1 11352 27682620
1 12396 90979878
2 19408 18968
2 6933 7578
2 8107 17863
2 3209 15392
1 10830 33759304
2 3740 3741
2 2846 2847
2 10848 19711
2 8606 8607
2 1902 1903
2 15350 15351
2 13490 16002
2 4299 8487
1 15245 985570135
1 11215 54362232
2 2840 2841
2 12038 12039
2 7454 7455
2 6649 13567
2 4117 3153
1 12310 680841201
1 15788 742929041
2 13496 17775
2 9054 9055
2 10832 10833
2 16796 16797
1 18737 908014260
2 2924 2925
1 16213 481214712
1 12507 723065098
1 18857 250327558
1 14642 674141135
2 6836 6837
2 18718 8078
2 10335 10128
1 14960 142567674
2 14334 14335
1 16658 256188796
2 3986 3987
1 12973 711561492
1 16687 34141850
1 16486 496202947
2 13214 13215
1 15785 550982511
2 582 583
2 4402 4403
1 10216 127059233
2 19492 19493
2 5314 5315
2 4337 18502
1 19491 244948215
2 17711 18194
2 18687 2045
2 9081 1137
2 18934 18935
2 14440 10211
1 14496 986423767
1 13578 236758035
1 19770 476324995
1 13730 69133477
1 11736 945757372
2 16439 15854
2 14468 9437
1 11182 906870097
2 9442 1462
1 19561 481967243
2 18148 18149
2 10719 9793
1 10456 426132113
1 18027 495527766
2 5302 12768
2 43 8190
2 4806 4807
2 14928 14929
2 8822 8823
2 16782 16783
1 12545 241766101
2 9092 9093
2 7436 7437
1 14182 608417482
2 5918 3400
1 18365 641520980
1 12734 113816923
1 16138 660201535
2 15431 16552
1 11159 542576184
1 19116 347372408
2 323 17353
2 6492 7799
1 16508 949753953
2 3674 3675
2 4508 7254
2 17657 18318
1 13730 935540801
1 13596 388539633
2 12456 12457
1 18725 312337318
1 18414 494095280
2 3744 3745
1 19988 795794604
2 8922 7256
2 7315 14517
1 16104 486455679
1 14763 277680078
1 14462 363348895
1 11630 272920431
2 14996 3388
1 14090 781016121
2 7551 7006
1 17396 553548904
1 15802 302454212
1 16265 420073078
1 11152 970111990
2 2574 2575
2 18850 18851
1 12977 135009574
1 11598 51235692
1 19588 425429458
1 11605 7720594
1 11357 964395466
1 17870 803983848
1 17619 954603909
2 4200 4201
1 13988 509793366
1 10050 468341358
2 5995 1381
1 11436 40412921
1 11782 37600099
2 11362 16210
1 17647 427277640
1 14259 308637881
2 13610 13611
1 12166 33509024
1 14381 375276120
1 16513 186262225
1 17326 8308993
1 19801 813721105
2 11487 16108
2 3906 3907
2 4300 4301
2 13243 19679
1 16008 810772612
1 12407 276024356
2 19732 804
1 13311 165214909
2 1364 1365
2 18921 1916
1 15557 293420862
2 9567 1058
2 18187 7335
2 622 623
2 2530 2531
1 11769 133261472
2 1482 3635
2 12046 12047
2 15860 17193
2 5922 5923
1 14620 927457428
2 2200 2201
2 5056 5057
2 10848 10849
2 2702 2703
1 10853 429027274
1 18226 424716917
2 14740 14741
2 5300 5301
2 12862 2177
2 3106 3107
1 11625 813849639
2 6863 5977
1 17972 522668289
2 10774 10775
2 18374 18375
1 14903 404533852
1 13002 121761582
1 13281 900415530
2 6132 3118
1 16854 221454862
1 17228 501657290
2 13629 3898
1 15050 692485066
1 15562 767701278
1 10245 380971935
1 18969 592454967
1 12808 58426424
1 12800 196548557
2 14519 662
1 19243 460233052
1 14945 265599614
2 15895 2125
2 1866 15814
1 16479 720154738
2 718 719
2 14842 16517
1 16224 73304379
1 11261 68838773
1 19455 440501460
1 18371 87634602
2 9492 5108
2 8362 17331
2 17738 9639
1 15350 192198155
2 12016 12017
2 772 773
2 6812 8168
1 12554 583183203
2 16562 16563
1 11588 913894218
2 3750 3751
1 17922 747269436
1 13641 970381641
1 11398 264258651
1 15471 399840419
1 19626 1790310
1 17412 916179808
1 15648 879097925
1 10085 363778563
2 14441 9312
1 11231 627168691
2 11934 3485
2 19656 19657
1 12293 295179173
1 14850 22256402
1 13862 3205624
1 18713 911152968
1 17456 833532146
2 15174 15175
2 15321 16962
1 14298 436957755
2 2034 5550
1 18619 561654997
1 16998 20076630
2 17958 17959
1 13546 719353884
1 12198 666407945
1 10886 205943910
2 6120 6121
1 15413 581194292
2 1606 1607
1 18384 123306952
2 12588 16042
2 4814 4815
1 12648 291835904
1 14888 654408273
1 13351 921145897
1 18340 337488082
2 2936 2937
1 12499 486201026
2 19809 15774
2 5094 5095
1 19462 440798685
1 16217 322359574
2 8970 8971
2 9432 9433
1 15321 907509614
2 11642 11643
2 6786 6787
1 11935 148775822
1 12546 212729561
1 16762 370918237
1 17105 980321917
1 19795 513150979
1 15246 236098255
2 15819 11164
2 12628 13192
2 17548 2411
2 2216 2217
1 15687 880521736
1 14461 943246908
1 10303 130569998
2 7872 15825
2 7680 9784
1 15048 565454825
2 18816 18817
2 1036 10526
1 17859 564973850
2 11932 11933
2 9882 13980
1 14002 584272018
1 17395 116472790
2 11918 11919
2 17378 17379
2 2250 2251
1 10914 133472609
1 11179 228631653
2 7214 7215
2 6067 13370
2 1682 13188
1 15131 967294209
2 9838 9839
1 15816 455858448
2 10416 10417
2 18967 163
2 5214 5481
2 8744 8745
1 12514 368494490
1 12809 266052769
1 12821 787642525
2 10136 4143
2 19699 9742
2 11186 11187
1 10672 696948305
2 19413 14910
1 12952 573855202
1 18904 711807361
1 13553 701676975
2 11948 13282
1 18810 80959949
1 14248 698654149
2 12548 17252
2 7350 5190
2 19752 19753
2 11420 15706
1 11534 7326376
2 7879 17503
1 13749 237808123
2 13472 15596
2 12806 14540
1 13198 567110735
2 10160 8196
2 13636 13637
1 11964 752428845
2 8667 3570
2 18300 18301
2 9726 15038
2 6644 6645
2 14817 4130
1 12304 117088798
1 19740 381177770
2 287 17224
2 10701 13006
2 5908 5909
2 13662 14015
2 8248 8249
2 6668 9749
2 8732 8733
1 11457 603920358
2 8719 8504
2 4483 19848
2 928 929
2 11474 11475
1 13389 535628014
1 15278 191357107
1 18205 816455369
1 15949 872438335
2 8149 10572
2 6820 6821
2 14706 6617
2 1459 18423
2 9982 8683
2 18946 18947
2 17652 17653
2 9851 15252
1 10403 562684560
2 14560 464
1 19656 607631792
2 2317 9326
1 14189 322777859
2 9860 9861
2 16276 16277
2 9370 10216
2 14964 14965
2 10106 10107
1 13445 573188972
2 5728 5729
1 18088 654649049
1 13542 62940557
1 15161 608277067
2 9020 17377
1 14908 966409446
2 17498 17499
1 16707 465187148
2 7388 7389
1 17944 701771111
1 13796 313927405
2 14553 4474
1 18018 272413099
1 18947 500688431
2 18132 18133
1 18493 661304646
1 18559 825071718
2 14444 2119
2 4788 4486
2 2703 18121
2 17334 17335
2 2091 15007
2 5544 5545
2 1406 15336
1 18845 149908740
1 15935 810858421
1 14794 459681826
2 18362 18363
1 11671 696224896
2 9998 9999
2 18377 5866
1 19165 827760827
2 19463 12420
2 9209 15626
2 5976 5977
2 7492 19208
1 18291 912558986
2 2848 2849
2 10777 726
2 12114 12115
1 17284 744631346
2 6044 18922
2 16054 16055
2 13998 13999
1 15961 851280849
1 11582 777823263
2 1884 1885
1 14809 943366842
2 17208 8731
2 3763 12525
1 16714 387119717
2 7620 8716
2 3768 31
1 18301 992822713
1 15712 818882359
1 10663 307252766
1 15745 522636717
2 6674 6675
2 11284 11285
1 19735 993152024
1 13901 78792609
2 8688 8689
1 10101 114105591
2 5864 5865
1 14110 984375779
2 14971 13877
1 15756 943237027
1 15836 988989449
1 15824 850836795
1 11581 803916519
1 12886 441851793
2 19744 10705
2 7780 7781
2 11529 5838
1 10921 861519803
1 15052 739330149
2 6244 6245
2 974 975
2 12120 12121
1 18658 347640963
1 10601 488404925
2 4691 8156
1 12281 382342417
1 11605 541629161
1 15499 49248396
1 17403 418330084
1 13792 67308857
1 10227 754349894
1 14611 30724616
1 10941 47643483
1 18663 912599638
1 17407 844992598
2 16394 16676
1 19515 884873242
2 510 16830
1 10417 606128463
2 4984 4985
2 12808 12809
2 2034 15956
2 12433 4780
2 8684 8685
2 4874 10775
1 18132 676866435
1 10236 315298467
2 7516 2842
1 12943 843960424
1 14164 35500501
2 11622 11623
2 770 15886
1 14359 142929882
1 14318 529551724
1 19589 987307118
1 17976 321469990
2 14146 14147
2 5382 5383
1 16158 909092137
1 15376 132770909
2 12908 12909
2 5219 5067
1 19953 356985749
1 14307 954272687
1 11397 741908456
1 10820 111565689
2 15917 6096
1 14864 786645665
2 7826 7827
1 15844 863213824
2 13536 13537
2 6577 13712
2 11647 17563
1 10923 403228071
1 19095 20741927
2 5570 5571
2 18028 18029
2 16120 4695
1 16778 104149962
2 19286 15996
2 13490 13491
2 6850 1506
2 19116 16217
2 13932 14355
2 17323 18216
1 15327 865928326
2 16328 16329
1 10223 55411407
1 11702 333190556
2 14988 9491
1 19959 759785224
1 18710 22793457
1 18814 442337573
1 19729 442966093
1 12197 135243684
2 15360 7250
1 14685 344628504
2 19670 19671
1 12452 102535288
1 16086 641739211
1 19373 819978463
2 19562 979
1 11142 552768350
2 14490 14491
2 7398 7399
1 13183 927399884
1 10687 52978195
1 14780 128170341
2 6497 4047
1 10440 535209174
2 6418 9339
2 18068 5162
1 17234 271819810
1 11193 863230269
1 17378 255382314
1 11303 91739920
1 19714 972743720
1 16445 622259261
1 19722 577043714
1 19865 906174475
2 4665 15242
2 19770 19771
1 19840 463805997
1 11110 189706952
2 15522 15523
1 11894 688630320
2 3304 15570
1 18427 699145082
1 11360 202982125
1 17505 868132942
1 11291 551562883
2 6936 6937
2 5720 10411
2 3858 3859
2 12712 14650
2 9112 9113
2 1996 13003
2 12806 16330
1 10014 798429906
1 17797 707484565
2 8924 8925
2 4182 4183
2 14824 14825
2 1069 13586
1 17462 315939753
1 16706 154490579
2 6240 6241
1 17335 758085323
2 17682 17683
2 4329 18665
2 10468 10469
2 5696 18797
2 302 6580
2 14257 8698
1 15905 868484010
1 15857 526829516
1 13434 433578401
2 3536 3537
2 16748 10773
2 14476 14477
2 18300 18290
1 18945 322005752
1 19109 946950307
1 15231 653907871
2 15546 14168
1 11910 669763953
2 9094 9095
2 16342 16343
2 14622 9293
2 15055 1617
2 3106 3107
1 10955 475937813
1 16526 52529653
1 10294 565328226
1 10562 574519264
1 18639 586135954
2 5008 11916
1 16622 95511692
1 13513 413850603
2 3073 9667
1 12962 866364987
1 18770 931197774
1 19305 923968326
2 19739 5047
1 11514 927679786
1 19972 437266024
2 15494 15495
2 18330 18331
1 10430 368459137
1 16098 737726012
1 12390 337057176
1 15277 794938357
2 10974 5548
1 10750 340799516
1 18115 231610108
1 16137 600169258
2 9966 8394
2 7046 9988
2 10021 14946
2 15564 15565
2 1612 1613
2 14320 14321
1 12135 965158436
1 11113 229531117
2 16130 16131
1 18245 387929597
2 5619 671
1 14036 674999563
1 11663 679409547
1 10102 483878632
2 2660 2661
2 7685 19457
1 15060 600289105
1 11223 806092101
1 18947 284176363
1 17207 21398826
2 9792 6784
1 15098 956424776
1 18450 383191571
2 10134 10135
1 10248 342329392
2 12454 8948
2 10478 10479
1 18863 183546090
1 15068 568252539
1 11679 241405266
1 19914 542491297
1 11404 360176625
2 9956 9957
2 15108 9318
1 18420 545965455
1 14465 199315009
1 11883 408281067
1 18969 9594756
1 17338 14743821
2 12593 5761
2 12884 12885
1 18031 907374602
2 2486 2487
1 13457 370702050
2 7252 5564
1 10659 720068503
1 10636 240101434
2 12661 12563
1 10924 893809551
1 14329 443247003
1 15768 342024842
2 18746 15635
1 19298 324024087
1 14559 612253498
2 11116 11846
2 7614 7615
2 1667 16702
1 13403 74019835
1 10569 948787912
2 6810 6811
1 17687 710237603
2 19047 159
2 14590 14591
1 10040 8364221
2 3225 14756
1 12053 68741710
2 4752 4753
1 11213 224744947
1 12933 203810334
2 14418 12277
1 16474 722323849
2 392 393
1 12284 66358810
2 17010 17011
2 726 727
2 16950 16951
1 14944 647037728
1 18633 770112999
2 9978 9979
2 17690 82
1 14482 149453565
1 11551 502044613
1 16639 110649481
1 16868 939966267
1 10574 951867257
2 8834 5589
2 14693 16592
1 10784 447971702
2 1141 4193
1 16557 63034444
1 18114 192905850
1 16753 202192514
1 19197 385101079
2 3162 5307
1 16831 197981229
1 16916 892733894
2 13691 17852
2 5796 8182
1 10733 631413932
1 13905 643396908
1 17611 245774424
2 12994 5748
2 17000 17001
1 17094 79645434
2 806 3641
1 18283 296723287
1 16185 429512189
2 6961 1126
1 16825 258469807
2 15026 8636
2 16768 16769
2 10524 10525
2 5271 7978
1 10815 905505156
2 18432 18433
2 18062 18063
2 1362 5719
2 7066 7067
1 12431 41069375
2 17413 14263
1 17238 211200079
1 17452 512399101
2 11010 18958
1 15389 178251481
1 16296 27613439
2 16094 16095
1 17008 927443777
2 5570 1304
1 16466 124290101
2 6404 6405
2 17174 17175
1 19411 673129570
2 11104 11105
1 11985 971652221
1 17106 175335344
1 11863 984998721
1 16858 575329788
1 17413 350802316
1 19776 438150492
1 14885 238697423
2 8427 13525
2 3432 3433
1 14513 774884680
2 13129 1450
1 18645 768802004
1 17463 855174041
1 13784 142225262
2 8278 3096
2 8407 4095
2 18078 18079
2 18988 18989
2 17123 9004
1 11981 237579143
2 19549 15237
1 14409 368832841
1 14987 911900865
2 14863 1780
1 17828 458339376
1 13586 904188693
1 13285 528274771
2 17075 11519
2 19567 15555
2 2975 6427
2 5364 5365
1 12263 928280243
2 16782 16783
1 16698 725768997
1 15407 685433775
2 13426 13427
2 16400 19962
2 18932 18933
2 13468 13469
1 11948 314551165
1 15552 849056310
2 2882 2883
2 16773 9049
2 3238 3239
2 3791 11042
2 3187 12161
1 18733 417771027
2 8744 8745
1 17298 212698202
2 14417 16208
2 7684 7685
1 11555 392954935
2 13028 13029
1 11558 199837450
2 19968 19969
1 11040 378380373
2 376 377
1 17284 839483728
2 13356 8194
1 14955 409862731
2 17579 9051
2 36 37
1 11703 218123221
2 11494 11495
1 13443 617387728
1 14962 199039513
1 18007 958704227
2 3306 3307
1 17595 60169954
2 11730 17717
2 9278 7842
2 11890 11891
1 18084 28982649
1 15314 580502845
2 3088 17099
2 15396 2545
1 18901 692144581
1 19526 362743466
2 18078 18079
1 12246 469698423
2 15152 15153
1 16341 216407056
2 14732 19839
2 6921 357
2 17195 7548
2 11986 11310
1 17885 72484318
2 982 983
2 5120 5121
1 10249 740907250
2 7922 13555
1 11011 802196579
1 18038 168888269
1 14167 537290889
2 16342 16343
1 19319 182156936
2 10946 8870
2 2845 12586
1 19207 15340816
1 12521 971258949
1 12593 520970286
1 15131 846978759
1 17816 182418411
1 10428 479815130
1 14414 347969864
2 12036 14520
2 13624 13625
1 13331 463372251
1 10254 810330446
1 15914 976317026
2 11994 14114
2 6621 14785
2 3682 3683
2 8920 15999
1 14185 180826221
2 13318 13319
1 12204 971028943
2 19576 19577
1 14361 261328768
2 7990 18324
1 16510 379996524
1 16207 679890116
1 15978 274682091
2 14573 7517
2 18114 18115
1 18357 989889824
1 10910 5661580
1 11047 223734972
1 16956 482884390
2 13934 13935
2 2810 4232
1 19637 485618293
1 16656 259242204
1 16171 161730396
2 11373 3367
2 13288 13289
1 14955 8114533
2 16454 16455
1 15357 708340547
1 18257 418294443
1 11505 93393806
1 17020 14039832
2 1693 2344
1 15584 315476993
1 12719 922807540
2 12950 11988
2 10104 10105
1 14012 62196619
1 14265 202029833
2 8851 10309
2 18472 18473
2 19982 19983
1 19881 613296931
1 13933 51373101
1 11247 198749421
1 17575 226478267
1 10673 365904702
1 15895 589863316
1 17296 352417805
1 18439 53268787
1 13724 855206331
1 11575 359384288
1 17898 662328875
1 13232 869805500
2 1802 1803
1 15912 842837427
1 11446 743089442
1 13325 449532091
1 15123 504785985
2 13 18998
1 18187 607737560
1 19757 64554390
1 12499 301932056
1 13208 741625224
2 3178 3179
2 10740 14069
1 14664 480035223
2 10156 10157
1 15406 979633367
1 16224 996030252
2 12714 12715
1 14639 232474757
1 13535 698906073
2 16331 2522
2 1200 1201
2 12236 12237
1 17567 633789464
2 11364 4551
2 11403 13288
2 15236 15237
1 14447 208415730
1 13802 473544170
1 15208 742442873
1 14627 822489826
2 9733 4045
1 18182 187793281
1 16589 560769998
2 10466 10467
2 7900 7901
1 12828 478457902
1 18200 959604959
1 15568 69308209
2 1972 7623
2 18966 18072
1 11624 936906781
2 8755 16246
1 16312 998813057
2 2294 2295
1 12764 591490800
1 16030 610443172
2 5401 10825
1 16451 567466090
2 16858 16859
1 15283 78239358
2 6738 6739
2 2557 9517
1 12169 831156009
2 15790 8357
2 3262 3263
1 19531 399847394
2 19647 2865
1 19082 44579807
2 13331 8233
1 14197 582167146
1 10256 236231224
1 18021 771947260
2 1180 6170
2 766 767
1 15229 512021166
1 10361 846100977
1 19156 207943732
1 15870 983211763
1 17975 946080820
1 19715 561711653
1 14972 863881840
1 13382 39525566
2 12828 12829
1 17586 63146682
1 12290 415269849
1 18751 275660928
1 10963 532185560
1 10365 343451134
2 13832 13833
1 16776 106460326
1 17072 996015599
2 9873 10775
2 8906 8907
2 11600 11601
1 16284 172790804
1 19544 915631197
1 15920 136261468
2 6000 6001
1 14787 853850613
2 13458 13459
1 10766 673513237
2 5532 5533
2 3736 15663
2 12154 12155
2 19244 19245
2 12068 12069
1 13524 510615065
2 17157 473
2 7196 17878
1 13017 217798128
2 8906 8907
2 12960 6406
1 13807 80419277
1 12081 828547552
1 11637 882326051
1 18759 405252636
2 17694 19405
2 7929 7990
1 17821 713089255
2 11739 8548
2 11071 1865
2 1018 1019
2 19424 17763
1 10147 898227469
1 13080 450792255
2 11944 7294
1 16204 588240790
1 16777 559016977
2 6498 5294
2 12210 19579
1 13268 856331141
2 1204 1205
2 5454 1310
2 16114 16115
1 19968 624933148
2 18697 9990
2 9103 5157
2 4143 4999
1 14424 882581721
2 4352 4353
2 6406 6407
2 11723 16616
2 15675 4855
1 18196 729501556
2 3232 3233
1 14673 331315175
2 17642 3653
2 19182 19183
1 16259 572954335
1 15298 302729192
2 2828 2829
2 14658 2464
1 15147 45115158
2 5443 13334
2 16429 3695
2 7106 7107
1 12266 598718861
2 16821 13895
1 14093 991947309
1 14124 344098304
1 13221 486711222
2 8173 7265
2 5164 5165
2 14058 16017
1 13477 584418693
1 16007 412442690
1 12366 3490686
1 12530 613184166
1 19004 862777906
1 14389 410240007
1 16834 3054631
2 3376 12902
1 13354 830100551
1 12640 903408261
2 7727 19841
2 6826 6827
1 15293 59434685
2 5432 17023
2 19298 11594
1 11867 568636233
2 19371 3709
1 15482 250723621
1 13863 94618043
2 6470 6471
2 19532 14333
1 10968 496410263
2 16826 16827
1 12828 893554720
2 15551 10274
2 9058 9059
1 13582 542097854
1 18254 651265072
2 18233 14494
2 12884 12885
2 12188 12189
2 12842 6891
2 8722 167
2 11532 11533
1 17494 595595243
2 18814 18815
1 17063 291242606
1 18199 356256732
2 1702 1703
1 11116 916543139
1 17395 126261490
2 18424 18425
2 10674 10675
2 8069 14385
1 13282 631524343
2 6984 6985
2 4300 7007
2 15431 13554
2 6456 6457
2 2796 12668
1 12591 711103331
1 18567 303601318
2 684 11738
1 10742 249802662
2 8948 8949
1 14215 382787844
1 13811 489505459
1 11080 777380087
2 10202 10203
1 16414 672002685
2 10546 10547
2 11014 11015
1 11492 524796728
1 17895 961931082
2 8998 8999
1 18766 15747165
2 152 153
1 17996 536985179
2 13955 15069
1 19095 511227243
2 15592 15593
2 8157 12763
2 13722 13723
2 8937 887
1 11990 555830987
2 17016 17017
1 15597 123182351
1 19245 579757700
1 13311 451448822
2 14602 14603
2 12958 12959
2 4499 16607
1 16468 738091538
2 264 265
2 18378 18379
1 10616 771872115
2 12874 12875
1 12780 993817307
2 3496 3497
1 11361 410948282
2 9818 9819
2 3534 3535
2 17962 17963
1 14859 57790466
2 12776 12777
2 16332 16333
2 5695 2452
2 11570 9779
2 9669 19909
2 16155 9046
2 11186 11187
2 13176 13177
2 856 857
1 15159 92424663
2 9156 9157
1 13334 689054242
2 16545 1211
2 12058 12059
1 16567 976491934
2 17626 2902
1 18701 859130459
2 6258 18857
2 3322 3323
1 17277 921560301
2 13212 13213
1 18470 489571584
1 18460 856361340
1 19696 752762824
1 18437 837119496
1 17895 344067912
1 14336 187506868
1 12698 735816752
1 12652 832356591
2 15852 15853
1 13567 218994797
2 16996 16997
1 15019 61280018
1 19647 819738794
2 1764 1765
1 10939 932219418
2 13784 13785
2 19039 12608
2 11548 15012
1 17007 102739855
2 5984 5985
1 11206 786161733
2 13344 13345
1 17551 259839551
1 14926 639869895
1 19036 576454962
2 15842 15843
1 18933 168745903
1 18642 815301293
2 4933 14075
2 2353 6927
1 12656 455416552
1 17641 281201425
1 15325 605365346
2 12431 13851
