853707339
934791575
624064429
939411697
900005142
934791575
952793529
934791575
952793529
759631815
847275244
934791575
872052533
963313661
802038983
891364848
924512931
934791575
987521746
899171418
950910243
899171418
913744404
913744404
900069357
912846938
834118402
952793529
897992573
891364848
988042375
763468848
899171418
987521746
952793529
897401683
877918388
952192987
899171418
935246356
943913559
733197508
934791575
817061821
915351289
915039570
812244652
952052061
981711957
952793529
828214983
951382436
872052533
797211243
803705877
923736122
895994550
957328544
872052533
952793529
907491910
956239885
944595972
782536233
791214883
943500103
963313661
915763206
949275719
853354590
952793529
957863232
810229548
956239885
849528272
863756861
704360326
914632031
897401683
711711068
952793529
835938789
843751166
899364281
863756861
816664094
852750463
786472986
863756861
934791575
957516213
945064936
834118402
733616881
820229213
812244652
899171418
988042375
917450022
891364848
982273198
833012302
906710704
958432742
896727210
852750463
899603707
935362408
962980618
952793529
863756861
942204719
952793529
934874580
957863232
834118402
967625774
899171418
913744404
899171418
985513718
952793529
873330740
985513718
952793529
714607095
952052061
834118402
952793529
788919375
987513010
864822961
957863232
863756861
841551277
963313661
817061821
972069069
987521746
945497097
832262356
731331257
952793529
975878420
851542241
803705877
932636799
915488291
934791575
985513718
900069357
952793529
598378307
913906513
820229213
850227551
731331257
952793529
617874468
887516881
996229383
920182590
952793529
862348516
985513718
957958873
949838686
850227551
812244652
773316770
952793529
853562009
879636427
852750463
957863232
915039570
803705877
836999958
887317642
863756861
923836526
839437988
963313661
896710049
952793529
943777001
957863232
952987277
949465626
834118402
891364848
963313661
863087928
952793529
870127122
944829240
957863232
939100721
957863232
752326429
891364848
812244652
933875479
863756861
952793529
951382436
914632031
856587489
943913559
960740506
952793529
894762795
952793529
913744404
957328544
919458728
963313661
693981760
851542241
853707339
886363177
952793529
919568077
952793529
946563219
952793529
865913414
805847110
899354169
863756861
893733067
884174636
863756861
846789564
872052533
949031333
946286730
920008566
952793529
865289365
761234361
919568077
963313661
965768260
952793529
812244652
888191098
985513718
923940197
913744404
985513718
949031333
896727210
778231155
952052061
872052533
891364848
957328544
934791575
934791575
926578293
825141007
891364848
708705848
952793529
900069357
894762795
949031333
733197508
963313661
952793529
891364848
938627396
814881669
726233267
800493845
883163167
914150218
891364848
816664094
915351289
915351289
963313661
891364848
855035537
812244652
838408535
819924783
840073537
706821468
958209509
845627156
951382436
975309345
952793529
963313661
781871961
850402546
952793529
788655447
987442896
733197508
985513718
963313661
913744404
810229548
858053177
952793529
733197508
891364848
706821468
944121678
995102316
828431004
934791575
952793529
934791575
863756861
952793529
858053177
733197508
996198355
570260603
945064936
741019959
733197508
952793529
938627396
863756861
765683832
872052533
952793529
872052533
781871961
816509740
833012302
810230970
816509740
853707339
952793529
834118402
908963326
986398998
952052061
987521746
891364848
952052061
952793529
952793529
816509740
805847110
967625774
792382051
872052533
872052533
833012302
891339756
963313661
985513718
808987024
891364848
893533500
868233777
833012302
952793529
863756861
952793529
913744404
858053177
899171418
781752750
952793529
858053177
899171418
743585858
820328312
952793529
934791575
946333031
852330450
906444486
919568077
726233267
957693668
952052061
908658050
945064936
943325288
896727210
761234361
828857853
888005009
872052533
965768260
916359409
938627396
924512931
900069357
952793529
942909191
952793529
865609260
919568077
915039570
992603787
990843448
924602713
936564688
962141530
900005142
872052533
910116390
915039570
812244652
861541243
957863232
944121678
899171418
850504678
872052533
985513718
852750463
919146172
813702482
952793529
899171418
963313661
872052533
952052061
946333031
963313661
834118402
957863232
893733067
872052533
934791575
858053177
952793529
858053177
957501809
962732141
733197508
952793529
934791575
949031333
915039570
785356409
915549741
955640759
766950786
899171418
864395608
849916753
946563219
817061821
920134209
812244652
952793529
937060804
820229213
913744404
638686012
950714704
870755210
928455555
899171418
617874468
962163564
949017253
863756861
891696577
777908318
863756861
941464949
952793529
894762795
952793529
945515949
900069357
959635331
953521582
683521722
900069357
834118402
900069357
982070368
952793529
887597858
911316286
934791575
863756861
965768260
952793529
952052061
931005210
950454838
916830497
803705877
950292024
952793529
819156827
904463022
963313661
985513718
934791575
963313661
952793529
891364848
840073537
919568077
891364848
982533881
818712863
966249222
651351808
959635331
834118402
957863232
740999542
734911686
906319570
883947072
926537800
853707339
964810479
872052533
952793529
963313661
924125922
788133144
904318516
914632031
952793529
891364848
915039570
934791575
915351289
997192786
957501809
865289365
957328544
617874468
952793529
853707339
810221764
975619687
840073537
919568077
944290265
946333031
811427636
644437251
937360310
810980521
614315551
930294946
931005210
869784906
812244652
805847110
952793529
951382436
920097710
924125922
934791575
957863232
952052061
812244652
927583927
952793529
952793529
768943030
853707339
952052061
965768260
963313661
963313661
952793529
943325288
909271030
915039570
915351289
934791575
899171418
850227551
952793529
968987277
840073537
853344464
839437988
914214421
868328901
731331257
899171418
858053177
947225195
952793529
952793529
500540217
908963326
872052533
985308899
946563219
784910335
832367610
952793529
863756861
977090248
938627396
949031333
852750463
864395608
816509740
921122132
915351289
891364848
985513718
967503330
820229213
733197508
952793529
805847110
952793529
939836214
864395608
853707339
834118402
882281177
899097137
892867446
879448911
934791575
858053177
868233777
952793529
985513718
727447278
731331257
863756861
952793529
890859174
952793529
805847110
933405786
917236742
894531286
934791575
952793529
965768260
731331257
964355565
896727210
686733211
934791575
963313661
915786182
849149527
935362408
952052061
894762795
910116390
752014649
952793529
733197508
963313661
972097751
943325288
803705877
957863232
894762795
863756861
733197508
692182624
822232976
897183578
899171418
888973253
942578337
952793529
957863232
879448911
952793529
930426916
956278494
803705877
863756861
913744404
853707339
883163167
957863232
934791575
930426916
872052533
816117066
885584797
949031333
892625109
915039570
863756861
915781639
963313661
915039570
870800898
900405791
915351289
940933383
963313661
937939885
771381276
952793529
913900814
803705877
863756861
784391362
872052533
945515949
834118402
952052061
944645101
805847110
995102316
960445700
920697239
868664859
931005210
914632031
952793529
733197508
915039570
957863232
903451564
927740790
915351289
706607416
863756861
872052533
928100488
985513718
997192786
868356891
967625774
919507133
863756861
982070368
847369862
921611525
868145539
817135286
957863232
812244652
925404469
822232976
968987277
895865404
952793529
857214064
934791575
824505714
906444486
774076488
806355854
858053177
963313661
934791575
805847110
963009410
912889010
963313661
914632031
821756111
707060112
935007465
863756861
953956798
891364848
913583118
970637033
828214983
709080594
919046867
915351289
906726202
997192786
869054999
949031333
735365091
913744404
952793529
957863232
960212273
963313661
919046867
731331257
852750463
831245356
831372713
963313661
957602878
985308899
987521746
946729632
900775313
957863232
900005142
890591080
816509740
952052061
967817914
803705877
846789564
952793529
834118402
812675307
952793529
891364848
952793529
846789564
870127122
812244652
904318516
993720411
858053177
826786644
895865404
891364848
957863232
952793529
971525658
952793529
915039570
853354590
920008566
899171418
716639883
888830973
805847110
952793529
870881558
731331257
957501809
771381276
963476656
872052533
850632206
922445015
811427636
952793529
894762795
939100721
965768260
943325288
858053177
841192601
885082554
863756861
932441519
834118402
957863232
899171418
952793529
858053177
985960462
692182624
872499813
934791575
847065001
892020833
896727210
908963326
810175032
875850548
899171418
922293134
952793529
954775249
731331257
819548659
741019959
964810479
952793529
797636819
987521746
934791575
863756861
828214983
952793529
873330740
805847110
765579486
982070368
731331257
834867009
887597858
896970648
952793529
963313661
847038486
963313661
865345555
952793529
828214983
665076038
920008566
967649537
822232976
946333031
915351289
733197508
781871961
922748541
949745479
834118402
812244652
899171418
839536871
805847110
914632031
833012302
963313661
946729632
910785269
990226138
863756861
942204719
900005142
934791575
894762795
925829760
963313661
934791575
972146302
915039570
952793529
805847110
975309345
939691118
818374916
817061821
937939885
891364848
832520446
934791575
900005142
988567946
899171418
812244652
831560462
952793529
952052061
788919375
918801321
891364848
850227551
957501809
887317642
906710704
912809723
890618911
803705877
879448911
663720463
985513718
927740790
837517365
934791575
797024932
952793529
975449192
805847110
894762795
872052533
831690047
788702910
939124632
794379862
891364848
949031333
825031319
918505340
820328312
837609133
840400019
868417724
691523568
812244652
903860064
894762795
891364848
737312830
853707339
906710704
957863232
942909191
794379862
957958873
967625774
963313661
733197508
952793529
834118402
565434887
965768260
952052061
801827267
863756861
922623088
920008566
901903076
805847110
952793529
827516393
863756861
950292024
785356409
924730787
899171418
957863232
952793529
943377023
910653131
617874468
922899299
952793529
863756861
808040526
914286219
863756861
795883959
956280579
837609133
850227551
915607471
863756861
805847110
837609133
957863232
972808628
792270235
952793529
733197508
805847110
692182624
828857853
863756861
950292024
738774992
862348516
957958873
757114777
891364848
952793529
928401946
891364848
934791575
872052533
906710704
996599431
834118402
931005210
983462806
952793529
952052061
856684820
811164087
863756861
819156827
963313661
984362524
805847110
949031333
957328544
967625774
951382436
963313661
812244652
904277394
837609133
840073537
847831681
904318516
863756861
963313661
850227551
686733211
844185612
908963326
551918260
932441519
889608775
831560462
805847110
868780844
868145539
952793529
952052061
960212273
913583118
864518898
842102687
915039570
952793529
915039570
994354042
913744404
962141530
853707339
567294216
828857853
958209509
949031333
915351289
952793529
863756861
987521746
934791575
957863232
731410243
942909191
957958873
967503330
927740790
952793529
909232150
977755685
872052533
894762795
905710562
985513718
990670344
946634216
899171418
839884737
774076488
952793529
925787418
905940383
881557808
767137504
987521746
933405786
948043739
731331257
863756861
891364848
952793529
866328265
733197508
957501809
944121678
906259944
969858444
826921610
963313661
811427636
894762795
805847110
891364848
888165173
919046867
943325288
651351808
872052533
963313661
932465995
899171418
808040526
831172590
915039570
774076488
834118402
856175533
989773595
771381276
900005142
952793529
877758474
896525350
952793529
957328544
878469509
684176356
957958873
968987277
817061821
863833120
952793529
963313661
816509740
887317642
891364848
946563219
888310920
805286812
952793529
881764572
952793529
919559770
946286730
891364848
946333031
891364848
957863232
811427636
876399199
853707339
915351289
946333031
934803398
881156707
876399199
863756861
952793529
858053177
934791575
925613486
957863232
963009410
962980618
745739473
955042699
858053177
952793529
952793529
985114213
995102316
812244652
864395608
963313661
883941931
937551365
952793529
865289365
952793529
810229548
692182624
957279335
828214983
872052533
908963326
834118402
920821030
805847110
803705877
952793529
915039570
951382436
804180150
963313661
858053177
890859174
852750463
952166464
963208510
952793529
904318516
952793529
863756861
914632031
952793529
890892936
805847110
617874468
864305470
900005142
904753284
872052533
943377023
985513718
853707339
957328544
920008566
957328544
966249222
922906234
892262206
952793529
887597858
944835272
805847110
692591849
921611525
850227551
833012302
876399199
928497270
737193888
812244652
890892936
952793529
987513010
894762795
785356409
997466344
957863232
771888610
965768260
967625774
864922913
957863232
792270235
915549741
963313661
963706758
749025577
894762795
949031333
805847110
941588125
855917299
952793529
952793529
784910335
957328544
975309345
956198584
894762795
952793529
691523568
937716124
733197508
899171418
828306688
805847110
805847110
878056157
915351289
952793529
850227551
980199602
858053177
952052061
957863232
863756861
862197161
920097710
695016862
890912091
834118402
952793529
952613758
957863232
963009410
812244652
963313661
816509740
788663058
876399199
957328544
598344718
991243321
919516128
952793529
899171418
900069357
806998833
934791575
861597784
952793529
891364848
833785491
946286730
899171418
952793529
833677291
840073537
876399199
839884737
817061821
952793529
934791575
985513718
963313661
957863232
850504678
863756861
744674212
760380356
863756861
963313661
651351808
952793529
849149527
957501809
942941074
820535267
902691220
949031333
890912091
945287397
809271086
957501809
733197508
-1
770897894
950992367
934791575
896410049
833012302
919046867
952793529
952793529
872052533
853707339
913744404
952793529
987086113
963313661
891364848
963313661
891364848
863756861
935246356
853707339
872052533
805092122
952793529
952793529
794379862
966249222
906710704
987521746
951382436
899171418
879264752
872052533
692182624
891021872
894762795
891948418
900005142
900069357
846788692
963313661
703406554
899152941
891364848
914632031
958030027
952793529
896805470
877341895
934791575
923736122
680062174
692182624
887407709
915039570
971235203
952793529
914286219
811427636
990066027
858053177
937716124
957863232
971329104
915039570
915351289
957863232
884228128
899171418
979094651
931005210
963313661
876399199
954504492
952052061
967625774
959130569
893733067
891364848
943325288
952793529
840073537
936171854
863756861
952793529
900069357
952793529
934791575
834118402
890972737
946563219
975309345
918488979
853707339
934791575
865289365
952314311
952793529
963313661
964912651
793787434
919472784
840073537
952052061
876399199
914632031
945287397
956239885
908050480
961298193
733197508
963313661
951792613
828214983
935641959
952793529
952793529
932441519
834118402
919046867
983103631
926237109
812244652
995472514
985513718
952793529
957328544
828857853
858053177
946333031
957958873
934791575
833677291
900069357
990066027
934791575
952793529
982070368
731331257
818374916
825141007
806355854
952793529
853707339
952793529
812244652
853707339
900069357
853707339
899171418
914286219
935007465
831245356
805847110
900005142
995102316
812244652
863756861
831245356
809271086
825031319
915351289
900005142
915351289
949595756
952793529
913900814
967503330
828214983
869843353
834118402
864797485
985513718
812675307
834118402
952793529
901942242
916448991
752075907
952793529
899171418
900069357
938286196
943367599
817061821
920974002
651351808
985513718
914632031
956239885
934791575
894261563
906699011
961786337
946333031
858053177
952052061
899171418
840073537
985513718
781871961
872052533
572537737
952793529
872052533
975119390
823642444
963313661
635513713
723151708
945760550
812244652
617874468
826614803
919559770
863756861
805847110
952793529
893170507
919146172
957863232
895865404
858053177
820229213
965768260
805847110
952793529
952793529
937792624
957958873
952793529
952793529
915351289
980127587
812212762
899171418
904318516
965768260
819012539
952052061
903272141
915039570
939557138
830104112
805847110
643606084
963313661
891364848
913900814
887153355
835548107
952793529
963313661
952793529
949838686
733197508
952793529
926257096
805847110
895738055
879448911
805847110
723717711
767137504
952793529
900069357
863833120
872052533
893789128
954628516
872052533
872052533
887243573
805847110
957863232
840073537
928984417
967625774
957863232
959128602
957863232
816807279
799113826
952793529
952166464
978157394
899553463
872386022
900393316
831358985
863756861
952787301
952793529
863756861
943325288
894762795
921611525
952052061
914739465
867313102
692182624
863087928
957958873
834158308
855871323
872052533
918420540
863756861
952166464
914632031
938860893
861424171
858053177
957863232
863756861
891364848
891364848
944595972
829574584
966569159
872052533
768583804
931005210
692182624
624637259
839884737
924125922
805847110
887317642
852750463
957863232
997192786
809271086
858053177
877812168
952793529
930294946
785356409
969628996
957501809
688038840
934791575
931005210
617874468
952793529
906319570
952052061
777908318
891364848
876399199
915351289
853707339
934791575
934791575
733197508
935496084
952793529
834118402
934791575
863756861
952793529
995027996
952793529
985513718
934791575
891364848
803705877
790830407
858053177
952793529
872052533
957863232
828214983
957863232
810093481
913744404
934791575
816509740
816509740
877341895
812244652
914415956
952793529
952793529
920008566
963313661
853404141
963569970
891364848
899171418
952793529
876399199
733197508
863756861
755726516
962728933
898577356
960951508
744674212
797211243
686733211
942204719
899152941
952793529
833968785
915786182
863756861
805847110
934791575
952166464
924125922
805847110
937939885
733197508
930294946
779865073
987521746
945064936
957328544
952359007
863756861
949031333
915039570
913900814
934791575
617874468
868672027
965768260
731331257
759177240
861424171
975309345
940962672
934986535
980199602
984099465
858053177
854400491
847517494
863756861
952793529
939836214
805847110
674011609
934791575
843617417
952793529
958751043
812244652
920182590
528701234
945287397
949791778
963313661
891364848
952793529
825031319
899097137
952793529
952793529
952793529
924125922
963313661
903860064
952793529
664740661
915488291
949275719
915488291
778540431
952793529
817784809
949365622
985513718
817061821
836475574
957863232
985513718
899736195
805847110
891364848
956239885
817061821
958209509
931005210
972530227
942204719
892823315
949031333
888973253
899171418
819805629
952793529
952793529
952793529
834118402
872052533
980774797
834118402
922060825
943367599
858053177
963313661
891364848
952793529
952793529
805847110
872052533
957501809
853707339
788655447
937939885
876399199
924614207
952793529
624637259
966249222
865289365
863756861
985513718
887597858
919568077
794762325
900005142
828733294
952793529
795399412
960212273
812244652
653791633
963313661
949031333
946333031
863756861
626196573
803705877
923736122
882281177
932474551
858053177
969583956
963313661
889995449
812244652
957863232
963313661
740311312
965768260
965768260
833968785
985308899
952793529
926237109
963313661
952793529
863087928
881764572
957958873
858053177
934335133
805847110
899171418
921122132
977359554
896727210
837609133
733197508
851542241
825031319
845178924
952793529
933405786
943325288
863756861
891364848
952052061
894753736
683521722
949031333
987421319
930294946
952793529
934791575
731331257
864922913
852353989
965768260
899171418
833677291
949031333
919568077
853707339
828329457
850227551
834118402
935007465
985513718
805847110
980464834
916790511
952793529
960445700
812244652
963922608
977831142
957863232
805847110
973825762
834118402
850504678
914632031
910083577
957863232
952793529
891364848
917450022
834125854
686435999
957863232
952793529
957863232
805847110
889995449
974177916
982273198
815410722
863756861
952793529
889995449
919568077
962141530
987521746
837609133
952793529
889995449
906710704
963313661
885337013
803705877
890892936
941158260
891364848
917145411
840073537
903860064
934791575
952793529
877758474
952052061
805847110
895865404
886301413
888310920
913583118
993222399
985513718
731331257
957328544
876399199
812244652
834986976
913744404
725635955
897910796
805847110
899587423
823711606
900069357
937551365
906710704
952793529
887516881
865345555
865913414
963313661
907997587
812244652
952793529
782133840
899171418
941464949
959061377
901903076
850632206
834118402
921206881
913744404
899171418
969543500
803705877
929847317
905356545
968556759
899171418
876399199
952793529
930294946
868672027
987521746
846692976
952793529
787629544
987521746
952793529
838844929
917088103
966249222
890859174
778540431
957328544
900069357
987521746
805847110
828329457
963313661
567841380
833012302
943648389
731331257
959541417
962141530
872052533
949031333
952793529
803705877
910110065
915846133
957863232
934791575
876399199
853354590
952359007
891364848
811427636
803705877
858053177
957958873
891364848
876433541
746121444
936700720
862706205
957863232
826552592
908658050
891364848
872052533
952793529
726233267
956437314
935007465
784910335
899171418
946286730
890972737
945779122
957863232
899848324
837609133
894762795
952793529
834125854
853707339
805847110
876399199
876399199
957863232
952793529
876399199
820389964
891775334
820389964
987688770
965768260
957501809
944641076
960212273
965768260
957863232
876399199
898012331
968987277
895994550
942204719
824591572
934791575
731331257
960212273
872052533
812244652
952793529
987693483
768070505
967625774
825141007
952793529
808271006
899171418
865007941
820195363
805847110
814881669
952793529
794045618
912889010
879448911
985308899
963313661
863756861
771381276
949745479
932474551
853707339
957863232
914632031
735290043
877812168
920424892
812244652
946286730
812244652
922899299
839437988
818374916
923736122
745112405
774076488
846789564
919568077
858277435
942521478
913744404
891364848
968987277
837609133
957863232
930294946
952052061
934791575
966249222
921611525
803705877
952862150
958209509
987521746
952052061
847295089
900691912
785356409
711186470
899553463
934791575
940237367
914632031
984261857
897413376
989773595
893201756
845933970
934791575
891364848
927100790
963921728
816509740
758496361
872052533
952793529
927666828
935007465
974177916
692182624
975216896
888830973
952793529
919458728
895994550
949745479
922060825
919568077
900691912
952793529
805847110
833398867
731331257
942524374
788919375
952793529
985513718
983717012
899171418
795399412
989211365
985513718
935496084
969382940
812244652
914632031
881156707
949791778
952793529
942909191
963313661
901637013
828857853
963313661
788944114
872052533
863756861
779374444
812244652
876399199
934791575
896727210
949031333
872386022
891364848
687646000
891364848
700992381
873269194
805847110
862469993
883163167
996496816
857931595
919568077
876399199
963313661
963313661
952793529
952793529
914632031
950714704
957863232
953170843
932718403
968987277
820795938
934791575
876399199
987513010
822232976
876399199
876961157
945064936
805847110
737671998
866957568
891364848
864713743
944700985
894516051
946286730
963313661
863756861
858053177
952793529
957328544
851032878
851140727
949031333
907548126
943325288
883163167
946333031
981938138
899171418
803705877
952793529
808040526
634557168
949031333
876399199
939557138
952793529
959128602
956239885
931825365
966249222
922871028
781871961
952793529
952793529
914632031
915351289
952793529
898619828
784391362
872052533
899171418
942204719
957863232
846459520
946729632
891364848
957279335
876399199
895008497
849149527
944556190
985114213
952793529
952793529
692182624
969275277
971306487
833012302
913583118
957501809
952793529
952793529
863756861
981513488
840073537
853707339
899171418
946563219
795399412
952052061
731331257
952052061
889995449
957863232
938305622
863756861
949031333
868356891
952793529
870990054
952793529
949791778
991243321
944835272
731331257
803705877
877328291
973162546
930083813
934791575
733197508
812675307
872052533
862469993
952793529
900069357
934791575
893013672
933506968
686733211
891595683
905671232
664740661
805847110
939124632
834118402
894762795
934791575
900005142
940657703
766871726
876399199
785408106
952793529
949031333
834118402
825311625
952793529
842102687
900005142
863756861
860293234
805847110
890892936
876399199
957863232
853499396
881050148
984362524
870800898
891364848
868145539
928309455
913744404
952793529
952793529
929079500
767137504
828857853
732094882
863756861
889995449
934791575
853707339
894762795
887597858
922899299
757709913
896410049
914632031
865287065
897183578
952793529
890051625
853707339
862469993
957328544
962931463
952793529
863756861
952793529
812244652
833012302
963208510
810449046
895994550
891364848
929530649
940962672
957863232
805847110
944563506
919568077
956237909
952793529
936171854
949791778
863756861
957328544
636761954
951382436
969151950
670666162
962141530
824266615
952793529
853707339
850227551
876399199
957958873
863756861
834118402
952793529
926578293
949275719
952793529
963313661
963313661
726233267
847275244
889095768
952793529
899171418
951382436
871688546
891364848
985513718
805847110
820389964
812212762
963313661
876399199
919568077
952793529
919516128
731331257
670666162
960445700
850227551
864568695
986398998
904318516
957328544
853354590
962141530
935246356
872052533
613278332
957863232
944595972
858053177
812244652
797995905
731331257
908963326
952787301
946286730
905298971
922060825
850227551
957863232
891364848
934335133
891364848
733197508
781871961
961298193
949791778
858703119
872403017
952052061
771274841
934791575
907384373
812244652
803705877
934791575
915351289
921611525
930294946
930294946
863898359
914632031
812244652
812758289
894762795
733197508
952787301
934791575
894762795
863756861
943913559
930294946
957863232
957863232
902394571
952793529
957863232
858053177
950912774
835557928
900332186
957863232
832262356
952793529
946729632
952793529
985513718
952793529
871782692
831560462
878469509
858703119
882281177
876399199
891364848
911103677
920697239
982255824
981938138
803705877
934791575
952793529
812244652
858053177
952793529
957863232
794379862
900069357
906726202
858053177
953765030
894762795
923816799
972146302
956974211
951950617
858053177
913744404
957863232
952793529
850227551
881156707
803705877
484562936
853707339
952793529
934791575
884174636
963208510
913900814
872052533
731331257
957863232
923736122
884002875
834118402
808040526
865345555
891364848
891364848
922665857
944121678
891696577
853707339
812244652
934791575
936450478
863756861
805847110
923736122
935007465
820328312
957863232
952793529
834118402
913744404
957580350
853707339
963313661
935007465
760380356
969275277
934791575
963313661
949275719
934791575
952793529
957279335
850320297
803705877
832520446
963313661
884102740
995102316
695274875
952793529
969858444
920424892
876399199
825141007
915351289
943325288
849149527
952793529
952793529
760100836
872052533
876399199
765637268
952793529
925404469
910110065
929967447
853707339
935496084
862469993
863511945
817061821
812675307
952793529
899171418
907602538
940237367
896727210
961031696
900005142
952793529
957863232
942271266
957863232
963326439
963313661
914632031
952793529
812675307
952793529
946404543
957863232
920008566
863756861
805847110
876399199
906710704
957863232
952052061
834118402
863756861
893170507
899171418
872052533
969865530
966249222
863756861
930294946
790017642
835290078
903635072
954610169
957863232
889247574
952793529
985513718
805847110
900775313
791933952
834118402
952793529
952792894
966362172
963313661
934791575
891364848
891364848
957863232
891364848
863756861
982070368
972530227
906710704
796512085
812244652
980212694
940237367
948526596
957863232
929079500
963313661
952787301
966249222
995102316
952793529
952052061
761554608
901245035
860132823
898436521
957958873
952793529
990670344
920008566
987521746
828857853
944290265
975449192
805092122
891364848
882046251
746579628
946563219
934791575
957863232
835290078
952793529
925787418
872052533
952787301
899171418
891364848
947389487
733197508
880329633
834125854
934791575
899171418
946940131
892809546
812244652
822116654
964004755
740750802
952793529
863756861
891364848
805463178
899171418
812244652
889577749
925782057
919736747
908963326
863756861
891364848
899171418
837792149
894762795
876399199
978620903
949031333
923940197
904484182
934791575
711977382
891364848
853707339
981938138
979159764
863756861
840073537
731331257
917825156
634557168
952793529
908973322
816509740
895865404
694147037
698659917
863756861
917045258
952793529
923736122
952793529
899171418
812212762
898971268
904318516
834118402
903063926
963313661
825031319
915351289
694781465
941255054
957863232
924758824
957863232
980199602
922375151
891364848
883163167
972146302
805847110
812675307
850380682
934791575
946308600
863756861
891364848
734568754
952192987
762098418
935007465
896848594
987693483
652889753
781871961
844971622
879636427
987713060
896727210
896727210
985513718
735155038
952052061
863756861
931765965
860887290
914632031
899171418
768943030
919046867
919046867
985960462
746579628
933405786
939836214
733197508
730458278
924614207
863756861
952052061
944700985
858053177
834118402
784991230
963313661
951382436
828857853
952793529
876399199
952793529
905357382
692182624
952793529
934791575
921225165
895165104
840073537
891364848
843538814
952793529
957863232
952793529
910110065
863756861
952052061
989773595
946563219
963313661
913744404
945294559
910083577
945515949
863756861
934791575
698576217
934803398
867655364
877291107
811105603
746579628
781871961
863087928
812244652
846789564
970715050
957958873
993720411
957958873
838871725
953770473
886380056
946563219
868145539
634468957
952793529
876399199
914589860
952052061
964215116
952793529
781871961
899171418
858053177
961983856
929515116
863756861
952052061
941590297
812244652
989818387
957863232
891364848
963313661
963313661
850227551
805847110
758641306
957863232
878532586
853707339
863833120
805847110
858053177
952793529
888973253
863756861
686430372
891364848
843728304
896727210
916448991
899171418
805847110
957863232
865576103
903635072
856684820
957863232
731331257
968987277
963313661
962141530
818649398
935496084
872052533
985513718
914632031
862469993
692182624
805847110
899171418
863756861
903860064
963313661
934791575
919559770
957328544
957958873
934791575
853707339
952793529
913583118
975449192
899171418
835290078
768943030
820389964
934791575
952793529
956844234
863756861
812244652
840073537
421044053
952793529
957328544
963313661
840073537
805847110
887317642
894762795
733197508
876399199
888313406
872052533
876399199
805847110
891364848
963313661
914632031
834118402
957501809
812244652
913744404
943325288
851032878
957501809
743419550
908963326
952606882
952793529
767137504
957279335
920008566
934791575
952793529
805847110
908963326
956570540
850632206
952793529
899171418
851240350
960740506
803705877
814575400
957863232
758641306
952793529
835552516
731331257
893711883
941522076
954504492
894762795
939836214
868145539
952052061
838023789
952793529
952793529
812244652
781871961
879364378
858053177
952793529
690843591
839884737
997192786
958209509
952052061
808336761
918514037
852750463
974482791
952793529
957279335
872052533
952793529
814586654
952650692
853707339
891364848
779865073
956239885
891364848
985513718
899171418
985513718
879636427
822470126
913900814
804922399
952793529
923779045
933628165
831560462
963313661
963313661
985114213
872052533
834118402
876399199
872052533
899171418
812244652
914632031
952793529
909044615
985114213
853707339
926331764
928401946
963313661
899171418
951382436
893789128
965768260
957863232
834118402
891364848
890912091
922375151
946563219
919458728
805847110
963313661
899171418
865913414
858053177
957501809
812244652
733197508
856684820
934791575
866957568
919568077
858053177
946634216
983372227
820254711
846789564
861826781
933405786
891364848
834118402
876399199
952052061
987513010
833012302
958432742
942204719
731331257
863756861
937551365
889995449
868145539
868145539
952052061
868145539
914632031
872052533
891364848
924586039
879364378
786472986
900005142
873849716
910435839
934791575
916967127
803705877
876274715
828733294
812244652
752359478
707060112
914632031
934791575
617874468
924580670
963313661
922899299
945525052
964215116
900691912
898436521
834118402
834118402
899171418
884979073
940547274
880858445
963313661
906696360
834118402
963313661
908963326
812244652
810103409
454681306
886301413
934989516
876399199
920974002
995102316
900691912
836475574
985513718
934791575
957863232
963313661
957279335
934335133
893789128
834118402
963313661
963313661
934791575
863756861
934791575
850227551
922293134
920008566
825031319
805847110
784979222
914902593
906710704
972693581
932313860
949031333
849693866
959128602
985513718
894105092
921518469
891364848
891364848
863756861
774751141
889995449
963313661
963313661
891364848
957863232
840532216
906593145
771022638
952052061
814881669
963109815
861365506
812389895
863756861
890778142
868145539
814881669
934791575
512077615
575508274
934791575
863756861
872052533
808987024
834698792
847295089
866670550
967848184
985513718
899171418
890972737
896320744
935362408
951481857
946563219
810103409
825141007
831560462
767137504
968987277
891364848
774201240
812244652
963922608
812244652
858053177
777326196
977525993
858053177
852750463
957279335
891364848
904985272
913744404
872052533
817061821
967503330
926375529
987521746
946563219
804180150
853707339
934791575
847295089
993720411
843971959
872052533
934791575
943325288
840073537
617874468
960370440
965768260
887620219
834118402
915351289
679722985
957328544
812675307
852750463
920302575
899171418
872052533
853707339
944556190
914632031
831281189
817061821
891364848
984970309
900005142
876399199
731331257
733197508
957958873
866419032
872403017
805847110
915351289
957863232
957863232
896727210
872052533
914632031
814575400
952052061
807451758
884174636
933305659
853354590
958209509
850227551
919568077
893789128
913906513
966362172
566579009
919458728
869610835
810103409
692182624
900005142
952581349
913583118
906710704
957958873
963313661
963313661
824505714
825141007
931422962
877328291
900069357
900069357
733197508
977525993
876399199
919568077
738471209
916967127
896727210
978548172
913744404
865345555
887317642
891364848
833677291
767937374
865574542
924550520
919568077
770744917
913181420
876399199
945525052
900005142
957863232
880157483
920008566
912889010
965768260
694147037
958209509
731331257
951196848
966249222
917213463
899171418
902241651
963313661
904318516
812244652
858053177
899171418
846789564
810103409
864518898
834867009
735524248
963313661
809378266
817061821
899171418
810103409
734911686
834118402
963313661
829419655
800206431
863756861
847866293
872052533
891364848
816509740
962163564
828857853
890912091
853707339
985308899
853707339
957863232
958209509
820328312
941464949
808040526
834118402
908283517
914632031
890768886
887317642
879636427
918647014
963208510
867176372
881156707
942204719
852750463
846895381
915488291
862699283
633155696
893013672
900836428
939836687
900069357
834118402
780565784
896727210
852750463
934791575
828214983
834118402
915488291
891364848
863756861
850227551
957863232
665417630
957863232
822232976
894762795
920097710
957328544
635513713
592195212
889995449
810103409
945525052
864395608
940657703
952987277
934791575
947554107
908963326
946729632
788663058
947196934
937759796
803705877
865345555
852750463
891364848
844156049
784881683
934791575
863756861
977525993
824619493
858053177
871139717
811367280
935641959
934989516
950714704
934791575
834698792
733197508
810488092
865913414
731331257
908963326
953299578
769172915
834118402
834118402
949031333
863756861
805847110
846789564
995293647
850227551
889995449
987521746
766022857
896727210
967503330
877341895
894406478
689704729
871139717
758641306
803705877
860293234
913744404
850320297
933405786
987521746
880469992
869306551
900069357
947196934
896727210
828857853
828214983
833248145
973376485
919568077
835290078
876399199
933456658
957328544
995102316
850320297
888023993
853707339
973162546
828733294
891364848
733197508
840073537
863756861
959357290
957328544
834118402
987693483
876399199
817061821
952052061
834867009
868145539
858053177
887407709
918153374
868145539
858036191
922293134
900069357
855917299
914632031
870562419
841772016
872052533
914632031
853707339
919046867
845436742
812244652
870562419
953145894
876399199
939929503
891364848
805847110
934791575
733197508
870562419
928401946
957863232
823711606
805847110
733197508
870562419
922293134
852750463
891731303
902386420
850380682
762628808
914632031
920008566
870562419
963922608
805847110
987513010
925123708
876399199
900069357
863756861
934791575
957328544
965227596
870562419
891364848
879636427
883954330
837609133
944061997
810103409
822232976
870562419
805847110
810103409
915351289
870562419
985513718
945525052
951792613
832217491
733197508
876545115
803705877
921975076
870562419
957863232
893068858
825311625
954504492
840532216
852599570
903293367
870562419
894762795
868145539
924550520
876399199
834118402
872052533
731331257
731331257
987521746
894762795
787224454
852750463
816807279
805847110
951459582
957501809
957863232
881764572
846789564
870562419
863756861
733197508
805847110
969858444
896267223
965227596
788702910
876399199
895865404
967021015
937551365
868145539
852750463
850632206
852750463
891364848
812244652
900691912
957863232
754705165
945525052
924125922
812244652
846692976
952052061
864395608
900005142
899097137
953619746
870562419
957958873
987521746
811507314
817061821
974482791
921909195
934791575
990099498
919046867
870562419
785408106
805847110
879636427
932313860
944946957
987513010
842726888
941997588
821028079
923736122
891364848
805847110
592195212
931765965
891731303
853707339
997192786
917839493
957958873
866670550
942204719
900069357
979816661
963313661
948043739
985513718
819012539
910785269
878469509
952712091
940657703
870562419
810103409
810103409
913744404
937871664
876399199
920631965
926237109
934791575
833012302
931256589
810103409
856684820
919046867
946563219
987513010
900005142
900069357
870562419
863756861
659845736
892020833
934791575
891364848
921611525
891364848
914632031
806378757
957958873
731331257
863756861
902241651
874735163
846789564
908963326
942204719
900005142
870562419
963313661
919046867
733197508
864330363
887317642
891364848
870562419
891364848
878469509
975449192
894531286
891775334
910110065
934791575
913900814
925793247
858053177
865913414
945525052
828733294
863756861
922030932
880478656
994767948
915351289
870562419
849804263
812244652
870562419
879594102
993500974
863756861
914632031
870562419
694147037
960183976
889995449
934791575
868145539
870562419
949791778
871782692
905538877
641883008
891364848
919568077
896727210
672862495
814038137
962141530
876545115
934791575
690843591
943325288
870562419
853707339
870562419
967817914
934791575
957863232
817061821
900069357
889995449
858053177
910391126
894762795
949031333
922871028
870562419
934791575
915351289
891364848
934791575
817061821
875038223
863756861
872052533
863756861
953956798
876545115
792304317
817061821
870562419
985513718
733197508
985513718
913900814
935641959
910785269
748776582
962098606
810103409
617874468
963313661
887407709
908963326
920008566
759172903
870562419
895477943
823079082
886160889
805847110
863756861
891364848
853707339
853707339
963569970
814038137
852750463
583449706
917112014
980115768
891364848
891364848
957958873
863756861
876399199
952052061
870562419
987293087
891731303
952359717
808271006
876399199
870562419
633155696
870562419
988960701
957958873
840073537
845097708
853707339
796227573
832520446
934791575
868145539
732094882
957863232
856588124
733197508
970657237
987293087
731331257
954504492
934791575
868233777
805847110
816509740
909232150
658510737
914632031
805847110
771381276
904163383
893201756
944595972
991243321
915614239
929122590
894762795
761053424
841209193
900069357
963313661
891364848
858053177
958209509
975413262
949031333
967625774
824505714
952052061
963313661
853707339
870562419
957863232
949524517
853354590
996198355
810103409
780312184
891364848
863756861
934791575
840073537
900212491
731331257
985513718
913900814
947196934
870562419
664740661
914632031
886301413
842102687
864713743
863756861
853707339
931582764
953074108
878469509
870562419
863756861
870562419
710086953
974284360
817061821
891364848
820328312
957863232
870562419
915351289
810103409
957863232
834118402
870562419
900069357
963313661
871811236
935007465
865913414
900005142
870562419
891364848
968987277
870562419
863756861
876399199
787312699
822470126
805847110
870562419
849528272
858703119
920424892
907091279
934791575
957328544
957501809
975309345
957863232
803705877
949524517
907183281
868145539
949624034
891364848
863756861
834698792
962899135
828857853
906710704
852750463
803705877
805847110
871215287
891364848
949275719
870562419
826594634
891364848
914632031
850346636
803067627
946333031
805847110
971224585
879312251
931975361
850320297
919046867
853707339
834118402
985513718
822446902
889448698
872052533
860144725
745680035
868145539
952052061
891364848
903883539
863756861
957863232
965768260
812244652
810103409
908203089
871295265
876655072
812675307
726233267
805847110
900005142
804922399
805847110
878875045
873921867
906830493
731331257
816664094
870562419
914632031
870562419
913744404
914632031
870562419
963313661
957863232
963326439
651351808
963313661
957958873
906710704
876399199
853707339
931975361
920673268
957501809
972146302
940237367
803705877
805847110
870562419
915404327
937987135
945525052
810103409
870562419
915351289
803705877
920182590
828733294
915351289
927361459
963313661
852750463
969275277
620824212
934791575
890344265
853354590
891364848
872103532
870562419
825141007
822232976
929670728
957958873
957863232
932441519
870562419
876399199
983103631
959696690
811427636
901245035
810103409
963313661
852750463
963313661
870562419
891364848
990843448
820328312
963313661
817061821
957958873
870562419
960445700
862469993
891364848
810103409
864395608
892809546
876274715
963313661
900558202
810103409
981938138
952052061
812244652
774919451
946563219
915351289
963313661
891364848
934791575
872052533
913181420
902624595
837747728
891364848
809271086
733197508
946634216
913744404
917839493
964810479
870562419
810103409
914632031
957863232
870562419
833677291
858053177
767137504
810103409
794379862
876545115
952095774
937939885
870562419
785408106
870562419
931073953
906284275
852563440
810103409
863756861
894762795
870562419
919596626
853707339
923736122
807234520
805847110
896727210
816509740
889995449
870562419
900069357
934791575
985308899
833677291
916358293
850632206
790433641
892823315
934791575
891364848
810103409
805159546
963313661
870562419
803705877
872052533
879444888
853404141
834698792
834118402
834118402
761634011
981938138
957328544
810103409
845728279
548672633
894762795
916358293
891364848
932441519
913900814
870562419
927100790
985513718
766750685
858703119
825750507
817061821
915351289
951382436
898436521
633155696
957863232
957863232
951382436
805847110
822232976
890629926
891364848
987521746
696829753
870562419
868145539
868145539
918851714
891364848
934791575
872052533
894762795
945064936
957863232
987521746
870562419
876545115
879636427
812244652
957958873
811427636
853707339
935401092
963313661
985308899
956239885
913477666
956570540
963313661
974638140
906830493
937447375
931153767
887317642
812675307
985513718
852750463
949031333
987521746
834698792
876274715
814881669
757709913
780312184
872052533
870562419
828857853
918601680
900069357
853707339
916790511
810103409
912258685
816664094
870562419
894406478
891364848
895289757
963313661
841550721
963313661
949031333
985513718
913744404
853707339
889995449
870562419
868145539
868145539
891364848
913900814
870562419
863756861
923736122
889995449
870562419
733197508
814881669
891364848
949524517
957863232
856132174
957863232
934791575
957863232
920008566
770744917
891364848
803801355
891364848
868145539
919046867
900691912
957501809
870562419
870562419
914632031
872052533
960445700
952052061
870562419
948043739
846789564
868145539
968987277
942686600
957958873
975309345
920702463
891364848
795322581
872052533
987521746
957863232
870562419
705244495
891364848
870562419
870562419
863087928
920673268
894762795
868145539
795322581
812244652
896727210
750257752
957958873
935007465
963313661
805847110
976527752
870562419
828214983
867655364
864501587
812244652
833381366
872052533
972139888
963313661
817061821
869268307
952052061
863756861
833012302
968987277
909232150
934335133
944881453
810103409
985513718
810103409
860144725
841192601
894516051
842102687
870562419
964780054
917164236
805847110
883946235
963313661
944835272
895008497
860769703
838023789
872052533
863756861
949791778
742853979
963313661
872052533
985513718
957328544
945525052
653791633
863756861
828552690
915351289
889995449
969275277
985308899
817061821
890912091
853707339
952166464
870562419
833012302
870562419
807243665
960740506
955850360
873849716
906726202
979824634
978125028
717005409
590722779
726233267
957501809
805847110
957958873
915786182
952650692
841209193
845132994
863756861
733197508
963313661
834118402
965768260
805847110
935641959
910083577
900069357
842102687
861564422
870562419
963313661
886380056
934791575
985513718
922030932
925793247
957863232
913035623
876545115
900069357
803705877
782536233
870562419
925123708
872415966
805847110
870562419
863756861
870060571
863756861
895865404
946286730
891364848
870562419
673170373
870562419
967964308
823324181
868145539
934791575
957863232
889995449
617874468
919568077
949031333
957863232
843971959
908050480
957863232
833040635
667387310
874885159
872052533
870562419
891364848
894531286
949817647
864395608
914632031
870562419
883374152
940933383
958209509
962141530
867333973
937716124
870562419
805847110
957501809
876545115
870562419
870990054
957863232
810103409
877291107
891364848
932373997
916096650
913583118
957958873
870562419
934791575
957863232
946333031
854220519
872052533
908963326
908963326
933405786
898973866
812244652
877233691
825141007
920008566
870562419
726233267
915846133
853707339
852750463
963313661
858703119
914632031
934791575
803705877
859474943
935141910
896727210
934791575
939666436
952052061
733197508
948559407
870562419
870562419
934791575
866670550
920008566
896727210
914632031
890892936
731331257
957863232
953956798
853707339
870562419
913900814
987521746
891364848
981938138
760549187
868145539
985513718
917713031
973642554
858053177
665076038
473424902
963313661
805847110
930182509
985513718
808271006
896727210
930214534
905356545
957863232
980127587
915351289
949031333
978548172
985513718
863756861
924125922
913035623
891364848
831245356
828857853
870562419
971051875
870562419
957863232
795399412
952052061
915351289
870562419
870562419
915351289
900069357
853707339
853707339
808158640
870562419
934792993
805847110
942204719
943325288
957958873
945064936
910110065
900069357
864395608
913744404
870562419
877341895
870562419
834118402
870562419
944946957
980199602
870562419
817061821
878875045
868145539
968987277
932661276
870562419
871170220
900069357
989061808
817061821
898619828
810103409
902241651
851705502
856132174
858053177
993158356
805847110
824000367
962941816
879636427
665076038
856132174
870562419
733197508
919046867
906593145
869306551
960740506
963313661
964215116
917904304
965768260
906699011
870562419
834118402
919458728
914632031
870562419
914632031
853707339
924073345
769250595
965592092
872052533
852750463
932607338
928010936
914632031
889995449
900069357
872052533
828857853
890972737
989380794
853707339
957157248
856132174
840073537
985513718
987521746
840073537
977525993
891364848
985114213
872052533
949031333
914632031
914632031
894762795
985513718
869167261
853707339
737622162
864395608
973162546
914711457
924073345
944595972
934792993
705244495
838650732
668828032
852750463
870562419
913744404
858053177
870562419
937556271
858053177
870562419
734911686
925829760
957958873
788702910
864395608
907472400
731331257
962141530
990066027
870562419
805847110
774058099
870562419
872052533
853707339
852750463
891364848
906726202
949791778
811917004
906710704
914632031
885801953
891364848
794014774
870562419
934791575
940657703
853707339
934791575
907472400
987521746
857676515
941255054
805847110
931825365
853707339
966371252
952052061
926026306
828214983
870562419
928984417
967503330
872052533
934791575
870127122
935260619
850320297
737093376
942204719
849149527
949031333
946333031
870562419
810103409
834118402
899553463
876545115
858053177
957146530
850227551
891731303
870562419
915786182
901316195
915351289
832520446
840073537
872052533
870562419
939836214
934791575
957501809
870562419
951459582
845547522
870562419
946563219
805847110
852750463
917713031
868145539
856132174
828733294
914632031
853707339
915488291
969820892
971569270
870562419
856132174
995293647
870562419
879448911
954504492
891364848
914632031
870562419
949031333
891364848
805847110
740078722
896727210
957501809
949031333
891364848
934791575
934791575
731331257
828857853
870127122
963313661
736778713
882387890
872052533
812675307
870562419
949031333
907091279
890700917
934791575
885337013
870562419
941255054
987521746
833677291
899603707
810103409
948056085
936962800
872052533
870562419
913477666
832520446
919458728
962141530
825141007
963313661
876545115
870562419
967485767
922030932
834118402
888191098
963313661
925123708
822947184
891364848
898041529
733197508
987521746
824505714
870562419
914632031
891364848
957863232
733197508
960445700
847295089
853707339
980199602
943325288
946563219
917145411
865192787
870562419
870562419
733197508
883374152
898577356
891364848
918545262
852750463
891260360
900005142
924512931
733197508
921611525
919458728
979824634
951503584
953095322
870562419
870562419
891364848
916096650
958209509
731331257
985513718
828214983
914632031
828857853
872499813
858053177
822232976
891364848
850227551
891364848
963313661
795399412
788655447
820195363
891364848
935168614
870562419
891364848
803705877
963313661
872052533
803705877
999689524
905298971
957863232
858053177
840073537
814661999
985513718
817061821
906699011
831473731
840073537
852506481
816509740
982070368
957958873
925231180
883374152
810103409
934791575
904318516
743419550
870562419
937716124
938286196
870562419
963313661
919458728
850227551
843008790
822947184
767137504
957863232
922899299
949791778
731331257
946563219
900069357
870562419
985513718
973162546
987256611
870562419
935246356
953308331
843971959
872052533
985513718
870562419
856684820
952052061
891364848
946286730
877341895
947196934
891364848
928607280
733197508
870562419
913744404
959128602
848734420
887407709
980774797
887597858
812244652
810103409
891364848
864395608
791589241
815070252
900558202
894762795
853707339
879636427
825031319
946008867
817061821
985513718
812244652
834118402
908963326
891364848
803705877
957958873
870562419
934791575
883163167
853707339
957328544
949031333
803705877
610367695
932313860
920631965
878875045
963208510
964215116
891364848
906710704
750257752
914632031
912889010
951771146
833970627
841558441
922665857
870562419
969858444
870562419
718430237
808987024
911657760
985270466
868145539
834118402
949791778
927914681
811105603
896848594
957863232
870562419
915351289
919046867
915351289
921611525
906710704
928455555
906710704
957863232
731331257
957863232
891364848
963313661
822947184
975309345
834118402
870562419
972693581
900069357
840073537
951382436
988293587
833677291
875841098
945294559
811164087
850227551
952095774
964992841
870562419
872052533
904040654
915351289
976685001
989447228
865289365
919568077
810103409
761362334
910083577
877341895
964215116
956239885
968987277
942204719
915351289
923736122
946333031
857676515
941997588
914632031
876385719
863156753
900069357
868145539
934791575
883163167
870562419
957863232
870562419
834118402
852750463
865942390
870562419
871753117
817061821
922891757
889448698
863087928
988472039
934791575
852750463
949031333
907371278
934791575
791589241
879448911
914632031
891364848
867687834
865345555
949031333
935141910
845062022
870562419
962931463
935141910
896727210
852750463
862180739
822947184
919516128
924703517
826241669
840929501
891364848
891364848
870562419
946563219
948043739
876545115
934791575
893707333
853707339
915229709
870562419
766871726
960740506
841984327
803705877
963313661
891364848
932607338
870562419
942388811
811367280
832262356
858053177
891364848
935959877
961349774
766950786
891364848
868145539
833012302
820389964
901245035
896933209
872052533
333223752
993500974
731331257
914632031
891364848
865345555
828733294
935141910
957863232
862180739
618131186
891364848
958739790
987521746
888400510
972688653
812244652
913744404
915351289
872052533
805847110
820844094
811668165
822947184
942941074
891364848
834118402
924073345
805847110
870562419
891364848
653791633
853707339
949031333
904985272
834118402
803705877
972146302
958209509
870800898
864395608
934791575
914214287
870562419
963313661
834118402
870755210
834118402
993720411
811816068
990128416
944946957
931152327
850320297
870562419
925613486
952052061
985308899
897853904
852750463
869054999
863087928
926725708
852750463
966569159
812244652
902581580
985513718
894516051
891696577
974482791
960212273
902691220
953765030
972146302
891364848
929145163
797636745
886380056
957958873
877875111
846789564
958373143
822947184
841123891
810103409
733197508
817061821
870562419
868145539
834118402
908963326
934791575
927853925
920008566
805847110
932042047
920182590
914632031
902186304
731331257
853707339
870562419
884547249
934791575
873330740
878875045
849149527
914420293
993158356
907384373
892809546
870562419
872052533
857214064
843538814
828857853
847295089
867333973
931504002
944835272
948056085
915351289
870562419
987521746
870562419
876961157
775593862
733197508
957328544
963313661
891364848
946563219
935496084
981938138
828857853
834118402
940962672
870562419
938358418
868145539
870562419
852563440
834118402
949031333
828733294
896727210
870562419
957328544
858053177
983103631
924073345
956781415
967503330
836618108
876545115
822947184
982255824
985513718
926343057
952192987
842784806
989380794
913900814
949031333
915351289
920302575
956497507
919516128
957328544
870562419
928401946
825141007
810103409
870562419
805847110
957958873
846717965
809065005
868145539
946333031
915814727
897853904
908963326
879636427
731331257
814881669
870562419
870562419
810103409
963313661
967503330
891364848
812244652
946286730
950981024
923736122
963313661
870562419
888191098
924125922
817061821
865192787
775334240
868145539
870562419
858053177
853707339
822947184
817061821
891364848
812675307
949791778
855035537
839884737
920008566
957863232
786472986
870562419
891364848
944946957
846717965
915351289
915351289
957863232
838903500
913583118
870562419
957863232
957863232
870562419
805847110
993158356
731331257
891364848
870562419
914632031
982070368
861796089
967625774
850320297
891364848
964215116
717595839
834118402
854260536
963313661
833012302
695016862
944835272
879636427
868145539
957863232
985513718
850677161
946333031
985114213
985513718
872052533
818998117
742368682
957863232
896463934
828857853
920631965
900039201
945525052
858053177
945294559
935367744
870562419
837315652
924073345
810103409
806355854
858053177
899354169
942204719
825122681
952052061
810103409
870562419
957863232
902624595
870562419
863087928
952650692
894762795
853707339
737705639
891364848
890859174
828733294
872052533
957863232
922748541
908963326
944946957
993158356
737705639
872349700
743419550
946286730
945294559
731331257
862469993
870562419
739332250
957279335
919046867
891364848
913744404
993158356
946563219
817061821
657638652
957863232
870562419
956239885
870562419
870562419
844295430
914632031
952052061
732807783
757706059
946333031
956497507
891364848
834118402
812244652
852750463
937447375
733197508
913906513
891364848
915351289
559200242
733197508
964215116
952052061
870562419
871152469
809223783
974482791
919046867
931765965
870562419
946333031
887246261
987061745
990670344
891364848
733197508
870562419
846763637
969151950
952052061
926946352
851032878
951382436
733197508
963313661
837792149
915351289
627647270
872052533
870562419
949791778
945064936
828214983
974482791
870562419
945525052
891364848
808271006
895865404
810103409
944595972
908963326
887407709
898577356
944503760
868145539
919568077
832520446
803705877
951382436
952052061
963313661
841192601
960226907
870127122
870562419
957328544
891364848
872052533
952052061
940490846
913906513
944595972
853707339
944371546
894512238
756533980
952052061
957328544
949031333
948043739
822947184
834118402
954696071
805286812
912483993
985513718
945064936
957863232
812675307
857619875
957958873
733197508
891364848
870562419
852750463
822947184
811427636
528358120
939836687
757709913
682263787
925613486
940962672
871170220
891364848
936630614
887239876
853707339
805847110
985513718
812244652
949031333
963313661
870562419
928984417
870562419
836475574
789134041
877341895
910110065
870562419
919568077
870562419
987521746
919458728
914632031
893013672
870562419
870562419
924758824
900005142
803705877
822947184
949031333
860983056
812244652
805847110
891364848
806355854
689171447
726233267
805847110
805847110
981441732
870562419
899603707
963313661
817061821
788655447
820328312
967625774
948043739
915351289
731331257
957863232
784391362
870562419
945294559
545621731
871996918
872052533
933405786
872052533
834125854
900005142
962505542
891364848
926476426
833012302
985513718
860293234
891364848
816509740
891364848
635328644
788236299
945322017
733197508
870562419
850227551
984063961
880760007
870562419
733197508
957279335
957863232
816509740
896727210
915351289
923736122
934874580
920008566
939929503
834118402
758496361
946333031
871152469
864395608
874935028
817061821
803705877
870562419
891364848
933456658
944371546
910083577
841823463
891364848
952052061
891364848
914632031
914632031
805847110
947022588
953915172
934874580
853707339
934910416
928401946
963313661
817061821
731331257
933388119
824505714
810103409
620824212
901242986
808616291
963009410
957279335
954040955
915351289
898436521
828733294
963313661
924614207
737800348
940657703
914420293
805847110
962537412
957328544
940657703
832520446
985513718
858053177
810103409
799563220
993720411
870562419
870562419
944121678
870562419
876587388
891364848
568269459
977443833
870562419
633155696
601085651
895865404
968316040
871782692
953120759
810103409
853707339
891364848
924073345
840073537
805847110
926343057
891364848
872052533
872191799
870562419
733197508
731331257
816593317
891364848
876545115
854566683
870562419
658510737
840073537
943913559
870562419
957328544
810103409
993158356
835080849
963313661
837609133
733197508
885018459
944595972
943325288
705244495
871228015
929145163
795399412
768943030
949791778
952052061
805847110
810103409
975309345
653791633
790160049
870562419
963313661
810103409
900005142
902624595
846789564
796391748
919458728
893177138
733197508
960226907
872052533
850320297
985513718
870562419
868145539
892809546
820795938
868145539
900069357
894762795
878875045
982070368
985513718
858053177
870562419
810103409
918488979
969275277
870562419
957863232
971604925
824264386
958030027
876545115
870562419
828733294
963313661
880822324
741844402
962141530
919568077
817061821
977144778
812675307
810103409
985513718
915351289
963313661
957863232
913900814
923736122
803705877
879636427
888973253
870562419
870060571
822232976
853707339
870562419
920182590
776964076
972688653
963313661
733197508
963313661
878875462
843211424
831560462
891364848
733197508
891364848
849149527
970489240
887597858
870562419
870562419
813702482
868145539
913189658
810103409
974086752
853707339
771081667
828857853
846789564
891364848
943325288
853707339
771381276
858053177
891364848
870562419
957501809
987521746
900691912
846789564
757635200
891775334
949791778
916358293
919458728
963313661
872052533
880855884
972808628
923508700
896727210
855587326
987713060
904985272
871170220
891364848
880233589
843008790
758505565
847369862
993158356
957279335
949031333
810103409
963313661
868145539
858053177
915614239
920752107
812212762
952136945
949031333
810103409
918420540
843949870
879364378
921122132
905618078
891364848
949031333
789447827
963313661
833012302
822947184
733197508
878875045
870562419
949031333
896975179
822947184
963313661
810103409
834118402
880233589
891364848
870562419
935141910
853354590
726233267
863087928
805847110
808271006
868145539
831560462
951382436
886301413
837609133
951382436
960740506
919568077
853707339
870562419
817061821
870562419
957863232
958030027
814575400
910785269
950760806
858053177
952052061
957863232
788702910
883163167
834118402
872052533
731331257
949031333
707060112
987521746
920008566
684519584
990082924
902241651
924073345
868145539
966186890
887317642
832520446
927849832
931679870
949031333
963009410
592195212
852750463
937542699
733197508
870562419
957863232
872052533
822947184
912889010
946333031
921225165
913744404
909105435
744599636
853707339
952052061
914632031
843538814
914632031
900069357
913189658
733197508
949031333
853354590
952294646
958209509
851032878
943500103
919458728
963922608
940657703
913773875
990497119
913189658
954610169
870562419
949031333
731331257
892396672
891364848
926946352
900069357
957863232
908963326
868145539
963313661
870562419
879636427
914632031
810103409
733197508
822947184
934763985
957279335
985513718
963313661
933405786
982070368
833677291
895008497
957863232
913189658
925396076
817061821
891364848
853707339
853707339
822947184
854566683
975309345
957863232
915351289
870562419
870562419
959128602
870562419
958209509
894762795
621679108
914589860
957501809
817061821
845657441
805847110
834118402
770744917
967503330
868145539
823672254
935641959
894512238
816324253
810103409
985513718
811427636
810103409
967625774
817061821
923305425
900005142
993158356
812244652
868145539
944645101
858053177
939929503
940962672
853707339
893201756
825141007
957863232
880239889
975309345
870562419
902624595
750257752
893155626
849145218
913189658
945791794
816324253
915351289
870562419
812244652
858053177
779637040
871170220
949031333
810103409
633155696
852750463
868145539
809271086
900069357
963313661
951168980
817061821
834118402
914632031
949031333
959303729
879364378
868417724
863940985
937813826
891364848
900069357
810103409
872052533
810103409
870562419
870562419
870562419
953770473
922100409
825311625
859474943
731331257
822947184
872052533
870562419
909066839
853707339
987521746
958030027
445009707
969858444
820328312
913189658
870562419
985513718
935141910
810103409
870562419
914632031
834118402
870562419
810683132
946140938
870562419
898968034
839884737
872052533
946404543
812523534
957328544
913906513
952095774
853707339
811427636
846789564
876545115
933405786
848310303
870562419
900629897
963313661
913744404
870562419
889782865
858053177
916913713
925787418
957863232
984536375
907395905
700937831
879364378
805847110
985513718
805847110
891364848
963313661
919458728
837609133
832520446
803705877
850632206
617874468
833012302
822947184
945169602
893733067
870562419
834118402
870562419
834118402
749121006
894762795
870562419
870562419
868145539
957863232
731331257
805847110
872052533
810103409
864713743
834698792
822947184
944595972
880760007
989197426
846789564
987923198
984649422
891364848
810103409
749121006
815070252
944595972
922060825
987521746
993158356
805847110
919568077
971569270
946563219
891364848
860887290
872052533
921122132
985513718
868145539
858053177
942521478
852614367
846789564
957863232
914404036
891364848
809271086
891364848
744323473
870562419
933388119
860703193
733197508
771381276
934763985
809271086
731331257
957863232
949031333
828857853
870562419
870562419
870562419
870562419
929360424
870562419
834698792
858053177
960740506
850320297
737671998
868145539
935116558
946563219
957863232
914632031
967625774
944144333
957328544
805847110
526551847
891364848
963313661
946563219
870562419
963313661
922978927
853707339
993158356
963313661
870562419
812244652
726233267
933388119
812244652
843971959
879636427
891364848
646042729
987521746
915351289
952862150
879636427
870562419
914632031
946563219
910083577
834118402
763361938
870562419
982070368
822947184
962931463
980774797
812136334
970489240
853707339
820626806
853707339
866957568
958726713
758643176
834125854
888830973
924073345
963313661
911419729
820328312
909066839
843538814
892005548
780312184
872052533
890536967
957958873
868145539
963313661
858053177
833012302
812244652
956509399
872052533
915404327
957863232
906699011
929290843
981938138
868145539
853354590
501731569
812212762
816324253
687161566
870562419
974935791
891364848
817061821
715349209
870562419
872052533
856588124
909192375
944371546
985513718
956239885
920008566
957863232
822446902
979816661
963313661
971051875
963009410
871215287
870562419
870562419
840073537
894762795
950992367
810103409
870562419
985513718
891364848
868145539
939983654
951771146
858703119
876545115
900069357
929290843
866670550
805286812
870562419
963208510
969151950
934803398
833012302
885337013
870562419
985513718
731331257
870562419
871152469
870562419
957958873
894762795
954504492
785408106
913583118
860293234
872052533
957863232
873849716
900069357
913189658
985960462
812244652
994045796
891364848
985513718
871990524
870562419
891364848
837609133
912846938
803705877
914632031
872052533
810103409
935641959
964580854
865913414
916790511
967625774
995293647
883827927
879636427
839437988
908963326
963313661
963313661
733197508
870562419
691523568
951382436
805847110
982070368
788133144
822947184
987521746
940657703
870562419
807176773
951771146
989197426
910785269
810103409
937716124
946333031
870562419
742368682
872498490
950292024
817061821
963313661
870562419
853707339
929951346
915351289
824505714
973698997
868145539
963313661
786880386
996496816
988293587
817061821
854566683
872052533
870158057
870562419
872349700
952052061
810103409
840073537
913189658
894516051
817061821
952052061
880760007
920472287
920008566
962141530
832520446
977755685
746380848
810683132
870562419
870562419
891364848
674099589
834603905
834118402
858053177
651351808
734911686
887317642
866445523
910785269
849528272
843008790
929479248
978624540
999592826
668346637
957863232
929289802
870562419
914739465
797024932
952136945
951382436
805847110
688369610
912419040
870562419
929810511
858053177
956497507
817061821
974086752
956497507
870562419
733197508
913189658
870562419
832520446
914632031
906284275
870562419
908997864
821184294
868145539
834383522
963208510
870562419
885010703
872052533
868145539
860983056
865877829
963313661
900069357
920008566
868145539
814575400
861424171
805847110
825311625
930083813
985513718
877291107
858053177
943913559
817061821
919458728
920008566
804922399
896410049
870562419
923305425
946563219
885941369
810103409
900005142
909187279
963344277
911096014
900069357
748285287
651351808
967625774
828857853
858053177
872052533
850677161
915351289
862383449
891731303
547233802
868145539
805847110
853707339
832520446
771381276
824000367
870562419
952052061
870562419
914632031
876545115
881156707
891364848
940600633
871990524
957958873
914632031
965768260
963009410
840073537
870562419
852750463
846763637
948390050
957328544
956497507
963313661
957863232
803705877
726233267
870562419
905298971
733197508
919568077
805847110
967625774
891364848
957863232
962141530
812244652
962141530
914632031
912889010
912158475
956239885
891364848
975309345
872052533
736482029
864706313
850567554
879636427
981938138
922261638
818488021
805847110
846127631
969858444
853707339
946729632
919568077
957958873
891364848
900069357
822947184
828733294
805847110
914632031
805847110
982070368
937447375
828533179
870562419
872052533
870562419
864713743
889095768
943357359
891364848
945064936
870562419
987001232
911005126
951382436
817061821
894762795
953457829
957501809
810103409
870562419
914632031
870562419
915351289
812244652
945294559
924073345
818815183
870562419
891364848
858053177
870562419
904384692
870562419
913900814
852563440
925123708
872052533
817061821
981938138
680549016
488047789
736482029
949031333
846789564
894762795
882005997
839884737
967503330
933388119
891364848
833012302
946140938
953095322
974935791
918801321
913189658
852750463
837609133
805463178
870562419
957120974
952052061
915614239
957958873
960445700
696246908
343035207
936630614
733197508
957863232
963313661
842102687
913744404
864518898
853707339
980464834
922665857
891364848
900069357
957863232
870562419
913189658
805847110
825141007
980199602
887781465
963313661
840073537
963313661
870562419
933388119
985114213
858703119
975449192
870562419
692310281
970715050
583661230
816544927
939216253
900069357
957863232
963313661
916448991
914632031
945064936
963208510
822947184
870562419
913189658
725635955
915351289
895012900
870562419
895625272
952052061
805847110
963313661
944121678
742571611
885731688
873270279
870562419
954504492
916404495
974935791
957863232
946563219
893013672
852750463
870562419
985308899
787734218
669515405
870562419
853707339
937939885
870562419
913189658
962931463
963313661
732530979
870562419
817061821
767137504
987521746
870562419
969865530
946611832
809271086
817061821
974086752
912483993
858053177
840073537
780312184
924073345
920008566
949031333
913189658
939124632
966569159
927797629
825311625
828331561
915351289
810103409
891364848
962141530
731331257
952052061
868233777
957863232
530924484
682246635
825031319
891364848
870562419
810103409
834540004
913189658
870562419
666966115
827243328
958209509
874651864
891364848
922324686
933388119
957501809
852750463
829419655
878875045
828857853
853707339
870127122
876545115
897915526
805847110
946563219
920008566
891364848
763735993
952052061
920860557
870562419
805221449
805847110
963313661
873270279
699929398
957863232
896727210
891364848
940962672
885112037
870562419
884002875
803705877
892613174
858053177
839112379
768943030
963313661
812244652
876545115
853707339
870562419
833677291
883163167
817061821
884832154
910110065
870562419
957863232
975309345
870562419
873932515
963313661
893634073
926388786
874735163
957863232
924125922
833012302
832217491
933388119
957863232
834698792
929119066
896727210
898436521
944595972
812675307
870562419
933405786
870562419
872052533
868145539
945064936
891364848
805847110
944946957
820328312
915351289
891364848
877583697
834383522
784741634
805847110
593667665
964036082
774919451
952052061
870562419
829420419
967625774
969507370
838650732
870562419
963313661
853707339
985513718
870562419
832520446
887317642
891364848
610476640
962537412
763957753
957863232
871990524
943551765
733614094
958209509
894762795
891364848
891364848
975242396
872052533
968987277
870562419
733197508
868145539
834158308
974177916
882606624
891364848
957863232
944595972
748285287
861565797
872052533
808271006
827463304
974086752
870562419
874534968
872052533
646042729
987521746
907384373
850227551
944371546
908570795
957863232
733197508
906710704
868145539
913900814
870562419
957863232
918505340
828857853
900069357
733197508
850320297
960740506
870562419
870562419
825031319
653791633
908963326
810103409
817061821
870562419
870562419
835225560
900005142
810103409
731331257
916307706
982070368
817061821
910110065
922538585
881156707
853707339
870562419
891364848
985308899
996059891
808201678
857485242
910436150
805221449
833012302
817061821
696246908
834118402
852563440
894709390
802038983
754705165
872052533
828857853
741844402
913583118
944121678
805847110
889247574
810103409
963313661
803067627
733197508
870562419
870562419
891364848
870562419
981938138
904597629
870562419
810103409
870562419
957863232
898502049
880918380
846717965
888578133
957328544
864395608
853354590
853707339
920008566
871029993
963313661
924073345
733197508
879448911
834118402
920936167
868145539
937716124
825141007
860983056
840073537
804087310
828110347
868145539
822947184
870562419
898577356
853707339
870562419
886705920
811427636
891364848
948043739
870562419
891364848
929145163
990082924
868145539
967503330
868145539
891364848
882305106
986124881
870562419
822947184
816509740
910436150
985513718
915351289
827349156
913906513
872052533
957863232
812244652
870562419
834118402
858053177
891364848
985513718
828857853
938754833
868145539
887246261
967503330
768491785
957863232
957863232
960226907
885801953
900069357
853354590
953095322
862469993
965768260
956239885
891364848
987513010
858053177
870562419
872052533
957863232
834118402
920860557
760549187
933354387
902751475
778540431
960740506
833012302
868145539
915351289
870562419
995293647
872349700
870562419
993335032
957328544
803705877
805286812
935640936
981938138
870562419
923508700
932474551
957863232
858053177
850227551
860824699
957863232
812758289
957863232
922748541
661071431
870562419
836911793
822947184
900005142
656949899
658286290
920008566
822232976
913583118
933388119
945294559
935007465
971188147
833677291
985513718
870562419
825311625
891364848
803705877
891364848
846789564
952095774
853707339
929967447
894762795
947044728
870562419
891364848
831245356
834118402
828857853
960522447
853707339
958209509
957863232
915351289
891364848
867278499
958209509
870562419
733197508
985513718
968059518
951382436
891364848
870562419
822947184
987521746
870562419
923940197
963313661
913900814
990066027
805847110
810103409
967503330
949031333
870562419
880855884
963313661
932042047
935934552
915351289
968340970
952052061
733197508
887317642
879636427
949031333
987513010
872349700
877527189
900069357
989061808
951382436
870562419
940657703
870562419
878546265
834118402
919071621
949031333
937447375
803412666
951771146
891364848
948043739
870562419
884353139
810103409
870562419
876274715
846789564
789121592
984970309
940657703
832217491
731331257
853707339
987521746
927853925
872052533
904163383
834118402
778537821
985960462
870562419
858053177
890859174
952052061
876545115
900005142
858053177
914632031
929145163
805286812
853354590
896727210
919568077
834118402
937813826
894762795
872052533
902691220
925829760
927363633
985513718
943913559
883954330
743527012
880291911
962537412
893013672
910785269
821214329
834118402
891364848
869843353
904277394
900069357
870562419
871990524
931765965
940490846
912809723
817061821
870562419
872052533
946729632
879448911
825910499
834698792
821184294
870562419
877527189
817125238
846763637
963313661
872052533
887597858
838844929
987521746
820328312
933388119
891364848
891364848
865913414
891364848
872052533
873641137
877527189
858703119
870562419
951382436
963313661
891364848
872052533
802847608
985114213
850320297
889577749
812758289
976543765
761634011
900069357
876545115
776696698
637183643
810103409
852750463
899736195
834118402
963009410
913900814
733197508
832520446
891364848
955930239
927666828
967534733
920631965
853707339
802847608
872052533
837609133
839791459
879636427
967503330
949791778
822947184
985513718
910391126
956239885
907384373
963326439
864797485
868145539
941255054
858053177
827852709
963313661
803705877
963313661
817061821
946205883
910083577
840073537
870562419
914632031
872052533
849390030
916358293
810103409
905579857
843532223
866975915
967763549
870562419
891364848
963313661
810103409
822947184
765368558
870562419
963313661
835225560
827243328
891364848
870562419
821202889
733197508
900005142
987521746
870562419
891364848
891364848
949745479
913744404
942686600
552367980
963009410
774535526
610092201
965227596
817061821
919568077
868145539
934391698
858053177
776696698
891364848
875985020
910569962
830453552
774751141
771962895
976891513
868145539
872052533
949031333
929210756
861708628
933354387
870562419
964940356
810103409
738078164
952192987
872052533
830453552
731331257
832262356
914632031
894709390
840073537
967503330
946320192
822232976
946563219
802847608
989735585
985513718
811427636
870562419
851032878
840073537
946940131
853707339
876274715
908953389
910785269
731331257
957328544
914632031
853707339
899587423
965768260
932474551
920008566
802847608
830453552
851032878
870562419
853707339
844464111
843008790
962136959
858053177
987521746
900005142
985513718
731331257
934803398
812244652
921899528
870562419
864568695
911173186
850227551
963313661
853707339
931422962
870562419
914632031
803705877
937939885
913744404
733197508
833012302
870562419
904318516
802847608
891364848
868145539
858053177
782583380
804087310
887516881
872052533
661292474
904985272
870562419
963313661
869054999
840073537
967763549
870562419
905298971
870562419
891364848
931669989
868145539
957501809
705244495
870562419
872052533
886501493
865289365
870562419
880239889
891731303
828857853
946459158
919458728
832520446
949031333
893513723
834118402
854566683
960740506
873269194
985513718
907395905
921611525
963313661
965768260
778284134
976430817
905671232
822947184
906710704
872052533
822947184
922060825
914632031
946729632
776696698
684492543
805286812
817061821
891775334
956644744
810103409
918505340
864395608
948509527
870562419
887317642
805286812
885035399
872052533
870562419
768491785
871990524
879448911
810103409
810449046
824000367
922906234
868145539
833012302
912158475
870562419
926083036
778540431
797565481
810103409
868145539
633155696
870562419
870562419
880855884
850227551
870562419
887597858
870562419
870562419
834698792
853707339
733197508
985513718
914632031
714120775
733197508
912344716
810103409
803705877
951986479
785408106
964684017
731929628
919927179
833012302
757635200
899282266
891377707
807274562
972693581
988567946
978880622
784881683
957958873
985114213
912158475
993158356
768943030
864713743
812244652
904318516
944641076
810103409
876337180
993158356
914589860
948056085
915314722
933405786
839661710
904318516
946140938
915994225
830453552
969858444
891364848
795399412
914632031
864395608
870562419
901242986
858053177
776696698
957501809
853707339
952052061
804922399
870562419
820544338
870562419
651351808
900691912
957279335
900069357
936171854
916358293
881156707
905672121
868145539
914632031
915994225
891364848
872052533
690843591
946205883
965121320
913757192
963313661
853707339
803705877
923057972
891364848
736482029
956239885
984970309
915994225
904985272
939180824
908963326
733197508
847295089
876545115
870562419
915351289
951503584
733197508
872052533
891731303
731331257
964215116
870562419
936630614
870562419
802847608
776696698
870562419
773596989
853707339
884735304
963437579
812244652
891364848
950292024
957328544
810103409
854566683
914632031
899282266
969668600
810893713
944498239
869724471
802847608
915994225
714386721
900069357
898619828
877583697
870562419
870562419
898968034
934874580
937813826
949017253
920097710
963313661
772282193
633155696
759631815
802847608
698338396
963313661
949031333
854378084
933388119
731929628
957501809
803705877
870562419
963313661
853707339
860293234
937716124
949031333
957501809
878039713
870562419
733197508
908963326
822947184
891364848
834125854
868145539
949031333
810103409
894105092
917178793
918315525
841426696
927363633
923736122
960445700
833012302
993720411
628151064
935362408
914632031
853707339
870562419
963208510
870562419
935007465
891364848
966362172
865913414
830453552
853707339
731331257
858053177
952052061
876545115
853707339
913906513
852750463
797636819
898973866
937716124
802847608
853707339
967817914
977413476
526240210
870562419
810103409
933388119
968111945
908963326
946563219
964246555
952052061
776696698
967485087
872052533
833012302
959180279
887317642
872052533
900069357
957328544
817061821
825179264
852750463
802847608
941763803
963009410
973162546
982963826
945791794
957958873
868145539
859474943
870562419
957328544
853707339
661292474
831560462
870562419
870562419
920008566
984043466
872052533
-1
946332476
803705877
985308899
880760007
949791778
945064936
870562419
822947184
963208510
920697239
858053177
781749731
731331257
963009410
900069357
868145539
914632031
870562419
937716124
935934552
870562419
942790478
870562419
784881683
963313661
822947184
832520446
914150218
868145539
731331257
940657703
957279335
878875045
920008566
758934677
900069357
870562419
900069357
803705877
873664883
967503330
951382436
870562419
870562419
933388119
870562419
900069357
805588383
825031319
818374916
891364848
968987277
914632031
852750463
982070368
738946927
828857853
974482791
803705877
975827827
872052533
888121861
891364848
872052533
876545115
747142483
891364848
872052533
872052533
965745110
952052061
649046958
978753195
870562419
870562419
893634073
894762795
984649422
900069357
945064936
887516881
870562419
877341895
962931463
870562419
830453552
822947184
972882694
818488021
925787418
862469993
834698792
800541028
915351289
910083577
988432402
958209509
959128602
830453552
834118402
946563219
982070368
870562419
881036909
879636427
870562419
978753195
957328544
870562419
805286812
949791778
854566683
896149321
973763507
872052533
853788139
870562419
870562419
870562419
982070368
893164050
860983056
947296124
920008566
908963326
940006023
923736122
969275277
870562419
829420419
812244652
853707339
870562419
853707339
812244652
924073345
891364848
801827267
971853364
960740506
870562419
853707339
871215287
912178251
913583118
866161967
853707339
943913559
834118402
870562419
900488141
858053177
899363209
821726545
868145539
946286730
891364848
914632031
759631815
891364848
742603033
892904682
907395905
870562419
891311997
890859174
949791778
876545115
780312184
915101644
840073537
962220488
967817914
986746083
824591572
973763507
918585779
951382436
811427636
952052061
834118402
776696698
891364848
913569657
812244652
920008566
872052533
974935791
903081769
858053177
900069357
890859174
914632031
853707339
852750463
896727210
957958873
908963326
872052533
849149527
834118402
810103409
850677271
868145539
817061821
822947184
891364848
816509740
963313661
939180824
894762795
963313661
870562419
879636427
893575436
891364848
963313661
891364848
794762325
868145539
862791460
805747504
920008566
812212762
877291107
881928903
743419550
958726713
963313661
951986479
963313661
830453552
822947184
945497097
901242986
957328544
891364848
731331257
853707339
944946957
870562419
846763637
952052061
980618430
810103409
987521746
844464111
887781465
949031333
834118402
878875462
822446902
800321173
777250263
914632031
853707339
831281189
863738018
810103409
736482029
933388119
731331257
830453552
891364848
920008566
802847608
691672856
957328544
731331257
900005142
894709390
880111926
872052533
870562419
901091032
920302575
879448911
915351289
852750463
902590309
976479269
853707339
870562419
853707339
870562419
963313661
933388119
870562419
810103409
833012302
987521746
871139717
964226157
833012302
801827267
952052061
891364848
891021872
870562419
865913414
733197508
920641573
802847608
914931335
891364848
870562419
830453552
985114213
825031319
870562419
872052533
913900814
800321173
853707339
946563219
893170507
955042699
712282185
741130198
908963326
870562419
824505714
919458728
951382436
825311625
946563219
876545115
943377023
863946280
893707333
731331257
780773161
916358293
802847608
774535526
926343057
876545115
865725428
965768260
895012900
993158356
960004766
987521746
822947184
733197508
891364848
891364848
946286730
812244652
870562419
870562419
982070368
896727210
951771146
864713743
731331257
937716124
963208510
870562419
868145539
810103409
850320297
982963826
872052533
880111926
910083577
914632031
830453552
945294559
850227551
822947184
907384373
870562419
621894875
891364848
831401610
832520446
799914086
870562419
902241651
887749045
993158356
870990054
967021015
810103409
858053177
822947184
868145539
915994225
812675307
900005142
629777519
891364848
934879218
915351289
893170507
962141530
949031333
872052533
853707339
896727210
925787418
814596865
849149527
924614207
868145539
803705877
933354387
837410490
802847608
814131091
870562419
853707339
917145411
870562419
896661207
868145539
870562419
870562419
900069357
872052533
870562419
900212491
870562419
883306649
873849716
891364848
980464834
940657703
777326196
802847608
853707339
999689524
853707339
894641045
870562419
834118402
731331257
866670550
870562419
920974002
856588124
816509740
919507133
963313661
967625774
890892936
872052533
840073537
803705877
743419550
960740506
949031333
731331257
870562419
870562419
828857853
695741901
896727210
894531286
921611525
715056704
962141530
940750558
920008566
910110065
969858444
870562419
968987277
847295089
952052061
870562419
891364848
792977674
880855884
900069357
963009410
854566683
883163167
963313661
952052061
842683569
919458728
895865404
963313661
935141910
893707333
906699011
655167422
840073537
834867009
946333031
878875045
912178251
982963826
891364848
969543500
862180739
949031333
803705877
870562419
834118402
957958873
870562419
880822324
891364848
900691912
934910416
870562419
933177016
957328544
842166737
894670186
830453552
883575265
825846957
870562419
909568410
933388119
914632031
870562419
887802820
850632206
939363935
922538585
878875045
891364848
993158356
940650202
911005126
915351289
891364848
918801321
802847608
750834997
952052061
946333031
802847608
874582525
810103409
870562419
879636427
870562419
971604925
907091279
810103409
915994225
914632031
802847608
853707339
963313661
880233589
938522558
963313661
822947184
922293134
915351289
886705920
894762795
797565481
868145539
870562419
965768260
870562419
784287693
906726202
862791460
972564314
954504492
776696698
914632031
935007465
940657703
891364848
834118402
870562419
977525993
933388119
919559770
870562419
967817914
748285287
872052533
940657703
870562419
770765406
810103409
879364378
990082924
858053177
913906513
894762795
872052533
837609133
846789564
976604613
932474551
973825762
933388119
822947184
934989516
952052061
925787418
870562419
963208510
802847608
868716220
817061821
863282142
616674690
868145539
785408106
733197508
822947184
990226138
858053177
822947184
870562419
870562419
961265867
876545115
957328544
916967127
803705877
853707339
810103409
898436521
866670550
918450034
768065327
870562419
870562419
795432625
950760806
915229709
828733294
830453552
858053177
846895381
827032857
973974809
916358293
949031333
924512931
950292024
872052533
834118402
819017184
858053177
919458728
810103409
870562419
918153374
858053177
654102927
964912651
870562419
862791460
731331257
887317642
824266615
891364848
780312184
909348387
833012302
871152469
933388119
913744404
979156665
830453552
933388119
834118402
972688653
846789564
969474006
759511040
976891513
957958873
915351289
877583697
949875756
870562419
889448698
946333031
985308899
915351289
929810511
915616144
870562419
819356563
830104112
908963326
802847608
934989516
870562419
810103409
968987277
834118402
870562419
969858444
915994225
872052533
903063926
824266615
959303729
830453552
891731303
909377097
858053177
920302575
868145539
870562419
891364848
944946957
827993620
832023892
892904682
949031333
891364848
865877829
916050686
812244652
733197508
825311625
914347687
883163167
843971959
910290349
806692273
805088668
949031333
893201756
931153767
908655281
949791778
817061821
870562419
922623088
840073537
891364848
870562419
914632031
958209509
915351289
940657703
810103409
955239174
868145539
870562419
887516881
709081198
891364848
870562419
870562419
989455460
963009410
896727210
794762325
915994225
926946352
812768147
940657703
849149527
951168980
803705877
920885207
831560462
822947184
882606624
850227551
870562419
797698490
914632031
810103409
928984417
856684820
834118402
987521746
830453552
733197508
864395608
879636427
958209509
876433541
956497507
783059303
822446902
872052533
870562419
963313661
817061821
733197508
927525168
870562419
916358293
957501809
731331257
950417679
891364848
858053177
918514037
891364848
870562419
964454002
855041145
897183578
870562419
954354956
949031333
817125238
837609133
876545115
859474943
891364848
750257752
963313661
900005142
887317642
822947184
891364848
957146530
822232976
822947184
834125854
816509740
963313661
810103409
963313661
987521746
830453552
802847608
895012900
810103409
870562419
840073537
963313661
817061821
830453552
942941074
981938138
870562419
810103409
891364848
891364848
802847608
896463934
828857853
894641045
974482791
958209509
731331257
822947184
850677271
777326196
896727210
833012302
914632031
947554107
805148355
892904682
879636427
914632031
731331257
856370699
946563219
863028040
853707339
870562419
939689412
952052061
882005336
982963826
935641959
915351289
883954330
894762795
812505967
835561331
949031333
854725291
963313661
870562419
950418035
971853364
980025857
856588124
891364848
810103409
891364848
825311625
858053177
957328544
805286812
891981071
826568739
906726202
882606624
930182509
937939885
956497507
891731303
923742826
822947184
658180178
887401421
834118402
870562419
949031333
624926029
849390030
870562419
657184718
816509740
952052061
853707339
903326077
870562419
876545115
881036909
891364848
951382436
949031333
909066839
827993620
872052533
915351289
963313661
810103409
905672121
825311625
957328544
853707339
731331257
912178251
870651729
887952990
868145539
911020478
918801321
868255546
780312184
870562419
797636819
946286730
877341895
900212491
900069357
811427636
891364848
870562419
995293647
871782692
870562419
776696698
853707339
810103409
891364848
870651729
903860064
526240210
733197508
870562419
914632031
981938138
944371546
870562419
781238611
915994225
891364848
949031333
935641959
949791778
868145539
841192601
958580568
863282142
858053177
853707339
900005142
870562419
776696698
925787418
914347687
942686600
802847608
863087928
848734420
949031333
931779541
882671152
870562419
810103409
825846957
802847608
940493277
957501809
933405786
898200313
816509740
754705165
935367744
933388119
731331257
776696698
731331257
838903500
910110065
915994225
870562419
919045382
895731577
849524858
879448911
921122132
916358293
855035537
933388119
870562419
964246555
993158356
731331257
959180279
891364848
925787418
963313661
922293134
933388119
800321173
946563219
834118402
987521746
977443833
825311625
830453552
921611525
940657703
870562419
863282142
847275244
914632031
914632031
870562419
741493445
915994225
993158356
801827267
825031319
810103409
868145539
881156707
915994225
890974835
733197508
891364848
862791460
858318697
770273458
910785269
870562419
834698792
885877836
963313661
919458728
914585364
952052061
858053177
817061821
896727210
891364848
946563219
870158057
830453552
853707339
632751280
870562419
870562419
880233589
870562419
960522447
870562419
987521746
870562419
891364848
733197508
858703119
952650692
987521746
811816068
802847608
963313661
731331257
917178793
923433027
834118402
733197508
870562419
805286812
935670302
872052533
870562419
917190455
935641959
908963326
840073537
904318516
870562419
870562419
834698792
903294584
898468061
868145539
803705877
952052061
870562419
803705877
752180819
788509296
941493518
593966794
852750463
868145539
882005336
963313661
974177916
963313661
870562419
810103409
947196934
868145539
842102687
820389964
879636427
949031333
887407709
916758452
842843151
872052533
803705877
951950617
967524330
967740679
730902631
810103409
855041145
872052533
879636427
853707339
955971899
862791460
874582525
675631003
870562419
963313661
811367280
949031333
963313661
900849615
870562419
951792613
833012302
892809546
848983827
891364848
968377733
823711606
852750463
952052061
802847608
593966794
803705877
870562419
817061821
805286812
872052533
899354169
882596839
803705877
877291107
868145539
822947184
920008566
866830647
991772046
868145539
859557995
915351289
754705165
658180178
920008566
920008566
926343057
956701321
872052533
864395608
891364848
951382527
933784465
881156707
743614437
728977995
922293134
968987277
933388119
817061821
952052061
962141530
891364848
862469993
858053177
870562419
978970749
891364848
850227551
872052533
887749045
817061821
729273151
949034002
898041529
853707339
833012302
780312184
952052061
957328544
882596839
963313661
906710704
894670186
802847608
887597858
691523568
940094525
834118402
958249075
862791460
978603249
870562419
914632031
982070368
952052061
870562419
733197508
733197508
870562419
881231853
915351289
791933952
913900814
817223557
929951346
872052533
868145539
872052533
963313661
982070368
870562419
952792894
792304317
915616144
878469509
870562419
814661999
870562419
891364848
810103409
986441187
870562419
828857853
862469993
891364848
978548172
913906513
909568410
914632031
949031333
957328544
963313661
973763507
810103409
872052533
947172420
964215116
935362408
981451198
946563219
891364848
946205883
978327914
968987277
935356351
879636427
834118402
803705877
891364848
949791778
896727210
794379862
969275277
967952288
803705877
816509740
809271086
733197508
914347687
733197508
855035537
949791778
891364848
952166464
803705877
922100409
870562419
834118402
836475574
970489240
895865404
833012302
832520446
733197508
871152469
974450331
822947184
920008566
919071621
834118402
870562419
870562419
842102687
824713996
828733294
906726202
914632031
957501809
870562419
907395905
915351289
942325597
834118402
870562419
906699011
858053177
948056085
957693668
891731303
900069357
900558202
923736122
809424173
862791460
870562419
521625584
967503330
870562419
942331425
865913414
870562419
731331257
891364848
834118402
980956445
870562419
803067627
913744404
778540431
865840495
907599701
948551365
965768260
822947184
796815885
982070368
944595972
834698792
810103409
949791778
877918388
898730618
870562419
868145539
592148954
748285287
733197508
957958873
641450398
933485434
887749045
900005142
870562419
949031333
896727210
794379862
963313661
944645101
610092201
802847608
908963326
946333031
933388119
987521746
961112731
861564422
961112731
987521746
966969693
918454184
797636819
870562419
822446902
961112731
891364848
924073345
776696698
914632031
974450331
891364848
964912651
961112731
802847608
912158475
920697239
904949603
942517813
885035399
948043739
967503330
946333031
943957734
891364848
810103409
961112731
860857807
961112731
961112731
870562419
933388119
913744404
869425014
785408106
854725291
898973866
897183578
961112731
725635955
917440040
870562419
952052061
961112731
851032878
961112731
690991729
915351289
856588124
952192987
891364848
948043739
920008566
868145539
891364848
961112731
858053177
956497507
891775334
695016862
979841760
891364848
932636799
961112731
733197508
823711606
803705877
961112731
862791460
944946957
914632031
893789128
843971959
993158356
961112731
812244652
981938138
870562419
870562419
868145539
957279335
986441187
920008566
802847608
792906666
812244652
940006023
900069357
880760007
991623558
894641045
961112731
872052533
901316195
937716124
733197508
913583118
832520446
963313661
870562419
961112731
942941074
908050480
696362180
766871726
961112731
963313661
869221122
891364848
872052533
961112731
957328544
858053177
891467071
961112731
950853759
964215116
962141530
961112731
733616881
812675307
961112731
868145539
949031333
961112731
923510295
870562419
869223881
957501809
926331764
776696698
690843591
810103409
978327914
961112731
957146530
895120196
961112731
870562419
887407709
894762795
817061821
858053177
961112731
896356811
802847608
914420293
952792894
952192987
958188373
910255529
915994225
963313661
810103409
952052061
870562419
853707339
961112731
903330065
957328544
733197508
944371546
858053177
891364848
961112731
871990524
810103409
853707339
946563219
891364848
946404543
968987277
891364848
830453552
987521746
903413521
811816068
915994225
961112731
944121678
802847608
961112731
902590309
933388119
961112731
874836649
908057392
961112731
961112731
946333031
916404495
776696698
961112731
915846133
937813826
947739383
951382436
944595972
993158356
942517813
731331257
862180739
986050696
872052533
858053177
733197508
873330740
902642566
961112731
802847608
849478161
891364848
890236241
891364848
895865404
963313661
961112731
810103409
952052061
870562419
914632031
920008566
906099908
872052533
949031333
873206015
852750463
891364848
930528184
949031333
870047827
978929175
923736122
805286812
961112731
916358293
853707339
961112731
834118402
889782865
932474551
870562419
872052533
891731303
964940356
963208510
982963826
810103409
879636427
961112731
949031333
961112731
894762795
961112731
870562419
870562419
865913414
982070368
817061821
913744404
923996961
891731303
896727210
870562419
961112731
760344494
956258746
736482029
835561331
891364848
961112731
947756222
821726545
947756222
872052533
937716124
906099908
981938138
957501809
810103409
874582525
891364848
922293134
865840495
868145539
825031319
810103409
933977814
858053177
968987277
957958873
871990524
810103409
946567103
849149527
894762795
870562419
957501809
952052061
870562419
825750507
810103409
961112731
942686600
935367744
775871738
985308899
909615059
915351289
914632031
865913414
961112731
894762795
875771645
961112731
915846133
833012302
906099908
961112731
870630273
949031333
811367280
973233127
908050480
961112731
946563219
864395608
963313661
955454423
888023993
891364848
901245035
784741634
752889738
934803398
870562419
865124002
845657441
980995911
961112731
929104982
914632031
802847608
918545262
989211365
927849832
849149527
833012302
921611525
890972737
961112731
810103409
876049420
872052533
963313661
915351289
891364848
634283280
961112731
941588125
935007465
961112731
923779045
937716124
934335133
858703119
935139758
831401610
895865404
832429281
870562419
960445700
915994225
799601679
920974002
961112731
832429281
900069357
961112731
840073537
862469993
794045618
946940131
806692273
890972737
802847608
960445700
876948051
961112731
982070368
924073345
870562419
801564574
961112731
922906234
872052533
891364848
948043739
951382436
957328544
830453552
816509740
939394811
872052533
962931463
865130320
953953721
961112731
972882694
949745479
745087985
961112731
949031333
963313661
870562419
961112731
824505714
802847608
958387239
935139758
961112731
858053177
891731303
891364848
802847608
921338774
987521746
961112731
858053177
948212898
993158356
987521746
952052061
879116938
985308899
871990524
942517813
870288258
823789182
837609133
872052533
914632031
926578293
741797152
935790272
865130320
849820357
952095774
961112731
891364848
915994225
935139758
982963826
892105249
891364848
928984417
891364848
906726202
969640680
937716124
961112731
938522558
899603707
961112731
961112731
736482029
880320498
984043466
828857853
971456281
952052061
950417679
923229041
906710704
980995911
963313661
942349968
736482029
802847608
914420293
878875462
952052061
961112731
892832696
853354590
957501809
872052533
891865789
961112731
644284466
872052533
933999673
743614437
963313661
892115573
821707163
894516051
776696698
961112731
858053177
923304124
858053177
890972737
963009410
961112731
888005009
832429281
961112731
952052061
933388119
961112731
924073345
904985272
879636427
870562419
842102687
917839493
969858444
901242986
888023993
957328544
876274715
820389964
933388119
915351289
951382436
858053177
752282821
961112731
915351289
961112731
942517813
858053177
731331257
964215116
888005009
910083577
961112731
963009410
944595972
910110065
910110065
731331257
798966861
870562419
560598857
830453552
858318697
915994225
960503104
938899148
722829532
964246555
870562419
961112731
949791778
906099908
967740679
964215116
961112731
853707339
973195409
891364848
949031333
980995911
968377733
870562419
872052533
814881669
963313661
916358293
864425316
868145539
870562419
944997608
934335133
869387781
957958873
935139758
935007465
812141590
780238358
946940131
946563219
963313661
962537412
853707339
888906051
961112731
922060825
870562419
870562419
817061821
870562419
903301024
909066839
800321173
961112731
828857853
878875045
879636427
963313661
900069357
957958873
922899299
949031333
952052061
864713743
816509740
869784906
882450907
900691912
891364848
981938138
897031225
949031333
942517813
938899148
802847608
919746814
887597858
870562419
932300753
906699011
971604925
884055416
958751043
733197508
961112731
961112731
967740679
933305659
891364848
940657703
872052533
923736122
980995911
870562419
951382527
964226157
961112731
895865404
733197508
853707339
951382436
933405786
914632031
894762795
852750463
949031333
828857853
961112731
858053177
880233589
961112731
961112731
872052533
908963326
914241771
984912292
897910796
939929503
977443833
870987252
942933887
961112731
925291285
868145539
961112731
934803398
858053177
851032878
858053177
933405786
972693581
961112731
876545115
961112731
961112731
868145539
868145539
957328544
