622433941
-1
647843502
670266961
-1
-1
622433941
-1
543360055
801212939
-1
699135725
-1
-1
-1
706800522
752175953
-1
-1
729204713
814650633
998605060
715716633
-1
678893918
990907420
715627521
926606305
623132101
606292467
554137375
-1
-1
670361791
-1
-1
854613956
-1
652421223
-1
779301601
865103275
866084023
960420267
788165460
742689905
671420619
-1
712417956
814865534
627274047
726129880
527877451
708441811
-1
673990606
-1
945286080
650426767
-1
631363532
-1
967039232
-1
806860289
-1
-1
733061092
671837166
-1
972368052
-1
854423622
-1
719576864
945654479
-1
617182405
-1
909812194
975943191
626584622
750230782
682522056
-1
931492298
881029291
786347767
-1
-1
-1
612820755
746425418
568117939
691461506
680417852
632046778
-1
-1
916619265
-1
903531648
-1
-1
471670469
-1
729869555
517840964
776696551
804026463
-1
588330010
621946871
737632386
755745383
997681398
-1
-1
769201130
758568329
606600406
671168243
824670067
-1
-1
743964026
976765771
575198013
-1
758233854
764449423
993336746
795431839
901684982
-1
521293457
783141658
-1
-1
-1
582143697
-1
-1
588330010
-1
-1
-1
765839167
-1
674268192
677118622
-1
914833232
-1
612298108
614442145
795896996
892065684
-1
942277079
714778240
734712840
-1
808314334
677118622
692874925
-1
-1
976479362
-1
854153556
706800522
-1
827794678
945654479
878371694
-1
-1
707315953
776207293
945262735
723282011
-1
887402684
709284344
559999269
-1
-1
553923885
691461506
743387361
742025951
692125583
-1
606179077
568593967
568812933
-1
909495936
-1
909812194
-1
-1
876048952
596902110
665744782
-1
788618028
657456134
-1
-1
898061462
857611415
-1
662543029
-1
782662062
724209289
858306634
905820687
970273522
-1
-1
885115813
981030838
-1
-1
-1
-1
698051848
-1
559999269
-1
588330010
-1
-1
965810759
749739191
780536292
990392355
-1
794590488
898061462
-1
515138227
921737913
589412314
-1
585686879
902894146
-1
552339912
962271213
604110530
-1
654556004
-1
-1
-1
631363532
-1
-1
797818286
835528887
-1
-1
-1
703338802
-1
652475911
675667542
742592881
-1
854153556
-1
789131925
-1
667886943
515138227
-1
817519359
-1
-1
895109240
-1
542691917
732354164
728796412
-1
715627521
-1
512391343
518662216
-1
-1
-1
-1
-1
-1
963235814
542691917
912641563
-1
-1
-1
862873709
568593967
961106681
-1
802678783
701119585
559999269
-1
712378296
-1
-1
715747934
668248288
-1
-1
943190697
949729500
-1
-1
933999692
614592209
749417633
665444301
793619918
676213250
878625243
706369525
626426347
-1
904602415
754583193
542691917
948802796
-1
-1
731555733
718864824
667948394
801321628
871194894
797770706
542691917
686402581
529048158
905820687
593289193
-1
911433176
-1
611554663
606600406
786841780
734712840
956132341
818763202
-1
-1
667886943
790389262
-1
779518335
710506193
-1
-1
534564950
746219934
878415788
840144527
573355191
595980968
967377088
679319800
-1
638598954
755778057
741196005
-1
-1
-1
575198013
975403004
847215445
551509764
-1
-1
624589833
749579796
960420267
882787806
667886943
864877007
909759702
868682328
567323725
647907360
-1
-1
-1
656163084
746435517
621421245
631363532
-1
-1
-1
819382334
730857546
927714933
983111234
-1
-1
729000125
808314334
750936698
874459724
607518047
621082272
623795361
795431839
508548569
757937861
981322754
771469897
647128302
862054690
901490940
718400409
-1
-1
801821927
821128371
-1
820727137
862054690
-1
-1
954739125
739179434
660583249
-1
588609956
660798618
971327551
-1
-1
-1
-1
871325548
617264653
800618848
939324501
-1
-1
694541372
815164621
744213919
670241815
-1
-1
-1
-1
-1
907161507
-1
-1
582773894
-1
671168243
789529674
653911423
647907360
794123667
-1
-1
887402684
-1
820727137
916299772
-1
626426347
-1
682761335
926322286
981322754
-1
846357145
-1
853761082
612298108
715700363
-1
519365301
665444301
-1
-1
779818162
-1
666348285
785442456
559999269
-1
-1
514561082
577698734
942277079
-1
-1
-1
711302892
719357184
606179077
908843385
-1
-1
544637491
906754010
785442456
799032735
-1
688770551
777642141
-1
734050627
-1
-1
825851595
628937593
875819956
-1
542691917
953516277
678893918
739182376
-1
955816854
-1
660144589
719357184
834924172
724635366
900543948
820727137
803919251
-1
851201844
691222170
785148463
-1
892813584
833178716
-1
729204713
775093084
932710491
914319863
964458269
-1
679949526
882787806
588330010
-1
-1
789936207
671420619
-1
971205373
734712840
845909026
-1
967961509
807785591
-1
660089682
-1
813572854
769858275
809754970
667948394
625425722
995078586
-1
829735131
-1
660699747
-1
821128371
608048965
639082713
-1
599893530
827794678
-1
906885287
754819738
657902226
-1
-1
631363532
-1
704801463
-1
733460325
-1
776207293
953374046
-1
640801493
966716721
655199407
975495797
-1
561497999
691799038
-1
758233854
909759702
-1
-1
-1
934211876
739068262
587170343
840144527
868682328
730166288
825960654
946731328
-1
-1
605007977
-1
-1
931949536
-1
744826845
699103040
777522755
-1
609999466
650786708
559999269
744337950
959857103
933141627
-1
-1
-1
898667933
579921645
760955619
887402684
-1
824670067
973928009
-1
797818286
692888109
725591246
-1
-1
739235493
-1
-1
654556004
601867417
784410511
755778057
887402684
607594556
769654895
931492298
907866309
662543029
633362545
778351688
631363532
940985402
680027995
-1
975495797
635789725
830124660
801548408
808027665
-1
665237537
588330010
-1
631363532
843658651
-1
682761335
-1
-1
-1
-1
-1
692125583
-1
-1
856719178
634462387
695056964
569870488
-1
878754120
-1
-1
591782466
574174895
656501176
686417605
-1
710590866
-1
-1
638337880
-1
931949935
-1
-1
-1
801767442
-1
776553260
-1
-1
878754120
668087936
-1
-1
961712368
-1
-1
954830909
884258467
-1
-1
-1
916619265
-1
910102652
914995889
-1
-1
-1
-1
-1
-1
862594176
917481211
711127284
611354646
-1
-1
672877259
-1
651111658
566278541
952974522
-1
-1
-1
-1
654556004
-1
-1
-1
-1
571955744
982190536
859884872
-1
800851102
604638161
887778742
837015277
652552704
-1
697744957
552847884
-1
817677989
-1
-1
-1
-1
561497999
-1
-1
-1
-1
-1
-1
574805913
-1
-1
829808080
-1
737824034
764449423
-1
-1
809486351
-1
680027995
697265567
-1
854153556
672997994
914050261
667886943
987369901
-1
-1
907892729
807522052
-1
-1
631363532
727870105
-1
-1
-1
784489191
-1
-1
653895335
800851102
715472514
884955735
606179077
-1
-1
963018029
929040601
-1
-1
-1
791230335
808314334
543360055
941136900
947447213
994606832
-1
-1
960527089
933527434
-1
-1
863107824
861647991
895781337
641320322
684944325
-1
-1
990392355
-1
647331444
-1
974373573
-1
-1
676397170
716324629
986097197
864958903
789120065
652475911
987369901
719703592
-1
852957313
775684139
696545973
-1
542691917
872096179
-1
753392682
834787327
730857546
667886943
602983866
826431789
820727137
-1
-1
618239003
991672243
960527089
-1
-1
715027537
-1
739130588
542691917
823110696
-1
601269474
641320322
981030838
765152035
-1
631363532
880588994
840612296
606179077
573974906
-1
-1
-1
982755379
793619918
642999908
-1
560925799
-1
-1
565109100
785148463
732845250
976951710
-1
545520835
651111658
867349091
-1
820968264
-1
-1
982473577
953012682
672997994
786313186
539411760
-1
711302892
912897738
542691917
809814588
-1
-1
-1
-1
-1
631363532
744791159
630211186
667886943
836831422
781722830
-1
612820755
-1
-1
-1
905277450
606179077
761946365
878754120
591709224
787561883
795098348
629424967
901684982
-1
643062227
878513558
881976217
-1
666938163
688770551
-1
974641807
-1
794651302
532420501
-1
758233854
-1
794043872
-1
-1
702209548
900335613
-1
683389772
-1
823150439
975604666
818922448
568812933
801739528
947616963
730845129
816777967
-1
579921645
925879564
637049930
802678783
952319490
779301601
-1
800319084
887402684
-1
515138227
553467633
-1
802501549
783816879
550463007
916619265
917734385
542691917
602002734
812559676
-1
850169537
582143697
-1
-1
-1
-1
878986287
-1
856168606
823447946
-1
793619918
-1
817677989
977914572
-1
887837706
-1
730444327
870259571
680394950
801638137
523574589
681363023
568438199
667886943
612298108
-1
-1
773710877
540452883
854329593
-1
680027995
-1
836592593
-1
867086375
-1
831075132
611354646
764449423
-1
568593967
-1
-1
946229794
-1
739074891
762922147
793525333
-1
-1
798247246
622433941
745629415
-1
601042864
-1
-1
791081357
742114548
-1
732268549
815509932
-1
801881242
742192102
-1
-1
777558930
831506176
574174895
696545973
606600406
747662662
744452080
730817335
510425443
807785591
582143697
-1
612298108
-1
-1
960653831
-1
-1
-1
606600406
801321628
679319800
-1
659568456
985034153
-1
770081305
-1
684765262
667008944
739057334
-1
782853949
-1
783141658
-1
-1
742479784
-1
-1
-1
-1
-1
-1
-1
-1
612554929
932018149
964458269
-1
760732879
732845250
897742833
706878408
-1
940985402
-1
-1
630272173
606179077
748356497
-1
948924634
798596737
692125583
-1
783816879
961989330
552847884
583716952
-1
867086375
811088371
887837706
-1
-1
823110696
-1
974012140
607687110
-1
610750679
587953672
767315000
788419203
-1
711302892
647868694
-1
621082272
884427936
-1
-1
679218919
912766294
725591246
688597070
624239418
-1
823676061
994940585
-1
-1
624589833
-1
606600406
744213919
-1
806214137
-1
706800522
566620091
709180499
-1
-1
909015428
711302892
927788516
-1
635856433
755778057
755454473
883030195
-1
-1
782853949
575604141
-1
-1
839286300
672742650
814865534
-1
794656334
944225772
934636739
635842461
-1
-1
-1
603504930
824853388
974966993
-1
973928009
914320673
761434666
-1
552847884
-1
641059690
828174807
654556004
784899409
-1
772177746
-1
-1
732845250
655934844
-1
643556119
887402684
647843502
-1
753836569
726435796
-1
-1
912970082
964149988
-1
601867417
738998785
798596737
834252707
-1
-1
-1
555184216
651111658
621946871
651111658
835014553
581509889
777558930
-1
-1
912970082
613013620
-1
-1
553884821
-1
-1
878411852
-1
-1
-1
793590946
-1
559999269
827794678
-1
-1
-1
732845250
-1
566771516
-1
609359281
672877259
548483211
724209289
-1
954408719
944173463
577698734
866990444
-1
716147021
-1
594408088
931492298
880398603
845334168
-1
-1
-1
738998785
582143697
657054398
916619265
716813406
977736937
802845690
810773574
-1
871325548
-1
-1
942137304
692789748
-1
918490880
836825329
595847492
-1
-1
674583490
719539248
656501176
917154800
693288508
-1
852243732
693959651
692789748
-1
647843502
-1
651111658
765151467
642999908
810094680
900550306
854153556
608048965
-1
749417633
647843502
-1
641059690
779518335
946731328
-1
489357695
-1
750936698
908620871
744337950
-1
821128371
935033693
854571385
836791661
696545973
-1
578391737
670713687
762424425
612298108
-1
847690074
935724871
-1
-1
785866423
706800522
932036487
629125861
731830699
719539248
543360055
589328998
657794909
611174069
634462387
-1
692874925
552847884
626426347
771286842
-1
-1
-1
-1
863107824
934538442
-1
803740523
864286988
780893904
767458092
869488997
763068828
582143697
647843502
716953745
-1
696545973
-1
-1
-1
-1
852782810
-1
499187209
800917401
512391343
-1
891975475
-1
797818286
794043872
-1
-1
-1
-1
914898419
-1
955157210
-1
-1
884235534
-1
579076722
707583410
-1
-1
710051165
753752768
840768518
796412207
-1
-1
754071667
-1
727149583
550900195
-1
828590955
-1
577698734
-1
889511077
-1
-1
-1
-1
-1
-1
-1
534564950
650188597
993760428
544637491
-1
-1
-1
766474570
933916574
-1
-1
-1
-1
915640971
758233854
-1
-1
694935595
758358120
-1
646692976
-1
828275038
-1
754583193
-1
706369525
626426347
780893904
542691917
-1
552847884
-1
527877451
-1
582143697
-1
606179077
-1
-1
-1
643855010
783141658
641320322
-1
905820687
785442456
900247551
-1
912970082
762419745
764449423
625344321
588330010
819095160
716630201
582143697
561497999
-1
959351911
-1
750858350
-1
631363532
652532279
-1
-1
716062882
980387449
655528076
-1
973928009
574174895
998605060
-1
550900195
616792260
-1
-1
929423293
777642141
-1
630216325
-1
880813462
801212939
820727137
-1
-1
675415022
880588994
-1
647331444
746571665
671168243
-1
898844521
-1
993336746
784107649
686860455
588330010
802678783
656501176
693288508
-1
-1
715027537
971327551
944230305
742114548
-1
-1
-1
953374046
527321236
727124442
555184216
-1
847988543
881696901
621082272
665744782
-1
716953745
-1
616792260
-1
677548156
-1
670842951
920194799
-1
-1
882267295
-1
-1
559999269
625344321
628937593
-1
-1
994002878
-1
552847884
875076587
993336746
794656334
-1
728104517
910821136
612298108
-1
-1
-1
-1
594408088
-1
695056964
934211876
871767786
527321236
621946871
-1
981030838
632111374
678672417
996980354
-1
-1
-1
-1
696545973
944962253
854153556
709843499
-1
874459724
-1
573974906
754583193
750286452
839166272
613692024
-1
990392355
-1
623795361
889756764
986710515
859972934
-1
840612296
991010330
-1
820727137
-1
772243931
-1
813543754
-1
696545973
914319863
-1
-1
696545973
-1
515138227
-1
-1
706800522
-1
779297418
642440157
671168243
714532697
-1
870225973
-1
-1
792678070
-1
939324501
630075740
-1
-1
534654538
-1
-1
996139148
582143697
-1
-1
842854339
901385749
565845161
-1
-1
813248543
647128302
582293373
743964026
-1
-1
898958007
667886943
725711077
-1
655440814
624589833
943174427
498768055
707277006
662893985
719098216
755778057
-1
-1
588330010
637142790
-1
550900195
713185021
-1
846823662
-1
993813749
634693375
839339114
-1
882821957
827794678
-1
606179077
680394950
657525098
-1
-1
799050372
537540350
552847884
889756764
-1
-1
-1
711482754
568812933
-1
612298108
-1
-1
943281073
626393032
-1
-1
641320322
553923885
914260505
692125583
543979679
-1
-1
-1
964458269
-1
828590955
627517360
846485478
-1
675415022
787957379
-1
678479780
695575177
-1
967490418
886210556
534564950
-1
-1
-1
635789725
701802847
-1
-1
967700485
880813462
747662662
-1
-1
-1
814077235
-1
-1
680027995
-1
950536286
-1
537115042
-1
-1
807330521
-1
612298108
-1
820727137
760621785
726134301
739545889
772243931
855461220
559999269
-1
685779251
663519119
-1
-1
-1
880588994
973918866
-1
767558003
-1
704942185
542691917
929368899
-1
-1
558659598
-1
764449423
-1
-1
982793188
953057124
-1
-1
-1
-1
783141658
864877007
-1
698794721
900335613
631363532
911038458
-1
746432778
-1
978036326
711935695
776207293
559999269
588375951
582143697
-1
752428404
-1
-1
849331675
747017612
897433132
994606832
-1
-1
-1
689047933
526112080
798715747
606179077
-1
858686036
763737445
903531648
960420267
-1
-1
773565729
898607741
-1
546983328
-1
-1
971205373
-1
651111658
944230305
660144589
715627521
617039318
-1
696545973
721441682
933141627
742165985
829553710
-1
-1
806237876
746219934
953068449
719098216
-1
823447946
865238198
760730568
703366616
-1
844405000
711484863
-1
-1
715700363
-1
688796739
941034845
582143697
719960599
553467633
945262735
-1
823110696
981069224
655638804
-1
660773939
-1
823850056
555580684
-1
-1
786313186
793230704
794043872
827486626
-1
-1
811916167
-1
559999269
876791533
855847968
-1
555184216
-1
-1
-1
-1
716147021
927788516
-1
893889788
932063470
555184216
970273522
-1
-1
971327551
749617518
682719348
607518047
568593967
612298108
733979922
-1
880813462
-1
-1
811597769
647118157
949423517
783816879
922609148
631363532
807330521
-1
817465608
-1
672483722
670167849
-1
-1
911038458
-1
-1
722498160
-1
625641971
641648592
724829736
719703592
543979679
964363300
693535216
-1
-1
-1
-1
-1
798247246
756585863
930424438
-1
800907973
-1
912471041
747022793
854153556
-1
-1
-1
-1
981431585
848205155
772202267
732845250
747662662
750786270
693288508
-1
616792260
647331444
913460579
647128302
582143697
-1
834787327
-1
-1
-1
697652674
-1
-1
732908795
617182405
606179077
785442456
734179303
631363532
-1
-1
627657828
959351911
741071384
694307674
794651302
-1
-1
671906794
-1
-1
-1
729000125
582143697
631363532
627274047
696545973
-1
515138227
-1
595450536
-1
708104453
-1
-1
814440958
799261770
-1
-1
587170343
-1
827794678
-1
-1
-1
-1
-1
627274047
654965106
-1
625714412
817062343
907161507
647331444
-1
-1
673410319
697652674
-1
631363532
918561884
630021907
705578178
967377088
955959788
-1
-1
704801463
689581224
-1
623758823
739074891
-1
-1
695138884
830524828
734179303
561497999
945262735
-1
710506193
750838023
721709077
-1
869488997
697744804
756585863
800618848
671168243
-1
542691917
-1
-1
907457047
-1
718572173
621946871
582143697
764449423
689047933
-1
-1
692789748
631363532
-1
845834615
885061646
898001866
754667483
700678836
786841780
-1
-1
-1
731225165
-1
-1
913451325
-1
800229720
820520038
-1
983111234
742887810
573355191
-1
757275709
987665266
553884821
745230676
-1
-1
800817183
762718007
-1
728084451
-1
-1
-1
687766074
-1
859972934
903064949
553884821
820727137
-1
786313186
887402684
758358120
790284144
698051848
-1
698051848
594408088
814408991
990392355
621868236
804225407
-1
542691917
-1
829553710
935033693
955575072
739214484
583716952
663239187
969761448
933579697
637250809
910573561
-1
-1
574174895
663519119
-1
855500561
591782466
582158087
991474448
552847884
733998732
783962528
888766177
-1
960420267
719098216
560731301
878986287
-1
805536757
-1
-1
552847884
-1
814525979
724635366
903531648
-1
672536627
-1
834787327
746425418
-1
589328998
970273522
-1
594408088
724635366
-1
-1
515138227
835528887
-1
961402106
-1
675822096
821467212
-1
707043776
610452794
-1
667886943
878754120
667886943
935702998
-1
755517796
-1
818868226
515138227
724770056
971637786
861732146
800917401
832929681
-1
-1
-1
667886943
836266015
776696551
651111658
907712058
944173463
895350858
574805913
885061646
602026661
630211186
-1
-1
783187942
609999466
-1
-1
686425472
583716952
901228963
631363532
-1
725711077
804694390
689442149
-1
-1
805978152
-1
-1
973918866
823110696
-1
614827154
-1
648357841
-1
-1
982284368
873476354
722498160
-1
-1
595450536
775316784
-1
-1
806065394
552339912
920173592
818763202
574174895
-1
900335613
954739125
-1
681620363
-1
-1
738998785
-1
-1
-1
579921645
696545973
-1
789955626
-1
615029345
667948394
-1
793525333
934211876
-1
631363532
-1
767194234
913451325
553467633
-1
641051673
902333683
934442532
798955924
812894437
616792260
-1
574174895
-1
582143697
-1
626426347
692789748
840768518
-1
-1
-1
-1
908040410
905121585
816004909
873476354
824670067
703407231
823431950
609999466
-1
-1
-1
-1
-1
-1
858554909
960992347
701647199
-1
764449423
785161423
-1
740494731
789955626
-1
-1
-1
630211186
-1
582143697
867669130
836266015
-1
-1
987526667
846357145
582275133
980387449
988490034
547899691
960653831
-1
635789725
546983328
703414552
689527578
-1
846685596
634693375
784352446
-1
-1
-1
610732842
-1
558903158
-1
-1
772243931
794123667
967961509
694122669
932589782
958315206
731809402
788618028
783141658
631363532
-1
985622419
-1
961402106
-1
-1
754583193
840117564
695349820
-1
887778742
-1
575604141
-1
583716952
631363532
878360051
726442822
641532859
884955735
-1
794043872
694307674
-1
815799268
637037048
-1
565109100
-1
-1
780032082
-1
745036104
631363532
681955162
624589833
-1
812894437
965918110
-1
643265503
956758231
855089888
-1
557603645
-1
-1
-1
673964525
660144589
941098924
-1
800153286
690512535
894420779
560135257
715243437
729000125
-1
608048965
-1
552847884
677118622
544637491
618625610
709955383
720723513
706800522
820727137
-1
606179077
-1
803206064
781462175
765151467
604110530
-1
830704130
767558003
796231329
740383442
-1
932710491
-1
988578395
712043083
781396648
619660301
718864824
871325548
727990916
907617511
747662662
-1
839166272
699832481
928169963
722498160
-1
-1
-1
712118480
724829736
-1
981322754
782825663
-1
527877451
-1
887837706
639869245
-1
626426347
-1
940940283
854613956
-1
739928022
-1
-1
618835162
710051165
637960462
700884067
-1
772912745
868183569
702762592
727870105
998605060
-1
-1
-1
-1
993760428
-1
695131071
667886943
-1
663519119
572739486
700375618
-1
-1
610667961
-1
639082713
625714412
-1
626720912
-1
-1
-1
718030909
-1
560175283
510425443
-1
867349091
-1
631363532
696545973
632046778
623795361
679589483
-1
638612607
619660301
-1
-1
599893530
773556319
-1
-1
-1
551645875
591917644
-1
772177746
695056964
909812194
-1
-1
973669242
777642141
-1
880588994
775684139
701802847
-1
626950548
922781415
-1
-1
829808080
794590488
-1
964458269
-1
854122858
789955626
-1
631363532
-1
828939507
700325855
753624600
631363532
945262735
768635060
-1
653911423
653913397
630021907
667948394
-1
-1
-1
-1
964149988
848205155
816275192
952974522
697344561
862594176
696545973
-1
878411852
-1
-1
758085671
-1
-1
-1
-1
-1
837430310
785866423
709008653
-1
-1
675822096
994082848
874699714
-1
-1
-1
812339357
559104813
771732674
826684491
-1
690512535
-1
747662662
-1
-1
771916914
738361812
902714369
884467537
-1
-1
-1
655638804
-1
-1
921066332
-1
707043776
660406387
527321236
996139148
995078586
552339912
-1
730484620
-1
872096179
-1
681667829
-1
-1
-1
703407231
-1
-1
588330010
694648621
-1
-1
665512520
840768518
593995062
858306634
874042719
790779354
-1
-1
-1
832079667
768641129
-1
-1
829528660
-1
996375591
796093332
816004909
-1
716953745
559104813
783816879
806003566
967458936
-1
565109100
-1
904398873
-1
871663472
-1
749579796
890461853
878360051
587846046
-1
860504170
-1
849141923
-1
-1
-1
-1
631363532
755454473
-1
-1
-1
631363532
625224524
552847884
856964217
671420619
-1
992747684
619095761
744213919
-1
696545973
-1
-1
563508049
783187942
-1
829808080
831075132
918339337
-1
596902110
735020682
535497634
-1
741337563
985557697
826353222
-1
745036104
538901041
829808080
-1
-1
-1
-1
710506193
868682328
878754120
660144589
569308965
871204955
527877451
517840964
-1
-1
619660301
577698734
-1
932036487
697744804
529048158
-1
732908795
707457619
552332649
548483211
980387449
-1
686335255
869488997
801321628
-1
631146708
-1
796412207
767458092
-1
-1
622433941
907209361
582143697
-1
-1
634462387
691907901
976964360
-1
601867417
728295765
780600038
905804641
-1
905531720
-1
623525997
826431789
-1
-1
643855010
878415788
823447946
611247922
692125583
582143697
-1
744826845
937188333
-1
666254875
692333719
-1
-1
-1
-1
-1
967961509
-1
-1
-1
806918479
606600406
-1
-1
887837706
936333835
716953745
636422881
-1
697509617
515138227
734834354
936333835
-1
730254085
-1
515138227
-1
678672417
-1
737271490
824011624
794043872
877026629
635842461
746219934
938890762
568438199
-1
-1
625841823
-1
-1
-1
779784159
775316784
599076492
553923885
805536757
-1
-1
692974818
-1
-1
561312687
701802847
-1
674837080
531204671
915746390
-1
-1
748745064
778407271
672997994
823447946
-1
670713687
773444901
679371734
-1
702663220
696545973
667886943
736641807
996139148
762475320
898958007
561497999
855555140
-1
933646847
-1
534564950
823083277
710506193
775316784
-1
-1
-1
-1
988697846
708104453
619660301
-1
854122858
552339912
-1
-1
981503745
970883347
640064298
-1
-1
788310348
-1
921078008
934211876
783141658
887837706
751463966
849885145
761946365
879609593
796043153
993760428
-1
756396040
-1
634736153
721635110
755778057
631363532
748356497
-1
606179077
-1
748303972
-1
826353222
769946899
969761448
-1
969761448
-1
676213250
764449423
981503745
670842951
-1
546983328
967377088
574174895
-1
714715658
-1
-1
-1
-1
-1
566771516
-1
517321156
643698202
681363023
971327551
889511077
680027995
-1
796496126
575715710
-1
973918866
914320673
993266004
523235907
856168606
712118480
-1
631146708
-1
543841824
772243931
932788293
-1
588330010
-1
-1
972616605
-1
-1
902714369
660342907
612298108
674837080
-1
849620483
900335613
675224391
810789315
851201844
-1
-1
-1
619660301
986048717
-1
582143697
751463966
840528949
885115813
-1
589694508
822936650
-1
800447449
-1
-1
552847884
803917385
575198013
696545973
814865534
612298108
714310358
882787806
679965945
868313585
558903158
982755379
588330010
-1
978531565
631363532
827246365
608048965
-1
523245962
-1
606179077
621868236
608048965
-1
-1
600927954
626970410
-1
847215445
771916914
686092197
631363532
990847011
667948394
612298108
-1
853091259
820161162
-1
626970410
647128302
555184216
-1
-1
-1
-1
-1
905820687
964149988
-1
750230782
-1
-1
-1
-1
897742833
-1
732845250
-1
678893918
817677989
-1
-1
719163393
529048158
657054398
662443135
689442149
728084451
-1
-1
753500819
953678870
549661965
-1
566147158
644681528
724209289
684765262
809941963
-1
667948394
655638804
863158275
-1
966716721
922142368
-1
939240362
-1
991760414
810319357
-1
730857546
665444301
542691917
724209289
773024140
544637491
-1
623278598
881029291
546983328
900335613
638966511
735020682
802578204
612298108
-1
-1
744213919
811792873
820727137
933999692
-1
642138941
677231367
907994497
746521041
-1
715627521
584289017
726134301
979133185
-1
-1
-1
878371694
-1
-1
578565368
-1
998605060
-1
-1
990392355
592514317
926288736
-1
715027537
885450909
767567050
-1
868685944
691435944
709955383
583716952
553923885
930474031
711302892
882528613
-1
826122359
647128302
905820687
-1
781722830
-1
-1
887402684
658651857
807522052
588330010
612298108
637347092
850169537
612298108
-1
723848503
660798618
827246365
806860289
971327551
920521479
794651302
650843875
-1
-1
-1
647009117
793619918
914779006
972655098
820445244
725866422
632111374
-1
980963167
-1
932589782
-1
779280795
801638137
851222836
-1
829808080
709037669
-1
-1
885061646
-1
655638804
-1
546983328
-1
-1
641045311
715627521
854347045
542691917
983122191
-1
621946871
654556004
684765262
890461853
598691697
-1
-1
-1
803475783
964467717
815573642
542691917
-1
978242969
823447946
827246365
917596063
550900195
-1
626426347
813543754
965992261
-1
-1
714532697
606179077
840854324
887402684
774660686
719098216
582158087
695056964
740702340
-1
761049100
-1
-1
582143697
942877014
880588994
783606803
-1
583716952
512391343
542691917
887837706
730444327
-1
791839960
582143697
553923885
-1
938890762
600770879
969301857
884427936
523183776
-1
-1
665444301
917154800
-1
606600406
-1
783187942
-1
-1
655902692
-1
-1
734712840
982755379
666554829
879044960
715347577
922142368
774218437
960168265
682888476
717941686
824011624
941094074
-1
-1
522243199
827346948
724635366
807522052
-1
-1
618625610
836831422
635294666
-1
696545973
854347045
698051848
-1
-1
655621938
621082272
-1
632046778
850880778
801881242
-1
-1
834906528
-1
702696397
858686036
-1
515138227
544637491
-1
567384799
542691917
-1
-1
799357158
-1
-1
-1
-1
692125583
721749826
-1
-1
-1
916383950
568777057
777522755
-1
785350055
548835764
-1
-1
813104653
726129880
-1
577150586
647843502
-1
592186409
952635105
-1
-1
-1
616208200
584651049
694935595
872563148
-1
819986632
843658651
-1
709843499
527877451
-1
733979922
-1
-1
846485478
-1
759640516
905820687
-1
-1
-1
-1
-1
678353467
665707497
621082272
-1
-1
542691917
-1
-1
-1
670167849
-1
745036104
709180499
925879564
-1
938620207
645325262
928169963
931949935
-1
914833232
660387280
588330010
836044004
-1
855847968
709634627
789120065
-1
-1
-1
582143697
834900456
641320322
887778742
555788159
-1
715627521
789466198
810073690
797770706
623350246
-1
687935762
-1
600927954
-1
-1
732440484
871366979
-1
545173265
875236839
612298108
-1
-1
-1
-1
553884821
887402684
-1
-1
738541513
527313619
578165071
-1
486080977
981030838
-1
887402684
-1
800012183
-1
-1
-1
-1
996446335
882781769
794043872
873476354
610677396
729005200
881632444
716953745
763816574
777522755
641353083
-1
679319800
889511077
671819761
800447449
-1
816132546
-1
-1
-1
-1
716324629
-1
-1
-1
631363532
610732842
719703592
-1
852434096
-1
-1
-1
732845250
660089682
-1
-1
818299389
-1
-1
867086375
695056964
-1
724209289
719881644
-1
905805589
736215161
717941686
-1
887837706
631363532
-1
599579093
-1
639170943
-1
770565759
662208974
612298108
-1
517321156
628937593
986992478
632111374
-1
727240126
-1
651111658
-1
630534041
-1
684035171
670361791
-1
944173463
736641807
801638137
704801463
-1
898891056
985203385
981431585
-1
905460171
-1
-1
-1
976801542
916299772
-1
515138227
784328661
710506193
-1
981503745
-1
631363532
865246781
-1
-1
677231367
512391343
823150439
-1
-1
-1
-1
630272173
814050547
849639304
-1
979133185
806720049
970883347
-1
986749460
-1
850856825
-1
650832119
526112080
631363532
542691917
-1
-1
892291064
652475911
572741013
729869555
631363532
-1
857413676
813543754
-1
698470292
993760428
895350858
-1
825851595
857611415
892101143
881632444
-1
582143697
-1
601867417
-1
635842461
943107710
-1
594408088
750230782
-1
824853388
-1
895350858
811666550
-1
907994497
-1
665444301
712238005
686417605
606179077
-1
873397442
779518335
-1
552339912
802678783
-1
714628982
553923885
920521479
871325548
755778057
612298108
-1
-1
589734180
-1
-1
-1
625344321
-1
915746390
801548408
780893904
558903158
941993508
645626805
815164621
917734385
-1
781467920
552339912
793590946
-1
555184216
776553260
-1
-1
-1
647331444
-1
-1
785613079
760186362
542691917
-1
517321156
781722605
787457448
823110696
701217278
-1
909812194
-1
-1
836044004
820727137
-1
542691917
618835162
992747684
606179077
-1
-1
900335613
-1
600927954
-1
709634627
692063601
-1
905820687
625714412
-1
-1
659651917
-1
-1
-1
-1
-1
608717814
697509617
641320322
-1
-1
-1
796928174
616208200
804225407
750858350
699832481
887402684
964467717
-1
820445244
-1
722485670
-1
-1
726415634
-1
-1
631363532
907457047
764647056
-1
-1
-1
832395255
491936644
631363532
895486154
-1
724209289
887402684
583109651
560731301
781935755
895486154
-1
579096995
799357158
764449423
986992478
765634541
683703905
-1
-1
-1
907928166
-1
953686724
-1
746219934
616792260
-1
715472514
-1
900247551
854830530
747562674
-1
856872558
677118622
-1
766799792
639824610
766799792
709180499
-1
638529898
-1
-1
710506193
-1
-1
799058563
-1
647843502
721709077
842854339
631363532
901684982
-1
-1
-1
664712013
-1
638343348
660144589
780600038
-1
730166288
-1
546983328
-1
-1
-1
-1
637347092
707030181
946082843
885061646
673310331
559294060
925879564
-1
-1
777820200
655638804
-1
878411852
-1
929591321
-1
-1
946515122
668883711
-1
653911423
543360055
729869555
-1
766839805
982755379
632111374
553467633
781396648
859884872
-1
576761657
542691917
-1
-1
670266961
-1
884399156
-1
-1
-1
848461053
840602484
-1
854505075
-1
-1
612298108
788165460
-1
-1
-1
-1
-1
-1
-1
-1
887402684
800035480
-1
602313542
925879564
636153225
650843875
572741013
-1
794043872
845834615
-1
-1
793525333
-1
802678783
744213919
781467920
872096179
881632444
772903195
754071667
680256008
975495797
714715658
515138227
709230419
-1
-1
897742833
574174895
619111450
939820987
-1
664408483
997286493
545173265
-1
899908593
553884821
-1
-1
796412207
715716633
-1
977914572
706800522
-1
565109100
-1
-1
850387974
772243931
-1
797770706
-1
779301601
543979679
-1
851131303
-1
850880778
610732842
611554663
799357158
-1
836044004
555074351
631363532
841404000
612298108
-1
-1
-1
724829736
-1
871132259
908412716
542691917
905820687
898001866
776207293
-1
776527579
714697968
860060869
653911423
-1
-1
744826845
631363532
621001049
626578630
-1
839166272
-1
-1
-1
693274929
543744719
-1
724635366
744175491
552339912
706800522
762404648
981431585
728259122
-1
636252047
-1
854153556
-1
802678783
853567962
948089491
517321156
887837706
-1
912970082
739068262
-1
-1
-1
-1
724209289
670764870
905329661
854329593
-1
-1
-1
-1
884014177
-1
645981963
641320322
693428952
550463007
610667961
577698734
750936698
863823909
-1
742479784
606179077
837430310
-1
-1
-1
780893904
897662829
680417852
692888109
764449423
667008944
608048965
-1
-1
-1
-1
632111374
546983328
636153225
582143697
-1
-1
985203385
-1
671337496
863716551
728783387
842854339
561497999
-1
850951222
715747934
565109100
989188989
-1
903763673
699689329
-1
655638804
-1
887837706
-1
852434096
668883711
-1
928055775
-1
895350858
813625460
-1
904602415
-1
-1
780600038
755778057
939324501
797770706
542691917
807256309
-1
-1
631363532
640801493
929544303
870225973
542691917
-1
777775323
829528660
-1
-1
593995062
-1
810073690
-1
698051848
864286988
666997460
854347045
902894146
848369738
768641129
840602484
-1
960168265
-1
948955192
-1
768641129
-1
-1
-1
779301601
-1
643855010
630241842
670266961
693288508
604110530
-1
969755109
713684310
552339912
-1
721749826
-1
-1
-1
542442678
583532507
823110696
671837166
518662216
-1
597477174
854153556
703407231
593995062
-1
733977005
918551889
833812425
-1
812379434
837524525
-1
916619265
-1
-1
695056964
703407231
-1
791526688
-1
-1
977871638
766474570
715472514
848205155
-1
828275038
-1
-1
836044004
640660933
575715710
573355191
792690652
796471971
820445244
887402684
789602299
796928174
810319357
630211186
546983328
993813749
993813749
755859966
-1
976765771
-1
673990606
700623590
762404648
-1
-1
-1
582930424
-1
827369512
-1
804775743
587525467
529048158
622321197
-1
543360055
680960482
781935755
855089888
678893918
806237876
942870235
958542646
-1
552847884
-1
732908795
515138227
-1
582143697
872563148
798715747
863500832
-1
855847968
606179077
738541513
655199407
555580684
-1
-1
-1
753951345
877925968
-1
499187209
-1
-1
-1
799058563
-1
575198013
593995062
-1
701647199
757937861
-1
714628982
724829736
588330010
988697846
943174427
-1
828189734
-1
607025658
529048158
607326653
641919024
-1
-1
-1
735136643
776207293
-1
725711077
-1
842106118
-1
764449423
-1
852782810
635294666
917734385
815573642
-1
-1
783187942
722549592
-1
621946871
-1
-1
887402684
582143697
-1
994002878
811792873
-1
672536627
-1
862594176
854153556
721441682
-1
597523619
-1
915746390
-1
-1
-1
-1
750858350
606179077
-1
566620091
964458269
647843502
694935595
707583410
758358120
-1
732845250
579076722
-1
817677989
679644480
-1
-1
802678783
892065684
-1
595847492
-1
943127964
689527578
649447814
-1
-1
-1
878754120
-1
-1
773024140
885115813
886210556
-1
772243931
713185021
618835162
-1
744337950
517321156
-1
869901501
947438291
769795922
-1
-1
811469843
-1
804026463
814865534
935724871
961019559
889984115
588330010
-1
726236070
-1
550900195
905531720
829073993
754056157
-1
-1
777522755
648177905
592976452
750838023
641320322
753392682
-1
688456817
-1
-1
811232562
566147158
612298108
974373573
769201130
-1
542691917
-1
-1
847420404
546983328
655638804
833178716
544637491
542691917
-1
695512010
-1
765151467
706800522
933527434
727368222
-1
765151467
617654070
-1
914320673
515138227
-1
748541837
672997994
-1
-1
780202702
971936612
-1
653895335
-1
877529289
-1
-1
-1
575715710
-1
901684982
816275192
767458092
-1
960992347
-1
-1
977232720
-1
986992478
-1
-1
821078970
772769992
-1
662664183
998605060
744386669
-1
931671084
-1
686092197
981533232
869488997
879576208
-1
523183776
784107649
-1
731225165
722498160
777522755
701518917
824670067
807256309
-1
856047022
789131925
874459724
969572378
885115813
-1
827246365
-1
967039232
875659002
864119826
-1
650832119
918183540
784092787
862594176
889089203
-1
-1
798955924
608152829
939324501
-1
772903195
-1
-1
-1
960168265
-1
747481855
665908295
610167654
789955626
-1
846357145
980988138
716630201
-1
-1
780893904
-1
-1
-1
971327551
-1
777522755
831730025
889565659
612298108
621082272
582712823
878415788
553923885
568593967
941993508
692125583
-1
-1
706800522
857413676
-1
665857098
-1
715747934
718917337
799357158
-1
753392682
-1
954739125
527321236
-1
-1
-1
612298108
543301204
-1
660144589
-1
-1
552847884
836310333
732845250
819109357
765634541
918903236
-1
803475783
684425858
631363532
911646387
-1
844437062
721749826
658443533
-1
-1
963018029
-1
515138227
676397170
703692122
823431950
641320322
651111658
732354164
905820687
-1
905820687
808314334
725145929
733061092
542691917
779526783
-1
783141658
856818014
647118157
915534864
-1
612298108
-1
878513558
609999466
-1
-1
-1
903531648
908861450
588330010
776207293
-1
-1
-1
918490880
-1
586593323
859528621
553923885
-1
667886943
820968264
854122858
575715710
-1
677118622
589876543
-1
693340832
-1
932788293
887217658
832327119
-1
772720260
-1
579921645
968279742
941098924
591057113
887402684
-1
-1
-1
-1
562412783
748056231
-1
734941088
667886943
-1
800218192
757937861
444650928
-1
795431839
-1
880223293
-1
-1
542691917
691461506
-1
-1
972655098
-1
-1
986373328
621082272
-1
-1
654556004
647843502
655902692
998605060
694934448
-1
-1
-1
836339094
-1
-1
489357695
-1
-1
801010947
745838574
750936698
647128302
-1
-1
921066332
631363532
950975201
608981512
-1
-1
-1
990907420
-1
-1
767558003
611354646
718781480
-1
674837080
-1
830165642
634919877
-1
551509764
640801493
550463007
542691917
-1
-1
-1
-1
-1
789276620
-1
589328998
-1
696545973
-1
559999269
882821957
725145929
674980103
913451325
-1
732845250
902844404
-1
833347465
-1
641320322
772903195
606179077
801010947
-1
-1
508099123
725145929
855089888
-1
621082272
554137375
875076587
-1
861595913
868248206
-1
647843502
-1
691263841
583716952
887217658
718030909
555184216
710590866
593995062
642999908
612298108
-1
658871552
936333835
-1
655621938
-1
680027995
716953745
632111374
-1
-1
896856061
606600406
675784653
630211186
-1
644462085
644681528
720628658
-1
-1
999389291
672997994
727124442
969761448
630211186
835035597
707130101
610167654
914331045
887402684
679589483
-1
618835162
821467212
621009417
968303275
-1
588330010
-1
854571385
606179077
856168606
-1
-1
-1
566147158
-1
-1
724037054
588330010
998605060
827246365
698794721
-1
-1
-1
-1
-1
-1
848088353
-1
846485478
-1
701836715
718864824
697509617
-1
-1
-1
766491718
847690074
512391343
588041363
459878741
667008944
-1
803855370
670167849
680027995
825372715
811916167
737470852
-1
819838600
768267322
578165071
542691917
757937861
810073690
625714412
583691362
553923885
-1
-1
-1
780938835
-1
529048158
-1
634693375
793525333
925879564
616792260
-1
726937429
-1
721441682
986373328
-1
942137304
-1
-1
-1
-1
-1
696545973
885115813
688770551
773565729
691907901
622587888
918551889
994940585
-1
-1
634919877
820445244
566278541
899025169
588330010
652475911
-1
-1
-1
-1
698794721
708282349
730166288
816296857
-1
-1
-1
-1
534564950
631363532
807216869
570174140
606179077
-1
961712368
-1
677840970
-1
849639304
-1
-1
-1
-1
-1
-1
772912745
674705020
-1
877365600
-1
-1
542691917
732845250
-1
-1
-1
-1
912471041
-1
538668690
958274065
-1
641320322
-1
917461819
662197977
-1
552847884
-1
-1
571957381
-1
-1
647571778
-1
-1
543360055
-1
-1
630272173
887402684
-1
-1
977419107
-1
700325855
771916914
-1
-1
-1
611354646
753836569
833417353
-1
593995062
588900106
952635105
917543285
-1
-1
583716952
675622386
955157210
623795361
-1
-1
-1
-1
-1
-1
769201130
-1
-1
-1
944230305
-1
971680912
-1
996446335
794043872
585686879
668228002
-1
695056964
801739528
923425048
-1
626720912
850880778
882118947
587846046
905536486
-1
656501176
670713687
-1
534715788
-1
692789748
864786270
-1
914320673
730444327
808314334
-1
-1
641051673
-1
-1
-1
-1
692125583
-1
-1
735064622
618835162
648177905
983122191
-1
672543931
754056157
847690074
-1
709180499
-1
-1
716324629
887217658
-1
781935755
933579697
-1
-1
-1
918561884
666641816
521293457
666997460
999033537
739590843
-1
682928819
-1
621946871
847322637
-1
631363532
602313542
765151467
-1
653913397
-1
-1
-1
-1
629125861
576761657
-1
-1
805978152
-1
-1
-1
629125861
-1
-1
956132341
-1
-1
-1
-1
-1
631363532
930424438
790750472
974904709
961989330
820968264
786313186
-1
887837706
-1
887402684
701217278
501877508
680417852
-1
854153556
-1
-1
-1
-1
668228002
-1
661231099
-1
593289193
-1
-1
696545973
932788293
-1
612298108
828590955
610750679
612298108
-1
-1
732059991
-1
-1
861885692
947447213
852434096
515138227
963018029
-1
997556865
677231367
829808080
948089491
-1
-1
-1
611621277
712545560
790752469
-1
922781415
515138227
963734173
-1
-1
991672243
-1
820727137
766491718
-1
796471971
-1
769201130
695056964
815164621
963018029
-1
764112305
855847968
-1
772912745
800229720
869488997
565109100
-1
626578630
-1
572538811
-1
604638161
728295765
-1
746435517
616792260
824011624
571494892
612298108
-1
696545973
632111374
883631494
754338126
-1
587170343
829073993
675784653
869488997
800917401
783141658
-1
610732842
715627521
-1
621082272
660676770
820727137
-1
722498160
-1
840612296
-1
-1
767400698
780600038
621946871
-1
860060869
761373949
610750679
-1
-1
-1
-1
-1
895663290
-1
-1
-1
732845250
647128302
-1
-1
-1
727124442
809486351
-1
909015428
970883347
-1
588330010
-1
666938163
-1
-1
740494731
915534864
-1
-1
696545973
812109258
-1
-1
659651917
930424438
559999269
604071702
-1
797143374
574174895
582143697
794590488
662543029
986048717
931949935
739924666
-1
849885145
-1
-1
733979922
722498160
881632444
-1
-1
-1
647571778
-1
-1
-1
-1
-1
775316784
789466198
-1
543360055
921066332
777972587
724829736
662197977
784107649
638966511
941098924
754667483
-1
-1
748176902
788419203
-1
775316784
-1
-1
552847884
-1
798955924
616792260
544637491
802578204
773348207
879505307
643855010
-1
544593270
964003163
527877451
552332649
517321156
723848503
-1
-1
964149988
806214137
-1
605466455
856047022
766491718
-1
848670339
-1
818763202
-1
591782466
848369738
698051848
-1
659568456
-1
839166272
-1
-1
772243931
-1
-1
836921026
-1
665444301
-1
775316784
938878340
713185021
-1
-1
-1
-1
754583193
640064298
-1
631146708
-1
887402684
-1
-1
733979922
-1
647110556
981030838
521293457
-1
570174140
582143697
-1
-1
-1
755778057
-1
-1
638598954
963675664
552847884
630211186
-1
-1
738541513
542691917
742114548
606600406
742611585
-1
-1
881696901
582143697
-1
-1
755778057
932063470
789120065
671837166
-1
856669427
692063601
662852751
879215711
-1
651111658
677840970
-1
529048158
-1
796262118
894021094
895282888
954408719
986373328
-1
694541372
726129880
966053530
970273522
559999269
-1
656559535
878754120
-1
-1
848369738
587170343
696545973
-1
-1
885115813
638598954
-1
-1
765597005
-1
577695930
-1
-1
-1
612298108
733939303
608943475
672726611
612298108
599745062
-1
-1
619660301
534564950
897722369
869041347
871767786
-1
805978152
957276951
664712013
-1
634734552
725711077
643912264
801321628
662543029
742704564
944230305
-1
656559535
588330010
772243931
769201130
546983328
612298108
932036487
-1
722325849
738748420
746219934
-1
-1
-1
871952005
-1
654556004
-1
647128302
814077235
662020133
544637491
794590488
-1
799117135
-1
-1
859325967
784107649
-1
-1
-1
-1
803855370
993760428
848550766
747993906
732469713
606600406
-1
606179077
685760571
997556865
940608565
-1
631363532
-1
-1
518662216
883610873
589734180
764449423
605905467
962401296
-1
606292467
-1
725887190
691263841
-1
622433941
-1
643408551
621082272
788286915
902177287
566278541
832058752
-1
-1
-1
976479362
-1
727124442
570174140
853091259
843509397
948934098
-1
975448436
654556004
-1
565109100
781935755
745875556
734188217
671168243
-1
657794909
-1
884592940
-1
805761443
829808080
-1
-1
591782466
-1
602983866
-1
672726611
-1
-1
753392682
561761383
841067389
771286842
-1
606179077
-1
805536757
546983328
814706105
618159556
-1
606179077
-1
543744719
619660301
648177905
-1
-1
687688003
-1
-1
-1
628236807
612298108
814865534
803919251
-1
582143697
-1
887402684
-1
618625610
-1
816296857
-1
907866309
671168243
908430001
772652567
-1
-1
888654906
798596737
-1
710506193
-1
650426767
-1
-1
820727137
911038458
977726144
612298108
945286080
847690074
553923885
660699747
981030838
-1
999817298
-1
-1
623278598
981431585
-1
528295683
862594176
-1
884014177
-1
-1
827710240
-1
-1
575715710
616208200
670266961
777642141
691799038
-1
-1
-1
889756764
-1
665444301
846357145
648271715
907928166
629867190
-1
785274707
672997994
736641807
-1
683673972
-1
881230991
-1
993760428
820727137
-1
707457619
799591992
623278598
-1
-1
-1
999817298
550900195
674557989
534233623
750286452
744534518
680363304
648327737
769858275
777177970
-1
925827018
779280795
909495936
-1
-1
578783750
-1
692425358
-1
828234688
-1
560720948
781935755
-1
889511077
922609148
-1
-1
870627429
-1
-1
859972934
-1
-1
781935755
826353222
-1
667886943
-1
672543931
-1
944112786
747562674
785866423
637049930
956132341
688456817
-1
857611415
-1
807216869
-1
811916167
902714369
-1
822936650
876340292
786952477
-1
-1
635294666
-1
877365600
-1
717920129
630216325
-1
-1
909015428
569569814
713373380
722498160
828590955
602002734
971205373
-1
671837166
597477174
736641807
634462387
782825663
667886943
806860289
877365600
905536486
583532507
-1
771255118
751551450
593995062
-1
992206175
801010947
-1
917734385
618159556
977736937
-1
816014658
583716952
877026629
-1
898556376
-1
-1
-1
606600406
591782466
554375776
-1
-1
-1
925827018
-1
831381275
696545973
-1
801321628
763320920
-1
543360055
937807493
872096179
675010771
679319800
622555359
-1
-1
836044004
750286452
794656334
-1
-1
-1
-1
-1
956726316
789120065
-1
-1
-1
575198013
-1
-1
666554829
575604141
684913373
-1
640539307
902714369
885061646
-1
-1
-1
694975162
-1
613006317
850389731
912970082
612298108
797776992
-1
648177905
-1
612298108
-1
-1
-1
-1
801548408
-1
-1
-1
-1
773331178
917596063
920521479
905820687
-1
-1
623169994
687128519
692880533
-1
618933211
-1
917734385
-1
630211186
795916591
-1
-1
-1
-1
-1
-1
932383230
-1
713684310
668813721
687766074
728295765
-1
680027995
-1
552847884
771916914
738748420
706536701
817677989
570174140
-1
-1
-1
-1
-1
776207293
559999269
795896996
555184216
863500832
907712058
-1
552339912
-1
796412207
548627469
-1
-1
637250809
848614350
-1
-1
919785143
-1
802512979
543360055
-1
678479780
-1
630098574
678672417
515138227
540452883
-1
744328355
667886943
990892322
621082272
777985319
824670067
650832119
515138227
782476370
631363532
764112305
668551096
772239152
-1
611689261
926933159
812894437
789466198
-1
-1
-1
781467920
926606305
870259571
905820687
621946871
-1
645626805
-1
-1
678893918
990840442
-1
517321156
-1
587170343
552847884
-1
573355191
696545973
-1
952974522
716324629
-1
863500832
-1
606179077
607357034
-1
981503745
-1
-1
964363300
-1
-1
564693368
-1
852835934
683602560
677450136
650786708
612298108
724770056
-1
644681528
789120065
566147158
802578204
542691917
-1
792678070
-1
716953745
655638804
543360055
701647199
660773939
706800522
677118622
955157210
-1
660699747
588330010
887402684
-1
561497999
680027995
882781769
628236807
649795506
-1
781935755
-1
641320322
-1
-1
-1
601867417
810773574
677118622
-1
789131925
603504930
856692390
-1
-1
-1
707043776
623169994
814471562
-1
592976452
780600038
932063470
-1
991485854
-1
-1
-1
-1
680027995
602983866
-1
846999830
654228205
-1
-1
-1
582930424
-1
-1
711874013
583691362
-1
701976589
613013620
814328358
799050372
666938163
906493317
833812425
647408936
649447814
862519133
-1
-1
870347379
858554909
-1
987095634
-1
905820687
634462387
-1
575198013
645983970
907712058
800319084
-1
886497548
-1
-1
788419203
864119826
812109258
560175283
631363532
-1
-1
777522755
794651302
-1
-1
679400387
703375772
-1
628937593
901228963
748070780
-1
945262735
641320322
-1
-1
-1
934852685
878754120
-1
-1
-1
-1
-1
622433941
680027995
-1
987369901
-1
-1
-1
-1
-1
-1
811916167
699918700
-1
515138227
993760428
-1
842854339
-1
996446335
606600406
955959788
802493501
-1
-1
-1
-1
-1
896398405
673350791
792678070
885115813
707130101
-1
-1
700864123
783141658
892108730
588041363
-1
920173592
-1
-1
801548408
998605060
631855652
-1
777558930
802493501
-1
825766679
-1
886443468
575715710
692789748
621082272
699832481
542691917
-1
905652805
-1
-1
745838574
859325967
884014177
-1
765152035
-1
820727137
-1
595450536
-1
767194234
693428952
-1
747099282
667992434
831878174
-1
725145929
674268192
596902110
-1
-1
957276951
-1
-1
-1
993760428
686402581
680027995
626584622
708282349
776207293
664712013
965992261
-1
550900195
-1
870341611
-1
829808080
-1
811916167
982755379
-1
-1
-1
663519119
575715710
945286080
529048158
-1
-1
-1
-1
929544303
851968101
956726316
733981765
991418416
-1
659654412
582143697
609573116
966716721
-1
579096995
-1
889511077
-1
738998785
-1
538901041
715747934
552847884
771286842
998605060
610167654
-1
615652797
970883347
-1
960168265
-1
-1
842504662
687466415
589328998
631363532
604110530
714532697
554375776
-1
-1
700375618
566147158
739928022
-1
950975201
-1
779518335
-1
-1
935702998
-1
961989330
-1
652475911
546983328
694935595
751104846
878371694
583716952
522243199
665405457
-1
-1
715472514
527321236
695914791
795431839
742887810
-1
834906528
560981464
-1
724209289
767558003
-1
740007676
-1
917543285
748303972
-1
-1
-1
688460895
730166288
707384556
820727137
824392401
800218192
588041363
990392355
634462387
766474570
977184880
566278541
710506193
-1
-1
859884872
-1
-1
-1
732059991
744826845
740383442
767315000
-1
884467537
-1
709843499
813104653
-1
714778240
779280795
527877451
-1
-1
813156168
680494646
820727137
908843385
960420267
-1
-1
517321156
680417852
614863318
619660301
-1
-1
-1
914779006
-1
567323725
860060869
729869555
849972482
795431839
896856061
-1
-1
964877703
654556004
794043872
885115813
666641816
900166680
-1
-1
783141658
871132259
764449423
710506193
552847884
788165460
689778174
655638804
-1
937807493
675415022
680027995
692333719
742192102
527321236
617454873
-1
-1
955816854
-1
-1
695056964
-1
865229666
-1
601867417
911038458
887402684
967961509
852434096
741196005
-1
600770879
-1
874093624
817465608
-1
744386669
950536286
871325548
650786708
828275038
-1
925879564
-1
619334201
802501549
777522755
929544303
820727137
627648929
582143697
942137304
-1
-1
991917367
673833456
606600406
-1
-1
827048647
699689329
793619918
830070121
-1
876594812
911386049
743728477
994107011
675784653
-1
655638804
982755379
954739125
963137291
-1
582143697
706369525
626578630
730444327
964222487
732845250
838488731
577557443
669773536
-1
-1
794590488
704333475
-1
-1
-1
701194765
-1
977726144
-1
598691697
606179077
679589483
-1
-1
678980820
981503745
783962528
-1
982190536
-1
-1
-1
-1
-1
882821957
687155196
-1
884592940
829808080
800917401
691799038
-1
551509764
-1
542691917
631363532
-1
518662216
763816574
-1
-1
755778057
551509764
-1
868331005
962271307
550900195
542691917
-1
-1
832691499
881696901
582143697
702992834
-1
-1
736641807
746668080
948502849
-1
621029153
-1
596902110
-1
-1
762346644
619095761
983126417
-1
583532507
534564950
797242323
695781005
-1
647120687
902177287
-1
990969165
624589833
606600406
806065394
-1
671906794
650786708
-1
-1
-1
722498160
865481439
-1
-1
-1
832081465
-1
-1
710506193
-1
737709200
-1
-1
-1
-1
527321236
691222170
663172586
648177905
982439835
897433132
898106063
628856570
-1
542691917
591782466
546983328
-1
-1
612298108
559999269
625714412
-1
589876543
750786270
954739125
945286080
-1
929591321
996991052
801321628
-1
660144589
914320673
623278598
-1
854613956
701647199
960420267
739068262
-1
553114016
730332893
-1
706800522
-1
-1
905820687
801638137
789955626
582143697
629823699
542691917
894021094
708104453
582143697
-1
872096179
-1
575608661
931629330
854347045
-1
780766961
-1
-1
-1
693340832
784489191
-1
574805913
669773536
526112080
854613956
986373328
582293373
-1
610732842
-1
527321236
755454473
748541837
-1
-1
-1
653913397
-1
-1
-1
576978809
-1
-1
780600038
826122359
940940283
-1
635294666
-1
680494646
-1
933583671
574174895
-1
617454873
773444901
932063470
791081357
783187942
654556004
887402684
618835162
820727137
-1
631363532
671837166
810773574
730166288
-1
-1
761049100
783141658
-1
-1
625344321
661231099
543360055
-1
-1
773024140
585161727
639413035
-1
-1
842504662
882821957
548455997
-1
-1
-1
701518917
804694390
512391343
-1
-1
-1
550900195
-1
606292467
779518335
986220725
-1
710506193
-1
-1
739068262
589694508
-1
-1
901684982
779301601
622587888
926969752
975943191
731225165
630534041
-1
-1
896844720
995694339
542691917
-1
-1
801739528
-1
-1
724037054
723848503
-1
-1
663519119
985072528
-1
-1
732440484
845397214
-1
603504930
941342468
-1
-1
-1
588041363
-1
-1
866708746
-1
689631399
566620091
924392749
699820111
-1
898844521
595847492
975604666
812109258
692470312
803855370
856719178
660406387
773331178
-1
714715658
836310333
-1
993813749
-1
935724871
-1
634462387
-1
724209289
685779251
-1
711776647
-1
789098187
-1
796262118
-1
-1
810094680
589328998
699918700
818922448
862245666
667886943
-1
-1
591782466
610732842
595847492
859972934
-1
783816879
-1
733061092
876468125
-1
-1
-1
582143697
540416250
-1
968279742
725711077
817531204
574805913
-1
772239152
902970109
-1
-1
-1
-1
527877451
-1
-1
577150586
758568329
701518917
725145929
-1
733977005
-1
-1
566620091
753745898
881632444
945955897
925879564
726236070
-1
715027537
675822096
660144589
692789748
887837706
841559555
980387449
658443533
-1
-1
-1
692125583
909015428
-1
864877007
895663290
575198013
610167654
976964360
847690074
591782466
-1
-1
-1
865094607
-1
-1
747993906
849639304
680027995
-1
-1
-1
654556004
-1
712118480
-1
809814588
-1
542691917
718400409
582143697
641059690
593995062
823431950
-1
515138227
591782466
806214137
-1
-1
-1
-1
-1
768980759
730940539
817677989
-1
-1
-1
882118947
846357145
868331005
789529674
866693052
-1
-1
714778240
-1
696545973
-1
-1
-1
612298108
651111658
-1
936333835
727223482
606179077
945214788
801212939
887837706
-1
-1
-1
-1
-1
-1
890412166
706369525
914320673
-1
-1
961106681
778407271
-1
608048965
-1
971327551
-1
648177905
-1
631363532
-1
887402684
689986806
-1
698051848
-1
-1
574627610
-1
-1
591782466
-1
-1
608930597
885450909
695138884
-1
624525896
582143697
878754120
703338802
670713687
980302563
764449423
-1
-1
611354646
-1
-1
670842951
721709077
909015428
-1
-1
-1
809814588
905329661
672478384
745036104
-1
582143697
601867417
-1
-1
-1
695512010
934211876
-1
-1
780032082
828275038
768641129
-1
611354646
934754786
618159556
712591469
938620207
916619265
692880533
-1
827486626
892832350
881632444
-1
-1
850389731
660699747
882821957
-1
-1
-1
-1
772709677
-1
-1
630211186
653913397
527321236
-1
919279794
696545973
606179077
907712058
773331178
630333339
887402684
-1
730845129
-1
-1
-1
764112305
-1
-1
667992434
991418416
633221863
950536286
831506176
882781769
954739125
789131925
933527434
909812194
715627521
868183569
803917385
-1
939324501
806860289
960420267
-1
884946725
-1
832395255
638337880
542691917
641320322
932270277
-1
754290514
-1
905325444
-1
-1
582143697
715627521
826122359
740900748
895282888
-1
733979922
713185021
-1
-1
-1
767194234
-1
786241012
-1
-1
-1
796412207
667008944
887402684
640217490
-1
743964026
-1
-1
-1
-1
856872558
977684061
610167654
-1
-1
999033537
-1
711484863
735020682
-1
871325548
665707497
881632444
887402684
-1
724635366
927806718
650818652
-1
701518917
724635366
-1
675622386
-1
853761082
-1
616792260
-1
-1
-1
-1
-1
723282011
905820687
-1
-1
544637491
528917004
-1
679644480
671718637
-1
-1
-1
716324629
763320920
-1
857200282
-1
887402684
612298108
863107824
983429451
618239003
761223005
-1
939324501
767060224
888381473
-1
909130725
-1
-1
-1
-1
-1
-1
-1
-1
-1
739068262
-1
752175953
863823909
-1
-1
-1
-1
574805913
647128302
-1
981502500
617264653
905460171
-1
-1
548835764
937188333
948502849
915640971
871096329
762404648
-1
728295765
894602342
668228002
-1
632925574
-1
632111374
726129880
-1
868685944
835337707
-1
623278598
-1
-1
629125861
775684139
-1
-1
795264889
790430506
670713687
-1
-1
692470312
593995062
814865534
-1
894524290
-1
701802847
534654538
691059123
889511077
-1
726134301
770088253
912970082
963137291
-1
869488997
-1
-1
647907360
-1
-1
894602342
767567050
860060869
991615702
-1
-1
-1
761624452
587170343
867756528
974904709
969286714
-1
802501549
606292467
907457047
-1
631363532
753988554
878360051
-1
536331230
515138227
827048647
-1
702762592
-1
710506193
745036104
687935762
-1
800508027
838409997
-1
889511077
874774216
533740269
-1
574805913
-1
-1
-1
-1
852835934
695575177
802678783
829808080
546983328
819109357
864435371
772243931
-1
-1
905805589
867349091
793619918
790784373
763068828
630272173
725044302
701518917
647843502
-1
-1
691461506
-1
-1
-1
990392355
815573642
553884821
904602415
836310333
813470765
-1
619111450
630098574
-1
630272173
582143697
-1
560175283
-1
647843502
765152035
894021094
862102224
-1
-1
673315253
710642998
940096108
649447814
811792873
838409997
849114811
-1
-1
605637863
663443651
-1
763816574
715472514
981322754
807216869
-1
870097114
-1
713684310
647755061
-1
731347355
752460984
-1
821876650
-1
946783995
559104813
-1
733979922
707043776
612298108
-1
864286988
768176937
844437062
859325967
709008653
692125583
905820687
969761448
-1
801321628
-1
647128302
898061462
-1
-1
-1
-1
996375591
-1
-1
549661965
-1
905820687
-1
-1
929040601
981030838
-1
-1
744175491
-1
-1
946224301
820727137
499187209
-1
985562539
-1
784615396
-1
-1
-1
716324629
-1
-1
-1
724209289
750230782
661323130
844965697
855555140
630333339
626578630
706800522
612298108
542691917
733061092
-1
769490015
810773574
687506910
-1
985034153
512391343
-1
823083277
-1
824853388
628148501
840612296
-1
595450536
980988138
700325855
974641807
-1
739924666
-1
887837706
783187942
907457047
929544303
749567213
-1
824530137
683735683
901228963
-1
-1
666254875
857611415
-1
854153556
566620091
638817612
632111374
854347045
-1
600300761
647009117
-1
569569814
-1
938890762
608048965
-1
773710877
921078008
916619265
-1
658443533
725687427
672165893
696545973
880588994
627558569
704801463
765634541
919988760
-1
631363532
607326653
-1
782662062
993760428
-1
-1
660676770
729000125
652552704
552004558
746521041
725145929
694975162
-1
707457619
678672417
-1
727990916
967377088
-1
-1
747791124
-1
774218437
814050547
814525979
-1
631333553
654556004
765151467
-1
677118622
-1
-1
-1
-1
872096179
724209289
616792260
674837080
-1
543979679
-1
726236070
718400409
-1
-1
-1
-1
-1
727124442
-1
948645555
-1
-1
-1
750286452
915640971
990907420
544637491
838488731
660583249
741071384
-1
708104453
680027995
-1
-1
-1
-1
969755109
742192102
887402684
845095154
631363532
819109357
-1
-1
-1
-1
-1
672726611
629867190
-1
693428952
591277104
-1
625714412
-1
542691917
944225772
-1
612298108
-1
696545973
784107649
-1
807330521
719098216
503521542
996446335
878360051
602983866
-1
552847884
750786270
-1
942137304
716062882
-1
670713687
618255213
689442149
819092847
582143697
712378296
696545973
868130914
860941956
-1
709634627
-1
637250809
623132101
-1
945654479
-1
912897738
-1
869488997
619660301
904107560
-1
800618848
885115813
908669528
-1
754839440
-1
-1
-1
-1
887837706
-1
746668080
884258467
881230991
619660301
684765262
566278541
-1
824237013
952319490
757937861
-1
846357145
-1
981503745
-1
630241842
970883347
865229666
855847968
-1
-1
727990916
656501176
-1
553923885
844885799
785866423
595847492
710506193
-1
-1
-1
-1
900335613
-1
820700034
-1
-1
582293373
-1
944173463
588330010
862519133
747344325
675822096
668551096
-1
706534122
-1
846512122
-1
972616605
-1
-1
-1
-1
631363532
-1
647331444
-1
582143697
724209289
559999269
849141923
753392682
-1
734104872
805536757
-1
553923885
860060869
864286988
-1
726860157
552847884
-1
737271490
-1
773565729
-1
575198013
713684310
679371734
878986287
-1
-1
610677396
-1
-1
671168243
714318126
-1
-1
-1
854571385
879576208
-1
783816879
959351911
742689905
681363023
568117939
-1
854347045
582143697
836831422
692789748
561497999
-1
680027995
-1
732908795
630098574
-1
-1
526112080
942513794
791081357
767315000
-1
-1
-1
721116734
-1
-1
553923885
-1
-1
846357145
667886943
794043872
546983328
-1
-1
763068828
-1
-1
517840964
-1
-1
678687813
990847011
741337563
864870184
771255118
552339912
607326653
527321236
893578394
812109258
945722590
-1
-1
-1
-1
543360055
790779354
-1
-1
743632650
739214484
694815530
672997994
687935762
866130735
-1
800917401
727124442
-1
865094607
588900106
808314334
-1
-1
973928009
744413321
745036104
-1
893035545
694228323
-1
736641807
754213846
-1
947616963
-1
712378296
631363532
582143697
-1
-1
873134455
978531565
-1
678353467
967961509
-1
781467920
-1
675010771
536957208
772720260
-1
534564950
-1
976663460
731809402
582143697
-1
687155196
707315953
672762878
665444301
698051848
672483722
-1
731347355
-1
973978214
799632327
-1
-1
883631494
850389731
716630201
790179159
709843499
-1
-1
-1
679036853
874042719
-1
-1
582143697
-1
887402684
553923885
832301830
-1
-1
-1
-1
-1
918490880
932589782
-1
-1
854153556
586519854
-1
-1
885115813
-1
611174069
937135572
527321236
792365023
-1
709843499
850880778
912897738
696545973
-1
763166411
-1
725145929
582143697
594408088
697652674
848205155
-1
835647831
-1
653913397
589876543
583716952
987369901
754583193
-1
721058100
725145929
-1
-1
857222751
746335762
966039150
821078970
652618826
-1
570174140
822936650
553884821
692125583
-1
978531565
640660933
-1
-1
798810748
625344321
608048965
-1
-1
830124660
774771862
650102741
674980103
552847884
654556004
775259166
762922147
921737913
888654906
730166288
715747934
-1
-1
691461506
-1
871325548
-1
689986806
853091259
885115813
-1
675667542
521372260
878360051
621868236
-1
-1
-1
-1
-1
606179077
-1
-1
619660301
-1
559999269
847420404
932710491
762404648
795431839
767558003
577698734
660773939
869488997
-1
636778475
908430001
-1
-1
-1
693288508
700080429
573355191
536331230
777820200
971327551
-1
936554583
-1
-1
-1
735873426
696545973
618159556
-1
-1
689442149
594408088
828590955
807522052
993760428
641320322
-1
887402684
804225407
891574186
607326653
755778057
542691917
604110530
-1
612820755
554375776
-1
593995062
-1
831878174
-1
553884821
877925968
881632444
905460171
992230035
-1
760186362
523183776
-1
889756764
884955735
-1
839166272
-1
648177905
-1
897742833
623278598
773489360
-1
698051848
805536757
805536757
610167654
-1
-1
661231099
779784159
715627521
904398873
535497634
715747934
-1
774218437
-1
608048965
-1
608048965
-1
544637491
-1
955816854
715931517
-1
591782466
725145929
-1
667008944
-1
-1
-1
-1
-1
-1
969286714
667008944
-1
-1
-1
696517708
-1
653913397
638598954
-1
647843502
779280795
807216869
-1
-1
806720049
807216869
512391343
978531565
848872286
-1
-1
542691917
-1
554375776
-1
820727137
911038458
742689905
739397285
686417605
566147158
792365023
710506193
663865552
785442456
606600406
868682328
911648168
747993906
561497999
-1
801999568
932063470
918183540
612298108
606179077
542691917
-1
887402684
619660301
542691917
801196405
-1
775316784
845334168
-1
-1
670266961
-1
660089682
608930597
665444301
-1
-1
753500819
-1
543284085
-1
-1
-1
-1
901228963
640801493
990907420
926288736
-1
-1
999995490
916619265
-1
955157210
-1
992621546
808314334
882821957
608048965
-1
-1
-1
852434096
856047022
566147158
775684139
-1
-1
689778174
794043872
542691917
726435796
754021880
552847884
891012707
-1
902469055
-1
956132341
-1
-1
551509764
855847968
553884821
939324501
-1
936333835
-1
-1
-1
729869555
-1
799906407
611621277
-1
727892262
631363532
-1
654556004
744791159
-1
-1
737366079
610677396
-1
989188989
-1
926606305
-1
517321156
697744804
-1
733979922
-1
-1
579154293
630333339
-1
-1
-1
598348677
828168209
773565729
-1
759640516
893578394
-1
-1
-1
811666550
670266961
566918431
920874521
780938835
-1
749579796
926288736
-1
747562674
785613079
-1
553923885
-1
758358120
915640971
-1
-1
-1
814077235
687935762
-1
660144589
692888109
916619265
-1
729204713
792661689
783187942
885450909
874042719
-1
967377088
588330010
542691917
695575177
-1
998605060
-1
820727137
709634627
-1
874459724
693725361
994023053
-1
-1
824104781
515138227
588330010
-1
856047022
603504930
-1
924392749
933157658
-1
542691917
736641807
623169994
674837080
-1
974904709
783022692
-1
555788159
630021907
961989330
794590488
677118622
-1
949729500
681953341
-1
857381972
846357145
-1
914320673
-1
935399508
-1
623132101
-1
-1
941094074
696545973
-1
-1
803322219
-1
-1
741693955
510425443
667948394
854153556
-1
722498160
-1
612298108
907994497
-1
526112080
-1
696545973
-1
-1
850880778
733061092
-1
550900195
591782466
-1
-1
-1
-1
764449423
893207280
-1
-1
554137375
754667483
842623345
-1
672997994
817519359
596902110
854347045
835528887
653911423
609573116
-1
976765771
672997994
571957381
-1
-1
671168243
673145054
881763207
679181399
-1
-1
921737913
-1
762147563
692789748
797143374
716062882
894602342
719404940
904107560
-1
692063601
744337950
945214788
-1
777522755
744337950
-1
-1
-1
892833782
669773536
615029345
-1
695206675
794525517
733977005
906055876
-1
800229720
594408088
825372715
761976906
-1
-1
-1
699820111
631139322
-1
655199407
-1
940940283
904434004
766491718
915534864
820700034
-1
722498160
994023053
852225526
725044302
786313186
670713687
728295765
-1
-1
862245666
-1
808314334
-1
526112080
-1
-1
589876543
-1
-1
-1
635948261
803206064
842854339
-1
715027537
-1
-1
-1
-1
-1
-1
824853388
641320322
-1
578391737
-1
696545973
887402684
-1
742077935
-1
593995062
800851102
-1
-1
701518917
-1
-1
804225407
701993443
801321628
679589483
927714933
654556004
589694508
-1
-1
873397442
794997958
-1
707130101
995659007
678479780
874459724
701057872
-1
-1
999817298
623132101
-1
-1
931071388
975114858
955933144
-1
-1
-1
905531720
999817298
600159949
953503974
554375776
817289884
903064949
-1
606179077
741585636
-1
825007446
775684139
553923885
-1
566147158
802501549
579921645
793525333
-1
783187942
720784424
740900748
-1
785613079
-1
-1
609999466
-1
582143697
-1
715747934
708441811
864778753
835647831
988490034
890412166
-1
589527559
-1
992438171
753956082
632181709
-1
-1
904796739
914050261
582143697
836266015
948089491
619111450
824011624
754360860
-1
-1
-1
938890762
-1
-1
960420267
588330010
727124442
-1
630098574
-1
-1
-1
760186362
625344321
729000125
960527089
906650616
-1
-1
819382334
831990162
-1
981030838
933583671
-1
-1
-1
840612296
636566094
840612296
-1
698051848
623803685
764847900
977726144
689047933
-1
-1
-1
761049100
-1
942870235
575604141
945955897
773893919
-1
-1
-1
908843385
-1
-1
766474570
-1
624589833
-1
-1
800618848
881029291
659194326
608048965
883739050
-1
-1
744337950
-1
-1
-1
991615702
583716952
743387361
692973635
727240126
739545889
-1
589694508
-1
698051848
622433941
470502211
686529753
934055519
-1
-1
656163084
837524525
-1
-1
553923885
-1
975448436
759640516
566147158
-1
642440157
-1
692125583
612298108
-1
959567342
-1
953374046
661231099
582143697
-1
909015428
696545973
-1
967961509
-1
-1
-1
753951345
-1
973976438
-1
657833822
638598954
631363532
630216325
-1
843658651
636420658
-1
695056964
-1
-1
-1
911386049
-1
527877451
651838487
602002734
773331178
-1
-1
599579093
-1
-1
658651857
-1
-1
561497999
936198554
-1
653913397
618239003
-1
996446335
-1
668883711
606179077
-1
-1
-1
887402684
568593967
828939507
755745383
730522228
568593967
607357034
-1
-1
667334287
779301601
948955192
-1
707583410
-1
703407231
700841278
768641129
832301830
739545889
897433132
912766294
619660301
-1
-1
-1
842854339
726236070
967961509
-1
990412645
-1
-1
677118622
-1
-1
-1
986097197
-1
-1
755778057
777177970
882543642
-1
-1
-1
-1
976801542
876791533
854613956
914331045
-1
-1
864881919
-1
-1
862594176
851091582
976285037
-1
-1
946229794
545052669
724829736
644462085
625714412
546983328
725145929
-1
823110696
-1
806065394
635294666
-1
870225973
-1
936198554
-1
-1
623651947
-1
-1
-1
966716721
554063049
-1
-1
905820687
625841823
-1
606179077
960420267
607687110
887402684
-1
975114858
960420267
623132101
968279742
657679607
737393096
-1
705839258
878754120
817578655
961863074
794590488
912471041
-1
-1
627597597
-1
716147021
885450909
-1
564693368
-1
-1
827794678
-1
670266961
938720047
817388021
745036104
806237876
677231367
678479780
889756764
-1
668883711
-1
677118622
-1
932788293
826122359
606179077
-1
783606803
804225407
889089203
891574186
764449423
802678783
-1
626427415
970883347
769490015
992438171
976801542
848369738
-1
904796739
-1
805398090
-1
900543948
-1
722714078
-1
-1
-1
693504122
-1
935033693
677118622
-1
-1
-1
-1
729000125
-1
-1
-1
576978809
756585863
-1
-1
675667542
774771862
747765402
639708795
959496432
-1
608048965
-1
-1
692125583
753392682
923425048
-1
-1
-1
-1
625714412
-1
-1
667467711
560175283
901228963
733460325
731830699
724829736
996446335
578783750
814440958
823881913
996446335
679589483
790710206
-1
556429139
641320322
-1
-1
692888109
-1
735020682
-1
568593967
670266961
-1
675622386
-1
-1
-1
758358120
803855370
606179077
627516073
-1
800618848
591782466
826684491
-1
715747934
837524525
854122858
863500832
920521479
934754786
-1
-1
-1
868183569
878415788
926969752
889756764
728796412
-1
630211186
579921645
887217658
869636682
863107824
986749460
728104517
983122191
641320322
587953672
647843502
791308959
-1
627201713
-1
-1
768940535
722325849
627850771
889089203
-1
872961100
-1
-1
-1
-1
630021907
-1
910573561
885450909
666938163
-1
-1
867756528
794636097
-1
887837706
-1
969744673
550900195
-1
-1
909812194
900550306
-1
793525333
-1
916619265
897433132
-1
749514230
842854339
-1
788618028
579096995
942870235
-1
542691917
618985787
-1
-1
-1
724209289
836831422
-1
672877259
-1
799357158
-1
-1
582143697
987369901
844579468
630682298
823447946
525019276
766259363
903531648
606179077
612820755
924904047
666348285
573369482
-1
819838600
-1
608048965
779301601
698051848
-1
724829736
849306425
-1
939324501
606179077
542691917
-1
-1
-1
617454873
-1
-1
-1
631855652
-1
601867417
-1
900335613
579921645
658443533
755778057
943174427
775093084
795100385
610750679
869255556
694975162
-1
731809402
542691917
-1
-1
-1
-1
-1
-1
-1
701389904
-1
776016437
669773536
657105047
901385749
948089491
948089491
854347045
-1
-1
-1
871366979
781462175
630843825
814865534
803322219
-1
641045311
665039157
689337373
632046778
-1
829808080
945722590
887402684
706022043
514545131
594128653
-1
-1
-1
-1
-1
-1
720784424
630272173
884410530
969761448
-1
982793188
726129880
579921645
-1
-1
925153242
724723800
603504930
906885287
-1
827794678
-1
568438199
-1
-1
610732842
-1
939820987
854153556
948405169
-1
700505610
527877451
961989330
-1
660089682
783141658
-1
773556319
664712013
735903155
986749460
-1
708441811
515138227
-1
-1
678893918
729869555
883739050
978531565
-1
667008944
529048158
-1
555788159
719960599
-1
-1
911038458
631363532
907912247
828174807
729869555
855879949
774660686
575198013
573355191
593995062
-1
662469532
-1
-1
628148188
-1
-1
734712840
-1
993266004
-1
-1
517321156
-1
931492298
833417353
741693955
838295731
819100875
643855010
794651302
998605060
907994497
612820755
617182405
734986788
672877259
-1
780536292
800917401
-1
-1
628937593
641059690
833417353
715627521
568593967
808399433
-1
-1
872096179
-1
664391860
693725361
987759614
-1
878371694
-1
-1
-1
-1
625841823
-1
-1
-1
526112080
740850665
722498160
-1
-1
681129274
-1
689902468
820445244
699689329
-1
-1
815573642
932270277
582143697
-1
-1
-1
-1
553467633
859884872
623132101
-1
528295683
593623965
699103040
831506176
968279742
990892322
670266961
-1
802678783
927277530
-1
826122359
-1
593995062
631363532
783962528
-1
838295731
650196845
785866423
-1
999817298
854347045
692125583
-1
680417852
821467212
827246365
-1
670266961
779301601
-1
783187942
-1
638699479
-1
755454473
-1
758358120
834787327
872180502
-1
849141923
742479784
695349820
827346948
794123667
-1
869255556
-1
647843502
734712840
832327119
-1
-1
-1
662035545
-1
542691917
909759702
637876569
881763207
791526688
-1
552847884
971327551
824104781
529048158
608048965
755778057
-1
692470312
-1
686529753
-1
-1
745036104
987214903
850169537
779787947
730444327
-1
898001866
894420779
692333719
-1
515138227
790710206
793619918
884258467
579096995
-1
803759582
512391343
711893247
-1
-1
643855010
689527578
700864123
-1
517321156
-1
934211876
691364166
687688003
515138227
840612296
713185021
629132808
799058563
-1
-1
-1
781902077
956416303
976285037
725700224
701119585
724076120
665444301
739397285
-1
719098216
687128519
-1
-1
899025169
860060599
-1
970883347
615467387
610677396
-1
836044004
914050261
943174427
821758154
-1
639869245
985072528
584789053
695575177
625714412
-1
-1
-1
611354646
579096995
823150439
610750679
-1
698051848
818588126
634462387
559999269
796262118
-1
854153556
-1
471670469
714778240
636566094
-1
-1
-1
872563148
-1
-1
-1
755778057
-1
552847884
976663460
793619918
542691917
-1
-1
534654538
-1
695512010
859972934
802501549
905820687
-1
-1
909047845
971205373
681389210
729869555
542691917
-1
696545973
982904201
-1
-1
-1
880588994
732354164
800618848
998605060
859528621
-1
-1
794043872
647118157
602169306
-1
-1
-1
-1
739879940
-1
824250073
959351911
526112080
-1
759640516
-1
854029191
559999269
542691917
824670067
-1
702992834
823110696
848872286
619660301
606179077
975448436
771286842
-1
852782810
982793188
552339912
552847884
-1
655598957
827486626
850389731
987840950
706080407
582143697
576978809
-1
-1
-1
-1
886443468
-1
678479780
630098574
-1
533740269
894427585
709284344
692125583
515138227
814050547
-1
-1
630333339
-1
679371734
715243437
938890762
655199407
864943497
618625610
842854339
693196127
-1
872180502
-1
712378296
794043872
724209289
612298108
-1
-1
892065684
655934844
610167654
-1
-1
-1
729204713
-1
553923885
-1
582158087
-1
788165460
514545131
977184880
-1
-1
692125583
843636781
619111450
-1
862519133
582143697
735873426
732845250
889511077
887837706
439521663
-1
755517796
733061092
-1
-1
814440958
583109651
548483211
723282011
-1
977871638
719098216
-1
789466198
-1
743632650
583532507
779280795
630098574
777291549
-1
647843502
-1
714625450
-1
-1
-1
773444901
-1
-1
533740269
829528660
935518828
706800522
553923885
917047552
-1
591706666
755778057
-1
881763207
-1
989712582
-1
-1
868682328
-1
-1
919279794
-1
651111658
-1
-1
522243199
651111658
-1
582143697
795431839
789131925
-1
967700485
731555733
674837080
857611415
-1
-1
-1
826447339
934211876
-1
930240770
-1
720201899
845095154
917047552
631363532
-1
-1
520386825
979807686
696545973
512391343
958542646
-1
960168265
978531565
-1
747344325
-1
727124442
996446335
-1
728905542
-1
-1
-1
-1
-1
946783995
-1
718030909
879576208
-1
796471971
718864824
914614432
-1
-1
-1
-1
637347092
-1
796043153
583532507
672478384
-1
737470852
938890762
-1
-1
860941956
580905972
-1
-1
589876543
-1
-1
-1
684765262
883037813
704333475
836831422
-1
631363532
829073993
959857103
907617511
-1
-1
553884821
692125583
-1
912471041
854029191
666641816
-1
794043872
-1
-1
744213919
878625243
799357158
801548408
823850056
772912745
872096179
873397442
-1
803765149
710642998
800917401
-1
638465340
-1
542691917
636420658
992303450
911038458
542691917
582143697
648177905
764449423
527877451
733637004
758233854
783187942
-1
783606803
692470312
671906794
911038458
708104453
-1
631363532
742479784
923368219
722714078
698663160
-1
711093618
-1
-1
974012140
840612296
817519359
755778057
-1
771255118
-1
517321156
994243316
780536292
-1
780766961
648177905
-1
829808080
773556319
559999269
-1
617182405
582143697
-1
979977943
-1
819109357
842106118
699313351
692789748
858306634
889511077
-1
-1
701518917
964149988
673833456
-1
-1
-1
697509617
868183569
-1
781727876
607770674
855847968
-1
908843385
887402684
887837706
764228251
-1
-1
638157679
-1
856168606
739074891
779280795
807522052
733979922
-1
-1
555580684
775684139
884410530
-1
641320322
643855010
-1
964458269
660144589
-1
-1
876289753
-1
771916914
747993906
821128371
-1
641320322
854153556
795088260
582143697
735443092
-1
911648168
-1
-1
919279794
510425443
-1
-1
667886943
913451325
836044004
779280795
878754120
586485639
-1
620796171
612298108
651111658
-1
878754120
-1
-1
-1
697744804
846512122
-1
750858350
776553260
942137304
790284144
756520829
693428952
-1
719539248
847690074
618159556
-1
895282888
-1
-1
781935755
-1
-1
-1
886210556
-1
-1
-1
805536757
645983970
793619918
706800522
944225772
696545973
807050657
543360055
862519133
614379598
714778240
753392682
819838600
-1
839166272
887837706
613006317
-1
-1
-1
698051848
968303275
931492298
-1
-1
892125618
734834354
713185021
-1
990907420
638157679
809683441
747562674
-1
-1
810319357
839286300
623651947
614720118
-1
672997994
709008653
740900748
797013955
773444901
-1
-1
-1
-1
966053530
961106681
728295765
681953341
911038458
-1
984151534
-1
-1
-1
871525820
-1
628236807
-1
-1
719960599
-1
692789748
-1
800618848
733132385
639708795
730332893
744175491
926322286
-1
704573943
-1
-1
-1
-1
-1
963018029
708446939
-1
616053535
-1
-1
610732842
829735131
661231099
735020682
581509889
717941686
-1
-1
651399746
735020682
-1
-1
713763243
-1
850389731
-1
887402684
-1
675198246
-1
999389291
940985402
-1
722498160
727124442
-1
-1
744337950
902714369
544637491
640923778
-1
-1
-1
801611419
527321236
930424438
-1
-1
664712013
750936698
-1
-1
622587888
718864824
-1
-1
631363532
729000125
724635366
745036104
-1
-1
-1
723282011
970273522
821822392
820727137
-1
568319827
783187942
907866309
-1
706800522
-1
754367539
692789748
612298108
635856433
895350858
721749826
861647991
937910015
978531565
565109100
776696551
762302569
-1
882781769
839991232
-1
812109258
935518828
-1
792678070
703820507
-1
741196005
588330010
751205317
608048965
-1
824011624
713844776
979250034
-1
870456099
647755061
630272173
-1
-1
-1
765151467
789466198
631363532
-1
-1
700884067
686039540
621001049
-1
987369901
795431839
606179077
871767786
922682805
810773574
769654895
-1
-1
800289330
713684310
650843875
764647056
754583193
-1
776603780
625035562
951788706
807522052
760186362
680027995
-1
-1
758568329
515138227
786313186
614882849
805516966
632046778
-1
849639304
583716952
737824034
588330010
-1
-1
727368222
-1
-1
990093251
964458269
697420569
691263841
-1
559294060
-1
623169994
631363532
-1
630211186
793525333
939955844
690512535
907892729
948834370
695056964
-1
708104453
926322286
994082848
617264653
-1
534177253
-1
-1
-1
931492298
765151467
-1
596007190
802845690
704801463
-1
-1
625714412
637960462
606179077
553923885
966716721
-1
-1
612298108
-1
582401105
-1
955933144
627657828
840612296
921066332
-1
-1
634592091
-1
755778057
820727137
647009117
542691917
-1
594408088
563168470
-1
582143697
-1
895109240
695138884
810094680
527321236
655638804
-1
-1
-1
-1
-1
907457047
855847968
-1
-1
-1
-1
540452883
935702998
-1
670764870
542691917
-1
780600038
-1
706050559
801212939
-1
955816854
936333835
-1
779716048
-1
-1
-1
768641129
946783995
632111374
902714369
582143697
-1
-1
792192105
-1
582143697
772243931
736641807
576978809
572739486
-1
-1
-1
679218919
-1
524386716
-1
-1
689778174
631363532
912970082
534564950
-1
621029153
719098216
710124292
-1
566147158
-1
555319736
782483357
623169994
-1
-1
574174895
663339191
-1
710506193
-1
566951618
484488251
631146708
709634627
712043764
-1
-1
573355191
725145929
-1
-1
874774216
-1
-1
552847884
-1
-1
514561082
-1
-1
-1
762419745
631363532
862245666
-1
688456817
-1
724209289
622433941
682928819
797208426
849639304
882821957
-1
542691917
-1
599745062
814865534
632111374
613247107
631363532
687688003
745036104
772912745
700325855
643062227
855203790
811597769
-1
-1
873476354
638598954
-1
-1
827369512
730166288
-1
-1
559999269
-1
706080407
-1
-1
854153556
866130735
729869555
673689896
834787327
942137304
-1
708057078
-1
553114016
-1
727368222
-1
713673014
-1
904191052
582773894
553884821
926606305
542691917
631429172
-1
-1
855203790
618122631
585158146
631363532
-1
579921645
-1
639869245
582143697
696545973
-1
-1
860125628
732059991
688299863
810319357
-1
740383442
-1
-1
758513379
719539248
-1
-1
803322219
567272533
-1
-1
961863074
552847884
-1
898271922
521372260
976801542
-1
675622386
-1
553884821
799357158
-1
776207293
583716952
792414404
-1
988506293
-1
996446335
990840442
582143697
528917004
559999269
821034633
803740523
662443135
-1
542691917
936198554
726435796
729000125
830807840
-1
-1
701836715
641320322
894021094
990308548
885061646
-1
-1
623758823
660089682
552847884
623132101
-1
647118157
-1
-1
647843502
546983328
918551889
715627521
750786270
659378887
610167654
717400775
894524290
-1
515138227
-1
542691917
-1
-1
901228963
694719937
793619918
-1
805398090
-1
552339912
937807493
726435796
781935755
-1
692888109
-1
724635366
765634541
-1
-1
915534864
-1
677231367
-1
946224301
-1
-1
779868040
995078586
891511203
612298108
-1
814050547
-1
883030195
-1
975448436
-1
990093251
579921645
-1
719098216
-1
755778057
736215161
672997994
904796739
-1
649567754
-1
-1
745230676
662208974
680417852
725145929
-1
643046347
-1
-1
-1
-1
-1
854153556
-1
907892729
544637491
771469897
727124442
-1
709180499
-1
-1
999817298
771255118
-1
-1
568593967
955933144
-1
-1
762010282
-1
734941088
-1
733981765
696575820
840768518
786841780
674980103
825007446
945654479
801321628
988578395
-1
780893904
552847884
-1
622433941
-1
-1
817289884
515138227
-1
707583410
940096108
810773574
782082034
-1
670015399
-1
799431517
627201713
552847884
635948261
-1
727124442
696545973
-1
671580551
-1
692125583
925059892
849306425
-1
-1
-1
725711077
709843499
653913397
939596257
953516277
-1
577670126
-1
573355191
745036104
772720260
-1
-1
-1
803005397
893968987
-1
805391130
-1
-1
-1
836266015
-1
542691917
-1
692125583
881632444
566147158
763870374
-1
-1
634736153
763870374
842854339
704801463
-1
-1
-1
964467717
611554663
-1
754338126
817578655
515138227
-1
598348677
-1
-1
711127284
-1
794123667
658833384
-1
913451325
-1
-1
730845129
819092847
-1
960168265
858145215
659378887
983284428
-1
-1
630211186
706800522
631363532
547118201
-1
-1
706080407
708446939
-1
790284144
-1
-1
908669528
800035480
802678783
676213250
848872286
940191880
727990916
-1
-1
566147158
827246365
-1
822936650
674705020
737366079
-1
813543754
856719178
-1
-1
-1
-1
-1
-1
905820687
588330010
724770056
-1
568117939
849885145
714628982
634736153
750838023
670266961
873134455
-1
641059690
-1
631855652
771732674
696545973
-1
987379055
806720049
-1
-1
-1
697652674
663519119
944230305
553923885
645981963
837524525
-1
-1
-1
640801493
625425722
517962614
-1
-1
788165460
728796412
-1
718864824
887402684
-1
631363532
543301204
-1
702695781
789466198
-1
905820687
591782466
576413944
-1
680027995
647118157
-1
956548414
-1
587953672
-1
837913376
-1
-1
-1
959351911
-1
705839258
942137304
702992834
-1
901346124
-1
807330521
781902077
724635366
667008944
730166288
807330521
-1
969286714
947616963
-1
840144527
764115808
596007190
608981512
651111658
550900195
575604141
800618848
-1
967961509
512391343
582158087
547899691
838315333
-1
-1
629125861
899908593
-1
610167654
-1
-1
953686724
728891482
729000125
667886943
582275133
597477174
802512979
821128371
-1
-1
703703770
844579468
-1
-1
702992834
-1
820727137
758358120
638593773
-1
-1
868682328
991485854
917734385
999033537
631363382
766652023
846357145
764228251
967377088
-1
824392401
772912745
956132341
871663472
582143697
-1
-1
-1
741196005
774218437
728295765
692470312
954739125
939324501
820727137
943580461
778407271
739057334
-1
-1
709926725
-1
873134455
777642141
892101143
932063470
646692976
676397170
-1
734712840
789131925
-1
831381275
889511077
606600406
606600406
830807840
953057124
-1
979133185
805759745
965459939
800817183
982755379
695575177
-1
630075740
855555140
598691697
648177905
919864616
618835162
884955735
735873426
650832119
964458269
824530137
-1
902333683
637960462
827346948
-1
-1
921638076
-1
837676569
-1
560175283
532759901
-1
-1
-1
823850056
-1
977871638
825851595
880398603
-1
792192105
542691917
-1
-1
582143697
820727137
-1
784489191
-1
-1
823110696
-1
-1
655902692
762991839
-1
801611419
733979922
761223005
-1
-1
674980103
-1
-1
-1
-1
904796739
800618848
600927954
621946871
807050657
719357184
905460171
630216325
-1
-1
565845161
-1
612820755
-1
-1
-1
993813749
766100771
812109258
882781769
611554663
-1
-1
-1
-1
776016437
700864123
800618848
623278598
557603645
-1
-1
-1
-1
-1
791081357
854505075
642615091
531973581
-1
795100385
488962423
750858350
-1
964149988
572741013
742611585
-1
995078586
548627469
543057339
795431839
-1
762718007
649447814
-1
789466198
-1
543360055
-1
800012183
-1
743728477
542691917
764112305
975943191
552339912
566147158
-1
621029153
702663220
-1
871325548
-1
719960599
837524525
879138767
-1
-1
-1
-1
886176275
544593270
676397170
527321236
631363532
-1
662501411
-1
794868131
990840442
768641129
559999269
631363532
693475544
650426767
-1
-1
-1
610677396
-1
814865534
652475911
721709077
701217278
855555140
-1
943174427
740702340
765634541
885115813
-1
810971969
-1
-1
-1
773710877
-1
799117135
-1
-1
-1
726442822
-1
-1
631363532
582143697
-1
646692976
-1
912970082
-1
582143697
961863074
-1
-1
630333339
606600406
516305536
583691362
818922448
615257147
616053535
-1
-1
555184216
678774253
576978809
857611415
-1
897662829
786313186
782662062
647571778
-1
-1
-1
862077405
820727137
878360051
-1
-1
-1
798247246
-1
767194234
-1
810513903
654556004
560925799
-1
676213250
-1
851251584
916619265
765152035
587170343
660089682
-1
762718007
-1
-1
941866158
695056964
523183776
960420267
-1
524293859
608048965
800012183
710642998
652475911
-1
-1
661332390
-1
-1
-1
990892322
-1
788419203
-1
-1
-1
594408088
781902077
-1
564693368
738452707
583716952
707315953
820161162
-1
-1
641045311
591782466
671149198
-1
-1
-1
-1
672997994
737140754
-1
722325849
-1
902894146
643062227
679589483
-1
-1
-1
572741013
-1
-1
822603119
908620871
-1
685779251
819095160
-1
517321156
791011876
936205051
583691362
-1
726937429
-1
555319736
-1
-1
884399156
971637786
704801463
-1
607326653
-1
-1
-1
891975475
679589483
-1
-1
-1
-1
-1
755889944
-1
-1
840528949
680363304
621029153
739214484
744826845
873134455
-1
870627429
-1
647128302
-1
812379434
-1
-1
-1
824250073
750388022
553923885
-1
-1
755745383
619660301
733981765
-1
801881242
632111374
674628708
-1
706800522
-1
559999269
735873426
666641816
911038458
-1
698051848
692125583
813543754
583691362
-1
777291549
560175283
917734385
588900106
759629088
-1
811232562
918846562
-1
687830621
898061462
-1
609573116
-1
753752768
697509617
672165893
-1
-1
-1
806003566
688777838
-1
-1
969617675
903763673
606600406
805536757
-1
-1
638418005
583691362
-1
820727137
-1
582143697
695056964
542691917
766474570
921737913
649954794
840768518
-1
-1
761101437
-1
694935595
-1
631363532
-1
-1
-1
674980103
-1
862594176
-1
-1
957522125
887837706
710506193
612298108
905460171
642999908
-1
541362448
-1
-1
595847492
731347355
-1
526839155
599962247
-1
-1
-1
-1
987749251
-1
821876650
780893904
-1
924904047
-1
-1
722403721
582930424
553923885
677118622
-1
639539390
-1
862519133
-1
-1
733979922
-1
729869555
811232562
694541372
996049562
-1
-1
990170003
693428952
-1
991418416
562412783
-1
-1
-1
790179159
-1
885061646
-1
975448436
799032735
-1
-1
624525896
-1
553884821
801821927
-1
536961362
-1
616792260
665444301
-1
-1
820727137
801321628
773024140
829808080
678893918
-1
-1
-1
679589483
742065882
-1
926969752
503521542
537115042
854153556
738361812
-1
877171460
-1
538668690
729204713
-1
603821153
555319736
868682328
721441682
612298108
816296857
864435371
694481638
623200368
612820755
499187209
-1
902600290
709843499
544637491
-1
828590955
686092197
855847968
912694969
-1
728104517
939955844
814865534
-1
715627521
934754786
-1
-1
980963167
771916914
-1
663847234
-1
-1
-1
726415634
911646387
708752014
-1
854729757
-1
692125583
949729500
811916167
848302729
830090064
902177287
-1
-1
-1
970612241
803759582
715243437
-1
712278006
704915684
-1
955816854
647907360
794043872
-1
647483282
582158087
-1
999995490
-1
-1
900551036
-1
606600406
641320322
962401296
717417011
709180499
722325849
-1
-1
-1
-1
824670067
876289753
975495797
-1
625714412
622433941
576978809
-1
-1
-1
874042719
868183569
964458269
-1
637347092
675784653
591782466
807330521
764449423
675415022
845397214
-1
566620091
-1
631363532
553923885
560925799
653913397
583716952
-1
823110696
-1
-1
975495797
-1
-1
574627610
-1
-1
-1
-1
-1
-1
-1
-1
-1
-1
-1
756396040
612298108
-1
864877007
554375776
-1
-1
933252786
-1
-1
-1
712043083
-1
675822096
-1
-1
912641563
849141923
631363532
993266004
940096108
716324629
893968987
561969853
-1
-1
721635110
707457619
-1
745036104
-1
654556004
668883711
-1
789466198
808399433
898106063
-1
-1
-1
962576305
810789315
895663290
550900195
-1
-1
600159949
803475783
731347355
-1
-1
-1
-1
649490627
554375776
-1
916619265
-1
-1
708752014
-1
-1
905325444
790779354
666997460
599962247
917734385
512391343
-1
822342945
677840970
918561884
-1
667886943
583537483
882528613
-1
701647199
712278006
626970410
995659007
669773536
-1
-1
916979121
783141658
-1
914320673
-1
672478384
-1
574805913
698051848
587170343
-1
-1
988223447
583716952
889756764
-1
-1
-1
-1
878360051
734834354
698051848
747099282
-1
810319357
-1
-1
782082034
-1
871194894
764112305
-1
-1
712417956
-1
-1
-1
780600038
622433941
961106681
746558785
631363532
-1
-1
941397614
857611415
643855010
-1
638699479
-1
-1
704915684
-1
990847011
-1
-1
-1
726236070
914319863
-1
608152829
692789748
769490015
-1
777985319
-1
-1
877529289
-1
934442532
-1
598691697
631363532
606600406
-1
828275038
-1
-1
990764686
868682328
850951222
-1
559999269
904191052
-1
662893985
801548408
-1
-1
-1
527321236
839286300
515138227
-1
602169306
643062227
764112305
759640516
709180499
-1
-1
849141923
910868604
887837706
763737445
600445142
-1
675415022
-1
-1
778407271
764449423
-1
782082034
878625243
-1
641320322
736641807
-1
667886943
742025951
-1
651111658
627976693
-1
938074620
631363532
746945372
889756764
844437062
885061646
987749251
-1
-1
-1
729869555
947616963
575608661
-1
-1
-1
869646194
-1
544637491
-1
-1
-1
-1
930969433
-1
684243903
-1
769946899
517840964
588330010
656501176
-1
929591321
-1
854347045
777522755
-1
961402106
542691917
739130588
794651302
667948394
-1
568593967
-1
-1
647118157
-1
864286988
-1
824670067
527321236
662020133
606179077
663239187
594408088
943127964
-1
680027995
682928819
879904919
857413676
977535210
887402684
687766074
670713687
-1
-1
-1
654556004
-1
-1
-1
887402684
933141627
759640516
-1
712043083
-1
-1
886008475
-1
631363532
-1
801548408
895350858
-1
755778057
-1
963018029
-1
694011085
-1
-1
863107824
-1
-1
-1
-1
728195079
-1
555319736
-1
553923885
635842461
711935695
-1
-1
827246365
631363532
-1
946229794
889110284
-1
-1
604110530
821876650
-1
911786516
767567050
-1
774922141
879904919
-1
668406631
715747934
-1
-1
974904709
-1
-1
-1
708514372
658443533
-1
859972934
795098348
718572173
-1
674304897
837731313
868313585
814268667
-1
-1
982793188
-1
-1
-1
697509617
608048965
969755109
818763202
-1
750230782
903763673
-1
630211186
-1
566147158
-1
582143697
968303275
-1
941866158
533740269
653913397
742689905
-1
-1
634462387
754056157
791081357
-1
-1
702992834
862917598
-1
701802847
-1
-1
750858350
988223447
-1
-1
678893918
579096995
606179077
735873426
624589833
726937429
-1
715472514
579096995
638646083
-1
588330010
732845250
-1
992230035
882821957
776696551
651111658
-1
542691917
905710454
587170343
692470312
677118622
853761082
776567437
-1
980988138
933157658
578565368
939434237
884955735
-1
612298108
996446335
-1
636852728
887778742
945955897
-1
-1
982755379
591709224
-1
553884821
-1
-1
-1
-1
-1
767529248
757937861
791011876
954408719
-1
-1
575715710
-1
995001102
-1
-1
-1
647907360
-1
-1
512391343
-1
904049007
-1
577951596
571957381
555184216
630211186
914050261
-1
593995062
775024926
-1
964814330
760451075
-1
842854339
-1
559999269
987749251
697652674
512391343
697617956
579096995
667886943
546158171
-1
544637491
-1
622555359
-1
-1
-1
-1
-1
670361791
967039232
-1
-1
671337496
527877451
-1
732354164
551509764
837676569
-1
742153128
-1
-1
576978809
608048965
808399433
911786516
-1
803322219
-1
906885287
593995062
-1
814865534
522243199
665744782
-1
643556119
898158542
702096580
-1
-1
630211186
-1
856168606
655816421
862026697
-1
-1
-1
859972934
934636739
914779006
848550766
711302892
695512010
-1
-1
632111374
906055876
-1
857611415
612820755
-1
-1
794043872
-1
517321156
990969165
-1
-1
-1
-1
-1
606179077
-1
647331444
-1
-1
605905467
-1
708446939
-1
709926725
711298854
687935762
-1
732059991
879215711
940191880
672543931
812719379
986992478
-1
938620207
680417852
854347045
-1
733708757
-1
668883711
708475862
874042719
854153556
671819761
707315953
-1
852243732
-1
-1
-1
-1
840768518
-1
-1
-1
-1
582143697
680494646
-1
-1
-1
-1
638529898
-1
643062227
-1
670266961
-1
-1
-1
608048965
610667961
-1
677231367
780600038
799058563
-1
741585636
679964061
-1
555580684
793525333
-1
897433132
852782810
-1
574805913
750858350
-1
818953029
-1
929591321
-1
-1
856047022
945262735
-1
-1
890412166
561497999
846357145
566147158
762081340
802501549
-1
667948394
-1
808314334
-1
-1
571955744
757100661
-1
516305536
-1
922781415
568117939
640539307
780600038
689337373
907617511
-1
-1
-1
882543642
606179077
553923885
552847884
650843875
773348207
744337950
946082843
-1
527321236
-1
-1
574805913
771286842
677118622
579703638
-1
534654538
937910015
776553260
-1
692789748
726442822
610109015
-1
-1
646692976
597131063
-1
721749826
-1
667948394
-1
-1
629125861
575715710
771255118
827048647
711298854
932036487
-1
-1
944173463
517321156
-1
732845250
644681528
-1
941993508
-1
798596737
-1
570174140
760026795
701518917
854153556
802493501
-1
742689905
871525820
908040410
776527579
887402684
745036104
641059690
852243732
874774216
575715710
-1
626427415
715472514
-1
828590955
-1
683673972
588330010
-1
677231367
856964217
-1
960992347
-1
817289884
-1
756396040
-1
994940585
-1
-1
887837706
-1
-1
-1
-1
715627521
958315206
725044302
-1
595847492
827048647
979977943
801212939
655638804
693475544
-1
898531242
789466198
-1
967961509
-1
667886943
-1
574665637
887837706
542691917
744337950
986984456
-1
546983328
-1
955950073
751797517
-1
566147158
864435371
904602415
715627521
-1
809486351
862594176
-1
-1
-1
612298108
-1
-1
748176902
-1
725170695
-1
803740523
694815530
905820687
-1
938890762
-1
982755379
789131925
947616963
973845000
696545973
555319736
744826845
667004717
-1
-1
-1
715472514
-1
-1
593995062
918551889
631363532
835337707
642138941
641059690
-1
752175953
756585863
-1
-1
-1
531459232
-1
692467470
811597769
-1
-1
-1
663865552
846823662
-1
805536757
-1
-1
604110530
-1
-1
517321156
-1
914021390
-1
-1
699795184
803857921
-1
974966993
512391343
744814349
-1
-1
632111374
-1
697509617
753500819
624589833
883100072
917481211
554375776
776527579
900335613
588330010
837677964
-1
-1
982755379
612298108
839166272
729869555
-1
606292467
973928009
632111374
793619918
-1
839369534
544637491
739068262
-1
892108730
726129880
706080407
751432299
-1
937807493
624589833
-1
-1
909015428
718370581
-1
738541513
674980103
777775323
651111658
968303275
821128371
802845690
-1
750838023
945654479
631363532
-1
763320920
-1
-1
802249008
834787327
844579468
-1
-1
-1
-1
-1
960420267
660773939
690519891
929040601
-1
733998732
746219934
742689905
-1
-1
747481855
-1
-1
672038645
566771516
-1
793564184
993813749
-1
856168606
-1
694934448
780600038
-1
-1
671420619
867756528
-1
855847968
-1
696545973
-1
616792260
-1
-1
-1
836266015
746558785
724209289
-1
755454473
825372715
827246365
-1
616208200
-1
701976589
-1
818763202
-1
-1
-1
953516277
814525979
691461506
-1
601269474
880813462
-1
-1
-1
668883711
763068828
902894146
783141658
713185021
739011979
527877451
-1
611554663
-1
655440814
814865534
713844776
642440157
794590488
779787947
887092882
851131303
-1
731809402
981503745
802501549
-1
820700034
-1
582143697
591782466
951788706
693196127
-1
769490015
-1
-1
846823662
967362588
-1
-1
-1
-1
799632327
576978809
732845250
-1
756475541
-1
-1
-1
755454473
908843385
517321156
-1
-1
-1
632111374
754667483
952029533
739214484
-1
-1
-1
794590488
570190960
688014689
864877007
731347355
-1
555184216
-1
775316784
-1
538901041
709926725
695056964
628937593
827794678
-1
941993508
-1
-1
606179077
631363532
704333475
677032434
801739528
-1
-1
882118947
895282888
-1
566147158
-1
574805913
920422684
544637491
-1
-1
666431469
726937429
776553260
-1
-1
680363304
-1
-1
-1
591782466
-1
672997994
625425722
730444327
745036104
804781693
553923885
606198166
-1
830807840
635294666
828939507
-1
789602299
527321236
-1
794043872
-1
999122794
755454473
-1
623803685
659769566
714715658
-1
878754120
-1
852835934
-1
-1
779301601
-1
558903158
692789748
862519133
916619265
851131303
-1
-1
-1
824530137
886497548
696545973
-1
811922482
753624600
-1
719703592
577379997
676213250
-1
964297526
895282888
930240770
-1
-1
553923885
784107649
-1
915534864
-1
587170343
727124442
712591469
-1
569930391
985557697
-1
762346644
-1
-1
606179077
791011876
796574657
775316784
684765262
696545973
-1
-1
554137375
-1
606179077
850880778
827486626
803281114
-1
-1
-1
-1
-1
542691917
967377088
-1
536957208
-1
-1
-1
984151534
660699747
922682805
821467212
-1
698051848
925879564
667008944
739590843
887402684
-1
884258467
929591321
810513903
789131925
-1
528917004
626578630
-1
884235534
-1
815799268
574805913
832165603
-1
-1
-1
942509267
631363532
588330010
811792873
887402684
-1
-1
845397214
647118157
-1
929544303
695131071
632046778
908577423
-1
-1
522243199
932165342
612298108
729000125
671420619
-1
626426347
824530137
-1
631363532
-1
751104846
-1
-1
503521542
587170343
-1
651111658
653913397
-1
794651302
-1
588330010
689162966
-1
542691917
568227890
-1
-1
-1
825766679
-1
610750679
-1
859884872
574174895
783141658
-1
716953745
-1
-1
843658651
-1
726236070
-1
804926685
742887810
701802847
-1
667936500
-1
-1
701802847
983126417
654556004
-1
-1
-1
-1
865024121
-1
649447814
702992834
672248605
715472514
705839258
781935755
610750679
779280795
-1
701119585
-1
-1
575198013
871325548
887402684
637250809
651111658
-1
-1
574174895
-1
987369901
-1
-1
-1
542691917
751104846
-1
696545973
582143697
773489360
897742833
-1
-1
-1
809814588
-1
789955626
718400409
632111374
887402684
-1
932165342
-1
-1
717417011
579921645
879576208
561497999
864870184
-1
612298108
-1
515138227
914320673
-1
-1
995711943
-1
777558930
-1
825851595
517321156
646692976
-1
862519133
658443533
622587888
973918866
-1
813625460
-1
879576208
-1
-1
-1
-1
544637491
540860990
950127744
738541513
844405000
713185021
801638137
952426225
-1
670167849
862261667
971680912
-1
-1
898667933
946731328
-1
-1
-1
893035545
-1
621946871
-1
707169065
-1
851626313
-1
-1
886087501
694934448
-1
946623670
-1
773710877
960420267
-1
-1
800618848
662469532
742165985
802512979
667886943
631363532
-1
942150720
744826845
647843502
877295849
521372260
693959651
-1
-1
-1
606179077
776207293
631363532
-1
495232994
-1
-1
737366079
684765262
-1
706536701
617614471
917734385
705578178
-1
693475544
670167849
909812194
550900195
848140333
670764870
840144527
665444301
789466198
862594176
745036104
698051848
967759050
733979922
728295765
864786270
715472514
-1
627850771
555184216
769810866
-1
834787327
827246365
592186409
-1
675822096
709926725
566620091
900550306
-1
647118157
-1
-1
-1
612820755
910214624
814865534
-1
806720049
-1
598691697
751463966
-1
631363532
829528660
769858275
711302892
542691917
-1
543744719
687155196
782476370
-1
776553260
948089491
870103706
-1
957522125
662020133
951134657
-1
780775229
905460171
-1
624589833
-1
-1
-1
721289921
695056964
-1
-1
802501549
515138227
512391343
629867190
822342945
588330010
-1
716630201
-1
655199407
741076717
631363532
632111374
-1
705453662
-1
553884821
582143697
913451325
839640497
794123667
881696901
744413321
854347045
-1
591782466
-1
589876543
980387449
933157658
676213250
664712013
-1
806918479
-1
952041992
-1
753500819
-1
973669242
631363532
-1
527877451
867349091
543360055
-1
855847968
777985319
689594194
-1
-1
758358120
887402684
-1
-1
733132385
774660686
-1
862595526
-1
894420779
990308548
901684982
-1
-1
888654906
-1
-1
694541372
823676061
451103339
823393740
686092197
654556004
-1
627850771
730166288
-1
-1
-1
-1
716953745
-1
534564950
827246365
-1
767529248
820727137
881945955
875144754
675415022
-1
953012682
527321236
736641807
673833456
-1
923425048
-1
591782466
742165985
618614012
820727137
672478384
925879564
-1
771469897
-1
906055876
-1
963137291
-1
670015399
552847884
813670180
838295731
771916914
900335613
-1
-1
-1
-1
-1
-1
-1
836831422
707583410
920422684
637142790
819109357
-1
964458269
741693955
-1
602002734
-1
-1
740900748
-1
-1
802501549
725145929
-1
-1
781935755
779280795
807456287
-1
-1
734050627
588330010
722498160
-1
697509617
-1
852434096
-1
701518917
-1
-1
692789748
725145929
-1
739057334
-1
-1
-1
781722830
732440484
653911423
645981963
-1
743964026
772709677
667886943
-1
601173812
848140333
631363532
-1
824011624
-1
-1
933999692
-1
612820755
714628982
-1
-1
762424425
840528949
607770674
925879564
670713687
950536286
670379524
866084023
680027995
-1
632111374
758934159
-1
-1
606179077
730857546
577698734
582143697
-1
-1
987379055
-1
909015428
-1
854613956
568438199
631363532
930969433
938074620
587846046
582143697
-1
-1
-1
672997994
-1
887402684
961989330
847690074
-1
-1
623169994
692125583
675415022
-1
627850771
616792260
727124442
-1
-1
631363532
922842663
799357158
761624452
528295683
702992834
552847884
785148463
686425472
763737445
-1
687935762
846685596
-1
938890762
865917332
660144589
-1
856109172
996139148
755778057
-1
-1
764647056
813543754
-1
529048158
781722830
582143697
-1
625714412
-1
582143697
885061646
-1
544637491
570174140
-1
849612095
654556004
719163393
883631494
-1
-1
612298108
-1
-1
747344325
-1
-1
820565338
764449423
-1
612298108
-1
-1
707315953
543360055
575604141
591057113
561497999
795896996
572741013
911038458
797208426
538901041
-1
-1
-1
567174247
952974522
970883347
914260505
751551450
-1
648177905
-1
911038458
-1
846357145
773565729
931492298
765152035
-1
-1
751104846
-1
-1
-1
645981963
973976438
702992834
601269474
673964525
-1
941993508
619660301
-1
936554583
828189734
902884917
827246365
864881919
-1
-1
-1
734834354
-1
794997958
-1
900543948
764449423
685103489
926322286
718572173
667886943
-1
-1
-1
637960462
905820687
-1
961989330
812894437
850169537
-1
-1
999817298
691561587
-1
-1
542691917
-1
781467920
-1
527313619
903064949
-1
631363532
-1
-1
880223293
632111374
-1
794590488
631363532
616792260
-1
829735131
-1
-1
-1
631363532
971637786
820727137
608048965
-1
-1
864105207
958976437
606600406
550900195
-1
-1
917358214
-1
723282011
696545973
724076120
829517564
-1
-1
793619918
-1
-1
789936207
961402106
-1
958976437
631363532
952319490
948934098
720723513
735020682
703407231
-1
706878408
-1
754839440
883631494
803917385
789955626
-1
-1
721289921
782476370
-1
657138419
-1
724209289
-1
-1
-1
-1
-1
588330010
-1
648177905
800012183
-1
-1
-1
746028401
827246365
-1
-1
-1
707169065
696864423
-1
-1
713185021
670266961
680027995
523183776
-1
716147021
606179077
692789748
-1
948924634
-1
994940585
-1
753956082
871366979
636420658
967126450
-1
878411852
710051165
-1
-1
582143697
-1
801212939
969301857
542691917
839166272
-1
-1
647725405
-1
827346948
-1
542317483
850880778
727368222
729000125
898844521
-1
-1
764449423
-1
899554399
-1
753951345
-1
692789748
871325548
561497999
746945372
-1
-1
755454473
-1
-1
645325262
582143697
758233854
-1
906223820
868682328
555074351
625714412
572741013
647907360
608048965
-1
660089682
-1
643062227
-1
775093084
-1
-1
783187942
-1
846685596
753836569
709843499
861595913
-1
615257147
632111374
936435827
700555372
-1
793564184
976049806
774656097
-1
674106332
595450536
868183569
542691917
-1
884946725
-1
-1
882781769
-1
894021094
-1
-1
568319827
715027537
785866423
996085797
937807493
-1
699820111
628236807
565109100
689337373
729869555
-1
582143697
-1
817578655
900335613
692781602
873134455
579096995
-1
588330010
909812194
-1
-1
694541372
-1
538901041
-1
784107649
741378182
914319863
-1
701802847
621082272
693535216
-1
508058557
-1
751432299
-1
-1
915640971
612298108
-1
-1
918551889
-1
-1
812109258
515138227
-1
696107723
-1
908669528
905820687
606179077
-1
878625243
-1
-1
908577423
960420267
544637491
726236070
792577672
-1
907617511
848088353
-1
716062882
-1
791928064
916338006
-1
-1
-1
-1
-1
-1
964458269
527321236
-1
-1
589694508
582158087
768641129
742077935
912970082
620796171
843636781
-1
949729500
-1
-1
698051848
-1
709180499
-1
862594176
-1
722498160
709284344
-1
795431839
834787327
819382334
767396691
571955744
-1
-1
746425418
-1
992621546
763737445
-1
-1
709634627
-1
819095160
-1
-1
-1
722325849
-1
725145929
996375591
-1
-1
527321236
917154800
709843499
898001866
948802796
929544303
746558785
840612296
552847884
765309956
908843385
710642998
-1
798247246
996446335
711302892
693535216
732845250
887402684
715027537
962004661
676397170
-1
895350858
-1
-1
-1
702179408
885450909
806214137
697744804
733979922
-1
698051848
-1
944230305
-1
599962247
608048965
914614432
-1
-1
-1
907457047
-1
840768518
619334201
-1
606179077
-1
566372861
-1
790430506
550020084
-1
679589483
945654479
707043776
-1
879576208
-1
-1
-1
809754970
-1
-1
826431789
627648929
-1
-1
697652674
870259571
911386049
813156168
863500832
701518917
-1
-1
606179077
-1
-1
932036487
663519119
999817298
-1
566147158
486080977
933448346
641320322
-1
-1
973345626
-1
701647199
-1
-1
907617511
-1
728796412
-1
745875556
568812933
794123667
618159556
621421245
672762878
672997994
631363532
-1
-1
683673972
-1
-1
728905542
954830909
762564851
744337950
830807840
718020297
698470292
653911423
-1
744413321
766259363
610167654
-1
742592881
772243931
862594176
558659598
-1
553467633
-1
820727137
722498160
-1
929422744
618835162
-1
732943171
-1
803855370
770612462
647571778
668228002
572874633
687960060
684765262
638529898
742689905
800012183
934754786
844579468
-1
-1
-1
-1
912489135
948955192
955161103
631363532
593995062
591057113
-1
853091259
-1
783141658
-1
772030219
-1
-1
796412207
553884821
939324501
847386892
662646572
769654895
-1
796412207
710642998
-1
857752367
-1
667008944
638699479
721441682
793619918
895663290
-1
-1
936530404
-1
914094100
-1
-1
695056964
-1
-1
957276951
-1
802845690
702992834
942202418
963018029
-1
-1
859325967
691083588
607326653
855413235
987759614
920422684
-1
682928819
891574186
533740269
724770056
725044302
885061646
-1
560175283
-1
-1
-1
827246365
-1
780213583
906493317
708282349
-1
674980103
515138227
542691917
777522755
527877451
542691917
959351911
653911423
910458102
-1
-1
-1
868770646
-1
807968094
-1
-1
663239187
722498160
573299899
602002734
636153225
777522755
735443092
727124442
-1
-1
-1
-1
-1
568593967
-1
898607741
526839155
948802796
794043872
777522755
684913373
-1
953516277
927714933
955816854
679218919
-1
711302892
-1
714715658
789955626
789131925
631363532
-1
887837706
-1
-1
977684061
982473577
725145929
-1
719593268
742689905
725591246
898958007
-1
631287852
650147086
654556004
591782466
635789725
-1
-1
950469254
789466198
606179077
726792548
-1
630901354
-1
-1
-1
-1
-1
922682805
-1
931071388
533740269
993813749
880588994
-1
593995062
-1
665237537
893968987
-1
629125861
711441831
-1
838883921
820520038
870225973
710780709
-1
-1
946082843
606292467
941397614
536146723
-1
812894437
-1
-1
542691917
-1
916619265
878415788
-1
-1
537115042
-1
-1
620310640
642999908
-1
931492298
-1
898001866
-1
620796171
913451325
660144589
606600406
-1
806720049
592186409
-1
-1
-1
-1
-1
-1
-1
584651049
665744782
-1
939820987
-1
591782466
705578178
633628877
-1
609999466
661332390
670266961
-1
-1
731225165
716062882
861088770
750230782
803206064
547067242
606600406
-1
-1
744175491
-1
668883711
576978809
-1
-1
710124292
-1
-1
857413676
-1
956416303
-1
746425418
-1
-1
-1
887402684
856964217
-1
-1
796412207
814650633
-1
-1
-1
-1
678774253
878754120
-1
636566094
647128302
-1
906493317
568593967
-1
-1
-1
783141658
528169189
-1
-1
-1
663840996
-1
746558785
-1
572741013
742611585
-1
692125583
-1
820700034
-1
-1
-1
-1
631363532
-1
588330010
641059690
680417852
647408936
784242544
-1
-1
-1
945262735
820727137
824853388
-1
684035171
660144589
582158087
849639304
855555140
-1
-1
839369534
786313186
-1
772243931
680417852
-1
630021907
-1
944230305
914995889
632111374
905820687
-1
855847968
693428952
-1
848614350
819838600
-1
-1
-1
-1
-1
789955626
672478384
744175491
836044004
-1
649429183
750838023
-1
-1
-1
701518917
824670067
-1
935724871
-1
746211515
-1
820727137
645981963
800907973
-1
623278598
-1
918551889
744791159
850169537
826122359
907617511
760451075
-1
889565659
499187209
715627521
-1
-1
-1
929591321
-1
813625460
961989330
689594194
-1
-1
-1
927714933
-1
635789725
-1
624589833
-1
999817298
617264653
-1
-1
594128653
844426065
543841824
583716952
-1
942202418
610167654
517962614
527321236
820727137
794043872
793619918
542691917
-1
520386825
877652967
-1
671906794
702992834
-1
945993416
930969433
999989727
703407231
845397214
-1
821078970
647571778
-1
827346948
-1
750838023
783141658
604638161
575198013
804026463
-1
-1
527321236
793230704
542691917
820727137
595450536
982755379
-1
-1
909130725
864286988
-1
994002878
962576305
-1
825850437
866708746
935702998
930424438
887402684
-1
588330010
998605060
861088770
-1
-1
987759614
671819761
769201130
568812933
832079830
647571778
866693052
-1
795896996
540452883
932063470
-1
820727137
-1
609999466
887837706
795896996
-1
-1
-1
863597952
-1
-1
-1
-1
955933144
-1
945654479
796412207
-1
-1
-1
698155297
850389731
-1
652475911
863500832
-1
588330010
981503745
766259363
696545973
724635366
552847884
907712058
-1
823676061
582143697
820727137
697652674
936530404
772243931
700555372
-1
-1
902685679
-1
-1
607025658
747904747
-1
-1
611554663
-1
864119826
552847884
742689905
-1
553923885
-1
674837080
823110696
-1
854347045
670923730
-1
-1
851732192
-1
-1
636422881
582143697
-1
714715658
-1
-1
722549592
-1
-1
797818286
709180499
612298108
690078663
-1
575198013
808314334
642440157
631363532
878986287
-1
-1
-1
-1
626578630
-1
884539714
-1
624589833
887837706
931629330
588330010
-1
655638804
707130101
884946725
-1
667886943
840768518
900247551
678249209
650832119
-1
706536701
602983866
994107011
-1
697652674
-1
555828993
-1
707583410
-1
-1
728295765
804225407
751104846
-1
915746390
-1
-1
-1
-1
-1
-1
632111374
-1
-1
-1
-1
781164851
753951345
694122669
734179303
-1
-1
915640971
731225165
932589782
561497999
-1
631363532
991474448
700587633
914614432
560925799
849639304
-1
757651805
907617511
981431585
698749827
-1
840854324
-1
-1
640076079
990907420
-1
-1
829073993
-1
512391343
-1
900543948
712072399
642138941
846685596
687688003
572538811
988697846
773348207
908040410
945286080
755454473
575715710
544637491
675822096
711302892
-1
-1
-1
733979922
-1
-1
790284144
-1
-1
699103040
-1
-1
829735131
840612296
893035545
939240362
806143855
822936650
770565759
693475544
568510077
-1
701836715
642138941
794590488
829808080
-1
886443468
-1
-1
775316784
636153225
673964525
-1
517840964
645626805
829517564
-1
857343115
-1
559999269
-1
782082034
793590946
794043872
731347355
861088770
595847492
-1
925437639
-1
858144287
-1
-1
649447814
771732674
-1
-1
536957208
-1
-1
-1
648177905
945262735
858686036
-1
655638804
711302892
-1
743196287
-1
945955897
806065394
-1
802249008
-1
-1
595847492
689986806
-1
-1
601269474
763068828
990847011
595450536
647118157
729869555
852434096
841762254
716147021
-1
585686879
764647056
868682328
419163959
696545973
840768518
544637491
771916914
780775229
527321236
-1
828590955
739074891
765634541
-1
-1
781722830
946783995
960420267
930424438
-1
995001102
-1
-1
559999269
785274707
630272173
-1
855555140
625841823
658871552
568812933
753392682
-1
739214484
670379524
737632386
814865534
870097114
907617511
982904201
846999830
635842461
800447449
-1
-1
733977005
517739391
583691362
-1
-1
774218437
857343115
-1
-1
691907901
-1
-1
-1
-1
-1
696545973
677118622
618835162
692333719
782662062
773331178
991672243
-1
-1
681953341
708104453
698051848
812339357
542691917
800012183
-1
543360055
-1
967362588
802845690
-1
552847884
687155196
-1
667886943
930424438
-1
-1
582712823
-1
900543948
-1
855847968
964814330
849639304
-1
-1
-1
-1
748056231
640801493
-1
914319863
-1
962401296
820061075
667467711
808314334
-1
-1
701802847
814865534
-1
-1
687506910
-1
772709677
610167654
-1
574805913
696545973
907892729
803740523
793525333
-1
-1
955959788
837430310
-1
610667961
700816289
631363532
632111374
-1
-1
765784050
-1
-1
552847884
630333339
-1
731830699
945225767
788419203
-1
-1
-1
-1
783141658
-1
-1
-1
533064132
-1
973928009
555580684
-1
863500832
-1
-1
767458092
820727137
-1
-1
549139885
694935595
-1
805516966
602169306
-1
559999269
-1
700623590
-1
607594556
745629415
679589483
861735630
562564835
860060599
630211186
-1
619660301
770210377
936554583
846357145
932036487
674106332
-1
-1
660773939
-1
838883921
-1
916619265
820727137
-1
-1
-1
800817183
849639304
612298108
-1
-1
579703638
-1
-1
829808080
919785143
645981963
-1
830090064
744337950
715027537
601867417
960527089
-1
887402684
559999269
-1
942137304
765634541
747481855
993336746
553884821
585158146
-1
850880778
-1
-1
-1
588330010
-1
-1
-1
887402684
543360055
-1
762404648
680027995
-1
983126417
680417852
-1
811746844
669876059
905652805
-1
-1
758513379
859884872
-1
750858350
766839805
695512010
-1
730759621
-1
672762878
-1
758233854
955575072
-1
-1
741337563
-1
678479780
959436831
-1
-1
917631400
-1
-1
877026629
-1
869488997
796928174
508548569
-1
-1
-1
801548408
795431839
610452794
-1
-1
820565041
-1
922842663
-1
-1
963235814
610667961
777985319
-1
691435944
586485639
674628708
755517796
-1
907617511
963734173
671906794
569569814
918490880
670266961
681363023
-1
542691917
846823662
-1
583109651
-1
548835764
-1
954408719
912970082
624525896
691461506
994940585
-1
582143697
918551889
860060869
-1
748303972
691907901
-1
889511077
732845250
817677989
646656370
-1
-1
709926725
783141658
896398405
724076120
-1
668551096
829808080
-1
741076717
570190960
627274047
-1
911038458
630367637
-1
-1
911386049
527877451
802501549
-1
634919877
775316784
-1
666254875
889089203
923368219
734188217
606116559
626426347
786313186
764449423
825851595
-1
772243931
679589483
-1
-1
-1
785161423
-1
832957741
-1
-1
-1
699832481
643062227
606600406
555788159
549139885
-1
912766294
-1
938890762
575715710
518662216
-1
860504170
737271490
560175283
-1
-1
879215711
550900195
568812933
801212939
-1
801739528
645679529
719357184
608048965
-1
-1
553884821
-1
904398873
733979922
670565107
933157658
734712840
-1
652475911
738361812
893207280
-1
643855010
772720260
-1
967961509
675487868
606600406
713618412
990412645
667467711
-1
789098187
938620207
621029153
718781480
-1
-1
908577423
845095154
638157679
606179077
862594176
966194744
542691917
-1
784410511
691907901
926606305
-1
871939538
978531565
-1
638157679
-1
586485639
960420267
-1
814171102
849639304
945225767
855413235
987214903
688796739
-1
868248206
978531565
-1
775316784
-1
575217192
901385749
583716952
730522228
-1
-1
799357158
-1
-1
940096108
-1
-1
701802847
-1
765151467
-1
-1
-1
857794068
879072476
822936650
-1
936333835
610732842
852434096
-1
698051848
-1
-1
-1
766652023
-1
744175491
-1
-1
-1
612298108
869255556
802845690
799357158
672997994
851251584
-1
-1
-1
-1
739179434
874042719
674980103
655598957
649824021
-1
755778057
-1
-1
-1
878415788
794043872
803322219
686039540
906650616
-1
911386049
-1
756585863
799357158
-1
692789748
820700034
-1
779526783
-1
665405457
575198013
695056964
693475544
-1
606179077
758358120
-1
614827154
916619265
694196833
-1
693475544
714778240
-1
575715710
-1
-1
820727137
859833893
-1
864881919
-1
605905467
672877259
-1
834787327
801196405
869488997
958346574
789466198
-1
801638137
918551889
-1
980988138
823110696
794043872
-1
-1
-1
994082848
935953781
-1
-1
856932956
-1
-1
-1
-1
724098179
-1
-1
648177905
687155196
-1
827048647
914320673
827486626
967039232
582158087
914320673
814268667
-1
-1
-1
680417852
651076090
693340832
636420658
-1
-1
-1
-1
852835934
-1
973918866
820700034
803855370
676397170
648177905
893968987
-1
957508226
-1
569569814
-1
534564950
988697846
590058209
719881644
-1
838315333
613692024
731347355
-1
-1
-1
-1
-1
878754120
964222487
839286300
942202418
-1
-1
-1
-1
-1
602983866
747258273
897433132
723644456
-1
-1
670266961
-1
-1
657105047
719034314
-1
-1
864286988
887402684
716957404
777558930
797143374
-1
737271490
-1
799032735
747562674
812109258
-1
747765402
953516277
877026629
-1
724209289
824530137
-1
546983328
-1
872563148
724209289
569099118
691461506
-1
-1
-1
-1
-1
928055775
791081357
696545973
-1
-1
624239418
-1
702501921
625714412
600927954
697420569
-1
-1
667886943
588375951
815509932
625714412
667948394
-1
-1
677231367
887527483
-1
727124442
-1
850880778
-1
-1
-1
884495758
879072476
783141658
654556004
857413676
638337880
771916914
692888109
532759901
748070780
-1
997286493
-1
945286080
-1
-1
699918700
-1
598044758
-1
-1
916619265
619660301
849639304
618614012
-1
847690074
606600406
-1
851201844
859884872
907457047
959351911
-1
729000125
622433941
850951222
553923885
-1
722498160
-1
-1
967039232
793525333
582143697
761976906
612298108
-1
-1
-1
631363532
-1
-1
972302376
634592091
-1
719703592
-1
978531565
693428952
-1
726435796
602169306
512391343
710506193
673994375
795777027
-1
732845250
905820687
900335613
667467711
-1
563508049
626578630
-1
742192102
908577423
873134455
-1
-1
575715710
646692976
696545973
709008653
-1
562535251
-1
523574589
-1
-1
-1
582143697
812894437
-1
-1
771255118
-1
771916914
601269474
985557697
947616963
-1
879609593
553884821
875076587
666641816
897126514
699918700
772912745
566147158
740900748
757937861
-1
584307196
680027995
-1
-1
555184216
667004717
-1
-1
582143697
804225407
-1
589876543
793525333
727368222
803322219
536957208
696545973
829517564
885061646
-1
582143697
565806206
791839960
-1
960420267
621029153
892108730
962401296
761946365
718864824
-1
589328998
-1
955816854
701802847
824011624
-1
-1
892813584
737140754
528917004
577698734
742689905
-1
-1
610732842
993217623
583537483
988739866
758513379
575715710
-1
-1
912970082
999389291
987214903
-1
-1
752236129
-1
630098574
552847884
544637491
-1
883631494
-1
-1
653913397
-1
-1
583126584
583716952
721838942
888654906
715472514
601867417
574174895
634736153
789466198
-1
741585636
-1
-1
967992924
578721667
697509617
744534518
784107649
-1
766652023
997136578
709180499
715747934
862594176
-1
732845250
-1
-1
597259179
553923885
550020084
698051848
-1
-1
871952005
931492298
-1
719357184
-1
672997994
861088770
755778057
733061092
726442822
854505075
695056964
657456134
862594176
977419107
-1
751846845
-1
949729500
-1
551645875
748070780
800618848
-1
857200282
508099123
563508049
-1
558795397
927277530
-1
-1
772056504
867086375
733979922
-1
677118622
670015399
680960482
687688003
960420267
606179077
831567346
709843499
-1
800851102
-1
711874013
659654412
757275709
-1
-1
845397214
765309956
957508226
698051848
-1
-1
575715710
903763673
-1
-1
559999269
-1
617718555
575690399
791011876
956726316
687688003
777522755
-1
864870184
655638804
-1
-1
-1
-1
-1
625714412
542691917
791081105
-1
818763202
-1
-1
-1
608048965
813543754
934636739
-1
709634627
570174140
667948394
608048965
-1
575198013
-1
-1
-1
-1
679589483
-1
-1
719357184
708578435
570967630
578721667
-1
517840964
-1
-1
868682328
631363532
716324629
592976452
579096995
829073993
-1
622339371
840768518
-1
-1
-1
-1
-1
-1
696545973
619111450
-1
-1
913451325
665512520
770088253
-1
781935755
-1
878411852
667886943
-1
716324629
747662662
-1
-1
-1
725145929
875659002
-1
652475911
612776627
527877451
854153556
-1
-1
-1
-1
-1
-1
602026661
674837080
772903195
-1
964467717
-1
724209289
-1
-1
-1
-1
526112080
975448436
680027995
-1
-1
807330521
-1
-1
-1
-1
-1
-1
-1
-1
-1
588330010
602983866
-1
697509617
881632444
-1
731225165
680027995
638157679
698155297
899817642
-1
-1
961989330
-1
-1
793720065
640801493
630272173
779526783
582143697
-1
-1
944173463
871525820
619250619
667992434
701802847
929874377
682928819
696545973
794651302
-1
610167654
-1
-1
919279794
667008944
517840964
-1
866990444
912970082
828590955
819838600
672762878
-1
855413235
879576208
-1
611699187
855555140
-1
814440958
631363532
887837706
610667961
806553250
887402684
-1
-1
-1
779518335
800508027
639869245
696545973
788618028
552339912
-1
-1
992747684
985562539
-1
610732842
-1
626970410
-1
603504930
-1
853761082
785148463
651076090
589876543
-1
677118622
789955626
543979679
-1
878360051
-1
944173463
806237876
-1
-1
806065394
898001866
641320322
-1
671168243
-1
894602342
758568329
-1
-1
777558930
667886943
-1
649447814
-1
650818652
-1
-1
-1
568812933
899908593
-1
-1
711874013
611621277
645981963
582933987
986749460
932018149
-1
618159556
-1
803005397
-1
676607881
722498160
-1
993813749
973978214
-1
-1
795264889
985215607
573299899
662501411
-1
938890762
-1
-1
846357145
814077235
-1
887072543
887837706
878484547
945214788
-1
724635366
-1
-1
-1
553923885
-1
-1
709955383
777642141
517840964
901228963
824670067
820565041
981502500
831075132
730166288
906754010
679589483
-1
981030838
-1
-1
742611585
-1
-1
-1
691575392
-1
-1
-1
610167654
680027995
542691917
-1
859972934
652475911
-1
647120687
-1
709843499
823110696
621082272
-1
764228251
582143697
723038186
-1
698794721
932036487
878754120
953374046
-1
-1
858554909
-1
753500819
-1
623132101
727124442
-1
883464218
583716952
968303275
714628982
-1
582143697
792577672
-1
-1
-1
827486626
655638804
995935991
552847884
736695067
593289193
631363532
758088320
923425048
986097197
-1
-1
656501176
744826845
662543029
582143697
657902226
-1
-1
-1
-1
885061646
-1
566147158
958346574
582143697
631363532
982755379
701389904
980387449
-1
-1
806237876
986373328
-1
638337880
667467711
776696551
-1
680027995
697652674
-1
-1
714715658
-1
824011624
-1
862816668
-1
-1
517321156
-1
714778240
889089203
-1
-1
964458269
731225165
619660301
-1
792365023
847690074
-1
665405457
800035480
-1
905820687
692789748
960420267
585158146
-1
878754120
-1
924904047
783187942
693340832
-1
-1
636252047
828189734
555184216
631363532
783187942
-1
855847968
-1
-1
-1
726442822
515138227
-1
854505075
818953029
-1
889565659
521293457
-1
695056964
718781480
-1
-1
737271490
-1
582143697
606600406
761223005
808314334
-1
692125583
703820507
751797517
944173463
921737913
694935595
-1
711093618
-1
964458269
865094607
692425358
863823909
542691917
527321236
772243931
-1
969761448
-1
706800522
959351911
692125583
910214624
881632444
-1
-1
894602342
528295683
-1
724635366
-1
-1
-1
707043776
930240770
-1
575715710
588330010
-1
798247246
651111658
889511077
694934448
631363532
544637491
-1
826431789
-1
-1
709634627
794043872
644681528
715747934
887402684
597477174
820700034
-1
-1
-1
765634541
713373380
866084023
768267322
667008944
969761448
-1
-1
553884821
611554663
595450536
526112080
935724871
-1
727368222
886443468
542220604
612298108
851251584
593995062
904191052
-1
542691917
-1
903531648
996446335
599893530
655528076
-1
-1
-1
-1
692789748
-1
-1
-1
-1
780893904
-1
618239003
817062343
807216869
807522052
-1
-1
575715710
907457047
559494741
575715710
739214484
641320322
-1
-1
875236839
-1
944230305
911038458
955950073
-1
-1
795431839
576978809
900247551
878530189
961402106
-1
589151382
-1
-1
551645875
876594812
-1
-1
635789725
-1
796093332
-1
789120065
982473577
665039157
-1
774660686
-1
-1
834787327
779518335
-1
921563164
768641129
621946871
744826845
555580684
839894879
-1
-1
-1
754583193
-1
758568329
-1
-1
813470765
722485670
850107599
-1
-1
768635060
945286080
911865371
559294060
-1
-1
-1
683737114
912970082
-1
670266961
-1
-1
676397170
-1
-1
648177905
-1
-1
691799038
701836715
745543747
654556004
-1
704999984
-1
-1
817677989
950536286
914320673
858145215
726435796
863500832
-1
673145054
606179077
628856570
-1
649954794
522243199
-1
-1
905820687
862595526
-1
-1
860125628
711484863
942901795
764449423
856109172
870169841
805398090
593289193
942509267
602002734
907866309
542220604
760451075
-1
680027995
-1
-1
660144589
-1
-1
640801493
-1
863597952
-1
754583193
-1
773556319
-1
669652815
-1
-1
585686879
591782466
719960599
737271490
-1
643855010
981030838
574174895
-1
952974522
582158087
877026629
-1
861735630
837524525
786841780
-1
894602342
616208200
794791120
606600406
754583193
-1
-1
907712058
770565759
808314334
-1
732354164
826403688
-1
-1
-1
-1
678672417
816296857
726937429
729869555
921638076
607326653
-1
-1
886497548
573355191
627067899
-1
-1
928675746
-1
583716952
717920129
669652815
733061092
-1
-1
943281073
611113287
783805786
-1
600770879
-1
649447814
-1
618614012
-1
-1
726435796
784328661
766491718
753752768
-1
-1
-1
-1
-1
527877451
729000125
-1
871204955
856168606
803475783
899911943
690519891
-1
-1
785148463
-1
711302892
629125861
544637491
638598954
772202267
856818014
919785143
624981280
-1
716957404
795431839
670266961
-1
859972934
760732879
889756764
-1
897722369
-1
733132385
732354164
-1
-1
779301601
692888109
829808080
-1
-1
-1
823676061
793619918
-1
680417852
921737913
574174895
-1
743387361
839166272
554375776
854029191
543360055
939324501
733979922
-1
791011876
512391343
-1
911433176
566147158
630098574
864870184
-1
-1
667886943
-1
716957404
-1
884014177
-1
712378296
975495797
-1
-1
678893918
793230704
-1
-1
583537483
-1
-1
613434743
-1
-1
927517876
-1
-1
647128302
538901041
587846046
725145929
911038458
-1
578165071
573299899
-1
-1
693288508
-1
783141658
792577672
605905467
-1
-1
907457047
-1
626426347
-1
997556865
-1
647571778
-1
699918700
552339912
990554266
-1
855500561
-1
-1
747481855
591498789
-1
-1
543360055
631363532
671420619
781164851
667886943
-1
-1
721289921
-1
-1
764449423
-1
-1
582324755
770210377
-1
-1
978782897
924904047
-1
-1
696545973
-1
655638804
-1
-1
871525820
911386049
908843385
736641807
977726144
728195079
-1
907994497
-1
-1
852434096
696545973
-1
631363532
-1
886443468
828850907
994023053
-1
667004717
850169537
947616963
822936650
738561012
-1
757937861
-1
893207280
-1
717400775
-1
582275133
820727137
880813462
783141658
789955626
952974522
718030909
652475911
591343460
-1
594408088
803475783
-1
735873426
709955383
-1
942137304
526112080
-1
970445424
-1
762404648
756231130
-1
820689432
-1
542691917
-1
-1
-1
-1
763995279
-1
-1
622433941
771286842
-1
800447449
911386049
-1
-1
-1
745036104
790750672
655621938
-1
-1
925437639
-1
925437639
631363532
856047022
692888109
896856061
696545973
-1
-1
-1
672997994
671420619
726937429
628148188
-1
-1
-1
-1
924392749
727782958
886985037
859972934
-1
-1
972616605
-1
-1
-1
688460895
-1
728104517
686402581
672165893
-1
582143697
801739528
960527089
-1
885115813
727782958
991615702
-1
849639304
-1
886497548
-1
-1
829808080
753392682
671837166
-1
553923885
-1
-1
981030838
893035545
-1
-1
579096995
630333339
791011876
582143697
-1
-1
544637491
756231130
-1
-1
-1
947447213
981502500
-1
741378182
763068828
-1
916619265
-1
-1
-1
-1
680363304
582143697
803855370
854613956
559763397
582143697
668883711
-1
932036487
-1
866130735
816014658
810164779
-1
914331045
881976217
758233854
846485478
-1
642138941
987749251
-1
-1
905820687
976765771
878484547
811666550
876791533
-1
653911423
-1
643062227
744413321
572741013
539411760
739011979
-1
641059690
580452117
-1
-1
-1
714625450
714628982
922682805
965810759
698749827
-1
828189734
-1
806918479
780938835
-1
-1
683032306
926322286
719163393
771255118
916338006
623169994
570174140
-1
-1
687960060
-1
-1
616208200
582143697
760026795
547899691
570174140
976801542
738998785
868248206
618159556
729000125
802501549
-1
805674407
-1
630075740
-1
684765262
-1
809814588
716953745
782662062
612298108
787457448
675706643
517321156
527321236
-1
692789748
542691917
930278589
610732842
647331444
623169994
672543931
834252707
-1
753956082
-1
-1
753951345
-1
-1
-1
-1
-1
976951710
660583249
795431839
-1
-1
-1
-1
-1
-1
771255118
-1
-1
-1
648271715
695056964
559294060
631363532
550900195
695056964
646656370
747022793
752175953
-1
670043021
-1
515138227
-1
786952477
-1
667886943
781935755
914614432
625841823
515138227
-1
606600406
-1
-1
-1
-1
606179077
802678783
832957741
889509764
-1
868682328
-1
642138941
849331675
-1
747993906
817677989
-1
-1
588981189
962401296
622339371
-1
773565729
576978809
738561012
709180499
-1
-1
627517360
552847884
-1
-1
899908593
-1
772243931
630021907
699830574
969761448
791081105
-1
-1
-1
645626805
-1
849972482
-1
-1
802578204
612298108
582143697
-1
777642141
955959788
761434666
831075132
-1
990969165
823110696
730332893
817578655
-1
-1
-1
-1
773565729
624589833
-1
794043872
652475911
-1
719098216
679589483
903064949
-1
781935755
582143697
-1
626578630
884014177
998605060
736641807
693725361
-1
708441811
638598954
634462387
801548408
698051848
-1
603504930
-1
-1
631363532
647128302
793525333
-1
889984115
-1
848140333
752175953
570174140
742065882
-1
-1
635842461
814865534
942277079
-1
-1
856872558
709843499
560175283
640941479
612298108
-1
852835934
872180502
693428952
-1
-1
-1
753752768
719539248
-1
814865534
-1
641451479
-1
953686724
-1
789098187
-1
722549592
845834615
661332390
-1
895282888
-1
993813749
-1
-1
675198246
-1
-1
665237537
-1
-1
-1
-1
632046778
601867417
-1
563456056
561497999
869636682
695138884
704999984
574174895
851201844
780893904
-1
-1
-1
-1
606600406
544637491
734179303
933527434
758358120
-1
679400387
939955844
621082272
-1
870456099
-1
572741013
553884821
928055775
702992834
795053993
907712058
-1
515138227
626393032
692789748
793720065
710590866
-1
850169537
-1
999817298
785866423
883631494
695056964
940608565
550463007
824670067
-1
582143697
638337880
-1
652475911
595450536
-1
802501549
-1
552847884
726435796
-1
-1
-1
635789725
-1
643698202
800892832
985562539
652475911
808314334
-1
-1
701119585
540452883
803917385
591782466
-1
-1
694122669
920422684
-1
674837080
940166870
-1
-1
840387980
-1
-1
737470852
838409997
566620091
-1
746335762
755778057
998605060
836791661
-1
-1
940096108
882582256
-1
517243183
-1
801548408
994023053
527321236
940940283
582143697
841067389
606179077
-1
632925574
790430506
642999908
-1
874699714
555580684
-1
552847884
542691917
848088353
-1
-1
-1
-1
649693942
-1
827246365
553884821
-1
-1
745036104
555074351
-1
689631399
-1
559104813
-1
742689905
892619896
865804546
603504930
643062227
-1
935033693
919785143
630272173
897433132
-1
-1
-1
679589483
631363532
986220725
-1
638465340
-1
863823909
-1
-1
778407271
764449423
-1
-1
575715710
678479780
763068828
-1
890440107
-1
-1
724209289
887402684
-1
878415788
907617511
887402684
610167654
982793188
-1
889511077
-1
618835162
612298108
616792260
-1
553923885
-1
749579796
-1
-1
823676061
466081861
-1
616792260
687155196
689527578
-1
884399156
823431950
994082848
943127964
-1
695056964
730759621
598348677
714697968
-1
-1
606600406
-1
576180502
789466198
678840595
721100443
746435517
915728373
930424438
670804400
695056964
660144589
725145929
961402106
948405169
-1
-1
631363532
643556119
920521479
872961100
538668690
814865534
680245485
582143697
670957010
740383442
-1
-1
828939507
784107649
612298108
-1
-1
-1
-1
-1
-1
689210037
683032306
527321236
-1
650102741
977871638
860504170
758358120
937135572
791081105
-1
582143697
-1
-1
663840996
-1
760186362
659378887
819092847
568593967
734712840
637106505
612298108
-1
695056964
979133185
824011624
900551036
717613246
-1
558903158
546983328
800618848
-1
-1
575198013
-1
966716721
825766679
650832119
706800522
-1
710506193
680027995
-1
552847884
761561093
-1
-1
566147158
789955626
806860289
637061250
709180499
851131303
732845250
-1
-1
-1
987369901
-1
715627521
823110696
684035171
582930424
595847492
683032306
-1
-1
673315253
-1
-1
-1
-1
-1
-1
822936650
767558003
679644480
-1
613692024
670043021
546983328
-1
-1
689337373
587170343
-1
687766074
631363532
806065394
749617518
-1
-1
-1
810971969
836266015
-1
945214788
-1
609359281
701647199
829808080
733098605
935399508
-1
-1
822936650
672742650
-1
692789748
-1
-1
517321156
631363532
869488997
-1
-1
739130588
-1
820727137
593785952
706080407
-1
967961509
-1
683843464
-1
768641129
907457047
962401296
-1
-1
802845690
566620091
631363532
694541372
840528949
-1
582324755
757937861
990093251
899817642
-1
647843502
613013620
606179077
-1
-1
889110284
650843875
674557989
-1
-1
-1
-1
665671991
-1
904602415
-1
708446939
749579796
-1
689337373
558795397
607518047
-1
627976693
-1
730332893
-1
840612296
606179077
619111450
881632444
-1
837015277
955816854
793720065
-1
-1
794651302
741337563
630098574
889511077
783141658
-1
-1
895282888
846357145
528635146
667948394
-1
909015428
-1
794043872
575198013
941866158
797143374
-1
623525997
854613956
775316784
630211186
-1
635842461
-1
-1
602169306
970883347
895282888
-1
-1
929992224
575715710
895282888
619660301
-1
-1
-1
647725405
724635366
896856061
790179159
913460579
829808080
793525333
-1
-1
561497999
981431585
634693375
-1
-1
-1
-1
817289884
726129880
936205051
-1
634736153
768267322
852434096
-1
775259166
-1
647571778
-1
722325849
591782466
820727137
-1
-1
-1
647110556
797776992
992621546
726415634
-1
-1
-1
901385749
813543754
-1
941136900
576978809
785866423
-1
-1
679036853
879904919
-1
624589833
-1
692470312
629718585
623132101
-1
-1
631363532
732469713
-1
-1
948089491
813206126
701518917
-1
840612296
801821927
991672243
-1
573355191
-1
754338126
-1
993760428
742689905
-1
768980759
764115808
789955626
591782466
-1
859972934
546983328
765597005
625714412
836044004
889756764
-1
-1
607025658
680027995
-1
-1
-1
789955626
792192105
-1
-1
568438199
-1
753988554
638529898
810626441
831075132
690888216
789120065
584789053
727892262
696545973
887837706
631363532
980387449
-1
643855010
889110284
740900748
828234688
-1
905820687
645072547
615257147
775551161
949423517
-1
672543931
-1
863107824
745667585
-1
713185021
-1
758358120
-1
-1
-1
-1
591057113
902685679
766491718
898556376
786313186
676397170
769787499
732354164
-1
944173463
-1
695056964
-1
716388481
583691362
820565338
783141658
529048158
-1
701518917
-1
924100346
-1
-1
-1
939324501
-1
574665637
-1
925437639
964814330
640064298
776207293
-1
-1
654556004
814268667
686417605
746655364
-1
795431839
-1
701119585
-1
-1
-1
945286080
803281114
672478384
953374046
608048965
948089491
631363532
-1
-1
781935755
-1
715027537
797770706
806326504
824530137
-1
838237654
-1
614592209
816275192
-1
-1
647128302
741337563
595847492
606179077
746668080
955157210
-1
-1
-1
-1
874459724
-1
820727137
-1
667886943
-1
895663290
672543931
542691917
559999269
-1
889511077
840528949
652475911
-1
-1
654556004
-1
631363532
-1
963018029
-1
551509764
-1
-1
612298108
-1
907457047
799357158
608048965
-1
640801493
-1
-1
662469532
715027537
-1
988506293
-1
555184216
-1
974904709
650818652
638598954
952232794
887217658
-1
715627521
835014553
932589782
886210556
815799268
-1
-1
946229794
904398873
873397442
-1
783187942
763068828
-1
659769566
624589833
741585636
-1
-1
702992834
654181920
542691917
616792260
653913397
942137304
975604666
840602484
-1
-1
904398873
818868226
-1
673964525
517321156
634462387
710506193
736641807
674837080
843658651
695056964
612298108
-1
-1
546158171
641051673
-1
-1
891436154
707315953
-1
825960654
731555733
-1
821876650
-1
908040410
906223820
550900195
-1
-1
-1
708104453
559999269
697652674
975495797
631363532
654228205
964467717
-1
-1
785350055
606600406
829808080
712031479
800012183
785055015
797208426
-1
742479784
900335613
967039232
649490627
-1
648271715
908843385
631363532
767558003
751957006
-1
713763243
704308694
785866423
-1
935724871
582143697
-1
842854339
-1
776003777
566278541
745036104
629718585
-1
612298108
-1
658871552
-1
724770056
871767786
842623345
863823909
-1
606292467
-1
691461506
-1
742192102
781935755
-1
517840964
-1
-1
-1
526112080
-1
-1
527877451
-1
651407581
-1
736801371
758088320
-1
808314334
773331178
819109357
817677989
671837166
612298108
634462387
702992834
955959788
-1
-1
-1
-1
855847968
713763243
950975201
515138227
-1
582143697
972368052
-1
994107011
-1
767315000
992303450
930474031
-1
577150586
-1
-1
606600406
575198013
946623670
-1
-1
582143697
680027995
667886943
587094990
588330010
-1
-1
-1
785161423
-1
857611415
615813252
744337950
767315000
869255556
-1
905820687
-1
748176902
-1
-1
-1
998605060
682761335
868682328
698051848
634462387
631363532
575715710
650188597
-1
969761448
882821957
842106118
675706643
803475783
621082272
998605060
-1
-1
878415788
-1
909956334
594408088
582158087
752629092
-1
907866309
688299863
820727137
805978152
-1
-1
606179077
-1
-1
-1
676213250
627850771
-1
905820687
660342907
575604141
-1
836341079
568117939
678374558
574805913
870097114
614882849
826313496
713185021
854153556
708057078
871366979
-1
817677989
936565402
-1
795777027
786241012
568227890
631363532
-1
640801493
-1
-1
836044004
897433132
-1
709180499
-1
-1
631363532
960527089
-1
696545973
-1
808314334
-1
630075740
607770674
-1
-1
-1
789955626
899911943
-1
856964217
-1
818922448
-1
876048952
-1
-1
656664686
836310333
863107824
745838574
-1
801321628
-1
868685944
-1
542691917
640801493
606292467
861735630
570174140
517840964
757937861
719034314
515138227
-1
-1
-1
620797193
761561093
568812933
-1
-1
588330010
672997994
731225165
840612296
-1
956726316
599893530
712443209
818922448
527877451
814050547
-1
-1
583537483
694541372
632046778
777642141
737824034
-1
800105419
561497999
616792260
919785143
-1
641320322
719098216
783141658
-1
911648168
680394950
-1
707043776
669773536
870150421
-1
579076722
-1
665399802
-1
671906794
601297126
-1
683032306
924904047
751828355
-1
-1
745875556
800618848
854927275
813248543
830165642
641320322
626720912
-1
969761448
-1
-1
-1
-1
667948394
-1
772243931
-1
-1
634567350
820727137
-1
913451325
-1
-1
783606803
807330521
844579468
665444301
671149198
-1
631363532
616792260
569308965
795431839
-1
608981512
-1
-1
775316784
-1
715472514
862594176
573974906
709843499
837015277
-1
-1
-1
764449423
631363532
-1
836339094
-1
688304965
-1
765597005
942277079
-1
-1
656664686
858446025
701802847
582143697
893968987
782825663
766799792
-1
833417353
568812933
799357158
790752469
583716952
593995062
-1
872961100
856964217
706800522
864958903
-1
-1
-1
-1
952029533
-1
753392682
-1
730166288
517840964
725044302
814881118
-1
724209289
-1
-1
632111374
930278589
788618028
847449863
788618028
-1
568593967
-1
911038458
-1
-1
869488997
811916167
732845250
930474031
977184880
927127014
961402106
728905542
882821957
885115813
811597769
-1
695056964
746335762
819986632
784092787
-1
-1
561497999
680245485
798580929
930240770
-1
-1
-1
654556004
-1
553884821
887402684
-1
517321156
808314334
601269474
638699479
691461506
-1
-1
696545973
977232720
-1
-1
-1
-1
744534518
894021094
-1
572405389
772243931
-1
718020297
938890762
748745064
-1
665744782
-1
567384799
-1
601042864
834906528
550900195
904107560
976285037
-1
652421223
850951222
-1
785148463
-1
771469897
-1
-1
-1
579921645
588330010
-1
916619265
747993906
517321156
720737751
878625243
840612296
-1
-1
-1
990847011
-1
618239003
901346124
852434096
806143855
724209289
542691917
715243437
-1
924100346
904107560
654556004
-1
823676061
553884821
868682328
895781337
783962528
819955824
794590488
994002878
555184216
960420267
624904017
964222487
-1
-1
988506293
553923885
777558930
873134455
552847884
-1
-1
701775355
-1
828275038
916979121
-1
-1
968303275
-1
-1
911038458
649429183
598691697
-1
692789748
760621785
779280795
883631494
692125583
912970082
550900195
755778057
-1
-1
760218165
975448436
807330521
887837706
-1
-1
527877451
-1
-1
883464218
854347045
974012140
-1
-1
-1
784242544
-1
-1
-1
882821957
841762254
-1
-1
649490627
716953745
515138227
691799038
772243931
616792260
-1
670804400
726860157
599962247
739074891
982284368
703919119
964003163
820727137
-1
745036104
606179077
667886943
754583193
537115042
734104872
-1
527877451
606179077
758934159
-1
-1
550900195
-1
975403004
865094607
-1
-1
-1
775316784
629539351
-1
602026661
610109015
865238198
767194234
-1
838883921
-1
767194234
946783995
643698202
-1
943976447
715472514
742025951
765151467
981030838
-1
676397170
-1
906055876
-1
772243931
-1
619660301
842676884
712290910
987665266
873476354
905804641
698051848
864881919
-1
-1
987379055
894602342
-1
-1
-1
-1
746335762
681113270
-1
796928174
885061646
610677396
637250809
595450536
-1
760026795
528917004
-1
602002734
960420267
905820687
523183776
-1
508099123
814328358
692789748
-1
871325548
-1
-1
-1
573355191
706457584
-1
-1
-1
-1
-1
622433941
910214624
-1
523183776
801767442
-1
-1
582143697
-1
-1
784328661
555580684
610750679
747993906
-1
-1
807968094
742479784
902970109
-1
651309627
632111374
707130101
672536627
-1
579921645
606600406
606600406
-1
813156168
863500832
954739125
779280795
693475544
582930424
-1
-1
641995788
630021907
629125861
527321236
-1
998605060
-1
951134657
975403004
741196005
-1
820727137
944230305
-1
738998785
726937429
706471428
659880942
955816854
962401296
785648866
713684310
777775323
559999269
-1
670804400
-1
-1
-1
-1
623278598
738998785
-1
638337880
781902077
725788636
-1
772912745
976285037
712031479
-1
-1
521293457
865917332
845374455
671837166
-1
814171102
827246365
-1
631363532
-1
670713687
655621938
828939507
649567754
-1
-1
-1
-1
712591469
-1
582143697
-1
-1
892108730
646692976
-1
784107649
673964525
-1
-1
762081340
-1
712591469
673310331
-1
879609593
680417852
701119585
-1
-1
-1
772912745
-1
-1
840612296
550463007
999995490
758233854
-1
733979922
-1
606179077
619660301
930424438
782476370
799032735
694011085
591492536
876594812
629125861
-1
-1
705839258
-1
624904017
827792293
-1
783187942
-1
559999269
-1
-1
652475911
-1
-1
608048965
-1
903064949
634919877
993813749
724635366
-1
793619918
-1
995078586
946923670
801321628
869255556
929544303
909759702
-1
774218437
739235493
-1
802845690
559999269
975495797
895350858
702992834
-1
824670067
881632444
657105047
-1
593995062
635789725
-1
988506293
911386049
919626592
566147158
-1
693504122
-1
779518335
-1
697509617
638337880
652291886
673315253
-1
856964217
940940283
809941963
908669528
555074351
-1
-1
801212939
-1
850880778
-1
993760428
-1
-1
881945955
-1
-1
-1
840062953
-1
-1
814865534
-1
-1
667886943
-1
-1
-1
-1
-1
670015399
874042719
907457047
-1
715931517
-1
-1
686039540
695056964
688796739
-1
667886943
726129880
-1
-1
779301601
-1
-1
802101763
860060869
944230305
745036104
-1
-1
819092847
-1
784107649
728783387
627201713
662469532
691364166
668228002
-1
-1
-1
907617511
639708795
-1
-1
611113287
552339912
716062882
-1
-1
863823909
-1
836310333
952232794
962004661
744534518
-1
813104653
887402684
725145929
-1
-1
-1
631363532
754583193
-1
911433176
-1
-1
772903195
624525896
936530404
887402684
737366079
793525333
746435517
670713687
757131987
610732842
523183776
-1
582143697
745036104
774656097
-1
775316784
790752469
808314334
864877007
667467711
654556004
960168265
742592881
-1
672762878
-1
737632386
868682328
802578204
566147158
781396648
-1
825851595
902469055
789955626
773556319
799032735
-1
-1
832395255
762010282
703820507
620310640
645626805
-1
562166503
993760428
895350858
630211186
647907360
954739125
666794615
573299899
814171102
631671802
991418416
606179077
582773894
557064546
-1
-1
-1
783816879
749579796
726435796
696545973
810319357
650818652
593287878
889565659
-1
941397614
-1
782853949
676213250
986749460
-1
-1
871525820
-1
635294666
768641129
542691917
612820755
678893918
-1
-1
-1
-1
-1
785442456
-1
980302563
607025658
-1
610109015
-1
862594176
600445142
-1
917154800
-1
-1
-1
-1
-1
-1
630272173
892108730
858660984
-1
-1
898844521
671420619
673964525
850951222
552847884
813543754
623132101
791081357
665039157
-1
-1
632046778
930278589
653911423
812559676
671168243
-1
-1
607770674
-1
914319863
-1
725145929
702992834
-1
-1
527321236
558659598
771916914
558999747
725887190
-1
916619265
-1
965810759
-1
-1
777291549
582143697
855555140
572741013
738361812
-1
738998785
869646194
-1
588330010
864877007
542691917
-1
-1
630272173
645981963
-1
667886943
852434096
-1
-1
763068828
788165460
631363532
878625243
695056964
675822096
654639775
643855010
836266015
-1
-1
975114858
868130914
724037054
982284368
707457619
795896996
-1
-1
692789748
-1
800508027
914319863
873397442
-1
-1
794636097
628236807
692125583
-1
-1
878625243
-1
772912745
-1
728891482
-1
-1
583126584
771916914
712591469
-1
914050261
-1
-1
623200368
802845690
721441682
960420267
710051165
-1
-1
615652797
963137291
-1
802578204
842854339
-1
-1
-1
-1
-1
529048158
-1
-1
-1
540452883
932619180
-1
-1
817677989
-1
-1
750858350
985034153
754583193
660144589
-1
575715710
-1
-1
-1
-1
-1
527321236
758085671
512391343
619111450
-1
632046778
898844521
668551096
758088320
-1
962717812
-1
901385749
-1
785866423
-1
680027995
786313186
943127964
-1
-1
707315953
-1
617454873
-1
-1
729000125
-1
578391737
651111658
-1
-1
734834354
753951345
-1
679589483
-1
-1
956726316
960420267
606179077
815573642
993813749
-1
723038186
-1
685103489
-1
-1
805536757
680027995
-1
-1
-1
-1
871204955
769201130
-1
591782466
579096995
668551096
-1
-1
-1
827246365
993760428
654556004
-1
-1
750838023
-1
-1
576413944
981533232
856669427
582143697
-1
963675664
-1
912694969
582158087
-1
-1
-1
789466198
-1
-1
-1
772831053
-1
642138941
-1
-1
-1
948405169
594408088
892833782
649447814
625339209
638157679
777985319
-1
-1
-1
726134301
794123667
574805913
612298108
-1
819109357
-1
582143697
761049100
726415634
-1
866708746
-1
-1
767458092
553884821
691461506
-1
573355191
543744719
874699714
884946725
517321156
-1
574805913
983429451
529048158
-1
709843499
817677989
983284428
834900456
625224524
875236839
-1
596007190
962401296
650786708
874042719
-1
553467633
835528887
544637491
-1
-1
-1
893968987
835479306
-1
954830909
-1
-1
-1
885115813
638337880
902714369
964951161
631363532
794043872
-1
-1
698470292
665405457
-1
-1
853567962
469556810
670266961
744337950
647843502
789120065
684765262
696545973
-1
651111658
600927954
856047022
863107824
775259166
-1
836310333
559999269
775975528
738452707
560175283
-1
601867417
624525896
-1
726129880
793525333
577698734
861088770
677118622
582143697
667948394
-1
970883347
-1
-1
-1
-1
821876650
-1
692789748
622433941
-1
840612296
-1
543979679
940608565
-1
-1
715931517
803917385
647483282
692789748
720723513
675224391
606292467
768641129
-1
575198013
850119433
771255118
574174895
674980103
796412207
939434237
517321156
-1
859325967
-1
869255556
-1
-1
553467633
686402581
713185021
-1
631855652
715627521
650843875
800447449
818588126
-1
583532507
-1
662543029
771916914
652475911
776016437
-1
884410530
990392355
708514372
574805913
-1
606179077
-1
583716952
559999269
-1
742025951
-1
964814330
706800522
693959651
-1
-1
632723757
-1
768641129
561497999
568438199
726236070
-1
892687783
492174348
964785413
642427464
-1
889511077
-1
817519359
-1
673964525
595847492
652475911
-1
703407231
907712058
-1
581509889
-1
951788706
734986788
855266794
-1
-1
-1
711302892
788165460
922842663
-1
-1
-1
517321156
722293881
734834354
-1
612820755
885462580
606179077
-1
-1
607949655
911386049
671420619
-1
933527434
-1
-1
-1
824259313
647843502
540416250
-1
828189734
-1
-1
629823699
-1
-1
791011876
-1
555184216
-1
887402684
-1
810073690
-1
728796412
555319736
-1
910868604
-1
960420267
678893918
820727137
874042719
931949536
-1
922842663
-1
717400775
-1
667948394
926322286
859685182
-1
696517708
-1
855555140
-1
515138227
-1
-1
588330010
798247246
746945372
-1
710506193
-1
546983328
-1
794043872
-1
-1
973345626
750858350
692888109
703407231
836592593
-1
847420404
-1
-1
854153556
606600406
-1
801321628
948834370
887402684
929591321
-1
709180499
-1
672478384
700960228
877652967
-1
985034153
800907973
697509617
-1
907994497
540399110
-1
668883711
817289884
948955192
-1
849553974
-1
568438199
-1
775093084
975681728
723848503
637876569
-1
789131925
582773894
-1
852751226
-1
552847884
-1
-1
-1
817677989
812894437
-1
-1
-1
-1
668228002
673833456
-1
819109357
-1
889509764
-1
-1
801767442
553467633
-1
777642141
608930597
-1
733460325
-1
-1
-1
-1
818531713
981322754
-1
-1
-1
574805913
-1
879904919
804225407
-1
-1
-1
837015277
-1
542691917
-1
882821957
971205373
892108730
563508049
-1
-1
991917367
789955626
781727876
-1
672742650
631442069
552339912
696545973
900543948
-1
783141658
972368052
823676061
-1
701836715
-1
895282888
-1
931949935
-1
631363532
554375776
-1
767194234
753500819
929544303
-1
722556203
771255118
780202702
753392682
573355191
904398873
-1
-1
852434096
-1
783141658
-1
758720414
-1
775024926
-1
534564950
-1
776207293
-1
-1
-1
930278589
552847884
827246365
-1
595450536
551707359
754071667
-1
970883347
996980354
795431839
694122669
-1
844437062
-1
831381275
810073690
847690074
746425418
-1
-1
-1
-1
566620091
-1
689047933
504995698
814865534
-1
588330010
672997994
964297526
995711943
871952005
935399508
999817298
-1
862245666
-1
795782152
836592593
848670339
-1
588330010
811232562
659880942
780893904
-1
-1
-1
725887190
-1
-1
673689896
552847884
850389731
932036487
661725493
557905161
802249008
694935595
609629647
635842461
827246365
670043021
738452707
820161162
-1
677118622
838883921
877365600
-1
732845250
824011624
663239187
-1
897126514
764647056
670266961
602169306
714778240
-1
-1
-1
565109100
-1
631363532
-1
988490034
654556004
-1
632111374
735873426
-1
-1
-1
616792260
612298108
-1
561497999
-1
-1
-1
870225973
906650616
-1
608048965
-1
-1
680027995
-1
-1
722879432
892108730
728796412
-1
810094680
-1
-1
697509617
909495936
-1
862594176
-1
-1
666641816
747481855
544637491
-1
715570622
-1
-1
948834370
801548408
-1
920173592
547067242
746558785
397010465
864877007
969755109
764449423
836831422
-1
844405000
730484620
722549592
-1
-1
548455997
656501176
882787806
889511077
554137375
-1
-1
623278598
-1
939596257
-1
487337457
697652674
-1
-1
801548408
-1
-1
-1
-1
692125583
595980968
907209361
632111374
-1
837524525
-1
734712840
707389900
707431059
-1
669773536
934442532
-1
667467711
-1
630211186
658871552
770210377
-1
714532697
994367989
561497999
950536286
701802847
753392682
843180057
931629330
805674407
610732842
632111374
-1
-1
723038186
907209361
909812194
744337950
712031479
729869555
735136643
-1
701217278
958346574
679218919
718781480
-1
-1
684944325
-1
652475911
576413944
-1
552004558
730332893
762404648
775693757
631363532
-1
619660301
695206675
-1
575715710
882781769
800618848
781902077
657525098
746668080
887975573
659654412
-1
864870184
-1
-1
960992347
748056231
-1
783141658
-1
711302892
582143697
680417852
-1
655816421
819092847
582143697
-1
776207293
964297526
953374046
-1
-1
933579697
552339912
995596455
637142790
831075132
900543948
713684310
824670067
794651302
768641129
742689905
713185021
-1
-1
677231367
-1
650102741
-1
741585636
796412207
884592940
542691917
-1
-1
-1
559999269
-1
-1
538880831
-1
642138941
612820755
762404648
732908795
-1
733132385
550900195
806326504
819838600
605905467
-1
714778240
667886943
-1
-1
-1
663369461
900166680
-1
744791159
753836569
658833384
791308959
-1
-1
972655098
677118622
543360055
-1
829528660
-1
630272173
-1
-1
-1
562535251
746435517
981503745
-1
762404648
706878408
590245107
-1
833812425
783563985
746558785
611554663
-1
834252707
632046778
-1
-1
-1
-1
630211186
-1
899554399
772940709
-1
-1
-1
602983866
-1
630272173
586485639
764449423
780202702
903064949
596007190
667948394
575604141
805536757
987759614
932589782
-1
-1
-1
865481439
542691917
-1
-1
701307825
-1
744452080
834924172
854505075
773024140
699832481
671168243
986710515
-1
656501176
914021390
765645183
874042719
713872842
-1
-1
-1
866084023
536957208
-1
-1
618159556
-1
824011624
632111374
790710206
-1
910573561
876468125
783141658
781396648
879215711
-1
641320322
732354164
-1
-1
784242544
588330010
645626805
-1
-1
-1
729869555
801999568
629125861
