183199864
803488527
628768057
839707951
866339634
838892241
566980809
552331682
154491103
588757497
526274879
689085135
960258043
356959918
864729339
730863006
469599870
439116239
883735694
609778677
623223305
958806828
980814891
542284356
355395086
885577022
480795485
819183779
778395845
948323718
643806162
192864496
878775614
464934103
932092755
806833385
489560552
536837572
941167182
674997198
880674455
899551617
562490006
935454692
836614270
36294831
361651456
743133259
615428982
857680819
600136513
969359380
787452971
895412045
476950301
712264305
547611850
883935138
638688946
637980523
715156684
958582703
528212861
882330266
298362750
322173974
928445147
497311847
767103146
713922087
806308838
594358647
935824895
301852000
266304921
973444501
905841516
261101813
736786533
369838624
335315610
724270472
216102180
718889803
665137963
865622152
238382496
617067112
852392449
521884189
641816344
504182839
795510160
571538075
753303771
357455390
972352377
526171978
305259304
314942907
676392973
977528304
304732110
973022053
710806033
898905008
350059896
192623727
925866320
224053835
554401932
384116391
605695145
503404483
826274731
923089534
643889667
179795276
631674362
740801133
558904815
99039807
883999714
915344913
775817710
564479119
889554536
738256204
599366312
888880026
888645799
614702274
644661725
218661285
832682357
948323718
588608057
103773589
308065851
777013455
381458998
828824805
759863141
705904535
811940777
405551697
730447909
786826541
832961135
626088311
664635897
883202427
676657649
395315944
454798086
344984730
600997103
997654681
481312853
954928915
631876872
989062485
20634838
564268994
607143057
465452074
625379505
751542351
425434193
653211361
179539483
514468033
670812767
506551740
624996762
947221836
804564588
876019082
506012230
208251651
758490719
867202487
705733314
897213318
894602288
879053583
533161819
548467199
758597280
638572382
752718281
969393342
872035139
422899161
872606137
968823692
919555274
976353653
595035720
697898175
807078594
609387625
533161819
396051918
60469491
984652768
959772592
792038334
881988313
725649116
934417566
857969178
916711586
543295301
978614257
883735694
820558637
674748418
997175165
749917749
984952059
348915255
326001078
766485116
824516364
933507559
298100410
836897414
504696257
135749847
838502662
893069332
988248373
789267105
978614257
939717959
378409087
868502341
766293097
197239807
695534900
975610866
740964279
613826020
891958328
494198837
951489353
684884639
290903544
919839458
662177219
534077646
745142899
639410512
34760962
373702529
895498832
251942398
994722969
590828288
490442291
268418130
508571116
814950271
686405927
889268948
673986596
686998635
767131364
950926182
992683876
784550763
969498898
874936208
644770534
825212997
656320843
637878416
831807272
554337763
581400968
599014862
679162840
633731227
792834015
389813506
591421336
873972776
725797766
424624082
387253585
153469864
593656289
730863006
552900197
859256466
383834898
995637435
957820449
644195968
457741116
445995956
308065851
624515290
826283584
341296053
813705586
358554156
847239257
967750538
948908927
648609760
950185824
640973048
654594911
897539045
822651597
530684026
235161922
908908435
555375839
745599122
883062516
112989541
763719296
957284520
663159531
421674355
750754288
832656271
863746057
595610128
131706856
877890786
950160313
761193913
457333053
379567592
652073560
498810880
312111150
916453130
375615554
957668183
928575253
924498432
991900928
924954330
302003067
699418152
436813446
621146504
501970806
411196740
983011070
747909492
890275123
524100938
992024852
563475612
761316801
989828091
451843890
815641228
932008044
670626746
523239892
319105004
644323399
562128351
710046597
560358439
667688189
530037300
761193913
963866169
848410438
996625019
541528416
892286812
722163864
774026829
488874112
628013222
838804245
492900859
520592733
809730509
644644604
935440205
290650541
891994000
576415548
771354446
731989551
808916806
370400813
719537362
743974664
569883197
703399318
998320607
581002974
606595889
817067964
701158579
571758936
579958149
553625803
833705224
434642858
758344507
971780891
503003131
958937854
647294399
577879912
861251686
400947659
658119654
570186823
750704867
820440819
668298773
537652236
442270491
473446445
466159322
385222965
480229900
589289970
268587922
440632845
741604450
689202775
588891500
793102294
596284879
858362976
774292163
604053906
562623908
667876520
483145244
758977883
785734115
746074583
927805097
349715378
68347006
801115125
607251721
782903673
332198969
562967906
317578751
993511164
278650368
472897411
527577196
634219742
897977875
796820984
671288162
984434636
593220935
517932246
973444501
947875252
868459439
446635250
882547792
897931210
806584316
598831189
355233131
744872118
171324858
823369601
820400804
375791385
428844499
103210446
843390123
910919615
677132830
785797057
820868542
498311648
227323057
944775591
237690007
695123089
937891116
830602256
558220862
105778273
245090940
766238451
957284520
959927798
596321200
166373704
957456302
271962087
898402274
864963236
616584375
589273961
717714918
429826083
459744953
879608277
568804036
728322158
970300663
603699725
688819781
472965736
444393965
576075994
761861276
361065385
935888124
690377367
339848562
607471813
804233608
650456178
968660393
785926040
489232385
965243032
940479679
192578638
520218741
915813057
857452372
832264701
517038835
565852644
541095859
724605045
627344888
920367276
249106683
290222033
585614906
874911456
593863572
910168089
820424841
826042634
488900263
877617731
396508500
725271981
728000491
910931551
600536951
462320411
922069010
842200894
685272231
700537142
945411100
731670442
980825062
160345575
135851383
798661047
934359479
294574979
613212580
509518447
568051613
560227928
208602332
879470414
930636638
253580738
433778042
636296121
715658934
591332549
552593418
460885544
551537548
365271981
627410545
459091717
528717592
888974635
887281711
509518447
931416022
541449451
925364669
375196943
396187663
987236207
521521729
927590993
871193545
837121935
994332908
958705362
162806037
834405578
310388494
591821534
82955443
828931968
959927798
909369443
420823960
685870468
590677405
938120463
406208840
995888484
999811037
671546119
633560290
327695909
972379932
799180490
988405555
874475132
545396693
916664702
812060602
953020950
862049388
697631192
983127090
301745304
837490400
907501074
988222492
299139513
457542926
685593169
661449473
510544082
865922065
898905008
506648512
759758748
830126351
770013737
247263347
838041494
827766835
545083760
973506654
279537121
543805800
831686025
316422719
715124429
885577022
349574389
963279088
954866907
840740674
653270301
996292182
776566289
680673166
915115266
389927069
798887176
625041902
934321439
844738576
275062464
273568569
681208873
591332549
448590882
443456944
665720815
899811237
705941035
835465471
796635464
748759866
853939597
633398985
805503707
240536122
675399605
295103144
958438643
574998219
227621582
750331232
860276386
934324721
616796445
976590927
571833091
947875252
564682913
626460161
100638550
385607388
732609852
883935138
633845103
663811625
438579358
777371447
914568601
524017286
623448572
316245826
836971195
773905450
640927397
159946308
503504788
136531963
839373829
210560554
957456302
528212861
797615270
137210096
465703044
767188931
852454734
526506773
882311138
314217852
441469564
994498299
480229900
327438251
386151984
725239611
813870778
839604009
799321386
551663727
182780691
728105356
336969988
532601481
285265421
813473017
672319690
400253456
514990759
764470109
928227087
849152372
780480454
921639651
876783692
524358504
984212875
393272237
447473409
726459812
641185516
878236258
149073266
797992628
276040060
355426827
526274879
386568660
779377819
869958366
926238951
840583202
897539045
865385538
280548680
630546329
566963076
977151809
795141368
763645393
561005487
419053761
993919720
938290698
81846174
368674654
976622138
876348248
936859925
963455986
976799695
870479962
791995836
483019079
840043662
536474624
345123718
988177371
795534944
803258473
782706483
574734671
871315627
927590993
234395681
726671602
994829213
962758614
874099217
610729661
958862553
332428085
70287254
587673512
525817824
452745161
715945337
425779666
453375895
976590927
411802086
674062877
391352845
783790790
801933846
576513111
589634684
99663387
454928448
752550707
245090940
802318282
678445779
207340430
364777769
583166384
775017502
933538340
154531540
325232328
372018737
584993330
628658540
758499242
934728620
423188351
973969641
882635111
802712821
881442077
873526908
711487019
827745996
541542146
308396172
571234460
91867835
635618430
446751927
653771663
652894263
904255205
616925760
971538474
740801133
988084799
911382953
631963378
785241584
980196546
487640932
398452862
604210823
361886168
288481298
964788254
694535968
978095657
583764019
143656409
758271767
585896376
827533278
585753005
734426292
603135756
557455627
900291865
710906763
377631283
990219609
208602332
752181161
584844985
908144386
814010237
768640362
435896374
814606739
243776701
983301525
453752024
952111172
408961175
159757437
836209685
407963556
339798320
813486003
190482937
603407420
996254121
724444456
729934986
767540849
827821215
943908729
972572568
474941577
672165714
489560552
653887021
644514310
751516229
584030616
922111063
713868629
827416124
985445831
562146685
462320411
347958972
577577560
814053280
611859072
726267981
982308821
893524711
978469793
547611850
822898243
514523581
755537288
688526775
643834974
490608919
367466935
881923140
518650175
839008846
899883203
516326602
427353477
588526752
977459611
676167397
705733314
227501227
556486095
497496511
831467708
602170374
692646328
454248221
157817494
443456618
840077540
596964670
484966745
65612255
621773423
644195968
584589999
405960586
752181161
560357096
517184030
940935822
597946499
491454901
692969694
424458591
635771517
930997091
578199428
567979248
940975192
578541782
890459389
469786175
582498296
420723850
935924393
841711080
430193774
685991100
865528521
485454453
484757124
398445198
648610723
393272237
562251722
483794543
705971685
641185516
840321069
402033644
378739566
473099574
956569255
808916806
943734293
466945111
907491205
539386553
495397273
701594695
205318368
593398933
970264013
845415190
756086786
712873998
439906672
957820449
732801073
679201739
943217349
997439096
996438817
78927691
645018046
735848688
896852925
429614904
562582032
969187205
487892145
355426827
570052064
443802743
974132947
822270041
570357707
363613125
256500915
435868490
982374318
275799396
973218310
832106130
832261224
989828091
533180867
728480339
585574774
935888124
843109941
683625315
686661802
564614944
973217087
764140245
480475604
317473757
933812350
947485724
854545087
340457620
623677284
258720855
903107819
868972644
415228721
897497960
111806717
596899962
229801545
905624629
354030966
453570260
597322127
502176193
811982205
664452649
789027072
375672788
608970424
600566224
927660622
796820984
629983942
303438726
933531755
595796120
678349738
666854958
692328535
507740932
563002046
953783590
238083314
311706206
811591967
963127645
904430435
880690746
535838083
583107733
328169695
917672001
735902835
933868096
360389182
824740678
288506186
955877840
548312312
646633502
493498548
724115049
591462692
910681410
304447348
722528061
928748217
763247592
376139521
116561811
586683890
878775614
422696877
563641852
711046987
590178407
935116661
359486010
606679859
355488840
870568163
696111106
247316135
663119404
975269853
61583231
647228777
883742333
911038068
694892651
705814199
520378040
460210276
567499390
582826330
993901466
692568685
457425985
903242101
514689671
934854430
418059361
739054761
605422070
783350249
835812113
983301525
504614861
455805555
959671709
302171699
863746057
711048967
703393441
893242782
814317191
599000186
578127500
714901663
895659302
656320843
535838083
969340578
419416634
422338943
941097233
977776930
455805555
570047183
797992628
852872854
595796120
405705556
386550360
840003546
766943910
955479902
941387194
611056274
529247054
385136720
714452144
810605265
547410064
636296121
585819779
964396525
848209673
870824628
448176876
570031090
839321125
826417069
976622138
550667018
355543584
884947519
966518301
484465622
677373526
904492607
878552206
183027856
96246977
538101575
749067018
651334883
669326490
752283868
958074036
514456339
916664702
443840172
592876575
935888124
798906248
585273938
529999107
581219185
807749550
985946590
529196666
969187205
145327089
361661680
583560781
728105356
518002832
476489986
831331806
367593213
827841258
533939449
580933525
924954330
948814565
636884359
401403438
830013906
819351331
988584408
699776617
513008372
855593133
823114551
949436842
307183148
353100174
982020888
407173648
642989257
988347042
870443907
431996838
904838742
890909575
754868889
357174983
247094237
947002582
205524874
636672113
973969641
636627659
887881199
413590122
848017098
897535583
710791916
660270237
118549914
566393234
358351489
903137604
338131451
853904741
490489728
978325890
643328217
479890871
139595917
193426600
447118331
636825414
853432155
969085031
811018832
948616951
192154759
274811064
873341934
572469936
984661716
577577560
586701082
729717672
437809271
356131053
508177710
651422300
828764450
656103295
946054987
981994146
745901334
662341671
544528397
803006944
746943510
969020396
946901212
273020282
884821365
476075348
908452808
647566555
712241290
777371447
729405020
622060988
681480261
581016924
757218149
239013795
885448162
484757124
871193545
569970063
519060147
948983975
347465815
765206126
916219480
553234066
776050538
943332326
849247607
754883919
654376891
826283584
805669128
976685832
866215626
946681962
983994440
699565195
347069763
997465282
560774292
628067598
340420163
876248360
621264489
404310640
729741530
183976284
820400804
639506111
574286069
662341671
802318282
359725344
956206818
307066969
708847022
180156946
538508224
560493156
263983767
889920637
736588300
954425405
978888034
208602332
614040954
540710327
511406162
134541354
813925634
421298696
761349791
655929963
56364991
600735776
394054104
612828374
501514695
592032620
978325890
386568660
250144407
879071205
761899097
741022533
722724935
131680122
724087408
371957644
871285097
240124329
884768551
841729932
700508924
352384435
366510322
725190977
410979828
465595380
725581755
742177933
946355943
311138402
937461344
139372936
989724023
814950271
967068958
991340139
452839413
674836440
855662993
784057671
509287102
258266347
700620801
331114189
824286193
693016836
674396054
570031090
531490496
517745037
752595868
403908056
774314959
150368724
862922924
939749576
678835652
633619087
414278109
950262568
421145969
595031795
257297784
613413038
849862585
623194073
904411136
469992624
974031344
782849072
896632211
681335387
970648313
203631057
281403625
697660579
399599219
723495861
862123262
825376304
775660166
390846944
869832115
962773025
768146990
518970057
624503639
996795488
337149920
986692310
636825414
913247192
986703794
385957152
772921957
888040203
379190795
960505511
383126337
904515358
278932391
817876951
274756903
283992380
997394229
980233969
721482450
980560535
680042984
974177917
638522564
856712888
253820708
366847361
247197493
738629395
991377830
457908398
847592871
965698592
991221861
750754288
914042393
619087923
665130128
654594911
999986152
628549052
706922371
788748774
626576380
519245082
911337347
848327264
460660609
776284244
809339803
309537950
655729615
339682130
283607793
155265208
503854456
960179058
568608369
565344141
507715068
714327057
196891826
448853782
651231078
807236928
642204564
472965736
705567594
525620048
924452966
658266969
772825900
427809526
832256584
862540524
842084897
813507606
672679727
614714020
284819330
654354019
591240416
913388332
554074039
822767587
416303848
948815825
882934214
240329338
482329888
416861293
943698035
407687985
719429908
927915456
505287509
600981046
546597015
680960137
366693204
753092130
916171976
204568320
936070518
916109413
729623186
981271501
494075975
947175559
682892915
890535252
971780891
173586450
876867624
958710161
746851762
529348649
761770517
758490841
290164511
475053742
833531655
389976212
498918816
508878995
920406968
700368950
694343816
676139707
422166711
961022078
696263978
599918478
892286812
686571254
989724023
789341916
704059481
642542623
628214393
448882936
761622901
321275873
576415548
998487010
674115262
966012619
681970085
470987822
962062825
956387521
483019079
424714402
24311797
982374318
541703397
776240130
985340892
920093205
245753510
948374688
795141368
878678600
301252916
557414960
727716160
285827562
947485724
828489206
699355748
352571848
402958119
930119237
580657537
66965760
930562044
867470159
577879912
905792949
167754165
842068717
720043874
356309038
590287694
660646340
782303014
276129017
950141735
196578355
657295016
257507447
590677798
711434609
371551972
965380248
634821820
744294697
846430997
623732599
369519166
709948380
578234005
871622763
896296232
274833672
861707362
690377367
648949367
962222943
721320775
691624115
446777706
107181749
387261462
680104233
926177730
609712117
498412170
42706029
826071230
503854456
620358678
942439422
734883804
317059087
447647362
89877770
780609037
918852041
490608919
902412515
471389810
661099626
243409861
710698284
967691727
996724845
879130492
456740168
431951022
857585518
380355482
557010817
512320862
584635249
838892241
731520323
994498299
777456457
616836820
948230080
909275155
320075482
772267154
591916729
716423749
633990562
564254831
543740276
847936741
928398031
428326760
706752874
426304644
608930051
627031883
980161245
545083760
337559420
722528061
881988313
266842778
624043047
724605045
687613142
136117334
803592309
767188931
529860295
978340917
932258102
406503319
932742957
869257147
778367824
871306087
465045964
717344150
712106453
958621376
808573478
807362504
286135466
924888479
524982421
378409087
607888714
734938580
896642695
677250911
37058269
598536427
925364669
328116076
323098293
429712549
669937893
712833878
461496204
317676790
838636022
836382425
774701978
733110378
330500693
451416918
803809929
555317564
643133539
442605333
312435046
953329716
572416322
309237250
980042544
949689265
912565770
952412426
830623117
753446084
910037397
437229354
859494897
719168477
451289770
673314910
473099574
724115049
944108628
439906672
853939597
301573063
635294242
872743650
820110907
673080441
876152252
421562283
838660054
227599435
699355748
647188457
226014099
890001563
310358710
528522421
891958328
917758451
398678121
590874794
748912869
714452144
581935362
584693619
197299200
313226353
500441957
163942107
761193913
756135280
812880447
641245041
675712879
822767587
556969047
571758936
828764450
514803266
258776779
581086882
761622901
796109962
846280859
964921129
654730750
57319121
982160716
407104067
689066502
463986568
341133203
331149331
929410186
625004046
151395936
237156867
382053905
798219782
827106329
288054225
359289567
982435749
939221943
377245755
635429441
650456178
960652512
946901212
853326649
380355482
799638837
516579501
738238837
797180403
435262860
362149546
816733480
832256584
945411100
677385241
125294996
201022933
925185903
751588275
620614611
583083333
984371822
992024852
485992135
816071575
630386659
860594966
832361148
360989617
898824227
672703579
406306627
720999916
633731227
901957473
753251847
811443588
425495599
775295776
846174136
950443384
718339485
695897577
936366762
984371822
600522423
534147123
837881661
129704522
380587641
594523081
662823434
798654706
222883637
945949158
273582862
402571720
109352221
915084224
631963378
982175790
812012610
736269550
895420548
723284220
513315819
759954773
206509302
480500189
730213773
928710834
50629172
527675261
717490479
319370832
454928448
648382019
845590103
235450737
369278955
776050538
687905547
568650748
751302126
204989000
600735776
695123089
786176646
881680330
617201555
252275936
425871209
348458900
888645799
509745527
895582368
670362307
455432109
430193774
821492285
429664479
748912869
835944828
539307650
873887332
796716144
677101760
931785067
687286609
924573600
506850440
312148839
810905577
833485735
878307619
991340139
322657796
844680493
313827212
644339623
974337852
934811908
828931968
966856155
928919821
393496790
914649031
977191209
241927682
868622297
803134480
582313929
274253011
784211052
802734089
286320792
175140258
877746704
716770007
797180403
795046010
958463607
226988647
864729339
644354306
984400235
889983260
934550062
559543906
305755321
801795101
432738307
855428142
881011036
349794746
958937854
829143581
995754216
866763884
632145599
713524660
733855582
984810463
544925181
778494570
539280476
761861276
848643237
723054194
380332495
325438378
822138878
89394681
701695701
592787507
740801133
395293566
862659312
601915556
540914523
843988543
632992500
551663727
798418006
391050542
912218852
605836591
876348248
384433829
858010816
963855521
649908965
972805875
969340578
686571254
478147887
452899350
963739846
835513239
898461604
815516280
731000553
752190870
284255558
688819781
710267739
447647362
854556353
799559902
366324184
636627659
844519567
936685045
970648313
939775923
701927025
576085631
790467809
839689714
662342452
204628123
227767160
938295620
933954544
300480514
945296165
767976596
356993165
387373009
545121521
849478813
949119506
810605265
444567032
925579225
926137294
754883919
718339485
226191360
588339336
500626805
637894203
799663028
660611231
886655171
816962077
432693486
905736270
996724845
650477066
470974310
984661716
876152252
741022533
935421515
765225210
646642609
979328717
464576027
939749576
857680819
39840946
800605773
812200278
672165714
850299671
972922439
641851587
652519973
986542498
499254649
885945656
900860550
797508131
951195375
481879550
741006596
928057215
379112689
969340578
993511164
572064167
975156921
599014862
721179510
590072559
984371822
424624082
691604382
270763283
762068223
895147176
188736272
833375693
683145673
37546411
790576575
811237444
899329683
877103154
893242782
712264305
952662664
877421750
782989161
348676005
948908927
810284345
650147106
588357119
981782534
270319323
405686910
433629396
999725337
128133683
869041165
676050847
588357119
533950272
445145785
600832384
807272759
514690600
549187478
486071896
706906893
654176279
815535643
938372916
735848688
807179489
936660696
705842420
850299671
725516168
291101514
90407345
836661802
767131364
851223518
578031507
919329281
429586729
661373647
832264701
709658365
386701882
382939700
895014961
564254831
549371761
492570021
383196353
809483305
918587755
122423790
485512907
953420636
879072414
736746951
733852638
830343488
736306337
602106871
489405855
755444764
710906763
439149486
618107296
995936750
582313929
826235520
99663387
953329716
933877945
676050847
868094103
480013658
432802723
688013456
655356967
692968366
618451475
798825524
709057278
880418814
665080368
822191963
349656461
912633401
679590750
865922065
621010211
619161962
563321778
293823674
604580238
797615270
366322627
532096917
475699744
354935177
801429492
919691003
705842420
487069232
309266992
429586729
966847585
699166675
976799695
949304302
631196360
872035139
930997091
921838535
729102077
980161245
668487113
332846433
843279845
992903745
373281873
798890922
294264969
346325413
802349415
491010577
334045987
732177112
673369761
570173359
253772627
882108711
981271501
903365369
789878237
861486806
628080267
510049400
237640056
975811183
584602520
562067331
962496179
961499631
888040203
578122975
528785575
650945574
952410848
975602611
657305763
822164572
554106422
810461018
789609381
245813374
313827212
978781315
605021534
778494570
472066831
508444865
389582718
839441730
898652586
845162940
736328295
81370699
111972743
493305508
823154435
164467666
713922087
347385972
869257593
860276386
911038068
951580347
850542963
345069555
473256800
712157822
436351034
869484996
923819813
437343933
617215158
913839174
993919720
685607748
605672097
479254799
296898512
608133377
918587755
661323403
299962995
377850724
953055509
809585578
261055049
721895754
936147951
850700705
706013390
146025539
976526088
386284226
912211470
422461492
874254554
953378385
994449226
770534406
154598769
774103973
748027342
969340578
939749576
538726411
933321020
838476861
459120350
693140339
984131913
899738606
827763309
420859381
803448291
985410975
778858804
379163598
761622901
582693569
611505150
839637578
675350288
958513417
275225821
799685179
231419837
794591839
592499384
841245242
257530253
390008068
758216844
527711030
879131509
847936741
750945614
873608883
706922371
776416517
709985917
793903138
463833769
300324883
944108628
869932171
755537288
558733769
647063184
954800312
763006663
332371661
290577820
545752965
980622388
729916463
843109941
347717941
371493450
143663221
533775739
811135119
947175559
832569833
565604922
551163321
229314105
663649502
981425735
731520323
296898512
611709650
677385241
724791243
528522421
898595412
713192658
472897411
992207909
778474384
121889169
841299164
757307461
193846215
662919532
997600614
910168089
340706188
693089195
382831359
473905051
725378733
724419163
956976777
712833878
992015786
309631166
738749004
877462090
907162957
553871936
540045650
845708188
799248842
940613923
752283868
462723329
908144386
203434080
555668397
846566225
803542021
922300212
520652442
394537126
638529224
103773589
771555444
664635897
660472450
659289044
551166900
300480514
254730712
651322697
686433391
513702555
237681729
614619305
725251289
792859033
564268994
960652512
986087323
851610360
479752837
254368090
315960316
880470824
276432759
710592148
600563418
613831906
909406232
782612891
534780718
729163121
806364782
801031744
539386553
295179809
721857814
222291084
957802883
537255121
730826139
359138857
882547792
744294697
528623888
910540009
484797760
697707558
911580833
715366684
271613072
473443806
229121744
420984360
318162235
460729597
716748843
970611544
421949442
782031736
427921625
726428580
909406232
491121841
851800642
963455986
530838292
604657441
845660697
347375818
319145265
790133427
270237093
793198701
524982421
752283868
706106894
625552542
901095849
473388326
480186162
947276661
354312132
790165939
265452857
318653425
764991751
575763131
749656231
683145673
876036663
592755280
800543117
644644604
643855969
472020818
561620325
638603824
862386619
874511051
245148496
239013795
270329512
683145673
418729998
517053661
976553501
837134509
994096030
679645258
935508793
378469575
550145986
607061884
637787196
123532750
272861016
355811356
870533725
389976346
583107733
887867575
497137934
573259933
936643084
353933096
622767214
714996461
989783361
653771663
891770651
810216858
973177282
791498719
507110247
589021360
440980590
676373163
984518107
259566803
861573796
941722498
740239058
301383016
927676594
557226695
753938645
838049223
948082682
591241243
978095657
960960522
508382205
582005011
955361326
452960408
522278077
649200744
892334991
504961352
421893695
957820449
711434609
612583016
793230301
165659044
643995728
884826364
754395149
971090565
952410848
934765959
456463170
643889667
779377819
449108485
42887902
221230189
499703257
612828374
654594911
810937107
360806082
927426023
344002569
322020293
840740674
900149959
934550062
810284345
942192905
648610723
842289299
552700627
669192402
725472720
329462443
993851349
927187638
929272450
684630817
599066131
826842132
748665593
615153773
464168402
974389046
797992628
137722841
846843673
675987730
750867608
530138731
476428067
635252985
828037238
380884407
972572568
660609577
208719033
864963236
941218874
751191255
755376558
787043479
877439019
816388556
684256036
132317191
948901022
475612188
814749322
783589893
815132045
928934869
735837163
618945264
747321898
807261994
395491631
671671446
985442000
694771229
357120846
428809149
500098742
803134480
727728665
761639615
519569768
924950612
972548701
549029859
205318368
283728290
933868096
733626246
429003220
421905742
658878499
978661058
200575992
817566495
694290778
372716839
858740069
314494602
253820708
894842647
204948342
356727080
943304897
455175419
568053318
539894282
998568423
487223161
993180023
259857536
987419566
744770414
795328111
722068840
704900631
379178539
687668890
635252985
266676506
881442077
705054573
700063066
200693122
705842420
600981046
763801787
790522901
581933223
692703532
80323588
835554827
505651959
447450022
860422671
906849607
832261224
873526908
747373716
982466600
140479535
392919239
865103592
851726849
561340552
802318282
998890370
770578998
601958048
968350299
745706173
838142875
602108871
577124867
533085950
634823264
281527565
653112642
967607793
824881996
763834815
834601527
591241243
591895438
705906646
677096137
623567027
983848175
397331506
464934103
864883412
659235630
969077330
389927069
597521499
608388313
322211432
148461102
981425735
556503532
923209313
578199428
435103743
976828039
772122011
875676897
944631216
447896598
852454734
702325840
986975663
444134402
870631669
711277601
739531453
839507119
963731458
933448831
958887514
740403006
527147444
859936101
849492203
790522901
617711819
795811995
606865307
768798829
356914821
577881235
857585518
632415201
647882974
457289532
414453804
560895975
919635830
857587109
557612709
432678635
228101192
725190977
743908226
748027342
556996516
372878480
181215559
287978751
332045369
366510322
537018940
372716839
725967354
530393431
573359897
779377819
934589392
963279088
934550062
682739800
738256204
667958066
980085129
626044175
305731597
889471044
175140258
413540564
457746675
729863927
895746964
635045305
166373704
313884479
510398405
877454493
680314632
446946417
874441381
981425735
926322018
530027022
459217862
766847483
317653660
424467598
582313929
439149486
273305026
652427347
613602814
894065368
499170241
547846487
604053906
323986713
881442077
745931459
722816138
319655285
941658264
938052580
787543438
307667656
377563941
896033551
864729339
869041165
619600763
853758741
800107136
626460161
540747975
276187398
943279265
332450244
827201295
959314688
877092420
820521780
991936383
320267345
858981900
569737093
842968469
810537562
877353617
906931004
56740034
600735776
600249387
934647628
617153996
129669870
146223063
657207078
879978144
857610705
818162347
619820608
279534614
818820149
501701129
516657566
549626509
930987987
582662640
893242782
629983942
428170781
801792572
801715723
693364970
979027232
922325306
535907106
759516185
787708951
488900263
666372375
629569067
980560535
906665484
666578888
302029094
968806460
722031106
984155495
776038436
819487807
871926404
826474306
393349127
901131854
341602693
532674601
963882864
373000647
929410186
213190845
884826364
644251385
582257291
391469599
314942907
573101099
812401258
881011036
549295946
729717672
882108711
875676897
519347312
550769341
480186162
79478889
451600904
416291295
991936383
744888802
772331367
988858491
993593207
895508749
900915405
805051603
579605325
410188711
763189539
942877289
200197208
912633401
839631469
982966612
261615647
767976596
518384311
889252435
984468445
776363604
939600535
698231552
601234909
304494403
936147951
558959970
534077646
701300230
722797245
601476059
412538960
804231794
626947237
527227997
7247681
743048341
687150780
371929384
530542824
989987287
663458682
987443172
404404094
533984956
876763988
687457401
760596270
618984309
959314688
704059481
694343816
843384133
905624629
436813446
960179058
875472520
815513779
933868096
974132947
748410827
565569203
461348551
203144579
509518447
917645337
901151603
801031744
842289299
544588216
133452232
894763427
944677844
420714075
989369271
405166635
433151491
995802487
911059810
244496084
743490049
894065368
523658995
860005677
217113380
998141486
84212003
976590927
663732414
554871501
363159994
557612709
577581258
533950272
408033624
959772592
438979416
501921242
805408027
988084799
351630971
685593169
795863616
746851762
951972390
779213819
45850462
554510230
960752231
935888124
951281580
968660393
294574979
858950555
868744466
634857659
183198574
712056736
535452034
180542425
789959173
964000460
524358504
980714232
869832115
443492183
746997998
754736855
822164572
731618234
980662535
644232139
951084744
963731458
669359479
572774203
736985767
163203537
695897577
979027232
658878499
580389130
453004207
509195977
659328185
216907256
435554212
485049202
646554432
545290567
215120726
522163293
898699222
324130164
941789095
847681575
922557413
413628606
684626289
977631992
359956998
965951024
950217435
599494190
623760949
634857659
513755283
532661346
366564330
803423671
861275615
582257291
992467399
432678635
363174185
898824227
642475896
813857534
227461013
773473620
966999633
877353617
456512891
712678478
616836820
498075490
585007361
945296165
611189594
988632025
912883878
764910987
462320411
984554884
875154104
312753814
598361908
619313708
986889082
286632810
915845775
900860550
854462073
934811908
409110573
424467598
873834499
781555739
962773025
293486304
619031092
827763309
679415513
811373400
487069232
221739717
198371766
974177917
442190449
727110637
759516185
271873025
720555063
595998140
418403003
307483901
929078681
741006596
856261201
801253189
567418934
339881856
981053581
905088036
394670581
323124968
400918100
766404238
716616694
587130589
992583576
832480939
444787672
944666043
762068223
871234304
812283460
622005071
890001563
420677830
746451735
862659312
907501074
102467359
822164572
892119514
898889064
851165913
777506120
390305014
858805413
422606721
580257037
652620229
685652500
987419566
836971195
701860331
879147378
804564588
759238810
725153207
665802565
841707586
911279285
798413875
721857814
119476247
807236928
975131559
750629604
945217902
443357832
752093888
990668088
885778928
848769579
838690726
834107527
361611500
969019834
509063433
836658259
720363388
681514201
959102378
986705239
588696964
468429341
175590760
396154745
359909707
503003131
712678478
909609286
834569740
484966745
768555999
363162983
700779498
556017625
552331682
828156554
725153207
783369932
957299201
683919575
597519831
950481187
980441542
809958420
577899162
178093703
691046964
656297378
574033371
952884353
782051344
888504593
460043274
251490339
665466541
977527501
804279020
761396096
241621336
942656444
939903019
968151970
940890150
419115249
874441381
683993497
604272961
905607522
984155495
462724989
331056732
985244512
825093292
925979836
243853198
603211764
930119237
885693098
469350404
592343058
632254913
723131921
497632693
534145660
903886132
759196160
653771663
399225800
449450075
470974310
755445725
844735226
436819958
566439861
969359380
881628285
665085880
946054987
635429441
402898278
171649392
905792949
973754368
690338997
568565156
412382787
962222943
268130582
631161801
539218928
573359897
513315819
275778221
669814535
774569684
878060534
866215626
876783692
451920269
485101841
936651230
861573796
879496456
793102294
754395149
991712846
447118331
758362159
813473017
929078681
892043718
678964776
407641148
998593151
986542498
879978144
370690247
386568660
834321225
831331806
681514201
880690746
708367994
870852138
773063196
786354033
990072492
958862553
452467141
142140096
156609031
933321020
661670412
213258228
588509012
488636904
935834932
790467809
790042178
328211837
467837799
861880693
629093186
336737553
374078229
784666137
743503831
566444882
554401932
870314929
574813634
854130825
937989585
583764019
524932086
783088208
428896988
687457401
939606257
946668167
334933850
630963160
448176876
630857849
925979836
659429104
914150775
573101099
223465981
799369351
295689213
562672698
374288924
917029673
270669927
494160980
747484425
134556587
699565195
763137577
614714020
648557960
493710080
983994440
979328717
570186823
718824517
336485262
785094961
610821980
294117472
958438643
777204256
880674455
933837669
790522901
752290698
165370823
681353883
833338415
445097256
770770295
603407420
726633632
148766645
860735604
609793245
808306541
562007237
376369434
348096168
372740864
452854008
737535050
238625630
879700671
451776306
985061879
241596506
753446084
605852787
648311908
661766437
640526620
926216401
913916255
812283460
889743475
640734105
909609286
971008178
665590115
440626780
882024391
450226050
587198292
492108966
736118985
50348584
530445479
704978251
367500808
159198402
126627839
985946590
611973072
740888418
952421375
565329911
244030341
787599205
892119514
78062609
891244326
912633401
455768180
520230310
846718083
972548701
690173666
706928777
764245072
634823264
555777774
813473017
656582350
606515855
906689493
245215239
617130137
557952464
582257291
909003047
908413519
434198535
805508433
813156618
682236516
555375839
610163522
992063396
808950344
942656444
582275187
865757643
478048509
593639755
431591958
429619885
682229343
775084042
702907428
805051603
771572943
676373163
425197514
997743677
584781704
839730564
699006178
587648234
89923781
939848120
839355749
877922743
869124613
493968112
943592052
687668890
847554342
839346796
150367072
912565770
698141398
731629486
744433287
584589999
677373526
808687053
571945043
822867741
711445572
835554827
912683121
659028339
561005487
764545497
739313877
619313708
958176344
627575110
454333417
993801124
336425647
783088208
691604382
632047586
599460542
909275155
499092697
827155458
855137844
618524299
895329051
688691352
890459389
889683524
910446255
933904705
533469186
388300910
694771229
582693569
964463177
795817004
634015692
556461882
225449005
520074342
850323378
351193043
723405412
776043093
616836820
901410206
682892915
777437236
921170759
931958620
882223651
891033727
843326345
283310040
63023782
608902098
633886310
796189649
454723243
976633503
608872302
192552614
343770223
379743869
495775403
723868065
748912869
445187497
964463177
508444865
305643718
489038850
811571089
828764450
881038946
689678688
769623542
410172635
958074036
745268872
714393023
408437226
381627646
107933874
619390360
676797265
567418934
677907483
813473017
516847805
665472268
195229678
928178437
911283785
964680708
551586827
660654413
955930366
468203448
628981143
511309641
372025051
940721062
824881996
341984995
760803712
696768370
440980590
815151172
802158588
252398786
704561893
299707595
744750377
849478813
844624249
876992481
750715713
96737500
394054104
351278932
459609256
929851357
700902440
902480877
333987292
759913102
93020864
958340935
625552542
589339846
600329432
692755568
537526916
604321155
978533406
545376176
436448490
944775591
881067008
879992054
310943398
485512907
759666191
844097354
600249387
346505191
705781543
587130589
569883197
207512744
940890150
665005407
454807185
290164511
889109380
729672114
744033663
735986624
999986152
570602118
647063184
895966642
966886513
629899993
600536951
423613228
984017405
940011946
844631231
958505957
376229680
479112768
925255379
371219996
826206269
885955982
791875677
734426292
82160032
722677243
725430346
747299859
947141122
569737093
984661716
962819928
705733314
870568163
462791552
549095838
690290308
766293097
742151330
437935460
942439422
984810463
472924922
694184221
788819928
811982205
649900899
48150670
844828440
670363214
490343316
104469942
475291267
386560209
314946712
922148996
739864574
987067249
81846174
593874904
944104656
324441668
720634434
473339389
445187497
463986568
893483446
725271981
957802883
788704382
752863380
316229210
514456339
409910436
485824416
892669248
977771833
278668689
579205014
342087989
784140144
796389542
431500212
714229312
888288310
673317899
687854413
926137294
297765506
883982534
638439361
695897577
726428580
97337968
833283913
250549676
647691313
817566495
441514011
860321389
371536912
503245282
405991012
977724676
857969178
567553958
805784232
646036786
942439422
756652766
556962917
260185379
755629414
420145724
676448434
995762743
751011484
644339623
172286386
688288872
442488180
871796496
798939547
488636904
724428898
990767663
732794851
946650243
946246736
442194338
539900131
692455707
763035734
993171889
991751903
621078826
892334991
682591994
223842805
706234745
868555678
980814891
405730556
903604785
317961018
207069319
995245875
797324599
308774994
71420494
215050858
900601255
801792572
333606860
690767250
699166675
912211470
663996973
947276661
863728560
645100953
491036112
921829309
733937402
586465025
687492291
229934688
284418919
720515156
969579031
107135419
339243488
588891500
901482972
231877411
754163460
599567746
893543129
796411707
617305890
725291568
475291267
178494857
335311196
770578998
547282065
775527278
948616951
721179510
633398985
386151984
879341319
724271871
579386850
905641175
769796574
772094985
665789877
579205014
312847923
203900588
743739725
504999131
767043776
755058586
741679598
232557035
411677348
902639493
881628285
695349748
923557308
926322018
266569862
756086035
164516327
286985205
805784232
771572943
684526479
874130932
629134628
935421145
893409859
924165095
770534406
803653710
689085135
996750329
51851197
628001418
878856934
922656271
389582718
844430806
479112768
829444892
940401902
527826123
652620229
948194984
451194746
273568569
793198701
729916463
795534944
895659302
595857458
722677243
935421145
618940630
825737533
731531998
792672126
775524482
463580693
907219865
929797178
906769509
642542623
837776715
604321155
667078177
300183407
927937818
162100287
833213005
162808146
679962092
364662586
355734675
670362307
442608736
518052511
583878303
580969260
901911954
527208252
941368345
560273579
862330483
652597821
945959146
592985706
974128067
342451878
819351331
347069763
784367497
981841081
880081530
437343933
412713484
775140680
537266612
758672703
492837110
390780595
828598641
686998635
901744687
897887670
852408949
775524482
839892321
634216635
768798829
602736957
965465922
848608344
662325918
755431963
179937240
740532163
943763110
936147951
785241584
941167182
770612157
573359897
203631057
353488832
967691727
488832572
892578646
801942753
936590639
236734826
376569127
874453935
743733545
835952272
697707558
635771517
619209159
664114918
863491275
729304485
66577247
698984061
295103144
404633700
885690132
962334950
818815183
912773696
898824227
583416472
749718363
982348477
455294807
254709656
514468033
994365574
826474306
200687103
503515533
630119038
220261437
478608584
944173907
400253456
369366574
838190230
556962917
392287467
473415627
581005302
335875128
561475367
871673225
890621482
708114453
298805996
760010805
820424841
719124581
681747795
261061366
291497838
447982960
963351775
593140482
505638042
899169396
543096443
973977419
450107663
977776930
797413237
830007763
634189331
727110637
444498689
845805414
375777950
763137577
312487439
575265179
252646007
758672703
888273480
780475061
945411100
809339803
765619342
330944492
317979038
379686021
509564985
747484425
461698861
865818557
796738961
666194634
622774780
680042984
604393355
677101760
463292688
696897974
476903194
451600904
461233275
581697142
860478008
921210090
588696964
828931968
731749647
457289532
833052991
674319803
922111063
389554285
698984061
862657148
683203626
839059870
621624604
438108144
682915891
680633010
748759866
618984309
813172639
987866815
678182767
714584649
794186689
208086592
778159394
623732599
922000162
550145986
225232356
701490381
483011752
902412515
524204832
714009471
841299164
973043225
940307808
795835375
710791916
778474384
154836860
845716565
523836714
448176876
590898114
520652442
865818557
905744102
794728509
739054761
629367180
879487687
314946712
310920212
560382001
988568154
288136597
792840580
851706875
678445779
565214062
804615226
452899850
867128599
997493944
749198127
761194007
997743677
529247054
241186769
418206690
652894263
986486103
679590750
622746719
736786533
688691352
795702687
939853018
484803121
440348886
473339389
835513239
626441792
237463348
713017517
213610109
976526088
587704578
632149106
443259878
717975342
869211036
763156502
878923491
996724845
519595756
947248811
731879743
933507559
496620414
339382386
877291485
511208601
926632679
426508427
750004956
333987292
916130884
726267981
825211751
726299571
567634958
715111056
854902281
619209159
991340139
370162495
983994440
647836528
406096907
344238568
392365361
732057223
581002974
922801572
478243637
531780617
677806471
246651962
844519567
400276547
123463689
370440200
688526775
942432539
918220597
277793327
40165857
441469564
466159322
526453493
854902281
930576051
284972785
513128056
785094961
926137294
912608387
833062581
627057828
254800134
747158941
868744466
879487687
909918174
568428289
772167587
830602256
813116996
922504331
879147378
800107136
777752005
397880097
662575969
449629840
827447708
642031093
717490479
859458383
973888629
134723638
804615226
861725340
566486201
777506120
153469864
777830572
427290236
912773696
461862215
947802078
763039063
324012855
887938285
998766775
860272401
788939880
840704624
662503465
758490719
383879900
510831143
614998477
755537288
790008197
881848889
661549743
505254988
937646842
644661725
605949019
710561032
731749647
560835804
932092755
789305118
973022053
578202409
999638522
440915226
242973178
375021791
739054761
897887670
717461178
922419950
841749522
903242101
537652236
995169228
103537815
498810880
979572543
918193267
647289912
905641175
252398786
206360826
668941399
216863344
743645111
998320607
742908436
574218639
902235348
960346314
911250663
991437850
824493854
996254121
905841516
256544263
728780489
994872252
880223380
686521364
361951615
370994717
27409210
501249000
975117384
839604009
811893739
927924419
760564855
175712274
486050356
919057617
344746598
943170815
641851587
57490140
279051663
807704616
764389122
638608580
909275155
997319526
467837799
793477544
322457503
463319795
681208873
954800312
877617731
586811561
395124903
816206389
200448340
603211764
862453236
584077194
966518585
543915393
76947349
970738521
424358782
104528239
587673512
851885053
888040203
749656231
444393965
750629604
659071974
856006262
566486201
100322495
96737500
774487837
855593133
808578170
752241996
414691741
854039318
928441117
655227008
689010597
649895408
932272840
731976830
625574258
293581036
761678254
940215766
389244862
753938645
616803250
880436130
580969260
541071669
648391826
253557675
971008178
616984383
848038287
631988954
689112028
803439046
943698035
833885873
962222943
419115249
694552168
423250609
559751824
808988040
547611195
973218310
850980064
491021373
503904348
674556919
876115844
750258197
336485262
265968819
827669935
821384102
893673630
577241659
559162363
326884526
365101221
357225640
747650610
886309889
890909575
736593774
717610438
498184354
164427352
691859754
827763309
988741035
782849072
787543438
591241243
652620229
977254936
611505150
776068641
534145660
962343903
745599122
943763110
756229760
761193913
877201206
713604901
850323378
858805413
637263153
926381780
840583202
669061082
199141987
5951055
896632211
700902440
243282055
654563968
874254554
584825260
924600221
219581491
646991073
475640852
873590802
857587109
488832572
567708253
717469724
514690600
378069492
685242374
783676024
692154585
958182777
825211751
778772457
182110018
796716144
803592309
810461018
877103154
316830482
616846536
775454321
260491947
602787538
374766950
934647628
463681478
707183000
568694311
736824564
429664479
651740901
853121384
551512992
997493944
562251722
589629228
817450936
670252576
869030729
612962157
724995324
840184414
849649184
789878237
101812643
764210244
822670546
995245875
504614861
993697869
882223651
415726528
228757133
934811908
883015784
92725758
875784026
731666631
809444149
771951869
766843422
597720979
810514600
461051443
697840175
510499554
460660609
203144579
655844859
463660322
897535583
825149424
703351187
920337270
275982218
881011036
917758451
455363535
936436669
845415190
963097309
688044013
875307559
376582520
869482344
900508680
526239345
903107819
436513711
729672114
617985952
781973693
750754288
346659996
671807189
634356098
568051613
951580347
544925181
525046761
249247719
520074342
453127786
995649341
621108477
192982656
997743677
232656182
889474380
122443193
671203254
295103144
795562419
521595342
383879900
609581122
367897126
763935413
717185892
638608580
999656731
562623908
943734293
292700459
882965017
411260061
836663509
980161245
330173129
794186689
193710781
266239321
826457655
971144846
460778534
233278843
766922710
556474840
917645337
797429078
830537142
976971180
436315867
693331975
400367970
348144407
721695614
941218874
850343975
491700160
556962917
919313385
907157490
822771498
913118090
935834932
992496488
781645800
921114602
756086786
756196440
385452935
687639473
968350299
542826340
536910607
308774994
710307366
740888418
967823666
205629125
533426210
912971172
953772433
522160462
377233899
873380367
821392961
391077137
783330163
392167016
616811568
497959122
588170248
76016972
930952828
487081797
413761118
417274608
811185135
912883878
739313877
278644785
566402842
219436486
567836742
630857849
850700705
819557427
772200389
960652512
600832384
876145334
805416735
431688753
593615949
284649476
669608056
946359761
419329948
697076068
570956004
640988797
827885483
616882261
221739717
825212997
870924070
926679508
556613849
316229210
323953538
568565156
397395135
451843890
951972390
435262860
135731623
451254841
796820984
937774073
630119038
490442291
674396054
743098077
237156867
875307559
844713761
550147308
952196632
657412618
982776587
784186280
903137604
998150649
881370456
656371826
692815951
964396525
828272043
731879743
330191640
255462384
559543906
817881298
922557413
240890145
584993330
868744466
704387043
797324599
910931551
461986942
550200568
646991073
797615270
491085035
831780374
755659913
854545087
997465282
474968215
766238451
571408008
861251686
222291084
313660774
944032246
809090979
950160313
164402072
486438205
539289922
850980064
534444858
329547439
778395845
934493679
444982419
278668689
835465471
877945562
998898534
155635870
929607111
704901385
743974664
763660837
250455684
181822301
384950549
565178541
316689557
570232587
866586702
976828039
637263153
614104938
386246750
294030893
305219438
621866098
596249780
182185493
920785395
860005677
40235107
842988952
721892188
386734162
704823543
474700805
298402407
879487687
772267154
917174823
677231270
735165490
286134736
974426165
724605045
929531947
469759046
710270926
924600221
449787596
824008941
972805875
585666077
489038850
450687863
317838203
618524299
613212580
842068717
687971736
355780535
800669258
846163007
675546892
120748894
873590332
788869270
865398313
965872849
253820708
452681322
848084071
175131595
967296391
379567592
829444892
352950916
824446345
599366312
765787387
747158941
682054395
487092640
539866553
553507058
792834015
147571650
329267413
997942003
402872459
674836440
271117422
935116661
801718230
797856381
426527826
231419837
704001234
604096386
683462432
486442591
635380690
792115435
835554827
723495861
814950271
859314641
980085129
663458682
874496247
387959685
873963273
204559830
643995728
430227455
119417089
645035828
633298612
684884639
569604336
799066048
816720039
763247592
787143846
678968220
646896836
758561342
801962251
648311908
908908435
543509718
852565876
982925518
998593151
837183297
698644508
696075683
934069809
880081530
583878303
611137634
995888484
977771833
976799695
984155495
196540766
659315963
889494409
835287021
228952049
810146696
988229844
881370456
851885053
548362838
361951615
176021330
444643763
453969686
764245072
345927529
920406968
820088403
488083880
864315887
839346796
653648136
369717188
378109871
951658487
379190795
750060798
976184323
358239595
935136377
825211751
782612891
713647867
484340115
327967451
498184354
839920113
945161817
659175419
809483305
701927025
797354107
745599122
482878114
992981087
308778109
284783956
601476059
615012071
472854036
789305118
760024414
782612891
817917104
412538960
961718715
641829198
634336868
633298612
521002855
401818778
653118206
707735158
318307653
921152535
595857458
509745527
874365366
648949367
183323076
764869778
826842132
865103592
619209159
317208535
276536369
884856200
947002582
933546099
782706483
547995273
949438466
866931042
880304645
209241001
690338997
987122415
795398293
738766268
959243049
577930159
490376151
222869317
579205014
439598464
840833909
191265598
462724989
914388211
366004223
582275187
950764331
751542351
531011153
520035894
619031092
633706287
930987987
832361148
531780617
424467598
935421145
62485982
698094592
960505511
830703877
525546829
827457599
555133642
869649046
776954846
993085758
340056423
462198833
333606860
527473234
623448572
207613674
826742232
405211815
308953520
977151809
676120184
722618837
723239016
773357585
763935413
701749425
803619209
522304581
914042393
917053220
120728333
798375590
795817004
396154745
595619383
954904708
447647362
841299164
946200332
936070518
780373270
854657623
805757449
577577560
842672200
756086035
784461087
899620622
824096453
240241738
807115542
689274231
484696609
883202427
895186391
783350249
808691836
199677553
877201206
240329338
630766945
413024567
816329382
365930233
564754495
929607111
447254514
555632719
891770651
952412426
452899350
677250911
383909263
999916116
374993637
798353058
684989341
525627457
231093545
255536548
698189670
781973693
394589298
731589258
643755334
952410848
790024986
307647613
475205250
705138849
333339541
595919767
872493943
693089539
616768899
419416634
824516364
797429078
352053306
893952755
424624082
626044175
590178407
904500229
309034052
191730650
725060174
931629634
279624141
604022160
983011070
792085232
406191158
386568660
498462681
901892971
735165490
733814012
757117041
844937265
559192730
614585862
240654371
777569355
134577429
603135756
821021293
630119038
643499474
904255205
859767192
735902835
496657199
566384060
835287021
882635111
888965765
809234643
743098077
872429230
887549533
991413409
704823543
828476439
471151788
900923401
630132929
295768591
464648535
539502789
767060915
518808878
460577947
228002134
816753893
860950018
772305469
954235582
850320304
650456178
784859343
481442102
901802756
930054945
463580693
877221046
779024196
976971180
961370165
858762589
378069492
55914932
781555739
520074342
373156968
787543438
442693807
339382386
682851338
102995687
978293716
854607596
476612971
531211241
308066428
948082682
854745964
764210244
911337347
761639615
366324184
768992297
857969178
428112634
970648313
535290741
654594911
491380405
634336868
605949019
363900027
336738846
900157711
445632848
485454453
824493854
849649184
932726979
795534944
746074583
989987287
913388332
104942104
729997961
530542824
546214549
303206698
567201442
388468120
662024033
453004207
701300230
866698127
618954250
311597630
794111888
930952828
882311138
661629127
932124721
552314519
361170864
776342519
678928929
285265421
824085193
990006792
617016439
485650629
924812790
596999057
950481187
904430435
855734001
633507546
931260501
429003220
791498719
813512674
397272827
799036106
860413437
868650290
598831189
746539824
264536162
806364782
420106414
494260278
660353170
796294927
332521406
881570378
595035720
876867624
519495753
250287868
959772592
540278197
428112634
981380133
591795025
630447518
968777062
628286062
914896573
957404190
274703034
442190449
926216401
963632934
381440985
254320597
860272401
935695876
976633503
334589667
252382859
669268570
742957642
842699749
498680070
680960137
896752689
244654679
447982960
897961732
988040739
986054293
419985534
421893695
966138395
879652469
604882038
945966288
746251120
828764450
571220858
988294856
954657704
969857591
935365973
656456609
771197231
920093205
923819813
889474380
555040432
139189888
579386850
685593169
954059798
305260006
223930410
436448490
316377537
715111056
910898184
711353305
684884639
650477066
888579196
210680552
791281216
789714305
554074039
308774994
629995471
144864052
472020818
541484450
886162864
963739846
580257037
544149704
930997091
756357906
963125417
494696443
784057671
943821571
324035264
476185626
857125416
582100029
720043874
216863344
481093219
847879371
782857124
842801025
443596119
591266837
707002620
133911800
272800461
653904879
258052566
404527770
225725976
710380797
651740901
615328826
498750246
461633503
776849591
747299859
504958634
279919898
504961352
866171182
520663827
952221694
312520478
990115883
660654413
726299571
66346763
415275495
893143313
524713335
738629395
904838742
800529402
777266152
932255561
937130069
887881199
231623438
864963236
336331548
927335691
687854413
881442077
866234145
676373163
850986464
736786533
606904504
357120846
321146630
897426064
672635322
976077812
899169396
436240298
628118832
701767147
725801353
825840940
632145599
579605325
439592729
329267413
104477103
256272724
940414550
593050456
464000942
712056736
567937713
844536897
968919142
551121044
838804245
935811942
888579196
972379932
489849834
503766911
392704127
928227087
788485200
899329683
53040290
664393153
626372286
870269119
950764331
489038850
857886839
809957557
398397766
130396541
745160565
236396544
765150009
368886153
206127703
522894671
534561225
629093186
977416908
865018548
677752636
711277601
650147106
960035547
579766821
171549774
826206269
873347302
728638864
778395845
782726725
894560238
916019230
525423448
952662664
900147440
561821535
702325840
972971899
731019298
500788188
911021616
801001315
699566010
276277171
436448490
837183297
998766775
386541823
919313385
965465922
991149066
686186288
560815987
931155222
746488475
535684730
609646569
217098153
293340826
332184693
969019834
829143581
756561518
285960658
886190911
996724845
727728665
824076350
795804692
827215211
368984393
468716649
747158941
731805046
704641957
897959563
657311423
96589635
735533182
589726554
441310994
329462443
528673041
884967068
761922222
488325232
563159671
957668183
705947238
888375764
820983038
860756579
964463177
901917167
393300308
949091142
875213879
733194441
846327830
878552206
67547015
731931038
257893606
449641885
913743102
953807392
536910607
980161245
766923821
527700826
172855614
981674020
976069722
788873381
726147175
953602694
807078594
798413875
976217739
611189594
418212783
195968693
169902320
602736957
434419819
416353275
949438466
376241603
542450595
758088841
797413237
735988121
688665116
409295297
876334441
169421330
799527288
624499194
790815338
699365146
696897974
151527361
806630522
321909483
368044560
996292182
809805435
881503792
731019298
830786863
472924922
904551044
720515156
895752319
778494570
661237755
799559902
469786175
725153207
839441730
636155891
335520689
605433786
623913290
257967562
369717188
430484783
827838000
697944548
733683719
614880027
368674654
617750360
597519831
784409543
919026215
648311908
166985418
672703579
625367100
820400804
455788878
984017405
749682468
320653430
534147123
993593207
870161757
765074157
675896682
814001834
993593207
249687365
334310026
641829198
341486819
810886353
879487687
706552468
981674020
679162840
813773081
989062485
845805414
619600763
719564909
959102378
735837163
595277086
725422758
457115674
407841795
643755334
943304897
869932171
815530553
902639493
775368763
879652469
935365973
818928056
476612971
395531363
920572126
943592052
740889182
288088898
990502816
629442937
748768708
642542623
936558703
958887514
360806082
389757401
782865795
466202578
525000808
595554357
840095841
732136111
807379528
749657509
641816344
682591994
331310353
533571388
478147887
661237755
946355943
802301686
852982529
59713628
917562222
677250911
574969621
394502111
292700459
933904705
622245572
415916493
805973105
190422722
985340892
833573667
924742995
864729339
625004046
922504331
539386553
678378255
276536369
345069555
990055688
715945337
613139467
843462135
407843598
350866588
991485753
614585862
870314929
768203560
925866320
439727812
345219774
756845459
854607596
866931042
947813007
602176599
694892651
429138275
653112642
949908521
345069555
870465014
297553081
340898240
721661885
647622899
659623549
346029386
59222125
157573437
907404851
213345259
860594966
884826364
380053757
827533278
647228777
506098305
766548098
813811925
768315455
981425735
606515855
989961687
930958925
527540462
454807185
405590630
385452935
300265463
529860295
959671709
893360874
690377367
425772193
888965765
781848772
953891637
546033796
205166434
684306379
664114918
460685871
919563657
648517551
732575263
715988908
942559993
737803697
661518324
278899851
398445198
285245707
941281741
850323378
575763131
948439840
740484497
947002582
592113140
883350013
803166055
185180186
984952059
989961687
890760568
896210015
824493854
392637326
896619410
689202775
831910027
996254121
954630300
731190164
410023474
543033443
428896988
365625159
704641957
216865098
647640123
545543139
974404943
836323281
584918161
530684026
666404852
760990636
357535893
448800287
667958066
795534944
173101071
952196632
655931487
950616322
587543612
452854008
577948255
474941577
742044379
81846174
499720377
819557427
384345463
393858886
495067117
747876578
801691196
931958620
719429908
409744225
558904815
274772422
730306903
230314293
947561139
897961732
562799550
585819779
785797057
665720815
709667400
940479679
300590667
939853018
994449226
629262670
793929163
837260628
924165095
992965639
526538835
864157761
201883273
495381466
379250762
747158941
974404943
944173907
303711221
802349415
723000071
221188964
855896425
916453130
812283460
435554212
820915843
564144354
895685350
950933114
719750399
290121523
916721965
497311847
893825917
991221861
871465142
836971195
902060324
944621921
425871209
563669238
868502341
203194803
525118371
409367842
830593558
927254553
632063623
766943910
877454493
775084042
204568320
698231552
521884189
419416634
975945979
823984765
741389825
921829309
953844097
928748217
371664761
440282545
398397766
731746310
895842306
566370238
310504052
395636272
616811568
665130128
929410186
283662699
615786611
344120202
807125403
411611120
605138974
712241290
796189649
808578170
538456734
956734096
814814185
291543719
213387524
988858491
848839924
991624118
199106743
752389885
643997063
888112776
577375361
676373163
519139637
355811356
832113534
876036663
600832384
600997103
665747717
750004956
874441381
763006663
416303848
445145785
839873821
948439840
477159966
822670546
887881199
74770954
476428067
124130733
428896988
994158878
673008279
281586636
959243049
945262315
541528416
850700705
202498303
499436831
488237660
780723733
659986900
869041165
892318888
273112647
377004189
964315622
573595440
889222936
494260278
314105485
877221046
851165913
263827278
775084042
129669870
854219912
755549096
770612157
944621921
961957028
742050343
840583202
964396525
941658264
802712821
739054761
766847483
926041709
904411136
433463581
308826668
900773377
808950344
523658995
478243637
820328742
937392089
791293787
518345427
641436619
378736922
757552728
957284520
751542351
578127500
605695145
370130229
660353170
798661047
749428023
816454600
824791849
888294622
850043287
216863344
335315610
767346512
646991073
441245146
788485200
975131559
926216401
341296053
767274678
697751950
978888034
975678829
758404605
518345427
646633502
598631194
995637435
884399911
582257291
939600535
826417069
951861088
871734691
429078827
647649732
811912030
830136185
832524866
756507654
171782609
340214122
371069596
909369443
404736354
696612090
501249000
773669827
604053906
723887940
636486188
877945562
626856075
907219865
348282163
457319922
600803873
712203738
501701129
236325451
257176646
830703877
581219185
690279575
459120350
316258673
815641228
873997779
874254554
882330266
573528169
714257189
305259304
657974913
631674362
640988797
741799045
965921969
960501362
636155891
782250618
848059840
834782120
806308838
441469564
942888334
231094807
783020148
913839174
297396476
921138240
410317950
523507949
824076350
439727812
769623542
629093186
510831143
823114551
593033924
750147331
347603696
463983917
469448359
658618962
932834370
607152575
820155341
793283986
618080331
470807210
949499472
710125477
721133032
504999131
902506464
827764801
666854958
481235131
268493982
403709825
881988313
369730555
843988543
804519530
626056257
439754272
189908096
702907428
969359380
743048341
577879912
591812980
777832928
558934700
656320843
793246438
164447348
502170241
848738562
954707364
931057343
515867867
797408960
181959824
928757000
177972309
692952594
909918174
591812980
771919959
704467819
197577574
771535947
984212875
906931004
777437236
584589999
597070050
692968366
815008693
476950301
545561176
917562222
199357541
930562044
533782962
842968469
843185771
510279337
386734162
266142000
555040432
593347397
799527288
510566359
728325787
869257147
474164666
963455986
668261867
848210914
916644669
360989617
904916857
662308533
727031277
598782171
995637435
705906646
832524866
639017592
815008693
774935943
539866553
863693228
732152356
933954544
832105823
365939959
691730204
765199344
782250618
900291865
828476439
512663629
537113352
976816487
802318282
323374129
862540524
800742892
740888418
783587622
543699291
839507119
808691836
739651549
833531655
735837163
166626555
738766268
819183366
822434565
743598363
741130631
976077812
219972874
138594868
789299410
613454143
811373400
795817004
889743475
721892188
661996682
823135593
512932479
274227550
801933846
619390360
919390981
748343137
976828039
617843319
671671446
665248015
297953700
899437603
986371709
169631561
811793254
782865795
671013467
562146685
869484996
925223156
824022367
882552048
614585862
856678611
982928620
830126351
816071575
209309899
809090979
634216635
475777919
529348649
893186362
829897244
673822045
338415223
630386659
859344484
860735604
422473538
395026121
926555260
306187678
456787192
810223894
614585862
828476439
797354107
761861276
175675051
586376389
302374903
552848193
410023474
948374688
831857763
532599781
494334018
364998660
698189670
621108477
616768899
898699222
518850918
562875386
694332150
877677339
968777062
799546760
962343903
888531422
662575969
999638522
835231166
771951869
927220523
721179510
350396116
844738576
729747327
142077804
963016570
432402016
849303268
464576027
304808635
957820449
916453130
847923758
768496787
616990684
877462090
389075564
27545278
980721297
976184323
941770433
934235826
478235451
480739741
248669682
762760258
195073503
527809384
940343577
938258704
893682631
709667400
432676503
767188931
794467756
837553110
772305469
534145660
669326490
940307808
956206818
622291267
969187205
547660171
312874308
372733909
335649160
885690132
555040432
335798523
756161271
924600221
873341934
639077924
603211764
181604659
684250995
296544909
764470109
191949371
82717760
644339623
592499384
922325306
606051275
803439046
740459649
387982088
750060798
807362504
434203439
766303145
968653839
434730152
569900084
703888488
798825524
714865877
595031795
976077812
809803990
790024986
902060324
721123719
413761118
889342918
753902459
879131509
898150671
326281591
761212574
173586450
974337852
543096443
551663727
801366180
724791243
947628458
246054144
745746491
942877289
395607333
465909234
874848119
529648659
725967354
861573796
637835901
380108862
306395407
723765193
817321322
703736354
472860098
685242374
347836992
680146665
958710161
486685616
926632679
970884132
122125155
522160462
450991354
515449254
849297113
748912869
370180687
735988121
856017555
662575969
809795298
881570378
797354107
756845459
604210823
967574917
702672326
115064297
987530228
936534511
544801192
868861629
928057215
922619583
830623117
731433166
807238226
981262864
614098490
729623186
346879171
913868576
685048396
943592052
600260028
747963697
669114865
752523012
973450092
830602256
802734089
486442591
927660622
476418682
637271837
450250153
963513001
920785395
411611120
175317615
261469505
500626805
903004785
466921468
744918492
832942474
900072001
946612965
945170602
936436669
972350885
869670694
927220523
909389380
740455291
637359980
751516229
940524268
848446546
826071230
554651384
119433923
655285197
391199078
911646891
520495381
660030265
859013344
863643486
463983917
672030753
898153836
910446255
170548433
769796574
440889813
985877643
737803697
690689752
933348388
681480261
800101480
918550774
426515607
547198979
695846319
862678500
527698076
830638525
852767924
617305890
830333252
584213806
551736967
750149481
792038334
836209685
351477088
72251465
968777062
875786787
211406061
771301234
736293545
895746964
600136513
838189290
595304619
976622138
928900972
773357585
571185682
256064380
801661400
958315624
721320775
452413088
539073979
469278428
436661090
914590682
847410465
687613142
919691003
860413437
999620371
454513323
825249760
777153973
388837817
920313736
752563594
633560290
913388332
702717315
526827746
672272205
687104344
960346314
749830353
931448101
786533094
650099846
959007708
412538960
802273842
464235455
939265906
809730509
587570625
887013928
578541782
694270019
358115440
916711586
618114020
681693940
731239401
851706875
971376334
380187223
709680763
689867451
662823434
701583792
920756717
422606721
896752689
733588215
763797174
999588194
944422198
936660696
720310618
994459779
731989551
237694000
985314382
633619087
499170241
767433028
141462434
954198310
69619811
271186148
965708850
394950868
576075994
365171966
903004785
365210583
915344913
337540486
993851349
681693940
912329623
996323808
983722523
666372375
916179264
757557033
708420681
579765163
860005677
518052511
733700169
696227377
995649341
831857763
784409543
564358679
741006596
958176344
640927397
763035734
647882974
568432763
911038068
468203448
639451530
664934650
829935712
912109803
309273651
700489759
930636638
72219038
942966969
860473068
339322237
366102585
393434319
496203326
878307619
664114918
558888021
894842647
440348886
745160565
829482508
953597453
594358647
751588275
311221422
894031610
736328295
216484536
769051394
232226286
608930051
902480877
195524854
910838542
374731275
996421064
906606987
429826083
529908756
451208489
695978072
542673129
534145660
445109051
493810515
853414589
558370437
745394775
952196632
701749425
712981642
214392759
498617443
795618419
980719935
289140985
520985675
829444892
873624076
662895880
623567027
736496687
112194744
893242782
485992135
668487113
453434379
347375818
839604009
235011824
756161271
647125344
725271981
712056736
933538340
570893498
814066597
604657441
340706188
960501362
655844859
357542192
666294418
924785829
199141987
643997063
893919456
732315667
888035019
759074937
406412549
682484179
952196632
908581994
901095849
503673428
888761971
840704624
306731921
827162807
905346353
866763884
970300663
350590975
706234745
328775708
715669293
561526738
828156554
175675051
607711466
568825664
861941745
852454734
409124193
624043047
927426023
774368757
756086786
927924419
913573020
606897442
963292197
426395353
570173359
229801545
811237444
794728509
797905160
310504052
984652768
607528976
684884639
640708342
999656731
497467373
460129073
696263978
542959581
659424398
402355618
344350959
617135523
976935009
254574386
937301860
687613142
280030998
754022456
691624115
724419163
490484873
152866963
586207245
785817520
852638662
958043970
149599670
788667584
797615270
917503637
967296391
950217435
673602322
443290460
862678500
698844058
996133387
425797455
534077646
934359479
523344054
798110798
960505511
861564539
457746675
761356811
283214857
768203560
980714232
844735226
764869778
634356098
473446445
872042072
370973007
452895218
638688946
738022252
365744320
255938045
537266612
147958374
915084224
942529746
242291313
849649184
835944828
962758614
518381133
561014320
472854036
525620048
393686553
67609509
873341934
725271981
907469529
720999916
877344873
483712445
666004560
836305386
697849856
674319803
988858491
659903104
678294159
902083571
91655754
936651230
862978944
237409795
375837084
213387524
903225915
319317974
278793520
791480136
952884353
348419604
997965867
602736957
971780891
325818264
801779449
765109634
693089539
963968191
986882104
583332803
641185516
166837844
953474926
303419548
903886132
971090565
858981900
857853037
939645152
838636022
617750360
201883273
535606160
820902210
724711604
838190230
921203083
923297151
885448162
875213879
577401109
656456609
810392513
987639325
748410827
652659106
254596522
988741035
312520478
329795082
976828039
786104298
839441730
820066447
235308678
834968131
839501525
564012615
977191209
594313384
196594016
359564104
925364669
994096030
770348506
545936237
382566261
751302126
792183268
427921625
660365219
593398933
151153276
375905841
929611545
349323365
603279657
505243366
975945979
681590434
948031547
86875707
423495172
651798721
630447518
973444245
977191209
237681729
830013906
837553110
989369271
708563515
918251718
669911263
987547074
126987757
335790232
963016570
623081864
92632594
656320843
524100938
736293545
645495537
596891736
635380690
993511164
452899350
876633653
941570114
955479902
168274319
749838297
369595597
798470631
251698441
788485200
880139501
734222212
995754216
988508160
714078859
867202487
924742995
855820379
371163255
629652162
680314632
888003136
625127836
371163255
886591879
854219912
826408336
331236199
997154480
321273523
531465511
981380133
566536424
705336768
557781010
917210210
390008068
990767176
451386131
685208714
756010407
785919319
868790964
107215736
801134922
742454196
852408949
510831143
973217087
715111056
399123088
700516997
177065050
719681725
603407420
936643946
877924170
391070469
827416124
650590231
799036106
676962737
871681649
716748843
849020127
331519119
436315867
238795524
862181919
534870214
951281580
914449716
218634891
579121414
996438068
40215716
611735258
893143313
513246705
530452984
906317446
730068431
962766208
352767758
917758451
543589222
699166675
525423479
912211470
950647073
457319922
628428774
835465471
459785387
758080592
474700805
918251718
339886491
577553566
281969643
967607793
804218418
902903803
512632280
839355749
792840580
870314929
911283785
730234044
978303756
960179058
873453825
809805435
997545336
492561153
880470824
952208678
722797245
986371709
686998635
782051344
945966288
481133870
676117191
817321322
466205490
654798236
978303756
928574764
972566822
863210322
835255528
643917631
871673225
860478008
706333715
633394761
819351331
826687677
822200361
254199496
887281711
292028804
811893739
837260628
136473241
780804745
633619087
824446345
583153663
143168741
621438185
412713484
802317580
895926213
747922934
873526908
378844377
855593133
306918798
302863180
675672455
967434007
400947659
917988393
982611013
872428855
977771833
359219393
664034826
906647850
648551922
806087136
664050900
371219996
819884293
926555260
264128976
999811037
964609648
459053046
745268872
840077540
788667584
921998569
872493943
228860451
793283986
952111172
707487513
502264326
958448452
693556979
771301234
883202427
876867624
741604450
547829215
464235455
745375515
607222405
852408949
393870681
520886012
519569768
997175165
784062976
734728094
974841284
869041165
786396661
607639692
995711162
866441323
660047485
951580347
594769836
786654639
402794746
581016924
453969686
733912049
709985917
765619342
614104938
445995956
626601444
918550774
796963403
274756903
473446445
752187935
785734115
865572576
176231247
928710834
739054761
542224090
145248880
445417664
646991073
88862670
541614143
867279004
333606860
980085129
630447518
643995728
532521595
213370709
757325445
542824339
886745110
318302343
965482123
760990636
879557046
918536953
581219185
681514201
611973072
600803873
332450244
124306697
738621562
731162325
976077812
667767525
857452372
480686036
608728458
388837817
955876782
959231032
383163233
997522439
566060551
810817694
946241919
437157597
895147176
788819928
628981143
990767176
57399022
652894263
957456302
852767924
605462552
660611231
199004674
894842647
897844705
360164958
640169398
885126871
916664702
686661802
993901466
697944548
295403670
426235941
838636022
143848345
827669935
840241715
69477369
646633125
624235444
298362750
711838760
514990759
845514496
965877382
672319690
378469575
544672124
873453825
840043662
301383016
888062650
410085419
555317564
635468326
774103973
937392089
836305386
410023474
854657623
477190310
866271535
329733391
948962656
300589828
888375764
365043042
595806318
985626883
970738521
850689058
807861781
997675610
799066048
824267824
590178407
928919821
605138974
649957141
939964512
945959146
925898633
829043541
916721965
620051693
878439166
803134480
739784008
899844065
608448000
747386051
786927762
804503601
487683097
638843828
371069596
580961228
688446430
958582703
851172220
330499026
671875248
489395390
656290171
641850383
308971211
670683393
723265172
964477775
982435749
745594663
853763038
906263385
683625315
814119271
710836917
675672455
336331548
872767570
940975192
620614611
781059534
963455986
966184107
607053782
541473834
961374989
383431310
791500633
311131041
801792572
813109363
745746491
813660521
987265933
770030060
154346029
584923590
180540027
878336281
971249295
704204766
994329926
633731227
845095840
735533182
986486103
530152750
749732556
184282200
723402779
464966986
437229354
788873381
733196090
310211452
757552728
824085193
672030753
711277601
981801947
739544501
981609842
573678141
356727080
777456457
503752439
751877466
670516669
922347723
954866907
981262864
653887021
638763134
783566120
924705228
658641838
819819420
895926213
883202427
793741351
699486901
565748402
382311961
616499018
159934207
900923401
926555260
900693613
939775923
365939959
568103293
687325096
310040519
322304465
451386131
718665981
947628458
669112115
451263941
313282868
898881707
933507559
976457685
608970424
503426869
691259622
669654216
774026829
872755038
651231078
784898057
842208820
734981406
665137963
969019834
665572093
812012610
818815183
941097233
600772941
413144342
916014131
707753672
767817547
973022053
753452173
798758574
551310047
965957957
886745110
718681121
390202538
888686031
806584316
731678324
544631861
649857240
137798736
881038946
953597453
584102195
662503465
985244512
232878432
295628107
754922808
817566495
996625019
875784026
689099220
568825664
935721195
733855582
940975192
600997103
116526045
293133837
930183065
843148304
610826785
903242101
797408960
968919142
892119514
111476102
752093888
914590682
886257823
761465696
286233883
467643104
585100964
832656271
679645258
874511051
810260717
736786533
833531655
733196090
277207206
628067598
937130069
885485239
505861710
989987287
720999916
388556760
401756201
464000942
838804245
712241290
975124923
660686858
416108813
361065385
561292016
941322344
434642858
207120359
672272205
808756395
856362751
996931045
928919821
347458660
752718281
617305890
255631464
201500888
311138402
295958369
568321992
859013344
925886384
347717941
587198970
647640123
924012600
238592883
824447242
898445224
946054987
838147341
323124968
196244776
837814724
856577426
498992870
862540524
862453236
821833869
754922808
563475612
618979208
916618791
324406967
678342133
917808536
997175165
704521559
652427347
950847029
641720299
349477768
426395353
942529746
838690726
297655395
826206269
822670546
855662993
519164057
784798573
991712846
344984730
447887392
781645800
988741035
997493944
916664702
954707364
504644553
729459958
223297455
827763309
713647867
922148996
932996270
799036106
570873776
657286544
922111063
800669258
845899601
796458619
977254936
777068921
116938945
552900197
856577426
595554357
527702848
783263369
541826884
970716860
463983917
204689589
212401071
840177183
563002046
961370165
314974612
414989847
976685832
740403006
252357828
728322158
931390143
537172780
604844908
889612327
823453322
939903019
401429347
921639651
475053742
760002374
807704616
921639651
786533094
390062697
514783167
713868629
603769202
974031344
988040739
870928779
782946578
362682101
126736515
980852532
443290460
659623549
691259622
839689714
733897255
665789877
531465511
628377156
985410975
976890529
918550774
151051031
789222822
226823389
951658487
882067273
72487258
803809929
994592771
870514852
738979304
686186288
982175790
684256036
329590867
913573020
926556250
740891325
631161801
516724849
572614662
725801353
865398313
927254553
825948916
285243806
672553858
921829309
927515460
693556979
639780200
798470631
257176646
254574386
636155891
827763309
827838000
916682652
698094592
986846771
384012801
934060570
709658365
450604717
279051663
458202330
495775403
800839679
566439861
651740901
217523492
800839679
503943266
621546954
686915844
785734115
175675051
712981642
262604309
963053536
914407324
447134209
394230007
334171860
442047685
635045305
344094345
983301525
634586310
645318627
812283460
744314491
335827773
893682631
894602288
102119438
807663867
438376092
919546700
424624082
711046987
180591494
436649045
482005603
87265807
604789832
531992924
385664271
379430336
492395024
400485969
913118090
796690610
537862959
730826139
729717672
705733314
747909492
415833604
928178437
555040432
210683430
366324184
283418682
448373321
771135802
804481622
318906553
255707545
280206809
505054122
952410848
142665101
166686865
653103119
851010974
459083492
107937078
921980645
796001290
493865717
447696142
957074018
871681649
993593207
909175131
707753672
292574557
929531947
338702817
935136377
713788957
592755280
878552206
474696380
460181894
626460161
953030236
898939033
765968382
949370626
575194880
738746421
758085955
536689928
695694271
703270616
566197678
277132329
992583576
380541316
844097354
751593755
855057490
927924419
875392791
753684134
884781029
280453520
924165095
178591056
296471434
592787507
732725161
785797057
964396525
561645259
968919142
760827944
720515156
936651230
881503792
518733501
845590103
728237154
409110573
401767011
541048470
875705986
254800134
616984383
530131949
780093928
701594695
794467756
815132045
264233030
831910027
793396072
776457205
420088594
697751950
757753219
697660579
831857763
804667101
479254799
754922808
539420666
536395687
420934285
151797888
715791908
969393342
807915205
227554625
598308913
618114020
618954250
410049268
477159966
831475744
457817617
923626980
839545736
540462708
579859641
809326663
849366395
937960749
412700106
932272840
309240199
656013990
900533181
931785067
998847724
601763521
929797178
794416822
669704319
803134480
407798330
47849914
946182011
983196000
747963697
482319214
915845775
986705239
993593207
714865877
379243498
611383934
872955447
890836789
561014320
419053761
688334488
917418464
637878416
408488764
106264178
897033195
688209211
833854217
568887317
689646784
919839458
303600051
425184701
216784117
588328033
880139501
953474926
834601527
815008693
711773318
840003546
956112373
943170815
402942494
285744103
906317446
936056055
667958066
909389380
754798388
819295833
942586437
946817366
873972776
708983064
426822666
833695106
414144459
666715011
692959102
758977883
443679259
406049537
609646569
633433534
720376097
771572943
955322754
931527456
606184317
530452984
390729914
735018605
724087408
743317874
897426064
569830032
316869984
660365219
613826020
669111532
169187591
913573020
936453665
291543719
941789095
916292586
924600221
859568956
405294080
997263874
438597691
736496687
389976346
540462708
491036112
564144354
306406592
621848317
936453665
937795419
829986233
572469936
956976777
800605773
600262350
744824172
578634313
678565282
984257799
595919767
464934103
607222405
340118796
477214744
412185379
561005487
781886462
693089539
713647867
306507122
769498547
924888432
634586310
889438623
688180912
657647326
706106894
575343480
910982683
976400825
858425766
977166222
901787418
662956694
455814334
923041393
256064380
395491631
964788254
956206818
329318261
983156608
424022658
759758748
277114326
384060851
562672698
930958925
740891325
356290742
852454734
927887521
545121521
829787027
906751932
987537693
904838742
603559956
575099450
72772313
597844767
575061497
559062676
918220597
385996215
714393023
484059436
806958963
879601160
602932219
374558686
336805459
128970690
664812094
835166861
537695465
826821636
916338813
218290323
561316608
379769912
389582718
485824416
797180403
487683097
960318787
764389122
696635766
240856118
717461178
886709151
853684268
213258228
969747879
713524660
982804775
619308257
939068243
865905479
233327649
893743921
262002186
795076935
576075994
457425985
707218697
750398519
825852195
532044233
586184292
579653148
636155891
904460659
878597394
96246922
230314293
961718715
931227995
510275821
972760308
619600763
761113011
914590682
280266042
589629228
543589222
776126373
339243488
733626246
875727157
853939597
409652111
693556979
274333724
973603287
296991549
346001179
533150952
264233030
753058032
225725976
882934214
680589665
367466935
873608883
730304511
503974763
958659619
725097017
401394261
392704127
679711458
499720377
604779662
682889401
710307366
877291485
812200278
565422420
927676594
111847744
823114551
834782120
550676574
143895025
710093960
782989161
767183591
462020908
797229006
838142875
948515786
731271321
693894971
409319751
783088208
506850440
399923935
514818112
724419163
630782047
668821579
970300663
939068243
973164006
967319265
370400813
689650857
731464257
924183408
744465182
133965441
161805034
406218878
774412836
903365369
955322754
598910567
591296622
983127090
571758936
604580238
666351067
654730750
759755715
988084799
843086385
414278109
249413385
256610698
125730978
843326345
527582241
777611294
909953831
192552614
73647409
914407324
512663629
394401271
786010973
493816522
867889864
839555109
339887809
810605265
424625986
977459611
879652469
508037737
675771816
664868591
892334991
561710646
485533944
647691313
512457051
357677182
346247666
820440819
736456470
251490339
352903853
932246436
873608883
311131041
323953538
388569659
434527437
892712879
834020200
843988543
460885544
817321322
931680689
891143937
680733063
424467598
355521672
861573796
839008846
753984846
490343316
622923164
986889082
591147606
869360329
169769548
657207078
572614662
721879223
577229029
846430997
199880731
796963403
509898311
494198837
681482905
615012071
832045275
847667838
717521460
630898914
989392945
874475132
52728690
981801947
960447637
284242376
839507119
507433300
916584171
510359095
706928777
865032689
953541965
354935177
908227370
705842420
447691876
888040203
133057617
442350153
743960248
244159002
958505957
793258809
756192319
996750329
507544929
661299874
953628555
652073560
735956200
757132529
385607388
815345882
601465725
554064165
575912459
803600334
796929994
662177219
449866974
745142899
740989791
711487019
510049400
802797923
870156084
991951497
827885483
815388369
795863616
596330582
999588194
531354118
663595098
862978944
646642609
924380701
978614257
933804328
565214062
900693613
857853037
820902210
838131713
461004738
581219185
800839679
531088289
430142886
321630682
404698212
870161757
245090940
629899993
758517956
866192429
636303200
761770517
416291295
760024414
566402842
274356134
754426692
806749879
872035139
581867300
604782347
984795773
451920269
887867575
964315622
398940019
817566495
921487392
963077890
997968901
541884248
781602992
740622760
800533536
846430997
778089337
803372042
462503065
412713484
439906672
616882261
622060988
928739066
340706188
747165053
280288843
787742408
179211345
284104616
546302698
425197514
732315667
594976355
983306840
721857814
987236207
865905479
435297807
739350106
662388379
978293716
629415772
476166291
675202656
396414958
520857657
524100938
109602753
891033727
304929384
411755343
698709882
881877452
671890105
642303166
560931309
787787411
646991073
693784006
118228898
813293624
216037890
561824309
919057617
290660666
912329623
847667838
841749522
814119271
535290741
897467136
121850930
865618363
987443172
927335691
775017502
994467179
911382953
567254010
239685500
628983792
801578716
157601282
396187663
607990259
779240703
597714469
817450936
559543906
932307391
661549743
738501060
569898768
905307304
332846433
41987480
667105057
988294637
555032705
918640645
687571555
509474129
539405829
564144354
546363607
825861108
919563657
648423806
110419647
490781314
225723159
905307304
139475250
950847029
476172600
917562222
882635111
622251661
584927783
793864683
588197552
819884293
471699604
680960137
462692893
206113869
337448097
872428855
556734780
922058284
815176898
465919698
581199930
810491592
268021123
538102850
562921198
937400766
780475061
414989847
465703044
859458383
904500229
505044874
559403347
663318179
783369932
894602288
789250600
889327636
728466692
167467133
413144342
413138429
293486304
266776922
724605045
662341671
228101192
938271679
621806805
934647628
874099217
653259805
302077282
674621069
687717280
743857836
877092420
982435749
725816954
995754216
832480939
809585578
463681478
797408960
904492607
741760360
989724023
493810515
629298363
971780891
570873776
756012888
264010016
648702140
775017502
851434755
357025018
505508184
410572460
736496687
939848120
976586349
743733545
430871628
822563294
984795773
909797087
271570343
574180292
600522423
794728509
654344054
439149486
738768772
952675927
783494431
434673019
812880447
437797277
860862200
684462973
844536897
428112634
812292968
695931473
447386173
776674965
587673512
969019834
806544060
695770391
654594911
760924596
813660521
933936906
498521132
460066665
852638662
795341449
334173983
998717768
937925630
931105787
625355591
253708095
396187663
953543836
404668018
720363388
978469793
267119294
908058365
918193267
808132933
885920829
696274981
372733909
520922200
517615862
242670105
888003136
819028370
969579031
785409791
491459642
865992473
365101221
731433166
916902858
516251577
538965672
948439840
990219609
784179183
669980349
391070469
510382032
877617731
969579031
775140680
446873495
660596959
734426292
910898184
753275901
447982960
798661047
545290567
944598960
639451530
799180490
659986900
992583576
856217756
986054293
811018832
866339634
706906893
779254563
837694366
464565866
894515269
868972644
782587097
154914911
713824689
240206801
755025046
999962361
780820517
252680821
987926115
538810724
295780542
83367824
791498719
815677978
926041709
786354033
317357381
526468299
930562044
566402842
739651549
333628418
103537815
882355813
607837240
370230270
819645264
669192402
421562283
167312239
588328033
858740069
846744262
967124331
790278318
939186791
96749180
506012230
663996973
837260628
876145334
822670743
720568142
628549052
938120463
531360268
211613812
869537203
985314382
844576105
339920910
755003647
758148520
877924170
904492607
748399325
801933846
537282409
724511221
523507949
503854456
944971139
784179183
584442796
604882038
945656473
584213806
505025931
870479962
341079551
225380876
64344692
963053536
129243141
761861276
595118615
403938906
785902791
294411706
711859415
801031744
232978242
613744617
376241603
628549052
927660622
950414216
617382762
723855988
561316608
469941663
659028339
932255561
874911456
532599781
958862553
797354107
879496456
875472520
725153207
879341319
576522481
441744884
933877945
849862585
940777647
834172543
470084136
981112219
677907483
622267853
208436505
336035243
334481343
336177982
922419950
254528863
992467399
390846944
669123022
378607781
366936199
93017147
981053581
972379932
813857534
547973179
353210098
624996762
204745838
915784325
926238951
286135466
869069012
840877415
986214710
739643476
706522840
483561399
947276661
918506906
857125416
842801025
164170920
746251120
562967906
770030060
839127209
988222492
904767401
438831528
946054987
647063184
789027072
946115808
482302794
320547286
669180205
739186932
564144354
983276287
936536084
442350153
796411707
866439558
573052657
568549996
747509900
929797178
899620622
570956004
986214710
667932409
843201590
936453665
692879699
531256577
624243177
568810185
682892915
853345705
882773873
569883197
373696819
848410438
707218697
803133713
555133642
765569459
727031277
725251289
829855035
714327057
408437226
327032196
606184317
157870697
924573600
138594868
778703325
382046809
846174136
264980245
722224289
882751901
910931551
63110168
930054945
819487807
775829605
544925181
902235348
908058365
800107136
778450025
710806033
372748965
920367276
440915226
573052657
774412836
958887514
977765376
358492507
474874775
523884271
137210096
929540799
494696443
918670862
421454921
516847805
742454196
844675420
738398157
907123252
921998569
914896573
712056736
592396130
90795833
683988935
629367180
287482250
514468310
334345412
293695390
879647812
943304897
322982031
660270237
630714934
589021360
937960749
162284826
510897129
904460659
907469529
807915205
508811252
236064330
441873421
562582032
803134480
476075348
735912749
265489778
652073560
460625301
744770414
833544688
505254988
633055898
831926800
945665177
975124923
394401271
608133377
491010577
307177541
486098834
134757932
706120310
793102294
723331951
971503218
478547339
229314105
686422801
924600221
790278318
603028082
250058727
976523226
535838083
869958366
813870778
975602611
971144846
648423806
958710161
865905479
724416951
767274678
924600221
970178546
274356134
606865307
202309350
761639615
672220151
976353653
756010407
600713477
665802565
834144507
529061037
568694311
898905008
675568807
978382642
939403599
814606739
459974193
915813057
654655366
553392678
607152575
375615554
692204806
801115125
994467179
672124900
803600334
692968366
352920017
168555035
494207855
262662935
465909234
560382001
736969979
935210479
698231552
287876744
846744262
715275717
69207661
799066048
977771833
469941663
926177730
479890871
798313127
900228167
476950301
760752233
609712117
743739725
969119169
350026939
876166878
193710781
66736399
992578339
751982286
393502003
954707364
817450936
772662422
803809929
875307559
23280387
676797265
616584375
814629023
701768959
877103154
383007412
755718552
230314293
757753219
972521115
775616221
539848151
466373201
781804331
928757000
839631469
793246438
990006792
541748265
758404605
687313390
291381251
452065211
577949616
395269024
919911364
929013657
862514475
86537744
932147531
582795134
616768899
414278109
913536777
644251385
840077540
503766911
662919532
978307877
935365973
154836860
585969990
366011972
669192402
562822590
897832657
490185540
814066597
102645501
803439046
931805020
925886384
864998814
480852531
833402433
709152012
957059897
261264185
666859320
738370973
819705619
228443050
971769939
342482209
503804815
904430435
569717302
646645346
598361908
692328535
509550283
731618234
518002832
630410821
830608281
608728458
695123089
678540033
910252765
868357376
901787418
887881199
782728688
625355591
488905726
759488688
834601527
223465981
856362751
928757000
31936181
786768857
998150649
860379400
906996685
275128122
617948187
513751560
882067273
807272759
910168089
813156618
851172220
898001455
943763110
916453130
724698555
947628458
863210322
222331133
845162940
480500189
640522501
871681649
444148281
707474962
823777475
959225538
828824805
635045305
943105729
450965891
982928620
923455593
778474384
814651337
726428580
660732807
779017809
928885094
847249915
886257823
911215014
467684090
531869970
519420875
595154310
661926268
908988668
510382032
858740069
613694228
830514889
719429908
469730491
927254553
436983359
494730522
641131155
482995363
331091955
351477088
724605045
372231153
853414589
501413229
203660219
630766945
661598255
747351301
886388242
469876250
561292016
626594258
895923596
827235686
867008318
656582350
342356745
897539451
318414304
852982529
600471417
906187724
374731275
949908521
625907983
763935413
742454196
465977041
591296622
924423701
794041194
758417313
380549450
640927397
931227995
674043415
223236713
481442102
823037398
798939547
789815173
871715047
935924393
666854958
781655265
842289299
826380068
604882038
550676574
703621000
738947960
976799695
991221861
784113199
844430806
926371805
885211267
732152356
669395855
410319757
391469599
444009590
848059840
745901334
689112028
443888934
325818264
419268573
868972644
756010407
517888809
534147123
577124867
708285895
921838535
448373321
960501362
917210210
857585518
379811342
657389524
118394913
504401033
577528950
313776876
738621562
453434379
713098681
875307559
559756187
397797509
479327286
49449744
678408016
880714808
773063196
889983260
581935362
895966642
348419604
955479902
566402842
971417813
533739771
464966986
839346796
149521571
839730564
821367455
90082213
749682468
833283913
653786836
473415627
822191963
967713581
114501943
844738576
995637435
501631578
989724023
775232274
366589145
820868542
745423118
545561176
390022536
452065211
954235582
958710161
790865218
257435872
438900244
768146990
970884132
741799045
806958963
218938883
662196445
848673696
842084897
944032246
941570114
218777357
639780200
721728122
977191209
943522386
752250909
481093219
673760491
678408016
853684268
374979429
534658235
833402433
939265906
935421515
339956117
635329284
729623186
424161394
849739644
613413038
842988952
995477022
592499384
335204103
641481985
999588194
854243221
739240529
926322018
671328132
510779437
805669128
801578716
688209211
990626194
212323667
672703579
912540558
645334056
440337210
854515650
564144354
805973105
858072385
317676790
582919327
529993961
796389542
789959173
996724845
859066041
647299635
947628458
959074038
809483305
683600599
879601160
98961205
991149066
897033195
702486368
711445572
839346796
271759862
821384102
982804775
803809929
630884722
371359766
664626704
772301318
944666043
809730509
853456771
902178706
388556760
648551922
965957957
862181919
854799592
732093317
118438902
733683719
785817520
413509960
926371805
187475907
547995273
851610360
757735750
372733909
859568956
929272450
692952594
471024143
520592733
832062277
524522813
852638662
967747477
970611544
698141398
747351301
836241965
652670039
920913118
687571058
942888334
903242101
421454921
850967459
552848193
679711458
192184808
857853037
422473538
740463392
909797087
911215014
486796910
761316801
963513001
900508680
110419647
285512473
591949885
257435872
300265463
983683618
508878995
842289299
222181058
615376732
643589567
656832692
515112042
944598960
842208820
378302613
774103973
845708188
410354622
695770391
748300234
153958679
773473620
661549743
819516580
997154480
719750399
745142899
803680202
844713761
909527641
410354622
829684457
976264970
831118095
658488946
486564413
540710327
843148304
645970594
810223894
497632693
711046987
828272043
827662071
575442961
366220783
921138240
781299522
625127836
300324883
839920113
807026837
739186932
697660579
489247741
346247666
440889813
357542192
585666077
724711604
567943996
795618419
669395855
215241154
946901212
560244725
883735694
348096168
349113756
248458238
998717768
278993343
635283721
864479785
657042989
463274585
692703532
403142575
528614829
514386442
376369434
529860295
989866707
106266571
772305469
661258639
970884132
982106219
857587109
670626746
786556007
618524299
445865618
624925364
676604364
149107795
552637878
936261782
895476391
415833604
164263856
872414563
519060147
560828909
492633775
952884353
218777357
492527412
521505029
693016836
725580821
729741530
844680493
931057343
599699016
646554432
933954544
921980645
697504653
461174593
682067138
881923140
815444446
418729998
670049985
343341217
935421145
609712117
319885308
820812459
492561153
564682913
849247607
747509900
861707362
665005407
885877201
975554956
553163096
496337080
962758614
905841516
455822303
292574131
318151078
331979743
895582368
226244817
937302166
660830820
244399614
683988935
755718552
749732556
782303014
192111496
486178434
909406232
826206269
683625315
73349483
323986713
995762743
558475181
398535952
584684066
900915405
711771304
953891637
402667788
709026223
91907724
384012801
516657566
635045305
954657704
508414407
784220129
686384988
479662169
998091886
702672326
585098837
435103743
839321125
689085135
864048119
954657704
689588558
254551181
629627388
803469184
708503073
444698177
335621712
505025931
801429492
869537203
904077281
150405856
880155922
547806385
768992297
677132830
733110378
767873230
410745018
566980809
814053280
745130957
925866320
876783692
312134045
321944712
958937854
933059973
100638550
809090979
547327577
290934259
764210457
344104508
950501815
889222936
314494602
368501835
448108353
188736272
834483876
509063433
994467179
722528061
386479616
521325900
379769912
528623888
105052165
363162983
105477090
710267739
227815196
584993330
705419710
914407324
926216401
415323322
515449254
968777062
976633503
804667101
430742729
581576730
801661400
833062581
762846368
946135943
493087465
591726828
550125083
927954396
998091886
970738521
831155073
752550707
614948414
893409859
743069225
373128219
44934775
801942753
397465127
641417822
786609587
700489759
603336504
553796561
880690746
797229006
977413208
929305417
614092891
959102378
672679727
629478251
100322495
810937107
334345412
777822336
487640932
814066597
847612148
618954250
821526225
325232993
430241052
164031959
478306572
472965736
788098254
717975342
447644605
455814334
757125915
917644748
595128146
897672673
609793245
903094921
850600165
567474643
888579196
193718961
543295301
960960522
812160786
859208309
887028647
838968659
949241294
782865795
326489641
897033195
935034146
745770618
554486070
774487837
556534859
316464670
420086633
916584171
970178546
678300143
460571784
933837669
823984765
834766119
877922743
891129919
611735258
538726411
271759862
875784026
672550266
934008543
896886770
903894637
520369655
266842778
426508427
538426666
276129017
924183408
634163190
584534787
946115808
457490423
317933448
881125512
909765548
846436632
738965863
289908270
756561518
755659913
686433391
758490841
203434080
546217164
755376558
501413229
723859382
420521882
411831517
902235348
898699222
425779666
530452984
986889082
265163795
265261619
383873385
720363388
668923002
778471566
103136463
594000033
499720377
961548302
457542926
797429992
607152575
688288872
839551479
244160900
705814199
460476685
833544688
976952975
973218310
977416908
782122071
904515358
638572382
943758832
415307487
634089847
935834932
395464557
84840553
929851357
948665152
872968610
274241114
658488946
832362161
971503218
483011752
506012230
938258704
293869068
593398933
653515742
720363388
958438643
851434755
616811568
810284345
981609842
980719935
813116996
434377915
816388556
427015160
241596506
833854217
474874775
962707295
397477805
437077381
956164309
728643117
859066041
859028523
251499646
390008068
234699412
604580238
526453493
815513779
366589145
726428580
582695052
682236516
747529016
450920787
812200278
528310937
374288143
584830871
529908756
778430159
671013467
766843422
340056423
536474624
971439004
60752897
197278527
481133870
928885094
970648313
888531422
514818112
933507559
593456559
904551044
451259292
934328729
185265758
866698127
786951182
836897414
893952755
912523993
824096453
584068759
787787411
718835929
256801618
48103353
628713133
449520261
576340904
957650024
763157969
695337806
579386850
993511164
935136377
392749776
913229679
952421375
630132929
430484783
545893640
961743805
391329902
885221751
866192429
875665813
448800287
846737632
794040976
847564795
525151009
979980352
985244512
853932046
654206752
561821535
796001290
229745066
795259211
957059897
557781010
949633801
956741785
920659106
523759630
308824754
513949734
945889723
681422480
395607333
268021123
943592052
646041426
717714918
432946808
221834397
972548701
774103973
809782943
772305469
641512883
897539451
723765193
870871851
164405590
741317355
629686604
956162247
821833869
977724676
817181720
629367180
318296605
444134402
927015657
689274231
988984141
368019388
515380345
738370973
725649116
680314632
362009507
286577791
571197754
807749550
867485769
154531540
670812767
725580821
881712919
653648136
671203254
786176646
759755715
757198973
950262568
656013990
336967366
376860238
560815987
430951155
312949441
625674603
936643084
901151603
667252025
690147742
933812350
917645337
838861882
906889109
156758096
401716866
593766867
208621962
862978944
346205737
760564855
868765894
711426003
888761971
469278428
816713798
639766054
756135280
480500189
595768577
845879760
528362491
654297376
486561911
898396388
927220523
591812980
909527641
364662586
498787100
320898555
981814437
588757497
397445076
736328295
894611798
985340892
497548735
335168126
673314910
959410549
476172600
719681725
431002271
702717315
388300910
564571582
253791005
934160917
944459301
762672345
749210981
565264068
297002723
749731756
930562044
359956998
667252025
992848720
670947512
498810880
578031507
688431465
324807175
766923821
897033195
828186667
645402737
412477163
816452244
741428911
363095826
73297348
621984756
336877370
780000201
969882964
865528521
391712038
819877327
557304826
507090512
330500693
572855404
437427537
693806699
512257092
719537362
950005124
915832806
711859415
115680082
830343488
974885212
846743558
684526479
988984141
996084526
385170116
938920611
707218697
885920829
789299410
121273896
436649045
393434319
280548680
775280083
770030060
402942494
736774985
491807239
903706809
544925181
905031271
550006970
545600675
860413437
987443172
591766817
380244556
626530328
633731227
667816087
617750360
563002046
640674005
852392449
977434068
789714305
334597063
405391159
270586046
899357414
684626289
858950555
674878975
881725680
876910314
461935672
688051269
922367831
820440819
661766437
873453825
563787954
785878576
379507105
963097309
728786400
921210090
441596061
870568163
954689676
276520963
920913118
758080592
865421694
715395202
874936208
409106629
939403599
747650610
974426165
277725715
749718363
739544501
636867402
652461700
403709825
612962157
317933448
862123262
744888802
885126871
647692945
743111143
767176794
677250911
492023257
620744064
574740519
889983260
728466692
340482094
901911954
559162363
839223992
820665473
897977875
635041216
961022078
994459779
599066131
283101809
777830572
786768857
984305540
363792171
195101121
172793007
587570625
330567261
556295082
574286069
984554884
697944548
634089847
588328033
842068717
736328295
690290308
938993782
476418682
759627924
666854958
533950272
629983942
592876575
907435728
460181894
921487392
565881133
925894703
781605969
748768708
561620325
905031271
771343941
319608638
672220151
958448452
410398598
194541175
795618419
508958358
827447708
822138878
741130631
681942321
961787090
977421735
510544082
809803990
966125454
801186449
292700459
487069232
451514131
776849591
713788957
678182767
691624115
776043093
714996461
271990369
788242353
867356970
881877452
629939848
536342676
535827023
881117832
757132529
547228086
384995673
975558064
976719447
908266032
563019255
733194441
413761118
907720356
591241243
685105040
731879743
692471540
378736922
866481148
727728665
746944536
907888388
879978144
357677182
453650802
520652442
683631190
709680763
493968112
652670039
799180490
806776482
377850724
704934809
895842306
525423479
980694487
181285236
698033783
646341936
282662747
916019230
579441737
91169966
904860890
250762450
830775743
915322401
637035663
440889813
644770534
833885873
559062676
473923991
822164572
766404238
725516168
873972776
212440073
518381133
378409087
945217902
493336516
861191360
534444858
490352381
607338906
920313736
432163946
151527361
782122071
839237095
690338997
536348477
699417922
554106422
814501681
934321439
440723941
947175559
781462310
422606721
465045964
522334958
486098834
366324184
505531687
788819928
802638870
110471300
552231614
392696846
199144033
667009625
685242374
690148849
915575123
905641175
368674654
826042634
414251354
900773377
792910187
961548302
980825062
675328669
355689670
566444882
921768090
202070577
420230249
806646025
769051394
333339541
542959581
487092640
862689647
774487837
760002374
828870732
782606931
961787090
468203448
881117832
708563515
843785824
876594773
568100395
698231552
859761350
974885212
97911310
452839413
907761280
556775033
901759831
513755283
905031271
841956931
754426692
884885699
701767147
178353653
857355901
433741943
561821535
939645152
781804331
429121330
843625111
905472980
673986596
225232356
993954037
299630117
827162807
426024520
801661400
917236417
848410438
796738961
946817366
980852532
292918146
514133359
886198056
429826083
914150775
541963324
916472799
492527412
754736855
838502662
379430336
635412257
322849501
686433391
986705239
780838277
759681788
474700805
391352845
711046987
996173290
596321200
824760806
579319654
206752396
232656182
879130492
178353653
743111143
405991012
449289239
482474688
226927320
906931004
576009511
828040903
871796496
529648659
538101575
652812695
570047183
444393965
451289770
953713318
574033371
996133387
243740957
691205782
535452034
474609515
375042375
832361148
207206668
311100521
863305741
727424839
830623117
914388211
627575110
854902281
874475132
266676506
703736354
897844705
724271871
407843598
748665593
360994137
745641734
465909234
410745018
877633908
589726554
478627089
956439017
602071637
827745385
988632025
738386306
695694271
551617380
824881996
356290742
828489206
460043274
803977228
816962508
749428023
617392330
415275495
323051733
995064285
980042544
684389552
980560535
494197713
554401932
755659913
901496161
658509128
943698035
722528061
909735316
436649045
406991021
574340576
845194934
873016909
742619318
751326302
521325900
421905742
847879371
844713761
839065410
622060988
527227997
857452372
935116661
812141625
349477768
903713532
731746310
756457532
818820149
937774073
832362161
504567977
557660483
426508427
317591905
958582703
98460553
894525727
879147378
445895675
490549099
429078827
705827847
921998569
985946590
761208487
128671508
560501107
999962361
400918100
643834974
643889667
995894545
747893434
751982286
285305518
768205482
907642126
697707558
829897244
879700671
372025051
920199166
792859033
240318438
942413663
798825524
415538018
805757449
958074036
606184317
784666137
862540524
302217036
930636638
899977022
128940143
136729947
178790598
605422070
198427527
172490919
662747255
190942457
978781315
678024755
262353052
563308628
765315167
939849954
860096125
600981046
609996707
594211622
808687053
988951247
603007443
672220151
902178706
860379400
756135280
865792350
763645393
762760258
302742924
803133713
969498898
499720377
910540009
390282226
713192658
924012600
112432539
487223161
684462973
508219830
340419491
589539083
776566289
420414029
934550062
975356032
246591791
399210952
767973694
570430964
807078594
979486195
711861383
212579676
877291485
950005124
502475022
910838542
658538966
865032689
846355646
788717564
959671709
956734096
503968314
884781029
891129919
888965765
884967068
894065368
981494806
752595868
821021293
941387194
723530315
373605339
647912938
633845103
849779250
729636205
547410064
950846523
638763134
954813024
560774292
918493760
745394775
156758096
642303166
970648313
645035828
278993343
566537676
897539045
599014862
208559556
197430856
748300234
412477163
328844510
315103700
908440381
610455271
884399911
137798736
736774985
793529583
692913280
332846433
924183408
739649940
903648593
959243049
971616702
606362404
815513779
228383895
931516766
991739820
944971139
270141350
944459301
914449716
953030236
246461430
895842306
863491275
530393431
977421735
459609256
696274981
292918146
543942204
853500347
568650748
998898534
803439046
387597408
525085137
506098305
941770433
383879900
543991077
573114882
433437378
880264772
746943510
316924382
574969621
525736262
662341671
698630115
423613228
963351775
977459611
856712888
770400538
981262864
525620048
529162834
603007443
674878975
988248373
449787596
557913032
726459812
473798711
619980995
568051613
633560290
908227370
921138240
557304826
836451756
950847029
876763988
445829087
933877945
935454692
836661802
317838203
975554956
697010695
935721195
937153621
844755375
807179489
452593758
470503983
822469512
224758490
725060174
839059870
930183065
725430346
419038865
872743650
285243806
834428432
537862959
560919794
410652875
763797174
140089492
741389825
349700637
246466409
413024567
37546411
665472268
918936266
826457655
939186791
883202427
735807022
556075699
655524792
853932046
625561340
513702555
754993040
865519945
647802629
272938295
840294609
781245246
888375764
662503465
997968901
947248811
390729914
420414029
720634434
242024959
502264326
798440523
505287509
320770087
600375197
880418814
950185824
188465969
221275892
881988313
501701129
952410848
917644748
857680819
859252129
589289970
446793598
379529924
847158635
518887436
558220742
850320304
372374909
871724460
357677182
965482123
994498299
300786977
898939033
726629537
867356970
305637338
946064598
779377746
493305508
729741530
986301513
848384095
956465726
826842132
902480877
573630236
734140783
714584649
335038063
656297378
635429441
758517956
966999633
605695145
822898243
699486901
782511903
660596959
530447374
935695876
300961234
247814942
941638381
361944327
330414251
365245266
142077804
533984956
580257037
731666631
783088208
285708141
603211764
971417813
564358679
282336982
513900658
647063184
896653437
740455291
716902958
503504788
344350959
622720232
750666802
903886132
391917878
836249925
793730765
995254963
583083333
927220523
516753117
405211815
784140144
465087087
798654706
881038946
612291835
816962508
436683923
807915205
565852644
549029859
533150952
565264068
807362504
557414960
766618139
708274192
823369601
860096125
480579529
529491077
394401271
947485724
841899549
261264185
848257936
523540889
756641405
901058565
636467020
744918492
752716663
277498332
626576380
342482209
267453202
799237922
412138722
855820379
927915456
430808547
762176130
850811927
992903745
480560793
202405283
146251584
572154356
894560238
509564985
619820608
516324681
419236940
891160916
622923164
558220862
815516280
878923491
349437107
708348429
558220862
829143581
939916200
649557015
749236443
995711162
225676117
687838353
300411467
813811925
249254196
597513147
703386525
447386173
898153836
881877452
983683618
988584408
14648749
802712821
157734118
435539945
409407583
982966612
656612397
723467053
949438466
388837817
873590802
847564795
873353916
563350218
912883878
610813360
175341570
457746675
585273938
125497257
234061708
844828440
700508924
943763110
547228086
766977085
507111982
447447702
727985386
723284220
504388905
878938922
888015822
580578099
408502280
544909059
921514148
267344611
475410049
329267413
264428094
159596377
785797057
302010675
632246628
840072101
982106219
492081274
485992135
528673041
527320150
930054945
646645346
948194984
455294807
103984097
539289922
373519299
935440205
401751367
629686604
574743803
959927798
772976594
488636904
734938580
910589869
652670039
399991957
982776587
612373095
539095184
645334056
768552888
981162650
825813748
465150912
759649051
855701872
389976346
212440073
921980645
240073993
880470824
562067331
585531825
926216401
940059545
963058543
683160876
687313390
125421533
811018832
934493679
991833448
997675610
761922222
410957905
281649147
170548433
859013344
322982031
495074260
982020888
646642609
718681121
489849834
175341570
822670743
776126373
694771229
644990733
889612327
662919532
870019989
607956551
817917104
647294399
953854558
821005762
431688753
937130069
984371822
510275821
351477088
738386306
532674601
613138785
860503271
781299522
808756395
675568807
769796574
763801787
819546400
703340906
512806310
767103146
292918146
632047586
781299522
880253466
798661047
738741244
934493679
407026916
794728509
231437322
800315119
764470228
251490339
807272759
973388282
907917794
756083996
789140705
833195244
778111009
388371972
707170595
621773423
779886217
997522439
372566831
331080918
755659913
212131867
907817186
584806355
533656285
457660903
655480988
987148308
743048341
585884802
679962092
609646569
841923361
843086385
921114602
786554879
271510802
941658264
858805413
341133203
948983975
655931487
215449051
88107936
727032638
700762847
789049281
988568154
531211241
466578967
751512315
759925749
909312776
427290236
507920357
200175931
693528479
898153836
811135119
309273651
795398293
473090234
658459339
590274227
464966986
355734675
425495599
531088289
943561166
461199976
801661400
833518126
742050343
528771202
858762589
990695798
490376151
515096032
895659302
638181022
200137967
424814230
825249760
346325413
920406968
569604336
955721351
870980624
954689676
964396525
856744391
976971180
477973996
962819928
119437066
976303927
622720232
762672345
633560290
446133884
814119271
674076505
517338492
321254210
833375693
839555109
763035734
563931340
739784008
917758451
285165373
969077330
963077890
907720356
536474624
392149865
281403625
619428353
498702114
659106662
846073297
450420857
779254563
887173158
589050472
953378385
984661716
380587641
196760144
646633502
684626289
934647628
886409616
879341319
877454493
916179264
981494806
954813024
463975004
83367824
696178061
403908056
743098077
903648593
783931241
449450075
918852041
669359479
284255558
467019860
297655395
632145599
789299410
530452984
448800287
819877327
522199457
556366673
872606137
805669128
802638870
990695798
936888666
888112752
305933476
750945614
871926404
748768708
97943295
819092780
915084224
968517649
824267824
783551148
775660166
803653710
737641378
903604785
498153431
948856648
986214710
544557723
916179264
934854430
965977899
312556209
361536550
659128661
775445850
999916116
692130396
950005124
524470410
831926800
449466142
413628606
565561736
541042173
896500968
264807991
753902459
493469302
674062877
955949058
445097256
76412749
544441806
453128726
857585518
710307366
797324599
631209234
274926081
857591442
351344137
615370342
660721001
575061497
885877201
995823690
383633254
921210090
896619410
309766803
140883603
982580392
810886353
940059545
503680847
961436294
652740151
639240880
657286544
741022533
949645035
709231091
893242782
710307366
317319714
659175419
948323718
102645501
329547439
791875677
601630976
94235085
758216844
534870214
728780489
674765880
954630300
722953785
459826343
827821215
705700259
237463348
985483687
399991957
694892651
628658540
118404849
256269689
339749792
931527456
798394424
59193680
782123207
847239257
939853018
613694228
986371709
217859723
911423047
458260000
985866524
989660779
678928929
414251354
650590231
949908521
493042037
923529504
770038042
689969702
745116057
888112776
573678141
929531947
812744148
809326663
368220408
563321778
966569756
220203209
534561225
866234145
478115110
259809641
919584108
757372519
373759959
714089571
685652500
870161757
964372313
725816954
864729339
632214869
469876250
628768057
830775743
811550015
879700671
798661047
898396388
744809556
762742290
806630522
987864957
490603098
416161480
363613125
382292900
516326602
471786450
928748217
693089195
775280083
847879371
640973048
494198837
933200216
682426737
693089195
460186615
922148996
619831364
701135534
254551181
566729151
788485200
948528500
655929963
533180867
512663629
704567139
371650268
326246607
942559993
704387043
694343816
645116131
528230659
736738663
529181456
990219609
767929530
798413875
835247668
778758502
445097256
514167855
700747550
525546829
287246164
573693491
489247741
378218171
380053757
944036580
353210098
575955294
246777567
386209226
862678500
702866591
595479917
392332202
845095840
322211432
469352539
905031271
235587987
705947238
632218573
744218666
335875128
903178737
821820180
399167905
879608277
636914692
889494409
229695965
568321992
847764865
792834015
693988110
297743536
599366312
841956931
999725337
692308076
984257799
737803697
793190481
869360329
131468155
982348477
571758936
806958963
599886759
625893129
698953488
663811625
669814535
395293566
421674355
629345003
367969522
931516766
495074260
545290567
382939700
812928819
965465922
955930366
998762526
733418085
803469184
326202102
760273978
772145801
924056252
980811196
626225379
305050468
817730410
768715031
869832115
908227370
900693613
794918736
833283913
919295471
638843828
829602276
435383760
797324599
453281741
794041194
205277337
583919567
637693462
506686980
257429257
371342432
979486195
925861956
813508879
396504509
849478813
900149959
780562727
283992380
934711100
882934214
584602520
978340917
977166222
889252435
754883919
317122477
440004756
859028523
439754272
960652512
827669935
589083429
943943245
889471044
958463607
445178627
833100839
731106684
858425766
617985952
736936480
425594550
589896233
252961105
539495235
357431028
932704682
439598464
751558632
792910187
748389175
932344056
584855453
627031883
599783024
304732110
638705168
771540480
799180490
951580347
247814942
833885873
826742232
991467735
581188994
408770973
643995728
850320304
910736353
928900972
844483820
765206126
798236219
902152127
260319763
368044560
958336532
404527770
686384988
682135178
320770087
371650268
545956149
604393355
904838742
436819958
595857458
524470410
734638759
560906363
739984515
980622388
278865531
689066502
977191209
640336829
950005124
166871844
971090565
671546119
196670814
318031176
751982286
459539171
770038042
674765880
869030729
923089534
758966243
935924393
262455584
889252435
681016639
525817824
145548199
630782485
197577574
514201887
856322874
795141368
860304284
935721195
836075710
850542963
804667101
998593151
850320304
702068886
716998101
365795471
704662852
655480988
936859925
292253950
475606199
425359520
721320775
405211815
590898114
204745838
944422198
703888488
379412559
443456618
493629000
195376109
257980847
625032558
621387878
528623888
566159612
867279004
885877201
904860890
321909483
263849340
936643084
555529017
600563418
974914191
586418377
688819781
984443489
950481187
880139501
331114189
637943074
428437887
611137634
314217852
623819611
783330163
627734369
363440171
553332506
870314929
915322401
166057592
989990482
750292647
940307808
397522691
798440523
820901590
874130932
830133466
820094078
497548735
958400873
759409341
832045049
201043328
927439448
825242380
861709839
506449640
390729914
672213139
880211813
392852071
156972368
380199193
974389046
406918740
571833091
895014961
729405020
631209234
570210658
860950018
503404483
491915227
813773081
984652768
904860890
850545456
713571149
175675051
460768306
732177112
706294785
585531825
462865797
439751336
916111693
598600267
736738663
932704682
801186449
681002247
474522428
218655933
388569659
694744324
881868881
154324867
595619383
946246736
134011751
888112752
339682130
107371447
823037398
735165490
452159983
147732986
790008197
508396495
786354033
851352029
564144354
777068921
908058365
761678254
698906087
786654639
950647073
394645727
976264970
720999916
761703325
865757643
773119460
738502837
714078859
431387846
962773025
586809566
826283584
439700130
318906553
764991751
955930366
568549996
853684268
464602251
651117268
935811942
895420548
284901466
702905704
257897764
647640123
409652111
855742655
780373270
546067986
849089494
913839174
729693985
643917631
748665593
451259292
685643201
823078914
628768057
813116996
978781315
855470523
803592309
539280476
629478251
584030616
528420068
727110637
797610474
791875677
947485724
809958420
978426696
316725475
463833769
623081864
216784117
728237154
802273842
538508224
411755343
725430346
746167499
477570604
987530228
751982286
735254827
202888905
840072101
972350885
827154390
435063767
860379400
518650175
999811037
746451735
781230797
905290313
190916962
850395161
979027232
426265948
497632693
488822718
865618363
889342918
707858699
460420363
968660393
932272840
551166900
446657585
273620924
306710395
318906553
739643476
840312143
464031962
134420826
827669935
785734115
822859056
745770618
790270409
584830871
917758451
893660388
393563931
870269119
743805352
308398229
220527927
933804328
692879699
921838535
848643237
788098254
879341319
947141122
617843319
516251577
817881298
779017809
492675023
554042180
793246438
767535088
919584108
611505150
847592871
267119294
254528863
800533536
948082682
993593207
255900955
726917940
811237444
680570424
714158063
957000189
922069010
446635250
156800193
789000750
383162088
957820449
220992878
884522120
584213806
483794543
617382762
312111150
648681870
315585603
807208055
965243032
723239016
750258197
998847724
679962092
640526620
876381528
727853286
876348248
964315622
274230568
783350249
280636059
254199496
253837037
725153207
322375362
592457239
763197199
798661047
353100174
915458508
996786019
462320411
704778937
433741943
325561587
148348805
919390981
855998195
657412618
512249960
939645152
921210090
961743805
948439840
178684950
391712038
791281216
740964279
586683890
843773889
547785169
991340139
382566261
606362404
947276661
354708772
775046934
411552455
370912881
990717217
960258043
900533181
930952828
972760308
603769202
656428410
741428911
644195968
792397720
754883919
973409206
941770433
436410995
681693940
505651959
276330946
769879494
949908521
806776482
966518585
572774203
112158429
727853286
651422300
948856648
66838141
390866345
687325096
842289299
838384299
564789449
227902429
114737676
618416720
969019834
904663194
853733791
599493240
599897210
488636904
423250609
446946417
629105483
917808536
959074038
310818298
237640056
879147378
910931551
113159042
382566261
487223161
541884248
298495179
498992870
599395572
822670546
763858558
850165163
841041001
655686750
273030878
528887924
757198973
279051663
333339541
846566225
683160876
924705228
901862873
343318244
742957642
842061630
651334883
976685832
799898849
645319047
986882104
711048967
960035547
666294540
791232770
701583792
609387625
186645200
729102077
157205921
623913290
523884271
672220151
760225219
429543451
633685867
678893890
635294242
793864683
547198979
609468221
964187196
993180023
630898914
759681788
619980995
724995324
931438558
781973693
916453130
620475347
452019361
806308838
469600704
996311719
571007595
225725976
150537479
893720428
638181022
934986517
427974127
751877466
742329324
918550774
982020888
619428353
725649116
284972785
62833067
569604336
951339771
974177917
977922990
809245780
211863330
789341916
917329673
831332839
975868071
115977395
323465199
395772089
375422663
843785824
102425823
901697527
592669290
442194338
376369434
641481985
355543584
64968665
986778971
353940270
274245722
905031271
878439166
890836789
322020933
885945656
449450075
802794404
133590336
875213879
830085426
811893739
319106174
580969260
662747255
641829198
334345412
740213201
873963273
740239058
385995382
893673630
844576105
705372394
736191340
340415153
386284226
407843598
942656444
542271814
740888418
287750650
714257189
751588275
629623499
579112852
745375515
430522077
827827740
701695701
626576380
228506179
633476972
790522901
726671602
523787483
792115435
775084042
907013395
979983839
797512110
459046174
370690247
665137963
675494284
675896682
546434348
486747571
664856195
918758158
758639571
715275717
873380367
698189670
869124613
623119520
621831491
733700169
731589258
647691313
659706359
742044379
768315455
751124261
960960522
715214196
840321069
551663727
837416482
739592042
378691514
768798829
825734388
729589400
832089544
567708253
283607793
155752926
951281580
853523251
453646235
759729465
977191209
742936488
918315029
929437076
859761350
906849607
695472707
493305508
997154480
353210098
898402274
305643718
689099220
757879170
623580410
739186932
827841258
581400968
552900197
917418464
802143673
664934650
496452722
765480060
804519530
983994440
561824309
782989161
865528521
715907558
739165898
297655395
621010211
854607596
905319083
758977883
725378733
797125147
178079278
733852638
603588056
520275155
687854413
561821535
889612327
338872665
770770295
832521549
862386619
975066459
587880926
380332495
425184701
215023082
792698609
774935943
556782134
71034386
834405578
221459318
329841283
874380665
947141122
229855650
793020864
715275717
825149424
939775923
891458167
610681549
433629396
931416022
485872479
380332495
997743677
331517366
399154696
283992380
748343137
716050916
777944445
398445198
898178320
763006663
368251808
904916857
935718942
292574557
322304465
927220523
763247592
903629908
789140705
792910187
963731458
567475312
230010330
776439155
950005124
374631006
715907558
380884407
688678526
594103426
607471813
975945979
812200278
966569756
469278428
591961194
811237444
537526916
673369761
428112634
147718586
833052991
844828440
928057215
635225217
907491205
957404190
812160786
643917631
880690746
740239058
921203083
774068670
794111888
302458644
835554827
873772379
160891665
755444764
827982092
807238226
606595889
690628730
709985917
946500134
689646784
761194007
764869778
733184084
674684467
343770223
508037737
591930471
380173708
832163626
403453447
882934214
819295833
390139438
665538349
907435728
731399646
834144604
964273586
380063691
603665505
250328076
877201206
235036138
922419950
574743803
963455986
343440789
824408764
451254841
814749322
909527641
953772433
391394435
507837909
887881199
896761238
128465454
525735741
273568569
982776587
763834815
995823690
956741471
516125260
880714808
705567594
214879697
706906893
950005124
735848688
418224544
989303743
618853080
488804163
816962077
996133387
521946712
811185135
801779449
452413088
250873991
567474643
984400235
535452034
690038809
645248863
930468980
322173974
562824803
498750246
713216554
719854818
861669258
843773889
745160565
679632308
314217852
320075482
893088975
854556353
514346449
703563479
917236417
733648318
367875382
977191209
572910329
583499514
563931340
899977022
628377156
862123262
864562014
397602146
907888388
558475181
539900131
521521729
471590749
701747159
185566214
634356098
839873821
972675986
738531080
828037238
561824309
832942474
997168594
977191209
411279984
865421694
444682152
590866734
401751367
983306840
904255205
481067563
898153836
91193403
430561927
480500189
893660388
583499514
587692366
653547462
803166055
493810515
265316219
704899734
542284356
861707362
884768551
92131035
839801953
648090407
324130164
732136111
656456609
467707659
871734691
571007595
781730654
181754912
446946417
570404562
559162363
830085426
707709348
747351301
635224465
658698489
795811995
819705619
834246097
589083429
657389524
520805484
232221784
489111253
997439096
641813565
775630052
728105356
361391439
642031093
357100764
813870778
750754288
975255813
795341449
330944492
473443806
680589665
658357353
613531548
785034872
849297113
974259347
911021616
814600455
902921167
252382859
303174845
411196740
891160916
410588043
599110638
971439004
742933582
928574764
150273309
371650268
926420415
592755280
916323280
993919720
686521364
647622899
636825414
970273656
330872842
513499675
754022456
607338906
731390738
502479019
549802729
939895269
145879915
614948414
924183408
991221861
691205782
723855988
879700671
976968336
926911290
549029859
266747833
901862873
558845983
906849607
851885053
912565770
336967366
943734293
638426791
773213224
290934259
896288251
725097017
268606896
683491478
617305890
864963236
787960849
750004956
463371394
609646569
921114602
344495077
581199930
907642126
579052774
466159322
870784988
854731861
868744466
819056099
948962656
468569812
948908927
421468392
635618430
759954773
813237244
383348109
639410512
857521728
997248966
649549040
843326345
570232587
760002374
671251936
911212304
568839437
771354446
934765959
680633010
982881957
845665250
957074018
763645393
535345334
546033796
981380133
618000580
879601160
573693491
474620998
733648318
486406614
973450092
911594436
670516669
277479646
520218741
291879812
777371447
567945605
193422577
328411173
808988040
900072001
307883231
327798333
572832365
466923569
864416584
631674362
789000750
706552468
460011055
823959658
990115883
687832738
480013658
348835958
667767525
700779498
160527722
252275936
486406614
369512924
917174823
811443588
805475886
806833385
98908038
674319803
980721297
872414563
613976306
940777647
938401353
921138240
491021373
710093960
261816366
506712232
440620928
508177710
717438357
376042805
900072001
949926990
842933657
916219480
502861696
390107445
98460553
737811007
312556209
981344143
505638042
767043776
495214663
694184221
748701812
488832572
956164309
681335387
714701009
626628797
890836789
405551697
446891472
916682652
205922620
303810085
636103180
784571064
168463738
363095826
801661400
644354306
910540009
186816580
265163795
273918533
852767924
319370832
568804036
864562014
744824172
963455986
943522386
573544116
552700627
754993040
972595664
898555396
740989791
857218454
652670039
145090032
424714402
799906094
977413208
954526662
607635396
830085426
125761681
429664479
810670941
708563515
751867340
337448097
633586634
676392973
870465014
760827944
427921625
159210854
947485724
893069332
318321024
682389306
707162496
937925630
931227995
946200332
974259347
442047470
459107029
851706875
936372676
627974016
494851091
977528304
854130825
513285044
339347179
998320607
847667838
484624019
486071896
486178434
934417566
889438623
535330410
502585355
171631019
769498547
634422395
45850462
565228365
433741943
179964485
572416322
761922222
851223518
170816690
946612965
816753893
822434565
523787483
338368396
855137844
166824560
763698343
653259805
512257092
997968901
240685128
457638375
945161817
743645111
196885165
362149546
392120918
915784325
648263969
704641957
254199496
618114020
809657093
837553110
897440196
448108353
930562044
231223322
910252765
476303524
505068271
922347723
611505150
210859085
894842647
667105057
459826343
862659312
751593755
865992473
683975559
371551972
872698700
289976798
772305469
807236928
744162683
141502945
527227997
873972776
490417849
972521115
945262315
429344122
892712879
826424176
875786787
919026215
961525382
734883804
464339590
994467179
510849283
828489206
510588836
244654679
960318787
760827944
962017868
625685444
610913101
897539045
959739024
170034643
893409859
756229760
183963637
411104715
578432207
604210823
562824803
626628797
986889082
964788254
736969979
568100395
876519287
825024982
443259878
897844705
514803266
446777706
749656231
838476861
959711943
162100287
398763512
821367455
897646376
843109941
888536737
904838742
887073100
413144342
844483820
307649214
503504788
505178699
613139467
847667838
825149424
906576849
983683618
761396096
942529746
977109033
527208252
871903144
615596151
939916200
856414312
331519119
605672097
334597063
759913102
596580261
811185135
729589400
705781543
933837669
959251872
931448101
954813024
329259950
675568807
989724023
897277616
131743735
872003178
317676790
485454453
537428296
313884479
780804745
602741162
661197841
669616920
885104657
69418230
919026215
737420212
115997722
868555678
469283127
907443736
510228047
995754216
890565936
393563931
843201590
839949785
832383715
315693173
444114044
875658977
284966527
848769579
977765376
375905841
567474643
590874794
758977883
896886770
530152750
711934478
786176646
260301803
903004785
904500229
725430346
952221694
933287465
740801133
921143682
323069287
135650917
988237673
317357381
545555580
671251936
783551148
915458508
781518706
455788878
324013728
711813749
516620950
669114865
445144648
402552221
886745110
840043662
569390784
536714767
864096357
635746902
916584171
912109803
681739108
666715011
702907428
990668088
779422924
673314910
996786019
795259211
876334441
585753005
513246705
820869275
886309889
199630086
973888629
844097354
902639493
793604605
368044560
437343933
692969694
970611544
387389020
778255155
697631192
792085232
340457620
878265310
714901663
640522501
701767147
724270472
928441117
997263874
429319842
704144516
343318244
849375096
811237444
448606653
898881707
995762743
665085880
330161832
975293576
951281901
491380405
902639493
552573193
297403936
355770657
859344484
428112634
413191602
430507998
681863978
856577426
827745385
678964776
437607070
316348373
641416276
972548701
302936380
647649732
677495143
893242782
958176344
706120310
846280859
332720134
183260273
834569740
511406162
883982534
830950384
808756395
463292688
671387722
736738663
756507654
307177541
768463903
783589893
396508500
947493101
537526916
662245982
819819420
824085193
797250470
743069225
497496511
104548130
936643084
963632934
792618580
497632693
462427124
987236207
191182363
803856667
618749247
464996997
171619919
944666043
803809929
713098681
753579829
311100521
570023012
275076450
382433393
746742803
425876364
493469302
310618181
938258704
809965354
706922371
14389060
379769912
536832854
941097233
394950868
702866591
889612327
577569736
793258809
212476798
254528863
574688400
297403057
484757124
800839679
731000553
73367304
690148849
844741273
661373647
497496511
986087323
713824689
990408381
900693613
337035056
936643946
485739887
165370823
936372676
592113140
911594436
908988668
556734780
911250663
905744102
745641734
914787347
575447517
476418682
880264772
988632025
623677284
564254831
439598464
213190845
738979304
740891325
984468445
782164101
664635897
287129266
823135593
998321755
466854644
572774203
317319714
637943074
907435728
572424502
905290313
652620229
480560793
584442796
755567533
843976131
924705228
399123088
861614479
842118080
870345936
479026024
294931817
562490006
870928779
882751901
807749550
650945574
590071168
594943799
847283808
819056099
369573576
448590882
525118371
978426696
785734115
740532163
435103743
507920357
812200278
983127090
674878975
623913290
889109380
714511780
160784443
674396054
395531363
781059534
995936750
899656327
738370973
949438466
397448616
876996772
681863978
628018215
833847734
613694228
978382642
324343478
550836028
295780542
882133195
980662535
719826959
783434393
939775923
816206389
890147067
448397957
927954396
678378255
704144516
813925634
443710627
658921940
531256577
546036841
622681039
555032705
890362818
804519530
852293727
499966428
696437850
954866907
952221694
902639493
563350218
994449226
860594966
910736353
724416951
564614944
921138240
728664001
409124193
699565195
286557353
436734902
702729419
707487513
723859382
410023474
376172198
958043970
780562727
407841795
766303145
457750541
620337892
958862553
428218277
905307304
129690819
742936488
664081850
895685350
905472980
838190230
893483446
498412170
424610800
647566555
980721297
411088997
944677844
19232821
984371822
784140144
629939848
707521548
427854512
701229559
965872849
906676134
996850792
631235598
959243049
457638375
926556250
881485880
796716144
545555580
684453703
552900197
280266042
707521548
941770433
931155222
744433287
911423047
472882477
600832384
659429104
770133987
807704616
664571969
562406331
173354481
985340892
419038865
758762661
903655169
657389524
728514926
939749576
931680689
991624118
410319757
607258840
220268844
767043776
923557308
823637263
681482905
962773025
788161372
601958048
360164958
655729615
971417813
756507654
797856381
786826541
986471468
663318179
315585603
918936266
960258043
486718462
815132045
956561729
617167876
911059810
538464774
511874003
427371334
469283127
826842132
827215211
349637575
901410206
629328706
751302126
836658259
479320316
580933525
939265906
181605554
540652921
782726725
561001295
310578800
938052580
424022658
807640401
482266182
890423540
741130631
852565876
77966340
819728586
877617731
906455522
892318888
567499390
593347397
406991021
619209159
619600763
251490339
531724098
405686910
422461492
979983839
556543762
597070050
895685350
606382379
833544688
914290998
765109634
960501362
261458609
889252435
592019756
75704949
936366762
316660801
375694731
846345589
509474129
860646518
786177782
251943945
866171182
442058580
505861710
349576869
269331318
910446255
645748374
436685234
229934688
822563294
704387043
514201887
860379400
750771132
516952531
674661002
943105729
761212574
998717768
939265906
682851338
597823998
544528397
997600614
900693613
885177061
953713318
521505068
954689676
928227087
848059840
609736573
602618757
524713335
880304645
354857391
622681039
650283642
408264926
509208731
622525986
984443489
841227513
530758679
842061630
687717280
789878237
783493046
735027564
881953550
509898311
266404946
884885699
868972644
589772887
536092748
858010816
753902459
849779250
347938554
808034963
958438643
440337210
407321834
614104938
759627924
868744466
653466923
821907886
956741785
875676897
371401207
937400766
30970385
112158429
687854413
339798320
765206126
713571149
992063396
283577928
995254963
909175131
927254553
671203254
951540529
320614198
691259622
791480136
455768180
569973581
842801025
947561139
410049268
473256800
838049223
788364488
875786787
954813024
974914191
550667018
410979828
949241294
835247668
587110316
523580788
749947839
148758823
774495546
672550266
925418172
733184084
705754567
964222497
287750650
716423749
472983903
370994717
740889182
911594436
555375839
586869666
876381528
822365883
830136185
958315624
842200894
430484783
673049799
900072001
897277616
785902791
469806736
701594695
530542824
983947280
314946712
560815987
758080592
703888488
738531080
497504739
582695052
988566263
941097233
595154310
665789877
899762372
872035139
565561736
920194445
989866707
992683876
994365574
778494570
837494701
827885483
697927566
331979743
410188711
811135119
463371394
747303834
404236582
582012038
626225379
881038946
231289580
797229006
592113140
919546700
544557723
840184414
772506880
962334950
868335515
975130361
678928929
567740922
588692023
107558301
991467735
668688093
218747339
839949785
855701872
941789095
400918100
466965817
425594550
959102378
479169864
455830353
606897442
651387413
470987822
898881707
754351283
876348248
627057828
851172220
904767401
318335817
819350476
518722367
988982443
165354710
855137844
901957473
484206524
544528397
915784907
832045275
879557046
832373566
815033342
661299874
518627197
598831189
657305763
439215266
696274981
975837350
943561166
746251120
847923758
233840908
916109413
593456559
964315622
542358103
928919821
95230435
871416275
646952200
460660609
793604605
881848889
561821535
139995404
627394637
948901022
776342519
772921957
881117832
929777824
680400975
808578170
453059371
415320329
240897872
529196666
586998608
393870681
410329960
627998246
709231091
921210090
438700975
853006685
547660171
405609906
625893129
653995203
571000894
735027564
875809157
600249387
812160786
280453520
607028921
924742995
493254426
636517194
773473620
567782983
727276852
933868096
620659542
757557033
880211813
514190202
778471566
515096032
934647628
316348373
130396541
991900928
960501362
877617731
767084520
755549096
875727157
953420636
961370367
740481785
617135523
573389164
988951247
879130492
319145265
747909492
752716663
916338813
882330266
248421794
859761350
963968191
757117041
479930998
946182011
679162840
729262450
921487392
725753448
701985918
173216619
207613674
688059821
981536693
266776922
556366673
746451735
967747477
752250909
977413208
824076350
986817737
587061058
882355813
564358679
338768654
716783986
825861108
441450884
830537142
495067117
711046987
838636022
641813565
642992004
844631231
451289770
749682468
443888934
468429341
733648318
770864451
761910399
341580434
109182070
429614904
952410848
477178675
837712253
913916255
669629012
993180023
819516580
974177917
591949885
518556624
675494284
917259112
310705524
252229998
735663676
790467809
872698700
868335515
761770517
563075017
949645035
323215112
727424839
767433028
237280067
764210457
786177782
911337347
523836714
598308913
509738219
624810668
825596855
937640405
544588216
668374549
861009551
846355646
240000672
836842859
821157277
690338997
832106130
923297151
531256577
977611473
848209673
680104233
120924439
994355746
941638381
557010817
966125454
524204832
954122903
983306840
466373201
849492203
728643117
935454692
625004046
806642324
986705239
929272450
875786787
486489294
975269853
683625315
741192422
611124431
372443394
555632719
906263385
618984309
170790441
901482972
577581258
635468326
814606739
840003760
939743372
275778221
573593800
972760308
605056807
543227816
761899097
486796910
857521728
744294697
915784907
953805804
832524866
178412854
411552455
524497881
953783590
715136392
522279440
463725778
647289912
844735226
906751425
483563027
460186615
882531094
612163124
498472666
860646518
904411136
929437076
666372375
648204043
895329051
430742729
725723141
898595412
591252024
581005302
523759630
623913290
648051273
463833769
189294204
781655265
708737946
999516899
667009625
746220592
862978944
732575263
977611473
277114326
922604432
977166222
656582350
784186280
541297605
466865724
833375693
876594773
675672455
951509420
491121841
850700705
848084071
592787507
679603233
812401258
595505976
739651549
404209536
696227377
723000071
673760491
774734880
885221751
489560552
907162957
904302068
652662039
912320370
868790964
379726683
630533781
777127031
625696333
789959173
967319265
490484873
859013344
893088975
571730906
736439207
946115808
412126002
478147887
756086035
560493156
770995951
656832692
595505976
834483876
329205267
863015735
127413604
725753448
921829309
335827773
872743650
993844350
891770651
934647573
827821215
737388532
828511461
768798829
598831189
980721297
582695052
667876520
884048646
405590630
156758717
125929423
142976651
880264772
329267413
587118126
599066131
891458167
736593774
290326203
414797855
820371776
992848720
577569736
775280083
900205045
847283808
554651384
983127090
676151420
813578612
641482682
307649214
415966697
976586349
830514889
582813307
827821215
859208309
520051953
897887670
645180437
768592693
947813007
888288310
288347382
249341633
324011803
370973007
665005407
981218202
437607070
828037238
901045877
986747340
986747340
851934995
936380160
909369443
692913280
963731458
770133987
731226649
934160917
713017517
123475681
904077281
955361326
723740656
795341449
152156035
905050849
908399844
950185824
173305125
740753641
560273579
248137469
360989617
956988976
323120597
120382061
273568569
777437236
757384295
699565195
961167552
209197892
593874904
599014862
623081864
988741035
937302166
451194746
912633401
877462090
991712846
341262997
420038631
878552206
758977883
965872849
612656239
989166458
401004707
740804344
576513111
623913290
379243498
893825917
957650024
679201739
298497874
792397720
761910399
517888809
801115125
571007595
774068670
944971139
723859382
750587387
926491124
937646842
856322874
872755038
786010973
113885365
824642386
659944360
782857124
202364253
820424841
297102764
922058284
868459439
837814724
711557293
635969236
669112115
991900928
311687308
613976306
976263676
583416472
592985706
603523702
361065385
553019383
834107527
496452722
843462135
879557046
783494431
562771757
703621000
986846771
364362612
910884857
560961231
742329324
952594802
690003987
260064168
906187724
673256794
410842682
586184292
612090969
645318627
354065640
947687504
918980108
449466142
433463581
854731861
777161865
872767570
915784325
637878416
851972433
783676024
577229029
661629127
823078914
320266105
516471312
503680847
971701964
434203439
526468299
607258840
661099626
765619342
439145231
434642858
432121058
836211939
488911364
789049281
936147951
739037314
896872937
954059798
767929530
929851357
576513111
145739153
806584316
889222936
287296207
931004212
532521595
418043841
493567501
522225372
339402417
487069232
340290732
490512531
768635097
685617199
960054478
602435361
804231794
758271767
816417769
869574972
617711819
440180988
419038865
623580410
657286544
776783349
754668011
603559956
913839174
529648659
477707039
250287868
721695614
661298399
838502662
827968797
302655425
901496161
980814891
356309038
978533406
950374438
800442776
716770007
600735776
203434780
736118985
372716839
492023257
851675924
970716860
652740151
873997779
961950589
618979208
417210199
156053048
678540033
717900999
783493046
298805996
775630052
515112042
810392513
341602693
700489759
581933223
282826388
824791849
490512531
912971172
289976798
953020950
912218852
614104938
596445454
928575253
787543438
745116057
607338906
597037593
703086727
595304619
816753893
707753672
759421104
968129040
454333417
936643084
514529599
324011803
954235582
255535085
960035547
924386223
556962917
561854497
915099409
613826020
885161549
271013572
893069332
401429347
988951247
783790790
755524506
455757483
671355321
638663724
708983064
480140432
69528819
813862931
863210322
670516669
940721062
739313877
546237811
873571110
892031704
386479616
494423117
826687677
492146919
670812767
457333053
729102077
964609648
390846944
249893798
571007595
574248529
846179936
961560353
259274085
777598185
652378679
790522901
926679508
917802006
576760784
405612247
956041575
990408381
621806805
588891500
925418172
624810668
754922808
740938083
834107527
994459779
674836440
704521559
416314872
755058586
680633010
460181894
803809929
334597063
959243049
837712253
305259304
813116996
682591994
909797087
369855319
443050305
465703044
974031344
496452722
723765193
437205666
943821571
302936380
338739788
761316801
518754789
657389524
592595836
698859047
777127031
400253456
382620088
988870183
959243049
484465952
221201869
635146532
995637435
898001455
623698977
691859754
368400841
902684364
479018664
355610857
689066502
901131854
338173964
633845103
271374981
433463581
229695965
832105823
678835652
705941035
591240416
501921242
647640123
607163989
960652512
992496488
877221046
944514234
822859056
735807022
537110606
416476910
648325606
780255230
687639473
754632582
787708951
615012071
469714832
353251600
980719935
795734727
793769987
721860838
232865083
162820890
541558558
520592733
415275495
871903144
534561225
588488094
701490381
265452857
891557322
941770433
908736580
854902281
958043970
935034146
523239892
957213536
297512597
441580335
880413664
777135447
738304750
842933657
877900088
542790992
954813024
510241760
988508160
839453420
228432229
637894203
341133203
945656473
713924697
756086035
681353883
254254760
713647867
754668011
848769579
937392089
484757124
898824227
539307650
735265224
899551617
987537693
444982419
867128599
812577974
441120696
874099217
657421993
148136190
906751218
922111063
577553566
277081211
956734096
647802629
684459455
571685274
951281580
576814484
639532464
179951032
107558301
924183408
447450022
811561006
739082067
424610800
827706761
645035828
570186823
597306641
140171047
793230301
345045848
856812237
758344507
757372519
971641735
459029316
935454692
697076068
947175559
934695227
700489759
780373270
491769923
200211090
614302067
348835958
988347042
679510540
728466692
662503465
512320862
145930135
863693228
758490841
872493943
681208873
622774780
705664969
756672149
278861439
357567279
766131093
703351187
630782047
948528500
251717198
616836820
962707295
938290698
877633908
774391249
561813845
908227370
826474306
584497199
901697527
793064950
996625019
574734671
813172639
889252435
726448918
650023328
224398392
595923052
939006605
748665593
872003178
816236010
932008044
787854440
968658116
761348642
344686591
976303927
776038436
556295082
800107136
143885547
576340904
925395697
751326302
267855919
404633700
753446084
923315463
292005751
971481675
210756058
72110200
241706790
861251686
725580821
695472707
353100174
995936750
280557539
584610314
961024751
620541822
120186381
565820928
567689143
808578170
318940281
695430978
602134809
56318136
902684364
924477085
252344668
558292066
657647326
108937904
385614703
504864525
981218202
687457401
828824805
375694731
678300143
855998195
659264677
524713335
549607877
774103973
627612114
514386442
199243789
335158298
884821365
309932058
666083912
581086882
955949058
743645111
371880492
437337005
351344137
897977875
899977022
553796561
491254198
691624115
568839437
260301803
834483876
816261368
911230763
750147331
449450075
935834932
623760949
379743869
831926800
827889289
731271321
481149770
878336281
429586729
624503639
753684134
974696325
941867282
980852532
561193613
791191565
752093888
564754495
387203278
850043287
996140179
989866707
238023191
842200894
556503532
413667540
503792658
844536897
629442937
709365194
756507654
975066459
602787538
710380797
611973072
490988641
512663629
987926115
978293716
472676629
370162495
694552168
809958420
792038334
425166368
536395687
460870629
178494857
367500808
868622297
373743310
766548098
681399928
705842420
499966428
681980084
711934478
602134809
980721297
869482344
908889567
550147308
552174989
588328033
329880266
630447518
644251385
731956246
415116561
528455448
765480060
577119669
732177112
638434605
429003220
464369892
425448851
909406232
840241715
996323808
957284520
799527288
861757080
456392215
566393234
687832738
411196740
333212605
757860437
621327376
763739889
951281580
748389175
998890370
633383911
508037737
731190164
774569684
340482094
498227677
752283868
783088208
960133453
829043541
293869068
593033924
436513711
282132962
868765894
988984141
233392591
904807542
781804331
900860550
777944445
600375197
248664384
884768551
373598710
282903152
919584108
543033443
359931022
308348986
981588614
569717302
920194445
907591042
610729661
833573667
827235686
520805484
538949083
715156684
820371776
405783657
635380690
252390100
455788878
817730410
989660779
855428142
510849283
705814199
893409859
774026829
294275745
679201739
502106398
577119669
939775923
870264490
340482094
665538349
557521657
761639615
902921167
259857536
492945761
411831517
901045877
625367100
466865724
613976306
384304765
432293454
681422480
174516769
501203094
531256577
804641589
975868071
486561911
902060324
873963273
556528045
951861088
921460129
400156158
229877353
853763038
220834957
984468445
991951497
463802286
90484861
893664807
629631882
309116507
893660388
963378518
953772433
629995471
565228365
704059481
648949367
948908927
904916857
791232770
898153836
850967459
293122773
698630115
981344143
262493261
953891637
903966025
534340201
784113199
229855650
303795970
974914191
879652469
531724098
410383657
243803301
866441323
825024982
756135280
939484776
400156158
937406231
820155341
978382642
868502341
751274515
875809157
829602276
681335387
942656444
674640750
839730564
849739644
718339485
546237811
733648318
391199078
421454921
963513001
882773873
888965765
454575805
928057215
827763309
394552754
881923140
288935166
327247848
377800888
344395869
932726979
916682652
323953538
961213783
994365574
774669492
424546458
662196445
507110247
389976212
786354033
175131595
729741530
884514801
888273480
827154390
393425559
634134593
509774695
785094961
307883231
917594024
686689300
986371709
902776981
613831906
844576105
463198011
766746360
933141719
892964962
434173785
565214062
831450235
621108477
899214385
542610251
897213318
671430809
517615862
425744985
827821215
667078177
618107296
865519945
854556353
462427124
574557249
761861276
442194338
947002582
402497082
810905577
587880926
584030616
521772724
751181503
354140087
978095657
950481187
225676117
677362763
997622419
623448572
675546892
463983917
941322344
59178525
206444137
733196090
250310285
67623409
745594663
237640056
709057278
38335932
420162947
802349415
970264013
448109507
806584316
813172639
540045650
866481148
558292066
504182839
930958925
875502493
754989153
745268872
560828909
957576380
409909446
594358647
707612788
987900927
324011803
895746964
284059762
607222405
995711162
870069112
769796574
525151009
358351489
606362404
983156608
838636022
237191912
981330441
700902440
573983261
928885094
835487120
726048251
749830353
683462432
867889864
716770007
507601840
897773975
321687652
867025202
526827746
423250609
975554956
917594024
658266969
878989658
397622835
902903803
958705362
652519973
657286544
686740654
917418464
964372313
735533182
150088728
188359387
222291084
509109060
670683393
397622835
412382787
978303756
587365816
712624440
672642643
997154480
406306627
398706419
910048163
699608711
642769541
690038809
820946092
954282966
950926182
740455291
601630976
775246427
635294242
414691741
867986058
410188711
131230061
789878237
539910141
983156608
837376529
946115808
947230261
655285197
931438558
239360645
796738961
884048646
507433300
766923821
551736967
867485769
814501969
973754368
821833869
257579316
539095184
892669248
918193267
752563594
793246438
867854254
338938732
996421064
340898240
973602741
720043874
662388379
488237660
966569756
459438096
830593558
486718462
900533181
641850383
573678141
349843776
475347819
960501362
821697371
855875793
828824805
586376389
510647097
459744953
811680575
981380133
885177061
754736855
964273586
744824172
398870032
843327605
995477022
939186791
490484873
492561153
465633001
756192319
997675610
750348063
763157969
392287467
219680046
548357371
69707670
850016477
724428898
562799550
756135280
575194880
659289044
181568363
580961228
372864613
240618746
995888484
668012930
845415190
776050538
392704127
766922710
810886353
958659619
486050356
829080058
579061289
683975559
294446700
264536162
970716860
561894443
886655171
638240781
622251661
551537548
874997970
834815867
551736967
731228699
968006283
718835929
421905742
645035828
997654681
753902459
689969702
932147531
937640405
908413519
992496488
723765193
234857479
559353982
465633001
512249960
904663194
201207899
884826364
477083142
646749079
889983260
765569459
552582789
933448831
877740718
765480060
355003331
214666918
967434007
863607015
230080644
569179470
212816586
827841258
584367944
648051273
735254827
868357376
999845793
384650190
234237535
369836903
490050175
741192422
977109033
777135447
118854258
956112373
833377167
539086627
689650857
522334958
736774985
527845060
361548249
589273961
377372498
916111693
737420212
710270926
560357096
670947512
713017517
982966612
666859320
722068840
936372676
343394649
917802006
896500968
318453868
336230612
796820984
841165385
265452857
306399159
468429341
67639970
537380923
899551617
438124401
807362504
503680847
615596151
880211813
699166675
745375515
643628873
920367276
821005762
722526522
855742655
728315090
61600149
619820608
802853590
928710834
218191770
988584408
146378877
607897255
922148996
662575969
301267475
421112192
885372349
936227478
565209330
851800642
751302126
863746057
798887176
658239616
693016836
569858565
428538519
676078026
541963324
869574972
503504788
163691048
934854430
728325787
378218171
570052064
538508224
434676084
370973007
609689772
993137931
655710893
510647097
905050849
518677205
991467735
839801953
286719663
712241290
791500633
881485880
874952591
898905008
372443394
674115262
913118090
894567351
805408027
940890150
921829309
732087497
560895975
761113011
372231153
648837334
611052615
838190230
667946910
509622097
759681788
939942570
971032459
659328185
899496905
707709348
659269096
681335387
520332813
622774780
608199387
922504331
489560552
786177782
880828718
813857534
937925630
174784750
917418464
689969702
365680990
324013728
577802580
988568154
537368244
836474607
896886770
600522423
681739108
398706419
999845793
238553696
802712821
644195968
937400766
409407583
776179028
614457503
948082682
894877183
448590882
754351283
951972390
510279337
630119038
542790992
895014961
507740932
558994795
891244326
547295034
453006845
923644421
267344611
402355618
829099220
865757643
933904705
515324970
887013928
781245246
391707255
846327830
351193043
873834499
936660696
858950555
850323378
989783361
987265933
700508924
496203326
446145386
570893498
639333514
827662071
737011290
889252435
825861108
781973693
739313877
607251721
396508500
839441730
920337270
911283785
138188597
415538018
543942204
975678829
988858491
567634958
885002652
607471813
685272231
896761238
601465725
609736573
636825414
567436103
302029094
406503319
672703579
401873826
783587622
627031883
914896573
439779819
245391156
171904607
662957302
881725680
704561893
920313736
796345774
850600165
164957307
568510601
973602741
773040417
882223651
112787710
541095859
281143261
908390299
961604757
750348063
793020864
973177282
138533000
639780200
486431355
259002548
863351652
89010526
780825566
551121044
533656285
958806828
854545087
584993330
759840500
925532220
758558639
493265127
956794995
977862965
682054395
564925308
697555554
707837347
763858558
961525382
538949083
434642858
820868542
534870214
549988000
975124923
698984061
353815064
877092420
479146217
565394627
919563657
751558632
900149959
509085711
320754807
493629000
824408764
778772457
638426791
423250609
145527594
660721001
507601840
252923866
690767250
232976544
700970855
512513327
738741244
992015786
373701665
618954250
682389306
826474306
374425443
928574764
596388093
442032105
877795117
859314641
617750360
989987287
695430978
711910849
704837293
675896682
873624076
667587986
178185085
590898114
863746057
881125512
788098254
873997779
437077381
896642695
529138185
169428989
965708850
518315513
880155922
963351775
905922561
293340826
327639559
958463607
755431963
927421881
984737080
917802006
258969969
753796161
434762013
365842159
112235283
588970689
603147490
129704522
851706875
436813446
453015404
594523081
166750957
485049202
494908954
676078026
362364382
259002548
554510230
933001248
786554879
854462073
549029859
9534355
990072492
976184323
933862652
593628964
737420212
728664001
885211267
922367831
498412170
222703339
513751560
941570114
462427124
812928819
888040203
678662242
566587165
655724389
512208537
456787192
882787465
392919239
346001179
289140985
852908684
933812350
852638662
399225800
747779058
871234304
958074036
488241001
540524539
602170374
572347518
496023309
985877643
698256465
957668183
617392330
322391532
941368345
121115227
914590682
853456771
832682357
277529272
655285197
983947280
186391015
934417566
819351331
667252025
785590652
401950300
917329673
821526225
815516789
962134598
381682233
735663676
193710781
773213224
965698592
748409094
772167587
937989585
697504653
851139295
981801947
778758502
995711162
753464177
959265687
227621582
755771806
276536369
492431017
760803712
647547306
669592807
501514695
518808878
247635604
826789914
956794995
870824628
604882038
818245333
893743921
588696964
923041393
894087895
820411575
871715047
378302613
542284356
608902098
771540480
967296391
546696116
239685500
807208055
877617731
532521595
262723727
740248350
916171976
86135797
234248599
310211452
215568530
922111063
316143506
523984793
597720979
366564330
932008044
337035056
659903104
477973996
978325890
874380665
660654413
564614944
377233899
356497160
907153090
988341222
705700259
781299522
415916493
475205250
816713798
366216711
801942753
915099409
571408008
711323454
498767451
755659913
933837669
459609256
448109507
777153973
771039586
985467880
544801192
788846590
806584316
856709870
752093888
172420190
725260874
847879371
329983737
843327605
912773696
731629486
859568956
892578646
897440196
860781125
708503073
823637263
903713532
764991751
705567594
714884760
668374549
814119271
615364676
974020812
712791447
854515650
773473620
936070518
512663629
830085426
281527565
777266152
951540529
165659044
271186148
355233131
480186162
527208252
647882974
185023050
419268573
802349415
655524792
534021935
969085031
950262568
975859664
958336532
994365574
453650802
588608057
679632308
473872305
570557772
942656444
868555678
666859320
771540480
369855319
898396388
840072101
142072216
761208487
973602741
979983839
809511361
573630236
900860550
329313095
958660986
784113199
388468120
516125260
419518234
561889399
926238951
934069809
803653710
903365369
932834370
953891637
261503295
855839516
885448162
843109941
665367582
724995324
838905710
885161549
300195893
131706856
508811252
907720356
684031628
261685800
464648535
556486095
869437219
849089494
633845103
944173907
360547419
462546619
626628797
840740674
322201385
815677978
678893890
853732337
541205991
688288872
471293275
584602520
828156554
670812767
711859415
508219830
477592355
386734162
410035789
234485590
940479679
753796161
591079653
861191360
693894971
818815183
825211751
582085160
416291295
816713798
542290135
809585578
779024196
290660666
337742079
323374129
784215271
939903019
638603824
937697951
561638756
892964962
760010805
637084024
577401109
449520261
868122277
276182847
825024982
147365318
661598255
603007443
714996461
983848175
440889813
390780595
158099345
961560353
335436905
583499514
342118283
664934650
777013455
661099626
923209313
397395135
962134598
455810957
641416276
964676189
793192460
797250470
735807022
616474220
742936488
882547792
533775739
916682652
953055509
760454006
795618419
704567139
603665505
704934809
476903194
662172497
692646328
630898914
533067915
355121420
65896868
201901734
774026829
954904708
268568413
841007081
418206690
718339485
958074036
427977435
706552468
739198824
498472666
848059840
750100009
771343941
955949058
895014961
704561893
899551617
763000572
991739820
425831842
561005487
849779250
591916729
510897129
995765327
998762526
482916010
186391015
958043970
180900322
813705586
284760866
480042380
694199124
595118615
235161922
851172220
814501969
235731044
679482280
840077540
509738219
181836268
228538037
503854456
893660388
606793550
744465182
476936569
491882493
391609328
894974807
926555260
921829309
895014961
864416584
973409206
763247592
309410165
903365369
36689073
786951182
595619383
636884359
895147518
839892321
912109803
987988532
520051953
958937854
494730522
663732414
587198292
643855018
977002076
516251577
835812113
810129783
457199523
891127183
851172220
435922240
508538322
344002569
678184771
926632679
556474840
973450092
143870956
184282200
873526908
439989167
846737632
862922924
729262450
487307156
731879743
550006970
820789905
484966745
341133203
389163939
318152756
695954952
443941261
706752874
563373570
308398229
230277454
775660166
696000031
84212003
919584108
958043970
934160917
551736967
600249387
644354306
947276661
891143937
816071575
996724845
516324681
352767758
577651935
776954846
903094482
86135797
828798229
847681575
688665116
260729208
636467020
472105745
664393153
169772399
968777062
724916008
614117790
689187747
914449716
462497508
914388211
832958217
731271321
882547792
682426737
384475386
849649184
608970424
815151172
958659619
254320597
988294856
520922200
354935177
756083996
767043776
465703044
723000071
692471540
466429840
429138275
371056344
635452095
683553581
388556760
936660696
568945186
865622152
628118832
198191943
857585518
660646340
769417939
394589298
838861882
183850934
766792408
905792949
410049268
731746310
539945907
781655265
459427606
703395451
982925518
358554156
826457655
323120597
905624629
838147341
877890786
948515786
957456302
984155495
674684467
890001563
972362056
634685829
294117472
937302166
382461008
906503093
610382393
870269119
976968336
784789220
528286489
185982224
600803873
629631882
884947519
992981087
944032246
713957337
996625019
721879223
643589567
207120359
628010697
657286544
408925594
330210376
527826123
688576225
902506464
613531548
646645346
377233899
441417628
52656228
444698177
831331806
898243410
875658977
200258052
639579297
895862395
923296273
717610438
523884271
742151330
744824172
527320150
171760704
662957302
321270041
525496449
854034344
643995728
931680689
921353264
564479119
876152252
476894796
768307166
306610905
602507204
829963840
599846502
877439019
370994717
608388313
958513417
957650024
436734902
939743372
848673696
845162940
149671808
557455627
652659106
609776474
476845454
660798801
675672455
978303756
607152575
893483446
810905577
285858063
732609852
735807022
877421750
527983670
888965765
344104508
874936208
759913102
894525727
364662586
742134454
889342918
898153836
188954858
797408960
617956191
503943266
468429341
889236497
184015476
649557015
758637578
325091638
308579108
867981277
661518324
868650290
795510160
777752005
626225379
840312143
834321225
810122313
840330061
731956246
317457004
996272888
192982656
858943169
560281203
460020887
228133301
636194530
760632880
965951024
967124331
686995949
338510341
932704682
568887317
644011991
584102195
399923935
803131979
155869417
787019517
553332506
916323280
680823545
746234541
819293399
248421794
797992628
813512674
772976594
530708633
353488832
595919767
900449120
413496979
938993782
466709464
897535583
460066665
902684364
813870778
801736915
813512674
618954250
762068223
189883671
903004785
857625259
433130962
423614708
309008967
312134045
783350249
696705358
110355196
890621482
907590332
852565876
583560781
772976594
472500015
880009832
537688481
121125432
896752689
908227370
834399996
485038718
940059545
689163147
462561673
321058846
758672703
819705619
885177061
744723908
256165661
334835007
197683771
828489206
154914911
813857534
928227087
889342918
374766950
666404852
686995949
624243177
708292701
889249389
871799439
270792156
572774203
731666631
895923596
577457080
315282680
585614906
924573600
956221458
581219185
665789877
529860295
653771663
974389046
870784988
904860890
935210479
287929346
644514310
890275123
503404483
933814491
966011394
759627924
941218874
690338997
445632848
424752766
938372916
486204848
558994795
273046013
945689354
733683719
764245072
780992508
966165936
853733791
638382914
975156921
695430978
714430244
893088975
749567784
617135523
662895880
670523309
587198292
959739024
694290778
244628792
566252867
998717768
457199523
285960658
318025505
398539257
557268647
311131041
963058543
860005677
497137934
568810185
678294159
446145386
794416822
626211517
768988561
638097344
332176537
848327264
960708459
440004756
820400804
978325890
490512531
860594966
518722367
608902098
458265652
639579297
890147067
612145318
585550154
569737093
577577560
815151172
676475023
888375764
668961701
596014249
569737093
997622419
505243366
336737553
801500964
957059897
936534511
868502341
674878975
766693740
692969694
731106684
809422229
797180403
401461926
575793441
578634313
658538966
370518948
708801945
715275717
640708342
975811183
488804163
902630204
450936276
949689265
665750312
327695909
792859033
870418123
871681649
156957123
950217435
647547306
522847249
860735604
523096989
810817694
868335515
994829213
662245982
893242537
427409560
692568685
910037397
355625459
885161549
655986268
899883203
713647867
448279871
782849072
612322375
995948211
992207909
523965111
851972433
347688473
797227499
596388093
927515460
815032357
956162247
878265310
638688946
607258840
570186823
385995382
888974635
401751367
928757000
926322018
847828360
578122975
735956200
602106871
848594199
566537676
719124581
925287887
580578099
975945979
412530686
765948930
705567594
814606739
575447517
681480261
529860295
561620325
990244959
866271535
659230082
305150433
506231283
723855988
627734369
844713761
540668245
815849045
920756717
654336914
971503218
151485236
253962422
99484063
534169865
779429401
988601395
320910672
798110798
783350249
651422300
977724676
875727157
227621582
439906672
985861030
960960522
265546064
220778630
959314688
285243806
495019054
622793403
671671446
355419922
232964722
761861276
693557568
671875248
200197208
865528521
651067640
556486095
546434348
833195244
873341934
346372051
467704438
433201743
704934809
392696846
573388000
953854558
910884857
730068431
358793175
796716144
985445831
976303927
623111325
88512710
773962180
751274515
864315887
430318703
925364669
922521368
763801787
717032045
426395353
373743310
609793245
620228598
932097662
874475132
640522501
991951497
593398933
947873372
610821980
770030060
776342519
924888432
830497918
755567533
739649940
206113869
546033796
998141486
709727253
868042537
480500189
637835901
455760090
758344507
749063982
493567501
754022456
417847960
395315944
256186183
780825566
881680330
515536410
743748659
604580238
690377367
50492630
701195356
941658264
613212580
721970061
901892971
131109045
853733791
548845398
361229989
570210658
879496456
585007361
623111325
834909463
624243177
845514496
836614270
810537562
449032310
897646376
818245333
705664969
586683890
522559518
730949947
834246097
834569740
661299874
513726721
328592952
663016536
443873343
985340892
797125147
932147531
734728094
732042404
866441323
993927533
774569684
304470893
226386026
445632848
768307166
510647097
527310478
680823545
546237811
878775614
387653329
992903745
357120846
804503601
571000894
345927529
953996187
555489144
550667018
248137469
758009015
962766208
651322697
684989341
571007595
364160555
318414304
379726683
843625111
810223894
556775033
654336914
178494857
832163626
738022252
791591758
565881133
978870789
750629604
931633604
494323024
905792949
368456339
853758741
812200278
452843093
963127645
688334488
823303784
990408381
621327376
981674020
518159457
510803753
746074583
514435842
897832657
864479785
479597612
750480033
870019989
781886681
266404946
792435539
130221860
942439422
448974330
967747477
364427286
605433786
961560353
889109380
242694788
763660837
756783512
872968610
288199727
682236516
678835652
761396096
841245242
697751950
404295157
639579297
666715011
521072453
504513748
556613849
658239616
484059436
887013928
807115542
295586949
966125454
412368453
394476242
839127209
449108485
739544501
660789547
152605642
837494701
627575110
866439558
810122313
280186459
876594773
636037935
331519119
642989257
820066447
594769836
959711943
453591891
303206698
833854217
291212990
422091695
825211751
745394775
728322158
346659996
835952272
880413664
369573576
751274515
501970806
919295471
300195893
701912081
848209673
837712253
586869666
943105729
778823060
614714020
629134628
976685832
562561721
933954544
609712117
389757401
128937081
696677352
911521499
845680176
747650610
829099220
748399325
718010338
772094985
935116661
577375361
714452144
979347362
189853549
738531080
997439096
777127031
505054122
666083912
608037016
586189268
599000186
900508680
598782171
901911954
647228777
647680341
504999131
942888334
372748965
893143313
933531755
575513193
83069358
677250911
574923459
904302068
612090969
784186280
342118283
680344794
284104616
393135888
668487113
624515290
877900088
840184414
726425974
746618408
972922439
752080303
364851440
723239016
988568154
220992878
967717203
475695178
806112181
918220597
201200806
869704894
820665473
536173360
872493943
607888714
931105787
385324715
795404172
799001203
804615226
19849677
446858733
961010614
69283670
943943245
410319757
399717759
765619342
964159298
405166635
659726542
588526752
346899205
658339394
345241686
596628788
139158832
692204806
766923821
579441737
436448490
783271549
475031753
369805637
933001248
843705878
509287102
714482032
536210153
268021123
824447242
891033727
992683876
979983839
939964512
985467880
730304511
992133904
765968382
613212580
484043965
221614044
972379932
494908954
966165936
375196943
933001248
357535893
705700259
171631019
829635358
539866553
329244704
956734096
921138240
793731741
807704616
851206230
512806310
826235520
949241294
633298612
843201590
955876782
663157890
947561139
966999633
370180687
624235444
40236021
541042173
857218454
998150649
694343816
774487837
267997015
961167552
889612327
570031090
344238568
333153929
541748265
840833909
77706901
760152679
370158616
313402594
635452095
650147106
764245072
733980071
584280600
844675420
22094451
664868591
125421533
266368550
961604757
801470878
541079103
461986942
990244959
660365219
724511221
439986629
285744103
539038177
513315819
482474688
705949665
824286193
290934259
882133195
778102336
313804757
947561139
411850206
839683970
692004032
497504739
443972238
616811568
354382685
461334844
56745746
802802945
484059436
770534406
803488527
243409861
943279265
948515786
318335817
985467880
828505871
787583410
849152372
594049421
493968112
411404069
685607748
128462409
711838760
208621962
399108950
445394727
951339771
683919575
463749722
372904529
580447088
357213629
503974763
847592871
644354306
866439558
659986900
568053318
958315624
296699507
983609849
752187935
779771078
630714934
13683675
810491592
486115937
866215626
941658264
761465696
731162325
441744884
429255812
601683870
920768555
459744953
491459642
984434636
948082682
458202330
599744726
790270409
820983038
629142372
503792658
882223651
762876127
896500968
979486195
634396704
503680847
645909375
889474380
775368763
911279285
708847022
814501681
786826541
488561528
763660837
824581904
284418919
671355321
794040976
546603996
648325606
514190202
964676189
881988313
457061557
591821534
546750526
251662308
628981143
266142000
682911212
955795043
738369884
778102336
595118615
734883804
508396495
920927451
592595836
863069285
711598936
839551479
657305763
264010016
469992624
250762450
767183591
260301803
595857017
680570424
282662747
895923596
949926990
192627458
302458644
843705878
588328033
674836440
953541965
776516768
733184084
578908753
761622901
236359913
757372519
386568660
811636160
447896598
665130255
345092020
633507546
659028339
623830849
520749705
557212471
856984885
145327089
721071118
515384416
969359380
224366417
819056099
848244925
403620535
621010211
704001234
318321024
323215112
600997103
888062650
827162807
827592004
228712640
444567032
733196090
781973693
903768085
588608057
976184323
739984515
234061708
826042634
584806355
913388332
869041165
777782564
736738663
993851349
636427128
650477066
234456661
304742954
350744535
700620801
872080540
738398157
230536945
881953550
856709870
167754165
661709701
593628964
957820449
772921957
922801572
723578260
915832806
812928819
888504593
498702114
573359897
865032689
561292016
897832657
499254649
154625500
642542623
907917794
865421694
472131934
584844985
277479646
874511051
519060147
827662071
903655169
926371805
875809157
995894545
349637575
724416951
750945614
406097075
880127875
613826020
655524792
567107046
565394627
996173290
749657509
892318888
874130932
402343091
844713761
968350299
956164309
535290741
196220256
945735645
314853005
993180023
599567746
524713335
958705362
818245333
485650629
961525382
432402016
208336658
210099096
679162840
687286609
669814535
314391090
164402072
726633632
353826789
830007763
151471848
156464027
801578716
656111815
992133904
696111106
931227995
622086189
529267306
662895880
485101841
844741273
571730906
231621365
478162257
768284730
834321225
999962361
937392089
377776319
269875163
751006692
573259933
843201590
674076505
843705878
903094482
461109946
749210981
845243195
718665981
929437076
471253578
937989585
660830820
789027072
599386956
651176470
834141947
900157711
885877201
729567821
711426003
881038946
385170116
949535384
247307681
927660622
878856934
920194445
917672001
939749576
443123636
821907886
622681039
956387521
865421694
674684467
988237673
885742084
514783167
759978717
789815173
584927783
945665177
647680341
889743475
631876872
384060851
852702381
816071575
847612148
616796445
728786400
573557671
826742232
766293097
942413663
915458508
777153973
749917749
392852071
909369443
889109380
843326345
619087923
832561868
530138731
982781093
513676193
844536897
237459135
766618139
478243637
183927910
983306840
324807175
873928177
641218010
654090487
890535252
800543117
689650857
999620371
751022399
437567877
863351652
516657566
824446345
350866588
667507869
756261351
975012879
499170241
536832854
350714225
856017555
857969178
730826139
849739644
967713581
779148579
761772771
971481675
419220448
595505976
369398754
407798330
462729362
669268570
457979445
885161549
576522481
412126002
625204774
533950272
403142575
569973581
926177730
847828360
995477022
759954773
369730515
46195950
613744617
890909575
360389182
746923989
568245856
516261498
997654681
471614887
899357414
385222965
667126293
653118206
618945264
853432155
379769912
573441620
447696142
324130164
559756187
22456140
629105483
976633503
556734780
817566495
824085193
729623186
970884132
487081797
654172920
908889567
750147331
608545656
934160917
982435749
938993782
913308205
280782157
983609849
653103119
791480136
753058032
810146696
565820928
937455936
816261368
976828039
904663194
863685450
585176555
370255776
207499632
825383011
758672703
799036106
883735694
597225707
875665813
498810880
684526479
841227513
681399928
493865717
967750538
666012019
816777176
834719944
187215703
594976355
726459812
900601255
778255155
265489778
987148308
471614887
950616322
597519831
852408949
784062976
411196740
427196257
749917749
913536777
765723010
593863572
254220226
831926800
676475023
686422801
548215911
384304765
616925760
733102103
408577993
977631992
579954909
645319047
353821714
820094078
797610474
566963076
597823998
416581344
844519567
719124581
939849954
385136720
937406231
926216401
600249387
990767176
551512992
960708459
972595664
894065143
870345936
286418487
586189268
795076935
464168402
481093219
688334488
537113352
375672788
883015784
847879371
617215158
897440196
360600655
812057649
524737339
915111424
391199078
747922934
838861882
888645799
567474643
744723908
836382425
329260708
887847506
609778677
732196422
844680493
569973581
848327264
714158063
968350299
557059039
784409543
780838277
640803129
160669962
913308205
747963697
861009551
976353653
950262568
811571089
967691727
826283584
269568514
776126373
798887176
819350476
195230687
562042592
581016924
775945552
485650629
492561153
776416517
961022078
646941940
651387413
904234542
798661047
778823060
572305092
974020812
375195471
320770087
958176344
631786051
297743536
229089426
969498898
750651596
865792350
514777186
465633001
680348043
163386157
454855474
974337852
792416879
822670743
584497199
903094921
886986319
149893394
580657537
725472720
192808447
981380133
397331506
971008178
832163626
703393441
641131155
987988532
891033727
510544082
824332025
859458383
925287887
463660322
429912989
592755280
168418898
873812207
59655442
714687205
546033796
587570625
546603996
479428955
841729932
402343091
356414838
619161962
993919720
209265716
922419950
642989257
560357096
698033783
842933657
967068958
646633502
958043970
639470879
249247719
858425766
858010816
657042989
982580392
432676503
822469512
466921468
436315867
918861907
949119506
385605106
635050590
684250995
662325918
861941745
505831707
299132580
973450092
981609842
809482001
943758832
913890498
612015533
520351331
620337892
771002213
919555274
988568154
611069343
364954557
678540033
965977899
904032429
690147742
707753672
245831841
913743102
992894294
314391090
569717302
995649341
881442077
843201590
929437076
564244592
238510053
323438552
448066596
676475023
845665250
892043718
875786787
999588194
391394435
404295157
338438605
468716649
702717315
570998344
953628555
754077421
997942003
981609842
765315167
888579196
729102077
865992473
494160980
647289912
711910849
969579031
843599073
35646069
973043225
732177112
663811625
264541399
632052568
711426003
625636358
845879760
913537702
436504098
362847292
777437236
941570114
368653161
916902858
878265310
609713676
320365023
658488946
498750246
759252952
992578339
674092851
152910846
776068641
88512710
212310830
510566359
676234259
822771498
729747327
776849591
443317938
721363520
917562222
394672157
585666077
987808100
298362750
414278109
990695798
933868524
992207909
964273586
876867624
616441028
816417769
786554879
554109565
557952464
348915255
834428432
785878576
668012930
188356339
421340069
525546829
418543437
508607236
327185091
822469512
779213819
154278121
433437378
595031795
855137844
598832322
368717039
982029929
463198011
559403347
732174959
856362751
906503093
834569740
843086385
620715521
506343909
356414838
710125477
726990791
504097826
786547148
728237154
555489144
971503218
554042180
902235348
922801572
673986596
983947280
990055688
953844097
697555554
988982443
894065368
997248966
291912090
543033443
774487837
765206126
790307086
390669915
614457503
348676005
564682913
596249780
233589425
675350288
930958925
987183879
961957028
794040976
897773975
684250995
437935460
113207954
581005302
138806581
824267824
679590750
600683954
707487513
739186932
830775743
893673630
893143313
861011189
496519529
995150584
769272517
922347723
253677819
897931210
970738521
457908398
993180023
623677284
262941140
685208714
375694731
593050456
731531998
879557046
592965198
832264701
557952464
864416584
712624440
643806162
955877840
934647628
948515786
986171159
822268569
324468566
574923459
982881957
479112768
967607793
966999633
832045275
412477163
751238355
440671569
574286069
478679374
557268647
954689676
915322401
570956004
228365048
582502803
947230261
316422719
473388326
432738307
99363246
524358504
875213879
751588275
876145334
355098164
373543857
870156084
559756187
607639692
754077421
822867741
368274013
851350504
388098503
742050343
829602276
754766148
837662663
771343941
882925360
446891472
176440330
491663176
710806033
747922934
761772771
525193808
330672034
671807189
759913102
437343933
779093441
665248015
787854440
659264677
870667047
501970806
872080540
335649160
750331232
817730410
275206520
672030753
966185688
931057343
605429593
940721062
606362404
405016956
587365816
901698390
714584649
318151078
882114079
793198701
671890105
566537676
565178541
715945337
916874300
761861276
688431465
485992135
821384102
701827392
890275123
801470878
577948255
939265906
845665250
477570604
897672673
824076350
985340892
638572382
949436842
944981817
181568363
804233608
868813355
999588194
856712888
294330280
556474840
453885087
623111325
424023492
584213806
593347397
554745033
666779850
998593151
631674362
893664807
166824560
863737762
945883442
513315819
524855074
749198127
532649969
655929963
845351611
345092020
213345259
396051918
431777498
620358678
981801947
687313390
355625459
511316598
752764347
865032689
910446255
878775614
756172333
149073266
998898534
767084520
908334080
679590750
976799695
746944536
691879001
669758313
936070518
651798721
914545853
740239058
976906208
537526916
798906248
363613125
454513323
873760929
809535245
450711840
724949076
262116654
589367937
976816487
619376512
345978879
437720933
880794665
313864635
622720232
804218418
527208252
525151009
388142146
623698977
977549179
834141947
551121044
836661802
714884760
662022054
623656601
981166867
241165836
897773975
890565936
918969370
136757454
841707586
248138140
959314688
793198701
244307864
583153663
448414958
946135943
370180687
885877201
839545736
264428094
183511481
967607793
947873372
776050538
415833604
627192728
712203738
528455448
766293097
330996051
759840500
548467199
598494728
912955597
667767525
618984309
749067018
953783590
398317763
810937107
535827023
580657537
925866320
959530178
442194338
908334080
971780891
675545296
470522511
537695465
189960244
835306188
653058585
969119169
751011484
741006596
817555180
484260456
723765193
733648318
346083393
917546458
566384060
662956694
753251847
699486901
870834023
687717280
975255813
617711819
525894165
379885454
550836028
425744985
803423671
612828374
849375096
849649184
994498299
432946808
209606982
740804344
748912869
933361127
235194036
980622388
445123793
969393342
837183297
525423448
891557322
967578691
959410549
971481675
812160786
720515156
824642386
663119404
779377819
768851659
743739725
245227808
348144407
322797386
859936101
903648593
573259933
474712672
889683524
321399288
865818557
755211714
549371081
425338417
668552444
963125417
867356970
403938906
862514475
828798229
920927451
337540486
681514201
775372970
877291485
306048488
532601481
731666631
578653508
657389524
570404562
933839496
888645799
858874817
904430435
940059545
976906208
469350404
432678635
953783590
899738606
664452649
962304178
734628407
803600334
651573181
903094921
383728191
798440523
884620437
533498201
824267824
731989551
914042393
567892832
708737946
711323454
636467020
927924419
661670412
612583016
460110214
885372349
384139118
860473068
973164006
480579529
766746360
265261619
547410064
938052580
865757643
833377167
620541822
953807392
988870183
689085135
498680070
404295157
475827295
509437477
282503242
704641957
997965867
460207445
419038865
868650290
912540558
520275155
913155183
988566263
537317601
747303834
932124721
897961732
996438068
387261462
300082907
934328729
847158635
441544006
475612188
889683524
640973048
595857458
553050122
809585578
885211267
700540077
681277495
411831517
356309038
387203278
549264681
386035425
722528061
79779578
815516789
723578260
595923052
842289299
735988121
609776474
469348787
787854440
323342727
371342432
856414312
964680708
907162957
975610866
560501107
349715378
729623186
857625259
444393965
855839516
906665484
642704570
511874003
896288251
473289429
746952500
863643486
227461824
943522386
725816954
934811908
488711131
354402602
681747795
686689300
731976830
960318787
488083880
796411707
493865717
820983038
419375846
435922240
797615270
700970855
254571309
804279020
569062231
585303958
551163321
212476798
998898534
635468326
918980108
892669248
696768370
443947927
491700160
786850673
993919720
538464774
824510501
686186288
763645393
907123252
784140144
843326345
228101192
943908729
323866236
305219438
957755096
809585578
786609587
821378521
691859754
579958149
705138849
752863380
676604364
233509782
919390981
535979438
929077273
918852041
523580788
658953285
786547148
991437850
949908521
785590652
507110247
396504509
311687308
729997961
697010695
900693613
789000750
732960276
376042805
253791005
770578998
919926933
731608105
641218010
747963697
621831491
711046987
755431963
995477022
891129919
853904741
924801129
619600763
725581755
660813977
825067468
835812113
690377367
508878995
618381124
948515786
996108024
262772976
703270616
159574859
995517372
873353916
368630788
769837978
873380367
341262997
933001248
737011290
924423701
880690746
858943169
763000572
933043151
936534511
628001418
793064950
861515992
832524866
792264894
636427128
678184771
529836599
872968610
706106894
944173907
407851075
933954544
405960586
515740325
903091359
854515650
701860331
373922464
988870183
355419922
444567032
910898184
749721179
874441381
289404122
910736353
820789905
691859754
335038063
588994583
614880027
893952755
234699412
708330488
583013213
830343488
968517649
547785169
629983942
651643051
462561673
631089171
498767451
877439019
406957609
518960870
929772720
362132991
439598464
889474380
865103592
973022053
953021361
985061879
826206269
698952808
632664869
853543754
588692023
163401963
733683719
63345903
603007443
998321755
313043423
512663629
469600704
721123719
976971180
658239616
926238951
958806828
886986319
533113804
725975312
875705986
600480615
289601415
528717592
730306903
449356467
970738521
944598960
585100964
958621376
754070726
896755010
225676117
747739535
746003852
367049734
665137963
944470508
537526916
747165053
784215271
793730765
852638662
613602814
830253534
712536802
250260419
472965736
419424260
742908436
504484607
957668183
666580274
914590682
772506880
661258639
229690035
712678478
459217862
537363002
767274678
537110606
499752877
812012610
743537926
973164006
837707969
715791908
221230189
817881298
879557046
645100953
583764019
780255230
972675986
898640352
247814942
844631231
670947512
962758614
373000647
951195375
587040398
918493760
415538018
755261865
822215909
539713497
833100839
797079486
746042760
322211432
547278937
925979836
192982656
659289044
560828909
421454921
647691313
849739644
637878416
980233969
841165385
64191633
324441668
567499390
733912049
733110378
924477085
570210658
908890577
751238355
791249808
700516997
875472520
537282409
604226784
480560793
213127471
805506479
825852195
776674965
547198979
660798801
616499018
735986624
952884353
624990252
436513711
747509900
631209234
728065275
690880666
618524299
661298399
465045964
479320316
152282507
829397942
510279337
546237811
748912869
867660372
383633254
554337763
484685565
177644248
987988532
619308257
830007763
488200781
509085711
466709464
843462135
504644553
829080058
269336588
604210823
743048341
582005011
948901022
957755096
830497918
946901212
942413663
888015822
554817362
648702140
752250909
738145293
967574917
914568601
525423479
707218697
685048396
992844945
971780891
943943245
778367824
485824416
833531655
448853782
641039000
783589893
564313470
996750329
725523396
568053318
762672345
276332061
396187663
265163795
304296236
984661716
560913577
251136335
714158063
839551479
700620801
604779662
491620822
595594723
881868881
987122415
607635396
905088036
824019956
988951247
352268043
426024520
867025202
791191565
931004212
206627174
979980352
488832572
494733877
543915393
892578646
562007237
975729087
328592952
882114079
687410799
928178437
997168594
933804328
483239786
894602288
680633010
861707362
687313390
486362036
357455390
845194934
560281203
805083281
710267739
835487120
827106329
666779850
264963912
555032705
882925360
156843585
921998569
755659913
692328535
542488392
707205750
851988637
424358782
639700716
918873034
961653563
745706173
607338906
974337852
878678600
954866907
435103743
953628555
497302239
938295620
618114020
713098681
457979445
372566831
376536788
759925749
855662993
578055804
135673596
600719535
844675420
606362404
736957393
866699059
522847249
949926990
621108477
755634737
609996707
379686021
322738192
675350288
659944360
248664384
496496251
543509718
783088208
620614611
267090458
685048396
804481622
424358782
795975752
497107714
683296096
535854226
973888629
696897974
826408336
642542623
732794851
971389332
876751842
992505511
456861307
800442776
946901212
829897244
871315627
830085426
757125915
253224202
44263621
432676503
827841258
965872849
792859033
987419566
559756187
997493944
615248119
39894272
336805459
546217164
921998569
551492502
869041165
763156502
704467819
899738606
517054217
459542346
214636206
750412993
420859381
757763201
816454600
197042399
949119506
309895911
314257279
626088311
700063066
63798172
733450845
881619904
702510425
887938285
577581258
483239786
459744953
310936036
413024567
229873521
864157761
751238355
732609852
167203358
935136377
468716649
643499474
978325890
889342918
816454600
997319526
158954211
420723850
685593169
754070726
212738431
753579829
452270533
529645847
498311648
486495552
566924613
454639529
974177917
619831364
512257092
295867523
162814271
734140783
867202487
848059840
720310618
638608580
564803017
617067112
773089308
988341222
895842306
891958328
792183268
740455291
420714075
737490139
742837736
565214062
436683923
860781125
380355482
981330441
872080540
496657199
830608281
707170595
681480261
444802061
507090512
934892099
888015822
76359218
886745110
479489898
200485541
565394627
927915456
807663867
888974635
963053536
284819330
982849296
116611258
872755038
832045275
551728426
302171699
533709666
303174845
939110106
897213318
376517250
565329911
809777370
306399159
950847029
485826309
512513327
822859056
939403599
539468323
972847242
928057215
934695227
955361326
594943799
978888034
713216554
530758679
363407680
709692644
264536162
807238226
980968754
600566224
859252129
498311648
181097977
932742957
660830820
763039063
331665568
829684457
912683121
660789547
354554743
945889723
857218454
534961165
879647812
425184701
143920183
988707079
712056736
904860890
359880182
927805097
759649051
519060147
847828360
680728626
738369884
805083281
750100009
927421881
736985767
522894671
940613923
910931551
932097662
818508510
557212471
935210479
634338012
696897974
272800331
338173964
163386157
323124968
984737080
885372349
750715713
921487392
474700805
842732261
907388196
681208873
841612619
992808554
833847734
783551148
704899734
68347006
896852925
803282053
20432418
497302239
809331769
634857659
755211714
869041165
478162257
857886839
988568154
898178320
840184414
895842306
771919959
446728208
716611163
872955447
105199421
789305118
577569736
568311240
845590103
618000580
256206724
892318888
592113140
680633010
724271871
461986942
705419710
822138878
462500894
732794851
948908927
619498582
659424398
625893129
686876494
602071637
579037324
366102585
885126871
536837572
610194296
774774319
171090593
759238810
418729998
928919821
585184819
547104210
876334441
365097587
881011036
949304302
916682652
759913102
882552048
135650917
811940777
971376334
553902804
947248811
531911347
766847483
397143942
294919448
785817520
731805046
449787596
834172543
191182363
647649732
922801572
975255851
374078229
264573127
585303958
363491302
825149424
821697371
948616951
136758898
730306903
818820149
82174678
466429840
523096989
958513417
759448601
816752215
946359761
606382379
660813977
947873372
953329716
672165714
296778375
796716144
471590749
992105189
553050122
770348506
709692644
219742479
439622711
296329140
892334991
789250600
741679598
495085671
920927451
973603287
39940659
372552196
390385864
467722679
364954851
933905561
869832115
857125416
616768899
638131463
974337852
778089337
669814535
944459301
786354033
448606653
988601395
370811491
577569736
569166929
495324540
648681870
566587165
959243049
422191127
680042984
988294856
546217164
245562548
798890922
824019956
477592355
941322344
528310937
483272708
739005880
539460127
449542311
639416358
251361656
941867282
636155891
717344150
857125416
427213404
270329512
648311908
769417939
738145293
957074018
545600675
691879001
802301686
968777062
945949158
674640750
735912749
822867741
518722367
521595342
458646708
933141719
782946578
394467005
759074937
588328033
842801025
971769939
949586740
833518126
768555999
526013322
913743102
297150192
996931045
934711100
933141719
863728555
680104233
864006623
327247848
987122415
673406738
572899573
598185171
687104344
538948959
204849448
604779662
581697142
661518324
892031704
487069232
939110106
799546760
839346796
463580693
920785395
977771833
850343975
761208487
459053046
744918492
869932171
184192617
966011394
876166878
978661058
800980200
922557413
766872548
567937713
803809929
693331975
690119648
332615384
946241919
746220592
823637263
259727319
649549040
457115674
331979743
168418898
467292513
425166368
833166996
740938083
595594723
374632491
467843461
688446430
901759831
838049223
729693985
604657441
658538966
860276386
319646280
786951182
834020200
559387143
994829213
694964421
971650722
797856381
339286465
710182933
628658540
573630236
950414216
772825900
641816344
874475132
882355813
893524711
586998608
345492965
487110620
781462310
753579829
645748374
842200894
589083429
638439361
827838000
997522439
745931459
898243410
972971899
900291865
533739771
952307186
847828360
924812790
798110798
880304645
933531755
646952200
998847724
480042380
509474129
681778550
792038334
656612397
850343975
624243177
470539884
775246427
696705358
229495464
878597394
959410549
248138140
933001248
698984061
360164958
913155183
558560962
987067249
631235598
686661802
767176794
997248966
659944360
824085193
935136377
633507546
849152372
946681962
615968094
435063767
882355813
815388369
689947043
354611894
233535074
401818778
323228470
634821820
735542257
275128122
936660696
992894294
795398293
871957701
966199372
692308076
860756579
965957957
520805484
927590993
793821777
878923491
437182646
675672455
674088562
374766950
681863978
825188536
782728688
988917019
758966243
934711100
318653425
60325088
732725161
555375839
371650268
443050305
866271535
787854440
904302068
913919774
687971736
347846756
369595597
705336768
572072174
394467005
756135280
778450025
859292680
997154480
822469512
312456255
776696394
895329051
731749647
633560290
420874791
878938922
881462528
932742957
660472450
645180437
652378679
653771663
787019517
897535583
857594842
958182777
899977022
655729615
729642041
977151809
709026223
354554743
679962092
651176470
334238878
277672755
382939700
793821777
721363520
418781855
830514889
448172503
953055509
675896682
422967525
501358512
455460207
910859626
576075994
638980368
506098305
197683771
478162257
705827847
767873230
963882864
476936197
669654216
803372042
782123207
760632880
375672788
616441028
511406162
792910187
631161801
980441542
450687863
460209568
800108018
939265906
664934650
524204832
518401588
782612891
827533278
614092891
998766775
563316417
749830353
667813685
642300737
546036841
927915456
974493884
536092748
702907428
927924419
87142158
497107714
572943218
861275615
295255219
269283297
517436304
778159394
201022933
752093888
448373321
230686036
683553581
967124331
595923052
958659619
603699725
758707892
865572576
673256794
589063025
643628873
952410848
699205821
121827367
858943169
939221943
877672203
682591994
756507654
958705362
969654953
776043093
842208820
585303958
675987730
588692023
948814565
909389380
934728620
887938285
749682468
452895218
991915519
644439564
687571058
786951182
790815338
845095840
717975342
912884961
405667023
588488094
876519287
891127183
606878476
969119169
656582350
528483878
953329716
626320853
849297113
791013871
483634532
599002834
848446546
926911290
708274192
715275717
513302824
853414589
860604392
911423047
625674603
745160565
422461492
183403641
732087497
68973014
657286544
382311961
835487120
843201590
927660622
498217892
852732417
69304707
656425801
617036371
260319763
505531687
352832255
395531363
385605106
467765421
270171253
924523627
200831507
793769987
751593755
833377167
462543411
866586702
701912081
693896182
816038478
492431017
677359504
816720039
814317191
579763864
733897255
859013344
464369892
868765894
972572568
308774994
797429078
943734293
458439246
643560642
532521595
690125164
346879171
834107527
901277564
538102850
647706551
65616815
736306337
890362818
908889567
754426692
840704624
235286840
830253534
351270913
291497838
175341570
584367944
617956191
325091638
520749705
643994655
861625459
538965672
764869778
251843289
828040903
873889649
850542963
717975342
596388093
323120597
619161962
934324721
613694228
312520478
859568956
537688481
782849072
960133453
987926115
880714808
850811927
872569303
571833091
675494284
924165095
676797265
811561006
953696004
747303834
