994397094
932954788
918049897
891433663
971079183
893431203
806062563
903676780
918049897
921164380
866085515
939138528
821859980
955622370
994815579
965691445
959199294
874428827
989303436
869325974
934143437
895384549
955622370
965691445
955622370
924128426
920189262
965691445
807680473
862435322
994306344
952253122
975745935
747038157
918049897
965691445
998960695
939138528
918049897
979606748
935042011
901813150
725670667
884646128
933682193
955622370
871871752
918049897
939138528
955004831
911492837
965691445
959895168
932954788
918049897
955622370
884181388
942019270
991729222
918049897
947710811
932954788
932120145
918049897
966131512
725670667
918049897
951438080
926298257
893431203
939811093
997611191
986171167
994722525
959686082
852341354
918049897
965691445
870605714
922119809
918049897
919422981
525418858
994722525
957561912
969618255
965121462
932954788
998960695
856508088
967212481
718569702
932954788
975264669
918049897
956605947
965691445
957100630
920878688
685028929
935105636
753228185
978843605
806062563
976358038
776545367
895384549
937839053
953867371
903676780
870605714
866085515
895384549
891433663
862435322
882028785
982087751
870605714
929679488
985819648
955622370
859219873
934106106
870605714
931225817
965691445
972617443
932954788
953867371
893818822
951320098
971641717
863087379
799736230
731586028
994306344
792660215
869325974
876821486
971502718
881381753
891433663
933371366
891433663
948792371
937256532
927463849
985044324
998137238
918049897
929597830
827156344
978281913
978311579
965691445
945225904
902729368
965691445
939466944
935875651
991097735
979617146
918049897
975871225
893007491
972520576
937839053
997152689
872900195
994815579
918049897
967685028
917074953
902576605
947860677
895384549
923476498
967685028
918049897
971209359
981550044
806062563
990295396
972617443
926569077
918049897
918049897
725670667
919888143
932954788
914774676
968166381
972617443
981457511
932954788
865109821
915181215
898626488
918049897
870605714
977801180
979498577
955622370
941861089
918049897
862435322
852341354
918049897
902729368
852341354
932954788
973244544
982353364
891433663
928595361
965691445
799736230
953863337
965691445
999432827
862435322
955622370
973175837
976811011
758575343
901502410
985044324
849343460
918049897
918049897
932345299
945431881
918049897
884762310
993168130
865811098
954541734
894756715
985386242
815046936
965691445
834761771
887405219
900987422
918049897
918049897
976732533
986494912
983211087
837279339
826394149
986494912
891433663
862435322
900480374
927607570
932954788
918049897
922362572
918049897
753228185
955622370
757692462
919366800
869325974
982087751
934143437
963311734
953863337
802374985
979617146
955622370
949960585
982087751
907851069
895431371
982353364
986694691
901967918
985044324
965691445
999892439
918049897
998960695
939138528
918049897
918415808
922119809
984692351
753228185
965691445
987031443
998960695
869325974
985044324
843345424
870605714
923913137
852341354
750130360
967685028
955622370
964872106
989303436
957522791
829623323
955622370
918049897
874021566
866085515
979606748
934143437
918049897
978894268
918049897
982353364
776545367
862435322
972520576
995695408
951438080
912987211
966668641
762146332
902817463
870605714
959199294
742259065
806062563
985044324
973175837
923594881
965691445
852341354
955004831
955622370
965691445
918049897
702819381
979617146
939138528
870605714
956869711
918049897
933272816
953863337
862435322
762146332
975871225
932954788
923496305
986171167
891433663
895431371
817788425
978894268
862435322
920298343
966379196
786473598
725670667
882646270
948170842
976119685
965691445
871871752
895384549
998408621
965691445
802374985
757692462
987939871
953863337
985044324
918049897
939138528
973244544
981915927
999652988
862435322
862435322
951320098
874428827
795197947
968003085
993143047
975871225
955622370
719718358
963294181
965691445
891433663
965691445
998137238
990295204
939138528
803417627
953802092
924813031
965691445
965691445
982087751
599973669
702819381
985958551
987031443
898626488
965691445
898886539
972520576
981919666
806062563
979606748
937544119
922119809
942640810
921810337
859201182
965691445
891395738
891071422
806062563
877303645
953867371
959686082
874239695
982353364
891433663
852341354
891433663
918049897
939138528
939138528
940771649
972617443
970499062
955004831
932954788
806062563
806062563
909182725
997152689
998960695
799736230
993408021
953863337
884762310
965691445
922119809
942019270
955622370
862435322
806062563
982353364
934451869
965691445
919955048
946398461
820560394
932954788
939138528
870605714
955622370
945549139
978311579
891242461
975745935
971079183
955622370
991097735
870605714
862435322
983445699
968003085
891433663
987057153
933023174
918049897
931939418
922681843
937839053
762146332
852341354
936525074
893532771
872900195
906900072
862435322
937839053
901502410
870605714
997152689
925540284
918049897
967884448
965691445
810351130
953863337
998687929
973890957
997129641
869325974
918049897
951320098
918049897
870605714
997152689
953863337
849403664
943844114
725670667
994306344
967685028
918049897
902729368
918049897
971872019
963311734
990933545
955622370
918049897
806062563
959648962
824255195
911084723
862435322
872548900
974926239
998137238
815198329
941052917
910493671
939138528
895056085
976672483
919262028
915920210
862435322
965691445
918049897
917074953
985044324
995864248
946772630
998137238
967412620
869325974
885485366
918049897
964573494
918049897
975871225
806062563
985044324
937872416
972651925
753228185
808473304
875754317
888616273
915422352
956869711
926657907
924128426
939138528
852341354
965691445
811478126
965691445
947961531
725670667
932954788
870605714
861309847
821859980
887405219
831900136
762146332
917074953
997915613
824255195
918049897
958775938
953863337
913945537
901813150
918049897
852341354
967271285
978894268
982087751
997611191
869325974
830565880
952253122
858982721
806062563
940373209
984803622
918049897
939811093
927607570
806062563
913424858
852051426
955622370
918049897
994397094
967212481
902729368
900987422
993664033
932954788
955622370
891433663
725670667
968166381
918049897
992340448
955622370
951438080
969180936
859219873
972651925
995795992
866085515
747038157
985664125
966713888
997152689
985044324
969817188
884690865
958775938
932954788
985958551
911118474
891433663
953863337
875892432
939138528
862435322
893431203
974543580
837931410
979606748
953615514
895056085
934143437
965691445
984515348
870605714
891433663
991170235
819569616
961572892
953863337
850633127
972151166
781886557
891433663
965691445
967685028
921796105
812694105
918049897
956869711
982087751
865308836
933272816
965691445
993168130
738226570
966227375
983578891
964031300
932954788
953863337
965691445
932954788
835755103
965691445
961250653
973175837
806062563
762146332
877100566
870605714
980834548
965691445
939811093
960271882
939138528
895384549
932850217
952253122
972617443
895431371
984515348
918049897
948792371
985044324
917074953
891433663
929597830
895384549
869325974
988482736
958650857
918049897
535097361
826394149
947710811
907231064
799736230
741079537
994577685
951438080
918049897
965691445
845008285
762146332
978149038
891433663
901502410
983297508
951811263
971759269
891433663
985386242
918049897
753228185
918049897
930548356
982353364
870605714
918049897
869325974
913246418
998687929
934143437
747038157
891433663
824383013
826394149
725670667
955622370
829623323
806062563
991256554
990152012
917074953
917074953
907593065
918049897
980895083
946648821
955175271
998960695
980548780
982353364
965691445
891433663
993168130
965691445
998960695
939811093
918049897
965691445
800082958
980439618
907158140
912643880
979448431
870605714
979498577
915920210
525418858
945947569
973475509
895431371
768886144
977801180
965691445
966713888
944337015
801581952
981824503
891433663
967271285
747038157
967685028
939138528
932954788
990295396
782196072
928445019
731586028
871094607
965691445
967685028
999932194
952253122
903676780
945726552
845008285
902729368
998137238
970390858
753228185
970343740
939138528
930242000
971641717
976672483
991537964
994306344
933918643
892509891
972617443
973092143
918049897
990097023
956605947
985044324
981915927
933272816
918049897
985044324
971035287
952253122
832903640
891433663
909182725
967212481
948456671
893818822
985044324
955622370
967685028
972151166
968166381
909182902
877303645
915689327
939138528
975871225
998960695
838631336
901502410
806062563
965691445
932670914
970343740
975679263
972617443
884500394
973175837
870605714
939811093
955906841
924508553
918049897
902729368
935875651
904340876
995951999
938780832
863087379
830148826
939811093
982353364
983558458
978894268
965691445
982353364
917074953
972151166
794999454
999432827
776545367
869325974
945549139
941861089
959648962
965691445
918049897
967685028
838631336
985044324
960020270
964541210
955622370
939138528
935726319
975847921
987737895
861053883
806062563
861684564
842377310
901502410
932670914
807981507
884762310
953863337
919087794
826394149
924508553
962045813
725670667
959199294
939138528
897978322
918049897
951823672
747038157
980834548
927607570
857480605
965691445
918049897
955622370
758575343
808473304
747038157
895384549
971641717
902817463
951320098
904424779
982579244
918049897
973175837
951320098
991537964
902729368
939138528
953863337
903425315
973475509
895384549
937839053
985958551
964928350
994722525
953863337
982501782
973667162
874428827
935970910
965129038
873917215
826394149
981550044
869325974
983603894
932954788
965691445
939138528
918049897
998137238
932589733
747038157
984137234
955175271
895431371
833361502
932850217
939811093
955004831
891433663
994306344
866085515
895384549
965691445
955622370
945431881
871094607
986494912
967212481
978992189
953863337
872996238
985044324
985044324
847604727
891433663
884762310
870605714
932954788
998960695
808473304
918049897
953867371
978311579
973890957
932954788
869325974
972520576
967212481
965691445
918049897
918049897
901502410
903676780
922119809
824383013
836105975
852341354
985044324
975871225
918049897
862435322
955622370
869325974
939138528
922119809
932954788
918049897
922681843
991537964
836428003
806062563
870605714
970403238
866085515
967212481
965691445
972617443
800979534
971536941
922180512
972617443
979448431
915961904
974855210
951320098
973799803
870605714
870605714
869325974
967906962
985958551
980203725
918049897
937839053
952253122
903676780
820100558
939138528
776545367
939138528
948310802
933272816
946648821
778380697
918049897
918049897
953863337
965691445
978894268
852341354
923521888
919422981
952253122
971454860
870605714
971641717
862435322
918049897
918049897
991537964
991537964
939811093
995791119
896122697
934143437
932243129
851277024
966730405
903878612
930242000
918049897
907173042
978894268
762146332
998960695
976213243
991537964
881558172
953863337
973175837
811478126
838631336
870605714
997129641
859625125
951320098
985044324
977091104
832903640
742816810
918049897
870605714
956869711
956869711
918049897
877303645
915099908
965691445
997152689
947387680
932954788
884762310
997611191
792878835
939811093
959199294
978149038
939811093
872900195
811478126
986872295
852341354
951320098
887405219
983445699
965691445
967685028
991097735
901502410
965691445
939347850
982579244
951320098
973890957
986171167
986280572
894227227
826394149
962753501
814420843
866085515
965691445
991999339
871439493
862435322
953863337
877100566
919412645
953863337
896026877
965691445
946385494
897909313
991097735
978894268
852341354
998362449
978992189
952253122
918049897
983496415
891433663
966391066
870605714
974488223
891433663
911492837
943140790
884762310
972617443
998687929
985958551
862435322
887871156
967685028
855970197
918049897
818454866
891433663
998044266
996345778
869325974
549904562
965691445
973175837
968003085
895532601
984803622
918049897
918049897
932954788
895431371
984515348
918049897
972151166
898626488
965691445
965691445
971641717
873917215
917074953
975871225
965691445
901502410
806062563
977378171
918049897
818454866
986378030
985958551
917074953
837279339
946530946
866085515
874428827
930642565
998960695
918049897
934579545
945549139
804305854
918049897
965691445
838631336
918049897
918049897
978281913
918049897
912643880
939811093
901813150
918049897
939138528
961053413
976213243
998960695
853682096
982087751
967212481
975008696
985044324
965691445
978894268
980784890
918049897
900987422
918049897
972916103
902729368
870886750
747038157
918049897
973175837
866085515
956460440
983293927
960633839
915616721
932954788
833236996
881902409
985773999
861567604
939811093
826394149
891433663
915099908
967685028
933272816
951320098
690518687
951438080
998960695
932954788
981066704
891433663
988589672
965691445
881558172
953802092
901813150
955622370
899683973
935586434
978894268
763657868
895065746
870605714
856381371
979606748
853851674
965850114
952253122
884762310
956869711
917074953
997827982
951438080
856570125
819196949
941618218
884645188
951823672
858049052
939138528
969695041
918049897
985958551
768886144
965691445
747038157
965691445
895065746
862435322
952253122
965691445
979617146
889379164
870605714
939047261
725670667
725670667
768886144
972503967
965691445
962089084
917074953
939138528
953754256
874428827
965691445
966909437
985044324
753228185
979498577
859625125
951438080
968929700
998137238
965691445
994577685
918049897
918049897
958098218
820100558
932954788
917096328
946648821
874428827
959199294
866085515
965691445
978876488
965691445
891433663
975745935
966681361
924508553
953863337
881558172
917074953
982353364
829623323
939138528
972617443
895384549
998137238
982579244
869325974
837279339
877100566
811478126
874428827
932954788
918049897
965691445
909182725
932954788
927077461
932954788
930329673
895384549
993047930
870605714
866085515
877100566
887871156
953863337
951320098
967212481
918049897
965691445
966560687
810351130
997915613
872900195
935875651
994306344
985044324
984113569
988663815
965691445
753228185
999932194
965961341
978894268
957561912
978894268
982353364
997129641
978894268
991888112
907231064
969695041
776545367
852341354
953863337
992340448
965691445
725670667
725670667
997057656
952253122
973890957
753228185
829623323
982353364
963311734
866085515
923627700
921164380
998960695
985044324
933682193
955622370
998137238
982353364
918049897
938617267
901813150
949531737
933272816
985044324
939811093
961250653
998960695
753228185
972617443
951320098
918049897
908614894
966730405
918049897
747038157
986293161
985044324
932954788
952253122
902729368
966730405
891433663
863087379
918049897
968003085
965691445
899683973
976213243
869325974
946135260
967685028
952253122
946530946
978894268
986297476
852341354
872900195
939138528
870605714
918049897
973175837
862435322
933272816
918049897
974642352
939138528
870605714
934143437
938488791
974642352
762146332
895384549
918049897
932954788
904424779
862435322
852341354
862435322
817959090
997152689
998137238
811478126
932954788
973175837
952253122
994306344
978894268
738904524
948865032
908262434
891433663
971641717
926970313
965691445
852341354
943296353
965691445
951320098
768886144
932954788
997915613
937256532
921073319
932954788
998903896
870605714
951780419
815046936
896549943
987939871
965691445
889379164
959648962
939138528
870605714
987483324
815192802
806062563
985044324
939138528
882028785
967685028
961440489
915961904
985044324
852341354
995742631
903676780
982353364
906013185
939138528
965691445
975871225
989719413
955622370
891433663
932954788
964469140
918049897
881381753
997129641
975871225
918049897
853851674
891433663
959199294
869325974
961826540
871094607
806062563
918049897
939138528
965691445
960467910
826394149
883555434
965691445
861684564
924508553
884762310
870605714
967685028
965691445
887511895
753228185
937256532
965691445
937839053
985044324
939138528
837279339
937839053
806062563
914477177
971971953
939138528
992085780
725670667
953863337
975871225
955622370
874021566
862391704
903676780
902683399
891433663
985044324
951320098
829623323
983445699
861231700
986741486
895642155
933682193
953867371
932954788
852575464
932345299
933371366
925508144
973175837
990711139
953802092
990295396
994306344
920298343
955622370
853851674
870605714
939138528
986141251
918049897
965691445
967212481
990295396
918049897
866085515
990152012
998137238
988018485
927607570
904157455
957561912
953863337
981465735
901502410
959895168
918049897
912231074
967212481
852341354
983199673
985773999
978894268
891433663
895384549
956605947
808473304
891433663
806062563
725670667
924508553
806062563
725670667
952253122
895056085
769471805
902729368
849251249
922078572
878343355
934143437
979606748
939138528
934143437
998687929
972151166
924508553
955622370
731622576
895431371
951811263
969375017
959648962
998671317
939811093
930642565
965691445
880229109
932954788
854415555
965691445
979499192
972151166
933272816
971209359
918049897
998960695
931924857
863087379
800082958
932954788
962045813
958936928
869985768
955622370
952106807
956749019
963311734
978654496
838631336
955086554
975649082
998137238
915181215
866085515
991888112
808473304
998960695
998044266
917074953
685484355
851351287
891433663
975847921
939811093
901813150
971764959
955942489
993168130
917074953
898626488
902729368
918049897
938406083
971641717
881710133
888583499
918049897
918049897
965691445
955622370
965850114
895431371
957100630
747038157
985683048
918049897
989719413
981550044
758575343
870605714
826394149
907593065
990957088
871094607
973175837
882028785
944334712
731586028
895056085
952253122
747038157
955622370
870605714
982353364
918049897
982087751
965691445
928567277
877100566
939811093
911118474
891332933
917074953
918049897
862435322
986297476
998687929
933272816
953863337
884751635
854351785
996345778
913945537
863087379
958750853
966367710
955622370
908614894
963311734
906900072
891433663
826394149
973890957
982353364
806062563
939138528
926970313
985044324
802374985
951320098
976213243
842000257
982087751
878343355
860704188
902729368
972617443
998960695
869325974
991537964
870605714
751781681
832903640
932954788
918049897
870605714
806062563
975871225
951811263
901813150
925508144
862435322
998960695
725670667
964541210
958650857
951320098
753228185
959686082
988133998
774514403
937839053
979606748
932954788
955622370
811478126
983297508
952253122
874428827
918049897
965691445
918049897
989277341
826394149
731622576
866085515
979606748
779042978
967118917
869325974
998960695
907158140
967118917
985819648
995047527
818454866
918049897
941943429
979498577
919774854
998960695
947030407
951320098
933272816
982087751
824315884
978894268
895384549
947860677
869325974
933272816
852341354
918049897
938899364
893431203
918049897
937839053
972617443
939138528
838631336
923594881
874239695
888583499
932954788
891433663
922681843
948570291
965691445
826394149
871094607
918049897
997152689
988930074
862435322
961250653
870605714
972520576
993168130
753228185
838631336
895384549
803417627
953863337
862435322
945431881
874428827
926298257
965691445
898626488
881949273
877432243
702819381
753228185
998322653
827156344
950492813
870605714
907676349
983788075
852341354
702819381
985044324
998960695
939138528
939138528
972617443
883963724
902729368
829623323
869682311
930242000
884762310
866085515
891433663
891433663
958914476
994306344
967494629
948136751
902729368
817788425
782196072
972617443
891433663
914370774
975871225
980203725
870605714
901813150
890839582
982087751
965691445
998960695
946239284
965691445
998687929
731586028
939138528
985044324
909182725
952253122
967212481
922681843
998137238
891433663
931170013
953863337
994577685
941354948
959686082
917074953
918049897
998960695
939138528
870605714
988690354
866085515
987057153
725670667
956460440
979617146
891433663
979606748
975008696
918049897
964050750
965691445
988663815
766030868
874428827
874021566
953863337
998137238
891433663
934451869
967271285
946530946
998687929
939138528
978894268
984803622
932954788
912761085
964541210
753228185
972617443
939138528
845753023
983445699
986494912
901710815
862435322
882017030
887405219
985044324
894904942
976358038
902729368
862435322
973175837
932954788
878343355
985924685
782672744
890707027
870605714
890707027
969388274
869325974
933272816
887871156
961652282
974543580
799736230
965691445
939811093
800406987
757692462
870605714
939182419
903676780
939138528
932589733
852051426
934143437
871871752
964804242
978894268
966560687
918049897
951299620
955622370
811478126
971530948
980018674
852341354
932954788
951320098
881902409
955622370
962323503
819196949
877586236
955622370
873917215
860751586
993303984
753228185
973175837
869325974
943861459
852341354
776545367
768886144
902729368
918049897
965691445
983089121
975264669
995791119
999815131
909182725
997152689
915689327
895384549
718569702
762146332
853851674
965691445
937256532
933223749
982786996
832903640
972617443
800437805
941066862
834335698
918049897
982353364
890707027
889379164
617772130
955622370
870605714
911492837
918415808
939138528
932954788
802374985
987183206
994306344
947710811
997152689
945489163
866085515
955622370
911118474
947892772
806062563
949960585
753228185
955622370
981465735
918049897
932954788
990295396
912761085
960215447
982087751
933272816
986869170
951299620
895056085
951438080
918049897
951320098
968166381
904340876
791027766
917074953
862435322
953863337
978894268
967271285
942019270
873644039
962323503
803554986
990946702
956100287
837279339
939347850
951320098
935887713
918049897
918049897
982353364
933474014
806062563
870605714
918049897
978894268
914370774
948170842
955622370
866085515
972520576
804645865
924050238
918049897
991537964
953863337
829623323
932589733
862435322
909182725
918049897
866085515
758575343
978311579
951722290
978894268
932954788
915920210
826394149
975871225
852341354
982353364
939138528
982087751
956605947
901502410
918049897
991537964
915099908
917074953
918049897
915289106
935875651
940373209
939138528
979739516
891433663
957100630
966560687
932954788
862435322
994815579
985044324
985044324
891433663
973799803
869325974
955622370
702819381
937839053
965691445
978894268
913738825
881558172
869325974
973175837
951320098
922119809
911492837
871094607
963311734
951438080
941943761
870605714
895056085
918049897
938488791
917068170
935061692
973175837
955622370
981550044
920652098
931939418
870605714
901967918
965691445
926298257
898626488
997539740
853147460
965691445
998960695
942957249
985044324
866663947
967212481
869325974
939138528
749803291
961904894
983571948
990711139
895642155
998960695
918049897
975264669
986378030
731622576
803554986
952218780
933272816
987939871
966730405
869325974
918049897
965691445
884762310
861309847
983089121
965691445
903425315
939138528
922119809
955622370
884268107
965146275
900987422
959001428
871439493
877100566
806062563
870605714
918049897
918049897
997539740
952253122
806062563
895384549
984967082
953863337
983445699
966668641
942175902
998137238
965691445
985044324
915689327
918049897
968929700
974183140
945180481
971562534
918064874
932954788
894756715
997770887
860751586
791027766
740457296
983445699
973435761
983558458
893532771
994306344
918049897
948040174
955622370
915099908
998687929
907231064
852341354
919087794
998687929
863494530
988930074
965691445
978311579
985895256
932954788
932954788
882028785
845008285
986729074
725670667
861969063
998137238
975871225
939811093
918735659
941943761
939811093
829623323
975728647
969375017
971872019
891773996
969135012
838631336
927077461
838631336
954325197
918049897
918049897
898626488
870605714
849403664
852341354
918049897
924508553
891433663
918049897
947030407
939138528
934451869
919976395
985044324
821763971
753228185
920671508
870605714
869325974
902729368
848347784
984803622
931956085
978894268
965691445
800082958
753228185
965691445
918049897
902729368
860751586
933223749
878038980
946648821
747038157
917074953
967212481
806062563
955622370
957035979
891071422
918049897
953863337
965691445
912231074
870605714
979498577
895056085
881558172
994306344
985044324
932954788
937990757
998960695
965878374
955622370
937544119
918049897
869325974
952253122
953863337
887856607
918049897
981550044
961440489
900870268
972520576
922681843
844501250
974282921
950777414
899683973
811478126
862435322
932954788
965691445
987183206
861684564
932954788
998687929
985819648
776545367
997959881
933168066
979448431
874428827
874428827
946783267
980572163
902729368
966730405
866085515
801581952
890014320
832903640
918049897
935586434
958650857
903676780
998137238
939138528
953867371
907158140
932954788
918049897
965691445
782196072
975871225
847604727
955622370
951320098
965691445
895384549
702819381
753228185
937839053
967685028
855487248
862435322
973175837
862435322
989525395
997152689
965691445
955622370
918049897
821058888
918049897
982579244
972617443
869325974
918049897
994409002
852341354
725670667
967212481
932954788
965691445
965020729
891332867
964213678
971641717
952253122
747038157
965691445
599973669
792876585
806639284
891433663
953696398
979606748
976792257
932954788
852341354
874239695
984692351
965691445
965987783
873005585
617772130
946772630
863087379
985958551
955622370
901502410
903676780
986378030
792876585
895384549
753228185
932954788
911492837
955622370
895431371
998137238
940250682
939138528
965691445
939138528
753228185
968166381
955622370
806062563
869325974
998687929
810144118
918049897
932954788
939138528
918049897
817959090
989719413
918049897
932589733
923961913
901813150
982353364
946648821
953863337
891433663
918049897
895431371
918049897
891433663
948677844
871094607
943458533
820560394
861054823
917074953
955622370
956605947
953863337
923476498
891433663
826394149
918049897
928203584
939138528
918049897
931252540
918049897
934143437
870605714
985044324
937459998
763319501
949960585
969695041
870605714
918049897
955622370
939138528
906853285
992048913
958365308
753228185
901502410
918049897
982353364
943458533
934579545
939138528
956635008
927077461
997152689
895384549
955622370
904340876
929679488
933272816
800406987
725670667
973175837
953863337
918049897
918049897
753228185
932954788
973175837
958365308
903676780
955622370
994722525
902729368
982353364
900870268
918049897
965691445
973890957
998960695
994306344
753228185
959686082
927607570
866085515
817788425
975728647
891433663
939628984
998137238
866085515
978894268
808719348
883963724
944337015
918049897
891433663
965691445
932954788
955622370
942019270
838117831
863494530
901813150
939138528
978894268
902729368
955622370
932954788
918049897
866085515
838631336
817212428
817788425
988580992
998960695
895384549
996172076
955622370
932954788
979830994
971641717
939811093
965691445
955622370
980259089
899683973
747038157
932954788
932954788
803554986
939811093
976213243
922119809
932954788
762146332
957100630
917074953
898626488
984601378
989039639
932954788
939811093
965691445
998828172
972617443
966560687
891433663
990756419
918049897
762146332
953615514
955622370
924075238
965691445
934143437
996022807
960020270
974642352
901813150
838631336
923273378
856381371
826394149
958365308
966131512
957090824
967685028
826394149
965691445
933272816
702819381
725670667
935445222
955622370
965691445
891433663
897909313
939811093
895384549
931956085
955622370
939138528
898626488
891433663
731586028
982087751
947030407
860242245
973175837
976213243
870605714
918049897
702819381
965691445
918049897
869325974
747038157
881902409
852341354
932345299
800376712
830148826
978894268
753228185
928293851
975871225
827080281
997037299
978503936
830148826
918049897
934090216
942019270
967212481
924508553
866085515
898626488
933272816
939138528
932954788
918049897
953867371
989282419
837279339
872900195
725670667
941861089
957892272
931939418
971562534
870605714
799736230
955622370
955004831
969180936
966004183
935875651
862435322
863087379
965691445
915099908
972520576
776545367
932954788
937872416
939811093
869325974
945431881
989608886
965691445
862435322
725670667
753228185
998137238
939138528
932954788
930005893
862435322
822011950
898214620
953863337
920298343
931939418
872900195
895384549
961572892
959686082
915652301
831900136
946530946
800376712
762146332
987939871
725670667
966560687
969441905
853851674
953867371
991537964
924128426
965691445
937839053
927607570
965691445
753228185
837279339
985823461
965691445
918049897
985823461
877303645
978843605
965691445
998960695
939182419
988930074
945431881
933698996
918049897
967212481
918049897
994306344
951320098
991537964
859201182
853079649
982138314
918049897
753228185
870605714
821058888
866085515
951722290
983578891
803554986
965691445
852341354
852384203
898626488
806062563
923961913
869325974
998909152
901502410
870605714
994306344
920298343
895384549
932954788
877100566
965691445
939811093
949531737
834761771
923349267
879290890
998960695
955622370
947741520
895056085
993608190
762146332
725670667
801581952
955622370
918049897
918049897
962714925
963311734
870605714
895056085
918049897
787962713
731586028
975745935
961111770
918049897
899683973
872900195
939138528
954440028
776545367
924508553
862435322
895431371
918049897
931924857
866085515
990049648
924687803
972151166
918049897
982087751
978843605
852341354
869325974
806062563
974642352
918049897
918049897
962046135
978992189
965691445
983445699
870605714
918049897
956559235
972151166
808473304
870605714
858511260
903676780
870605714
896549943
933272816
862435322
983694610
939811093
939138528
939347850
960079877
997152689
806062563
960271882
955622370
963311485
981919666
891332933
866085515
870605714
994577685
895384549
965691445
862435322
718569702
965691445
991537964
939138528
865432865
986869170
932954788
852341354
991097735
973111190
942640810
852341354
985434278
953863337
993168130
981465735
871094607
932954788
971209359
918049897
806062563
782196072
762146332
897211070
864878598
986378030
946648821
998960695
816119930
903676780
901813150
967685028
998960695
982087751
970808022
927077461
985044324
991537964
870605714
762146332
873644039
965691445
995137055
917074953
870605714
906853285
974905731
778566685
981915927
837279339
997539740
972520576
957236905
958750853
799736230
932670914
970187554
932954788
933371366
997152689
918049897
935963361
901813150
997611191
952253122
758250416
862435322
903676780
900987422
891433663
806062563
985895256
956605947
971562534
967212481
932954788
947936753
891433663
918049897
932954788
998687929
861309847
806062563
909680690
951320098
866085515
979617146
985044324
965691445
932954788
967685028
904424779
892076695
956605947
747038157
895384549
874300982
953863337
935105636
918049897
942334369
909182725
884751635
918049897
941861089
939138528
964076728
985958551
939138528
757692462
975008696
972520576
900987422
953863337
870605714
903676780
870605714
955906841
936525074
969695041
891433663
922681843
918049897
961652282
884751635
895431371
975847921
932954788
907103546
903676780
806062563
968726854
869682311
997485443
896122697
817788425
953863337
869325974
922119809
869325974
907344041
778337458
955622370
946530946
932954788
955622370
985958551
918049897
918049897
768886144
984938523
939811093
998687929
733492382
951014003
967685028
826394149
982353364
826394149
874428827
902955864
749803291
852341354
952253122
966730405
953863337
965691445
897909313
934106106
953863337
781886557
928595361
806062563
852341354
810351130
901967918
918049897
747038157
965691445
832903640
997129641
936525074
903676780
978296861
890635864
918049897
895384549
859516644
797741889
869325974
862435322
985958551
932954788
975871225
924508553
967178303
820560394
888558399
938406083
891433663
918049897
874428827
907564145
862435322
955622370
947030407
918049897
891433663
965691445
822011950
951320098
918049897
861309847
986738628
939138528
953863337
985958551
826394149
972151166
871094607
753228185
860751586
918049897
888583499
753228185
869325974
753228185
975871225
918970870
998960695
998960695
981222733
959895168
955622370
955906841
895400013
924050238
870605714
982353364
918049897
971562534
918049897
951438080
998960695
902729368
959686082
731586028
965691445
940373209
966668641
990049648
934451869
918049897
965691445
731586028
895384549
965691445
932954788
990295396
803554986
965691445
928789638
933833089
919955048
918049897
969817188
953867371
958650857
937839053
986869170
902777953
934143437
762146332
982087751
965691445
922119809
932954788
891433663
982353364
987183206
965691445
994780380
945431881
996288264
859625125
860751586
824383013
998137238
866085515
762146332
952253122
866085515
891433663
931515521
988192517
981066704
966668641
998960695
961826540
991369191
852341354
918049897
918049897
918049897
953863337
965691445
953863337
965691445
979739516
983558458
862435322
918049897
998960695
895384549
740457296
983578891
891433663
891433663
937722558
972151166
918049897
998687929
952253122
965691445
939811093
907493309
994306344
939138528
939811093
933993460
975679263
918049897
918049897
979617146
861969063
953867371
909182725
932954788
939811093
932954788
918049897
998960695
791027766
933272816
792876585
890635864
974091248
918049897
955622370
963311734
956455420
952253122
976842746
982023165
879970396
998960695
845008285
895384549
945431881
891433663
869325974
948136751
903676780
955622370
953863337
806062563
975871225
901813150
918049897
932954788
988661365
940212855
974282921
944810806
911492837
959895168
875946425
891433663
764637707
965691445
984967082
915417536
969695041
918049897
956460440
826394149
895431371
918049897
972374921
972520576
918049897
891433663
975871225
932589733
980203725
931779126
902729368
972617443
926850803
998960695
995742631
918049897
948502043
903676780
878193306
939811093
869325974
919412645
956776101
930242000
829623323
936448270
951320098
918049897
918049897
862435322
932954788
702819381
953863337
853895102
933371366
913246418
800406987
937256532
888616273
967685028
995137055
895384549
862435322
902576605
874239695
939138528
902729368
955906841
932670914
991537964
965691445
836142205
965691445
981465735
852341354
965691445
913246418
866085515
934143437
932954788
985044324
762146332
993143047
958098218
907165179
944810806
859625125
964872106
901502410
870605714
982353364
955622370
874428827
966679899
949681960
975679263
917074953
806062563
998960695
951021780
924128426
918049897
939811093
920652098
979606748
958365308
927077461
802374985
747038157
934143437
975871225
887871156
965691445
974642352
998960695
912914122
988691334
966909437
792878835
912220044
945549139
918049897
866085515
806062563
932954788
940212855
930642565
950777414
985386242
994237675
838631336
966668641
831037252
802374985
870605714
986280572
918049897
967685028
888331358
949269812
931252540
932954788
972151166
917074953
758250416
936304341
860751586
731586028
965691445
952253122
922119809
878343355
932589733
918049897
862435322
942602597
837279339
980259089
982353364
932954788
825394997
887511895
959648962
965691445
866085515
998137238
945290282
781886557
932954788
806062563
772274605
762146332
758250416
998960695
946648821
974543580
931939418
965691445
836105975
986729074
852341354
967212481
895431371
972520576
982087751
922119809
989608886
918049897
972617443
877100566
939138528
817788425
802374985
917074953
901502410
747038157
965691445
918049897
918049897
799736230
981465735
753228185
987542018
998960695
986297476
965691445
998137238
933272816
869325974
964031300
932954788
942602597
974282921
964401229
799736230
972520576
932954788
953863337
806062563
918049897
918049897
893818822
955916289
981465735
971079183
994306344
950902993
800406987
903676780
932954788
975871225
983445699
965691445
918049897
965691445
981465735
897909313
862435322
870605714
918049897
903676780
753228185
944281103
829623323
952253122
776545367
935875651
984803622
949416480
990097023
955622370
961100188
918049897
953863337
947710811
997317467
891433663
975677150
862435322
947821100
955622370
972151166
980784890
792876585
872900195
953863337
953863337
874670020
895431371
811478126
982087751
903676780
891433663
862435322
889516853
918049897
998137238
948040174
776545367
994397094
965691445
987542018
979606748
911492837
982353364
808719348
930642565
951438080
923913137
971641717
806062563
963311485
939811093
877100566
947387680
803417627
918049897
945431881
932954788
977801180
874021566
999815131
826394149
965691445
918049897
981550044
731586028
985044324
799736230
981550044
947521120
881490690
935875651
966668641
871439493
866085515
902729368
870605714
965691445
980895083
997129641
998137238
903676780
782878620
923961913
702819381
978876488
947741520
984113569
918049897
976119685
895431371
894904942
981550044
978894268
948865032
997567369
965691445
935105636
845008285
991097735
933371366
997456072
806062563
898626488
981621616
939138528
918049897
956869711
994722525
934143437
955622370
988133998
976358038
955622370
939138528
953863337
999317061
826394149
854351785
951320098
972520576
997152689
946648821
752475064
998960695
762146332
956559235
967685028
990295396
998960695
955622370
758250416
944810806
927752491
946530946
990785713
874239695
895056085
975871225
762146332
939138528
895384549
955622370
972520576
985044324
870605714
932954788
939811093
984492669
933918643
912799921
838117831
937839053
915652301
918049897
947710811
923273378
966599725
891433663
924709977
965691445
955622370
885332408
908614894
959199294
965691445
982087751
994581529
939347850
974143878
862435322
939347850
918049897
932954788
853851674
952253122
892076695
965691445
998314907
862435322
726780872
918049897
956605947
951355236
979617146
912761085
826394149
929431106
952253122
985044324
849251249
939138528
932954788
873644039
982353364
918049897
918049897
985434278
968195219
959199294
803554986
996414799
943505906
998960695
856932969
731622576
982087751
937256532
965691445
776545367
967212481
918049897
887062029
953863337
878343355
891433663
998137238
946648821
932670914
877100566
808473304
990049648
958633075
927077461
870605714
859625125
762146332
808473304
862435322
965691445
891433663
918049897
924128426
941943761
987031443
975871225
951438080
953863337
918049897
946648821
918101004
874670020
998960695
824383013
862435322
951040046
937839053
956605947
992133197
782878620
932954788
965691445
891433663
998137238
932954788
978894268
862435322
854415555
965691445
852575464
918049897
942957249
939138528
843165594
965691445
978894268
870605714
849343460
866085515
974282807
998137238
918049897
974113974
870605714
998877628
845236931
918049897
911118474
974543580
979014254
939811093
918049897
948345429
932954788
918049897
895384549
877432243
857480605
955622370
934143437
891433663
962714925
947030407
937839053
988589672
918049897
753228185
901710815
990349601
932954788
982087751
939811093
702819381
891433663
966599725
997860959
806062563
791027766
936247981
939934541
965691445
815046936
902729368
870950682
951438080
998960695
902729368
994577685
901502410
976213243
965691445
952253122
997129641
895384549
976886001
965691445
918049897
942602597
949865875
948170842
903676780
939347850
778755133
917330853
891433663
814420843
947294657
939138528
953863337
918049897
829623323
922119809
996414799
872900195
869325974
939466944
968166381
863800556
955622370
967685028
945431881
895056085
859625125
702819381
808473304
938780832
893532771
837279339
870605714
891433663
991852574
866085515
702819381
982087751
877100566
980439618
937544119
922681843
959648962
965691445
877100566
998674748
998960695
753228185
967178303
918049897
951320098
870605714
939138528
920298343
939811093
753228185
926970313
881558172
997152689
934143437
993168130
881558172
998037338
918049897
918930464
924508553
891433663
852051426
933272816
939138528
803417627
915652301
959648962
903676780
971035287
782672744
870605714
975871225
781886557
862329795
806062563
979254786
985044324
997539740
929679488
922119809
947710811
965691445
891433663
932954788
970390858
958633075
903676780
935963361
763319501
920572868
955622370
731586028
806062563
933132024
893925850
826394149
891433663
852341354
949681960
806062563
932954788
931630726
855487248
859625125
939138528
939138528
918049897
964865911
957665233
959431247
942019270
965691445
932954788
951438080
986378030
985044324
891433663
918049897
998687929
829623323
939811093
997152689
955622370
733492382
904157455
979606748
965691445
998960695
870605714
972617443
960292642
917074953
971209359
939811093
939138528
955622370
939811093
972957607
920058724
932954788
932954788
982087751
932954788
862435322
939138528
987542018
979617146
991537964
918049897
918049897
912478944
932954788
991097735
968166381
975745935
806062563
967212481
966131512
932954788
909182725
824383013
985044324
985595312
998137238
917074953
918049897
953863337
965691445
983445699
939138528
893431203
965691445
967494629
965691445
978894268
800376712
887511895
933682193
998960695
957277924
918049897
978894268
939811093
915422352
985044324
986738628
932954788
918049897
937090263
882646270
958510280
762146332
912643880
778755133
952253122
806639284
921796105
905898860
974926239
762146332
965691445
939466944
965691445
951438080
997611191
950801761
753228185
869325974
775957056
978311579
983297508
955622370
998960695
997129641
942706828
995951999
891433663
800678576
985823461
967212481
900987422
991302556
918049897
985819648
998960695
932954788
922119809
953863337
920298343
951438080
980203725
942334369
998137238
858982721
862435322
950492813
918049897
918049897
762146332
902729368
902729368
958365308
998960695
922362572
887871156
860242245
922681843
889379164
998960695
950902993
919262028
753228185
902729368
976811011
891433663
919087794
965691445
918049897
957236905
908614894
826394149
918049897
917074953
806062563
815046936
939138528
869985768
950902993
806062563
931939418
970499062
806062563
943964290
918049897
998137238
855487248
918049897
891332867
998960695
921136126
731586028
937839053
955622370
982353364
860751586
933223749
948495586
932954788
895384549
933272816
981550044
933272816
939138528
998960695
939811093
965691445
918049897
958365308
947963035
959199294
987057153
960271882
731622576
932954788
993844028
978894268
981550044
893431203
922822852
826394149
776545367
753228185
918049897
955622370
978894268
932954788
922362572
870605714
802374985
968166381
982087751
979606748
941818301
874300982
979508517
997915613
922119809
998960695
979606748
891433663
958650857
933918643
955622370
858049052
972617443
958098218
978281913
830148826
918049897
918049897
897909313
962789938
976538800
932589733
979606748
870605714
955622370
982353364
985044324
988930074
725670667
994306344
918049897
988192517
967685028
941943761
791688937
982087751
797741889
826394149
989303436
997037299
811478126
966560687
991245802
932954788
758575343
884762310
998960695
758250416
918049897
946648821
985386242
985895256
891433663
906013185
998960695
826394149
918049897
955622370
939811093
974642352
866085515
979617146
987405997
965691445
947030407
892076695
888331358
792186089
993408021
776545367
806062563
921136126
956869711
957561912
965691445
869325974
953802092
889379164
747038157
998960695
953272742
941494255
940373209
972520576
961250653
951320098
802374985
967178303
945549139
957100630
965691445
997152689
918049897
907493309
891433663
952895724
988930074
927625046
919262028
965691445
967484592
961111770
870605714
999815131
808473304
991097735
753228185
811478126
939811093
762146332
961250653
893431203
992462150
806062563
958018953
952253122
902729368
869325974
918049897
965691445
891433663
967685028
827391687
955622370
939138528
998037338
985044324
933272816
747038157
806062563
931939418
887737020
924128426
934143437
997567369
870605714
874239695
946530946
941943761
933272816
955622370
983445699
927077461
979617146
866085515
978894268
955622370
965691445
617772130
982087751
951320098
974543580
939934541
877100566
959686082
895065746
931170013
964401229
830148826
870605714
917074953
901813150
965691445
965691445
997915613
953867371
918049897
985044324
925508144
702819381
874021566
965691445
932120145
998137238
932670914
963311734
946648821
956559235
874428827
958650857
998137238
998960695
971641717
869325974
968003085
967212481
904159004
898626488
965691445
956869711
946772630
866085515
941580848
955622370
965691445
840110166
967685028
958775938
866085515
999202484
918049897
773025651
918049897
873917215
981550044
973175837
873917215
958671864
992733936
975388956
912478944
864878598
965691445
835662148
918049897
932589733
917074953
980743839
895384549
972957607
997152689
951320098
849108259
837279339
862435322
889379164
937544119
939811093
951320098
861567604
955622370
869325974
965691445
869325974
910232457
902729368
962714925
939138528
953863337
772274605
685484355
918049897
888583499
985958551
900987422
955622370
935887713
991097735
918049897
997360089
889379164
918049897
939138528
838631336
997539740
908614894
922295006
941943761
915689327
978894268
895065746
998137238
962753501
998137238
922119809
873644039
978894268
982353364
758250416
982353364
850935222
947963035
869325974
824383013
725670667
939138528
852575464
970390858
953863337
806062563
965691445
981919666
918049897
836142205
997763950
838117831
939811093
994237675
973175837
980780766
813961291
985958551
918049897
965691445
869985768
895384549
997763950
916946403
995143937
971079183
902729368
997129641
866085515
924585698
965691445
932954788
920878688
935875651
980834548
895384549
937839053
944810806
970956879
894024404
927607570
939138528
862435322
946648821
970956879
753228185
870605714
938899364
985044324
923476498
959686082
989215841
978992189
947030407
888578949
731586028
997915613
866085515
869325974
891433663
987542018
980784890
948327603
895384549
928445019
998903896
873644039
964469140
955622370
918049897
898626488
955622370
965691445
987939871
978503936
965691445
946497408
852341354
862435322
747038157
912220044
985386242
935860639
967212481
891433663
983130371
881558172
782196072
820560394
918049897
998960695
869325974
965691445
939347850
881902409
917074953
918049897
972617443
933371366
863087379
840110166
980259089
937256532
852341354
874428827
967212481
900987422
927077461
990295396
947030407
955622370
753228185
939138528
976213243
951548611
972391966
862435322
870605714
965691445
894300126
971079183
973221667
918049897
918049897
880229109
891433663
955622370
923913137
965691445
999815131
825948454
985958551
902729368
913945537
897909313
997915613
998960695
967212481
965691445
895384549
725670667
943964290
874428827
874428827
939138528
992085780
819196949
952253122
979617146
951438080
864502781
964213678
997476517
930078629
970499062
836428003
939811093
918049897
753228185
869325974
758250416
965691445
856381371
975130273
918049897
985044324
998960695
833467356
733492382
951438080
862435322
758250416
725670667
918049897
965691445
918049897
976672483
962236393
903676780
978894268
806062563
859201182
965691445
953867371
862391704
889379164
965358906
965691445
895384549
888331358
953863337
939138528
918049897
985958551
869325974
786473598
969135012
918049897
962089084
953863337
995137055
983558458
999202484
725670667
919523623
929704663
998687929
982087751
946648821
963311734
946023671
965691445
965691445
895384549
947936753
981467507
844030027
956460440
952253122
960643758
941494255
806062563
935586434
983089121
826394149
939138528
866085515
862329795
971079183
934106106
982087751
861567604
702819381
956460440
939138528
869325974
979830994
934143437
806062563
851277024
980572163
753228185
918049897
985958551
993995999
955622370
725670667
863087379
870605714
972520576
753228185
918049897
895384549
918202857
918049897
953802092
933023174
872900195
918049897
891433663
949681960
925359805
800406987
941943761
979606748
904424779
918049897
965691445
936812606
930642565
903676780
949041341
776545367
918049897
900480374
983558458
886405074
895179585
998137238
973859875
902341621
965691445
893818822
806062563
829623323
870605714
973175837
895384549
965691445
976119685
951320098
955622370
866085515
884751635
832903640
932670914
936813492
965691445
806062563
955622370
894544689
874428827
924508553
979617146
970440006
902729368
826394149
933272816
844406823
980042747
865226169
958650857
875065690
887871156
792660215
955622370
998960695
801581952
778337458
786473598
852341354
862435322
986378030
994237675
956869711
986494912
971079183
965691445
982087751
966367710
990933545
965691445
873644039
965020729
878117658
955622370
924128426
907158140
944337015
968195219
869325974
965691445
942334369
964469140
997770887
985044324
795197947
903676780
909182725
892076695
866085515
826394149
869325974
725670667
895056085
922681843
877303645
882017030
994094907
794688911
955622370
970499062
953863337
918049897
901813150
852341354
932589733
858511260
978311579
937839053
778566685
918049897
973244544
862435322
984492669
862435322
953422692
806062563
862435322
948702550
947387680
870605714
932954788
957522791
950952947
972957607
963311734
903676780
998960695
871094607
870605714
825394997
939138528
900987422
990349601
982087751
824383013
932954788
918049897
932670914
939466944
972617443
933168066
932954788
953863337
922119809
866085515
901813150
953863337
718569702
986494912
922119809
932954788
967045259
939138528
959686082
918049897
965691445
945549139
965691445
918415808
967212481
997152689
907564145
852341354
934143437
955622370
903676780
874021566
874239695
913738825
945947569
982579244
986171167
904322735
872900195
914370774
874239695
863087379
998314907
862435322
951320098
854861000
891433663
918049897
963311734
999815131
903676780
923913137
872900195
895065746
904157455
895384549
934143437
924709977
951320098
806062563
953863337
852341354
837279339
985044324
747038157
815192802
965691445
979617146
902729368
985044324
965691445
911492837
862435322
956869711
939138528
920298343
902729368
918049897
960020270
938899364
915417536
869718337
852051426
953863337
836142205
903676780
913246418
979830994
973890957
768886144
820560394
971209359
988383067
965691445
985044324
941943429
965691445
862435322
923913137
995742631
997129641
939138528
725670667
967271285
932954788
895431371
895384549
975871225
957665233
955622370
747038157
806062563
836105975
953863337
965691445
965691445
975008696
986770675
918049897
986171167
891433663
939811093
965691445
990359851
895431371
931939418
986869170
964265251
929431106
918049897
958633075
988133998
895384549
985044324
982353364
964189546
956869711
988661365
917074953
890707027
932954788
955622370
870605714
952106807
984769806
922681843
997152689
862435322
918049897
965691445
917074953
955622370
753228185
985958551
995695408
985044324
918049897
952253122
957665610
725670667
933272816
934143437
918064874
903676780
965853416
895384549
939138528
872900195
918049897
965691445
870605714
859625125
862435322
826394149
918049897
977091104
838117831
932954788
965691445
932153801
990295396
838117831
806062563
985819648
862435322
964158641
781886557
806062563
937839053
861309847
862435322
829623323
870605714
974543580
845236931
808473304
948792371
932954788
965691445
946238867
918049897
978122271
891433663
881902409
869325974
863087379
924128426
951320098
934143437
959199294
902729368
961440489
855487248
965691445
956605947
981621616
921840507
939811093
800678576
923349267
958650857
762146332
862435322
731586028
959199294
939138528
951320098
806062563
861567604
852341354
758575343
939138528
725670667
925299728
965691445
957090824
854351785
891433663
895065746
918049897
978894268
965691445
971209359
768886144
973175837
998960695
810351130
848347784
989525395
959199294
975871225
944810806
918049897
869325974
978894268
965691445
932954788
981550044
967212481
998960695
842465294
990295396
982087751
918049897
978843605
951320098
998960695
985044324
998687929
967212481
804852325
747038157
832903640
998137238
955622370
873005585
967212481
999815131
935105636
953863337
967212481
935726319
918049897
951722290
895056085
853851674
806062563
832903640
884762310
923496305
965691445
951438080
915616721
955622370
979448431
959199294
776545367
895056085
967685028
985044324
918049897
776545367
847081389
934579545
951040046
997152689
955622370
758575343
888583499
951438080
973799803
753228185
965691445
951320098
994520465
966730405
873644039
877303645
953863337
932954788
778755133
981066704
963749282
964189546
998687929
981915927
870605714
998960695
891433663
918049897
859625125
967212481
891433663
976213243
959686082
972151166
937839053
932954788
862435322
932954788
982087751
939811093
919262028
998687929
975871225
972617443
762146332
918049897
993408021
824050701
918049897
782196072
932345299
967118917
955622370
985044324
985819648
895431371
969695041
939138528
804852325
852341354
966730405
725670667
935970910
932954788
962434613
998137238
852341354
994288962
926298257
951320098
982087751
939138528
957277924
786473598
965691445
965691445
998137238
864878598
884658240
747038157
991097735
918049897
870605714
895384549
955622370
955622370
967685028
997770887
947609034
901710815
989039639
933371366
982353364
955622370
932954788
983445699
902777953
985044324
939811093
946530946
762146332
951438080
891433663
990933545
986869170
815162939
947609034
955622370
983445699
784145207
951320098
862435322
939138528
917756264
997152689
918049897
979617146
965691445
918049897
939138528
980784890
972520576
918049897
872900195
901341355
985044324
945431881
998960695
806062563
975871225
964189546
762146332
874718305
826394149
893431203
918049897
902760198
967685028
901502410
963311734
932954788
978894268
933223749
897909313
939138528
942246113
972520576
918049897
776545367
895431371
838631336
998037338
806062563
869325974
753228185
866085515
965691445
965691445
967685028
952218780
753228185
989215841
951438080
806062563
951811263
953696398
975130273
834523590
843345424
895431371
997152689
927625046
953863337
826394149
895384549
918049897
939138528
862435322
786473598
617772130
967685028
918049897
806062563
877100566
753228185
998960695
895384549
934143437
901813150
965691445
939138528
978894268
868697228
731586028
985819648
870605714
893532771
908756577
781886557
917074953
991537964
996288264
993230727
947963035
945431881
953696398
970195044
997915613
939198956
956559235
849251249
898626488
965691445
906760753
912478944
982353364
918049897
904157455
869325974
933272816
918049897
997915613
932954788
772274605
986533157
977743142
939466944
967881770
887871156
998137238
934143437
870605714
881558172
917074953
985823461
884181388
802374985
870605714
920058724
891433663
967212481
965924040
986729074
870605714
874239695
888583499
967685028
812440338
918049897
973175837
725670667
907493309
932954788
862435322
971863364
942246113
954050604
869985768
976672483
806062563
918049897
918049897
888558399
933954251
955622370
931358519
963749282
918049897
994409002
988623833
948291239
870605714
955906841
991537964
983496415
747038157
871094607
932954788
870605714
895431371
874428827
806062563
821859980
718569702
870605714
829623323
918049897
974642352
968003085
870605714
952309794
903676780
917074953
975679263
918049897
932954788
965961341
953863337
831670134
922119809
995137055
918049897
939138528
935887713
957665233
820560394
786473598
937839053
955622370
824383013
922362572
978894268
852341354
985958551
917074953
985044324
955622370
969695041
976213243
935578508
881902409
937839053
782196072
932954788
725670667
959686082
983445699
955622370
937256532
932954788
978311579
947294657
918049897
891433663
914774676
975871225
913945537
983445699
955622370
757692462
975871225
953863337
984137234
965691445
747038157
932954788
998909152
725670667
990834521
884762310
893431203
956605947
965691445
891433663
908756577
952253122
997152689
955622370
976213243
891433663
826394149
982087751
985958551
932954788
891433663
996022807
896549943
903676780
920298343
918049897
862435322
874239695
907493309
980203725
935105636
966730405
885485366
973890957
869325974
891433663
978992189
972151166
824383013
907300960
806062563
918314937
806062563
933474014
932954788
918049897
941861089
903676780
855487248
953863337
982579244
921136126
803554986
939811093
918049897
866085515
877100566
940461404
967212481
934143437
918049897
968003085
914774676
998960695
887405219
934143437
948677844
939138528
862435322
895179585
998960695
932954788
939811093
997152689
955622370
807981507
861567604
818454866
815198329
907493309
903676780
975847921
903676780
765652121
997485443
985434278
762146332
753228185
918049897
869985768
979617146
982353364
757692462
957100630
979617146
866085515
975364311
932954788
918049897
965691445
826394149
994722525
895056085
821763971
982353364
869325974
884762310
939138528
959199294
965691445
982353364
973475509
731622576
957277924
955622370
993069084
870605714
935970910
989413404
965691445
834523590
930876320
918049897
984515348
918049897
988194351
872900195
990295396
932954788
970390858
972520576
922119809
895056085
870886750
747038157
826394149
986494912
973175837
852341354
969683761
918049897
862435322
864878598
852341354
981621616
983560935
848202306
866085515
870605714
971825116
924128426
957862290
997152689
904340876
963311734
965691445
933993460
829623323
891433663
994306344
902955864
941861089
937839053
927607570
901813150
896549943
918049897
924128426
866085515
934143437
747038157
935726319
965691445
961224545
806062563
917074953
918049897
870605714
884762310
978894268
826394149
873917215
894747339
965691445
994306344
937839053
888583499
953863337
901502410
838631336
995567108
953867371
903676780
991888112
874428827
901502410
965691445
918049897
998960695
863087379
965691445
939138528
998137238
981915927
973175837
901813150
871871752
956605947
930242000
845008285
967881770
972617443
914664564
786473598
965691445
891433663
836142205
939811093
859625125
918049897
945431881
998137238
955906841
986378030
889379164
982087751
985044324
978894268
827156344
932954788
869325974
972617443
918049897
975871225
945554178
939138528
937256532
939138528
982353364
972520576
975871225
918049897
945431881
776545367
918049897
829623323
959686082
952253122
990834521
918049897
837279339
985044324
806062563
894689236
903676780
978894268
967685028
994306344
824048999
965691445
926298257
941943761
965691445
901813150
932954788
888008245
891433663
918049897
939811093
799163433
953094074
918049897
967685028
900987422
885485366
824383013
985434278
956869711
918049897
983297508
919955048
972151166
817212428
880259633
884762310
918049897
929812120
874428827
955622370
955622370
983130371
965691445
959686082
972617443
918049897
972503967
876821486
855487248
964469140
778337458
996291287
985044324
983445699
933272816
901813150
702819381
964189546
891433663
918049897
806062563
967212481
939138528
852341354
773025651
984113569
985819648
918049897
973175837
984113569
918049897
928293851
918049897
993069084
862435322
829623323
870605714
870605714
933223749
808473304
973175837
979606748
965691445
955622370
971971953
975871225
987057153
966391066
918049897
983558458
993204650
939138528
965691445
982353364
994577685
967045259
860751586
998960695
869325974
932954788
929635831
998960695
953867371
939811093
922119809
985958551
965691445
955622370
985257937
862435322
918049897
960521155
994160893
991097735
806062563
980034496
975871225
918049897
922119809
966367710
931358519
985924685
985958551
985819648
973175837
826394149
870605714
888578949
947559485
918049897
912715033
895056085
874239695
954325197
967212481
991888112
918049897
806062563
971079183
955622370
870605714
866085515
806062563
826394149
984137234
862435322
945726552
991537964
933272816
980203725
884762310
815162939
870605714
872363375
945549139
935875651
982353364
921136126
917074953
900987422
926970313
953863337
885485366
982353364
957090824
877432243
956605947
914774676
967685028
849108259
877432243
888331358
898626488
956605947
965691445
823920533
967212481
932954788
939811093
967271285
895384549
965691445
924508553
965691445
981465735
998037338
965691445
757692462
982353364
985044324
924508553
895384549
956031926
968003085
952253122
907103546
806062563
762146332
806062563
725670667
972375550
853147460
918049897
891433663
973175837
932954788
891433663
953802092
731586028
902729368
987939871
988192517
891433663
878038980
994397094
993862673
917074953
967271285
956605947
918049897
986494912
967212481
965691445
894904942
965691445
953863337
898626488
933698996
958801109
909182725
983445699
902729368
832903640
918246577
993168130
937256532
966668641
981682460
762146332
932954788
869325974
940373209
926298257
955622370
829623323
838631336
964265251
862435322
872900195
918049897
954243520
918049897
948865032
870605714
953754260
933371366
916600136
959199294
870605714
944810806
985819648
951438080
866085515
955622370
852341354
939347850
985044324
725670667
617772130
932954788
918049897
854322112
953863337
963311734
932954788
965691445
888558399
997152689
975264669
951722290
951581340
973175837
895056085
918101004
918049897
981915927
870605714
895431371
985044324
994722525
982087751
806062563
932954788
986729074
930642565
836428003
998137238
758250416
978894268
957111365
963005109
975388956
877432243
917199100
875984160
985044324
917199100
965691445
976811011
927607570
994306344
973175837
918049897
918049897
725670667
891242461
989039639
998960695
932954788
995742631
877100566
951079334
933272816
934167853
918049897
939138528
891433663
918049897
907593065
985044324
998909152
939138528
920878688
894227227
917074953
747038157
985798138
988834216
918049897
937839053
952253122
994722525
955622370
924508553
917508508
834048859
911084723
899683973
939811093
918049897
856381371
862435322
939138528
869325974
885332408
997360089
891332933
998960695
939811093
991170235
884762310
950897482
953863337
901967918
924128426
836105975
932954788
863494530
870605714
874428827
874428827
753228185
918049897
972617443
891433663
753228185
947204127
924508553
862435322
918049897
982087751
832903640
870605714
990933545
929431106
747038157
953867371
994306344
932954788
972617443
901813150
922389100
939138528
950492813
918049897
957236905
802374985
988192517
881558172
824383013
986821491
806062563
965691445
946239284
931924857
967271285
918049897
808473304
998137238
918049897
939138528
866085515
988663815
927607570
874500468
881558172
997152689
952253122
895056085
807680473
932954788
981678077
877100566
956559235
985958551
955622370
852341354
862435322
971079183
845236931
924508553
985044324
993168130
979606748
803554986
863087379
907380739
817212428
994577685
998960695
918049897
937872416
965691445
942640810
806062563
918049897
903676780
806062563
985386242
939138528
933993460
852341354
955622370
958365308
934106106
850633127
957561912
870605714
940907419
806062563
939811093
986378030
918049897
939138528
953422692
998687929
984059910
988018485
869325974
792876585
972617443
965691445
917508508
965691445
971079183
753228185
852341354
934451869
782196072
998544383
757692462
947963035
939138528
930242000
995837879
939811093
986378030
896068602
965691445
762146332
985044324
982353364
959199294
974543580
753228185
918049897
939138528
747038157
901502410
874428827
976149685
939182419
826394149
831037252
952253122
939138528
983297508
932954788
725670667
902729368
870605714
933993460
820560394
972151166
998960695
932954788
932243129
924508553
953863337
999082237
902194915
834523590
967178303
821859980
973175837
999932194
953863337
877100566
982353364
918049897
930078629
971218129
902729368
939047261
965691445
961826540
935105636
900185557
935105636
967212481
855487248
901967918
965691445
998137238
844406823
782672744
991097735
991537964
965691445
920298343
903676780
924050238
992133197
786473598
971530948
861567604
939811093
818150557
826394149
907380739
927077461
919262028
965691445
959686082
965961341
847081389
870605714
978894268
966379196
883963724
918049897
725670667
934166029
946772630
919955048
918049897
935875651
953863337
891433663
919955048
989347269
967212481
983694610
895065746
998960695
935860639
987031443
933272816
955622370
731622576
951320098
939811093
998960695
921136126
806062563
869325974
953863337
965691445
903676780
818897907
903676780
966730405
968898413
918049897
806062563
747038157
952253122
957111365
998687929
986869170
873917215
951548611
827156344
826394149
939811093
957522791
884500394
979499192
906013185
870605714
932954788
937839053
753228185
975364311
852341354
932954788
862435322
960467910
978599650
917756264
971218129
985407934
971641717
888583499
918049897
866085515
862435322
918049897
918049897
952181114
932954788
768886144
804305854
926718407
903676780
918049897
860751586
939138528
806062563
895384549
921810337
981467507
747038157
617772130
965691445
965691445
800376712
947204127
945431881
978281913
819138634
999815131
955622370
998960695
776545367
967412620
855487248
971825116
936813492
965691445
888583499
868697228
725670667
870605714
969667895
939138528
998137238
967492027
762146332
970203566
969695041
966730405
934579545
965691445
995147815
824383013
909182725
967685028
949227449
937256532
942683751
955622370
845753023
981621616
998960695
873091815
932954788
967271285
982087751
748826963
997611191
903676780
918049897
762146332
870605714
904322735
953863337
981465735
930642565
917074953
922119809
939138528
997317467
932954788
939138528
869985768
918049897
932954788
955622370
907158140
924585698
986247900
991537964
725670667
916600136
824383013
983558458
978894268
991888112
918049897
932954788
998137238
871094607
923627700
834523590
725670667
894689236
939934541
953863337
953867371
725670667
967212481
900870268
918049897
873644039
962714925
914607027
866085515
891433663
866962319
891433663
911492837
965691445
870605714
932954788
970924041
985819648
970994533
967685028
982087751
890329643
895056085
803417627
782878620
972651925
959200014
874428827
939138528
870605714
990295204
986494912
956605947
725670667
998960695
869325974
831670134
869325974
952253122
870314930
753228185
983445699
888331358
871094607
939138528
806062563
918049897
982087751
955622370
806639284
903676780
988133998
952253122
920298343
829623323
870605714
891433663
953272742
919955048
917074953
870605714
918049897
992619297
982087751
961205798
985044324
918049897
924128426
964967586
939138528
869325974
740457296
918049897
792612990
985958551
998687929
862435322
967271285
884645188
909182902
806062563
932954788
965691445
974475098
877100566
877432243
862435322
958365308
994722525
967212481
967178303
895384549
992619297
836142205
920298343
971079183
896549943
935970910
956605947
895384549
803554986
949926171
806062563
956869711
965691445
859516644
955622370
946772630
955622370
997827982
852341354
824383013
852341354
970672671
982353364
999827785
902729368
932954788
932954788
933182148
820100558
967685028
965691445
996345778
806062563
998674748
917074953
799736230
743982386
918049897
951438080
965691445
975871225
874414845
968929700
685484355
750130360
897909313
939811093
922119809
980283639
998960695
917068170
955622370
999942821
894904942
962789938
998960695
995137055
973175837
864878598
952253122
969695041
808473304
934143437
795197947
838631336
881949273
824048999
918049897
974543580
952253122
877100566
991601069
961826540
955622370
820100558
965691445
825616142
944337015
965691445
989303436
985434278
955622370
942670286
986378030
725670667
973175837
965691445
753228185
939138528
747038157
806062563
869985768
972617443
917074953
901813150
939811093
966391066
965688322
876467468
869325974
799736230
802374985
975871225
957236905
899683973
932954788
966909437
985044324
963311734
991537964
991537964
980439618
997860959
982087751
933474014
984525415
982087751
826394149
959726358
899683973
965691445
922119809
917074953
951438080
932954788
862435322
984929778
972520576
967494629
918049897
982501782
927607570
953863337
895384549
918049897
806062563
996836718
918049897
947030407
895056085
901502410
843165594
862435322
900987422
998687929
525418858
806062563
951438080
962236393
932954788
983445699
922119809
976119685
891433663
947379964
978894268
997129641
762146332
858982721
991537964
978894268
973175837
927607570
852575464
782196072
834523590
829623323
939138528
959686082
826394149
943505906
832903640
997204355
981550044
918049897
975871225
899932867
998137238
903676780
939811093
984525415
907300960
985044324
998960695
980895083
963311734
895431371
918049897
939138528
967212481
939138528
959001428
947379964
852341354
869325974
895431371
965691445
955622370
980203725
918049897
965691445
976792257
939811093
840110166
985044324
944337015
978894268
891433663
951320098
987031443
955622370
971209359
869325974
853895102
997152689
804027811
965691445
954050604
967178303
982353364
913738825
982087751
877100566
918049897
884645188
932954788
906853285
824383013
985044324
747038157
965691445
918049897
995319269
955622370
939182419
870605714
895384549
998687929
891433663
955622370
987239141
870605714
878038980
991537964
985044324
824315884
891433663
857485679
918049897
943964290
975871225
990097023
847604727
999932194
949478863
955622370
901502410
919087794
895384549
865416258
920189262
813961291
898268689
965688322
870605714
988194351
992085780
808473304
965691445
993862673
986457778
980784890
903676780
933272816
865109821
967685028
922681843
965691445
869985768
939047261
983445699
967178303
868173674
826394149
837279339
909939880
862435322
965691445
978894268
932954788
967271285
928752446
932954788
965691445
933272816
998960695
985044324
932589733
869985768
758636558
761177001
965691445
826394149
866085515
900987422
929704663
873644039
904424779
918049897
931956085
907158140
953863337
995837879
895384549
965691445
932954788
997763950
918049897
808473304
780248500
902729368
951320098
939138528
997611191
753228185
762146332
891433663
902576605
918049897
994306344
951320098
901813150
985386242
975871225
975871225
974642352
998687929
949916835
838117831
869325974
994306344
836231240
917074953
965691445
941201746
900185557
982087751
955622370
932954788
918049897
824383013
953867371
901813150
948040174
933272816
877100566
862435322
953863337
999082237
989039639
997152689
753228185
921140882
953863337
891433663
891433663
787962713
776545367
968166381
972391966
980548780
918049897
971641717
869985768
982353364
965691445
825948454
947963035
953863337
870605714
955622370
998960695
975871225
994306344
941943761
818454866
918049897
945947569
866085515
966730405
748826963
870605714
955622370
918049897
859724599
932954788
973175837
960605829
932954788
965691445
953867371
973859875
982087751
918049897
895384549
918049897
918415808
776545367
946648821
918049897
983297508
939138528
972151166
958924174
918049897
972520576
933272816
986378030
953863337
976724516
806062563
998544383
895384549
932589733
901502410
965691445
973435761
883351661
852341354
887471415
917074953
965691445
946648821
931196996
933132024
747038157
871094607
861969063
918049897
872900195
998960695
946023671
997539740
747038157
979498577
970198176
973175837
986869170
783109733
964076728
937256532
975364311
979606748
874428827
951438080
833236996
918049897
972617443
939811093
981109991
886259393
937839053
829623323
967212481
923097653
939138528
935875651
934143437
997770887
870605714
865109821
817788425
825276867
879290890
891433663
917074953
895839049
953863337
939138528
725670667
981467507
918049897
953863337
933993460
995137055
824383013
891433663
951320098
918049897
891433663
965691445
932589733
983445699
953867371
922119809
947387680
740457296
902576605
946023671
985044324
974898601
806062563
968166381
988553119
917074953
927607570
866085515
975871225
953838997
989013268
948865032
965691445
985044324
837279339
933223749
958479980
990711139
992462150
932954788
757692462
984137234
873005585
933272816
979606748
924128426
872900195
986494912
904424779
980042747
985044324
998137238
753228185
879290890
904340876
984509052
982087751
932954788
875255949
918049897
937872416
931358519
952253122
827080281
857480605
973365285
902817463
933371366
953867371
999932194
982353364
917074953
859724599
829623323
891433663
917074953
983445699
956605947
965691445
939047261
993862673
952253122
862435322
998137238
939138528
932954788
957971541
877100566
852341354
870605714
828753411
778337458
997360089
947387680
891433663
870605714
955622370
976213243
776545367
959016022
932670914
985044324
951722290
937839053
800376712
932954788
951438080
917074953
805715202
944810806
997152689
978894268
867885827
893532771
998960695
972200307
872900195
835755103
959199294
952253122
939135976
953696398
917074953
999283034
874428827
870605714
870605714
935445222
999942821
932954788
965691445
995143937
939811093
931630726
825616142
870605714
991097735
953863337
993230727
965691445
933272816
873917215
975679263
975388956
997915613
901813150
891433663
913738825
978894268
891433663
852341354
985044324
918049897
891433663
993168130
932954788
952253122
965691445
918049897
918049897
941943429
922119809
817212428
932954788
998687929
747038157
958936928
961572892
932954788
915417536
958650857
955622370
971209359
953863337
931252540
806062563
871094607
998137238
870605714
877303645
918049897
803554986
993127702
753228185
918970870
826394149
917074953
965691445
833467356
869325974
891433663
946530946
923476498
870605714
903676780
869325974
998137238
906202861
874428827
939138528
982353364
895056085
894966286
929983625
829623323
986808441
913246418
998137238
939138528
872900195
968574440
952253122
862435322
874428827
994722525
826394149
985044324
909182725
932954788
870605714
975871225
985823461
871094607
818960846
957561912
933132024
947030407
932954788
939811093
893814648
747038157
967212481
918049897
953863337
967212481
826394149
991888112
971079183
883351661
747038157
975130273
888616273
953863337
870605714
891419110
956869711
901813150
870605714
918049897
927077461
861567604
922119809
939138528
975871225
957934270
997152689
725670667
935875651
747038157
981550044
932954788
962714925
955622370
904340876
963231820
881949273
872900195
924508553
901967918
964507910
972957607
918049897
979448431
990834521
806062563
932954788
897909313
956559235
870605714
870605714
984515348
932589733
939138528
891433663
955622370
937839053
909182725
870605714
843602249
988458714
902576605
962292506
891433663
932954788
960521155
934143437
932954788
961826540
918930464
997152689
753228185
962789938
925508144
889244183
866085515
903676780
985434278
747038157
951438080
902729368
963311734
939466944
877432243
922119809
922295006
976213243
913246418
967212481
842377310
947204127
829623323
974642352
870605714
918049897
890707027
971079183
870605714
776545367
762146332
955622370
940461404
994722525
762146332
769471805
945545079
937839053
907231064
806991936
972651925
933698996
918049897
975871225
939811093
725670667
982353364
999815131
982087751
903676780
965691445
982087751
870605714
992133197
973799803
918049897
978876488
859703986
868173674
918049897
918049897
899932867
999432827
918049897
945549139
894904942
981919666
865416258
881558172
806062563
985819648
953252369
875892432
989013268
917074953
843602249
617772130
891433663
934143437
972151166
918049897
955622370
918049897
918049897
862435322
915301604
981919666
955622370
891433663
725670667
918049897
806062563
903676780
968166381
873917215
803554986
918049897
945726552
946023671
987057153
870605714
955622370
855487248
985386242
994288962
799736230
836231240
865416258
819196949
939138528
972617443
947753974
859625125
971562534
852341354
891433663
965691445
852341354
862435322
961250653
939138528
939347850
967685028
852341354
869325974
952309794
525418858
924128426
943020325
866085515
932954788
943821847
858061834
957035979
782878620
991537964
933272816
918049897
826394149
983445699
930548356
891433663
918415808
901813150
918049897
932954788
895384549
918049897
918049897
947030407
871871752
918049897
967685028
939466944
918049897
824383013
994409002
965691445
978122271
967685028
933576008
982087751
981479457
852341354
799736230
918049897
975871225
931515521
870605714
874428827
923273378
932589733
845008285
932954788
918049897
995143937
983558458
918049897
786473598
918049897
961652282
917074953
799736230
983627641
965691445
873917215
988834216
856932969
909182725
862435322
871094607
932954788
918049897
965691445
967212481
858982721
806062563
931252540
956605947
883211278
860751586
932954788
932954788
826394149
871094607
998960695
936247981
803554986
991537964
993009367
824048999
932954788
941015657
806062563
955622370
939811093
953863337
973175837
806062563
845008285
918049897
877100566
990619469
924508553
885314817
909182725
973890957
891433663
834358474
994306344
976358038
870605714
918049897
938488791
997152689
922119809
617772130
870605714
870605714
967212481
972520576
998960695
941066862
862435322
999082237
935875651
918049897
895431371
939138528
918049897
997915613
953863337
933223749
978894268
986113377
873644039
939138528
962046135
997152689
904157455
837279339
924508553
935105636
932954788
967271285
975871225
961572892
994722525
918049897
859625125
702819381
964066314
939811093
965691445
988339386
932954788
806062563
965691445
985924685
932954788
994306344
903676780
951234700
791897410
974543580
939811093
928445019
975871225
973175837
753228185
998960695
852575464
975041109
979606748
939811093
903425315
902576605
909182902
939811093
973175837
971641717
918049897
791688937
982353364
939138528
994296549
991302556
918049897
870605714
953867371
733492382
935887713
874428827
918049897
909182725
902729368
953863337
998137238
917091155
993303984
988192517
933474014
953867371
870605714
747038157
782196072
993303984
918049897
975364311
972617443
995951999
931358519
891433663
874414845
985044324
952253122
806062563
902729368
951548611
982353364
907158140
952253122
972617443
866085515
893818822
881558172
918049897
971641717
972617443
982353364
753228185
918049897
866962319
838631336
799736230
976213243
984645815
932954788
901813150
939138528
994872619
991369191
885485366
863087379
965691445
942640810
895532601
974642352
866085515
808473304
918049897
918049897
965691445
747038157
967383462
992133197
932954788
964469140
918049897
896068602
918049897
869325974
932954788
753228185
866085515
978894268
939811093
806062563
895384549
878117658
945947569
978843605
983558458
891433663
991302556
955622370
911084723
902729368
820560394
918049897
955622370
895384549
852341354
989215841
987031443
965691445
753228185
924128426
776545367
937256532
997152689
932954788
953863337
943861459
897909313
946648821
851921077
918049897
918049897
972668225
990637434
989303436
881558172
753228185
902729368
997519857
738904524
965691445
872900195
869325974
922681843
904424779
953863337
870605714
862435322
955622370
953999225
806062563
981465735
877432243
918049897
971079183
833467356
982353364
891433663
786473598
919087794
870605714
939138528
965691445
909182725
826394149
932954788
762146332
893053882
881710133
972617443
939590775
985044324
907593065
895384549
967685028
965691445
824794146
990152012
885485366
926421155
725670667
909182725
965691445
891242461
863087379
920298343
981465735
965691445
918049897
918049897
935875651
921229847
907158140
953863337
994409002
893431203
939138528
943505906
932747111
970994533
884762310
918049897
985044324
870605714
918049897
918049897
962236393
955622370
731586028
918049897
852341354
997129641
969695041
955622370
939138528
997152689
866085515
918049897
870605714
956869711
963945051
965691445
725670667
955622370
942532341
895056085
934579545
826394149
978992189
993058031
978894268
902729368
972149865
965691445
975244025
903405196
934106106
991888112
967685028
896549943
969695041
776545367
918049897
852051426
949865875
972617443
965764892
985958551
860751586
920878688
978676373
981915927
946398461
834523590
762146332
899683973
895384549
922119809
918049897
895431371
781886557
980042747
826394149
998960695
870605714
954381813
918049897
852341354
997152689
895384549
862435322
819138634
965691445
939811093
967310713
970390858
962089084
937256532
902604156
985044324
924508553
979286553
978894268
725670667
967212481
947936753
997152689
966131512
985147211
866085515
972617443
773968351
820560394
965691445
957561912
918049897
979830994
955622370
806062563
953863337
985434278
903676780
922119809
878038980
806062563
947030407
965691445
817212428
985044324
904322735
920878688
904322735
725670667
918049897
931939418
861567604
891433663
896549943
819138634
898626488
997770887
935887713
939811093
932954788
998137238
915689327
956869711
935875651
978894268
955622370
998960695
903676780
955622370
979617146
873917215
932954788
997915613
866085515
939138528
897909313
979606748
980780766
965691445
939138528
871094607
863494530
990641584
918049897
952253122
954243505
971842606
870605714
978894268
985044324
923496305
983558458
962789938
984515348
872900195
953863337
973175837
826394149
993303984
932954788
918049897
753228185
972617443
910493671
891433663
885485366
998687929
806062563
998960695
900480374
939138528
932954788
895056085
901813150
932954788
994306344
982353364
753228185
939811093
918049897
903676780
824315884
968003085
928445019
860751586
891433663
982579244
918049897
918049897
979606748
806062563
963311734
934143437
891433663
786473598
918049897
918049897
985044324
862435322
979606748
758250416
997317467
951320098
974918374
935875651
975871225
985044324
997152689
826394149
895431371
918314937
963311734
769471805
966668641
965691445
997152689
854322112
973475509
993168130
918049897
891433663
975364311
948297731
917074953
966131512
998960695
862435322
933682193
993168130
998137238
918049897
922119809
939138528
932954788
769471805
955622370
957236905
965691445
917074953
895384549
917074953
753228185
891433663
885314817
931779126
941861089
871439493
939138528
941052917
849108259
901813150
832903640
965691445
747038157
873917215
932954788
918049897
911492837
852575464
881949273
988018485
985823461
991537964
952253122
946648821
866085515
762146332
808473304
933091785
892076695
924508553
960020270
775957056
939138528
874428827
999689312
979606748
985819648
891433663
939138528
932954788
965691445
918049897
762146332
972151166
874428827
866085515
922119809
998960695
934106106
898562931
900870268
806062563
972520576
884762310
870605714
951438080
920298343
747038157
895056085
978894268
973175837
799736230
986741486
933023174
955622370
891433663
762146332
972520576
838631336
939138528
913246418
913945537
918049897
877154518
998960695
802374985
978894268
891433663
991537964
803554986
918049897
961111770
998960695
861309847
922119809
985044324
955622370
862435322
949424633
870605714
778566685
967685028
918049897
753228185
907158140
768886144
918049897
949478863
806062563
874428827
900480374
955622370
725670667
939466944
918049897
960467910
994238136
978685264
874239695
895431371
871871752
869325974
864878598
974642352
952253122
979606748
829623323
965691445
838631336
975264669
997152689
901813150
932589733
997539740
953863337
862435322
870605714
938255965
958141827
965691445
768886144
895384549
862435322
918049897
990669868
870605714
891433663
932954788
932954788
793909039
936247981
918049897
972617443
997915613
918049897
862435322
815046936
967494629
762146332
870605714
981915927
998544383
891433663
871094607
951299620
789175943
870605714
932954788
862391704
934143437
998960695
973890957
994872619
880229109
982353364
852341354
902604156
878116098
932954788
939138528
888583499
932589733
891242461
827080281
975041109
939462567
870605714
993168130
965691445
998960695
932954788
861054823
787962713
964241836
919366800
933272816
998960695
951548611
951548611
918049897
891433663
918049897
982353364
953863337
872900195
833467356
988192517
870605714
870605714
967212481
851559077
984955250
991302556
763657868
875892432
758250416
955622370
991570104
935105636
931225817
955622370
953863337
972617443
886405074
939811093
939138528
939811093
972582711
955622370
884762310
964189546
911492837
747038157
955622370
978894268
998960695
862435322
972617443
997673168
942334369
870605714
955622370
979498577
994306344
946772630
891433663
782196072
933272816
955622370
826394149
870950682
998137238
979830994
731586028
740457296
863252087
986729074
972149865
939138528
978843605
965691445
932954788
934143437
862435322
891071422
907158140
826423343
948297731
870605714
874021566
946648821
959686082
939811093
874428827
978334424
917074953
994306344
964076728
922119809
888331358
918049897
918064874
918049897
918049897
826394149
952106856
895384549
992085780
998960695
965691445
917074953
892509891
837279339
965691445
829623323
893532771
806062563
891433663
894024404
915417536
952253122
998137238
952253122
952253122
753228185
917074953
860242245
942602597
901200729
958365308
917074953
965691445
933132024
883963724
911118474
920652098
918049897
933371366
988133998
955622370
904515993
932954788
973175837
998137238
953863337
891433663
939138528
918049897
933272816
817788425
925359805
939811093
955622370
874428827
975264669
870605714
985319822
922681843
895431371
848496651
967685028
998687929
986113377
862435322
953867371
891242461
953863337
967212481
762146332
899132863
939811093
988018485
870605714
891433663
824383013
806062563
864526441
932954788
880229109
838469272
778566685
834335698
985044324
896549943
965691445
891433663
806062563
870605714
947030407
968584987
964066314
930642565
918049897
961250653
870605714
880605851
826394149
919412645
965691445
806062563
941861089
965691445
939138528
965691445
837279339
982087751
997152689
956100287
934579545
909182725
940461404
955622370
915689327
939138528
964076728
955004831
998687929
944466061
939811093
955622370
956133551
955622370
972520576
966379196
991097735
918049897
753228185
982353364
763319501
998960695
970182320
918049897
965691445
922119809
939138528
965691445
965691445
998137238
902576605
924508553
918049897
949041341
889379164
975364311
967212481
887405219
874428827
983130371
840110166
932954788
921796105
891433663
939138528
939138528
937086258
909939880
869325974
862435322
907158140
953863337
932954788
999689312
963005109
928293851
962523979
953863337
951320098
975871225
926970313
951014003
870605714
952106807
898775340
971554800
957934270
914477177
995143937
753228185
967685028
869325974
932954788
909939880
919955048
965691445
927077461
854852169
937256532
895431371
990097023
917074953
971641717
972520576
984137234
965691445
933272816
998137238
927077461
981621616
957522791
806062563
815198329
918049897
917074953
917199100
981465735
758250416
849108259
921627857
965691445
870605714
791897410
869325974
965691445
881902409
991537964
991537964
997204355
998960695
806062563
873644039
972617443
891433663
920189262
870605714
885332408
980018674
937256532
924508553
961652282
965691445
863087379
975871225
955622370
934143437
929679488
918049897
907231064
951320098
887871156
957183209
978894268
882755882
958018953
985044324
967212481
932954788
997129641
880266678
933371366
942019270
978894268
896337287
980572163
917199100
870605714
965691445
776545367
936422570
956869711
861567604
891433663
901502410
862435322
985044324
731586028
939811093
989303436
902729368
939138528
859625125
911118474
965691445
998687929
768886144
991097735
870605714
617772130
951438080
941943761
959686082
939811093
965691445
878038980
921810337
891433663
966713888
792876585
933182148
973221667
862435322
965691445
886259393
930113994
940907419
984113569
866085515
918049897
991537964
944810806
953863337
998960695
965691445
975364311
955622370
955622370
923169120
967685028
870605714
725670667
957843160
862435322
806062563
965878374
932954788
887511895
900987422
971825116
931630726
932954788
993168130
753228185
826394149
902729368
974905731
762146332
725670667
921458227
870605714
903676780
998137238
932954788
932954788
975871225
964865911
931630726
845008285
917074953
901813150
939138528
934143437
971641717
932954788
874239695
918049897
918049897
992085780
966227375
965691445
965691445
933993460
953802092
946648821
843345424
997152689
918049897
870886750
922119809
953863337
768886144
965691445
982087751
930553359
873917215
965691445
795197947
808473304
940373209
731586028
848086625
987542018
817212428
917074953
847604727
819196949
997152689
973667162
895384549
955622370
951548611
702819381
971209359
939138528
943494455
939934541
871871752
952253122
955622370
918049897
992133197
994722525
918049897
965691445
946530946
918049897
866085515
956559235
806062563
998687929
747038157
870605714
998960695
932670914
844501250
987031443
949713762
939138528
917074953
918049897
904424779
966668641
817212428
985044324
934579545
923273378
806062563
874428827
899132863
902729368
747038157
900987422
980203725
901502410
858061834
965691445
895384549
917074953
887633150
899683973
901813150
954325197
934143437
918049897
969695041
954243520
979830994
946648821
998687929
817788425
965691445
877100566
963311734
942640810
980784890
965691445
998687929
917330853
860751586
967685028
904682119
952106856
933272816
993862673
965691445
921229847
918049897
971530948
867885827
966157486
998544383
918049897
951320098
971562534
891071422
799736230
873966182
934143437
747038157
918049897
870605714
990152012
826394149
953863337
914477177
996836718
965691445
930642565
964066314
985044324
874239695
959686082
965129038
907851069
939138528
918049897
862435322
932954788
981621616
931956085
863087379
817788425
998960695
783109733
806062563
871871752
998960695
725670667
932954788
870605714
996022807
957561912
979448431
761475803
939138528
985434278
924508553
998960695
947387680
850779615
863087379
997152689
985044324
901502410
939811093
902729368
997915613
870605714
939138528
998137238
949041341
866085515
918049897
902576605
947936753
939811093
881902409
993862673
965691445
965691445
758575343
953863337
965691445
933371366
962714925
806062563
997152689
842377310
933371366
918049897
965691445
955622370
975871225
895384549
733492382
939138528
989303436
811478126
870605714
965987783
973890957
725670667
905222696
994318579
933371366
967212481
880884647
997152689
994780380
895431371
978876488
758636558
870605714
997152689
918049897
933371366
983297508
869325974
978992189
967685028
778566685
932954788
851277024
985386242
903676780
762146332
919955048
862435322
895400013
993168130
955622370
753228185
997152689
923521888
870605714
844501250
918049897
806062563
988484089
918049897
934451869
838631336
824383013
927607570
919888143
961572892
965691445
951512491
902729368
932954788
960079877
967212481
954381813
788029379
857480605
862435322
862435322
932954788
758250416
965691445
937256532
956869711
862435322
753228185
973175837
955622370
933371366
866085515
960521155
870605714
966131512
994306344
965691445
918049897
939138528
986171167
783109733
837279339
984509052
891433663
826394149
965691445
917074953
932954788
900987422
865109821
965691445
891433663
918049897
800406987
927607570
873917215
807680473
998137238
982353364
939811093
862435322
985823461
843345424
975264669
959199294
933371366
826394149
939466944
918049897
918049897
918049897
939138528
984692351
955622370
866085515
980203725
933371366
924508553
782196072
967685028
939138528
918049897
986860059
965691445
878921109
978894268
965020729
893532771
922119809
937544119
955622370
932954788
975677150
984059910
939138528
966131512
927607570
985044324
869325974
969007642
909182725
949655110
862435322
938488791
903019237
932954788
973175837
932954788
866085515
826394149
859724599
898626488
939811093
991097735
895384549
891433663
932954788
984719433
895384549
918049897
956869711
898268689
918049897
819297517
965129038
918049897
862435322
955622370
998137238
872900195
922681843
902777953
998960695
806062563
953867371
955622370
965691445
894904942
932954788
869325974
985819648
939138528
885485366
918049897
937086258
997152689
990946702
786473598
998960695
986494912
762146332
965691445
747038157
959338983
890759574
852341354
963007219
898268689
918049897
983558458
974543580
939466944
978894268
939811093
820560394
965691445
891433663
912643880
965691445
931252540
852341354
917074953
725670667
947030407
932954788
896549943
924508553
870605714
899683973
939138528
965691445
874428827
918049897
955622370
866085515
965691445
965691445
906900072
932954788
849403664
806062563
782196072
965691445
725670667
753228185
889379164
877100566
974543580
918049897
960628186
725670667
918049897
945489163
978894268
955622370
946530946
799736230
956869711
978894268
989719413
815046936
985958551
979830994
953867371
964076728
837279339
964401229
926718407
806062563
933371366
994306344
965781529
967484592
874428827
973777491
952253122
811478126
939347850
806062563
965691445
948170842
918049897
870605714
878038980
982087751
918049897
806062563
965691445
875892432
743982386
918049897
934143437
862435322
918049897
862435322
918049897
963945051
923097653
903676780
870605714
918049897
998137238
891433663
979606748
985958551
918049897
934610671
893431203
953217231
988458714
976119685
822011950
932954788
990295396
939811093
955622370
895431371
725670667
871871752
918049897
996022807
939138528
906900072
753228185
949531737
861567604
926298257
898626488
994054019
975871225
922119809
835755103
921796105
939138528
881490690
993168130
918049897
951320098
958098218
898626488
965691445
702819381
985196357
937839053
802374985
921022110
939403966
918049897
958650857
918049897
958924174
866085515
951722290
753228185
933993460
889516853
998960695
932954788
918049897
962579516
747038157
871094607
953696398
806062563
918049897
782196072
947030407
762146332
899683973
955622370
918049897
753228185
979617146
951320098
980548780
958650857
826394149
815162939
927513282
997770887
817788425
946530946
967271285
895532601
951320098
965691445
947030407
972520576
937839053
946441510
939138528
895065746
988133998
932954788
978894268
972520576
939347850
895384549
901813150
965691445
997485443
955622370
955622370
985434278
861054823
895384549
968584987
967685028
808473304
959686082
939811093
762146332
951617007
802374985
955622370
998960695
955622370
975364311
921760599
953795428
891433663
863087379
933371366
978894268
998960695
891433663
962789938
995837879
994409002
866085515
827080281
998960695
891433663
917091155
965691445
837591866
991537964
981465735
939138528
901813150
995204798
963311734
975871225
985958551
903676780
860751586
979830994
982087751
806062563
997827982
829623323
968166381
776545367
965691445
964050750
982353364
806062563
889379164
891433663
917199100
996836718
939466944
983445699
965146275
866085515
917074953
982087751
753228185
819138634
848086625
988930074
997152689
939811093
939811093
941601665
870605714
973175837
895384549
932954788
903880484
806062563
918049897
944810806
956605947
891433663
953863337
946628825
870605714
902729368
986869170
976811011
829623323
725670667
869325974
525418858
955622370
964367455
753228185
877432243
974926239
803554986
965146275
918049897
826394149
924050238
918049897
912761085
985958551
918049897
999815131
924128426
852341354
804305854
931515521
955622370
946648821
747038157
932954788
930642565
933223749
918049897
747038157
941943761
980283639
932954788
753228185
978149038
939138528
918049897
891433663
967212481
981915927
895384549
940480160
918049897
966157486
874428827
891433663
902729368
987939871
972617443
985434278
781886557
976119685
944337015
955622370
921125365
985044324
998960695
747038157
826394149
870605714
986754771
953863337
955622370
965691445
939138528
918049897
965691445
870605714
968726854
979606748
932954788
917074953
899683973
932954788
918049897
951438080
931281391
918049897
955622370
937839053
932954788
918049897
978460949
975677150
927607570
918049897
902729368
826394149
986821491
943821847
904322735
895384549
725670667
934166029
965853416
957100630
967212481
906900072
877100566
991097735
891143330
890707027
932153801
983297508
982353364
901502410
862435322
952253122
985664125
862435322
902729368
799736230
932954788
982353364
826394149
902604156
918049897
991537964
958018953
904322735
838117831
904424779
941943761
922119809
992133197
599973669
955622370
718569702
918049897
834358474
872900195
965691445
956869711
884762310
901502410
958018953
970390858
837279339
972151166
918049897
998960695
966668641
922119809
966222442
753228185
747038157
992462150
932954788
917074953
918049897
863494530
975871225
918049897
806062563
871094607
829623323
891071422
821389443
838631336
918049897
986030839
852341354
932954788
953863337
959686082
953863337
873917215
986378030
939138528
800678576
965691445
965691445
976792257
965691445
991537964
949424633
937839053
918049897
817212428
973175837
941201746
860242245
870605714
955622370
999815131
818960846
978894268
869325974
977338006
989303436
852341354
758575343
918049897
972520576
967212481
895400013
918049897
869325974
918049897
826394149
985044324
893431203
965691445
870605714
887471415
918049897
928526879
951320098
782196072
806062563
891433663
985044324
725670667
965691445
918049897
993168130
781886557
927077461
895384549
902089687
895384549
799736230
913738825
725670667
958650857
991570104
937839053
939811093
872900195
971562534
965691445
956869711
870886750
939466944
825948454
918049897
918049897
909939880
975871225
862435322
942602597
895384549
786204389
887871156
953863337
955622370
960020270
939138528
933272816
939403966
887871156
932954788
952181114
982087751
976213243
933993460
985044324
762146332
985044324
934143437
904424779
988230883
986741486
817788425
964076728
942240752
953422692
939811093
955622370
973175837
900987422
895056085
826394149
870605714
984967082
932954788
972617443
806005053
986494912
907158140
758250416
918049897
955622370
939811093
860751586
953863337
955622370
891433663
985044324
599973669
725670667
918049897
932954788
965691445
898491347
862435322
947963035
979606748
725670667
993168130
975264669
939466944
907344041
967212481
998960695
970924041
837279339
939138528
990295396
882028785
838631336
987939871
955622370
999176368
986743001
965878374
986297476
862435322
933272816
862678303
965691445
997152689
967212481
948040174
965691445
955622370
874428827
998960695
926657907
918049897
965691445
932954788
932954788
907231064
993069084
832903640
967685028
891433663
978599650
753228185
965691445
955622370
994722525
725670667
901813150
993168130
776545367
953867371
982353364
862435322
918049897
753228185
946530946
934143437
965691445
817539247
992133197
918049897
806062563
725670667
941601665
753228185
725670667
980895083
901502410
960271882
965691445
943505906
899683973
919262028
982353364
889379164
852341354
953867371
932954788
869325974
884762310
991542179
826394149
934143437
951038897
862435322
891332933
994306344
955622370
893532771
967212481
918049897
988834216
918049897
826394149
862435322
985044324
747038157
918049897
891332933
932954788
918049897
864502781
874428827
918049897
918049897
855487248
998687929
725670667
952253122
939811093
826394149
934829178
866085515
995137055
895384549
844406823
892815359
918049897
818454866
932670914
932589733
965691445
867885827
838631336
955622370
998544383
952253122
994577685
937090263
932954788
958614394
999815131
999942821
870605714
928445019
870605714
934166029
917096328
981479457
866085515
982353364
994237675
918049897
965691445
831037252
862435322
918049897
923913137
974543580
918049897
877303645
861449524
817788425
853682096
951320098
965691445
877100566
685484355
972151166
895384549
997763950
808473304
895056085
784145207
965691445
967100828
935970910
982353364
969695041
939138528
893431203
962789938
873005585
918049897
907165179
866085515
932954788
932954788
819138634
937839053
982353364
808473304
998687929
951438080
932954788
997770887
953615514
870605714
903676780
913945537
997129641
952253122
965691445
918049897
918049897
870605714
967212481
909182725
965691445
864291580
806062563
903019237
956559235
981479457
799736230
967412620
918049897
969695041
966157486
983620027
929812120
943044592
980780766
932954788
918049897
967685028
953863337
891433663
932954788
829623323
955622370
972651925
758250416
847018733
979606748
965691445
918049897
975388956
893431203
978894268
685484355
909939880
985434278
975871225
953863337
826394149
764637707
972617443
968574440
927781798
818035397
933698996
922119809
990619469
965691445
932954788
869325974
877432243
965691445
747038157
901813150
822011950
927607570
870605714
975871225
870605714
978894268
838631336
909182725
772618813
901813150
997152689
994238136
921073319
768886144
725670667
969695041
990105849
929983625
942602597
997611191
972151166
725670667
901813150
965691445
891433663
951320098
862435322
942334369
800979534
932954788
973175837
953867371
895384549
987031443
982603336
955622370
862435322
718569702
911492837
983558458
871094607
932298173
980439618
965691445
965691445
833361502
951438080
891433663
932954788
985819648
806062563
973799803
806062563
918049897
981216454
951438080
955622370
933272816
952253122
799736230
976811011
935875651
965691445
979448431
998137238
818035397
930553359
806062563
994306344
964958382
982087751
957100630
753228185
953867371
998960695
891433663
862435322
989786184
939811093
893532771
998960695
967881770
852341354
991537964
851559077
965691445
870605714
939466944
952253122
902729368
993187240
942019270
990956610
853682096
974475098
903676780
902729368
852384203
931939418
918049897
934106106
988018485
911492837
955622370
891433663
953863337
985386242
985044324
869325974
957035979
997152689
990030640
965691445
927752491
980203725
873917215
930242000
983297508
939138528
985044324
983627641
872900195
725670667
877100566
