20000 20000 20000
2416 451 -571488476
12361 15918 -401968913
7503 12797 736716085
15732 7979 633775326
19459 13018 -152849766
6564 3444 -418987092
3358 2124 922913583
1944 11665 772628821
4663 6562 197667525
8228 14798 -253157252
16552 17229 -694167568
18762 8641 893506728
5723 3439 552395807
4583 5075 -350311617
14039 7692 923118893
1708 8989 -742567932
13810 5906 325374342
15311 13329 -305114046
19629 5657 -813532696
3098 18000 -944597623
2942 19050 -431640599
4965 8006 -977337739
4819 18763 -786257101
5375 4996 850028076
917 8250 854304561
18398 4651 -776376506
10285 9528 -817566218
12242 10294 928595378
12258 19234 946809165
13600 11259 836511338
8978 13858 151529249
9787 3774 -939901179
15827 13781 866228306
14099 19795 693076491
18658 15685 -111887448
15743 14467 976064936
4092 19772 931105253
19255 16558 966032829
341 16412 -410385052
3893 15550 -260181782
5261 13259 556388259
18586 8273 -549751813
9143 15726 -385703592
12479 580 622018513
7592 4663 962626218
1014 19897 -749736155
6524 15174 443739080
12920 6566 652349667
9290 17165 -852828001
17328 2933 492006680
18153 6793 -822008565
10162 6141 -709539728
10627 17385 -123933136
6245 11383 322629786
5717 348 -770033308
4938 2148 -154750458
11789 9079 -148075095
14277 11568 244450666
17093 16077 -778956696
13052 12787 -983324306
7924 15891 -952494467
16597 11308 -138037786
2923 1836 741803893
13192 16461 548496755
899 16977 917168151
4716 19231 -937567219
5760 1207 -123887366
15818 17292 838042093
4896 2137 -718243730
7342 14610 -894509299
5641 13774 938262079
8307 1020 988873220
2149 6194 -611522214
15203 6268 175774047
14524 13838 642341754
1785 8024 118621421
15697 8369 699042792
9144 11349 -972195171
7279 13265 856530374
5565 7848 -337750630
11655 6073 632834870
14344 14246 859744088
3130 8519 -539445380
19356 14213 309253934
3099 14848 -418092908
1209 17896 -592535094
18693 8631 -984368749
12806 2165 -610028184
6939 9957 442423625
18210 15543 -543549940
4129 10347 -169040382
16307 8624 389578633
333 13259 655472555
3844 4597 -1356455
4203 188 -767546604
14452 17076 -993160216
4314 16129 -520284778
12197 10807 280169391
18349 5644 305877072
6182 4514 284349731
15413 9066 -983451137
15393 492 -479487868
17240 10897 783809967
11147 7048 -191093665
15335 2768 192128676
7747 12615 851038027
9091 3237 315309746
16780 11008 307974500
17723 19919 372385029
302 7710 290514759
19178 13159 200843572
12467 14346 323417344
15147 16260 -253952637
16002 10780 -650430518
9783 3178 760854467
15175 752 -295118599
7815 6660 909741532
17779 4529 -551912245
1941 13426 -607011720
16255 11866 -613560777
6935 3831 -257024145
19473 1495 128682100
2648 13842 -681913473
556 5373 921297948
14593 13968 -769757885
18436 8919 506735315
3926 2882 899501866
13568 7823 576296843
19523 14162 -909139333
10329 1588 443572807
15377 16438 534335511
9275 2605 608416740
1131 14235 209111939
18871 14436 944768417
7645 9201 -196768729
6322 15319 267738372
12912 13928 700330183
3240 18721 -632755586
5123 689 -225552905
14723 7098 -48107779
8745 1373 -861636587
19486 16377 776107810
4157 9861 652306290
19958 16055 -627022878
19802 12641 -59454266
7261 19615 -977676086
18253 8031 -88755326
723 16290 6128724
17929 11486 -705106138
13398 14792 20538978
11355 2228 -842745582
12307 14890 149829553
15971 13791 -342187294
12942 481 557120767
17691 2796 161346823
7942 13373 -398296054
14146 2087 582340450
14514 14799 325811351
3231 7577 968335367
15889 19868 174739017
2863 5394 976095329
1218 1653 -9893037
2097 2872 -105810999
10277 6584 624986082
10828 12593 951063769
5342 16821 -972112316
8005 4396 -672615278
12284 8053 548992104
19533 14272 349601234
7350 16403 -169269939
8866 17000 -801114399
1904 14329 789541482
8369 18719 389296803
18242 9752 -119748006
17527 10029 -407694544
11960 3894 -673694680
1968 14099 -874350403
2909 17883 777974309
17727 8704 253127509
8711 2210 -414338534
14660 17477 -988768872
15171 87 743409865
11198 5819 -862968490
19257 15169 -16260851
3963 17778 585945482
7143 3526 637446193
19439 8918 362387029
5009 16253 275938041
5887 9606 393926383
391 19941 569319298
1533 712 990858669
11154 6883 922990646
3878 8314 -393313512
19075 7765 -996193385
6154 11277 -198622207
5850 19430 -557569167
5443 16666 75963163
14786 5720 -702616235
6763 368 166990689
14641 12552 818470439
7544 17980 898017954
6994 9033 -856315419
6079 16094 -314349573
9119 9904 67885917
91 8561 -634550866
15337 873 11588590
18965 10249 -229432646
10424 7190 173575629
7240 16086 577605636
10240 11487 708930457
12016 1634 -155702800
17513 17052 -431176574
16432 10338 -337840277
9347 1738 -883720099
2787 8313 684466200
8170 16835 -957998442
11577 19157 197302857
14581 1104 295376240
7911 14251 855172457
4239 9896 -183572785
13859 11479 -905154420
9502 6624 591875382
6078 16222 -949550586
16653 11416 -263031566
12199 19098 -117451859
2623 4951 -150750418
5151 2419 -649593907
5593 9757 269737994
8316 5952 902261201
17497 6391 -979622433
4637 5092 -670794410
2469 402 -866046836
1737 2533 -349334304
16 8956 369960881
2079 16144 -583748495
236 1231 820233955
15778 8034 -411586918
299 1483 101807581
1171 16765 -912507960
581 15913 -217494032
5123 3029 277163394
4610 3198 -833641910
11618 9473 -149374610
3517 17185 -70052669
12773 10298 -628721255
10929 11145 178842717
11746 7525 309153011
8295 6707 -571574561
264 3126 -540212328
5978 12732 -595547902
1399 1495 68390597
8724 12910 -928389401
5910 2435 713113321
2857 2699 -845757524
19719 14602 -254143409
5921 8226 460118753
6329 18690 39367633
16433 9634 -687547484
12478 8760 581904485
18190 4119 -701399168
1852 555 -285407222
15962 14960 -613343491
2747 17000 566121573
7868 5080 269526976
3715 6147 218142385
10561 19097 -982431304
16779 9085 176315735
7201 8586 99659997
2732 19673 483186597
1935 9815 -449274962
15699 18210 -691197776
12623 14810 306637642
10884 2498 24508191
16368 14462 460579631
5973 14377 461583464
14462 15220 -168146851
19208 2376 -943008399
8706 16018 482747233
5685 14146 -90539174
13726 6604 -639993917
1383 11711 176409679
2455 16503 966575936
1516 3635 522300948
370 14354 -687163161
14114 8184 -352836520
3287 16912 251587256
14558 15466 -255523075
1984 6323 208361839
19158 8814 749557814
4783 2496 646593625
11297 1581 337374734
11173 18268 417460865
14124 14791 21913119
16996 15303 15150939
10987 12916 -520254498
4886 7846 -216253059
3910 12988 223965395
9188 5574 -382278100
2276 9623 -792457879
3141 784 -187259953
5026 19789 -944585656
17564 7115 -224189255
6219 3716 -113972422
2978 6137 -232251988
13970 6529 -307368770
11605 115 -889621360
2267 19791 473197718
12858 1883 -704868779
7892 12421 381545378
13831 14296 -195134454
11958 5063 272788183
19551 1503 -571758347
2076 19598 -842377966
12500 18314 41484226
13156 10157 -306565681
18433 8054 -510456607
9170 857 -366984302
9569 1214 520995564
3451 1749 -722590271
11353 4642 -940811486
13715 15306 772104141
14342 5996 -380448071
2575 12369 313628501
14380 8407 -830541981
14000 13172 -388061943
3669 1335 -870371089
14340 13240 -240526795
4685 8379 -212037364
1912 11341 821053047
18376 19802 222826665
1389 16840 337301163
14752 12039 289143790
7469 11096 -66112607
5140 4681 223171041
17800 15239 -206303748
14896 3061 -308376365
13364 4603 -959383340
18828 5197 -324673560
686 3437 -644288376
10709 13019 -817974846
19205 9355 956318114
8493 8555 659159236
16835 16383 -130129895
2214 11904 -27309616
6203 10296 -696288154
13680 16666 385569384
18921 17958 -372308102
6015 1828 802074391
8371 1073 685269706
14264 15120 212083543
1565 10025 -862069813
5954 10695 -325857808
2912 16858 -865773988
9630 3726 45826283
4945 10991 961588396
3003 8054 -417065626
5385 4676 253686060
17099 7889 846902911
15692 4905 324104824
10770 12119 605012105
11886 16805 387130423
16555 15086 -469628406
19683 12301 581408904
17197 17748 -360373165
17554 2586 -899554565
1721 15938 204168600
19224 9265 -658442578
8998 10828 -236924084
2559 15509 10719318
7533 19181 65531019
11201 12786 937282545
7859 3655 911537196
5173 7641 -195426089
2243 12549 -662826045
5809 11773 -176964837
1143 1669 339312554
9575 1746 -817249316
9965 5729 -763446861
17433 6917 742550873
10126 11472 948533203
9752 15091 736009133
4869 18267 940044834
17692 18663 987827792
1382 11185 -706555791
17765 18875 -364557900
9531 5352 -572349759
7408 6386 606210377
4956 19480 -551483423
15470 634 -971755576
11124 11965 -583070431
14113 5575 800823582
13999 7031 105704045
2409 15564 851698819
15875 14106 -648677953
12237 10975 -553390714
18102 10215 -972718925
14373 17594 520874884
18070 15150 940667579
4113 8616 524833712
11306 5662 -673509393
2673 17299 133668948
9128 250 178990593
2621 7413 242564603
14757 15965 636483388
7094 8037 -263584618
14225 10142 -56141694
2500 2606 808429597
490 11029 -951380064
2624 9748 -933152407
4137 4352 -723301953
16646 4417 -897927536
8612 13889 506130819
552 12712 71840146
3645 8988 -852705183
15321 17859 900022275
3191 15558 -167201949
17173 13081 226525161
3240 19800 121019114
5551 6749 556599101
17011 966 -95200420
19560 17209 -505357626
308 13195 272723588
7984 10970 -518785269
15581 12434 -113275614
17898 14991 -343056742
8134 967 -164618713
11580 19667 -838594740
2374 19674 968440586
14691 11063 -573833387
15421 17952 -754126078
7867 9318 -12311770
1947 16392 -378301484
621 15338 -174985166
12513 7928 -654206239
7954 14093 -597628804
4541 15120 812552437
911 600 624022510
265 19190 -177254607
6663 16381 -164932671
18941 9513 -817741733
7998 8322 -338046715
18282 14323 492515875
3695 827 -15742729
11898 1188 409714725
4227 5790 239699239
9807 10742 232672960
8521 18555 -147572079
11182 11712 736539268
19108 17806 -166675705
4580 18022 -231532190
11052 7641 472111437
5162 18976 -177190894
16026 12815 130535376
11256 267 836169596
14048 19051 -974939515
2017 6124 -473018047
12932 10808 244142601
10911 7119 -929171338
2726 9848 -185241420
9619 19008 48581890
11564 16108 -812570821
14611 4096 479182888
9547 1798 -879221317
17907 6460 -464931655
8551 5642 -880211064
1077 15302 -409457835
11466 9446 533209265
5338 3980 139370421
14585 7402 694567762
1682 13493 -574560538
12475 6203 -349863653
10344 9623 177317716
7420 1598 537295648
16510 17254 -634346585
4362 9728 464276481
1940 15884 -313325698
4816 5698 582923150
8302 18314 -297401850
838 4773 -58436844
16439 11251 -579867290
14994 17967 -143486589
9329 7846 256115315
959 1915 -798016781
7649 8147 -245329219
7125 2854 -553344600
18115 12050 191407356
6380 12243 995916284
5615 978 886015637
1233 8532 -679527470
16240 14882 768788641
17790 3109 166864542
13048 12805 -154295735
11703 8311 128655963
15496 14464 -993725875
5229 6639 940900864
7676 12989 506973051
14065 6735 -675441761
12838 14182 931873478
18636 15581 254090356
2308 5947 -396848247
19657 1594 -79963369
14599 15395 24448780
17613 14373 390530824
7203 2761 126075415
14196 16802 749659801
12379 18904 171284669
10142 5131 -135054449
2338 6721 946730037
18715 17475 993444691
1825 340 400756639
17152 15590 431052471
15576 7290 621976530
16927 5587 -455972354
17954 6856 349659635
18399 6531 909117064
18331 17201 -230892261
18512 11658 -141642793
6716 4999 769074976
3418 1633 640543311
14261 15211 -361255653
13466 13064 -735705319
328 19531 320900537
4201 14529 -774409164
4378 344 316830351
9952 14747 628155451
17277 1438 -448788158
13100 12500 156573289
14425 13565 -150145701
11235 480 -358793123
7531 8303 -246418556
4825 19908 -803802082
19478 8565 -324844069
595 18724 -430064648
13302 8498 -328767290
9185 6395 -176919465
10113 3845 -502651326
7239 6898 943209527
8656 8172 565245337
1897 12113 829187705
3280 16894 529311406
14962 8811 476834716
14330 18990 520587031
13253 654 962860213
14196 18404 -665902424
11446 1508 -235894183
2151 9610 -39215082
15503 4216 -182849111
8707 10297 -121933999
11086 769 -270519816
13095 11925 -86836109
8941 8176 -515390349
1769 16767 864582995
12520 15974 340981378
7469 14803 -412559165
4253 5352 -811744769
3104 15365 -441539188
361 17680 -555308370
7174 6574 492343135
4071 12873 408622794
6021 6672 -456888827
5918 13447 -366519435
2825 11701 -864499314
4978 9333 393708758
9048 5951 -750248072
10076 10886 447686637
12251 13305 -602465522
1070 9832 -498908143
11690 4743 -457983733
17274 4533 -959977933
13701 14938 -983365671
3836 15496 -162467144
5896 7999 -905211071
10212 14161 319539180
17681 3569 -824378822
9798 19018 162437229
11742 321 426048130
14118 12916 -346131797
12940 15456 -164384594
13092 4395 -212872045
6192 13970 929772781
10318 3018 -110319291
19642 15806 -388037344
3882 11207 113424165
1872 16795 -499725238
18390 5097 -899777602
3363 6243 84759556
3898 1491 -132647183
9951 1841 -238420785
7476 11500 -472374090
18836 6687 401358936
8862 7646 -581550786
13200 3961 -428742269
726 2824 558665457
19580 5636 -472650406
17331 3432 168576906
18209 788 824626948
8711 9031 632530792
3124 15044 437947065
9676 2198 -587770846
14845 19306 -461831204
7086 6029 62001354
8335 14314 -527670987
16699 16690 429608711
12032 1874 -805444138
14625 15355 837713444
17980 11595 -941349897
6845 9271 304819885
15318 6927 -26842270
18487 2754 410395354
13543 1393 -581624461
15857 11275 -173080900
15191 5048 698163628
4540 16388 -263855328
15640 7472 511420835
14778 18738 -413164988
12266 14874 -615713378
459 15392 -529376908
3255 5810 907901661
2873 81 305716387
13510 15319 -119427030
1008 870 -288504723
17094 10834 -507445856
17438 13671 21125742
17330 10441 357385006
3369 797 -667891855
16824 19181 -957865489
17182 8741 -567884730
18940 15567 129210099
15690 5386 884406466
11837 430 -367017837
3508 18090 -605539404
8971 3280 -824908382
10268 17780 -157405012
6058 18281 -154961884
1885 19506 88870791
7434 19678 -287788874
6140 16063 -13536985
19033 10288 -224965138
3132 14943 -898191902
12592 15047 -631038523
309 10474 57589001
10257 313 692828851
8497 19101 -704784440
5662 15584 -652001185
1136 6913 -855380130
12648 15220 -214805667
7138 1747 -23431062
9425 12701 -56000019
771 9081 101587095
12700 649 662953394
7554 7851 -843947779
3168 17346 816103008
10713 6048 116504500
15402 13 969415904
2099 1662 -341817359
15039 18746 -311231528
6143 13699 -869162693
19244 12449 -331626639
6888 1234 -865507766
10330 6974 820457105
12682 729 -940266660
19537 14393 941445531
2235 5525 547702410
11729 13827 -640905423
10163 11505 380546826
8722 10804 615875938
1419 10144 -916974637
7409 18415 -440648832
5931 18295 -235035445
12258 6803 -528155230
19759 7230 -556446516
14132 2664 996398716
3783 7059 -845598945
7119 2229 -658354012
4540 7243 874263157
16510 4611 129652576
4153 2014 866381017
17518 1895 -86361843
867 12461 -474863062
1209 15306 -462850360
4882 1135 329090158
292 19771 -210442007
16834 7425 223674976
5326 11093 519512091
4847 6268 387462977
11217 1058 5043855
12661 6351 31783088
7378 815 921780309
13116 16659 443653591
2505 9216 -34712594
12110 15075 -642942851
15896 15922 -792310522
13804 17519 -406819142
4397 6928 628401502
15741 6583 748371546
10272 53 -511735011
10923 3199 237606600
7790 1955 118014846
2595 9442 662130403
6004 10523 -662638309
3866 16940 -662317227
12093 11614 -181237397
18560 3518 600811943
17728 14344 422867636
19518 339 -222434873
16793 17238 -845708733
15480 7066 -67780410
6447 6131 771190387
1041 8532 933230469
13038 19608 -877634251
7992 5117 -464941887
18425 1447 98557492
19695 16490 50651165
7281 19489 878404550
15035 4995 588117401
9437 13291 801924560
7580 4622 -697994584
389 18019 -78991798
6540 19550 -947575729
17427 4499 -731739157
19780 3372 -318899564
4909 7914 -219665628
13010 13094 278169446
11016 14219 -681086692
19853 9630 603881854
4116 12983 -288987890
15448 10958 -731025459
2759 16785 254216378
9002 17369 29537331
15583 2373 -651426952
13786 18786 -434906003
5697 19679 282611352
6940 7317 597193610
10155 9582 626714969
8142 15017 902725541
4599 8167 -691472176
2132 13429 -424717877
2549 13653 674933020
5369 1562 -782896539
1143 1964 -622592697
11116 13492 466376948
3371 1664 504606770
8072 19107 -81531225
3602 6693 -294734198
8878 10085 -731007189
1247 5437 308325580
11069 9370 100339875
2771 16545 17612109
11716 7279 -16460207
19879 8344 651942944
6191 69 276633813
10894 8137 886904908
4903 1692 -879780556
18981 13824 425242040
12972 16018 -709689241
16239 7927 627004975
367 14835 -139533451
5604 16111 -197534819
4337 16595 -176235896
7252 378 370189160
4471 16204 515113335
8880 6910 -81581907
19800 6634 -923619962
2560 2975 999400822
16013 17603 950227495
3936 8803 -946392618
10143 18670 -215534276
18578 4852 669096293
15954 19531 -84884017
15195 18140 370522251
1023 10002 -584694608
10723 85 442191556
10826 18750 -105755416
15752 2935 365170278
13711 17062 -447178222
2889 9647 749762850
12557 16401 -439976248
9035 5087 409222915
15046 7719 -409372559
12660 7415 -171064586
1453 18202 -166999852
15102 6390 156800387
9128 1706 -30135023
11599 12322 -5133209
14385 14260 -243369242
8556 1159 798595868
15370 1251 882298406
6402 1015 -146756929
19948 18303 -616406113
7445 17235 576274333
9987 18712 -90510728
17259 4916 -387174590
6407 13348 489384705
1914 15095 -934326665
2737 4228 929117877
2579 15946 80898682
9424 2332 275170037
11294 18353 231828164
4686 14040 -571034602
2453 7794 -423670682
4765 8863 668894002
10896 5787 988657696
3169 9969 862582114
17921 14411 -816531723
3350 1137 -3718607
14004 19206 -305149103
8954 13463 -635583666
6073 14426 -723849685
7304 3401 731914840
5788 19047 -675488205
12250 3274 -599393408
16092 2385 -893050500
10803 3923 362472959
10671 6654 -224793562
1133 5634 -330750172
6507 12012 138881461
2283 12600 -787176327
15957 7507 -711740049
15419 1551 -704694026
1949 18645 162582109
10460 15435 778859398
14016 496 896214250
213 10164 479954680
15377 12629 -281929694
14284 3336 566974121
11708 15479 -455782157
9072 16855 799812403
15779 9190 250312284
8736 9374 -370945673
19697 2752 395394712
6560 4772 106879
7062 313 400251171
7395 18306 697148472
13995 10283 890131371
18088 13820 381574517
8804 10378 4199418
10391 18368 782795017
16636 15656 -750042492
8268 13126 603851684
10813 11305 291441310
2406 13670 -315762403
655 12324 -382787383
1454 5006 -850883640
1841 5576 668560091
1496 18013 944580752
8820 1878 114075977
9838 95 -838286418
8643 11888 -326125855
8492 7190 254283793
12352 4640 -472580654
11172 10734 751484288
2500 13187 -560445576
18394 231 -371863119
16162 4213 -422655857
11426 9876 -988596451
8148 238 -585902643
10800 1156 625823244
16185 16482 -808239911
2899 3813 616610475
19429 16800 -140625089
10575 14569 -555210370
3752 19741 -712750243
9832 1631 602664457
19244 19137 845063232
19477 13342 -239005282
6172 6770 539444949
17972 9324 -542237465
8891 13681 266203960
18417 8883 -283229912
7388 1295 -202192663
786 1276 426383221
3946 163 114393634
4813 11759 -744490230
18724 2645 829147738
6074 953 989437816
19578 5628 562056240
15904 9206 146750246
2609 6653 -263390030
18164 16465 9477482
14013 12350 838467865
6082 9855 -789254770
12824 8712 345141045
14356 9155 976328082
18198 9781 188603229
6547 10993 586238017
15197 2896 -231623408
14729 11444 798320596
6161 14976 -398551983
15339 2032 365325263
4844 9476 -539688603
13792 4047 662620690
11026 10054 770844139
13792 6848 -673433530
13184 16332 -730701092
15552 7929 443809044
16904 10530 -726218904
795 1932 -822866924
10369 1717 631514116
16603 12101 955881515
13339 1224 372786461
5486 16525 386398100
5757 4668 513220011
5011 19003 -261571339
388 10556 -186838490
10766 3845 -677363141
9588 18390 552529997
3983 11067 -873642733
11094 10202 -888292281
14309 5571 -69002897
5427 19088 -981062564
18857 9591 -750334402
8386 8914 -956218333
3342 15907 7980662
5698 19911 -45158900
17250 2167 -432929831
2077 246 253325335
15120 15777 -920854002
12882 16153 486440235
18008 18325 -788178321
11121 14138 89242551
5945 10280 -885892978
6906 10599 -117078360
12655 8830 -882498900
11733 5523 -239263038
17595 2995 601326726
13735 18412 587909191
18342 13977 474632652
15673 11927 -123887425
19485 7928 -434963008
11154 11962 296238208
3618 14337 727147568
8724 18982 -472113896
4990 781 -157219204
61 566 -932834583
3736 11251 -317093614
14589 5352 -105347635
9325 6440 934300135
13867 378 -3419703
3935 16452 901732336
14552 6199 -473554626
4754 9065 534863487
15229 2946 -726246876
1823 8594 226356395
8000 6659 -433692551
18209 17680 -72124827
1974 5361 -732756733
16061 16188 -1829709
14154 5408 521338335
12853 6962 -920294432
16753 18898 -274172953
15229 8290 446317884
1985 13471 -9898342
12946 14053 -728842644
7635 14769 -475993244
12915 13624 997423281
4233 16397 -248634352
8475 18791 848418056
4186 7922 -725688966
19151 5678 -213037491
18585 5499 -687977116
16511 10043 863249731
13456 6225 383934371
14646 16093 946526706
19316 14024 -152820761
7693 3721 -396080780
1533 5941 -354199269
12895 12734 -738193140
17011 4594 924947877
17340 9625 605830447
14564 12405 -12079976
8742 16242 -56814963
2795 15473 -231012107
6454 17242 710257947
11207 18471 -110570482
15195 10694 -674599918
3772 66 -999794617
17916 3422 997573745
18934 3768 -194062299
7660 11930 585696137
7623 11219 -586233557
8071 13571 -478165565
13484 16543 -878661955
18810 2814 805408209
9231 9035 464560344
1645 18299 -735166994
10042 2324 537796935
8945 5222 -683836689
2029 7003 414419985
4048 11157 37960134
6984 15299 88424127
1269 915 883807723
4675 10245 611847052
16345 16498 1652844
17948 144 -586939157
11379 17273 -731829177
8083 2330 308130158
17030 4322 615565571
608 12657 -704636394
2880 16721 -607437854
13856 19853 955454298
2571 13587 358477915
12969 12295 539417059
12036 1616 608758361
5386 18106 806104592
19783 12657 698256996
15075 685 897940809
14045 19152 503023634
800 10383 -88834318
19163 2015 -12816793
14686 9016 619585087
14073 5572 -432686012
8204 10058 -782176049
16986 10359 -339243417
14934 4985 -595286442
8216 15952 -248307227
6515 16395 961697264
11409 16881 477165054
12 14336 811066339
8896 4972 -775336737
7692 233 127396177
5008 286 594343681
2129 9842 776427029
15160 11417 600043824
4987 7137 605515646
15726 19718 158271261
11228 9593 -634475267
2986 4832 -472351127
70 8312 962237870
11881 11389 -691284082
5945 5931 483107336
18655 15687 755370648
1305 4586 943569945
13916 12276 -421012378
7945 12158 -752894351
10777 5823 180346808
13660 9945 782731721
16094 11665 -999514626
5670 11047 128577137
16926 7538 103161787
1723 1685 572942561
11641 13913 765297464
1218 18840 -707450909
1761 15227 668589660
6624 4016 967697045
9068 2463 -389315033
5472 7009 -386764569
3520 10391 826468089
14094 9206 -368968928
4484 14586 -938886472
4042 12650 -958430221
5887 18666 -907684961
565 18392 317971258
14791 2404 -169959523
8188 6295 400532834
17534 2638 -611506070
8707 11941 -819120399
19268 15065 -355846878
10348 15424 876891503
15038 11645 -92632977
4779 10705 -559887152
16602 6354 -683321361
6351 1039 362921362
10306 1133 385213894
19159 11148 -932893653
8798 5463 -258302648
14482 8620 723579789
6906 10612 438974632
9061 4392 546505405
479 18781 -432408948
16282 17876 -478561285
14109 4518 667499749
17493 12767 -408810846
15425 5999 -433146782
18852 27 983697205
1895 9064 879953058
14398 14177 144076518
8373 11121 -541948595
4666 9225 -464804969
11457 17056 -235889467
16046 1856 -331922833
4541 7903 419454348
16374 5483 669525561
6409 5430 -877355293
7217 18739 -790506866
14539 9025 593510782
17648 15721 -629329814
9155 6980 889509276
7317 5973 -437792590
4565 6612 -785999039
3518 2717 -843991639
2259 2628 489686670
2653 9866 -995710485
12074 3676 946967064
16664 14674 -733462410
8280 1242 817383904
5232 5001 -33525078
12949 19244 -823124404
2718 17610 512952671
7945 12813 113175115
14995 17837 212452838
15980 660 -492356310
577 10235 -303689181
8083 289 667722865
6626 5058 257221103
8945 13635 205183541
18670 237 -78544063
4763 17532 -207076866
4057 2733 -979255840
11309 2968 357282193
14509 3574 -812924452
423 7911 -793903313
5759 11008 -113465129
10508 8689 886166310
9734 5680 -196573536
780 13535 780079667
11000 19969 432365287
10452 8470 52592656
1346 8184 481745592
3281 11936 777616570
8382 17912 -661482739
10755 13485 -892297483
1741 12142 -983145516
6847 2579 261940943
10029 11594 188823757
4640 7509 137472307
19858 17249 -966779838
6450 11711 14713361
14890 6804 835735110
15566 17774 -387099298
5324 18396 492133898
12617 16957 -274221302
13425 8375 258172437
16787 12939 488664889
7767 10594 -36458646
4880 16148 -740471335
18698 12380 562499688
1107 2662 174188168
13599 17713 669850502
5690 4058 100993415
14443 19872 320238028
14163 5062 -330599255
10673 11453 131718216
19052 18273 922010124
11616 2037 -119752456
16914 13388 -853182925
6567 11099 327919252
845 17561 856317627
17643 6976 -435678407
15214 18490 308505306
9276 4615 -731954009
6365 6347 -460507238
4995 9695 702880165
447 5084 372499866
17679 7660 369552935
18639 15196 312918709
9336 8013 977781149
3533 6605 -484720514
4729 2653 959031040
825 18937 812681548
13306 12648 340391860
3037 2282 275256188
8473 18556 -909154347
3789 7165 909495550
17093 4357 756984111
10297 17284 709250289
12186 6852 -422577535
10793 13444 350579738
15327 12296 952659741
19251 17302 -736639449
4331 12456 216785983
17246 8240 910439238
5429 16179 519214829
4828 8037 650553658
2420 17016 345654308
2719 493 -835141335
3955 15452 -508414981
14046 5602 -191395516
18044 10512 -598853882
17233 12772 460178107
4420 13618 -453046230
17371 11018 283293241
17670 12730 -759430625
675 17451 -758582109
7698 17982 24279166
12043 15838 368869007
157 11651 -739185984
17635 18387 -89080744
3443 3431 -93451882
17325 1109 108946029
29 16909 -921523689
15239 5173 -698213611
10886 5824 -190961042
19473 12907 -901430211
3057 4547 -395672984
12198 19185 267577374
7929 8887 196138962
10098 12266 -648908666
2515 12908 834025361
1882 16369 370199102
8744 11422 433413276
19634 6863 -182797360
1299 7274 642072240
8379 4072 918605435
7187 14408 -790716514
2203 15346 414645335
16095 16895 -42744586
12515 18379 -412651667
11092 7501 -444215013
8096 14423 275217768
11089 3583 -397819281
19291 15625 994859493
8388 17231 -329940709
6062 15669 38207658
8997 3754 -529892185
17127 8874 759112693
6266 3006 -318274350
8908 6431 -786168251
2588 12781 5197947
6602 6481 -830052610
2955 14141 823110855
7966 5469 -856996659
16115 12103 862561423
17794 11443 992455609
12007 17825 151692794
8313 10687 -319598660
7739 5046 -46513675
6370 15407 -838516699
17511 14180 -536689702
7223 5564 -152122294
3484 5991 -383035373
17029 9527 397187748
11739 19773 -623927685
16685 14000 -58170001
19714 13978 872408695
7970 11007 891265686
12217 4535 603498495
5928 14091 -10596257
7732 125 -356103917
13296 9038 -947382926
10538 6884 595218167
9249 5686 -8593508
9191 5901 19480056
771 12191 130510403
4982 3065 601904215
15927 2665 323116158
10193 3974 127214742
1621 648 -994421702
19501 4600 -272781883
8823 14689 401408211
6189 30 -448854743
10588 9054 -847234855
8891 17986 -139211806
9199 19286 906871779
18239 6191 -229384747
16561 11785 -98271771
9913 10524 317587600
4018 6276 -87920848
14589 13785 -583737213
19816 14162 726785692
13067 2875 639094311
2063 5834 -566427021
5057 17459 334767911
1993 15353 322569558
4097 19858 535130827
15625 10546 210836705
1199 14484 54756998
13750 7837 -976472716
13327 9411 -131884428
12953 4377 20056156
11919 16898 391777089
10487 15871 446256661
11096 1109 484336203
2564 16445 719968607
3438 3571 861577413
15700 19985 143320530
14916 10010 -510641738
8991 12267 431840792
6567 60 -51270111
17544 13075 -52158913
5932 18714 387015237
3192 15492 871212709
3683 7668 -152539593
4767 4673 -130898649
16186 14643 -214868901
19614 8027 761121332
4865 8467 -873458494
639 10035 521422891
10060 3491 -924666909
3229 19289 476606288
13607 437 552908263
18878 13198 670928559
2715 3267 -87020687
971 2505 145951785
18046 12429 -839358813
18965 4611 -8646248
11984 5323 740497122
1001 8217 750632512
2534 7458 -422857726
4592 16477 414594917
12314 13590 -308668091
4316 16198 -773704194
5481 14916 -2951203
8548 10622 -423284625
14831 17989 -942367422
15609 8089 -695930711
81 12969 -848490853
12030 17038 518491751
6363 12132 170508659
5785 104 248089743
15493 10833 369240002
14093 11442 644797541
7073 13031 -653681254
17639 15494 -315964568
18371 3833 -484453815
12971 9542 -888486312
10645 4496 287685173
4704 3654 559479111
19598 3940 676495967
3267 5894 -896964984
9988 14466 253318504
16635 6049 441660661
12903 19926 770715392
3903 10963 -356161893
274 6371 126858108
5337 3042 -108575461
13554 5039 903190287
13913 1531 559419714
16832 14621 -347303356
11192 19935 -798497208
11408 4298 467418829
7386 5131 42902758
14142 15047 761962826
9009 11159 -776585389
13876 2755 -318915324
19403 12146 -559851459
14322 11154 -30814423
19570 445 798046086
9413 16732 776608291
17325 9961 450769755
19988 5335 -240994809
11736 6044 -969214157
15187 9720 -177746897
12470 5437 34256346
8260 4973 354718563
6657 9639 100167028
5831 7725 38243565
124 7114 416101706
13521 4269 459363162
14677 14972 248504157
1606 19173 983629227
17596 6531 421699019
10478 13353 -66169907
2798 14416 -593167181
5571 18255 556293396
5720 10175 520287573
266 18541 -805485490
6668 445 563398709
5082 5607 775289665
4930 6319 807088517
2825 9152 942736717
9043 452 337192748
13921 15912 -656583787
9987 2902 -616776756
19371 3828 -395105357
18857 3278 -875392975
8192 11301 -897011814
8041 3501 314669900
4991 829 -83180857
3640 7075 10725100
12273 1026 -972505529
10534 11918 617945883
15760 1381 -434774370
5633 17769 -572454727
17488 2285 178457737
6418 16838 202155839
12374 5049 -59248746
11892 8848 254741767
1816 10608 759016075
3484 1284 792727803
17066 17013 75720276
4712 12049 545412379
19398 15857 46536754
15887 921 -812903669
12910 133 41441420
8454 835 75791528
2391 7330 -483543925
15193 10139 -661752414
5545 10441 -245467476
5096 3923 42160892
6158 4319 538790992
17420 19126 17474661
7753 16731 -829894058
15047 18510 864330224
17330 10817 294632088
17448 18905 -774128439
18741 7801 -1947615
12187 16409 64340593
9119 17699 -781492251
12517 16589 -890239753
16566 6423 -498349613
4659 13478 -420750635
14103 2476 227464693
10961 17766 19502651
19441 8186 893954726
4381 15744 148865390
17137 12045 -442174074
6830 1047 -199959047
5370 9848 -940276994
6372 6438 -612957318
13435 19797 472214556
16471 1307 -457237959
6121 11435 -925241170
4273 11902 977658103
894 19816 -186913370
19950 10026 -333047359
5876 6443 -23047979
1606 1555 498294552
11814 6362 -710809428
13149 11001 -109305304
1342 10880 -329246712
14492 2536 -968419076
19608 23 982458206
11875 15442 171554466
5383 11896 463352024
15726 11498 386152994
10455 506 426814907
16542 5026 360666035
11610 19424 812240616
17663 15150 -777722000
16269 1594 -832793933
17953 439 -214522521
7904 2485 -231455196
14736 5559 -662993067
3247 19677 -434657493
13138 8610 -708631617
12956 14414 -815128042
1005 13121 900041447
3887 15915 -560275954
2078 9081 -167045577
18778 7083 -432844834
14846 15522 -175656968
7813 7098 -906519391
16512 16807 137764345
8260 8907 244805982
10851 10861 739865910
12495 427 -107863108
13440 13520 -795321674
18154 6685 123750857
11359 1283 -890999216
6472 17276 113779073
6447 381 -374306058
9668 15431 -724718398
15065 12190 -504038670
9321 16698 241873076
5489 471 -413807695
16753 6065 -750621035
5124 9758 -370024493
16794 8535 -46198493
8098 10665 316388891
123 13180 172572628
9039 19406 -834646889
11747 19625 500732523
4835 11946 432130052
11235 18649 569986184
1903 7121 22919850
4767 11087 -989300954
11297 16855 -871325051
5984 18074 465884911
13459 1040 -631664729
3807 14568 909589907
11685 7761 -391981928
16231 7676 970781659
4807 1666 235532596
18105 18203 936883179
5221 13901 643559974
15985 5094 11419972
6459 15415 -607175328
7582 16749 711219864
8802 2470 -159320307
7133 11551 -890130101
9650 16019 -121907588
17625 4981 -896521731
14810 13296 168994978
3358 4793 358341798
7724 4639 -623185742
17164 18473 219538448
12288 18145 453446720
1491 2029 50372904
16681 18591 548067938
14230 12972 100340153
13405 17017 233622589
2803 6901 -283704587
11555 18376 923491161
6166 9321 970832845
18281 11352 -754363862
10644 14432 528338761
9251 11616 163041858
13266 7627 -433396872
1885 17549 267005510
8255 18940 862610845
1319 14656 -737278028
13273 14975 740714645
521 17542 877848051
3645 6677 189415659
752 6041 -858576434
17669 1694 -470590092
5828 8337 465756097
11194 12512 -360583052
9094 12379 -958853698
8702 19055 759404010
11226 12271 982276977
6705 5036 846071078
14977 19845 -616212686
15835 3750 252810968
4237 15229 787172566
12743 16541 -606773589
17128 17136 767647004
8011 5380 897776708
9155 11101 -515156631
19682 12298 543819450
933 18280 -677125954
7733 18384 705563746
14890 8337 544479114
10522 15118 -893938647
8208 9501 756203283
6645 13129 570888186
17598 16879 856712170
16387 7130 -106769860
11049 2127 825403940
18999 10218 237314233
10053 3329 -802707339
5463 17595 -753987506
13445 2295 362545713
2870 7720 -851052779
17645 4135 -937819074
3916 17575 -826313683
14190 2211 -378389297
9082 13547 349758120
735 17082 -132933371
10963 2867 282540629
13624 18304 -189866586
11794 15084 -424311141
15911 18408 -114478434
5046 13041 -637795077
6989 12831 -639067954
16303 12004 -386897558
8408 1434 2534054
17017 14595 242880845
12550 4294 -360675772
16888 5482 293814183
16444 8331 778196279
17821 18817 67320773
9603 11286 -631868539
9840 37 -947779056
5555 669 -54722284
7425 11838 59536631
15907 7587 179628650
17549 13553 -887193844
16537 7627 -672536769
2184 11373 -863772211
19823 7156 240705863
6628 17022 -600884564
2597 5273 828983039
8758 3605 -612425766
3302 10017 657513396
13711 17970 972237922
16886 6465 113875206
13614 9335 514036894
8397 9013 -237212575
5884 6083 -728169896
9996 16222 -342222832
15364 9242 944080
16756 6994 990194989
3408 19185 -989553167
16231 16568 328065594
6621 11504 467982545
9580 16230 -550691262
17484 1639 -652601143
10901 6059 875635387
4260 9752 998307125
4967 1902 -473709159
1111 10076 -889353211
7130 17170 398861003
3769 5642 -963430891
6951 13346 988787113
16460 2116 413270315
4191 6467 641493210
17358 1956 64094231
8287 16678 -520875618
17055 25 -584320902
7269 14583 -507668157
4984 18506 -654169590
1096 12569 262438217
18192 4803 -730400427
9370 16395 -242791252
4535 15782 869843826
19419 16747 -497475720
8759 6188 -414067775
116 3541 -420895414
12385 15041 -67077250
18550 11546 -544919273
5864 113 -510704499
6284 4055 599472035
19979 10190 710176281
18693 15055 -389729327
13651 14991 -653547768
14607 19536 -524667947
7084 7982 68238616
7067 3290 848011317
3185 5624 226383392
16942 10190 537941029
9806 8432 10080471
16047 15743 960893338
13070 16852 -771072834
19476 3569 888990826
7855 17501 -125013530
301 11571 76888657
4918 7988 -245673582
6414 9516 544147895
10482 3777 966441804
2961 1797 81597279
6583 6706 693422148
5072 2925 -547290255
11924 16693 851210299
17716 10403 545205026
6079 11536 200428565
5521 1459 835390413
14075 8903 -350619703
6604 6823 552158542
3227 2655 434775951
17562 11006 -528075793
3796 14590 -79865552
6575 11051 -598571325
9757 14840 -91982335
9481 4849 -178515485
10842 6795 104049503
1205 3756 407926598
8551 16690 -531866156
915 6615 -864524871
1042 9849 -885418487
5069 17105 653636405
18025 3143 289275007
14318 1730 -362363427
6541 15651 -565804434
9940 11015 772174995
538 16044 400161880
1232 10079 -376025746
5034 3553 -891059961
9644 19077 -178021674
14707 15224 -988033266
5 7292 27434534
7889 9513 -302153580
11856 14017 763748250
18225 7622 -893440826
4923 5041 187459298
6558 15520 -964969274
9804 1457 147513794
17447 6818 -788499129
11903 8673 370047903
10102 9623 830173436
9163 8057 -95584048
17027 16869 912261935
18842 4200 69745453
8295 17729 604365762
18734 15658 -667796450
13235 11939 786481876
153 6157 473432882
17038 17965 -93633322
10042 9073 624132510
3892 17656 -938087712
534 3593 -460780210
1689 17774 -146651437
6287 12057 768181364
1973 3684 -253104610
5410 10995 239319956
7999 14689 517663842
1827 19530 -897537784
9776 18266 -132137162
18616 9596 599562243
11354 19484 427086843
11774 2473 757189847
3806 5484 -268986368
12847 14938 808502308
19128 17602 373743341
12781 15026 322224611
11630 7129 -894859792
11692 1681 827150401
9148 9415 932361202
3623 4471 392421727
13574 12348 -613806689
3118 10117 629037454
8113 1934 365218683
10865 6953 212015239
7792 1397 -15523016
12361 5919 -995482207
10942 16814 -698054941
15621 13673 -557554519
13791 13785 121592294
17929 3459 -854943549
5618 7978 540465017
8726 13787 -82638488
4004 8202 651781639
11811 277 -547168772
18081 6092 742359765
5692 2 -718121464
9854 5830 720987594
17636 9545 796678543
13476 16195 -203372706
8405 7554 -60792970
18922 2625 831545811
3070 19562 -203405195
16123 6932 329644941
15992 898 30871358
16792 10440 232138643
2302 16507 -130008194
6196 5031 999060909
15746 4155 856951697
16893 18131 -875716227
3276 18570 -278099110
10358 12254 733948852
6506 16147 254660192
15984 4439 -856895619
3501 17286 -642427200
19364 841 -401590129
15618 17510 -859180766
7836 2844 -145699337
5976 8992 -218664337
9036 11595 952248002
352 7854 159218017
1942 13977 -833266666
2903 10393 -320745159
8671 9068 610934209
18882 17062 -264490389
15776 5849 -227385913
14778 7182 429807297
17613 1358 317009326
9733 8069 -972416682
10330 12957 644809398
18982 8768 27588090
16273 18904 864822219
18246 9097 291245401
18209 16624 440442180
15375 14630 -964950539
17224 15042 499340662
2176 16407 -114264969
17804 8160 88183173
13998 14394 674299153
19559 14462 440045019
1965 13242 641778511
11127 4983 -676930138
15363 12861 656713437
6188 2730 -59047428
16122 1033 295398860
11528 16476 -234622447
11066 14440 -975723029
17156 13458 -254191700
6370 6401 -939354845
8750 11258 580879450
9815 3070 -960826721
5110 1153 -698897508
12984 8512 800169551
15956 17110 -954479701
12138 16734 -492624802
16299 2193 42104840
18943 5671 -931030720
5755 18212 442192432
2811 14321 725702084
2206 18111 576457927
16191 4753 -52982650
4951 18020 478450244
17820 6379 -643444182
3155 11838 954940721
11244 4535 -703825078
6125 19582 330718077
13668 6056 757927300
7468 6059 -538740081
9608 12960 278226780
11660 567 598315877
16252 9141 364148565
10334 10266 -708197208
3407 543 -698696493
17933 15515 848914477
19854 17574 902832009
6883 6941 197445170
19784 15672 97180745
2928 18085 393791277
8939 8999 -427457205
4497 176 438525272
18545 7693 93197808
18550 12950 -570663385
7457 10811 301056935
4595 16594 -440342364
16445 16477 479943657
8637 278 498219366
441 8544 -353655084
14138 14227 -402154343
5203 14706 934791802
4824 2621 -458007746
19609 5252 844769577
16627 2921 166476069
9393 15334 -145248013
11784 7001 -75298577
371 19208 168076556
2143 9465 463446972
2949 13155 -854495620
6979 15234 250360505
17722 3937 593071088
15711 13070 691307371
13850 17397 557735417
6680 16298 -505754486
16784 1655 -811024812
14588 16133 435562932
13546 10916 -611415870
2659 19564 -759869311
14989 1795 -283018043
10906 10402 -607163505
9669 4469 475039770
9929 566 -225922271
14784 1904 598155512
11769 18906 971293906
17652 19025 196393669
17283 16599 535501541
19105 12129 932330967
19358 14292 835753568
17055 18182 -908496937
1279 18773 563400696
6311 10584 -378467032
9736 5771 323499565
7229 17477 -80801726
8130 918 -331222993
12354 15437 -357569672
11828 6428 -221359827
6686 8215 -908523044
2138 8825 242383892
16641 14863 576710975
19371 3947 -831981113
6997 13580 -34466799
10492 1015 -64217137
4731 19211 -906469908
7506 15667 -313325479
12962 3064 -113333536
17010 2648 -258758631
10746 1691 128469838
12942 1468 -421994306
7378 10330 -52325159
9034 14037 835966300
7810 11991 -792545903
17689 3858 -973748383
13463 984 883066378
5542 5045 -418220935
19197 10807 366810231
12566 9399 -550243947
7744 3840 -533815501
13765 13831 -21841394
10002 533 -947599891
6285 6675 108066063
15367 951 924741788
9197 18675 -637781008
6077 4803 549635469
6703 17423 -770023119
5362 15940 882123231
5973 1739 -415658486
3342 12661 -364747288
17780 13161 175636226
7692 13542 -164236029
2218 16070 -421927697
7960 16208 503286245
16767 14451 881531985
7346 14070 248724878
17433 9799 856002016
28 4397 -311935120
13297 450 -527113586
8964 13048 633515870
15797 5585 423518679
14752 10269 188330255
8710 11611 587915021
6257 1517 -356102638
12627 14773 -176519733
12941 238 894215932
14978 5019 449716370
12243 12903 -124287820
15568 15572 534083846
9070 9655 116881002
14126 151 935168918
17418 12468 604157545
13559 15793 774034429
15756 3544 111385944
4809 5276 -666593509
13867 1984 -558783382
10066 10932 -112082628
9657 8133 939853190
19678 18307 148072858
3445 8742 220255652
12253 11165 629747181
3525 19331 -437062019
567 6970 672810857
2190 11527 -65190517
15890 2611 954118049
19484 18005 485034773
18470 9876 618179972
19667 7563 -456207367
14404 19690 926732270
7829 12087 -423610496
2124 9931 419317021
15115 8840 -132388065
4617 14674 -396260353
8415 3026 165455893
439 15072 -667227838
14761 4459 -470915399
13977 11114 -119193552
4923 1194 -558828654
10971 14542 167443023
12821 5847 -891081561
10165 8640 -382747558
8618 8492 747204994
13476 18318 453443311
19062 19753 -401601383
15134 16599 221981531
7870 18525 -634939634
1975 6327 812239180
18130 10979 -448526810
16324 10259 -584534202
13057 14345 93541010
12865 16975 -233648908
12325 16176 91634329
12035 14143 -939061710
15383 10241 -767539217
2197 4912 -832990434
17187 18617 416914841
4882 7267 892661509
7969 4559 951199771
6760 5039 -534653464
15113 10146 -23719197
14818 15632 763402868
15721 5730 -870501022
13077 19472 457208149
18189 10158 -691267537
12924 12277 524076801
15900 14975 -362515432
7525 4385 -800204326
7462 15057 549613824
16899 13402 -327847118
19204 29 740039749
11079 827 -141109663
17394 1784 115818981
4959 17393 491773691
13005 14157 -969428852
11057 129 -855013397
2425 516 -171257734
1934 8282 14948535
18506 3703 916217295
14949 19733 739854184
8495 9241 609853302
2023 10963 -351222287
4602 13288 820367531
1710 12150 266618485
910 8003 469354106
13874 13528 -873038557
12289 18045 55318095
18409 18837 795755347
18409 1645 -93576360
16387 206 -120054015
15903 12696 -748044193
305 9007 459905227
930 10594 -264359596
18662 3526 -44331443
5261 5705 573058395
3120 2364 -866461887
1547 11038 -206349763
7413 12491 849632711
2263 13721 545730995
5759 15861 967577481
740 536 779376966
4960 4803 899116949
17706 9465 -608649676
7315 6536 585827683
11656 392 -799542305
15310 8969 -432020362
13591 2356 -510987323
323 15266 78172456
1844 1305 -905241247
6252 10396 -924847592
19012 17293 -502220834
17533 498 475103792
4607 7008 320177097
15374 16719 -99981634
16770 5544 347425499
3426 18592 781751441
7154 14446 -521106667
14879 8972 -843486726
16000 6119 431900626
4294 13912 851958001
9352 3715 -156720360
6553 12328 573982004
2433 11350 81872558
3217 5146 -675581276
1198 19323 -95509672
3475 19549 526240776
18760 18432 963510864
9629 10712 -634470818
1248 2258 983025671
2010 13876 816060085
2988 700 -834801691
14164 6950 -725190098
18387 6638 204760715
5864 6835 -559439726
19615 14511 677588378
5317 8213 175082340
7242 16061 -997449396
10823 5132 -489954663
129 9195 -374897063
12569 11654 -459857147
18701 10255 478105693
4990 6218 -587721652
17475 10154 981139552
10754 6963 349092390
11366 5067 76597725
2396 18108 289440376
12367 5613 965715989
10836 18672 -558509675
12357 12745 437275053
4157 18466 -462651894
13422 8121 861858272
14101 6025 -697746669
191 17072 -303316503
10718 9142 -35562992
11444 10751 -323315000
3336 11940 -333193672
19899 3780 -456011244
13105 660 317274889
9848 191 -433061589
5945 5201 522562397
16649 345 -312955120
6199 15225 193138181
17003 9767 828090614
12781 2050 863817295
16419 18509 -435449785
17483 4233 -392787072
19645 16134 73732852
14502 9397 -465284499
8220 658 -814543437
1183 10148 57453594
4985 12400 102198435
9674 1376 -129213561
3292 5524 570844624
9934 15672 845661537
8542 14333 264555022
6765 3618 606242859
16457 2650 91687884
16931 15516 14063798
12530 8853 579807119
8911 1114 443125232
14569 10952 407369266
1132 15929 174727156
3318 7456 38210139
15562 11819 -685074342
15913 2700 -565984750
4115 19344 -938339669
1939 6439 390191333
3822 10548 589482207
8576 1819 -754845436
12165 2714 429298522
17039 13118 134237301
14143 18664 -468104517
2877 16147 -335395960
13088 19231 -782578186
17796 2984 -147435844
2254 4445 240666666
18413 8290 -35249643
12203 1842 354835204
8119 17069 296583510
13249 7227 -106759597
19419 1416 -260002275
3131 8621 66047178
18291 11086 -260727937
373 14340 -683394495
14352 5014 501755360
11374 3722 -87461121
12579 17494 730067875
12890 14768 249794587
5370 17433 -350036410
1167 19016 639756901
4447 2416 -808293787
912 18929 -397154461
8003 15601 719270725
11750 14754 943506181
53 14251 131357386
16282 5835 7858654
18319 15485 -181862145
1513 2772 649020007
15775 17603 -790406712
6320 2341 901126034
16975 3877 421531373
13744 8969 -357700951
15796 1896 659535863
4624 11587 -944875144
12186 14840 492531280
19664 669 322319036
19031 5572 869599252
1913 18711 413576530
5575 13441 765481176
18541 12044 876501038
4469 6808 -10815711
13010 19911 824627099
15373 15606 -182710264
2895 17489 470691647
18597 2599 -983828688
983 1370 635457340
18814 2113 -943931823
17789 4863 -286216488
401 11454 -306191512
8282 1363 187376171
13838 9208 -623196717
8032 6160 793761503
9285 12103 -502499389
18405 2264 802499778
5200 16559 530268968
16054 3465 -81194310
11405 14039 -367968007
14593 8790 593377926
16981 16083 -824615270
2811 3889 -115219623
19781 3199 469597104
2974 8163 728355464
7545 3718 -985383023
8982 12412 653230931
6500 2101 667244062
14153 403 413731950
3712 16317 -770215814
11076 905 569109166
2629 16354 -987067405
17192 12992 -811505836
4547 1116 121760865
19972 13384 565665611
5413 36 111356553
9971 5503 197091619
11644 10540 -740377506
2163 12089 406358268
19715 14427 -123181288
4856 5456 -491302134
8250 15162 -335579547
8796 4841 59290141
19457 1178 -166608345
8286 17004 -585281848
16762 18125 657161304
3308 9794 -652804381
16351 7088 330029423
13821 18593 262116045
2617 10325 2795124
11715 8727 -497285185
14465 8227 -328203987
17291 15504 -215249098
6060 17356 76082395
17151 18815 354909221
13357 3621 -386271917
4225 8029 614985427
13940 19578 954694034
14261 12 625218459
18346 15053 626624477
10968 12486 733956997
16452 17613 861988740
14823 15467 -166832559
9524 7060 -34832419
4154 3929 -948862418
6745 8611 -89954346
1863 12294 -89991390
17573 5944 220367426
5248 5518 40795067
18463 6330 -689353331
19289 19775 232664023
7393 3209 402810191
15364 16303 335987236
11596 17257 581061921
1365 17647 260317922
18258 10512 -668827486
18289 13596 422887990
17552 12731 208391497
16263 8413 510748938
1420 9025 728362799
12665 9148 -118695064
5235 6339 -356105781
1438 12776 525957899
8392 15387 -655776735
19247 17307 -181543243
11981 12144 -562779796
3242 19784 66231925
8969 7187 75238714
4015 14388 288980857
2958 15266 -469489559
1742 8860 -664664964
13920 15659 526291637
14245 9275 724690619
12003 10317 -21737583
115 6407 327235422
8542 16836 985688406
17408 18665 324326718
6722 14175 -565934121
9656 16984 -548819623
1997 11953 -26540265
12329 17756 -906487218
5386 15510 -541359268
1591 19903 858884401
9788 9374 700867088
13696 8131 -538532537
9819 5848 -286940740
9277 6963 -533169372
8299 4930 -266866495
16295 5359 452699595
18506 13057 -603239107
9733 7436 -428341520
10345 18675 143121359
8992 10164 116673586
7487 13443 -545422211
11996 4527 -494620525
16634 17162 -232355176
9338 9809 -506249551
8488 17812 380258742
13321 16857 567018692
15512 5408 494990690
3206 13787 445860213
4917 8536 -144556342
19612 8301 539809557
15182 7267 -15665263
19157 16821 845054126
7973 19319 535302222
9652 2112 -431029812
6379 8799 246441015
2823 3182 994670242
13467 7340 -924844204
5563 14811 148257053
8210 4425 494886531
9702 2497 -816512945
4585 17039 -338224427
2991 6276 642642977
3015 801 302554315
12983 18921 172389224
6641 9519 -10521887
9500 12992 -95029767
7863 19447 -391346192
13779 18444 -205567651
1168 14053 367896116
1541 1796 -872471203
5320 17976 695907127
11755 5106 -748734496
9099 974 496510282
1795 19996 -52432370
11166 788 177526086
9904 3398 -297375599
9873 487 55166095
7958 167 -971941136
2378 833 389319450
8445 6471 568050051
16089 1250 -415533019
18063 16839 -964692451
18892 14374 432561264
16272 11988 309589373
5462 381 -514244570
16901 19006 -18770325
10344 8017 339609869
19022 6964 637463051
899 9494 -144517224
16273 15407 858255399
14268 11645 -809712833
6546 9894 195036082
18948 12775 374178412
11650 9722 616575790
18054 11172 -444413909
2867 12129 -681182355
854 15632 81766107
22 12929 -692083028
13685 1227 394384692
12802 17653 -564233648
5199 18495 619276728
19573 19931 -982583020
9183 6898 497994736
9537 13792 -415565019
6295 6446 943917908
11082 8946 -951487837
858 1122 955918144
16892 17609 -161007185
6451 4386 315307382
1852 9279 -456275894
6933 3456 -686503298
19722 16119 -690435644
1282 14067 206846541
4463 12653 -692983692
19926 383 -981143467
3771 9594 428676978
5885 17610 864378631
17813 1786 -955582658
7519 13491 -285256524
18359 13638 -38785219
15530 18983 -764351581
19730 3830 453294310
12710 14353 125105401
919 13975 -576498539
522 15437 -403662004
19250 1229 45903747
4550 14432 756478696
9805 13023 -104786477
16870 17525 281762248
16438 19176 -932526479
1333 7423 -855564084
8136 17183 753035649
7342 15449 -286799831
14497 13355 -266680072
16347 3760 -75408856
5230 19740 816189797
16531 1038 -5365225
5497 5771 -272119001
14980 9279 42592036
15972 5028 -828536694
10149 15633 -8577937
3249 10005 -67303720
17223 1988 -766796226
9141 5747 -456234033
11214 14501 818281051
4982 11721 317807551
3864 239 305421809
1711 3152 730382821
4673 5704 358137692
3261 14929 99969953
4321 11241 -996726768
19987 18428 -595201555
15980 2536 -606959634
13718 10852 229804555
2277 7754 774350556
2274 11477 128453047
19270 11559 -478504588
10574 188 -111889779
7619 18510 713181145
5484 8743 971092352
7323 14774 -129359442
14521 9202 817549141
11325 14250 945347457
1329 5563 510632694
19221 8920 -641354173
2542 15701 195082332
9690 10739 693027048
1367 599 996547422
14689 12238 805000264
13227 2415 -90586241
15233 9701 -773721849
16347 15113 714404944
266 15440 604798528
14103 4702 857601098
4290 17706 -380500642
4806 16527 588853868
7722 10 972102059
10424 16741 717119137
6717 16224 983380604
12389 7862 -303771656
9151 2544 -36817409
5082 5683 349102071
6267 14468 733642713
10605 17496 -438051661
1996 10647 -574196045
5451 1546 697719654
10355 767 -805735234
16024 16099 -568302852
1021 9773 -648814747
14248 12224 -297559625
7754 4107 938341355
18403 583 936925237
16181 13714 -614547704
17641 7309 750432683
19415 3574 -455554138
17135 14868 432415006
19707 11454 12576978
3040 13984 -673461408
19670 8298 629637081
17352 12757 -718473213
2128 4210 837337434
8216 17504 -389830522
717 14627 -490834670
6668 4699 226902790
7108 14556 523601712
417 15397 -76254132
9865 3545 -797926543
3823 5551 275417558
6274 2269 847367745
12548 4808 -577124350
13059 8671 505783811
18246 5761 -613637370
7666 12663 129013834
13884 12047 98616377
16994 7048 896509530
13924 14742 -525513192
2845 8892 -358381451
18709 3241 886837369
6763 16136 647519865
18250 2086 766863198
366 6963 -276760152
12404 6193 735767284
10706 8823 -469724281
2778 10063 27216692
15053 14570 -145653793
9942 13840 523018755
16244 6376 292498104
7758 5485 -693012333
9860 18235 -745246678
12414 285 700727207
14767 639 357974206
12633 4942 -586702558
3231 8103 -597426694
8627 10222 40199078
7513 18811 -519051489
5461 3440 -560797207
8526 129 -659152081
14897 16795 766220630
9580 6348 515826854
1079 1025 -459573588
13814 7216 41007761
11947 2467 -26497126
8332 18893 -917311854
16096 18589 -904602149
14247 14571 479190673
4437 3124 865784525
4962 11311 462661711
18746 17951 778138977
17875 4795 -95340941
1931 5334 53191189
19190 683 489892177
12534 13995 722136262
19769 16490 932322195
2180 14525 -23040883
17862 10658 571510599
17445 7281 457638318
12019 3428 -322528743
8548 5358 -514237549
11842 2837 -619528625
9259 17703 39885666
16030 18669 -543153928
19669 6496 -445683135
10341 225 -725223522
18574 10463 846177669
5786 16987 348036733
16592 18495 325758078
4374 14007 -354577264
17401 15476 -911994408
2404 10641 464659475
2469 15304 -349751188
19366 13824 231637446
18148 11739 -638959650
10982 10407 665108388
4401 13855 -217182170
8774 18701 74048473
10748 7870 -906202531
10465 3592 606343760
14110 11223 -719399624
6973 7081 -773677966
7420 12279 -193597370
11451 16231 -765564275
15793 13771 -307256367
15759 12858 -206692331
16084 3373 273694911
3198 2531 716901817
16542 10601 -240331781
862 1075 527523533
16125 4342 -176373569
2135 11622 -911009534
442 19815 -883132442
1338 19892 36810685
6745 14777 669291771
13912 12891 56168462
1183 16550 -623604266
19466 3648 735190735
3257 6143 -175206572
2622 154 83836621
16965 260 567195315
9152 18372 -957825898
19258 9757 -279255154
17187 4732 -17850136
14650 13823 -107478849
14877 1350 657544490
15679 6359 -658523796
863 7099 -728928184
17065 11870 110415285
5987 1137 526062360
6322 747 911527723
19826 16367 -660104074
14613 14944 447566593
19186 8412 60703375
18076 16175 -540463561
16424 16368 -628339021
759 6066 521867579
1667 6487 142154450
9263 389 480622065
4501 4890 902009292
12020 9140 684131911
19618 3405 -196066298
11893 16079 -686365847
16399 5721 -835466236
16040 8078 745018833
5552 11499 807332826
8406 12718 -747022918
13964 4113 -310452194
12279 19527 763296742
3057 17638 166427929
19606 19683 -782554286
12556 9061 801192863
6999 2450 233764247
18525 19913 -591338345
2451 9106 964761607
9674 16787 938626025
12629 12489 181346539
16264 3639 95657457
17032 7264 855585261
7606 7099 -925405958
10716 6715 922588044
15590 11440 -836729797
14131 8232 -377900885
14964 11266 -611819039
19023 8950 28149112
16655 13669 -29419572
15818 93 888681213
14646 13773 -941387282
320 14010 897784645
8922 16833 267883448
11826 8048 -169533653
4932 16798 -572586535
18812 7503 930530688
3030 16806 -214256290
15618 2394 226298871
19399 13813 -961939055
17146 16893 598196809
10702 18633 -979608860
8839 7024 108645676
14550 9407 -849053119
9965 384 955815241
19493 14541 129368631
2112 4172 -930462413
6028 12868 495426576
1940 5081 -856068203
7376 3628 626647788
7899 6066 -865602527
16720 746 -807642315
6319 16167 -348939945
2708 8415 768020409
15899 13315 -57422209
9573 18436 628465005
10667 3591 -129342027
15889 8596 -311349772
12732 17035 -63586936
4983 2642 -319816991
3140 6389 590740913
13900 8053 -108862234
190 1165 -995791341
12541 4162 180947067
17202 16143 71487116
6881 2326 -866435545
9154 832 -773163176
12362 6414 -882032935
12712 18632 -604049877
14587 2102 -433579548
5541 3814 125670116
2768 4080 604414371
14309 9302 365344361
11756 10843 441305009
4877 14569 -999203653
12310 15955 -49593318
188 19703 -963794104
18882 17746 974549263
5463 7660 -714217441
10510 10870 347266641
15586 5807 508261532
125 16755 575893993
7394 12387 881695224
1744 10069 283811247
19699 6938 257228358
1872 7279 -163822065
3566 9039 -292738799
10163 11036 324927257
14515 12546 -403608208
13253 5525 -489247199
15100 13248 -848630856
5558 3850 -7585508
14369 2458 -172863090
8852 8024 23809679
14555 2651 -918468704
14146 9737 -668109078
15496 14852 -138677241
10229 13806 -992177243
8417 16671 126481962
4289 17969 -117779667
8353 18418 317085724
16861 10918 892702665
10311 10584 341885495
6906 18614 -773385292
13159 9890 603506669
12720 17812 281047089
12495 11657 449782164
14885 4105 810668167
11905 7593 153787895
19511 3818 -23960930
19034 4446 509585460
733 3315 77008345
15887 10604 401916483
16926 12188 761516368
14643 10151 881048414
14699 352 323514063
15148 12764 756352639
3723 14554 738023362
8978 4066 -731676258
12046 8928 -213817397
16659 9378 394521584
6778 1514 247041892
6105 8785 822121460
17558 19501 -121665022
9335 2452 -913462072
10692 15053 -768348783
16498 2079 828299552
10014 17122 -360894941
19424 15422 -151994659
19798 19650 -200102238
5330 10685 -827047012
8998 18478 -904130981
3782 3832 -50332422
18517 2442 -902707871
9021 7473 105627774
15944 8451 279874341
12390 7490 -999666308
10435 2897 980633698
2871 2252 343838541
16596 14483 -821269228
10578 8979 -409333124
7430 16258 -39303487
10355 10326 -448838448
10723 17739 -60626383
2561 18158 223921451
13004 18453 485677751
18967 2156 -911382717
3489 17692 -638463151
4655 16391 480022355
12492 10659 567963659
13997 12699 897963238
3000 157 -476771855
16379 17769 -48279220
16253 4413 605612091
14995 10937 143225003
2272 17808 -954977646
2347 8097 -699080112
12543 17807 -207544105
3737 7959 -300851930
17416 6300 -771521420
13102 4989 517254071
19679 7527 -537286152
12667 4454 578012547
9958 5596 -118973494
1765 19993 -541361230
15458 5306 -256375656
3466 5099 110435661
14738 17562 -314493090
13089 8979 -279036784
11516 1061 48487176
5541 11889 769886531
7330 3658 -365115821
18798 13742 -39327961
751 6035 599870281
18348 10181 -955420839
19722 11479 451470786
12652 10293 540151626
18799 19083 101011002
16008 5661 566794562
5150 17393 -198105861
6625 2297 -857354961
3014 14938 -102572206
13955 15277 728413465
19871 6968 948606054
5416 13668 801209835
15715 850 -393360427
19756 5706 -354192135
1546 18958 519914917
10031 19968 -993732007
14164 8149 -942313125
3752 2088 313902297
12094 1053 499804983
5963 18974 548497389
3715 6417 236579948
12990 10916 -905298523
3150 9433 990718255
15470 19158 -248690858
18980 11037 -289712214
13681 4614 875537436
4340 3617 -559553013
4812 16122 928041074
15357 4048 -431254642
6932 10582 -708285288
14014 13712 -898411578
14834 652 420708196
9904 6241 -61196385
4343 18713 -435586870
2203 17089 865577605
12609 11414 -145186690
4901 15528 723429742
1783 15415 -709069218
16130 16684 -413197370
10426 9559 -918302644
18550 3682 -33362404
7394 6800 879992336
18236 14313 444073814
3188 4628 338543245
15697 13504 698061601
10312 7571 -208312056
59 6208 443351393
10615 11958 -790881172
6165 545 498843656
3143 11974 175026763
2747 7757 113509557
8113 16984 406549725
12968 1895 524380714
8864 3561 -147261489
19717 9368 -970008618
16278 3833 604587376
15606 7819 -94172473
14414 13861 -894358679
562 14559 626640410
3695 687 696409670
19260 8684 -804357928
16722 12292 687895896
5383 5222 -640341417
2132 6484 543454486
469 10683 -337233690
19608 12206 694684284
2284 17379 203221984
18489 9914 -40070964
12061 15827 -851506427
1359 7327 977231315
8804 6154 179387482
4675 13997 -949467377
14503 10314 -951278343
1688 17186 -396417073
710 15426 962279175
17305 13097 -691938656
16926 9435 -529605529
6006 13885 591375138
8097 7145 -375544929
3131 3536 -698620878
11650 7541 -750610777
12478 6445 -104031517
6846 515 706609033
13924 7368 297857317
5861 13008 848199097
17128 14213 -649779650
5003 16967 -319861179
785 19542 -6816645
18429 14139 969775031
477 16385 907627818
19754 17832 -74268617
3993 6163 -851904015
4192 8774 -474818373
11598 13088 -924389992
15874 18002 -393344851
1884 3329 -90046693
1613 16171 -308762880
15433 5397 935539177
5023 13434 794766887
4893 2691 -531755139
17886 5741 75878410
16799 6539 885509951
16827 15511 -502227919
6410 6319 635220851
9781 5963 578899761
9383 81 -173635927
946 211 -908716656
8397 2338 473874568
8726 10183 445331047
6947 7952 -513314998
12214 6795 777168266
14282 10132 275688157
16591 3405 -529694122
19892 19150 780941741
18764 13837 -319523768
17639 10185 -12791718
16251 1626 -51576645
9489 8205 17091104
17295 3573 311551376
19850 14917 391264166
18873 17314 -214688490
964 12326 355114218
17086 13524 955218564
12012 9843 753834965
10220 9319 -628252153
16018 9483 75496750
8637 11718 -752233441
7103 12132 18672594
14295 8823 465900668
2190 16880 -270530809
14138 7682 208239190
1895 13904 987954115
1376 17903 933024340
2884 6915 420098842
8777 7158 782119974
5362 12639 572297811
18032 4911 571760790
8185 379 841536834
8391 18412 -333367706
10031 18032 -785269968
6588 5204 -127121776
18343 14891 -892045838
8977 1884 -556952970
12314 10832 -208933326
982 14173 971289227
3018 17578 563149818
15124 13239 -389613661
15521 2711 551687974
7734 18776 -748920614
18919 11738 -970664896
6001 19676 -299588478
12052 11441 903299856
8256 10566 -575398974
12244 12383 613432472
12567 8116 -562645780
5213 11540 -857772200
10322 18137 945626939
5250 5943 -465224329
9882 16893 -177632128
15968 5135 846694369
15239 12675 577815786
5441 6592 153117407
750 19856 642963255
18294 14967 28607048
16300 14631 308367591
18787 4267 312421840
12597 8365 -461404311
5498 16550 900954417
15091 6200 213398440
14324 14902 254020809
13349 8731 -171406685
11487 8504 182630119
18346 2010 792946855
1370 13583 -702962789
6087 11827 -178209836
17703 4742 -12480157
16774 16220 -520367908
4540 14158 242817692
10697 10402 898556268
1750 7855 308308416
6776 10041 612415591
1576 7025 -740773460
6709 16613 -203459805
5255 16441 29243807
13961 5335 -870423061
15184 5408 -363854262
6006 5753 611859731
6055 19745 -769483517
12699 14786 -359263356
3153 13979 297260625
15144 1588 -388815489
14636 8100 535091584
11223 12834 -261891957
1979 8055 -105332013
17939 722 826540015
12204 16923 -432333246
3968 4987 -76174433
13892 9717 -644322367
4899 10154 653938441
17271 17990 -957546115
2051 10202 -15036337
16660 9225 -664215548
14862 14611 638632170
9720 17443 475799951
11415 9984 596476849
16336 7655 494372715
8311 16473 529870447
38 6760 -633644321
13999 10987 59465988
8158 2138 373273478
19977 14894 468753741
16942 10703 328531317
14136 4504 207948726
4725 17382 -7881283
3824 16818 -856660457
12980 9546 -29301098
4858 9404 410039938
5078 15901 -51677960
8957 19567 931365591
17118 12020 106726718
762 4914 880700641
12686 2347 -141752914
16314 5827 545416252
6160 602 -714461917
19446 12530 -361526220
7001 4894 -623620162
4654 3885 231559327
1471 13444 -787086573
12081 3560 333211247
12072 19704 -523347326
12537 10678 784263190
58 10511 -891004199
17432 224 -938037695
12709 13375 174486711
18655 19758 -527691845
19466 8690 -915399791
11193 3524 -61563034
6991 10998 -252811954
6365 4007 257413466
7647 17464 -395929089
16437 11220 -536809671
5896 5389 -468188941
10716 5873 -253403847
12792 14974 898770375
5601 5060 -503096756
7216 12322 798918801
833 3481 716176358
5121 8731 397751109
11777 17615 -720182125
9103 18066 924989871
12441 3095 122633778
6416 15484 370752635
16953 17326 884014200
19027 11719 -673446837
15972 15417 260065442
10518 13919 -606559375
2179 10656 728196815
3789 3581 -606630220
6635 10284 -297459777
8239 6245 706508819
11261 3040 -784829057
5816 18103 587179028
13256 4868 833160887
13807 12346 -235060775
8165 19843 81637623
3777 19773 121890262
9179 4314 734371796
15522 12779 -793943762
11897 278 521388480
7053 5523 -674370175
5312 11597 323007436
16398 17583 816565511
4228 1975 -743699191
4575 9066 -238172457
11532 10607 918238610
10808 7647 996590999
2212 1426 -136680959
12060 12108 988435351
5844 6774 454715643
2317 13818 -149068813
1025 8695 105311124
19787 13243 215036098
6921 4964 398727740
12980 15837 985546866
10970 3960 -329146576
18109 343 759383151
16231 5399 579760732
3423 9598 -241071758
14745 3738 645892375
7462 17135 -84019309
17293 5184 573616592
5045 4326 738149396
12994 5871 445795580
11838 6055 -837671833
19462 16379 260786332
6493 1676 158010763
16015 4633 -319906761
17858 4344 -883787828
9450 15615 978256832
10050 14970 26419195
18062 16579 -55892259
19702 4132 -628277538
7089 16509 -767586604
923 8042 630803825
6861 10044 -31545819
13747 18309 739374526
15769 14332 952614048
1595 7211 740940836
8076 16521 -757755345
6913 11531 818346562
18807 1307 560098066
5120 4527 -121893444
12691 5665 -901314586
11199 12050 635462458
5850 4397 192792378
14260 9920 798195867
7585 17722 971443566
9738 1529 330321959
19338 11643 -38498206
1941 8184 -24286426
9571 3149 384373933
1269 12612 19524271
7746 19206 391981828
12557 13776 -816418026
12849 14953 370557728
15244 2762 145295496
1820 14757 -250045309
19700 3872 -508065703
10141 10910 -904131016
2408 8006 247852364
3617 14401 472235925
13512 16543 584804847
10265 18019 115750114
16718 1154 581857524
11939 4144 -874491064
19761 1179 -596656306
815 15357 -263274690
13274 6109 -712975628
2645 5250 -347926900
1781 6267 862443779
633 16580 865364014
17650 13360 -26947268
5554 17264 313570641
11746 5089 230842285
6496 2463 -213623238
8757 4090 -347132412
19862 7797 232939402
16943 16642 507929949
7766 18499 787742544
10263 7395 431066718
8973 992 430556775
8935 13315 -603788354
15456 19237 -283647159
4158 17290 597491951
3241 16950 789519887
8890 13642 -502995782
8728 346 -927265918
11110 14306 -345848177
10849 15115 333682848
17898 6516 122056371
2934 4318 -324317966
5538 10107 -646283287
7933 19559 -586265900
7956 17095 -764881838
15698 10057 28494410
2798 14161 167722318
7256 18413 507797007
19914 10120 -831791836
1442 14120 529333035
12304 2071 59562652
981 9283 769307146
15468 14620 -430164372
2433 13674 14846613
5668 9012 473740631
1318 15733 -196064057
9273 8291 -886443515
8899 11106 -185263012
9508 10541 -602846181
3369 8189 443242551
14950 10897 167392557
41 879 -390682200
15028 12137 81482276
5289 15542 153668192
5296 2715 719109696
19432 2831 -827243413
19096 19704 -48816624
12683 5583 -639019485
14633 8812 -278243389
5114 10567 800109045
9042 19072 -79995563
7309 13916 421561094
12263 10483 -864463971
9190 7008 -798458439
19738 9493 -304447871
11543 3575 -585260458
17444 4548 318054587
5168 14367 621518500
6523 19200 732386165
11186 9977 337117748
13608 12049 -870837469
1522 16642 177659147
18977 7668 652459086
14323 10390 38231599
3027 16991 693400584
18571 15809 417533603
13783 7339 330353800
3268 8861 -26033068
10353 13890 941012270
13834 5311 192479156
9902 16954 -560194171
13344 7262 742246312
172 698 11709507
6656 10304 913123008
13394 19060 -123033795
19370 8325 -873075754
15379 4320 -726017026
5834 12067 -456694123
9849 2245 -251033480
15454 7523 -988582973
6634 17847 -164807376
15109 5466 -574648460
12944 5874 -98327784
12996 15908 -563528600
8163 10490 808467097
455 6909 347793739
19810 1408 231033219
9250 19877 -233248146
15148 18885 -971573431
9581 16676 -249134759
2321 5993 -851177749
3514 11829 -469356469
9756 841 -847474418
14332 9220 607779292
13186 9007 251484349
8722 2570 840038927
8206 3428 -170126021
12986 12353 -345810826
6014 11068 -672552918
2078 7990 -660220380
9153 2418 -997788353
19942 5342 514445167
3852 12628 -485748043
18794 1253 -201094876
6255 6450 79910298
8200 9815 306509350
594 19651 168657401
5630 17022 -434416562
11710 15783 613824024
16499 1689 967534508
10254 16777 611703146
18834 12345 100207931
10072 4713 66671190
16873 6355 -841016725
19188 8257 -499700970
2296 10742 -882903803
9659 19804 639891942
15917 18654 352584819
4428 7545 -453144664
11767 7970 -70160141
13940 19475 -753895722
19710 3415 -747171881
18384 3534 587788006
1303 7216 -49434652
13837 599 414201323
15842 7156 -468250099
9963 10325 -858939747
10542 1547 315837073
11328 19160 307735397
1115 8684 296331792
7021 2802 -810195500
11975 7428 -458122090
16194 5507 -394124722
18428 10779 963013490
3907 13312 -931793952
11931 18282 -63563402
18048 9150 423474645
5602 2022 622259645
11133 3948 291398738
15144 3634 456329759
10520 18298 -963458285
15953 15446 220897892
15359 124 -815352228
2855 9999 -734529152
18430 4153 -13692964
19639 15343 432868678
19995 6832 176429757
4656 13145 -306258180
1265 5447 846327783
7688 2207 -87142418
19108 13479 180827851
4021 18729 -902779997
3150 9407 -552626294
9515 12002 -125243615
11374 17270 228427995
12384 9244 -724319293
14404 5750 128237165
12119 19348 740203494
15487 13992 370842126
78 9468 589283959
15266 14724 361810624
18598 8736 589547573
17400 2754 300588905
19668 4211 263572522
2145 9996 475343251
9229 4265 -264460036
3184 7317 91354424
9733 8348 752777941
16215 19269 -795171120
5961 9750 952828328
18716 11359 493445432
7982 8879 784207169
13353 19486 -982770512
651 11288 751587541
13831 17708 577685774
2512 415 -402739851
2488 6540 279262106
12764 1906 593078528
14377 8302 -20501264
2035 10052 520342007
8760 17256 -991679930
12057 7304 717032007
17141 17599 703262504
8429 19380 576569596
1360 8837 952713455
4250 1914 770360425
10369 17402 -180974581
16450 13487 -507839456
9997 13251 -860346670
13058 16496 -177762806
14129 18789 -837453007
2866 17599 -200079703
13592 10583 -618776041
16747 9166 992049428
15360 10642 -596164132
2918 16002 -489974623
8683 13139 -898628249
1996 15728 986743011
13243 16028 -348268947
7353 5953 737762710
11234 8547 763132351
67 9099 -17407020
9604 17410 990808412
3597 2600 -664489011
19118 9299 321129393
7314 16482 -592532951
18166 17263 191597448
10516 9134 144767042
17901 6407 251136413
14312 13439 -497562034
9176 9170 69850623
10495 6128 -314986008
4240 559 176448438
10946 6225 -755127255
18744 4039 514161759
17127 10027 -536748712
6365 17084 718038984
7214 16315 607159781
11963 11354 -191576158
14526 4726 -630107702
17 2342 -309633483
16573 10852 -313174255
6950 4707 -533977231
10563 6211 986752554
18171 18326 -427116505
13417 17530 -651423995
1137 15446 916992271
13026 8745 -147694371
1542 12793 411466390
10352 16389 -164668143
10944 7423 -804471393
3331 15123 -237087050
16972 16795 441575599
10411 7514 -226216239
4720 3587 144326985
2101 10077 181749856
18835 16954 475811459
16049 6819 -548514920
3286 6007 769919488
8433 5662 -278986909
11079 16848 939809634
4012 9523 -469831739
15814 4689 -690657229
9817 16768 -114668222
4998 6823 315708939
9288 19960 9125383
8901 17881 -759560722
2550 12319 604839761
687 8370 281304147
9014 3384 -240534662
246 9595 13390522
15104 15475 -967435420
16926 17193 -423709952
2237 3307 -843901849
8776 16913 -71405344
17005 18956 -173979899
9028 8082 374843497
14154 19761 -323163350
5571 15562 -612497999
17226 16328 -535302234
11068 4385 -814613887
436 9942 -258582252
12491 7331 522208786
6304 5955 161768537
1904 16979 461513236
3026 6319 178287738
13581 7493 463370200
3744 11208 -741156407
4281 9993 619502468
18776 10888 573524457
16323 9829 862595487
17966 18522 325749653
19493 10553 873575130
6381 7717 391243513
3888 4222 -91335015
3540 8694 120506416
12465 12008 -294243026
12106 4342 598444997
6188 17894 -971678682
13698 17098 85993358
14359 8129 -671869052
12062 2736 677810526
3039 318 952300425
18858 12475 619647187
4859 9870 -798283549
18526 3522 699444193
8171 18967 -43759825
16414 18686 402874834
10865 7331 770379840
16068 11683 -207105873
2034 19789 -2351130
6013 7323 -988323056
18775 8649 -77148247
16163 11823 70773217
7359 1315 -636304020
12015 6681 -495837115
18561 9267 -601377821
18612 12470 9783703
11373 8997 582281019
10823 6619 34326178
2138 9309 -434654294
16651 5077 -291847722
8288 3986 652339187
14095 14598 -918173447
14019 357 -866194898
18619 15291 391004516
8841 17098 -156551329
11709 19039 479542881
9448 14461 667859931
9154 9219 -451459129
8374 6312 78614656
4364 18455 693002747
12173 10181 561407740
4751 11578 -742270291
9532 14039 680305383
16267 12180 429664573
400 16786 645987970
3323 13333 824395823
627 9933 419250024
17146 1504 236059109
11937 3338 -453457699
2663 12790 66927179
15181 3783 -250298732
17628 18367 -275155121
12166 17283 785635069
11587 9333 314994792
6788 14734 803864454
16746 12903 -33633835
5321 9440 421815721
11900 18610 -231039988
19059 13310 772739309
7921 7657 740743192
667 6242 765074392
7147 15193 993939390
14954 19120 777695010
11395 15340 710939001
5714 5132 671085910
17988 17790 -31839702
18586 13431 100926138
12760 1282 -981952415
12411 9655 -726257013
787 10783 491052290
14047 7643 335363729
18710 3492 -642572607
18303 931 377297149
12403 7156 -473269420
2277 9141 -285039176
5581 8426 -405653380
14695 7849 -406501541
17104 17887 -765138101
1581 11716 709018087
2947 4869 376473372
7612 12374 -829049872
16988 15806 826085812
14050 4750 -4852721
10318 7880 464760376
2858 16230 -925969569
10661 18940 652210335
7557 12048 -972126341
2193 17704 -334883496
3319 2027 -35200801
286 12837 -451888781
6141 1763 -72122087
5598 10120 255753534
6113 14015 425794406
14614 2635 -999546910
3605 8189 46633102
3478 4437 -704914878
16409 940 -50583141
17239 19516 945990244
17179 16431 325132060
17542 6262 33604656
12993 10714 -801987528
13740 18641 695606694
17933 16462 246429622
13380 17481 321683400
17116 10539 -685383722
6928 5063 -408761499
12152 10904 -28381695
986 17644 -703737864
2031 6307 37876570
3585 2778 905129374
12610 17095 489967971
4169 749 383469447
15971 6476 -217068287
9847 15400 835378390
15175 12570 -969886188
10057 5096 -174263896
2537 14460 205705636
13517 3990 101413334
223 19913 -556604520
12468 14351 -11216532
19694 2224 591294149
4194 15193 -409371114
3594 18424 -612630816
8499 11151 -75978573
2443 3402 -473190694
3269 6004 513108879
15293 18729 498935305
610 2459 -923684394
6612 3708 -591441490
18373 18541 2411677
10986 17676 162363757
8421 14945 783023288
7478 2427 585120297
2061 2277 -203347905
1284 2669 160082942
19509 6260 -155818671
3938 3576 -227463073
224 17304 -264275270
15171 13737 547069355
16278 5000 902481301
13524 3044 312496703
8767 8176 126199884
18539 9491 -815802440
11033 2067 456461874
16168 13746 472620315
484 6578 287324507
16740 13424 -335380583
11738 5692 -367967329
8340 18173 972220977
9554 2689 233548258
7220 1435 410349383
10849 8910 -602668395
13382 11370 418499015
5490 13651 87558017
4397 13407 -10045145
3253 2303 -181939922
41 2490 -934264898
11662 7995 -672152765
6337 3902 121113982
9075 179 863726196
12146 11673 973280836
19989 18108 978482732
6181 18931 858457103
1076 10831 -59986572
9531 19418 -915137365
5968 4111 -75625696
284 18330 -312233263
12838 7911 102882667
8472 915 -127209228
14731 6047 -279431872
17473 5189 -312812099
6299 2493 183587838
7447 11324 479706945
14486 18625 -195282175
10061 9215 -314686641
12381 7005 694418870
10731 2001 262700938
9417 657 -729820579
5066 17657 -933512928
5809 18421 -866261232
16682 6465 -82431282
5124 12364 825372305
12989 4240 -834327440
7077 2945 -233061679
7648 4684 714091304
12817 14537 987837957
3502 2985 -203755000
1225 13393 950454977
5204 5360 -717664736
7623 10058 990338209
7922 4913 957393975
18677 2888 -299467297
6762 6605 192266550
4778 130 360464034
18188 2729 941029673
1042 5691 -17158970
12971 16748 -732895392
16441 6424 420414975
7863 8090 -764490438
3621 18294 -527398081
17045 3669 316218171
1702 17997 -530829371
17452 11530 392289906
16713 11850 -437456456
366 17390 -607569994
11098 4953 -163909781
16253 1276 -276892963
2262 17157 -410997296
9231 5174 -435979199
18740 18689 805856417
12983 2519 20797252
26 6561 940585779
9730 291 -350759245
12813 8586 -991928921
662 7957 477191929
5657 15392 -665928155
332 17119 -653812521
19400 1522 345343912
18277 463 -764080666
13816 5365 280792948
17503 7997 889513142
13913 8055 -438073067
12783 11742 -637023210
5379 14902 -143093664
12549 16348 7784762
12811 2741 -493137155
402 6340 392507501
4890 13769 -233542612
13575 10576 744945787
1399 19502 419921220
3690 2730 -51087335
13911 2708 203758309
15478 14165 84921169
12920 3343 -655925604
19014 16837 316014467
13010 5385 418539765
12687 16785 -111470750
3593 11305 666498552
19413 16931 -174924754
18096 13523 960597581
18729 19369 -383842416
4988 16628 44894683
9181 9960 -251773217
15197 15760 -614421186
17006 10374 -306615972
1906 18568 370380273
11396 10406 -706376182
18528 10678 53401281
1871 16561 760895694
12029 14809 -371601120
11533 12864 -22847327
18600 7806 -701692345
17 6037 -979642276
16545 8036 -647694597
12130 14247 -761882243
5417 9867 -542930178
4395 8931 812005459
9331 7284 -935402083
13226 13077 -75437773
11550 19522 -117993429
5709 9231 981313602
1633 9642 435345786
2410 1015 -925901991
9247 5710 564890069
4173 18117 800769037
16401 12187 717702432
3665 15526 119520513
12948 3319 -220359304
8218 2000 886808829
11351 13098 -641121313
19108 15396 -800414688
1884 7236 -446432137
16879 7455 340729147
1774 10653 398717585
19324 18049 660257344
14058 1908 -858443119
2562 7797 -705287992
12948 10806 418199979
12842 3255 -219199691
4192 9745 -350725464
15229 12099 -155305283
7796 3533 -131385875
9394 10815 -978244502
15288 18131 884268290
11775 8664 -647994872
15810 18038 -561803930
539 1674 434481681
9633 14211 -793974769
19053 6120 293362445
8121 2673 -221337375
2433 19275 -833661964
9173 3620 901511821
3278 4117 286852041
11096 6840 -237025090
701 7996 550951520
7695 12097 -391775389
7209 15395 -917788121
9296 16141 841175542
10998 720 -686931337
4834 17077 351755551
4072 8129 -313043730
10212 3249 -844244707
7244 1020 -342778769
11474 17298 28895794
1125 11687 -262524263
18684 19032 -307982146
13038 2082 702846815
6258 1137 45772175
14338 10937 -234747050
11826 4158 -354044929
18086 19828 -52007565
13588 12384 244681465
17635 19732 -880857127
12953 7966 716261607
15941 13006 273923718
2214 15002 -700540067
4588 4409 -499019435
16252 19726 -742836856
7820 15066 482488480
19047 3293 798147066
13823 3861 901532163
18266 18174 711231524
5499 3150 183576430
14237 5381 -567713692
1267 11654 765972606
2269 13327 -601445789
16310 13121 35945339
1106 12852 -817090001
7302 10337 -377530545
5270 867 598104337
5242 18284 -405310187
18601 3921 -261266428
17479 15971 -901474095
14266 10328 -356789475
15186 15557 208037981
3316 19763 -209187463
11421 14331 129887865
14637 1588 240357262
6541 1751 604984581
308 7855 433798683
4754 8412 -740750709
14337 19345 -359489248
8190 9925 -478624520
14533 11206 932300891
15564 12819 -528133121
18479 9648 559412169
15297 1304 -59990752
17872 8186 -619050260
12714 6578 -760968790
4454 19406 -953394378
11641 19852 -160704119
11187 1260 140846582
16664 3905 -189514136
1105 17342 278549429
11467 2046 75645137
12367 10533 662456577
9294 13470 -924421501
19827 15896 -716407999
10239 9163 -464902914
4013 10539 -769118954
15997 18149 -34545461
12528 4456 -537533932
3865 7444 -820492686
16925 10993 636094085
905 12161 -552201783
14079 8622 -702512958
15532 2839 -936125761
4771 11133 -979046297
14115 8247 -155961058
15802 4459 320585757
14627 44 705359
13349 3698 699752710
6027 13150 297942643
8074 8564 631894355
15990 11347 807147230
6551 2080 -802510542
16313 2015 -479132019
5486 8852 662437525
13605 717 -421163042
294 5872 999495155
8648 16952 -729202905
1111 1535 371385744
16211 8588 433071025
9535 17771 243251855
5045 2197 -819503766
10010 3595 249039905
11847 3560 -618747545
14380 15078 -215913315
5962 16519 935243804
5098 7812 -995609801
1073 4633 -372066452
17716 10359 -399438571
4459 18834 -551197547
16399 4796 -533973318
7755 11157 -578407329
9942 11274 -983732151
6341 3138 -226261781
4899 15217 -127100220
2814 14626 -205595488
18417 4875 -168048316
9646 12986 -997784580
1038 10912 -993845335
2438 3262 -762788948
9290 11278 -816151045
4349 12393 875917878
9607 18886 -877009693
5342 18954 600202324
16336 14542 186441878
5246 15460 -311528492
11798 19598 -865302770
14047 18707 99831181
15395 10175 732623521
18446 3829 227536381
15191 13187 233504808
13534 5666 -828274400
18857 14386 706861142
3317 2198 -690287585
17472 13556 728696895
14615 1352 -560064661
1961 12794 322976019
4563 18456 113895464
14858 10139 -857842356
16782 3679 28228043
387 16286 -735123477
17402 18010 -76988021
7550 5854 -609011981
12918 5054 -333120351
10223 5023 792603390
16207 12400 -679967485
11713 12658 690380434
17092 15498 602526394
923 14638 907779806
19556 9556 -750275462
5809 3230 -743268249
12789 13534 510611005
3189 1415 264106904
19955 14287 -731835279
5288 12442 966743201
5990 11503 864929522
3934 8684 -151624313
16286 11480 -15659852
18884 12417 854544188
9894 18702 -121557612
1546 12335 -408907564
877 7106 -837788283
7120 6197 340902707
16201 3099 38576822
15244 9377 -761226469
18582 18393 856616094
4527 18309 -310045148
9393 5240 -478064698
11845 2474 -213047845
8588 3608 -836630717
10821 3301 -175772731
18273 15143 -480401866
11921 2549 326062870
17321 3612 -213968976
4550 12853 727093865
17229 11342 -922463598
11987 5694 -669800220
10807 6622 -695682728
5281 11772 -280973667
4982 5916 596860468
6698 16038 -275733243
9175 3859 -918568613
2917 16059 -222897856
6096 17157 412782205
14564 9640 -134304550
19557 15339 -154057170
4097 934 190855143
16966 6457 828683038
19528 4567 -778355628
13805 14066 -390455983
10914 4154 -768689306
3270 19673 864507335
7349 19923 868064530
10764 2023 -303298007
709 13179 -18488653
8432 9643 -455907860
15973 12585 864867839
9594 7882 271897397
18058 17891 -280857570
3503 5391 28330585
3642 13112 377364114
12422 2586 -141989989
9606 2603 -325261106
4953 4649 458519812
1243 10075 -301238285
11208 14559 -84611404
238 10074 275489672
4111 14297 -566245590
10365 998 -122826723
6706 8818 -517435185
13050 3132 -153025036
830 7181 -113086213
7681 2219 -236302933
8774 18230 -615832485
7813 17631 192842090
10208 15070 750537274
46 7696 325143124
3697 5861 -412194103
6774 1796 -173777730
2258 1980 -189265153
3561 7219 544273261
19109 1426 848458135
17300 2600 165752078
908 10362 -697147682
14161 18676 477036194
9164 19096 626459782
719 9727 523555443
12966 15139 119934773
4466 9550 -473718898
18023 17624 122378557
16706 15433 -722544136
14381 2118 552512486
2692 9298 499728801
7420 18604 -686902588
9546 1745 -2027757
19054 18711 667060324
18343 1235 -511206870
17086 14954 -883583399
8079 1923 -782303789
12809 17301 200470760
17164 10560 44330299
4497 18303 195517667
9550 17229 -149440448
2223 18036 -543805263
6115 10180 -531652572
9550 11013 990671574
7832 7275 -673909415
5133 16553 531822859
2497 13910 -234735159
2476 8120 541474699
18161 5466 -683337853
9994 18128 -851177854
15603 6169 432792330
2079 11276 955280354
12846 14599 -45015422
12963 17963 199200796
1581 11787 745140957
10540 9470 -313718626
10028 5229 -690973318
12881 192 -420236790
11194 853 177126583
9773 1518 -417942185
3552 8434 911799163
2035 18615 -59520361
10390 17611 -931760726
4252 10150 -102325661
9222 8167 442274605
15298 12601 9608850
10329 13709 332252033
19430 2973 595967357
5680 1234 129097723
19770 14436 -71534492
16794 16 191176020
13769 4900 472510490
3069 7757 -918100474
14078 14802 767413188
10740 2344 -647308449
11569 4034 -136494203
11396 18909 616959745
13991 1898 405631641
13238 15277 875195795
1741 17517 325169263
13000 4776 452489274
16826 10457 -628701992
18819 18678 -303719562
14553 18602 256358708
6213 6602 131651486
19821 1342 -568703040
15641 10736 257068379
277 12567 -815772807
2207 7110 -556500683
7637 16165 45138517
6557 17864 -913156409
3152 3198 -186436591
13104 9474 -34690710
15060 5800 -772099715
8356 5407 309178507
4785 13685 -825846554
6158 12800 -22993613
14471 15560 -379670843
216 9890 346023461
6438 8947 913457759
7166 18877 -523243783
17293 19521 914713020
14838 14814 323723042
17736 19348 415326204
11632 16024 916158826
1674 14475 341179980
10524 16486 962815380
6591 949 -202177650
18295 10679 -617001694
1397 15479 -687534645
17466 5142 550740509
17934 18715 -365169076
15406 5962 416954073
14554 9316 -203805031
6676 18922 -531321019
783 969 948991426
6224 10654 -308800343
5085 14116 291228941
6522 12552 360708720
7095 14262 -373576443
4438 16877 742297447
8575 14800 720568060
11414 8348 -661213484
4624 16869 162688309
11117 19193 490426776
17932 2370 579427048
899 10138 -224709376
5026 8209 -954760581
13628 10421 -946430163
12723 18347 -910796097
7260 12043 171505438
12309 6204 -508897219
18679 9799 514652761
1453 23 -68157076
939 19048 756566922
3439 16894 -952571847
16294 2488 -962690677
11126 8121 832771187
2662 16389 627344758
6541 5615 861598511
5308 11609 61869326
8148 12048 -630975173
7758 18708 335566852
11200 2608 -713986465
8500 7650 -102581133
17458 3360 635270248
4215 15703 -902385949
10951 10876 -213448107
17239 7547 394172515
8577 4644 751853980
2467 17063 -563631655
12308 295 -66043613
17817 19156 295422730
13409 11443 -692563369
16359 4045 429010711
13984 19436 130476653
13590 10746 -357100864
10224 7106 -258959972
2943 1649 960520697
3720 4488 -310426432
13609 19703 -559765249
1720 11984 8199436
13469 4003 48449165
19158 16417 -447497908
1651 15377 795539739
18235 2572 270450460
17372 15544 -773860435
7643 9225 -301918857
4470 18321 734705921
12971 16387 -598919626
8552 10519 -206016292
17463 12828 467533553
6434 18986 -626821115
16399 13755 27811223
13421 13271 953162133
14313 1955 -395781266
3299 2671 -865336587
4532 2739 -903817458
15429 10311 551036427
15820 3583 -562914940
17017 12650 56361995
18969 3805 44513798
6840 18457 913999468
16599 82 -483571745
4006 18371 -129153466
3286 17739 -79618873
9890 11842 -689834768
8396 15776 -260158754
16769 8480 614684003
7581 6247 -425779742
19853 3789 835394945
4954 6627 -510668926
15011 9086 606002998
11034 8227 754768276
7484 10662 -256497145
7017 12362 -216086849
588 15837 966494676
3342 4169 -461690770
19966 2726 -160476341
1084 19630 -386683608
798 5136 217352855
19763 3736 -66913764
9752 12133 -818495406
18515 18390 -984535322
12910 3400 -688335712
10981 12718 730502497
17730 10717 676645294
12467 13276 438210029
12456 15166 -873636274
9897 5589 795646526
19452 8454 469789439
4301 19507 -107782007
13048 17461 -635808499
5674 9898 608134568
17123 15087 429871735
14143 11548 767732489
17626 8360 233424560
16155 13471 -37554492
1582 2526 -454372806
9376 18887 -962234064
8439 13754 -366804807
14302 19160 -143965443
2779 14836 -721966316
12486 14564 -129283728
14966 8316 991470867
2785 200 933431906
12818 3265 918141160
16551 18316 -557345027
6494 2673 85805529
4885 6894 -59952692
6889 4036 970451047
17868 16165 593022980
2670 16441 -117022319
10046 4864 -685918983
3858 14330 101894911
2489 4988 -250438046
1819 3612 201533932
7000 14928 135598655
7366 18945 178892971
13185 11191 848527266
2684 5641 -667644456
7674 4812 581309315
16897 18392 -215823278
10369 7922 -280836302
19461 18276 912766855
3052 874 -695227447
6125 11099 493363714
7679 17708 -8804146
7114 8698 879019450
10704 7987 795719865
18218 19821 -201929416
18568 14657 -699726825
5127 9169 621384188
7531 12218 303217418
5523 8926 -391408775
9962 18627 826447746
4891 2417 448776397
14472 14537 -663720123
3848 14984 102063167
8857 8705 39076
10475 5517 557044655
1118 190 832009730
5569 6897 -36337283
19001 4597 289788553
19425 12866 -685692322
19688 10293 -146941485
14321 19299 -986598123
13588 9166 469056101
2324 7292 -420800735
10368 19568 -620148618
16156 17294 543905348
4154 19350 309060385
3616 17630 -841571006
2821 7975 -301006194
6651 158 -973457222
19984 1349 -748179354
13842 3676 -955107489
11090 2276 977495899
6898 12037 273811078
15458 18925 -803917994
16313 2281 141233325
3998 16188 63755148
15519 8054 -686764344
17574 7716 284000470
18041 18861 -30626197
13898 11609 -577815008
9261 9801 762153510
18578 7274 88601944
6103 14257 -490996536
764 991 -40720753
13308 4665 -880750676
12636 4534 -591675149
9725 9882 775321476
2814 19944 958636428
16453 3267 -23912872
18214 13719 201937191
6392 8400 -678698817
19510 15555 -436460105
10290 15059 386822965
9214 6036 -846771327
9372 178 664712330
7726 8534 733125690
10555 8985 -547927905
4175 357 -975684229
3902 15319 -768215688
12711 16217 -105895215
6021 16797 -170727632
2872 1878 484353286
17574 9415 781037947
12019 15974 -227475526
14861 15483 545159362
19918 4352 -619061579
17696 8004 -634397370
5817 6516 418441828
11125 5692 271316758
7232 16487 -985638573
8612 2511 -881021630
4894 19341 190078605
1385 2304 621001064
6744 12045 -833930975
14437 5183 -918104609
15860 338 -658067175
9137 19814 985624623
10611 18723 -314009936
2564 19518 173567252
4593 16527 -573800326
16634 216 776844729
7376 19706 -64958629
9714 1840 -934087596
1288 19076 -381203309
11283 18688 -333623958
10506 8955 -144634435
2133 13735 590010989
19729 12129 120673714
3751 1603 -222540203
10837 4996 -441290694
11956 1710 -267305047
3908 3238 -125105957
9925 8745 -648858881
5931 12747 -387209254
6393 11801 872190140
9115 4602 -857015555
15951 8163 -488144486
6754 84 304294896
5819 10135 -835097032
11726 5633 836194005
16722 11862 47458850
13378 12683 848432260
10831 4636 -467033060
12498 14918 883437818
13454 2991 535976795
7148 9490 21312852
608 10064 -463249181
5969 19426 464693339
7330 8296 -954226974
19561 14548 134399462
6660 10771 900932135
1027 14561 -978059739
13785 3347 -428179494
1453 10458 -555957613
2654 13558 -694894928
14710 3263 -844001404
8658 788 374328396
593 17542 -564422930
929 2247 -370267534
11251 12487 339736473
6999 7033 -339503482
19414 18555 44141451
5410 3387 -862223414
10356 10359 23793344
8756 11880 542248651
18559 9091 904711298
3614 6839 640032299
18509 18825 -459538024
12733 2137 522399118
18099 13408 986168998
7650 13473 -316294502
17788 10196 710576276
19795 4745 -217424867
9757 17377 -713293357
887 17787 -350918748
3096 17276 226635118
7974 12423 100040585
12397 2841 -992383551
18329 1103 387698285
4052 932 -720272336
14942 12173 -348964898
1505 11181 978681819
8544 6340 -626303281
16088 18169 -68552744
2117 1649 -367302859
17005 18247 87328545
3152 9388 -851734268
3822 4995 -715202770
17866 4792 796288434
11783 2089 157823861
16180 10373 -726276608
13049 9652 -770927310
7712 9122 -318928259
459 6255 333992053
267 8517 964778502
16568 1448 -440994804
4725 4956 418045765
6440 2651 -714588827
1897 12846 -598114191
18914 17121 -926009928
11366 3200 -457123411
9313 6501 937086245
17860 7563 -269012015
847 8626 232178169
17843 17685 -784774812
10593 6564 272782065
763 8081 348114533
11088 5871 -295385409
18799 18580 -258344472
8315 8829 35298976
5611 6762 -703061411
13570 10495 -502386087
4670 2519 477867004
14662 14095 -72588532
8431 3303 721312881
14269 2537 80066971
13122 8720 80989543
1719 2870 -938978901
12924 18775 543340893
16494 16268 782480687
109 19531 -855547790
2372 8610 973756735
15273 14139 471789398
7688 17971 675986429
19863 5503 973671704
5603 3631 976956434
7098 9765 656496022
19504 10967 601069090
8391 7846 943764381
1337 1802 -749787550
19084 14277 669211157
11122 14903 -462773078
14770 5565 73056707
15778 11052 209418029
2920 17110 243908519
14708 7171 545258128
4906 921 652125669
16665 3503 -994649384
4677 58 900650302
17009 19485 -432371084
17742 11935 94072796
18658 11077 535620574
543 16287 676859758
6870 19653 -239967434
19783 9501 -770391540
1172 19569 582341136
7386 15628 662560708
9850 18506 -379782932
15530 12383 330962347
2166 18594 -658819266
5443 14824 765923761
19259 3206 -654074462
13469 5771 -644067996
4287 14442 509466754
15177 813 629041064
13574 1501 431033548
17528 3667 804918645
13356 19391 859796711
7628 9711 214874445
1031 17336 -418227020
2341 10719 -815992110
8561 4632 -403343424
12055 16038 754160735
15554 18596 -851675002
4206 2945 848107658
19692 143 -491535408
13545 13984 234471894
1508 10954 351257235
1306 18101 -751135038
5610 17277 365621272
1334 2041 974473105
2145 7207 -797436451
3798 11792 -286425907
19789 6 -603410547
19057 8393 974618365
6138 10758 735671819
19330 9713 -961359766
9622 16975 -576099457
250 11711 -576550618
17918 5637 830683793
1381 1334 106432908
17430 10854 -959096248
15354 17378 -478097627
16889 4184 696896902
6400 16617 964030666
12842 1871 837074289
9513 10962 406023911
16031 6088 512835411
12139 13906 -756002419
3456 197 844217437
15421 6883 -348828023
3661 2751 346410585
6813 5465 886028023
11299 19202 583676499
1837 14963 531196492
19232 6970 548708259
17937 19813 -955953757
19507 19010 171839163
14328 13784 -617348748
8969 16254 -2574753
13288 7891 -5780560
11421 16813 -301081318
4911 4353 -199363058
17312 15202 -578378498
8031 13359 988939746
5501 13046 -91896094
19208 19594 141666091
180 8926 104595293
7830 14123 -976801297
3032 13783 364424846
6829 12459 347396292
2198 13776 -468092537
5875 14606 -100507938
497 13940 217730974
8534 14754 938793094
13372 1327 -164550675
3437 595 740981533
14348 7076 760137218
12570 1763 -131276236
19108 4312 -961996423
89 5807 -638161052
11334 14874 362258107
19440 17626 -664523178
1254 6054 -716792018
7689 2094 -807125996
19147 19182 -900439590
14655 5405 258939151
16696 3823 196375227
1794 6991 -311975117
18224 17508 366418697
1798 3047 27229105
1312 1111 609566197
12288 12344 -919048848
13210 8714 897396562
17954 1853 -346920192
12063 13150 411943022
7885 19257 216757320
19954 1441 288666435
8196 1129 -534936698
17844 18661 97309027
16052 7524 408835087
19538 13698 982583565
732 19414 -805512788
17565 11304 390216384
12003 17237 -760675094
13017 5137 437365987
2242 2180 935491015
10308 5982 480710411
4763 12749 24397146
14336 19940 946527167
2134 5268 -954035575
11262 19678 478981589
7189 700 174247475
10136 4577 -402631625
6678 1931 -104911923
12555 9912 956641014
6757 1781 804621629
15441 12550 62226157
16320 11300 -23644943
800 7350 -610914211
6107 9348 -297925135
3380 18295 922880552
13258 665 705087646
15618 14166 -731025663
12755 9541 -186748220
14168 14605 -454279667
18787 3509 279021285
816 1740 687871907
10335 17183 -213149259
620 8869 -415969884
4459 8173 -62086448
1135 16661 -784414549
7976 9310 617464595
13427 19301 407788861
18289 10803 -917804047
3073 2688 -658993633
19825 3701 364543840
9717 1131 923575753
10653 13684 -178467888
9172 2495 925087101
4906 3765 88324246
16389 8565 -411798553
8652 18756 -2626265
6026 19249 -851908882
8304 19860 -693605367
14208 10369 -268079938
5693 9966 806114819
17038 4799 -741408009
16184 7184 -594223218
9443 8809 440136601
5768 8830 514793908
7039 11445 -38227869
1951 9110 672363040
200 313 377832644
6174 3226 -121599592
4636 8840 348432046
1892 7741 991672976
3349 16828 -685186401
15322 6639 -346776581
17272 19405 -831693716
8809 89 94907488
2588 19989 809715090
18956 13920 -317112458
19911 16101 -574709532
17725 19294 -641170872
3449 17617 544741170
12324 12861 -928386806
19473 7642 56711739
2101 2132 582416834
15319 6233 708269522
6795 10806 -126165260
13299 2066 -944189914
11455 11943 -377351032
5182 10358 -157789455
539 4537 -103567647
7770 8261 -739450759
16247 6844 480738276
5320 2552 819296720
16280 15034 -855766406
9278 12000 -286704125
18112 19610 -59884387
17559 19305 -309602158
17969 9593 822220600
465 9102 701186767
13183 8478 933797774
13741 19178 368102261
6576 13577 846744504
16145 17016 -17232410
4311 10253 -385822460
7874 18599 794265039
57 1901 39164147
18135 603 -753714523
6930 8429 795653865
8110 7485 -37337992
17702 7035 -877506963
12015 13521 342973571
881 13054 590558792
18617 11882 905843250
16001 3076 -801382146
5210 6178 567635235
1452 11664 564050289
6829 13252 752851211
2970 14916 -901267246
1276 11146 -93955332
6276 310 -586180578
9912 4937 -347888248
3121 3678 -106023890
4310 18444 639148395
17978 5215 597933661
2239 9348 859466296
19381 5567 -852841954
19127 17451 -487583109
11848 12568 -925059311
886 7503 105151194
9541 19094 6926316
14216 6202 -73903892
18840 12266 -156164883
6679 5412 590041020
7706 2543 -904381411
9344 1688 169321769
10769 2784 370940344
11032 11819 523913335
11430 8336 126812982
9155 3806 248726075
6959 8045 882866276
2836 16354 688626415
18815 7118 -582904679
18659 10487 -183553833
16926 7667 919598099
9800 10612 208835763
7873 12396 -118757218
10279 11692 26589987
3610 8624 -783116117
12816 16419 337590796
3890 818 281955597
9421 10926 -806648528
19928 13993 -291830034
9312 7265 -204184556
19840 5842 157211398
16895 16768 857848688
11508 3558 3892960
18898 6943 -191439859
1995 17873 775740670
9893 19981 894534214
5830 6696 669804454
2287 10890 -581800642
3769 1331 902549706
13141 10284 -749247788
2586 6099 -582246806
5962 9421 168703915
7905 11424 160757910
12516 9031 554915259
13298 12345 -120411399
9682 7149 653634399
4963 4872 -872355317
9986 951 102887885
2950 10349 -981883993
1675 5916 311930996
17097 11697 168886885
1649 16564 496151757
6706 11173 852673101
16023 4685 -820752991
14673 15686 -608126052
237 4283 -577618914
19604 9833 538036865
9159 7121 -269528819
19481 12886 -968632915
8129 14250 -553487707
19222 8064 443232897
18715 1094 238526969
13237 15840 357585419
5185 14189 -192780826
12869 8593 179227940
5959 13655 917781672
1483 6284 791677190
17273 13208 -638541269
14598 6413 457947434
2000 14989 -448272505
8534 13190 -503637967
5038 19600 488313869
11149 126 -279656272
11193 3911 -305382528
3627 9358 -574562934
70 17544 733610120
7294 11063 783843112
19527 11994 -353318337
9388 4591 82215756
5016 8461 -549347791
10396 3361 894175101
12131 2047 -259649909
15689 10866 -887830647
5642 7276 383739968
18956 11631 -738910170
14353 4958 323924063
14745 19493 -938564597
10633 9058 747188013
9052 4277 733914222
4386 2347 -611347228
6500 15379 -144084145
1630 4643 -537833594
14056 836 969739693
14606 8766 91910630
6970 2743 -829004918
165 12036 -867422973
2091 1524 152769929
14119 17556 475836072
12186 1004 -220505933
19922 2191 169520856
1501 1104 578499074
14007 8391 -452097619
9390 8241 -718410066
9914 5724 868275874
12688 12613 609697888
1105 15385 211842030
18860 594 -297026876
4168 3650 -203857454
2072 13026 -46493072
4734 14627 -843624530
14613 12941 723773055
5679 7379 327874342
18545 18402 595480299
132 9288 -471409686
8678 3652 -45859430
5554 6106 926301353
9075 17453 560132553
13534 13423 -52434920
16966 11577 89678877
6050 1144 467056515
10703 3493 618188804
13698 19309 -538099682
13794 11864 653669643
7673 15740 -557215491
12719 5406 -824638494
4362 19688 846088424
15815 16420 -285508003
3227 19332 -555432579
18361 3078 -351324032
14466 7989 789393501
11216 10717 583720417
10354 19139 360360274
7623 2349 753771190
19227 19019 -65152362
3858 14450 -688975581
10052 186 -647093531
6129 13485 549273483
16018 13725 -55194810
16353 9352 -859393354
6606 10936 -295749572
647 2288 355963609
6953 15621 -75965760
18300 11430 -771855196
12510 8434 -431320710
7455 159 -159601323
9488 11564 217585595
8044 10778 392596419
4088 2158 -870774001
2507 2371 586900791
6589 7496 -991679128
5863 9127 637334235
3120 13643 -419887787
3307 6841 -67640124
8147 16096 -74151714
13336 16652 317100531
5588 4676 -579140072
3782 3969 -369915747
8786 13671 -984976905
6233 13835 -308576378
12345 8173 47723577
5311 9775 348940666
4804 7340 332301503
5964 8711 797267293
6678 11823 67998199
9177 7812 66383625
6765 17949 -776863203
15192 15153 243730980
10102 11069 932389931
13082 14264 935342936
12552 7035 824422702
17797 5622 -235167741
709 4660 355976292
16862 12499 -82470811
8666 16981 15399025
3866 4388 -373994289
12077 6874 140351663
19883 10822 100890172
5029 3572 -863014530
771 1940 55760038
9580 16038 -821270954
18720 17353 541350965
12766 1938 -977472588
17234 9771 -348856363
19427 14283 -164742056
1710 10469 344341490
10299 15040 81492981
17020 17481 698264879
2274 671 -26487083
13239 10826 300436195
12689 2603 939937599
5345 7930 -873133048
15012 13524 542132899
457 5252 665788160
11194 4447 -4733555
16467 15165 270761149
3750 2442 462083113
1112 6544 -486560193
9313 10936 130447912
2817 2050 -500839388
9134 14568 -539406021
14538 2126 -537799105
16449 19843 43967066
13607 7352 -199009313
13241 1111 -391897444
1928 2241 500451363
793 7182 -149937968
1789 1138 962971540
5867 14079 336371756
19677 5351 -337576583
10155 10670 207152915
14651 746 597171003
17474 12712 -253423923
9946 18188 845727314
4845 10057 -374894466
18831 11104 -935895162
3572 318 -255917450
10001 19741 47165234
8668 8933 -696608531
17337 7806 -422989553
17613 15049 -943727229
12474 8596 -641742371
15880 261 -293471817
3457 15734 519774637
13029 10124 -118094631
14832 5613 234968011
923 5245 -260989677
3497 18675 699499481
19559 2528 -814612529
17811 6924 988901985
18746 7382 969467068
12680 4717 -792869617
12617 16397 -965666147
6674 12096 626660647
8083 8706 187040751
13042 17256 -688016746
11324 10879 -970724399
15293 2377 -920460019
15341 856 403996519
12906 11871 137081484
12920 19022 730540793
6246 17600 -121859040
5092 14562 -30752500
13451 3057 910352502
6527 7051 -912357642
1933 13568 -864708672
5866 4098 -986128962
17717 1036 620099858
14134 8447 991414476
2105 8562 -451947103
11012 208 812375667
127 12310 -238376049
13845 3311 -479203432
13089 14005 958714035
1903 19565 -376465809
19176 7958 -947658305
8236 17250 794043229
2339 17929 938924264
7122 2245 -138811382
8781 2341 -563894915
14521 3850 -265533242
4639 14667 255471599
17989 19120 -927290355
6321 18565 167481176
19282 6806 -871502382
15581 19142 -179085222
7970 2466 661756926
5446 6427 -298162953
6012 17491 -285997829
18648 9068 984908627
3740 3337 -700484078
4738 2768 -857587163
8201 18579 500267780
50 6529 -721842573
334 4746 -983129564
4174 4401 894861457
12342 8050 404848049
8028 16568 -266193466
18744 5973 -951926319
18693 13094 463922128
1353 17249 500883597
17692 1887 667881537
11273 286 457682743
8079 14782 173661329
12992 5780 -156070846
16909 12410 -188002383
13374 30 101322384
16713 11135 239469543
6379 15154 110052215
8323 6173 -35725741
1817 14611 -812958124
10520 188 -846254722
8018 2850 -118391915
4928 15458 -762150328
2266 4487 664520672
11275 12579 985868708
5058 15534 729616534
6260 14633 -744924227
7998 4314 269208852
9518 5809 75647332
19535 3115 -308552540
15365 19463 136025413
9681 13652 -92461103
16289 2429 -124337874
13097 13341 265888498
11266 14413 -299632219
19670 6831 -843638163
7290 6489 -14023505
13952 6307 43424010
3558 3005 -951014756
19778 12365 307114617
10483 18160 134216905
14016 14572 -188613627
19932 965 650566470
6603 2931 936279701
9531 15449 490806479
7012 16781 -959376168
16938 3696 419084536
14344 13887 475807808
19668 15610 657816340
17882 19074 798520479
684 6924 561344395
1957 11797 -603717796
9126 4681 423067162
18087 16909 -671892635
2381 14359 129137968
4173 16396 -987094567
14769 12936 -203331107
6867 9009 600028086
4515 6809 -152207930
12450 1977 151426466
511 1088 950199828
3367 7121 934290059
6462 12631 82024194
7539 16100 261229515
15557 16625 638133773
6338 4553 90474946
987 17489 -437155018
9616 2280 -8861102
9361 8072 842669956
8205 5079 341718863
13547 16655 -937145610
11419 10197 -341680180
468 3444 -125833357
18066 152 -98000291
1415 11142 -299850872
4838 9044 282326928
6982 19664 200518318
940 16267 -590975426
12160 10703 221530641
7889 12074 -251345036
13188 13867 -690374601
7624 1417 190934801
15523 10436 -966188448
10987 18605 328060746
11030 988 -541007252
10843 16586 262640919
14655 17037 904740360
13940 796 462016478
8055 7985 697264068
14453 16251 576812167
3666 2708 -890899978
7565 17624 892634612
16339 6371 -904784381
19969 11771 399912554
9913 9476 543330369
19766 7815 -572411973
18965 13411 -341482759
14514 72 372899621
10562 17851 964705926
13582 6528 -241501171
5903 12711 -104513787
19714 18091 -646914347
1468 18397 23305870
18901 10260 -399647337
1628 13448 -684831935
5280 3124 948054635
5397 11652 -587903987
7503 6179 346979407
14979 15111 -809052568
16917 13411 194273639
457 10040 -962866188
5739 1277 125694500
17301 7307 -693848499
6030 9206 -850158378
5166 16082 -166662687
2659 13481 384209606
11398 5523 -102472349
13189 10404 -474352647
19512 16306 -614007427
7104 10244 674888690
10800 9164 153130480
8025 2720 4627687
11109 19085 -668663788
19949 15399 -892466487
7705 5442 608067966
18502 9473 -459675547
16631 18895 -68562069
15948 9783 -104728475
12244 7475 -737586091
16361 16329 891010474
8237 18082 161593289
11218 9313 611102242
11882 13464 372772439
19286 17480 -535875777
10375 15698 932532365
15834 16045 -366814956
11376 2329 158383717
17909 7987 -770948517
9086 12708 653434769
13287 11251 -628554322
8969 19985 -414161605
7586 6676 -573897543
10315 8681 252335016
14586 15152 272287156
7403 6054 248936213
8604 19206 -169235655
5844 4290 -497636268
13068 2679 -899452515
17408 8381 -983099202
1326 2930 -436809019
75 6883 897077086
13942 15143 721424388
15002 15023 288989249
16821 7045 -620469650
3705 16255 836376142
7837 16433 -208961483
2127 12486 -605427881
8201 18626 -56665701
11259 12476 139720618
5540 10038 300746165
16499 12207 -469181940
9361 17198 -572472285
8366 177 749628992
11632 5692 -399634171
4505 13874 363096654
5352 3435 654132699
18363 8633 658185008
10353 6571 918257411
5479 13247 -516981306
9489 17933 -182167611
14725 2683 -584433799
8696 11125 -147318188
16548 5023 87720108
9273 11898 135849434
4474 9765 991135664
348 4790 37062742
11731 2067 -452259071
4778 6642 269355862
6400 13320 -937069752
1676 18800 -600294459
14170 5038 76715136
9635 5129 958720033
1398 17614 827828466
9357 19732 -450377481
13059 2818 -807603850
2509 9589 180379782
19142 13418 -325843737
9855 15520 -584201899
15424 1642 633825857
11706 8344 -947631897
2296 7456 -820128498
913 8347 -796679891
13621 113 -760710371
17483 9532 -245212656
8762 11594 441826897
2920 6653 -932819369
6165 14455 661428492
9880 2640 141224345
9076 12747 181911894
2856 14968 920688154
9062 10421 -568210815
5497 7330 18543836
5114 2466 537443140
13773 7817 -615758642
16670 17946 669317336
14824 15260 -584221356
12877 5942 -419519305
14386 1840 371471037
13824 8746 -741785522
15074 3126 78947187
6768 4655 441634561
9163 10835 -715626180
19147 896 922810845
1118 568 -598755261
13357 859 -531614936
17496 14503 -335733761
2964 2078 461885818
7480 617 -695205349
12650 12898 163698580
2856 11041 493160880
18175 3149 404120284
12442 10231 560320338
11249 11903 449778297
230 5517 -417868070
9992 8813 742857217
12981 7768 -683096418
17694 11354 355801601
13337 16834 -95463939
2049 16214 600480889
18217 17475 675161311
3922 6734 -420998353
4407 8585 858602349
10404 12696 -986501947
4282 2229 606508992
908 1777 829648808
7923 19933 -311119938
399 6070 -430396988
8665 10661 -359991683
16823 12834 -456610413
1308 8619 747834868
18480 15549 -297402523
19664 15751 -871649415
8840 14909 -945920001
587 4639 540356024
18833 6613 544789971
13182 4164 -892921605
8647 18805 356740025
17269 1432 246906891
18608 5753 -577049172
13399 10094 719097628
16419 7530 48897700
879 3855 -907426572
3170 19278 87609144
3446 17876 -931892701
2704 15920 -90037597
13783 1142 262141233
10329 2029 815595656
11817 5026 913425363
1087 18931 526743309
160 12431 574504222
8707 9518 -365131311
9371 9292 -562946880
6965 19436 -518504139
12825 4853 -151372153
8838 11338 894489818
4465 15510 697373979
6593 3296 -881216584
819 12159 -63386870
11701 9112 -369812931
12481 1863 732917820
9177 15022 -437953043
15799 2944 305590180
11604 6833 967714260
1844 9520 -175677626
16882 6052 -971849077
1549 13241 958095779
12572 10194 774009232
19190 6822 894565055
12184 16337 -326094317
478 16949 308246769
12065 14842 599698802
16815 3538 767214586
4413 2519 -98747850
13982 1675 462556457
2633 5845 141224730
14824 4971 460702312
9291 10888 -208046541
12281 4817 -384103928
11383 9688 232429731
18706 7705 -560483834
14621 19746 -472935045
2954 6902 486161486
2069 2871 -528170969
336 9300 -742947108
3913 19316 -31546280
11123 12083 -960412028
18950 18410 580837226
12340 17729 -349070721
511 8576 -518872127
13842 1180 -859917709
18013 12544 -469772907
11994 7478 -286537507
4390 12688 550873953
2710 3590 -61534498
5667 12333 -807228268
19470 19308 -437998137
11906 12547 57239557
91 7764 -839408209
14661 17439 814095692
13609 1248 369979333
11951 7815 -749582
17575 2002 758441688
6679 3379 450221809
12435 7735 -757453789
4691 19196 841931747
4139 19390 524565729
4617 14802 -438583031
15860 17252 -437103771
16997 16874 393885245
18599 7374 755555837
6183 8051 -564143384
3995 6311 841927841
8008 2697 -357946879
32 9679 -481064581
2867 1765 195898394
10237 11955 768549595
5279 13465 688691450
13040 19233 -954820613
14928 2888 641738801
14714 10573 -222142874
5636 12772 -309597987
8231 18689 523480958
1806 17889 751180783
1303 18674 130941817
1564 17666 370448507
9283 18127 348344148
2121 8120 751107119
6269 13988 736405613
19956 15991 592983640
4894 12010 630676893
8096 3329 367359745
16870 9966 93590354
13726 12235 996468850
11494 6380 -207639667
8287 10910 153590386
14344 16768 662886374
13922 3355 -534147053
19963 17616 -22674332
14815 13061 832077674
18032 17696 -92964854
9443 1395 181960104
4912 15546 -617999204
12156 17550 -870998789
15933 13313 -450021801
3619 3121 18730805
5075 14056 126100581
9730 7863 647295795
12319 611 -867481371
8964 6721 -844299806
7655 5226 545148330
11080 13674 467542762
3995 6579 659703778
7871 16633 -205929431
12276 13067 -389036658
7198 10571 478932128
14195 13367 -151276982
9311 11389 498782216
18211 14865 697990277
6280 17645 -789307466
19158 9418 -997608277
14068 4403 55748166
9159 7993 544734480
4594 17406 743311027
16880 16869 -208274918
12541 10821 -640093073
6395 16696 309519893
814 12779 704054638
2336 681 551551195
16440 881 -946288180
17192 8604 -832281352
7426 19359 392466966
18076 15403 754973913
3505 16316 -366352919
5860 19512 -555179682
4905 19900 -194831575
832 6265 -840089255
16472 99 -223909116
16482 7261 -964256402
13498 3239 -450618776
16427 4749 -888568281
6914 4436 -210051849
5802 6944 82180231
16671 5852 697684490
14720 15645 28660903
12364 2433 -746466768
16338 15508 -545112486
17960 9838 -373070619
18287 14947 -546790610
9767 18166 -487226675
1925 4740 -989009578
14303 4243 -707151293
17007 18489 366418604
7697 4331 839544010
16936 6907 284717088
19039 1073 249983697
2700 14354 -465915479
18540 8683 -271585157
7184 4255 -612602752
3666 13360 -258639108
6454 9355 -732416252
14590 18656 -217640052
8379 11167 -396044598
13435 11631 119966216
17614 18151 501065702
8014 940 221407908
19107 10450 525372819
12805 493 977453527
13113 13597 730269359
8381 8259 900622231
16023 2812 -787642665
6427 2926 -52398611
17737 11826 162628168
16532 16477 957458498
7480 8237 -402140480
4205 11083 788276747
5554 9938 -977701535
5585 11308 621397790
8242 12223 -734477323
6875 7141 -835546795
9381 3464 442135267
3058 16696 -437400634
18458 9714 -42460114
19090 3158 957977560
14268 19412 -552188562
5401 3817 -135038127
12489 10478 -849999297
8861 802 438831782
12952 9148 81754608
14869 15532 -899019537
12304 6711 330121696
9229 13080 -120687514
9698 3836 264312825
19757 2657 -385682632
2495 14585 932723073
9158 10757 855979104
5419 6458 628674125
9853 4656 341118414
7176 5059 903849013
16289 9997 44176478
11101 17784 52412969
16530 5492 -913241836
10414 17909 -506243847
5485 6785 -693709472
19712 4255 -965528309
13405 14189 787481864
11107 9766 -380959986
17041 17489 -753227528
13196 8394 201566711
12467 19387 -447987351
3388 9334 777084224
14040 2284 59095064
7395 15680 180162473
2043 18850 -532451222
19379 10673 656571871
15884 4056 -552075667
4816 9017 -535846090
8678 4728 745176423
1837 7470 -964459150
19024 17688 -104216979
4259 16764 698193126
2671 19098 378932149
5172 8638 -71198132
11090 17035 801636496
15100 17367 -292388484
6838 3496 234653466
8829 13745 528074313
224 5685 695669909
9916 8699 68871875
13932 10419 -864005580
19182 15297 861204796
10750 3904 -555651231
18577 14322 -370000123
12942 17974 -412344596
5688 19219 560398883
17295 19044 417336576
13429 15059 532598618
13658 15019 -772426560
14160 14369 205153988
5799 13091 347539924
4784 18922 12243457
7254 2304 -745193176
5315 5959 -194539433
19836 7283 252020501
10200 14815 320614498
18830 6673 -683259760
3947 11178 -453490672
812 5507 -224649654
7936 15146 -55255382
3485 11178 111861874
19024 1223 -368052715
6955 5853 -947946305
4371 4811 -382772304
554 1013 540725095
9273 3091 634957750
17850 18221 36813820
9770 19228 -638750931
19312 6363 677844243
2320 11728 -728837478
12689 10381 574255498
10128 1750 701679539
3876 11148 444752881
4488 12144 670309579
5912 9944 -475935449
16812 10800 334687603
15228 13294 -530336393
2631 10902 -813900902
15532 9615 320080249
13256 2114 -681123644
12636 17286 -178787547
2341 17175 647879571
13340 3999 -245809717
18914 7051 -867695884
10312 3937 -549354534
212 17739 -425358729
7295 5385 -863607649
11958 336 -308171983
9509 15901 9288782
16534 9955 78036387
16804 18520 -368010882
39 6338 442368819
1688 11947 -378177941
15616 14001 -723209463
12589 13056 752251420
7690 19986 852058157
14080 12414 899433408
19018 1703 -780724478
11471 18376 -771708192
967 15442 -942945304
10195 353 601573755
5768 4644 -489025753
16472 14436 -188806299
915 17660 -109010267
5388 9267 -227264541
14148 2198 331099160
6040 10324 363228471
8483 8880 -137636627
17631 4890 -300066368
19947 5725 635759967
7237 19266 932674729
13414 6501 -828660160
9733 12912 -829980282
6 19984 -965681144
7840 2788 -806518565
17186 13183 -994887994
12294 17178 -388326790
13578 3385 940902349
11678 15192 -243967329
18344 5272 653974863
13041 5088 796999175
15583 5134 44720106
16163 9756 876970323
17585 6906 288439726
14086 15117 -348582086
13589 9355 -324674063
8166 7225 50510955
2030 586 -488793799
17250 5295 -186466236
707 12133 417661947
6801 3891 -288533809
6141 18142 -941615577
5975 14117 152952949
7732 13236 -833563703
15438 8076 -24783191
2397 16612 184420088
9200 10302 607725978
8389 1710 -205330581
9027 5320 276124110
5308 11330 946540904
18475 18790 -701629100
9831 1661 889710461
10360 7723 18987536
12735 879 580974416
7157 15925 119597457
7121 11973 -637284329
4523 7404 993178267
8872 18371 -481731831
19706 8572 -475077949
11103 8769 -907119482
9315 17908 -460666676
5803 18188 -504476333
15315 10282 -186711036
15246 17514 -500500225
10383 18092 -153003861
18936 6550 -512118348
8480 3287 954484275
19874 9713 270666461
6315 8288 511391891
17054 9126 730071781
5738 8365 -87663985
7920 19791 -344291306
13747 9487 309006579
2719 17674 -15298480
11356 7792 217117582
825 12877 -426886003
18223 11661 378535673
9020 10740 -628929141
17346 1529 -629444984
16486 13036 -247788562
9800 668 -485725822
11405 9075 -522903273
9679 8362 157629807
17793 18707 -532371354
7391 1702 -617094134
18460 19051 -857910311
12941 16031 -836321625
15943 14795 -965798368
8065 12387 -833697036
18374 15218 -118786848
17831 5434 321461960
6929 9590 490634733
11482 1910 -633039928
10460 11689 289348835
1933 978 308029980
4480 19496 604081987
197 14581 -554034739
10602 17886 579156010
5198 9028 785022282
5889 4528 -728042759
8924 18340 227220173
10310 18222 -54881035
2106 15098 254168396
19600 454 905428392
8598 19794 59698828
12562 1370 -441725024
3831 19860 361302541
15254 7494 158256198
2299 10365 692072821
4573 12611 874994726
10026 10530 547393279
92 14552 912835931
10484 12058 -299811872
9701 2241 920936446
13394 19736 387711856
7143 11102 114431194
6993 14237 -709225087
6648 7688 444467190
203 14374 933559613
15294 16483 925902089
3812 12998 -630618163
14046 13544 634822687
5478 9829 -894948375
6115 14567 -273554515
4223 18747 -47773162
9248 15940 -713607406
17238 4310 -82719543
4340 6150 780660937
2315 12273 -611125491
10381 13220 -715037072
2400 18164 -226627492
13078 15909 -464435316
7520 11612 36805169
2749 6063 -554318828
19308 3797 -807162176
16277 16593 -85886252
214 14297 729403294
17904 17834 -369125473
6777 1870 -159772451
10509 4862 -965573180
2520 4642 -959747429
19058 2739 -989224399
18547 3525 482401840
934 170 -958288567
19986 409 358731303
7795 18541 870685496
4313 10071 -680445621
1055 15161 -276696385
866 9377 231014690
3787 85 -548208885
3346 10716 443215583
19693 18207 441123625
13509 9728 981032708
19329 680 197063357
17809 11147 117355736
17642 9916 632545577
14079 9098 -181070042
1387 1060 87524443
7187 4132 935290597
9988 14185 -457509095
15496 397 -904039674
14030 1612 362147615
6922 8328 521556129
17657 14306 -194286862
19621 2487 979940082
8402 13410 915997750
13531 5314 565299321
9929 13568 -103151044
16690 2663 -364717029
6316 17029 553025097
16877 5713 -327227201
2565 7159 282156461
18769 349 37570320
3118 4941 589687623
18064 17185 -89453289
19498 7913 613164512
11961 1989 -557671368
19079 16043 -205568373
17542 19833 -381059055
12325 1808 -746114415
6304 4478 461329252
16525 18082 -528598431
16497 13856 53430097
12479 14573 -838937101
7205 4021 487632026
11226 19861 292268446
15206 12860 212697909
553 6453 678274219
12996 12235 1139529
15946 15157 -753295070
9698 8765 326982582
6772 13744 609037046
8613 3043 -535617846
2052 6578 939655121
9431 15125 756535748
12463 4346 -276137382
3283 10650 -144046585
12870 105 370942205
19332 3988 249858844
9512 14364 468987555
17682 2898 865991526
4168 8166 -413517802
4652 16096 -582669616
7318 10369 -481142843
1602 8493 789088493
335 393 783063699
2856 7180 299325497
7665 3224 -497961399
17147 3942 -116423727
18094 14436 -523851433
18809 9957 -523457956
18406 19645 588473540
5113 8176 626236585
13389 10321 4870174
213 3539 958087131
18257 17533 -687329525
6320 8592 -715143901
15291 1178 -607162699
12513 9053 -879460586
16932 9744 946584464
12560 7959 159901466
5192 4094 -334687276
1567 19376 -343242652
7152 9642 -353954136
16316 3267 762102914
13240 1498 122668302
14856 224 -426081178
8241 14782 535556568
10964 15736 -14193472
10675 12862 -93968821
13845 7027 296983993
19023 18940 -262344107
14892 10313 506267147
11588 18466 -75038516
17757 12923 -12913820
16853 11509 511333425
118 2905 783149670
3883 18066 438034522
14600 3231 996262054
7245 9208 -633296718
16168 1835 537552003
10943 13586 -641519456
12318 18956 750979579
946 739 488446053
3235 17726 287642590
530 19796 -862197251
19509 19330 218437986
8877 9143 631928955
14604 12759 801308559
16493 16958 -508635737
2539 16830 566631561
1660 8100 -635608645
6169 14787 190735872
12667 18225 623761354
19699 1152 999267756
7276 12063 912716947
17780 7020 -576490449
11406 17964 -968842659
19932 14167 791265102
3074 3183 242736967
8179 3738 924436659
300 10715 -434752753
10562 16093 906878730
18701 16351 -318667406
1374 16469 -309197956
13399 16157 700875047
5767 9263 -638852272
10487 186 900213798
6397 6488 968107492
5336 3590 868846011
2552 143 -513693067
12833 3787 -755800889
9392 8657 -448713525
10084 2370 840648053
18512 10361 -903708840
667 5801 878592559
11877 15354 97614036
11939 14767 -741005876
5602 8250 491811920
1388 8428 -865030947
8364 6201 -517098511
329 8282 848619636
18536 8782 -528887776
17627 14968 181406175
10008 7316 892452278
8479 17362 571472297
15313 15786 829348009
9994 9438 -936446564
7139 4490 -372435156
14196 10169 -778880462
9498 18831 -490951092
18562 15183 -408512629
14734 19599 823978479
3354 6650 -735323191
14219 4049 -370849247
6104 13825 785896318
3676 125 -717170441
163 5176 -153322270
5703 1670 571925718
8502 9652 -929374286
15118 11104 553436112
1043 17441 256655473
6523 15963 -883439955
2602 10385 -31598006
5461 12482 -279868049
6861 7942 -717785454
5255 10945 821746099
15789 17796 -873143974
4129 17004 332670331
18880 18619 363840494
6651 11296 60057958
1877 236 -464239761
3474 12226 918518828
17265 1985 928732821
9254 16189 -807210494
3068 465 305710506
19551 19881 -103188312
9791 17445 -62800139
3742 1930 -343991830
19069 2626 415800700
8254 16568 -54067306
14349 4001 -775731711
2220 9690 -129509601
17375 11455 250142070
15238 9854 -82933355
15571 1785 680778396
18424 16865 -830051831
9462 2539 768513466
2971 8438 156677394
11110 1867 -345411765
2530 3286 694431540
12665 15066 927699565
16630 15972 590623195
12009 7659 632597569
18388 4796 -424162544
18986 14751 -642726892
13437 19754 394215486
15263 17093 40189070
16131 2101 -647937166
9948 3355 -649033468
7999 17633 -287244129
7200 144 600671772
13060 12683 -976908414
1079 5087 928363646
3904 18321 13802114
16731 16535 269218416
10190 10633 -766198913
17909 14573 -196206909
17650 3062 -239343374
5824 15097 424887692
12099 13469 -277587585
10944 6941 -978037492
13641 1838 142724214
9218 8617 991801452
11549 10648 110288283
1181 826 164658656
13132 1524 -977076004
12591 841 -195859439
2069 19098 403182666
8514 6777 386818904
11715 990 -722074333
10240 3665 924885280
3038 13208 -932510307
2931 12301 95306969
1036 2132 -392396978
1458 14784 -764265049
9907 17026 880757753
13766 17924 -752481827
11891 16159 -658758201
3818 16322 481098263
545 936 844058179
19124 12326 -353825897
17013 12227 -286202396
17510 11154 -979995567
482 8644 687809989
7038 14636 884313768
2285 10368 -429923051
18417 12341 -18333719
8617 3308 -547464014
5803 18560 423401477
362 16856 -820841130
18881 10575 410043506
6116 13511 218381689
4574 6857 226628650
18342 13759 -222090328
2477 3679 544913902
1648 11501 -939921495
6022 6122 435920111
13812 8242 -704209091
5833 3268 -442517629
4645 6565 -214106560
12721 14872 487038212
13155 19156 -638100535
2292 2348 -311555187
9357 7182 -372325383
11776 17946 425782871
12070 2078 92644632
3004 15301 -134557901
4897 13755 -506115807
18504 9302 566960436
6203 12120 8633846
9208 366 110534799
7711 8342 -214553047
3699 6798 -379415598
7660 13301 205108088
17517 1938 -33127749
4537 1006 613190725
7722 17568 -470613109
12953 12367 -675789911
7182 11472 312092961
18151 11522 -55712840
7586 12860 -171505552
14890 10418 -46385819
14161 17526 -677012561
9105 18880 -94020203
3551 3271 -515311908
1621 14710 644270533
5822 17543 680860987
17889 6143 -45003604
5153 204 408880467
10531 12509 507391784
1673 15743 -465152726
15347 642 -363912854
18005 6843 150849972
4450 7096 257744265
7473 8526 635206405
10767 1992 -146846022
12341 17844 217209205
5944 17486 -9003818
14555 11293 221545820
2467 11275 380169872
543 11727 -442092144
19862 17002 997649640
9357 8189 -100585716
8211 5549 -910731958
3475 17924 722390421
13155 14593 985080728
17022 2442 -125403644
2687 6217 -781976642
15405 4887 -855129199
415 9302 -864503032
12992 14708 845441891
3442 6770 175976110
8419 6738 82315815
17605 17313 -344769627
18463 7475 49860328
7596 11068 475027284
8148 10870 -718525960
17238 17928 -427478084
17580 1699 346711955
18968 7572 954571008
17324 16495 940979283
11769 15802 -776615912
10932 4708 -166973831
5466 17838 539375578
4258 1006 -494939677
7920 311 82967275
13885 1397 -263140382
18845 9591 -462909804
17885 13562 158115496
3050 17507 709451715
4839 4999 164393138
7233 10521 324101081
17349 9173 -734113479
8308 16663 722996330
5887 13089 336086707
13655 1703 642473447
15122 18324 -872286132
4783 5334 778053074
3274 14245 855096057
7588 13023 215614712
19792 9536 905855335
9470 3549 479835227
12049 16415 -434355142
9748 6401 827447831
14584 3856 -357507551
9694 1958 987258087
956 18833 105274006
8776 9140 -227532031
15765 18421 -361246047
11796 968 404230081
19166 5245 969531675
753 14967 -860610204
3657 14902 987619884
3889 6395 -143826603
645 12027 -481187714
7760 17242 842515763
3208 7219 936147214
10570 9773 -640263710
7608 15341 438700874
7546 15758 797220974
8425 4082 382551005
14197 9570 702229727
17659 4668 232100042
14553 13095 -358389882
4862 16422 926312684
11439 19184 -280596656
19642 12587 -818520356
16829 5942 920580952
6286 12593 884146713
3525 15134 590775728
8075 17146 -979936731
1594 5902 -812377547
5437 9066 936156348
6272 18843 -966106970
233 16163 207714615
10467 6702 565309051
17966 10596 926636334
1854 2528 -578860007
5473 6678 611177719
19201 19082 -705817825
5408 1005 567669009
12040 16295 982473987
12687 12341 479615570
5991 130 -727603695
2764 15350 -348798408
6453 19012 -38129368
5426 16654 651045401
6854 13197 616925960
11763 8954 -290819113
9225 3823 521325926
10266 17356 143621785
4218 8667 369674604
10422 4188 321087607
17184 8283 614703526
9048 17153 -801958920
14656 18736 370241830
3910 15081 -210101872
1417 6881 560055615
328 18880 -846302599
997 15410 793094625
10711 16438 -486579181
2622 3451 -815775312
17398 16435 -161181025
10520 16656 -182530874
18694 7878 -962436188
4320 19164 -46654820
15636 2252 -130581154
6376 11602 -486025606
7936 13204 -884501448
18335 2177 -153558351
5923 13685 62903776
3946 1241 858860655
16326 5579 19053189
5486 9236 -790902756
11232 13206 -871723362
18399 11827 107274962
8729 18047 306169738
7468 19707 -145060928
13929 19167 -456890372
18218 12147 -524459034
6515 19686 457447654
10912 19874 -805222098
7152 612 420252185
6849 11835 -697836509
8560 15827 -29052930
12783 17683 180444673
7743 18315 -410256292
389 3222 -713321764
2818 11206 -765913622
4762 10376 -617652608
8381 15240 892064993
19629 12964 -343172935
8279 5777 450974885
49 2901 810920086
13566 8301 -438609254
5940 11071 234751607
15111 6771 -812588448
12326 9863 -389271858
17922 10714 -375955310
16989 10121 978068657
4270 16154 615901439
3663 7507 -304377134
17359 1808 114074111
7704 8915 -942756649
7503 11829 -550234765
3454 15128 718392386
4359 10095 307476538
6320 6943 466977891
16983 16315 -879265622
10468 19275 158447021
496 4069 342568299
3077 5842 -885180987
10715 4906 -580571465
283 8135 438454575
19920 17055 226941261
18833 7042 -207970754
8708 16922 -225170806
4218 3583 503832873
4146 11109 -793641686
12685 3514 -333627616
14130 13976 -457044748
11827 7564 415376273
15357 18362 264235568
3445 13014 346556974
9873 17362 784992054
15525 7020 -467900812
6551 5225 -443521982
18746 15047 429247001
4666 9623 -260985432
4225 6105 -905708864
645 16431 -62879410
6950 11440 -157375616
5019 15518 -127572444
19572 9196 -619640755
1762 15371 -439398169
533 2202 -378059203
19014 10334 -391233836
4391 17347 -232631018
2548 4606 478286586
13082 5604 802344083
7689 18477 -156315391
15928 1538 427126242
1319 13527 -775279283
4277 12411 -389428235
3871 8779 -889732868
5073 4045 -61026703
4132 15616 -344633054
11535 3004 -263554993
15346 2076 -832220305
4419 13849 155014002
12233 15935 -219207754
15291 1584 -554180297
12288 13088 197254136
14224 19344 226426635
10243 11765 79052644
4342 10378 482784863
17432 10519 -9228172
4680 1101 598240616
33 12401 498110871
114 4641 377528039
17990 10586 997442995
7156 12611 360862211
2508 8410 -192612396
6770 19529 -489090335
12178 1456 -798555544
16345 4149 -111996010
8111 16212 255916253
15622 1640 541599802
2185 18672 279255246
3572 13052 420191359
9800 9797 556000783
181 4243 -566993287
8633 7359 402827347
3051 10758 -955182376
3225 19571 586295665
7652 14488 -275806848
17347 14921 -877840001
6943 1085 502017055
2623 6843 -454291713
11688 7857 -45378504
18391 17570 314515951
4213 14762 -548087183
12564 16916 662459422
4856 13047 -233005755
4390 14918 400699983
11832 1225 -723124705
7538 15496 -282797716
9427 10108 85524251
8514 7407 -481676400
10961 16219 -410722594
9607 9208 422546891
15701 17067 -531406010
1928 8291 232347235
17984 10882 624028502
13316 15066 801275300
1907 1170 205827750
12193 18769 -213767194
17370 16703 -633997689
17241 1067 999448510
9342 19509 -170724215
9212 3225 -308522088
5292 2002 555985098
4299 14505 929070904
6904 10191 358533861
5868 4588 441432319
5679 2897 727901406
13086 4062 -491209359
17107 4574 387038034
19253 17780 -605028982
9314 18956 237522936
1144 4161 -66064789
13944 7514 526092089
12765 14162 673112017
19272 10528 235603642
725 4796 45320198
9891 5443 -985003417
17590 2412 -706122101
17884 13 432322929
2012 6992 743597949
12255 2314 186287820
6181 6291 497450177
9301 15683 615462319
6584 541 -427993786
8969 13587 574677144
5413 7001 -563704612
4072 7819 -485347471
14316 11769 -150004070
19694 5092 203245598
4886 7284 181881670
818 17786 -903476342
9006 14057 -552334362
16559 3768 396627202
13043 7511 -267291604
13621 19168 687036002
1544 5738 -700820886
6190 13019 214871488
264 8679 190004065
19171 13146 84855737
1729 9405 928159768
15925 10373 -688809091
19080 1571 -197859203
6582 11570 933566623
12855 7607 -531349779
9399 17887 271823266
7075 10290 -840240200
19833 11406 26623494
7086 4734 -528470635
14362 6429 -467061427
13497 8655 487811217
2790 7769 181074223
17095 18038 590005188
19711 14132 -321037034
801 16285 -380241945
13234 559 -54246212
17590 8176 633566042
16072 18522 -842073652
9742 508 150368715
12888 15587 25088143
10661 1042 -151824159
7091 4836 786498751
19906 15463 -862602001
245 7578 474769141
14651 16227 242568640
15159 15891 -117116682
9225 15878 691390285
3191 19292 -87002520
11910 3094 -970040135
16406 5677 778906048
8216 1180 -74786673
9450 7204 -805157256
18771 6856 -83352711
2139 3860 845050596
5721 1443 -995849906
6824 13033 214361885
10411 13395 -261472394
17321 1680 -768933014
9783 5600 -966332736
9094 3966 -735333524
10272 2998 385865713
15796 12769 96249831
6219 12695 -95906085
2630 13467 -460047863
237 707 721015761
18768 16333 738811821
3317 9688 -71075507
19686 15732 269086040
5955 11000 841994559
824 7004 -899364885
5540 7600 507430195
13348 3399 -92230183
8158 11908 -730259371
3884 4847 -631019702
12447 9829 602785667
12945 16194 565386010
7454 19231 -280114421
5723 5359 -894103399
9139 12600 -541700820
1587 18517 710150793
195 16020 335541389
11264 2058 56853081
13069 17742 44967580
1500 3574 -419159036
5807 8280 -619040451
15363 4016 -830351352
19009 5248 821959177
14515 11065 209065841
4563 14497 66945310
4081 15621 917714309
11111 18319 -468094617
12385 8339 -203096007
8813 14994 -550172882
72 17840 610464628
19177 18564 -955285649
4938 15038 182898727
2711 12675 782275057
17481 15354 -680583604
5273 16023 -147560650
12372 3569 -135412329
13799 12238 -788248196
929 18835 -442200229
753 4342 251663556
6570 129 -221886641
114 3006 93930627
16362 19743 -978896491
5948 5510 151658373
15859 12909 137406328
9834 2296 372519110
8560 17418 511172779
8292 4154 88389286
7557 1376 -915269159
4662 449 -863597238
12934 5845 168036819
17654 2745 492602809
5432 12391 184003348
12112 17973 -841590775
13700 1677 -556365588
18343 14635 892756135
11861 8782 10638316
19589 19353 828848520
7181 16083 -832306429
18380 9366 -146271367
19108 101 -595433150
17123 4808 93756994
7531 17413 130284354
11232 4216 919622667
15769 14227 681475570
305 5339 926340058
8170 10233 516707575
15334 5392 844124848
1294 9002 -319513051
3783 6086 29966895
10742 19505 -803106059
15057 6986 -240509228
10986 6885 143635051
17197 14983 -478757211
2514 19817 899915994
8828 17402 -472562042
16508 5978 297819267
15537 10851 -310499009
10579 18429 -705429265
7659 16327 172102904
17884 6441 -608456023
2976 17655 -994672890
15252 10483 39514084
4204 4684 453731819
8411 7287 -128861003
18919 888 112804507
11943 7468 -488684493
2251 1451 -274361322
3085 1115 263958135
6334 3624 -616536998
14722 11418 797809523
547 6447 89518759
3841 4483 -144854689
12686 7377 -156117769
6977 17573 585813510
1695 5075 -189098636
4858 14897 741197566
3191 2547 475663218
8932 16847 -257425892
16593 14190 -402121418
12131 19879 -576047427
17804 1613 -130513845
19678 5776 653874194
15080 7385 883259193
10066 2779 628531816
5766 12559 484837757
8309 12170 870842703
19952 13630 67926720
8609 11737 -160991314
9843 109 -768497655
12121 8950 672937816
15863 7605 -899871914
1884 14997 -545057163
12639 7405 -413719633
12877 10927 499761538
5964 2993 933455748
14075 8289 222581914
7263 12738 -471316733
14216 992 967853552
6380 18059 -622667264
19273 3751 545135847
18158 2402 781031778
11521 5150 113048139
15819 988 -754838367
17813 11680 -659443678
11704 368 -227311465
9521 13645 576479212
1854 2109 931949693
15415 745 298499832
15738 18593 -122808700
8465 11271 788250164
13602 3138 667889051
14809 1714 234238045
12258 14883 -413314720
17872 9416 -665328919
8882 18195 21907283
4380 13776 141640137
17787 19018 30560803
15799 7562 -765343706
7368 5442 270635997
5662 19681 333359936
892 16111 -879778955
18935 7470 432457258
13865 4750 651656698
10698 1107 -629456054
846 1095 21582018
15033 1051 -94944011
3218 3334 454000882
3055 2854 -700669975
2973 14244 648221181
16369 13545 533635910
4124 4272 -497588618
18964 14322 934888162
4961 4228 -2753339
14612 10342 840701458
13460 5216 -318522101
19031 9377 -216054308
293 19657 334262801
4525 12995 361513945
17420 15591 327949116
1026 3595 -876986479
6995 174 42811137
10510 7562 475701465
9706 12369 -294415298
5009 3479 184426496
18653 3827 275385716
9663 11042 928644239
14286 13157 -476281764
19329 13941 607196201
680 10989 801595493
5174 6490 -26920072
16547 8641 762139226
4416 6751 490119211
5971 3514 334623907
17233 14365 98547408
5381 4294 303489048
1519 2573 425292095
8247 9665 -956823915
18331 1860 596833691
4915 12580 302701963
15145 16860 807972424
5306 4920 438749908
7418 9131 606357360
15017 15385 -727816341
1159 18957 -443016013
2882 18169 -512049291
12793 9924 -324294088
16775 11023 -18319673
11651 3809 189807292
9033 10658 731902315
6978 16739 -39338592
2376 1555 440526945
12997 13487 -43052219
4984 15613 -539481339
13910 16397 -393587830
12370 6084 -200046478
19086 13772 388441518
13451 5846 991995715
753 1787 -792948091
16109 15191 -686651802
16519 2550 887502460
16385 4416 -400165372
18668 11929 -444832910
17366 8306 295304354
9966 4474 371228928
10248 1949 6698951
19629 5536 170052528
19015 11443 78902010
16786 10519 -803621548
212 15495 450731268
9304 17448 50325520
8123 3192 -420370916
4114 5828 -855890265
14333 5063 195003025
13204 7528 400144636
7525 8591 -630542773
505 13986 329709293
16401 16037 -402606976
5985 1224 55487182
1715 9642 526178516
8613 18493 -612817606
352 19399 -922939296
10064 7392 -88642146
15361 4332 374925437
12485 6603 852518442
13605 9653 877210739
8437 8253 -774003825
7106 18852 -960007083
9562 4040 713090531
1170 1198 -251815656
19753 11897 418132753
18942 6034 423245004
12560 12516 711292903
13260 2317 908694225
11948 5142 -329514783
2040 13271 -996831092
7408 17010 -480088928
7211 12586 -289354785
2636 11176 -376742279
4409 17127 322257389
8419 19893 492772891
15851 18481 -516976283
6936 10473 677703374
4695 4204 -544530455
19044 5570 -592521805
13477 378 208455151
2305 7967 -720505072
8887 12441 -904349899
7558 8329 -901955837
12373 4731 350698702
1201 13171 127974655
9714 15402 -163039412
8903 11417 -809379381
18808 1415 -428969764
9312 2665 -136555403
2807 897 -826899767
10347 8938 389812643
1831 8820 -696847832
10170 15102 -847731290
13214 5817 -459509710
1996 5922 -306123403
9598 953 -222329720
7489 6492 -928532806
11759 2463 325508902
10353 3832 -278763263
12909 10768 -211352785
8195 7017 4290764
17530 11594 35639508
10 12901 -107691522
1247 17583 239383872
8066 11724 335097939
14369 19743 43247193
9078 9369 -425193530
1312 3415 16146166
13566 14865 951510018
17746 3217 742910581
13747 7036 868323314
15154 1701 -454909429
3142 14554 750998849
7544 7302 549993598
552 14465 679260533
14354 6324 63521978
11019 9469 -322275869
697 7294 -486993975
14509 2711 -956114561
13939 2687 -400221725
12593 16868 144705207
17560 12272 -668990707
12289 18556 -254805285
7083 10696 895772613
1810 11177 -56177344
1663 17557 807430672
3226 1053 474710720
16936 14072 -799041218
15474 18782 290599541
18023 13930 -297698422
8416 17617 -992017454
14346 2401 -870641623
14372 1407 -271607494
16512 4515 566920798
19852 13851 578211692
2772 18415 168015737
347 14647 -354386404
1352 8247 -953352331
7283 6233 -776688684
11726 18525 -686480018
4466 18347 -874909108
169 15768 -661262371
9174 9000 -649838842
4288 13368 -53488670
2811 15460 -823162661
19598 15296 488613736
10879 12272 229569009
2925 18232 797084264
15041 1108 960991513
4724 5953 -157029306
3400 5855 -694333903
10238 3984 752304819
8970 11899 683296320
8426 8284 456082638
8946 3290 -427452467
5916 9904 -506784481
3135 6327 -607630500
12355 17255 -389616289
12132 11753 -291662695
5419 6991 988595983
16939 14387 -648308473
19145 18723 464967716
10038 14240 693197351
14943 13839 954944528
15492 18537 -946437563
9320 1321 -834834725
6748 17411 -775010111
9855 15696 968314525
13306 3945 -827623466
15330 1990 -456135349
13342 5899 -957187904
12292 3269 -517204286
17548 10035 984672420
15291 17411 -185472672
5368 2672 376403973
16951 19073 -729209984
9057 7955 803660218
15685 2592 20793871
6590 11523 -999610742
18700 10510 -939130324
5714 8939 -482320306
8678 18856 -95947050
6737 12916 63198262
19234 16587 -679589401
7122 6520 -653790589
5945 506 -488214293
4850 19404 -801138865
17847 6926 -665048950
8359 13332 158240867
5321 8402 338681170
8395 4001 94253663
2107 10232 930397481
10166 5648 -337933942
17125 1903 784537060
7894 2948 -274197490
2958 9370 -372245826
15090 16539 -580852274
7371 16217 -331968422
78 1976 307333276
8984 19648 -59475972
16461 13674 578715606
19416 4896 -295549742
11877 14733 -699261576
16754 19764 -452065150
5833 11562 209886753
5474 15557 924225424
17534 14104 -793060819
17201 8789 762179069
11295 9339 -528848275
17270 19984 -222151715
15725 12866 708642952
1535 13027 -18894755
336 7878 -48133686
10489 17622 887188432
8208 13466 594279031
2519 13936 -571825213
5889 11039 -861754474
5334 14545 847793577
18254 8277 -562053589
15542 15828 -973254707
6425 1678 364224419
11160 7187 -562804879
10631 15514 -161937629
14755 15013 29677894
705 16093 857940711
14874 583 -630219415
15422 1567 849856005
3595 328 -613639542
18960 19007 -598856956
10622 19684 -558439785
11207 14336 926695705
15470 11295 527841630
14388 5930 119572241
2245 15494 -161700054
10657 16808 -575561745
4891 7958 -179993091
1881 8225 -854362096
14260 739 -370163988
7694 3492 -657517962
2789 16033 98326045
3351 9340 363234008
5063 2151 834798888
812 8610 -282788635
11980 18702 37807919
1618 9278 -98425544
18466 980 386462146
19278 19173 825694677
16593 9197 845925379
19925 12207 689576372
13304 1889 77069557
6590 12851 -39005242
18271 19114 235490500
17248 791 -939048568
14394 563 324897950
5336 6305 -980940435
4681 1585 384929005
18837 17056 -945280858
17468 425 -64728694
10529 13360 96331335
7359 12272 -869203439
5436 6157 -497873014
5037 13228 -360832942
108 16406 -631448265
6927 6667 -411716323
10391 19580 -327618030
7635 5971 -414355295
5677 3540 771286947
5080 15056 71753257
5322 564 -484371540
271 18943 -449293291
6596 12428 -560711141
6250 9957 -769375424
15871 4564 -524191942
13823 2399 843014221
1053 11967 -529308197
11447 15097 -567039354
8658 8475 5070054
13196 10755 -157419552
1213 3687 -771331123
7724 19478 666675343
19404 14201 681941452
10782 18106 -66482869
3132 15203 -153880624
13857 5442 -969434135
19584 5298 210886630
13079 4750 -738630245
17177 3084 881989865
1676 14168 547783133
19359 4769 470098116
13258 19304 477238160
1067 2075 593908118
15465 14173 -234645765
2319 17471 -986599125
9403 15746 -305007339
2107 4321 524836111
547 19553 -533991998
10740 14322 -169455040
3150 16256 -156865430
7697 18340 485139131
5210 1439 -728949886
13059 11725 -732522827
3472 676 200546806
8075 11580 -868191807
2457 2472 204238936
13130 5616 982128755
1773 19942 33269567
6528 9895 253278804
2396 993 299623604
829 14191 -356305063
10998 5921 -110088220
17870 3366 -3311809
7178 9151 -43115177
9078 10178 -994051564
1515 10727 -338740318
774 6998 -84881369
12264 15504 -967297504
13242 16507 -966843665
12254 631 817595287
15003 18251 -999054599
102 2966 -459683308
15085 3891 -949142000
4979 3283 -705288152
12620 4550 -642057865
17255 9891 768380182
259 1618 348602432
10754 4883 -395831884
8318 8807 -806162781
3239 6216 84571619
9604 16155 545648169
10083 18314 958291545
3605 9180 -686253891
1623 1283 -958346254
11911 6891 -49763187
2479 3386 -460287545
4970 13961 -186880133
3822 1103 -495497699
2020 7804 -25247656
14054 6157 -49568813
17129 12784 -182792377
17075 5752 -117692690
10584 1348 -675396768
9839 12977 570610859
14576 2405 -11643116
18438 4094 -188611829
2891 16193 -866059633
1522 1484 -456392561
18535 18097 -504686310
10563 13579 -17646217
14955 5616 945385030
11597 11115 -657062022
2193 8498 733389
13811 11453 415780316
5141 14248 967127565
17841 9300 287599458
12243 85 -913838935
14769 17114 194257908
399 14988 -203168704
7961 11908 -250052149
3252 19931 152506354
7620 12783 886047777
7319 7540 -910502845
186 13844 -35849752
9711 9982 -741888842
2296 11287 -505515273
8327 18731 -705676712
17224 4997 -451422013
2092 10469 -928622288
4247 13234 31279864
9327 7749 722146660
9764 18733 529649453
18402 18693 -698246861
5315 1478 531184237
717 1192 200934163
16003 13908 352577594
15610 7978 559713726
4 9813 -513548138
1826 13102 931467685
2977 18710 155839737
6949 470 -641393989
11476 17258 -509147775
16276 3963 -300151265
8084 4286 82377404
9118 3134 -98919591
15758 16826 -238531659
12969 5702 -494815175
17209 10831 301060785
1802 8771 774908273
11872 449 -908414042
4170 853 806683758
14200 17028 110170020
18409 13968 170709048
19024 10840 -965394304
3467 19594 -378261085
12844 8193 -794324200
8899 12283 80777215
12315 11782 -284903391
241 19724 -243866011
2454 4193 193064553
601 18033 -88538411
7841 19198 303332543
6170 9820 544166536
16538 14741 -48564963
19337 18629 -735531765
12696 14227 -968534642
11147 3086 233061843
10795 19977 344982195
2625 18998 618125682
15574 14556 -833339722
13643 5428 -196138880
1615 4398 66673847
7554 13199 565207328
10130 5169 -287693360
3551 11995 740858214
12166 4353 -852170285
19771 16212 -309022255
4180 4552 390382187
1571 14983 -633304833
1932 15916 241565530
11178 6125 -932357057
16130 8598 736409063
16683 6714 543788102
2059 10175 953637168
10426 8942 -381337330
2784 17616 -444934137
11048 11059 737209263
4004 1253 533730490
19316 4000 -853272000
695 4069 452692959
18102 4146 259335792
19867 4697 495946963
2203 3331 903756724
13626 25 56262353
10247 8376 158069997
19375 14048 -657978826
17970 5249 140602424
1010 12345 306152567
7816 3692 -17923557
16234 8356 -514676323
19235 12088 214943005
9280 9075 -15508710
8336 10384 -812069647
309 9338 -553546190
6901 15017 -86235054
614 1085 827305515
909 16604 -751065366
19877 11924 -264118179
9349 12290 942140154
14202 15893 574608124
9763 17095 554012735
797 19372 -568946578
2100 14745 329847543
8812 1309 -558146682
5813 571 -377961290
13281 5297 851584639
14625 2725 863240074
2370 6333 -769124961
8842 7635 -764888256
2170 10785 642606479
7092 16568 -585716913
3873 903 262400864
12869 4194 -88481477
17674 14332 -113821941
14319 11554 263397692
12093 2938 801543549
15710 4658 -358020373
19390 7502 -449672462
19082 9516 865262513
1978 11916 791263390
9345 6689 966936400
13990 15922 443908587
18249 7111 -139652612
14005 6954 628680078
15133 16924 -516357184
12957 1791 414592595
13145 12529 -357408626
16181 11613 142167678
3954 10287 987038432
11077 9505 742926509
4452 5138 82777679
11041 19210 95703721
5552 6507 -504770587
4657 4828 -406906657
15331 1302 97029856
6102 10790 642908971
14964 1967 -600695099
2864 19634 -200570770
15624 10958 564601353
1660 9357 831036798
14042 13778 477293904
2374 13230 86636124
15719 9877 839253800
16177 17506 -663707638
11489 11013 -95591840
17720 587 814453501
13876 16067 -121800654
14341 19563 -996587888
19556 8136 -869886088
10401 3234 -447601933
15296 6763 675815077
6780 6683 383915206
10510 1790 540133008
12373 3534 -284522313
4954 9306 576786549
2563 6742 479862107
19138 4686 911319572
10013 13381 667042593
3007 9522 -522781616
8671 16464 203552030
2703 10269 -475216400
12237 4472 459414856
19565 8724 -601664757
18322 6969 499119225
189 7057 606752686
2526 14432 515381904
2582 12889 615131370
3997 13445 -440488573
12919 9477 -4641544
11891 1234 257055203
2845 18510 -267671987
10164 4629 816146034
3422 15221 -783147576
10603 8602 945098067
9236 4266 374008273
19628 12181 741714030
12106 15151 -946736721
6950 17878 -213790778
474 6357 670552510
8618 2630 -310144983
12746 16940 -19063064
15054 5584 -33675949
1366 3082 -212754039
238 3591 720120908
14033 17546 103101284
16200 3378 -220570165
1256 12453 -962111554
4330 7795 244987858
16368 19921 178736902
2030 13610 -174109580
11452 4622 -724361329
2265 12329 -948495318
4588 2785 808216120
2819 10961 316266541
10730 2054 743904847
4024 7495 -486539086
19110 17335 239695042
2315 13014 -803086909
578 921 -633447200
12631 12003 -236274327
4424 8657 -705125793
9940 15486 646351364
12258 12411 -694039954
510 11019 589175749
12709 12097 -445905136
13776 7948 -157094157
9541 12935 811727908
2624 6305 -613672101
19137 6007 -693835233
7773 2027 80356970
4541 10111 -101754672
7096 17912 448203590
8914 10974 -879265851
2525 5671 434815142
14790 2563 -881976965
15374 10443 990950773
16931 18434 507458667
105 3674 -382798130
10340 5312 487658045
1898 16386 123472754
17884 18534 -147079513
6574 16334 -644649156
12805 12353 -633822365
1034 12914 723513058
10413 7782 -205816088
705 11775 540338604
8627 1889 -220154897
11038 3471 260579047
17980 360 -625324509
6339 1974 448516962
1138 19362 750963567
15807 17938 243782274
7119 6180 470747529
11041 7427 812688247
12138 6320 -344636658
4619 17601 136278011
14655 2179 540877858
3065 9323 192003872
2042 12258 -871066250
19331 14913 931291982
18921 6066 -413954855
11117 3277 984027398
19502 11752 200643091
4875 4416 806967488
11670 5986 942452438
9888 8816 -716810694
8874 15444 -14940019
14010 8103 716618293
10764 1079 363017571
3113 1899 -705004051
11699 17498 -39314273
14247 1615 220578761
12538 379 651104377
8471 13132 -658605407
3039 15708 312412626
12024 19273 -30827139
1641 6582 920608885
15583 2130 396705842
16532 10451 -819155251
3760 16208 -147462739
11170 3833 799578231
10708 826 -395380369
14238 19391 -380757754
191 709 381100922
19169 11330 -551524838
16399 13059 -2986822
2309 12303 123703923
11097 9347 -363908168
19028 2799 -432910735
10742 15456 -605941809
3237 17924 -694593222
16010 4814 -217568641
15492 19781 384551879
16842 10069 838526884
1477 18142 -999768251
19322 16735 251538923
9548 16034 -926534350
3823 6434 -117723354
6908 11012 -153466959
10517 12111 549667071
6396 890 -973723363
5368 6946 214178315
11185 8916 135113222
8317 11037 83949119
3710 6919 -32834881
15784 7364 -75326884
5284 3633 -344235364
2533 12564 -354720522
10321 6387 550280168
1824 6577 468930091
16223 9705 -602279156
1312 921 50018767
2287 829 851967236
13538 3477 -523190798
8263 18246 -539458189
9325 8930 -408412069
449 10811 -757267048
12278 17304 818052888
1328 6516 127972018
11526 5310 331766786
3695 12145 885723654
17763 15405 311454969
14001 8247 266717548
1664 14883 -327166548
2795 13287 777414952
12097 4361 935710095
11826 11623 -291287498
15389 6374 410096601
6958 16894 681281046
14528 14068 -36628410
5862 3797 311599958
18804 18734 -165050607
13008 4001 954317297
2075 14788 973079800
830 4559 -538925913
13993 1513 756736317
5110 12161 722136062
19004 8006 -925713454
18508 15505 157715202
19059 10926 -159966862
8396 19167 726566450
14354 5792 -854311017
8185 3629 -633230583
14580 11912 -275804917
18927 15959 -375222217
9327 3853 104871064
6247 13174 363532227
2627 18917 -656464093
15019 14965 379811670
5486 12882 -553886902
9516 10798 -217535550
16513 19085 491362502
13150 5411 692340236
13637 3747 -918489593
15357 3117 551843036
19836 12734 371914799
15530 945 -842263189
15743 2851 109938859
15270 18580 83903968
10883 14005 678751409
16177 3086 -284900502
17569 9374 66705791
13081 13803 370840253
6180 2247 -882701897
17675 19208 66573574
14956 12632 319579824
9651 9440 -691821183
11857 15188 -545159312
19906 9146 -617955396
16095 2519 258242800
4790 9829 376376691
10712 13577 396454179
3252 14887 864032060
3187 7734 14228473
19090 4894 630976246
2642 6114 -205465749
13819 17397 486007292
17707 354 -187307063
13955 12103 -271552600
2305 12374 146266626
2749 18178 -253984106
14958 14099 -90478909
5395 1645 998612362
5691 6433 -235650831
15456 1397 -954782284
13621 884 -99106879
14327 15641 220691691
14611 17486 393870666
11881 12167 -872510155
7469 11486 921829954
11501 4158 720535177
7623 628 -362524626
14948 425 -842743711
8766 1749 351147131
11383 13664 374280051
3674 3543 -66858461
741 788 -536446722
12084 18835 -637935510
9168 6292 -517373735
1098 8189 599986256
18269 2649 -510817530
719 10056 -649199026
18330 3420 -278908048
17433 3958 -354193112
8020 10931 26559197
660 2478 -181768115
10586 8008 618036334
18836 15561 -122994689
6522 14052 -139612083
15516 3603 791256198
9442 2379 -142612761
3502 1202 951352243
16231 15922 -527165292
8246 16375 -491384893
14711 17280 853590258
2067 16685 -79016051
16177 10538 -397542428
19273 15531 397432614
15151 3270 -709215117
12729 2187 155968420
3513 13622 -726120514
10505 11768 976577755
4047 6948 567720145
12881 9921 175489563
5792 4618 -969692453
17440 16025 929905951
18300 14781 -246104839
19774 6743 760558288
9081 10562 826315471
10117 7681 817036954
18026 17302 -215586500
12707 550 281683579
9814 2352 928042658
15644 10123 262238735
9667 7143 790519559
19689 8307 705011323
14223 2110 16776220
11936 7574 -408199648
18192 3140 -125247026
8968 2505 212969926
8796 4136 76072357
2822 12414 -772909525
2307 12563 -281604041
5562 9401 -634841804
2744 15026 -457403836
7233 19210 -897461038
3463 6410 -807806970
1772 19049 -607337655
12098 17668 -373403013
8438 8920 -387007145
6017 9519 894443136
4400 9725 721642753
14694 4396 -271710540
1168 13886 -193044834
17631 2015 383261008
14240 363 -526718503
13210 3199 806230626
19092 8834 382481400
16254 4555 -372823480
3663 13479 774332439
8564 11099 41623065
3308 8787 875671765
14880 13259 -630026989
10595 15795 434536150
9235 3408 -165575913
12690 16492 755878317
17502 17049 324666736
4116 7036 -377697547
18068 19427 -365322967
1976 10752 -224098139
1817 17875 -899222260
12336 3676 157998413
10262 276 474615788
15084 18744 755386918
11303 3619 -964982541
2477 10189 777245651
12116 12818 -493548804
367 44 -936930340
1970 3818 293744823
19356 6926 -428745921
4353 3384 825185712
5576 510 712445323
9037 18802 -567164008
2066 9826 -676503757
17883 9615 -846439996
14848 3839 892762524
2907 14521 -155248402
6542 16758 -901167998
19229 11245 -975728532
3718 5694 118041711
9501 7334 975169457
8877 19653 278067902
6480 13985 -595632125
17729 2078 -99585868
1612 19047 -744160030
8824 2233 -985645434
15335 5221 -436823130
19104 2197 -491991952
16417 387 814971298
11094 2123 -815064146
3325 7473 -678584094
12764 17886 -809400198
2987 3339 -976141898
12736 14587 28333304
15608 12872 -792606271
12466 16070 225218345
18553 4144 -644064303
3030 6211 -255984166
9039 9462 944343005
3895 8902 -609585936
17409 13867 186654320
7556 11970 382292688
6357 11218 545902831
14867 8487 -129011368
17610 19770 603726274
4802 3884 -34432447
9520 7030 -948057519
6644 17393 751210929
16581 11217 -215680572
15808 13101 476394355
13333 6550 -998203762
231 1113 664259741
772 19343 39625871
12088 10250 951030849
16382 3416 -69183920
5752 7618 -374652776
6580 19427 131921667
8860 7383 -361053866
11274 19097 -188293409
14111 13249 -856549595
5464 7674 926927047
8848 8475 -199700401
1307 4197 -712956852
5985 4506 549727396
1660 2521 348939707
6870 3684 -562189664
10990 10668 -838694865
12737 13528 -189553131
4868 10085 -340364171
7688 9281 895771346
14674 16038 30337646
18624 17312 34936553
16548 5665 33961205
15134 19401 406702498
11995 12966 353216390
6596 4371 -254271237
8913 7198 543789297
18216 10399 -209716643
1842 11609 -922041187
2409 5086 -295778575
11476 5088 944796787
4768 10658 166453242
9028 1121 -183887807
17002 16196 778740909
7312 10979 454110716
5149 18625 -196330921
10034 1459 -991541697
2579 8073 -280727391
16261 18346 438532892
11354 16271 305592807
2459 12844 -222596857
11874 6195 174234873
18375 14929 909044538
3716 369 623954836
2251 1045 -315161192
13616 4653 -452851992
8452 14165 777279183
15988 17496 -921075336
19037 6575 152681616
13395 19209 220195895
11932 12234 528288346
17693 16288 -770221755
1620 5272 -320252562
13651 18366 84904502
2691 13787 -856367380
16761 3964 -645592645
9502 16315 947441173
3220 18222 575604440
8880 15090 -99667333
3029 11001 -443054421
12340 9113 163825620
6144 8942 -14541565
12494 16909 -944623861
2894 18570 -805724934
15625 3823 -860968688
16252 8334 -348908306
15577 9494 396137345
18001 14277 -365786906
2203 19285 -843161684
12552 12329 -415821319
1813 12268 94764045
2752 19453 -162826238
14846 4508 273860555
392 11662 651556015
3176 2298 -451243017
11333 9399 -633016284
17015 2732 -149323475
7726 14438 -436362619
5168 8877 379816357
14909 9798 -709069911
19199 14406 -937122264
7335 2941 -833811983
508 9594 543236771
17543 19385 -660337737
13799 16200 -465015249
7315 13645 627441252
14929 19720 -732534056
13649 2599 168745677
18054 10653 -777094077
17996 4119 882413292
6350 9694 -491638850
13407 15047 57150330
8840 19271 -558624625
7965 17198 -619918198
7836 18219 -236736190
13662 2401 335797848
11079 19572 -284094710
5163 1140 -826542046
12573 9012 -227035455
16976 18529 267899499
12379 5229 -231565912
3946 4966 -915866699
1647 1288 812508039
14886 1216 706357451
1826 14739 656638434
4817 9240 -59210738
5355 52 749530613
6485 3032 -500810950
14306 3785 -539175978
13094 19274 728271353
2361 10282 -187015497
2568 6290 -691453995
4338 4335 -430271013
8884 2618 -57394954
13731 5607 -993394793
6043 12700 -990884359
2614 9690 834572140
15207 9242 809809208
15002 8900 581561903
7958 10684 277540706
2884 7106 -653529545
2125 4923 713214288
12462 18333 -143161011
9736 17830 526703633
1363 6961 616148199
13946 4650 791814108
18195 6738 -30513743
6890 13172 620355347
5624 17328 -786802460
4068 17978 551447652
8105 7160 264725188
12712 19238 -826949557
19810 1955 -530183537
3969 15216 -432718644
12259 10206 497612398
17302 18331 -459796127
5650 6157 870491450
9017 7070 -60161582
15227 10867 372152850
6914 14629 -54173452
566 10175 518924862
3900 9288 -468713031
18474 9114 702901287
9855 9045 -505108912
3521 5336 -228203350
11537 2628 457869911
14802 3021 415742582
16873 5745 -161927567
15330 18787 390909869
12188 2846 -101137713
10591 16349 -506968349
2942 74 101631967
19613 4916 38597180
487 7277 802055543
11698 15162 -543609241
3609 14935 311420265
823 4940 -468345414
9813 2062 480569838
619 9453 520229858
19615 4489 -953982643
17980 6161 -950254460
15522 13654 80268900
13476 1059 -676961227
12975 10657 496251319
3748 19343 -835874030
12568 6736 435571758
15431 15889 75278105
7086 14036 -347069005
8653 5133 -644937017
10239 13186 -187076542
10862 8711 469009835
12644 2899 -123255639
1626 23 439770667
16450 9176 308447741
5009 3419 677134059
11467 1751 -804596548
5235 17586 -958701288
2683 623 30529797
655 7045 89285183
6238 8374 283780951
1303 15721 162233455
16715 5495 -21712966
7636 19728 557436912
15008 19280 -576781965
3071 13393 140595006
8258 19351 867867188
8407 11777 -448496992
2134 3869 -536061880
14274 4756 904196477
5694 16351 417641486
7069 7688 16831478
10956 5140 465344019
19736 18099 521289477
5736 2040 190641955
7717 8877 -571985050
5682 13312 190435744
15385 8639 -728808747
18172 16625 -160783479
229 6309 -346470775
7090 5946 346315937
19245 2347 -384534199
12568 2465 -274323288
14825 19097 756139461
9572 283 -298515047
17411 11856 -966056541
18988 9143 121330457
19365 14514 221086506
14107 14833 585272576
1927 9747 -197356380
13955 19785 -980386941
7787 18557 -428778549
15211 16958 488888752
894 18082 692012882
15147 1795 229160886
7918 3260 -370946269
9095 18070 -155118069
5863 18850 -974087520
12867 8131 194808313
18749 15296 528704955
9697 8600 -446669338
11711 2843 192131100
14918 18631 -451455858
14318 5116 -247488910
15927 12003 -598883647
12009 8678 -478140820
6019 11549 630164301
3895 3328 -751154678
12840 10131 263273823
1121 2895 -198048339
5785 12194 56226338
8394 17429 469082520
17254 4983 -697964811
17625 6668 -713618759
8871 11935 -586294467
10109 2406 -917727824
4255 4551 -236438911
3472 905 -308555522
12066 3711 837734078
15130 14909 535014957
3879 19958 849340893
3984 6897 760468127
5120 11167 -409227019
17276 17013 -608932366
11683 18876 -359170439
1638 19875 -363303676
13671 18040 -312188247
2802 3787 706500144
16109 5659 -50888996
14896 13354 -483975774
11464 9214 640392944
19158 8960 -204015125
15108 1983 -184311523
3029 12024 965104889
9170 4772 155693314
3016 19015 995726694
17133 5408 -217665752
19900 5166 548530481
13634 1029 -989886015
6054 3290 451738919
12418 16271 -900679111
10747 6534 -67066224
4160 9872 -239685885
11783 16773 788487704
7117 5623 -476549014
12914 15837 715120287
12607 13651 652046281
9495 10795 -17725836
9202 5780 699896601
12402 2524 707066803
4183 19227 660325204
18904 16294 -294790669
15357 4933 50795119
2137 7831 597433398
13613 18790 448767940
10477 4649 11808905
12494 14358 526583313
19887 1093 -568259636
13040 11236 66044526
17382 5896 103443907
7282 4861 -557958633
4167 18297 -197758870
11659 5806 4509216
15520 1932 618962692
14441 3279 987655366
11294 17637 570081495
10161 18014 14367715
10922 7644 7481120
554 18648 -691428698
14656 16653 59064534
8507 17293 -54781089
16227 10762 192961875
18012 8863 217533214
2984 16060 -104871862
8932 393 -945004520
9881 19458 883732704
12284 17810 194710534
18296 6186 -520622296
8533 695 549322003
6819 14195 -118160245
425 14238 128923850
2846 16178 -563904935
8515 8233 808544664
11127 14082 -743563047
18697 16142 -867356376
4283 15401 530677359
1380 19122 -705613268
7883 5901 942244754
5351 19199 -154025657
12977 16330 7717664
15289 1434 921804542
18615 12787 927012733
13907 11264 -451717025
14168 17756 812553232
15207 19525 741955919
16384 8918 -144756097
14554 1772 -108881130
15206 8220 -902243193
7217 12965 900189931
19693 6606 -792503122
15349 6919 706469369
19085 5017 193386190
9678 11507 -476180037
2015 5381 -761090388
15926 19193 -972805647
3678 171 -222794288
3022 1299 779057416
18753 19303 -110828136
9461 9861 -605147814
10127 1865 -685918456
14152 18246 765737497
18284 10220 149466120
1268 1299 534052990
16102 7556 -143414701
2626 11644 -528333331
16903 5646 625001159
1074 14368 707345017
9186 7177 -353074332
3404 1870 558631431
9545 9906 -544367955
12619 17454 -588949758
14092 3478 721926670
2738 5439 211568121
1248 533 2161768
7031 9351 939988871
14703 10017 362645535
2741 18853 540368431
16475 13617 -503693709
8992 4543 274584374
15449 5423 -279553703
15370 8333 -720029488
16 6431 443459629
14411 12467 -476969612
4339 9132 866254596
4275 12945 925414273
9914 9864 -333319832
14505 15884 -705243378
12152 13487 -589913347
1376 15214 -843840278
7125 4887 636446704
17282 18479 3023553
8356 9048 424694387
19352 13331 -738566894
13129 11337 -949812079
4732 19407 220020735
768 1464 -24317137
16776 69 305763426
11818 14822 -43866423
4694 8219 -818803187
17020 10058 12397345
9104 18541 -802336163
10 7122 -946360770
6212 7898 77850697
14245 4551 -557803351
16616 11488 960411023
12052 7775 719489041
13740 12509 -504226026
535 5348 -926141945
8354 755 -663250204
12979 11669 -347091311
438 17078 -38660160
2138 3381 -320979474
12565 1927 936406584
14770 8411 385132018
19815 1251 -672480116
4767 5848 -372443536
15646 1957 -690056174
15525 17680 -855882591
11029 372 427234582
13246 16604 457057756
14336 9089 -641689704
8386 3477 -105121032
5689 10829 -133734774
17766 8576 322851175
10952 11675 592187776
3970 937 786218855
4837 15943 355691787
13849 6714 -968865082
16146 18577 203867503
13356 10193 -554933562
6845 14164 -99074753
7180 16634 607197497
11042 14003 -117210111
14170 10474 -258939371
15541 1735 808682374
4942 8615 -160322708
10826 17804 452924945
5866 5367 521967523
200 568 -596809838
10684 5001 -498909532
12602 1577 898215367
14024 283 314941631
5628 13681 222979412
7691 7587 -7372337
13249 19762 -969384119
7896 1558 -377143131
6129 7516 -986569024
18153 6273 963332151
19399 10870 -918676982
13985 489 -366134106
2396 14276 575058922
8238 6686 -609784434
6339 8323 86775877
15997 15793 13427558
19466 19465 361029805
17982 9098 -883572700
5003 13492 -11099922
15371 12808 654768701
1926 7275 -719235359
4374 10367 -756585612
4151 15208 756986678
19828 14111 -684482256
6506 8917 919890588
5594 8997 -718872885
15397 6869 -99632053
7247 16289 746394641
13810 17525 -88849749
5276 18785 856390122
2106 550 529664914
16151 15587 945956553
9733 6834 -77945136
12664 1282 -529399755
11551 13301 -52035256
18866 18083 -176462668
1474 6136 -171353684
449 852 -538189256
11023 12135 -962113027
14767 11688 357584466
2308 18628 -656817715
13336 17098 622743908
17019 5697 -690758313
13086 5475 347268329
4603 16625 -439606697
12498 3718 959007575
6346 19912 849257339
16283 15140 920631121
15193 4317 -738127635
15677 5868 -448580486
2717 10956 873545747
19880 14828 630042464
8556 4973 225292842
14018 7542 215655302
5046 7020 -794560747
6464 3865 682818620
4140 14279 -457660150
1138 17647 812822507
11108 15383 -307949690
12935 14901 -540907969
11364 9524 102944231
19392 10954 600481824
14583 2733 150413433
12842 8601 -574845347
12257 3004 -679775772
11236 2629 -305546829
76 13095 357576815
17552 10656 40803343
1403 11582 -798281492
7181 8405 998214367
6517 5956 316696609
2098 6790 97292549
11693 6413 -784879871
10053 12636 -488719296
9864 7100 -396530898
756 11239 669418004
16253 13554 -101718603
10656 5120 238121460
3938 13956 -916357398
3883 9534 231474090
3041 10267 157381770
7535 3408 -946206532
8405 13760 -431255160
2453 12398 -405580318
19144 7328 -563934297
10554 10916 366562549
10666 12475 -375150740
6170 2282 -801223968
16258 14221 -603291176
9103 13222 -446787819
8556 10122 -232839132
17185 10760 796311497
19310 14096 596118008
4152 3004 465391668
1647 7334 -478425874
7105 11323 -128444513
10294 1380 138535336
7861 17104 482713666
292 11373 229747382
5973 8078 866682782
11072 279 295175933
4482 10541 914213394
852 3156 -307007981
15542 13503 399129757
11615 2231 -358522886
771 2249 -890836604
16126 2083 -216702561
5031 2185 -680460946
12295 12198 189771105
2406 6652 -391243361
11188 4319 -17820294
10103 10446 -471474409
17258 14648 -53024713
12927 16184 -497728379
7099 6353 -850261168
5696 2798 647854653
8647 15153 366321171
2726 149 207879424
5194 11319 112350174
12164 9161 -138145054
13007 7912 -799156736
16778 18595 328879086
11335 5156 -239198696
11037 10048 -850216459
18527 10030 871448120
2483 1523 457149093
6822 8690 178382227
8459 10675 -718352764
5240 4220 -134410094
6879 14364 -906803734
1363 14339 617017565
6086 5820 -850015020
5868 13785 -999278948
8078 2204 422638662
3788 9558 933969327
19043 18070 272909839
17074 8646 -179761240
6831 16766 -147744849
12765 9019 578368809
9770 3244 376617651
12267 198 -885767034
10421 16604 908610657
2555 3569 -639984291
13465 7433 103963420
16422 10174 -445453163
923 7702 359138882
6420 3345 89596601
8491 3743 667056610
10650 13507 -138310203
14876 7091 -939682211
5245 4416 665132699
17366 12140 748169160
12599 1315 -812063947
11554 15005 -475499928
16663 18669 -813860646
5468 7645 501290621
932 10560 905052256
4795 7488 345711715
9692 6639 -794236341
10762 10293 104456032
11398 10781 569358987
5159 16939 -30502232
1081 16947 -560978602
7348 18422 328429812
18908 4233 164831956
721 12015 -349995718
13118 17634 771768873
6323 15633 -995094026
18706 381 -449209627
13111 7877 515122324
17512 3589 -246729174
17157 4866 -411857558
16214 9605 -313662975
11950 6596 -842379317
7947 17207 -922251550
1755 14317 864790913
1098 16334 -315551929
3187 15113 -912239536
10134 7422 -976916217
8491 10644 -291367722
8055 2880 -221438820
2615 4499 -631761128
6251 4880 855253215
3267 7342 -718546264
3562 6859 39641395
10888 9113 -623489125
126 15919 356043205
5520 10411 643942071
14764 3624 -771319855
3935 5749 284907295
14929 8425 562418031
561 4788 -414258761
7776 13558 282939826
18339 516 -953666318
14833 12584 -852132299
12855 11265 -157514497
3271 7502 197736458
6216 12055 458412821
7272 10375 -204767704
2283 7082 403863846
290 14943 619897132
6131 8556 687607866
13413 19626 467602911
9226 19614 684254066
2846 3777 82670616
14811 16659 54107587
19632 13450 -593327139
17326 8105 998775206
9162 13052 411885000
13166 19373 938205052
5283 19175 622505983
943 12991 -963289245
6488 9258 895228504
1573 2791 309837606
10430 12270 -242184801
5485 4222 -223434181
4465 4867 -978751751
19649 7337 379387934
2358 9174 882919559
18213 3909 310481417
6634 15924 991362236
11508 18243 674409398
14034 10284 286160184
17282 1166 -665673231
3650 13321 -736310706
9781 8278 249521458
3922 12572 -45573673
19316 13153 -826064471
16238 10372 -34644917
12347 8923 735819153
12945 1652 -788010934
4680 5276 -840923497
3454 10595 -590754206
4945 12923 -397371243
15629 11349 -723134289
18600 6468 645248905
8146 6290 -813911994
17863 5382 -201585759
7941 10570 -677125154
13386 3671 274247100
5154 2053 -858030340
14821 10180 -475041699
8734 13983 -608176301
14709 12445 669846977
15102 2192 689641173
19726 7451 106324625
14769 9505 238380070
18389 19671 446519358
10793 3900 110936946
9702 482 -14105700
6110 15359 118342326
9587 19767 658714573
15876 1914 917035023
5091 5764 -448132016
18622 5942 627872218
5146 11259 -910308330
1906 5400 -740915843
5531 16316 -782044469
17944 3601 -979942882
7084 4405 -358184619
9196 15509 -244885210
3468 12577 -99910437
9897 5501 641816032
11734 17927 970534424
6749 15123 894908235
14679 544 190261991
10389 517 303451209
2434 8325 22758264
794 1783 -945371255
14629 14446 801461332
8192 12348 609503818
9259 10295 -773174000
19258 8156 -884618724
18202 4614 -637627661
10371 3417 761297486
19205 947 573182734
4636 16561 -107781496
5271 12983 122452477
8688 19584 -864902154
19170 7822 259344529
10119 10929 793595350
16898 18241 641150194
4913 2461 -909058322
14087 12613 312301374
17117 18629 -367953998
1055 7791 -520634394
9234 17411 359920209
4436 13246 -661721082
2587 4935 -539344682
9227 12921 -967006553
15313 6091 954819179
4204 3934 149091760
9745 2444 -407756228
529 11801 -50708002
2373 16966 656366102
1742 18233 912050522
4468 19889 -669773833
1115 19568 861207615
11144 1358 651906607
15639 6538 -260490696
8471 655 -74094661
15888 11653 -201820330
14425 1926 -646364384
15191 2334 480772766
6108 15627 -563693870
15446 15867 389751571
5707 3111 505138769
12142 18086 -935438204
14096 12141 325934935
19222 1346 -651080566
2065 5793 -303410764
10189 12850 -34919016
9423 4221 134032486
3435 826 -891853936
13950 9905 159293476
9808 8345 330341829
9249 3323 529996760
993 15790 -200455427
16397 11929 -503640666
6803 17575 674661366
9594 2291 98392765
8313 11894 -100866941
5919 14201 220295867
1770 7811 -480402531
889 19608 358927081
19562 10588 951149678
6477 17728 -817442618
4940 5409 409436568
19558 11171 130168875
19015 19517 -323494155
18845 16140 533858310
2520 16287 548361217
6101 11518 -408582593
8202 18629 -490433784
19681 15358 -912256151
14583 10024 -303579872
12957 12832 711631177
19577 1959 823505659
4564 3365 -58702838
10430 10189 -271699311
17341 7350 -38677998
18615 737 -973104423
9413 1299 964358009
7474 16905 906614673
10946 6742 10870132
8576 1843 -939627253
17268 12995 503080049
17325 19617 27217252
1826 18903 422509831
7411 11245 409033463
14335 13984 666139764
10708 9885 553664421
12114 13947 -19993321
16021 12023 -500092508
18174 4241 521540911
17308 1471 189140029
11237 668 99813326
13292 15524 -5082088
13608 3016 -546175314
2088 17383 -864884377
5869 14791 891718700
6713 9550 794796747
10022 15451 -426851145
18616 4044 504720323
15562 13768 584937167
18965 13748 495843565
3173 10226 905038981
10989 799 595277885
15465 11188 -415077671
11161 13630 796169252
10656 13610 605249367
17295 123 -825523498
18125 14107 -136991495
17267 4073 164650305
11753 19018 24705709
16084 6263 280460597
11901 3862 950232978
15873 10813 -223089673
2001 9497 -270982497
2178 14523 345343955
12339 8299 342660101
10157 15711 639708802
15386 3054 410550565
1677 9256 -613863830
17875 2275 713509773
9912 7038 219507670
17348 19230 625487767
19259 14161 254407193
7590 2705 -894860204
10672 3163 -905685678
10632 17499 338295853
3037 1900 533005438
14895 8530 -945584322
16617 18089 530628006
9720 14350 -528263562
6542 3328 65257435
5817 15382 650521408
8866 2524 126264957
14639 13586 50697174
9933 3276 769153595
17314 515 -252530655
10215 14987 -876562031
6202 4680 -169360785
1558 13738 -700552122
11397 14108 -228579248
5364 5616 -782156798
18799 10499 4435432
10945 9653 -896720816
4780 1049 865580408
962 4362 -309597722
9024 8459 160382840
7823 14583 838265198
9371 6386 -478653532
19609 19127 74478682
5929 9727 -32314937
3140 4907 -372876684
8025 19543 554678710
18029 2456 212532475
9548 18499 -947156349
14237 8815 425692192
8672 15834 687462808
11242 9867 -986480020
932 14998 605562432
248 6157 -68016870
1263 5813 -742477052
9023 10413 424171647
12138 9921 -957503137
9133 3757 -547754977
7480 9674 78396696
15897 19407 697114498
8350 17 -318932760
17555 19312 411438398
15809 19607 -505616868
7565 882 -956431848
19139 7828 843567043
16497 11971 939988022
7654 10368 348952938
16742 233 -824696985
6741 2568 996454735
13489 10844 478252539
13461 10584 -605891222
17826 11979 74119802
16858 799 -601326896
9596 13439 -83734720
8053 2508 -310853654
8543 18235 882960262
2734 2333 405090366
1051 19193 271902635
645 19983 -643570099
13514 1848 549971591
11264 18380 -391375600
17001 4661 653325776
4030 1481 806873495
1596 17464 137877761
10734 8501 -972841277
12939 15678 -278040924
11526 14253 134559127
3483 5555 139045022
19567 1332 -585766065
13435 9097 -541812387
16686 9786 -632779796
4687 6633 948691248
5117 13209 -805816669
10260 15130 509783873
14381 11383 -143728016
13928 2952 239931065
5702 19394 -919031680
3917 7992 -868442042
14437 12239 -375499536
5679 11815 -577418853
1295 19357 -18529536
8288 3128 655572118
4566 15706 766194483
8665 8963 -108199627
14211 2312 127308253
13632 16212 -980736631
5259 6317 692440019
13690 2010 672558645
11116 913 -934487274
4368 13568 -122654461
4540 9528 66763408
4610 8631 -969194510
5971 3359 -901183895
1737 6856 -989419560
19754 11840 -670771598
19968 8637 -667320617
2773 4113 -844742724
18668 16830 5874036
16586 1817 171208496
4284 14826 -303162709
4722 145 984557291
8221 8726 264129263
17627 7262 24378202
18360 3574 824342568
3956 11301 -70183218
4225 4791 899885361
11680 1101 474793570
13058 1498 1459966
5873 16770 895770025
2236 11037 932836541
5791 1499 123569234
9259 8445 288443323
16573 7815 -862325800
6790 18914 384989032
17470 7972 333557949
15792 10592 -804063607
1842 1939 877537194
3267 9056 -665243041
8614 12033 -408315498
18429 19836 -934904813
5555 9158 -589843669
2441 12490 305644248
1088 8142 -95251566
18749 14121 -402526187
18573 7238 346970756
13001 13978 -567147354
14078 5978 338095999
4213 9922 681568309
6945 14406 4241487
7887 6289 489279549
9392 14018 -487141983
17901 13654 580376991
12918 12461 314165692
1473 3641 -310996294
14003 6363 -457707765
17993 15949 -873326212
921 3542 832816529
1728 18911 -145583282
12576 17986 -963865794
1658 10133 272886639
2454 14546 -174364659
3476 11797 31775229
17138 7302 -304088448
2820 2128 120450807
11497 12553 -308157403
13782 2300 -630190507
4242 2387 -830036063
13887 9770 -561659142
19434 9460 65002362
16636 14781 -893409337
16596 13293 -530628364
15329 17461 -666589617
4142 16372 204821591
1336 8117 563789828
1667 18343 372692674
9360 7805 613587938
10309 1515 -375068191
10649 19817 -103702025
9575 4622 710435859
3931 3858 311019606
9962 16588 -323866342
12382 16107 568877182
16317 18256 -413648799
2351 3525 435893174
16183 6844 -243494126
6753 6012 -419051961
7853 2280 678458700
18519 4067 -625381086
15539 19791 555864648
9023 18913 -469479504
19848 954 -587122968
4185 6230 530452499
12041 3129 270341533
10560 15243 -68877227
9972 18727 999822770
12265 15219 -796479467
12851 15369 -376469726
453 14437 -534749919
19240 11368 90896711
3988 14623 -864551250
18289 15883 -590481051
15512 11348 -76986877
17450 13498 -842389472
19466 18968 395394862
14165 8667 -676370169
6788 16289 -37254754
15939 4471 972851316
17318 9790 -900552368
12496 15777 255370675
18548 2730 -350968243
12144 6695 -56014385
7326 11343 881861752
9893 6453 -755931747
5963 1121 837774963
17528 2799 800547201
9677 11131 923509487
7469 9586 -646824493
17664 16266 135430691
3192 19807 533619892
6702 8665 -256133817
9772 18124 311720006
19750 18013 805975905
1910 13549 486647386
820 1232 794570060
9880 12854 986894137
5461 14732 710398386
3065 7819 296389939
14236 410 226704324
8030 6211 400555372
11656 18706 -783267914
6313 7496 654562918
4508 19108 -817534831
5085 217 987514982
12431 3674 -180194759
15922 7576 359080898
4152 5528 -75287706
18817 15147 956158483
5040 3600 380223611
17613 12752 -253980930
4470 1809 501368076
18350 4795 623906730
2190 1442 -625814605
2283 3014 -568480701
16315 19295 909111002
8630 4572 -923765118
16378 16347 336370035
7194 3011 521029078
9882 5006 -878475567
12781 5496 562392863
3211 10100 -287446455
17313 1001 -361876653
8993 4068 313482174
6888 15203 -18001848
659 4032 -284116647
18625 7038 -281624822
13894 11686 -749197989
1308 15810 61832151
16167 17528 -497422024
2359 8742 -687152260
1831 6234 147274989
9277 11380 -670892140
18455 17275 -982913043
17826 18978 -712897486
17693 16161 -163250990
10850 9400 643685768
15944 9586 -299835102
9767 18840 -197949279
8993 3736 -326865442
8344 821 -683287894
3855 19781 612241774
2519 3649 706935136
6715 11734 -932778520
17395 84 169553012
9490 855 -934277970
333 3142 320578671
1933 7908 -323054895
15916 1586 -512154402
15661 19445 -541682483
13842 14332 -95987721
13336 8077 -711852954
19992 18360 752043555
14409 9037 -842157512
8403 2916 295563033
3710 1374 703305493
6588 185 -846743416
12373 9691 -379882517
5701 6350 -573519271
13889 7835 -508723691
4436 8831 539301968
3994 2231 -950060837
13283 14322 -381903307
10563 19486 -399804102
942 548 356882543
11743 7899 -671957062
17129 17900 -801064585
4142 15815 -60477540
250 14218 624592209
4967 10458 -454913831
5336 4740 387103630
8160 13915 726657541
8785 13812 327910335
19468 19676 72672228
19569 9876 -573774303
6825 16998 792593777
11306 494 -375545501
6555 12981 -289563571
13333 1994 -10103118
11418 11893 398433189
13824 15773 270021926
15873 16195 -328128877
14503 18568 547094273
9917 19950 778569132
833 14153 -896714993
12104 2951 180799577
10939 6064 286012335
6780 11300 -559172308
4241 9251 -277117196
5296 5540 912701936
11016 11289 -257360727
4119 2871 876067719
10622 11620 321748234
4777 17552 -257057915
79 4805 -740544046
384 17392 350429492
4733 2307 539854587
804 13607 133500247
15894 1993 71861672
10007 12278 248305802
19307 1608 -429947006
16425 15934 814791309
5709 974 -155458802
15425 7811 -877395229
12508 11072 -345214682
16574 4081 806632356
7311 7253 -927407956
13346 5422 672893618
801 3376 377741724
899 1317 -55678878
17588 142 -252885739
17894 3279 -69918184
11656 18681 606830083
4336 19170 -883487334
16236 7204 18379691
11923 16039 791398644
4861 3034 -126285571
9763 15145 118725964
5992 7405 580209348
15542 204 481640671
19677 12144 113830892
11272 5219 -16264678
1544 480 766587192
9876 3497 -373131712
3824 11805 -291209242
8483 536 130011321
18925 16660 10637903
6869 4529 561886650
15758 7464 269929301
7035 3905 -490920110
1013 480 -152023616
329 7420 667140377
16013 6493 428886086
16078 9103 -460720023
4264 18368 676626165
14218 8701 852063790
5443 6644 -367547712
2384 12457 383594765
10568 17475 -193234674
6644 9151 651779832
17365 19250 -219901273
5961 14494 616306718
8745 11117 485258902
17443 14306 -176225473
4330 10422 831711317
17040 8644 613237466
18613 17481 589196727
10684 10375 919702756
7870 318 -984316506
8756 1019 -889706779
12490 11168 -850856001
397 15356 689886455
16236 5073 -700027523
2067 18687 842821304
10128 8325 343024260
2911 17934 -332065982
3181 16475 419245500
9282 11177 132149251
11519 11039 -258081330
11339 742 547677422
3309 5885 -505797905
12517 7987 661139872
14324 5234 -977017798
91 6407 -760340726
13623 249 -365461761
6699 752 14193019
12405 17899 -263396736
247 7695 -708650044
801 4403 903073913
342 5843 754447823
5282 13458 -545130387
13847 5259 982035285
5278 5051 -73547731
10818 3374 732562902
14377 3278 482561742
14868 16283 -696668245
7175 7472 -164737458
19917 12776 -944716785
17233 17376 -631015195
7144 16142 844448171
18518 8831 -323980219
16753 9003 -606025249
18959 5967 232031926
6832 8380 -118400863
437 18572 389577886
9169 8173 923417764
2936 5403 -206359027
15320 4617 -12728747
15872 13699 497199742
9141 8860 665922150
7939 19074 -438133862
14403 15346 -233905508
984 8940 -154088300
10153 11273 -42088141
2433 14718 -65826270
7156 1442 989413228
12623 18958 -72538794
13474 14780 -387532641
17711 9671 227515460
15697 17950 -897866927
2747 610 286620135
1781 6898 -606751924
8729 4485 237582854
626 14211 -985049154
19459 11313 -431093922
17032 19853 -326261272
2919 18356 -203266983
12739 5426 -584651612
7060 14863 -563354800
12578 8759 -903308948
13877 9754 30181487
14858 13860 -223048269
19884 4078 733165491
15408 13172 388539969
2697 2834 142208307
919 6928 985183519
19273 18605 613584449
19242 14617 -485820843
8472 7030 646707933
19786 11446 289157004
7568 4066 -266243792
11677 14906 739680920
18855 15745 -133976678
1167 4580 -569048741
8263 18856 -235871825
12863 7506 -95533980
2346 1542 979517046
19497 2332 -686342459
988 2869 -730949305
7169 5329 -905894022
17017 4097 812418552
13079 10175 673862782
4371 19641 460917999
12319 9951 392255629
338 7339 96566351
17790 10125 -779582254
4874 9897 -108244911
9081 5571 759136138
17030 618 -201171302
15624 16583 736672637
19455 11338 582292110
3169 19130 -954782427
15981 18990 342454351
14736 14534 -843888209
5125 19460 806854821
3426 19129 386178909
3180 12450 -137157685
8318 19781 -239154161
10622 9455 34723653
2615 7051 -682353826
16450 1299 557929532
15832 15619 -305612962
6821 4054 770973598
8586 17302 490493788
16983 2986 110736734
19083 3571 -291697325
18999 5498 10159656
19362 17605 351549985
19363 18822 -17432380
6888 18656 -342014840
9533 6962 905467373
3330 11445 995185472
12887 1435 -98995015
2460 16827 616888439
16725 13064 -308081145
11447 16043 -975814428
10522 17399 157937412
17725 10653 980468489
17758 4388 482752386
186 17521 487408454
19601 7049 -926346416
5978 13412 -632490442
9240 14145 -770278564
6643 14012 89762121
16094 14803 -621632154
52 6513 -881689427
14321 15011 293136140
19343 5815 -446648682
5512 14614 -308244078
4361 13703 -320996166
5851 13241 -689946526
3800 3679 -712358947
18371 13657 -600504670
230 19541 -452317900
6856 715 -264975935
5344 8101 -852712274
12599 9641 -281934856
3850 7674 866667258
6597 9604 -545778842
11988 2024 70311659
12680 647 769838718
19504 12720 -186498178
4387 17631 -850905828
512 19346 -119408039
15057 10587 560017375
10783 9633 -525037513
1704 6022 -741763007
17556 9812 -624682993
4849 3089 -280287267
2834 9603 175934691
6056 16958 -578040601
5720 15194 -471784452
5657 18713 464144831
3229 18511 237135454
14124 1506 -520207755
6561 17838 -697695980
8318 12423 -106935304
10963 10628 471091275
9585 16498 -201199519
15541 19525 -544267112
8987 13045 204065651
825 12466 -789936803
10457 2205 -234377769
5350 13982 -113185681
12370 16507 192049043
4646 17567 22719389
3928 3995 407095712
12516 459 -888378147
578 16637 -720008462
4576 19733 -736662688
10011 3625 -7422457
11141 2248 -584404377
4643 7565 24488849
11931 12704 163172251
945 121 915372669
14001 3700 -765148508
6041 7721 633158178
2334 16593 932311413
3115 11603 -9148605
2861 1228 -794796945
733 16622 82368427
5131 7678 -262047029
15200 16550 582574256
5683 8091 367178948
19350 19622 -762515524
3879 10935 876547687
13004 9403 -800781823
2485 10659 -690968080
12965 18550 -742867922
6531 9359 283440649
9875 6255 666344551
13291 16611 640552408
17805 11307 -818573281
7602 13195 -266901475
15697 13397 -31515543
18948 19637 680001842
62 12593 -985221723
4021 9212 -579559075
3654 16885 -567858286
10547 1226 -947440284
11304 8730 635417601
11697 5144 435366076
2069 867 369813792
15658 11981 155319965
17547 12911 977641138
10679 14961 53889123
6505 19745 704371099
10241 16622 -901114558
1474 4746 -843736951
5603 2579 -677408862
7357 13585 -865318352
2606 3568 -754498868
5339 17288 -833848598
10106 3687 -389393465
5655 5952 -905952131
14304 5789 -342475058
19208 17959 996872934
17066 11705 -39478357
2083 8083 -716813941
16043 15398 -235040149
14348 2792 965426596
14031 8810 -521650633
14731 2085 320697331
16177 18357 -512954466
17034 1408 756256259
2728 5859 961394315
8414 13232 -147257060
10860 15078 472497879
17701 14903 -806531721
1995 11696 -467429777
9433 15216 -847122941
8752 3566 -699494905
3658 11409 -862174633
12104 8512 -330680284
10431 15073 -227735398
10172 4323 429391376
3635 9770 -297307345
7454 1828 17715204
13359 15154 928215543
6353 5558 34340278
9286 6779 -201555416
6723 11936 -502184634
18892 11 720830911
12828 17170 -91981119
9640 15011 238400281
11145 15938 979178163
7515 9047 -294675578
16641 10409 -100204349
10036 1160 990041001
12609 2352 435053368
19988 18289 630423770
6272 17558 626855674
12636 17124 -947962923
17330 19984 506110631
18271 12457 -745092280
15469 16131 -940191543
9940 15982 99815729
17369 11674 -68292531
11292 4803 175181077
14736 11321 -518418507
3366 11158 837462702
8822 14281 146020591
7849 7214 619952296
8911 14203 -542994442
5424 11133 -889620115
8879 1607 -629502256
9865 1289 -992787495
391 1158 497545640
8143 1212 -757035143
13080 12308 -799747086
12422 11359 580684008
10478 11939 36795201
966 7736 -374957559
17990 2607 181005098
13633 17812 -617276158
12794 1655 633731938
11714 18093 -605431901
10154 13555 659685593
8247 19399 -882166009
9962 8622 -777906246
3410 5779 281294994
2291 17657 -722264560
3015 1495 617841372
16450 18904 132517708
4826 9854 224793206
19661 13743 -247645697
4705 1243 927442093
13541 10088 -725134065
10944 10942 196026199
19302 14653 -876670411
11866 19447 982183960
13253 5580 -234815400
7435 12988 -908145350
9505 8149 -739349457
1477 4201 -78745766
528 17902 848023287
673 277 471224901
8843 6298 -805412203
8557 14111 -252555029
9122 893 -938095600
11678 144 759309037
4295 11596 -965582465
17017 15043 -200969873
11599 11407 -94798667
16646 15633 969554491
10097 6088 -264801655
4038 9646 650294626
17999 12818 418483550
9374 15617 127650131
12817 5499 976003934
17920 111 -272375939
10178 8264 -673630099
9062 12740 265378675
13152 19804 217596932
8038 15559 177517360
15180 16129 651225027
19400 6456 973606235
8736 16500 892114680
3707 17506 97182276
17769 3339 -569973698
2795 18744 888508763
11864 4436 484919559
3626 18407 21737572
9857 2530 -912321930
8367 5231 -978585415
9932 627 -288122658
8079 4927 970550647
15918 5720 -906345785
15633 14771 705642305
3900 4312 154220457
11091 3304 333220039
10941 10362 -667324754
11616 2543 -640862881
117 17751 -176979447
15330 4413 823945389
17624 13975 -427011160
8323 12974 -82880515
16307 7390 39177506
15782 9710 -421305034
3091 11811 565354512
5468 3662 365853721
3503 12279 674505362
15861 11563 829812372
5822 17703 -604129442
13619 15390 332396337
1686 14731 -420408315
14012 11274 -569790506
1401 4521 790592421
12620 5288 -703878297
18790 14884 964475221
439 7381 -692134046
2978 19611 -877265677
19830 3611 -983272956
1920 4623 489596138
18083 12822 16804019
6760 11239 -833855823
4128 10883 239601978
13392 19398 490465790
14892 1868 451512010
8600 10718 -206223032
8375 916 -760341228
3716 12530 498261179
10123 6289 99571194
1464 12072 -791180066
4820 16498 -128126674
17014 17087 -278981276
16579 12421 -417338451
16930 12833 241192478
14042 8875 562533279
2845 5753 -282895955
1781 2919 115806775
13435 14854 380010331
19985 19547 569857196
12917 5647 -106556590
10985 12514 -824464144
9021 1430 -789489163
9860 2453 -403611244
10708 14962 990476687
13557 492 -903392418
8904 15744 858690682
8834 16029 -827671734
944 11757 -706456622
11842 18468 -390140886
3560 19148 -209852373
5555 11833 -776523898
13723 12613 -811997303
18450 14704 -630298390
9276 16848 319727857
19956 2294 -718534612
13125 2014 632889430
6307 14667 542405416
15028 14853 185797125
5322 7582 -581905555
17254 12757 560039594
4395 5306 -341026878
9491 4543 -929385476
14127 9582 -634446483
13332 17253 -504201104
4723 7628 -947448901
19129 16696 -214588873
12133 5466 -298780632
3284 560 -784197528
1754 13389 690648535
11305 19696 -446829602
16762 19405 -565255769
14703 3606 -240252952
15650 1782 114044640
7638 9664 -65849537
12538 16331 872672802
16208 17364 763401588
5651 5757 -519465356
11761 10535 -890781737
11010 13775 -894498755
149 15951 -448950114
12303 15408 175199276
17252 633 -521900672
19459 8659 935127376
17296 1905 -671054053
16991 8808 -294570911
16373 5407 135584018
14412 6434 272083484
13503 16532 -714109487
18085 14393 -589278654
8940 2133 -540509045
14436 15501 -129764496
9162 10102 -483713967
7086 17295 40926614
14149 13539 953542686
16653 13852 899130849
2897 17593 -385424371
18219 7690 -490708118
2620 17153 -643051221
10758 10212 853354804
4455 11711 290102631
1832 16274 -82971267
9290 1071 532336362
17591 6241 -345193135
10135 269 638136841
5921 13163 23162709
9420 11847 938609832
4368 9705 -51164968
19130 6628 -199062509
6233 264 598595208
14356 16144 -932806459
10739 15078 -357413284
2234 10866 374425863
7139 11565 282116464
3648 1517 806644509
8811 3831 -16572070
19799 19444 -20780696
130 6976 -101897103
9372 18369 -139960710
773 9760 222130333
9997 19831 21746000
18887 155 330946415
19034 4681 202902204
15226 16297 14983925
11431 8913 298039405
6860 7725 742764789
13368 12129 574742875
11801 19300 378612328
9474 3265 -969656617
10218 2038 -510310781
195 9979 909750940
18775 4172 -511643997
6885 18256 819932254
4654 10367 535638491
5432 19860 -123281761
10189 2968 -130115253
4486 11692 468270605
2555 8450 377939742
18638 13921 -225803427
10087 7153 938929386
12914 13069 592770970
3781 4278 -138208282
15100 12568 -571788289
17242 18233 540455760
114 121 294391993
129 19024 475279506
5964 15702 881049040
2350 2084 695836022
18566 16826 671387837
5282 6389 85486195
2999 15871 -201430135
11194 18841 355343013
6548 1053 590024205
16699 271 78372450
13014 7986 396302226
561 18 889784081
17276 2756 177481919
17427 15316 410493999
1312 10922 -751526507
6839 6952 239021991
912 2679 -581324232
8851 3 729573597
14281 9776 456623839
12144 3044 699255588
11390 12023 -13684262
7848 19248 -802701880
9346 7148 981605585
8892 3386 -525431257
1419 9342 -924948490
13758 17341 367629517
14107 3109 920903801
6703 6873 231498182
4997 11131 668898598
19692 2367 278390959
418 7652 -583067141
4483 19543 200565917
9330 8597 -128386554
15263 19842 -311339095
2942 1767 -295695010
15101 10333 -54763442
1531 619 718491117
1019 3507 -550583771
11281 2863 -65609832
8620 1138 377935396
4450 4625 -519893723
16059 3271 -371164497
19280 4017 -4945457
6537 5622 240902976
18527 7722 732682465
11599 3933 -262877758
18923 4292 670668851
8513 1434 -256780712
15915 18382 295793933
17810 2696 -391664082
6893 600 767375623
14908 5136 -707901529
2450 9074 840135484
2073 10942 702024133
12956 18058 -561519730
19268 2704 431503683
12032 8813 894733653
1462 9646 -865611048
19971 2083 542252423
2086 7067 -791598420
6407 8682 -873707612
11679 17564 947583086
19743 18610 273293464
13656 6177 976160852
17008 19685 713966576
2151 5208 799416902
1958 18409 -296356932
13016 17572 -706326177
6424 17117 -485871653
4978 14722 -680968575
9939 1021 -643368262
15359 8064 319925212
9076 16454 -753520077
16481 19158 427902221
18904 2726 -614185529
16826 3620 808717442
15236 2996 -539290830
3003 7868 -845882898
6589 768 943012818
19245 166 12620468
19552 657 -58124886
4138 18288 907504202
2137 17506 -398668831
7471 328 165993392
4270 5410 823436065
18953 18490 308863323
16751 19483 -414890002
3064 7560 -330376529
19423 4438 -502385902
1246 3793 -471088347
13018 18814 507526595
6627 19172 -103865799
17035 892 177913898
10093 18430 798936765
9138 19062 -309414844
11354 1358 -576429686
10997 3080 281346413
11535 7702 851411813
10982 14718 -59761256
2582 1605 -253934893
5238 9479 576408683
19918 3739 468412823
18718 15889 -290377248
15400 4219 -721793102
13274 14800 324638970
2943 231 744334180
7111 6154 -568747611
12995 15503 -447526115
11022 15575 -91263528
7196 3582 307452004
16928 10300 -646029228
15733 1220 -366155713
3473 15930 -531261488
18973 16900 555721868
7691 12421 -964090420
9455 7757 -813419676
6093 18212 260733459
2531 5646 -77543056
15938 8994 -242150013
13357 6591 915418590
13407 998 151230540
6368 4224 -337737056
569 9599 232595409
15749 16206 704223662
18045 11711 315930464
17228 2538 446438366
12967 8425 -582776353
5528 14247 38022416
1721 19774 -978996808
16667 19695 -282374255
701 8436 -339405864
18346 3373 575934231
16975 10470 -165268220
17176 7526 -326546551
12619 879 -359068308
12474 6950 -206354935
3536 6402 -162503751
4716 14242 -758692454
2853 3948 -797494440
5962 12152 -591415628
17504 12355 569794908
19851 3806 773800433
9354 13994 -531802548
14878 10685 632458635
11228 4287 -502583832
4119 15465 -47177281
1114 13900 -763926121
3589 1182 340022989
4169 16847 513750937
18166 1330 211148217
17935 16680 -487557413
5030 9759 823822136
12042 1264 467657073
13759 4099 641870416
16850 5588 -822333072
12889 1327 -492289829
11781 689 -64897609
2542 9084 -877455271
2505 13815 460030065
312 9831 -864672588
7271 12796 -575109246
1823 6368 -661332760
19753 876 874839607
13730 8789 924886416
16548 1163 -712568842
11016 11123 249678438
12918 11016 -192745368
13542 1300 -345382723
19992 12574 16767589
8972 18502 -70957349
4791 10517 -892897800
2054 8 864271041
2172 18418 -548943171
15262 6299 616063754
12986 19299 783439909
7938 17193 795544465
15395 8766 -548683710
1236 18937 880014096
18834 4894 -929375715
1447 15147 -835321556
4355 6580 41550226
5979 15512 459779161
14440 19260 -26099901
1649 8344 173104390
18267 739 -576220130
18386 10291 216825582
15572 11112 -923593295
15935 10538 -949229831
19665 13850 30186454
19375 17351 703418527
10359 2499 324145710
15357 12991 28519522
11499 11583 910376574
19026 13196 392041094
18963 11671 957806501
17611 18192 -267543069
4207 2213 641227483
7320 17578 -731759494
18382 16477 244464484
14203 16976 -417762860
4013 9984 623398330
7638 17501 -204877137
12370 19626 -443071772
10736 17180 356162704
4102 1862 -434746434
6002 5396 902795635
19143 14544 -344097691
5493 6763 489452371
7593 9434 -782625194
4894 17927 658849088
5266 19886 -172766295
11055 15168 -296171134
19417 8639 -125191637
13289 11396 -731917461
351 13346 -275546488
12933 14339 -619032113
14314 1053 353719041
3956 19683 183208279
12784 11506 -391817442
14155 6267 -258576210
5164 4695 -383505794
13960 17548 -225440476
4579 12056 -314170223
10535 19858 93105993
2698 9298 182539190
10019 12993 -241477149
10894 15638 691606458
11445 19811 212509645
1865 6986 -503333058
11980 17551 -974080502
17054 6987 -735651193
15282 10291 336105939
11542 836 -891984895
17736 18832 -653620429
15078 11808 -311051567
286 5312 430505598
8352 8748 440631819
626 4172 -866949867
1679 4533 8583088
19322 10230 942456433
9949 6113 275802898
11747 17340 266547696
8503 2614 277515865
14031 3149 364280820
5325 16302 302678830
19711 19115 711523516
815 16722 575005620
17304 6555 438672869
15421 4383 897678991
14269 12877 -996274962
11794 1877 809500324
10522 16326 60439741
6211 14147 224450644
15446 13012 469908952
12499 3635 -278095846
18720 9496 919115921
12519 2749 -823989365
3158 19075 365713635
17325 16663 -546174907
2892 10390 -887667702
10327 16183 -38784204
9710 16219 336469981
2501 16718 -705585222
10789 15209 -958978979
2231 1945 -191256828
7959 8727 -902720219
11872 786 -459616472
10117 10210 -434379089
3335 10859 -62273081
6002 11044 -589192465
2570 12738 157126947
11612 2732 473892621
10180 14627 -473955550
3478 16249 859903900
16950 18429 287980976
16047 12450 -351675550
4977 11883 387946874
19599 3754 -311728782
9910 4733 551684729
15513 16032 -548476578
9188 5841 -115593560
6700 13074 789245170
151 1992 -766678563
17745 4963 681027801
2494 1837 -824564720
13858 16635 -548898824
1912 12941 -627986373
19583 18616 445567134
14401 8136 884722663
14152 19252 527786415
2461 18631 885585458
873 3713 770722541
8544 12110 -127941221
9384 15084 -791369119
16682 14485 -585795986
9733 15512 -271589638
15696 10820 997028598
14441 15197 -199870107
682 6619 301922223
16023 19468 -153911605
1900 7 -734060940
9691 8349 109239378
6016 4948 872775065
18072 8152 -154041509
8606 11061 233883762
12592 16120 177402941
12175 315 203139322
2749 14419 917572676
15512 2983 -407557062
13421 16380 -439532381
5803 3868 -801527771
12478 16225 -554061538
13338 14559 -552486871
13804 225 -525415776
13303 471 -551957822
8677 13223 338646351
6825 11861 -155165773
12340 12627 124054725
5137 17867 -86735463
14430 1080 -534615275
14397 895 241199500
9408 16944 446595927
8427 18565 781561542
6410 3079 741203583
13103 15769 -696946264
18337 19881 -399004435
1825 2240 -614044657
10484 18762 -860368915
1302 6828 -286188268
6427 10401 459476580
6573 14895 -450307891
13969 7119 -645931412
1466 1786 539398181
3061 9289 -287142368
8221 19853 489698704
8519 11378 -471272444
18322 8873 -793157686
5528 577 552647776
2681 16089 -111199053
16832 10980 289807338
16403 2794 356794931
9132 1179 -456573744
9426 18757 -216376386
7336 1083 829093762
17368 550 930812597
13993 18597 -208514157
4148 3172 -156705977
4123 2881 -387760639
3100 655 -754596046
16540 4377 -28038543
7825 3998 -870656562
13721 9871 347298639
7999 13840 -506676656
8794 13785 477852796
13486 12134 -877845182
14161 19645 -247491003
15818 6836 405644118
4751 17431 -359431185
7587 14151 343481244
6357 4006 52255141
11671 3059 -394978260
2197 15304 -752752295
391 18027 48706359
3992 13922 205390683
6145 5659 925942322
3602 11354 190419481
9334 6041 -99793122
19458 3659 -654520697
11767 4824 -75640310
18611 2136 -978898147
1462 10777 230921016
2707 2517 -708370619
6281 5207 481184041
6377 5290 490472610
9247 12053 955707826
6156 9151 -985465964
9175 15931 473472915
558 10923 38609297
10178 2816 161018930
10302 1499 959664096
1306 10303 86443051
15818 13425 527675940
10432 13917 509168616
3858 6277 462247509
5627 12227 653872495
4627 18209 359949859
14764 2161 -487727319
19407 558 553383893
12005 3023 -914183786
19652 15627 288087570
10562 4944 -234933054
19968 19613 11187495
15599 11040 -321585364
17922 11473 650603008
19328 547 701493253
2019 8147 -434224694
19104 3876 -553093592
8683 18072 368632408
4098 12154 892567563
11033 19475 -820979287
361 9745 -372866279
6045 7775 720492140
6911 10817 -941325278
6912 12037 -610889351
13854 6730 960811226
2084 5670 -205833452
10096 18055 -677260719
17721 16067 -688523490
10146 13267 55624498
5793 274 778570995
19030 14681 -805269044
2239 11224 416746217
50 12941 -355846705
255 10927 -849331445
7229 11933 320386995
687 5318 739919860
1043 3316 667200678
19290 12948 -378680117
4377 5172 -292150083
15307 8312 -811829111
8079 19679 969328824
11399 9461 320713010
436 2914 730245030
17658 6430 -861279802
8269 17715 -931505083
16841 631 36491857
2592 6995 -599736566
17289 8781 -19548902
2254 1369 433275418
14569 2423 471690853
3347 12577 323977314
11619 10663 150682750
3342 1329 -886967507
1609 5580 -772244607
14291 10059 -283587725
12455 9655 777288330
4867 7075 -680355241
3461 3309 463515651
17241 10388 717258122
9229 3190 656294743
16482 10551 -696626104
18537 1417 761162800
8634 18943 8797258
8554 12670 657845219
6161 3164 643475257
2513 6055 -902780242
3964 14283 -316054646
17129 18326 598494624
17398 19088 146087013
4519 19070 396930523
2281 2092 -522658276
16398 12426 702338737
6749 1843 154455178
11990 72 326079306
18577 12446 336458057
17471 13504 194883794
6970 7244 696811735
8515 15245 -570945524
10000 13336 -335401883
14361 16493 -500496021
5775 15312 -329049553
5360 16137 -402547573
6451 3308 878298137
18908 2604 -597232639
14737 1843 21808901
6150 5897 -4603417
889 338 625275515
1505 17472 90154963
5200 5947 -866537460
3322 11603 -617475757
14414 3065 845677894
1039 16578 394367634
13072 10402 866239238
16927 16920 899469456
3162 19641 -845792695
9972 6272 -254152222
19599 10889 -788910287
12281 5353 163410896
14522 7941 -719821370
16489 9321 831951511
815 7218 -225779795
738 15038 892911500
11267 4130 -963420595
12552 15772 -461515539
1950 10196 710711295
13947 11524 561644044
17476 6692 -831645491
13323 74 -35778876
10683 8295 -41174067
1119 4917 -165381465
8546 14205 -417618813
15297 13809 489520476
11055 5352 -277770591
19133 6508 -669882867
12843 3169 576987927
15757 17811 538055410
15851 10688 -46177359
936 1688 -14970619
19366 4744 969413751
18996 12795 -51523524
14071 12773 765422257
5587 1876 -224475737
3937 15190 -944578451
19171 10843 -195308374
5641 5948 975562340
1944 19932 -961788114
12571 11043 -735965907
8759 15464 802465669
2458 7066 920539253
18551 7943 706360160
7947 11697 353886861
15236 142 -820180329
8137 1545 323764711
9199 17622 974955612
8551 2679 -364708286
4921 1717 12514906
9541 14368 -596733391
10930 2508 918117142
2365 2202 -542367162
1157 529 -731195052
1062 14143 -206010995
16444 11587 289789029
3811 11550 460497407
2128 16368 858080102
14590 7718 988366668
17626 8754 206545216
19596 6208 878761820
6213 2039 -148145806
5985 5723 -15104559
4292 18764 -407087752
12176 9774 -515812284
19440 3915 -951905867
16262 5583 296047799
15441 8076 970961106
6610 5152 713914116
14353 7111 -548073276
617 10871 398463014
12381 4489 855181422
10237 5223 -30021218
17721 18094 873828593
6077 9916 -228411114
19335 12827 -813091023
7376 7697 957395971
2058 18573 -100833054
2347 18007 271078217
5062 5573 346304168
10887 10019 -859424169
13608 15173 761830526
6591 1483 -977422320
17620 16982 192035051
4010 1500 -542645972
10397 19526 518321224
15253 19000 61765258
5186 14490 704068027
15158 4728 281467024
17464 11607 -535888942
6629 6771 800641896
17812 18956 -568780555
12554 11243 437805981
1154 13660 757967538
19861 11134 -630921454
14572 11344 -995197432
8397 5308 237238245
9663 6522 611647665
19538 8564 522513849
3448 16871 736016226
5965 7396 284925602
18753 12688 -940709556
11162 8760 991159736
3 17079 83671746
2474 14139 -707167216
13584 19234 895488854
6863 15836 -350651881
4440 18701 896996659
18332 15542 380698083
1480 4350 789876682
8465 3380 187505856
5870 2496 -697677621
10647 6974 95338602
15320 6775 817444554
17283 6672 -409325031
19674 16842 -5378871
12471 11466 157756859
19110 1725 850585535
7747 3316 515787515
1337 18258 -869195624
11676 673 -645254413
14074 10125 -956359251
10111 16737 -772862300
19601 14103 747955092
13438 7920 -783897583
5771 16645 151059690
11302 18557 742837526
7336 19339 149418175
1927 4745 -841680368
5686 846 -546333693
7158 18136 -765056653
1369 19986 -162729121
15634 6908 -900216962
1367 6538 -117361072
13415 2844 891231448
16381 1485 -481045449
855 17051 670914208
8830 6978 -323140097
4494 11706 -790273260
9882 18853 572790028
3516 11344 -74782604
2505 8467 -368985589
14932 13300 -130597765
8542 3339 683914310
13077 3358 860769575
2229 9485 841432059
6274 11112 -247667092
16188 19827 826500225
4274 7370 -944170454
17392 12913 944985567
6579 11207 885646681
9612 2793 939997662
8461 6156 263570796
7462 6070 856255917
14086 652 786393878
3185 7229 952417853
431 6293 -452656013
7914 17311 -737509070
838 15 -325222326
1295 18775 548235925
1432 2240 318925130
10555 5803 255344595
9087 13366 -442317374
5187 12126 680956508
5124 10033 449467410
1502 688 -302559045
19137 11028 606661203
464 12248 709316565
7395 7798 -780248644
17704 16862 -554002138
1635 3907 75783033
14518 16891 59508046
12091 17918 -86271024
8215 10246 -318060079
12903 4122 556950143
6890 17435 -354514310
10937 333 -545402186
804 10592 -115551440
6471 15093 -903010367
3757 7317 679768383
15851 704 361520182
8729 1332 -130402192
14215 443 514644691
3305 2519 -987099075
19293 10991 -374820400
8128 10274 -794081022
15035 9763 572584254
3192 12647 779962102
19174 13878 -130440449
8881 18476 241358711
16300 2690 -438603039
11830 17812 388931606
989 14013 753223855
4761 2156 -272679607
3589 4902 -1912963
4462 8764 834288937
4776 13127 -508945729
13023 9725 639459106
7847 19437 342356905
11661 572 -89982627
9580 6291 153508377
7733 15890 29300128
1685 10374 282380899
1273 4742 -885418793
1500 13265 -17759561
5759 6205 -361069947
3735 19688 -784249171
3778 1526 -238017677
10710 3806 522516636
469 7010 145560799
16145 14650 -850365017
19304 4004 492170039
2762 5789 -233745947
4673 15303 273162680
17344 8715 -906878481
14294 2722 122656124
602 1542 -428245555
10388 8050 574724346
6328 9106 825789380
7145 4919 388740242
15020 16214 282026227
288 5705 -165607361
18324 1086 -55311066
1236 9030 406228322
257 8564 -930369350
8900 11127 -510202
3001 2549 -720843729
8780 10338 899191079
1628 10542 -978293494
753 8368 -917164561
10856 5196 -137306015
17607 19653 -425933658
1363 14153 -566198699
4606 13184 -552546447
6955 9126 367268698
5716 4103 78849463
4397 2463 189165922
18728 3959 -681574940
14546 3878 -920119782
8199 16996 584247754
16102 19368 -265404276
10259 5163 958218821
14142 13425 -135246910
12596 1230 -623290379
13111 19497 441999304
16545 16929 668316355
19015 9826 458290091
15567 18712 -701732271
12281 2301 191620391
1817 14009 -473312187
8466 8573 718620071
5450 5754 380273012
14615 792 906374652
11117 7447 584834367
1521 4963 -588885026
3455 3163 -926053477
19855 12121 -882109342
17659 19134 507343202
4647 5103 767687154
14091 581 505156750
4751 11667 -576684420
12530 2269 -625144643
13101 5052 -516412301
4710 112 -70287139
5074 11397 956070388
1630 12846 -576485697
9702 13239 962603409
17723 7004 335091624
6640 12090 135013003
2573 1981 -218008334
6679 13707 120727822
17324 8834 724975222
15020 10102 -863393352
19112 10128 -980646964
525 2957 -207171307
7071 14144 -104130830
3838 14686 -755810652
18594 8608 -956601963
4964 8465 994287120
5278 8933 -278639340
19084 15909 -762569402
12618 3140 -853678797
6761 6453 191590682
3282 598 -294404386
18851 8980 708163560
13773 7341 131525060
4837 2913 -124021373
14589 7091 -600237528
19985 2803 -216750191
17173 6275 614580053
1619 11499 536458941
5130 12729 800614324
9496 12195 -231283770
8393 16969 944229569
19824 14160 -656810503
669 11379 -577063659
12504 14736 537202993
5097 8420 -956639525
1780 12784 -705977595
3052 17836 -87010257
10092 13825 -912566338
12533 17894 -758690092
16730 19451 -507638224
4238 7022 -701892151
366 17694 649162976
9432 16449 841588644
7674 16471 -528092295
7191 8494 909094221
3306 17647 341678691
13347 1029 846789489
6220 1515 422413360
16513 7923 -274578327
14043 3597 58270207
4541 1913 -848462099
632 10724 -17376061
16912 1273 824485240
16908 8050 95307033
6438 7132 -854307093
6790 1558 -765769448
8610 10583 244006027
7519 4005 -28537944
14615 11052 -50355765
3663 16487 -957545523
16498 14059 -949190372
12499 9010 727877793
4051 12653 971640039
9925 15356 660395153
15504 10367 -545939186
11860 16200 -4304444
17512 2048 -357980240
17621 183 439608173
8469 2703 558985434
4959 9292 -769406743
4061 16301 80426003
13245 13402 -822188338
3962 14325 -434311221
1975 1093 -170968472
43 9174 -770840191
6855 4507 -151259795
1713 7751 -845087124
5825 11949 -505660462
16974 1969 -174855238
18429 5492 -686494085
17326 684 -129227986
3734 9977 129449381
10965 5668 -694196063
10688 3481 -792617260
11226 17470 -471506345
529 4066 -709906556
15967 1480 121919634
18692 19963 -633690925
18374 11153 -831049907
4732 2079 634504877
9730 6986 715931584
7356 4999 -247978267
5256 546 -296456216
8075 8883 305126247
11594 10686 656715330
3382 10472 -24072056
16526 15906 512398381
14714 8402 -161559325
1008 7993 -45534680
5910 4318 -355108867
6854 3074 841664178
6944 11279 -266521908
16575 4953 865437853
14728 11389 766630230
17694 18737 -860243805
18430 8869 -392514984
14478 6596 -250985032
6354 5613 -897443253
1608 8986 148182343
9068 7136 141759449
16352 15158 711507450
12363 19827 -565305742
19482 19654 -23267126
11835 18904 672474018
5279 16712 -841278384
2720 13106 913806944
1399 5485 617091117
8532 5473 -333872143
6965 5362 -683421707
17206 18213 -278680294
13116 12404 453576043
3961 19404 308382174
7876 16865 -625400495
15066 16035 -72885578
19132 4097 -478117567
203 13528 -493338013
6910 19940 902229835
3245 3155 -25290028
12735 9075 193750029
10960 10251 823295891
10081 8809 -537196028
5503 2441 -11318948
282 14324 -550245914
7586 14178 -382745851
11306 9380 -607681394
9933 4691 -778496765
9212 3005 -312144246
9815 9493 -979744338
19735 13294 -467855850
4255 9669 660402158
376 19089 886372821
19014 1748 706696560
8585 9456 574339152
7440 11259 493097123
14370 9605 -832406574
9467 633 -602654632
9177 12741 -661872015
2141 14602 -916398293
1462 13024 748118745
5901 3898 99018888
4393 15796 -158831211
8025 11121 350001851
9806 6175 -312276366
6594 18787 -8091872
13350 14412 -381731830
12915 1250 -647296817
7366 17454 645320449
4644 9338 288722548
7302 9459 -611072515
17768 403 -190055318
17401 8418 -472079820
18472 2568 843192946
794 5072 937331695
4856 16545 -623139634
13745 17029 -569117363
15045 11539 -912434726
2043 3508 941401395
8477 16955 6798949
10097 10214 -497304997
8193 16109 -964131836
243 4077 891845320
2380 3083 496461477
14701 5567 377373252
9861 3885 740694382
13064 4197 363016767
15946 10714 971117748
6412 2607 272313240
6499 7634 -967822661
665 7812 -364718070
7533 5073 504504959
18320 16348 -566736415
9491 7388 803831097
1024 19274 660307119
9111 1236 -856568216
6745 6037 461905130
14037 4207 -170939808
1167 12251 -934619990
1625 14912 412723438
4160 13854 -412897223
42 18161 194999845
6555 18454 801344530
7838 15692 -911961348
19317 3904 310427932
9014 6850 174981054
6276 2106 -764648820
5829 210 360196301
7856 8345 -144191224
4189 459 195918369
12771 7417 -121942473
19016 16334 732667531
18849 17302 -616599486
18919 17125 -500323137
13415 11858 -744085813
12604 17254 719808434
9725 1301 955956230
15883 10249 767941132
11777 6104 -286159966
18361 7974 566043339
3415 18196 333410740
9754 1189 -804660197
15298 19487 -933080458
3725 9799 779099923
18472 2750 -537534869
2825 9851 152290072
19750 17178 497708997
13653 5105 -195455026
9520 16359 -652633938
10706 16971 797133958
10780 15599 474073226
7735 18612 -159870614
19640 4900 -555518890
17584 9484 -719173438
2224 10122 -721484297
8506 3079 357646044
13 16999 -75010708
9349 15120 824710331
16634 4468 811713773
934 15310 -427161620
8141 427 -320481766
7372 4587 380865574
8041 424 978002257
16374 15894 -923230227
16497 42 965712558
11237 8472 -130963165
6762 10057 -55208472
12063 17717 -396321223
5266 18350 443975601
18542 7042 614476431
17434 5307 500113100
10130 734 -895103413
5298 11586 426502813
10897 2681 784067545
3090 11761 160112718
2284 2205 987951280
8842 4106 -60908877
17739 17581 997472160
5269 12876 -510732271
6073 13225 -282969263
18034 4615 -616270315
11300 9136 854787492
7050 943 -808475246
14881 6083 166217927
9258 12947 432383030
17367 397 -479285753
7971 15927 -67015323
6458 1333 54938386
736 5861 -80329242
11133 17816 -424553952
10620 1443 477109061
8903 2225 -432626781
5670 8472 -434398257
4368 15364 487590931
2622 11149 299849876
3043 9682 273839311
7820 15103 90928312
18952 17171 417059155
16543 18796 22854147
6545 6879 -571844437
14721 18658 -792013562
668 13500 -529989597
9505 11276 964891353
11009 14846 -445493562
14066 18810 -828038299
5212 10983 -673507157
1138 16998 -286712677
15058 10349 -827724642
1484 11634 706105448
12178 7760 956143671
3938 18514 985505237
5257 3397 595139581
4866 6922 -834739130
7720 9987 -57843535
9141 2328 659592316
2055 7382 -640685990
19537 13119 -13203457
19021 4208 747736836
16105 16848 18744252
2831 19939 229417670
166 2840 328134271
4844 12580 502773351
4938 11763 -818224794
14481 4959 -79627894
18780 229 2050071
8456 18962 -137942316
15217 18405 942210102
8678 8217 -446809960
16931 5494 -648068194
18615 8188 644426578
19517 8027 195578186
10542 13023 -22523987
16824 19592 219463670
19903 5159 -923567546
3699 16966 467262065
2417 3502 -482163025
19420 778 -188683114
2626 7560 -772239353
19666 8017 -504750249
11007 16582 -916059648
8922 16000 -334708828
9962 73 -730673561
1958 5681 -825166200
1644 1326 -158511460
860 6222 -374246396
2709 12576 -825642725
12807 4035 164678774
19712 4484 -687431297
18454 17345 -19023131
13780 9709 346884623
1996 4368 -840531255
2432 1875 612899758
2320 9420 570769508
9196 913 160774969
8642 9141 -367420029
7974 4504 94214504
8012 19443 552555341
4001 17264 -888815235
5380 101 365514232
1513 12294 -547525646
17230 14716 -530911737
5084 11298 -327247739
5528 11249 -140754071
18517 1994 -275269941
8887 5324 -71491011
12664 6244 618416357
10710 10463 437373444
5525 12459 281122461
15363 17646 -433443547
7710 4813 -91005646
61 14442 245276107
10511 19065 -114939757
19841 941 -576771558
2769 9353 422218095
7965 143 203901097
3268 18469 -87669404
11196 8900 249759096
17172 6192 891933660
650 123 984554761
13119 14353 -799778077
7291 8222 -132377625
14 1593 -789434129
5683 2605 296379909
19822 14182 796177506
4302 19782 -681475083
8052 42 461538816
18115 11080 -728154890
19600 8342 308087410
12889 10455 511077263
4633 15695 429075114
2693 11159 977850375
10287 3255 758472074
19119 8955 -792902242
10930 16454 -780200361
8876 17291 -669625424
6027 5242 -884359918
14509 16132 997468306
18745 15298 202847030
5076 7256 -927305941
2579 14570 -526804246
4842 9936 573742231
10198 17207 -716602262
4548 1956 -235857397
19863 7865 -380086299
17929 3291 920767289
11735 13383 996685865
12541 12083 -776182024
13786 18075 -33466003
3326 1649 364151618
15005 12935 638445369
15462 11526 259574018
16829 13083 -578939945
3186 1770 314119458
8572 10071 -882366980
15935 7954 -481432184
18779 2251 237499455
280 15020 220172608
13466 6981 -756433897
27 9563 -616437369
18643 11639 845210818
9190 9994 670019228
4227 17947 523588878
11415 15231 -491897271
9642 11811 -71492761
19374 3632 -410463582
1570 6617 637708478
19997 2441 -133578150
17581 2497 829493464
3337 15734 78889066
16359 17051 -644284404
12595 11592 7307167
7925 19714 137841431
14783 8488 -781244020
794 8258 -474078937
8191 8410 -580326140
15055 457 135279328
9208 17168 -598505394
6448 19126 763596744
2681 15751 791778766
9727 18732 -596957458
839 9161 -509720405
2292 13361 -929045193
3467 15683 -50375043
7857 9866 -651939790
1893 15189 -521456860
6031 8245 361829965
15409 4923 -328186937
15095 17022 -57937220
5774 11646 821747834
16323 11349 -344736820
6571 9322 251710825
10400 9014 919762793
12876 14018 -111482335
7197 1435 276743551
4792 7482 -850257109
12094 1720 518025463
1485 6586 269843128
12213 3734 -463711840
8157 1650 199647913
4780 3452 693044036
14587 6983 897499263
4587 12479 -180824285
10623 1634 366723195
2782 9912 839159123
13760 11399 -906853456
9077 1515 45339039
8100 1498 -907929087
19420 9411 -147023412
16075 6141 231464586
17018 7946 -779430043
10818 2268 -325244095
1116 13271 -484100697
18972 18306 -258678930
15890 8461 81613751
2328 6209 158598885
8324 18543 228912374
16706 13979 224143887
10270 15353 871068533
6848 14600 -614728327
14866 2772 -425258211
8585 2937 -622117219
1347 17714 875454078
4469 11439 -387610039
13072 3432 298013432
4151 13409 106839368
14024 5522 642268678
12399 18079 942477115
12990 9542 -353292110
13262 14002 587995640
17844 12055 468301321
9314 10949 915097562
11603 17445 358404951
8256 18903 388042588
9665 6063 192899253
12745 13301 337824169
14851 17298 -155360891
4905 17836 -409189883
15905 2622 -611255652
6467 3786 -502137482
9531 2249 86591570
14439 4831 -117160197
14198 9177 450047646
15427 1270 148437466
5491 2875 699055486
9073 12046 -418052596
18781 16991 -914000000
11442 16254 -407798706
16071 2887 508090184
10841 16772 534672712
5378 18533 143563654
19967 13877 -35555548
6005 358 632091426
5956 16417 918136873
546 10975 924821297
17041 2621 105349905
3925 4631 -443555063
18889 2917 340432606
19656 8381 979844884
19616 4397 -248891295
12953 4654 218081038
1739 1178 -1866358
13167 19060 220446336
10633 17863 -336696381
19220 144 -973266833
5933 15475 -535321805
15676 12032 -723027246
990 18463 588612402
14977 831 -267412847
19081 2361 -81642250
11904 19558 -330359023
18701 16373 613314879
1404 18593 -768399714
2503 18500 489286277
2675 2538 369501005
16597 16299 812353213
1060 10164 -809264545
1491 13 -510903664
6934 3166 673627381
5326 6952 -83410918
16703 16558 358895892
9601 12260 -678050857
10750 269 -69843268
7438 4656 -92892577
13964 13142 -997974660
10399 1799 -368560510
7016 13753 948325792
2326 15929 -36043930
11959 7650 571381844
5551 882 995326385
3149 7979 448772196
11251 8307 641959292
6607 13592 -143261153
10644 18102 439429527
17998 18850 -891112728
17453 15946 -162007737
10161 9169 -872996938
4242 13996 -54396884
17116 19218 -617057608
14662 19677 -420090521
15426 18589 -778633357
13485 9568 -162208156
8564 13229 -248461383
180 14942 -892272426
11059 11481 -329305467
13859 6476 690578624
4273 1627 539262511
14989 18768 142049193
3005 6800 -345387015
19548 17829 -832068343
10835 1617 -104302545
5263 18647 502743360
9363 10923 -501863289
5802 17744 -441561815
17726 4757 -48462681
15181 2822 -835734189
15817 15151 -65079382
12551 4355 -898430801
18667 14332 -656411788
5863 7666 967827211
4123 15041 603734631
3494 7515 -852580976
6068 2396 136427620
2519 13695 -281953421
16673 15032 -706154826
13861 16228 -642786690
10883 2187 -854270875
11407 18116 715667629
19230 15128 888856841
7686 16554 625535622
13628 3783 219022915
13655 16125 28706659
4833 11752 819402957
15053 18038 -555469869
16593 1360 -49250932
18506 18782 -78115732
15619 15293 -696527956
19816 545 845413723
4189 2760 -72300111
17300 14046 -470709233
2232 17278 365014418
7021 16546 978610280
4576 6128 -579382215
10471 17248 -596496210
3885 12010 322065710
11113 6211 -487651300
4969 9748 397824211
6450 443 855087824
7959 3089 783513880
9088 12571 506623320
307 12721 744113089
7531 3648 390821706
4850 18319 547845304
9124 4300 906100617
1413 1385 557166893
14314 17311 -11232350
13980 19142 -68479908
4445 406 193200271
15356 17772 457032566
7543 15795 938065231
4947 3539 350127983
580 6537 -309601166
18635 15619 -228279494
13864 13149 188902718
16138 16588 260419476
15601 8963 -566696030
14777 10122 -348276707
19523 3081 937284107
17653 722 -202347648
9749 7959 -580807870
9112 11293 -80402299
10578 3194 433125195
6739 10483 -469425373
12358 19803 713761363
10579 2715 -260598040
15000 17447 953839248
16552 2535 -337112145
9455 17269 807152942
18070 10170 514914906
9676 3625 303960340
12492 17498 901460618
8475 14667 995822859
2300 1623 586026059
11725 2588 -689587562
13918 35 379956470
16769 15528 -288854149
14196 9676 130306671
5842 3296 -895112489
6742 11947 -913059567
18844 3634 45370128
16528 19029 -947266042
1642 16895 249278157
6330 794 718687184
6499 8303 -777412719
9161 4322 -653343357
17480 3775 990928269
13149 3816 -426369044
19838 14416 65782509
12146 12910 577954018
2524 9332 289512323
6299 6618 -500325362
10667 14389 258828538
8697 17384 -178117426
18039 3813 896347721
2139 6501 710525168
14338 7565 144416723
15123 18428 430730695
10513 16002 493540443
8868 18214 -230360314
4696 13711 531959188
1041 16428 991445963
17398 8477 -906307667
3620 9105 -804650075
5332 5499 -901120175
3618 16278 -278696214
6163 13861 -940640174
9077 16301 86570514
2699 2972 998488170
16126 11352 497689981
18074 5923 -197896294
13536 17763 -10384732
1045 10917 138032978
16803 2486 864988615
4571 12741 527134351
19168 6361 -201582544
10751 5693 -482208193
16528 9512 -178747721
3393 104 -8351257
3383 1975 840259180
77 15451 -977448133
14158 10106 811541044
8243 7218 -168397829
522 16305 554238112
10366 46 15244090
16637 18311 -212903290
19425 363 -292089362
12352 17989 -567373280
13135 2439 184338509
3187 11193 547466040
7534 2246 839069078
1616 17263 551916622
1948 4093 -802584164
15068 1271 -726442787
13712 4443 760999983
19563 3604 -728146528
15273 19394 -437913550
15562 2718 234542436
15983 11806 91584738
15817 1684 -445678653
6419 6065 -710924899
13710 10937 874243726
4464 12358 844593601
9596 268 -220269339
13832 9569 243031093
4768 6330 -441385666
17528 3750 -163570275
12584 12822 444545597
13450 1966 776241912
7218 12535 -366102755
7853 109 58012135
15816 9767 486276404
2363 16069 146173381
2554 2715 879288492
8457 12104 -79387471
9369 10311 -867746193
19509 14088 -188543898
13377 12517 -579978674
9628 9900 503698376
18614 7273 -273684593
1932 2122 -239881927
212 7918 365105217
3260 10577 -982702515
19642 18239 -23277772
16975 143 -395304522
2153 9988 192252001
1952 8932 -720114375
5478 17149 935223386
11441 19556 -413361809
3407 17601 361067836
4055 16687 -829311380
1905 19608 642911008
126 7446 -227725786
2856 5356 -374895877
18237 2728 -572460336
4107 16739 744599222
9675 4105 -815417674
12783 16362 -65077439
3712 3659 649488695
19688 4841 -491201276
16764 9956 110962456
13104 6979 -391933717
11067 7301 -71567775
9614 10881 -194181115
6647 14734 -184116475
7147 15328 501332193
18805 9963 964426503
19948 7876 309853656
10373 14391 152630488
10720 13826 668560001
371 8212 519263302
13497 10632 -120305790
2272 2589 -294855029
4930 13406 935970282
6419 624 -6232878
17920 762 410007923
17999 11328 -633119512
718 4741 300968743
16753 5966 -534281606
11848 18799 376090339
19258 19538 255236278
9119 10776 245152505
15129 10593 -51610367
8763 18871 488850049
9858 3809 785020199
6624 16278 619058736
785 5464 708766849
6908 13833 -966103505
9659 1367 536358510
14834 6522 615390270
4909 8270 488140979
7521 13285 358384227
11333 6402 36505539
16485 16739 852220436
19867 4354 122435783
18852 13254 -230794074
11625 3109 -633867063
6005 15526 966478491
631 10836 -305467183
14095 7697 -929618413
2410 5624 445135203
15226 10412 -180362176
1362 10386 -470391423
18846 910 -253718028
2537 6861 -97426453
7220 207 -765915394
17007 12738 722850508
5106 12053 65117631
12584 11793 -137652492
18641 3112 355872553
18727 2270 843359604
205 8362 -575575970
19182 14776 313148964
15660 2692 -42018570
15740 15566 419469469
12002 6050 516779095
5077 19154 -119320861
11736 7259 -550074001
18520 2828 -418108747
16658 9430 839718246
4956 7820 403219735
18004 2132 -548837244
5903 10197 -987033744
6913 824 559314750
7411 17388 -749517529
163 11458 -825654314
16245 12653 54926792
17144 19585 650079422
11058 7091 -231469269
5473 2178 973565208
3244 18798 -17189282
17778 16084 79651182
6739 11388 519209118
4961 11439 -515618095
1058 2185 -440684306
2268 7387 184600873
8077 11762 -310320030
872 16728 870170793
19898 876 -513200110
8308 9045 734800421
7664 6433 -589936224
13110 125 -455731267
7213 19379 649837029
14529 154 549140816
4482 6832 25545646
5384 1852 338012750
478 13348 -441159337
12137 11816 -727454024
6511 8026 -690280905
209 4137 -642878473
6410 14329 -401609131
17373 15334 -482712569
10033 264 389082382
12344 16074 105510745
9104 5100 -763527750
9161 18932 60846373
18742 18730 -291554593
15620 19745 -581227452
5797 7553 -770372791
10239 14444 12489609
3039 16068 -723936564
8977 14187 -524915146
747 5067 917867470
2092 2029 -37195716
19600 1978 102243946
1397 4782 894447105
18965 13523 -659089553
13097 11767 -327158402
8233 3290 -854343890
8326 1912 958430121
10516 17989 877140110
5425 2710 843984514
4101 10368 72893172
17270 15801 -190211266
4217 16719 -486469869
13834 10259 53764536
1656 14703 -900942418
319 6621 -579260571
15452 16157 -907451221
10713 10148 -721074306
1212 14570 -703741820
9395 710 79806322
6202 17816 -154729244
8900 16699 -204827129
11375 5336 168458727
13870 2432 -801646012
5773 14754 -565549833
119 7071 362240349
19651 11885 -394579336
14620 15474 -208235627
899 7603 584650551
8551 13031 -113672264
912 19325 -943718772
8078 880 -445246497
12630 16128 202556029
8867 16892 -42815834
12457 10509 113106828
4970 2214 -143816109
19628 3055 -826534869
1903 2573 252934552
15972 6043 -772042132
9059 3677 -347287583
1463 6948 -553095240
15730 7612 562993383
737 11553 -799411934
11 19485 266373313
8022 27 -643810887
6543 14487 -928950170
18278 4527 746932152
9018 4736 -930734724
891 601 512470771
14875 11492 55629596
9204 4578 601358024
1065 18945 -692493739
10974 18978 77541814
15154 19216 -218320504
15313 18903 -689758771
12079 6499 515331619
11391 16809 -744610178
4725 12247 749510063
6760 14464 -241047188
13378 15902 -429078597
13193 16059 123999655
16956 858 -214549762
18042 17390 264421694
14701 1199 173806506
14628 4861 -876168277
4935 11534 865463602
12193 6810 443330778
6229 4368 143165920
7260 12967 -490222193
6252 10027 -993617257
1660 13555 -291127756
10269 13865 484202330
4871 208 159140723
14888 6500 285341221
13928 16815 -99519355
12779 19347 -802374588
15607 5872 761637304
138 11841 445452556
14000 10304 -142587872
12385 338 112184771
1896 4495 -152651276
13649 600 -910313526
602 8565 -418976680
4125 1707 930592459
2563 7514 -947664684
2298 18767 813925696
10309 8404 -212680559
15376 113 889982449
18435 2930 313231646
8630 6948 613301387
12326 11380 -973774826
1934 13502 -493383997
5629 18017 -343232671
12794 19484 872939173
6886 1711 912471119
1446 3514 995733064
14238 638 377737879
10780 7838 694764507
14700 16056 136121250
10830 5360 -554730533
3128 17944 -714815308
18193 2260 539721794
15911 2230 -741701760
8821 12876 -695859192
16401 7707 226263826
5470 9810 555264215
3967 5810 254351557
600 466 -568640477
15942 4698 -291440219
8336 15201 -280064268
12486 12630 226929442
4898 6799 -891441014
2697 6 345967200
5494 11978 1887414
4175 17516 385689130
11143 19332 806384349
19964 3588 -136507013
16223 18314 712277222
9492 2823 928140799
13043 18067 750810602
4781 13529 23795110
9960 17509 612771808
2610 10057 -495683217
19384 18630 909718885
1757 6409 240950661
19261 12779 -850846019
96 16689 519983031
16830 6610 53560203
212 9456 134855910
14563 14725 279925058
1283 7365 -240005768
11061 2922 -87826778
4108 16595 -922921608
9859 7250 -906786244
12154 16988 -291385391
6873 17806 -722012418
9734 365 -905438808
18983 9940 886190914
12327 16721 200248020
3583 6818 -156934154
12856 5281 -658359433
6527 12277 -400373073
15983 7661 326056948
2334 12504 697892548
10582 18409 -571325200
9342 6774 -437313082
12489 6544 427413385
13179 13654 537375381
10194 12492 -852832941
12030 10530 -555035686
12677 19588 376661673
19854 7 -953378763
4756 19162 501807749
3776 3443 890380543
3802 1144 747853149
10598 10985 377751968
5372 5399 719660065
17974 1984 -528235807
7748 880 776488471
17811 10240 -824966473
15412 13745 -189626536
19229 17648 339999539
2890 11742 -179813551
3978 1991 710692434
5796 5227 -793589650
1827 3090 -878781095
3529 4066 -988597754
19695 17307 -841219717
6156 914 -972328649
16250 16399 21377261
12448 110 -288724749
19702 7940 260058589
17804 10603 -113115935
15626 1816 715858170
8252 5707 435605352
19374 14590 -811485716
472 17814 357616802
17478 15398 671157398
6769 16384 204582362
10170 8562 -839222081
15447 7451 516287102
8301 15426 -614492430
14963 18555 171081867
5890 7565 -380373527
6250 3729 -937336580
8566 15335 -258803151
5654 4422 125999181
17770 15430 874143432
10413 2771 582936082
1282 19425 -605797467
17663 18062 -122629877
14948 11280 988402841
8113 13375 -66240458
4547 15033 -434834298
18952 19068 -508473318
4847 10732 -770777097
11395 2523 852409271
12499 10944 798167692
19059 11458 -186019611
360 1534 430158310
13334 7111 531890600
10126 2619 922904260
223 17160 590377969
18466 5380 984349876
14909 10230 -754394686
17146 14414 -683961581
11611 1161 -550134180
12810 19694 -167837496
3945 13840 807953447
11534 17092 -37345947
6599 11463 859821318
4215 1103 680191835
8151 1442 763223142
11437 340 287161136
13629 17805 730159283
7461 7009 -755509591
15392 436 510405646
1941 3790 337178039
310 16468 -79427441
13182 5928 -127902682
2837 17400 -190163778
15288 18650 725046580
17538 15819 -427478362
5971 781 730608782
11455 5056 -800020852
6919 13180 -365084178
16849 10263 870375186
13371 13084 -276386631
6855 13590 500915434
16984 19412 161240298
12846 18260 516992872
3460 19629 -910621794
5720 4439 128540492
7571 17554 762146684
4939 189 845568234
19744 10351 -522942031
13969 4786 -938160668
12444 19139 724498723
6080 19091 262180759
14310 18676 -956642876
7858 10678 978554707
4977 3645 -2875888
13130 10508 -120416208
18580 3435 -365146695
7654 3025 -305333448
9161 10526 -144346618
3794 13437 -535533914
6776 4792 409577008
19251 19345 -42429595
19304 11433 97578000
15382 3426 -154359930
19907 18875 885139503
10397 4339 -702809549
19632 2808 417069495
12107 4532 -569894780
11104 4571 -326903210
6567 7640 526706420
12583 17186 -333671717
4601 120 -409964629
14344 4364 777731899
6933 6705 328043604
18137 13361 -969590683
10426 7591 -300401011
17218 12769 -864717339
2949 7587 973278707
10473 1675 -675752566
14175 18724 -318676610
3115 13284 -42003657
1739 2321 -793790989
4205 18914 78822696
11446 17090 -221878797
536 9418 288389804
12594 2948 370438008
12302 8019 -773183764
19164 19434 -260033652
9658 8769 23858447
5919 11557 681707993
7142 9054 740630117
165 2685 958446415
13096 3324 -464035141
10516 19365 -644362128
5034 1717 -72058179
13377 16208 650700642
10815 18364 -794415532
15298 12502 570394541
14743 12514 -20849270
8235 4598 -653272468
10049 1612 301554297
17035 15743 916134628
13020 9756 149315675
3321 2872 -604334264
15682 14083 -943419374
14536 10793 -651313126
4235 19108 293234547
2365 16194 65176610
5133 2733 969752258
17620 8632 -198653145
12386 11120 -553630540
7762 10523 -441791545
19488 6331 953612379
6771 4814 221564093
15233 3692 988052938
11603 17647 -707189720
4456 10727 -394471352
14940 9806 460471955
6481 15323 -610536433
13406 4396 637973961
367 17000 -853051495
17340 11266 -963021134
2121 15892 556514595
3877 17100 -483608038
14376 14211 -286583575
7487 2993 -85089528
16835 4347 -730796055
9338 14799 -901292344
17149 330 394910333
1781 11994 -778456093
996 1381 37147302
16213 8418 963057315
16322 8864 -48433403
7359 1824 919377871
3144 12791 246469871
2847 19899 160478284
231 15390 -299900148
15301 1418 166959189
3593 11708 379238916
16371 14754 -263895719
2728 15509 -519252098
19262 9553 -683900458
12954 8701 -456606671
3231 4966 -254327278
967 15122 -176058192
9163 10232 -689839628
1758 4747 52920638
16334 5182 386561867
6580 8467 809249501
12835 16990 -739122666
1965 4456 -805963619
16360 5684 942386421
2554 1530 15319522
1292 1180 41610731
11770 3845 -153626349
12380 19371 -469672271
5944 6180 -276910131
8289 16832 -244959191
13678 16849 -503446948
14800 16242 171519719
8651 9765 -639815728
14913 4590 298086012
304 11544 -687940191
17683 12954 -36533132
8024 8565 107044589
19339 8998 791161790
14794 15432 -923217119
13481 14822 531442078
9329 7980 -16322262
15562 14505 -755526430
7089 19947 416761084
13460 18651 -556495618
4357 16320 -960634238
19507 10394 -305014285
19073 8166 -160030703
18188 50 -228169250
16454 11344 839785956
15561 5125 728221920
17709 413 -521825088
15854 9553 396672151
3956 19460 964535368
886 7099 649101877
16758 12493 638229578
15835 17584 220342597
12989 15957 255599638
8533 13007 -370270914
6417 15810 -349466271
17607 8502 534772974
16537 1257 556784242
3972 15418 341614063
6824 11422 -8115658
2357 7133 -385532685
3299 9694 333910755
5373 6136 687235940
13891 182 456740286
19126 10171 935727064
2845 18471 911384144
8433 5464 345967755
3130 18793 921815662
19902 5741 545213573
7084 5967 -725617577
11194 15780 -330564638
15099 9744 -155860545
8820 11941 707197069
7026 18114 -233290836
17760 1329 -395591175
7305 15102 -415866845
18028 483 647678864
16214 8810 442489218
12180 13337 -538034920
12240 4586 -614571248
16479 3623 -302604005
9721 15275 991161308
7194 2343 -830763400
19957 13130 -640644336
19109 1957 -79849520
3413 17113 347607174
16213 15535 -175312394
16925 10920 148443802
15793 9193 -342261477
11459 3041 150064480
10279 11621 -789653618
16750 15608 237470048
11293 9030 -930569744
7109 9804 233278674
2120 3707 767674312
14942 230 -919421174
12379 188 519074182
16369 374 -904413802
19517 13871 702785036
11658 391 -685345985
16385 3260 -453458759
17497 6860 417156298
16685 17957 516804963
1741 10831 -312310623
10265 17268 275495485
17942 6815 -326288279
15007 7564 188459037
14837 6913 -526675655
15461 11149 -476821466
2231 11955 -25617461
13219 14438 -68501601
1265 14608 -703237676
12669 578 -507089316
13563 5863 -851859280
6165 19428 336964989
4201 12009 274099233
10063 4915 -283872677
13844 13685 643879539
5562 17184 -256766422
15420 11600 343720836
2055 12414 -992240329
7587 2225 155355217
12275 16382 601791835
11287 14840 728011667
14952 3636 630290200
8392 8899 882559475
18561 10386 -851431331
11029 17579 -892919069
17290 6582 -631611619
15259 14138 457459442
3882 9500 -32634968
8818 3915 120176577
12760 15467 -348843008
12488 16264 223532047
16116 6999 -273762824
3391 10300 68574738
11290 7823 976440264
1839 2003 302840238
3062 7322 28711359
10639 5548 583177108
14142 3958 -690705750
6486 4811 639150065
11071 9184 -741692269
1056 16689 109728000
2027 843 -501541249
139 3875 -952979430
14101 15752 -280397627
12642 1982 988125769
14051 17980 -311540376
8413 2808 -41925393
12670 6443 -582657786
16952 19297 -176442618
18984 18015 -584565920
11998 18794 -277350092
797 4420 519888571
2733 6231 917886402
7815 15914 887073113
18158 6905 863615678
9408 15400 -535029516
7453 13030 214996517
16230 19498 -977127659
3217 16939 -327433039
12017 8028 -459372580
11683 2426 41542290
4605 7635 -457626184
18261 2056 637801885
17791 13491 -550122380
6144 6467 184089925
4606 14191 -521877856
7010 4583 686321633
10286 9621 -891800568
18112 15620 10512101
19451 15813 95711583
415 19555 394368109
18396 6706 -410535639
4085 12069 847583257
12508 16583 -213211977
4577 10049 107053412
643 16639 795614717
17254 19808 -546476852
8042 10576 590603865
8415 545 101863073
3641 8909 -347050338
6936 17251 -999427431
11277 13536 69383553
10669 9378 775117085
2454 2815 788359798
4425 15205 -581505304
2540 8745 973785068
15475 14287 -629632324
15018 1680 4980535
5043 14395 -517785989
5858 1726 477200627
11149 15675 432622562
15622 18608 -315264428
11241 9841 -969658129
13015 16752 701070989
5636 160 -166817740
14282 11594 487957435
2358 638 649335270
1646 10344 797030670
18908 4538 -874722401
12322 11167 250566241
6214 5167 -129393988
13714 2456 -747821821
4859 16129 -940718634
13968 2047 -322341807
9215 5271 507126689
886 13965 192765482
8309 13252 126576609
19595 15548 313529868
3711 8269 -145494180
2260 134 767270134
18323 17121 -158712393
11840 14248 669493853
15164 15248 -461829522
1515 2786 -561650150
14119 4383 930345793
13923 7260 -723763608
6170 16613 -274219190
2390 9236 -295576524
7217 11890 -87941584
16067 10816 137798055
14054 16681 501730179
10114 4566 401270511
4438 14012 51471577
2183 9555 -277128221
18855 14354 558350403
3006 6280 680692638
1760 13485 -334101402
15429 2601 276491722
3381 15509 -915363572
4991 780 468497634
16196 11670 -324560121
2756 13139 -622563448
585 2526 -673003027
5296 17765 -842929319
18561 10392 -958767639
6145 18002 -498583377
13669 15094 502166075
18821 19890 82786449
10065 3763 685092917
7515 16371 -246247281
2274 9719 89787724
423 7225 -78658564
2839 15807 -739402888
2242 7626 533453224
16261 10744 361077873
18830 16764 -913364805
4401 3887 959811803
1537 15585 155140648
12237 19179 337270579
14489 480 -461832906
19197 9258 -857541642
14676 17597 269448872
12508 7785 679881562
16564 3 839233110
11015 9291 485771563
11395 8745 437216629
7022 5395 841722822
4692 16268 -669395569
3150 1080 403483201
9876 4693 66664510
16065 19375 -589114810
7416 19444 304733766
19936 8987 148098774
7580 1222 -11149401
13681 18133 -881975152
11271 3880 -565376693
11305 19664 127663516
7092 2551 -431977618
5204 9675 94367955
4595 13637 -168400156
19672 5096 -96511243
2322 8228 -795639204
5240 11524 765959371
14876 6769 783194102
10766 17227 525528657
5885 1628 942315438
19724 13609 744348207
5993 18708 686316792
17345 2331 408230308
6028 3144 -955782100
7477 8826 -363227714
4973 17815 217589811
6593 240 73655340
5875 14271 961579072
3706 1668 346712175
8683 16324 -340858070
6311 4000 615686196
5695 2434 820210154
4577 18618 -553981823
18585 10275 285227166
13122 15354 338882861
12756 15931 -995252785
12027 8827 -66491681
10108 5427 -944937758
11321 14377 731555927
19748 18145 -986835718
14905 2689 -52657485
19066 4723 23221504
4626 928 94863222
14394 1932 33716140
4240 8407 364276551
18466 10404 -101763857
11018 14043 -530737910
5351 10797 661073831
11338 17531 864345106
14949 17620 -708961411
6124 8398 -678903819
18153 8227 336383169
6431 14703 775741475
2168 6174 -602719132
8494 6657 284263362
16514 98 87577099
7913 2799 66220965
638 1712 469520086
6737 18482 -661267343
6398 12636 305187186
17591 16208 -269744598
19969 11470 920914878
14249 2083 40018293
10668 3478 -559448923
14100 11297 594428438
15429 19902 273401797
11089 3014 -372351469
10237 1276 -709248750
6599 17061 356620083
14648 6283 -621142321
388 659 -62803676
2117 5861 -485700210
13102 7358 -801948301
17309 14264 550149559
9696 10078 -312777883
14670 17229 -850939609
15663 3246 637548831
18686 12810 -964016622
9405 14395 -877115878
6942 8163 829176622
2150 11255 -959955441
14036 16552 -475655574
4537 18154 -831223210
4387 15218 -602051009
12840 4855 -568375484
7972 4691 -489973714
1680 14781 571542376
4916 13976 242588458
1952 10073 -676402897
12007 2289 961882023
19200 6179 168982015
9965 5118 502954928
5092 2891 -406595976
4907 12013 390794505
8387 1301 -706652984
11056 4447 -657005565
19469 2533 528249485
17147 4403 45115714
12486 4459 480929176
635 6532 236765604
3204 2928 -280655752
15993 16509 -895862079
6600 11399 -452351622
11732 17193 -822242548
9760 15634 506514072
4210 6137 917778384
11382 1504 -279971280
1216 10020 795674244
16118 476 519306443
6706 6116 828781795
15993 8433 677013621
16168 7869 202056078
6508 3900 154221479
16636 11756 443816084
4937 5568 -547991792
16060 12983 715452978
3082 15250 660324022
2337 9544 -364936703
16062 10511 806190929
17003 5543 -156160148
18024 10742 -819105266
12328 6676 -820571338
15903 821 -521241778
1785 11730 -17221041
3908 11540 926276923
6906 15692 739407692
15649 5771 496408162
2354 3939 606425543
5240 13001 -638620689
12349 11338 -13192060
12857 17503 715868839
6443 469 190769062
4154 3210 -506548727
12112 632 200042684
12885 4038 -84907803
9054 2646 -907693901
3526 13820 -434344131
15008 16170 848874900
6450 6707 -587604381
10014 17934 173094813
9426 8406 148981863
6464 5043 -489475785
14877 10390 719037571
1044 15484 684370946
11173 16181 -378610887
8559 8746 -134695993
6878 3658 -270902390
2153 2035 -590501367
3049 7950 548294242
4008 8505 151751366
18842 16123 586519498
13240 295 -449758727
9473 17854 476280334
15134 16616 684448355
5108 12091 -276723696
4325 8988 442827929
4115 19678 -201412856
1478 8054 502643380
4210 19413 -250028409
9940 7086 847510653
7613 701 704836830
15514 2510 272075083
4900 14096 785943722
6934 12191 -564179659
17502 11138 -641309024
3886 8476 436240859
13446 17592 140575083
15706 2287 -931319115
19461 2306 -598717970
14597 5178 442981410
17570 17104 397978093
14763 18688 605711150
2382 8337 -288290340
6376 7428 869705499
17917 8628 799996743
5739 1061 -9755396
17650 13412 -26374981
5496 15865 341766329
1614 13032 706925013
891 11289 -39819286
11661 8748 161282442
17156 8229 -907688678
13979 17500 -67640974
9457 9235 117423992
1389 8292 933234013
12733 5534 -798410108
11148 19218 114598806
10662 13028 296946607
19655 18629 519918596
12068 790 -506235551
4417 7659 -421288721
14255 10658 651711
19523 12731 651903377
4682 17404 17447596
2851 2462 771895236
10586 1824 -893113397
18167 11946 804165935
3874 13540 889747094
14623 8690 56185751
2449 16836 641572998
9317 19771 -74745807
14600 12002 -554500575
6042 16728 93989579
18288 10661 -4752245
8354 8265 -699442038
5160 19001 773630922
16938 8136 589731436
4778 34 741637826
18401 14400 -972487081
6364 7717 687087166
15703 4748 23780208
6727 4376 588537212
9995 12831 618446706
2802 17548 717265935
6263 10320 415728298
6820 8495 -277721958
4806 1243 -279705104
12949 6347 955492164
17028 17385 310753753
14172 2609 -611487901
9966 6278 -29652772
214 12401 977177097
8282 18151 -310263377
10457 9096 -188367312
2759 9285 540366628
1604 7849 682926681
15708 14884 -58629389
14367 10241 -582480203
19575 12400 793594393
7833 7112 -930013801
8197 2673 380560260
11501 15323 974809367
3417 13257 160217810
13999 16975 880165907
14205 9789 660171383
15588 16487 -443876198
17562 8924 -677663688
16335 5871 -266125114
6467 10654 -77396359
13269 3184 -977480780
8041 1943 -715389453
15320 13925 -619651642
12940 14800 446620617
6541 14031 178700419
12752 10268 -913807560
1083 4260 775750924
3970 19694 -125644730
3208 11160 260741175
4333 16822 476788449
4160 9685 461908653
19136 17675 -225660157
7679 14028 754473510
3034 12636 -652357322
12351 1139 537360819
2338 14806 799008328
15660 7430 110470779
96 10789 826672348
9192 13956 -312157536
6804 9057 585151628
15556 656 451260978
9994 5240 -716772157
2260 3010 -118896622
17547 14951 498427625
3703 17244 464946759
8339 7297 414131099
5331 6979 -585650039
4474 1720 758739351
11986 7720 -329919279
5580 13783 860643498
3939 15971 -798837448
10293 16374 837582322
9126 4309 943404032
1854 17122 -6082047
11696 12879 -831020372
18419 16791 999612918
16234 2132 -690773814
3759 6915 639576751
11378 5510 -939613002
10025 11831 974823613
4948 12561 426560643
490 6183 712715446
9332 15336 -793044268
8575 7701 -116133771
13707 9282 546551100
12367 13431 621103583
16755 13146 636250368
15539 19868 -7394889
8088 449 -215635417
3545 18361 -800663475
18263 15789 -161026194
9071 15765 -51174248
4143 11758 803112237
1769 15786 25429034
683 18860 -70928159
4351 19716 90718738
9863 14935 317815045
19594 971 776189199
3731 6836 825302657
358 4952 -178570815
16913 10987 -825265109
13676 4171 -140335952
3306 1313 -482668709
8313 14776 -676816966
3756 9990 695610651
2457 9842 -937756496
16874 9798 -596883095
15586 5119 -585919970
153 15886 824251874
1326 13230 173187977
9563 12090 723537780
2417 2583 349547083
4696 2937 535683460
10049 7497 -667468407
2961 19125 -267368054
17903 5478 836881739
5625 16393 -653090692
13464 3119 -352107870
14033 9681 30758131
7708 15795 -696095927
2262 5490 633136402
9189 9415 -565089887
10028 11304 835853563
9736 16773 814857145
4094 18175 996416818
15206 4000 61371885
14767 11200 -572703032
14925 14303 354235406
6733 3372 142667732
6556 4903 906785247
5339 10467 304621043
958 4992 -801649591
14596 4673 -292444442
4458 14863 -190174678
16191 13441 519738504
542 16536 -291022523
13512 1894 627196271
14662 18854 780721908
4475 929 48625602
9573 1922 597505169
983 5422 883476995
10795 12053 590222355
14841 13374 -816427515
1614 1247 655254727
3868 5985 426428043
1304 13151 -834618995
2976 13744 -140168243
9462 9098 -18791275
15906 770 626232525
16407 16074 903641847
12482 14479 -44098035
14660 14837 -522612430
885 10448 -656764402
2115 18750 -806418821
9264 6810 -611396975
5178 13409 -463662932
168 11528 -40285260
16973 7648 468314388
670 16213 -394444624
565 8736 91440126
8445 19211 -515860970
7919 16088 576038400
8639 11664 509749049
6535 7569 -730076577
177 15667 921406236
11804 3064 594655858
6849 16881 -972405535
16093 434 -928281954
556 5117 833704303
19543 8795 -833072667
2454 5067 399764514
12177 12144 262437631
7675 13911 -21542415
8713 588 -725872423
440 19596 264177725
8077 11557 966949074
12315 1523 43715531
14814 10793 -626799103
16543 16612 167531658
6011 18701 132492430
1519 17759 112537971
7390 6313 570927137
2684 19192 659703226
12294 2377 -891465380
19698 6404 843278593
18875 16928 699880217
555 970 -91520679
3799 18769 -598749771
6586 19546 139325830
18512 4987 -885058791
11611 16369 -51730304
666 15630 -120967610
559 17489 273986907
1140 16205 -93936386
2762 17989 -173762099
12896 837 -672877332
11810 15173 -367405768
17205 6623 409388063
19585 5032 -882847959
1258 16516 3284966
13956 15467 186792781
15380 9650 -337233228
19246 9600 -578288364
8226 6427 877078742
16251 16761 -938255251
14790 5691 818421001
8955 3945 69304132
4999 9797 -772585826
11315 19716 -128297647
6946 18269 790155664
12094 18029 -638853934
13041 3883 -777267798
18705 19780 -210375672
8699 14402 199155247
16964 17351 -37483809
8788 6458 -847196285
19714 10618 355387681
8826 1317 -289863729
3463 10559 -732774431
748 4008 -782298773
6892 17675 65270017
16110 5095 -611514780
19953 12938 -816141536
14617 16046 -413259927
15744 3148 160957777
13164 13111 112136925
3012 13165 831760270
4369 4172 -376470381
3253 15089 -530743296
1107 4160 -627067153
18820 11951 -187764041
14769 12457 241586446
19561 3173 -536275341
11316 13055 808485552
19057 8631 942745084
18624 1472 52580047
14294 4832 881628178
9221 2737 295739023
8826 18953 190827288
11534 8868 -909723934
19898 7823 -416291972
5673 4219 -11423315
13502 8977 -669378957
10890 9367 -55156931
14898 6762 -630024740
17685 16513 18963633
4373 2572 -144658243
10402 13711 -654588609
11113 16688 -688059314
9950 4332 -852543453
14785 9734 428648531
15962 14370 326360806
4306 16111 652051776
8910 1778 443057228
8875 17061 735779283
5896 9819 995162718
11255 16254 958299118
5798 17256 157896110
13870 4251 812825294
19772 7969 202945
3742 19755 -558007367
8354 5048 334201366
2315 11213 803287992
8099 1805 362047089
17671 9238 -126116365
4348 14942 -549790837
12797 5192 336478424
14756 11062 -953184776
11193 2680 -550573415
12145 1038 579720036
13346 12176 242650960
16786 18825 262884372
5740 15039 -697479402
19194 14631 -578235894
17562 7289 -678403146
16955 13469 -658539115
249 5196 982663431
16001 13370 -650945463
107 15459 265672114
16499 11524 -462101265
8270 11470 -918527959
6148 6357 -903887644
6208 1448 -931122781
12722 10542 -633187256
10291 14861 763225690
9564 19208 828406079
416 610 902314535
11701 17063 -242686904
16356 18955 825663520
18865 14894 -955931380
11104 13976 626746019
2592 13049 -265459900
17578 11530 171706676
16067 18051 -858947883
17277 17784 549540033
11270 16681 781775836
3785 12562 -935995105
13338 17938 -820070805
1988 222 706730368
1265 17700 -398041766
19646 16267 974880891
10760 6641 -303938657
3025 4653 -668720183
12819 238 -526121484
8022 4794 -38829741
4783 2390 -78100638
12428 18329 -672685721
17333 16709 398017540
162 10987 -431905450
18570 17893 -909491453
4461 2211 321621497
14500 3417 284849936
11073 7867 -786199992
17419 11871 -107875441
11131 1331 -414999287
11505 2935 560211665
2310 9376 -695275074
2361 9611 131058516
15487 15599 583361277
14113 16056 82259115
1480 11629 -900242407
11342 10984 -878888807
1443 17296 -574291052
5865 3770 -57228699
6411 12025 560322562
14804 18953 -496240864
10196 10788 521062673
5631 1451 739219121
11626 12956 -224512361
9653 14094 801229687
9031 10783 -653164193
3828 18625 -378817902
9740 7817 -732465368
12501 3259 722477665
13811 11799 738635219
4808 14449 -42159023
9322 7611 804445226
12281 9597 -340269850
15949 2127 886883980
5087 3530 293123781
13771 10420 458822174
13197 7575 -777133330
18148 4549 800975301
2134 14986 -26330448
5833 6630 168361335
19551 19099 630767148
1760 6947 554489142
7872 17848 -938185323
3647 1311 118329836
8725 1676 800590239
4801 13492 717254694
17602 7051 -313041943
5880 7947 156152765
11133 12671 838410588
7719 6687 -724938484
18778 11786 576666434
13596 10872 -919346478
12220 4535 -875760766
9206 8337 -605927105
634 18130 864846228
9389 14915 -104778356
8130 11831 -855252942
2628 17057 823372948
15672 12592 82348576
7716 7106 592034484
18992 8295 -688947953
3839 9185 905235547
5263 17097 263359108
9824 14056 -218444384
8445 7312 -661505776
12179 1486 434423468
3438 6707 930218319
1610 19169 -85132400
16322 5102 867931355
371 14535 46018614
18442 9031 -952386309
13683 10193 -324329074
2621 13552 237889537
15230 658 -217226706
15895 17955 241904359
8149 12245 469746562
10890 9687 245837864
1353 18754 756881112
8009 18306 616190566
17825 16279 447844694
3237 17963 32270123
9503 9847 -676485083
12161 19444 -336690434
9029 3921 -253452782
20 10168 -929750263
1873 8211 -886021206
7157 2234 -236019455
15397 19579 -345222704
15585 10619 -510807650
11109 6615 785770053
6882 11284 622214319
1840 12861 2687556
6047 8599 -551359997
12140 7 -772206870
10217 1853 -766024258
16046 8367 885582004
16596 4211 -745614229
12800 17194 78168603
1692 15899 -739984289
351 12791 -277465011
2484 5177 -217102215
4034 9190 -357813824
5540 7684 44174406
4763 16298 -15350226
7532 18046 -455263288
9192 10776 772930288
4416 7139 -121580379
11071 108 859924650
16692 3874 76004312
3387 15140 -990954752
14393 19022 -796677689
18787 5309 595675057
7765 9546 298244984
4543 7593 -712132593
1066 16079 -427866551
12503 3959 -676673004
15984 2798 -736550195
17999 9079 35741717
12354 16857 77227133
6350 15256 431230265
1374 750 -985463472
17321 5081 -525743030
1994 11025 -154013925
1637 6625 -741957558
6169 7676 280547555
6419 5366 -438095064
14835 3371 -586579487
1529 15471 227299871
17090 7294 -404102601
10553 2790 -300323274
8793 14603 -608178161
18601 1166 -543794102
6023 14479 -310908357
8341 4946 308283314
18192 2699 -127590592
813 14314 3019947
1229 19519 -36733990
13904 12013 -779757503
5039 3729 -725415625
3482 10357 -898547679
3787 4039 -643155718
6233 15883 247151709
7480 4672 -201575378
9161 8855 539829338
13625 8472 -794035887
11817 9686 -190432337
19946 2943 -422542712
82 9358 525428037
10594 11661 432425160
12791 15718 -745883953
849 11256 628862796
11422 8805 -757533038
345 18273 718722472
3046 14097 -480640592
108 14786 955796661
18516 10023 -225547293
15387 7577 193439682
16838 3084 70543165
18250 664 579154984
12045 6346 826334123
13335 1228 178983367
3490 2371 -665296990
1222 17194 -349376277
18596 14192 235453785
8177 11507 590493352
16115 12707 540523738
3549 12871 -943044044
3883 462 -456683650
2002 16038 -475710861
6904 8261 -188471814
13089 13663 153006378
6787 10631 -999467033
17919 16219 70104271
11798 14032 -173025395
15873 3065 -729802148
11720 7286 508943368
952 3156 975812657
16860 6645 -607243891
6095 18713 476325792
15597 6778 -135410838
16558 17397 348501230
8521 2904 864782658
1336 14467 503501172
3984 1584 626551585
9616 16974 -882980373
8163 12004 407515136
2341 5713 -427501253
8523 14179 -188637241
18559 8346 -670593174
8664 19774 617171080
14113 13631 -418316300
8798 15096 877889473
11756 7174 -589382184
7234 13839 461291239
16613 6527 -570132236
642 19771 -155248625
6292 9147 584187493
14973 19263 741683410
299 8233 37008760
5461 1675 683668543
353 9912 -654438450
18756 9907 685707175
2448 305 765761364
3637 6031 -809091482
3541 12925 504645326
19065 6611 -205542332
6588 3982 238557867
6973 12824 -751499886
16972 15776 -538123010
14060 12526 408496041
6883 18634 758888664
10327 8663 972424206
18165 6039 354044207
39 19764 -663352601
2624 4856 -399106135
13390 10896 67627512
3988 1729 -275694835
710 17202 697295541
9236 9380 -398447597
16371 6576 833304315
8437 9453 -974595597
7142 19631 880482939
19420 13132 766834630
8443 18416 589913050
1560 19044 630287935
7005 17794 -806808870
7479 16988 112338320
17848 8808 -960513059
10324 1953 462754133
17122 17827 -982431990
14945 7593 514040229
16342 6232 -754456577
17937 13826 693853565
3101 1788 -437868398
15379 13844 362687022
742 1829 659731101
5934 664 281176397
4279 10051 979743000
17091 15562 713683676
9867 10874 317610398
17460 19912 -523858350
6935 8984 -151034665
5741 552 18039506
17316 1104 -762503325
17078 1818 -745951661
17294 3708 707864065
5793 1855 858004984
3845 1877 164648549
8888 4663 -767550620
10174 19697 -326180652
6146 10084 -831222223
5997 16551 -921719144
7837 18484 -645164993
19790 3518 30193861
8382 10295 -331777247
16183 14744 -889293378
4044 529 -193513784
13772 9988 -188383733
10909 12636 409743162
18385 93 -654746617
14343 6823 -612629365
9188 16670 852913741
11170 12044 883823658
1827 13255 -12401629
19866 18977 -167897320
3367 8718 -321951392
14811 4480 758704625
16604 3280 343196982
15298 5151 307800074
8651 15530 311604387
2178 18808 -21961879
6781 787 577529498
17221 8479 -931911247
12501 17730 -358682898
9945 18046 178819958
19573 12483 900359695
14797 8298 841902108
5837 2126 -408174791
16829 10008 994987393
1477 7472 398936133
2315 16008 -470223794
618 11990 -687082054
9462 584 -310573626
16398 18646 237174044
18856 6678 -724843237
8468 15646 420775865
7139 16673 -332471527
15078 15781 855744879
6366 9688 -376442563
14063 2266 192724486
18668 2930 -153316150
8360 5039 -540458832
2386 3367 -842756836
7255 19342 86404799
2407 11802 -587030075
13498 17549 -937892811
1849 5863 253438495
17992 18117 -880686608
2603 13317 -698252973
16676 246 406640616
13394 18920 854620867
5845 17976 565169942
6985 1824 -44031626
17372 16097 -58177931
3313 11011 471038415
2595 14429 107238798
18688 16920 -604282082
4203 9330 749774571
19323 2719 -768791886
10374 16495 -948923983
8345 5402 947475241
7959 9203 925679448
9443 14424 -201138056
19721 16262 466147032
10604 13409 691023266
15495 2499 -809237149
19692 11141 -705673628
10263 3369 571869550
15635 5968 959111940
172 6057 -677867676
14606 12922 156565978
14320 10235 803816395
14178 13841 -69349028
18636 10150 910067249
7917 6800 147466621
3227 15153 409229405
4467 14136 -765617560
12936 13144 -167626307
16082 13526 90280168
3929 656 732681097
17601 1380 -471581179
8822 10846 -450427447
5697 13640 -476585725
15803 4950 -134474743
7726 11831 -64137388
19807 16279 57529685
705 742 -557184980
16052 5898 -800572059
1518 9395 369511515
19760 5253 662643647
6586 14115 802309167
11084 18975 -96131078
6214 10209 57863911
42 16735 -655751494
16457 11391 760324131
12533 17786 -313631795
12215 1359 898053110
2168 13851 -102038082
9927 14854 -384202168
3570 16402 -559676315
4708 8612 -684712781
1114 19631 -354155063
16311 12412 863466132
6106 9243 915425101
10352 8928 -31991654
2780 3830 -236714070
9610 11156 -978218457
11251 5183 -336132214
7701 4702 8873705
4562 2466 702578003
14301 9370 -864036497
19135 4130 -16289269
5614 2164 510576943
13223 10256 652105445
4570 8064 153946567
11492 17388 593307399
17485 15181 -627594419
18810 13389 8185167
9785 11448 903598977
9318 6826 -151751610
8449 1002 -768321360
14784 16077 -216805565
64 12062 578340145
8141 4121 -855483868
9512 2454 473254736
16394 6882 -127028390
12174 10533 -514528389
13453 3121 915572448
6575 11344 188160849
4225 3534 -977147209
12660 14188 91166191
7055 14210 841343575
844 1078 872599214
8096 9537 846273918
4211 10225 509710332
9622 5528 766717334
6467 1247 -131353457
13518 16831 945590553
6327 3745 -722064606
11132 18833 -888181690
4698 2773 287874900
8246 17700 668709519
11654 7437 174425012
5837 16525 520022678
18412 7338 946690426
11148 2276 694901396
5534 5717 -482573725
16275 14187 78330073
12450 18001 -392150024
9188 789 -6418032
1877 15655 -892147684
533 11590 -486700665
3051 15611 -93353293
8909 14740 -86953940
4677 2959 -758452995
3662 1511 942088157
10551 10633 192603522
6516 19719 703466771
11236 15061 274089514
19830 8919 -827114580
18356 3229 -409903958
6040 7069 702391345
18027 5974 -550637340
8788 1389 -980228247
19082 14256 -330638660
3307 15087 432684641
18106 1686 -446215688
15384 4493 -8808404
7919 6615 -659892605
17017 15499 241609609
11154 18832 445711365
9540 7616 268590482
2209 7219 610059221
141 3397 153389260
4490 16987 4285283
9926 1048 -400942505
16471 10859 535038372
4061 3579 -714187359
2221 3635 699082498
1780 5515 890411025
18212 9740 -628298076
2842 17462 33564474
7763 11595 -125501751
6858 11188 -409630247
1448 12316 699614612
6564 18120 240576894
16118 4800 790758762
11353 5129 -543504781
5673 17724 502565883
4885 11388 911917157
16350 5239 -271014601
16838 16225 250244499
9482 12484 -936814104
1314 12222 -988651970
6725 10651 -908752053
14223 3301 -508655678
486 11368 -21915693
9047 19637 -474776395
14149 18629 -384024518
6159 2073 -62693813
15576 2679 -818696261
17190 13842 802732705
4167 1844 176211545
18503 10886 -852976726
3226 17106 -808095959
19896 12980 -804181227
16384 17324 669858218
12389 3699 438741674
3316 11886 -687036903
10995 662 124087065
9893 16990 -188915471
7331 15422 -64317511
8679 7011 -141193728
2356 6151 -121636698
8007 15413 342056368
3800 8692 827683404
16366 15496 109120464
8400 16619 -77276627
5201 13746 -989825409
17478 11463 -40374121
13714 14820 -786532730
4114 12994 -207057424
12399 5779 -673874969
16535 14298 774695159
11293 9065 999158836
13999 11359 655475855
2778 3291 256007115
11550 9967 452782243
9309 17403 272295496
2535 596 -260564556
8953 11777 -509964348
14110 13026 -660820629
14346 4728 323135591
8117 77 -7089465
2047 2013 -717049318
8901 3950 152630475
5489 18142 413658231
18270 4510 483248379
14595 18339 569091860
2769 8276 328884255
13919 244 -660516651
5221 6841 811152775
15801 6452 -971165780
7842 9746 -535516646
728 11131 -622655930
5697 12661 -841827925
14135 18655 528388105
19495 239 -966751687
18322 13831 -29764898
16830 197 -499090308
2823 12625 940419871
17630 5577 614776806
11189 1402 -596883569
10106 12383 512269233
16481 2671 206215974
5469 10028 225842868
12198 10660 778460908
9639 11036 -393069672
16423 18843 152007353
938 456 893836421
19295 16434 -647816759
16679 15246 984004879
17760 1417 -391987789
17116 11685 366374150
4352 4700 -934962693
15886 18085 -921587713
6165 7067 -231881936
8243 18760 356484881
4361 4950 -576364355
12243 11363 -183919875
7018 17224 -738140324
1516 2629 331536040
19112 10628 -834735528
10615 6849 -960167538
549 18253 -904233980
769 13443 314539393
16095 10495 599085962
17480 9401 900292329
6190 4381 492596698
19882 6381 660164662
3978 6394 123234531
1520 8511 -145380967
15487 12182 -833278127
4563 4319 -721506802
7667 5150 -574690249
13532 13095 536208180
4327 876 680265248
7002 18859 -644864457
8387 6541 388203159
3435 7991 434054094
15684 17848 609899641
9404 287 -478223983
3305 10004 434312049
8972 11105 406547400
2706 7505 774465582
9634 378 -835014101
9513 3248 -103939646
678 12342 587198656
2629 7767 -918216772
14014 10510 -177887577
3316 9312 4012814
11850 3469 210370892
6707 19537 491175721
9480 13677 123303254
1856 10025 366193573
10902 8878 646471483
16947 18898 455616675
9399 1877 628958213
8343 5607 -918033942
4950 10454 -164034337
19202 1412 494150440
14984 162 598217488
15601 11347 962127039
16580 7303 -195811014
2931 5246 362910239
13606 10007 -929117148
7246 1521 -518943517
19769 8930 533202958
14685 16520 -582522795
19255 12983 721803187
3068 8184 -99342135
7803 18701 -284956430
14541 16065 626807410
15855 299 -531749036
7984 3174 -932848792
9339 19275 457695276
7530 8062 391681439
9560 10893 181226156
17711 19190 354835404
10377 10597 -111103876
18794 3803 -144683421
7164 2629 -242882888
3068 10573 100085346
6663 19424 978321111
6429 1191 314038741
16849 13454 -213849381
4635 11457 317573092
1043 2871 -687374748
608 3819 -714301949
6796 3214 -859032809
15956 11802 384329626
18559 19753 711406945
8096 1535 398479362
9401 17135 -812597891
6328 6622 -381323660
16601 10330 -687816393
17178 19545 834241849
989 3927 -516623273
6808 8378 920826552
9985 4614 -67943822
7714 7660 -690296684
5885 78 -223081991
2032 7397 618053895
19348 4320 575252021
10606 3545 -358776549
8778 18868 730810864
7660 18814 970617077
5484 13288 868111111
9018 16671 624733530
4666 19801 -954947852
9141 17281 367390124
5370 4878 -838524544
11847 13177 95170990
10714 5803 -851272812
10639 14337 -967610483
14482 3931 887657247
7016 13036 129495402
2073 19210 -538145114
8958 19289 -645649743
13202 1744 580866554
4608 10125 -434647264
8085 12740 289132909
7881 16929 -171874180
15515 14448 351302651
14216 12876 -362590096
2559 8744 -754985205
7703 11847 -240954391
9424 8058 442840613
17175 19303 -183749637
13999 18108 -839489439
16151 11488 -671335601
15906 10663 -841312490
10145 4480 -125146167
14912 11732 168672678
1535 15808 -38224226
11891 13283 135929956
19703 3613 806609073
2782 2018 -385490601
16216 6475 172331545
11368 18 -843246731
12778 19810 242805450
4056 19525 354649265
2019 17885 46231246
5060 6230 854385767
11556 6292 -356138227
18316 6528 866755932
3616 11256 383497975
352 13339 -195073203
18547 3379 994995347
13677 12185 474721141
1276 10217 -237030804
17045 4798 -390531988
6935 7046 -79486248
7023 4725 -875019813
2081 16077 -434138137
5182 7721 215974422
9044 8318 -989733324
19385 1331 408275150
17389 16319 905761262
8736 12436 104074943
8231 14321 -169385651
4222 18735 -28152102
12420 14292 836310776
5036 13590 -98934771
9415 14441 675002286
1937 14938 448697747
2509 5640 -416133648
17374 17816 15530865
1022 5255 315481023
15163 19019 -75128159
6369 17088 165594867
18577 2110 -423380813
8998 9037 318245481
18539 18989 1744012
13042 3293 336826153
1228 13433 806190247
8844 17593 -866691263
8546 12429 638389631
15745 1291 462980917
10943 9731 722456781
5070 17402 156355039
15790 5525 -121447582
6890 15720 7782692
2219 4354 -709922493
16022 12001 464304956
9926 19489 -303027821
15393 945 -216695961
12451 4269 -361944763
14575 12339 664355671
15824 12476 927862438
11568 19022 -894252312
17379 9580 416448852
17098 9550 -746674287
4973 1432 212790533
7103 1751 641629378
11749 1093 -486565913
11565 12293 984501028
9880 7566 898968840
8993 5656 79787691
13040 11672 398725929
7485 3198 677266519
9042 404 -193394524
17409 15755 -215499995
15904 15373 -908463475
10670 8035 999378523
2604 14927 23939653
8584 2640 565175760
12921 10990 -977584767
13874 18866 558397916
14668 185 -766837292
11289 4837 937330533
16363 8315 318844031
11776 13853 339744244
17614 19916 -855775525
19046 16780 -450790129
2172 11047 -498623295
6030 17592 -140244391
5749 2943 -128559725
10667 3551 419455577
15728 3452 -72644539
13270 8370 500291247
3134 12751 185613062
5451 9468 70197226
3089 15344 -257593210
5219 12854 290362688
17539 7627 227333043
11711 18783 639440650
10379 6100 -440566524
3584 5017 -925823083
9741 19803 194918071
9179 14629 613584805
18710 4652 -492375279
7606 11455 110981709
11430 18423 -365886533
11492 7205 -868980050
12496 4556 -38681073
18936 9400 -304330990
13339 12820 718960137
15837 9433 625187445
7880 17564 -899653321
6328 3624 -252665703
19740 19460 -858320808
4227 2534 -25509435
8670 692 -98944088
3380 11039 -376915897
19487 7659 301006787
13123 14961 -327869446
14829 19551 -14421581
969 14398 -16639963
14879 4458 -565065214
9889 13094 -901097183
4971 12205 209808716
16556 17671 -333467650
194 17239 -154107039
4695 3539 -93044163
18063 14867 -543900090
17149 13653 576946522
3523 17092 788477015
12035 15515 -350568396
9125 16960 -289506941
7323 9211 -637149594
1004 16930 -307022442
1825 12499 -715542913
16385 681 520818387
12122 1582 462621927
3342 17627 -726934558
3207 8981 -575488354
7677 17177 335684698
4717 14046 -455688469
12600 12378 680165664
3475 16351 927813739
8617 611 793862654
9312 8753 -337130831
5504 11044 -485888202
19818 318 -179517922
17528 120 -467462463
16155 12453 365433748
10684 7424 369382312
537 6477 255812363
10527 10579 20692130
17104 8782 -917103140
14300 1888 527012696
17846 18657 -2214448
17322 9005 694868813
4754 4889 798052724
10365 16254 778618240
5698 8284 -708363714
13519 3852 468847185
7851 4144 776294847
7440 15409 189743276
5412 7368 535199371
4674 5267 577834224
10977 5278 -569131952
1999 5767 -260332
4749 2855 -141584177
17829 8680 862865570
12157 11700 -242697918
8839 13347 -97063230
7671 1276 -916696251
641 6722 401776757
2980 4574 825032841
19796 2488 954888214
16773 19703 -526203852
1659 4564 190673563
6658 16227 519783095
1849 18411 74204849
12425 17323 725630877
9216 5642 77416550
17639 449 844021185
18483 19472 844208332
3483 18227 947583217
12943 12789 441951741
13704 4630 -275064123
6279 15065 -856620853
7744 2263 447649046
12539 10754 425387783
3275 16651 495911956
18262 14069 -618912022
18048 3355 484850653
3693 13466 185208453
10646 6302 -913416315
15090 6876 -483161146
1293 49 696403267
10093 13721 -660635312
5560 12402 992441323
12378 1769 773471105
13974 8956 -86828853
6827 14284 -712498749
6283 9891 653064994
9471 5761 835840221
14430 4879 -398052287
4245 5249 718855681
10579 17437 -634558592
1913 19194 -214366103
7078 2828 -798332778
15078 13744 941025524
11447 15372 -368126368
17329 2251 -339114876
7583 14657 -157756253
12317 12763 622579289
11788 3743 -14021236
7671 13146 -846566608
19489 11270 302471194
8333 612 -492630130
9443 17393 -624458282
16829 16284 944706893
10791 7011 209047923
2728 18391 -82042948
19122 6845 -758100792
4648 8828 -235888403
10561 4472 -39322642
5369 8058 -892857100
17851 13795 -720821359
12857 16299 419416146
17674 11924 -74110449
10931 9363 -540079149
9260 12276 640433766
15089 7371 97064807
9037 1711 -588252824
2749 4181 258878290
18574 10185 -825170468
8935 13529 108728610
3786 8413 677671630
14672 14023 755164778
3274 11915 727098452
3139 4164 930671671
16887 17663 271916762
18670 4111 120268329
3184 16382 -238761238
16791 2506 -104556846
12494 9545 -184796955
19375 15317 295707097
4871 15354 -42691710
6450 19568 282395410
2426 345 765610716
8878 8856 462538346
17484 13346 -960900683
6528 9821 716841228
2585 11706 374294641
503 2379 525939621
9091 12992 266779513
3184 19983 775136831
18513 1382 25333397
14825 14357 -944585518
5630 11325 -317916353
14815 8182 -125204125
3310 4505 765136300
16699 19384 446130690
3582 4684 -812761737
19059 13175 281616195
10430 12016 -960300859
11729 8417 377940691
12119 14158 309182835
15569 6555 -543835589
6847 155 981220296
18676 7025 -413397154
2052 10432 73629397
19114 7000 -514650370
15255 2510 -593813267
13117 16276 -925678094
9649 11271 898819042
5537 2960 730480377
17694 12122 69713878
13593 16979 -323801546
16926 4353 551601382
1795 11049 -87815949
17931 18981 564577153
10861 10192 -884451171
3623 13278 200414870
8748 7604 80864826
7727 4703 -640884604
5997 8265 512172881
2185 14015 306954510
9653 1802 -659458787
1721 66 770618808
19599 9424 -274216376
12681 3619 -719496423
14934 9663 -213979782
15870 19456 750212058
8522 10507 -403686313
17092 11277 416696575
12430 11733 77321571
8772 15942 255830139
1374 16670 2220678
18019 11308 393038538
16412 7979 347037218
102 12005 -99640222
5850 490 666885859
14441 18745 830429973
11243 19037 -35786065
16533 3210 280256860
6681 7874 203012717
11807 9667 -831320558
1182 1109 -931063331
9922 4432 -880326593
127 15146 694516281
18120 8453 -145259140
14915 211 -456676444
11929 14845 885904844
11023 11137 899495661
1337 13910 -554023999
3830 3444 929730655
1439 5851 -611505177
5845 1898 495648700
10987 12446 -338371002
13103 15662 -212571503
18109 8742 567123921
16235 1480 -804790712
2781 1025 395714492
13709 15159 -209954455
5655 16403 692868253
5236 13922 899176410
12399 15273 334978841
15992 2630 -245930439
2935 6884 743986322
6131 3935 847341063
12723 11637 270760705
9489 15908 -513383933
9402 15742 -671194678
2130 4772 -660747046
15478 12861 -69378442
5062 253 785411061
17091 3930 -147809420
210 13845 861634167
17306 6832 -691117407
2981 12170 -43357845
5803 8779 297365905
11758 5328 -310033143
3535 19649 -977479322
4837 4973 416413763
15512 18786 199603850
5453 1510 861622053
3798 17705 132144173
12777 4961 28890132
8511 109 -442418295
13929 9503 -805049289
10778 4408 574118523
8617 4010 69211079
7732 7263 341644589
5634 9615 2904495
2665 11534 -458394238
5506 11692 -251423243
1535 994 562797222
16836 12451 175790926
7331 2982 -531681427
12494 1884 672533340
5978 5802 -191004054
8180 11698 863838402
10072 18649 -440150695
15519 19499 -199467668
1408 11633 -205097253
9476 14834 -312426517
18844 7809 -949749788
2741 19399 -148567766
17271 42 -298627639
16870 5138 -799968515
9061 7772 824609497
8680 18048 336215082
16918 17900 -995825049
8007 8903 -574223636
815 15315 -389919780
6364 15805 151763586
7564 18253 211562434
4675 4170 635863614
9572 1661 202798235
11480 9849 -100996512
7420 16730 -590425448
4918 36 891567013
19661 4089 546415142
15237 279 437291095
13924 9695 -685213664
19380 1954 -109630689
12276 3811 -339520229
5939 17930 290506676
6548 14630 457817709
456 1073 -165139305
12899 5321 908685675
7020 3693 569890948
4591 2490 -29406136
304 4350 605752846
10506 16834 235089869
2009 3431 104785297
16672 16708 363800939
6702 2817 -816367026
14517 16470 445179409
8097 9456 610848531
9081 16061 11141390
18466 5692 778776632
5876 6177 930319400
14746 17430 53299405
7122 7954 -804820861
16321 8276 -112514699
3546 17486 506144265
2887 7676 473799878
1225 19484 969388844
437 7503 -813335029
10135 7593 248622378
16743 6190 122087644
6161 15247 -361668264
1984 18091 -165716581
14500 18330 -641624077
8232 19680 -568131492
1207 10167 -509586815
21 12093 -766949201
12177 4791 -768581353
10185 3443 -727999995
375 12362 635318956
195 3687 -904535556
13152 17805 861056342
7830 13944 -468371053
1285 17038 345032745
14530 10293 -257246433
7742 11324 205594520
4675 11218 -458206531
6588 2019 619780688
14984 9427 171574633
9837 13910 768222422
9720 3731 134278240
2995 3475 -533238409
11547 13295 847490566
19028 53 -800829766
8635 9842 871344769
4249 19689 489902981
11720 4984 761270343
5563 13788 -34655386
60 15420 245154127
13201 8835 415263972
981 8890 323546540
13353 15589 -307364336
1233 4972 -784257698
3321 14101 344829670
14394 13021 710568459
10293 19307 -160929985
14746 14692 935130701
11618 1415 -905501053
10098 3846 -321766124
16165 5907 253072529
16910 13841 763359381
8218 5333 95901539
2992 19043 268037473
12498 18937 360450031
17446 13865 -205035203
13819 12772 -720607627
8914 812 897288242
15166 16543 843456337
8867 18111 -547157064
6443 2640 -212995526
2753 18114 -86780564
4112 14582 -41523275
12583 19068 695297400
16939 19752 773389362
8826 14027 -714325602
14046 581 714813617
7563 17936 -445226938
16944 19044 -870963177
13746 5639 138276855
9025 6487 -416135501
13495 6804 644917214
18011 9087 583895105
15887 7109 -673861589
13582 9026 895455322
19450 2379 -408881255
1952 19551 483424622
13705 16876 -911273366
5488 4145 -494577187
12034 14089 922643261
16588 6885 845372172
8465 7260 -103177424
649 4536 -959296433
8079 9941 501190400
8931 19997 -482128149
16882 3120 313840864
14613 9113 -279064842
17240 2199 -17484063
5857 18441 -334662698
10541 5520 860851999
19594 14093 421302323
3743 3508 -642765199
17683 13626 328807711
249 12497 -429819585
6439 10238 428274481
15015 18861 450330726
8980 8209 -510341750
3974 16618 824642656
3060 16318 747117422
17623 2915 -898849670
3417 38 -619652102
12606 12154 -584742626
4771 941 -162396964
10329 11386 -769614925
18644 5753 743569679
2384 16379 738276825
12922 3798 889055550
3250 15091 215053839
5159 691 -804534114
19931 18957 775101134
15243 15378 -123965894
15780 11733 310784858
11149 17276 283865842
1051 4474 157559195
17087 3316 -594528486
11327 6338 -273362455
3039 16918 1397356
6998 12936 581271420
19874 168 -131155310
9814 4257 -236297953
1703 126 558963151
7576 4196 26259831
16926 2837 856894367
1834 3285 -781392871
8103 12285 -170230339
8637 2821 -888215092
16166 18332 -486961887
3260 9961 353283045
2401 14843 764654670
19814 8519 768082613
8202 19807 -614253332
14726 2627 591639138
19539 7897 958244840
9637 16633 -129604043
2517 3314 573834577
4384 7696 783898666
3232 17125 -971558210
15445 429 -900705152
18471 2816 891705908
15758 17798 537455760
5806 3111 -853271594
4825 15429 751944113
13365 2196 -639869031
16457 6720 -936867132
16884 2102 -764901500
3360 17798 868739053
8168 310 -659537680
8131 6563 -264220804
9387 3764 -618466066
5274 9921 230603688
12510 9695 973713659
11446 4232 817684640
13002 14702 -414042995
6167 14136 -137549582
16672 13474 -916859121
2975 14609 904680642
7289 908 -281735880
9704 10854 636343554
10454 1493 828542828
320 3535 275947233
8980 6895 -81206579
17894 18684 -719112741
2687 15331 -935189153
13342 1424 627135462
13195 13547 915637880
6431 11966 645931177
14135 2739 555724594
8026 9734 103936933
922 17799 -507966170
12191 8399 -531697899
16945 19315 -17933258
15359 16496 588371840
18073 8997 -195077575
3477 18152 -777790438
8664 14311 -854109187
14679 16101 -608769670
4028 11588 990479453
13068 7598 251179078
1323 18808 -977938379
17518 2805 288927337
16214 9974 592842790
6398 11730 704157368
5672 17897 445644989
16663 13327 -236355218
1918 14233 -650763238
8287 7018 -795917408
14864 3604 768952146
3671 12118 937221631
7794 17507 216157513
10984 5643 989981921
18884 7226 443800144
9747 19127 712313408
765 6969 -465919238
11635 16379 -476693422
8678 10879 638083999
2076 17209 -964619705
11188 6849 338826279
8732 11613 193561081
13794 5567 583237402
1440 19353 945552231
18588 3884 -230878400
11889 3635 754469713
17032 5153 865192929
11684 1725 819708595
17420 16086 885881047
19000 6723 -439859020
7890 2269 -826946828
2387 13733 -826727817
17377 12871 -926467386
10924 16047 633937276
1302 4532 -43848666
6072 10146 671470725
6839 16446 -68557987
8806 3259 -43793641
18328 10352 290472078
17249 13801 405743138
3314 19920 534240386
4921 4514 885918738
3780 10203 560135810
1229 11815 -602791423
7471 3044 -420908884
10286 6810 737632262
3351 18374 766955079
4357 19076 553106720
19647 18309 -317302138
8763 7624 456205633
12337 6847 -842270239
6181 5927 97903578
12289 13133 579561654
753 2261 -802405429
16403 15678 -922011531
10184 10024 -372812588
10994 18258 -506791266
4998 12668 144892289
8474 13963 995898270
7186 14667 -267291312
14997 15105 -878226405
1562 16846 722476684
10657 8632 -651671875
6413 514 -654243858
19012 14762 -73714167
10989 10817 480974725
14038 8574 986224545
8777 3860 -957948225
2257 14992 -162140286
6862 14189 24576594
5905 2739 -884484449
6716 14258 128885486
7587 20000 -592896732
19687 13396 895192794
9298 3324 -695207519
122 9502 -473233359
12928 7250 238986324
4333 12989 468634797
5572 7042 139519895
14214 12229 25552137
7504 8867 711964236
13812 9161 54522147
9491 4989 932780122
7490 11039 445138343
7854 3068 -810922680
17477 12753 107231956
12819 18222 937678799
14786 19805 786504209
17686 17719 882309177
3751 958 745906889
9747 1193 939893980
3412 10569 592078789
10429 11212 -425665230
4393 15021 784555062
7253 16090 366634723
2319 16965 -315153807
18395 18891 -128079828
9516 6551 355880949
2080 13621 202411528
204 11589 494549914
3093 16904 -117738276
2411 7395 -186112805
18528 16932 638576194
689 9789 150135898
392 12564 -16364411
12599 7246 176546403
11475 14049 -626617368
5566 17760 635071330
12498 3674 107303928
6274 5119 347876367
15909 1570 -937274661
11590 19212 -455772691
12111 16080 -407578615
13278 406 -889243158
14858 8918 -590433964
13740 7972 -577947406
11144 13939 -47682137
18053 12736 -717219108
4820 1241 783381898
4134 5722 151380306
2178 16239 740721568
6440 520 -246173440
3904 3234 402945870
18106 2226 -486986242
6211 14248 468292583
10531 3536 -362078708
10821 3739 -293915664
5101 19073 375098098
15916 5702 -478795057
2479 14127 -153366853
5109 1494 -981234957
11834 13365 -941878860
5244 11261 32977441
10177 3201 458746016
9012 2774 646662917
3208 11656 704446629
16422 92 989527157
14285 5062 -656529234
18263 12309 140369722
4482 10723 354237180
6523 8477 -12433539
7406 16531 930700725
18645 12955 96215864
9295 14025 -78730138
11410 16970 625198665
5251 5795 -774088873
6384 15196 -835508992
11600 9568 961836544
10868 6380 567655345
8732 1978 302650469
13671 14633 -844831850
19978 6991 530818657
15938 296 967274345
1727 11809 704958440
12914 1157 869733663
5987 10797 5229991
8375 1508 -387628746
5011 13411 -440301982
1242 9116 -774991822
12006 10639 -677056840
8640 12579 411767084
16575 1471 647625596
19542 6231 368917868
11554 19681 -57597100
5202 8635 -308842342
4036 5593 -342750289
5229 7710 166647885
7230 7575 711916259
16378 19593 522934045
1805 12678 -100551448
12058 11834 489446888
254 17269 85314306
9372 6451 95809262
2798 1156 755938388
3347 18857 232167233
15269 6942 591000472
1229 6918 -272277102
12381 12431 -874570753
2888 9774 -190680163
17607 8117 895975406
9208 16422 679687346
14189 14494 902446182
1683 13479 -5938922
14374 3865 786275728
13998 19167 173205454
2146 18220 926268884
11357 10138 847828449
14867 5946 -69252949
11623 19763 -615808157
18777 6130 608778273
8435 15997 -981814420
15985 2457 350944507
10794 5608 -912067015
7422 7928 368331217
11337 8564 -759568141
18518 12563 97756267
3084 11344 -820758078
19971 14590 -763653428
19346 11859 581494268
18805 11306 241679553
269 1678 -233996926
6859 1944 904925141
10219 4077 -348991889
7831 9091 530105057
10569 5823 -652498348
4980 9158 743393624
4240 16175 -501640763
15886 3417 716867540
15625 8049 296910912
3177 18562 -620710989
7418 10337 579045061
7966 8079 -392960393
19333 3932 -203255433
19572 19254 -193158216
10333 18198 -911900569
9092 7132 -616558311
13835 6133 -742316973
8051 1950 226141110
19508 6613 59503793
15908 14036 -994708905
7320 8983 -361498276
12339 11305 215573347
12671 3178 -685651924
3672 1442 348001059
18647 10316 -973025402
10790 2773 133173600
10026 8624 -898798774
9104 14774 778064434
11066 2683 -845934649
15779 13789 508345621
3342 8548 -582138550
5781 15543 806697297
16656 4362 167375174
17137 2555 483768931
18499 6116 -643353668
6185 12677 463768424
10666 17589 156463596
15463 1047 913535017
8098 16846 783656260
1545 16107 -667829035
8669 2819 58289617
12998 9762 941117944
6905 1970 -737520891
9310 5250 796022803
1419 1493 128585
10272 7390 869707591
736 3098 -490108789
18016 4813 -553188365
13708 11393 420447579
2397 4045 -948500076
9905 14977 808359993
2649 10528 -973583257
5186 13258 -932441819
12681 17723 -499637152
13918 3992 619173965
16883 17500 -131301263
1234 6464 -255848662
16459 751 -636009234
12151 3856 975445598
12812 16737 151654478
12020 3319 119119964
7793 10422 -431403240
14361 14837 42980234
14500 13015 -420065456
7585 4366 -640865143
10610 13490 -21916822
10933 16099 -734569161
3849 14036 261269546
3648 6810 -453087643
16458 17997 860466987
12119 7478 -295629913
14106 4129 729413069
10688 1838 -66420575
5132 11613 751272532
2885 13766 -298622966
2648 6561 442723117
16041 11016 724908818
9911 11503 -544601231
7157 8282 141217770
19714 2308 -524435831
6731 3789 -111317845
3359 6993 -139375482
8164 15157 -659845111
10718 19554 152119959
2363 291 554163802
8788 11880 77628082
13697 9070 53050399
7395 5921 925901033
9340 9860 951035200
17390 224 372529663
1335 567 269397742
9340 4014 -823332265
11790 18679 -915488444
14046 14065 -348890093
6316 654 -646797432
4141 7002 -732818722
14682 9480 -881587828
6584 9204 71289164
10728 19854 372948668
16497 7861 -315411273
13404 13561 457082083
13776 2311 -875452591
13872 4900 575915152
12849 3538 -270457562
9540 2861 406581364
1187 17504 -801554193
4173 4106 472844297
10361 17321 -734248376
17461 15112 947800566
13693 7120 -459469527
15624 11398 -658885986
10784 13708 478613416
11958 2228 564000027
10898 2556 -656796610
10347 15131 928076377
7570 11743 -72251119
2073 6284 -361623155
15209 11933 497607151
7954 4162 -915773327
8509 6627 -858790102
5812 7919 -300130445
8056 15368 424818602
7106 7861 978137506
19776 11821 746675664
3365 4949 -763273971
185 13251 -118686572
775 1728 266382434
17656 4000 863230532
15774 19139 -827108507
12986 18436 -136507644
11579 12010 886044984
2152 19424 527410032
11063 745 142733497
15401 7997 950788167
17938 15862 -357293991
19537 14556 486163555
17843 14577 348725659
3349 7302 -192189870
18172 9610 -37685301
9340 8954 -461184026
14385 15738 942109602
767 7900 -23741367
3653 4832 -812492781
8265 19890 -240951015
10773 17922 294185004
2418 13997 175850379
10338 6738 -606791753
2030 13627 321082152
19634 1953 769188563
1713 8627 -906280702
7770 13425 71634774
2462 8851 -278051321
9048 5148 -505585687
5623 11279 734075013
14171 6639 574548238
14265 16396 -507206992
12657 11851 -65273813
4836 16339 53837630
5626 8286 768995932
12748 8101 -470050009
12819 1399 -767250802
11873 18745 813300705
1121 2731 164562725
11590 1477 -320682656
4650 7964 820564501
16917 10445 -739147257
6764 14006 695125542
9435 14740 -288379016
18432 14509 325291098
16721 19320 -54422008
10480 13723 -542439993
4972 15587 -164918767
18762 18443 459389710
14284 8935 385554273
4773 11997 -161576473
451 6569 -710461756
18232 14196 -156229868
2159 1051 454388900
18523 5453 311139396
19521 16767 -940938232
14961 1478 -119936920
55 12311 -620303357
296 5016 562949516
4682 17703 923141429
4627 1516 121482063
17448 14289 -730117665
4332 10558 983479408
12447 7825 -459669480
6525 1581 -254384900
5273 17866 703342676
4160 3327 -13127237
18745 16945 -314791007
13430 13362 351878352
11504 1529 -749538092
19356 1375 274862271
16614 14824 -199536866
3489 10659 394151243
2211 3263 -370907156
8240 1596 -802685951
18672 10199 97840068
11539 13746 -223824589
9435 10804 -98441177
9691 2590 192611056
3839 17876 -86031117
9963 3024 891933165
15461 5613 929899191
14806 7791 -776118957
5930 5767 552184397
19096 19082 -644596591
3854 16623 721700333
14161 4138 53754375
9952 14973 379951270
16299 16978 -768033732
3774 1649 720206803
7896 19483 502768340
19039 9606 222475542
5715 2878 -609178491
1919 16461 -552769381
17773 15833 -21592578
7799 8331 -308254946
16649 17126 165267967
18575 2854 -647824206
8296 6535 -992095677
17432 14634 728219688
12885 18419 -439365716
6043 5453 221556981
14542 4694 -310285339
12199 15244 721541245
16616 7167 -836627179
8750 14357 -881754033
421 5066 610007240
18001 6085 -167217551
1678 4501 178658045
17101 18752 821172361
15198 11386 172517975
5087 17522 190939837
16946 8785 -838016765
12115 4754 -421646064
9013 13173 -95797977
7918 3403 -318165875
9336 8820 -152928966
19166 19311 -481356603
14267 7640 -596458789
1681 1410 -755992910
15067 12479 810721625
13740 12719 831164567
10731 5315 393548387
6925 2637 18057127
1729 4415 -826308672
12558 12296 -196151226
9274 6068 950905880
11779 17488 -104576057
17980 13350 -983989650
18191 3977 878078598
544 8209 235963626
15024 3474 166437407
12464 2517 751195996
13292 17628 -795147338
18970 14907 98224918
14688 2980 989441685
18588 13012 546228034
447 1725 407761697
19555 6434 -283336955
8312 15038 -223112219
17678 5283 -836323207
6633 14887 868030061
11497 17319 258491302
15798 16208 -777664447
4969 14318 -638194640
11867 1433 466883956
15463 15347 -587236726
8931 17353 -994127062
8102 1134 981440162
14851 17527 787664579
15045 13236 138073571
9693 14081 -40169687
2219 329 521513821
6477 12884 -556132109
17156 11298 -299768076
3483 2012 94302501
9922 16138 -270547239
9479 70 -975331665
10940 18718 612361180
3101 18039 678270811
12803 8523 -689477614
19284 8300 401518688
1741 1564 -722667386
19877 15826 696274282
8287 2349 -463278460
10875 10600 480679967
19884 9075 249698742
8544 2408 -137965459
6436 9450 77264089
6275 13842 871174714
12955 1152 -546228025
3161 10537 -229959819
4746 10506 101458149
16357 3987 561620582
4254 15394 -542642914
3664 4846 631158003
19759 5999 -664605543
6591 10872 -669476549
16150 7448 -307677907
13898 4233 -513243454
4618 9354 897660782
3244 4578 939204054
19495 19977 945894167
17823 9797 390487490
7238 11587 -242328491
14715 7911 -206555098
14657 18473 -893530841
11528 444 -188810117
5035 4832 -285623443
9838 11750 971489099
12327 18278 107835855
8623 1487 446996174
9528 10047 5934224
10503 3492 -583304351
8194 11032 -527545334
16115 19680 429670084
4798 16774 154339405
11646 10159 993594625
13933 12506 76114440
651 15529 -717662172
2878 16753 891922840
7425 15222 -641516380
4067 7298 314287587
9605 7315 -503847139
6997 9189 694184752
13698 2269 96462269
2680 11003 268513000
17511 635 -591295256
11459 14883 -228151721
11813 1037 -873483537
5019 5507 39294392
4512 10226 -45604230
3080 767 -738333195
9047 12926 -153062706
17165 13572 691164721
6800 13010 552600508
2602 3951 -572934378
8242 3478 -425469354
15661 13535 -12472799
5484 19475 130961932
4409 11350 -358593813
9889 330 277038860
14426 18694 -383060664
1537 3728 754195700
10778 12862 684156515
17249 16498 -898294738
6902 3822 -424273635
10697 9450 -856927980
3867 17512 470884275
10848 10333 625797868
14742 9089 -20651909
7678 5622 568426219
12031 5238 -907945815
9081 16808 788936265
6209 13072 963033149
10239 12084 584726972
18889 13827 462095505
9073 3643 -231178739
1802 4565 72587686
7661 14393 -800286017
10803 6456 937136387
15245 2910 -340085402
10483 13097 -788137075
7137 11683 626054168
7420 4275 397673847
3739 14106 -650837154
19641 7718 -187394464
7382 2912 604647891
10173 14841 956201011
40 1982 -850617390
5034 607 443202261
16352 12536 4763053
10084 5719 -520825445
6071 846 192174266
3147 7248 871933003
3024 14137 591870372
5673 19534 583618111
12316 2125 96277156
7414 242 -155417756
11559 5470 -508728203
18849 4363 124183684
18072 9446 277478105
16371 17575 -845063888
6055 3529 -357464702
420 11409 114599851
12598 1003 -638943115
7330 4358 -296520284
15049 11833 -909533315
14940 14519 -641280040
7417 14446 -657767514
5520 2493 855149615
4915 10279 528933435
8954 16202 -627668231
15653 19003 -543145270
9290 11619 -479882461
11550 17783 -134220892
17022 9099 431088977
13637 3581 -926797141
6726 17470 -405198181
12854 9101 -913185027
15801 1687 -90705683
18078 4517 -584128086
11791 4369 357699674
16194 55 -583427199
16576 11125 -717426695
830 19805 744960898
7869 17016 383473471
7147 17267 389712521
19802 18345 -266089943
19232 6341 143820754
12517 1461 -33036270
2809 16970 807609136
19579 10698 -6195916
1951 10395 -335753459
3289 8004 277550114
12638 9004 598719184
917 18560 -590708856
6378 8790 862716193
16981 11460 -47439134
14532 19406 -486027604
5610 7164 -140178828
6308 2097 -954480174
6740 6088 211915730
17692 3372 -937845004
4854 3090 -7490844
4963 19093 -536931946
11370 18956 948201934
3132 18988 851888596
6481 622 -360099977
11717 13622 994928555
7445 4868 313209963
7521 1295 -563712886
13379 6453 -928795244
7403 9682 846614576
13717 18826 391118889
8183 5832 371666567
1858 18435 953303042
5851 264 275668088
5640 563 289584667
6463 19209 -387076485
3727 8714 -689331903
14131 2168 -403366717
4989 13493 -429821173
558 1995 835967687
981 10462 325347764
9860 18141 200946649
10278 4904 791014384
15036 160 404188473
13680 4498 -735398512
16150 12218 -496192502
9403 8283 -340199911
11631 16472 649655557
11579 17581 -287493709
4790 16526 -230363217
3495 16579 960981214
18349 10890 262023264
17483 19231 696983507
19176 11116 96175071
8831 4299 875193628
13842 8732 -758972331
8789 19458 -109625881
4068 19557 -248043204
9479 553 961302409
7170 10304 283600070
14170 18581 -229026740
17647 3748 -214085097
3341 17337 -947707613
4159 1618 158929234
3416 17127 202108593
9051 10378 -241382534
8215 9705 -65409985
7653 11689 -135640564
4911 1141 -25536522
13130 9391 -80451728
14536 9277 754796954
17400 4067 863331571
18701 5471 267203204
5222 7430 123266901
13238 8718 -897278086
2072 12836 985945003
19141 1063 -984750432
3127 8517 -306680719
9420 3166 -725572872
15296 620 -399991832
18847 3935 -736808727
966 18247 837660652
7611 5475 204853912
9742 1093 -2275609
8534 8935 -675187171
18021 9154 -991295622
7214 17512 448280414
13708 14532 197445267
13971 16858 736188302
14455 18389 695294928
18005 115 232670409
3013 4211 389127554
11846 8141 955531868
8428 11178 527667374
5757 4061 -888044801
12232 2094 -121218761
2920 10804 847794773
16439 8524 -454546812
13977 15306 -343862816
14205 18563 86491941
10114 14011 904101284
15967 18620 453597962
4126 261 -207849175
18054 9131 388758494
3444 1438 -747947253
144 15242 -196602742
8968 10371 777254720
9657 17844 333778319
202 11384 786405753
13258 12119 -670494303
14040 16352 -383762459
19727 3410 -288566294
11560 7568 -558714572
17965 2807 470631847
13586 8413 -849613803
12930 7758 -119476338
310 6938 901559214
2966 12638 17316370
16212 9497 98124917
12828 7825 611216538
9301 6799 -317209291
16281 1827 859197927
15248 3411 778849593
3052 3491 -775292854
6182 10524 -709077621
3981 627 424230960
12793 13727 815345730
4613 7242 878985851
7536 19658 360666089
10874 113 -849148147
11988 18076 199278304
13286 16250 -326241753
19709 15845 106816245
11211 17644 -149828003
1720 33 387234984
8573 9591 902091119
10961 9946 50050682
16259 19552 246892294
14811 13691 508815724
6331 652 -106082943
1799 6558 80884578
8805 9747 444856953
11536 2439 -318931301
17694 3374 -977253118
18936 18705 506501400
5211 16536 133365153
11509 11329 291150601
9087 5354 495243054
14579 108 -988916705
10784 11192 685171432
5967 14992 -531682762
15244 14892 -45498750
1653 9923 567464935
4874 5293 15376456
12086 1191 -642738045
9332 7959 487891084
14840 15018 -853160580
12412 18526 386327591
16285 894 -667004285
6853 15652 -146276575
13053 17688 -411160075
2920 15505 703287763
7413 3938 454664052
8909 2479 -894685978
6832 11591 608125587
13448 7047 -473141417
11942 19832 -575597488
5993 14493 -643250749
10954 2821 -801541711
13661 4009 -234189255
6915 10427 814483007
594 9192 -363072074
2328 14705 -199240972
15136 12589 -984815271
16012 19767 -586753514
12626 13242 307509487
19317 13044 -503052509
3461 4512 670504811
10818 19191 -728623452
9332 14380 726431020
5338 19068 -937269315
13356 12554 23860774
2791 18019 -471142972
16554 3564 378244456
11044 554 -820680784
1424 19420 -105474662
4833 2096 623585372
14582 10867 552694142
3525 7510 -955154008
770 2264 -919887251
10284 1933 8687954
19379 8864 -774188676
6951 3885 818886707
4128 18686 269571039
4710 11382 203235082
4307 3307 -373343663
1540 18839 780246889
16229 12493 99801616
4682 11047 -287330523
15738 8860 -940957199
2189 1263 -411654423
5903 16873 300157501
14219 15781 913376871
18349 4448 642986892
15547 6500 -358278936
9376 11040 -238305528
3042 3899 552084140
8387 18512 -625146922
13442 8055 -208155480
3802 16567 -331708796
2006 14234 -312147823
11072 8955 -301709834
5305 5076 -164474806
19001 13085 819062528
8687 4147 -791240881
5390 2187 750715725
8507 13546 753372368
6342 15034 -287782934
13475 3551 917580130
1620 3203 558307242
12205 12594 706094223
10819 14188 861439760
19533 19414 497489033
4961 17199 -484947961
17731 14359 -357466058
13614 17607 430975518
11690 12683 327274617
17685 16156 114339825
1452 4552 663210592
6345 1875 543541506
4747 17960 922060110
1318 7110 536456849
16522 12942 273335061
8016 7154 -367543792
1784 10939 198904355
10505 13631 200350578
16605 11236 -183723768
1980 102 -484515835
12847 8651 -590888113
12573 13728 -295759578
9513 19849 -157048779
16043 5178 -936615004
18615 12677 -543443674
13992 12883 -117892650
1469 3800 908078779
5612 3825 954335190
7896 19079 555134659
15639 11213 -360440359
18431 14856 -545666347
16444 17573 -851253890
12981 15563 -270053158
17263 16048 951100178
8592 1052 -473602794
10285 16526 -458123667
13805 14803 -443098864
7405 15514 445797473
2729 4074 -260612661
10540 13183 277335800
14901 4531 -213498997
18938 15849 -981432409
4114 2362 -995513583
13750 6491 -456340696
10358 2195 -896332690
396 10477 149917206
1081 16767 -470950916
687 13581 -629141717
15651 4151 923835527
1838 13990 -679485483
8267 1566 -152210827
11132 4831 -271313522
5885 10600 -441395414
154 16043 -487886697
8930 3030 -305798639
16873 18568 -543249417
8853 16495 -437027798
7488 9647 -619641790
10158 7081 -675887246
7901 15562 -278878939
19980 17145 -362195065
614 11511 -276709286
15511 12573 -309470987
16138 1930 267689297
16183 865 999733855
11213 17314 524516365
13345 2224 630245827
5057 15978 666198563
13029 16190 81268852
4620 7238 -312133351
14170 17034 57109154
2857 18814 195911235
14316 15283 -401960212
7250 12120 449354252
7083 17486 212856314
3956 5634 -689546792
10290 2929 177492665
18272 18893 -871144954
13793 14840 526699857
2632 10260 -501562898
13274 19107 648926370
3749 2155 976991330
16652 38 795004916
15411 16221 -332165716
2646 2261 179334445
18728 18821 -112280030
17498 13632 -361125683
3847 1159 411606275
12658 18077 961067989
8757 4130 405910162
3971 15821 690990676
5412 19545 798654735
19686 11165 791490969
3531 7033 719257068
19826 17299 643307707
17890 15794 -305161524
15351 2869 882718424
15688 18283 -623416623
2089 8076 364800188
5895 17235 -695144637
17625 4850 -605863020
18977 9687 35561586
17133 10232 26292877
11069 18859 56542656
8237 12522 899590684
10022 18219 -451836720
15783 10085 307148981
19976 2751 843808529
19836 17471 -744316950
12842 9890 -103309778
5308 4926 -115627967
10971 17168 -513627453
8596 3601 -981040376
12667 2049 712294649
18965 8167 480519125
4974 18331 875018051
12663 9484 371103371
3427 15920 222849222
10732 12764 -838691069
12119 18479 155234262
19656 17699 -146975020
16598 2658 -379288618
4872 2975 565344612
4758 5683 715195147
18532 9641 -217386768
18620 5430 -348187063
3836 13830 -755343515
1100 7915 380292885
2946 8246 729979799
8460 7133 990108773
4441 16462 -112896015
16352 7640 -901269655
5765 5681 181978605
17144 17695 855394622
9095 11577 447715590
4657 10826 -143373625
2480 3399 -788612774
2747 15594 -443925975
19086 2735 171377650
17435 4747 -6359205
18288 5926 175314963
9312 1480 -862531390
7443 18351 476332802
16436 354 -589742208
16435 14979 -230311447
4133 830 -781961858
6401 3707 -835028508
9254 4977 795345115
16073 13977 -715910953
1382 15884 -203880841
9688 14240 -690707356
16199 13245 -5948467
9450 14048 -78825450
17143 4837 -88276201
11431 5324 -35053676
4712 8218 -122145488
2960 13437 -610155940
15693 1538 267961611
12848 18095 272937201
10739 18717 -501704804
2664 590 -963593359
12363 11289 960491189
8171 14783 -592296501
9278 16099 -387372188
10621 9016 214042392
17286 18845 -822795646
10905 16446 -966490263
10950 9636 -385267976
13619 9779 220653495
8199 13013 771170312
4817 3772 -182716052
16312 13200 789711697
18659 9414 -939677431
8283 6423 504895467
13018 12107 43886999
7373 1448 563379555
14811 3853 434530782
16863 3644 -12290520
4554 19799 576290116
7375 13820 804120640
3601 8814 -279069706
1620 13300 385763040
1772 26 -752546941
17387 3801 -338947962
14236 19801 893883473
2892 14914 725618676
8254 17 -874132882
16631 6655 719161406
1065 13154 76378982
1645 12877 784348886
12263 4110 -648742309
13521 7754 -748009455
11924 3832 -888901162
15580 4232 5254700
4949 16988 855737231
11045 17750 236409507
7153 2575 -875082296
9315 2491 -852614345
1733 2022 -268080609
15996 10838 643839523
18583 8040 478447640
12158 17298 -36162224
5427 10583 656980334
9558 9430 456950270
6785 12194 860348947
5886 6613 262377897
4985 10587 271415360
7762 18637 756255928
2898 2253 457986887
19109 12579 944575715
7263 6614 494865416
18250 328 -17254536
607 4586 -563829687
1023 19441 -561367565
14322 11977 343027017
19942 712 656659684
670 18934 -960244840
9054 17372 201388664
13548 4351 -235870626
14106 10158 -786847767
6086 7729 -23212431
19808 15827 -683391099
8626 7115 499525818
5233 1576 336681166
6200 3487 -947955637
6373 14797 297442248
14498 8188 328781570
17641 18314 -920714783
7211 3174 -235928956
6309 18558 -429830977
588 334 -476044024
15593 3264 584646678
11425 17949 -616148359
3453 14658 65588539
1240 777 -858199707
15601 15724 253177886
6999 14079 -207126502
2620 9860 943392240
12250 7577 730511901
19865 8840 908953091
6982 7680 -954716305
5673 15782 -27035952
10758 4601 658556461
16295 14378 54946313
14906 8747 197723687
17648 2650 379440164
19805 7142 -644464206
5020 18749 -268908794
3065 16181 690927534
9164 11946 -746986097
9279 6006 744376580
991 6357 903050274
10100 10447 312020638
12742 11660 -463896154
15321 14247 273857543
7216 9003 -147457969
6037 5181 -238641668
7450 16707 -906067653
18219 11436 357320116
14409 12685 415509982
6363 3500 -170404084
19749 1247 -374751025
13949 724 -489427202
3464 13918 -536974986
5640 14296 -825159119
1531 7437 -357440740
13281 10126 -889630207
16353 3182 322505043
1655 10679 665945956
7700 19679 -638830452
5824 13729 -302866450
13363 15360 -31174842
5857 1621 -947982474
17333 10002 -896500353
16870 18856 -995235392
2597 11155 -191298696
10373 5643 281228941
55 15719 797543518
7840 5474 -86899946
5164 9755 236373904
11219 18254 -27103710
13778 8608 723140497
1301 19017 184260941
11168 12895 967323193
11680 11793 -968049613
4830 6149 -456123731
13218 11036 -115088209
4500 9158 463225890
7050 18989 342944679
10116 2932 808279208
6510 1075 959403540
16462 15604 -149228181
18855 17972 -114660917
734 17466 -927710642
19988 12687 179586510
1272 3173 -443958276
2788 8314 966890144
14315 3309 -869000443
3132 3463 -1261668
5501 10924 853697118
7401 18006 390306653
12066 14338 -992294592
11220 1647 215102254
6452 11219 858532319
2848 9026 682754515
7358 12399 -721107053
16696 1937 -861093597
13901 12430 163857588
4355 14245 686117407
19081 11549 -614898142
10336 5318 -395059743
5390 9036 -856243360
1425 9007 -100749466
9354 10336 -241553553
7841 12294 -360132346
19234 14497 -214159048
2481 15170 679976665
2891 11049 -671429387
3909 11988 -629134956
17281 16252 426339587
3139 19696 514679208
14303 14477 227805419
13002 4223 301996133
2868 14950 219892540
992 14839 -84442176
17436 18437 -601931902
15369 18893 304801614
260 603 746810646
9519 524 -568383248
10952 7004 -787562097
19051 6823 -810286059
11871 15969 209999361
13823 16096 -196122772
4857 1526 -316947874
17329 1203 221088254
9426 3919 217629467
7676 14130 -107397850
18370 2816 562364379
12792 9164 -527090633
15469 14966 333477101
426 19092 -863052365
15297 6219 247906709
12162 2370 942017734
12817 13723 79602347
11817 2059 -998510466
7982 13732 -81101217
902 8122 684032196
6129 13803 700922021
8169 15840 325159094
6377 9401 -466015422
19438 4544 912799050
1740 1793 79407476
19588 2326 -415081498
16722 13045 229677161
17279 10418 776424159
2438 3818 -311759032
11736 19531 -198948007
17776 11576 8056196
13428 13175 271542968
14573 5793 -956302270
12565 10975 537414588
13258 11947 822204139
200 5010 -798926110
7723 10529 713049411
5542 7582 878515554
7439 4663 -982089566
19127 18355 978981033
14687 2385 -65663562
2566 14097 -869650193
16180 6629 -614524210
9353 14409 -658333344
1891 16694 -78240261
17204 17991 -122249095
74 17805 226533054
227 5496 244727034
15444 772 70146303
6295 15693 361297215
6656 9426 -642603824
7816 7667 -409347811
14596 4125 219948638
9135 16531 812861293
3513 10304 244185043
10361 1150 908375340
18284 3491 973455212
15268 8292 -152717094
7772 9779 589260227
17539 1238 354235234
11927 7166 -324427929
773 18702 866743241
42 17422 84107772
14504 7067 351391425
17208 3824 814385839
11327 9092 675501334
19589 3382 -576895296
4788 13826 -533469636
9595 1228 666431669
8115 19092 161970741
3425 11770 -67255621
8161 6951 -608117276
10843 19275 -74355717
3843 17028 -810502638
11039 10067 -526359057
1162 18741 -641208539
8876 16372 -898176330
4374 49 -89188053
14943 18905 -49419213
10030 19404 -256904313
9608 4543 -370911273
12227 12140 729143859
15676 14889 274007263
9086 5723 327738053
10916 12307 -942649470
19496 17545 686586102
15875 8955 85466947
15222 3835 -588140690
6107 17974 32305430
6748 18215 -205828484
9980 1089 -581501481
5824 14849 443860527
8615 9957 -841739198
1909 17870 -44309013
12632 5934 -311135327
6061 14552 510057733
6185 18010 610555420
18327 13256 -854994409
12635 15529 -93590683
19427 14687 359234679
15069 6699 739226932
6997 14415 62049369
17309 17637 -532065580
8309 3759 -497431921
6169 5482 47877889
11713 1935 -706465021
3080 13941 -915928802
11528 6144 -933863590
19948 9818 678903623
9452 10614 100548081
13511 11506 393372967
15905 7623 -152694747
6882 2566 432455183
8490 14799 4227145
100 8259 987427304
19449 402 926021211
10621 1248 -964348784
11930 10729 -610085054
18124 2600 509531282
6687 335 -202960410
5990 15724 378013891
8550 18631 -78728541
16795 12 -552171568
12121 8684 529494879
8509 4491 -360759810
5794 6287 -65620005
16239 7731 -803016168
4705 8408 -494302414
2035 17118 -838833394
3804 18931 -863015305
12123 8169 -859523796
4252 5420 -329605594
7100 13395 114861323
1883 14785 -210300145
18463 7832 173153266
13249 9688 728058903
17705 5615 482177295
3522 14648 17046984
6705 1393 907095898
17530 10318 528994028
11386 2762 465140612
13107 4328 375444971
19143 16237 536240265
11093 4645 597725858
13961 9637 263756374
4616 15887 -798361546
1599 335 -674452116
10554 19188 127668444
4475 14572 758830393
3477 5214 950920897
15697 11951 -265151195
1661 8244 -492677800
18159 6904 544181292
15316 83 210235693
16344 16716 -880484188
10309 11677 -287476034
9749 18561 -304932285
4126 7818 577831925
15037 16544 -47753027
10514 12070 857493291
2205 8472 -289865449
9880 15918 27085212
1725 14872 -533252948
6538 7815 815774911
2542 5238 963784275
19268 699 511258759
5867 18093 667951288
17780 17798 448735655
6332 7866 121333541
4184 11794 913174247
19906 14691 428785254
16957 1620 -759526750
12856 306 -257117881
468 16025 -911567227
18789 18445 -471023854
8079 12253 774031272
16254 19394 440901305
1861 10335 -922200359
9114 15554 785061079
4279 15492 -218165404
17821 19706 731200905
3932 17714 -273309440
5239 19320 -364567818
16798 13664 -723237823
17124 11190 -911909524
8623 12747 456943340
13909 7113 816884708
15409 6251 -861728376
8443 19590 -975197003
13978 12293 771743931
8997 10668 -438506787
14828 16336 442493731
3698 13092 -254325609
16970 16027 -484605199
10084 19585 614542408
6868 12944 -385878101
17759 19236 -668560574
8001 4702 217633254
111 691 -23914958
7301 1101 838817471
3147 1965 -113026077
15099 4181 932727177
8294 7061 -176240605
9770 8981 -994035811
729 16294 315564371
10789 10149 162845398
7057 10792 9758713
2608 8033 762997152
13444 15514 -891655959
4015 10561 -544099942
4092 18017 -984508741
4591 3118 554462164
1967 15324 339136626
11478 18119 817381899
13950 5783 -991034177
5376 15062 -93249139
7135 4042 -816878852
9610 3253 99040801
11318 4525 966322882
1476 19683 -229087524
10103 8837 63948782
7043 16172 -382709434
15461 7520 -125660314
11736 15470 -557847463
16379 19005 618662980
10498 13221 430460572
17638 5677 -602562720
1076 14487 732364754
336 19969 103183462
4850 6801 -735732688
8782 11808 701172901
7214 2012 777767455
12168 15334 390168739
3039 4624 86123337
3302 13019 -370406119
5099 16014 947067132
12163 13440 -49771026
1008 6145 -276524162
4987 8192 -636873878
7827 2160 722680906
786 15674 -268094666
5861 17376 -638469256
71 17716 510110291
13568 3911 -220988049
773 2070 508709869
11636 5037 -173004288
11698 2859 -377107817
13842 17634 54028892
11467 4644 143544887
12808 3701 -20177981
5769 8985 723652521
19533 4286 455372485
19227 4930 -169709707
10589 8577 94752214
11419 16564 -967430662
18952 11946 340208375
15502 16553 -172825247
16196 850 359008040
10511 13498 909232532
6473 18623 -897583211
16640 2455 -882556274
4889 13913 357414394
13147 18456 -398589074
2471 1995 -602541534
4588 3225 444698886
3430 19521 -499697030
13900 14209 952655532
17250 10679 29307956
9203 7716 114278794
18484 351 284915208
18596 7745 840755295
14457 19990 984550748
18188 307 618495021
13970 8217 956009540
5876 5029 -276226467
13752 6979 201592363
6221 15326 920890054
7558 304 -716212444
15931 17292 -745892878
8413 17083 -882248709
3348 13875 661877366
13574 12436 778722847
9304 13529 769252459
7948 10789 -974979751
10538 10254 119939350
2823 16195 706080688
15916 18513 669351169
16457 13828 -21605722
948 3864 629223655
7680 10566 -160540485
11706 2435 72564523
14131 14334 625133121
11431 16458 -683742175
6051 15350 86750893
18182 3782 -933116459
14174 1644 -463480766
3148 1554 -700738228
7534 5487 302635789
2859 10970 947299130
3035 19979 410681723
8018 163 901151590
6041 5685 -427914616
697 15525 819686102
15939 11678 -687040385
8545 14231 -111019262
18543 11662 368018039
10861 1091 836033580
8524 16065 -991897820
207 18598 -615912698
19988 16510 -810351227
4809 19202 182710906
8986 16716 -921702531
442 7605 -288710970
18786 17873 -344644799
19147 18589 49479202
10781 15984 577367133
7919 13596 -571908288
8139 6862 -678502346
6576 4408 -497629913
6056 1352 -324217548
9888 10752 566855774
19262 18031 719606725
10623 19071 203654802
9877 8781 -99489697
13636 6003 -49149226
10408 4709 386334063
18769 10435 -251849311
15083 10835 141786513
8036 15325 146188673
13834 8693 581491983
6668 1886 -461983085
17517 6868 300189610
19519 18637 758236437
10485 3336 -281832873
10532 10848 746644427
10570 11622 -909575964
1881 18625 372031839
7733 8317 493758246
8072 15022 255877229
14911 6296 819055593
6126 15369 635693187
3644 6388 540222205
2629 13874 698536009
14772 1460 417800360
17044 16071 -282673377
16397 15629 -854564914
10803 5534 -71579345
10490 5614 122862682
11011 17136 -748026287
12832 8794 765663347
946 19541 -7620749
14825 7256 246226885
13817 12299 436216595
6848 16359 264768471
16120 17349 -354086472
4976 4781 -441412685
1809 18389 -688059388
17044 8113 749916827
16958 4653 -640486511
10047 1063 147614557
7805 17798 167052786
9277 19063 -221394277
17061 19403 172851356
8061 4170 -808628643
7732 15663 676110962
7405 17003 805207940
4659 2475 676728345
4562 2553 -236350
6692 19246 -823627157
15315 10769 -731483762
5911 13743 -761756441
2273 1117 -963898724
7155 13584 558739424
15764 3265 21699706
1880 16913 891008687
18799 11743 45140237
17184 7156 158267392
6774 7485 -744978663
2916 17191 377730278
9839 7853 -290098511
2696 3376 363822699
8849 5171 609662205
3910 19192 659608143
9249 7053 -423437313
16733 9873 256954031
6577 16997 227293825
8503 1703 257756901
3753 3100 -398254013
6627 7848 -935937979
19570 18755 -539707190
6770 19141 -233366531
9543 15223 114865471
31 13743 763525925
9328 14576 663659992
2241 16523 -177262625
5054 16765 -270792145
11602 12713 229920489
4064 17135 525544546
9860 14905 -64969674
7365 14303 725625032
15541 3835 -443230363
13003 17983 -833377138
16440 17519 -58713610
10340 13554 -432586832
9482 3666 754097652
9217 2103 56511989
13418 11710 -553461711
6071 2287 -440261076
1917 2519 437497322
6249 14724 -763351906
16709 9798 527273972
4783 11710 922330244
7220 17626 367515486
13043 11936 196884345
13863 2348 -962819649
19938 18910 -696058008
11794 1409 -246040196
13544 5600 -928736328
4830 10266 -725961178
2068 19241 50896711
6878 9022 837318140
19065 17128 92421681
10437 14830 -73569527
17097 18369 977554706
15719 12668 -923427389
8370 16431 771545462
4598 10186 733746263
4898 13842 -354958024
18126 18503 -637852193
18377 4189 -85034813
4409 2067 -753957581
2435 9229 -534219538
85 4522 -491788154
11018 10019 -402803653
4052 14425 626368638
2618 3803 543271633
10580 8762 -546353581
4329 7897 -359360527
5465 11684 213314431
8261 2974 -218829721
2897 6602 314548555
8993 18227 -191485552
9511 16344 -424360563
11063 17908 -760844167
17755 32 -404641480
10880 7440 550133354
7290 15905 47887780
10302 1819 -587371475
10955 14731 -479876760
10786 3840 -464136495
5564 1345 -689455696
1937 7667 -701931864
19892 18464 769019923
19403 12907 549674789
16589 9255 537315094
940 537 996587813
18972 8459 953067078
13277 9016 -894630307
2210 8815 490558005
10136 13062 -778541509
10010 10021 229969388
13386 4854 154872276
10627 1097 579371014
1493 286 -805741981
19063 3947 126172436
2008 14555 -707345100
3709 14474 -429944607
13383 9482 -514997276
15427 4253 -209169821
1507 10244 679144044
15054 13582 701527089
13093 11301 -462415763
17542 16386 -371595113
16527 1399 317113747
16090 5570 -605907893
11688 15611 -214743799
12132 8691 472267936
7365 10467 -441143962
2807 7000 -66463811
7608 15654 -766282332
10942 323 742490572
3173 17701 599129257
3874 8388 -736742792
4791 7910 829861489
1699 9490 -873609049
14006 1529 -725555789
6925 17288 -482616270
7889 4786 -809079775
3141 11237 227558082
19199 14959 438439576
15953 4127 -664017829
4338 18451 951858418
1863 8376 -449940536
3018 15872 393351391
19050 12678 177941951
19067 1332 921768903
18559 7685 299027241
8428 8348 -563835486
13956 10229 521912860
4467 15585 -824305263
8996 13394 -12567352
15569 19021 -580847547
11707 16500 972118559
1948 7331 427988523
18052 5810 167259743
18748 17870 -997508458
8284 17773 52328989
6458 5129 -131682052
4526 9300 309073994
15726 10888 -792894701
5214 16938 30322616
17092 1274 -788127140
2435 12213 -394565449
8547 19897 -809509383
17842 704 -749226958
11329 1828 150722230
9380 14473 -552686199
3278 11872 -820168723
12285 5249 -397862290
2011 13874 489581399
17377 3253 -771750250
5957 4571 -27473451
9958 15460 -17049408
4063 17332 -714456095
9156 10422 -1539574
10087 15079 -194692221
17869 7207 691993233
4048 12980 -275881862
9177 2978 881743520
9265 11701 -354808685
6085 14146 705142020
5429 12186 101361117
13554 5687 -771815565
1000 15063 592984453
2082 6745 -279642420
6429 7246 -252365426
1148 15855 959353373
16722 8891 -216795756
5634 15585 -170421061
2982 10840 -487382112
11817 11721 816784227
11962 15356 -400137863
7620 9054 562630778
6804 11103 969576087
5193 12938 -917745319
15593 9847 -862400504
13545 10472 529239606
1318 17747 -56074543
3684 8806 746085249
8222 7927 840437448
3143 4723 -836097451
19600 10764 868255974
4331 9097 949911942
14089 10788 -378140533
5095 13632 564656507
6295 17846 577756444
12431 9575 245426483
786 10536 -901586959
9167 18165 751421378
14960 4845 855729176
2451 14539 -734148708
14829 2130 -64804385
19024 8202 288675194
6768 19247 -231795544
4557 11770 -201925676
18728 9003 819878755
16396 12677 -936188546
3860 10585 309049127
9601 10242 -130524389
4838 9409 787694957
5107 13105 701716273
8443 12357 642595048
19832 18142 -12596180
12908 12370 -535047400
3851 14009 633432337
10427 8382 520090383
4540 4140 -874419160
15943 13832 191973644
1710 14143 -510841661
4402 10335 -614661729
4244 15599 -321007788
3539 17386 351727340
7080 2492 -504142195
4342 9259 205080234
17124 7978 -564027490
15598 3279 -887726710
15105 8399 -749191421
18763 9677 -664090626
4541 3991 697706393
16874 5961 -953733857
8545 738 872618087
18629 12774 -971304606
7595 13222 -656521692
18969 15809 -966386219
13561 7233 -810015231
15590 10276 -980483545
3736 17077 477626428
13884 5033 -922284573
2431 13540 269810578
13064 11719 -551498506
7985 895 265413190
10149 12153 395581458
7802 6007 951591407
13233 4734 -394796773
14353 7544 761413877
2503 19899 -469579906
2356 11739 -473398090
1433 7719 680920877
6780 12636 212676548
12863 8100 -483534061
12506 13349 -570749026
19744 16485 -231119625
9316 7625 684908
11370 6246 -469023846
2186 3232 -59006943
6040 17216 288116063
15046 18529 -122438911
15952 15908 -555916496
18210 14585 -629882050
15662 9713 -611266694
18163 6850 -269675484
19299 1712 679341058
6930 19709 435023704
15553 3201 397663786
1286 9116 -17797903
3901 4392 -985553288
5143 833 -714658129
11478 18413 -186426385
13542 8102 -889837586
8216 17614 -246091463
9836 1689 -77162624
15617 10259 -221500982
8364 14942 -644485388
18480 1910 226877947
13103 12804 -664910766
14669 5029 -614487859
15049 17813 637685183
12100 6360 558297335
309 352 189493487
17588 6684 -906293438
15118 16930 -695781302
12457 1497 -509569043
18004 17480 -577155129
3391 13418 -887774985
17859 16604 252094746
2956 5981 95061925
18598 6478 858541399
15209 4347 613765469
3854 1601 63792225
3180 8054 -86074891
16353 3697 -805685565
279 4711 855447529
5576 18232 804801417
10027 10830 -413419274
14464 11616 -779765658
13462 11707 -832783149
7074 5169 681701033
109 5528 882965135
16531 1342 12354960
15682 1194 -998270665
1502 3887 56751586
16043 19593 888490582
4904 7269 60263795
7843 4471 -912377580
1004 18357 492476063
15932 2998 -287668693
18831 11885 -258881963
5446 7554 -584459966
10449 17618 -466032868
10845 14481 -257463631
12464 10284 -595467141
10724 12322 890458178
13435 17490 -236423138
5343 19885 492027308
4057 8121 929860647
5330 16984 -956614960
7242 17334 16599723
7509 5165 -833756807
14985 10193 -8580425
5946 4496 399394003
17217 1940 -302050649
8566 13916 873843518
8462 10945 431031704
6360 9266 -643786623
16124 6042 -193507897
13752 17653 -797893312
1097 8625 915685535
5790 2425 -28606243
13495 9125 -717300838
3385 17564 634712580
1607 4447 666655210
16772 1238 -439523361
46 2677 474586291
16094 2657 718112058
7955 12505 -546762164
14141 10740 737531427
1102 15879 -816841603
9137 2888 296114899
18875 3907 -139586663
9513 440 278500436
10584 2637 -197091110
15680 4775 -735435741
5932 1812 965151602
13779 3810 -412812805
2824 16396 -868501330
6916 5285 673409272
14765 7994 -289963611
9883 16944 109107115
1580 1374 -122181971
6871 543 -31857594
8718 13580 -196090934
19598 19490 762549068
2715 19108 -493295076
14059 8698 760180040
2264 19317 -502024289
7717 18817 757668722
1138 1503 119940999
7975 7688 -768441848
7320 3032 729353853
10487 11094 -38632617
814 1038 616412218
7434 849 270889271
11210 10718 -436742054
6640 4957 658028028
15849 11755 477652287
3743 15338 576753231
18017 711 420926247
18381 16465 51828096
5795 6805 460699089
11863 16183 -580448940
9211 60 874354990
19180 15321 -714915462
12135 18791 926512028
4609 9840 486216852
2440 2159 114810488
5569 1559 -200214327
10731 8901 17183498
14004 7883 631415339
11819 14132 828243028
13675 3607 235233099
15964 818 542654827
11638 18170 436726957
8655 396 396339608
3986 11817 -105873166
2850 15600 966940925
9691 15360 196808355
5884 13105 -34182922
4429 1136 -279280531
16900 19902 -376705974
5626 18923 -342091394
18074 1536 750699450
15207 2067 -984258663
15994 13677 -101795663
7704 12110 -842458177
12399 135 890553970
5294 6631 531208568
6457 4951 75909087
6453 5192 -630061021
11135 4493 -647335479
19871 12643 87815443
13009 1989 -808861679
4109 1707 461507993
12630 1245 95756467
12090 12310 651146130
2454 11710 -860902882
14811 5075 915555389
3716 4318 -205938470
12568 214 -146368435
205 6982 -677034859
241 3343 334485761
8283 977 854313554
1916 14285 400853699
12923 6555 760829197
18073 17133 -961988739
11941 16561 755378059
17201 6585 303835383
3765 11177 444090535
6273 2304 -568111676
15547 11587 253812829
12036 16159 -774055041
8642 18013 -709895689
9559 4769 -739552482
1174 2595 885681988
8847 14103 226232633
10851 19874 -975293288
16609 5576 683727845
14979 11332 -258425095
15313 6149 882230574
969 3797 -279704158
1646 6785 -963407396
10293 1908 -939850157
8736 6037 -656407407
1878 10719 619556444
9921 11478 894133296
17851 10853 129223597
6977 17474 367971925
10814 4261 -219408471
1365 586 783933512
16550 14339 931026545
10040 10403 -881111206
17838 10400 808298238
13920 12078 724951747
4484 11190 107905330
15686 14759 783857673
12060 8771 614297609
3205 2683 381634425
379 6213 277475086
7540 10884 978253981
18462 3903 890430292
7855 14758 789524812
16731 8190 -257540700
5854 9374 491658222
7527 19645 762630414
11248 19706 -642041286
9762 6010 -767411434
19730 12608 970532608
9578 13148 172647670
16420 5665 -840859252
1557 6260 21565667
6528 13690 -443927762
14376 9861 -177685761
5495 2208 -826076667
16520 333 211328847
18156 6640 -526509094
14033 7922 -474856321
13766 11868 457962297
4043 12235 850453967
10804 1804 -897130058
18633 8817 544267782
3445 651 -691202352
3788 6677 46295083
15176 15565 756660183
9287 5586 -561255532
7301 7704 -611575409
10439 11739 656305853
6890 17669 930677193
7339 1886 -644710650
17777 2508 717560409
18583 9247 -463742954
17334 19865 776331916
12753 9924 -755050312
14985 13757 -111727664
6140 16197 -977294673
6381 9627 718024918
9004 17441 -611666663
8751 15889 494975015
12100 19522 60234400
10444 1014 844031
14671 11976 592600827
16411 12020 189581027
18400 4416 664612971
8845 13466 -947164187
11450 530 465886464
19934 9312 126835873
12663 1843 772842381
14721 11878 808328696
11702 3387 -596709912
15676 6426 -919243541
7671 6498 695169358
5795 1324 94355396
9291 2505 -429758357
6978 19263 -239745733
2176 4011 -573888008
5793 5311 544482073
19498 3631 134934802
1985 16640 -632647887
11533 6208 -951295403
5667 16559 -387608212
4177 10452 741841042
4785 10421 694416212
15757 13189 418162130
15990 16216 492067106
14789 19614 -988415081
9460 12797 -568916975
14545 19114 589309573
1682 2642 465939851
11589 14897 -433178563
5296 13656 303415348
979 15944 122972042
12779 15703 -737677143
2029 11668 700819814
13138 6620 651241489
470 17159 -838416426
10323 10715 -19768438
10847 16409 832587171
15700 16224 -89503326
8100 2324 -140420846
2299 6709 827725955
8627 15312 624180874
13801 13898 -701327332
3342 14312 678332052
14907 18020 56051328
9856 5965 -272353342
4363 9381 -656300884
8140 5924 282892839
12458 10733 -367981925
8210 16242 278972101
5195 17766 787931216
7887 6532 497297819
5160 13081 47895182
4274 159 -120520454
10292 11855 -641800784
1493 18471 825421810
19752 7206 -972316430
15707 9768 -833142295
2158 12567 -158445304
13667 9719 -394439521
15285 651 40390647
18406 12859 970089279
19868 8479 -914191890
17421 16234 -90377662
3622 8384 798829122
8454 2665 6337790
13983 15228 25052522
16707 1871 -970555679
13507 12176 8944556
17650 14023 -208147983
13529 8609 961638077
17201 19422 95417116
16176 5313 -915822471
9172 1269 306153586
11716 16050 18753810
17771 7813 837968493
18077 8576 355122162
11840 6198 917781378
9865 5417 109709815
4154 8474 -963567638
14905 12510 -741004478
14721 1272 -843999620
2605 3162 775238429
17270 17387 557566113
14411 11512 -723356547
17372 6804 -914031017
185 12457 903281361
2245 9813 -667451469
16217 6893 24252790
8418 10587 980728828
559 16255 662699960
8130 13116 -430179746
5201 14596 -319023642
381 11633 -734048193
551 17285 452882037
2847 4148 -813123303
12396 3812 -817638429
19561 13090 -859632570
331 5130 565167093
18131 18401 215423828
1439 17199 714413604
1241 2659 75780562
17638 4429 -436935467
19123 11609 682212107
3446 1188 854264779
7089 3423 592780157
10381 17259 606985328
1949 14674 429714621
18812 6570 -882585776
6589 8745 -984940183
7718 7485 -196235551
17203 11785 -680835219
8980 14235 -431212563
5877 6267 561282304
239 11927 869857676
11760 2337 175770154
537 8935 238446345
11100 11863 390915104
4300 15080 -609355560
557 12254 -856703302
4767 10255 -426544426
1770 4425 -139311225
13626 7373 704765964
3537 2168 -823734283
11879 9111 922825607
9028 2337 749627307
3750 10374 -689029244
4471 17379 -598631634
14319 13042 603671790
7320 6753 37133565
5551 5907 980805943
18252 15996 -843530731
8991 3375 -696524955
2741 14599 143429665
5148 11638 -649900710
18536 3424 -369368608
18673 18812 -470168586
1097 19990 266231172
19189 4336 -207673495
18794 14180 -920634375
18082 12632 176062708
17609 12550 -434601177
4110 9461 -424518788
9024 3868 541091721
13772 9306 -829264926
10286 3990 943347582
16986 7152 945012296
19708 259 248308423
11247 17506 771838716
7335 17003 -607452877
19966 1042 484380401
1548 6751 700868593
10134 15076 167483056
1042 16960 769262848
12589 18599 -703384731
6961 12478 660724334
10731 17289 391072387
13447 12753 99669658
12845 14627 540383552
18600 14797 315826073
4613 3949 842219058
19366 708 849856630
14721 8900 772670354
18939 5172 -977311631
693 13492 -215897087
16576 15976 226992968
17168 13595 -755491160
5319 19654 573462830
13382 6862 -489436101
4569 5987 -360259074
4975 11654 316042103
5698 18541 -659569850
6997 5505 -929812541
6782 2176 -861059618
13357 6968 462221293
19622 2025 -67216203
5458 18956 -867926119
15618 9058 232892205
14196 11328 -887164163
7366 16651 87003457
16618 8516 172321260
6971 3327 -430613282
11363 5333 69657465
2741 3538 -36882202
17246 15940 -879562154
8826 10901 -907955098
13810 17375 -678750558
19753 14486 716464196
3683 4214 162676742
8167 12390 -382653851
12889 17001 905163653
3772 10780 33708186
17331 18250 -337660223
10150 2207 36621070
5120 8923 -566447481
18536 14313 226135635
2073 12723 -688006650
6439 18924 -287492280
3441 10903 976077246
7420 2322 -714093954
19433 1010 492963514
5761 18980 -61496227
14557 1510 -242764583
8281 177 901789440
9936 12540 774047405
15845 18110 696450508
1009 17969 -370683065
19119 19066 -436394557
11641 458 -88573611
11647 10518 -163227085
3919 10530 -171806345
6364 1143 -246823499
2285 4325 228902764
8124 5864 -895522851
9209 8610 -682085671
18989 11692 -886577118
12285 5272 -346966194
4504 18657 -360288487
9788 13812 -809640054
17345 19375 46391707
18495 8301 -267846348
7429 10063 122716952
321 6108 -45985235
5418 14289 46375636
1170 15485 611104565
15183 14285 -486932310
2316 16611 644281647
10808 8542 -716478374
4302 12900 33227736
4803 19938 351222265
9246 4477 806901261
4906 4394 -637178627
2711 17180 -397714018
1777 15572 -720975825
4433 3646 -225925266
12988 8313 -507348228
16780 4957 194647917
1701 725 161522653
14760 15424 33914540
6415 15134 601219659
6291 19665 523880325
7996 3474 -222880705
3754 3963 -119018961
17810 2316 991182997
6265 13763 478197936
19146 14078 -458275098
12428 7917 -756115751
3057 19737 484252385
14640 2310 -729899830
13288 8209 -1484721
3533 8657 387350576
2651 12730 205059016
11779 16128 693151259
15495 8623 16800954
2861 8286 -218388983
4589 8269 -65247578
10211 10454 -200225828
13279 18627 -392373028
3488 16066 354591347
16338 2408 -916404231
13368 7531 -523540610
16214 12249 -908662725
4873 13699 23077927
16086 17383 459144337
13502 13426 -412032080
3936 2631 -632655792
12738 2932 613423393
8683 10233 277274717
7263 9627 -852838654
15436 6482 -850836986
15504 6173 284346627
11859 7601 56885578
3472 11621 -683603133
10998 15550 -657878041
3753 18161 975642961
1210 7784 -474783795
11647 18105 598945455
12218 3514 -40054641
17783 471 -434004297
8350 19437 30968843
9918 17132 690108849
1370 10663 -390137051
1605 7242 992814150
4963 18994 223385741
4938 9679 -874252818
18961 3275 923158544
17870 16061 795631178
3427 15694 114535201
7194 11078 -816212350
6494 335 106396871
12556 2772 -959065717
14546 3107 -76186821
5891 12533 167123913
12856 98 -545265633
4641 18285 87908682
19773 1602 987206629
9068 7701 824907315
4662 4041 248543649
7524 18637 -699982882
10464 2412 298568713
12284 18223 -806274267
2636 8910 -97666493
19135 12287 827696811
9408 15448 -272731111
1613 268 -143331383
5002 18718 -962851968
14049 4559 960259854
6627 18465 -341673692
6049 1948 -707107642
6042 15436 809928494
18749 16195 -980606171
13372 9387 498919734
10262 9569 214085361
8717 2119 725075353
7550 11673 742620065
4932 4949 -843557319
6389 6685 -186882713
5633 2644 -538291643
7079 18696 -350927221
6563 10107 -401058463
9579 5970 -284547232
3537 17578 -871506531
17468 19032 593318159
8665 13302 322805360
19320 11002 -285994164
11695 3668 -420995636
17674 14357 419927574
12574 19735 114470606
2727 5695 -566110441
13693 16612 -906827639
6025 10393 -448365887
7770 13486 21028407
4050 7621 -601419663
3713 16005 248685476
19144 8490 926006474
17476 131 -446198831
15147 9803 834010296
9523 16890 -825123931
14438 7802 -230901513
17298 4385 -826156263
17896 6745 531697641
1968 16790 -442453306
19547 19190 -229759778
7030 10201 -875475571
7770 14253 779948958
14366 1401 -715698317
1910 11850 214982038
5176 6123 927483655
14238 1314 672524640
9039 1102 79300154
1202 10001 424210936
2806 16011 344998763
12809 12395 -305437257
4415 812 -84913184
11413 18446 -114749645
5735 15256 473428236
18578 15550 -95534939
19611 6182 -648056364
9908 16285 746507275
5444 17368 707141218
15823 2180 525973616
10301 16133 490844798
14950 9060 895450426
14680 15238 -944125529
3946 14938 674600822
7710 13413 -350297255
7044 4388 -290646980
9379 17287 239628230
9173 13614 -800491429
70 19580 -740237606
14848 6145 -298141212
17531 6096 -989727723
8081 15870 -563974111
2712 2812 -807043587
4575 5670 790444418
4773 15233 855687035
5841 18480 452282912
11754 1657 -64285586
14341 15167 -928820820
3517 5388 705830215
6196 19024 -180154974
18019 394 199226755
9866 5416 -884895762
8364 8340 -307758901
3410 4472 -428425001
4363 18243 57052054
3903 10530 753176305
10543 11762 210093789
12810 3854 869177056
6406 12458 -86065447
18928 14213 -751594433
218 5399 -53695381
2355 159 -693133846
1052 5563 -943182885
13038 3862 805401020
13715 13320 -996379388
8068 7366 705298014
5449 14068 -187421297
13735 2559 -195597300
2628 15082 163939527
9422 17872 -133191094
6501 3934 925070447
3792 16036 -589053225
1775 11173 320139088
14904 12597 -471556839
314 12595 120647901
5075 6347 -784913899
9246 19375 148354464
18050 15414 -874071498
17613 15632 732614457
2356 3543 389852325
2906 9708 -985080010
12038 2642 -890887192
12268 16579 132308422
753 18770 -666675135
1872 1618 40138183
907 14679 356818314
4247 16896 765651128
15247 16577 363631581
5266 14704 -742503193
4288 15614 -128954318
18354 14074 -920227416
17987 12205 772078992
19553 16162 281898479
371 6303 504261037
17383 16924 538956203
1982 18869 -828132314
1206 19276 -960479621
10625 6633 -151211301
10601 15810 -963567062
2620 17613 802556569
6377 15555 -615710171
4653 17347 411719033
8392 13633 -630161140
13229 15100 -820104866
7068 8500 -617134199
13596 15041 -613684201
12280 17731 854211208
18498 15911 984318477
19226 11939 118126685
1337 18509 39750427
10468 11860 623122214
9855 13605 966994562
5808 16529 -408007373
14232 3764 -207034492
10700 2624 -181887970
17528 19169 365674037
6577 10574 -408415497
1744 4025 848940497
19373 15099 146539975
7481 8787 -133422066
15988 8448 109186517
15910 765 -77195926
8822 4508 -821626560
5578 12556 -745504593
14065 16121 559472655
16645 529 -525633614
18227 17911 660657614
10011 15726 730923345
12320 15865 -690337584
14516 10752 556164723
7904 8162 -871964998
12473 5228 513964450
7278 16663 -271688589
18036 15586 759623574
8905 11684 451371000
2894 8910 -678804134
10306 4666 717158154
14801 13934 795590914
9794 14115 711324028
1645 1077 -75393312
15696 14475 -829576989
6218 9268 732626119
19662 9534 523550465
16171 9583 426658592
3643 5403 -950126560
5295 7734 -237577499
5674 2963 -525938487
3743 9628 518689019
8659 1412 52969561
9628 10915 285293987
4869 14794 -634098491
7236 4534 -785932532
512 13138 915473116
10532 7960 615538995
7606 14745 -693795146
2785 10569 809129328
6588 11926 649601543
17909 19439 864739332
12765 1233 -939449210
16850 7140 -284784399
3623 4658 993597525
3813 11094 579097077
4803 1443 -236178981
4713 17475 -87823237
17665 19296 620111639
3220 14364 -817392516
5452 254 483058870
7535 1802 285539625
16366 16935 97031349
15938 17327 -998119586
6980 16875 55378721
3195 4920 -874276258
6736 12991 621565930
3707 15371 -942657240
3306 10894 -910530668
604 2211 -154282701
3489 12885 -28342451
17256 6778 663287296
5364 15768 501548522
11427 13254 989104536
1171 2770 354338142
14000 12528 965645879
8221 1481 -590308186
2909 1906 586893564
433 7691 -373211677
837 8869 -304874201
9734 2248 624698377
13699 6652 460203191
7943 7728 -245966886
12250 15269 840995336
9603 7319 67732882
11494 13353 -194032791
13331 1503 -993215835
5183 8938 -851445128
11467 14041 186072645
13787 5345 -36131791
17040 13184 905598243
9117 25 -890469201
693 6373 -804258442
4792 10925 160826742
10673 3113 -482418420
9364 3622 -924302222
104 17423 664614229
10371 1015 461271913
206 5899 444849332
13071 4615 482077932
17047 3054 -466833086
5143 9281 221962940
19279 10937 -709619213
18899 5274 -750959443
332 18429 480762952
5039 14918 202971972
19506 16224 -402178792
11492 13146 -666707482
17415 799 103593249
1096 19233 289589110
13608 11721 712158621
7225 19102 -509219207
8942 16419 -701234578
18179 15346 -59006644
254 9833 523416074
6450 15151 -200446820
8857 12006 633857190
3902 18257 -247492055
14473 13131 397077238
7359 3100 -621206173
2790 16524 -431646353
1373 2389 949082567
19600 19604 -80467684
3917 6285 500229497
14021 8974 339109228
2067 12805 -277115699
12111 18467 912579763
6155 1574 445684046
10602 14697 120324113
6922 5787 -321985625
13976 12876 -716418776
2715 17016 -408133605
15802 662 -661143917
19692 8317 -276542085
9149 6938 -33770054
16187 6362 137354500
16574 9277 -462379623
19925 3198 -151612434
19592 13477 -332695332
5063 4529 254112573
3051 17578 80720488
1197 17300 -664808811
12981 7527 136866397
18097 10644 229106396
14223 12129 632337770
6326 16930 623858489
5583 12792 85640862
15519 11309 461277044
14801 1114 265456142
11563 17627 981408982
13906 3749 -322935705
8502 1812 22666068
3184 10049 -623905402
10179 17266 -741369755
14366 11585 -352372020
3779 1238 -734425273
8101 16426 418719265
6924 8383 303284124
928 12258 -334175379
6682 1353 -693803607
19790 963 483896288
8113 15582 606638122
11995 16876 307219020
19466 11671 39786874
14733 4037 89207224
16354 13623 245159213
13032 18684 649221982
18149 11955 440447475
15903 19091 880725437
17059 10416 -363285080
13522 9349 984113278
490 6527 630111528
12556 7701 -416440161
14781 3903 -262603915
13284 14730 993770427
6850 7835 -256121850
5945 4463 -54764860
7771 1810 -656307683
6077 16539 718135483
1502 7648 -207118532
14696 4134 -225779352
16222 15 -143142086
12218 14500 417743174
17468 19472 -789263991
7752 5715 -18322312
13257 12508 877719437
5587 2475 -875625498
5272 19313 -955049388
3599 3667 -556173789
6989 17293 -844228520
17483 18493 717964670
17978 4143 -83582733
18521 14649 -386356011
5301 9758 927670299
362 10046 -442834886
11607 5166 642336098
18288 10487 792198217
3133 3241 -796689932
8920 9657 315374530
10745 5774 -327725636
1973 10889 930625884
17164 15399 804124700
3029 13314 -980372856
1906 17554 -318315075
19365 10765 -473399320
18924 19135 78239605
10926 15183 303287679
14960 16988 -587739032
2267 1542 49186700
5159 18232 971266416
255 10185 -653815119
14989 4502 -921429902
1945 7216 -38946097
17857 17484 165098009
19799 2877 -65771356
18640 11047 -646942071
11847 9314 -562768705
4397 7549 -553225006
3943 10665 379311407
118 18958 69855384
1238 1400 183039679
3155 9105 931763055
14194 13479 -128344275
10816 9128 -49969566
3326 13932 -431717136
914 7802 -309017823
2742 2130 -76609580
4884 12978 -589566963
17211 17449 810451358
8665 17374 55243426
17963 1241 -633736968
7417 8453 -871828772
11671 5516 -631788032
10596 10178 -957649551
6125 11918 495377577
1221 7598 -828296574
4808 9453 -625715424
15027 6442 -340398300
10152 642 -524422641
3457 5598 933006978
3670 13832 537134407
16586 10129 -298629538
2409 6765 -440901938
4657 9093 845382446
18899 1489 772768037
5186 11438 300599859
13405 6140 -757210920
2991 6210 -94925878
17430 3617 307515190
15234 10956 -884011455
18456 11986 735202676
8900 6471 -801313117
1059 8077 -239405313
1784 2428 -507897078
1282 2123 126496519
4044 55 359324345
18001 19267 -562501770
12913 2965 334717743
10756 10081 -576346319
903 13817 -91179515
17621 8614 501846166
17113 19678 -113764948
15611 8287 840086588
14886 1535 -288727749
13376 13207 -443844579
10219 18161 -467376688
11073 12677 -299227350
5443 3211 219599056
11484 1783 -473728773
541 685 708412362
8859 12817 283887700
9246 7475 -706861586
3481 11065 280528216
326 10974 -701493549
19398 13684 -487848086
7652 7740 547427991
9108 8034 -32631480
9715 7541 -618448568
14140 10892 -402037199
14606 9170 -957961719
13997 16410 -392841708
2759 16318 277338528
12393 16947 581562937
15448 15352 -598761219
15481 4343 -612672651
3285 19716 -402718809
17646 18734 -965931250
11549 12680 -497261504
10543 11477 768182324
13276 14843 -40492758
1134 13629 545794239
2031 3424 -867641685
8602 4235 -474846721
3163 19230 -274928486
4051 4280 543502457
12452 11333 -660572291
15697 1933 -304200814
17187 11953 -285917275
2439 14773 -30340570
17135 301 519232946
13199 13079 -733702903
14678 7034 -695258471
9086 12586 974654337
11903 17383 -403947060
19395 19732 966233780
18440 13192 863765574
7481 17667 357754641
15488 19304 150855692
18960 5231 970395892
13983 5601 747756513
10275 17537 820490863
7176 2233 -550739732
16647 587 970893912
17379 13089 518924470
1091 15621 -687387359
8801 13915 -382091855
7011 6210 -449343092
9468 17963 -183872508
13631 4411 -263243519
18371 13140 331719416
12563 15432 570232812
6221 5067 -794744125
16919 2133 11400021
7086 13810 -997163479
6063 4695 -887423503
16711 17997 14163646
18509 12293 621545420
962 3003 457912008
6136 3409 -954233539
9495 17542 74526440
13809 9137 -630916502
14415 5073 480803127
17183 10309 858005141
10343 8128 562026092
752 11653 18519067
16090 6592 -981149301
16621 11940 665924989
17010 15396 776389182
1187 10263 373411111
5885 4391 -48305019
986 8039 757367236
18591 13757 188864982
11979 2406 -258334752
18965 13894 93573627
16960 7401 532584039
15591 14760 754287370
16583 18554 -983951579
15469 2586 -699624904
16574 3666 -280805058
3050 426 -471567551
19849 3205 817883445
7838 12609 948831477
5733 17416 948854834
16653 4086 313223162
388 17685 468135650
6428 3044 513409323
8327 9685 444081479
459 8300 87419540
11034 17040 -894360972
12571 11291 222225063
237 15762 182873719
7006 1416 48110081
11328 16627 -369816919
19722 15166 793729981
7953 4224 -808869863
16699 6455 -147997519
12242 15275 221348672
2390 19705 124980500
13868 10085 232825770
1532 15369 128447806
9436 368 911889448
3851 18211 -230837308
18658 3008 -877173018
10331 6080 668206488
263 14549 -169401746
161 13094 -399824536
3685 17450 -709482808
19502 17823 961299288
15524 1735 -494779325
1597 12132 -310759354
1895 13847 -762921513
13238 8136 -745340427
4765 1685 635254800
10915 9897 698215640
19088 6806 899759294
2160 14547 -837908843
9232 12103 -467045017
8289 17290 -65775492
4036 1177 334769660
4133 6480 263499413
18733 9211 -652152101
9950 13870 362240667
14650 3230 -898532934
6876 4297 553253401
10396 14496 907987925
4431 8835 681926826
16790 6033 406878111
429 1583 -397002432
12114 1756 -682441204
1737 18036 31044676
5156 11462 -208927334
1310 18463 -729632529
8420 4893 576845482
15603 8313 836582498
11198 14744 771270147
9351 1926 -650902646
19496 6672 -21185574
6665 8548 -565399049
7926 9788 -694640856
14247 14258 232738828
4842 18031 121558699
4662 12852 -341199988
18013 4491 835916694
19201 2935 -666170747
3464 5687 657982723
15591 13384 307190744
12389 12893 -604611802
5717 1744 -661726076
16917 5520 -5829190
67 1654 230922082
3105 210 43132483
9871 1802 -996248412
7510 131 -120501430
72 16891 -562478486
2591 1028 103851481
8386 17090 211845
10182 1039 357573589
18642 9877 -474151724
8570 5549 -145032443
9823 19319 -609036772
3824 14914 965408227
5015 11511 -437804648
5064 10906 811807359
12408 4441 504998379
6806 1452 -79919672
4607 16784 -481449934
16029 7577 -352329358
13444 16467 -315257405
2802 10904 878359142
9925 4941 -24152665
13974 7641 -12596440
10349 10147 489559291
17759 4321 -702736854
857 19781 65902102
16650 7036 615598781
3169 4610 -990873346
12108 7485 417283902
7712 14048 801827581
350 5300 315979076
13139 6683 -481521962
6252 9894 -320819676
6819 6618 -961643402
17782 17316 -989184732
5961 2487 98336684
15503 9123 -24045508
7712 6718 -121535746
6056 13976 -126027534
17343 16441 -799079090
12395 10040 -224090723
10756 469 976301490
11816 13541 -435571239
16890 3431 627699465
2543 2069 -462872733
2100 17286 444365662
15335 2576 16027444
19891 13945 409380474
19451 19093 -843476493
11885 12765 598282569
8110 2057 610997313
5087 17831 -117849298
12723 17238 -633370556
2001 14612 703374853
4489 17979 -790818619
7247 12003 912964781
15389 4217 524094021
2737 6785 -486326408
14779 9828 29024117
19572 14064 -155237701
13776 6861 631155630
12740 12620 -162133450
7256 323 320665786
9611 6939 624213315
1251 19410 -887898473
15042 17637 -288032561
7780 17435 983597762
6660 11211 502921155
8770 19087 831164778
10933 14508 169402761
16111 17983 761336982
2983 13417 -757873813
17822 3313 500316432
9508 8510 494246923
4301 3503 -946183931
12135 9338 -40439805
1817 17175 -784357136
14346 2074 -703423072
5875 18889 -812171368
1974 6355 -537724933
670 477 -873213828
10298 12210 636102499
10199 8086 680339547
11621 15945 88572889
8317 16945 -950499661
16484 4171 644355873
9439 19492 -469523175
13355 9716 691520955
16914 18910 -752444168
4768 8008 -598185080
2409 18651 871843164
7250 13857 562334393
5004 6980 -854141030
15295 18500 -998091216
8769 19557 761816389
8677 19642 187799797
10207 12474 296338559
7691 13549 722994976
18285 14044 653327144
15562 11936 758479135
17165 6863 179655216
919 12117 868145077
9521 14071 363555642
13443 2794 -785743879
14304 15197 500145322
8574 14651 772717257
9823 19622 -29845887
1694 13997 93040523
4741 406 -441531292
422 355 552983371
4503 13269 -430222873
4599 15219 2479007
1200 14632 -536820596
19456 5041 -950148333
11424 14831 -90165392
19656 15270 -589571390
11275 9182 -417712053
2332 16623 707453943
6466 14336 883546866
9353 11676 -815763516
7962 14287 -507656232
12175 5172 -852255366
1127 2065 -819545917
1934 285 818985373
10941 16574 307135976
12847 11751 -720284622
12773 3440 -830327279
16881 12473 -519758031
14017 1922 167031679
16502 7916 605399073
6746 9046 -918313605
2927 18255 675921676
7214 11 263327503
14940 4980 -441052056
5493 17174 -13803623
14615 8994 988075483
14010 15929 75719111
805 2610 405767747
13315 2406 272084692
15669 11612 -531550783
11735 6397 -677734937
13463 2127 828851897
3793 4428 -986518740
15615 1748 -911188736
6636 15536 -97919974
8990 1978 -463892457
13595 10891 -960818451
7672 4674 909582129
5857 17710 -555791394
15107 5633 93178720
17650 2975 -930153646
17704 5060 -492861332
4372 16664 243107346
10752 11474 196619092
7365 18514 268929802
8550 3582 -497131485
13042 11925 487490128
17956 10820 879015633
16333 18240 -474684452
15951 6656 685234851
5943 1484 119400119
15988 1223 273022763
13958 15452 -27886088
1885 11565 550775041
17133 9714 739065597
8214 13781 928494203
4068 13751 131753551
11515 16731 -589225298
12906 19180 247311292
19974 6061 -516267258
19135 5547 -484184812
18036 6200 -527485230
1068 1654 -190193260
17629 12337 -795068374
9430 5744 421093657
5077 5881 718627763
7024 11217 -840560404
4362 13992 -530593762
17189 11731 944893568
5198 4092 -81457985
2009 8893 817353435
2900 5489 -284605419
13206 5204 139830665
10862 15634 36006306
18033 7770 -503892525
16110 2543 873774862
18418 17446 49422777
14242 9022 770802437
4601 6272 -957832001
9666 7891 -913822901
2397 5126 429651225
6746 10734 668936863
17178 15224 -212863239
3234 3777 -384628981
16214 17772 -606639340
19327 13943 887387007
13171 14159 -410482002
3039 11192 -426191919
11997 4558 -665470074
15333 2071 70282179
17675 499 -18604808
14945 1910 -188689658
2706 11007 -695007215
18746 9793 543650203
1220 17023 -270252534
14983 6855 907130322
18876 10013 536259197
12330 4626 22293305
17662 16610 866672901
4095 19145 789303553
12878 3126 -709922935
15113 2750 102167719
9216 6442 -235645858
18696 13655 395813429
15966 9580 -177692185
8573 10467 -973562421
8788 18570 925872149
8337 12424 -600041607
15482 685 767263126
4675 18828 -877978915
10635 665 547177814
9826 13292 295081994
461 2573 227880805
2060 10589 -110066748
10898 19581 -248407545
6497 10863 723319754
7824 13485 845893037
11439 8466 918344962
19141 13325 -214865234
12157 10832 -611827525
3846 17098 360443588
8222 9629 114115471
10399 17936 916580287
3485 14896 -815821922
17645 17728 557011871
4604 16451 16039784
4819 11207 790468762
14998 15254 6686727
11198 13152 -470606884
15682 39 -89129631
14981 13435 806699360
14285 18817 -224344716
13519 4156 741116766
14613 9702 -308935449
2516 760 862903221
16529 6995 -615321802
16755 8524 304998749
4541 18295 -870205557
7906 12670 363328601
15353 5843 137330169
5310 14248 299871155
932 19078 334828277
7909 17649 348856326
18547 19460 -378976324
17900 16568 -458135171
16883 5754 -229065031
10004 19645 -961674709
17277 6868 -293707902
18108 16337 96066935
4853 18817 789106021
4385 11533 880811680
1437 13704 -431569973
3882 6734 886627638
5607 576 1943451
8667 2838 -817520497
9424 15384 -768322037
869 11097 -786214907
10223 8810 249955060
17894 2698 -359830948
37 1372 -802932301
3834 4974 -8509900
2785 10945 10941994
14992 13553 12858931
10613 6327 520071416
14874 7725 -868862772
11470 16699 231293441
6762 11213 953216287
9542 16229 575515257
14004 4942 -654228377
9369 8596 -940933329
3911 458 -983036101
572 17238 -953250753
17246 14655 20538272
7532 11837 -492716599
15320 6479 977912754
15908 8219 470005569
6539 3960 256600665
6620 13588 330522091
6727 4967 -940844870
19072 3226 862923969
11004 19425 -878577771
6995 16985 368593239
9793 10299 391599435
19139 1104 -352895941
5662 16597 -684282344
2160 9065 -764874981
11587 5176 586103503
14919 13037 -657602520
9036 19170 -243201691
18900 9199 127756702
14994 7142 815294613
8580 6412 -136774583
14859 11972 -981752769
1906 12796 -331649802
12748 12893 -341893493
18993 12469 781507482
13373 11066 -169568605
8658 8151 71314424
14178 1667 280561842
2079 4194 -919454464
15361 10948 -864199784
9142 17654 173515755
19485 14619 593269028
15336 10524 943690620
15881 10933 432574903
13456 18669 -716054876
16330 19676 787610494
7726 6345 -527357534
15839 316 256868306
12931 2740 -804808348
16657 12974 342489359
15928 18445 -415549479
18168 9119 6495337
17067 12910 -154192590
15409 8155 607351352
11371 2932 848831348
8397 15127 336249120
18014 2382 -39880615
4381 1457 -214561535
8876 9976 -411397145
17966 7981 375187692
14163 12477 -246521968
3831 822 717433280
371 2008 840385909
14446 7528 255474055
15496 16347 499275375
7658 10226 856697854
15324 14321 -918413850
11746 16363 -694970092
1546 4214 161082155
9006 3686 -803246239
10902 12027 -992180916
12366 15473 32382246
539 15700 -63926670
16849 5224 -101176574
2732 15409 -559888803
18315 15995 -554372320
17418 6115 303066593
12786 19069 104513787
2932 8983 748160375
1445 3569 990595558
11885 1738 58538284
19524 12333 -504934703
744 16378 -951088209
10629 6225 9382406
14589 18289 -817524362
15139 3213 -247044276
3735 12658 798703271
18474 14572 931990200
2058 6903 -883848859
9629 16969 307598957
11044 5140 244517366
17573 4131 900345199
12732 11638 754862406
12993 6891 -749484368
5146 2079 549158853
12741 4658 677280265
19071 12987 -577689723
14454 2895 290918350
1457 9468 -217001073
16155 10163 -932710936
17286 19418 594284775
3084 8760 413260779
13850 14834 26299799
12424 14557 290540079
16543 5445 107664576
16510 10601 -204289145
14879 3444 -401872592
7080 15779 -21189890
11495 12086 640407450
11652 1184 -678617355
15472 18965 -544892949
19694 18129 -634466839
150 11626 232892547
249 9085 -737294701
15015 9624 -126876619
18240 7475 -737927533
11987 5845 -155931728
1354 10414 -9252139
6710 16245 -780909132
13353 5460 -446184697
16320 2204 -264985038
13556 14024 810633959
10174 16546 -750354038
13522 1477 -233555630
17745 18685 -900904552
7003 8566 144767808
940 16640 -191004048
19811 5140 -764344016
13705 5600 459797483
8075 15719 703398521
19184 1397 -541459262
19584 1926 -401459639
16719 9409 100033185
11268 899 -860656845
10050 11391 467794860
12255 12690 630464173
10617 10273 -443845108
357 7971 -652674383
11871 4709 -603299531
1922 16462 -132869183
10216 18453 -476813771
14304 11154 -662009272
2800 552 324681027
6369 13250 -609632280
15816 336 -610713664
14253 18790 189250117
10405 11289 646383680
8745 11879 447155518
18082 19927 -973098685
17325 7770 -294744453
3765 18507 -102091836
6801 16819 348670653
18069 12351 576897177
6600 14646 -104616959
17904 9668 -156992840
18408 8789 -515429277
9008 5530 289845239
15165 13715 441946600
18932 14561 494582833
14821 9995 610912529
18493 15321 -252517969
2633 12425 16341022
12878 5698 -627260262
15393 9696 -82959065
11884 2890 227919968
3328 9873 504608368
11367 14521 122713099
10770 14536 741078783
7503 7578 -759373335
4374 16063 79878886
4125 9783 -294052253
16691 10462 -546167895
15746 5274 740373295
2460 9995 -981927681
19828 119 979442081
15557 14863 -143888458
1287 5602 313662790
424 10260 588269819
18382 9165 668610553
4532 3393 693670693
10177 7700 -184131781
9408 12181 -459176057
7189 14111 999102457
5567 5778 46314894
14691 4799 897635883
5322 70 138468959
14950 9697 48529678
11649 12783 -479573365
7324 4132 -996521070
16101 331 463991767
1102 5366 541374554
577 6974 -373455533
4851 10522 -532578763
16497 124 876324090
9209 11071 -934462760
16118 15793 50494121
6924 853 329593613
12712 17533 540266029
15066 11294 939541178
13340 16132 -278076222
711 11470 815345713
14376 14566 251999903
13697 15244 -237899653
9710 19322 746732871
3678 6737 -760712046
4968 10214 -554023761
17105 3371 61939496
3847 17747 -771211869
3329 19025 922452923
15878 2345 -421096435
16301 2660 -877133421
19548 8737 954636202
3138 1631 -174031448
16500 10333 -114330881
2241 3598 -911598737
3234 3344 874992303
17666 5070 903662999
3888 15581 -279891327
16684 3511 -327305395
8304 14260 -886931884
254 13765 493998915
13002 65 638533237
10709 11916 533968212
6439 15188 -683077941
18424 3336 457654280
19928 840 -971842637
18109 19896 191809069
13477 11484 -280626882
19373 9769 -79588441
11276 3866 266560493
8916 12546 147124906
3777 18508 530193258
18695 2294 -767592967
17175 5331 270694028
4147 8357 -902882760
10547 9404 -165532007
19394 13242 -718847570
4192 334 -869451090
13366 1049 -377794730
5464 4628 111834444
4915 13892 -818013454
10738 16582 -253464980
5669 18495 173924449
16902 15880 950721243
11767 17888 -694504777
18402 18524 547572113
15887 11391 190617397
6884 17165 377675731
6005 3191 -563200097
13615 2928 -592246073
3896 7605 -591070210
3633 8190 -349165686
11337 12373 -526939333
7751 7604 -971778768
478 3306 -137917992
7451 10528 703882566
665 2830 570953634
4522 18381 465237113
5357 7808 -912767249
3258 6808 446007913
18767 5221 665252219
16981 19791 -109715223
18895 11885 31958616
9537 1603 974905071
17354 14557 159449423
7159 19788 -363910566
4258 18580 -755385205
8511 9932 -986963197
10155 14759 -7680140
14420 6048 -389085127
7432 18614 999311718
4774 3902 456996827
4489 13441 965017001
16013 3460 46768228
8278 15495 442746682
6363 13267 935533343
7730 14375 478535228
5803 13141 -971561984
6013 6135 -186538308
4724 3316 463550711
2582 16886 141910083
1199 4172 156725135
7614 5150 347203799
3960 15000 -430841003
18147 17087 -882954480
13284 15914 941630391
12931 9379 -351129679
10509 11041 735907758
5833 16128 353388232
7367 7041 581346574
3186 17553 -991255426
19720 19314 518431154
10709 10947 268674980
171 7524 730193651
6773 15482 -251641161
11502 11250 -497959747
17767 6644 -489285899
11425 3050 750587502
17161 1443 -432539940
5208 5632 849474302
5570 17418 434477798
789 15046 -770062136
18613 57 95692610
10132 12448 -491093600
6344 6146 465591231
10749 13276 31312021
8641 7609 346415211
11379 16126 -974909850
18215 13836 484725139
12066 12828 314069387
9389 1588 -510046292
15163 16045 -910339406
18429 8291 981523986
11391 18179 816442652
13260 17676 -236824783
18638 14585 584543329
5954 6616 430449682
19062 17164 -680819663
6227 2289 -7194659
7705 12531 -165638617
17687 2641 343093911
9831 4469 972225398
3741 9500 934261662
14506 15716 -734181873
84 449 463778796
11820 11444 -907724965
5116 1214 928735163
1384 15992 -575613356
353 823 -583561386
146 9206 -407803480
18989 13208 -622440084
8806 611 -917436913
16659 10018 -892072934
10854 18195 -735278263
10996 14736 -916476573
834 8391 635152924
13325 14564 -124964758
4758 18346 -289517775
13600 5134 719985041
48 17433 -279711387
4557 12665 811190266
3875 8996 -218398057
4059 4950 878003988
13325 9637 -811014742
14525 152 -755308218
3510 767 -416190322
2265 1310 -442838723
5736 4018 -557226747
13848 17782 688708646
19846 275 882327417
15346 12386 258012723
5501 14350 381995163
18228 10788 232858406
16512 5961 919316564
15523 3438 -638336283
11086 1752 -750920382
5792 19351 536492007
13861 15846 -223046155
12087 4962 883996512
6277 7356 -905886206
5820 7671 89323829
5380 9221 -229386096
13250 12912 -414285435
13994 1232 -555282348
16461 6060 -130015122
15999 3572 -649328846
7891 2341 -812737865
12419 7246 630343743
18991 7624 -133660897
19451 7066 357908515
1106 2457 182443298
17628 5719 -478041096
17966 1715 366198128
16160 7076 477764626
3577 19050 326181247
17621 19750 893691772
11591 105 922138602
12981 3638 700728600
15265 3335 -187413049
16517 19226 -411636345
6987 13361 567634835
1858 6738 -535742563
18535 19438 -158059884
14910 1662 450233564
4471 12061 745073915
14788 5777 716874332
1440 8939 -641396955
3503 18510 40463749
13118 15118 635587129
14632 5118 -964395324
6607 4761 875995330
12671 3388 446731511
5206 12731 -413150541
404 17239 589052708
11726 11622 -987773721
7527 2117 743580353
18248 17974 907309342
18185 5806 491320795
15049 18705 -958445703
9037 3416 96712270
13855 17072 607925706
2669 9274 -56698752
7964 16030 13119870
7568 13164 -137967813
12729 11498 829414935
13709 18382 600952264
3741 14119 -895953117
15740 5493 -802599985
13113 13815 -626034656
10214 5099 -182322877
3843 19043 89837345
6781 6541 -943359326
2612 6864 320081710
13103 13205 373360563
687 412 208508965
17996 2467 619772433
14684 11094 -831314723
669 12317 -768381131
15957 18187 827624279
8332 14233 -161462532
18625 16231 -440897303
17038 8087 905192280
6002 8029 -855965136
9370 7618 -605792160
405 16846 -44506798
18757 16221 -62971163
2562 6884 -791216163
3046 8827 -326333225
3120 18159 -401888403
16089 5652 494871716
4836 2439 906713615
17994 19256 -949532470
9625 2513 -470149348
5191 14023 36604207
15564 17038 -808636364
7270 9929 433428574
19155 6792 605037663
16724 8434 402083469
440 4925 682274163
2039 11812 -938492093
19293 13904 -221355480
7964 4426 -792260572
10868 10106 760140766
3755 7570 -694619330
2330 7993 -60397340
1844 6478 -859838408
17031 4630 605594063
7550 19581 666566836
7702 4881 -960523312
17905 13593 -645400095
878 6442 335897832
19947 9695 -728128169
10918 126 -492255977
13271 14283 -246945539
12832 19501 62188807
6940 8466 325067126
15270 16835 -315497009
7929 11473 -18720097
923 2187 821452025
1640 17 -347941623
4869 18811 -754493076
4801 9740 -741171452
15912 9894 -782876353
1212 1349 411271725
3314 13370 953996004
5910 10507 607152145
10883 7718 602895813
2679 9987 591910870
17281 6496 423157078
9879 2768 284533099
4189 16908 786347554
16188 14452 234869164
9538 12114 -835783610
15000 11275 -225926044
3783 7830 -974862893
6849 739 -179399747
11139 4372 857055327
805 16172 -957723847
11508 3124 441882543
6513 9262 301085406
3870 19857 13923796
544 13438 -25674332
4018 8851 274806449
17205 11625 -494202636
15810 7824 -9004627
15462 12799 -380942411
8772 6389 -914188048
10228 4364 804230917
18105 19993 188844042
19154 5350 315099195
19640 8435 134699308
6003 17679 710234461
45 6213 -914144292
17807 8283 -864074679
4021 17401 464211230
25 15201 235638619
7950 15716 -926768607
12565 18843 -706458607
11235 1200 -541834349
8074 11963 533988562
7570 4846 515985052
8652 2066 -441117392
2176 4445 120773019
4090 8625 714970164
18944 4350 -614792960
12456 17926 -711908717
9049 5266 792025781
12731 2849 25310422
10099 12093 -730968612
1662 1631 433953143
11482 992 662640227
18705 19157 -535435288
9376 16203 -541579965
11477 82 -668629016
17486 11678 -254963155
14994 14122 474148729
15337 19823 -171123849
6119 13855 -491986742
2143 4528 -425372679
12124 527 239282557
19877 16860 200271965
11558 4149 -711766041
6824 17121 936411126
8862 4579 693085381
18892 15581 -347526850
14629 10889 583768176
9403 18583 105474637
4679 15875 -692585373
7400 16992 -428503970
6149 18301 859904903
7631 16342 -999458863
2656 17520 596928042
6705 15899 952956845
7812 14507 -639764331
11911 11873 -123100229
14646 6759 -292777666
3589 288 47475708
9474 12180 123011396
4302 11531 -625933195
8236 18223 -850157449
14104 1519 460010049
13688 1529 -400984105
7882 12999 828628046
9061 10322 980655460
13817 19868 -188190636
6234 17453 595894751
10921 8791 410915410
18345 16983 976148903
19336 4582 -778816498
9978 1839 961584675
19220 6746 647627190
8552 17392 -699830795
16646 14783 361145162
17438 7639 522010500
17881 3040 -322485752
16133 2052 530429194
4670 3702 -947391723
18773 3190 -767776740
8014 13228 -267530689
11463 19444 -546887793
17806 18707 -601807986
13808 14478 252865038
17477 19065 -956498515
14252 7604 -751567255
7227 15030 -209889983
5067 5808 118270776
14826 145 -907955547
1547 15898 838304336
11782 12753 -19775404
14530 3564 573339239
6485 12087 -497335751
4411 17651 -870012741
19095 1776 -816708082
5781 11340 -345565834
8613 4306 -564797893
8972 13033 416391360
3745 11215 -547659251
7485 19928 -579432404
10329 9653 -310692033
3923 4872 48292582
11142 3288 724843747
13873 5014 -802035044
14080 13745 367474296
11755 4500 289513107
6648 4809 798693416
1738 12064 63080958
14681 9236 662284046
16420 2622 192983554
10036 13518 65846396
3542 17477 -229470539
10004 950 368418458
7361 15646 717699686
363 12128 331841032
8009 6859 -550036248
7385 7448 -794079250
11953 8974 398335969
3171 10548 560081371
3119 370 -717358551
12841 17952 -287392844
8854 16939 906816206
18773 3997 375888657
18590 12865 -945187962
2881 13893 -994245538
18643 11541 -477146383
1864 14802 -712252850
18357 19650 -460886098
19322 8004 703265742
7272 7684 -255710725
7796 9978 77823183
2040 18005 -515542979
7716 2532 399426766
13664 12084 -608349476
16038 9030 826456377
4921 19781 751122583
10852 5131 789057895
16453 8760 -401422204
11801 9419 -826056293
9990 6211 -662660904
1504 14371 -235210856
17194 6098 465573018
18077 8470 840018577
10741 17073 -624814068
4302 5838 669584434
2873 16956 844655373
1421 12509 -261274476
6384 958 552684731
3092 10268 39596562
9666 19350 608482593
3619 19746 -608425904
7715 18389 362394904
4669 3492 477498308
7552 6546 -153633182
6637 4708 116036448
6216 1899 -460143032
19523 18953 625925705
10058 403 654448963
13218 19110 -894509035
18461 10924 106447460
7527 652 898756157
16738 9863 668685243
4566 18860 97097829
4009 14328 946055515
18245 16697 -951220104
13600 6517 146985585
9845 1741 -928004564
2109 731 -184251779
7710 8639 359636487
14918 15795 -622261918
14662 14007 -631350421
4943 16167 -785427803
16293 5429 22082760
16687 5815 -776283549
8 14040 -36721041
5327 12066 -354478131
12246 6927 -931121228
9540 19222 -161111859
1505 7913 814535365
938 11157 -761765943
13513 8471 465888760
16802 17256 -960649448
12910 18900 -754289291
5772 12514 966963116
15420 3158 806364781
19688 8295 708439323
3650 9470 -224095039
18392 5958 -452156269
16986 3333 -790516113
19753 4162 897094582
3611 5856 520156326
15347 15001 856945820
9519 6031 956843055
1892 2056 -354781062
5883 17949 266774852
17586 8076 590467302
19059 6188 -216897249
6379 9503 611668913
767 392 567301315
4967 9471 -340885876
9269 19350 -199243705
3641 17745 869744639
19106 2024 260911093
12843 19408 -619241262
6527 9648 -661391449
13597 11329 166684289
4381 5381 523762475
7839 1739 299488409
15847 6699 204994331
6178 5405 965016288
6256 17134 232314583
10148 9270 -413066534
13827 18763 820895760
3421 12242 619428030
10949 6969 -827304066
13455 18209 -590917791
7113 13884 666632483
8913 9211 -933103288
7472 4171 834336091
9179 18334 -673477944
8461 320 279799434
9065 1346 761892679
12275 39 697836822
5502 17514 -525761343
8462 15612 453196005
4686 17252 -445399873
14859 9776 -630925045
12803 7662 -993691310
1101 8602 300265020
13688 4757 422946525
12204 773 768222562
19319 11161 -518336893
11166 14600 875751587
2678 5981 253896087
14638 9426 667522408
8521 423 -59903887
9671 522 262541681
17328 3996 352018667
11756 12911 970756246
7552 6245 -942823609
15334 5617 -343702262
19045 2287 -42108306
5483 5344 -701121566
662 11228 -929380101
2012 4479 610550962
17767 10940 944872317
3621 5145 -219692638
9300 1690 8818816
7163 11368 -237782680
1965 11262 492926696
6327 14990 -920747936
1573 19415 336059499
3020 9131 240413172
4561 5233 536497189
907 9983 746647124
13611 5312 -849747538
7144 4580 -513948521
14249 17472 -334322855
17825 18613 -239332354
7172 12640 -955583316
8592 7568 865748036
6736 9920 93259987
180 19099 541601349
12931 4425 -59293847
4039 16016 -803832156
1612 5265 438971118
9160 18047 753637672
5274 11952 -639766545
19362 7085 -247668240
3351 5426 421253889
1067 6360 -702436665
6947 4673 551389294
17528 16969 267315583
5495 18331 527464163
1064 12754 371616495
5420 5336 -204595035
1179 2775 580210310
19897 9457 -958326952
10459 11637 84114694
10920 8304 -264044097
11392 6027 751583790
4653 10504 -589667998
1920 5527 -806068439
12682 19835 -881198015
17648 2442 -805262721
4211 19085 -118451292
19339 9510 -470999416
8900 18913 477887513
17999 7432 462579722
11054 1119 -547284413
3850 8161 183363435
4050 11002 -302959378
17222 11499 234060112
4313 8096 765268725
7767 5013 -922755873
8020 4510 -60816663
10840 3490 -833373459
18803 7278 -296086394
1884 5047 -486893824
11490 15674 -203970894
12682 10205 159723906
12463 7257 -268509662
6728 10634 725024530
1613 114 -194669946
8921 14593 -274114503
16164 14910 251424341
8313 9852 -191952153
2476 5720 757145179
15 609 -906008459
3244 19051 686898187
9659 9283 -417181874
4410 2667 27238290
14477 4999 283449695
8830 1342 -177189392
17373 4609 -21222023
19470 7893 -511869259
12565 8462 -615808958
717 5291 116932951
387 16170 647043789
14998 7379 162076731
3254 9952 420153734
1469 16554 -566387210
18136 18576 830210127
2459 3979 77177203
15948 626 -54208518
12167 10607 535097516
9887 13641 -798737514
1400 9608 -8419938
1897 4414 -953457952
9587 12346 303061667
2873 13561 316682690
6631 7993 -610751154
18858 18374 -505473649
14861 9634 -414579406
17606 10520 -316124957
10231 9578 241618626
19511 7269 334451593
9530 12749 762651742
11608 9440 -491419029
12320 16628 -405966606
15278 5170 -353259034
14039 8622 374278101
12987 19316 -410259013
7971 11628 -735530149
19477 4116 29467915
12054 7138 -163986057
6150 803 637165982
11393 12393 714536214
17043 995 -895399911
1900 18558 -545745879
10895 15044 451715638
13997 16723 -525544917
1718 1976 -835991261
5026 9194 10594396
12137 17097 -547844041
15267 9934 -948223928
14215 8563 -163716358
15775 3056 -629833641
1515 8770 32492990
14656 13432 181215500
11575 4439 354598077
11521 16452 -791443923
16463 6726 -738033921
12501 4105 552637360
335 4034 992934755
18935 10856 -805585251
957 6733 868865480
6463 11809 655260669
10675 14200 169040751
4355 3101 -939779185
13139 7610 93405874
12039 9768 -639818196
9768 5374 -21253947
622 13632 -148535907
7514 6040 -203350473
18384 2782 170032061
1277 4997 58431786
3593 13359 556419284
10600 16074 224866012
14736 9236 -294759382
10807 13670 -602276575
6062 10601 16270555
4583 15794 627025437
10011 19259 -447357186
5039 11416 552620232
19104 18676 -836647211
17941 17380 456588737
15266 12577 -848189571
19834 8713 390596111
7733 3255 -637229339
6728 16202 714147944
16722 12416 -57873529
9568 17591 147524129
1316 17470 940484879
14440 8274 54929420
17178 14253 173685555
1666 342 -637523889
7430 2411 60945943
14056 8829 548263721
8867 18400 -308058856
13275 8510 416107125
6337 10800 58214654
19705 14213 41849603
17286 10184 -13389022
16386 2756 796287580
15811 19870 -992988385
15807 16335 230061784
12539 11093 131961023
1891 5943 -761361524
4692 18717 664010236
10574 17186 -112746312
719 19308 -970382537
13681 7561 -696265381
1008 4223 -670992066
12595 11044 267745271
15724 15145 -501800512
197 12094 -454398919
10504 17166 -142058556
4664 16237 -42012132
18112 19055 517671726
10596 6257 -14305237
2928 13580 888829041
12447 10805 -556162157
7724 9836 -657025599
19077 6565 -214610346
9859 16369 -767156982
14030 7180 985069687
18357 13886 493535311
18363 15042 98773336
6492 19113 423861531
2646 19013 672718520
11257 7658 -165548830
8461 12070 -423287481
6105 9976 -201033678
1599 9928 -458053543
9648 1380 605958340
17869 339 -254281607
9323 6070 -988217695
12438 16359 -518387939
7931 12618 752840887
12293 10975 14077731
7735 13323 -525884104
5429 5455 -472686543
8684 12331 -413320265
1294 18578 -346188593
15073 17415 -253411657
17947 11538 902282323
5673 6076 -679766654
16323 3782 -735120006
17872 6602 93350576
17871 13320 561063454
11885 14710 457496214
1820 17307 -180732866
3771 15805 -147980089
17957 18212 -832275007
11893 4625 -569148364
1572 1917 -106486508
15078 848 531842558
7785 12704 618512759
12669 16119 -849694064
2045 6203 -472853240
6250 14447 -877189394
9734 17572 -107991974
8259 5803 -864185552
5259 13982 626180013
13671 13097 -381587223
17657 12902 783229607
11730 78 -377032919
2328 1875 186477345
11826 9627 337037559
7846 13618 196312142
9811 13334 -980665425
787 8917 -330953881
8575 7017 -62984980
2485 7 618121708
16711 17032 891033884
8544 11776 95848227
16833 80 164593557
19356 11856 614066604
2541 3287 -465075938
12211 5145 120780040
1251 15387 -415314115
10240 2574 -677873489
19658 11351 -538316315
17985 11674 -709173174
11150 10395 -526299228
1620 15666 275948973
3398 17556 235433510
6930 17904 -865218812
4408 16752 -437294147
9234 11013 249549918
389 18694 420397369
15371 1733 188929981
16601 13224 885973975
13386 18154 382350770
6636 1088 656103497
15083 18415 -768974896
2320 3851 -415107348
11511 9929 177307285
621 14760 -233148313
13570 13537 -432049397
12057 4014 736311669
17036 15117 -723989966
14992 3339 640695299
9416 9017 -921679126
5583 6963 144083477
17333 11343 746943845
4835 4781 -337838813
4989 8573 -508564694
19500 594 661194
15518 12415 792829638
13496 4273 442412939
9444 8045 -999501047
12953 3090 -494084538
18780 9045 529943469
7369 13089 -119912954
12667 6551 -610168874
6885 17687 453829536
6296 17962 -981884535
11015 1010 723331932
16225 982 740738136
3423 1983 838976936
10442 11733 -586982923
5689 8256 -727661130
2024 8356 -852827453
7315 10285 688324793
743 13696 -305837523
12689 5343 38814052
10403 6375 -919352570
18129 3902 -307352407
7218 3127 -868675343
8889 17023 834267189
17733 16949 619568184
13442 13255 -851195697
13201 6208 617571590
18520 6156 116168860
9656 10838 -454442462
5001 12370 -202990094
9860 17695 725442372
17755 6168 -151836741
4917 12209 537908527
7887 15532 -500976332
14039 17847 29301991
19041 5597 505455840
2599 11506 608798250
11497 5402 -770279261
11688 9022 -938052003
15163 12268 -275519108
16380 8417 371936286
17787 18903 -617626227
570 9477 875678945
2458 12481 992994856
10268 3089 766365888
6411 5455 -16402704
17620 10233 377662754
4307 5133 814393803
14784 17722 138409051
1207 12647 -476392502
3447 3126 354415640
13066 3938 988297856
19060 11798 862602672
14465 21 69487336
5642 2571 617710168
402 8803 979646191
1973 6702 435096826
15621 16349 157612031
17471 4689 -471278190
1960 8969 -431574306
19763 7962 -243316276
14884 6286 -419469367
19050 13083 -203640753
6691 12053 -389196860
1935 4235 -228539905
3310 13891 -119724929
4994 11344 777869643
2946 5066 -809694744
2165 230 39970191
13375 17924 264001115
17139 19617 956645018
2157 9862 -876984433
3883 5560 122821468
6278 14565 -608644390
14294 19332 -631986348
14841 17133 -482164490
5160 3376 -589606090
1192 11776 948829793
17647 9650 -350547030
18987 3601 251223576
465 13656 445365107
7243 6396 92172753
2455 13342 -443861914
18347 15132 -652067595
19991 5285 109944368
2904 7797 -37627178
6858 18765 -63750400
17289 3564 280402644
14475 3727 475811434
1547 178 332855850
9546 13651 -996399548
5476 11635 -604216155
12757 11610 -892920759
15441 9640 -552708036
2305 8204 908900606
15619 4804 -246466585
12622 15326 -563609209
11809 3589 402881454
13808 5286 -894561016
9000 8123 -97671509
7095 892 529342277
17266 13539 712462634
3889 8977 734156080
9310 17686 217295841
9797 7534 -134208489
14920 8178 -403721844
8248 3490 722226204
16660 2670 -461317693
6663 1229 -118918904
6559 14766 -400006758
9761 7861 866315929
10006 1702 140885094
6657 13791 508547992
15212 14662 -328485854
9150 11432 853859358
402 12541 -641736172
4933 8930 -883356051
18334 7195 -992977278
1208 6369 -736773128
12059 4536 345335946
15255 12988 139362016
14419 17260 65598556
19414 9567 -761652397
713 11619 756778821
4940 474 -759338877
1781 3462 662577060
12692 7601 -594132717
9248 6264 38041713
3979 4661 693909797
17105 8648 734752808
19369 15219 -508511354
2171 1006 -126412737
2676 18082 -515280999
7619 13709 -381638545
17342 17100 770914513
13335 19438 577068705
15898 13449 -105400912
12070 15367 -318155498
19463 6448 317623045
8695 10637 -662292545
6027 9805 -986356261
4732 8898 -850762078
1182 5202 -479220135
18251 12041 -635472391
13360 5174 802780874
15678 9258 -84302559
776 1562 -961940830
4049 11971 -133034724
16432 9470 818483492
11272 4261 774586266
17974 19165 -110070988
13013 3026 -27711210
4082 3488 -598688488
12739 11283 -222061292
4738 14215 332537819
16666 17960 342550240
8083 7507 -287836307
3855 16250 -775966978
14382 14270 -356979386
3405 3661 -66916950
9044 13701 -52118637
17423 6732 174563363
7194 11707 -438751956
13718 15748 -597734455
14197 2145 348850112
585 302 495357324
3223 16561 983736645
6627 3134 949156576
15293 7596 -514940389
13411 16808 -999075629
12784 7976 744911505
19667 10466 -539977519
9846 11090 -693639685
13213 10860 -848164666
11634 6436 380694473
10155 402 115192161
9053 13847 -703775131
10583 14278 25073060
1522 11373 605700768
1728 1438 231742673
9823 15122 -657336037
15347 10796 456449746
12759 10666 -922163795
1557 17226 156065282
3638 10545 -533410444
2542 1990 922618958
3865 18751 -141321126
14395 17301 181947280
17528 8327 -255525224
6030 13888 -630610276
8539 18949 -647393018
9562 15823 -165343503
15751 10607 -861325062
12024 386 360236810
10939 6187 -551699977
15488 15053 -507262050
11882 7526 141267547
4529 12593 -172880895
12584 18756 -5391028
13655 13460 -66368487
2786 11695 -247406498
4892 5109 -680226118
16227 6990 -697772399
18391 6314 281805110
591 819 -903821970
14929 7611 -796301774
16135 6219 -892994131
3888 5671 -373448501
2163 5688 -326702719
16861 15656 -665697817
10883 11762 -261629942
17202 10800 420241318
17255 15969 907681477
2900 11621 738541402
3470 19307 293167824
6004 6209 184893319
10346 6706 -822628910
12263 238 -160554795
14256 14186 837072621
2236 3513 420042441
11393 3423 287153985
15673 11411 -386973919
10356 821 -5340803
15830 13066 914892349
771 16697 534129689
16565 18475 -911968322
18642 2027 -864039301
17274 15264 -594580768
15386 7205 -316487825
170 6701 936429390
16669 18833 -471636334
10691 5933 539737826
11471 4067 -465336317
2688 4744 -686693625
9556 14929 -68945884
13335 6838 334188238
15007 8301 -262197035
5128 9963 227586005
14696 7820 523366933
18755 1923 -16112277
2749 9547 707514526
13194 19155 -17667118
11526 5272 -752184666
9055 13781 60746742
1293 6542 435420274
7007 2422 147404760
19720 16689 95989121
19209 2570 406969829
19810 18557 975142229
11461 5117 239923550
8906 6565 -71851270
13450 9489 -129646346
4329 18477 -722138572
12197 16957 253401034
6531 13174 -913803437
4815 1559 -478368190
12731 1172 -395855144
218 7039 595910105
6717 16862 695900715
10700 13276 186916764
11842 5771 641243400
11542 11563 -876813293
14397 11260 -883078069
3335 6218 -803561512
8559 4709 108487295
11867 17822 -164012619
13234 9746 -670447393
19047 13025 -110313450
17780 19420 204804966
13721 7936 70348178
14039 8769 941956404
8221 10541 744503316
17253 10853 143309452
13607 11214 -145182241
14138 13748 225549336
8043 4504 407533324
15964 8668 977545003
3235 2076 483748672
17205 4474 73038638
17094 7121 576003866
6287 17093 -175407506
19512 11464 -138846642
8823 11790 -521364193
10999 4765 -872758196
7760 18528 514042465
19420 11683 -912393859
18463 15541 -744274936
15169 19471 -746941990
11157 19860 136366432
8875 1497 -633476673
5098 6855 211490312
693 7575 -130123644
18513 7761 742875282
7230 8483 -276650530
491 6706 772897335
546 14528 -453115628
14638 5018 817643725
7823 13819 991270899
13904 752 672849464
2017 14634 574074838
1922 16278 -831273229
13832 2824 -338536779
3871 14020 -236083802
7552 7400 873148821
12859 17492 431957308
920 13882 -747003344
6304 7684 65385948
1270 13299 219887554
3639 18382 -339061791
10212 1476 -80773163
3367 15153 709810391
12869 16238 682538684
8455 13065 645488257
10521 4228 775401286
14071 12626 -356283166
9664 14677 -988043006
17370 12103 657015251
7370 44 48600614
14406 9876 979440532
6435 3661 507287016
15172 1056 -798776961
8507 17256 -867463490
5696 9688 -794199157
8973 17287 429875183
6060 19562 -190815591
7547 11193 -107125856
14956 1017 362502905
14022 14809 487612075
6221 6330 -460732673
8875 17115 -409853283
4214 4092 485442059
5747 16180 422641216
18691 14196 732677767
8432 891 565946677
496 4995 756683068
16542 18179 494662824
4269 6671 615125942
6988 9210 -974160450
13508 10113 -736120289
17540 3186 -239664300
18155 16315 116543996
2148 2307 -454843509
10786 3145 -617735527
4453 17994 -98395222
18536 12610 100975899
11219 9733 -978453868
14756 13833 -941970034
7523 16477 -174816099
17687 14320 -747072419
5751 19003 373551320
3300 7128 429395633
5458 16497 795732713
6822 18803 673416201
16935 6122 765859367
8787 5908 995206207
6175 11687 -793311257
1963 11248 958428845
9392 18229 639435661
9784 6369 27602956
5109 1118 170654710
18594 13525 -290113566
2038 14751 -647228741
3415 11513 -874612825
17238 4421 -945991324
5731 8406 487124852
17764 13894 950036105
7774 17170 114371981
3490 1319 878387163
6579 6724 140282350
10057 1698 -672773922
10511 4542 -32855283
15796 1271 -496710289
16074 6228 396203436
5055 5899 -383764443
19752 2784 43383561
11334 14924 -866801865
17245 15859 687713718
7356 4494 -193100807
11198 17309 -895116246
9814 5028 -958440766
18140 8632 443156955
12096 6559 -284448944
17506 10320 463744720
4898 3581 -259116059
576 16762 114839924
2121 104 -208290375
7170 649 -583482363
17555 19365 -447394661
6730 6210 710772506
7073 10282 -626042535
13331 12499 -521537370
7583 2258 759542459
19041 9002 -55817617
16333 8144 -130088215
8369 8747 122465985
13221 17875 -188986427
8356 6155 -123670339
19908 3235 -39943233
3464 4211 -862999195
11792 6939 -662277226
2862 7727 884883123
18153 16963 -187538008
6906 17390 255085667
12827 8976 364490396
11158 18359 -598116015
18353 2927 -344932061
15555 11454 149625131
10211 17586 284102034
19878 11751 900618489
15578 13464 -9352738
17392 17908 -960808463
16719 10361 206106048
16166 2925 920756977
306 6820 -664951636
13468 2565 -265011931
18311 2355 -904995265
12819 4089 -640799018
18902 2797 631086039
3201 437 545464039
18120 12054 159291021
1633 18054 -410468156
15293 6073 280067409
11817 6379 -742119576
10040 3804 689526603
8354 10812 873098782
15598 12548 262172922
12139 18042 -654372618
13477 13943 72041875
16887 1742 81612592
15128 17294 -262963325
6419 12892 -867100982
17975 2317 823051746
5266 1339 518311171
19399 19412 -981465966
18096 2833 993814493
8252 2501 -273381329
8675 5847 -422921310
545 2236 -544853546
4572 1866 -716393104
6825 10514 -252306136
4286 3770 -471325844
471 7240 289508060
10448 18652 601045056
18570 19791 -566625544
8190 13911 -128275017
7685 6454 -418124671
436 990 859455447
13124 16632 602826765
14582 11947 794839196
1454 12003 -672776125
4019 15759 539111827
2788 17792 410067163
2483 8666 -918508901
2549 599 543888278
8054 10957 -902162170
1454 13773 453265622
10131 5132 729737189
1036 14714 -993167855
11111 3668 -599408836
3513 1158 969337287
14026 7301 -487368113
74 2514 765587212
13404 4750 808067797
11680 19713 197960011
5887 13873 617134029
7499 248 128785731
15729 19482 -878669571
11168 14142 232220225
1697 12814 -378003831
989 6424 325985496
12832 11577 113754907
7363 3537 -407443830
3288 11714 -494613955
4585 11516 -544105807
14849 10090 215514043
19672 4603 382747461
19854 2064 3522174
15458 10291 202234668
7772 4912 -556054686
2009 13358 383901719
11115 13678 -955390521
10908 590 552200850
6340 9803 -815983734
7985 4893 -316404688
10874 1891 636133038
9708 1252 -975679930
15220 9089 529399367
9042 9395 937875233
5649 18582 819281569
5341 11409 970250252
11606 18740 -150326040
14490 17203 541976461
15502 12835 -526414398
1768 17036 -295439880
16393 15252 39355078
17367 10808 584547529
1205 9917 -968594754
14312 12255 609972900
12344 10358 -863061381
9732 10445 -544910824
546 3126 851558018
3440 5916 198134744
10806 6522 -213829272
19939 2558 131563909
6810 5379 508227473
3346 12112 -706678368
9664 11116 34927628
16857 12159 686177722
2370 79 -973883264
19053 9063 -99678648
14863 5139 560503226
4501 3731 -522499927
12531 18483 -59942695
14491 16302 515855834
16404 12850 -892434232
6060 3997 765082517
5911 17093 -394933973
14067 14638 -594384660
11311 9765 347942050
14135 92 123936143
2860 3737 513684769
9940 11434 127224663
15570 17105 -295131706
15769 3324 221424658
5261 14649 -548876979
13490 9261 -988978209
17187 6376 -27855841
8152 7032 949818130
2180 4255 97381368
16383 8417 -820997250
15865 14024 -309654808
17079 19298 -386160800
4178 12215 605480601
17870 13965 457177506
5195 16055 178129486
10856 19584 528198132
16772 10169 152181291
5298 16887 -118915709
2777 1652 113606541
11069 7000 517035890
13260 619 -705605541
19166 10969 -690153622
16800 18830 237311166
14366 19722 -195585
18646 53 615194083
7892 72 -510707690
4562 3824 683406012
7500 14165 -571262472
13852 12450 -177189941
9251 17264 -241559999
12222 16995 -436939490
16737 8186 63746646
16014 6767 194151498
9109 9460 99784109
8271 1629 -472325345
16204 11722 -505211812
14865 930 -138877917
3713 16196 -517303786
16081 13513 -496150822
3054 9276 760746662
11457 18349 -709267635
17193 16984 -892258915
19638 15799 -419609050
14463 2330 443794699
9227 17386 -755090530
16531 14070 439667270
7309 17733 -594746448
12978 18217 203239890
8231 11565 -686413537
8355 9838 900639316
511 288 -565485367
10302 6556 556168065
13625 14876 -664376854
6090 14236 912384232
9651 7739 829943079
8512 7814 -752555483
17507 15438 623110893
12354 15914 -50720952
13344 14286 535065826
10540 15473 -19405959
16929 4557 997044129
1455 14119 121791512
15837 11528 974910553
1212 15322 792175716
5007 7936 307811238
16548 16511 -813224643
13828 15032 365447945
16535 12434 -128844458
16754 6610 -443470918
2920 3528 -615828062
1291 16055 -70215775
18457 19070 -382060733
13862 6851 111987978
8651 6716 -684139765
14978 13374 72953619
17833 17196 -896514005
12102 6854 -310075539
17937 11970 -41356598
13843 12515 -856295326
13569 10199 -35191910
5457 4688 844358406
12050 3229 630599941
19374 18614 -886105065
320 15128 -60914072
16256 19740 260799997
17375 4976 -608157213
5591 7597 -30263465
16279 16391 754297121
12086 1315 -31339220
2757 7396 23102573
2107 18073 570247742
1376 9360 -514134683
6565 6502 572443105
12302 8974 -582395340
11164 12340 12571392
12356 9108 -937592754
10449 15697 336428248
13719 4905 -354065432
7269 6825 375544991
9472 13908 77580151
6576 18947 22947513
6146 3375 783957150
9685 663 -331522568
1632 10822 -644368950
17756 19140 632610940
8487 7633 -877118045
14521 3725 -210298035
14422 7292 -841260149
12478 1578 -653081524
18150 2518 -638847438
16263 15236 131073997
12484 4690 365669950
14680 11941 983649748
4388 5660 -759192901
11823 14565 -194366676
15224 17206 -406119607
16943 5260 781267738
12366 10030 -801089288
3659 14676 -493994860
11939 18812 427965209
14122 13842 -312477170
4577 17774 7931093
8386 3068 577105817
6143 7674 -243856320
12479 6094 337662536
4220 17682 568819742
3693 15393 -393217894
10736 11477 643617820
13917 5447 68189768
7608 9789 769439903
15216 19917 -899178464
13778 3121 -731879773
10165 16996 172725862
14935 93 -358771768
223 12133 -816635650
19873 11305 856315766
14079 17748 397837500
7724 4153 100925159
15107 5901 247015848
12295 16835 -96506328
16466 4811 242642909
19180 13455 372868711
10093 6825 133015957
11050 13829 -878463956
17330 12636 -812417124
12841 9678 -9757813
6007 6352 -48285437
10356 6306 -263941270
11758 8525 -885879315
7679 13194 -936894032
6709 8618 -334277793
11088 11603 974834894
10110 6451 -420836890
17252 9989 140422099
5468 14235 -269571074
7896 12930 408175386
7129 16018 -389253607
12859 18441 -6609531
19416 13583 58697546
1807 19325 236872656
18122 9739 -877132348
14884 9422 -712738720
2154 17940 -131577942
3667 14062 -77056609
19705 15510 662752583
9142 15800 266157333
5686 1538 75418326
14223 19873 -589970945
4622 3698 863650516
9698 10244 994466944
19030 12691 811883315
8924 12027 104876388
1482 9921 832444754
2690 11359 366911606
13991 17903 -687156927
2961 9690 -288839731
2524 11790 -879631549
15152 18482 -943283434
19834 13034 27089437
19492 2309 -922387359
9294 14110 -334565090
13882 13613 -351368147
11873 11428 -755176518
11694 19788 607191692
4662 7372 -479048414
18582 2890 996096065
2097 9016 -237441642
18511 16069 -633878877
1682 16940 991322352
9989 6170 706266181
11567 6085 -822259240
3879 3874 745662514
3800 16941 20336538
9817 8993 -275984547
12445 1325 957476998
8153 19094 283150352
4500 3660 258786307
7107 1992 697120304
10777 9900 -634484667
10754 13297 227073804
10097 3445 -42872371
10044 8454 374074028
9500 16083 516661364
3294 18705 -403963706
11924 5923 -345791232
9095 2074 -452441624
2986 2829 -583922581
4880 11127 878782957
2132 2303 512466651
3310 6542 8461688
18954 11248 -176467383
12464 1319 -101933400
13220 14032 273482817
12651 19088 263148136
6683 1814 -355154284
14831 15228 881359396
12619 6765 -116883129
12764 6814 372917099
6890 2653 572069566
11277 8429 -721182796
1126 8264 888385540
17833 1915 -258193430
4220 7016 -762814440
8564 15678 562670519
17074 1409 87238129
15479 512 939193400
6721 9723 466250357
14104 7017 -429071301
13928 4954 580177018
19298 16373 -486662494
2474 9586 -474274940
1197 6706 916995972
987 17225 -598876424
17394 17462 -647010107
7656 522 444585971
177 12769 -753970381
13370 8087 51537173
15614 5284 989518534
15887 11094 612589065
14765 2074 -373241541
13805 8859 -201468697
904 15737 668329266
5391 13950 -158163740
10952 667 359186310
19303 5261 -240983514
11334 14815 -46005371
9050 4363 -145836669
5807 6630 327724461
12792 9466 557747593
2495 6861 744343516
12758 14576 602613113
16571 843 -436763488
8031 2106 -429933722
15231 301 -276617466
11798 8108 -86620768
2347 15126 572167829
7609 12011 -537496855
9719 9139 654145331
16188 14573 -777989253
13239 275 573775952
3612 11150 -520409750
2357 18541 419937758
1307 5680 632868883
6072 9189 459219725
2857 2070 769397199
18767 7706 688954646
15469 626 368094664
11183 13287 -959125103
16081 15034 -854617371
14199 18573 194101097
9626 2504 31740639
1021 3090 -591167233
2641 16883 -771960957
12342 6445 -402771347
5075 2846 -682816536
19191 6943 895456005
7156 8344 590246909
4527 2054 233092414
15784 8083 250724081
17143 806 320611971
14382 17706 -880985915
16149 18346 206193327
12019 10213 242605306
10900 5925 534098894
1926 5329 -44435183
19833 18084 665655321
10167 8958 -441081626
9162 1949 -571040065
1978 11923 -685696718
13879 2571 -588459273
5835 12791 913699179
19409 8862 94230452
9384 11921 970989367
7352 15726 -639949627
12624 11133 22359726
9171 11865 184690363
3532 9308 -285357033
18745 7823 139202980
15842 15662 -249875073
4390 249 968170463
18346 17351 -632792453
6714 11474 927472010
8068 18430 -15059771
6943 1127 -815348215
10762 8144 -26927629
1875 12274 -119023265
14963 12865 834973268
13943 19073 -152424619
2874 4996 -250574389
19242 3479 -67042861
13661 1507 -698332136
12068 8311 801112687
7442 2995 511188946
4387 4452 -916442276
8461 13223 -935661349
9999 14253 242256160
15435 12154 -983702366
12514 18375 -26101016
19722 19986 673908563
18001 17777 -948452843
13608 5133 993710336
8977 8713 -213210470
10856 7916 14354241
12130 3049 930717634
4125 19213 139887032
13710 18557 389003588
13158 8421 -1096487
13624 2857 201045647
13060 74 225920798
5395 12976 -287168221
4863 14285 -312603073
6684 4467 -921694957
17091 9824 341309946
11300 1259 533712643
4268 15474 -383617218
14119 11113 -429136504
12724 12224 89362568
10914 16253 969587722
12825 6714 535847628
12580 3965 -86782606
17304 2956 268624155
2633 5895 -235351348
1081 18090 -981968554
6365 7655 -465598701
2966 3244 -315390114
17089 2944 -92210160
16695 5776 159387348
15242 2871 -843368869
14556 9464 633321710
1413 184 -346280641
6505 16962 -248744864
15505 19313 361658458
17346 16008 -790984113
13668 2551 582051899
9544 1398 923664687
5710 14347 -485815492
3085 9919 573968752
2778 16907 360432603
5348 18764 -490937021
13797 1358 420535062
14393 6428 -906705716
11092 2610 536997573
10568 11468 264253738
12972 11595 465923688
11824 4034 432537432
11479 17505 935519239
13458 15524 -23530839
11801 10470 -926773310
12202 7551 -265441399
18343 18262 -839036357
10000 11567 810210564
7304 14902 560511982
12411 17928 -231450584
19659 825 -269445713
18249 65 -305884494
4344 2768 -732653083
9885 1862 477040850
13319 118 -21252851
8961 338 -343480105
458 9718 -597534227
11485 10579 490220867
128 1009 -292398177
1948 14496 -179574547
17082 899 311167445
17242 11405 -514813016
10356 11209 893124613
10078 782 -215953209
19772 19954 -506657958
2962 7251 713068542
10027 12581 -467353609
3835 16756 887319065
6926 9795 -60151313
10707 12191 185757730
15873 11103 -860797093
14356 3126 -649919608
16260 19289 -235451016
15787 10389 926522592
17132 13267 -655042990
5213 15073 10521755
4412 16318 -106648497
745 2717 671093924
15884 1738 -774800102
11660 3036 -767927602
7473 926 -795917323
10625 12838 -63633625
5576 7693 -171911365
2570 15999 -585589316
12143 9214 860133104
15708 4947 -650997928
13322 3281 184815836
5307 13366 -673515983
16970 19748 -586978816
14558 4187 23483605
13945 12596 778295920
3958 15325 184534523
1649 6270 -950318099
17174 15346 195867780
12815 13306 355646014
5791 12484 848736806
6363 7518 -738681339
8942 13801 775193227
569 4756 -385085491
18002 11092 -361933206
16948 12953 366934525
1538 16020 16437752
16401 7694 -685083050
18979 11027 803260654
8084 2742 277663333
2684 11380 925731835
12247 15660 71722754
14683 1730 -594070105
2669 5248 640447850
10255 2895 447101642
2049 15417 -587235614
6348 12231 -678960923
5898 10756 16146516
18978 17036 -786982899
13821 4518 264378362
5838 12087 -891739768
10578 4326 128583316
5762 1890 -76076675
17637 7322 -26343047
171 10084 -690782764
15686 6745 961925283
2468 18618 586862455
13804 14583 528146482
10613 17669 -553574788
13537 8215 280846664
17866 9490 353464223
6254 641 739839731
277 3765 -784170784
1325 9026 986620150
1237 14303 -58154989
2712 3411 -119812748
12132 12806 -639323503
10530 10123 -415129439
19809 9720 923848297
5029 3052 -377672867
15229 7263 -728997781
15758 14281 375405610
6238 11083 -22317570
4117 4292 -934353787
18806 8396 1564206
14183 15998 173495050
3038 2512 10887401
13091 13779 -572146460
2003 19735 215505367
15714 11853 37928808
13933 12158 96646059
11476 5281 -775630781
18002 6609 13085037
17701 16354 -615530768
15531 17027 611404462
15152 3589 -873219459
3754 17901 -481754483
4872 11418 782422323
8514 10745 97389147
14789 2826 221342161
19792 4130 741635493
14082 7528 73846578
17879 15453 529452537
14285 14253 -145141746
15752 4874 -457344977
8559 5657 414583081
14345 7562 496734046
5556 7572 902106026
16769 13332 942492709
16568 6563 241104137
19908 8730 -652405507
15941 15635 212968607
12829 10701 -546397346
6853 19833 -780640694
13763 10174 -200798236
10219 10117 52863262
3209 11109 117166845
15918 2058 104572456
2854 18204 -496517458
7050 4157 -648389202
6257 16005 -72708511
8492 2360 -501352296
16512 8941 -173178245
1965 6517 269219862
9856 6120 -789078375
4367 10089 937987319
11641 6644 90917623
16112 897 151203856
1160 2172 676706533
6777 6664 -813494012
1798 2603 66005220
6215 5547 -463823745
3373 15866 171395373
16034 15349 421724613
2684 4526 113970232
7240 18415 -372439604
435 4683 651753019
14774 2179 -713976411
1717 11252 167879463
19947 9469 -538706498
4319 4310 648749255
19558 4611 424464142
5265 13613 985184657
18876 8097 -545435036
14938 17978 -958036299
15569 14049 -977518071
81 4684 390573254
14014 19461 -978625281
8152 2398 722075837
19508 12217 361803695
5079 1205 766275011
16771 18112 -318963867
18096 14201 106489286
1968 12967 324652601
16877 4314 -938018491
15397 14194 -94029511
13063 19417 -57654278
18550 15167 764466415
6300 14791 30995723
11719 10229 451064486
3549 2673 971493146
15304 16321 530790087
9848 9178 539722791
13061 13293 360504728
14696 13762 -343008492
7006 9609 -391153230
4940 13610 -352165013
18190 12079 14481010
16128 12876 -756969300
1632 7336 -591804232
7053 9001 -509973556
17271 16490 937344419
13916 7573 15249606
19585 12760 349063453
5377 16409 -541845742
7863 2201 204973917
14260 19253 -293038172
313 19395 -118281122
8042 10941 170673839
16264 19837 420121821
6508 11872 -233418357
17537 10724 -331461305
4185 1663 -590880722
6646 12317 972519991
8542 13779 -123745983
7572 4157 189470411
2786 18124 -610234020
4842 3307 -423020714
8440 11650 -823681975
16507 1213 -323671098
17988 13270 -868706951
9881 8911 90370787
15256 4163 -704078304
13838 19562 -232049338
18917 15456 -603800004
5935 10473 -156409383
2957 7111 325152717
10819 2961 -153572799
10202 6053 -175518248
7250 9427 -860107532
11224 6116 -993018381
8838 4025 -635009699
8245 4662 62006655
3026 10717 -289664453
1553 18236 494826044
11986 16532 80209213
13854 18429 450626044
12535 7461 -96560131
14539 14567 166667816
18967 16539 624822308
1144 18244 553463514
4860 15363 339249635
15907 16255 -293521249
14323 19572 -896582999
19224 9844 269706220
8375 4556 -308360112
5560 5456 -584880354
2249 17242 378588362
6435 19201 -176505214
18643 5660 -252225368
6753 10846 932929708
10646 10002 -987178813
2191 19513 -423538266
3539 10800 640402023
18602 5787 -697291422
14479 364 -467108663
6048 5760 -311661239
13593 1816 -237596048
10120 5715 950136528
18632 8335 -997551622
3666 16975 78033462
6417 12760 325314775
5354 12676 -907264777
8069 4951 82182963
16774 9349 -525361612
9747 16543 -540845393
3106 10386 211250129
4556 10885 43106145
18192 13111 841115840
16439 9097 -734979410
19692 13305 861171144
3369 11730 148623066
1923 9198 -935005756
12139 15046 -867093775
2764 9165 978056668
5146 15511 809803029
8048 15496 -477626119
2294 1643 -727363378
19878 4084 -258674270
3682 1830 -897372250
16878 17904 -747454220
6728 19545 479095129
7005 9482 -496254865
13788 2161 591124394
4569 14861 -561559657
11405 8590 98313446
18138 5945 -377007095
7345 19358 674460558
2607 8195 -261496823
4505 19593 -75125840
19009 246 146539468
9213 12898 308098307
13551 884 39215459
1821 2437 932665245
16566 332 -500275737
2607 11077 411246860
10794 18566 523451267
2061 9960 -122869104
4903 13977 494199107
19478 17593 -916014214
635 16297 -371118365
1450 5399 234781815
17269 3362 -520938788
8089 8576 404369463
9692 8998 359948478
13043 8394 903048791
1857 5903 -252505720
14111 5875 -615775334
18062 5065 841197998
6023 9519 -926936113
6088 2248 -559242582
11369 1798 366035759
13477 19897 -83996695
11073 5250 -853901790
15739 2829 806124773
15419 14061 961473410
16795 14237 -600349311
13569 14381 -938879898
7837 557 301359529
6291 12682 -195674410
17590 10540 -42195544
9486 9096 985447160
1717 13866 -890881138
3672 1205 326812034
2086 7970 -635653317
6295 16529 600536275
19221 18450 -39889090
8229 10788 -846817969
12198 10131 -44080515
5097 18687 288435711
19838 13779 -101437421
4266 13784 433562871
13917 15915 859731983
7193 17523 706421968
2883 5533 -629022463
677 11760 168255321
15899 16557 67479123
1191 8423 116499137
8925 7800 -890037554
16462 19366 -832405246
16247 19117 -427177477
5414 13085 576735341
14920 13115 594089545
6997 6924 817842029
8394 11601 194012298
6228 8573 -250770267
14976 14746 756624432
7440 5644 -58564747
1647 10247 -243019100
6067 18959 939792019
15261 3733 331174228
6479 13912 944176057
824 17184 353610723
7360 4731 41700277
16367 5544 -128434298
5355 1667 478186519
763 4894 349288071
18802 10746 -393588851
12978 14405 682451385
9579 9072 -570594067
15638 392 183999741
14436 2065 20188955
6335 19796 780342924
13266 11377 -361333263
14388 12273 -177446301
7278 15846 -959839694
8545 1958 173607971
17276 9210 394154917
1460 17539 -547101992
4965 14510 -152246274
17155 7636 -805343971
10207 7615 448770508
11848 19155 -672661529
9618 17141 442983702
10805 18560 -850917035
14847 14242 372609720
10058 14607 -377345752
16983 14367 226274486
19350 13379 788224096
3544 3376 -876590733
140 5680 312813310
19118 4749 -502027080
2756 9503 894982101
1994 3050 -587374922
1281 6864 -617143384
12190 1596 -625076214
9342 18968 -3839653
12521 1436 -471638786
3979 4512 -720943303
14624 2224 -181034311
2249 18875 -508110938
7253 12487 703928456
6841 16696 -656555192
17088 6083 -432472873
3226 5892 170970883
5954 6447 -632017076
12214 10029 166669227
6141 3701 -987713579
17028 3790 741970721
2007 5738 -737703904
4227 14892 138232170
5456 6277 -449321682
8684 5077 -431807599
132 10989 381141406
15073 8242 -416635308
19598 3037 702415270
13913 19183 -703244748
6995 14944 -20024917
17539 11886 -103560901
9829 10771 82153815
17981 12337 -422159361
7738 18694 -202063318
16829 9221 -772228405
15020 19192 753902127
30 305 -865514961
4193 19358 388561776
16522 6085 754371984
6321 15464 -964339012
19758 9428 955288597
4594 5064 -708282177
12414 15428 979787168
10974 751 792781988
10783 16141 -790928361
5760 10105 -66717693
8195 14376 360655841
1904 4897 723159540
8099 1075 95994166
16032 16265 -481544654
8757 5527 560572160
11965 4204 -569098237
14270 1726 -204314485
13700 17861 -185873245
11275 15199 -940540938
19408 7801 -305978296
10484 7036 517566162
2809 7443 -511842132
929 10908 214008796
5161 16685 -506267653
7828 18048 131217018
583 8173 9164681
15740 15754 349257042
15946 15352 -203792209
14012 6444 986437566
10658 10324 -474803382
14936 19896 -523205257
6385 7995 371348844
18005 17343 193361252
5085 933 -463915357
6552 9812 -637844621
13971 19449 -477313490
14362 1578 -181638516
1354 14988 -734194718
11618 2125 6940157
17216 19210 -772624633
5545 5130 928575345
15258 15137 -337277003
15463 10382 493481427
5493 13465 -478626672
15572 18030 -314848213
6318 13068 -119847039
2242 3914 637932899
12406 9613 -214704121
2958 5836 -759580579
13355 11426 -603510967
11668 7475 452655110
5308 2351 -102595963
9941 18131 -703078114
11063 9903 351732712
13630 9084 114101310
5111 5237 819605633
9768 14093 -937100461
18031 13271 -666378735
790 7712 -208006803
12124 18714 -375619862
17062 366 285299126
16374 7622 188642982
1361 12341 -333898967
12305 5376 -120382996
979 9135 353232949
17641 7248 362028314
13500 16435 -384599641
8803 9907 -398549471
8427 14910 -80335988
16893 10346 670125249
6628 8297 -441152205
188 17916 -137025858
17766 17340 -78901688
17555 11090 911927294
4349 1194 830520706
8079 5191 -29666780
15238 1460 -547517091
16290 15419 -387632600
15887 4650 740697045
12165 14797 -842435181
2639 6249 -858404683
12389 1907 -214249839
4813 11775 -719495927
13353 7848 -390635724
351 10863 121046457
11554 10720 164729360
15787 13157 -123117348
9045 17254 693988216
1802 12638 -537834094
19448 6080 -582619455
5813 3865 832557336
7530 5338 583643106
295 1538 -835136951
1764 18393 454007406
1041 11146 -168580934
18906 7089 439797818
4019 6928 320155570
9251 15045 -611974220
5315 11024 612157671
4515 2060 762491290
9937 12070 -332941877
3314 1774 128370877
8266 6461 694019935
4711 2820 373369863
13191 3039 -352793168
14698 3512 250698163
18071 6127 -499741290
13470 5772 -952829464
11429 11874 115617714
5898 18266 -75956902
524 9029 70028771
19395 2421 -885022351
14863 17199 -797541022
14845 4004 181750758
6569 8204 -199526102
263 11153 495813045
5436 7548 638069593
14430 11840 688266130
15921 19852 385916814
5917 17545 -984020656
11430 13945 331703040
14729 13690 124443682
18678 6235 -799266618
12532 1746 436130347
16020 7484 -100242909
15737 18636 -927567601
17210 15587 -720365052
10174 1213 878189382
14780 16498 -273392460
6575 8710 486065493
3623 16894 316741907
18325 13683 522072137
12802 1109 85756512
1111 10205 -523771530
14835 3054 -530217224
8096 12540 480658986
19201 9822 468137392
3648 3512 -113985476
3516 6881 -821299105
14675 19181 -47512991
7315 19873 548246909
17895 2001 859177873
12423 15428 -824070737
10146 14360 276681810
9689 12989 -446617922
82 17001 247160569
11992 1457 548377121
6929 14953 -545952878
1285 18739 59296796
6945 13195 -550071387
11285 4850 492191794
6084 4569 -32006363
2543 6328 489836428
3783 12439 -714424300
1890 8986 824253589
1489 14190 24684015
3523 17809 -49294813
6017 14751 -316723840
15147 8240 264754201
7739 8266 553723810
4446 3764 337522029
15171 17210 14116972
12139 8429 324267624
11503 12414 834578769
8477 6438 -436335309
17227 2850 772351172
4472 18684 669442290
15837 10276 935826046
6993 12008 -531524494
4748 1446 987611597
10381 16604 -8357361
16082 3273 921834934
14698 12879 -829716641
14318 15564 -840436855
5986 14355 -27513454
5082 10895 567386806
14285 12325 -499205059
16927 4133 -772902640
18726 1733 117622234
18494 15057 452773807
7902 6253 -500816324
1042 19620 -406436304
5744 9919 216603263
13205 15540 -769601922
1070 4249 -605396309
1203 752 767132525
10083 17990 981260644
5787 17558 -594487359
11656 1855 146281459
259 16601 635719391
8877 11673 351826790
1526 13186 -196296891
2166 2834 -821797376
17085 10459 -497646796
19173 12250 880202088
13618 6848 820922904
14008 345 -52112778
15106 5841 -137680072
14971 14949 -549679283
6539 11802 400662274
3378 11185 55360980
4577 13891 521255719
8255 17132 104285145
12254 14689 -966288254
10111 12726 -86200927
18651 7162 -195813195
12559 12217 -134367804
11039 17713 89495262
9902 15643 508280312
18546 4149 166440523
529 3138 323386238
18148 4157 823444478
15944 5697 150981731
8416 1568 499077263
3849 159 112736613
9407 2336 -308145367
5465 56 -81933740
14322 8542 -440038911
12248 2322 -666305975
10871 18707 997392966
3634 437 -288713550
5962 19330 447898390
6648 13305 -36242433
14093 12324 612832616
6527 10512 680963984
14917 16131 -115940246
10381 19736 131915499
3139 6707 -632811719
12218 11254 368911647
1455 19292 -505081647
5564 19812 852438867
10975 9749 117906649
17317 17539 -233016104
6992 12370 533827410
10751 13621 -264098309
2883 3899 -956956314
5076 9100 -860620135
5894 19682 -253822943
5425 502 761062882
10248 10222 403915260
18644 2501 295588960
17301 6214 503907233
19468 1098 -475168275
2600 11296 991813685
10455 7999 9743367
18899 8616 -72841417
18396 9136 362073830
687 3938 -206055982
5022 1357 981758040
11696 9022 747770933
15468 16647 365783950
11777 13161 179667201
10807 13873 -10741890
3048 131 470398992
14687 10266 -737873752
688 18935 -877025891
8698 17066 449077907
8730 17978 237532060
14764 8360 -927862151
9722 8644 700215695
13850 17283 -647007414
18362 7003 495327684
3940 14786 -82933521
15095 16294 -687199704
1479 9027 -701810811
6320 13729 -767553522
12522 6908 -280641597
17284 3758 -314991144
156 15191 -570764191
8490 10838 724398648
4081 12068 695827503
2344 13856 -200561814
16841 1487 -543951651
17293 2397 -834974645
6521 15 991129661
61 15918 -603312341
7620 15619 384041887
12432 11741 719388834
16157 18657 -664416576
10232 1752 422853967
19320 3146 814278450
19921 3650 79721632
9856 5010 267813828
13137 1991 -840487060
1935 511 742753868
12426 19381 -365805019
13204 16008 173074899
2308 399 570597174
16162 3576 -582668132
7365 14729 956156086
13784 11693 -494264804
18942 6455 -964561615
18636 17444 352779601
11514 15076 -853816951
450 610 -528197369
1358 10090 973337985
202 488 672502800
9178 10718 -149740193
3015 1892 -301548964
19386 16379 679926199
18859 18754 378965039
2185 10652 -198045138
2665 4571 998876590
18707 17715 -84769549
629 353 -355140186
10610 5877 -700011764
16685 11123 168488548
489 18315 -409877733
12156 3908 297321972
10724 16540 -955920202
1557 4753 -964347108
790 12240 707603135
14099 10245 726079564
19826 17278 204647656
13414 10067 631919587
11742 3204 916683280
11389 8585 238796404
12915 7915 -599505132
3803 19382 970506092
2279 11654 104563263
15528 6630 -156685010
7507 541 761463176
8063 14961 281358830
17991 4946 -260759049
221 15720 362701461
16655 19639 -658394307
13406 12136 -82170376
9426 18319 -423738781
4202 3024 -320167380
4889 12731 394261447
18413 8797 687794329
7825 2559 -870598644
4222 9207 -718607361
11392 493 -991476956
7448 250 273204548
15625 6649 -665664312
18732 6452 -994959336
1411 9533 543677189
14869 9880 234515108
1662 128 -139320638
14719 10847 -873866529
8942 10366 -572592605
14981 9147 -287480320
2437 6171 828971583
1239 4334 592024588
3976 13390 -933069508
10590 11407 -584734578
7238 18511 -773084846
15720 15657 -232711109
5076 2673 764726928
8560 10547 -509881745
18342 16096 745928102
14515 17063 272747880
15722 18001 606411045
3169 8659 -433326796
3969 2442 -200302794
6018 10603 -483874436
3351 189 803516362
14660 19324 -68693049
8147 15198 -352526880
6079 1052 523455588
15522 12026 -281656292
16767 2343 280015084
17887 6070 -120626718
4355 18743 -623512680
8962 12615 391309852
19494 3564 -107448319
8108 18843 944737362
12664 17071 -67030434
4856 462 456026170
8711 18763 604347779
15877 9982 -252720439
9625 2346 -762366315
6801 14907 867180106
8820 17656 985674546
17476 16760 -904455086
15099 1162 784779380
15361 16177 284373658
14854 4821 64188379
19435 13562 -939527179
3889 7946 -235814414
5455 39 360186433
5023 9171 409508031
5556 3702 172274466
13597 6227 921568247
153 4371 802367549
2784 14224 -644176829
17249 17101 67957147
11865 7688 415717698
1673 5402 -652952678
10704 331 938672996
2017 6548 75538162
12924 4400 914062978
18747 10607 216091463
6933 702 -972611072
10917 6762 757678895
19712 8849 -647099669
7988 9173 986006800
14090 4919 890119689
2735 12269 143802487
12535 13998 407597607
7907 14513 -682450673
2353 3555 -953718918
18664 5827 970075954
14180 13494 -189351612
2577 2644 235376627
17935 2240 -196700990
18779 10552 -721433737
5164 13656 -982091603
741 692 -282838149
7291 18557 -62537378
6421 6017 -903954024
2512 5596 774866727
1658 18743 306084768
1091 7833 957807250
5385 18405 -10184265
18876 11936 -33105821
2042 10427 -71826847
9405 10768 -744943779
16866 354 410976378
4296 386 723253855
1356 17063 -415531868
16614 10353 264702447
6520 6126 -240407630
15203 16380 -894001387
7492 9622 104261224
5979 13554 -314244332
1666 14713 51411236
1314 2316 -227927737
590 12556 291495457
17519 576 -460610860
9935 16163 -124311414
9601 4795 -829824072
15265 3670 -43119229
9261 12790 -190356882
6972 15329 5985684
15410 16712 457973386
9104 17504 183892030
18177 12521 10543067
9685 6496 898799361
19442 17484 157382672
14173 6880 913022698
8168 7584 -625341818
16005 2523 487126037
224 16475 422384248
10553 5346 350700007
8914 1894 -582735473
6927 15465 -517036991
11904 4887 -302059689
6011 19956 516453455
19925 8255 -233684601
16926 13997 648770013
9959 14258 -691492686
4936 14678 -393525396
13335 13447 -495711139
13981 9384 -674651442
14825 5625 -403123622
15386 9729 925991365
17464 11447 964051819
4683 6233 813084442
5882 3280 -114568240
13398 18721 500932469
18151 17933 857471635
13370 6833 -775394664
6589 3989 -676822948
2514 8572 -824901456
11017 10542 -798086515
12367 18658 367824712
16398 12746 -914991475
17773 6717 -39035819
17889 6570 -147739936
8156 13158 -575905617
11421 17123 -299220986
6506 5803 420509693
9975 2656 186199518
2394 12833 -933712700
4615 7925 705221045
6492 15450 -851188336
6585 5865 -235663364
13580 284 639744850
3317 1498 -896184904
11535 6018 -742231121
7918 12627 943294915
9730 11583 578239154
12034 1818 298449697
2335 10934 29482796
9617 9294 -409032719
15743 8526 20474060
2449 7638 -566045332
13985 424 -999852152
9192 12962 38251199
16829 8911 980644015
6905 3917 -710987761
13615 15198 -323266393
2981 14117 904312062
1662 5576 81896519
11115 13644 936691835
7777 14619 -245942424
9117 16949 199398403
17682 2909 -975291254
7620 16778 909652106
11592 1255 -22637237
19412 4026 -523336819
14910 8977 -376562539
7797 5253 -482996498
11734 1261 653348660
343 13988 -19612821
6907 6521 384661054
1040 19080 72095224
3184 18212 14819393
18933 2722 -439170456
18357 5875 445583445
9393 15486 -993819361
2978 14508 -313873246
9837 8935 -152047440
4498 6064 564924242
18115 3109 -928796157
5710 267 360028874
7643 4739 -83439643
17856 9409 -661003933
8600 8967 -681779682
13461 10062 -238787384
3645 12089 -986292985
18952 10118 108673322
14897 7694 -695549142
4095 13551 811155430
6790 15315 77172417
9579 1000 269565622
13930 18411 -636692042
2898 15808 -24080839
7080 17663 -54709968
11739 263 236520653
8266 8244 354316002
19263 12764 91942008
8157 3151 158947388
17110 6539 -73897742
19530 8811 -989801443
1350 2806 906299253
2416 8199 -465802267
13534 15357 425202382
5352 10833 96016841
11321 16314 658394138
7653 679 -57220525
5584 18823 -829813218
13357 8371 260940269
8402 5219 315391898
7542 15363 747760366
14262 9789 -680747378
19677 16332 795492295
10279 19920 188619862
9081 14631 597718778
17988 2588 -53172633
11543 4680 82426775
14184 5677 -204957331
7578 12025 336042523
9470 10451 675083764
19754 2203 -209951136
13960 1640 -804602066
15725 15601 462886517
9607 10657 -128793754
1546 7022 652925538
11833 718 -131882949
10631 15337 62255286
19674 19307 56357241
9732 15519 -990668118
3639 177 -947791868
12635 15103 -574344666
353 3554 594604538
16715 11281 415610954
2117 14416 -632834245
15231 4298 -170772925
19484 728 137605112
3380 13105 -525162034
12687 13367 684691638
2059 18908 -924578081
10249 16475 444630939
9775 6574 26572390
18450 981 281729414
18679 13794 378087982
2051 4653 -307296629
5358 2880 -582238040
7147 17814 291650555
12183 9476 -690383160
3127 702 601007182
16932 9435 576459948
7150 14651 821428938
13578 3690 947793478
10317 17146 446957667
4685 4545 48410434
5681 9545 536493704
16295 19799 894202189
15389 9329 448917046
2004 4523 455280748
8731 14321 -531771649
7451 9064 970685591
7144 8853 -956058555
2992 12839 189066021
5099 603 -827488706
6807 16572 -695221338
14933 17457 656900671
3692 7303 579517046
10906 7792 770578472
17752 11087 272680621
12839 13717 592166448
7301 17925 691557089
3244 5447 358279990
11049 12638 104506455
4689 15618 93165324
7654 770 883435524
6821 17668 -37295790
5798 13415 367837047
6344 12107 285023302
9649 15774 -614024898
15647 10314 -350410004
3509 15202 -611508509
10733 13751 886139647
11135 9279 -727419568
13076 11790 594473380
5162 10056 -462816902
2970 5647 -385639517
13168 14543 9769721
8753 14533 -494173418
12525 19870 290273218
19851 14422 25377450
6507 16420 -509188428
16361 17224 -478846296
1069 7924 492522005
16925 3961 -338721325
5838 1395 -17517147
17534 13741 592443963
212 18562 -665246138
2129 11481 -679374769
2611 17933 50849708
6841 2712 -466614333
2908 10076 503808237
12015 3980 648259251
1468 2330 -640207870
12939 17440 -491422652
4071 15176 -128768958
9073 2069 717328960
4435 11765 -141480018
3767 6253 349844672
16956 10592 502982999
2370 6276 952363891
3446 15895 -197908873
17274 10268 93066539
14353 1023 625569357
17697 179 -147390165
19947 157 -314045956
1398 10719 -332722214
18820 8149 -264863297
19442 4065 -804262050
1835 12907 694476600
8358 1106 -297203828
17151 18210 460033285
8150 19994 176379424
15392 15815 -822460104
5109 5592 -404355572
11527 8273 -77727662
12035 16682 -342303805
433 18663 -991393322
11863 16296 431349059
10202 12664 386473766
14543 10314 -392066852
2512 14866 -95420371
18266 9869 -874435690
16755 17652 887867072
17394 6455 801968831
3259 2068 -546628595
16817 15299 332901041
218 8309 680105860
8590 9260 -828045703
14940 15387 -824578544
14846 14626 -739880337
4517 11260 -320415923
6722 13894 702674216
12629 1787 773561693
1884 18918 43397370
5871 18177 -900680317
16477 16943 933664360
11987 13389 845313224
11189 18871 -279725471
1028 1619 -95284018
21 7765 -907407903
17965 4194 273847314
16527 18404 -90757725
1690 18579 584312650
15956 14482 292327508
1536 5143 -572266012
7237 12844 -658693629
16143 3674 -810411291
284 6102 -307838439
14641 658 450352093
4039 11668 789855150
4633 3312 -404408797
12269 2987 -568505204
18087 9654 -308911507
10935 141 671883986
849 18166 405045462
15394 13605 445499199
5293 8634 -300316544
1838 19998 798901334
10004 8177 -229155827
16420 4670 -917205489
5481 2634 -21258370
6833 5834 -310058911
13704 15063 70743312
14113 18110 -329832784
11817 3645 -56952059
2469 8239 -914778537
16505 395 -434805481
166 1353 -590857966
9748 3604 530842274
18698 7473 449725577
11319 11303 -24868371
8938 2326 72940522
15878 15963 569686681
16758 867 -545958160
16991 894 -917457131
14712 18945 587628886
12426 11666 66598720
3956 11511 396520554
12798 13173 670979438
15452 18316 -454985043
3966 5225 -384937127
18052 3122 -437808583
17908 18977 -122720094
642 7397 -515288368
7503 9871 -428918411
1788 9006 -576336461
6002 85 -595610371
100 18543 455361645
236 5663 -104956787
6996 11641 -129150732
13442 6218 -387825830
10912 11024 -950001842
1169 13227 -596734935
1392 4265 -248974774
11494 12265 -85170773
14045 10849 280704334
6037 6381 -183733360
11694 18441 814350133
7205 1326 490287996
6908 12785 -513632583
13029 11463 793959004
17264 10453 550338981
7662 11440 -706727026
304 4620 592332828
2013 7693 846212233
11064 19794 -60526811
12050 8563 -836010927
1349 8204 534549008
11911 3995 354085657
1743 5757 -162714941
3424 11609 772989378
7035 12485 477439061
4869 18572 -103808228
6443 9687 349149914
7746 11571 -44681046
5216 3185 901469495
2196 9618 -551559640
7918 15271 186948176
10822 8478 743711192
16920 3475 23251136
16470 5956 -538245271
8256 18169 -48438864
3315 14846 -634984119
11668 9471 481974178
11342 16473 323848231
4980 18456 -588469705
14913 1814 -311357256
1830 9004 -52756097
317 3772 938181470
10054 15323 239724738
4871 3318 -691314479
18198 10361 208241054
5959 5191 -780876890
8511 19284 -615535017
19898 13274 527995665
17639 16082 -912065715
1164 15088 376336712
16217 14759 987107865
11122 5144 5398459
9657 11034 -786881353
8778 2327 374552064
16545 7345 -612964316
15253 13109 506315806
14388 16951 823858566
13883 11307 660583137
17562 17040 -370245024
12270 4492 805310350
5709 2572 845330033
17749 1782 435643828
16318 9391 -603779037
7945 11096 114718889
7863 3252 395680011
19609 7164 395991594
3975 14684 591396854
14311 5852 81444245
9707 10484 507416150
10569 18992 -542734380
3864 17179 -71463125
6752 15933 -397826388
6750 13797 -87278000
8353 10741 -234419339
3156 1813 821573847
14321 16201 -146290141
1711 1226 717817307
12782 2643 493267808
3893 5076 726748914
1107 4840 -197612504
3215 14638 284704619
8263 13987 168321156
9869 13690 -731977065
10006 10632 250003562
11165 9798 -442322424
11665 11088 -905296109
18422 10774 -415992555
14576 10360 -230345677
17888 12310 111978036
10642 6664 932467526
9684 10274 -549504044
7344 11874 406305983
11235 10168 321703279
15944 4671 -169769116
19642 8501 859406996
10039 15528 623638597
5507 9946 36814304
14225 15276 612112622
3748 11924 -293368132
1341 16401 -5590819
14388 455 -779872869
9012 8303 -665534354
961 10780 702238451
3015 10495 201285486
16476 5920 -974087215
3494 1766 -345700869
16722 10614 -41283324
12815 14652 -505009077
13242 14887 -878198710
18623 16653 87702609
9853 19084 -653450431
6876 2375 364647088
5173 8740 -199646768
14303 13398 -996780000
10126 13816 -28422155
425 4086 -21005600
747 6915 -378752083
2560 914 223607133
16902 4430 -431640708
1612 17085 -243096856
17756 18410 -5441351
4162 17252 26738704
339 14478 849198969
12063 3836 -501750120
11222 18388 102292472
7619 2616 -365883046
19180 5030 461495543
4871 7514 -537894690
664 8635 956711791
188 8010 541514069
14875 8501 179231192
19996 1196 -579678478
19794 16634 323131827
4114 2796 415064066
18186 12884 413475534
19994 1058 406200453
4810 19764 66362120
19228 5384 758802461
10335 5574 933732085
10764 490 -67775723
3242 7128 -555895593
18296 2663 -205690083
1192 10781 564299689
1960 6428 -850383992
1882 8846 -498244387
8205 11049 -480129182
5178 14903 -830537134
4932 13061 893237030
10516 8872 -524864675
11735 1168 516028763
14371 3065 -546415644
19032 16265 -142508208
16250 12717 -247242414
6981 18582 945259237
3651 341 -217978347
9688 14844 310999576
1283 12738 481061329
13713 5160 722076396
5773 11846 -685298335
18690 18463 925623732
5045 7565 778159470
8072 1398 516067295
16168 16885 -417847030
11753 11965 -238864812
1935 4350 -891614617
7773 13756 -433735248
3136 13337 787731589
13713 87 775076625
8970 15294 -268063003
10968 4250 12481788
9999 7781 -748586178
1614 14239 593101777
6750 14506 -772765679
19410 4982 -815340495
7127 134 528828679
17806 6583 -258615269
11484 1502 -637377711
16753 15727 137785511
9153 18656 -183233656
12438 17635 137337323
18351 6765 980357962
1761 10560 -399341920
7038 5746 447923488
2748 6538 411445196
4196 8240 -683597676
5220 7792 -991057901
5347 11302 -732311832
13272 530 -744177946
18168 17432 87614529
6428 16866 -159174484
9382 12860 179815386
18786 3960 303407085
19004 8846 -35844468
5559 12009 -341699426
13270 16077 615736401
5513 1180 -965637263
4608 11237 -310047157
6746 18900 505246419
18968 11145 760818824
2703 12469 216394493
13349 11813 393295102
3823 9330 302403262
15430 8546 -649070413
18868 19400 363494100
6414 12371 -972861142
3710 19301 -263718536
1319 11283 312123817
2732 1593 -408875549
13166 9679 -510051739
15719 70 -492413199
9371 9628 658828319
19467 5373 467579759
10434 496 -273693056
10395 18264 37193418
5661 14709 -759900153
2144 326 -639172431
18247 12841 668323110
14081 12370 -872074146
8308 3635 -416685370
16854 4699 260045755
7475 707 790356852
8107 16651 963635009
3288 13792 229297925
4063 2177 -469601749
7006 14701 -5818141
17398 3098 416705571
9270 17813 -896842710
7955 16168 -238988135
15328 9376 -663743517
15273 17384 736860919
2775 15758 111012314
11611 15755 -356137678
16808 14886 -457455181
6063 13654 -526283167
12562 17740 -212538514
9391 10089 751083462
13091 3261 -441323749
7036 9268 16562503
5191 2542 -785095852
2271 8505 -264679527
2843 16812 -116328768
10179 1895 936349436
1830 17769 -848988083
12310 6354 145282625
15235 3153 -119178311
14812 10156 262021241
15264 3967 441068464
10929 5152 -838130879
7198 12840 781176842
68 5833 -37730823
4351 7471 -626868167
3693 6724 144795999
13966 18441 567197173
8851 9230 256470484
7239 9441 625086672
8160 6327 -32423277
18968 5083 -513770515
16027 15797 315137432
4763 4937 -992716164
15243 17486 -886914925
5898 7488 -825357368
11515 4234 609410130
13630 7790 221077182
19442 8637 569456520
11121 9 -641416210
16385 12234 67857499
565 4949 -348357622
2980 13864 -651637046
7134 12151 -194678216
8982 1897 -97877375
12103 11961 825311444
14573 194 905212420
159 13515 -992866490
16795 16293 182698040
7775 16793 472599168
9251 17215 -511161177
5232 10516 -183563602
19874 5016 -946653329
14383 14840 335528411
14545 113 -542857901
1013 12555 499674156
5388 16875 231229787
15013 19430 -317428093
4632 4175 102298468
17916 17452 99800643
12437 19987 446730507
10490 18743 -285500857
9806 12028 -814234675
5066 12401 -857393893
12618 13440 583493045
9630 8780 108318185
12209 1401 -339332048
1968 14242 -214932849
387 217 -78976309
19295 10290 227243187
2061 14429 421603857
2941 6861 418954197
7964 191 75762160
12676 17839 253076628
10102 16274 -994404723
5970 19327 198890764
19241 17360 914001810
6993 10769 -759683328
5060 10679 330002704
15770 7694 -702912557
3061 16573 956801834
10662 10331 957315779
3700 12470 -500366768
1767 8924 -128638840
8645 18838 418786427
13215 15868 857767080
17378 6151 844005256
4510 2003 -531441326
8635 1295 288092231
1054 5637 -600476506
1757 13078 -486983771
17344 7717 534908979
14803 18575 567654939
18153 2269 254637999
18188 6576 -68118335
7309 12699 416789945
9059 5153 41716362
17743 12718 -792201369
5568 18931 -814162646
168 3426 -669374438
8839 3601 -345671913
3682 19607 -191676034
5863 19579 -479764731
6326 17061 871171891
19279 16751 213648015
16861 12206 27614725
15109 3806 524828659
9546 19817 -574243894
12076 738 950422749
19216 13863 -847607398
9638 12895 -454222919
8595 5708 189331706
11643 18033 -245933048
17401 7914 465962592
1088 15491 -459851451
16636 11593 692083682
15378 11696 -572731151
13421 16942 -222324483
14535 11782 60373532
12791 18109 -836775693
5765 14992 865902931
7731 2778 -271053192
6289 7 -61488620
8166 19851 804665858
15945 1643 -936556244
3674 1550 653864232
10905 15893 363413665
19409 7081 -169341328
19976 5017 -751556606
6877 12754 409772465
897 15947 835746123
6977 12594 -43995573
3602 11293 480587719
6551 2691 -413298636
285 6256 -341809450
18149 2481 -512779388
15748 12058 -635517591
990 244 311434181
6764 3183 -410719458
10003 9480 -297986794
14504 13082 271190487
19219 13387 763179106
6291 8002 -535966559
1949 7054 -402049244
14668 17158 89072200
12677 15798 157798543
3940 2943 252694142
1570 84 735257910
910 8120 -710796107
7298 1865 -508063089
16326 14180 576805514
19784 11147 529908024
7455 15233 142042583
14842 7580 686556755
1016 6220 -538230221
13679 19529 108698376
14613 10778 802028688
2917 16960 886001595
12185 11741 325594853
16547 2072 510714511
7462 3984 -846784747
15764 4822 972753663
14526 17261 348252128
11644 6616 470016868
12416 1593 -952203467
19288 1707 270661881
9721 12679 52778895
14909 10019 -554313533
7395 13374 59550578
10061 5221 -336474463
10347 10921 -240044906
4048 10115 487905131
2249 9975 -737853724
6695 15596 435816004
16379 9287 837998222
15874 11895 155692874
18054 19677 -257243313
18169 1712 -801986842
4318 1096 -50729374
380 9725 -170144117
11653 15269 94478146
3638 14442 -594390635
17726 8240 -639307413
10451 19273 -570772997
3338 15376 -842869701
11258 9030 -928432511
19039 9642 172775356
18220 11718 112832756
1144 1376 647687728
7890 17144 -219794025
6061 15291 -820199482
1048 17095 987674305
9148 7156 -149176698
9800 11974 248388168
13961 491 360843636
7094 5686 -698023587
11157 5455 757016314
18948 12930 242528055
18329 14845 722469063
4672 6459 -992442745
6866 11489 328748847
17141 5418 -67633220
13858 2920 -478186091
11483 10510 611813382
8818 6714 -427280119
17428 10234 786835900
6295 19304 -515561604
927 12185 -63923442
15732 18527 -257461364
1667 7051 752934084
10605 10125 765323931
1043 9680 -779601073
5333 4790 -413562576
6706 12486 141894402
13659 15737 101261575
13425 5963 -746648711
11219 3261 482590663
19449 17435 224648642
15967 7597 492570201
9907 7688 -45139768
6338 1953 -421362442
15612 18071 -161446443
4701 16898 -751401527
4522 12037 247844826
11983 8660 -236092505
5766 11473 -369478277
8722 7093 -396245392
19866 2067 872428904
8640 6079 -390120179
16134 3140 489792186
17091 18920 342418159
14325 12308 -799551011
4261 16037 -496193338
4298 13174 -62677211
10388 5799 102907119
9679 13604 -243323474
4646 2598 323720931
14559 13212 426567851
14133 17994 520748836
18521 4015 332379753
13051 2612 94794830
3887 17683 505837796
4760 788 -29400565
8486 15221 -378633215
7490 5906 802677618
4129 4815 38827019
2609 17228 298726012
2436 8998 -955618219
9440 2228 396802506
12733 3369 -732056610
14064 10293 -186769816
8674 18433 -382483742
7911 10370 875732307
14689 2360 -500421587
10330 14239 -732215210
638 16010 -82090167
5964 47 854402945
18550 591 -666066726
15008 630 -303443151
12809 8560 -311607282
9034 15518 245741836
13871 11874 550399801
14760 8730 -929019699
8688 16217 254637767
18624 16841 103664915
19116 7278 125931094
14860 18338 766666056
12174 2893 -585301111
14542 5717 916502983
10740 10108 -657486190
4383 10055 -583718761
14274 11608 890940317
7174 6539 460289767
14976 494 -277314961
513 19952 -736591928
14244 16937 -602345935
1955 11803 -236362884
9610 19144 863282278
1320 17200 -93303805
16820 10432 -655676686
15536 11773 -434661669
3870 18248 975922468
10807 726 -640604948
7084 6309 791313313
2367 11517 455844025
13880 13126 844588593
14858 16980 637630212
9579 8747 896829916
18743 16724 47720888
19706 3805 238649002
11236 9497 -48136836
15770 6812 196919916
2986 13618 -14692907
2326 698 -356406719
14854 5680 -629676951
9462 6271 -41951136
15205 11571 987036097
7836 15298 682457248
11734 4660 -275847659
12609 18386 279759109
27 16303 -839700210
9191 15669 206478024
10674 10330 -57034958
3893 7820 349450580
7470 11848 7582615
9815 13255 -499336277
3897 2537 -446810237
14882 16724 159939452
6110 7160 -302056305
5432 18367 674180166
18559 5355 -547448128
14222 13297 382651655
3382 11092 -637916475
10245 12883 -732641916
12162 18224 -666318700
8505 16200 219995259
363 7898 -635506235
9263 13476 91571475
12640 4326 -498730312
2717 4306 -963042759
7811 5731 895665910
12997 5080 242519758
1149 6808 728037036
4643 17322 505041381
18173 6388 645369476
7337 11927 -369915789
13720 8006 -190092276
574 17063 326484643
18400 18992 761239017
6390 212 -217578154
1103 13529 954848698
7937 816 -466027882
5218 2279 -908918201
13457 2989 566742084
1045 9602 -699495410
9511 15115 -664089578
1414 10486 518342488
9372 4582 -252903942
15845 6291 385054815
6902 10443 -540479297
10252 10504 -75168461
18677 487 -480453886
5574 14887 55817518
12168 4638 -384305542
10471 18114 -747186863
16755 1951 961918124
19267 10790 -245785151
19816 19939 -558154702
5919 8282 -314177192
6468 5678 171363728
14170 13530 -101249400
7034 1816 -73538195
1843 13140 777929626
5669 121 275346237
19649 5900 632577505
11912 512 -487325222
9763 6844 90588160
10862 1438 91990177
10914 7311 -91692100
13521 7603 -302428439
332 2344 -581459730
3589 18105 -206456989
863 10687 171691740
17767 9255 209916282
17212 3284 -504724044
12136 15083 -753859942
10478 19545 746482657
9804 1982 233609629
5051 7331 -659907262
12085 17057 166092901
6998 1997 -466118709
19581 15287 -645494583
5243 16955 392606801
15722 11884 -558710253
11076 2960 849963398
11815 16803 -728071177
5446 5051 965757094
18206 15831 370938277
16117 10870 195015235
13404 10864 -975795329
3280 19771 -32247478
5474 12737 -654981955
19400 8261 548458788
109 941 875095222
3132 6090 -304779053
18006 19769 764929718
10675 5670 486907940
5685 13311 450063893
11922 1376 295028873
13701 16625 706106441
11295 9065 -575613681
5468 4739 445664912
8990 960 613167248
2691 16545 681820788
7719 12306 -280978050
9366 15640 959846122
8667 8453 -734952108
15591 1481 1039893
2643 6688 895618061
16021 8274 -63749091
1409 2314 527212849
18054 19229 566597210
3259 185 482874079
13149 13036 622467939
1340 16889 -931467598
6586 2599 -849773450
9772 7951 453347360
12715 14973 -317584892
11733 13593 621867954
7083 7764 111467499
11328 3480 693793022
5650 11925 457293023
7553 6709 -722576958
15832 8457 757187931
8892 16097 616862653
15999 12364 -266109024
4850 6003 258988646
15129 569 237669446
9987 5170 270814767
11269 6452 123287035
13283 13548 -444005159
16969 939 43758817
7542 10173 -111096418
12569 6483 952159362
5317 8136 304283940
17988 12595 941122591
18465 9616 512945899
9413 12618 -163027631
4029 7373 231451976
6140 4668 -805434350
14929 2772 687491125
10634 15870 233226291
1333 14216 877997576
6104 7972 867349165
17483 4314 -125077474
2779 3253 -138299129
7377 4360 -379248242
850 2297 878771858
5853 3327 -91347779
4596 3146 -183772290
4333 4260 897881524
7067 19034 -793699579
11797 11808 933341837
15759 12381 -452451649
15463 4712 669673363
9281 8108 -754830981
3962 16652 -941320890
11257 5669 -252314701
3664 13532 419766549
6479 430 800215651
2610 5138 -583060816
5210 3383 -152280487
18142 17349 -681349406
12623 19395 755696225
10680 19302 743812064
18989 11357 -193416372
6795 1656 378055082
11968 3972 -943950243
5757 16588 49140738
1101 6009 228633559
5235 16238 -36308594
13487 10732 842392343
8659 16127 -869874129
8402 3238 -358701642
8730 14441 878868896
12284 2739 863254121
14486 12964 372163361
6235 197 507862745
1446 9074 700856060
15515 16905 97284435
7883 19665 503046265
13677 14016 -267833091
876 8741 -969588418
10329 14417 -123340896
8469 2480 -42474757
15606 4271 -257444070
6459 14826 290069024
13019 13257 -92112235
10792 17605 -198045076
10483 843 -296392180
4917 8528 778949259
889 3428 679071131
8839 11310 -128253603
3880 14048 90502620
4228 18406 203918494
2131 17889 -376806891
18377 15668 365437678
17643 18563 617940081
1367 7450 -593816965
12164 12665 172726466
5629 9951 967755816
12237 15299 605510571
14146 1591 124677665
7353 4268 -230056978
6301 19196 912756569
18687 17692 583823613
930 14449 152320383
2123 114 -193519995
10602 10016 -260820199
18044 16089 -990724818
19607 8335 663315039
3279 7218 -898928091
17150 13992 -933767
18396 3587 116684415
11282 7495 763901328
18193 9226 -158677033
19438 10315 972069162
9903 9826 -244755278
11147 4964 -245879612
11270 14994 426657385
10835 5094 375948759
11897 5649 951939329
10413 19878 -230410006
8029 1101 -768140842
16531 19783 229917422
7433 7325 48165735
5257 8427 479382532
19862 1113 -996357072
12508 17526 211885883
9333 16892 -853142944
16250 18242 754253957
11052 4287 136546390
13706 2167 487294763
19334 8897 612155456
6192 10664 54380901
13600 8863 955898177
1053 15485 -665226282
14324 15962 245103658
8776 17737 184915925
5764 9397 52896989
8762 16741 -398225069
12036 18202 -201328241
17658 4708 -527090148
1000 1108 -569764743
10568 13852 724356713
4013 5499 -129263410
2732 222 416572696
7375 14805 564047136
1974 17015 -53277688
13493 5568 -566563881
1226 15489 525632157
8406 7552 182845750
9289 293 391265088
17739 16687 -321279569
12321 7260 607537879
7471 12930 138924510
15787 3028 345888898
15430 920 -668732755
16084 17855 -613784416
8057 1468 764649990
3512 3390 666838810
3026 8404 614115710
13253 9698 168064594
19447 17466 431814184
8462 9090 -12309233
3167 13643 -688196737
2548 16772 -683808962
3133 9979 -85823197
16662 7376 -825202397
9081 11589 135495936
16760 7748 671003928
14655 3109 680387810
15709 2562 -42124969
9978 3518 -254568052
11075 12880 -540110273
12134 19709 -498075740
15501 19431 691763827
19787 12200 -862963291
11146 5361 -769448573
17892 4757 -847216529
9208 13310 743082677
10917 11768 -135035162
8449 6392 937337387
8762 3308 -531800551
11860 8132 322286225
15006 15232 -268612578
1249 10712 941846665
9026 15792 -813082487
11653 17198 208787463
14037 6185 188952637
11137 13376 770233537
19502 881 290710721
6028 9802 55721653
10216 425 -613331672
11877 927 87925594
14745 677 -483405322
4244 11874 454062068
9031 17671 -378183436
18824 8058 629495543
219 6419 -873695331
4465 1489 -593826939
19218 14206 -438569894
15937 2731 880329440
8733 14915 468157771
19447 18002 480582871
12159 6511 -314831241
18283 4557 554858962
4301 17894 725625166
17956 5683 -95278076
635 18937 -970744589
19637 12028 792503949
9925 19484 159496027
772 5017 -678598871
18611 424 -746385683
12068 17105 423472169
5399 8866 -18066159
5696 4013 783461627
18839 14182 -833539342
17111 5899 211122485
3305 10183 294578626
19240 2488 955614874
4785 12667 -130085891
6865 3315 297233809
19758 18812 -122319286
16114 3528 -234847460
5245 5173 -195196871
9220 8901 698140670
4234 4271 744843269
18534 5835 956675887
14424 3146 716310997
7776 7250 176910343
7835 16140 -266162211
4430 6754 843208701
2907 16832 -195890197
18234 15379 -32095701
14032 1552 -506869188
12187 9735 -404367091
18297 11673 511219223
4942 4291 -764958052
366 14174 635427273
8260 15057 -161679286
14345 2949 712567952
6826 1544 -30517142
2542 5547 391058901
10398 5538 238578570
16529 6929 395229207
2701 1532 979780866
6843 8774 -560313109
14868 12016 355337824
6684 18335 -2499463
364 13208 -752133227
12783 12054 -49015720
18227 19376 99759399
3239 7943 -953314697
8347 16123 614843178
1384 14838 235646282
3082 17000 967705796
16987 14445 846188561
9488 8029 -102558560
18621 7959 333141216
5126 13204 -397259809
14698 2650 678297981
1695 2284 700119772
17018 758 -706432387
1819 3562 357902444
17812 8843 210919119
818 407 468129456
10353 9788 149260461
7650 8791 486262092
17502 18254 -171545049
1904 1829 -761573826
11986 17184 -560131317
6422 18133 464444282
249 996 100846757
4708 10597 -743651263
15111 570 -538220793
4278 9912 753458460
18233 19017 -250847194
2325 6239 929971002
2578 6355 -268753722
6049 4295 -801468542
13995 11447 456749981
15527 11597 -690786788
5630 16546 -733937659
4 18387 772776030
19565 5910 -357721622
18238 13616 699895460
5959 2139 571509268
17476 511 47213447
4340 5673 -885805230
13030 6313 363553407
12998 8068 -852285383
9173 9695 222176147
12269 19514 -482483409
3311 3849 -366537219
8315 6938 -69402584
1848 5909 506385990
4147 11538 -482642979
6513 12739 50285385
3786 2882 -458860035
19914 7419 828791086
19214 13260 -523919168
14403 9749 134435119
15019 19101 -318566512
18501 2424 -393059440
12206 7476 333518049
9808 17464 566765126
13755 17915 613069285
15829 1273 -203299871
10054 990 511153230
13849 12014 -648232176
12773 13090 -128972283
3558 1195 565962498
14352 693 223075569
14560 4881 -442653563
6703 8185 860488344
2257 8314 -976336807
13079 8382 -667144192
14204 18554 972066520
228 9785 394138847
13416 16191 -525028509
2811 19986 -501870487
17619 10293 893078728
1873 8804 -158250429
7014 14923 665563565
14955 7605 -744436378
17266 10388 334586276
14481 13953 234334192
1493 15242 248462960
1104 17710 -489114426
12397 14668 289468114
13886 10911 881503605
12710 4171 268941533
9759 14332 244254579
3722 1603 -501984390
3364 16854 307191571
11274 17270 875916253
10959 8161 -875222144
15826 11975 -655361207
2603 7278 -538395589
13962 14392 -904550683
13240 2615 80078862
18879 11036 -679068699
15068 10803 -299114057
14517 1942 -234202658
4676 3694 -824129617
9423 4509 630088762
16344 1297 -56652930
14493 4200 -329876932
8275 14120 -493313183
8325 10548 -746118253
2929 9501 805447795
15162 15875 -510041482
1873 4296 -628078946
6012 15240 300388307
5409 7958 300240922
16584 14631 919991322
18935 9592 -510142562
11442 684 348381982
18704 7278 -831288470
10973 17233 -789676593
6342 15846 371832367
19819 17302 -354973114
14898 3675 136026636
3959 17158 282626125
7739 5068 -932820757
2096 19936 229915217
11177 2787 593672789
7643 9035 -146749327
18519 18263 22929825
11622 8784 -212386318
8768 17812 -811458089
2587 5161 -60707248
2209 17097 -822364382
7574 16254 205312518
4520 209 523478422
17391 3830 -321270625
5027 6877 -611558397
7166 2362 853693776
7652 14689 -832885146
10318 2909 389043109
1079 2759 -84294407
16579 14896 -104352192
9320 594 906206030
8847 9477 -902818015
6316 9734 -367467292
2438 12514 765758673
8193 1091 -539458908
12067 11169 307028098
3284 13772 -61156764
2197 9878 136207929
10620 16807 91128296
17150 17700 897142269
11353 12869 866914729
6564 12534 -430803555
6093 8878 392277824
17481 5949 -401321205
14510 15349 -953672294
5788 11722 -36953128
7615 10456 164414879
1255 5215 720259942
16262 5164 -609409250
17553 7814 676263071
10481 2261 -503755381
13177 13946 105118729
10883 19885 -480304173
12442 11919 504767978
18993 176 269816772
10130 18553 988557804
18419 14304 518262752
13034 4353 -78730382
13007 18531 70186203
8872 2885 724318292
17094 18090 603739094
2473 6396 -134872565
11218 18613 602710421
9434 8734 781783479
15707 19617 973180890
910 8151 -26014772
17828 9776 545631991
5914 7992 -571605336
9901 2258 536577778
6761 7288 568463084
11854 9203 318488678
19001 5860 834183915
19238 3899 819833093
4403 8138 -811374262
10141 2489 511691939
8499 8638 -546481589
7865 9272 978599626
18480 16889 417172155
3460 11214 -40961268
7990 3543 206714831
19049 568 -282974246
10802 2342 -808263386
439 2400 -15605469
13582 3804 950102320
17363 4385 631617561
7161 18264 -665027013
5010 4444 -514503953
1105 18905 253285741
7851 5948 671193489
16592 1127 -102218999
3412 16802 -863128478
7893 8210 -399322509
13281 9698 933274816
16699 3290 -971420997
8099 13601 814373900
12567 2140 -593509684
16648 8882 -140476072
4930 98 443131320
12295 13925 720625009
10188 6563 -314511286
3081 15522 -732457703
8055 7037 -797856960
5455 6591 -922252671
16327 7260 826858413
6032 3181 508019186
19849 2917 845969848
3425 4414 808448997
11988 9810 -504198549
6928 18486 907534285
6677 12495 -639331254
1579 4479 -140929612
6517 13956 -462118044
15297 6303 -144101642
2338 17126 -242784428
7737 18806 -29328010
9592 3913 -181127553
1476 13801 -232829640
2156 16244 -638084090
18414 10325 -448616054
10552 17196 945056609
17875 13572 669117554
9497 5978 47973249
5094 14688 -792434650
12252 13749 -916752986
3572 19835 -427375032
10885 639 -750845229
15759 15324 882035132
3364 17328 -903318254
5810 5888 50394049
14486 8914 -324422482
15195 417 -480868438
11503 18498 492449930
18299 18227 -680192222
19981 6289 217581144
6847 19086 209753136
17931 1839 627687677
12299 12569 236174244
15832 6011 268835010
5514 9310 834557396
10783 536 -287505957
5206 9989 671367706
10164 9200 -134659867
5510 3566 682430780
662 1985 628965643
2494 6017 926022457
18347 13236 -576687472
10511 4514 -436847186
15427 18429 -283420241
16696 16102 -857756067
5479 19235 -261316673
18814 6449 807294393
19887 1048 655292830
8481 1122 986141071
7356 16893 604356746
15592 1495 635166024
5546 19987 -713982007
6943 843 137137023
157 16649 -471693384
13830 12376 534944591
13700 4317 448433125
2043 9168 407941334
15857 8821 -180654361
13852 19889 -507537302
10974 13687 146945008
10051 11665 -227036660
19950 16029 994981880
445 2799 -686649492
2890 16309 -154948731
15351 16808 -710784438
19814 4866 -627335848
12824 13648 -366442288
3165 3316 489584905
4248 298 -156138809
9280 3211 -491129545
4839 13188 -236442181
19997 2031 760335551
637 5726 124737851
8326 14970 925689703
1559 742 524247302
1808 2950 531476909
8054 5683 399019044
7659 3926 -558000861
6349 11 527134991
3385 17886 604430551
4435 3207 -146828925
18554 9051 -535607496
12326 6839 413155983
19059 17220 776124737
8984 16720 -559573033
3046 17583 262220815
16992 15179 848828467
1628 11828 214309226
10751 8934 365969846
19080 1947 -39752531
17008 9942 -356216225
15827 341 -194416174
291 12971 -489381298
17107 5712 119144359
14672 17476 151331202
14076 671 -392201710
14735 8039 861883805
15424 15064 522528230
4856 14547 -286555660
3236 16066 96044188
18106 3065 411101613
9290 9293 -351158787
15897 18772 194102889
16586 2707 -379482528
8926 8110 -278188257
191 14818 31815277
16137 10003 72645295
17259 14980 516439056
15553 10844 -379098289
14138 18436 145722982
14114 19398 319161717
6316 15636 -171071381
12905 8361 634278717
8947 9259 143799292
8704 7596 521696557
13513 14510 973342750
12830 16771 296423045
10283 2780 735168538
16794 6919 418869782
5188 19053 -142974778
2290 4539 497067200
429 1293 -887796258
8159 17147 -920628789
15578 5210 -402945619
940 14295 -552274142
15737 14617 729311979
12247 16496 50347096
11519 15985 -985586428
14834 3328 -925521605
16955 1250 331687968
18140 11494 717367898
18489 18780 -411405203
14046 18639 755214141
12769 7917 -712236799
8421 12220 941237056
7066 11550 694667337
5159 16602 399792022
755 4441 -852704880
15409 13522 -42551248
18181 7957 -453260837
16490 16374 863500459
17217 16799 115646527
5704 1440 -855389646
18970 5064 239531733
3326 248 473190145
6289 12645 -519276991
9145 17971 20443986
17938 9368 -977200912
13633 14507 -448640047
6652 19496 -912484956
8543 13780 860932899
15216 18325 665654963
16247 7695 350457474
2677 15319 -607512817
18584 18559 690624920
6848 1608 72947451
9599 16352 -521634510
14786 13872 -467563651
10617 9081 -939729397
3847 7119 -676275657
3081 16977 -299882213
4812 19823 -643681037
17833 14455 722217223
10030 8827 587987165
1489 3055 559612022
717 12502 -240422202
5385 1167 383076493
8857 8045 -677322409
3600 5494 433826172
4623 985 -299328792
5513 4805 -645347362
16500 18774 24603524
19803 7763 792761490
376 7678 -407249724
3504 19915 -70424007
9952 9261 -586459872
15209 3514 893826609
5601 7942 554129334
7642 2796 -923018940
10909 9729 -987082982
19540 14847 269506226
10158 16258 -430827683
12582 8039 -578674174
14238 4853 138865959
8600 6501 512029736
10425 14164 954447112
4704 6353 -157916695
19544 11561 -79912432
9163 8974 927751612
15408 8326 402008971
5331 16406 989245306
3195 2561 -331203341
16609 5617 -557253399
13145 13508 18407985
3959 1895 655646776
10364 2774 738939037
11084 12117 -367482109
9332 16094 141285058
19777 9135 -73341155
6576 3433 394830524
7695 11389 -36678485
5154 15334 887919351
1808 5256 -897101347
15293 9901 -239461902
19313 8838 102763126
12774 14571 862413391
17343 1009 -888647769
13579 18839 -383071854
11399 13583 -438497995
154 1402 927886655
10374 1036 63830062
2310 16005 -618838173
5583 8087 -238627519
107 4126 659804796
18687 14671 -701088102
5120 11401 917928125
16068 18922 409029939
741 5102 -141510927
17883 11388 -934105590
18495 16634 -682947615
8557 15338 397943096
5835 11716 -733955588
7831 6597 970114086
18408 156 888785281
3156 4497 -755843286
6036 2145 -906606012
13174 10225 680552121
700 11675 -767906202
19755 12491 499802634
11332 18525 -434907258
12839 13354 -708358774
6671 19746 -486551381
1396 7017 966079836
3669 5698 -977316751
6075 10870 -842293393
14623 19853 -929356792
18399 4500 38845476
1674 12998 -531117339
2460 14827 -891406595
15985 15774 -589929622
17816 17911 -214243178
1599 12854 -177526225
9282 7018 17272337
800 1585 933544806
1836 13709 976851382
18401 2488 -368877592
7172 14064 -727488870
2314 2219 260584613
9159 323 230742378
3311 19245 426737621
6414 13454 679289924
11479 1496 347528684
13638 2343 -252353614
2736 1563 569210099
19434 2709 -139138771
1018 10346 -878931339
10572 7566 80899526
12780 10467 -186729036
3967 7512 -964659518
13708 15330 40313849
5740 12315 -503880598
6745 14391 582638583
6822 12114 -991155942
15338 1665 149460948
16836 19731 780941860
6528 13129 -302233923
12317 9769 48617401
14156 6470 -557331284
5681 13577 -990093932
19497 16946 635182804
9930 12203 -10362347
13655 4704 -259670402
15179 16760 -389915946
3472 7789 771087012
7474 19253 -623414574
14929 16183 168173878
1810 5679 -387298942
6850 2386 -336796597
4846 804 230752736
1844 1661 -569160162
2175 1387 345300399
18809 7892 300861426
11303 13782 933066123
13226 8012 -569312423
8824 922 -564023942
11759 12054 -412865510
14584 9428 663661392
1121 5619 29871108
8243 12365 849344860
19009 881 -118774846
12355 7837 -429147929
16723 5426 177936531
5884 10712 546782757
7775 17943 750281848
13735 16968 -345705830
3685 9339 -128308640
12017 8493 803958191
4418 19384 -477013385
5784 5383 17464888
12215 8595 -230802083
5430 7089 -951295502
887 11246 957043527
13798 2885 77000898
4452 5079 384393164
7775 5484 -187967089
16070 4280 290303860
501 9814 210601219
7584 17819 919301076
15541 12641 40719692
18502 6073 317904252
17410 9067 520382718
16344 16325 346890782
14645 16474 -217349926
796 11089 44043052
12655 19858 387119078
6232 14656 314703207
6550 10753 -46416837
6444 13006 879313162
14197 13988 454768593
19633 8142 -117406532
1385 3887 -2537658
2142 7986 812378282
7230 4906 118931255
8159 5231 264281544
13815 3917 -462763094
13556 16290 923349415
12952 11526 -867552640
15717 9479 860719054
16547 565 -855124848
9120 10487 -802986987
5835 12256 312990298
874 13828 -986266869
11849 4638 -291668548
13975 15315 445515512
16917 2466 334319987
9133 7658 202145901
15162 6427 752702377
7691 11431 -431388842
16196 13191 -932608369
792 17100 -824004624
16509 19055 971661439
8696 4380 -156242657
29 16305 -983865129
4812 16669 836748607
11586 11692 159097425
1890 9495 8948719
2503 1718 -315405830
12249 19423 -298117996
6771 16201 470496262
13059 7258 -395369287
2970 9244 278439992
7810 18414 -322154163
16931 10396 -53254029
12110 10326 -577089247
10103 15565 452338396
6884 13771 -421049401
15800 5410 913545119
19772 19932 354481599
19736 17027 -269663432
11901 14473 281020761
6320 1590 867144623
10642 43 98783698
9311 265 511636339
16924 11814 -553638995
6149 4390 907592125
8604 15179 543034113
12032 18026 363429904
5127 8599 470404885
1247 7331 -327063915
2 13582 5414
1 11932 -751747345
1 11932 527911224
2 2149 7183
1 11932 -799985433
1 11932 166084197
2 11423 2240
2 18159 14143
2 18825 8249
1 11932 -388664798
2 10659 17137
2 6466 18155
1 11932 754273082
2 11537 16305
1 11932 -175433470
1 11932 721058838
1 11932 -294485377
1 11932 236585562
1 11932 -664672574
1 11932 601380925
1 11932 -115034671
2 5537 828
1 11932 413296058
1 11932 -790896845
1 11932 -437805506
1 11932 -24460686
2 16755 7716
2 7638 1878
1 11932 377346889
1 11932 56727977
2 9382 11138
1 11932 -320557319
2 13857 4287
1 11932 -369295548
1 11932 -227226231
2 2315 14498
1 11932 173473057
1 11932 628827051
2 12871 13617
1 11932 660211379
1 11932 774406204
2 16088 17716
1 11932 -908258999
1 11932 937690687
1 11932 580592538
1 11932 -567145296
2 15484 19037
2 860 6972
2 357 13273
1 11932 74058933
2 5991 18959
1 11932 259230501
1 11932 445764390
1 11932 503709319
2 18947 11356
2 2153 15234
1 11932 -595292615
2 3528 1216
2 2096 7038
1 11932 -839361436
1 11932 984816138
2 15390 8733
2 9821 4914
2 8014 9388
1 11932 847377383
1 11932 762391509
1 11932 847015925
2 10834 12599
1 11932 898128775
2 125 18778
2 11587 5689
2 6107 17407
1 11932 38472443
1 11932 644266952
1 11932 -248485750
2 16412 3517
2 4408 10703
2 15699 10612
2 1233 6761
2 15500 18491
1 11932 121949054
1 11932 -389435964
1 11932 935014115
1 11932 -586374408
2 3337 4530
1 11932 98749085
1 11932 -848845276
1 11932 768466301
1 11932 892167439
2 13954 1299
2 17863 13735
2 10272 16718
2 1056 410
2 11666 18212
2 8921 9571
1 11932 -823033848
1 11932 503684
1 11932 -558929427
1 11932 -622198437
2 10464 14200
1 11932 -139057188
1 11932 961957665
1 11932 -505621927
2 10929 12426
1 11932 641994074
1 11932 -394772243
2 14156 9108
2 16589 18984
2 5665 9865
1 11932 -690657746
2 19754 6994
1 11932 320659389
1 11932 -511989743
2 9975 8708
1 11932 166999337
1 11932 223838054
1 11932 -750803185
1 11932 719457110
1 11932 -943916553
1 11932 830578767
1 11932 558062052
1 11932 973096998
2 9989 4627
2 6663 3175
1 11932 -366419436
2 4423 18993
1 11932 -752256681
2 1482 1828
1 11932 -611121079
1 11932 -372592092
1 11932 -469644135
1 11932 -16324783
1 11932 -56617893
1 11932 166873763
2 10038 16162
1 11932 -920134529
2 7902 5069
1 11932 -623849257
1 11932 -480996408
1 11932 -687423814
2 5241 2884
1 11932 -738828894
1 11932 -191319052
2 14560 6279
2 2513 7019
2 14134 5420
2 9005 16604
1 11932 513072478
1 11932 936432537
2 1748 17465
2 15930 6099
1 11932 744264722
1 11932 -522305231
1 11932 -531372663
2 15389 11762
1 11932 904125515
2 17674 3814
2 12392 2176
1 11932 -121627555
1 11932 120741388
1 11932 288577589
2 18093 9916
2 9210 6056
1 11932 -949428094
1 11932 -269217988
2 11658 19013
1 11932 -333121047
2 6264 15830
2 9519 1506
2 6216 4442
1 11932 -515075548
2 18267 12107
1 11932 -191377929
2 14760 17094
2 895 8688
2 13621 11104
1 11932 359531001
1 11932 518786294
1 11932 -232734607
2 187 11702
1 11932 476927031
2 10493 19985
1 11932 540424622
2 14066 8421
1 11932 -534809410
2 13462 16005
1 11932 -766093078
2 6820 18783
1 11932 782281259
1 11932 103688967
1 11932 719050491
1 11932 15048247
2 3540 8603
1 11932 -107051593
2 11504 6127
2 7446 18839
1 11932 -580565273
2 9120 9591
1 11932 222295707
1 11932 -909825871
2 9879 10529
2 14715 4456
2 17866 11740
1 11932 579341033
1 11932 442788903
2 12751 2853
2 109 18516
2 2087 17451
2 5562 12119
1 11932 -401660566
2 12313 3454
2 1449 7257
1 11932 -110442581
1 11932 -735589126
1 11932 340151946
2 18555 16202
1 11932 193444631
1 11932 939358093
1 11932 -30900412
1 11932 -180497049
1 11932 577072130
2 2895 15894
1 11932 -946049735
2 16380 2992
2 11323 12987
2 11966 10301
1 11932 -55355214
2 19430 15664
1 11932 373818717
1 11932 -438850527
2 5786 18677
2 16700 10154
2 16672 19998
2 11242 11053
1 11932 151960717
1 11932 -925313227
1 11932 828054141
2 2950 8075
2 5334 18570
1 11932 498421538
2 1009 12523
1 11932 -124026579
2 701 10601
1 11932 -358104428
2 5177 7073
2 6663 12144
2 11479 12000
1 11932 -524882543
2 11825 3247
2 10250 18372
2 18440 9893
1 11932 866770498
2 12818 15584
2 18038 10648
1 11932 -573883980
1 11932 -463124059
2 18199 9554
1 11932 848210487
2 3311 6037
2 1830 13169
1 11932 -634134066
1 11932 819820014
2 2881 10392
2 7416 1496
2 14596 11342
2 7284 10142
2 18421 4306
2 2866 12441
1 11932 -31041983
2 12105 3725
1 11932 -123374566
2 6334 6162
2 9601 5753
2 17353 8226
2 13326 4779
2 13719 11321
1 11932 206570749
1 11932 816423453
2 3221 4090
2 3069 17097
2 17937 2221
1 11932 105106689
1 11932 293244225
1 11932 -285360082
2 3878 15437
2 6004 16631
2 7806 1146
2 9022 15653
1 11932 -714240087
2 15168 6100
2 14665 1408
1 11932 -169823002
2 19356 3628
1 11932 441509549
2 8917 8702
2 2420 12856
2 4898 5733
2 16923 7345
1 11932 -638961375
1 11932 671214700
2 6191 16347
1 11932 441238034
2 1970 1695
1 11932 -419289870
2 16029 18810
1 11932 549630082
1 11932 -353306215
2 9497 3394
1 11932 -445254897
1 11932 -30084915
1 11932 235963538
1 11932 -260274015
2 5690 9250
2 14572 1804
1 11932 337222107
1 11932 -774146370
2 557 6642
1 11932 -148327280
1 11932 -404924937
1 11932 645414657
1 11932 -818667476
1 11932 762507117
1 11932 83503652
1 11932 380940530
2 5521 7071
2 9033 7920
1 11932 -44663909
2 18683 76
1 11932 855274328
2 18083 11366
2 1285 18932
2 4933 6243
1 11932 -173510354
1 11932 878732702
2 17480 3123
1 11932 122743469
2 19042 845
2 15698 10793
2 12689 14871
2 9084 1582
1 11932 -83498677
2 2401 14008
2 9635 9447
2 10815 18541
2 8535 1075
2 10155 12992
2 17142 838
2 16134 13039
1 11932 -205648143
1 11932 -838503786
1 11932 763070270
2 12809 15608
2 19522 9829
1 11932 -369352495
1 11932 -223809165
2 7870 1660
2 850 18005
1 11932 229737322
1 11932 -726204295
2 12567 2125
2 3626 19572
1 11932 -35992514
1 11932 298177288
2 8602 19623
2 6286 19787
1 11932 770622978
2 14989 4622
1 11932 710554112
1 11932 -478446707
1 11932 906333029
2 2336 16543
1 11932 -166385356
1 11932 918374476
2 848 6784
2 4682 5267
2 19493 15166
1 11932 580732775
1 11932 539115967
2 7878 3025
2 7407 2226
2 6503 12835
2 5503 3425
1 11932 400467453
2 13778 17306
1 11932 -626236535
2 7335 15531
2 1494 10084
2 19873 19205
1 11932 605518169
2 17308 3486
2 12295 15046
2 4654 565
1 11932 251126322
2 4590 9078
1 11932 -695772256
1 11932 602342292
2 6831 18935
2 6842 14234
2 5644 8013
2 14804 17470
2 8378 16368
2 3270 17571
2 976 909
2 5639 17776
2 3092 10164
2 14149 154
2 7479 5983
2 17991 19217
2 2030 8943
2 15444 1373
2 1130 4379
2 10258 18054
1 11932 758345493
1 11932 -192329609
1 11932 223636069
2 14750 17688
1 11932 -732961868
2 5519 6246
1 11932 982452055
2 4918 18093
1 11932 -55016566
2 7364 673
2 9353 14791
2 974 15828
1 11932 -906601681
2 19424 2491
1 11932 -936110148
1 11932 651280509
1 11932 634047993
1 11932 -795504263
1 11932 775228007
2 11394 6803
1 11932 -777332156
1 11932 -947088095
2 4954 15476
1 11932 -990275700
2 11521 106
1 11932 543654414
1 11932 -769483445
2 19984 14939
2 1129 12999
2 11179 8072
1 11932 -48047323
2 11734 17385
2 6841 985
1 11932 -890463543
1 11932 -656475145
2 2689 16628
1 11932 -899045782
1 11932 -205286154
1 11932 -540902977
1 11932 -3198054
2 19334 14112
1 11932 -351228828
2 19395 10361
1 11932 753831798
1 11932 -696795434
2 10103 13873
2 8071 19567
1 11932 -799216905
1 11932 -801285587
1 11932 -109982767
2 15923 2745
2 3376 5614
2 6456 3879
1 11932 -47152212
1 11932 334890442
1 11932 -647319222
1 11932 -472321594
1 11932 295587029
2 4921 17516
1 11932 952069651
2 15647 3139
2 8180 4371
2 6647 17467
2 13031 15621
1 11932 547898509
2 15898 14865
1 11932 -405814513
1 11932 211586817
1 11932 471426664
1 11932 -370959754
1 11932 -171549496
2 14694 10302
2 13213 19349
1 11932 -102410769
1 11932 178255630
2 7218 2957
2 3083 9886
1 11932 -823291938
1 11932 -447580291
1 11932 52533002
2 4914 9613
1 11932 -128830719
1 11932 169539734
1 11932 -361493000
1 11932 638578187
1 11932 431014296
2 14485 9583
2 14525 5402
2 18008 3551
2 1661 1267
1 11932 718846941
2 15472 128
2 9093 11779
2 14912 10877
2 12563 18314
2 18438 10068
2 17261 6409
1 11932 -182385553
1 11932 582604748
2 4830 9486
1 11932 879134265
2 18296 6631
2 1900 17420
2 16567 19206
1 11932 263149566
1 11932 958745572
2 7800 13486
2 14236 15082
1 11932 572954371
2 3750 9232
2 17846 2376
2 783 1407
1 11932 267594685
1 11932 -279310948
2 17031 13040
2 15366 10283
1 11932 -79707939
1 11932 -818431359
1 11932 927399653
2 19854 6946
2 1458 5847
1 11932 694328322
2 15709 19311
1 11932 -257805072
1 11932 -79739511
2 18849 7075
1 11932 -611645739
2 17093 17934
2 3227 17571
1 11932 617315773
1 11932 606388568
2 12571 11754
2 3207 14737
1 11932 512204200
1 11932 -139231836
2 12438 14236
2 5557 15261
2 18193 525
1 11932 -550382414
2 13557 10276
2 2366 4929
2 17176 19565
2 15513 4757
2 18483 660
1 11932 -397987951
2 13873 18221
1 11932 -89960250
1 11932 370242644
2 16115 5125
1 11932 931097512
2 8822 8131
1 11932 -773011474
2 1577 541
2 18468 4789
1 11932 423494221
2 11250 6480
1 11932 -501663937
1 11932 -991868873
2 18997 19713
2 13128 14053
2 11007 15262
1 11932 -45118324
1 11932 -51532654
1 11932 909764927
1 11932 -329283836
2 14027 15095
1 11932 -83615302
2 317 6850
1 11932 508172792
1 11932 -98657033
1 11932 -639995879
1 11932 -627674865
2 8871 19438
1 11932 384354405
1 11932 101987882
1 11932 -376447871
1 11932 -640132079
2 17005 10763
2 17515 10783
2 14825 9244
2 15154 10216
1 11932 -157181135
1 11932 -985138588
1 11932 -564397091
1 11932 -558850362
1 11932 -518179588
1 11932 -314451878
1 11932 500533450
1 11932 -673016180
1 11932 904889579
1 11932 669448093
1 11932 843441616
2 8100 8445
1 11932 -199524844
2 8786 11106
2 3956 2982
1 11932 -348283389
1 11932 815710110
2 16512 2114
1 11932 649312405
2 17026 9857
2 11434 6760
2 17061 9486
2 5893 2279
2 5283 15267
1 11932 -212827324
2 185 2654
1 11932 702737051
2 10503 498
1 11932 653294824
2 15703 17435
1 11932 -642815690
1 11932 -207756750
1 11932 -183113759
2 14916 8207
1 11932 123839526
2 4287 16561
1 11932 -123795806
2 19769 929
1 11932 -557198707
2 8478 2546
1 11932 895835994
2 15461 10200
2 18262 9488
1 11932 678074899
1 11932 760387381
1 11932 162519527
1 11932 352527625
2 7360 4257
2 5265 11894
1 11932 284459124
2 1988 1279
1 11932 572066045
1 11932 869194250
1 11932 -593789089
1 11932 -176325110
1 11932 995408169
1 11932 -848844021
1 11932 153995657
1 11932 663984070
2 6957 17880
2 402 6217
2 11092 10853
2 17727 8523
1 11932 158944844
2 12866 939
2 14872 19306
1 11932 577374280
1 11932 546793736
1 11932 -128439207
2 7952 8743
2 16625 14179
1 11932 933697727
2 1540 1964
1 11932 -184193554
2 3614 12318
2 17068 8884
1 11932 -150060014
2 5435 487
1 11932 755055891
1 11932 709167204
2 1666 669
2 7564 11050
2 7543 10760
2 19188 3150
2 12863 3059
2 918 15660
1 11932 341833035
1 11932 -499052089
1 11932 -925081083
1 11932 -143137825
1 11932 451170059
1 11932 242306448
1 11932 437494007
2 3306 15219
2 1318 10070
1 11932 -341654137
1 11932 -34908232
2 3718 12997
2 3542 12438
1 11932 -127350892
1 11932 730219679
1 11932 -570180032
2 15111 14380
2 16964 2136
2 14128 8755
1 11932 182957725
1 11932 -878761018
2 254 6769
1 11932 320518667
1 11932 602158438
1 11932 722421858
1 11932 22492412
1 11932 910257810
1 11932 -54962761
2 3160 9013
1 11932 816296330
1 11932 -372285808
2 10538 8448
2 16456 18272
1 11932 -349376231
2 1270 3622
1 11932 -268590907
1 11932 538459773
1 11932 -522277001
1 11932 -497475687
1 11932 -140982640
1 11932 -302794714
2 18286 1016
2 11395 1427
1 11932 703256646
2 2161 15221
1 11932 227641288
1 11932 994919037
2 15051 8754
2 19232 14188
1 11932 -942783693
2 4828 270
1 11932 269917805
2 12603 15328
1 11932 181525634
1 11932 354604031
2 11785 11581
2 1318 18884
2 6364 11507
1 11932 847524530
2 9329 8376
2 8818 5784
2 18550 17954
2 10798 15665
2 2844 1894
1 11932 478728218
1 11932 754219636
1 11932 -514811693
1 11932 -874633983
1 11932 -800395136
1 11932 515401077
1 11932 -233866047
1 11932 -471964151
1 11932 503871550
1 11932 595665123
2 16557 10593
1 11932 946989406
1 11932 -267584931
1 11932 168409493
2 18474 7806
2 7911 10229
2 16369 9847
1 11932 -80146081
1 11932 13850893
2 15225 5856
2 13841 11028
2 4065 14406
2 625 11797
2 6984 3361
1 11932 625815454
2 1772 10065
1 11932 608009057
1 11932 869625447
2 8391 18913
1 11932 371739582
2 17382 13132
2 19832 7681
2 3185 13423
2 18614 4686
2 2662 8454
1 11932 -194437528
1 11932 -284095509
2 12715 9145
2 14958 7088
2 14105 7098
2 9798 14337
1 11932 -471898756
2 7916 12901
2 2570 12922
2 6860 16363
2 3350 13720
1 11932 402618177
2 15088 11773
1 11932 370932388
2 8784 19532
1 11932 -863618055
2 16904 16008
1 11932 -643140233
2 2739 17802
2 4913 10275
1 11932 621566929
2 4487 16941
2 7641 4300
1 11932 -929083182
2 6215 10646
2 8174 6305
2 16912 17508
1 11932 123704495
1 11932 -767060916
1 11932 -633621694
1 11932 -859117696
2 12589 13905
1 11932 -620921226
1 11932 609948503
1 11932 -737029005
2 17537 1375
2 1002 16178
2 13273 7987
2 13359 8490
1 11932 -862734213
2 16941 4708
1 11932 120457878
2 35 4204
1 11932 -318440939
1 11932 709945536
1 11932 -500670991
1 11932 -625643527
2 10035 13806
1 11932 -322512959
2 15351 5413
1 11932 831913692
2 17356 8618
1 11932 -22329175
2 5930 10885
2 860 15312
1 11932 722990293
1 11932 753957451
1 11932 -595702545
2 17892 10625
2 10164 18083
2 17189 7629
1 11932 -966688089
2 13453 7518
2 8436 1317
2 10998 18791
1 11932 -71179907
1 11932 -310253723
1 11932 991626132
1 11932 843661496
2 17975 9219
2 3300 6276
2 17565 19340
2 10441 12176
1 11932 -292788291
1 11932 655260892
1 11932 -55981069
2 343 13127
2 16285 9193
1 11932 698173275
2 19145 6054
2 3008 10241
1 11932 -754211110
1 11932 -430554438
2 2772 7189
1 11932 277215114
1 11932 74228016
2 12694 11966
2 18268 6375
2 7728 18238
2 10519 17404
2 11465 4967
1 11932 956997965
1 11932 449985729
2 13907 5301
1 11932 910866797
2 1648 5981
2 2697 6976
1 11932 -304930679
2 6197 13416
1 11932 -200166227
1 11932 -622140239
1 11932 -94037059
2 11865 12782
1 11932 455488630
1 11932 317881914
1 11932 821313132
1 11932 -663896075
2 6040 3471
2 10455 14215
2 6005 10276
2 3051 8322
2 2565 1119
1 11932 -695725797
1 11932 -783957753
2 6495 18241
2 4428 11463
2 7539 18737
1 11932 165888986
2 6271 13359
2 8040 1641
1 11932 223013201
2 459 14575
1 11932 -507144422
2 10880 2152
2 3306 8671
2 5093 10838
2 18543 19040
2 4427 9736
1 11932 -534614599
2 16620 7522
2 1284 6019
1 11932 -74400890
1 11932 957040220
2 11454 19474
1 11932 471171062
1 11932 394892864
2 9906 6443
2 16351 9511
2 16266 10977
1 11932 -234191169
1 11932 903352666
1 11932 464404094
2 13396 6486
2 2260 2095
1 11932 933571645
2 9096 15935
1 11932 -739676082
2 8321 15246
1 11932 -531939188
1 11932 858166040
1 11932 624023176
2 12707 11816
2 1441 11705
2 1668 11532
2 8238 10971
2 14091 15808
2 15744 4129
1 11932 -90636223
1 11932 -405064619
2 10493 10312
1 11932 -664463703
2 19337 13165
2 4225 11928
2 1450 14188
2 3384 12313
1 11932 456876661
1 11932 -617242497
2 15137 9418
2 8317 6673
2 11014 15377
2 9830 6329
2 18151 19523
2 11176 15095
1 11932 -861187221
2 9516 2631
2 9961 17653
2 7720 9415
1 11932 -336347303
2 13719 12603
1 11932 273897343
2 4938 4775
2 16504 18350
2 1284 18471
1 11932 106536210
1 11932 -486312824
1 11932 -635864259
2 17579 6663
1 11932 -921051955
1 11932 113357787
2 795 15730
2 19423 12629
2 427 15502
2 18348 1200
1 11932 -65607677
2 18784 10480
2 4157 2693
2 15743 13053
1 11932 -530407171
1 11932 -668408289
1 11932 -745895788
2 3263 8454
2 11565 14431
2 19987 125
2 3681 18538
2 11191 437
1 11932 270293760
2 19194 2102
2 17268 18560
1 11932 -595771082
1 11932 -407030672
1 11932 101215158
2 16820 12022
2 18401 1810
2 6486 17878
1 11932 226040471
1 11932 685496812
2 9388 13554
2 1157 6066
1 11932 835466015
1 11932 4798531
2 9679 15945
2 15546 17600
2 11521 14876
2 2394 18751
2 909 15203
2 16051 3908
2 2069 5113
2 17263 3681
2 10545 12714
1 11932 25221159
2 19323 10416
2 15223 4079
2 1658 17967
1 11932 -871229152
1 11932 -130158530
1 11932 882880297
1 11932 -748674904
2 14055 11479
2 6164 15148
1 11932 528057909
2 5310 13174
1 11932 777689710
2 1643 724
1 11932 91366778
1 11932 543803608
1 11932 576988569
2 409 11059
1 11932 -317923321
2 3673 15460
2 17287 19954
2 14645 15734
2 10054 15227
1 11932 -190722562
1 11932 -640640110
2 6116 11817
2 6147 1542
1 11932 748156072
2 11236 8559
2 85 14118
2 4665 3298
1 11932 -620915681
2 4483 3325
1 11932 -550667794
2 6302 18611
1 11932 -469474424
2 10852 18673
1 11932 704102361
2 10828 5251
1 11932 202450409
1 11932 855968134
2 999 16257
2 10853 12739
2 2248 5773
2 18254 18421
1 11932 -309895438
2 7606 14071
1 11932 -459331624
1 11932 656777595
1 11932 -74722331
1 11932 -194334111
1 11932 111342638
2 11920 4407
1 11932 457873316
2 1978 12823
1 11932 25705398
1 11932 134451926
2 254 6624
1 11932 -382931188
1 11932 609710501
2 10048 16320
2 6948 17223
2 270 390
2 14696 14633
2 15185 13452
1 11932 -637537082
2 4293 1080
2 4177 3889
1 11932 -91776846
2 19474 5458
1 11932 -498106220
2 19759 15683
2 13318 7996
1 11932 -801549442
1 11932 731387443
1 11932 -888476545
2 19728 11095
1 11932 -413873665
1 11932 588103256
1 11932 -688428004
2 18988 13934
1 11932 650521079
2 15289 6655
2 5784 3169
2 14637 3844
2 17855 19272
2 15915 19830
1 11932 605054309
2 15439 11419
1 11932 803349559
2 8605 3772
2 19404 6453
2 1967 13482
1 11932 -334194326
2 16451 7433
2 1273 18217
1 11932 821985879
2 5960 7384
1 11932 928158058
2 361 19866
2 9644 13819
2 19299 15287
2 4274 14655
1 11932 -349920499
2 16416 1269
1 11932 41323474
1 11932 217621418
1 11932 -600209519
2 1371 19031
1 11932 -892188346
2 17163 13890
1 11932 -534690744
2 5140 8773
2 10981 18275
2 5475 18748
1 11932 -529370108
1 11932 799544150
1 11932 -248735687
1 11932 607432741
1 11932 -258386023
2 15073 695
1 11932 -715931943
1 11932 -236693155
1 11932 339806226
2 18542 18787
2 2943 5862
2 7445 6431
1 11932 -757936030
1 11932 943676752
2 9951 200
2 12137 15245
1 11932 -219120304
1 11932 186676932
1 11932 685644818
1 11932 -887574350
2 4322 12826
1 11932 -591547326
2 18952 1346
1 11932 -900231538
1 11932 -531399426
2 14878 1602
2 4235 13594
1 11932 729999238
2 7583 5549
1 11932 732674654
2 9291 3273
1 11932 -998007378
2 357 17390
1 11932 -80244012
2 19734 12632
2 2240 12183
2 16587 18148
2 2964 9180
1 11932 496279442
1 11932 263742076
1 11932 364779697
1 11932 168127402
1 11932 686033044
1 11932 112068583
1 11932 -844452666
1 11932 -24689907
1 11932 -272259029
2 17101 844
2 19282 786
1 11932 -585961443
1 11932 674064921
2 11606 7877
2 5954 18829
2 16989 18095
1 11932 142398349
2 8008 3142
1 11932 738640794
2 10389 17725
2 12314 10330
2 16543 9650
2 13952 1318
1 11932 741743310
2 12716 16314
2 18889 16886
1 11932 -228921998
2 700 7258
2 3838 13908
2 17774 18760
1 11932 38313554
1 11932 -514837377
2 4375 18732
1 11932 -932868250
1 11932 -145487649
1 11932 605833018
1 11932 977244754
1 11932 -9657112
2 5374 12390
2 11603 2485
1 11932 141546757
1 11932 192021525
2 16970 1415
1 11932 385532681
1 11932 -12872539
2 9634 5062
2 4391 8272
1 11932 418891170
2 3481 2673
1 11932 571879528
2 10527 1363
1 11932 148175812
1 11932 396390921
1 11932 867973980
1 11932 279226460
2 18562 7799
2 4046 15099
2 14647 14519
2 5145 19505
1 11932 -736574066
2 13357 4872
1 11932 -147357749
2 19768 1292
1 11932 -396680889
2 537 3348
1 11932 149855950
1 11932 -229027828
2 13990 5992
1 11932 -92330900
1 11932 476755484
2 2445 5725
2 18023 3550
1 11932 638132989
2 9384 19355
2 7834 13368
1 11932 -749274047
2 8514 5011
2 10792 5030
1 11932 241146778
2 13201 9760
1 11932 503058155
2 1706 19289
2 15998 17256
1 11932 941326739
1 11932 -95248895
2 3294 13971
1 11932 -988333083
2 2788 16889
1 11932 -738527904
1 11932 17070084
2 5350 11235
1 11932 -352120811
2 6007 18518
1 11932 145718658
1 11932 9845932
2 688 2810
1 11932 -965040084
2 498 10697
2 18549 8024
2 7966 1589
2 17276 4901
1 11932 -853902899
2 3876 8094
2 3446 13865
1 11932 686976064
1 11932 -150598625
1 11932 -365970465
1 11932 -148253348
2 8397 6653
2 8400 11004
2 4630 6344
2 11471 17274
1 11932 -855201141
2 5017 16248
1 11932 324279384
2 10501 6774
1 11932 -570716656
2 10830 18817
2 19232 14239
1 11932 97454926
1 11932 377914002
1 11932 958648891
2 17010 12536
1 11932 -759780387
1 11932 631513138
1 11932 -191685892
1 11932 -553355207
2 6889 6490
1 11932 462866660
1 11932 -439428457
2 17457 13881
2 2320 4389
1 11932 -820999771
1 11932 789471674
2 14797 12769
1 11932 449494897
1 11932 -935583839
2 13534 5295
1 11932 -86916464
1 11932 -611803490
2 338 17645
2 15274 9149
2 16134 6364
1 11932 -708798058
2 3074 1988
2 18870 12671
1 11932 284148511
2 7358 1394
1 11932 -842857265
2 2580 5649
1 11932 315009401
2 9406 10747
1 11932 50734435
2 16913 10514
1 11932 821839132
1 11932 -936247492
1 11932 453242452
1 11932 696359325
2 10586 13454
1 11932 784157585
1 11932 -698960138
1 11932 -790009682
1 11932 661745337
2 8929 12258
2 870 17008
1 11932 467305406
2 3345 753
2 5480 17178
2 8508 18907
2 5235 9937
2 14645 5068
1 11932 708671538
1 11932 542756626
1 11932 -565273109
1 11932 814489738
2 4602 14303
1 11932 -592720575
1 11932 323314976
1 11932 -642125886
1 11932 364821890
1 11932 2330247
2 11746 19645
2 2391 2532
2 12655 12664
2 3100 10180
1 11932 -417598576
2 4740 11475
1 11932 -924033461
1 11932 -951556280
2 14819 15141
2 6138 4955
2 16877 5226
1 11932 652188870
2 9103 14851
2 6999 8145
1 11932 -439940378
2 2282 18884
1 11932 302929042
2 11429 8724
2 7138 2248
2 3696 11176
2 11183 4917
1 11932 -843541174
1 11932 542728077
2 3311 7364
1 11932 683358210
2 7254 510
1 11932 -76703965
1 11932 -992897092
2 3643 15568
2 5054 15693
2 10864 8243
2 18619 8695
1 11932 -206565642
1 11932 -583199943
1 11932 -251688336
2 12773 12622
2 6368 12089
1 11932 -955141994
1 11932 441402472
2 10894 16658
1 11932 -918036007
2 10977 14532
1 11932 -154326318
1 11932 496864837
1 11932 201781920
1 11932 176329882
1 11932 964297220
2 18433 3267
1 11932 103865243
1 11932 473693963
2 11816 16700
1 11932 -229216770
1 11932 312071189
2 17441 16390
2 5176 11945
1 11932 904073860
2 9003 10494
1 11932 615223243
1 11932 867884321
2 4628 12794
2 17607 2633
2 4142 16440
2 15752 8226
2 1196 15665
2 18264 15309
2 7043 6450
2 8609 16207
2 10858 8878
2 11402 15419
2 4935 12106
2 17811 9997
1 11932 -46883597
2 2942 18847
1 11932 422704099
2 14974 12990
2 4527 3897
2 2609 18156
1 11932 329997656
1 11932 389577647
1 11932 613157573
1 11932 19157026
1 11932 93026400
2 6040 12058
2 1392 10345
1 11932 286840038
2 5206 9636
1 11932 -493527639
1 11932 -869528028
1 11932 -352996810
2 13208 6192
2 4951 3625
1 11932 -697560177
1 11932 488944676
1 11932 -848164193
1 11932 688515177
2 8034 5134
2 18327 13163
1 11932 607929959
2 12916 6522
1 11932 379112933
1 11932 -131641857
1 11932 654179656
1 11932 332871458
2 18700 2705
1 11932 -929684295
2 737 7895
2 15282 12221
1 11932 -371345691
2 2316 10324
1 11932 -512539065
1 11932 -242332166
2 11921 12009
1 11932 375703067
1 11932 -930244081
1 11932 -593688533
1 11932 -599603862
1 11932 270294350
2 12613 12838
2 7840 6525
2 2067 705
1 11932 562307518
2 13665 16117
1 11932 217532752
2 19836 16716
2 12487 6826
1 11932 345215997
2 3653 18964
2 11995 19156
2 10213 18865
2 19683 12245
2 9917 17931
2 13165 11609
2 3073 10925
1 11932 29626332
1 11932 670191324
2 7858 17978
2 830 269
1 11932 -775892910
2 14857 8678
2 13466 17893
1 11932 920322925
2 14352 19729
2 325 12349
2 17484 7403
2 4526 1049
1 11932 -53503359
2 14066 16588
1 11932 -673924809
1 11932 -751105153
1 11932 -824494238
2 19917 13630
1 11932 164770347
2 16766 4150
1 11932 878230779
2 6580 8067
1 11932 152032091
2 7391 19085
2 16304 2886
2 11565 13254
2 13547 18318
2 3143 17270
1 11932 -379172550
2 1886 6697
2 9693 10729
2 2477 13264
2 19616 16093
2 5157 8007
2 13472 16244
2 6207 15983
1 11932 -915064703
1 11932 -470645484
2 9675 18335
2 4882 10593
2 2954 640
2 13133 5673
2 4140 1046
1 11932 985799700
1 11932 778949089
2 4171 15847
1 11932 742978248
2 3512 11783
2 2334 2132
2 12028 6721
1 11932 244357490
2 10580 13627
2 4725 17370
2 11278 1020
2 6606 18170
1 11932 714300174
2 14109 14532
2 15821 16825
2 8452 4752
2 15589 3324
2 3315 14749
1 11932 -862646973
2 13292 12796
2 18843 18447
2 3265 16191
1 11932 -5717479
1 11932 -309245253
2 14148 3172
2 991 7072
2 9776 14637
1 11932 -850678386
1 11932 -282552613
1 11932 -164222574
2 4189 19999
2 2150 194
2 13322 2573
2 17703 9818
1 11932 351258274
1 11932 -863027752
2 15737 16216
1 11932 -446626282
2 16366 19538
2 7250 15356
1 11932 -861773556
2 12027 8274
1 11932 -549050287
1 11932 636294476
1 11932 309538621
2 13285 11723
2 13026 13532
2 16671 11443
2 10308 13808
1 11932 454730493
2 17959 12062
1 11932 -268225988
1 11932 -503176659
1 11932 -460885141
2 6706 4579
1 11932 -642904339
2 695 3589
2 5103 11968
1 11932 -469022226
1 11932 -664248242
2 15822 6909
2 11988 5969
1 11932 -324753619
1 11932 -805795810
1 11932 565135628
1 11932 -419541040
2 15833 11932
2 7470 1351
1 11932 497744420
1 11932 447619643
1 11932 -598895158
1 11932 -563458580
1 11932 -48133432
1 11932 -624135588
2 7709 14453
2 16979 14551
2 17871 339
2 19275 19248
1 11932 739668039
1 11932 -327024080
1 11932 -384358674
1 11932 617890720
2 13277 12329
1 11932 264696174
1 11932 -207205855
1 11932 -265685397
2 9 5488
2 14781 14070
1 11932 -272254666
2 3523 17703
1 11932 779685333
2 3187 11942
2 10161 6456
2 2981 301
2 3984 18488
1 11932 -338840765
2 11980 3592
1 11932 639249282
1 11932 423114436
2 4138 19739
2 3342 5404
1 11932 -344197540
2 10418 5629
2 11844 18985
1 11932 -442941251
2 2344 14611
1 11932 -499363601
2 6366 9741
1 11932 -450951819
2 12595 14263
1 11932 -432234835
1 11932 -252193023
1 11932 -563577023
1 11932 -521969946
1 11932 982421541
1 11932 -405380487
2 8957 8201
2 11883 15335
2 11172 4836
2 6524 3771
1 11932 -751493045
2 17863 17541
2 2686 5481
1 11932 695905459
2 4091 10051
2 12718 11655
2 15857 15561
1 11932 -503967929
1 11932 47752075
1 11932 -751435195
2 8669 601
1 11932 790989443
2 11615 5785
1 11932 445153564
2 9299 8869
2 12666 1016
2 14859 4447
2 12398 7761
2 4208 14924
2 8452 11734
1 11932 -674979798
1 11932 392623255
1 11932 -18817056
1 11932 -711175615
1 11932 178188628
2 18341 2303
2 9919 534
2 8846 7972
1 11932 696960268
1 11932 24106945
2 13807 8543
2 484 10024
2 19861 11438
1 11932 -571449451
2 4286 11341
2 16045 17232
1 11932 -892492430
2 13379 17288
1 11932 -983984145
1 11932 -147126057
1 11932 -227065069
1 11932 -338030111
2 10350 2539
1 11932 -918394271
1 11932 403453302
2 5479 6046
1 11932 -328670033
1 11932 91202502
2 16968 16759
2 1073 18985
1 11932 575550603
2 3543 3168
1 11932 -910095742
2 2802 7325
2 13982 18934
1 11932 -490184428
2 19005 7932
2 9200 7438
1 11932 77000576
2 10913 16116
2 578 5362
2 10696 13296
1 11932 987648606
1 11932 -726124711
1 11932 -112477389
1 11932 718435839
1 11932 -745957218
2 8939 11156
2 15848 3336
1 11932 -549800210
2 1780 8432
2 2465 11574
2 18846 1548
1 11932 -620466163
1 11932 -876323367
2 9427 10100
1 11932 460749567
2 19463 4679
2 1639 8632
2 6506 15249
1 11932 297341295
1 11932 450732544
1 11932 -571233079
1 11932 698026495
1 11932 -906273018
1 11932 -182535763
2 6774 7096
1 11932 580617088
2 9787 18764
2 17709 16486
1 11932 475271866
2 1311 19655
1 11932 -315132851
1 11932 -247646597
2 12258 19128
1 11932 -855669590
2 3405 2088
1 11932 884091478
1 11932 -21336633
2 3994 2795
2 3837 12702
1 11932 -55172213
1 11932 -632714096
2 310 11183
1 11932 -505220150
2 18073 1078
1 11932 2250967
2 7361 17060
2 282 18465
1 11932 228023424
2 12779 13506
2 14436 3693
2 8654 8093
1 11932 501673853
2 7435 428
2 5872 15558
1 11932 -82617150
1 11932 636377776
1 11932 -920041150
1 11932 552843767
1 11932 -18274418
1 11932 -765028525
1 11932 -330947658
2 3708 2265
2 4517 7069
1 11932 57167021
1 11932 422346050
1 11932 -960030123
1 11932 683605364
1 11932 595018196
1 11932 -13183580
1 11932 -805454620
2 3978 11695
1 11932 -250408942
2 1044 14281
2 17386 4175
2 6133 18252
2 17991 14510
1 11932 -316547157
2 12740 10707
2 11684 5943
1 11932 -909017380
2 303 17359
2 2316 1754
2 4877 6666
2 14924 8054
2 3095 13804
2 2463 12436
1 11932 -657939619
2 11929 19010
1 11932 154147195
2 9341 5553
2 3049 10909
2 15054 17667
1 11932 -532361628
1 11932 -357472285
2 19762 8771
1 11932 533389076
2 19740 19099
1 11932 812780840
2 9587 17813
2 190 6620
2 6203 14017
2 16994 19057
1 11932 636356245
2 2955 17402
2 7235 6103
2 14268 3415
1 11932 -323235567
2 5262 16832
2 3255 7041
2 6770 18771
2 18218 4873
2 964 8964
1 11932 -62130167
2 10485 14946
2 10100 12505
2 16627 16227
2 6951 18446
2 16117 12944
2 12335 18481
1 11932 609025205
2 8815 16176
1 11932 596367181
1 11932 434956860
2 3061 17748
2 10961 17033
1 11932 404123225
2 12715 19095
1 11932 -563639818
2 3794 18799
1 11932 53369368
2 2898 1339
1 11932 905328420
2 8659 15706
2 5200 4991
1 11932 -194491842
2 14396 296
2 4095 13190
1 11932 -531765565
1 11932 -36987936
2 3653 3014
2 7467 2793
2 13003 4434
2 13162 16461
1 11932 475119440
2 2787 17595
1 11932 -258551099
2 5040 19509
2 551 6635
1 11932 -118108936
1 11932 674057302
1 11932 -909957426
1 11932 385232633
1 11932 598891733
2 14826 4247
1 11932 803446546
2 13377 1365
1 11932 437985085
2 13158 4546
2 7402 6350
1 11932 676925401
1 11932 -593910148
2 1237 1314
2 13530 11337
1 11932 -971580279
2 1857 16536
1 11932 -129803361
2 5756 14238
2 8302 4118
1 11932 666626698
1 11932 -225737618
2 1824 7064
2 241 9940
1 11932 141070879
1 11932 -228277987
2 13773 15263
1 11932 851875739
1 11932 -468684124
2 8335 15587
2 1198 7666
2 8245 8421
1 11932 703931374
2 5573 18664
1 11932 -656127231
2 1508 10702
2 15317 18326
2 19254 10187
1 11932 643894628
1 11932 -393564460
1 11932 982533619
1 11932 -889722783
2 1576 2027
2 3724 16962
2 14566 5984
2 19880 10195
1 11932 -925058140
2 14552 1295
2 10613 7890
2 10555 5921
1 11932 -840180419
1 11932 -72311687
1 11932 -680772190
1 11932 110231575
2 2988 1621
2 9261 13822
1 11932 697272720
2 9907 9981
1 11932 151084815
1 11932 -384663220
2 12976 10579
2 7494 16259
1 11932 262393243
1 11932 746982877
1 11932 -914319944
2 5072 17844
1 11932 455756274
1 11932 57817376
1 11932 958282
2 12438 5203
2 10783 4573
2 18532 5138
2 924 16621
1 11932 105837739
1 11932 448112669
2 8286 11633
2 4929 2954
1 11932 549425082
2 8939 5944
1 11932 626245954
2 18833 18928
2 14455 17837
1 11932 -731866923
2 11287 14154
1 11932 513570970
2 670 9526
2 2385 10011
1 11932 464867338
1 11932 887559446
1 11932 59691374
1 11932 396792654
2 6805 13223
1 11932 966188997
2 19613 15467
2 13457 18372
2 19328 12694
2 3157 11774
1 11932 -577735724
2 11096 16761
2 4814 11777
2 18461 9041
1 11932 288524886
2 15888 15631
2 12714 12053
1 11932 -179425025
1 11932 128061397
1 11932 345732474
1 11932 -348265952
2 16497 16759
1 11932 715812024
1 11932 -186656910
2 17647 1507
2 6809 1844
2 3971 2260
1 11932 451897369
1 11932 -845520959
1 11932 670657916
1 11932 -841215878
2 1262 4964
2 7909 18172
2 16933 2447
1 11932 -426767817
1 11932 -406264992
2 4762 19943
1 11932 -803512277
2 5725 4631
2 281 16118
2 11228 18089
1 11932 468023555
1 11932 -78887088
2 9743 19127
1 11932 403909911
2 6556 16246
1 11932 40692175
1 11932 846019688
2 4176 8579
2 9170 11025
1 11932 -931816061
2 15103 9121
2 17644 6590
2 18807 18791
1 11932 715939044
2 15319 10027
2 17099 16216
2 13857 3053
1 11932 -578352850
1 11932 -473565973
1 11932 193522343
1 11932 -162679574
2 12 16900
1 11932 23161124
1 11932 334805487
1 11932 -687833954
2 6043 13841
1 11932 -378295595
2 11303 13988
2 9130 11200
2 4268 14602
1 11932 466811866
2 10160 4749
1 11932 337765459
2 12606 3896
2 6384 2708
1 11932 -826889350
2 8785 12660
1 11932 315106630
2 11067 2668
2 16909 16370
2 10010 12445
2 12264 11891
1 11932 -835776470
2 17057 18634
1 11932 -108357582
2 15208 18193
1 11932 -124526286
1 11932 -90535952
1 11932 -567840852
1 11932 610288668
1 11932 641258465
2 2312 17496
1 11932 213198590
2 16638 16201
1 11932 561454891
2 4884 3548
2 3266 19510
2 2766 9462
1 11932 -484398628
1 11932 566216001
2 10401 9712
2 7859 10020
2 13967 10229
2 5581 8512
2 4853 8000
1 11932 -65859652
2 18805 240
1 11932 -782215313
1 11932 -937308678
2 15873 17105
2 11782 13628
2 1278 9784
2 7991 15782
1 11932 -530422813
1 11932 -76806376
1 11932 -940802130
1 11932 -681684797
2 15956 14088
1 11932 -315664897
1 11932 -147362470
2 12869 15711
1 11932 827257343
2 13547 622
2 18878 6935
1 11932 -89307
1 11932 476599850
2 1565 10180
1 11932 -207006807
1 11932 -203928560
1 11932 -464875869
1 11932 493408788
1 11932 743981467
2 7007 8640
1 11932 81593355
1 11932 -429328844
1 11932 -616427933
2 16132 5397
2 10459 3133
2 18177 3575
2 971 9290
2 7629 13726
2 9695 936
1 11932 664083633
2 14220 1567
2 8933 16379
2 946 1972
2 5133 17097
1 11932 790317736
1 11932 578009991
1 11932 769681818
2 16502 5194
1 11932 -676143064
2 11997 17669
2 8726 14618
1 11932 -912410730
1 11932 108415680
1 11932 -63197810
1 11932 -865937961
1 11932 118242526
1 11932 890433142
1 11932 -876870315
2 6316 8824
2 9348 918
1 11932 -146175329
2 13418 10826
1 11932 -880628800
2 10845 1407
2 8929 17315
2 1601 15090
2 4140 8749
2 249 18292
2 7723 13730
2 11771 168
2 15921 18014
1 11932 -618340479
2 4829 12951
2 7828 13337
1 11932 788441199
1 11932 -169531280
1 11932 -895212385
1 11932 34772114
1 11932 649859316
1 11932 -748924149
2 4325 4760
2 15236 4047
2 2884 4310
1 11932 137831344
2 10630 14613
1 11932 -433073955
1 11932 -922702644
2 11687 7870
2 3543 15875
2 17009 9465
1 11932 176100042
1 11932 -967828852
2 12562 17568
2 17673 8110
1 11932 820681924
1 11932 124338276
1 11932 -541155849
1 11932 -80427524
2 9115 9711
1 11932 442924761
2 17450 19249
1 11932 -477759393
1 11932 839122426
2 2519 13483
2 1456 6728
2 7792 11471
1 11932 -473890659
1 11932 842501396
2 18841 4866
1 11932 579106022
1 11932 -870934645
2 1996 16681
1 11932 241855614
2 12020 3752
1 11932 -628816726
2 19749 16634
1 11932 -591223564
1 11932 -355187828
1 11932 -932662262
1 11932 249487958
1 11932 -322166322
1 11932 -945885771
1 11932 -587299368
1 11932 774170372
1 11932 -926224495
2 9576 18268
1 11932 592845268
1 11932 -308277872
1 11932 217936812
1 11932 -370580202
2 12195 12412
2 17598 8215
2 9043 16697
1 11932 372943319
1 11932 -403809639
1 11932 -701337249
2 15719 16547
2 7359 7202
1 11932 -605188412
2 4338 3898
1 11932 -748681997
2 10848 1233
2 7090 19259
2 11823 17780
2 10093 11402
1 11932 -315242725
1 11932 -56516892
1 11932 211391811
2 582 11367
1 11932 -78919517
2 13481 18428
1 11932 921167040
2 13150 9488
1 11932 -907221181
1 11932 -21143600
1 11932 621875075
2 17772 14824
2 19523 5679
1 11932 -771351460
2 7524 18052
1 11932 255464667
1 11932 343360046
2 15284 16958
2 16786 15606
1 11932 226926274
1 11932 839160898
2 10636 11306
1 11932 -97472219
1 11932 -876080987
2 9933 13032
2 15575 14644
1 11932 -176574567
2 7560 19176
1 11932 -335112136
1 11932 -976960715
1 11932 -888089887
2 19242 4261
1 11932 642111562
1 11932 -168067490
1 11932 -52439376
1 11932 30464565
2 11784 8791
1 11932 951741149
1 11932 -192148649
1 11932 197174156
2 513 16672
1 11932 373368025
1 11932 637220973
1 11932 -781020261
1 11932 -681040629
1 11932 -504657726
2 7292 4616
1 11932 -70969925
2 6504 18614
2 13491 8377
2 4316 17460
1 11932 361336721
2 3640 3923
2 3439 2152
1 11932 -746935583
2 3872 10281
2 2714 14862
1 11932 -169706409
2 1513 5233
1 11932 -738079121
2 9212 2304
2 10606 11212
2 13190 12280
2 6090 2499
1 11932 -922043920
2 17848 1987
1 11932 -761573355
1 11932 908249173
1 11932 805799431
1 11932 522713158
1 11932 402181704
1 11932 -375538624
2 247 8141
1 11932 915377098
1 11932 -152975872
1 11932 241020520
1 11932 428443246
2 13595 4541
2 860 4229
1 11932 590909321
1 11932 142318836
1 11932 486840864
1 11932 868689028
1 11932 -635817181
1 11932 232808738
2 10450 6733
1 11932 -16574823
1 11932 610262024
1 11932 -712564566
2 9677 18445
2 11111 14349
1 11932 -806937797
2 10955 6111
2 1642 6308
2 11136 3054
2 4939 6544
1 11932 706696250
2 16763 340
1 11932 -376329000
1 11932 542163475
2 3165 7474
2 13682 846
1 11932 635490587
2 5005 18813
2 5951 4274
1 11932 -481728241
1 11932 690188716
2 7948 14121
1 11932 -502451666
1 11932 -614672062
2 16889 16196
1 11932 -26069821
1 11932 478221990
2 17059 12317
1 11932 779879326
2 16399 3625
2 7630 7191
1 11932 742316273
2 15515 2335
2 5626 6871
2 197 15723
1 11932 700916784
2 19371 9146
1 11932 -744533072
1 11932 -698371973
1 11932 -649125286
1 11932 133108165
1 11932 878096965
2 13495 6730
1 11932 97432748
2 4034 13087
1 11932 -360946521
2 8689 13639
2 14267 9180
2 13897 6598
1 11932 832603907
2 18591 3352
1 11932 886613066
2 7116 2373
1 11932 -24735210
2 8292 5002
2 4847 10777
2 5575 9877
1 11932 -580032016
1 11932 -870947116
2 15731 1356
2 18439 2946
2 12613 10382
1 11932 -400167910
1 11932 -370206766
1 11932 473262668
1 11932 -494661041
2 12329 8643
1 11932 913230342
2 2481 14750
1 11932 -794666115
1 11932 453883045
2 6737 1840
2 8016 18820
2 13021 6787
1 11932 760210194
2 6700 18455
2 13983 2212
1 11932 -594290173
1 11932 76465981
1 11932 933117919
2 5688 18571
2 1537 3347
2 12387 8711
1 11932 103826104
1 11932 548186963
2 10081 11719
2 3193 14710
2 13859 14013
2 10702 923
2 9082 14114
1 11932 205086737
1 11932 -70595862
2 2667 1354
2 13481 3802
1 11932 696088834
2 13408 6007
2 5469 18779
1 11932 -375809575
2 3211 16742
1 11932 383010689
1 11932 -634743420
2 17818 13068
1 11932 -115928883
2 1414 5804
1 11932 -239372027
1 11932 551744697
1 11932 -475887534
2 12950 7654
1 11932 -726771377
1 11932 -159685541
1 11932 -730639858
1 11932 -364530204
1 11932 -99612027
2 7189 6501
1 11932 -213023345
2 9894 351
2 12868 12661
2 4628 15025
1 11932 -813748437
2 12686 9900
2 8344 6237
2 4743 5553
2 6500 16692
2 17163 15358
1 11932 -401059620
2 13131 13813
2 4620 7560
1 11932 680675331
2 3982 1365
1 11932 -306711360
2 14497 10180
1 11932 603442041
2 5249 1913
1 11932 -649715606
1 11932 733585635
2 1836 19226
1 11932 -153340109
1 11932 -380500254
2 14738 19798
2 11105 7624
2 13088 3259
1 11932 -590291117
2 721 16512
1 11932 -1092464
2 14724 15800
1 11932 -307822484
1 11932 529328705
2 9144 1991
1 11932 801038001
2 16015 2246
1 11932 106652140
1 11932 -478551333
1 11932 -447172825
1 11932 731697173
1 11932 442080590
2 19430 7694
1 11932 -972032805
2 4934 5031
1 11932 122559924
1 11932 -936062788
1 11932 65335997
1 11932 741944382
2 18169 4949
1 11932 -604715756
1 11932 628102684
1 11932 220059431
2 5257 8968
1 11932 384956834
2 3665 19003
1 11932 -230807930
2 7451 18615
2 17236 12053
1 11932 -13594135
1 11932 -960039609
1 11932 -206999287
1 11932 -57197239
2 4805 10128
2 3813 10367
2 11074 2947
1 11932 -393012453
1 11932 -161391130
1 11932 299816147
1 11932 -613428603
2 1843 17989
1 11932 690455999
1 11932 260846594
1 11932 486698666
1 11932 -612325076
2 15604 8349
2 10621 4428
2 8213 2664
2 7403 5109
1 11932 407150271
2 15079 5464
1 11932 -921484289
2 14628 7104
1 11932 -697899435
1 11932 37004584
1 11932 -321563961
1 11932 -693248163
1 11932 -10644645
1 11932 -873434270
2 3217 3702
2 8522 11744
1 11932 498922043
2 14313 9482
2 9147 3817
2 4138 8409
2 11762 17041
1 11932 -245547594
2 7861 5655
1 11932 -937379274
2 12188 13062
2 13440 17376
1 11932 593954
2 15169 5815
1 11932 -703723415
2 10058 8568
2 2767 710
1 11932 -264430753
2 9102 4010
1 11932 382534478
1 11932 375816490
2 3190 7929
1 11932 71974454
1 11932 -677700346
1 11932 638687107
1 11932 -602084608
2 11228 17513
1 11932 -768327580
1 11932 -809208777
1 11932 -954488315
1 11932 798645890
2 18359 508
1 11932 788276425
1 11932 172031858
2 13074 19161
2 11408 1061
1 11932 575151560
2 18618 16017
2 9866 15733
2 10955 8905
2 1745 16278
2 8425 7720
2 394 7326
1 11932 883888991
2 17899 19777
1 11932 -151021515
2 16667 13684
2 17893 13241
2 3008 18748
2 2206 14662
2 5879 12092
1 11932 -167324168
2 8605 12345
2 385 6557
1 11932 -810940510
2 16011 17479
1 11932 -451815062
2 9928 16716
1 11932 755041652
1 11932 -72830144
2 9253 13159
1 11932 657558776
1 11932 88375686
1 11932 867583629
2 9409 807
1 11932 -450873068
1 11932 -762495167
1 11932 -615141588
1 11932 -514098825
1 11932 131194638
2 1035 2478
1 11932 -928264825
1 11932 842186967
2 8043 8854
1 11932 442340263
2 6835 19486
2 13041 2568
2 10451 12127
2 6524 4982
2 17437 17201
1 11932 229587056
1 11932 -163634283
1 11932 -499884959
2 15633 7562
2 4620 9821
1 11932 579118999
1 11932 -951168116
1 11932 918142435
1 11932 678546628
2 4138 13494
2 1953 9539
2 5053 11177
2 8497 14121
1 11932 -305827704
2 11507 3966
1 11932 -821774918
2 6498 13720
1 11932 248352579
2 1447 13573
2 7025 11525
1 11932 276304769
1 11932 -617684212
1 11932 960954665
1 11932 -837467010
2 1434 10854
1 11932 -826947422
1 11932 255180783
1 11932 659190747
1 11932 351320304
1 11932 -588565477
1 11932 -253015205
1 11932 666161049
1 11932 754626901
1 11932 -628733483
1 11932 -20785924
2 4392 15209
2 11856 5196
2 16751 14425
2 14483 120
2 4407 13617
1 11932 -329349799
1 11932 -527717555
1 11932 -37691761
1 11932 662491516
2 13292 19438
2 6175 11483
1 11932 7230720
2 9790 10556
2 2127 13413
2 8933 5397
2 5452 4966
2 16097 16697
2 832 18850
2 2142 19565
1 11932 185261937
2 416 1076
2 7162 12869
2 5796 16585
1 11932 880898677
1 11932 -110270898
2 4093 5055
2 18567 16979
1 11932 -876585399
2 11820 12585
1 11932 274258752
2 10824 9676
1 11932 -871457212
2 163 12482
2 13238 13352
1 11932 -349782652
2 13202 8668
2 13279 4570
1 11932 -248063880
1 11932 -60748148
1 11932 -323469265
1 11932 879298403
1 11932 -965990149
2 3773 7641
2 15922 11873
1 11932 -263829770
1 11932 -979014238
2 12960 13589
2 6317 12349
2 18827 17494
1 11932 119588512
2 15982 4175
1 11932 458933506
1 11932 -78570463
1 11932 -676011175
2 9465 13014
1 11932 -711855307
1 11932 -854126264
1 11932 312291024
1 11932 -626814248
2 19796 19900
1 11932 -50108649
2 5124 14013
1 11932 102247994
2 4299 6272
2 5500 6197
2 18939 11681
1 11932 -133708369
2 10540 13093
2 10015 16128
1 11932 488798664
2 17819 4589
2 7288 8058
2 1799 16068
2 18609 2423
2 10030 14568
2 8189 15126
2 13138 13983
1 11932 243767165
2 6379 12149
2 17421 11580
2 3311 13984
1 11932 -816680564
1 11932 -614781957
2 14585 5807
1 11932 -122139212
1 11932 -606158996
1 11932 495993361
2 7941 1969
2 9444 3383
2 5927 18187
1 11932 -1028136
1 11932 563123247
2 17658 9068
1 11932 354310885
1 11932 735552938
2 15947 11448
2 1936 3023
2 10034 12951
1 11932 -33269502
2 15944 13262
2 12609 11680
2 13732 1628
1 11932 946419968
1 11932 803125718
2 6662 2734
1 11932 128352028
1 11932 -500388173
1 11932 -429654429
2 19143 990
1 11932 -600818512
2 13023 1134
1 11932 -860286332
1 11932 252046206
2 7219 7395
1 11932 -274108515
2 16373 2946
1 11932 552062887
2 18673 7033
2 5402 8759
1 11932 -942198854
2 17492 8262
1 11932 642464383
2 1758 19370
2 11720 8962
1 11932 84307631
2 17724 18964
2 456 4856
2 19535 6672
1 11932 -578104591
1 11932 -483350827
1 11932 -977251053
2 14066 4105
2 9106 15206
1 11932 329793643
1 11932 -742264839
2 1064 8407
2 4383 8050
1 11932 310918531
2 1123 15107
1 11932 406871065
2 7112 18855
1 11932 -670602347
2 8792 10373
1 11932 591885725
1 11932 -240795032
2 6743 16780
2 13011 6
1 11932 597835561
2 9273 5932
1 11932 -760600277
1 11932 236097099
1 11932 -152814198
2 8421 15751
2 10680 10435
1 11932 364439303
1 11932 242253233
2 2739 8036
2 6573 4815
1 11932 55741046
1 11932 865904277
1 11932 -166214404
1 11932 -99908768
2 6927 14863
2 749 6350
1 11932 484515447
2 9052 9961
1 11932 619582943
2 88 18528
1 11932 -761947583
2 15759 5607
1 11932 927330498
2 3785 4704
2 6711 17641
1 11932 -951298972
2 4640 11359
2 19919 4054
2 8294 14296
2 5845 14718
1 11932 337721675
2 6119 9243
1 11932 -634714763
1 11932 -972641660
2 19971 9986
1 11932 -291142074
1 11932 571116016
1 11932 -674813696
2 3122 9726
1 11932 -815133043
2 6213 11693
2 5022 17301
2 828 377
2 14477 12828
2 13143 10472
1 11932 -688917939
1 11932 966378785
1 11932 790801601
1 11932 898885490
2 13705 5435
1 11932 987594552
1 11932 256438457
2 1162 19367
2 1200 14634
2 13615 18331
1 11932 439269480
2 4712 5865
1 11932 -462997968
2 10536 10223
2 6506 14535
1 11932 334148485
2 19850 2534
1 11932 -34957948
2 16754 17186
2 7792 8113
2 18279 17307
1 11932 475353524
1 11932 25060553
1 11932 477227276
1 11932 -385309536
1 11932 -642418277
2 4558 16218
2 4 19767
1 11932 -660459491
2 16592 1297
1 11932 336408585
1 11932 -136996605
2 17787 2878
1 11932 -560489024
2 11340 18562
1 11932 28483042
1 11932 -214255621
2 17866 12794
1 11932 -298838249
2 14445 14610
2 9130 3958
2 15132 11955
2 13502 5847
2 1696 18488
1 11932 -518356907
1 11932 175910666
2 11585 13444
2 17840 15658
2 540 9997
1 11932 -652102358
2 12978 8703
2 10339 15258
2 19918 5648
2 8940 4221
1 11932 -219450839
2 15975 6958
2 868 13637
2 15386 19525
2 5675 3187
2 363 19148
2 6003 921
1 11932 804308663
1 11932 -8164748
2 17486 16436
2 1853 6228
2 4470 4015
2 18572 4201
2 4535 16437
2 14667 19667
2 7430 14530
2 4018 13306
2 17649 6193
1 11932 -942772421
2 15415 14043
2 14588 5957
2 18776 12857
2 5020 3850
2 12272 5479
2 12047 5974
1 11932 -39813735
2 19281 7601
2 8661 19268
2 15005 3778
1 11932 -490588567
1 11932 170583567
2 6803 18979
2 6044 8754
1 11932 245037898
2 15081 14268
2 12489 11289
1 11932 -723755329
1 11932 -226650162
2 80 19214
2 19875 11836
1 11932 -842239758
2 18445 13992
2 2517 10410
1 11932 583394462
2 7036 6284
2 16183 15010
2 9837 18733
2 16601 10906
2 18621 5345
1 11932 -449623444
1 11932 -608238528
1 11932 71300047
1 11932 534541375
1 11932 -704680088
2 12252 8888
1 11932 590834626
1 11932 -17215326
1 11932 106753094
2 12360 13607
1 11932 -248091241
2 18198 15838
1 11932 144291895
2 6923 10939
2 7040 9942
2 11638 1595
1 11932 683921368
2 10172 10250
1 11932 2993887
1 11932 129108204
2 1690 14164
2 12133 14628
2 476 4578
2 752 13707
1 11932 -412075986
2 9285 13267
1 11932 -987458555
1 11932 82626600
1 11932 -105103366
1 11932 -820971313
1 11932 -612817292
2 13900 938
1 11932 -488534203
2 2143 16589
2 11268 13427
1 11932 -367634159
1 11932 696760143
1 11932 144519196
1 11932 62042035
2 3411 9910
2 7026 8347
2 11945 15018
1 11932 -396139791
1 11932 -97231469
2 12745 16151
2 3220 2391
1 11932 -61780884
2 14208 17559
1 11932 603146394
2 19568 14842
1 11932 160566753
2 8168 11162
2 7214 11495
2 14175 17902
1 11932 -817167611
1 11932 -715047118
2 17590 671
1 11932 366641028
2 3551 1061
2 13161 3131
2 13715 12433
2 14339 6177
1 11932 565717534
1 11932 319320707
1 11932 813447547
1 11932 719227111
1 11932 460632559
2 4372 19223
2 10791 12577
2 12692 16795
1 11932 898742446
2 13780 9400
1 11932 466383081
2 18874 11220
2 15351 6423
1 11932 837463723
1 11932 -315909293
1 11932 533155612
1 11932 857277703
2 14079 1599
2 705 5041
1 11932 652684354
1 11932 477758063
2 18028 11758
2 6260 7192
1 11932 -452149634
1 11932 490115587
2 8512 12175
2 4559 11827
1 11932 -689249504
2 9770 1336
1 11932 125893098
2 18937 12816
1 11932 -16633707
2 6330 8751
1 11932 105274550
2 6984 11543
1 11932 -905502268
2 4968 1691
2 12304 12521
1 11932 185908738
2 18699 12865
2 17425 10186
2 8266 8750
1 11932 -311064481
2 19481 13831
1 11932 666756982
1 11932 248881749
1 11932 -52946373
2 939 7404
2 361 13114
1 11932 487179247
1 11932 -517764770
1 11932 788294357
1 11932 204177276
2 13490 10735
1 11932 850528878
2 11864 18211
2 6502 9144
2 8351 7768
2 12240 16148
1 11932 911411623
2 16383 16805
1 11932 635891139
2 16811 5330
2 83 13156
1 11932 -265109980
1 11932 -502225295
2 18005 18068
2 6212 14769
2 5927 14768
2 18549 13050
1 11932 751749301
1 11932 845573638
2 2087 9404
1 11932 -615051268
1 11932 477334097
1 11932 404145770
2 9379 12751
2 9991 10761
2 10600 2338
1 11932 20069873
1 11932 -812764151
1 11932 -482346638
1 11932 5106784
2 6636 7489
2 9041 7003
2 11875 10998
1 11932 -773144772
1 11932 -675221402
1 11932 826875096
1 11932 -336557184
1 11932 58312303
1 11932 -129229874
1 11932 -39442068
2 18040 14131
2 12365 19753
2 1959 4633
1 11932 -333109600
2 19590 5128
1 11932 294172303
1 11932 115907863
1 11932 447712505
2 18081 5
2 8885 12889
2 8237 5313
1 11932 258394964
2 7902 18525
2 13072 17074
2 11232 301
2 19690 3140
2 18081 11996
2 7804 8548
1 11932 -407470208
2 5545 10012
2 5593 17738
1 11932 -420810629
1 11932 281642719
2 9265 10665
1 11932 986581322
1 11932 -828656129
2 605 13594
1 11932 522018485
2 8687 9328
1 11932 273781779
2 462 4178
1 11932 289330275
1 11932 -560759484
2 2570 19968
1 11932 720057931
2 12095 6277
1 11932 -551650066
1 11932 275606927
1 11932 924216213
2 14723 7132
1 11932 913377716
2 793 3867
1 11932 503330179
1 11932 -640329714
1 11932 518433050
2 5034 17242
2 553 5825
1 11932 943901091
1 11932 -474667417
1 11932 487200847
1 11932 771642528
1 11932 756743518
1 11932 337346282
2 4940 1548
2 5674 8937
2 6352 9693
2 445 17513
2 17581 12694
1 11932 749233465
1 11932 -905284563
1 11932 -513517206
1 11932 -804876186
2 1155 15722
1 11932 -396028864
2 4469 16098
1 11932 96148179
2 12844 1123
2 14960 9140
2 8010 644
2 8140 15975
1 11932 -242090466
1 11932 -799701375
1 11932 -768569333
1 11932 699079246
1 11932 -607961953
1 11932 882807969
2 1238 7726
1 11932 -15675012
2 15430 14449
1 11932 -229573897
2 13806 17096
1 11932 -400738649
2 37 531
1 11932 -105679053
2 9693 7124
1 11932 534975805
2 15215 10710
1 11932 541313329
2 16562 5388
2 7683 2129
1 11932 -268585022
1 11932 -209455361
1 11932 667888929
2 460 17858
1 11932 218993267
1 11932 -572448777
2 19574 8871
1 11932 -507497597
2 15857 10368
1 11932 -937945606
2 2827 3049
2 13417 2313
1 11932 198533762
2 5050 15101
1 11932 221918881
1 11932 563356031
2 7008 15255
1 11932 -173276276
2 14628 13295
1 11932 173910625
2 17014 17927
1 11932 206272614
2 10979 16695
1 11932 -392399725
2 8893 14867
2 6474 13476
1 11932 85541788
2 9635 18348
2 11734 3162
2 7090 1280
1 11932 -354105594
1 11932 932164141
1 11932 527750032
1 11932 583234324
2 7103 19752
1 11932 984916161
1 11932 -780324901
2 6116 2928
2 17418 1188
2 19396 186
2 10667 6065
2 12686 9329
1 11932 -179872113
1 11932 329543181
2 2577 18622
1 11932 839239380
2 17098 5449
1 11932 -160190328
1 11932 -133366770
1 11932 -638607846
1 11932 -351694639
1 11932 259813421
1 11932 -979471671
1 11932 -835351743
2 17657 9810
1 11932 274549557
2 14360 11666
2 8350 4935
1 11932 457341952
2 19662 9745
2 10687 18429
1 11932 213434583
2 7440 16046
2 267 9979
2 6749 10801
2 2340 299
2 17345 6816
2 10649 14626
1 11932 -554632381
1 11932 640203879
1 11932 19674449
1 11932 -817856425
2 8693 18215
2 10510 11548
1 11932 160807715
2 4754 18207
1 11932 -288785941
2 7170 912
1 11932 -120678179
2 8613 4038
2 17833 7473
1 11932 972375569
1 11932 392637558
2 19785 7809
1 11932 -566025192
2 13045 15693
2 3602 11462
1 11932 386725735
2 12927 3658
2 9156 10914
2 15750 11991
2 18380 3544
1 11932 282312507
2 207 16078
2 8681 17681
2 1369 5495
2 974 2933
1 11932 558929789
1 11932 -819208355
1 11932 -363793340
2 12823 10001
2 16301 6479
1 11932 -84418189
1 11932 -302935580
2 11204 2034
2 1982 2747
1 11932 634422512
2 10311 10250
1 11932 235699645
2 15379 8475
2 16379 5271
1 11932 745675615
2 6614 5664
2 6565 9833
2 18711 18002
2 19183 15781
2 10290 13733
2 938 2126
1 11932 -420346835
2 2051 6111
2 12182 1479
2 16239 11776
1 11932 -795860881
2 188 13680
2 4736 12445
2 12650 6031
2 3767 12006
2 14546 18611
2 9536 11491
1 11932 722526216
1 11932 135537259
1 11932 489000952
1 11932 -422242602
1 11932 -463215556
2 14756 16414
2 454 14530
1 11932 -25878615
2 19811 5807
1 11932 79922233
2 6075 16152
1 11932 -570062151
2 10047 4733
2 16502 18891
1 11932 949396796
1 11932 399272573
2 10164 16399
2 7296 19653
2 11640 13432
2 6462 7913
2 19758 189
1 11932 213403648
1 11932 743292499
2 8166 3208
2 18433 14047
2 1591 2645
1 11932 -275447015
2 18392 3547
1 11932 672506286
1 11932 -708432112
2 782 7130
2 346 8545
1 11932 -519331113
2 16627 2020
1 11932 -122564488
1 11932 -437295959
1 11932 727994972
1 11932 -519167926
1 11932 -807654697
2 12865 13658
1 11932 -998864136
1 11932 138502913
2 10805 10860
1 11932 817328577
1 11932 671510024
1 11932 -115351859
2 7245 7706
1 11932 -272302767
1 11932 35518371
1 11932 -259830114
1 11932 -382018711
1 11932 -42376898
1 11932 -354166757
2 6347 17693
1 11932 -237621769
1 11932 914612639
1 11932 -881162097
2 5616 19799
1 11932 498906838
1 11932 -328764389
2 6359 7843
2 4796 4366
1 11932 311277814
1 11932 -602993270
2 7914 11059
1 11932 -830644234
2 13338 12183
1 11932 197128396
1 11932 -665950790
1 11932 -44581099
2 6776 3292
2 14340 18707
2 2269 4458
1 11932 889197112
1 11932 -812305454
2 168 330
2 17281 6405
2 16616 9737
2 13518 19850
2 4840 17528
1 11932 -134420776
2 1192 7827
1 11932 345844246
1 11932 -323222474
2 2324 12245
2 5220 9154
2 5333 4953
2 14022 19403
2 19974 19227
2 10376 19953
2 15731 3574
1 11932 -267720109
1 11932 -513039297
1 11932 362492046
1 11932 -724700939
2 13932 11869
2 12617 5270
2 12132 942
1 11932 435305299
2 14828 18433
1 11932 -948680365
1 11932 891730198
1 11932 -621250765
1 11932 596293167
1 11932 -521439176
1 11932 425030240
2 14244 16471
1 11932 -475940183
2 3811 10225
2 5942 9569
1 11932 119072901
1 11932 -611481333
1 11932 890685022
2 1638 13569
2 10625 3270
2 7120 8655
2 17695 10403
1 11932 262998512
2 5663 13265
1 11932 506672653
1 11932 -557151143
2 17787 17746
2 2229 6119
1 11932 409132934
1 11932 -829855612
1 11932 16090156
2 2052 4564
1 11932 -311404252
1 11932 298851434
1 11932 875889916
1 11932 -285320976
2 36 1473
1 11932 -575990854
2 8422 17591
2 4223 7033
2 18029 7579
2 6605 9610
1 11932 -166509211
1 11932 865346330
1 11932 -466844520
2 15713 8307
1 11932 -778934763
2 2626 2365
1 11932 170547068
2 14723 6841
1 11932 801456899
2 18837 213
2 2443 17333
2 19494 6731
2 9146 14062
2 2689 5195
1 11932 -676399188
1 11932 670018881
2 8922 630
2 9875 4603
1 11932 -585542931
1 11932 -453524939
2 918 10796
2 14212 16562
2 13537 3620
1 11932 679055403
1 11932 -182930418
1 11932 445813116
1 11932 -94738817
1 11932 181750546
1 11932 -346461446
1 11932 587103929
2 3180 7555
1 11932 179036591
1 11932 747778602
2 17262 7951
1 11932 396360798
1 11932 796187568
1 11932 628930243
1 11932 -689683775
1 11932 730555945
2 1325 4975
1 11932 -688036636
2 1297 372
2 8405 17496
1 11932 687069935
2 12333 11845
2 17622 12542
1 11932 -79137407
2 13568 1586
2 3997 1828
2 16100 7866
2 9684 13144
1 11932 887966281
2 4092 7537
1 11932 -709909165
1 11932 598808453
2 9870 19060
1 11932 -643321472
2 230 3570
2 11348 7284
2 8452 10140
1 11932 -159865399
1 11932 -505538387
1 11932 -684009080
2 2363 13140
2 5354 18272
2 2794 1328
2 14446 17931
1 11932 292611151
2 5633 19078
2 9561 2110
2 9286 13605
2 7292 11915
2 3987 15425
1 11932 550644698
2 10370 12470
1 11932 -465894492
2 4645 5102
2 13931 18440
1 11932 569750493
2 16317 13590
2 13563 13515
2 16421 15824
2 12702 10508
1 11932 -3275425
2 8377 16577
1 11932 612934676
1 11932 792593262
1 11932 468853528
1 11932 951885483
2 2336 5875
2 5272 8231
2 7892 12151
2 5851 9526
2 7677 518
2 18803 1635
1 11932 -590849005
2 17607 16898
2 6747 16462
1 11932 -3900214
1 11932 -209154470
2 14308 14827
1 11932 378848433
1 11932 389567823
2 15511 15906
1 11932 73853681
2 5445 1652
2 6517 11355
1 11932 -457667781
1 11932 -289916304
1 11932 68653644
2 16246 981
2 14171 717
1 11932 -347905704
2 6943 11511
1 11932 -364401274
2 9374 17092
1 11932 214090174
1 11932 891910170
2 10056 1838
2 1097 5029
2 1827 16732
1 11932 807434988
1 11932 420783150
1 11932 -458507325
2 8759 2437
2 6760 16584
2 18817 5782
2 19960 11547
2 5057 8807
1 11932 -40985240
2 18316 14516
1 11932 -83969877
1 11932 339934104
2 13705 2754
2 10726 16431
2 9071 9196
1 11932 375673847
1 11932 551885140
1 11932 -381505794
1 11932 242631448
1 11932 330732339
1 11932 -953739342
1 11932 -748409036
1 11932 -912147381
1 11932 844085631
1 11932 -124989113
1 11932 -647081161
2 11445 19903
1 11932 -814887730
2 18762 16939
2 252 14558
2 17470 5644
1 11932 928685557
2 2769 8119
2 7483 11178
2 9356 19428
1 11932 -304411622
1 11932 -543510935
1 11932 -51058884
2 1950 3821
2 13372 15436
2 10328 3387
1 11932 -993889995
2 9175 7290
2 15750 11561
1 11932 -777369345
2 6604 16153
2 17829 4198
2 2846 15607
2 6583 17728
1 11932 -280635514
1 11932 183986736
1 11932 -964144727
2 6962 9704
2 18170 7040
2 12046 12125
1 11932 558202650
1 11932 688019404
1 11932 132301788
2 2565 13283
1 11932 -574000065
2 7977 7112
2 13282 2614
2 17485 17001
1 11932 619154176
2 12796 2310
2 13306 19403
2 3887 16270
2 1558 3434
1 11932 -35529362
1 11932 277654401
2 18416 19125
1 11932 23509449
1 11932 -161753018
1 11932 -574731525
1 11932 408050412
1 11932 454548348
2 4919 8610
2 6718 1922
2 9013 17662
2 5124 9655
1 11932 -553498959
1 11932 512588765
1 11932 -230799964
2 11329 17434
1 11932 -60320518
1 11932 996370909
1 11932 -465945948
2 947 15060
1 11932 518261911
2 7701 5205
1 11932 -351641155
1 11932 -340819158
2 1265 15711
1 11932 -906956834
1 11932 -547272433
2 9058 5193
1 11932 -696455902
1 11932 497670290
2 8665 12643
2 16385 18357
2 14671 8089
1 11932 632767146
1 11932 79561642
2 14251 11835
1 11932 562172552
1 11932 -285388157
1 11932 -498920155
2 3010 8827
1 11932 354143355
2 52 19597
2 11807 7231
2 3225 15679
1 11932 945723827
2 5314 18016
2 18380 6623
2 9932 3513
1 11932 139558298
2 12535 13581
1 11932 311643053
1 11932 714027442
2 3040 17986
2 6677 7604
1 11932 -168170355
1 11932 842268430
2 18616 5195
1 11932 527548226
2 16441 5868
1 11932 343411557
2 6334 2580
2 5620 15557
2 5895 1886
2 19321 583
1 11932 -82844875
2 5092 16822
1 11932 -54954485
2 18519 15190
2 10974 17072
2 9275 17669
1 11932 738033346
1 11932 915089412
2 6758 10515
1 11932 -395788100
1 11932 -887480210
1 11932 430171682
2 4470 18731
2 15294 16347
2 697 18602
2 7118 17015
1 11932 942205621
1 11932 -75479377
2 18303 14543
2 16592 5811
2 10295 12638
2 19518 19845
1 11932 471282405
2 15535 10746
2 5546 1157
2 13019 8087
2 9078 5635
1 11932 50297898
1 11932 41679434
2 13601 5023
1 11932 68345463
2 16278 4064
1 11932 473415338
1 11932 656815534
2 13462 10280
1 11932 -756128446
2 573 4336
2 16375 10635
2 8506 10529
2 9016 14228
1 11932 473327765
2 108 4209
2 17756 12982
1 11932 813865906
1 11932 874825372
1 11932 194021696
2 2519 19470
1 11932 -190000208
1 11932 100322964
1 11932 494428074
1 11932 -779092591
1 11932 603975177
2 124 5573
2 5692 12209
1 11932 -461039349
2 11700 18958
1 11932 404863154
2 11202 15328
1 11932 -989821762
1 11932 297044492
2 147 12308
2 17734 6644
2 12035 19107
1 11932 581457406
1 11932 -728609444
1 11932 -233207319
1 11932 172226407
1 11932 387247854
1 11932 -906205651
2 16498 8541
1 11932 390471822
2 7664 13790
2 17144 9434
1 11932 -567346512
2 9223 10775
2 9000 8195
1 11932 649010957
1 11932 -147590284
2 8005 2047
2 10712 6029
2 1757 14081
1 11932 -373860685
2 6152 7481
2 12049 18664
2 2214 876
1 11932 808834563
1 11932 69683315
2 6571 12362
1 11932 -570381344
2 4067 14377
1 11932 -107322186
2 15940 17255
2 9317 18321
1 11932 68868524
1 11932 334860038
1 11932 58162314
2 2612 12584
1 11932 479499269
2 14555 9383
2 4787 10748
2 12672 16699
2 9648 15505
1 11932 472002274
1 11932 -594052578
2 2179 16041
1 11932 541246814
2 6954 10689
1 11932 844846711
2 124 5859
2 10354 18557
1 11932 -607326311
2 17268 11730
1 11932 -393349950
1 11932 -963739785
2 8474 3467
1 11932 -591984626
2 2757 7144
1 11932 239497954
2 15479 15102
1 11932 -28646316
1 11932 -825397121
2 3785 7111
1 11932 492954761
1 11932 -773063533
1 11932 22850070
1 11932 -850743354
1 11932 -293057064
2 15882 18730
2 14992 14293
2 17727 15833
2 1902 1206
1 11932 607365299
2 2109 9488
2 8881 14184
2 16122 19630
2 14148 5548
1 11932 -251541885
1 11932 867185038
1 11932 513345818
1 11932 844055744
2 1654 2424
2 14381 3218
2 1021 15296
2 7423 3231
1 11932 -703033419
1 11932 431587784
2 15431 9642
2 16649 18320
1 11932 -260275646
1 11932 922442054
2 16850 9806
1 11932 -117016240
2 18299 10429
2 10734 16172
2 4523 17161
1 11932 120253439
2 13977 12079
2 565 8606
1 11932 -585863903
1 11932 373818383
2 13966 11135
2 6320 16847
1 11932 258680732
1 11932 915525010
2 16668 11150
2 19064 11993
1 11932 595745246
2 8308 19710
1 11932 -258847372
1 11932 -626159212
2 6190 16188
2 9667 2020
1 11932 86023685
2 2982 10935
2 3632 13060
1 11932 41144515
1 11932 -464963755
1 11932 -9459250
1 11932 226352564
1 11932 -739029648
2 11967 14476
2 4909 11652
1 11932 832273335
2 18142 17436
2 18026 17019
2 11704 4218
1 11932 -46948196
2 15692 17860
1 11932 965058894
1 11932 -74276919
2 5043 506
2 14508 18383
2 17729 761
2 12303 7972
2 6205 9468
2 18494 2327
2 10416 13860
1 11932 -749397253
1 11932 864133652
2 1858 4272
2 18396 2693
1 11932 467857105
1 11932 588009906
1 11932 938192829
2 14489 3895
2 13580 2911
1 11932 -229306621
1 11932 604367916
1 11932 3858201
2 13345 2803
2 16240 6611
2 18962 13445
2 9831 12829
2 9364 9838
2 4706 1729
1 11932 -20837665
1 11932 270893586
1 11932 -127478721
2 4984 4854
1 11932 98114065
2 3751 1853
1 11932 -226815457
1 11932 -792571969
1 11932 -461374876
2 7512 18070
2 11746 19550
2 18219 2969
2 4215 12926
2 15374 19149
1 11932 997256544
1 11932 -370563303
2 8784 19747
2 10872 12167
1 11932 -659734690
2 13429 11234
1 11932 419889011
2 14193 3458
2 17783 19643
1 11932 887738733
2 17868 5688
2 3570 1786
1 11932 -159341711
1 11932 51707091
2 18060 12366
1 11932 -744976277
2 4883 7818
2 10630 7504
1 11932 832376789
2 3191 19259
2 6892 3149
1 11932 -423056584
1 11932 779531922
1 11932 738939417
2 15629 4474
2 4972 18093
1 11932 598978723
2 14621 1013
1 11932 749230564
2 78 3276
2 14674 13585
1 11932 601426725
1 11932 849410290
1 11932 -689864342
1 11932 -579296884
2 11427 18371
1 11932 -195830139
2 16189 15710
2 17873 1596
1 11932 393838757
2 5961 4455
1 11932 922679629
1 11932 -282998631
1 11932 -464419619
2 14033 19421
1 11932 170700364
1 11932 156379228
1 11932 517967510
1 11932 14181959
1 11932 901658742
2 11686 7637
2 13392 18152
2 19492 6973
1 11932 -316437984
2 13875 14611
1 11932 -974319970
2 4438 17382
2 11496 10922
2 12598 12970
2 19103 15469
1 11932 292986975
2 11460 4095
1 11932 -982655942
2 19176 3772
2 12964 8090
2 16834 12615
1 11932 19017979
2 10843 4397
2 9939 12312
2 5601 9691
2 3350 19897
2 10280 15353
1 11932 -66962030
1 11932 -524397902
1 11932 -938195616
2 2620 1023
2 6780 11301
1 11932 -224074478
2 12722 9771
1 11932 318547094
1 11932 -335681371
2 19447 17986
1 11932 -751945036
1 11932 -856852159
1 11932 71633350
1 11932 736339950
1 11932 951641835
1 11932 8889914
2 18514 762
2 10082 11809
1 11932 -866154418
1 11932 615005319
1 11932 -200705531
1 11932 849541925
2 10548 10724
1 11932 507732956
2 2010 14385
2 9326 10079
1 11932 -779279619
2 13018 16043
1 11932 228734208
1 11932 -755102147
1 11932 -981610861
2 16793 6823
2 1024 13960
2 3443 48
2 9564 11967
1 11932 109886196
1 11932 61246650
2 10427 6105
1 11932 -57892517
2 13208 16066
2 6226 18711
2 9161 261
1 11932 -711647817
1 11932 -84311275
2 9432 2560
2 11699 2659
1 11932 -636982583
2 5138 2340
2 7309 5042
2 18452 18391
1 11932 -597052703
2 19442 16285
1 11932 758490814
1 11932 855076390
2 5666 19075
1 11932 106579065
2 12163 19214
2 1449 12728
1 11932 2861431
1 11932 450725028
1 11932 457286190
1 11932 -812350101
2 14453 12884
1 11932 -147071756
1 11932 26617305
2 15603 6902
2 17103 1660
2 19439 6380
1 11932 662273591
2 9404 11533
1 11932 890518890
2 796 3423
1 11932 -576302964
2 8099 3338
2 14536 8192
1 11932 -640739032
2 1883 14195
1 11932 781588467
2 12715 18799
1 11932 -61929033
2 10476 8654
2 12328 11093
2 2455 16640
1 11932 -945853975
2 10018 10285
1 11932 423924621
1 11932 -118977519
1 11932 394019717
1 11932 -497223825
1 11932 -85468677
2 3382 16076
2 9010 13064
2 14246 10503
1 11932 -705085519
1 11932 378985129
2 6776 15536
2 3164 11282
2 17065 8803
1 11932 572178153
1 11932 -962568474
1 11932 675746967
2 17048 4
2 8338 190
1 11932 478211083
1 11932 229985897
1 11932 -778123176
2 16926 378
2 12819 8090
1 11932 -992123998
2 17361 6138
2 11337 10715
1 11932 -816712238
2 18790 1701
2 11261 18299
2 7098 15930
2 8451 292
2 9386 7369
2 9842 8408
2 8866 17887
2 5208 4209
1 11932 -211279420
2 15473 5909
1 11932 689433502
2 575 4226
1 11932 168300738
1 11932 -562255838
1 11932 346140122
2 13857 5800
2 2795 19178
2 19997 4032
2 12114 12468
2 5925 16068
2 19109 425
1 11932 -354296776
2 5639 14365
2 9030 8797
2 8674 1411
2 2373 7346
2 6080 8155
1 11932 -304511808
1 11932 906407954
1 11932 -902633934
1 11932 -915873594
2 2911 18072
2 13722 12023
1 11932 468868164
1 11932 -305035228
1 11932 -764409092
1 11932 -738055629
2 19800 17867
2 10562 306
2 8398 4980
1 11932 -534381051
2 8190 12713
2 14854 10208
1 11932 913673583
2 10319 19359
2 2459 20000
1 11932 798600470
2 3254 3387
2 19354 535
1 11932 51781570
2 7138 3110
2 6995 3237
2 12647 2772
1 11932 -125623193
1 11932 150100319
2 10603 17067
2 12816 12029
2 2419 4581
1 11932 672480182
2 4094 1754
1 11932 -899785632
2 4989 1242
2 13848 17931
2 2056 10845
1 11932 -3420398
2 1335 2447
1 11932 -786436061
2 16330 405
2 10337 3719
1 11932 346503927
1 11932 -267177810
1 11932 106089077
1 11932 -579434244
1 11932 -168944087
1 11932 534679283
2 18609 16437
1 11932 -687917954
1 11932 -982300808
2 6362 3337
2 11094 6954
2 1723 8840
2 2528 8868
2 11070 15131
2 12787 16645
2 11195 13931
2 12205 8012
1 11932 74883257
1 11932 -306170008
1 11932 -775282475
1 11932 463959407
1 11932 990740923
2 5009 3511
1 11932 -593183917
1 11932 -460164854
2 14537 13922
2 16727 17578
2 6273 2434
1 11932 441241273
1 11932 451995006
1 11932 242889090
2 16818 18792
2 15882 11636
1 11932 465761932
2 2601 8455
2 8226 16096
1 11932 -356380061
1 11932 715778116
2 1901 5629
2 14215 15088
1 11932 662957509
1 11932 973208516
1 11932 74209817
2 10240 16034
1 11932 -763534185
1 11932 -373084525
2 5647 9287
1 11932 -989233006
2 11007 776
2 5756 15268
1 11932 -370459396
2 11248 4398
2 1363 10213
2 10808 17944
1 11932 -611619606
1 11932 154435049
1 11932 216203159
1 11932 -99237505
1 11932 901125463
2 9088 12781
1 11932 -281602306
2 5633 2338
1 11932 -910279282
2 1670 8231
1 11932 681604849
2 19561 7419
2 5962 9537
2 1359 9542
2 18676 13648
2 3369 19296
1 11932 -546657161
1 11932 -842329722
2 16733 14899
1 11932 -760277305
2 5289 17698
1 11932 -26030943
2 664 19613
2 2130 4498
2 13484 13479
2 6630 1778
1 11932 -384655184
1 11932 -880068747
1 11932 -803845609
1 11932 -394018240
2 14351 3252
1 11932 99237538
2 9217 9671
2 12076 15752
2 3888 18812
1 11932 -908829975
2 6275 10166
1 11932 -592336902
1 11932 -323948350
2 19430 8102
1 11932 -953928873
1 11932 -414356554
2 8519 11664
2 1539 7277
2 1226 3265
2 17534 1870
2 8898 16912
1 11932 713554015
1 11932 215379816
1 11932 -4173034
2 9162 2950
2 7397 14566
1 11932 184707212
1 11932 -862504362
1 11932 602884230
2 9994 17291
1 11932 -143555831
1 11932 373814957
2 1037 19240
2 9526 3800
1 11932 -299372571
2 2319 751
1 11932 -277131078
1 11932 -378450223
1 11932 -760712113
1 11932 -9603649
1 11932 -483041776
2 6073 16925
2 8373 13399
1 11932 -374215372
2 12012 2889
2 14715 15978
1 11932 -468075894
1 11932 785052775
1 11932 -305238832
1 11932 327101314
2 1280 16228
1 11932 454632264
1 11932 -305824359
2 181 8529
1 11932 -270352294
1 11932 946114164
2 7376 18394
1 11932 108605887
1 11932 590033970
1 11932 616004498
1 11932 -831678071
2 9570 6560
2 18922 9748
1 11932 603426193
2 18830 14781
2 13129 14165
1 11932 -448643253
1 11932 341445352
2 3915 2440
2 17976 17215
2 14398 14173
1 11932 484969790
2 9422 14166
2 14623 10853
2 11119 17199
2 4212 15191
1 11932 350556978
1 11932 -290937282
1 11932 -901227065
2 18321 11706
1 11932 -597800421
2 18870 11914
1 11932 518893025
1 11932 -567621730
2 3689 8994
1 11932 -397899373
1 11932 -39542349
2 17513 14524
2 15856 19175
1 11932 360483069
2 5822 7619
2 18306 406
2 9406 18275
2 1357 13610
1 11932 585014456
2 1479 9190
1 11932 -469850111
2 371 3573
2 13702 12105
1 11932 -154604126
2 2776 19759
2 14688 10509
2 7711 2520
2 19566 9065
1 11932 977918082
2 16917 11947
2 6614 17670
1 11932 269887584
2 13332 15086
2 18940 16178
1 11932 945620128
1 11932 -9889584
1 11932 704128317
2 3683 6403
2 2855 3974
1 11932 -601569528
2 15198 14506
1 11932 -834302714
2 18084 10319
2 16927 8412
2 1395 1857
1 11932 -631907618
1 11932 -458249750
2 837 16058
2 15646 4699
1 11932 -571973540
2 9888 2742
2 12421 4453
1 11932 922944254
1 11932 38841730
1 11932 592894683
1 11932 -92562957
2 10456 2559
2 950 226
1 11932 -297970261
2 1349 10145
1 11932 187297873
2 5832 9019
2 8641 9792
1 11932 244659434
2 7818 2956
1 11932 -434496903
2 4527 7097
2 3325 9757
1 11932 894291925
1 11932 -512730871
2 12029 19682
1 11932 568163093
1 11932 -15469696
1 11932 -928891557
2 1516 7419
1 11932 65990548
2 6746 5628
1 11932 -667724821
2 18085 14722
1 11932 410529224
1 11932 -553917324
1 11932 947367543
2 1204 10645
2 7445 16562
2 10941 17328
2 19345 13311
1 11932 506792294
2 4867 19382
2 12486 16903
1 11932 169503100
1 11932 -212163059
1 11932 875956284
2 18873 7463
1 11932 -303260390
1 11932 61366202
1 11932 209718166
2 12791 13614
2 4104 18759
1 11932 -134692917
2 551 1554
1 11932 -186534988
2 19260 335
2 2542 2379
2 18419 18081
1 11932 985987823
1 11932 -241550026
2 451 4373
2 15519 17962
1 11932 866673973
2 10014 847
1 11932 -117534783
1 11932 -191768227
2 6578 15211
1 11932 46592904
1 11932 -872126661
2 12292 10391
2 8998 8787
1 11932 762171055
1 11932 934374901
1 11932 488762503
2 39 18704
2 9245 11306
1 11932 -922337885
2 3042 11374
2 12056 5913
1 11932 976251958
1 11932 812118455
2 2188 14396
1 11932 -800465178
1 11932 630938981
2 4167 6832
2 18814 2392
2 17932 7834
2 14752 1127
1 11932 754596333
1 11932 -146738405
2 4180 19641
2 9552 19312
2 12616 8870
2 12004 19249
1 11932 -502357611
2 338 13233
2 8381 8134
2 18613 12097
2 15098 15229
1 11932 -683178790
1 11932 -398776633
2 3069 10856
1 11932 -531716171
2 15013 3580
1 11932 -829143263
2 13451 5395
1 11932 7578077
1 11932 -941577588
1 11932 -896331916
2 17225 2467
2 7077 10242
1 11932 477193633
1 11932 -405003042
2 16114 5607
2 9037 18421
2 4513 16527
2 7482 9754
1 11932 -107425921
1 11932 -145612371
2 2741 8040
2 11156 1265
1 11932 740516425
1 11932 -52071133
1 11932 900614402
1 11932 -681512023
2 4092 19103
1 11932 -91116411
1 11932 -991152654
1 11932 -7420507
2 19624 11495
1 11932 -391634914
2 17322 1248
2 7693 17369
2 14254 12991
2 13559 1060
2 4596 8748
2 5042 7656
2 14609 16400
1 11932 -37370829
1 11932 464105056
1 11932 251942632
1 11932 -285113957
1 11932 -933792554
1 11932 -695458516
1 11932 -844093782
2 10624 15533
1 11932 423888419
1 11932 215323532
2 2237 9675
2 16646 329
2 11753 17897
1 11932 912958104
2 15896 10264
1 11932 348173780
1 11932 -545943175
2 8854 1969
2 15024 2245
1 11932 -395400415
1 11932 -489818396
1 11932 -39066694
1 11932 -372762740
1 11932 55912373
2 5546 9994
1 11932 183099594
1 11932 -322402458
1 11932 869033763
1 11932 681245509
1 11932 -645450296
2 11699 4692
1 11932 779443660
1 11932 -481064577
1 11932 -163816603
2 3989 18428
2 14012 14250
2 6679 12410
1 11932 167988150
1 11932 60551771
1 11932 -424069211
1 11932 15217127
1 11932 -470339946
2 17556 9846
2 9509 3197
2 12221 19681
1 11932 -98881638
2 5862 11816
2 2755 18209
1 11932 -19307988
1 11932 420839826
2 4015 19300
1 11932 -601978286
1 11932 234435085
2 8901 11557
1 11932 -364104379
1 11932 72971376
1 11932 -743476826
1 11932 -412660968
2 15053 9531
2 16976 749
2 6550 14268
2 4841 5241
1 11932 -609125466
2 5392 1170
1 11932 740094482
2 9213 5242
2 9836 17308
2 13470 14553
2 8077 7981
1 11932 -469646024
1 11932 549863829
1 11932 -254447953
2 17550 12408
1 11932 -576337549
1 11932 -748211621
1 11932 -326896835
1 11932 -621136052
1 11932 -349592920
2 5138 3172
2 12337 732
2 6807 5947
1 11932 640700080
2 14628 13586
2 5852 8922
1 11932 120806011
2 2127 2474
1 11932 253260514
1 11932 -981826443
1 11932 189539965
2 9387 7772
1 11932 -996966231
1 11932 -986547527
2 10456 71
1 11932 276538177
2 755 8554
2 8515 16752
2 3261 5688
1 11932 746764039
2 11174 16711
2 4324 9279
2 10396 15940
2 1231 8722
1 11932 185792892
1 11932 -179632340
1 11932 540431064
2 12590 17546
1 11932 -783003931
1 11932 75491623
2 19291 1909
1 11932 -88809998
1 11932 -352109948
2 11748 17111
1 11932 -400384355
1 11932 -387901123
2 19338 1277
1 11932 205095136
2 8957 12304
1 11932 -372053675
2 1915 11460
2 3306 13794
2 17491 7716
2 8201 14932
1 11932 783513637
2 12823 16511
2 17864 2567
2 19509 16850
1 11932 -470847233
1 11932 330704431
2 9734 19749
2 15656 4497
2 8875 15405
2 16659 10430
1 11932 542945133
2 6162 18206
1 11932 903025848
1 11932 539312864
2 15602 6204
1 11932 -62466915
1 11932 303453044
2 14846 7242
2 12792 5861
2 6642 3572
2 8997 17538
2 5566 13356
1 11932 -349820160
2 16019 18872
1 11932 545769523
1 11932 -398774056
1 11932 855815428
1 11932 650071620
1 11932 161227902
2 8494 9264
1 11932 -323403217
2 5173 16060
2 6399 6226
1 11932 -103186820
1 11932 152991554
2 17666 13315
1 11932 161580184
2 10355 1886
2 17898 2757
2 1299 1634
1 11932 406365150
1 11932 211098960
2 14124 19029
1 11932 -949785021
1 11932 257674728
2 6059 5293
1 11932 652285018
1 11932 -840526555
1 11932 249258392
2 12005 18914
1 11932 -886130847
2 14935 3565
1 11932 -14623442
2 18502 19079
2 12946 8714
2 291 456
1 11932 313688283
2 18141 6876
1 11932 -716324772
1 11932 -486459726
1 11932 362968163
1 11932 -371206253
2 12407 6512
2 6077 16703
1 11932 -621716206
1 11932 39174569
1 11932 433762267
2 2502 9144
2 12140 18480
2 4961 10457
2 16052 15241
2 14453 3377
1 11932 -784446176
1 11932 -66861173
2 15882 1887
1 11932 -789051418
1 11932 -959903462
2 18191 6720
1 11932 776836960
2 12563 15757
2 17111 2553
2 1092 8052
2 14881 6914
1 11932 73955160
1 11932 -498309458
2 8930 18033
2 14071 12637
2 8901 6689
1 11932 550056899
2 12883 7190
1 11932 461427425
1 11932 477769298
1 11932 542544402
2 10702 18061
2 879 8307
1 11932 -703658270
1 11932 -256229545
1 11932 -500987657
1 11932 -258185746
2 11343 1190
1 11932 -660862754
2 14475 998
1 11932 -682424105
2 3954 18442
2 5077 10406
1 11932 429075807
1 11932 -441498519
2 6456 10640
1 11932 783572549
2 14510 5892
1 11932 528098376
2 3817 12081
1 11932 -882532908
1 11932 -235246138
2 13088 18418
2 19025 18532
1 11932 -524247165
1 11932 234708210
2 7553 13901
2 17733 7875
1 11932 742819
2 19082 4364
1 11932 195919558
1 11932 385877951
1 11932 328432416
1 11932 545223496
2 15535 13047
2 2924 13964
1 11932 539385466
2 12819 5441
1 11932 495179067
2 11113 14083
2 2578 11126
2 6812 10985
2 15667 15427
2 7947 18400
2 18625 5833
1 11932 186660794
2 13782 13816
2 4225 18194
2 4365 5857
2 7252 15022
1 11932 -382234760
1 11932 938077654
2 6863 4199
1 11932 168147373
2 998 1233
2 10458 11188
2 740 1737
1 11932 154303000
1 11932 -589426031
2 6647 19993
2 6254 17102
1 11932 -549602797
1 11932 929087787
2 12947 17242
2 4203 17001
1 11932 256684378
2 13513 2495
2 10796 14944
2 6837 5080
2 2786 11897
2 18328 4255
2 17475 12559
1 11932 -887439537
1 11932 658159148
2 4879 9356
1 11932 625441753
2 16803 11616
1 11932 -415876659
1 11932 130820942
1 11932 -827551633
1 11932 -800057124
1 11932 592604655
1 11932 -488713325
1 11932 -869576153
1 11932 -787196761
1 11932 427989151
2 8015 5921
1 11932 839105328
2 8437 6015
1 11932 -771618303
1 11932 -21681131
2 5198 13127
2 2067 11778
1 11932 89896277
1 11932 -586320402
2 5497 10199
1 11932 -233230087
2 882 1161
2 565 1408
2 3857 11261
2 8607 5692
1 11932 -115012085
2 19090 2335
1 11932 -482508630
1 11932 833492781
2 3732 11531
1 11932 634161504
2 19903 1828
1 11932 -108343107
2 8957 4571
2 15182 3800
1 11932 235358077
2 14094 17247
1 11932 458895595
1 11932 -678795257
2 16881 12924
2 5557 6409
1 11932 -469528894
2 872 6980
2 13921 8197
2 1396 7842
2 4353 9176
2 5941 16624
2 9839 12167
1 11932 -608804254
2 9140 9206
1 11932 203984244
1 11932 947559595
1 11932 -805655479
2 1719 2752
1 11932 -374075456
2 649 10545
2 17253 18850
1 11932 494434908
2 2592 19867
1 11932 -223406034
1 11932 -168639942
2 1777 12593
1 11932 -824748428
1 11932 -896465560
1 11932 -112587312
1 11932 -573848591
1 11932 -228939549
2 15758 8297
1 11932 357595306
1 11932 -37892390
2 2820 12809
1 11932 -10271503
1 11932 545784535
1 11932 346907499
2 11279 18468
1 11932 554891393
1 11932 -438967838
1 11932 147157426
2 481 12166
1 11932 23296881
1 11932 -20470309
1 11932 -479409348
2 10202 4549
1 11932 890693759
1 11932 852849271
2 12957 17408
1 11932 441068477
1 11932 34444263
1 11932 -616303921
2 13210 1862
1 11932 44406953
1 11932 263172382
2 3518 13655
1 11932 -461283759
2 6091 15738
1 11932 -920899051
2 12043 11078
2 12134 5780
1 11932 349628787
2 13139 2213
1 11932 -385348980
2 3938 14589
1 11932 -257056809
2 16554 15292
2 9830 9900
2 18601 1292
2 163 3360
2 16177 4772
1 11932 950085641
2 12651 2008
1 11932 136304785
1 11932 79095388
1 11932 -482410643
1 11932 -891110071
1 11932 35617147
1 11932 -821548896
2 19013 2284
1 11932 297890519
1 11932 595948725
1 11932 408778006
2 15148 3111
1 11932 -361532740
2 17968 17321
1 11932 -256460691
1 11932 -462567652
1 11932 220284773
1 11932 326155737
1 11932 -578298754
1 11932 -23183621
1 11932 611346598
1 11932 -673674138
1 11932 -193816632
2 14307 5546
1 11932 626509802
1 11932 -622314232
2 17748 6847
1 11932 833432812
2 18049 1225
1 11932 -262682748
1 11932 -777166567
1 11932 126550170
1 11932 -205528428
1 11932 892632917
1 11932 -737186428
1 11932 312271928
2 2149 17808
2 17512 11120
1 11932 738920918
2 12906 509
1 11932 -935987911
2 14519 5023
2 782 17068
1 11932 459128339
2 19829 14459
2 4185 6873
2 481 19426
1 11932 136056674
1 11932 -472546572
1 11932 -224104320
2 13090 2297
2 12272 7629
1 11932 -708576859
1 11932 -462196581
2 15566 13807
1 11932 797982044
1 11932 4208025
2 6832 6259
2 4108 6104
2 8767 1519
1 11932 621210299
1 11932 787317736
1 11932 -180258020
1 11932 -492581710
2 16726 15508
2 18243 19768
1 11932 905521651
1 11932 510667663
1 11932 545338778
2 14011 726
1 11932 958816965
2 8427 7397
2 12784 16014
2 12038 14347
1 11932 -291750341
1 11932 28310749
1 11932 -959540201
1 11932 860348470
2 7600 6783
2 1116 17191
2 3998 14804
2 9310 9406
2 9275 9989
2 4593 3759
1 11932 -365385650
1 11932 803242902
2 2639 9351
2 8732 12302
1 11932 518412349
2 10416 11595
2 5351 17361
1 11932 570572230
2 18561 6430
2 8642 11672
2 4001 10845
2 12982 4777
1 11932 -226995735
2 6868 13392
2 3261 7601
1 11932 -262005779
2 15525 214
2 6972 11076
2 1145 12499
1 11932 249951658
2 5236 6750
1 11932 -405507641
1 11932 -167286642
2 1838 3727
2 12130 2236
2 9229 19774
1 11932 971001065
2 7622 5029
1 11932 -912462003
2 3862 6894
1 11932 -500108425
2 10194 17036
1 11932 -623590057
2 3818 18869
1 11932 727055520
1 11932 584821191
2 17732 15382
1 11932 184676422
1 11932 410544972
2 5215 17894
2 4700 19162
1 11932 827098631
2 16853 15451
1 11932 856642856
1 11932 -235313212
1 11932 -177348468
1 11932 -503737357
1 11932 -747133565
2 12482 12266
1 11932 822659340
1 11932 792343036
2 5089 5587
2 1417 15166
1 11932 636930606
1 11932 -731628484
2 19112 2233
1 11932 -938789757
2 9792 11924
1 11932 769797927
1 11932 -169690653
1 11932 820647159
1 11932 -307394798
1 11932 30477013
1 11932 609118519
2 6000 5299
2 12366 8931
1 11932 -83646376
1 11932 580763867
1 11932 640002018
2 2169 15735
1 11932 351978561
1 11932 728271020
2 14733 7555
1 11932 -188942127
1 11932 -873243252
1 11932 -416302565
1 11932 -380636492
1 11932 -261100669
1 11932 -999214922
2 19094 3816
2 1039 15709
2 14603 14558
2 4359 6180
1 11932 682340172
2 11328 14161
2 2316 14615
2 8778 5355
1 11932 -260788791
1 11932 83021373
1 11932 -909466620
1 11932 -540270861
1 11932 816209428
2 8277 1502
1 11932 389965418
2 3690 11705
1 11932 -289554692
2 9598 754
1 11932 -167489100
2 15724 14583
2 16508 7579
2 19145 4099
1 11932 277200509
1 11932 432919916
2 8215 6646
1 11932 -115143408
1 11932 -777036194
2 12473 8580
1 11932 645740563
2 16674 8666
1 11932 -305975673
1 11932 -369381591
1 11932 -604942467
1 11932 578768887
1 11932 235402316
2 12278 7206
1 11932 -855506085
1 11932 -605209964
2 3396 16440
2 17774 5312
2 9621 3585
2 17540 12696
2 12440 3832
2 10067 3884
1 11932 -498127035
1 11932 913482086
2 16837 1530
2 10641 11435
2 7901 16237
1 11932 -116221314
2 11520 15238
2 2901 3924
1 11932 -44687682
2 14930 6535
2 7710 2196
1 11932 -565789338
1 11932 798428709
1 11932 -877894631
2 13733 2013
2 9906 16550
2 4675 8112
2 3998 12078
1 11932 -268921268
1 11932 -784024710
2 7862 10116
2 8204 13371
2 4785 12749
2 7970 18741
2 19123 2047
1 11932 405139518
1 11932 701722791
2 15561 4634
2 14236 8300
1 11932 64127540
1 11932 -34800184
2 9058 13092
1 11932 692409390
2 18927 16138
2 5628 18562
1 11932 589816927
2 12428 15818
2 16990 4798
1 11932 -962928467
1 11932 -822624984
1 11932 -773493913
2 13387 10096
2 3713 19290
2 17410 16867
1 11932 787359912
2 11389 13738
2 13477 17994
2 19565 10026
2 9501 11015
1 11932 358844449
2 7502 17783
1 11932 -270776323
2 16757 11521
1 11932 -487288113
1 11932 663145813
1 11932 -803973481
2 8577 3086
1 11932 -106665764
1 11932 -10142319
2 2903 16624
1 11932 737475773
1 11932 -899663570
1 11932 -207035997
2 14500 14136
1 11932 -823140916
2 13562 3053
2 17008 8316
1 11932 666229735
2 11975 18114
2 12012 19436
1 11932 -190994248
2 5480 15716
2 17359 9147
2 11900 1169
2 14704 16630
2 15109 18283
2 18927 4923
1 11932 -37377770
1 11932 322598417
1 11932 -537833047
2 14162 469
2 452 3988
1 11932 279297744
1 11932 -440743710
1 11932 -207651863
1 11932 -95448684
2 11770 16824
1 11932 -740168086
2 2960 13238
1 11932 -968695467
1 11932 619222994
1 11932 33640637
1 11932 -754291589
2 11321 13225
2 13742 3805
2 8620 4525
1 11932 165125991
2 14978 17784
1 11932 -167759842
1 11932 -797848074
2 1268 8894
2 19022 14568
1 11932 264416968
2 6247 1855
1 11932 895026261
2 17038 6411
2 12907 19044
2 15527 18093
1 11932 430665785
1 11932 18547018
2 3314 7524
1 11932 -965823685
1 11932 -610113842
2 5 9631
2 4667 6024
2 3432 16011
2 5729 11193
1 11932 632559357
1 11932 769828026
1 11932 -624000448
1 11932 638621500
1 11932 432344074
2 11568 9266
2 1052 2486
1 11932 -265963759
2 12610 6129
1 11932 -407831679
2 14850 8377
1 11932 -363285433
1 11932 -776645311
2 19608 5788
1 11932 243059530
2 7482 700
1 11932 -810667502
2 10936 1745
2 17787 9876
2 14841 11622
1 11932 -635632069
2 4925 3053
1 11932 -495134442
1 11932 471393106
2 7379 6260
2 3998 15328
2 11899 5070
1 11932 496490777
2 1928 3306
1 11932 528485797
2 1970 959
2 15024 5658
2 18635 16355
1 11932 -983813835
2 11555 2866
1 11932 -894556
2 19198 9943
2 18446 885
1 11932 24916318
2 16377 6942
1 11932 12039294
2 5243 16959
1 11932 -741178204
1 11932 -485665519
1 11932 -659363957
2 7614 2650
1 11932 325723183
2 15993 15421
2 7491 9750
2 16122 2104
2 19066 5393
2 10694 16783
1 11932 -647011617
1 11932 148266646
1 11932 108848551
1 11932 668189269
1 11932 587894724
1 11932 392713069
2 12222 16716
2 331 15611
1 11932 -765646592
2 11873 4728
2 7631 843
1 11932 894501457
2 4684 14702
2 10739 14538
2 15720 10986
2 12709 7259
2 11577 15718
2 14660 18113
2 1217 14666
2 7825 13628
1 11932 -920533183
2 12101 2279
1 11932 326254140
1 11932 -585867043
2 10162 3709
1 11932 -681952292
2 649 10153
2 11729 16499
1 11932 849015135
1 11932 551416316
1 11932 907782353
1 11932 245898702
1 11932 846401762
2 16778 15016
2 13559 16171
2 15165 15436
1 11932 -311811825
2 7263 9545
1 11932 -941589255
2 6166 9974
1 11932 -352395843
1 11932 274016047
2 9626 15979
1 11932 -501475266
1 11932 -906510764
2 6597 10497
1 11932 -473534854
2 11985 13155
2 2314 7767
2 3421 5784
2 5541 12103
2 9052 12669
2 11812 9443
1 11932 -445520513
1 11932 -200645679
2 13377 16280
2 9921 8734
2 1597 5654
1 11932 -769332604
2 6855 8959
1 11932 -355908457
1 11932 391843527
2 12314 2142
1 11932 862566486
1 11932 -204319803
2 2091 15872
2 11836 18199
2 4686 12473
1 11932 955738346
1 11932 799528409
1 11932 -421502124
2 8788 8215
2 8972 3566
1 11932 177994245
2 13300 19863
1 11932 -963738796
2 3931 14722
1 11932 -182450870
2 9502 16619
1 11932 -906439776
1 11932 -128761093
1 11932 576482863
1 11932 -710954071
2 12726 10506
2 6331 8837
2 14225 7457
2 2903 14408
1 11932 -129071723
2 15503 7712
2 13007 12007
1 11932 -751726810
1 11932 -581485454
2 4694 11178
1 11932 -908061034
1 11932 -284647142
1 11932 132000269
1 11932 -294227600
2 2443 15152
2 9465 18773
2 852 16187
1 11932 918416880
1 11932 475345030
1 11932 -246739617
2 14775 15719
1 11932 -105056908
2 10420 7507
1 11932 -573742499
1 11932 994014581
2 8296 3787
2 12779 10890
1 11932 -481881631
2 10583 8623
1 11932 -378037262
1 11932 -161730578
2 1512 919
1 11932 -521328923
1 11932 -828749696
2 7073 3844
2 3465 9218
1 11932 802383497
1 11932 -133861611
1 11932 373649513
2 13458 8232
2 13902 11217
2 11112 15476
2 13379 13459
2 9852 13465
2 6703 6084
1 11932 306822903
2 12813 3442
2 3930 3696
2 13404 7945
1 11932 -140471428
2 1150 4612
2 6642 12798
1 11932 -951256990
2 16625 743
2 404 10631
1 11932 323303242
2 3171 15040
2 5671 12862
2 8539 2722
1 11932 204889286
2 17911 8627
1 11932 -890904430
2 6289 187
2 13718 8136
2 6860 536
2 8250 10206
2 16612 4283
1 11932 -684766912
2 3172 9862
2 19983 14274
1 11932 819812809
2 2645 5997
1 11932 169491134
1 11932 549238443
2 1732 4050
2 11015 5401
2 856 14140
2 13853 3660
2 949 5292
2 9995 11653
1 11932 965467569
1 11932 -589308295
1 11932 376898357
2 5793 16062
2 9046 5750
2 11185 745
2 13793 2465
2 3436 18263
2 12650 12299
2 17811 10515
2 13077 958
2 17622 9550
2 6265 14619
1 11932 -413775588
1 11932 959998655
2 17115 19851
2 5616 6838
1 11932 379688979
2 11010 12655
1 11932 -647097399
1 11932 -639495507
2 12136 8615
1 11932 127210626
2 17416 16643
1 11932 240372466
2 13609 4150
2 16819 9227
2 14100 7897
1 11932 -882184410
1 11932 -337583035
1 11932 -647052067
2 11414 12722
2 17269 3333
2 12304 18088
1 11932 386822960
1 11932 -189533580
2 2277 15431
2 11917 7843
2 18272 13309
1 11932 810739959
2 8129 15711
1 11932 -205568560
2 10715 8226
2 18315 16156
2 18152 3364
1 11932 958227432
2 15786 7118
1 11932 349426035
2 9414 19493
1 11932 7599324
1 11932 976001135
2 6124 7428
1 11932 603009219
2 7056 5096
2 10606 384
1 11932 205190004
1 11932 494246923
1 11932 -184079253
1 11932 582737143
1 11932 889644484
1 11932 258591936
1 11932 415893029
2 5186 3607
1 11932 -337822787
1 11932 -641839466
1 11932 779873602
2 6429 9899
1 11932 190394939
1 11932 780928911
2 10422 2292
2 1440 16444
2 14600 11042
1 11932 675528142
2 2431 19613
1 11932 -245075814
2 7565 15993
1 11932 -249851558
2 17270 14040
2 15392 18849
1 11932 308278944
2 7620 3434
2 9969 4889
2 5973 6084
2 3787 17354
2 16734 19063
2 5342 17628
2 10237 6857
2 13143 8066
2 4497 15265
2 16294 13238
2 8691 5000
1 11932 926042710
2 12884 6819
1 11932 -510493307
2 8960 9876
2 10434 16477
2 17414 8336
1 11932 -502426272
1 11932 521402143
2 45 51
2 14793 18924
1 11932 -864852925
1 11932 233845798
2 6169 6052
2 19891 15244
1 11932 65452070
2 8535 14206
2 2294 14928
1 11932 -553104646
1 11932 -731669083
2 16099 1726
2 16516 8900
2 18051 9327
1 11932 684055380
2 17357 11963
1 11932 651042738
1 11932 894901924
2 5284 6194
1 11932 854910144
1 11932 141774243
1 11932 -521310145
1 11932 575566273
2 16515 15304
1 11932 464713391
2 4795 2193
2 2124 13461
2 3422 14915
2 2719 3023
1 11932 -843640437
2 2593 17989
2 5101 13975
2 5000 13621
1 11932 -349826569
1 11932 894140659
1 11932 -259929438
2 3402 14450
2 12687 7854
1 11932 -957478496
2 2730 14385
1 11932 666111285
2 7401 17750
1 11932 645054542
2 16026 11493
2 6223 18109
2 10908 13958
1 11932 822566009
2 18412 4138
2 4706 8199
1 11932 -314692636
2 13455 9261
2 7401 12281
2 13694 18509
1 11932 897239059
2 29 15190
2 3575 16924
1 11932 435824023
1 11932 -489231412
2 8279 1249
1 11932 818002099
1 11932 504232858
2 9584 2803
2 3670 4281
1 11932 -15087307
1 11932 -631661535
1 11932 784603770
1 11932 -578845408
2 13706 3777
2 1147 7880
1 11932 223533196
2 13569 15135
2 3501 9128
2 7889 976
1 11932 351362822
2 5780 1426
2 4552 10285
2 3078 5283
2 7637 2886
2 16745 18062
1 11932 -220993958
1 11932 -493473540
2 6508 1903
2 6782 18053
1 11932 108941464
2 19943 3104
2 7770 11706
2 7258 6392
1 11932 -4348908
1 11932 194329737
2 7331 11228
2 14564 9093
1 11932 566993794
1 11932 194258190
1 11932 -676391955
1 11932 -626526636
2 13157 17808
2 13023 772
2 15105 3044
1 11932 -135202495
1 11932 -801682622
2 11427 11969
1 11932 742094343
1 11932 -815692956
2 4123 14390
1 11932 -90871673
2 2532 9012
1 11932 -761322422
1 11932 -535501260
1 11932 487167354
2 6441 15210
1 11932 -851326372
1 11932 -154938349
2 10275 4703
2 19153 130
1 11932 -145250883
1 11932 730259878
1 11932 410113341
1 11932 664778177
1 11932 -848327620
2 14972 11001
1 11932 309833463
2 16703 9555
2 9052 4399
2 10566 11679
1 11932 -327469986
1 11932 -774313977
1 11932 97214426
1 11932 -32237675
1 11932 115741175
2 12367 13304
1 11932 -723654819
1 11932 -206358529
1 11932 708626836
1 11932 -972943761
2 13367 5454
2 469 19351
2 19298 493
1 11932 36973952
1 11932 412584412
1 11932 857988551
1 11932 646751672
2 10117 5842
1 11932 352652573
2 5262 868
2 725 5386
2 14195 4729
2 16977 16477
2 18527 5013
1 11932 -460609981
2 1554 3067
2 19039 10961
2 15191 15041
2 1479 11024
1 11932 76783354
2 18434 1507
1 11932 -511159516
2 12515 8758
2 8580 15128
1 11932 -994390880
1 11932 -241126822
1 11932 43922612
2 11837 3147
1 11932 17417298
2 6246 10352
1 11932 384971623
2 9808 17405
2 14708 2476
1 11932 -607972789
1 11932 992860056
2 12193 17860
2 19768 16147
1 11932 -632502690
2 2031 219
2 10533 598
2 17179 5356
2 7736 19287
1 11932 -69194602
1 11932 -345293915
1 11932 -29837257
2 12257 2557
1 11932 963984074
2 8126 15094
1 11932 -199640123
1 11932 805446034
1 11932 -699664624
2 3821 6231
1 11932 -882261042
1 11932 -105222797
2 8521 7701
1 11932 -549674141
2 5452 19498
1 11932 -742024842
2 11741 3360
2 19322 14843
1 11932 23752351
1 11932 -821741039
2 8390 13638
1 11932 114400339
2 4694 12037
1 11932 26985132
2 30 16119
1 11932 -570098314
2 4398 2403
2 1267 15407
2 11165 5181
2 6163 19663
2 15811 183
2 10754 9245
1 11932 -23203522
1 11932 165193888
1 11932 905125504
1 11932 -587759168
1 11932 -772985479
1 11932 -220128357
1 11932 -678452558
1 11932 -411430743
1 11932 352402048
1 11932 670738369
2 4307 1397
1 11932 213367630
1 11932 -576699109
1 11932 -204749067
2 10477 13406
2 14431 4232
2 2672 8851
1 11932 -912551051
2 12841 18666
2 13813 3587
1 11932 -661350749
1 11932 -624729045
1 11932 -494029389
1 11932 469059289
2 16787 8608
1 11932 -319909582
1 11932 382875666
2 6097 8843
1 11932 496791441
2 10487 11350
1 11932 -850858189
2 10488 2836
1 11932 -230186274
1 11932 57703878
2 9309 3850
1 11932 73105692
2 19820 4572
2 7036 3742
2 4155 18362
2 11496 15060
2 2200 17899
1 11932 702164588
1 11932 17444846
2 8890 16306
2 15240 2742
1 11932 -436602536
2 5391 13541
1 11932 -618043365
1 11932 -278765184
2 11025 16626
1 11932 -211058842
1 11932 124713225
2 13225 2986
2 5407 14969
2 5681 11156
1 11932 -76383637
1 11932 137326132
2 18194 10531
1 11932 660693835
2 10842 5499
2 11389 1976
1 11932 787000400
1 11932 72480891
1 11932 -931968202
2 3091 10254
2 13395 1724
1 11932 -945747364
1 11932 60073770
1 11932 -799304319
2 295 3249
2 17695 1302
2 4877 6098
1 11932 -101582903
1 11932 -609645605
1 11932 -436823481
2 15550 13020
2 4093 9610
2 19141 15227
1 11932 -479383854
1 11932 -380183598
1 11932 -390668977
1 11932 440834828
1 11932 -220646143
2 14207 9282
1 11932 269380008
1 11932 462189015
2 2642 704
1 11932 -116851795
2 464 19049
1 11932 -280082182
2 16407 3633
1 11932 267482691
2 11078 8386
1 11932 -252566945
2 14795 8672
1 11932 180116711
2 19398 2802
2 2784 18619
1 11932 886543382
1 11932 216744368
2 19389 19692
2 6440 13470
2 1581 5715
2 17632 15032
2 2310 4967
1 11932 743885606
1 11932 -10622596
2 10705 14584
2 10386 2450
1 11932 -642233882
2 11497 18939
1 11932 -137449293
2 18801 10276
2 3326 2718
1 11932 -487511902
2 9931 1029
1 11932 -446401893
2 7822 3411
1 11932 972251099
2 8473 9953
2 12984 1673
2 9653 14082
1 11932 -78839622
2 12220 14975
1 11932 -321731379
2 17935 7325
1 11932 96354445
2 1077 11085
1 11932 -891835507
2 3957 7822
2 2524 198
2 1218 12381
2 13071 5553
1 11932 886159240
1 11932 -49582354
2 8297 4036
2 1942 10006
2 19893 19912
2 12212 18213
1 11932 203519572
1 11932 85534464
1 11932 659217055
2 2454 589
1 11932 -536070729
1 11932 -265899734
2 2005 12418
2 18028 2048
2 3190 11505
1 11932 959880047
1 11932 867650467
2 15481 8879
2 18301 6942
1 11932 -994002966
2 921 19552
2 5559 19392
2 2985 6415
1 11932 -475010599
2 8454 13358
2 9482 13357
2 4450 5969
2 2794 14716
2 19931 9187
1 11932 -614575536
2 5139 877
2 14118 5687
1 11932 -421535215
1 11932 600527959
2 14989 3009
2 3337 7041
1 11932 444379301
2 11135 8712
1 11932 -802384484
1 11932 68856556
1 11932 371677806
1 11932 585584764
2 15099 7907
2 7010 7662
1 11932 900912988
1 11932 -105629796
1 11932 -28150130
2 8473 11094
1 11932 134465122
2 8997 10939
1 11932 -290903698
2 3764 14933
1 11932 394218427
1 11932 421330677
1 11932 962659207
2 10996 3276
2 3856 10227
2 17798 13554
2 6293 10978
2 19456 1599
2 14823 3132
2 13289 18583
1 11932 -737135930
1 11932 -789520033
1 11932 195477364
2 17653 1991
2 3234 9754
1 11932 -69854055
2 3372 17757
2 7791 11290
2 13497 7768
2 16778 15725
1 11932 -903882229
2 18185 2281
2 7513 9196
2 4675 17519
2 9698 14160
2 12963 10168
2 10735 733
1 11932 357576434
2 15245 6742
2 13120 16543
1 11932 -449597725
2 10148 2773
2 15879 1347
2 12504 3964
2 15991 13909
1 11932 90953474
2 15293 18655
2 12901 17138
2 12621 3612
2 4863 3683
1 11932 419776810
2 4262 15297
2 1972 17055
1 11932 -911708633
1 11932 -595074938
1 11932 -97166428
1 11932 -732284138
1 11932 -204305856
2 3326 9250
2 6267 3138
2 1847 5480
1 11932 553482299
2 10842 4578
2 7296 11455
1 11932 -745719416
2 13347 19310
1 11932 -249685381
1 11932 31795439
1 11932 586447367
1 11932 -419657189
1 11932 263623861
2 9482 2216
2 6980 18250
2 16986 9707
2 6585 14283
2 13981 16005
2 15238 16097
1 11932 263323264
2 721 13181
1 11932 159038127
1 11932 616032004
2 17080 2591
2 19006 8029
2 14252 9075
2 10662 2735
1 11932 581032037
2 6229 8871
2 9768 18292
2 273 14071
2 4752 8040
2 2658 11989
2 14146 2509
2 17683 77
1 11932 -783208586
1 11932 -272715561
2 17752 11553
2 19463 1275
1 11932 -590490163
2 2719 9103
1 11932 -515386898
2 7051 4356
2 11759 4377
2 393 18638
1 11932 -418234412
1 11932 -873654847
2 16186 18160
2 19558 6915
2 5368 3390
1 11932 906556044
2 5669 7963
1 11932 -70343703
2 19598 10782
1 11932 982334483
2 2052 561
1 11932 120025326
2 13545 17945
2 7347 9670
1 11932 36154609
1 11932 648139697
2 7875 1812
1 11932 470573260
2 18511 3857
1 11932 -180713676
2 15695 3123
1 11932 54106458
1 11932 -786737182
2 8860 18480
1 11932 744189643
2 9666 13398
1 11932 -912978139
2 15093 4304
1 11932 -710727753
2 15609 1279
2 9338 13629
2 13354 6060
1 11932 294311979
2 18398 4529
1 11932 -606616837
1 11932 659613011
1 11932 407675659
2 16930 15718
1 11932 425130372
1 11932 -627478271
1 11932 430857106
1 11932 -508311957
1 11932 134062334
1 11932 -321267700
1 11932 171524693
2 11567 13725
1 11932 -415759242
2 19358 8261
1 11932 177355419
2 5207 12642
2 10624 15932
2 16017 12717
1 11932 -738970479
1 11932 -429335666
1 11932 830977555
2 19558 9004
2 1353 17807
2 17062 8238
1 11932 558466632
1 11932 -376061648
2 5578 891
2 421 10994
1 11932 -306730132
1 11932 526700003
2 12086 19569
2 16144 3168
1 11932 -744686869
1 11932 481301368
1 11932 830670173
1 11932 -261223462
2 5172 8786
1 11932 -342512501
2 435 8976
1 11932 -61536297
1 11932 844067254
2 15934 10378
2 19581 3006
1 11932 -973890262
1 11932 -362495737
1 11932 -287011025
1 11932 -411822808
2 5108 10148
1 11932 851179564
2 2547 18104
2 4843 1762
1 11932 11414471
2 2897 17958
1 11932 4812151
1 11932 -312037626
1 11932 31949641
1 11932 -1449733
1 11932 -176234026
2 13102 12501
1 11932 372726904
2 13980 6732
1 11932 369542358
2 4559 10269
2 1764 12866
2 110 11004
1 11932 220376493
2 2742 10750
2 5361 12066
1 11932 -855339161
2 3461 13438
2 16161 5214
1 11932 -631467436
1 11932 -622840176
1 11932 612548982
2 2540 14294
1 11932 -751951211
1 11932 269175407
1 11932 -613966442
1 11932 543002625
1 11932 -397868490
2 6338 12971
1 11932 -369676183
2 1573 14398
2 4867 200
2 2510 2516
1 11932 564302767
1 11932 -729707262
2 7461 11282
1 11932 -571998105
2 7256 13248
1 11932 496266869
2 4349 15859
1 11932 -834646050
2 5038 16877
1 11932 960181878
2 14864 2242
1 11932 -765983323
1 11932 607724999
1 11932 763431302
2 11038 4945
1 11932 -451276083
1 11932 -475773236
1 11932 -251860668
1 11932 -308725878
1 11932 -332635793
2 11768 3634
2 13156 11306
2 4785 6115
1 11932 -24099759
2 16082 7767
1 11932 -666480104
2 13206 5641
1 11932 -881964953
2 4420 15478
2 3620 5577
2 19793 10200
1 11932 3119533
2 2528 6153
1 11932 -332705858
1 11932 936738170
2 4531 9100
2 12429 2787
1 11932 548627163
1 11932 515401938
1 11932 343856157
1 11932 458421264
2 11532 19622
1 11932 -810136789
1 11932 -563190847
2 2627 16169
1 11932 -221137442
1 11932 749822252
2 28 3669
2 14870 9307
1 11932 -408631715
2 15462 11042
1 11932 154310546
1 11932 151288124
1 11932 -335426512
1 11932 -588221547
1 11932 130602688
2 18509 10516
2 11404 15291
1 11932 -728286683
2 11346 9766
1 11932 789176814
1 11932 -281780297
1 11932 483345244
1 11932 -109526635
2 10945 11731
2 13957 11495
1 11932 -44032953
1 11932 939509097
2 11497 4107
2 16059 11924
2 5590 5117
2 18413 738
2 3540 7275
1 11932 790709032
1 11932 -71799286
2 18971 13701
1 11932 424761840
1 11932 127945463
2 15046 18071
2 18186 16699
2 18731 7405
2 14271 13650
2 63 18717
1 11932 -983841693
2 13903 14333
2 12498 6667
2 16966 18723
1 11932 217726768
2 14768 59
1 11932 183599518
1 11932 610953982
1 11932 41457306
2 6688 1759
1 11932 -703849724
2 19680 13541
1 11932 -661131470
2 13 3938
1 11932 -889881406
1 11932 -634941792
1 11932 585707701
2 2894 12665
2 8620 13481
1 11932 75776284
2 6631 18068
2 4560 10644
2 16435 13052
2 16609 7507
2 19341 8918
2 16597 18345
2 17522 595
1 11932 209912413
1 11932 238638462
2 18746 9439
2 13266 15228
2 13985 14908
1 11932 506815364
1 11932 -299627981
2 6399 17466
1 11932 -650479545
2 11538 14988
1 11932 -698367202
2 15205 18753
1 11932 -31269782
1 11932 335842682
1 11932 -218933033
1 11932 817007997
1 11932 -412673290
1 11932 -773532567
2 4601 4072
2 13146 1002
1 11932 -312605951
1 11932 229642216
2 10464 371
1 11932 -514278531
1 11932 692493249
1 11932 -489854828
2 16714 94
1 11932 160732766
2 9833 9032
2 15705 10574
2 7182 16856
1 11932 -187683970
2 7703 14936
1 11932 698065944
2 10130 8469
1 11932 325909635
1 11932 507504634
2 7898 6842
1 11932 -344483619
2 3440 16271
2 3533 14293
1 11932 656203840
2 599 13686
1 11932 561365704
2 3892 4102
2 19719 11037
1 11932 943426882
2 17441 11811
1 11932 305278751
2 7251 1368
2 15580 18996
1 11932 -614743990
2 14027 981
1 11932 -70638781
2 6692 15833
2 16503 18619
1 11932 130019690
2 1314 4047
1 11932 307360380
1 11932 -328196971
2 1802 8916
2 17650 15786
2 10271 927
2 7952 5829
2 1215 6985
2 11565 6703
1 11932 598960034
1 11932 -452961433
2 2293 2352
2 13479 17153
2 12116 9780
1 11932 -460208392
1 11932 733496698
2 19691 1244
2 7642 17545
2 14329 17290
1 11932 657972862
2 5402 9918
2 12484 16160
1 11932 960012016
1 11932 -773681276
1 11932 -248615716
2 5561 2192
1 11932 -745099171
1 11932 523005050
2 419 3140
2 2495 3235
2 6218 16765
2 5030 15735
1 11932 413969582
1 11932 412435848
1 11932 -320768452
2 15943 17257
1 11932 -804645146
1 11932 223839306
2 8847 306
2 7076 4789
1 11932 -170259967
2 2918 1948
2 10037 15317
1 11932 -52751062
1 11932 220150174
1 11932 267576117
2 13836 16107
1 11932 -386146558
1 11932 117254617
2 6623 17983
1 11932 892080565
2 16981 3033
1 11932 -625975465
2 12297 3799
2 1875 17285
1 11932 -365106084
1 11932 -241539714
2 9069 2606
2 7914 15143
1 11932 101197281
2 469 13765
1 11932 -481819165
2 4391 755
2 7809 11825
2 19022 4466
2 440 9941
1 11932 533666271
1 11932 -804061581
1 11932 425204359
1 11932 -730632215
1 11932 -114342008
1 11932 518900072
1 11932 948297644
1 11932 -831017254
1 11932 166629576
1 11932 -416130226
1 11932 -702595026
1 11932 -62170935
2 6449 5301
2 16624 8513
2 3227 15024
2 5105 19711
1 11932 191997352
1 11932 107807439
2 9056 4626
2 14945 2878
2 9878 10692
1 11932 313522074
1 11932 767280926
1 11932 273395886
1 11932 486624309
1 11932 24073687
1 11932 887425728
1 11932 936692671
2 14707 11271
2 7951 16080
1 11932 -395364077
2 16844 7637
1 11932 -830941494
2 15996 8524
2 8838 17797
1 11932 823874933
1 11932 145596949
1 11932 -785781178
2 16466 8873
2 1111 19225
2 17537 11193
1 11932 -169814601
2 6498 15819
2 2866 17702
1 11932 879531100
2 6534 16192
1 11932 213120662
1 11932 -973418208
2 2187 18455
1 11932 -491789167
1 11932 423810543
2 2750 43
1 11932 488572132
2 5220 3753
1 11932 -501474264
2 6115 7298
2 4126 19289
2 9604 8135
1 11932 -452953052
1 11932 -119243966
1 11932 -325211197
1 11932 718477753
2 1430 9156
2 5357 6187
2 18255 15010
2 11815 12765
1 11932 -584572390
2 11540 10595
2 17768 19239
2 17093 6476
2 1030 7988
1 11932 406506530
2 15497 8257
1 11932 -818739993
1 11932 -415404793
2 12668 8911
2 8569 12838
1 11932 80726568
1 11932 -233470795
1 11932 -728704799
1 11932 267187111
1 11932 116347045
1 11932 -126038498
1 11932 -438376706
1 11932 -232537688
2 11398 4045
1 11932 729411017
2 7858 18104
2 3756 8092
2 18611 5560
2 15784 13693
2 12363 1894
1 11932 371592396
2 2510 13404
1 11932 111786915
2 4026 16552
2 16236 8736
2 5476 7606
1 11932 -595952893
2 6575 1961
1 11932 793547694
2 11724 4404
2 7404 7412
2 11705 11336
2 2848 12187
1 11932 568635468
1 11932 -273502990
2 15656 3107
1 11932 55607702
1 11932 226828824
2 14919 11568
1 11932 -229556077
1 11932 -142901135
1 11932 -472813775
1 11932 271934179
1 11932 -340321629
2 6958 6622
1 11932 883121078
1 11932 526046781
1 11932 176248053
1 11932 -368247836
2 16158 18236
2 18764 4947
2 3654 13792
2 11540 8040
2 11501 14967
1 11932 884227363
2 7176 12400
2 49 10887
2 8974 5714
1 11932 150807547
1 11932 568481075
2 16220 3840
2 18685 9255
1 11932 -552314940
2 15423 7325
1 11932 733611710
1 11932 692421290
1 11932 -153444825
1 11932 -762991085
1 11932 -716399626
2 17124 14413
2 1620 11665
2 2675 2761
2 15450 4295
2 12111 16126
2 16072 7511
2 16972 8958
2 4453 11565
2 9824 18626
1 11932 142083868
1 11932 798138880
1 11932 -191578133
1 11932 -984797055
1 11932 178207680
1 11932 248056169
1 11932 -81160252
2 5673 6330
2 14219 3153
2 17142 2733
1 11932 -780436578
2 4320 2563
1 11932 -17622199
1 11932 390010036
2 7453 4545
1 11932 -182330554
2 5290 2373
1 11932 -725585630
1 11932 46634274
2 12040 7998
2 7407 2311
1 11932 3517915
1 11932 859589332
1 11932 195996226
2 5827 11225
2 4425 1695
2 13578 14604
2 15271 12796
2 10132 3957
1 11932 577513569
1 11932 -42375248
1 11932 871012846
2 11397 8297
2 10686 5572
2 8409 17567
2 7104 11022
2 16018 2193
2 18949 8629
1 11932 692025931
1 11932 17461534
1 11932 169045145
2 19019 14162
2 17956 10902
1 11932 460889378
2 770 10442
2 3177 16519
1 11932 879831896
1 11932 14118861
1 11932 -679348121
1 11932 -652163503
1 11932 516903967
1 11932 -173342206
2 12514 3572
2 9470 12752
2 17905 18755
1 11932 -209636031
1 11932 576073679
2 18588 10009
1 11932 -565252208
2 11738 626
1 11932 808896480
1 11932 637531534
2 330 1289
2 9154 15165
1 11932 -112309102
2 3831 14
2 17269 13972
2 9296 2504
1 11932 -430768542
1 11932 -970013864
1 11932 -49945098
2 14658 11848
1 11932 297904879
1 11932 630516918
2 6081 13078
1 11932 -485351685
2 2791 10419
2 5278 8272
2 11244 14320
2 5469 15756
1 11932 -832258050
1 11932 943520151
2 10564 11396
1 11932 -918023644
2 10157 8989
1 11932 24825014
1 11932 -593570766
1 11932 952437710
1 11932 -771085670
1 11932 -12390080
1 11932 980848179
1 11932 -590209640
2 12177 105
2 8636 17990
2 18717 1440
2 8094 887
2 3139 2832
2 15229 14466
2 8486 7706
2 5989 13402
2 11818 5795
1 11932 399245392
1 11932 263547432
2 18883 13409
2 754 17933
2 18172 15991
2 5611 19622
2 19174 17821
1 11932 -596489405
2 11640 19089
1 11932 -826764281
2 5681 14766
2 3640 18931
2 7230 7989
2 7153 17316
2 3371 8684
2 2718 1456
1 11932 876307741
2 2648 11170
1 11932 970299208
2 14403 6217
2 15139 10407
2 8768 11838
1 11932 472722397
1 11932 121092064
1 11932 376592237
1 11932 690289642
2 469 13149
2 11199 3394
1 11932 513902286
1 11932 -879312418
1 11932 966471565
2 5804 4005
2 19362 10842
2 2866 3680
2 19404 13937
1 11932 431881450
2 1717 3626
1 11932 44802457
1 11932 12751453
1 11932 644265232
2 4265 6195
1 11932 631912210
1 11932 461248446
2 16242 9103
1 11932 -336384965
2 9439 13800
1 11932 -431736473
2 19011 14238
1 11932 411006894
1 11932 978582265
1 11932 12817771
2 7868 2101
1 11932 648212072
2 124 5233
2 15204 9822
1 11932 668973466
1 11932 534858326
2 2324 17833
1 11932 -464256033
1 11932 -737399333
2 13091 14052
1 11932 -474413599
2 15527 5172
1 11932 550668420
2 16613 5384
1 11932 -342103224
2 6682 17579
1 11932 -816985529
2 16345 4333
1 11932 -335675397
2 16577 12800
1 11932 740869647
2 15745 9160
1 11932 -810687326
1 11932 -966677501
2 1740 4013
2 15336 940
1 11932 453397509
1 11932 -95429894
1 11932 -891769537
2 6416 5150
2 19752 13003
2 16425 14355
1 11932 134358325
2 8159 14696
2 16448 1807
1 11932 -87228569
1 11932 671623766
2 15005 14229
2 295 4350
2 15277 14332
1 11932 -976794790
1 11932 470995510
2 14943 12940
2 2756 10066
2 6880 644
1 11932 801451603
1 11932 446156168
1 11932 736502120
2 985 8446
1 11932 138241399
2 6004 16732
1 11932 -347322472
1 11932 -805737888
1 11932 -603137139
1 11932 -497660435
2 2486 18372
2 24 12421
1 11932 140983544
1 11932 609407459
2 16440 6042
2 2106 1908
1 11932 -703286827
1 11932 -307074413
1 11932 -20496757
1 11932 57543184
1 11932 -522686581
2 7179 12310
1 11932 -687041737
1 11932 -732897666
1 11932 243655968
2 15674 10747
2 13574 3071
1 11932 538104589
1 11932 818361722
1 11932 -691815920
2 9508 1720
1 11932 76324120
2 17523 16067
2 16235 11999
1 11932 250124120
1 11932 -123923680
2 5616 10641
2 19837 9988
2 1314 8804
2 14836 12242
2 1187 9184
1 11932 -832357743
1 11932 -832150544
1 11932 -963274834
1 11932 -768041261
2 2000 7850
2 19831 7333
2 4930 13147
2 9091 18867
1 11932 767849648
1 11932 -154144316
2 3626 2893
1 11932 435411778
1 11932 -850761805
1 11932 -478204545
2 1479 14124
2 8855 10328
1 11932 641976609
1 11932 -35314893
2 683 9097
1 11932 814560081
2 17217 16508
1 11932 936212130
1 11932 499094632
2 7870 18467
1 11932 -571406723
2 5238 18417
1 11932 379781941
2 18012 8898
2 2868 16790
1 11932 -405075713
1 11932 -28377976
1 11932 589586403
2 17546 5469
2 4717 18938
2 7255 13098
2 6180 10289
2 938 2018
1 11932 -906247735
1 11932 -536004336
2 10159 19766
2 8848 6844
2 3391 934
1 11932 588169207
1 11932 782799086
1 11932 467910150
1 11932 -287900419
2 13166 9665
1 11932 -486186049
2 1692 5877
1 11932 690942870
2 15854 1331
1 11932 490563494
2 2622 1831
1 11932 479719020
2 8531 10303
1 11932 949365882
1 11932 697506867
1 11932 913936663
1 11932 49059854
2 8648 15683
1 11932 449723809
1 11932 346307603
2 18813 13170
2 15689 11144
1 11932 -900741661
1 11932 272384636
1 11932 827373919
2 4701 7750
1 11932 262637573
2 1043 10119
1 11932 -894918383
2 5240 3184
1 11932 -263317182
1 11932 -471730561
1 11932 -613394150
2 11371 3876
1 11932 258494375
2 14472 3976
2 1903 11769
1 11932 -196773285
2 8616 10882
1 11932 -538680133
1 11932 277714629
1 11932 133596222
1 11932 579991690
1 11932 -896486251
1 11932 852998185
1 11932 490502238
1 11932 568743969
2 373 7592
1 11932 -938483956
1 11932 228075550
2 10103 16862
1 11932 -353973608
2 18176 9395
1 11932 249545883
2 2290 1935
2 8634 16663
1 11932 -347125388
2 13757 11746
1 11932 -914911784
2 2631 7659
2 16907 4374
2 3953 4935
2 13529 11306
1 11932 -816032131
2 3705 6166
1 11932 264764002
2 19580 17660
1 11932 145632109
1 11932 -670890452
1 11932 -91390856
1 11932 759639415
2 4102 2424
1 11932 -690997818
1 11932 -143683628
1 11932 -971628556
1 11932 -645272095
1 11932 875053266
2 17591 139
2 12294 3375
1 11932 -22937353
1 11932 -639685607
2 16232 18053
1 11932 -205441787
2 14572 4689
2 7432 4881
1 11932 -850981541
1 11932 -891302600
1 11932 950745632
1 11932 -605951087
2 4698 6569
2 12654 4344
1 11932 -439860383
1 11932 194224124
1 11932 504251033
2 10961 2688
2 6167 7172
1 11932 277823651
2 11171 12538
2 9375 4274
1 11932 860417780
1 11932 94778953
2 16285 10452
1 11932 377649136
2 3650 4943
2 8691 5955
2 18711 10772
2 12084 108
1 11932 707061857
2 10486 12633
1 11932 673798698
2 3097 3929
2 14427 8938
1 11932 930607666
2 10320 3386
2 2550 2318
1 11932 135906254
2 2275 3819
2 9274 6412
1 11932 -243079064
2 17962 14415
1 11932 757959708
1 11932 -157166138
1 11932 483209091
1 11932 622001955
1 11932 -81085712
2 14741 16935
2 17167 7808
1 11932 438846614
2 18387 8601
2 17170 3223
1 11932 -597612810
1 11932 -317607367
2 10358 5023
2 18065 19823
2 6805 33
1 11932 -776118076
2 16858 5850
2 10408 17778
1 11932 857296264
1 11932 456390363
1 11932 -917013789
2 8667 1823
2 18441 18510
2 18012 13221
1 11932 148753191
2 2841 334
1 11932 -986975973
1 11932 -483398761
1 11932 -86068490
1 11932 -182992613
2 1247 755
1 11932 619337464
2 17045 8704
2 1468 14309
2 8854 7932
1 11932 -713497736
1 11932 531131316
1 11932 630903890
1 11932 687656122
2 3603 6592
2 11458 4653
2 11015 19631
1 11932 298172110
1 11932 -72646832
2 8402 1674
2 5523 116
2 8856 8144
1 11932 390470878
2 5138 7301
2 2061 16386
2 10600 18848
2 8866 1760
2 3431 442
2 9755 8842
1 11932 994774712
1 11932 -541109898
2 5365 17385
2 10335 18419
1 11932 769438468
1 11932 301010277
2 12355 16623
2 5458 14300
2 18548 15469
2 9658 17999
1 11932 -613071503
2 10468 19907
1 11932 -975239195
2 19754 13126
1 11932 -990899159
1 11932 -79174815
2 2279 6440
2 5523 2141
2 18752 19830
2 8609 11384
1 11932 -284714806
1 11932 -235181054
2 18048 14253
2 12612 16094
2 13413 18065
1 11932 -713022032
2 8964 16150
2 4437 5902
2 16966 15119
2 16562 514
1 11932 330135899
1 11932 755329715
1 11932 660771312
2 15005 15884
2 18791 14967
1 11932 -694541013
1 11932 580759858
2 13963 10096
1 11932 -299523254
2 4599 9772
2 3563 2137
1 11932 -910507999
1 11932 813362003
2 14465 493
1 11932 659763883
2 6342 7404
2 14180 10916
2 6149 6231
1 11932 -645151904
1 11932 13277932
1 11932 -747991097
1 11932 550781766
1 11932 406761673
1 11932 972716814
2 6735 9556
1 11932 535077514
1 11932 -380915943
1 11932 -173219180
1 11932 720395846
2 2910 17718
2 17146 4669
1 11932 -979189090
2 8042 18711
1 11932 59692873
1 11932 -560482774
2 6808 10854
2 17646 1610
1 11932 359418549
1 11932 516012689
1 11932 796044705
1 11932 100062658
1 11932 -996211895
2 2641 10552
2 11377 15835
1 11932 -703182894
2 11309 15031
2 7140 720
1 11932 -314788370
1 11932 656928974
1 11932 -230852663
1 11932 -468860190
2 18895 10931
1 11932 39771767
2 10482 14805
1 11932 931238442
1 11932 482647885
2 8323 16113
1 11932 -924333336
2 17179 17305
1 11932 883742731
2 4118 4385
2 18526 3161
2 1300 3802
2 14913 15710
1 11932 -372619459
1 11932 -93949282
2 182 3710
2 2265 3188
2 6376 3107
2 16981 2634
1 11932 -260928880
1 11932 898024347
2 16080 4160
2 1892 3602
1 11932 -541212347
1 11932 -743252147
1 11932 -969459262
2 14290 12582
2 14334 19298
2 12136 18901
2 5773 11528
2 4400 6891
2 13260 13469
2 4922 11285
1 11932 -480956103
1 11932 -310482599
1 11932 625793426
2 434 400
1 11932 -214600373
1 11932 802792486
1 11932 928957227
2 14533 19492
2 14574 1243
2 7129 9276
2 16853 8390
1 11932 799807757
1 11932 -845298061
1 11932 354904251
2 8659 4543
1 11932 65406767
1 11932 86479247
2 13661 19531
2 7703 8721
2 13683 18744
1 11932 -921210816
1 11932 48567572
2 9639 18176
2 16374 15516
1 11932 -278658769
1 11932 880355926
2 18753 17130
2 16009 16382
2 19159 11898
2 11764 12964
1 11932 -602534541
1 11932 934012574
1 11932 -280954655
1 11932 -894236524
2 13127 14442
2 17247 2500
1 11932 -179288328
1 11932 -893199634
2 6366 7117
1 11932 -820114082
2 5522 6772
2 15388 14594
1 11932 -332783577
1 11932 -137654173
2 6065 4071
2 9662 6273
1 11932 95507332
1 11932 -572407064
2 17752 570
2 17553 10650
1 11932 76763227
2 5102 3971
2 14810 4626
1 11932 -487503042
1 11932 -709941928
2 9492 1491
1 11932 -966876832
1 11932 -406148883
1 11932 -716369586
1 11932 -609050280
1 11932 -723750347
1 11932 -590418601
2 6457 15573
1 11932 -768805223
1 11932 -814727379
1 11932 -623463309
1 11932 836773878
1 11932 -478785798
1 11932 -294766177
1 11932 -208111710
1 11932 -416167562
2 211 3637
1 11932 969573135
1 11932 -154690791
1 11932 -130045808
1 11932 634382775
2 18960 173
2 7651 640
2 6560 17413
1 11932 291554611
1 11932 -752733110
1 11932 -164591422
2 2904 15609
2 3651 11474
2 11119 15091
2 13506 18651
1 11932 -813928357
2 2707 162
2 16339 6187
1 11932 -912699693
1 11932 -42947591
1 11932 -316915748
2 18991 5222
2 6647 12997
2 8062 18373
2 9867 6244
2 7384 4992
2 4365 7719
1 11932 -375769123
1 11932 539108709
1 11932 -227056937
2 1075 2003
2 17340 5739
2 12200 4529
2 14064 16587
2 5749 18618
1 11932 -370079303
1 11932 357121879
2 12144 15078
1 11932 237980670
2 17924 10981
2 17788 3324
2 7042 12914
1 11932 935993312
1 11932 427282648
1 11932 811920804
2 18737 11578
2 16570 13876
1 11932 913831640
2 4740 18228
1 11932 -110205148
2 13720 5149
1 11932 483901440
1 11932 -40475368
2 12620 9010
2 6182 3513
2 12092 5897
1 11932 -128031543
1 11932 573812291
1 11932 -794864118
2 12692 13749
2 380 3099
1 11932 587839037
1 11932 -360049244
2 18895 8146
1 11932 954997799
1 11932 877296354
2 619 9037
1 11932 -978524714
1 11932 -548993333
2 13938 11195
2 5957 3147
2 13588 8380
2 7773 4977
1 11932 -314175226
2 17663 2069
2 16917 5795
1 11932 436077662
2 5669 8350
1 11932 782593937
2 11558 9929
2 8815 6936
1 11932 -501824181
2 8707 17306
1 11932 742688277
2 19067 16651
1 11932 -381984305
1 11932 33172193
2 13453 2970
1 11932 87538414
1 11932 461521495
2 9803 9586
1 11932 -337517431
2 13702 2192
2 11709 1960
2 6810 1222
2 9631 4299
1 11932 -197391155
1 11932 453525337
1 11932 -797229408
1 11932 986586876
1 11932 -867655517
2 13301 15518
2 6154 11282
2 14231 9706
1 11932 725510642
1 11932 -151253134
2 17244 19715
1 11932 -153871289
2 2299 14352
1 11932 787000352
1 11932 -28805605
1 11932 -782440997
2 7081 7133
2 15877 4826
2 19938 14150
1 11932 -308364701
2 1884 7894
2 13008 4118
1 11932 -808312183
2 10648 2338
2 18805 10007
1 11932 -207768630
1 11932 -899221619
2 19230 6276
1 11932 942585240
1 11932 -989257728
2 4466 9851
2 7883 9809
2 15598 4319
1 11932 -487118663
2 422 11439
2 9412 2355
1 11932 -819688123
1 11932 726638503
2 18943 13296
1 11932 -83594813
1 11932 -346932756
1 11932 672757515
2 19820 6357
1 11932 -775871000
1 11932 -76085423
2 299 11668
1 11932 329337652
1 11932 813059936
2 16419 9246
1 11932 960236834
2 8379 11363
2 10398 19613
2 7339 13936
2 17876 2591
1 11932 125787588
2 19715 572
1 11932 -484040023
2 5155 8348
1 11932 598182928
1 11932 805158088
1 11932 -8751051
1 11932 555697568
2 3832 5714
2 12394 8977
1 11932 -369352897
1 11932 -946182734
1 11932 -913744684
2 5113 3335
2 16144 15181
2 5030 13472
1 11932 568610743
2 1588 6220
1 11932 750696636
2 57 6952
2 17322 5363
1 11932 -380950199
2 13882 17676
2 9546 7768
1 11932 862900490
1 11932 454481112
2 15317 10763
1 11932 -98621722
1 11932 -252059678
2 9948 7787
2 19327 5141
1 11932 -606643710
1 11932 -876920776
2 11129 758
2 10302 1343
1 11932 792336088
1 11932 -711613226
2 10816 17366
2 12930 17875
1 11932 -107944448
1 11932 -225984581
2 17776 7514
1 11932 -251799261
2 5374 14539
1 11932 418148973
2 16908 19095
2 14999 18314
1 11932 635844562
1 11932 425091640
2 5563 8307
2 4871 12308
1 11932 -410993590
2 9596 18869
2 12296 9022
1 11932 -451781142
1 11932 446326773
1 11932 560813329
1 11932 -85345079
1 11932 250616473
1 11932 -535347076
2 9142 16259
2 761 5805
1 11932 179914411
2 4922 12517
2 652 13486
2 13688 14048
1 11932 522231398
1 11932 798942795
2 1646 2903
2 19720 3513
2 13287 7204
1 11932 -71649288
2 8152 6373
2 10409 14282
2 19548 7357
1 11932 92732379
1 11932 8500709
1 11932 -340873044
1 11932 324374024
1 11932 790813615
1 11932 -114106883
1 11932 -761114948
1 11932 -162377159
2 17572 1152
1 11932 -470723586
2 14809 5850
2 6872 3205
2 19849 14159
2 19899 15679
2 7960 7097
2 1879 10858
2 9815 6704
2 13894 1147
2 13281 4209
2 9675 611
2 3310 2962
2 4211 12130
1 11932 -725921927
2 1198 12366
2 16772 10628
1 11932 -307001211
2 5640 15402
2 8956 4657
1 11932 -610894873
2 13022 12278
2 14035 3913
2 3482 1811
1 11932 957166547
2 9903 16933
1 11932 -860978158
1 11932 -868552525
1 11932 -295713988
1 11932 -883612022
2 9044 6145
2 14134 7007
1 11932 510710225
1 11932 -704555931
1 11932 -34064476
1 11932 -573341954
2 17268 17288
1 11932 -564331320
1 11932 115231569
1 11932 429784868
1 11932 320475893
2 6495 17683
2 7670 7814
2 11454 16909
2 15089 17719
1 11932 480998386
1 11932 306975266
2 7175 11985
2 6471 18694
2 4676 19080
2 17576 12355
2 17409 3413
1 11932 953348116
1 11932 -64621011
2 12082 6420
1 11932 190644012
1 11932 -144098029
1 11932 -611473355
2 4690 16054
1 11932 -445369337
2 3558 3689
2 18137 16080
1 11932 -744782249
2 5400 9083
2 48 2042
1 11932 -909691898
1 11932 -422601089
2 15445 13465
2 2722 1349
1 11932 1189303
1 11932 303218698
2 1230 10144
1 11932 852102353
1 11932 -714369643
1 11932 -478703579
2 3854 12122
2 17621 13818
1 11932 878268380
2 2390 12310
2 9425 4414
2 16442 8377
2 14775 14146
2 18903 2001
2 14158 15191
2 19532 8733
2 9675 8400
2 13359 18926
1 11932 494155360
1 11932 344521920
1 11932 947729447
1 11932 241339349
2 4725 10677
1 11932 -517647031
1 11932 548472995
2 14897 18010
2 12831 10014
2 6607 15539
1 11932 527011998
2 15485 7559
1 11932 -280501512
2 2042 7015
2 3073 806
2 6541 6125
1 11932 947341344
2 11854 5716
1 11932 -905412693
2 15699 4458
1 11932 882587711
1 11932 96235758
1 11932 -235998578
2 11317 15660
1 11932 593305325
1 11932 -757467117
1 11932 -608253551
2 3232 13811
2 1524 17644
1 11932 528541639
1 11932 -443771369
1 11932 -912691515
2 19219 6422
1 11932 652948909
2 2020 6792
1 11932 785082882
2 7386 5115
2 14032 10928
2 7313 17777
2 19764 3426
2 4964 12695
1 11932 168408283
1 11932 -500281964
2 12438 13188
1 11932 -406849882
1 11932 -99027378
2 14055 17393
2 9677 13706
2 18963 17033
2 6409 577
2 6692 6245
2 9444 18745
1 11932 -773334944
1 11932 627973334
1 11932 -643438022
2 2723 12692
2 19971 12482
2 14567 2733
1 11932 -926321243
1 11932 74772952
1 11932 301070753
1 11932 -159968341
2 16948 17100
2 7709 896
1 11932 -761294041
1 11932 813164409
2 12807 18582
1 11932 -329874949
2 8238 11787
1 11932 -158001276
2 14617 12739
2 11482 11583
1 11932 497750615
1 11932 282214185
2 10641 6036
2 12133 5997
1 11932 -398054715
1 11932 741029738
1 11932 -144663850
2 5120 8287
2 17596 8511
1 11932 -974746097
1 11932 470915176
1 11932 375481464
1 11932 539833518
2 15637 7962
2 6677 7459
2 4807 9745
2 13100 14117
2 12081 3853
1 11932 36707855
1 11932 -909093187
2 11607 16055
1 11932 -793221196
2 6747 1514
2 6312 13247
1 11932 -407450960
1 11932 353876936
2 7922 11482
1 11932 -483796345
2 3095 11807
1 11932 -319013872
2 17892 17761
1 11932 306022970
1 11932 308504585
1 11932 356179498
2 9152 10100
2 3788 18398
2 18072 11214
2 16414 3714
1 11932 541310698
1 11932 -997728525
1 11932 800419315
1 11932 551071705
2 6511 14262
2 4982 19392
1 11932 -919332397
2 221 12710
1 11932 -736069317
1 11932 173530180
1 11932 -636080922
1 11932 124633568
2 9271 7167
1 11932 -196551580
1 11932 728454042
1 11932 -11969255
1 11932 521682281
2 19065 6743
2 9668 4251
2 19698 3220
1 11932 50503026
2 527 12045
1 11932 -975187591
1 11932 8636027
2 5491 10154
2 5222 4545
1 11932 -444947014
1 11932 -954457548
2 1535 6717
2 18595 10131
2 14530 3078
2 6603 9105
2 16024 8095
2 4957 3800
2 6277 18621
2 18059 15720
2 10201 14831
2 4912 1292
1 11932 -415819338
1 11932 314279061
2 14086 8970
1 11932 -865918914
2 1095 10388
2 5189 12452
2 7472 14108
2 6830 4962
1 11932 -944624862
1 11932 33302915
2 8739 1522
1 11932 750827174
2 5902 19627
1 11932 -315456356
2 10140 5326
2 13008 13198
1 11932 25325180
2 5281 9533
1 11932 -165767247
1 11932 -637418307
1 11932 -887295695
1 11932 -889569588
1 11932 241187810
2 5290 10141
2 16063 12180
2 18580 2516
1 11932 -381205126
1 11932 -672765879
2 16005 479
1 11932 -305189756
1 11932 472856459
1 11932 -689865444
2 19262 170
1 11932 534660487
2 10385 11888
1 11932 -174224501
2 16601 13391
2 8303 7878
1 11932 783357885
1 11932 800629717
2 13668 6858
1 11932 538978914
2 562 19236
2 1865 19543
1 11932 -729138713
2 16941 8440
1 11932 592488725
2 1563 16898
2 1234 16660
2 15081 8039
2 1624 6267
2 17538 7293
1 11932 -640771953
2 15121 19312
2 15748 1928
2 11495 16290
1 11932 999407913
1 11932 -314605992
2 7431 1099
2 12527 9738
2 8312 8556
2 17155 15794
1 11932 241349087
2 14435 11754
1 11932 -179373118
1 11932 657583612
1 11932 -450229671
2 16337 811
2 11894 17825
1 11932 -976482173
1 11932 -401992231
1 11932 -17819721
1 11932 786763289
2 2976 520
1 11932 -368579967
1 11932 -748090151
1 11932 -972053835
1 11932 -656182358
2 17157 4484
2 19918 4296
1 11932 28808477
1 11932 -873796609
2 1964 774
2 16700 2814
1 11932 -194240097
1 11932 -821232641
1 11932 664521731
1 11932 -918776157
1 11932 -855965171
2 13886 8422
2 5197 12538
1 11932 68457057
2 8470 11594
1 11932 561360885
2 909 10741
1 11932 -56623954
1 11932 -157561784
1 11932 -482498088
2 17524 3203
2 5910 11137
1 11932 850671208
1 11932 159094433
1 11932 383915411
2 11773 4696
2 11186 18752
1 11932 427594423
2 850 1260
1 11932 956652726
2 7326 3955
1 11932 -978261981
1 11932 -979641945
2 11301 4547
2 14819 14902
1 11932 471023205
2 16349 9665
2 7098 6336
1 11932 721222008
1 11932 -370283506
1 11932 -63963427
2 3901 1694
1 11932 -727229688
1 11932 -418846527
1 11932 -910511333
1 11932 747114860
2 11733 7705
1 11932 -283413717
2 18440 3310
2 10442 9535
1 11932 -717877714
2 14296 15213
2 9647 9283
1 11932 491821131
1 11932 641792195
2 15816 3408
2 9596 12561
2 6688 19592
2 8100 6379
1 11932 81277688
1 11932 507853700
1 11932 652337110
2 7082 8400
2 13253 12172
2 12283 7721
2 3473 4414
1 11932 -58552193
2 11769 5187
1 11932 -355872102
2 9600 1666
2 12816 6403
2 18451 16573
1 11932 383545368
2 8088 19564
2 6967 612
2 500 17978
1 11932 425584370
2 14562 18715
2 172 11416
2 16109 8186
2 12060 3772
2 13580 17045
1 11932 392559151
1 11932 814834191
1 11932 357356491
2 413 2725
1 11932 -313341769
2 1558 4853
2 3567 15580
2 7366 11181
1 11932 715738941
2 2707 10676
1 11932 -539439415
1 11932 -643962229
2 19162 13993
2 3701 14257
2 10695 8446
1 11932 -507741900
2 3667 18027
1 11932 815207573
2 9687 13598
2 19514 747
1 11932 703120657
2 8614 8906
2 6813 582
2 959 2765
2 18582 17055
1 11932 -813132737
2 2492 16645
2 7531 10071
2 13531 15995
2 11884 2111
1 11932 -260285149
2 7226 1800
1 11932 755615659
2 3958 14454
1 11932 358041595
2 4384 9870
2 834 10557
1 11932 510629878
1 11932 199289999
2 323 5608
1 11932 829355145
1 11932 646564111
2 6144 18819
1 11932 234157790
2 4237 11649
2 15656 17136
1 11932 431908106
2 10373 11781
1 11932 -581533557
1 11932 163659222
2 6625 105
1 11932 353164647
2 6174 5772
2 17791 9415
2 16284 14478
1 11932 -31222299
1 11932 -311378014
1 11932 -279006062
1 11932 -919022207
2 11826 19210
1 11932 591370442
2 12453 14816
1 11932 -740838680
1 11932 126382981
1 11932 741895651
2 14143 17143
2 10879 7668
2 13802 6181
1 11932 -736508243
1 11932 -856466215
2 12508 8999
2 2640 16493
1 11932 689561515
2 19185 16918
1 11932 -912476403
2 2298 7099
1 11932 211678994
1 11932 -256602179
1 11932 329189857
1 11932 375419369
1 11932 -706533343
1 11932 -133927619
1 11932 424778592
1 11932 620940111
2 5933 19466
1 11932 -322811929
1 11932 -276660649
2 16564 19624
1 11932 -994909877
2 14067 4949
1 11932 691231076
1 11932 -418260809
1 11932 896897918
2 9537 4794
2 1916 8248
1 11932 291648973
1 11932 -344129431
2 8317 11655
2 19618 12385
2 12557 7351
1 11932 293481825
2 1110 12366
2 19869 16001
1 11932 -471087828
1 11932 363059615
1 11932 -777405126
1 11932 328178817
1 11932 563641948
1 11932 364116630
1 11932 -197093307
2 1604 14985
2 18651 17325
1 11932 -251783023
2 7548 6972
2 4280 13635
2 7850 12759
2 18339 1976
1 11932 454040050
1 11932 283012561
2 19235 16591
2 11322 18930
2 17808 8487
1 11932 295085535
1 11932 796265425
1 11932 722644461
1 11932 -656657756
1 11932 302995085
2 818 7113
2 8381 16918
2 10633 14309
2 2149 18454
1 11932 -239669522
2 18226 8971
2 1640 11127
2 2426 4579
1 11932 298457872
2 280 1555
1 11932 -780734764
1 11932 -849472667
2 14554 4617
1 11932 249451949
1 11932 -608616278
2 18115 15907
1 11932 713843197
1 11932 430950826
1 11932 208377431
1 11932 -417642336
1 11932 626216654
2 19357 5379
1 11932 -493529760
1 11932 -220048308
1 11932 -62742271
2 7093 12997
2 11185 1041
2 6935 18857
1 11932 -52520636
1 11932 -103021412
2 16940 15637
2 4260 8458
2 7544 19613
2 11988 2174
1 11932 -819995122
1 11932 -463102165
1 11932 498332981
2 18695 100
2 16582 17954
1 11932 -539521389
2 13319 1106
1 11932 -497872851
1 11932 -236411211
2 8133 15413
2 19046 296
1 11932 -273769128
1 11932 -645415652
2 6766 7218
1 11932 379596925
1 11932 432113617
1 11932 869663629
1 11932 -220851107
2 3044 17116
1 11932 -87187269
1 11932 -55235126
2 8292 19813
2 667 10529
2 14972 16487
2 15346 598
1 11932 -681081026
1 11932 -21920990
1 11932 754711523
2 12495 14943
1 11932 920242251
1 11932 623289596
1 11932 760352171
1 11932 -165582837
1 11932 73822667
2 4245 9513
1 11932 -400781467
2 3791 5625
2 800 8626
1 11932 656724557
1 11932 78961958
1 11932 -602008069
1 11932 -671281877
2 3090 13527
1 11932 -602481416
1 11932 -653394152
2 18860 6950
2 12664 8762
1 11932 -461361957
2 752 2707
1 11932 522280916
1 11932 791935580
1 11932 542938340
2 16971 3485
2 11242 3659
1 11932 -821940552
1 11932 523672583
1 11932 -951820787
2 9689 7952
1 11932 -27711252
1 11932 -780891536
2 18309 9859
1 11932 985170792
1 11932 429423542
2 1012 13084
1 11932 326549142
1 11932 929852892
2 2580 1780
1 11932 885624859
1 11932 -401431490
1 11932 -619876459
1 11932 137306515
1 11932 830568070
2 2622 8865
1 11932 -201914014
1 11932 -555559772
2 15891 7324
1 11932 -548617417
2 13439 3551
2 12254 12083
2 19137 13327
2 3257 6611
2 12345 9764
2 13297 1854
1 11932 -726987888
1 11932 -960680124
1 11932 710651875
2 14768 15515
2 17008 16530
2 18704 2313
1 11932 456626604
1 11932 -803386991
2 14940 11447
2 10168 19543
2 2680 16899
1 11932 -185774522
2 1829 9465
1 11932 790750661
2 13200 6475
2 16812 460
1 11932 970968430
2 11180 2188
1 11932 -741974196
2 7684 17002
1 11932 564318760
2 2631 15475
1 11932 -716467143
2 8877 3151
1 11932 214224048
1 11932 -320085596
2 4618 1191
1 11932 188946238
2 1209 7244
2 8698 12115
2 11472 2862
1 11932 149451540
1 11932 87522157
1 11932 -626884003
2 18405 16737
2 18676 4591
1 11932 -468521847
2 15335 3205
2 8619 17648
2 4113 2761
2 9028 16583
2 12725 13040
1 11932 -906904490
2 2826 17031
2 13452 16815
1 11932 947402564
2 8242 7947
1 11932 -785243388
1 11932 750073230
1 11932 -977246590
1 11932 -527063317
1 11932 306540051
2 7440 1784
1 11932 748274700
2 18206 2958
2 10388 2398
2 7248 6063
2 7609 9371
1 11932 550906234
1 11932 -770898882
1 11932 624121421
2 13400 8580
2 16995 7523
1 11932 -674362667
2 15330 18234
1 11932 129359974
1 11932 53084329
1 11932 827976660
1 11932 -486423325
2 13026 11950
2 542 17452
2 6985 8858
1 11932 951723604
2 606 1416
2 7848 9037
2 98 18881
1 11932 867539780
2 15664 1693
2 6226 9349
1 11932 769380220
2 15940 10215
2 19754 12684
1 11932 -419112
2 17260 12955
1 11932 149156333
2 1869 12710
1 11932 552802849
1 11932 -506802101
2 17724 3537
1 11932 -284954610
1 11932 -635667297
2 11103 3515
1 11932 -534322738
1 11932 585444263
1 11932 -447911090
2 13095 17844
1 11932 17500325
2 12595 19840
2 17822 1653
2 2555 2693
1 11932 147733589
2 1213 11068
2 19943 6728
2 8286 19085
1 11932 864632619
1 11932 -994831994
2 3583 3047
2 7557 5665
2 6323 11231
1 11932 487333850
2 674 4917
1 11932 -713144335
1 11932 -905493240
1 11932 -644472159
1 11932 -895000049
2 2071 1185
2 3553 9022
2 1862 15131
1 11932 -305756785
2 2459 9012
1 11932 -323058442
2 15185 12542
2 15052 17171
2 14191 3295
2 2339 594
1 11932 916228760
1 11932 867297083
2 9911 6331
2 4140 14951
1 11932 14655887
1 11932 -725953088
2 18061 5781
1 11932 -241991933
2 12388 17763
1 11932 -900706905
2 15687 17340
2 2614 2243
2 7597 2457
1 11932 -196088076
2 19034 15329
2 1727 14331
1 11932 574905229
2 19657 14438
1 11932 -774013626
2 5186 2438
1 11932 157162588
1 11932 240549915
1 11932 -51851548
1 11932 621010627
2 17800 13186
1 11932 21285257
2 5152 49
1 11932 -950036194
1 11932 874554910
2 14473 3939
1 11932 954182505
1 11932 -587180493
1 11932 780426335
1 11932 736863000
2 17297 19342
1 11932 -211875017
1 11932 320257308
2 16783 16119
2 12172 17304
2 4567 4315
2 7870 11582
1 11932 -501989670
2 228 16772
1 11932 -658302961
2 6411 8915
1 11932 378199597
2 202 10102
1 11932 566048319
1 11932 210769096
2 9000 13382
1 11932 704777183
2 15864 10654
1 11932 -599939744
2 17579 19434
2 15440 4204
1 11932 -800755550
2 19073 2671
2 17511 11588
2 13267 14284
2 9439 6178
1 11932 29535814
2 16874 540
1 11932 -61357473
1 11932 675690693
2 4870 8926
2 3100 8510
1 11932 -883296940
1 11932 548213054
1 11932 887669820
2 13152 14522
1 11932 -401157252
1 11932 895837111
1 11932 -368797210
2 16420 7758
2 8373 7354
1 11932 -900620093
2 9617 5954
2 13247 9941
2 1612 5820
2 11762 4178
1 11932 799525226
1 11932 -828680112
1 11932 -995486055
2 9304 4858
2 2482 15031
1 11932 -573550105
1 11932 -846183307
2 7762 4726
2 409 5162
2 7366 14102
1 11932 -751006487
2 7658 18183
2 5175 7450
2 8737 5012
2 422 16071
1 11932 474542554
1 11932 343445276
2 18538 11959
1 11932 -724436963
2 11246 17764
1 11932 -282811260
1 11932 -878525594
2 13106 2883
1 11932 -8084501
2 2001 1070
2 2599 12251
1 11932 140084752
2 13862 7260
1 11932 -597650661
1 11932 -670337255
1 11932 -395993152
2 12714 19470
1 11932 986234146
1 11932 972263206
1 11932 -902479197
2 7987 3819
1 11932 -632954348
2 19787 14694
2 9740 14143
1 11932 523038608
2 13769 14851
1 11932 -316577181
2 8928 11069
1 11932 152975779
2 3245 12642
2 5403 15243
1 11932 445666453
2 10478 14913
2 19766 8605
2 8342 14196
2 11350 904
1 11932 185291317
2 6203 13932
1 11932 425111492
2 5864 6017
2 7103 16456
2 12672 9265
1 11932 213295031
2 622 12302
1 11932 -374274768
1 11932 -883703937
1 11932 -771438453
1 11932 -874570083
2 8788 15376
2 7097 11740
2 15461 15976
1 11932 -922185277
1 11932 -87076057
2 16918 11055
2 15780 9834
1 11932 155449036
2 7359 16476
1 11932 564026894
1 11932 -283112615
2 6086 3435
2 806 5919
2 3465 15578
1 11932 189769319
1 11932 -293782254
1 11932 416309045
1 11932 -702773354
1 11932 119389923
2 8504 1544
1 11932 79025098
1 11932 293141685
1 11932 -588458697
2 813 8033
1 11932 625682562
1 11932 -742525830
2 14558 15457
1 11932 963418712
1 11932 391274207
1 11932 -883060666
1 11932 296332982
1 11932 35504757
1 11932 615799408
1 11932 510821724
2 230 18917
1 11932 -744534409
2 4382 15411
2 2355 415
2 11959 3759
1 11932 365337955
2 16856 11720
1 11932 380582937
1 11932 -923289256
2 19210 9529
2 9886 2006
2 19069 7193
2 7068 19521
2 13423 248
1 11932 -553321352
1 11932 447804246
2 15694 5175
1 11932 -793856082
1 11932 630543342
2 2022 4086
1 11932 259610319
1 11932 -382869973
2 19571 4605
1 11932 -448128285
1 11932 -833637648
1 11932 613725156
1 11932 792402900
2 15149 5642
2 15286 14792
1 11932 78177848
2 10624 12818
2 19513 7672
2 417 2976
2 14871 14597
1 11932 -718237243
2 19397 7889
1 11932 408054586
1 11932 -469625836
1 11932 -327139177
2 19878 2214
2 17696 19918
1 11932 -16014613
1 11932 -316063745
1 11932 457569031
2 19088 2763
1 11932 -882781508
1 11932 -719995774
1 11932 -22556722
1 11932 -201597358
1 11932 -658327755
1 11932 877287973
1 11932 -72381387
2 18188 19591
1 11932 822002223
1 11932 -725227068
2 17780 14325
2 12561 15641
2 19680 14052
1 11932 72920334
2 13503 4877
1 11932 3945122
2 9493 3314
1 11932 800677129
2 18503 7630
2 19699 9654
2 6049 13636
2 4547 9874
2 7881 13677
2 9883 90
2 15299 18704
1 11932 -508948942
2 16676 18474
2 14937 5038
2 18251 4483
1 11932 91404058
2 5188 2846
2 1510 9710
2 15735 7391
2 8971 71
1 11932 -951498420
1 11932 109077309
2 15688 18644
1 11932 -518446923
2 12955 2128
1 11932 893274520
2 8451 17791
1 11932 50714968
1 11932 -349220792
2 18215 7167
2 6873 6709
1 11932 317422445
2 8507 7102
2 7874 3252
1 11932 -312898303
1 11932 417209818
2 13276 11055
1 11932 320719040
2 12505 7677
1 11932 -88765322
2 3206 4244
1 11932 359363532
2 8787 18803
2 10619 16635
1 11932 828300986
1 11932 736426182
1 11932 -947082694
1 11932 645384239
2 5826 2553
1 11932 -986607388
2 5156 14731
2 10114 10182
2 11865 4995
2 4851 11896
1 11932 -987254537
1 11932 -13642051
2 13273 12121
1 11932 -275529147
1 11932 -220833875
1 11932 -777990565
2 13846 6015
1 11932 899568947
2 13358 14253
1 11932 -180246419
2 19867 13021
2 6689 7962
1 11932 516416238
1 11932 -424275572
1 11932 -687078194
1 11932 -375764057
2 15116 2091
1 11932 299220583
1 11932 -10429228
1 11932 -22786415
1 11932 -549548923
1 11932 -717965376
1 11932 -624773779
1 11932 -747606469
1 11932 -358473555
1 11932 -906814295
2 14164 14695
1 11932 107032519
2 8522 4713
2 3226 6299
2 12958 3279
2 19959 6069
1 11932 -491746238
1 11932 108328042
1 11932 -91587005
2 10528 19728
2 14153 11164
1 11932 521637689
2 17674 7225
1 11932 978290970
1 11932 630702606
1 11932 888785533
1 11932 -742013989
1 11932 771746259
1 11932 692225069
2 2372 16145
1 11932 104667041
2 13550 12311
2 12001 8929
2 1695 1225
1 11932 885945733
2 5825 2676
2 10810 10350
2 1178 11232
1 11932 -551211268
2 2292 12480
1 11932 -499263618
1 11932 -502495427
1 11932 415769303
1 11932 -522158207
1 11932 942483221
2 8345 13519
1 11932 677098274
2 1666 17951
2 1122 15768
1 11932 -128270186
1 11932 14947664
1 11932 863516407
1 11932 -57621042
2 3585 3005
1 11932 -145616692
2 1346 17846
1 11932 885023532
2 5201 15074
2 1321 6804
2 3624 18729
1 11932 232306028
2 14330 9137
2 13277 3603
1 11932 -364024829
2 18435 4461
2 1625 10020
1 11932 -201520951
2 8244 16008
1 11932 -550316386
2 18454 933
2 18458 7312
2 2920 17128
1 11932 -572079500
2 5040 10534
2 11549 5162
2 11626 2798
1 11932 271094516
1 11932 554206817
1 11932 -816552382
1 11932 -344229285
1 11932 -748634523
2 7197 14385
1 11932 -227837652
2 14109 17445
1 11932 885295037
2 16128 10579
1 11932 -731428535
1 11932 -835537547
2 9310 19898
1 11932 387638066
1 11932 228402999
1 11932 482775296
1 11932 477662836
1 11932 731562501
1 11932 649474140
2 5586 19428
2 13302 7994
1 11932 828209019
2 8992 17579
2 5997 2747
2 847 9611
1 11932 254464011
1 11932 892868755
1 11932 312241833
1 11932 -858587337
2 7657 7822
1 11932 -342658066
2 2228 12220
2 10199 14602
1 11932 361129571
1 11932 -262575726
2 1691 5522
2 3621 8209
2 1631 12425
2 12920 12368
1 11932 -872637581
1 11932 109777430
1 11932 355458989
2 316 13403
1 11932 -1922263
2 12955 6299
2 3251 1409
2 9934 104
1 11932 -226657378
2 9554 4675
1 11932 -514552263
1 11932 225051250
1 11932 -999336369
1 11932 782524940
2 3115 17881
1 11932 -582979584
1 11932 -702236958
2 10909 10820
2 5296 2490
2 5985 15751
2 19189 8774
2 1283 5430
1 11932 -639643563
1 11932 -176006913
1 11932 -397653459
2 6727 2021
2 19474 387
1 11932 -664316279
2 1612 15592
1 11932 -412325261
2 6511 12433
2 10475 5288
1 11932 58009304
2 18011 11651
2 6532 15562
2 17583 9537
2 3990 1113
2 7698 4618
1 11932 254130226
2 17780 19080
2 10841 12534
1 11932 440522003
2 14893 12321
1 11932 -995851391
2 15403 3625
2 8728 14165
2 9792 3762
2 11272 34
1 11932 -791651616
2 9230 12324
2 14786 16518
2 3129 4420
2 15095 15352
2 2037 17291
2 4095 6883
1 11932 -769332932
1 11932 459023520
1 11932 -365138934
2 16143 9640
2 15281 5620
1 11932 -997724369
2 14427 2491
1 11932 746198414
1 11932 -512403234
1 11932 -528437832
2 7370 11065
1 11932 318093306
1 11932 669600103
1 11932 415095353
1 11932 -342261441
2 19458 10450
2 7641 16361
1 11932 844651897
2 19767 9572
2 16032 2434
1 11932 857858928
1 11932 112711257
2 3662 18166
2 2756 3136
1 11932 970321648
1 11932 78317180
1 11932 646054700
2 2372 16674
1 11932 864196666
2 5216 3773
1 11932 -525607840
1 11932 95895990
1 11932 348475818
2 14054 13123
2 7033 3788
2 4718 18097
2 13964 10112
1 11932 806226899
1 11932 564439309
1 11932 854540491
1 11932 327572652
1 11932 47204899
1 11932 -452104099
2 603 18185
2 15918 13583
1 11932 -331233186
1 11932 90336525
1 11932 995676685
2 10000 18979
1 11932 488329884
2 12258 2596
2 1743 18734
2 18844 14775
1 11932 278386959
2 11451 781
2 12345 13314
1 11932 -696690611
2 8422 18111
1 11932 779443159
1 11932 -674791088
1 11932 -684733987
2 5148 4875
1 11932 -846133524
2 16129 6946
2 5601 12674
1 11932 171823177
2 19926 18167
2 19904 3532
2 8000 13826
1 11932 941515921
1 11932 342675736
1 11932 -574480430
1 11932 563298644
2 15383 11825
2 6498 2663
1 11932 448016784
2 819 11178
2 1139 14474
1 11932 323763295
2 14213 3708
1 11932 -298574456
2 7800 17795
1 11932 447377295
2 16242 3221
2 15986 5083
2 11011 6070
1 11932 -721616591
1 11932 758914195
1 11932 -475414494
1 11932 -627172898
2 19071 1859
1 11932 344488710
1 11932 -10149463
2 13535 13798
2 6838 11689
1 11932 -471423590
1 11932 638098352
1 11932 62734705
1 11932 -816474213
1 11932 -553219737
1 11932 247273527
1 11932 -675923342
2 16726 7390
1 11932 -607110803
2 19202 2659
1 11932 -526818193
1 11932 301817417
2 14516 14407
1 11932 -647838210
1 11932 -144009455
2 18601 17438
1 11932 -446415925
1 11932 603032594
1 11932 197312932
2 2872 7138
2 9242 2239
2 6132 16446
1 11932 86753779
2 15406 6393
2 16042 8513
1 11932 -265864365
1 11932 414866624
2 16659 17252
1 11932 853929265
1 11932 771460853
1 11932 -792597768
2 2273 4360
2 14768 9360
2 11844 4423
2 1374 11005
1 11932 133679141
1 11932 -125211342
1 11932 -909399656
2 5279 18221
2 9191 3666
2 7294 11219
2 14657 8271
1 11932 -633818066
1 11932 -868417012
2 10849 11770
1 11932 -710465383
2 2769 10933
1 11932 -494450249
2 3311 7612
1 11932 416856019
2 16088 19542
1 11932 -474584546
1 11932 864991385
1 11932 161243119
1 11932 874565374
2 3630 16082
2 7553 6304
2 3590 14486
1 11932 -780337389
2 6908 14991
1 11932 972195911
1 11932 152539795
2 10363 9488
1 11932 922169503
2 18617 423
2 18270 18114
2 2483 19691
1 11932 -849133954
1 11932 444982208
2 7544 9755
1 11932 724936170
1 11932 -127834519
2 15399 14946
2 14663 13550
1 11932 -121106644
2 8881 2790
2 660 3560
2 15431 18933
2 1233 10660
1 11932 -764456553
2 15985 10757
2 13275 1853
2 5382 8467
1 11932 -455857364
1 11932 226065719
2 9180 16925
1 11932 954303605
2 542 6359
2 18176 89
1 11932 924135860
1 11932 -628600218
1 11932 928922101
2 1251 14477
1 11932 -666157064
1 11932 -179973611
1 11932 268828163
2 12856 4054
2 4416 4286
2 14295 15871
1 11932 212605544
2 5999 11342
1 11932 505377876
2 1454 17349
2 13084 5716
1 11932 909052812
1 11932 989904907
1 11932 74291670
1 11932 59066246
2 6491 14419
1 11932 323996362
1 11932 795373028
1 11932 -116748941
1 11932 869436532
2 15516 3287
1 11932 243447226
2 11710 8530
2 3946 5705
2 17410 5454
2 7682 2615
2 2679 1463
2 11401 12355
2 11916 19195
1 11932 -151928732
1 11932 619352982
2 3417 8098
1 11932 735665037
1 11932 541087043
2 5767 7498
1 11932 -498833667
1 11932 -453798370
2 19324 15693
2 7167 763
2 8023 2506
2 10272 17232
1 11932 264043241
2 2952 18628
2 5781 16896
2 15053 17607
2 19732 4991
2 1452 4414
1 11932 64161226
1 11932 214681011
2 5432 1238
1 11932 964960368
1 11932 -429333222
1 11932 301865599
1 11932 -223982063
2 19490 11466
1 11932 -2588768
2 3565 9300
2 12465 17500
1 11932 -711462078
1 11932 422663987
1 11932 137719648
1 11932 887101632
1 11932 505790429
2 8926 10080
1 11932 -154979012
2 3704 12402
1 11932 397153455
1 11932 -606236526
2 5202 949
2 17338 14182
1 11932 -107781708
1 11932 612999841
1 11932 74467040
2 600 6993
2 16092 19333
2 13036 7830
2 11366 10353
2 8145 3170
2 10246 8704
2 3989 7268
2 16958 16534
1 11932 -410589815
2 6857 13244
1 11932 -480892690
2 662 16374
1 11932 -909198376
1 11932 -50912566
2 11543 4188
1 11932 405937846
2 8242 11815
1 11932 -306096442
1 11932 -490725712
2 7696 3914
1 11932 -465397265
2 6525 14028
2 18405 889
2 17488 9652
2 14925 19786
1 11932 84369756
2 12998 1518
1 11932 985096269
2 14035 14398
1 11932 915524561
2 306 10698
1 11932 573655625
2 16570 8975
1 11932 -90528818
1 11932 -135665450
2 17441 5690
2 18300 18394
1 11932 553555566
2 5598 1266
2 19475 13965
2 19334 9838
2 13301 14500
1 11932 925184859
1 11932 718978298
1 11932 204014596
1 11932 -869985005
2 6483 15505
1 11932 837600503
2 6137 15484
1 11932 -269932315
2 10830 643
1 11932 -351732531
1 11932 395501945
1 11932 446841331
1 11932 299042595
1 11932 -939041303
2 604 19183
2 11833 5936
1 11932 903651807
2 10318 4658
1 11932 -268234411
1 11932 946631938
1 11932 -80662698
1 11932 311139177
2 15670 17918
1 11932 -794315535
1 11932 -270528738
1 11932 -222065962
1 11932 -408431221
2 8024 7208
2 1881 9748
2 17099 17410
1 11932 366042203
2 4468 7955
2 15588 1503
2 8616 16200
2 6163 138
1 11932 987719641
1 11932 -182958821
1 11932 -811166421
1 11932 -261961024
1 11932 120241163
1 11932 882875811
2 14708 17321
1 11932 739272034
1 11932 -993138096
1 11932 -509855646
1 11932 764941077
2 17295 113
2 12787 6740
1 11932 655550724
1 11932 320559231
2 4443 3793
1 11932 219973015
1 11932 -304408407
1 11932 282391429
1 11932 -155739471
2 13480 446
2 10035 13127
1 11932 221989455
2 5052 13388
2 11687 19962
1 11932 383256182
2 15684 14947
1 11932 -421132668
2 18954 18611
1 11932 11476067
1 11932 522997717
1 11932 892724074
1 11932 387087579
2 18604 16847
1 11932 -559389731
1 11932 -741039238
1 11932 431325619
1 11932 -46862862
2 854 14266
1 11932 553112835
2 15789 1532
1 11932 -99984755
2 4399 16098
1 11932 -909000884
2 13258 17837
1 11932 234807715
1 11932 -36601038
2 3799 1149
2 5102 13607
2 4677 11317
2 9644 1544
1 11932 6211009
2 17895 6936
1 11932 -187529404
1 11932 -659172776
2 7174 3484
2 19466 14634
1 11932 -725637197
2 5844 4917
2 434 4397
1 11932 -128523527
2 10589 8364
1 11932 808848279
1 11932 -819347253
2 19862 15726
1 11932 329925143
1 11932 -369672222
1 11932 161651137
1 11932 -721481044
1 11932 -633651351
2 13029 19784
1 11932 564760291
2 9431 9998
1 11932 908979807
1 11932 316396721
1 11932 78019740
1 11932 -31831180
2 14342 8245
1 11932 129556761
2 12817 2843
1 11932 460370585
2 16384 14425
2 668 6777
2 10159 10974
1 11932 -756112217
1 11932 318533835
1 11932 -296840786
2 10457 19464
2 8622 6997
1 11932 -54466001
2 11961 11706
1 11932 -282363911
2 15914 9775
1 11932 -892697130
2 2075 9416
1 11932 353126009
2 7573 5050
1 11932 -987404615
2 14489 1908
2 13155 12016
1 11932 -198846769
1 11932 188429241
1 11932 464334739
1 11932 855338265
1 11932 -605374574
2 9491 6262
2 4753 15824
1 11932 294607861
2 7565 18745
2 16946 2031
1 11932 -929707981
1 11932 947398394
1 11932 553439316
1 11932 -242492509
2 12160 13955
2 18936 13716
2 1331 2006
1 11932 208861582
2 6355 17044
1 11932 -466593174
1 11932 -285645942
1 11932 -374588696
2 11145 18188
1 11932 -6270835
2 1732 1171
1 11932 789773611
2 6735 14926
1 11932 297561219
2 19610 14376
2 11275 5488
1 11932 116665278
2 14276 6260
1 11932 -404215388
1 11932 76659271
1 11932 -386398597
2 2865 4241
2 5944 4981
2 11606 7954
2 6594 14385
2 6323 18655
2 13662 1940
1 11932 -470547632
2 14641 13376
2 4561 18202
2 17790 19712
1 11932 -841590974
1 11932 -716178966
2 1487 13870
1 11932 33323396
2 5215 3411
2 17944 12788
1 11932 372517006
2 13485 4234
1 11932 619682499
1 11932 13543115
1 11932 -709473773
1 11932 -297692033
1 11932 -567356808
1 11932 120045198
1 11932 -546354523
2 19394 13233
2 13285 4835
1 11932 203989987
2 1596 11698
2 15736 9075
2 16753 13055
2 914 14977
2 12933 2732
2 7517 4677
2 16140 17485
1 11932 618066416
2 7410 8602
2 9527 7685
2 1717 10574
2 15059 13274
2 13120 7055
2 8024 7040
2 5388 7594
1 11932 132219881
2 7947 2205
2 9341 3132
1 11932 -878098913
1 11932 -612114517
2 15559 11680
2 9057 3408
2 16606 14047
1 11932 -428219548
1 11932 -625434469
1 11932 -613258484
2 682 7315
1 11932 983248966
2 3710 5256
2 12786 15706
1 11932 942259298
1 11932 353156090
2 7682 1692
1 11932 -91010987
2 19491 17549
1 11932 -245707580
1 11932 -339608358
1 11932 -101130193
2 3785 6333
2 3031 7146
1 11932 594404676
2 11060 1552
2 9894 18326
1 11932 -586685149
2 7288 1568
2 3864 9094
2 7793 5
2 18645 6653
1 11932 503887425
1 11932 -604047540
2 1063 3621
2 7295 187
1 11932 127504681
1 11932 -173029459
2 91 4325
2 4101 1057
1 11932 233151295
1 11932 -272302778
1 11932 -618575749
1 11932 512126247
2 14240 17900
2 4191 2511
2 9759 19079
2 4793 12325
1 11932 -788744675
1 11932 -324468889
1 11932 73298664
1 11932 251620686
1 11932 -962016000
1 11932 965968193
2 2831 12956
2 14218 6410
2 7696 1904
2 9517 5918
2 4361 4043
1 11932 -294173376
2 10156 6261
2 12545 6987
1 11932 -873651945
1 11932 -649527248
1 11932 8066972
2 10606 9849
1 11932 450810141
2 14745 16475
2 18979 8762
1 11932 -206617534
1 11932 708268963
2 4888 5229
2 9426 16272
2 5139 9453
1 11932 570961992
2 11343 14951
2 11970 19089
1 11932 288539941
2 10008 697
1 11932 291226716
1 11932 994154557
2 7798 10289
1 11932 -878989417
2 17797 10060
2 18379 10029
2 6423 18319
2 15763 10023
1 11932 -318877478
1 11932 -820550099
2 3548 12803
2 4786 9496
2 8329 18344
2 6531 19096
1 11932 343451910
2 6593 819
2 19897 12587
2 10537 11632
1 11932 965287293
1 11932 -236177584
1 11932 901300243
2 9393 4278
1 11932 -943832490
2 1931 14172
1 11932 572083006
1 11932 -168561548
1 11932 -273185036
2 884 6075
2 12774 4430
2 5835 4235
1 11932 383209754
1 11932 98144410
2 19286 19976
2 13500 12603
1 11932 263226880
2 18392 10856
2 9482 14305
2 19826 6566
1 11932 196374321
1 11932 -752620691
2 12417 2863
2 16841 18649
1 11932 -673851352
1 11932 -192078458
2 169 14087
2 14530 17838
1 11932 245320633
2 11111 5582
1 11932 392135374
1 11932 -568021389
2 3615 16191
2 7954 1700
2 10937 7400
1 11932 -363789422
1 11932 -11858482
2 9904 9817
1 11932 14233916
2 8024 14330
2 18819 9745
1 11932 -295358690
1 11932 -237508657
1 11932 729771076
1 11932 985306362
1 11932 -649211914
1 11932 -139874042
1 11932 29072763
2 11045 17915
1 11932 569364
2 928 9387
1 11932 521269844
2 2229 13727
2 12156 11138
2 6945 235
2 10510 11779
1 11932 944458923
2 15280 5585
1 11932 -189045004
1 11932 -449429898
2 4785 9836
1 11932 406322961
2 1066 5718
1 11932 430789441
1 11932 342037699
1 11932 -540265383
1 11932 624660725
2 10614 5838
1 11932 -156894349
1 11932 4826172
2 379 16138
2 2099 4118
1 11932 951318908
1 11932 -354420255
1 11932 -278151640
2 14368 10654
2 13926 7802
2 12209 16275
2 608 8894
1 11932 284786375
2 7112 15532
1 11932 -865554204
2 4115 8297
1 11932 -204838504
2 12965 2799
2 10825 15993
1 11932 -548233366
1 11932 80740564
2 10173 9668
1 11932 -505965971
2 3393 7687
1 11932 -404338912
2 11618 19999
2 13090 13031
2 45 16792
2 2487 2960
1 11932 836601846
2 13691 18026
2 19138 8384
1 11932 -233642273
2 17348 8498
2 7957 7820
1 11932 613332442
2 14274 9402
1 11932 492035030
1 11932 -858981420
1 11932 436132046
2 6439 3250
2 719 8378
2 6408 14860
2 16234 17861
1 11932 -305445771
2 13575 14347
2 1455 19307
2 12096 11281
1 11932 713248319
2 11587 17030
1 11932 -893861363
1 11932 -863818156
1 11932 -509954899
1 11932 498391592
2 1744 2366
1 11932 802365643
1 11932 -669737192
2 15759 2553
2 9516 14064
2 618 11454
1 11932 229080511
2 10617 14136
1 11932 -722343543
1 11932 685567528
1 11932 340248517
1 11932 245992577
1 11932 259211987
2 16764 11657
1 11932 -114079338
2 5430 1633
2 5788 11909
2 15665 6785
2 11158 8320
2 15776 13216
1 11932 542692449
2 10781 14255
1 11932 808940665
1 11932 -811678439
1 11932 521348273
2 19061 3152
1 11932 454559707
2 9773 14534
1 11932 442859727
1 11932 -854349664
1 11932 596963923
1 11932 -828467043
1 11932 421394593
2 19669 12271
2 14518 17665
1 11932 112319650
2 11267 847
2 11108 10366
1 11932 -685255517
2 15752 10342
1 11932 512381024
1 11932 90343915
1 11932 678314953
2 3202 8939
1 11932 -627108514
1 11932 -228146317
2 6203 10455
1 11932 -818146332
2 14117 841
2 16257 9603
2 15378 1808
2 16044 19019
2 14477 6103
1 11932 -951445156
1 11932 830170073
1 11932 -198714917
2 18638 9112
2 15207 7459
1 11932 44403744
1 11932 -395231002
1 11932 755555947
2 7215 19115
2 10286 5475
1 11932 -278717037
2 5435 17249
2 7150 15441
2 7841 18520
1 11932 -511358617
1 11932 507714397
1 11932 -41532209
1 11932 88582366
2 18524 138
2 19248 9263
1 11932 -173483801
1 11932 634820018
1 11932 828746982
1 11932 387001861
1 11932 652240984
1 11932 -522805174
2 1923 18731
2 10432 4554
1 11932 -606498078
1 11932 888362648
1 11932 -830440392
2 1018 18102
1 11932 932052758
2 5460 9161
1 11932 -111354826
2 11192 1540
1 11932 -825756928
1 11932 749399218
2 15243 10563
1 11932 897398508
1 11932 104268099
2 2697 3097
1 11932 933261236
2 10662 19864
1 11932 936400569
1 11932 660359807
2 19550 9861
2 14179 553
1 11932 -870365730
2 1619 15504
1 11932 -749048185
1 11932 -879126560
2 18052 8423
2 19594 9382
2 4700 6040
1 11932 -636555169
1 11932 -734299630
1 11932 60520643
2 8601 10748
2 14080 15374
1 11932 -480316146
2 14943 8321
2 18721 12295
2 452 7313
2 8974 9930
2 9692 18861
1 11932 299550475
2 2448 11704
1 11932 60836310
2 10488 13478
2 6570 7898
2 12796 7552
1 11932 -688927359
1 11932 619888235
2 2562 15304
1 11932 -106433247
2 10247 1628
1 11932 980180146
2 19965 5279
2 6961 19995
2 18326 15163
2 14707 14066
2 7675 2860
2 7023 6287
2 6441 1020
1 11932 -225770198
1 11932 -940303545
1 11932 -345877213
1 11932 521161373
1 11932 -784177723
2 1702 1255
2 18619 11825
2 8631 10531
1 11932 54433256
2 7318 19201
1 11932 -912956739
2 15407 13616
1 11932 135439957
1 11932 188111060
2 3501 17971
1 11932 -955932217
1 11932 -619066782
1 11932 740082350
2 3163 16870
1 11932 -609250587
2 9515 791
1 11932 -811213296
2 4890 19013
2 3670 6684
1 11932 187348405
1 11932 -511528912
2 19232 8873
2 7923 11451
1 11932 594702049
2 9419 9612
1 11932 427901251
1 11932 885081158
2 350 7226
1 11932 882565655
2 8661 6961
2 11901 12763
2 5716 451
2 8788 12115
1 11932 971287801
2 9741 11818
1 11932 564506560
1 11932 508033821
1 11932 -195472678
2 16745 19742
1 11932 113146635
1 11932 -24135265
2 14766 17520
2 15619 5329
2 15169 18530
2 16663 18234
2 18319 2575
1 11932 -852107660
2 11729 5165
1 11932 -358798506
2 2117 7537
1 11932 -105762606
2 17838 14558
1 11932 666356756
1 11932 -839708586
1 11932 -758468932
2 128 11449
1 11932 976224608
2 10390 19879
1 11932 -357238825
1 11932 -855584771
1 11932 447991970
2 16180 11684
1 11932 925321575
1 11932 179166822
2 17134 13369
2 5891 2016
1 11932 915299428
1 11932 976249841
1 11932 -399033784
1 11932 -567937393
2 10451 10734
2 13359 6551
2 1081 1268
2 11051 18697
2 11348 4992
1 11932 985685276
2 9802 5090
2 5340 19092
1 11932 -507659767
1 11932 977077010
2 18395 5249
1 11932 302597634
2 1433 4135
1 11932 -903183933
1 11932 284226375
1 11932 -237577144
2 644 5073
2 19762 13785
1 11932 -541885944
1 11932 639592646
2 18770 16959
2 16759 19559
1 11932 -256021803
1 11932 -844656472
1 11932 -934409653
2 4391 1307
2 11006 12095
2 776 14516
2 15877 11388
2 8454 8430
1 11932 115735968
2 12351 19956
1 11932 -606345701
1 11932 -551737015
2 4665 18299
2 7603 19678
1 11932 779098603
2 128 17489
2 9574 7730
1 11932 -8391471
1 11932 141490921
2 17102 15454
2 14537 19899
2 9821 12091
1 11932 -189357013
2 5069 7275
2 11778 10451
2 892 6039
1 11932 -478834957
1 11932 871828206
1 11932 536698835
1 11932 285879443
1 11932 204084613
1 11932 -389718147
1 11932 546531442
1 11932 671973445
1 11932 153883156
2 5212 18142
2 14480 2958
1 11932 851380134
2 12266 17998
1 11932 -784953868
1 11932 827244836
2 18951 10838
1 11932 -529766008
2 12554 18625
2 13405 7137
2 12959 4808
2 17483 14802
1 11932 -843777614
2 2106 4844
2 10136 9125
1 11932 -83552842
2 5529 14010
2 1546 12808
1 11932 692483137
1 11932 87791774
1 11932 66178563
2 3718 2340
1 11932 -999230196
2 16417 3680
2 14308 270
2 16186 11560
2 7513 7028
1 11932 505625315
1 11932 260509231
2 5796 3561
2 6859 12224
2 2154 6670
1 11932 823432501
1 11932 -780664681
2 13216 7355
2 18316 6297
1 11932 852299351
2 6227 15009
2 19042 12400
2 15323 13834
1 11932 674248318
2 19011 14753
1 11932 -389552214
1 11932 -140964723
1 11932 685361346
2 17437 18493
2 16563 3024
2 16486 2626
2 11174 3688
2 17174 11169
2 18005 2245
2 17888 14365
2 17684 15979
2 2102 10248
2 12402 108
1 11932 -339452436
1 11932 833796401
2 17606 2339
1 11932 550504241
2 13417 8290
1 11932 -782215124
1 11932 -202422030
2 16184 5176
1 11932 918970036
2 9386 8915
1 11932 8031804
1 11932 -708178342
1 11932 46097098
1 11932 439347233
2 14631 11704
1 11932 -469033620
1 11932 897576176
1 11932 -270991684
1 11932 259289801
2 16415 15767
1 11932 -346608573
2 2549 7786
2 12872 576
2 454 4807
2 16761 4336
1 11932 69248739
1 11932 -142734638
1 11932 593784295
1 11932 -200797401
1 11932 286212146
2 10112 14335
1 11932 520089885
1 11932 692338470
2 7317 15988
1 11932 249419584
2 11439 18726
1 11932 732254131
1 11932 408015650
1 11932 -574547170
2 15116 8642
1 11932 759487624
2 17173 1143
1 11932 -62999235
1 11932 -883098388
2 3192 7843
1 11932 184964006
1 11932 -953271918
2 8600 15618
2 7455 13286
1 11932 -386303838
2 9553 1848
2 18122 17567
1 11932 -166430877
1 11932 -853450383
1 11932 -376138614
2 8249 6250
1 11932 740102432
2 7402 8411
1 11932 739637032
2 16579 15257
2 12364 9604
2 11290 14156
1 11932 -491920925
1 11932 -506099576
2 13646 16986
2 6051 19318
2 2818 11966
2 17016 10015
2 4784 11574
2 5305 8014
1 11932 677234299
2 7698 4691
1 11932 728030476
1 11932 891062017
2 2035 9386
2 18208 1205
2 19205 18171
1 11932 -712897963
1 11932 629759381
1 11932 -956008162
1 11932 631921318
2 2720 18111
2 16380 10953
2 1468 8883
1 11932 -97799842
1 11932 -169678766
1 11932 -767677593
1 11932 252101421
2 6820 10744
1 11932 153461345
1 11932 -701553401
2 16339 7095
1 11932 -924174814
1 11932 -708284430
1 11932 -290922474
1 11932 -468440660
2 1307 14047
2 18160 18898
1 11932 -606541442
1 11932 652648089
2 16280 8082
1 11932 -916399884
2 16706 6374
1 11932 -169326480
2 14490 16312
1 11932 458520187
2 12402 9923
2 2384 567
1 11932 -398815695
1 11932 797065569
2 14812 16653
2 7048 6731
1 11932 -370543221
1 11932 553820809
1 11932 -129205341
1 11932 629463453
2 9196 14823
1 11932 -34775240
2 9116 18827
2 11159 595
2 15167 15197
2 16672 117
2 7362 13502
2 2738 5110
1 11932 -995505885
1 11932 -416583011
1 11932 -108983876
2 4389 3754
1 11932 239166503
2 3164 2146
1 11932 955282030
1 11932 14436315
2 10012 13121
1 11932 -882535542
2 18394 1705
1 11932 -849280824
1 11932 496643243
2 7822 17728
2 12514 1450
2 5119 6122
2 6766 9074
1 11932 -556127579
2 17845 14563
2 13038 10247
2 8662 19703
1 11932 -111265363
1 11932 -968105204
1 11932 -495084584
1 11932 -836018802
1 11932 294439240
2 11494 4558
2 14388 11390
1 11932 -937734165
2 1298 9179
1 11932 -307156390
2 2044 8455
2 17646 10143
2 6717 1074
2 3070 5300
1 11932 925925819
1 11932 -535130454
1 11932 -267368149
1 11932 558749503
1 11932 719971785
1 11932 753765962
1 11932 23599354
2 13380 12070
2 2293 16045
2 6055 5460
2 5255 6758
1 11932 -447912704
2 6768 1989
2 5253 14018
1 11932 780128450
2 15112 5785
2 16468 8598
2 3046 10743
2 8875 8351
1 11932 -538729495
1 11932 -257263449
1 11932 -165915652
1 11932 198689165
1 11932 225281336
1 11932 480952739
1 11932 81729468
2 9699 6291
2 8171 10369
1 11932 286623110
2 15761 922
2 4792 16643
2 16345 19224
2 13952 4448
2 18699 14414
2 11803 10163
1 11932 -837457223
2 16790 15525
1 11932 53084016
1 11932 42647050
2 12998 16599
1 11932 -670507660
1 11932 199042398
2 14935 2890
1 11932 -846044630
1 11932 397045363
2 9408 13144
1 11932 305446505
2 12754 4844
2 9879 15005
2 15640 7730
2 12554 12106
2 19845 6135
1 11932 319082301
1 11932 -506986632
1 11932 806878609
2 14994 2017
1 11932 69153137
2 1800 13805
1 11932 -948942462
1 11932 -792569149
1 11932 921798399
1 11932 554371461
1 11932 232184801
1 11932 842094200
1 11932 722650894
1 11932 552475287
2 425 11546
2 11979 14303
1 11932 232730951
2 8988 17417
1 11932 -772798047
2 9070 2884
2 7672 9268
1 11932 62804704
1 11932 -370951992
2 4711 4953
1 11932 609516937
1 11932 440779468
2 15272 13065
1 11932 79479651
2 14683 14502
1 11932 697819898
2 9569 14081
2 12946 18181
2 6450 4814
2 1066 10528
1 11932 812147374
2 325 9577
1 11932 449825997
1 11932 574138843
2 14023 9278
2 9508 8016
2 8105 17137
1 11932 -671814896
1 11932 -157207248
2 6709 3379
1 11932 -120757403
1 11932 958827200
2 7696 19353
2 18395 14999
1 11932 983224462
1 11932 -721262451
1 11932 595713417
1 11932 470402857
2 13201 6652
1 11932 245476546
2 10489 4593
1 11932 -271273488
2 3043 13526
2 18145 13726
1 11932 -884785468
2 13353 6219
1 11932 193917599
1 11932 722583137
2 10422 9991
1 11932 -424586029
2 11606 11793
1 11932 -662289338
2 2209 11305
1 11932 843454034
2 4614 19536
2 2034 2718
2 4364 19974
1 11932 196946558
2 16128 6527
1 11932 -911499757
2 8140 17321
1 11932 75803637
1 11932 435511792
1 11932 388681851
2 576 3128
2 143 2669
1 11932 -434723294
1 11932 -344083701
1 11932 -224031295
2 17804 15112
1 11932 -957100612
2 16804 18880
2 613 1465
1 11932 -838924903
2 15831 10360
2 8559 19590
2 12878 19716
2 12050 10121
1 11932 638467331
1 11932 -945840572
2 3321 3156
2 12679 19874
1 11932 496432793
2 15876 13928
2 7406 6201
1 11932 692400907
2 15763 10684
1 11932 796627781
2 19448 2766
1 11932 856227216
1 11932 -414473977
2 14292 9733
2 1091 18797
1 11932 99126568
1 11932 -202211303
1 11932 429117521
1 11932 425474003
2 15371 2854
2 8611 10087
1 11932 466883132
2 17571 2292
1 11932 -219327491
1 11932 -874574752
1 11932 731643644
2 10112 14865
1 11932 843373763
1 11932 73145334
1 11932 -838868868
2 2411 14915
2 8656 752
1 11932 628543683
1 11932 -725957994
2 3973 11309
1 11932 -169160736
2 12949 18258
2 8689 9203
1 11932 -287550205
2 1403 6983
2 8402 16896
2 18534 16775
2 15655 17881
2 2385 10288
2 5239 12487
1 11932 598877550
2 13280 13866
2 1002 9124
2 6139 6606
2 1106 16068
2 16920 2865
1 11932 -58049898
1 11932 -251081334
2 5564 8720
1 11932 465745401
1 11932 304278418
1 11932 760397768
2 12060 5169
1 11932 -148686319
2 814 2092
2 19112 14891
2 7188 3249
2 2604 8697
2 9434 16358
2 839 613
1 11932 -134789784
2 17889 14592
2 9931 16946
2 13273 15801
1 11932 -699002630
2 15310 1407
1 11932 -756225251
1 11932 606853059
2 3325 15791
2 7036 12254
1 11932 804512237
2 2485 9817
2 11675 6746
2 7241 10320
1 11932 857234341
2 10534 6652
2 10797 8640
2 14595 6106
1 11932 841323978
2 5608 13167
1 11932 737208279
2 1468 16815
1 11932 -93974873
1 11932 -684766936
1 11932 -497451665
2 18287 7385
2 3070 13152
1 11932 -877501267
2 3774 8892
1 11932 480842355
2 7735 5972
1 11932 60172269
1 11932 -144570504
1 11932 523417127
2 5236 626
2 16486 13444
2 7867 16353
1 11932 -560788395
1 11932 639860385
2 16595 16654
1 11932 -412339821
1 11932 -256899415
1 11932 -317257912
2 2254 16645
1 11932 229320729
2 8143 16803
2 11600 10454
1 11932 -93903324
1 11932 -73158858
1 11932 -437880634
1 11932 -14675564
2 741 8585
2 3977 12985
1 11932 -117265731
2 717 13119
2 6794 7795
2 8321 17578
2 8082 8540
1 11932 610137196
2 12406 3891
1 11932 92973384
1 11932 913676981
2 8962 10233
1 11932 -408075943
1 11932 -530397862
2 19538 8464
2 183 17747
1 11932 171616379
2 8492 12677
1 11932 -790140967
2 16840 10809
2 1408 15007
1 11932 382161428
2 4966 11366
2 11360 2439
2 18128 6348
2 10392 16917
1 11932 -698435874
1 11932 398337054
2 15540 6367
1 11932 -77914186
2 3419 11555
1 11932 -626466851
2 17228 19016
2 8125 9094
1 11932 -111804593
1 11932 -260425703
1 11932 -700355681
1 11932 570516330
1 11932 -70112172
2 405 1456
1 11932 705719103
1 11932 999895925
2 5130 12146
1 11932 198189048
1 11932 944783543
1 11932 -359444929
1 11932 404681129
1 11932 405027720
1 11932 804959159
1 11932 -162684016
1 11932 -944210168
1 11932 157399288
1 11932 663423998
2 1443 459
1 11932 -812309509
1 11932 -693805478
2 6684 8532
1 11932 889905126
2 17441 10851
2 12973 2353
1 11932 -928152690
2 902 17925
2 17208 13549
2 12249 19700
2 13801 244
1 11932 -630303802
2 17387 12636
2 9811 4712
1 11932 401750237
2 2352 218
1 11932 981101149
2 8710 7587
1 11932 918950737
1 11932 -529246445
2 2661 3858
1 11932 -570854624
2 19973 17650
2 18485 17512
2 3743 8608
1 11932 521464196
2 8916 11734
2 14739 17914
1 11932 152016966
2 8888 19995
1 11932 315574702
2 10027 12058
1 11932 505848227
1 11932 -706838013
2 16978 18610
2 10897 7566
2 10811 939
2 15175 16453
1 11932 -899892104
2 4290 14458
1 11932 896377001
2 7189 17397
1 11932 801734599
1 11932 457706773
2 12976 5850
2 19119 9102
1 11932 3836542
2 14207 15147
2 340 16191
1 11932 -31833240
2 16600 3169
1 11932 -996638892
2 19363 6795
2 1148 13992
2 16558 8503
1 11932 123628739
2 14775 7288
2 18365 4748
2 17682 6469
1 11932 -454306391
2 9724 15303
1 11932 460919549
1 11932 440055224
2 7560 4124
1 11932 -57453831
2 4460 13316
2 12042 14047
2 18413 1631
2 15292 15974
1 11932 -371150906
2 15918 6425
2 10065 17339
1 11932 -933703668
1 11932 -144443657
1 11932 -904185684
1 11932 -373474785
2 4014 11099
1 11932 32510259
1 11932 -412109219
2 18854 12562
1 11932 -946232279
1 11932 -748120499
1 11932 245599859
2 12980 2115
1 11932 37113594
1 11932 540733576
2 9400 13339
2 16997 12546
1 11932 -564597088
1 11932 -432299336
2 14301 9182
2 12424 1873
1 11932 -200010870
1 11932 596166961
1 11932 -320660381
2 11725 16808
2 9496 6223
2 17916 14027
1 11932 -668013955
2 17154 18883
2 9510 273
1 11932 -895971943
2 4350 13131
1 11932 122466714
1 11932 -12952833
1 11932 -526780756
2 7334 11295
2 17761 15754
1 11932 345056821
1 11932 -186758747
1 11932 717517140
1 11932 -906237868
1 11932 234066011
1 11932 3037032
2 1438 5212
1 11932 379409888
2 2451 15574
1 11932 754819116
1 11932 23900239
1 11932 555569334
1 11932 -93430508
1 11932 -756876009
1 11932 -695804996
2 16013 9847
2 13665 11833
1 11932 489942994
2 2546 18636
2 210 10546
1 11932 595725260
2 10237 14656
2 8238 2779
2 3336 4849
1 11932 -422718246
2 19005 17490
1 11932 -925079599
1 11932 -611425116
1 11932 524083693
2 9865 18453
1 11932 97827817
1 11932 -470083287
2 414 17649
2 4501 9628
2 11990 8902
2 3099 12676
2 7393 13628
1 11932 791378568
2 5067 19380
1 11932 -183288889
2 15737 13551
1 11932 -710099473
1 11932 -601368546
2 6442 241
2 16022 10021
2 8350 5830
1 11932 -884536350
1 11932 -61517750
2 14673 17218
1 11932 -531405321
2 4656 6736
1 11932 -880006129
2 10320 104
2 6946 3926
2 11067 13574
2 3538 16198
1 11932 -741355396
2 10433 19983
2 10125 3206
1 11932 -358056727
1 11932 -599467269
1 11932 -95520490
1 11932 353974793
2 19328 13674
1 11932 -309762063
2 16505 10842
1 11932 -882890078
1 11932 962230261
1 11932 -72936718
1 11932 -681395586
2 11475 17527
2 4959 2743
1 11932 -666502589
2 16810 3087
1 11932 -198817893
1 11932 671439072
2 5383 10498
2 8144 5670
1 11932 115517852
2 10622 19559
1 11932 -833414516
1 11932 -784945267
1 11932 -464095857
1 11932 562693304
2 17485 7535
1 11932 -511152720
2 12926 12435
2 18822 13663
1 11932 -214033862
1 11932 -874820141
2 3511 681
2 19417 6651
2 2347 4789
2 19312 14616
2 7399 10332
1 11932 394764753
2 6407 1415
2 2360 13252
1 11932 51427268
2 5061 17770
1 11932 -470485953
2 13990 7244
1 11932 621511279
2 18242 181
2 12323 5096
1 11932 -673831312
1 11932 -199969538
2 8966 18679
2 4463 2890
1 11932 -867350515
1 11932 -243649499
1 11932 119481756
1 11932 901729428
2 5149 14468
2 11216 13091
1 11932 -85499444
2 4621 11225
1 11932 -358191892
2 12546 4557
2 10387 4172
1 11932 631868616
1 11932 194680189
1 11932 -36166596
1 11932 -998966050
1 11932 -961792602
2 6573 9665
1 11932 -196393604
1 11932 362253717
1 11932 850920587
1 11932 175015528
1 11932 -252959949
1 11932 373137172
2 12879 13273
2 6853 8632
1 11932 -87438307
1 11932 -807018366
1 11932 101588953
2 915 19113
2 2849 652
2 19016 9810
1 11932 -268942175
1 11932 -35753005
1 11932 214937563
1 11932 103059029
2 4079 12050
2 12527 4445
1 11932 -871826921
2 6339 11773
2 1088 18110
2 16319 10494
1 11932 -67243066
1 11932 40058
1 11932 933247530
2 8853 8164
1 11932 -616919771
2 408 9228
2 15888 16941
1 11932 95879996
2 4792 8221
2 1788 11421
1 11932 -753926275
1 11932 818447985
2 19848 11864
2 1942 787
2 10774 14545
2 9073 9171
2 12928 19372
1 11932 -734190802
2 19346 2941
2 3549 19236
2 7105 16032
2 10154 3984
2 4247 1191
1 11932 -36887573
1 11932 343097628
1 11932 -842314173
2 9886 3418
1 11932 -788162966
1 11932 48582257
2 1097 6902
2 6323 10896
1 11932 -177907361
2 19401 14757
2 18806 6232
2 11663 7464
2 4849 13711
1 11932 550654968
1 11932 -204809355
2 7837 10403
1 11932 -26215299
1 11932 311749133
1 11932 744956496
1 11932 -217211983
2 699 14654
1 11932 -21368453
1 11932 966932446
1 11932 683173189
1 11932 -828693978
2 13214 15550
1 11932 547233134
2 1919 15658
1 11932 -464965895
1 11932 311632443
1 11932 657740925
1 11932 524788353
2 799 15756
1 11932 899835646
1 11932 312051556
2 10033 8202
2 13054 12174
2 4776 698
2 3416 7622
1 11932 205886427
1 11932 876585213
1 11932 873698539
1 11932 323603033
1 11932 119051097
2 218 14083
2 1843 2369
2 14145 7348
1 11932 124244668
1 11932 -784129979
2 7788 18287
2 9879 11616
1 11932 -237170790
2 6678 17487
2 7254 8813
1 11932 275559353
2 15118 12941
1 11932 -885241689
1 11932 228746926
1 11932 573263194
2 4756 8521
1 11932 -806557941
1 11932 859230537
2 12334 2880
1 11932 369769986
2 18712 6977
1 11932 224825844
1 11932 -672402994
1 11932 -619775501
2 18319 7091
2 3225 3961
2 12511 5173
1 11932 786354285
1 11932 474373964
2 3379 10647
2 12780 7329
2 2237 19780
2 14201 15900
1 11932 -803288262
2 9940 16797
2 4016 15518
1 11932 787056507
2 12769 1667
1 11932 356923823
1 11932 840960463
2 8696 4604
2 13450 10926
2 13341 15317
2 7667 16987
1 11932 55658055
1 11932 -496264514
2 18436 10848
1 11932 -983381035
2 11865 18251
1 11932 -287976592
1 11932 -618596473
2 7907 8562
1 11932 426329052
1 11932 983525361
1 11932 -691222698
1 11932 846157338
1 11932 -345017282
1 11932 -676386592
2 10834 7886
2 8736 16892
2 4204 11747
2 6224 12157
1 11932 718064132
1 11932 325697815
1 11932 999349011
1 11932 -214070585
1 11932 -239421353
2 4077 1071
2 8478 3188
2 4297 18191
2 17180 15213
2 4110 11656
2 6352 17026
2 10882 3431
1 11932 -224735563
1 11932 717398663
1 11932 750165435
1 11932 -225296431
1 11932 895760734
1 11932 227543872
1 11932 444772207
2 10147 17350
1 11932 -141022676
1 11932 -781910863
2 5776 9504
1 11932 -512053150
2 7380 13681
1 11932 -795939122
1 11932 -502941051
1 11932 -392197900
2 4515 2156
2 11029 18061
2 9272 14599
2 10193 17680
2 2210 18956
1 11932 281130863
1 11932 -512802696
1 11932 421874259
2 9653 4069
1 11932 -470992543
1 11932 -805964525
2 9499 4270
1 11932 538140562
2 14388 10109
2 19416 13955
2 7529 7682
2 10187 7720
2 5601 5644
1 11932 -309771581
2 3941 6083
2 17367 4531
1 11932 450452214
1 11932 -263370075
1 11932 -470593720
1 11932 -853757638
1 11932 468683061
1 11932 -745741186
2 17106 9150
1 11932 376674873
2 6288 18827
2 2719 17220
2 8907 16398
1 11932 -225841360
2 15770 19639
1 11932 -329966921
1 11932 203276228
2 11533 14847
2 16903 1835
1 11932 963798895
1 11932 -188896010
2 14913 16669
2 19831 7603
2 3677 13086
1 11932 331536996
1 11932 -902245149
2 17073 17469
1 11932 -368545907
1 11932 -866118007
1 11932 -676377154
2 3453 8257
1 11932 -671132742
2 13252 11995
1 11932 342881593
1 11932 -702042451
1 11932 157290156
1 11932 -711771951
2 2710 7820
2 18836 15910
1 11932 -632105886
1 11932 717542953
2 14849 13936
2 17874 879
1 11932 785630401
1 11932 -137288762
2 1022 16228
1 11932 -998816359
1 11932 -207382946
2 7003 5814
1 11932 -472751320
1 11932 -396418317
1 11932 513033510
1 11932 264343239
2 1980 15715
1 11932 547366702
1 11932 -775164303
1 11932 -421154348
2 19570 19556
1 11932 -207957466
1 11932 523360533
1 11932 3984346
2 10661 9481
2 18316 11492
2 7020 5011
2 3877 10129
1 11932 -548255745
2 7472 11486
2 16248 11599
1 11932 497534177
2 2942 12371
2 3156 489
2 8317 14951
1 11932 -7578698
2 7849 5091
2 11784 10449
1 11932 570973304
1 11932 777322519
1 11932 423674820
2 16192 8375
1 11932 -509236135
2 11513 19319
1 11932 59882493
2 14388 12341
2 2010 10995
1 11932 142655098
2 1870 8359
2 1224 10572
1 11932 -475916439
2 11791 190
1 11932 155318158
2 13385 14325
1 11932 604161718
2 4488 19419
1 11932 563858137
2 10301 14332
1 11932 -672465558
2 761 8976
2 13669 18082
2 17462 18333
2 7484 16511
2 19536 1620
2 9325 12021
2 1064 2383
1 11932 -269344488
2 10933 10457
2 3610 14173
1 11932 -813540196
1 11932 957710975
1 11932 -352474930
1 11932 150595205
2 6855 2015
2 10383 14334
2 639 268
2 2500 18877
1 11932 426034464
2 18898 11520
2 19845 9506
2 12011 6462
2 18232 14050
1 11932 -996636770
2 8057 4283
2 15080 19749
2 13027 5031
2 18564 15077
1 11932 420614334
1 11932 -447117577
1 11932 834717187
1 11932 -362079877
1 11932 -911717240
2 14778 19497
2 18416 13200
2 9068 485
1 11932 -556605624
2 4438 18107
2 19441 11393
2 19009 14684
2 13460 12412
1 11932 -784511767
2 13419 9379
2 442 6690
1 11932 -958347874
1 11932 757468510
2 13854 9446
1 11932 819437287
1 11932 -706081624
1 11932 -81406720
2 889 3472
1 11932 747826942
1 11932 518325309
1 11932 -873358720
1 11932 294040788
1 11932 787488974
2 6212 1313
1 11932 -501699562
1 11932 -164455887
1 11932 524289156
1 11932 -649774697
1 11932 -823041222
2 14323 15886
2 15428 10580
2 12750 322
2 5403 13495
1 11932 -808596113
2 631 16330
2 2553 1257
2 7086 12633
2 18079 16567
1 11932 -127525031
2 19842 5551
1 11932 890030756
2 14950 4070
2 4664 3617
2 4525 16818
2 2724 13105
2 129 14773
1 11932 847415955
1 11932 797271195
1 11932 -569542158
2 15662 4495
2 14398 7707
2 1639 19035
1 11932 850006243
2 89 7818
1 11932 -834691504
2 19939 8813
1 11932 -301792740
1 11932 -243812492
1 11932 214536912
2 8648 13523
2 2349 10078
2 7657 15993
1 11932 -472649729
1 11932 750273202
2 17146 3164
2 18911 7853
2 8159 6268
2 6241 12012
2 3099 18991
1 11932 512045512
1 11932 220822351
2 8759 19613
1 11932 -399532681
2 19658 6275
1 11932 -55644705
2 2250 17231
2 10425 262
2 9957 10776
1 11932 414151773
2 16653 6686
1 11932 85710427
2 6111 2409
2 13617 8783
2 751 6037
1 11932 -100670675
1 11932 -326309185
1 11932 -32416182
1 11932 -459872380
1 11932 -595765695
1 11932 -111295952
1 11932 391691214
1 11932 -435868961
1 11932 935771064
1 11932 -623700386
2 516 17047
1 11932 -488936900
1 11932 -466429010
2 19421 17575
2 1958 14167
2 16733 19170
2 1226 10794
1 11932 -508953989
1 11932 -189754143
2 19097 7397
1 11932 106344179
2 1043 19664
2 3557 13969
1 11932 356651073
1 11932 -557559309
2 6488 14439
2 14746 16057
1 11932 -218725130
2 8859 913
1 11932 14277475
1 11932 -177644366
1 11932 -132820245
2 15168 767
1 11932 253973978
2 17728 17412
2 19731 3215
1 11932 -133400785
2 3086 107
1 11932 506102030
2 11282 219
1 11932 -860145285
1 11932 -992140838
1 11932 -908478470
2 7157 1055
2 10390 7240
1 11932 -959598298
2 15639 19887
2 6784 16794
2 19658 14227
2 7073 19138
1 11932 -373551003
1 11932 658350368
2 5501 13266
1 11932 -12446203
1 11932 262712359
1 11932 460606248
2 4336 296
2 10528 15632
2 18713 12124
2 11135 1732
1 11932 -316213723
1 11932 505384892
2 19723 16604
2 7506 3035
2 2692 19332
1 11932 576913364
2 14051 13453
2 18723 10690
2 12570 10780
2 2744 6249
2 13208 14657
2 10679 10717
1 11932 -428175307
2 16945 17471
2 4675 2044
1 11932 761896787
1 11932 795494343
2 7799 15358
1 11932 -918521961
1 11932 259687994
2 6974 3910
1 11932 -395396215
2 13450 36
1 11932 237772064
2 12712 1761
2 7464 19731
2 9133 7569
2 7822 17400
2 8049 13105
2 11643 9262
2 14448 7072
2 1952 6051
1 11932 428659367
2 13619 1485
1 11932 -986009427
2 9542 692
1 11932 375613063
1 11932 102567700
2 3885 9412
2 9322 5586
2 5712 2094
2 17501 17712
1 11932 -929780873
2 8696 19293
1 11932 -967665017
2 1439 12313
2 18184 5422
2 19107 10228
1 11932 752035046
1 11932 436649195
1 11932 -315074153
1 11932 561720481
2 4781 5607
2 6077 9745
2 11254 16930
1 11932 907441962
2 16491 15804
1 11932 394155292
2 18533 4305
2 3738 8439
2 19556 10517
1 11932 -507471121
2 13556 15446
2 17715 14795
1 11932 682643361
1 11932 -137658526
1 11932 687569948
1 11932 908082288
1 11932 261706508
2 14706 5837
1 11932 736873748
1 11932 749852028
2 10328 5841
2 9750 16316
2 2528 3674
2 17045 4369
2 6407 15650
2 3073 14402
2 3186 13165
2 7398 9185
1 11932 -887421130
1 11932 339676259
2 10754 1960
1 11932 820549164
1 11932 806101168
2 6260 19578
1 11932 -360497463
1 11932 -952996850
1 11932 705190978
1 11932 -571926901
1 11932 -743281784
1 11932 -503762922
1 11932 -943870101
2 13251 18055
1 11932 -741441901
1 11932 -723887812
2 14091 18283
2 16999 11174
2 10363 9179
2 19379 4806
2 10719 14452
2 6532 19479
1 11932 -811588143
1 11932 495123664
1 11932 645017683
1 11932 235790465
1 11932 147694438
2 7818 16509
2 1799 7942
1 11932 -551466135
2 11019 15837
2 14076 7566
2 11878 1045
2 12539 19858
2 8538 14255
1 11932 276149677
2 14499 16543
1 11932 -527646524
1 11932 -151912443
2 19174 19101
1 11932 -740905625
2 62 6947
1 11932 -707515682
2 16914 9511
1 11932 -803194223
1 11932 -189523233
1 11932 568113026
2 17674 11758
1 11932 -604049468
1 11932 -90779706
2 19627 16303
2 9484 9220
2 11136 10064
1 11932 -958060204
2 8926 13864
1 11932 -96404408
1 11932 829636695
1 11932 705139644
2 7803 17405
1 11932 663563417
2 7145 17760
2 1888 3181
1 11932 -36012439
1 11932 -751086718
1 11932 -224713183
2 13984 3507
1 11932 -285542009
2 19633 15653
1 11932 258978352
2 12987 15311
1 11932 -292796938
2 5347 16510
2 1748 10870
2 14745 3297
2 11800 6689
2 16621 5181
1 11932 886854711
1 11932 351091818
2 17494 15731
2 16114 7793
1 11932 -605588802
1 11932 740503870
2 14224 19279
2 579 6082
1 11932 228772687
1 11932 86560622
1 11932 -226619592
1 11932 51880663
1 11932 685746328
2 9412 757
1 11932 -192287509
2 8743 10720
2 16849 13014
1 11932 -563791750
2 3577 7899
1 11932 -125766869
1 11932 872797825
2 7212 17718
1 11932 51571909
2 3578 4813
2 18901 5016
1 11932 179711684
2 6411 17042
2 19811 13459
2 16198 14051
1 11932 -653972514
2 11845 9099
1 11932 578963533
2 4687 16070
1 11932 -228020453
2 17300 13165
1 11932 694713993
2 496 9672
1 11932 390919399
2 15582 3147
1 11932 -427139475
2 18427 16035
2 1070 11419
2 15807 12780
2 16666 13468
1 11932 -695871908
2 16587 13904
2 11520 5541
2 7081 13501
2 11717 10448
2 5138 7998
2 2542 17040
2 1886 3794
1 11932 -62571988
2 14972 8778
2 383 2343
2 14120 14327
2 13210 9680
2 3769 3731
1 11932 453056052
1 11932 -390585596
1 11932 597955292
1 11932 798469733
1 11932 -534428369
1 11932 -327452801
2 17056 3567
2 1402 5914
1 11932 -500517819
1 11932 81284327
1 11932 -904870848
1 11932 256175879
2 12581 8717
2 12917 1362
1 11932 248509125
1 11932 -931657162
2 12974 18893
1 11932 -534281625
1 11932 368039740
1 11932 713805103
2 17951 730
1 11932 -460712286
2 5479 6621
1 11932 -552383894
2 11647 12719
1 11932 53704625
2 18918 18266
1 11932 484378258
2 12463 14158
1 11932 -866881254
1 11932 524210803
1 11932 -397563590
1 11932 -975570108
2 2635 721
2 16936 18354
1 11932 -270845283
2 3426 3756
1 11932 -239652260
1 11932 -969648089
1 11932 794462897
2 8865 18480
2 11721 17218
2 17934 8231
2 15313 17148
1 11932 481253228
1 11932 152810860
1 11932 -313987375
2 5762 16739
1 11932 89224158
2 16250 7087
2 534 5210
2 9023 6117
1 11932 -966094843
1 11932 829768403
2 3629 161
2 15146 9721
1 11932 484921906
1 11932 -449101879
2 3148 19490
2 15545 10981
2 8446 37
2 1533 11675
1 11932 495159432
1 11932 -66059863
2 12515 13354
2 18884 12327
1 11932 608094940
2 1292 4346
2 16506 9112
2 13026 13941
1 11932 -631684730
2 2796 13415
2 6480 13002
1 11932 -789456320
2 3429 18744
1 11932 969464468
1 11932 -983750338
2 5646 4574
1 11932 347550137
2 6599 14492
1 11932 -939874381
1 11932 523600659
1 11932 352994885
1 11932 788067403
2 4724 11945
1 11932 -801498739
2 2563 11343
2 5631 494
2 4408 6583
2 13764 11630
2 3688 19079
1 11932 900816348
2 12083 1593
2 11522 1851
1 11932 -94608672
1 11932 -92336686
1 11932 -25529415
1 11932 -31880340
1 11932 219767976
1 11932 905949608
1 11932 -382623123
1 11932 -822317343
2 9737 14974
1 11932 808963738
2 19952 6840
1 11932 -802022504
2 12689 4009
1 11932 -11634937
2 18382 8374
2 11336 9387
1 11932 -18164029
1 11932 -24738917
1 11932 804860172
2 14373 142
1 11932 50994486
2 19240 9534
1 11932 -356075124
1 11932 -988892803
2 12550 6256
1 11932 -32523798
2 2018 17336
1 11932 -669111915
1 11932 -328381023
1 11932 -891324536
2 8080 5496
1 11932 203772938
2 16224 13785
2 17817 10238
1 11932 -103893368
1 11932 544638359
1 11932 618903709
2 18391 6256
1 11932 529349532
2 19775 16867
1 11932 -764064736
2 9257 16920
1 11932 7792842
2 18436 11616
1 11932 518584744
2 19863 2045
2 13627 14199
2 14601 13218
2 2369 3818
2 3420 7644
2 17701 13382
1 11932 -107638470
2 1590 16084
2 12518 8601
2 19379 19360
1 11932 -629099084
2 371 3291
1 11932 -557152586
1 11932 538918664
1 11932 -376204698
2 8051 8954
2 15190 8451
1 11932 -737885196
2 11020 15693
2 1757 999
1 11932 -792564242
1 11932 -280128620
1 11932 -10886468
1 11932 189322397
2 16542 8196
2 16607 13365
2 2947 13024
2 12381 19408
2 10276 5473
2 658 16344
2 11809 6275
2 12690 1439
1 11932 -33989992
2 16311 6338
2 2536 11174
1 11932 -629583001
2 12521 17763
1 11932 -892688476
1 11932 -823380539
1 11932 -656240252
1 11932 -891081733
2 16681 5630
1 11932 959641703
1 11932 553235975
1 11932 774587183
1 11932 260080308
2 14463 4820
1 11932 -646184657
1 11932 -735868296
1 11932 -386999719
1 11932 681392508
2 10358 7662
1 11932 676733812
2 14316 1161
1 11932 297217942
2 16769 6177
2 19459 196
2 16932 10851
1 11932 -266480128
2 11421 6180
2 4385 5821
1 11932 -29827616
2 11079 2470
2 8180 15833
1 11932 879769184
2 9890 19030
1 11932 -833843198
1 11932 52303063
1 11932 186658883
1 11932 -491080987
2 2588 18754
2 9444 7975
1 11932 465978407
2 4909 14306
1 11932 58426955
2 17215 5409
1 11932 861056464
1 11932 -355617843
1 11932 -399487059
2 19776 10833
2 2011 14629
2 17679 17406
1 11932 -698588778
2 16635 2373
2 13149 15243
1 11932 924179653
1 11932 -247145031
2 12768 13955
2 18792 10327
2 14677 11906
1 11932 808141129
1 11932 949626348
2 10292 8713
1 11932 49729443
1 11932 694716055
1 11932 -572084864
2 908 6404
2 6203 14949
1 11932 48798638
1 11932 -313100121
1 11932 25389180
2 1504 10562
1 11932 -209878274
2 9449 17220
1 11932 26266504
2 11740 3109
2 10048 15362
2 10767 6987
2 4513 14434
1 11932 889279105
1 11932 -18575899
2 11626 14218
1 11932 249256000
1 11932 -815473851
1 11932 -979368869
1 11932 -299535532
1 11932 134646893
1 11932 -772341716
1 11932 246169592
1 11932 -258720676
2 16120 1366
1 11932 838219323
2 1777 19343
2 1868 18631
1 11932 -526647826
2 11604 18538
1 11932 814100006
2 1573 8849
1 11932 -80396965
2 13752 6761
1 11932 572071462
1 11932 -300929490
2 95 12544
1 11932 192518650
2 12987 2235
2 3655 19925
1 11932 523071846
2 9802 6620
2 4802 2551
2 8752 18699
1 11932 -540728159
1 11932 -723867856
1 11932 337995831
2 1425 17805
2 2382 14471
2 7705 7080
1 11932 270221689
1 11932 957830323
2 4935 18864
2 6222 19315
2 16478 3525
2 4000 6756
1 11932 324575848
1 11932 230290214
1 11932 250752890
1 11932 -648935475
1 11932 214655607
1 11932 -612467091
2 11695 5403
2 3036 6048
2 7785 3119
2 6333 4295
1 11932 -584433686
1 11932 672325389
1 11932 -637589373
2 19771 7015
1 11932 -633691690
1 11932 -578247058
1 11932 551575573
1 11932 526940312
1 11932 -439906219
2 19601 17579
2 18434 15960
2 19275 12817
2 242 19711
1 11932 92114747
1 11932 136388478
1 11932 -638344996
2 7028 15435
1 11932 742608199
2 18073 14402
2 2241 10479
1 11932 964135826
2 19185 8912
2 12735 5884
1 11932 -364717285
1 11932 -692360316
2 2185 1576
2 19944 3785
2 17171 5771
1 11932 -871358420
2 9777 18895
2 16781 18064
1 11932 895602195
2 12280 10944
2 1588 9766
2 2646 1666
1 11932 553305647
1 11932 -606699199
1 11932 -870025105
1 11932 726804642
2 12291 11932
1 11932 -561770103
1 11932 563220038
1 11932 808362899
1 11932 -497802497
1 11932 -413811990
1 11932 236595854
1 11932 197969301
1 11932 -512526960
1 11932 -802270520
1 11932 -541589391
1 11932 672868875
1 11932 192457266
2 14911 5424
1 11932 279208875
1 11932 751726011
2 7575 17090
2 3749 10241
1 11932 223415024
1 11932 505147915
1 11932 -428476378
1 11932 41636354
1 11932 942711858
2 14082 15716
1 11932 442315153
1 11932 39846062
2 11044 18672
2 8080 9448
1 11932 881773762
1 11932 -130279245
2 14962 2835
1 11932 93156013
2 19950 9912
1 11932 -691755315
2 11280 15801
1 11932 -290721189
1 11932 -148375403
1 11932 339958398
1 11932 -431725763
1 11932 936635794
1 11932 -129116454
1 11932 -942238449
2 17783 7842
1 11932 -221119358
1 11932 -382744986
1 11932 972311466
1 11932 -679272857
2 12423 10596
1 11932 2066074
1 11932 175798736
2 4505 13563
2 2569 3266
1 11932 -787237717
1 11932 217261756
1 11932 85733735
2 8412 3760
1 11932 -235724977
2 17732 5545
1 11932 401921948
2 19384 3969
1 11932 42483527
2 1713 16408
2 15245 2073
2 1012 18293
2 1710 11373
1 11932 -500807901
2 1200 13960
2 603 2418
1 11932 194505401
1 11932 804571933
1 11932 -818339463
1 11932 345553812
1 11932 185868575
2 19274 6143
1 11932 -222191355
1 11932 -874574222
1 11932 -51933590
1 11932 -828421065
1 11932 -855310458
2 3839 3926
2 468 2180
1 11932 66329613
1 11932 761368926
1 11932 -682235718
1 11932 -850542795
1 11932 307201623
1 11932 159941538
2 3894 7261
1 11932 214698705
1 11932 736244149
1 11932 -717421769
2 1804 18966
1 11932 690927533
1 11932 -389898938
2 4977 8569
1 11932 -721121823
1 11932 -808436669
2 13878 3862
2 9015 19129
1 11932 986589568
1 11932 433521285
1 11932 10892096
1 11932 -839305438
2 14427 2101
2 12559 1771
1 11932 641839145
1 11932 723152824
2 10754 7898
1 11932 110411575
1 11932 475489368
1 11932 187042592
1 11932 937496975
2 19946 13541
1 11932 -609232109
2 13405 5840
2 3236 6054
1 11932 -30566208
2 16215 2359
1 11932 300801880
1 11932 -420070664
1 11932 -631242918
1 11932 922076652
2 8589 5580
2 6396 5671
1 11932 660362217
2 9529 3020
2 11024 3175
1 11932 357677267
1 11932 -382722572
2 4244 18198
2 19397 16505
1 11932 -63342808
1 11932 981656878
2 18564 7572
2 10050 14156
2 17448 472
2 5036 5473
2 17822 5619
2 1327 623
2 18650 5206
2 12182 6473
2 2291 730
2 5840 8125
1 11932 -54275185
2 8121 10533
1 11932 537623990
1 11932 -190462406
1 11932 -530416512
1 11932 -956512733
2 1974 553
1 11932 940027551
1 11932 529764532
2 10467 116
1 11932 550773931
2 5418 9017
2 3475 10791
1 11932 -201965313
2 451 7146
1 11932 63205116
2 14400 17241
2 2838 645
1 11932 -122870038
2 15806 7330
2 2757 13132
1 11932 383946511
2 57 13743
1 11932 -222635684
1 11932 -290912281
2 14023 792
1 11932 -667324989
2 6410 12535
1 11932 749289621
2 15832 5565
1 11932 284191900
1 11932 77755352
2 1561 14183
2 1791 17716
2 17030 15693
2 17825 4947
2 15982 7487
1 11932 382591254
2 17180 14304
2 14265 6139
1 11932 -230215395
1 11932 -692846794
1 11932 273089322
1 11932 -136046943
2 5536 8355
2 1646 2245
1 11932 564304025
2 14941 2969
1 11932 -836288204
2 19690 5950
1 11932 -184215988
1 11932 -895327944
2 11926 6912
2 2835 5943
1 11932 8873013
1 11932 566363058
1 11932 779420270
2 18242 9425
1 11932 325258072
1 11932 65931614
2 2900 14604
1 11932 -627478545
1 11932 -438734736
2 11176 10510
1 11932 -41308920
1 11932 46176121
1 11932 -459002512
1 11932 -575658261
1 11932 48357179
1 11932 -380584457
2 10348 6512
1 11932 -781137872
1 11932 -220119173
1 11932 279482908
1 11932 -346685644
1 11932 784975832
2 2109 5011
2 11814 5535
2 6479 18645
1 11932 942783025
2 3768 2345
1 11932 311447380
1 11932 153664833
1 11932 843011067
2 2045 4754
1 11932 -939454507
2 15501 8061
2 19738 11295
1 11932 -616565165
2 3880 3061
2 16401 5821
1 11932 -993761356
2 17754 19797
2 782 1579
1 11932 -849184571
1 11932 910272587
1 11932 798641570
2 14128 66
1 11932 972255840
1 11932 -983359035
2 15592 11766
2 8404 15294
1 11932 -372248858
1 11932 575820656
1 11932 621373603
1 11932 208137151
1 11932 18849528
2 19105 13195
2 9594 13026
1 11932 -608154181
1 11932 502704438
2 8335 9333
1 11932 -174730555
2 19265 14319
2 136 4879
1 11932 425737112
2 19508 19297
1 11932 82951979
2 17329 19198
1 11932 417410033
2 16175 697
2 752 16902
1 11932 787307639
1 11932 -36819192
1 11932 955847372
2 1800 18946
1 11932 136597916
2 10227 14175
2 10872 16638
1 11932 -341882334
1 11932 952220362
1 11932 523391345
1 11932 48069826
2 16102 4220
2 11122 10354
1 11932 449169762
2 8490 3770
2 11175 11483
2 10732 5375
1 11932 83039566
2 17946 12950
1 11932 497134741
2 9901 9560
2 18919 5462
1 11932 -706627872
1 11932 860187636
1 11932 -109014782
1 11932 261675969
2 1380 13807
1 11932 -716088298
1 11932 -735409979
2 5192 14062
1 11932 -773989020
2 18263 15604
1 11932 -493225266
1 11932 636585500
2 1761 15516
2 1449 9231
2 19154 4594
2 14072 9690
1 11932 -112690715
1 11932 976443967
1 11932 -891655948
1 11932 -514454915
1 11932 -88827591
1 11932 -573647104
1 11932 581558886
1 11932 814404600
2 647 16350
1 11932 -633674444
2 16387 18463
2 9102 15940
2 18908 14866
1 11932 564110634
2 10634 5739
2 13088 18828
1 11932 502183587
1 11932 -841512802
1 11932 826015416
1 11932 221865833
2 13881 16194
1 11932 222248470
1 11932 -394805285
1 11932 42855850
1 11932 852319999
2 5797 5393
1 11932 -566324274
2 1010 760
2 16742 10548
1 11932 -760973370
2 4261 5857
2 16895 16807
1 11932 -766885895
1 11932 -106885249
2 488 6554
1 11932 369295191
2 7770 11818
1 11932 778357511
2 8388 11355
2 5158 12819
2 4035 11028
1 11932 -185022248
1 11932 307053987
1 11932 -962451089
1 11932 -107767702
1 11932 832762723
1 11932 -16633117
1 11932 -184704440
2 204 10383
2 17573 3591
1 11932 -944132852
1 11932 668925820
2 18649 10501
1 11932 -942954855
1 11932 -832006493
1 11932 -964124454
1 11932 -777445202
1 11932 -629333855
2 13648 1603
1 11932 967490224
2 18896 14244
1 11932 -554002406
2 6685 14536
2 2225 8979
1 11932 -716796373
2 6586 1525
1 11932 445937686
2 14622 14427
2 6702 7047
1 11932 238653917
1 11932 -894611614
1 11932 219021714
2 12162 2625
2 12276 607
2 18987 6018
1 11932 -730961816
2 8989 7647
2 10222 4727
1 11932 756830890
1 11932 179496013
1 11932 -903421383
2 2585 19886
1 11932 -186425440
2 7153 13488
2 14272 15909
1 11932 506890939
2 11792 17913
1 11932 -885165954
1 11932 846663350
1 11932 -830088749
2 8301 372
2 6491 15784
2 11388 6224
2 7649 8626
1 11932 318820332
1 11932 76946035
1 11932 -390054930
1 11932 -190625205
2 8621 19217
2 1459 11668
2 18114 1149
1 11932 -661595694
2 7956 10860
2 8862 19623
2 3542 9632
2 12880 18110
1 11932 -30099883
2 16216 16716
1 11932 -96741392
1 11932 -737692521
1 11932 586134969
2 5597 1083
1 11932 -634787541
2 5038 1017
2 15915 8460
1 11932 -80277188
1 11932 748888736
1 11932 -957076950
1 11932 491213278
2 4934 8592
2 15625 17439
1 11932 189842607
1 11932 -526471991
1 11932 -767519237
2 5920 3757
2 10480 19954
2 13623 13521
1 11932 299006439
2 6440 8927
1 11932 746758584
2 16442 13373
1 11932 132111561
1 11932 239050153
2 11754 1948
1 11932 -674713844
1 11932 811738520
1 11932 290442785
1 11932 363637427
1 11932 153850671
2 66 7173
2 15074 13974
1 11932 711558757
2 5932 9412
2 12908 3281
2 11972 15092
2 19633 15687
2 9916 7128
2 10970 4836
2 14592 4473
1 11932 965687167
1 11932 -547029247
1 11932 886265000
1 11932 897398531
1 11932 -219343315
1 11932 -372915945
2 9486 3437
1 11932 -895605285
1 11932 707317328
2 5537 1672
2 15853 3427
1 11932 -650247028
1 11932 -201764543
2 3585 2261
2 11575 12947
1 11932 -899967228
1 11932 781821599
2 618 19164
2 232 11001
2 6983 3258
2 11315 13223
1 11932 711283389
1 11932 -622678169
1 11932 -894037549
1 11932 864296255
2 19760 13003
2 2925 17967
2 6871 9657
2 19519 7384
1 11932 -89067901
2 12999 16659
2 14145 7904
1 11932 -750209254
1 11932 212603819
2 17388 5129
1 11932 952706856
1 11932 650362893
2 4279 8640
1 11932 -100603841
1 11932 -732217268
1 11932 -72763838
1 11932 -623120677
1 11932 -769329436
2 7412 43
1 11932 -657945666
2 1523 11733
2 12398 15467
2 5236 19902
1 11932 -411934881
1 11932 154998142
1 11932 761954265
1 11932 -56868255
1 11932 802159906
1 11932 -819868433
1 11932 886447534
1 11932 218104919
1 11932 725774218
1 11932 649208360
1 11932 -965989328
2 2710 3737
1 11932 -352565591
2 7527 3493
1 11932 -614453143
1 11932 112581812
2 17354 19357
1 11932 -308418455
2 6089 13872
1 11932 -629946101
2 9713 17240
2 13856 10880
1 11932 -89371638
1 11932 503068813
1 11932 -952579460
2 17102 6344
2 12106 702
1 11932 203644688
1 11932 -144620548
2 18712 7267
2 7294 7578
2 14380 4305
2 12847 4663
1 11932 -497834235
2 1002 18467
1 11932 530408566
1 11932 -959201654
1 11932 999522856
2 3987 6487
1 11932 577763657
2 18084 17345
1 11932 583004372
1 11932 -898963220
2 18947 6585
2 10498 2377
2 10212 16720
1 11932 -228600185
1 11932 625022293
1 11932 -837137397
2 2751 13500
1 11932 853605997
1 11932 336165561
2 15480 4986
1 11932 -318120137
2 582 18456
2 10295 19568
2 5140 6288
1 11932 657260918
2 12659 5068
2 18555 17337
1 11932 864557204
1 11932 -930952355
1 11932 -636329998
1 11932 -763863995
2 1308 12042
2 13408 16277
2 8010 3232
2 14623 14330
2 8794 5404
1 11932 -156407297
1 11932 -258477280
2 18779 3427
1 11932 -493114219
1 11932 -303450399
1 11932 505164486
1 11932 -727764208
2 3026 16084
2 6450 8444
2 6990 3804
2 11288 13470
1 11932 268570782
2 14728 14501
2 16599 4880
1 11932 406296196
2 18842 31
1 11932 -506708920
2 11707 134
2 13688 13232
2 4546 10179
1 11932 -944017330
1 11932 298864711
2 8407 1500
2 12988 10571
2 17879 2287
1 11932 -438963089
1 11932 303615155
1 11932 -53877275
2 6102 10389
1 11932 -16620416
2 4261 19210
1 11932 837280532
2 2483 1363
1 11932 -594653434
1 11932 -917238879
2 5676 8281
2 6390 6257
2 10167 9294
1 11932 -190401856
1 11932 399849702
2 16440 14405
1 11932 -422360856
2 4087 19652
1 11932 173396199
2 19717 11224
2 318 2
1 11932 -965315522
1 11932 -550462680
1 11932 -657173140
2 11890 4814
2 1813 19355
2 16972 17109
2 12986 2610
2 12997 10796
1 11932 105655049
1 11932 -336222653
1 11932 554326858
2 5409 18638
1 11932 -568479244
1 11932 -703620932
1 11932 -646056877
2 16015 4271
1 11932 528097465
2 18694 12629
1 11932 -189147659
2 13473 5108
2 19309 8340
2 18433 11384
1 11932 784644411
1 11932 369626380
1 11932 871299587
1 11932 -363917802
1 11932 570867942
1 11932 -615088699
2 10080 4286
1 11932 -984432857
2 7400 3609
1 11932 624039851
1 11932 -473047650
2 12958 184
1 11932 -810835367
1 11932 126664534
2 1597 2269
1 11932 -106594234
2 9162 7559
2 2483 11714
2 4852 17529
2 9019 6111
1 11932 -112021877
2 162 65
1 11932 -784491542
2 18242 11992
1 11932 681133298
2 884 3493
2 7843 4235
1 11932 454766370
2 18324 16918
2 16517 9056
2 15649 3064
1 11932 747001987
2 7893 15751
2 4629 6189
2 11845 18802
1 11932 -552519094
1 11932 587717754
2 16721 76
1 11932 354750624
2 8617 773
1 11932 -349955865
2 5830 1432
2 14842 5347
2 7215 5206
1 11932 -496797516
2 4573 14241
1 11932 -715897346
2 18090 1707
1 11932 68715015
2 15120 13604
1 11932 95402292
1 11932 536191013
2 18875 15672
2 13237 4571
2 4 15994
2 3279 13460
2 7481 2330
1 11932 346544201
2 5872 17483
1 11932 306652781
1 11932 738082324
2 17926 12843
2 3569 18181
1 11932 -763585434
2 5184 1742
2 19421 18435
1 11932 703265564
1 11932 -206283368
1 11932 443650719
2 4883 4074
2 6281 17446
2 12453 3213
2 15870 17813
2 957 19873
1 11932 -879135183
1 11932 -192491057
1 11932 -151465548
2 13675 7661
2 18184 69
2 8214 14405
1 11932 -370015671
1 11932 -72195973
2 19672 3486
2 17483 3683
2 4788 13999
2 398 6925
2 2623 16502
2 14843 7563
2 18036 8024
2 13784 17821
1 11932 446281910
2 13042 3940
2 17099 508
2 9795 9411
1 11932 -493043869
2 12101 19385
1 11932 -494209086
2 19668 2272
2 13659 2412
1 11932 202894203
2 9791 16580
1 11932 894326703
2 5178 998
1 11932 -871976610
2 12676 8962
1 11932 254521038
1 11932 575577417
2 8834 15435
1 11932 953941809
1 11932 -606531829
1 11932 -208187988
2 17382 14560
1 11932 136511656
2 12094 7775
1 11932 863784658
1 11932 840422412
2 11487 17483
2 4948 19249
2 14654 13073
2 1223 4678
2 7830 7797
2 9691 2151
1 11932 283772986
2 10920 2703
2 19450 520
2 16755 9671
2 7218 5329
2 16038 3701
2 944 10195
1 11932 -420951876
1 11932 -260480418
1 11932 -761014002
2 9920 7787
1 11932 549853982
2 8455 9403
2 8229 9823
2 8421 8698
2 2233 19282
2 1732 1704
1 11932 -680750577
2 4234 16339
2 10517 228
2 9401 9955
1 11932 333077130
1 11932 649526711
1 11932 425988149
2 6483 17327
2 16374 7903
2 923 1359
2 18966 15851
2 11308 7440
2 13729 15230
1 11932 659814975
1 11932 -27499861
2 2201 2744
1 11932 -323770172
2 4666 11976
1 11932 -328487084
2 481 7479
1 11932 593571198
1 11932 -703970735
2 3859 5600
2 2904 10868
2 7691 9137
1 11932 914294604
2 19195 12731
2 10453 18466
1 11932 127914473
1 11932 -926732481
2 14465 13115
2 8257 5019
2 5129 19629
2 4647 121
1 11932 145974416
1 11932 447670832
1 11932 -951741875
1 11932 349415888
1 11932 569335131
2 9955 17996
2 18114 539
1 11932 -437326041
2 17273 12693
2 14188 7315
2 7614 7336
2 3311 734
2 11783 9969
2 7011 1793
2 2358 14807
2 5227 4621
1 11932 -344088437
2 587 11088
1 11932 366936825
1 11932 -72784199
2 17946 18676
2 231 11870
2 10215 12856
1 11932 840370933
1 11932 175769081
2 13069 18312
1 11932 -937513419
1 11932 -312790385
2 1066 1015
2 15920 19411
2 17120 10582
2 6420 3513
2 8755 15698
1 11932 -514201458
2 11774 4271
2 4380 8707
1 11932 -514805661
2 9141 13060
2 13687 9812
1 11932 496408293
1 11932 116231841
1 11932 -324440240
1 11932 177308907
2 13960 19851
1 11932 568921548
1 11932 156723938
2 2360 13717
2 1170 5297
2 13994 11463
1 11932 -110196210
1 11932 -990447537
1 11932 760048435
2 1221 11049
2 11460 5249
1 11932 510377302
1 11932 508881213
2 8965 8955
1 11932 958494416
1 11932 -786792919
1 11932 -961028677
1 11932 153115746
2 19067 12277
1 11932 357491085
2 9809 2853
1 11932 -105168373
2 4921 19881
2 9503 4530
1 11932 542850338
1 11932 890595147
2 12112 2202
2 8357 8368
1 11932 902022901
2 19761 15959
2 2498 2325
2 6369 15258
1 11932 417440128
2 8087 11237
1 11932 266884927
2 14960 2231
2 16051 14420
2 8375 4405
1 11932 -755405907
2 3328 13504
2 9694 6376
2 11015 679
1 11932 -279733063
2 17769 10023
1 11932 -202557196
1 11932 888763565
1 11932 -293632510
1 11932 -392471205
1 11932 226549951
1 11932 -902175409
2 19098 14141
2 19383 4938
2 7644 4831
1 11932 357923900
1 11932 -172584976
2 19711 10650
1 11932 104190674
2 1623 18031
2 15362 14267
1 11932 -932988185
1 11932 -511854473
2 9271 8959
2 13259 17730
2 7161 12799
2 10469 18134
1 11932 -950881456
2 14432 1394
1 11932 -854992617
1 11932 719605203
2 5383 14923
1 11932 -601724625
1 11932 -36106411
1 11932 -898688642
2 12671 13363
1 11932 677882531
2 11039 18805
1 11932 -176286288
1 11932 178155822
1 11932 63159844
2 9324 4848
2 281 16570
2 352 1576
1 11932 -893879142
2 2934 1892
2 3140 3747
2 10736 18880
2 6116 17086
2 12240 15541
1 11932 -376257162
1 11932 882162115
1 11932 592941900
2 9638 17948
2 19831 14141
1 11932 860482660
2 28 14120
2 16517 11920
2 18313 15328
2 8988 17648
2 17541 7836
2 18251 5080
1 11932 -522908546
1 11932 -290383615
1 11932 -697687855
2 17671 6974
2 11669 8053
1 11932 -955403928
2 3240 7060
2 15863 15502
2 15912 3383
1 11932 -412624671
1 11932 646631223
2 2996 11317
2 17203 2790
1 11932 63409546
2 15640 10707
2 13959 18521
1 11932 -134223562
2 916 15804
1 11932 584555757
2 2987 14861
2 11810 2645
2 17924 9685
2 17118 7826
2 9520 18706
2 1123 7353
1 11932 -121758760
1 11932 -575821215
2 7285 11861
1 11932 562407896
2 9432 7168
2 1431 16810
2 1280 6379
2 5099 7966
1 11932 563342714
2 15352 8166
1 11932 -928195670
2 13280 12119
2 11563 16546
2 11455 1261
2 14507 8491
1 11932 628583402
1 11932 -824869726
1 11932 -452808502
1 11932 -893903626
1 11932 576295079
2 14470 5112
1 11932 601338320
1 11932 -527126351
1 11932 479556158
2 15567 2317
2 14076 12421
2 5223 3146
1 11932 856259779
1 11932 -70603695
2 14113 18577
1 11932 -849315885
1 11932 153293961
1 11932 38476556
2 162 5807
2 9777 12199
2 16337 7020
1 11932 -38174921
1 11932 -596360522
1 11932 -697532655
1 11932 736201561
2 15088 13059
1 11932 388630830
1 11932 -315506944
1 11932 -125466167
2 1912 16975
1 11932 -450954204
2 16537 17031
2 13332 2881
2 19236 18830
2 10369 7291
1 11932 688210491
2 4506 10040
1 11932 626858039
2 14227 17352
2 2622 6371
2 13682 6926
1 11932 531944989
2 6335 8752
2 6070 9684
2 7730 15231
2 423 5630
2 2189 10173
2 18998 698
1 11932 -127640285
2 11359 18576
2 874 7399
2 2582 408
1 11932 381588580
1 11932 86110355
1 11932 753390142
2 16002 10194
1 11932 670880079
2 10068 14597
1 11932 240367886
2 15882 14657
1 11932 47149507
2 18260 13128
2 9832 12960
1 11932 397474004
2 15729 15156
2 10319 16348
1 11932 738676969
2 14134 7478
1 11932 614033720
2 18961 12036
2 7432 4806
1 11932 852568447
2 1143 1950
2 4492 13476
2 19692 838
1 11932 -636412243
2 7800 16011
2 17754 11464
2 12580 9121
1 11932 -164156453
1 11932 620379430
2 16029 4669
1 11932 -48891720
1 11932 -931353097
1 11932 102137846
1 11932 690282175
1 11932 -177427214
1 11932 -283472015
1 11932 -743032267
1 11932 -116295611
2 13541 53
2 12740 13168
1 11932 314929376
2 11676 5425
2 6446 19366
2 9847 11442
2 5035 12076
2 16956 13812
1 11932 -538870690
1 11932 -573311823
1 11932 923257312
2 10248 12347
1 11932 -130507391
2 12109 17879
1 11932 -362552135
2 14212 4503
2 14507 4588
1 11932 640795633
1 11932 656732648
1 11932 -226785077
1 11932 -958444428
1 11932 -219920372
2 11693 12674
2 5971 13202
2 18874 15162
1 11932 -557446994
1 11932 -641301877
2 13674 6349
2 10251 6509
2 2711 4054
1 11932 690594135
2 18875 14695
2 3762 15455
1 11932 -896812717
1 11932 454417504
2 2282 8386
2 14580 16351
1 11932 -486262233
2 12684 5123
2 8907 4414
1 11932 -612613582
2 13605 6155
1 11932 -636809639
1 11932 991260523
2 9083 1346
1 11932 341121728
1 11932 283578171
1 11932 -447080558
1 11932 239342728
2 454 285
2 18190 15263
2 1479 136
2 11925 10797
1 11932 -313899877
2 7922 9710
2 12300 3564
2 6301 12777
2 10496 5208
1 11932 -351703389
2 9011 6296
1 11932 909915416
2 17110 10649
2 16001 14230
1 11932 67028538
1 11932 638991992
1 11932 -373297047
1 11932 911206108
1 11932 292262696
2 3494 1616
2 5158 3450
2 1823 16248
2 7204 3168
1 11932 52265067
1 11932 84354560
1 11932 19445811
2 346 6267
2 14165 5290
2 13210 12922
2 19691 10494
2 15830 17681
2 5453 8996
2 5096 10914
2 2034 12346
1 11932 683938175
1 11932 -541532875
2 3501 649
2 6962 11271
1 11932 -777216593
2 1300 2782
2 4003 8599
2 16768 9023
2 12195 298
2 15514 14262
2 7604 16737
1 11932 633646221
2 7974 11397
1 11932 23280570
2 6005 7263
2 18467 4775
1 11932 -743560095
1 11932 168388298
2 12696 12570
1 11932 -68826603
1 11932 712809623
1 11932 -609822465
2 18043 7151
2 17732 15695
1 11932 516732717
2 14720 18231
1 11932 216306468
2 12802 529
1 11932 -375759037
1 11932 -348463590
2 740 19429
2 10524 12776
2 19572 12166
2 9613 8996
2 2963 14521
1 11932 -960176029
2 6853 4277
1 11932 331072841
1 11932 -607586638
1 11932 830024701
2 1744 16373
2 1865 19926
1 11932 571107801
1 11932 101660578
2 13076 12498
2 7704 15987
2 10184 13696
1 11932 579439454
2 3956 13534
1 11932 343951379
1 11932 394655352
2 17403 14577
1 11932 -327807187
1 11932 24531500
1 11932 -496086119
1 11932 -820414224
2 14866 19765
1 11932 -28832665
2 946 1307
2 12719 9789
2 10862 5981
2 13130 18721
1 11932 -604341019
1 11932 849797923
1 11932 328580780
1 11932 833576576
2 105 19680
1 11932 540417672
1 11932 -519243025
2 17252 7690
1 11932 -110086235
1 11932 -787645392
1 11932 -52893719
2 670 18707
1 11932 -440751038
1 11932 33500107
1 11932 -6194993
2 10863 13370
2 2214 244
1 11932 -520947617
1 11932 862809381
2 5261 2513
1 11932 -152182074
2 12170 16047
1 11932 -930855426
1 11932 925706215
1 11932 314695584
1 11932 480257538
2 5253 3611
1 11932 -267813887
2 15648 1273
1 11932 -621144767
1 11932 926719367
2 13089 7293
1 11932 -424355615
2 11097 16213
1 11932 599259583
1 11932 450052239
1 11932 -303826376
2 10468 7925
1 11932 -405741149
2 19012 11130
1 11932 -576779938
2 6528 4889
1 11932 -991750497
1 11932 945515786
2 12012 7879
2 2292 17298
1 11932 -478905671
1 11932 310072464
2 11581 5830
2 7707 5241
2 6700 10957
2 9096 2822
2 13767 10601
2 17113 2057
1 11932 -709347525
2 1493 10106
2 4320 17588
2 8024 9991
1 11932 539929702
2 12318 16319
1 11932 158825557
1 11932 73219194
1 11932 -325479485
2 16353 2186
2 11233 6775
1 11932 734727708
1 11932 358595376
2 7199 10066
2 908 18893
2 7446 329
2 13599 11383
1 11932 -435524728
1 11932 295108735
1 11932 -174155366
2 8161 1183
2 14112 19856
1 11932 625362988
1 11932 -767463968
1 11932 -19027718
2 16409 18338
2 7097 15778
2 14526 19612
1 11932 665732822
2 9855 13444
1 11932 325758266
1 11932 -121659885
2 10256 14670
2 5063 4326
1 11932 171419243
1 11932 412150259
1 11932 -621238131
1 11932 150665482
1 11932 313082375
2 8132 9957
1 11932 -847508080
2 4423 6767
2 17205 5273
2 1719 13178
2 10140 13868
1 11932 -604047468
2 6419 16595
1 11932 993500238
2 4762 11310
2 19770 14872
1 11932 820143262
2 10615 9545
1 11932 743008949
2 5979 17514
2 2290 767
2 9011 17955
1 11932 -551534200
1 11932 -39648852
1 11932 -508744938
2 1209 2383
1 11932 -902332894
2 5083 763
1 11932 -570058337
2 14341 5981
1 11932 -356062338
1 11932 824597173
2 4366 5234
2 5076 8973
2 6830 2712
1 11932 848249276
1 11932 -261362811
1 11932 -727705123
1 11932 333037826
2 1860 11611
1 11932 538653630
2 5100 18649
1 11932 711132956
1 11932 798387229
2 18353 13614
1 11932 -591424348
2 5072 17444
2 3038 15538
1 11932 -750136660
2 12215 8143
1 11932 837544717
1 11932 377284526
2 2429 16908
1 11932 9505601
1 11932 385234300
1 11932 -101852729
2 12149 5623
1 11932 85851299
1 11932 342380515
2 12110 19748
1 11932 970877594
2 14024 13506
2 6218 15189
2 6753 18506
2 9546 11478
1 11932 633909016
1 11932 419502684
2 10723 3479
1 11932 652560625
2 3096 15118
2 6486 17982
2 19317 18388
1 11932 -594879904
2 8714 15645
2 12345 2729
1 11932 124355027
2 13080 5309
2 13786 16357
2 18035 5240
1 11932 712041552
1 11932 -73350258
2 13330 10601
2 1421 12519
1 11932 898542085
1 11932 612486912
1 11932 885934547
1 11932 -315081473
2 15558 9801
2 6556 5300
1 11932 -607109318
2 11149 19162
1 11932 -787620237
1 11932 174470029
1 11932 -792657022
1 11932 -640255160
2 16244 14009
1 11932 -796990590
2 7676 16205
1 11932 861394808
2 2930 18902
2 8882 11958
1 11932 -748288563
2 12301 9085
2 251 6917
1 11932 840097153
2 16445 15093
2 2018 12015
2 16509 13655
2 369 8401
1 11932 -961660841
1 11932 363371069
1 11932 362640088
1 11932 217699753
2 2376 12457
2 5744 19376
1 11932 251227079
1 11932 -193217414
2 12798 19876
2 5399 12920
1 11932 -143839755
1 11932 994631560
2 14633 1239
2 9834 5496
1 11932 495109248
1 11932 622181074
1 11932 -385396578
2 2283 18687
2 3915 15437
1 11932 422775120
2 19836 7201
1 11932 220768172
2 14712 432
1 11932 860244296
2 10476 3108
1 11932 -470500287
2 12604 19942
2 15180 5794
2 8030 18842
1 11932 -723230801
1 11932 -477595853
2 6106 19478
2 9778 8797
1 11932 6839608
2 2568 8134
1 11932 -983657719
1 11932 391301501
1 11932 831070249
1 11932 495023238
2 6112 18145
1 11932 859993642
1 11932 33697219
1 11932 -123930076
1 11932 684456865
1 11932 881144936
2 6854 1354
1 11932 -193252448
2 9935 14815
2 7412 9108
1 11932 857638092
2 1813 10268
2 5824 7172
2 7707 10792
2 8527 5512
2 14191 1512
1 11932 752254842
1 11932 760116686
2 16178 43
2 12919 577
2 9196 13645
1 11932 -194171260
1 11932 -353449496
2 3081 14568
1 11932 398299360
1 11932 417404812
2 3267 3239
1 11932 393119851
1 11932 490474578
2 9129 3498
1 11932 -172294633
1 11932 387403562
1 11932 -850828189
2 17680 16462
2 3406 1251
2 4909 11086
1 11932 -616427173
1 11932 -644766996
2 13600 7830
1 11932 739194318
2 13112 10667
2 9553 6789
2 4777 9336
1 11932 774336558
2 17476 11606
2 1641 10307
2 18707 13238
1 11932 -424079058
2 14330 978
2 4252 6506
1 11932 -960719167
1 11932 416830576
2 3054 5528
1 11932 404380162
2 16022 9470
1 11932 3753760
1 11932 219445134
2 18789 17730
2 9289 1276
1 11932 -500076859
1 11932 -371600921
1 11932 934242383
2 12846 14912
1 11932 493636437
1 11932 598874617
2 12427 19203
2 18099 14695
1 11932 843543972
2 17300 6326
1 11932 346060095
2 15994 4694
2 12767 4143
1 11932 554754447
1 11932 -211157998
1 11932 -411859516
2 1224 5977
1 11932 -576980988
2 6308 6667
1 11932 21857394
2 18495 15445
1 11932 871098574
1 11932 -178593280
2 8176 1262
1 11932 131449660
2 5677 14233
1 11932 -916328286
2 18669 10566
2 19501 1727
1 11932 -191474080
2 8142 13837
2 6476 6854
1 11932 -851511395
1 11932 248836973
2 8659 16440
2 11522 7603
1 11932 810507561
2 17719 6129
1 11932 -419168125
1 11932 339721488
1 11932 -62699269
1 11932 241053
2 16701 5772
2 2414 4784
1 11932 -441119092
1 11932 25732176
2 15490 6470
2 19289 18961
2 2466 15159
2 5692 6694
2 12474 11514
2 19480 16767
1 11932 -889550530
1 11932 -929906925
2 2601 1008
1 11932 -144729175
1 11932 923292605
2 13946 1546
1 11932 -283450314
2 3031 4375
2 16282 10948
1 11932 436509217
2 3149 4679
1 11932 375717066
1 11932 -744990784
2 4864 7879
1 11932 47739229
2 7374 4719
1 11932 15125698
1 11932 415862711
1 11932 -178230734
2 1423 15277
1 11932 788345917
1 11932 -813670742
2 530 8429
1 11932 -383926763
2 11422 8241
1 11932 726518969
2 6852 6871
1 11932 99433712
1 11932 50751575
1 11932 -833778638
2 15670 455
1 11932 297527462
1 11932 350087186
1 11932 941382925
1 11932 62420978
2 12743 5020
1 11932 242556406
1 11932 -272697165
1 11932 357746145
2 19528 16601
2 13859 13583
2 18962 11818
2 14388 17425
2 3091 3843
2 12040 1668
1 11932 -377219852
1 11932 -157309983
1 11932 -308936633
1 11932 363609236
2 3619 6063
2 2434 4140
1 11932 -776279239
1 11932 997734404
1 11932 329838923
2 17600 16515
2 5677 287
2 8513 2542
1 11932 155288264
1 11932 -616168135
2 3317 2905
2 6661 10656
2 18577 11484
1 11932 -211006994
2 11133 14724
2 4350 7022
2 6134 263
1 11932 168654848
2 942 17046
2 9819 19120
1 11932 776482873
1 11932 -148115701
1 11932 -3486134
1 11932 97549953
1 11932 -527967263
2 18873 19824
1 11932 -615473218
2 12792 18525
2 11825 10037
1 11932 -362546509
1 11932 400692353
2 1669 440
1 11932 895378597
2 1996 11774
1 11932 -183428537
1 11932 962673575
1 11932 169389257
2 9252 439
2 3775 15773
1 11932 191414221
2 3612 3426
1 11932 -150443031
2 14576 8134
2 18737 13733
1 11932 176454250
2 13547 3428
2 12036 3259
1 11932 -202917365
1 11932 253464875
2 16376 13225
1 11932 -867863220
2 12117 16945
1 11932 398047309
1 11932 523913745
2 2941 1629
1 11932 671042388
1 11932 -552912352
1 11932 -186814669
2 17022 19839
2 12277 1254
2 17921 14323
1 11932 -291185143
1 11932 -789891629
1 11932 -858600959
1 11932 -753699425
1 11932 892958768
2 1952 6552
2 13646 5567
1 11932 691258014
2 2395 7311
1 11932 56278210
2 1666 4495
2 16677 13817
1 11932 -969651231
2 10242 18566
2 9788 18954
1 11932 8663391
2 245 4663
1 11932 148127775
2 12479 18093
1 11932 -502026308
2 16692 19506
1 11932 965777597
2 6326 17701
1 11932 77811094
2 1106 4395
2 19098 17293
1 11932 708684143
2 18110 693
2 15297 1021
2 8537 9297
2 3484 5600
2 2808 11128
1 11932 -285597480
2 1887 3026
2 4354 19755
1 11932 -803704991
1 11932 717962449
2 17094 18635
1 11932 848727791
1 11932 169171139
1 11932 386386306
2 13129 8930
1 11932 159070217
1 11932 298074793
2 5576 9757
1 11932 -238701960
1 11932 854571549
2 4909 16653
1 11932 581512251
2 16601 182
1 11932 -199407491
1 11932 -501970936
1 11932 -580702071
1 11932 -348613622
2 642 10733
2 6454 15740
1 11932 -949667782
1 11932 -633970616
2 19306 4289
1 11932 951797597
2 18812 18022
2 2376 3659
2 13683 54
2 5021 4391
1 11932 -39695191
1 11932 201789390
2 13088 19826
2 4912 17085
1 11932 -14808226
1 11932 710474915
1 11932 -750195288
1 11932 -612980767
2 9347 5874
2 13966 4053
1 11932 -79945603
1 11932 392793061
2 19599 50
1 11932 142803259
1 11932 -772909005
2 13999 12250
2 990 16985
2 13580 11499
2 10599 18380
1 11932 -120626527
2 16296 6954
2 7716 9250
1 11932 -625589813
2 13091 916
2 9210 4679
2 14655 19034
1 11932 -313835516
2 15238 9835
1 11932 531492392
1 11932 416933058
1 11932 -454393320
1 11932 -132386711
1 11932 100335232
1 11932 880357373
2 19947 14869
2 3191 4185
2 2689 4842
2 6817 9564
2 4640 14766
2 19499 2924
1 11932 102879535
1 11932 379490160
1 11932 -264346112
2 7058 4892
2 15404 1634
1 11932 895866349
1 11932 119319239
1 11932 -657518722
1 11932 19110505
1 11932 711234342
1 11932 522979386
1 11932 774495852
1 11932 686869434
1 11932 998382171
1 11932 512249068
2 311 2995
2 17791 11397
2 5531 8162
1 11932 52930290
1 11932 -530712763
2 19544 19055
1 11932 -638292812
2 7805 8274
2 1667 6875
1 11932 716860193
1 11932 611929033
1 11932 -335425480
2 2144 19156
2 4149 1236
2 6567 4392
2 7353 19653
2 492 11090
1 11932 423372777
1 11932 942853157
1 11932 979125229
1 11932 -986529606
2 2065 10890
2 12353 18859
2 10186 13153
1 11932 -239037970
2 4003 16339
1 11932 297899285
1 11932 -522841477
1 11932 488815642
1 11932 -597259174
1 11932 63396075
2 3314 6506
2 14667 8062
2 17374 16464
2 12252 17779
1 11932 957795522
1 11932 346801307
2 2956 463
2 16927 12184
2 3075 10221
2 11606 15778
1 11932 258026015
1 11932 372536209
1 11932 -182146407
1 11932 -188656780
2 12629 12667
2 2545 14580
1 11932 544906287
1 11932 -685974557
2 12712 18578
1 11932 211315530
2 3552 17069
2 13284 9870
2 11441 6989
2 6863 8960
1 11932 -959593794
1 11932 643373668
1 11932 -933676019
2 12704 2596
1 11932 -640174650
2 8624 15126
1 11932 -248537833
1 11932 -556368452
1 11932 723054018
2 10206 11923
1 11932 -166602452
1 11932 -593861946
1 11932 -58517034
1 11932 354177381
1 11932 -733572097
2 11234 9306
2 2936 17358
2 14830 6135
1 11932 98799418
1 11932 -122446679
1 11932 -603302487
1 11932 -439114031
2 10009 3596
1 11932 -438199751
2 8312 10594
1 11932 -910762112
2 12085 13775
1 11932 61903883
2 16178 11297
1 11932 497682968
1 11932 62727143
1 11932 -95044287
1 11932 -229816364
2 5777 7990
2 15236 7932
1 11932 -285970820
1 11932 -929605820
2 2937 11948
2 3017 5374
2 2115 5444
1 11932 -368442520
1 11932 -23652403
1 11932 824344287
1 11932 -56297634
1 11932 -566805467
1 11932 115681508
2 4109 12384
2 2816 14031
1 11932 832602708
1 11932 386129196
2 19272 15523
2 19512 3119
2 8144 790
2 14757 10205
2 7783 8097
2 8731 5846
2 6923 10545
1 11932 -909026661
2 19989 2685
2 12074 2137
1 11932 -166854673
2 12395 12618
2 10602 5456
2 2026 6597
1 11932 768941835
1 11932 986805901
1 11932 558811281
2 9468 19372
2 8884 6755
1 11932 853654550
2 1110 9952
2 12780 12671
1 11932 -721559567
2 1913 8311
1 11932 852135272
2 13 16065
2 12021 2502
2 12450 232
2 618 13811
1 11932 487861793
1 11932 905456113
1 11932 164029157
2 4825 16890
2 8799 16884
2 1444 16709
2 12195 491
2 6659 14324
1 11932 -219087103
2 10887 4996
2 2860 9554
1 11932 -149766466
1 11932 -992903242
1 11932 176439441
2 10312 16935
1 11932 825627769
1 11932 -722420096
2 2420 15774
2 19767 1346
2 12370 3382
1 11932 -161884251
2 12896 14220
1 11932 -391675391
1 11932 998285725
1 11932 670247320
2 18271 15067
1 11932 -286954696
1 11932 -542586930
2 18991 15426
1 11932 -587542478
2 17421 8590
1 11932 845618738
1 11932 -447669940
1 11932 -665427501
1 11932 907267774
1 11932 954860622
2 3093 3254
1 11932 -84847052
2 808 1848
2 14527 493
2 12961 19487
1 11932 327390207
2 925 10468
1 11932 534983901
1 11932 -988514558
2 11862 805
2 2255 11790
1 11932 416521259
1 11932 -394871278
2 12233 14778
1 11932 -397988305
2 7480 15853
2 2495 16108
2 8623 4814
1 11932 633181035
1 11932 -836447608
2 4528 2060
1 11932 -131960000
1 11932 -590090303
1 11932 337785989
2 4232 14418
1 11932 -345786282
2 10717 11870
1 11932 301478911
2 4259 8303
2 11323 17797
2 3022 6827
1 11932 841185006
2 9249 5269
2 9435 13843
2 9297 12013
1 11932 -794128529
1 11932 -616897764
1 11932 147647661
2 18141 7194
1 11932 760832498
1 11932 199342797
2 7250 6401
2 3785 3984
1 11932 -296606643
2 1080 11137
1 11932 275920378
1 11932 130903917
2 10052 17155
1 11932 463779706
2 13091 13521
2 13445 2624
2 16470 2243
1 11932 166751505
1 11932 -816777702
2 12447 7460
2 8168 8084
1 11932 -210495770
1 11932 539738551
2 1701 475
2 13149 854
2 17656 10355
2 16167 15114
1 11932 -275180038
2 1671 8182
2 2153 9376
2 3097 2587
1 11932 -891150606
1 11932 -224205155
2 5607 16438
1 11932 756201672
2 595 18359
2 3990 13677
1 11932 -717132668
2 13546 11760
1 11932 -925781623
1 11932 -510521970
1 11932 717520035
2 9272 15987
2 5875 16862
2 5150 7292
1 11932 -633146532
2 14025 17374
2 18103 8496
2 8404 7445
2 13037 19835
2 8598 1238
1 11932 578974132
1 11932 -444905652
1 11932 265428216
1 11932 -546374442
1 11932 -924655736
1 11932 -990971645
1 11932 -394663427
2 5807 4287
1 11932 -570079833
1 11932 222665524
2 7202 7303
1 11932 459472456
1 11932 -733295141
1 11932 -733593874
1 11932 -191551431
1 11932 -372109579
2 2870 19184
1 11932 935299931
2 12638 780
1 11932 -194065004
1 11932 -875416110
1 11932 40410806
2 3339 16098
1 11932 -791155762
2 9182 9920
2 12483 17054
1 11932 85219584
1 11932 -559684732
2 19571 469
1 11932 3152806
2 2681 14586
2 4778 7476
1 11932 327262672
1 11932 -639193169
2 15350 2836
1 11932 -291031823
1 11932 -50998231
1 11932 180439265
2 11428 16535
1 11932 -234963338
1 11932 676164534
1 11932 -759988045
1 11932 -410819096
2 8424 17720
2 12410 6995
2 8103 14807
2 15289 17123
2 14083 5345
1 11932 -162446695
1 11932 166028571
1 11932 -396814860
2 3557 17506
1 11932 146335633
2 2234 9163
2 3834 14413
1 11932 498623795
1 11932 434384922
1 11932 -78988665
2 6987 16883
1 11932 -833695261
1 11932 -33934575
2 6400 17041
1 11932 -838441734
1 11932 -428735730
2 18504 13599
2 8546 2648
2 7441 19295
2 8050 1400
2 7752 3229
1 11932 847260619
2 15975 4660
2 18683 17610
2 10349 3805
2 4106 15368
2 17487 5233
1 11932 699335409
1 11932 -50676719
2 10421 10654
1 11932 780998834
1 11932 771156132
2 2481 2287
1 11932 93704053
1 11932 501896704
1 11932 482550942
2 19504 1898
1 11932 -868530683
1 11932 685071202
2 12842 6662
2 13881 7312
1 11932 -488995114
1 11932 -266958988
2 2042 16184
1 11932 -560228357
1 11932 713491319
2 7737 17963
1 11932 -305697538
1 11932 -128707605
2 6921 15022
1 11932 780686693
1 11932 192479849
1 11932 -996253258
1 11932 391344135
1 11932 165957639
1 11932 -877689305
1 11932 226444295
1 11932 -673730284
2 19011 5780
2 12861 16243
2 15220 6222
2 10797 10882
1 11932 -366851185
2 5707 5367
2 16275 5980
1 11932 865086641
2 2548 14283
1 11932 957993015
2 15421 381
1 11932 858411183
2 7114 4942
1 11932 -394683533
1 11932 864780086
2 5419 13134
2 16856 5338
2 18127 2417
1 11932 -809481035
2 4949 550
1 11932 -692581940
2 17503 8156
1 11932 -217906029
2 5870 10789
2 13024 4030
1 11932 -450095171
1 11932 -865082711
2 10070 7234
2 11780 6994
2 10020 4778
1 11932 -929210511
1 11932 -460138884
1 11932 -521387799
2 5685 9783
2 9098 2052
1 11932 159342385
2 14949 16602
2 1418 375
1 11932 -403351907
2 18600 3114
2 6063 9862
1 11932 -465627121
1 11932 -629250871
1 11932 -873467773
2 9795 1181
2 16859 8155
2 10255 7052
1 11932 537645217
1 11932 -711725119
2 6162 6810
2 18338 10639
1 11932 -596444529
1 11932 -433702995
2 7396 240
2 4453 9944
2 18935 2714
2 10059 1474
2 1169 12307
2 13963 18448
1 11932 272464610
1 11932 836837364
2 11872 11186
1 11932 -237660106
2 10432 5579
2 17893 7782
2 2392 10989
2 18679 14425
1 11932 462803123
1 11932 -198362145
1 11932 -665357446
1 11932 763601771
2 14692 8221
1 11932 945202609
2 16412 5939
2 16418 15329
1 11932 849419079
2 15664 19744
1 11932 -198720060
2 2391 4025
1 11932 -716276951
2 14197 16173
2 11444 9814
2 1494 11322
2 4023 4401
2 7804 5155
1 11932 -558231972
2 16169 17788
2 1826 19212
1 11932 122803492
1 11932 -343255735
2 18180 636
2 11825 13572
2 5014 10710
1 11932 -85127667
2 17693 10193
2 9829 16843
1 11932 202001106
1 11932 810310709
2 2181 16197
1 11932 125273068
2 12723 9068
2 11046 13275
2 9623 46
1 11932 -796487500
2 8470 7871
2 16499 4333
1 11932 -306523773
1 11932 401924092
2 15129 750
1 11932 799511619
2 6981 1523
2 3483 11307
2 14451 5592
2 1862 10903
2 7263 2925
1 11932 686899788
2 2875 7060
2 14193 19809
1 11932 752602859
2 5134 3657
1 11932 -656565238
2 1347 7577
1 11932 947554784
2 11877 17033
2 8662 12749
2 9364 5691
2 11864 8161
2 16233 7773
2 10057 14730
2 18589 7025
2 1753 12903
2 16721 12994
2 3808 2336
1 11932 -593703075
2 2514 3381
1 11932 429415777
1 11932 557985401
2 3265 15531
2 11456 10442
1 11932 725344134
1 11932 803307635
1 11932 656817250
2 1253 4598
1 11932 873763098
1 11932 668338716
1 11932 313749124
1 11932 -23319531
1 11932 60018203
1 11932 831784679
2 18331 19785
2 2892 8218
2 15722 19723
2 12304 5058
2 1821 16974
1 11932 -240791614
2 5439 3711
2 2118 19260
1 11932 309782419
1 11932 123435367
1 11932 822586050
2 9190 484
2 3468 693
1 11932 -311652183
1 11932 746599123
1 11932 636169729
1 11932 -693142658
1 11932 -714805380
1 11932 -446322857
2 2353 2677
2 18395 1332
1 11932 -963646186
2 15992 7761
2 15915 11606
2 2556 12699
2 6154 5700
2 13377 8530
2 11660 636
1 11932 276849057
1 11932 -408409288
2 12205 16971
1 11932 765716450
1 11932 -52274598
2 5370 16668
1 11932 373957487
2 1229 2653
2 2985 4185
2 13182 17243
1 11932 -926068518
2 15930 13227
2 3584 6899
1 11932 -748974961
2 2300 4701
2 5063 18234
2 3290 6942
2 13118 18670
2 5189 4404
1 11932 987222493
2 14663 19888
2 19950 2041
2 3794 17607
2 13499 12337
1 11932 1168767
2 11641 6429
1 11932 -886450445
2 14294 182
2 8044 8457
2 1565 5490
2 4983 9853
2 15727 2137
2 2689 17515
2 11833 16051
2 12005 4198
2 17260 13443
2 2818 4585
2 8133 6630
1 11932 68597606
2 7169 5678
2 6662 724
1 11932 909308270
1 11932 -17899727
1 11932 540054499
2 9054 666
1 11932 -125816789
1 11932 306462843
2 18758 5231
2 5144 7652
1 11932 663400713
1 11932 682256925
2 28 19958
2 3602 17301
2 6160 4374
1 11932 -367428068
2 61 874
1 11932 481091460
2 1718 4183
1 11932 -954303881
1 11932 521307546
2 347 16253
2 17508 19222
2 16405 3601
2 15748 11177
2 7424 4046
2 8597 19293
1 11932 667199287
1 11932 677009826
2 8976 16645
2 1173 11339
1 11932 7932604
1 11932 817995085
2 8878 6613
2 12293 11724
2 4745 7082
1 11932 -365494370
1 11932 -798283585
2 1591 11005
2 14092 8116
2 11212 18451
1 11932 835109353
2 3427 8001
1 11932 58497826
1 11932 310061089
1 11932 238256981
1 11932 -615689761
1 11932 -148703853
2 6807 10568
2 17213 1536
2 16540 15766
1 11932 159014211
2 19369 9488
2 18033 18483
2 4147 13238
1 11932 -545589265
1 11932 -44974054
1 11932 204894412
1 11932 -135080728
2 10192 8649
2 10469 18966
1 11932 73412980
1 11932 856875391
1 11932 -393068950
1 11932 192805828
1 11932 667122427
2 1729 2446
2 17318 10854
1 11932 999749684
2 1779 35
2 815 819
1 11932 -75312639
2 12724 17604
1 11932 -473720582
2 14718 495
1 11932 495773332
1 11932 -957989714
1 11932 -271053910
1 11932 103821640
2 2175 17526
1 11932 62590812
2 15106 18484
2 19838 18309
2 19684 8235
1 11932 -896835885
2 10201 3212
2 15057 4576
1 11932 -321795247
1 11932 -872257142
2 14767 9657
2 7583 7412
1 11932 -799360959
1 11932 -543146727
2 15804 3940
2 18230 4214
2 14896 2854
2 5474 10395
1 11932 -436550874
1 11932 -478333543
2 4088 9158
1 11932 806707494
2 1861 2412
2 4311 3431
1 11932 802412151
1 11932 161267651
2 9571 9180
1 11932 784959511
1 11932 -972929115
2 14071 1417
2 1081 4827
1 11932 -191044443
2 17292 1008
1 11932 -875227024
1 11932 751186980
2 17030 13618
1 11932 735509744
2 4031 8786
2 559 13970
2 4222 1539
1 11932 -692056138
2 12803 9295
2 4576 17965
1 11932 -683009523
1 11932 447124680
1 11932 41491936
1 11932 -268518430
1 11932 856382229
2 9794 9097
2 3605 18807
1 11932 22374014
2 10348 15067
1 11932 -235697407
1 11932 757963742
1 11932 57689839
1 11932 -102687071
2 140 17684
2 3902 14592
1 11932 217317147
2 2223 6937
1 11932 -904925560
1 11932 969932502
1 11932 -529007730
1 11932 750119750
2 10060 7602
1 11932 -5495946
1 11932 925381829
2 17503 11013
1 11932 866227472
1 11932 -282312081
2 14599 1690
1 11932 985148410
2 8026 11870
1 11932 -108717761
1 11932 -779269977
2 15609 2140
1 11932 170293658
2 6983 1438
1 11932 -400253893
2 13145 10810
1 11932 -908710771
2 15128 959
1 11932 543376124
2 12899 1835
2 5938 15560
2 6689 3645
1 11932 926460460
1 11932 -557564679
1 11932 718978788
2 9474 2048
1 11932 -975536028
1 11932 524870461
2 15430 5260
1 11932 925608682
1 11932 574584973
1 11932 -312330125
2 18603 4751
1 11932 -105303487
1 11932 -946224115
1 11932 664364958
1 11932 -84493914
2 329 13568
2 13223 3314
2 14408 637
2 10296 8163
1 11932 412177079
2 11902 11650
1 11932 -900139837
1 11932 -661564330
2 1040 9869
1 11932 180515948
1 11932 -693023074
1 11932 -541036096
1 11932 457634824
1 11932 -803286556
1 11932 -567719503
2 2785 17265
2 7984 12175
1 11932 -447914929
1 11932 52870515
1 11932 834243325
1 11932 -876369949
1 11932 -20271552
2 809 11743
2 1872 16048
2 7134 10507
2 19328 17243
2 10782 6963
2 3569 2695
1 11932 -604480956
2 5693 16009
1 11932 -433856593
1 11932 495618437
2 6927 14077
1 11932 -684200131
1 11932 -918754905
1 11932 491552011
2 3889 2297
1 11932 643684991
2 14673 15201
2 19873 2358
2 15619 13087
1 11932 -801565330
1 11932 -102909779
1 11932 233075924
2 7891 13551
1 11932 254896534
1 11932 762577423
2 17394 16983
1 11932 -375069161
1 11932 -413281229
2 11288 6087
1 11932 4769203
1 11932 -694244835
1 11932 624778719
1 11932 611204528
2 18359 19623
2 5812 2959
1 11932 872907715
2 5484 5063
2 19410 7591
1 11932 416444028
1 11932 -342603802
1 11932 160699168
2 2575 499
1 11932 114578566
1 11932 -923360242
2 11250 3272
2 17891 11507
2 16649 19984
2 16315 10260
2 9314 1748
2 17693 13750
1 11932 -350979350
1 11932 -201893194
2 11542 8847
2 10724 19922
1 11932 892526409
2 1051 8604
1 11932 493757216
1 11932 326242686
1 11932 -906188191
2 7174 11909
1 11932 -297972773
1 11932 536445950
2 8185 11650
1 11932 332995384
1 11932 -950407912
2 3257 806
2 434 4615
2 10157 10242
1 11932 66826687
1 11932 -664237794
2 17741 736
1 11932 11217396
1 11932 -979307766
2 17139 19629
1 11932 -910545069
2 8051 897
2 17360 19340
2 1216 8414
1 11932 439447284
1 11932 628222875
2 18640 600
2 6961 12532
2 19565 7101
2 8891 2913
1 11932 328786357
2 18728 10802
2 200 17822
2 4080 12358
2 7279 12659
2 382 8566
2 6366 15185
2 10374 1307
2 598 10381
1 11932 -427269998
2 4992 9327
2 10430 18719
2 8212 15568
2 7983 221
1 11932 221651234
2 2517 7781
1 11932 -300759875
1 11932 105206376
2 18828 8732
2 6401 2344
2 14390 3950
2 4529 3207
1 11932 -207252823
2 19322 10822
1 11932 125408408
2 18852 4757
1 11932 -107717815
2 4594 11841
2 15682 8363
2 9797 16524
1 11932 714766193
2 4525 17171
1 11932 -223323117
1 11932 -99595576
1 11932 306659582
1 11932 909157281
1 11932 275638694
1 11932 -831797212
1 11932 -985125078
1 11932 224131348
2 13075 8753
2 16610 10437
2 5322 5431
2 17234 5098
1 11932 371448789
1 11932 -540531709
1 11932 -700400825
2 6056 15729
2 1168 2596
2 17503 2047
1 11932 -915238420
1 11932 -740330415
2 17272 10587
2 18661 15364
2 2772 4085
1 11932 -151545621
2 8387 9843
2 11749 16343
2 2917 5757
1 11932 469085425
2 3467 7528
1 11932 114647506
2 9965 18919
2 9539 7446
1 11932 -247882262
2 18912 7931
2 13312 3594
2 5019 13142
2 658 6242
1 11932 220589821
2 10784 11015
1 11932 -480083755
2 4025 205
2 3883 6885
1 11932 948243060
2 7009 10459
1 11932 -647303928
2 743 19557
2 19668 13949
2 18071 18901
1 11932 236273297
2 5579 636
1 11932 -988472498
1 11932 -768959728
1 11932 547704919
2 4229 13427
1 11932 -375682469
2 16666 10454
2 7209 10182
1 11932 468641734
1 11932 -985328205
2 1635 15517
2 14360 372
1 11932 -23135153
1 11932 164695292
2 10376 3717
2 387 8842
1 11932 -584280253
2 12520 13331
2 16600 10222
1 11932 2843465
1 11932 330526326
1 11932 718756407
1 11932 816028155
2 6259 2411
1 11932 -504375983
1 11932 681129386
1 11932 -477914355
2 2089 6366
2 820 14119
2 12170 4521
1 11932 -895632588
2 9806 5276
1 11932 -545431774
1 11932 -889172349
2 19700 15728
1 11932 -98553048
2 5579 19782
1 11932 -977961534
1 11932 528433338
2 17537 10187
2 17869 3504
1 11932 762060522
2 16907 10412
1 11932 -218568780
2 3470 455
1 11932 267088818
1 11932 -862683912
2 14842 3529
2 12355 15860
1 11932 -67091225
1 11932 501706935
1 11932 -15593971
2 13851 6830
1 11932 -922439613
2 13788 16437
1 11932 49360657
2 19336 12297
1 11932 727111151
2 10976 11829
1 11932 -618199198
1 11932 -80535884
2 4029 17510
2 13380 13525
2 14262 5173
2 8715 13908
1 11932 625089411
1 11932 117498937
1 11932 831875419
2 9991 11038
1 11932 88338348
2 1351 7986
1 11932 -351347958
1 11932 -969396575
2 14951 1309
1 11932 -353729323
2 16993 4689
2 8782 1410
1 11932 -713424826
1 11932 394103901
2 6718 5469
1 11932 -672742346
2 11937 14019
2 7019 5794
1 11932 -660500297
2 15063 6335
2 18133 8825
1 11932 230769469
2 4101 3464
2 16646 14727
2 2207 1363
2 341 13867
1 11932 -878514668
2 14082 14925
1 11932 -368246520
2 5609 17778
1 11932 720375207
2 1260 619
2 19668 3755
1 11932 -757486238
2 2915 14378
1 11932 -91913121
1 11932 -255020645
1 11932 782719382
1 11932 -542614526
1 11932 241045892
1 11932 758914425
2 13127 11066
2 17625 19053
2 17431 7809
2 15484 6402
2 16896 14371
1 11932 -192991038
1 11932 -307777880
1 11932 558370315
1 11932 -932225660
1 11932 570391633
1 11932 -306244615
2 13133 2839
1 11932 568770470
2 4767 2753
1 11932 -571922622
1 11932 394025187
1 11932 717519225
1 11932 182867028
2 8743 1254
2 7765 7845
2 18081 5974
1 11932 -57376766
1 11932 813860231
2 15227 409
2 9187 12324
2 16234 14492
1 11932 215236684
1 11932 -852611685
2 9783 10501
2 16937 11546
1 11932 -765854844
2 17949 6092
2 18991 19311
1 11932 -816370034
2 2124 18268
1 11932 88401746
1 11932 342484069
1 11932 303110444
2 14295 19493
1 11932 715265049
2 3677 6367
2 16143 5049
1 11932 349919737
1 11932 -92007572
1 11932 863594020
2 12331 18002
1 11932 128582455
2 11743 1256
2 13049 17445
1 11932 893239775
2 9691 10687
2 3075 1973
1 11932 -310639727
1 11932 -859916741
2 13722 19292
1 11932 -455900067
2 14131 11057
1 11932 -410492696
1 11932 -693589884
1 11932 -393081319
1 11932 363933960
1 11932 -232708001
2 357 19389
2 5383 19407
1 11932 -213777670
1 11932 268665361
2 10576 9719
2 10391 9564
1 11932 638732599
1 11932 -868891268
2 12195 6799
1 11932 -29896896
1 11932 664978337
1 11932 623917675
2 9187 935
1 11932 237655990
1 11932 443615504
2 11868 19585
2 12240 12439
1 11932 52380709
1 11932 852507990
1 11932 -281304050
2 14253 19067
1 11932 841125236
1 11932 67199575
1 11932 -433643482
1 11932 -483451198
1 11932 -786450081
1 11932 -882539326
1 11932 -893933533
1 11932 39893005
2 13834 10911
1 11932 280905325
1 11932 484157264
2 13290 3663
1 11932 -127360458
1 11932 539790728
2 11456 7923
2 12488 2460
1 11932 327251157
2 7041 981
2 6413 4460
2 19291 14940
1 11932 -230631409
1 11932 -119084512
1 11932 -142689963
1 11932 -85869805
2 675 506
2 5984 2736
1 11932 -712491351
1 11932 527609398
1 11932 -343617486
2 7445 19118
2 5961 1608
2 17427 4948
2 19112 972
2 13723 19107
2 13482 10897
1 11932 -826136064
1 11932 385795983
2 17761 2399
1 11932 -646800712
2 4289 1175
2 10158 7321
1 11932 -995699751
1 11932 -931271092
1 11932 56435812
2 12484 2634
2 9123 9106
2 107 3983
2 11075 1484
1 11932 409023213
1 11932 500887049
1 11932 -830083963
2 2056 16035
2 9828 18315
1 11932 495679238
1 11932 -330879768
2 2705 10155
1 11932 -602956844
2 19868 94
1 11932 560732568
1 11932 976875232
2 19349 657
1 11932 805489782
1 11932 801000637
1 11932 400990678
2 15862 9077
1 11932 349434093
1 11932 -977996336
2 3016 5477
2 9735 18326
1 11932 -434493159
2 7528 7773
2 6421 15484
2 12391 5377
2 18508 15133
2 12657 781
1 11932 940181125
2 8821 3650
1 11932 470534068
1 11932 498275384
2 19023 10026
2 14870 7976
2 19745 14541
1 11932 946693698
1 11932 852816085
1 11932 -809248855
1 11932 717570190
1 11932 -76292140
1 11932 -649257924
1 11932 875619251
1 11932 389469336
1 11932 -146718473
1 11932 81037202
1 11932 -207738908
2 7504 340
1 11932 634345401
1 11932 92147904
1 11932 465223357
2 5999 19771
1 11932 13096153
2 4499 11005
2 11086 7652
1 11932 976770158
1 11932 711456422
2 8456 10032
2 11903 10146
1 11932 167079324
2 10091 17599
2 10481 2116
1 11932 -365609113
2 9761 6986
2 8309 19906
1 11932 800362949
1 11932 785039272
1 11932 -241202664
1 11932 -551201072
2 15404 12027
1 11932 -594127617
1 11932 835947119
2 12906 1375
2 15761 10803
1 11932 -833829830
2 5555 1266
1 11932 453438965
1 11932 -491697033
1 11932 -181033721
1 11932 138109418
2 8023 15190
2 3481 5679
2 18430 8554
1 11932 849575666
2 9962 14515
2 16967 18969
2 8892 12194
1 11932 924927680
1 11932 -982913247
2 5580 17908
1 11932 -772291030
2 8431 8779
2 18071 16289
1 11932 503708002
1 11932 -768107294
1 11932 -478298238
1 11932 -720536982
2 1931 4082
1 11932 802863823
1 11932 -467855006
1 11932 554992956
1 11932 878534250
1 11932 -242152137
2 13454 6272
2 8096 15029
1 11932 -528212073
1 11932 -855908113
1 11932 362725574
1 11932 66709373
1 11932 71827926
2 15769 19258
2 1417 16689
2 5557 12180
1 11932 522840323
1 11932 195146297
2 9362 1710
1 11932 884366186
1 11932 -204500190
1 11932 454784024
1 11932 913837429
2 17589 7293
2 9777 741
2 17520 18514
1 11932 -97469689
2 19542 14444
2 15793 17426
2 7424 16197
2 10624 18117
1 11932 577204718
1 11932 349998412
2 4312 6157
2 12292 14705
2 19032 12510
1 11932 19745919
2 17305 4115
1 11932 -970421544
2 8089 3862
2 17780 9292
2 9758 2440
2 3554 12444
2 14334 2189
1 11932 148669066
1 11932 -709420684
1 11932 -737700892
2 18715 13894
1 11932 968966086
2 3161 2877
2 19967 2802
2 7157 9749
1 11932 -274596672
2 1412 19885
1 11932 36359946
2 9231 4738
2 4186 9320
1 11932 280490105
2 2958 770
1 11932 -192996367
1 11932 -798498447
2 3954 7568
1 11932 -914213185
1 11932 316513466
2 19039 683
1 11932 387365962
1 11932 954910727
2 2319 2590
2 10560 17397
2 10040 9418
2 2491 15272
2 2831 5123
1 11932 -546560039
2 13558 5425
1 11932 798365216
1 11932 610976277
2 1726 5887
2 12752 15760
1 11932 -941298839
1 11932 -232509663
2 11052 2897
1 11932 237518268
2 16067 3533
2 4887 3879
1 11932 739202966
2 4912 673
1 11932 854138178
2 16334 7830
1 11932 -554470871
1 11932 156559333
1 11932 21311178
2 15443 593
2 11711 17281
2 7364 288
2 12510 6990
2 3761 3677
1 11932 843959096
1 11932 584520966
2 6963 16251
1 11932 700273439
2 13540 19683
2 12229 11487
2 16394 13481
1 11932 -68210219
1 11932 657731257
1 11932 -395923296
1 11932 184314239
1 11932 954251000
2 2113 4108
1 11932 -825523419
2 19657 18805
2 14080 1769
2 10918 1868
2 11211 9221
2 8058 3771
1 11932 470119575
1 11932 438296413
2 5006 4909
2 17634 9787
2 4400 804
1 11932 902433884
1 11932 668253829
2 10701 17230
2 7637 4180
1 11932 643347294
1 11932 347119966
2 14950 1205
2 7680 7019
2 12396 11043
1 11932 -492009458
2 6495 3662
1 11932 592756678
1 11932 106085551
1 11932 765256340
2 13586 7746
2 12906 5778
2 6870 11478
1 11932 -61076550
2 10783 7157
2 3805 15251
2 9558 13049
2 12863 2185
1 11932 -903080056
2 4118 482
1 11932 5311015
2 19804 19758
1 11932 440447606
1 11932 254137363
1 11932 826436998
1 11932 665438339
2 10319 9557
2 16834 3891
1 11932 -990222634
2 14267 11758
1 11932 -731085054
2 6807 4324
2 19076 17230
1 11932 617693644
1 11932 -648987425
1 11932 21706690
1 11932 388227840
1 11932 -544030410
1 11932 -889165047
2 2082 18607
1 11932 295336714
2 19149 16218
1 11932 -767167016
2 7820 18136
2 5650 10968
1 11932 -652753313
1 11932 737860533
1 11932 -857087576
2 16435 17217
1 11932 519094565
2 2400 15742
2 14163 3698
2 12890 2045
2 7386 4048
2 9672 14312
2 18092 8700
2 10486 1011
1 11932 209388377
2 5876 18507
1 11932 -337170097
2 7494 4115
1 11932 470048315
2 2891 15877
2 19298 12930
1 11932 -214402249
2 18761 15434
1 11932 -933173674
2 19037 10315
1 11932 235424434
1 11932 736059983
1 11932 -67327729
2 9337 19514
1 11932 612847341
1 11932 -612830359
2 18251 11237
1 11932 255698214
1 11932 187633757
1 11932 604570915
2 17525 16721
2 4465 18749
1 11932 -259452291
1 11932 -976835261
1 11932 -443327773
2 5405 5959
1 11932 -290339441
2 1944 1453
2 1070 7430
2 1639 5763
2 19201 12439
1 11932 974711411
1 11932 676869128
1 11932 -448873594
2 639 15656
1 11932 -234052888
1 11932 -850131222
1 11932 770946017
1 11932 586327043
2 15947 18445
1 11932 -666560421
2 5207 10118
2 1773 7708
1 11932 -312678068
2 15331 1838
1 11932 603626719
1 11932 -838255551
1 11932 -153985162
1 11932 258904834
1 11932 963075935
1 11932 -623131263
1 11932 338086686
2 10827 779
2 19184 11962
1 11932 556867018
1 11932 633416491
1 11932 -750794520
1 11932 936181161
1 11932 -117013278
1 11932 902738590
2 8858 15275
1 11932 155409756
1 11932 -178135616
1 11932 378650056
1 11932 -976252635
2 4744 9882
1 11932 -362707017
2 5582 17649
2 4313 13894
2 2566 169
2 2968 8276
1 11932 109877525
2 8376 10486
2 2645 15860
1 11932 -600419726
1 11932 -127377984
2 3827 12405
1 11932 598279268
1 11932 461649295
2 14982 9830
2 13406 12370
2 10000 9953
1 11932 68090788
1 11932 -20631434
1 11932 506959937
2 11891 15933
1 11932 -780946431
1 11932 930432828
1 11932 787830784
1 11932 -863439371
1 11932 -502453760
2 12998 7209
1 11932 212649994
2 1072 10063
1 11932 142551373
2 1746 7257
1 11932 -121701505
1 11932 932884297
1 11932 247748589
2 8705 10640
2 13531 4415
1 11932 896887113
2 15292 15463
1 11932 741842632
1 11932 577375178
2 1299 5145
1 11932 234510823
2 13615 15967
1 11932 712462501
1 11932 -51096372
2 8218 19173
1 11932 154103966
1 11932 -4780060
2 11886 4994
1 11932 898915898
1 11932 -949891856
2 14379 4937
2 17785 18249
1 11932 703090515
1 11932 -85474552
2 9663 13636
1 11932 -721575831
2 11984 4015
1 11932 -742677676
1 11932 2994754
1 11932 -22604677
1 11932 -931690075
2 8479 13367
2 2459 14072
2 16162 9676
2 4787 1250
2 12294 13107
2 10856 6900
2 17211 14395
1 11932 36965691
2 7726 6281
2 4565 15007
2 13625 19604
2 3844 4723
1 11932 -924787704
2 8718 13156
2 19220 19791
2 7628 6893
1 11932 -502177335
2 6492 15364
1 11932 217194845
1 11932 -536244917
2 17104 17007
2 1225 9830
2 1281 5642
2 5858 145
1 11932 -523602842
1 11932 -10480705
2 13900 5918
1 11932 -726207927
1 11932 -293324290
2 11194 87
2 7768 10763
1 11932 -718911911
1 11932 101451281
1 11932 546562219
1 11932 -83308788
1 11932 -984281264
2 7005 5438
2 16916 675
2 3513 718
1 11932 -705495876
2 1258 14811
2 19619 15563
2 9154 11678
2 8082 2
1 11932 786465845
1 11932 -475929956
2 8108 17088
1 11932 -957081929
2 5260 14617
2 18666 4676
1 11932 455298524
2 14352 16517
2 7772 3523
1 11932 29161280
1 11932 -334468836
2 19823 4589
2 17031 2216
1 11932 -923366476
2 15043 1044
1 11932 -730405525
1 11932 604832589
1 11932 -176588962
1 11932 -916480974
1 11932 523148775
2 16478 555
1 11932 406024327
1 11932 753404164
2 19157 14648
1 11932 -898420330
1 11932 21493300
2 12371 2560
1 11932 -233578704
2 10464 14132
2 5029 16428
1 11932 -809430909
1 11932 -340880133
2 11819 7290
2 1067 10000
1 11932 219341091
1 11932 526167832
2 4659 6122
1 11932 848265956
1 11932 -718107113
2 1055 14359
1 11932 454074614
2 740 1807
2 851 12144
2 10197 16592
2 15586 4824
1 11932 -542992521
1 11932 975141543
2 8706 14061
2 4926 16034
2 2914 2958
1 11932 778542578
1 11932 483893408
2 10821 14883
2 9273 10320
2 4214 1159
2 5909 1639
2 9485 6681
2 11817 11028
1 11932 -36335333
1 11932 371936820
1 11932 615502744
1 11932 -572629064
1 11932 402370005
1 11932 -152283788
1 11932 -941701132
1 11932 -133559901
2 7440 14314
2 8550 9677
2 12687 13677
2 10499 9431
1 11932 127428849
1 11932 -261797081
1 11932 24025364
2 11738 2347
1 11932 521243149
2 18433 19034
2 10736 213
1 11932 -80006400
2 14757 12088
1 11932 73807974
2 678 15950
1 11932 -708123542
1 11932 374762489
1 11932 71281310
2 13909 290
1 11932 -972571203
1 11932 -330547689
1 11932 488159012
2 14289 13973
1 11932 -77663069
2 14169 2136
2 13327 17701
2 18273 10650
2 8802 18052
1 11932 -156044239
1 11932 85700992
2 1697 149
2 8452 8486
2 18561 16732
1 11932 570911955
2 15159 5231
2 6789 2646
1 11932 -531607668
1 11932 -741480228
1 11932 214632462
1 11932 444684881
2 5994 300
2 10468 2607
2 18431 7698
2 968 19569
2 94 16889
1 11932 -429325453
2 15635 7962
2 19121 11490
2 6506 1055
2 9312 9993
2 14518 12364
1 11932 -442293265
1 11932 160081589
2 10225 7520
1 11932 -746110197
1 11932 8421718
1 11932 639690010
2 11460 6281
1 11932 915859355
1 11932 -61237381
2 7888 19228
2 4460 18116
1 11932 162270573
1 11932 333282808
1 11932 -82079296
2 15963 16894
1 11932 -493940275
2 18574 18883
2 10928 6860
1 11932 420034046
2 1387 3381
1 11932 -464102474
2 15673 5729
2 11907 8366
1 11932 432868440
1 11932 940658039
1 11932 358301754
2 11261 8584
1 11932 627775833
1 11932 -112063462
2 10203 17737
2 12076 10147
1 11932 -84252569
1 11932 -772826893
2 5859 1446
2 3987 6965
2 18545 6340
1 11932 -486334001
1 11932 601333913
2 18583 11347
2 8664 18794
2 12238 4366
2 4307 12961
1 11932 -492734047
1 11932 442073754
2 16986 15992
2 15403 10187
2 14763 5116
1 11932 46294063
2 14460 4828
1 11932 791955621
1 11932 406493646
1 11932 130792416
2 3356 16948
2 9204 15296
1 11932 -40235029
2 15153 5715
1 11932 -770661998
2 6819 16070
1 11932 -493319333
2 9694 3150
2 15809 14629
1 11932 -253199200
1 11932 754250898
1 11932 513817149
1 11932 111345158
1 11932 918518122
1 11932 263586153
1 11932 818914380
1 11932 485148366
1 11932 882518095
1 11932 843920298
2 13146 4153
1 11932 -738578165
1 11932 -588686900
2 5891 13749
2 15724 19187
2 3833 133
1 11932 -766403846
1 11932 -493026227
2 5322 2801
2 15521 4432
1 11932 -888698027
1 11932 -182093072
1 11932 174917940
1 11932 511374938
1 11932 983793688
1 11932 280239977
2 10917 1258
1 11932 339701381
1 11932 641222316
2 11631 7726
1 11932 -989732706
2 980 14303
2 16832 5163
1 11932 -684611336
1 11932 396992207
2 2280 5057
2 7391 11430
1 11932 310422549
2 6233 7248
1 11932 -318525207
2 9332 3858
1 11932 85089961
2 4189 13467
1 11932 -4005319
1 11932 -424532082
1 11932 -561030521
1 11932 699303503
1 11932 281764088
2 17208 14565
2 2357 12746
2 4835 10905
2 4046 15895
1 11932 -120645231
2 11318 5087
1 11932 -355901190
2 5044 10896
2 5463 3266
1 11932 681370627
2 2785 5144
1 11932 -244084404
2 14138 4741
2 15808 11607
1 11932 242300454
2 9470 15566
1 11932 418546405
2 19461 1522
1 11932 398501225
2 9796 10277
2 4504 1803
1 11932 160931949
1 11932 101429667
1 11932 816187451
1 11932 -636102725
1 11932 -595952381
2 15532 13052
1 11932 463830093
2 18617 15700
1 11932 274374425
1 11932 245679205
1 11932 409800889
1 11932 60254357
1 11932 -993985457
1 11932 963996935
1 11932 514418726
1 11932 -575571860
1 11932 350679284
2 15649 3716
1 11932 -637170199
2 6619 10213
1 11932 646344151
2 10304 3967
1 11932 -598207892
1 11932 114443601
2 8619 3492
1 11932 739744318
2 7859 6206
1 11932 243082068
2 18164 379
1 11932 226311798
1 11932 -812996066
2 9451 10763
1 11932 984067757
1 11932 -996691482
1 11932 908337057
2 322 15345
2 12643 19882
2 3800 9326
1 11932 -683236142
2 17280 10775
2 1565 5018
1 11932 462882136
2 1686 2171
1 11932 -687035159
1 11932 -361960445
1 11932 475977419
2 2603 19715
1 11932 -794660658
1 11932 579018864
2 11800 5597
2 11964 15240
1 11932 -901534357
2 5364 19262
1 11932 693438614
2 11277 16867
2 2407 1580
1 11932 577878826
1 11932 42788845
2 15792 8376
2 9371 16842
2 6255 15048
1 11932 -626819780
2 17412 16320
1 11932 112169109
1 11932 186858196
1 11932 427918630
2 9900 8878
2 1751 18975
1 11932 -228227775
2 5212 11120
2 3867 18350
2 3948 12410
2 11762 8511
1 11932 671159384
1 11932 542308301
2 16071 18285
1 11932 -321741488
2 5618 17870
2 13167 17582
1 11932 313986594
2 14510 2235
2 18642 7051
1 11932 410201170
2 17159 8687
1 11932 449226491
1 11932 714576153
2 19255 10930
1 11932 666997580
2 2004 8744
1 11932 375722176
2 5802 19014
2 15132 15115
1 11932 417009195
2 197 5078
2 2434 11034
2 15307 11193
2 15176 19038
1 11932 195464312
1 11932 763364892
1 11932 774456659
2 9782 15575
1 11932 -305475250
2 9445 11621
2 2393 13625
1 11932 875448751
2 3843 3086
1 11932 -753582400
1 11932 9097394
1 11932 -34781355
1 11932 -210062733
2 2052 7733
2 6700 1609
2 14679 16473
1 11932 -703152913
1 11932 310229618
2 10294 5562
2 268 12936
1 11932 -191209288
1 11932 973369785
1 11932 -401423840
2 17059 17025
1 11932 -692198058
1 11932 -396348265
1 11932 267446915
1 11932 459749544
1 11932 -330318054
1 11932 756239293
2 14685 17111
2 11452 4727
1 11932 -230198931
1 11932 -319450635
2 6952 2522
1 11932 -37205871
1 11932 421805041
1 11932 308670153
2 1867 14520
2 5620 13978
2 7440 16742
1 11932 -415329964
2 11371 6971
1 11932 -218071891
1 11932 480344695
2 3569 1722
1 11932 -354891230
2 15062 4085
1 11932 -680718179
1 11932 158717010
2 14101 4835
2 3874 11828
1 11932 908076748
1 11932 -874495731
1 11932 -308427819
2 1135 4807
2 18614 1056
2 6601 17818
2 16036 10458
1 11932 -760388749
1 11932 697160910
2 12039 11324
1 11932 640754624
2 2167 6261
2 5814 11621
1 11932 -974599799
2 6550 10320
2 17065 704
1 11932 910684201
1 11932 -582370915
2 4436 13656
1 11932 35404719
2 1551 8472
1 11932 -479393069
2 15813 4187
1 11932 -208656270
1 11932 -895245907
2 9613 16821
1 11932 -998217377
1 11932 -94783813
1 11932 512873130
1 11932 677546589
2 6326 17676
1 11932 -152665101
2 3439 10911
1 11932 333933463
1 11932 834022627
2 17371 1399
1 11932 598969440
2 11073 13898
1 11932 36886138
1 11932 522512717
2 3415 10882
2 13243 5546
1 11932 249822470
2 5221 17681
2 9375 4848
2 15443 18112
1 11932 -367119656
1 11932 355830924
1 11932 394612610
1 11932 977820022
2 11277 11404
2 4716 16371
2 19053 1196
1 11932 -691674407
1 11932 573664102
2 3992 14993
1 11932 -97787789
1 11932 463865672
1 11932 622148602
2 18778 15008
2 15944 14712
1 11932 -144161745
2 12923 19596
1 11932 499538064
1 11932 -455052351
2 10674 6161
2 19010 10725
2 12071 915
1 11932 934260920
2 858 19251
2 9684 3551
1 11932 844960701
1 11932 495909969
1 11932 -533336673
1 11932 716349946
1 11932 555574785
2 17110 17203
1 11932 166582138
1 11932 -648984753
2 7015 17902
2 10242 7258
2 12625 11389
1 11932 -875855508
2 10226 19663
2 2424 3896
2 11967 13541
2 295 13031
1 11932 524578623
1 11932 -981076256
1 11932 245652961
1 11932 339684253
2 13944 8103
2 17054 1583
2 5580 242
1 11932 958851525
1 11932 83300551
2 1639 3583
1 11932 -285181022
2 18239 17712
2 8083 6826
2 3568 13068
1 11932 375522883
1 11932 -304433924
1 11932 -459110700
1 11932 522329206
1 11932 999254545
1 11932 -893828418
1 11932 -778924979
1 11932 385952047
1 11932 -542421532
1 11932 -80434180
1 11932 216327935
2 16150 9406
2 8263 5756
1 11932 428811050
2 19526 3132
2 10869 10724
1 11932 -907307422
2 18935 5780
2 6422 1972
2 16128 3769
1 11932 -496654092
1 11932 -711545799
1 11932 302775172
2 16908 2701
2 12034 19942
2 19923 5606
1 11932 566841186
2 6956 16847
1 11932 -126568634
1 11932 -349266321
1 11932 464406554
2 392 7222
1 11932 519407366
1 11932 -822723868
2 4648 14161
1 11932 -156449699
1 11932 -55607190
2 19325 18441
1 11932 -717719467
1 11932 330351979
2 17200 5940
2 2135 19572
1 11932 -31478893
2 7732 15410
1 11932 852792003
1 11932 86523022
2 10800 1300
1 11932 -851856232
1 11932 -735460323
1 11932 145593167
1 11932 -638613741
1 11932 -568876384
2 12759 4196
1 11932 -885521076
2 17269 9018
1 11932 534140661
2 15964 4922
2 267 4376
1 11932 -50186582
1 11932 -902092233
1 11932 436171156
2 11161 16026
1 11932 -139573868
2 10188 10740
1 11932 -279129175
2 5992 638
2 15351 712
1 11932 -422389319
2 16275 15217
1 11932 -634454279
1 11932 -280680796
2 7440 9121
1 11932 -527838875
2 16385 5435
1 11932 -578456231
2 7814 17586
1 11932 293734259
1 11932 515893887
1 11932 362478490
2 16994 3089
2 1743 7538
2 19294 10672
1 11932 -980825472
2 8981 3171
1 11932 -828852231
2 6044 5982
1 11932 -960358392
1 11932 231283543
1 11932 951144860
2 10661 1997
2 1460 11398
2 19153 9301
2 10437 12742
2 5296 16654
1 11932 690655980
2 3322 8214
2 13722 2197
1 11932 -872713632
1 11932 -915099607
1 11932 -443212092
1 11932 900665798
1 11932 619929163
1 11932 -56690370
1 11932 799504341
2 11335 10958
1 11932 -691017205
1 11932 573531909
2 19010 14674
1 11932 -255553525
2 14348 1595
1 11932 -947173774
2 7305 5119
2 16501 2416
2 11426 13028
1 11932 -265152695
2 12936 7311
1 11932 989698126
2 16882 18951
2 1215 2263
2 13416 5247
2 7415 12937
2 6631 1052
1 11932 599232803
1 11932 281973992
2 8224 15516
1 11932 50738958
2 8784 727
1 11932 -216882650
2 17420 16376
2 6470 10445
1 11932 852439953
1 11932 -978093817
2 3344 240
1 11932 841999022
2 273 17480
1 11932 -805402355
1 11932 -872760123
2 5815 9217
1 11932 804498888
1 11932 -650511122
1 11932 772064503
2 17885 7529
2 4787 10032
2 954 109
1 11932 407528748
2 18983 10937
2 18157 2581
1 11932 -943576553
2 14923 9262
1 11932 -742743045
1 11932 -684724716
1 11932 -799717235
2 5247 2486
1 11932 942170631
2 13153 8029
1 11932 -995245169
2 3539 11872
2 12923 14240
2 667 16225
1 11932 895768431
2 10209 14603
1 11932 -654140893
2 17227 12983
1 11932 -102196957
2 6320 3435
1 11932 986739808
1 11932 -919792427
2 18333 14248
2 1045 4232
1 11932 274290397
2 7967 19739
2 13361 12855
2 10727 11052
1 11932 334719092
2 3825 14656
1 11932 -372543699
2 2244 9615
2 8204 2079
2 10288 1302
1 11932 723401364
1 11932 758678599
1 11932 -600045594
2 13277 19313
1 11932 -984260572
1 11932 343784103
2 11782 6168
2 9015 19604
2 10380 1943
1 11932 513761200
2 1951 15195
2 16822 11067
1 11932 -278323454
2 4836 16150
1 11932 -80604004
2 14023 12740
2 1201 1745
2 1912 7519
2 8668 14544
2 2025 12199
2 9585 18672
2 17302 2687
2 15000 5298
2 5346 1180
2 833 15236
2 3223 7184
2 9969 14989
2 6930 10080
1 11932 -80449885
2 8754 15958
1 11932 -169472081
1 11932 -325978614
2 13181 19867
2 14683 4865
1 11932 -543550521
1 11932 636485398
1 11932 549472681
1 11932 -565392914
2 11011 10406
1 11932 249538276
1 11932 -154484522
2 15365 15020
1 11932 -219331486
2 19638 15731
2 2273 4042
1 11932 -220224916
1 11932 -952353199
2 10782 8272
2 8652 17697
2 14916 18855
2 3885 9559
1 11932 -666179620
1 11932 -956568883
2 13818 15923
1 11932 -376654405
2 18707 783
1 11932 -419663692
2 17350 14802
1 11932 501198806
2 1972 13212
2 6425 495
2 12798 6685
2 6250 3774
2 3292 15082
2 14458 6048
2 8150 13747
1 11932 906955029
1 11932 323117741
1 11932 -730780872
2 17009 635
1 11932 21508275
2 17004 10701
2 12625 16548
1 11932 -593670892
1 11932 -654573437
2 3862 208
1 11932 -373416133
1 11932 913319659
1 11932 601405123
2 6152 2576
1 11932 377318551
2 9194 19510
1 11932 441374702
1 11932 -845656511
2 7132 6274
2 1068 16325
2 7292 13544
1 11932 873162596
2 3239 18774
2 2821 16261
1 11932 859727016
1 11932 -101141143
1 11932 930275792
1 11932 -780597803
1 11932 -960456860
2 11331 7623
2 16256 11856
2 13470 7327
2 9486 8056
2 18650 9148
2 11057 9422
1 11932 382056877
2 7656 19796
2 15598 14100
1 11932 778511465
1 11932 -420692437
1 11932 298561011
2 10936 18092
1 11932 951500552
1 11932 -830882775
2 14415 14937
1 11932 -714539008
1 11932 -943348001
1 11932 -371023906
1 11932 547532864
1 11932 -147681291
2 1356 2331
1 11932 942447802
2 18529 6966
1 11932 -869995993
2 11931 19449
1 11932 751891800
1 11932 -882529159
2 12454 1002
1 11932 60711494
1 11932 -68452348
2 10252 10777
1 11932 824232910
2 1822 11568
2 17492 7882
1 11932 -342465310
1 11932 604868818
2 5372 13145
1 11932 708656263
1 11932 -730884807
2 11132 11233
1 11932 374464066
1 11932 -916329924
2 18087 1671
1 11932 -218224901
1 11932 -508972036
1 11932 674179613
2 11016 8543
2 19212 15264
2 13917 3196
1 11932 -695636564
1 11932 636047801
1 11932 -230193206
1 11932 -820420675
1 11932 749391808
1 11932 -632622109
2 14283 19232
1 11932 276473622
2 16597 11104
1 11932 -64005386
1 11932 -800353536
1 11932 940565354
2 4062 888
2 16300 9030
2 19998 11266
2 19187 7965
2 6480 19376
2 4774 14715
2 9423 212
1 11932 649040390
1 11932 -986391744
1 11932 892842833
1 11932 855584815
1 11932 571460950
1 11932 291028448
1 11932 -465355685
2 16577 2506
1 11932 651483228
2 17155 14650
1 11932 740441977
2 15963 10902
1 11932 372917667
2 6321 11038
2 2913 6675
1 11932 418979729
2 9789 13718
1 11932 -231213011
1 11932 -513680985
2 56 10538
2 18364 14424
2 8362 12370
1 11932 747956498
1 11932 626548158
2 19531 19160
2 12188 7549
1 11932 -150710593
2 15049 11208
2 4043 5710
2 18050 4128
1 11932 -75950151
2 11849 18555
2 11945 2482
1 11932 271216874
2 18367 6353
2 18819 15533
2 15303 16160
2 11293 11485
2 16563 13348
1 11932 -5096452
2 19893 10164
2 18329 6510
2 2238 5971
2 12184 19511
2 6321 8412
1 11932 144893786
2 4972 715
2 5348 14088
1 11932 -232417419
2 19170 10592
1 11932 -724417221
1 11932 78647946
2 3364 19841
2 19894 7927
1 11932 828291288
2 15308 3960
2 10100 2334
2 8169 6735
2 9337 17991
1 11932 705085595
2 8476 580
1 11932 913740123
2 308 18222
2 7172 13328
1 11932 -557659084
1 11932 -795640343
2 13492 14695
2 3896 18906
2 9433 17687
2 4422 8199
1 11932 -837667784
2 9520 3077
2 7131 19979
1 11932 -550897061
2 419 10258
2 16280 2053
2 16330 13624
2 16916 8219
2 12776 19985
1 11932 314801864
2 8522 8848
2 7945 13002
1 11932 -554315350
2 18220 3171
2 8254 13920
2 2626 9378
1 11932 730316961
2 2407 4466
1 11932 -101677500
1 11932 348965513
2 1203 13650
1 11932 884077810
2 19381 430
1 11932 -140610438
2 1262 13468
2 14735 6289
1 11932 -993668103
2 5163 15937
1 11932 310255107
2 5528 15836
2 9076 5177
2 17031 1602
2 10631 15863
2 4082 6780
1 11932 266935098
2 17215 11100
1 11932 -162242812
2 12609 6654
2 19203 16613
1 11932 -166029821
1 11932 715198205
1 11932 325014238
2 4234 13476
1 11932 477969049
2 8309 6447
1 11932 63379212
1 11932 448543867
1 11932 -217354689
1 11932 509750974
1 11932 819722095
1 11932 406402393
1 11932 501755761
1 11932 -780605915
2 2101 17561
2 8515 16144
1 11932 -855683382
1 11932 181990612
1 11932 769023149
1 11932 -554481054
1 11932 188579790
1 11932 -410870753
2 17987 6628
1 11932 -364969210
1 11932 -807620628
2 18180 10271
2 18781 17729
2 4229 14529
2 9719 9261
2 11731 17788
2 5950 10424
1 11932 411565150
2 11895 3658
2 19987 2183
1 11932 223068720
2 4916 4457
1 11932 -978825257
1 11932 926728324
1 11932 986044225
2 2215 14224
1 11932 399986074
2 1613 16046
1 11932 -64168072
1 11932 499478461
2 10717 15491
1 11932 529615330
2 17658 15306
2 17332 4452
2 3028 18156
2 7266 5765
2 7588 7391
2 2594 14474
1 11932 156579047
1 11932 129660756
2 18475 18880
1 11932 788385121
2 18486 12723
1 11932 -898358512
1 11932 -647796868
2 3679 10168
1 11932 206124942
1 11932 348649829
1 11932 581337539
2 7123 8609
1 11932 -698887883
2 14016 17059
2 18787 6991
2 5804 309
2 4893 3781
2 4528 6702
1 11932 220659146
1 11932 -998867597
2 19039 11661
2 14247 14769
1 11932 -735095071
1 11932 694339729
1 11932 -423434357
1 11932 36987851
1 11932 942380184
2 4231 19788
1 11932 528913742
2 1207 16378
2 13974 2671
2 16348 12769
1 11932 -104037512
2 16674 20000
1 11932 -176777101
1 11932 -136206619
2 2798 8764
2 15030 5362
1 11932 -157072443
1 11932 985455285
2 6964 5581
1 11932 -766902066
1 11932 196050920
2 443 4357
1 11932 -63743610
1 11932 -963913099
1 11932 -973775131
2 8890 13539
2 7195 18689
2 18241 16985
1 11932 661961951
1 11932 768177494
1 11932 637199551
1 11932 -452640465
2 4551 2630
1 11932 -936077640
1 11932 526535690
1 11932 162676869
2 12022 19351
1 11932 -608857462
1 11932 323495689
1 11932 -455164075
2 15089 13574
2 4632 10602
1 11932 -684041664
1 11932 -403702201
1 11932 418800127
1 11932 -182367188
1 11932 883770571
2 16390 15251
2 8064 3688
1 11932 -429477724
1 11932 56053536
2 14816 40
1 11932 -239886971
1 11932 -686244373
1 11932 578733361
1 11932 77858555
1 11932 -387208660
1 11932 -784359811
1 11932 493067042
2 15713 17679
2 13135 12038
2 17705 13076
1 11932 -671176764
2 18963 4088
2 17114 18515
2 10641 6775
2 16599 12986
2 6902 13004
2 9646 12118
2 7740 8443
1 11932 -85974371
1 11932 587031031
2 7754 2410
2 8266 18975
2 1420 15147
2 19990 11679
2 7932 10631
2 13833 16408
1 11932 -641819480
2 3366 8764
2 16579 1498
2 7462 13427
2 17003 14331
2 1340 13396
1 11932 741072476
1 11932 -95890972
1 11932 -209824882
2 13634 2805
2 10699 9140
2 13950 7797
2 18869 13232
1 11932 -491466120
1 11932 655053235
2 3271 9093
1 11932 -897680855
2 15298 14332
2 17491 29
1 11932 -794139117
2 15757 15382
1 11932 550283834
1 11932 687409869
1 11932 -590911727
1 11932 -529844825
1 11932 153704255
1 11932 740237766
2 4677 17386
2 17422 16544
2 5564 2184
1 11932 3774989
1 11932 -654328914
2 3127 12381
1 11932 -400037000
2 8152 12480
1 11932 990795287
1 11932 -625988923
1 11932 -708783319
2 8488 4025
2 15376 2122
1 11932 -379004565
2 16831 15844
2 6599 4734
2 4901 16453
2 16896 16106
2 16681 10783
2 5463 17912
2 6411 7662
2 652 12539
1 11932 398307927
1 11932 551855856
1 11932 937755671
2 18465 1827
2 14323 5092
2 6153 11279
1 11932 -384396250
2 1663 5975
1 11932 129355306
2 2554 17960
1 11932 258522542
2 5997 2830
2 16013 6409
1 11932 -828160791
1 11932 -85242181
2 17443 19625
1 11932 -912680376
1 11932 -868578037
2 16397 7381
2 16163 10938
1 11932 415864124
1 11932 -860940638
1 11932 859831737
1 11932 666080827
1 11932 36334613
2 10701 7802
1 11932 -486957743
1 11932 -942523345
1 11932 914162564
2 15032 18140
1 11932 996246854
1 11932 -858940096
1 11932 -282948681
2 13018 15777
1 11932 591915900
1 11932 -211013788
2 12922 18726
2 17940 946
2 13806 5
2 8800 1584
2 12833 10002
1 11932 231677957
1 11932 -218861441
1 11932 -770760244
1 11932 977354540
1 11932 427540223
1 11932 656365908
2 10190 19339
2 18183 13796
2 18809 10840
1 11932 -929137530
1 11932 -687137837
1 11932 -642513035
1 11932 751845095
1 11932 858872196
1 11932 753264597
2 19794 14449
1 11932 -627823330
1 11932 -152330056
2 18896 15167
1 11932 -107681550
2 6832 7607
2 3806 8339
2 18255 9244
2 18504 9836
2 12344 9670
1 11932 -872889117
1 11932 235250511
1 11932 -681393063
2 17996 14762
1 11932 -452039580
2 13069 7692
2 15521 835
2 19772 18432
1 11932 -442107991
1 11932 872547892
1 11932 584597659
2 17111 9146
2 4903 16306
2 8999 11250
1 11932 31341143
2 19919 12893
1 11932 -15038678
1 11932 -556401074
1 11932 265823401
2 3895 19869
1 11932 -334604126
2 2918 4217
2 17262 15559
1 11932 -301660475
1 11932 959998854
2 3976 18915
2 17377 15883
2 19792 4635
1 11932 545037535
2 5091 17229
1 11932 -810648819
2 10093 3938
2 330 5058
2 10475 6955
2 5251 5001
1 11932 -110352404
2 17146 9264
2 13455 18931
1 11932 -166363880
2 17462 4249
1 11932 -396479433
1 11932 -826985473
1 11932 636140424
1 11932 554104230
1 11932 -392191266
2 3613 10970
2 1346 14285
1 11932 -811137630
2 1818 18914
2 16331 9064
1 11932 -68915999
2 3950 11891
1 11932 241265356
1 11932 582585164
2 14148 14123
2 14910 10337
1 11932 -990354569
2 818 7338
2 4508 2568
1 11932 -387132928
2 7252 8444
1 11932 791963273
2 17119 6764
2 3086 10436
2 17610 7669
1 11932 582811161
2 11169 9988
1 11932 611025247
2 1606 14009
1 11932 -661406487
2 13183 13123
2 15000 19943
2 17642 6938
2 13089 8170
1 11932 -802086479
2 18252 19987
1 11932 -683258606
1 11932 820722057
1 11932 89096194
1 11932 398715315
1 11932 728508123
2 10175 6888
2 1646 13866
2 2476 10514
1 11932 -231392393
1 11932 594699510
2 3470 15919
2 17900 7755
2 6001 17056
1 11932 491467107
1 11932 -622658903
2 6493 13800
1 11932 726015739
2 19962 4461
1 11932 -712376943
1 11932 840853533
1 11932 -21970942
1 11932 443567141
2 17501 4622
1 11932 714376685
1 11932 -810128057
1 11932 -360692845
2 15121 5809
1 11932 946986098
1 11932 -104727444
1 11932 -210155530
1 11932 -109737220
2 14768 9745
1 11932 -229676542
2 19830 3832
2 19395 7387
2 8113 4033
2 13418 18624
1 11932 -534948438
1 11932 -679456369
1 11932 -214789751
1 11932 7057075
1 11932 7919445
1 11932 570873907
1 11932 785650723
2 17489 18660
2 10293 12409
1 11932 282212654
1 11932 -439233198
1 11932 707557268
2 17002 5170
2 13984 2504
1 11932 553914514
1 11932 -305778349
1 11932 902178523
2 10142 6191
2 4001 15080
1 11932 947320809
1 11932 166201625
2 13856 19193
1 11932 875115094
2 19712 17604
2 7992 14522
1 11932 782658197
2 14729 7662
1 11932 269893229
1 11932 767862434
2 377 8346
2 371 18101
1 11932 -492201297
2 160 2958
1 11932 189896115
1 11932 -665846496
2 7556 12531
2 1710 2775
1 11932 628863998
1 11932 -219452605
2 12469 13641
1 11932 556002247
2 10276 5740
2 19444 7046
2 15740 11166
1 11932 -16553687
1 11932 4944917
2 3029 4940
2 15552 8667
2 18327 17990
1 11932 -608362457
2 11218 14829
2 17609 18668
1 11932 204710333
2 15356 1231
1 11932 562446878
2 2091 12945
1 11932 480989579
1 11932 160454048
2 12271 5764
1 11932 -681907809
1 11932 -711690483
1 11932 -395038378
1 11932 101626370
2 16267 15898
1 11932 346561254
1 11932 394298363
2 18529 7929
1 11932 -549275657
1 11932 12195724
2 13041 9460
1 11932 519633673
1 11932 407691837
1 11932 574352415
1 11932 -114366332
1 11932 752766610
1 11932 699728629
1 11932 -400759277
1 11932 -592064516
2 9227 9043
2 17691 1811
1 11932 -811529075
2 2958 3869
2 9835 13590
2 18483 13656
1 11932 -394569966
2 18733 10318
1 11932 -174529754
1 11932 412523938
2 12756 12380
2 9571 18644
2 3413 16719
2 12296 2905
1 11932 -488519601
2 16796 11840
1 11932 -892687497
2 6278 8704
1 11932 196142322
2 12241 1207
2 11133 4419
1 11932 123179007
1 11932 230619685
1 11932 335156139
2 12360 2792
1 11932 -140163696
2 19091 19106
1 11932 613649323
2 9416 14468
1 11932 500021346
2 18774 690
2 5324 6555
2 13193 9581
1 11932 -85430757
2 2313 17851
1 11932 -493651330
2 14632 10025
2 8845 5336
1 11932 -769870408
2 5718 3770
1 11932 745034838
2 2350 12910
1 11932 -582518105
1 11932 -127607693
1 11932 461530262
2 13589 3230
1 11932 -849223470
2 18630 4717
2 7463 16365
1 11932 -183496980
1 11932 638056360
2 6995 17726
2 12984 4577
1 11932 610346319
1 11932 -690341747
2 12996 13987
2 10698 19196
2 13705 3492
1 11932 960081389
1 11932 445685118
1 11932 893283487
1 11932 661694142
1 11932 791429166
2 11319 5298
1 11932 387488138
1 11932 -628707224
2 18362 7488
2 18119 3220
2 7058 269
2 18965 16754
1 11932 467019360
1 11932 -434215721
2 8560 2483
1 11932 -167820878
1 11932 -377519792
2 3400 3491
1 11932 -754012633
2 7112 14837
1 11932 908151826
2 11262 4738
2 17566 9425
1 11932 -520865802
1 11932 -19671831
2 13027 738
1 11932 -489367994
1 11932 -72229151
2 11422 18255
2 10600 11108
1 11932 -638790742
1 11932 -894940836
2 3810 12259
2 15800 8870
2 7207 10957
1 11932 -911385688
2 3115 17287
2 9959 1491
1 11932 -948836298
1 11932 -480396829
2 7615 9170
1 11932 -741711884
2 14369 12685
1 11932 416378692
2 19413 17956
2 8947 226
1 11932 -586398988
1 11932 386619436
1 11932 444205254
2 11099 11516
2 16323 17361
2 8198 16461
2 13015 3449
1 11932 612006231
1 11932 -807610351
1 11932 -685377665
2 17357 4749
2 17594 6711
1 11932 -928317338
2 355 14474
2 15304 16531
2 19751 623
1 11932 450509356
1 11932 370667529
2 9143 7179
1 11932 -957985127
1 11932 304959122
1 11932 298409131
2 12526 14563
2 17444 11530
2 6266 17293
1 11932 311766959
1 11932 396281049
2 15560 3453
1 11932 338946200
1 11932 -984242386
2 16678 13191
1 11932 978324803
1 11932 -61749295
2 5833 3488
2 1259 19328
1 11932 -472845425
2 9615 8297
2 12877 2153
1 11932 -952758773
1 11932 -385495017
2 17722 9130
1 11932 691519081
1 11932 -240435842
2 11072 16276
2 5008 13631
1 11932 -915169622
2 12498 91
1 11932 -981574736
2 17741 12356
2 9604 4611
1 11932 -808733743
1 11932 591475782
2 10616 19049
2 64 10400
1 11932 -654295342
1 11932 -517786823
2 13187 2865
1 11932 5986861
2 13771 5207
1 11932 708423552
2 10640 10202
1 11932 828290281
1 11932 783180138
2 5250 15906
1 11932 -417993762
2 4851 11391
1 11932 -381076406
2 8327 6280
1 11932 -469436877
1 11932 608121717
2 14521 4238
2 7249 10088
2 9971 11282
1 11932 -660675351
1 11932 697635912
2 10642 9762
1 11932 -673930487
1 11932 608407988
2 13623 12242
1 11932 -251072444
2 15718 4633
2 10413 15396
1 11932 -724250434
2 7656 2586
1 11932 565792720
1 11932 -35387311
2 3998 12964
2 17231 6490
1 11932 687522560
2 6248 19616
2 3445 303
2 4861 3499
2 4566 1778
1 11932 -210795120
2 782 6467
1 11932 -247944213
2 12353 11254
2 13248 4268
2 841 13709
1 11932 124839342
1 11932 -210311700
2 8069 19659
2 18315 5755
2 141 2831
1 11932 635381533
1 11932 864271143
2 18102 3703
2 7052 19242
2 8318 485
2 293 12346
2 14669 2352
1 11932 14074374
2 13533 17194
2 16726 12513
2 8510 7096
2 19864 8777
1 11932 -858919244
1 11932 -487607171
2 10363 5117
1 11932 636847842
2 10515 12319
2 9425 15182
2 5639 10107
1 11932 748325202
1 11932 546074388
2 14003 9788
1 11932 862918319
1 11932 -298396075
1 11932 105520852
1 11932 -6143634
1 11932 241651435
2 4019 5667
1 11932 -388403990
2 13545 77
1 11932 489252220
1 11932 916137070
1 11932 -166620477
2 177 5902
1 11932 -331897823
1 11932 14349961
2 16639 2850
2 5166 4312
1 11932 -416883424
1 11932 833471288
2 2422 6334
2 10173 743
2 1106 17875
1 11932 638665291
2 19492 12439
2 6019 7358
1 11932 -278002314
1 11932 816616080
1 11932 -198998735
2 528 15117
1 11932 -246591934
2 11001 19918
2 16909 19974
2 16607 10306
1 11932 346948446
1 11932 -632683125
1 11932 131346640
2 13962 1475
1 11932 -125230407
1 11932 -628665133
2 5786 1151
1 11932 644156047
2 15809 13019
1 11932 -32373083
1 11932 25798023
2 9967 19407
1 11932 243680408
1 11932 -375871382
1 11932 -8862515
1 11932 925882020
2 1957 13451
1 11932 116047799
2 16876 4469
1 11932 -359566190
1 11932 837615018
1 11932 -793359867
2 198 16973
2 8402 13633
1 11932 -343142510
1 11932 761602265
2 5624 6608
1 11932 -522195250
2 18758 8600
1 11932 -586550002
1 11932 294838610
1 11932 641788845
2 13410 12661
2 10533 17746
2 4357 1995
1 11932 -850143037
2 11071 19966
1 11932 -816696022
2 11 16080
2 17603 16186
2 16526 3812
1 11932 21690751
2 14875 12962
2 9419 19033
2 19947 8853
2 14561 13185
1 11932 107210218
1 11932 -665774519
1 11932 -497797295
1 11932 -211227916
2 10751 2201
1 11932 -91257389
2 16049 10619
1 11932 -360670697
2 8053 7594
1 11932 -627937367
1 11932 792601191
1 11932 115574332
2 4303 3185
1 11932 473210475
2 8873 9095
1 11932 224115831
2 5502 17519
2 6306 6561
2 8971 15450
1 11932 -711377533
2 2482 18850
1 11932 -365336528
1 11932 855359189
1 11932 -125907764
2 8723 9264
1 11932 337251923
1 11932 231967378
1 11932 264774979
1 11932 787595464
2 10722 2784
1 11932 -113648523
2 12401 6074
1 11932 873953990
2 14457 6343
2 11939 9300
1 11932 664304718
2 5622 18381
1 11932 235205708
2 15630 19457
2 13037 5676
1 11932 149856008
1 11932 718798491
2 14388 14267
2 15900 1313
1 11932 -387690650
2 15595 11646
2 16717 3892
2 16067 3440
2 19871 11658
2 15413 12922
1 11932 -896810773
2 12699 6765
1 11932 402816658
2 8763 1226
2 4999 9114
2 1994 17040
1 11932 -355152252
2 8842 4593
2 95 2212
2 14669 12250
2 2209 13310
1 11932 -995999834
1 11932 -818227649
2 7498 9647
2 11465 4181
2 5187 852
1 11932 -639351872
2 15977 18130
1 11932 932507056
2 16473 16424
1 11932 -899782299
2 18578 10451
1 11932 522161931
1 11932 -837846666
1 11932 -881212058
2 11171 4751
2 2835 13051
1 11932 -313796605
1 11932 404595946
2 13119 10050
2 5545 12240
1 11932 589935752
2 13372 3376
1 11932 335535184
2 13039 12901
2 3935 1036
2 3241 10831
2 11034 14929
2 2869 9548
2 3839 9022
2 5423 19075
2 18089 14497
2 17061 1587
2 12098 2527
1 11932 -109882650
2 12464 16649
1 11932 -743814958
1 11932 -151242811
2 19567 253
2 2516 10036
1 11932 968494658
2 2321 2071
1 11932 528311623
1 11932 -593146892
2 2429 17044
2 10257 11399
1 11932 164672822
1 11932 -243414194
1 11932 516254093
1 11932 219023650
2 13947 19644
2 10486 9684
2 8839 17354
2 19045 2081
2 18222 1841
2 7544 13942
2 5945 15676
1 11932 867061169
1 11932 459220574
1 11932 -268215291
2 19561 13770
1 11932 -72554926
1 11932 -124114414
1 11932 -579627532
2 17635 14753
2 9785 3825
2 16760 13018
2 15200 1957
1 11932 -859602188
2 18475 4006
1 11932 -8912267
2 16905 10010
1 11932 351740784
2 15804 2666
1 11932 530522010
1 11932 -125849229
2 8512 4656
1 11932 -175974547
1 11932 848867109
1 11932 -203359644
2 7323 12030
2 5543 1429
1 11932 541074248
1 11932 279296338
1 11932 458797178
1 11932 -11351297
1 11932 444391465
2 8666 4427
1 11932 -113020690
1 11932 -96972709
1 11932 -499805644
1 11932 -238113828
1 11932 303615048
2 14672 5082
2 15736 17793
1 11932 -739897639
1 11932 813959137
2 11210 6968
1 11932 -601729241
1 11932 -32362391
1 11932 235061392
1 11932 -149220022
2 14510 3195
2 9463 15163
1 11932 -366039391
1 11932 -287555169
2 3212 5073
2 16189 5671
2 4276 12334
1 11932 -1350985
2 3287 7911
1 11932 787585798
2 18294 10080
2 11546 790
2 9335 4756
1 11932 156635441
1 11932 956849590
2 17448 9481
1 11932 862041468
2 5410 9026
2 19278 305
2 16056 10378
2 17099 12579
2 12519 1990
1 11932 473740720
2 6427 9445
1 11932 853935997
1 11932 -691202000
1 11932 174187114
1 11932 767048022
2 18416 7055
2 19805 9117
2 164 13179
2 4612 756
1 11932 -754035982
2 4870 18877
2 17736 17795
1 11932 940233666
1 11932 745096374
2 17062 8167
1 11932 -52454719
1 11932 324895482
2 5691 14005
2 1696 16717
2 362 8244
1 11932 236631587
2 1122 16470
1 11932 42989983
1 11932 -910541804
2 9396 632
2 1357 19567
1 11932 582022498
1 11932 -19707048
1 11932 737034717
1 11932 585004941
1 11932 -357233502
1 11932 35958976
2 10745 17978
2 14057 7015
1 11932 625960838
2 7135 6668
2 15223 3537
2 8023 13476
2 18789 6570
1 11932 439802605
2 417 19292
1 11932 -869655977
2 14738 7677
1 11932 -590058023
1 11932 -409321309
1 11932 264134798
1 11932 -633475246
1 11932 -34668654
1 11932 -595494983
1 11932 151387746
2 11242 11439
2 17468 96
1 11932 287512794
1 11932 347335287
1 11932 78864226
1 11932 -859725032
2 4860 13775
1 11932 778803274
2 17422 14486
2 3617 2860
2 11643 14583
2 11625 4844
2 1790 11250
1 11932 569660933
2 18331 10398
2 11021 19588
2 6267 224
2 5412 4570
2 16365 4408
1 11932 179740434
2 11364 15477
1 11932 -115287388
2 17418 9848
1 11932 -175851031
1 11932 834251231
1 11932 436141722
1 11932 -882438641
1 11932 -293807274
1 11932 925207804
1 11932 -535869920
1 11932 31043024
1 11932 527692072
2 2528 14964
1 11932 320944775
2 7436 16223
1 11932 373544944
2 12397 1791
1 11932 207493390
2 6571 174
1 11932 -795587630
1 11932 71284888
1 11932 -194571468
2 13182 7799
2 16969 3789
1 11932 136631043
2 17710 13041
2 7466 2771
1 11932 -590643061
2 5180 7655
1 11932 228002966
1 11932 283921640
1 11932 890884435
1 11932 -359624884
2 11905 10128
2 12160 11812
2 2325 17750
1 11932 -236817947
2 8997 9349
1 11932 877264165
2 16247 11066
1 11932 -575299603
2 6414 5718
1 11932 -339624454
2 730 11894
1 11932 -120510385
1 11932 -783742187
2 15779 26
2 685 6628
2 17030 19068
2 12836 16013
1 11932 626994721
1 11932 811312125
2 11547 12466
1 11932 -257576325
2 7872 19298
1 11932 -568309551
1 11932 577706242
1 11932 -104595321
2 14942 15101
2 6721 13979
2 9406 6131
2 18208 1961
1 11932 258529662
1 11932 -685631346
1 11932 -474167512
1 11932 -412731388
1 11932 537607890
1 11932 -145456561
1 11932 -992461631
1 11932 -236217281
2 10608 8233
2 9402 11517
2 251 8520
1 11932 487721721
2 6188 252
1 11932 756417567
1 11932 -593216148
2 10366 19847
1 11932 726722259
2 2500 2134
1 11932 -448522361
1 11932 407300222
2 2030 828
2 10613 2373
2 7367 15302
1 11932 -472824789
1 11932 449030823
2 5795 10412
2 18323 5400
2 3503 9385
2 13860 3539
1 11932 -220158217
2 5034 9431
1 11932 358064949
2 7281 12878
2 8428 141
2 16282 10891
2 16680 5280
2 6948 15512
2 7309 16404
2 7630 18464
2 14848 11720
1 11932 326489710
2 19384 6406
2 10355 17653
2 3590 13319
1 11932 -716229571
2 19839 18865
2 2883 13288
1 11932 498616797
1 11932 264649120
1 11932 -559563938
1 11932 -341217492
2 4271 15337
1 11932 -453985153
2 10035 1102
1 11932 -181439545
1 11932 -249687520
2 6860 2928
2 14983 16762
1 11932 -253971458
2 15518 13328
1 11932 74256010
1 11932 999089268
1 11932 947460719
2 19494 13225
2 6839 18664
2 8870 9365
2 14505 13851
1 11932 -244156627
1 11932 599339251
1 11932 507687221
2 4248 7019
2 10074 16463
2 468 14471
1 11932 435028940
2 9218 7120
2 2 12760
2 13039 11442
1 11932 566436587
2 15692 16379
1 11932 -484836256
2 15925 494
2 1026 6924
1 11932 -958003578
1 11932 177171335
2 8055 19479
1 11932 -848552443
2 8555 22
2 4377 1955
1 11932 -382594432
1 11932 49142277
2 17866 5666
2 5208 16558
2 14472 2345
2 11793 4344
1 11932 623451342
1 11932 433763432
1 11932 -674179943
2 6098 13425
2 17431 10522
2 8622 18439
1 11932 693344125
1 11932 -309001840
1 11932 173668107
1 11932 -610269046
2 7760 6154
2 5105 10729
2 3554 4673
1 11932 37508720
1 11932 -277720877
2 6163 6873
1 11932 -190401532
1 11932 280367619
2 11553 15639
2 736 13398
1 11932 -821717944
1 11932 941504954
2 3392 11919
1 11932 126498672
2 15386 10896
1 11932 152696081
2 13325 9502
1 11932 164586345
1 11932 598545119
2 4028 9139
1 11932 -665354338
2 19907 13927
2 12844 7205
1 11932 348993644
2 6871 11873
2 6244 185
1 11932 -319875249
1 11932 -419942259
1 11932 635482403
2 12882 11018
2 16067 5360
1 11932 -424113642
1 11932 -664312842
2 8894 4199
1 11932 -64073815
2 11902 17389
2 5502 11668
2 12206 7192
2 4176 2361
2 3896 16883
2 17989 1038
1 11932 16579936
1 11932 331200055
1 11932 290862121
2 8580 6751
1 11932 -339546981
1 11932 92398186
2 14944 6065
1 11932 741050202
2 15409 3768
2 15299 15934
2 9192 13175
2 4102 4753
1 11932 976326636
1 11932 485874293
1 11932 -623882716
1 11932 -869264937
1 11932 -129559017
1 11932 -411585237
2 101 6415
1 11932 -632689295
1 11932 434000055
2 13491 17886
1 11932 36904505
1 11932 153694120
1 11932 -487299159
1 11932 505111611
1 11932 -858955258
2 16676 10003
2 13960 19205
2 6776 1736
2 59 13134
1 11932 35634422
1 11932 406460789
1 11932 307115580
2 12884 3396
2 3079 19603
1 11932 -26421678
1 11932 453749040
2 6604 5831
1 11932 -929812693
1 11932 294301529
1 11932 -350889452
2 10139 11469
2 14479 7331
1 11932 38776126
1 11932 -315066803
2 19169 14882
2 7633 16491
1 11932 337973364
2 19952 3028
1 11932 729443143
1 11932 -457520414
2 871 12002
1 11932 153003368
1 11932 -179658133
2 46 13773
2 14180 15121
2 17210 13795
1 11932 -53218592
2 14031 2747
2 5534 11573
2 822 3308
1 11932 701675752
2 19895 2278
2 15354 7908
2 9057 15747
2 1771 18347
1 11932 942050681
2 4519 5113
2 17382 17553
2 13810 243
2 7748 7411
1 11932 4652851
2 13763 9598
1 11932 -857444127
2 16043 2197
1 11932 966504220
1 11932 -628295963
1 11932 -365644850
2 16261 15347
1 11932 -443771809
2 14345 13815
2 17884 608
2 12318 19515
1 11932 726404094
2 9848 19280
2 14116 7603
2 19518 5614
2 2397 8825
1 11932 -994947811
1 11932 -821502478
1 11932 9598857
1 11932 198100464
1 11932 926353125
2 8684 8352
1 11932 902376824
2 10606 2124
2 14565 10840
1 11932 -561454603
1 11932 -418126669
2 18633 9208
2 16705 4190
1 11932 -553008213
2 6696 16698
1 11932 -483851634
1 11932 960373695
2 19369 195
1 11932 -699626243
1 11932 244032908
2 17855 10220
1 11932 -125992656
2 15856 4737
1 11932 -594089405
2 2679 9757
2 1560 8793
2 4689 18948
2 19341 4864
2 1528 11745
1 11932 81365906
1 11932 -950782424
1 11932 654192159
2 2074 7192
2 77 11943
2 6922 13126
1 11932 -629064953
2 10312 13999
2 1488 12771
1 11932 -177254391
1 11932 585569433
1 11932 -269872269
2 8281 12593
2 12400 12475
1 11932 6731614
2 19776 2395
1 11932 63805227
1 11932 -545793720
2 8024 19674
1 11932 342205993
2 10065 13007
1 11932 -989934269
1 11932 -941354848
2 3581 14827
1 11932 523246687
2 18360 12336
2 13621 9780
2 13891 16652
1 11932 -226447529
2 996 6438
2 2774 15379
2 9156 1859
2 16211 2190
1 11932 -978321124
2 10015 15645
1 11932 -486443201
2 17254 9710
1 11932 613841398
2 2262 1678
2 11303 726
1 11932 664064563
1 11932 847149925
2 19635 7896
1 11932 -61027762
1 11932 408230294
2 19238 8618
1 11932 825281327
1 11932 563006610
1 11932 408162094
1 11932 196662427
1 11932 -749708612
1 11932 -539143694
1 11932 -486514898
2 2303 16283
2 8575 9531
2 8866 12923
1 11932 -624571380
2 11440 12044
1 11932 -297646458
2 1447 8221
1 11932 764403481
1 11932 -657839787
1 11932 -588123035
2 10625 6958
2 6988 6435
1 11932 -405848969
2 9153 7645
1 11932 328691397
1 11932 -456219275
1 11932 588896706
2 4487 14592
2 7136 212
2 5163 5578
1 11932 737978961
1 11932 944143957
1 11932 -940105349
2 16316 3893
1 11932 334338381
2 227 4866
2 12719 19007
1 11932 14522707
2 13738 15905
2 11199 6573
1 11932 -824712547
2 11397 17167
1 11932 559709124
2 17690 18627
2 12001 14999
1 11932 -839705044
1 11932 -274927132
2 14786 11960
1 11932 245491922
2 16623 2118
1 11932 -155389887
1 11932 777822419
1 11932 597857902
1 11932 -916509262
2 13349 16772
2 19803 16341
1 11932 152041545
2 19300 9846
1 11932 293057768
2 17834 15469
2 12677 1527
1 11932 -420690637
1 11932 -172765047
2 1646 15194
2 14498 7190
2 8628 12381
1 11932 -297407035
1 11932 -182880567
1 11932 23727455
1 11932 -841424477
2 113 7842
2 11578 1597
1 11932 853210201
2 9982 13005
2 19731 95
1 11932 706593682
2 11828 10328
2 8061 12798
2 7872 14040
2 5790 8095
2 9873 15373
1 11932 356425856
1 11932 -629318268
1 11932 -73019818
1 11932 -805289312
2 2827 2998
1 11932 -98322674
1 11932 784525154
2 2319 1894
1 11932 818095060
2 6793 1831
2 10410 17736
1 11932 779186696
1 11932 519756742
2 11868 6012
2 10229 10819
1 11932 -837021090
1 11932 -302065065
2 2347 480
1 11932 -425453825
2 19735 6218
2 1822 14067
1 11932 -485430387
1 11932 514338315
1 11932 -417712727
2 7509 1029
1 11932 578273258
2 8176 16121
1 11932 23131555
1 11932 680660423
1 11932 -576326024
2 374 7595
1 11932 657119670
2 16716 19457
2 6942 4187
2 13926 16901
1 11932 -187629623
2 6889 3137
1 11932 -28948455
1 11932 581653393
1 11932 41627039
2 5520 7957
2 9940 6818
1 11932 -812410931
1 11932 -72070351
2 17118 7922
2 15707 2252
2 146 3761
1 11932 -366736093
1 11932 55629472
2 1231 341
1 11932 575315953
1 11932 -618558790
2 12322 12610
1 11932 -849094283
1 11932 -868398380
2 17627 1333
1 11932 -370566541
2 16921 1398
2 4091 5149
1 11932 977422845
1 11932 -821473394
2 4825 8471
2 1884 726
2 13026 14366
1 11932 363019492
1 11932 580657323
2 1723 12479
2 1177 1396
2 963 1813
2 2717 11014
2 15693 4500
2 15637 12795
1 11932 879036236
1 11932 723535973
1 11932 -251400474
2 19799 17163
1 11932 -613931366
2 12338 13199
1 11932 -850801717
1 11932 792122523
1 11932 -541578066
1 11932 603076099
1 11932 -344144651
2 16081 16037
1 11932 667459710
1 11932 463925741
2 2705 16536
2 19326 13305
1 11932 250932707
2 16784 9402
2 18189 3920
2 11201 1717
1 11932 374563708
1 11932 535998853
2 18629 7477
1 11932 821822403
1 11932 29143193
1 11932 -610465410
2 14809 13716
1 11932 -663965566
1 11932 -749287134
2 13365 16941
2 19299 7425
1 11932 -426813787
2 5452 3825
2 10941 16386
2 538 12294
2 10871 12953
2 9755 12011
1 11932 -221424861
2 3714 16448
2 18487 8017
1 11932 736152452
2 11214 6177
1 11932 765977811
1 11932 994206255
2 5481 14757
1 11932 -703909999
2 6947 1586
2 16103 11436
2 2911 8587
2 17885 16201
2 4445 7879
1 11932 -757336734
1 11932 12768205
1 11932 467062656
1 11932 653786286
1 11932 202967144
1 11932 546883119
1 11932 -878256210
2 2587 13747
1 11932 -680578531
2 19864 11428
2 12166 15381
2 3635 4072
2 6823 9907
1 11932 -748623270
2 10873 17769
1 11932 690618981
2 17905 836
1 11932 -615492973
1 11932 100160716
1 11932 -630183236
1 11932 -139179
1 11932 35704511
2 3938 14681
2 19870 4478
1 11932 738371238
1 11932 137441308
2 18736 17710
2 12116 5146
2 13809 15752
1 11932 364258258
1 11932 484505354
2 12083 11630
1 11932 -516062165
2 19920 7311
2 17655 917
1 11932 -356117040
1 11932 563222802
2 14497 889
2 16604 17065
1 11932 -382677789
2 18426 4590
1 11932 -878667960
1 11932 849166297
1 11932 -177738724
2 10243 578
2 7204 15465
1 11932 585881006
1 11932 -122159180
1 11932 -726297787
2 15127 12570
1 11932 -844672467
1 11932 800170949
1 11932 -212247920
2 13114 2018
2 2392 1777
1 11932 26926404
1 11932 -973565215
1 11932 -44531420
1 11932 817288514
2 16313 3105
1 11932 546824995
2 15449 2049
2 6878 10549
2 14590 12339
2 4128 9956
2 3225 13637
1 11932 352696637
2 1263 8095
2 4817 3116
2 419 4982
2 12421 16880
1 11932 806628873
1 11932 67307772
1 11932 641592887
2 11763 4552
2 16631 2768
1 11932 385933788
2 5078 12345
1 11932 962642795
2 1967 1906
2 17511 18491
2 16222 8012
1 11932 -138694075
1 11932 -528838904
2 1771 10512
2 14026 18494
1 11932 -746126241
2 8731 7536
2 9895 18768
2 7932 5456
2 7023 1296
1 11932 783656880
1 11932 -600659534
1 11932 -780910100
1 11932 232884735
1 11932 -395967400
1 11932 -266817016
1 11932 234817110
2 5033 13011
2 929 16814
2 9029 2085
1 11932 -62612856
2 727 18823
1 11932 674043833
1 11932 257745413
1 11932 229770845
1 11932 -531963402
1 11932 792194689
1 11932 -877279829
2 16222 14179
1 11932 280176508
2 4655 15512
2 16752 9742
1 11932 339959582
1 11932 342330289
1 11932 -237881731
2 10110 10696
2 2605 1686
1 11932 534026816
1 11932 -769730830
2 18146 7503
1 11932 -329644809
1 11932 -253972889
2 3007 5513
2 17599 4168
1 11932 -676705526
2 15335 2280
1 11932 846171221
1 11932 478227437
1 11932 -13700185
2 486 4952
1 11932 376864296
1 11932 342689641
2 12915 8112
1 11932 -484953926
1 11932 173991451
1 11932 726662015
1 11932 377732619
1 11932 146990760
2 18878 5154
1 11932 -127514705
1 11932 -770332310
1 11932 766640594
2 2397 16718
2 8838 3882
2 7275 4905
1 11932 460805807
1 11932 -758642778
2 4854 10377
2 8706 2522
2 16782 3986
1 11932 319720151
2 18466 15405
2 1787 2647
1 11932 -768645761
1 11932 222508115
1 11932 108400028
2 10014 14826
1 11932 613144098
1 11932 -760796519
2 15368 13835
1 11932 -232914853
2 11676 12055
1 11932 -535843856
2 15679 9132
2 13469 16360
1 11932 -681182650
2 13796 15841
2 11916 8835
1 11932 -224042863
1 11932 114204093
1 11932 590216469
1 11932 -162922438
1 11932 -501691570
1 11932 -507570952
1 11932 -975770832
2 3847 9965
2 4541 6145
1 11932 -616075284
2 16665 7364
1 11932 -605715535
2 19277 18872
2 5642 12970
2 15284 948
2 19018 5299
2 2804 10380
2 2624 8298
2 16346 19379
2 3568 12697
2 6038 2973
1 11932 919525672
1 11932 -627899922
1 11932 71991127
1 11932 479813431
1 11932 41641221
1 11932 -988905248
1 11932 -47139071
2 3491 15213
2 14538 18383
1 11932 -892426358
1 11932 354405058
1 11932 -552488300
2 10950 8914
1 11932 -173688313
2 785 3201
2 18285 1741
2 11457 15285
1 11932 -865369331
2 5738 11681
1 11932 497710537
2 18239 1592
1 11932 -752074804
1 11932 -379402229
2 14937 868
1 11932 134330549
2 19137 16564
1 11932 -459563980
2 16789 3177
1 11932 -331006467
1 11932 -728606021
2 10526 6001
2 9028 13571
2 3795 17580
2 15274 6703
2 662 16795
2 15462 664
1 11932 230756801
1 11932 -831409106
1 11932 141708773
2 9429 187
1 11932 760806146
2 8936 17241
2 16292 18929
2 10439 1258
2 5585 14467
1 11932 205158188
1 11932 -536889289
2 2167 17482
2 9969 8893
2 6199 2529
1 11932 -983042968
2 3996 791
1 11932 670532274
1 11932 950793182
1 11932 -518819214
1 11932 -95209634
1 11932 -321439869
1 11932 134496550
2 11755 11499
1 11932 695852566
1 11932 -374609384
2 12213 2283
2 10264 4125
2 17687 4492
2 15182 113
1 11932 227916105
2 1216 16335
2 7783 2545
1 11932 593590306
2 18873 2741
1 11932 -675256682
2 13442 7109
2 1646 19419
1 11932 768377917
1 11932 997190614
1 11932 -266632736
2 16315 13731
1 11932 242180399
2 15 19277
2 6801 11882
2 12314 13425
2 18613 2113
1 11932 -169014607
2 4331 9323
2 14785 6700
1 11932 282644777
1 11932 -229754713
1 11932 471819717
1 11932 791088144
2 5191 5258
2 8368 16388
1 11932 381457374
2 12509 17906
1 11932 479939208
1 11932 281785275
2 8236 17103
1 11932 630491565
1 11932 436392814
1 11932 -717818367
1 11932 690961314
1 11932 284801944
1 11932 434615124
2 12796 14439
1 11932 -458345795
1 11932 -522385473
1 11932 -651932669
2 10184 17747
2 12204 15928
1 11932 296630415
2 9425 1505
1 11932 368280068
2 8453 9228
2 1949 2224
2 14791 10781
2 957 5824
1 11932 687827963
1 11932 -198238664
2 12358 17329
2 2875 10039
1 11932 -689755905
2 6582 15338
1 11932 952667379
1 11932 159552998
1 11932 -172314439
2 8057 16787
1 11932 461639041
2 9574 4255
1 11932 289844524
1 11932 -273372403
1 11932 -472558380
1 11932 -399193421
2 7454 18324
1 11932 -102658130
2 321 4938
2 19085 15466
1 11932 928003910
1 11932 -392220007
1 11932 -891111718
1 11932 455106086
1 11932 365349619
2 14693 381
1 11932 -998041753
1 11932 382557737
1 11932 -950107747
2 13995 17876
1 11932 -321174867
1 11932 825914015
1 11932 -200583798
2 2381 10748
2 8114 4039
2 11639 14406
2 12507 19985
2 15425 6208
2 6135 13204
2 17694 11836
2 17349 6569
2 9595 12497
2 13184 1104
2 10457 11673
2 4079 15905
1 11932 -65948149
1 11932 827545049
1 11932 370256992
2 9428 13421
1 11932 -236021626
2 15097 7985
2 3231 16442
2 10686 16937
1 11932 -904659978
2 13280 2592
1 11932 -806392937
2 3813 16772
2 10992 12458
1 11932 -733000272
2 7386 2245
2 6591 15021
2 16162 8689
2 14137 6978
2 13723 12206
2 2151 10285
2 2913 11833
1 11932 402058395
1 11932 442662556
2 16456 13925
2 8319 12164
2 16791 15845
1 11932 -397338626
1 11932 749840190
1 11932 395255482
2 8764 13325
2 14912 174
2 2936 1783
2 3903 14161
2 14816 9944
1 11932 -316455551
1 11932 -837111333
1 11932 617966288
2 11503 18976
1 11932 411826412
1 11932 -978116737
1 11932 -640255293
1 11932 301511110
2 6901 5476
2 10311 9866
1 11932 641315391
2 18242 16420
1 11932 -85806273
2 18749 498
1 11932 37157187
2 16901 12635
2 17836 7155
1 11932 326416042
1 11932 725896773
1 11932 -734221629
1 11932 -795445296
1 11932 -798815262
2 3416 6580
2 3356 12471
2 6669 8184
2 22 9576
2 16597 8095
1 11932 -381769733
1 11932 -408515333
1 11932 108295506
1 11932 220471635
1 11932 184850556
1 11932 -468033594
2 10985 7091
1 11932 114050745
1 11932 -562205998
2 6499 9806
2 17384 16892
1 11932 996910340
1 11932 331546197
2 12028 3179
1 11932 425425237
1 11932 -124295760
2 2381 6568
1 11932 164469446
1 11932 -217667274
2 14218 4164
2 8461 10408
1 11932 14630471
2 7527 19146
2 15434 17238
1 11932 433840712
2 4813 350
2 17019 12779
1 11932 -565052498
2 7566 9958
2 14508 7243
2 8511 12880
2 11332 6369
2 18735 9293
1 11932 691388070
1 11932 919068154
2 19128 17245
1 11932 505141661
2 8870 14615
2 1251 4188
1 11932 -796733937
2 1541 3984
2 13171 9728
2 5129 2472
2 1185 19950
1 11932 -646511134
1 11932 745834738
2 1684 3064
2 17128 15068
1 11932 12961481
2 15917 4375
1 11932 -524261828
2 11895 4303
1 11932 -30351262
1 11932 66777539
1 11932 986337758
2 17872 7527
1 11932 -526782485
1 11932 -411514268
2 1218 2318
2 16332 9129
1 11932 -948695726
2 208 360
1 11932 -773910819
2 17044 4985
2 13056 687
2 3557 8767
1 11932 925628385
1 11932 -705045589
1 11932 91691082
2 8296 4843
2 2300 14508
1 11932 517078129
2 4217 9461
1 11932 517687918
2 19882 7874
1 11932 -700350659
2 19251 15489
2 4726 12021
1 11932 -642865279
2 9003 15522
1 11932 651963099
1 11932 221249126
2 19471 15322
2 2231 6516
1 11932 124432832
1 11932 -501870148
2 16430 1126
1 11932 -560446467
1 11932 -943839994
1 11932 -635107664
1 11932 -742702426
2 10151 121
1 11932 -326777823
1 11932 -32580995
2 19978 17273
1 11932 684989012
1 11932 -396717082
1 11932 491871754
1 11932 -183651763
1 11932 -368219077
1 11932 987781488
1 11932 -995637595
1 11932 582759814
2 19434 1606
1 11932 -234271670
1 11932 -273237862
2 16920 2896
1 11932 266084231
2 14365 18087
2 15218 19072
1 11932 -514037902
1 11932 -213455738
2 97 7662
2 11070 18622
2 5532 1706
2 7774 14832
2 11170 2373
2 3890 11964
2 2187 4458
2 3959 7066
2 12272 13670
2 10825 9407
2 2502 17837
1 11932 993903126
2 302 9856
2 17164 8892
2 12416 8721
2 347 3837
1 11932 999736577
2 4009 1230
1 11932 521574829
1 11932 725451119
1 11932 -826890093
2 19178 10759
2 10203 14601
2 4582 9208
1 11932 713636870
2 11718 10020
2 9460 8719
2 1003 19142
2 15320 10739
1 11932 -40985747
2 18343 8114
2 11009 18381
1 11932 886814919
1 11932 -398837647
2 3509 5330
1 11932 -667654362
2 15917 3595
1 11932 153151287
2 3718 3622
1 11932 351772795
2 12755 9769
2 17696 3824
2 19221 891
1 11932 729477906
2 8787 8466
2 6241 11485
2 19109 11225
2 11987 2995
1 11932 693300230
2 1679 10192
1 11932 657560258
2 11654 12493
1 11932 -750954161
2 3854 12071
1 11932 291271516
2 9885 6473
2 11838 18502
2 8575 6984
2 4505 6230
1 11932 75515529
1 11932 834834654
2 11244 5779
1 11932 -680866632
2 15460 479
2 12879 5720
2 17583 9520
1 11932 234380033
2 17960 17789
1 11932 -364439321
1 11932 952947862
1 11932 452067818
1 11932 -840083440
1 11932 -307357610
2 9628 10439
2 7285 5349
2 18086 17757
1 11932 -632705439
1 11932 516261822
1 11932 -161777968
2 6999 19695
2 5833 2616
1 11932 -611940656
2 11959 18037
2 7765 4957
2 5440 10359
1 11932 462013578
2 429 1210
1 11932 126630890
2 16826 17258
1 11932 694405986
1 11932 -879225547
2 13882 8515
2 5889 11335
2 14666 5210
2 7224 6056
2 7806 11506
2 7263 658
1 11932 283854448
1 11932 565711020
2 15681 520
1 11932 489730064
2 2968 4022
1 11932 -470366241
1 11932 -280303196
2 12731 19626
2 10211 426
2 14720 8734
1 11932 764936664
2 17584 10888
1 11932 -16193020
1 11932 765884880
1 11932 -80837349
2 12886 8329
2 17301 7570
2 11384 9875
2 116 14578
1 11932 -474423783
1 11932 366656384
2 16769 16945
2 15817 17894
2 16531 19652
1 11932 752790362
2 18810 854
2 15208 9253
1 11932 168714535
2 11942 4505
2 7052 1452
1 11932 -938561631
2 14239 8775
2 13945 8859
1 11932 -475615615
1 11932 475792244
2 10524 453
1 11932 -166706943
2 15791 17951
1 11932 -961047955
2 18626 9865
1 11932 -585580248
1 11932 93974274
2 15935 16972
1 11932 675431031
1 11932 659370227
2 19798 15248
2 19027 17314
2 16482 14243
1 11932 108436085
2 10950 3437
2 3393 2701
2 14522 8824
1 11932 -734068393
2 4452 5860
2 588 4278
2 13552 19800
2 17356 2713
2 11483 7152
1 11932 653258817
1 11932 -123958854
1 11932 754327185
2 16647 10253
2 16923 7589
1 11932 -270036702
2 18964 11761
1 11932 -24478738
1 11932 116050065
1 11932 350795257
1 11932 -62602507
2 5692 17067
1 11932 836913853
1 11932 127954737
1 11932 -201183620
2 11603 3363
2 979 16811
2 15529 3167
1 11932 -221249595
2 12387 17263
1 11932 -609084688
2 11949 18698
1 11932 -76658094
1 11932 113154470
1 11932 -736210319
1 11932 -889126285
1 11932 -527825489
2 3555 19404
1 11932 -295128271
1 11932 -966739238
1 11932 175105391
1 11932 493207742
2 19689 6987
1 11932 -552136272
1 11932 -441325086
2 17508 6463
2 9839 15599
1 11932 -389010533
2 9581 130
2 7071 14271
1 11932 105501947
1 11932 86790145
1 11932 908936558
2 15769 8969
1 11932 876467049
1 11932 71101021
1 11932 -550759534
1 11932 235030386
2 7218 9894
1 11932 -606968694
2 18992 9762
1 11932 -37128644
2 10273 9220
2 10382 16075
2 13890 17238
2 16360 9808
2 11175 1059
1 11932 570182456
1 11932 272960043
2 13642 6068
2 6627 2196
1 11932 -226587177
1 11932 -470879860
2 10068 2195
2 16994 6478
2 8563 19776
1 11932 -474720234
2 18593 19269
2 5698 2459
2 16781 11501
2 3465 7342
1 11932 -367234289
2 5345 17362
2 6760 6593
2 6833 8807
1 11932 418183368
1 11932 -618785750
2 1867 13105
2 5402 13512
2 9065 6877
1 11932 875880830
2 10119 9410
1 11932 18718129
2 3866 7596
2 19774 9563
1 11932 874726771
2 11385 1637
2 12187 6657
2 14566 15399
1 11932 -895018328
2 6025 18435
2 9043 12180
2 6174 12388
2 1752 15591
1 11932 -120590111
1 11932 -31425872
1 11932 -98308515
1 11932 521991711
2 2877 7220
1 11932 497186199
2 13211 12460
1 11932 -761978125
2 1683 10292
2 14105 14369
1 11932 -970258419
1 11932 878907758
1 11932 -735765102
1 11932 -716856289
2 12086 15401
1 11932 -847329989
2 13430 18299
2 11320 13391
1 11932 -967350373
2 1773 11435
2 14608 19687
2 8186 2716
2 8000 18026
2 16204 14101
1 11932 -7959601
1 11932 374606562
2 17555 4523
1 11932 -115593049
2 8784 16306
2 18881 11382
2 10244 4423
1 11932 983843033
2 9209 15862
1 11932 956773822
2 12754 442
2 19295 4958
1 11932 -916309506
1 11932 -907123660
2 5172 983
2 8691 16270
2 19576 3076
2 17135 6329
2 12592 11145
1 11932 -343536295
2 8032 7583
1 11932 775963112
2 6041 5123
1 11932 -542912475
2 3773 12782
1 11932 282342995
2 9890 11615
1 11932 -530380281
2 10816 19332
1 11932 -205432550
2 11219 2165
2 4759 1776
1 11932 -599524516
1 11932 -954309843
2 10356 7239
2 6942 917
1 11932 593337780
2 15611 7291
1 11932 403288761
1 11932 50901383
1 11932 -523134208
2 5522 14667
1 11932 -144118058
2 8169 6448
2 19900 2990
1 11932 -48498620
2 10110 17683
2 13234 10956
2 1217 4571
1 11932 153885665
2 7257 3873
2 9426 11624
2 14142 6047
1 11932 951076601
2 4999 7023
2 13798 19108
1 11932 203932302
2 1005 6729
1 11932 471550503
2 15044 16804
1 11932 -519473707
2 2297 6274
2 19948 6501
2 282 14723
2 12298 3919
2 6740 11146
2 6123 16581
2 10346 13502
1 11932 -88414177
2 1951 8774
1 11932 718556217
1 11932 -170358974
1 11932 -866972284
2 12338 13513
1 11932 -955276900
1 11932 -928640888
2 2008 7565
1 11932 561984447
1 11932 791433462
2 8351 8003
2 9921 1869
1 11932 -190415153
2 14619 9800
1 11932 -618810275
2 1204 1435
2 7630 18190
2 4247 19528
2 13829 7363
2 19085 6452
2 10571 14483
1 11932 -673173281
2 4971 9138
2 14745 3099
1 11932 273912282
2 18269 3293
1 11932 -15381502
1 11932 318954407
1 11932 -52546208
1 11932 950099719
2 5310 18042
2 4849 14897
2 2149 11800
2 1560 9105
2 15837 6914
2 2688 821
2 3937 5045
1 11932 -452227216
1 11932 787380101
2 1464 18946
2 6421 13162
1 11932 -849546912
1 11932 -203456906
1 11932 -891554041
2 19164 9973
2 7358 1785
2 9681 4118
1 11932 -150757100
2 4219 7036
1 11932 495503111
1 11932 -877494617
2 6886 3808
2 14626 6601
2 5000 10005
2 11451 2134
2 18992 6718
2 13616 14333
1 11932 77197811
2 16065 697
2 12198 3924
2 15012 10857
1 11932 549737
2 16563 16394
2 14902 18575
1 11932 -451277328
1 11932 214501286
1 11932 433591160
2 16598 9094
2 4762 13868
1 11932 -260689187
1 11932 952584334
2 744 8777
2 10878 9414
1 11932 353535862
2 101 14813
1 11932 291428136
2 5574 1635
1 11932 34070708
2 5874 4070
1 11932 -942166978
2 7780 5962
2 5337 8798
2 1953 12326
2 8145 14003
1 11932 918310196
2 18949 1757
1 11932 601534557
1 11932 -586180430
1 11932 -404306251
2 6299 5220
1 11932 500624218
2 5220 13934
1 11932 -162736595
2 17300 10158
2 10128 7100
1 11932 -468788069
1 11932 -605168151
2 17639 19790
1 11932 -427212477
1 11932 981772383
2 9897 11657
2 17230 15034
2 13665 8393
1 11932 -762954830
1 11932 66967506
2 3028 1126
1 11932 601913341
2 9802 807
1 11932 -191369071
1 11932 536814058
1 11932 729846600
1 11932 -380794922
1 11932 -546930332
1 11932 7358080
2 9792 2199
1 11932 -946315506
2 2826 15609
2 16059 16715
1 11932 -798838706
2 16769 19875
1 11932 -8587623
2 7959 3659
1 11932 -187385409
1 11932 -161604347
2 17085 1417
1 11932 -448533852
2 8875 8484
1 11932 -734274565
2 10782 19933
2 10693 3499
2 4240 3341
2 17263 12817
2 18447 14372
1 11932 -982656035
2 7602 18791
1 11932 -416447135
1 11932 -384700028
1 11932 -465418
1 11932 255865682
2 6248 11401
1 11932 506902866
1 11932 -490369529
1 11932 -449807172
1 11932 -738957846
2 7717 14251
1 11932 222096876
1 11932 43103653
2 14959 6031
2 3034 17475
1 11932 216060857
2 17556 14708
1 11932 115101088
1 11932 782097768
1 11932 78300960
1 11932 -962164750
1 11932 -146357016
2 18392 6573
1 11932 -584422654
1 11932 -253127713
1 11932 642347404
2 5110 3787
1 11932 -840838645
1 11932 438576402
1 11932 -617765960
2 10084 6096
1 11932 -109683858
2 4369 16553
1 11932 -552070129
2 8043 16499
1 11932 -17792352
2 17830 8977
1 11932 -368409233
2 9355 7440
2 14977 10089
2 1082 16941
1 11932 -732917650
2 12879 19745
1 11932 -994728737
1 11932 -700736119
1 11932 474602608
2 3360 7739
1 11932 828612646
1 11932 -146602001
2 12141 14247
1 11932 482175108
1 11932 526833032
2 11227 14837
2 19433 3243
1 11932 317272866
2 15298 11494
2 19561 15739
2 17737 19655
1 11932 -235090945
1 11932 433174466
2 5136 7077
1 11932 314129584
1 11932 193607991
1 11932 546266549
2 8600 11958
1 11932 301347610
2 3391 5359
1 11932 -258377112
1 11932 -580475027
2 14242 18518
1 11932 593144336
1 11932 612408130
1 11932 409395971
1 11932 -320561670
1 11932 982283753
1 11932 433446935
2 8106 11314
2 16690 15372
2 11027 12305
2 9638 16191
1 11932 -819555475
1 11932 -650117216
2 1384 16755
2 13273 12318
1 11932 818132968
1 11932 -678677835
2 3026 13844
1 11932 -49115352
1 11932 306187066
2 5515 12058
2 15229 1268
1 11932 -210933117
1 11932 -283716729
1 11932 835230689
2 7184 11738
2 8326 2356
2 3826 18111
1 11932 -992186076
2 10797 17783
1 11932 856338689
1 11932 832769951
2 9925 13585
2 5633 3327
2 11023 18368
2 8772 3862
2 5636 12583
2 9702 13472
2 19237 6642
2 7004 4856
2 4626 5062
2 5182 15290
2 19289 5704
1 11932 779642361
1 11932 822694151
1 11932 -441655932
2 7056 17450
1 11932 -57953875
1 11932 606624409
2 13290 13243
1 11932 629501213
1 11932 649174677
1 11932 -618930458
2 2866 9631
2 14161 4057
2 13479 8567
2 6631 17788
1 11932 678870602
2 9972 2994
1 11932 -760793574
1 11932 818894019
2 238 6618
2 18332 997
1 11932 265315688
2 16498 5953
2 8256 10546
2 7413 11547
2 17422 3613
2 18515 5346
1 11932 904555808
2 5186 19545
2 4490 14673
1 11932 -639450231
1 11932 381114257
1 11932 -820099165
1 11932 103129709
2 9921 15401
2 4827 16853
1 11932 959967756
2 11022 14950
1 11932 -112983898
2 1226 10985
2 6783 9739
2 492 4528
1 11932 -780870993
2 8275 1775
2 5591 9501
2 17317 19510
1 11932 -25433805
2 16785 14309
1 11932 826793499
1 11932 204823100
1 11932 -29911928
2 13578 1267
1 11932 -554293204
1 11932 965062831
2 6851 15647
2 9145 18302
2 3658 15362
1 11932 -434062415
2 6862 4028
2 7254 10721
1 11932 113278364
1 11932 -87315688
2 15139 5894
1 11932 916768779
2 14733 1466
2 5796 19013
1 11932 398209794
1 11932 408335330
2 10096 725
2 147 9567
2 16246 9501
1 11932 -857841133
1 11932 35956122
2 11506 9735
2 12581 16790
1 11932 -712244919
1 11932 624306913
1 11932 -56836661
1 11932 669475517
2 5088 4468
1 11932 -209931089
2 11390 17423
2 15036 7312
2 5883 14018
1 11932 -599185441
1 11932 536457016
2 7783 12518
2 18525 14436
1 11932 139073401
1 11932 -596247899
2 1157 3742
2 13832 17172
2 19800 7128
2 1457 15451
2 14160 3039
2 18610 13342
2 14962 12671
2 391 6594
2 5353 8837
2 6540 11645
2 7787 14558
1 11932 -201950734
1 11932 623338317
1 11932 637910990
1 11932 -914835988
2 1055 17878
2 5517 7253
1 11932 726263272
2 11427 1532
1 11932 729881595
1 11932 552438882
2 16196 11379
1 11932 299720130
1 11932 -103569298
2 15319 12943
2 12142 16736
2 6080 15484
1 11932 -798393598
1 11932 -397341913
1 11932 658691777
2 978 19914
2 19431 2025
1 11932 -764628510
2 10443 14787
1 11932 -97633243
1 11932 -623162011
2 3580 7399
2 14014 8065
2 7236 8148
1 11932 670843708
1 11932 -47424607
2 13981 1620
1 11932 335651597
1 11932 -498184086
1 11932 926584031
2 2067 1083
2 9131 3024
1 11932 -682900290
2 12667 16363
2 6733 10529
1 11932 220975149
1 11932 -375374899
1 11932 297038913
2 17567 11261
1 11932 -561869862
2 14667 14291
1 11932 -890431573
2 17937 10665
2 13385 1072
2 12375 16635
1 11932 -392164128
1 11932 -7400321
2 163 5757
1 11932 -143199061
2 7624 10131
2 15570 6408
2 821 8158
2 4564 1441
1 11932 147236332
2 16424 3912
1 11932 589655078
1 11932 -117609429
2 11192 2398
2 5202 8364
1 11932 282942410
2 14734 2184
1 11932 -85688326
2 17584 13254
2 3383 914
2 6890 15385
1 11932 519490259
1 11932 -701721849
2 3832 10764
2 805 68
2 8130 4584
1 11932 -562120263
1 11932 796492204
1 11932 -480515447
1 11932 748894684
2 3806 17190
1 11932 153492964
1 11932 -413214508
2 64 1674
2 6019 77
2 405 19550
2 2925 341
1 11932 -994566781
1 11932 550300772
1 11932 828647819
2 14823 2862
2 2493 17350
1 11932 501569691
2 18533 17610
1 11932 338553782
2 9642 10629
2 13705 6356
1 11932 -813474106
1 11932 -122659032
1 11932 -404436606
2 6809 9210
2 18876 15197
1 11932 -67160718
1 11932 -894862081
1 11932 887799180
2 11397 4144
2 2411 16825
2 2544 7889
1 11932 -589057802
2 15418 17668
2 19281 12419
2 15373 2938
1 11932 -59340276
1 11932 445538253
1 11932 99073347
1 11932 24182772
2 11415 5106
2 14891 14768
2 15650 11469
1 11932 998967142
2 12528 4510
1 11932 2984042
1 11932 703301517
2 2209 14695
1 11932 -797779014
1 11932 -692961897
2 11981 16860
2 13953 4037
1 11932 -94977715
2 5484 17053
2 12833 18609
2 10137 2248
1 11932 366869304
2 418 11768
1 11932 543676031
1 11932 302184102
1 11932 -999302482
1 11932 654217156
2 12946 17150
2 13712 5229
2 12659 9919
1 11932 437310522
1 11932 -734980238
2 6237 8725
1 11932 959345642
2 19566 7472
2 15961 6038
2 2637 8268
1 11932 932358562
2 5508 17423
1 11932 -240863104
2 12218 11925
1 11932 55671228
2 11886 1491
1 11932 271726929
2 6556 10579
2 11276 18940
2 17593 15713
2 11632 16511
2 17103 13758
2 9530 11403
2 7885 10078
2 6159 393
1 11932 808709045
1 11932 700775886
1 11932 -745709751
2 5845 12568
2 3828 15445
2 15765 1819
2 9815 10421
1 11932 823311742
1 11932 542702341
2 17662 9308
1 11932 82035614
2 14070 7168
1 11932 252118778
2 12957 4520
2 5166 1073
2 14096 5866
1 11932 -862920817
1 11932 807323513
2 19549 2475
2 2341 3517
1 11932 289730307
2 12234 7
2 2894 12890
2 18602 1308
1 11932 657800607
1 11932 -145358606
1 11932 -121685094
2 14715 9230
2 8254 12851
1 11932 -606881925
1 11932 768573632
2 7036 6460
2 18379 8
2 8127 3514
1 11932 279245024
1 11932 196634205
2 19618 15391
1 11932 649884346
1 11932 840698359
2 11081 3301
2 5415 19035
2 5229 1009
1 11932 -709365827
1 11932 -620974424
2 4891 16901
2 2596 9230
1 11932 487510463
2 957 9741
2 5232 14255
1 11932 128684864
2 1161 12558
2 1738 606
2 6870 11552
1 11932 532281304
1 11932 -196991554
1 11932 608130165
2 13169 5017
2 4135 3931
2 2866 11806
1 11932 -372058309
2 14688 10850
1 11932 -91148016
2 17467 15407
2 18552 8666
1 11932 535426631
1 11932 631458361
2 18995 4605
2 17538 19618
1 11932 463547816
1 11932 -713382003
2 15895 4091
2 4469 17806
1 11932 449507617
1 11932 849459076
1 11932 -959124641
1 11932 -162374302
1 11932 -277254363
1 11932 -508943578
1 11932 270220730
1 11932 -122916186
1 11932 845217092
2 5406 17632
2 11733 10276
2 14000 16477
1 11932 -695057391
2 12523 8620
1 11932 536303475
2 614 2463
1 11932 180243747
1 11932 -13999759
2 7495 164
2 4999 12166
2 2869 6426
1 11932 -882023258
2 15220 5768
1 11932 516967174
2 11677 2206
1 11932 299268335
2 16515 18326
1 11932 53696773
2 5792 3173
2 6468 10187
1 11932 -59501357
1 11932 794496416
1 11932 -357478774
2 4940 14490
2 17989 19752
2 8649 17074
1 11932 -815011989
1 11932 -722339886
1 11932 712183024
2 17188 3385
1 11932 606586754
2 6619 15616
2 8041 15307
1 11932 -78001812
2 9695 11815
2 19385 12864
1 11932 9250294
2 1911 12874
1 11932 -904104013
2 19146 5250
1 11932 632760859
2 16055 1907
1 11932 228137343
1 11932 578657249
2 8264 8757
1 11932 -923157191
2 14056 1417
2 11993 7412
2 7892 917
2 18023 19349
2 3746 5600
2 6178 4319
1 11932 44614215
2 16435 17794
1 11932 -312899497
1 11932 -658220551
1 11932 -381367355
2 2835 7279
1 11932 754738828
2 2691 18842
2 10862 8149
1 11932 -187942494
2 13378 10701
2 1304 5788
1 11932 -181238490
2 9246 14416
1 11932 145185923
2 11452 4374
2 14567 5099
1 11932 -626929949
1 11932 -85128577
2 9376 3858
2 2661 17244
1 11932 -320954018
2 19543 2307
2 1947 15379
2 15720 16285
2 18868 15537
2 10119 6460
2 11564 8061
1 11932 -264658606
2 9077 6451
1 11932 452890078
2 9924 4558
1 11932 638907890
1 11932 743068604
1 11932 986878209
2 10910 6325
2 3189 13782
1 11932 -934345601
1 11932 878802134
2 8885 11219
1 11932 927277894
1 11932 508115547
1 11932 -645123290
1 11932 194091210
2 13126 17305
1 11932 683576707
1 11932 428631254
2 14333 13485
1 11932 -227685977
2 14890 11333
2 15477 5092
2 5687 10941
2 4416 10104
2 12607 7145
2 338 16434
2 760 5988
2 15656 16065
1 11932 -242282615
2 11039 12419
2 9906 7477
2 16636 19549
2 5062 15777
1 11932 -752401677
1 11932 -428204725
2 15631 15108
1 11932 687758053
1 11932 -868818143
1 11932 135987790
1 11932 607814670
1 11932 -681280506
2 13243 1841
1 11932 275707342
2 17549 4919
1 11932 -707304852
2 11439 1385
1 11932 383408271
1 11932 255815231
2 17977 5954
1 11932 -369370221
2 13470 10819
1 11932 190927728
2 7346 18896
1 11932 -331727694
2 5816 7478
1 11932 -471725324
2 10467 13602
2 17692 18374
1 11932 784774466
2 8030 4996
2 3493 2308
1 11932 330005139
2 5698 995
1 11932 491565786
1 11932 154627883
2 18294 6066
2 17303 15275
2 12609 18365
2 2154 312
2 17156 18387
2 8151 10034
2 3477 3254
2 3456 15333
1 11932 278822747
1 11932 394455444
2 16864 12310
2 15808 10727
1 11932 -191609036
2 17594 13558
2 3730 686
2 7308 18335
1 11932 -993867072
2 3443 4797
2 17652 6288
1 11932 588979135
2 10574 279
2 12916 12535
2 16754 11604
2 9216 16636
2 7135 16654
2 10142 8732
2 4208 15104
1 11932 -624258102
1 11932 -519815804
1 11932 -14444054
1 11932 620662460
2 12275 2321
2 14147 9690
1 11932 374892265
1 11932 -600514097
1 11932 428548795
1 11932 172960466
2 6759 13235
1 11932 -449585814
2 15349 1236
1 11932 -457763563
1 11932 -569123411
1 11932 -636558910
2 16522 5134
2 14852 19525
2 19574 16576
2 11498 2876
1 11932 2797173
2 6920 18558
1 11932 -553546941
2 4596 15500
1 11932 734811924
1 11932 -15865508
1 11932 -383949403
2 6442 18642
2 6754 12779
1 11932 402768840
1 11932 866873012
1 11932 946753543
2 10753 8237
2 14234 12395
2 12950 7666
1 11932 -755164213
2 560 3389
2 2013 10646
2 18998 1984
1 11932 -568202521
1 11932 443089458
1 11932 -405840068
1 11932 248993535
2 16964 2403
1 11932 -16031603
2 11824 15318
1 11932 -263739672
1 11932 792949544
2 13141 1302
1 11932 -117243890
2 13255 10908
2 4472 2459
1 11932 -84563533
1 11932 695932692
2 1460 16217
1 11932 -793513694
1 11932 972114136
1 11932 658511931
1 11932 -784158472
2 42 3375
1 11932 110937909
2 13101 19308
1 11932 -953605304
2 14951 18150
1 11932 199271679
1 11932 678544985
2 2419 11609
1 11932 88860870
2 8330 881
1 11932 816042187
1 11932 -450533768
1 11932 835646737
2 11142 1700
2 4776 5988
2 11596 2128
2 11215 12056
1 11932 -755871368
2 12270 5293
2 16081 11186
2 16307 2866
1 11932 983650036
1 11932 742427091
2 12489 19592
1 11932 359447515
2 16230 2538
1 11932 465166555
2 3862 16748
2 6685 10221
2 10774 2179
1 11932 -221286363
2 827 15955
1 11932 -405487619
1 11932 147849149
2 345 8419
2 8605 15678
2 13257 14909
1 11932 713616359
1 11932 -199787700
1 11932 387441229
1 11932 -658863573
2 10463 997
2 2907 8590
2 14895 19202
2 14466 11001
2 6399 16585
2 18775 13720
1 11932 -706383003
1 11932 370322943
1 11932 -15681401
1 11932 488311160
2 2456 9348
2 12056 4854
1 11932 -647562488
2 3705 15700
2 2248 3962
1 11932 -940565226
1 11932 -33458813
1 11932 383427243
1 11932 828437067
1 11932 -237551390
2 14355 1476
1 11932 421981045
2 16350 5309
1 11932 -34257490
1 11932 398547937
2 13528 17722
1 11932 -936007566
2 9050 8709
2 18421 4982
1 11932 717513520
1 11932 87099049
2 5094 3516
1 11932 -164478402
2 575 11459
2 18592 14494
1 11932 881211874
1 11932 388991
2 13255 9201
1 11932 -586804206
2 4354 14214
2 932 8931
1 11932 -984610242
2 4675 11555
1 11932 -127103318
1 11932 429635464
2 182 5526
1 11932 59570823
1 11932 604151332
1 11932 556000062
1 11932 452960716
2 1568 8065
2 3294 8560
1 11932 577714583
1 11932 -613225812
2 5619 17285
2 19291 18650
2 785 444
1 11932 -102162947
1 11932 735901661
1 11932 78192499
1 11932 173120842
2 1648 11601
2 4129 1853
1 11932 441374274
1 11932 -843829087
1 11932 415118033
2 15495 14247
1 11932 -800528441
2 5286 1575
2 15779 7809
2 4035 14456
1 11932 -408136638
2 13352 19185
2 6264 6258
1 11932 615027644
2 18908 6374
2 600 10747
1 11932 435207400
1 11932 -505332819
1 11932 -445055338
1 11932 -346620355
2 11356 13884
2 14321 18508
1 11932 207338435
2 5108 17596
2 12227 7406
1 11932 529983680
1 11932 -514370254
2 590 3090
1 11932 -632828903
1 11932 958136209
2 15969 10644
2 15285 11769
1 11932 -852882848
1 11932 -661868904
1 11932 -327152932
1 11932 -328502551
1 11932 676989876
2 12692 11775
1 11932 -988777358
2 3950 12165
2 10951 2876
1 11932 -202086987
2 3753 2280
1 11932 623628589
1 11932 -776891777
2 9535 18186
2 14808 7707
2 2573 1757
2 18553 10274
1 11932 -18339158
2 13752 6409
2 14824 5825
2 5393 2725
1 11932 705102504
2 15768 14804
1 11932 -501293197
2 14839 18417
1 11932 -576386868
2 12945 12257
2 14928 5374
2 14439 4360
1 11932 -673392521
2 96 11860
2 462 10984
2 9965 11850
1 11932 704550433
2 12586 4915
1 11932 -138845113
1 11932 520979191
1 11932 -726345740
2 11482 17890
1 11932 -70314512
2 18488 12129
2 1205 4956
1 11932 -874907392
2 13680 2473
1 11932 -198027192
2 5899 4508
2 8933 11768
2 17053 16692
2 14973 5731
1 11932 -951807051
1 11932 -366813045
1 11932 535433023
2 18222 12105
1 11932 389446288
2 9718 11200
1 11932 251822720
1 11932 46725390
2 1843 17393
1 11932 157955126
1 11932 948116577
2 15242 1692
2 7261 9705
2 10165 19346
2 18589 17755
1 11932 -699172485
1 11932 479298074
2 3246 17111
2 826 15040
1 11932 -183877160
1 11932 877947457
2 15265 8170
2 8605 19226
1 11932 672759604
1 11932 -480103960
1 11932 704222749
1 11932 473575288
1 11932 728593681
2 14124 3674
1 11932 -124492457
1 11932 -555613542
2 288 6432
1 11932 -371994649
1 11932 647044786
2 8174 17244
1 11932 -249334576
2 5741 1039
1 11932 -65948674
1 11932 595672503
1 11932 -961596582
1 11932 747995131
1 11932 -285636937
2 1036 4329
1 11932 782785560
2 18760 8458
1 11932 -480690938
1 11932 368553678
2 4667 10393
2 2643 10802
2 12931 12111
1 11932 298528705
1 11932 565393766
1 11932 -973647473
1 11932 -171090176
1 11932 379015149
1 11932 422684394
1 11932 565078242
2 2192 15825
2 3179 766
2 9432 18038
1 11932 -116802406
2 351 12445
2 12363 13331
1 11932 884889871
2 11895 15276
2 18863 7677
2 7114 9024
2 1711 11478
1 11932 -864854516
1 11932 -175730333
2 3320 9510
1 11932 562522582
2 11664 3056
2 19576 1772
2 11437 12967
2 13840 4962
1 11932 872445658
1 11932 914966072
1 11932 -781819445
1 11932 322261935
1 11932 -874496437
1 11932 -337607828
2 16305 5442
1 11932 226649132
1 11932 681271262
2 17085 16042
1 11932 1655129
2 16826 10734
2 12432 4975
1 11932 -977617742
2 7438 7519
2 1523 9525
1 11932 -7690773
1 11932 -320075834
1 11932 313346826
1 11932 -371178927
1 11932 -139610224
1 11932 66285957
1 11932 -909535654
2 1629 5394
2 14938 7126
2 19852 14568
1 11932 480334402
1 11932 133029739
1 11932 -479146022
2 14704 7326
2 17400 14214
1 11932 377654557
1 11932 -641554719
1 11932 797876751
2 6606 2350
2 5135 11819
2 2030 2549
2 3409 18513
1 11932 -677736535
2 11618 4218
1 11932 826631848
2 14878 1126
1 11932 96834535
1 11932 -337010836
2 905 7647
2 7292 8130
1 11932 -781636619
2 1486 55
2 1468 9189
1 11932 -532239592
1 11932 -641892296
1 11932 171556717
2 5130 15429
2 2892 2079
2 8903 18996
2 17779 3914
1 11932 -590039308
1 11932 -312489277
1 11932 483761862
2 10943 664
2 5227 10014
1 11932 -841699401
1 11932 693619824
1 11932 -708224466
2 137 8665
2 19996 7729
1 11932 -301414077
1 11932 -572358036
2 8994 3592
2 7537 10816
2 11225 2566
2 9971 2082
2 14682 11536
2 15989 6121
2 15359 17901
2 99 19564
1 11932 -909397250
2 4057 8408
2 10388 10074
1 11932 -560570170
2 6606 1183
1 11932 -652773488
1 11932 904803667
1 11932 -344350777
1 11932 699256834
1 11932 -266119009
1 11932 145224753
1 11932 -627486229
1 11932 -195382723
1 11932 -353119951
2 4271 13842
2 6930 10976
2 1683 16470
2 2852 18215
2 9193 12368
2 10392 17880
1 11932 -901242706
1 11932 725165536
2 12066 13316
1 11932 -539688432
1 11932 44497283
2 12403 9127
1 11932 -192762111
2 622 4973
1 11932 590247721
1 11932 945910048
2 9719 6207
2 6558 2978
2 11000 9449
1 11932 -785736454
1 11932 583862741
1 11932 -217823200
2 15221 19392
2 17757 6437
1 11932 -818926495
1 11932 -970059097
2 14769 17816
2 17121 8431
2 19584 3273
1 11932 770685217
2 9638 6696
2 275 9725
1 11932 -832876130
2 3787 9585
1 11932 913251003
2 7883 15720
1 11932 -647373802
2 91 8406
1 11932 604048836
1 11932 -135146207
2 19095 15737
2 4045 10893
2 6098 10984
2 12623 11644
1 11932 -388036288
1 11932 765229356
2 2764 2279
1 11932 -370701563
2 14975 12019
2 2415 7621
1 11932 -438939691
1 11932 297539194
1 11932 -926263656
1 11932 -42113959
1 11932 371026748
2 12510 8528
1 11932 223864797
1 11932 678780856
1 11932 -922284368
1 11932 858175226
2 16351 4577
1 11932 669101539
2 9051 17557
1 11932 -406411936
2 389 15360
1 11932 -741004049
1 11932 -409723340
1 11932 -797896066
2 2878 16821
1 11932 -499509185
1 11932 -127174894
2 5811 6057
1 11932 -971346240
1 11932 -78834589
2 13241 16796
1 11932 -612231984
1 11932 -780728389
1 11932 261217159
2 2976 11925
1 11932 -603045477
2 236 10328
2 2442 1844
2 1841 13841
2 11650 7640
2 11060 1429
2 17331 9222
2 16549 3532
1 11932 954884595
2 16858 13113
2 12668 4014
2 7162 10052
2 8644 7790
2 8000 9306
1 11932 206037141
2 14866 16371
2 11524 13424
2 15075 1403
2 19098 15520
2 8662 1156
1 11932 701089494
2 1561 14167
1 11932 -45235348
2 18430 11914
1 11932 -976237270
2 14389 8370
2 4700 11706
1 11932 601353425
1 11932 762925295
2 763 2847
2 18604 8931
1 11932 -625483437
1 11932 446614407
2 6647 9390
2 2535 664
1 11932 -498920877
2 6626 9925
1 11932 -819633631
1 11932 613350794
1 11932 -300932988
2 5173 8809
2 11808 13456
1 11932 -782969175
2 19199 12960
1 11932 58798507
1 11932 -225780483
1 11932 -211061569
2 12762 12716
1 11932 50754310
1 11932 -150826318
2 5677 559
2 6969 5991
2 7570 6256
1 11932 793364389
1 11932 621336105
1 11932 -379112584
1 11932 83774968
2 8950 16537
1 11932 -355979011
2 1248 15792
1 11932 -415895521
2 5029 1476
1 11932 443898447
2 12693 9174
1 11932 -566402583
2 19878 5759
1 11932 -407935579
2 8968 3119
2 14021 9600
1 11932 -846092174
2 17781 1528
2 13238 3181
1 11932 -286929360
2 4115 19880
2 19774 5808
1 11932 181510636
1 11932 705266311
1 11932 -689389123
1 11932 817812036
1 11932 -14717414
1 11932 707561889
1 11932 1116876
2 8076 5930
1 11932 -214082254
2 16691 9681
2 1522 15378
2 6502 12323
1 11932 -966306300
1 11932 -181325990
2 15905 12153
1 11932 -657041235
1 11932 -708169064
2 6840 11072
1 11932 -151338945
2 19 15141
1 11932 -724218022
1 11932 839982718
2 1569 820
1 11932 -17804694
1 11932 646236267
2 11288 1808
1 11932 662002063
2 13001 1524
2 4435 942
1 11932 979115655
2 14941 14397
1 11932 762350475
1 11932 -854861369
1 11932 23007734
1 11932 427331878
1 11932 -206854946
2 605 18648
2 18058 16844
2 9696 3437
2 11530 12193
1 11932 203964564
1 11932 -772532795
1 11932 -437074830
2 9565 6381
1 11932 730039609
1 11932 261956516
2 8555 19095
2 807 8956
2 7209 13924
2 9686 19117
1 11932 959640961
1 11932 258146363
1 11932 -42958397
1 11932 -457003422
2 9630 19164
1 11932 -699703296
2 10964 6122
1 11932 214740634
1 11932 945589606
1 11932 872594272
1 11932 -74635175
1 11932 90805338
2 4900 2637
1 11932 -438009908
1 11932 837552376
2 16939 15058
1 11932 583657451
2 10156 1874
1 11932 -206603380
1 11932 -315192790
1 11932 948148574
1 11932 995884988
1 11932 -188973801
2 4690 3232
2 3211 16917
2 4479 5580
1 11932 391790503
1 11932 -677083249
1 11932 192218567
2 19706 13342
1 11932 -55511867
2 18532 17882
1 11932 381602827
1 11932 428255158
1 11932 -853535156
1 11932 362321933
2 2571 9657
2 19569 10834
1 11932 114224458
1 11932 -624283062
2 5880 8835
1 11932 147247001
1 11932 -181585132
1 11932 -162906053
1 11932 66302001
1 11932 -665708343
1 11932 -714859615
2 17393 17118
1 11932 -808630101
1 11932 -88807445
1 11932 -546427395
2 18901 4023
1 11932 -901612705
2 16485 8199
2 16329 11851
1 11932 373504749
1 11932 -512517495
2 8768 643
2 4517 10890
1 11932 -868526227
1 11932 -310296147
1 11932 317015592
1 11932 910277807
2 1788 16104
2 16392 4733
1 11932 -75553154
2 10167 18532
1 11932 60762025
2 6302 11318
2 17069 13480
2 7623 14331
2 16149 10593
1 11932 -133768537
2 3993 5059
1 11932 -364148307
1 11932 -563680019
2 14317 269
1 11932 222356983
2 9445 11212
2 15003 9902
1 11932 907419606
2 3879 5076
2 15115 6491
1 11932 63184795
2 5295 15098
2 10266 5720
2 9211 17245
1 11932 -248193145
2 7568 6967
2 17972 19852
1 11932 -347436222
1 11932 390248997
2 5385 12600
2 705 17987
1 11932 387902723
1 11932 860461645
1 11932 -94974712
2 9859 15272
1 11932 -687595147
1 11932 -848098056
2 9316 15291
2 7658 15720
2 8569 10625
1 11932 430673543
1 11932 56705480
1 11932 -228841178
1 11932 388708816
2 3358 1204
1 11932 502490863
2 5462 18225
1 11932 605476964
2 10491 19224
1 11932 -486570059
1 11932 -37623550
2 4372 11802
1 11932 -797645690
2 5687 7661
2 3969 10032
1 11932 -615673858
2 1092 15938
1 11932 -369540641
1 11932 -362545459
2 1451 2116
2 13807 18071
2 5480 4713
1 11932 -351351610
1 11932 -156345509
2 912 13358
1 11932 -597930765
1 11932 -538362255
2 16596 8839
1 11932 -566959634
2 1984 8644
2 4198 5468
1 11932 544290689
1 11932 546369132
1 11932 981389446
1 11932 493399786
2 3696 11167
2 5358 18278
2 11454 6951
2 11468 17247
2 7121 12823
1 11932 -996193849
2 9010 5583
2 4786 10646
1 11932 -232016986
2 18498 4605
1 11932 -4053039
1 11932 513145322
2 1172 1156
1 11932 -175315046
2 11863 12715
1 11932 -935742290
2 9308 19192
1 11932 818100833
2 5284 1976
1 11932 -192376051
1 11932 -257420351
1 11932 196708782
2 13912 2025
1 11932 304819488
2 11696 12837
2 5025 18469
2 5314 11962
1 11932 555339226
1 11932 -811014042
2 15458 9895
1 11932 397474265
2 9360 5094
2 683 15923
2 10175 8595
1 11932 631074239
2 4724 16131
1 11932 -437659047
2 5330 6977
1 11932 -201333223
2 16662 12534
1 11932 338058149
1 11932 -651975427
2 2431 1571
2 13409 11712
2 15121 751
1 11932 -512832403
2 16529 7157
2 14807 9701
1 11932 -579748693
2 12862 10934
2 963 7096
1 11932 -372345586
2 7563 7492
2 8360 18398
2 18797 1534
2 18827 7780
2 19430 15178
1 11932 719585741
1 11932 -446569283
1 11932 -427203330
2 12620 13572
2 8938 15860
1 11932 -317727366
1 11932 -140986896
1 11932 -22095193
2 5834 14179
1 11932 833001021
1 11932 497705692
1 11932 617296901
1 11932 -767280596
2 4551 4794
1 11932 434931322
1 11932 977408624
2 14699 10730
2 4052 14825
1 11932 268865318
2 18220 10504
2 16981 19210
1 11932 -727318108
2 12792 1370
1 11932 -576162278
2 10894 8651
1 11932 -948496719
2 10203 7633
1 11932 978460108
2 4424 5663
1 11932 336225970
2 8696 15566
2 308 7551
2 16436 10247
2 8420 7252
1 11932 170442290
1 11932 382435534
1 11932 -519760789
2 16892 9115
2 8970 3591
1 11932 -901053194
2 4236 3137
1 11932 778742522
1 11932 -352126532
1 11932 -344072523
1 11932 770871881
2 17876 868
2 6886 5254
1 11932 346555959
1 11932 992053385
2 13287 4623
2 13150 16415
1 11932 198524486
1 11932 415475425
2 18395 4078
2 15495 3350
1 11932 -413710563
2 3683 19999
2 2435 19573
1 11932 -977646412
1 11932 -491766864
2 13114 3143
2 9873 5847
1 11932 742869599
2 3923 8525
1 11932 -489154391
1 11932 794301656
1 11932 -926079198
2 8918 19564
1 11932 762283662
1 11932 -640973882
2 15092 143
2 18347 7498
2 5023 5434
1 11932 983557231
1 11932 -276188959
1 11932 955066415
1 11932 -421290920
1 11932 644648510
2 5588 16650
1 11932 -268364633
2 19514 5324
1 11932 603967568
1 11932 -499178379
1 11932 585701334
1 11932 712396883
1 11932 -90396740
2 14811 18379
2 3267 4878
2 9952 11541
2 17152 8279
2 8818 10005
2 9290 13083
2 12582 8358
1 11932 -403662678
2 3355 10783
1 11932 998168973
1 11932 33049976
1 11932 -494010594
1 11932 -504691379
1 11932 -554285844
2 15821 19435
1 11932 -395895259
1 11932 716384948
2 10053 17729
2 4996 4558
1 11932 -367688829
1 11932 -928136986
1 11932 435063334
2 19168 2065
1 11932 -790800274
2 19843 2336
1 11932 880974583
2 5092 6030
2 19487 462
2 6376 15208
1 11932 -24427768
2 13218 13435
1 11932 -464075323
2 2426 4838
2 15152 15965
1 11932 -727909164
2 7406 4800
1 11932 982140273
2 7409 5447
1 11932 41052711
2 16697 9906
1 11932 -101517915
1 11932 -741956182
2 1243 288
2 14953 8313
2 5620 6831
2 16673 11956
1 11932 642713254
1 11932 367557990
1 11932 444474934
1 11932 -779057025
2 5791 5192
1 11932 -634837131
1 11932 -817162715
1 11932 -942691084
2 18491 10489
2 14163 15717
2 19591 18879
1 11932 -223399136
1 11932 588588674
2 6056 11256
1 11932 86886911
2 18719 861
2 14089 17633
1 11932 -504106020
2 5792 250
2 19405 9218
1 11932 212314201
2 16234 17032
2 7759 17426
2 571 5276
1 11932 880137371
2 4671 4030
1 11932 -45272496
1 11932 485646473
1 11932 -396837072
1 11932 353092282
1 11932 -820061275
2 7686 18752
1 11932 143422798
2 479 2237
1 11932 -339827242
1 11932 -585189101
1 11932 -199496265
1 11932 -376179119
2 415 1265
2 15873 4767
2 13847 12522
2 2615 2996
2 14403 11081
2 4994 13220
2 8291 3571
1 11932 897492077
1 11932 983617486
1 11932 756762681
1 11932 -786370139
1 11932 -177630391
1 11932 -230414767
2 15407 11963
2 5108 13815
2 17916 17101
2 2337 5126
2 5715 19925
1 11932 -748001727
2 8089 13250
1 11932 566096253
