737100499
291604004
448368998
947289694
511938539
884268735
715984377
687442120
281525574
663609995
798345220
956927129
245458752
751887738
423469535
675916868
371694260
732270971
250465392
422304742
922494086
314307545
527103364
667441950
471977410
398213725
633005825
401754849
134785204
718606625
824715516
726341958
453383743
572431739
671677120
663235286
497963308
840195485
922777842
775902355
440059526
754352000
418155930
297224314
546989415
592529937
774819780
444507370
729535157
565970658
778252143
496279095
929537912
618539936
483230051
880624304
984207034
777028433
923118118
570860827
836700533
520736546
132610839
201587259
775157986
390784789
943769478
254129461
821711107
938771612
772398253
379927045
989683810
539877600
635742039
291039524
890910838
902732378
691616050
473742696
884268209
751749957
151450066
970560410
845703028
288519998
350019035
276512941
577819526
684951131
945538002
765175388
667820461
894665658
644318833
824188135
674431436
290192408
844511409
722310531
308953420
808076474
369378040
587140246
439776294
753156183
923838105
284611901
877895118
700822258
662480645
900714492
639974602
828993695
545480659
784923398
787242150
407524993
385754623
963091959
906914710
884491030
905322204
326157279
526668408
938771612
827027125
920507172
306726061
712315373
898255361
365842949
280929775
654076229
290839704
649140911
636642782
625659114
716805586
435054606
990277146
450387599
521302582
787279205
587357759
856661303
422674904
498295003
790019653
734471947
339165296
736852612
496026972
847690722
875947257
642405622
663830268
700547363
822196090
170455865
319195327
184638816
876216632
984064489
293014946
820984101
836668304
813931089
753177921
694748930
600401194
78819945
725968633
707562121
508792906
998159340
638885968
871244537
881039696
886964403
892813840
306221796
114066792
861123132
607794593
809732776
518475935
838176601
252753525
140818134
839260835
670303492
441227133
816359402
93516737
958221242
327095058
784553525
585821054
496106812
524537995
370426663
603433516
635930081
901709222
544167873
339189067
156852200
975324607
419177228
941153665
603130356
782684266
771703182
850588472
479886525
874882627
748949086
255256267
653219882
951573720
662600769
848041265
316608519
924848438
725280498
649851497
512124366
175654095
806952981
888862971
840327338
939200289
560496925
568901857
666164383
871045381
930508151
48990904
211037364
721554337
787232759
975730303
900386459
729426987
460534639
343059078
312868630
985240668
554967594
889662366
445303341
859877394
956259943
691015173
912667659
192937202
681892725
635053426
743711470
565995224
701765000
742804573
637648287
496764041
803718761
921886702
979346620
678391160
803668039
478254509
893020975
725988505
722378593
849917982
869319690
872517117
548567789
851054962
747263660
919137840
697285521
851269967
869622795
609622290
894205333
810113200
824818826
208041123
556841187
484236521
890751033
897526248
719145759
327950564
902732378
544629475
958452889
637002065
60341016
938075452
152885112
806664678
918167934
315511038
674927970
875037267
524612308
648302791
819273450
837882822
819543929
678470943
642802759
654076229
628278193
135478587
843115882
929563439
862483294
704827113
437525697
396823226
789935204
516785522
440067532
653967042
887281313
435195547
885243656
712515238
981768182
565284585
843143159
977948217
984690322
869689525
199301919
563976214
222228270
864651556
630604313
924296804
747262552
133421391
893282919
991378809
847267726
832212731
390192470
250248176
838301227
998978926
985918930
277748821
344146773
742423592
831826592
845202343
854628673
988038354
788264271
450681101
749992705
868902747
463314146
974027879
496567191
968096527
461886119
590579488
945676004
369378040
804644185
453223482
885400782
512289322
899985256
639376851
425724264
717241216
855957706
231561096
570368828
674219306
539198605
841555952
734088630
167446269
919108144
940490245
907725555
471005400
223123947
731000510
500656264
228463905
592550382
380486001
468356161
911714213
902921711
360868637
956714453
517206960
322782564
996418183
943213249
687066401
823990131
889315693
920538144
442381270
809664869
778961931
847757609
657675591
591704455
904093823
358097562
523467563
860823243
344089823
956407847
541347449
267184101
996365423
452282407
713767106
428457367
935286134
684951131
760410977
826987590
675219379
728919826
513152909
724975634
729893639
773780487
86923668
900064045
983900604
968654357
499764206
707410282
872778017
881779468
427554852
863727594
779133445
884478341
442430400
696454835
816597588
594142039
982506305
664864747
396143670
316570329
316565587
177120117
789941528
900617970
375858760
778252143
390664572
892256708
213680896
838712904
439714388
610264701
711596605
267784575
461996253
711398579
953036779
534376381
928808213
280525545
713486742
464681243
820388200
498685145
929174646
962837900
726968329
231237302
930043620
651298340
364650326
537058597
356600243
474795130
727954286
131561727
983683759
766345787
706288054
398310055
788333040
838218258
897475854
370256546
901266947
256782583
942815262
553513676
722525835
848724690
952249304
928335527
289298220
686839509
837594353
241730163
865226654
652391509
858616872
927307640
405990555
886255937
695703583
702654984
718606625
823286332
517876410
769751090
730431709
992103819
911276429
877701063
540871522
880963745
848899541
317805948
742531533
391816435
776724937
634511464
963155020
377000199
718623165
452619441
929670212
469883781
244652052
839338840
915246119
397338598
218568721
747181598
632629922
626280506
714439662
871751780
816300770
638382461
577880623
133773890
815423339
955917826
780612684
372974744
664866475
892152580
808260958
859724025
395340542
599206007
791043388
620034184
396758129
737746707
827218415
772755518
984079031
230326140
903616578
793065437
563774442
699124210
649851497
78737214
969091217
542894261
961046081
606816469
992374111
751864620
912856924
945152876
953549167
888200143
513616409
613277304
763817028
732387355
926392114
547522426
615871868
854167627
612101513
969349872
432402440
914234962
607984930
882709923
557521150
652064899
873301852
763930889
661207822
539546139
334584316
623547576
389189212
981890149
958060506
610233370
789150199
996161211
876275434
915621608
617459980
785978087
724860489
987049197
319019674
835538835
761299247
362897352
21630724
943661335
662346887
661916514
596983702
425991566
879975117
433264353
777588316
740362238
945900871
977884342
365330521
688498192
549934172
664108094
715378817
524537995
709736959
548092163
981982765
976368004
371052788
534241788
906810556
935864667
476816736
668260391
629903597
303696621
563985767
579935723
831259595
970750460
882984021
608453441
327781569
952529064
286323447
544972258
283249141
935940532
678313485
559475427
674927970
438739567
913445445
553953286
246197815
374795885
978546956
956927917
801850302
175605216
529501975
699859125
731227377
783832335
935796783
528451871
489790059
420629938
939268636
787232759
721948838
592898530
762718454
927659497
490018024
886964403
467420495
615684614
942732269
376121300
956454698
658964078
911769635
905685432
754352000
659985395
931153273
789150199
820956385
314703625
929283425
882755462
715940562
806578135
312642432
709683025
762931571
751467438
522856998
349788608
922777842
870142737
473805668
651937174
428880601
727668444
997996252
460002203
783497861
429966071
210768147
948012568
876880675
232453958
495712124
868200689
594439956
983054599
769314110
630796766
824883221
448314064
350151054
723794021
920934486
874909406
440718903
266714847
820848307
909837857
681922481
677406275
695250459
429615362
801134003
632195970
545730770
585012933
801134003
502410251
698490831
173715025
877759072
626467554
719896303
829049665
621886660
189692805
302549674
371242439
627554508
517143725
687797915
411115247
972202800
872836585
493905389
971024921
601101081
989215190
698593487
791112559
881450988
682845173
793515418
140754439
557020254
798956245
811884665
499624569
964336108
900513106
907384311
932919224
754294748
429500191
690158660
941163289
592986099
949673911
762858445
846005163
751381169
303046709
862194164
706417829
961375337
520501751
737196432
308890785
319758695
509926652
689660261
582724880
819795278
945676004
647779022
498394713
403523038
751864620
70378052
534376381
534740435
690146467
522044788
608082492
928493821
709489477
273870650
223301449
446195772
312114204
592550382
277472197
842893389
784751340
859349059
256668767
983277573
649140911
838992890
482886815
798052613
61308050
860694428
632835165
952943270
351138963
901559444
906876275
809779291
412484103
950859068
992657030
695081332
249480451
607466434
978949083
864650086
866424355
609622290
820679757
864020863
936895074
352459513
487454490
691027404
576420691
797465770
692086662
830422314
542314383
642911720
897711136
422573318
903743767
348229183
855292507
462775154
948239957
410364919
281892231
897526248
780436388
935865581
854172205
402820314
383443395
942815262
893610600
889184109
914696676
937565961
669346969
519891076
949637929
526326208
756146566
983790121
983438451
317423858
518012533
995187593
868693649
588985361
613456954
678699371
715841961
743846041
681085735
346116672
698851938
552543956
371285820
707871407
920748249
759147848
931037287
215049510
216603187
590866162
905074283
420515333
583015643
930193301
634913792
858583725
633403839
930707369
729621218
561746665
971438735
405880685
778457996
965721203
796881618
746196304
567428685
486934827
906436707
990889160
660737409
853333203
943445843
643525963
673259244
918805256
588567377
510301474
951258800
916267450
846357761
965090861
495584334
635816260
704773929
907250026
837882822
749537976
882162559
490447875
347675245
475210067
926346709
859585077
907928348
419548594
591121595
963371534
834802880
612779220
261170083
640887803
475672259
389852260
665434953
585849772
193146878
723986074
463880832
719427772
828046112
790882148
375596111
854167627
734936788
653590257
803668039
700942452
461175411
351265096
783828053
804466519
741067101
754010881
873603227
224112296
427205810
548508660
678470943
413481198
288245434
882713141
326440715
350818754
842954469
912911132
797338664
858616872
488948463
660914916
712568427
452619441
911220772
661157489
483759909
690411391
823006339
702513071
645163082
407910082
977048221
974978388
789801148
484749453
888719821
744426229
627914932
559075726
558023389
839642817
802963939
727119648
910260411
709003867
754113589
456434414
760863449
752051582
490459312
424503250
193318505
605080214
154468366
770438964
722855583
800194504
501908087
995664594
979641225
869877828
866424355
980760169
531184058
759773449
398615451
739602548
440828751
899255513
759147848
888803495
700781446
917603783
856994185
518087115
928478722
120359925
605877078
932544928
935940532
749781473
226751957
711415662
517504820
945377817
246469909
829914323
912610614
431709113
849557720
111046607
777163913
266595534
431821403
915457639
896675644
998937945
683387207
452766323
403227730
891813561
866842000
789214963
912243647
689002965
150109163
155667555
750536705
965721203
621886660
791568688
392800535
942124752
627913261
253377235
908545610
707382106
283132225
940955618
571796024
136894792
557570733
340996306
907093233
812054751
824346211
865339672
905008607
500615995
798956245
586633138
937655520
987147406
899950601
900029403
595055118
703567395
276377302
971738308
843996061
765993911
753547441
86846130
102734005
756318081
947240057
439337343
921886702
893578210
361811225
425339758
888962218
778181208
694399917
484760049
964474393
916267450
700942452
640903347
721088481
872533666
682845173
695262613
431231344
714853057
158550319
307663407
942985068
660123955
149284566
692104417
734366047
732589011
976191627
813354398
881611692
754906533
530863358
259019384
979056441
181226823
620856086
839368299
277447317
795337247
843645217
811992678
714633644
644447090
266171322
496263755
852754804
732418665
560565290
401037455
604415220
991206840
748801545
756230075
385477581
394441529
887281313
383425108
446387352
921914386
627281425
535873685
897990215
924340372
683527822
743599307
644264973
949637929
352061749
768481008
867997912
616837218
917929492
949977687
925533214
556966610
758192585
500399762
511339888
618626386
949828705
532406394
539185102
554996564
576884678
830353807
259861602
204158495
460542067
874044146
574176163
972025271
527926727
331457205
700547363
130539715
711387504
290786487
984876571
356723165
855335474
979939765
490018024
659516989
502598725
445994819
842486334
318770304
616298625
514901674
769891985
375093358
890844619
671337001
494991436
632629922
437921074
542614133
887684176
876109588
489689655
782854702
535132497
916751234
864338591
813931089
792013118
120653224
738730080
519736542
642911720
671157435
934592554
502001729
490408462
669058261
219658807
869749918
343495925
983850241
479061742
399166052
503867007
983148310
771258539
986751895
665246444
660704402
963344092
337747019
326200863
362389635
939781533
452604242
690175877
455329408
775344052
785978087
956161833
742289611
219323295
569723835
818512083
878600033
932522527
970073724
943383748
989566173
304861523
711924282
624836918
434170227
793373752
315511038
693083525
992068965
958892125
828323109
966551012
978425953
381904609
646722478
836025187
987352171
686209381
142237863
886255937
811913441
767899616
641605185
919475820
874760274
903066262
241437798
738730080
928216629
442815942
902732378
509190521
920026812
999856225
977056200
84949972
817943902
834884006
419065973
546989415
753047595
168036738
190016436
612141874
904569989
787692757
397478555
828993695
86541304
349024584
806191572
325902076
710806679
557362227
698574358
962018144
935291107
951519125
922586998
468274772
560819099
332243327
307086642
887282275
766215375
666267317
721035581
243900106
497963308
671419028
475921539
297124999
183065211
371816813
387653754
865245772
936895074
209099978
597135911
839515849
524412757
71359075
775502393
827218415
865339672
291365109
444376026
728985051
286001483
929082905
620207307
936421098
727025437
858227918
812339119
786609449
326157279
537589144
107345693
489750769
682390938
634734726
868313995
394231459
284716385
504063222
659963479
453383743
313096420
402435711
911276429
928979317
268304498
406434403
683387207
374128235
434714536
982537709
827899075
744003956
722844985
800780536
988380853
590391719
496567191
252633924
526629163
843095888
716162163
839347912
623346345
706741422
887281313
803165779
841150928
392793687
567233254
883053244
290784604
948222481
706173973
444436744
523495839
403981508
895420714
835889186
732578712
921886702
422307508
330302439
518475935
800936876
590257378
740659292
585248290
702107611
398459900
982740614
942124752
794511050
772464710
949340245
886012277
612897509
865097800
623098501
496770873
933201316
631681728
667182718
690173469
599468295
502985590
678956706
601257627
282528692
246242982
936457360
978043773
947001573
665246444
796856885
666436947
317059396
157681896
865097800
838743505
615673516
662003386
993106972
784090895
999582904
509261173
509895437
635991188
783409112
616758625
384570208
147701082
117025105
361570253
858200805
692073747
904239826
593035307
279792366
259441212
560165073
850885762
244176563
408261395
175641109
568153127
402922140
605549039
592914946
625761921
953563841
845252687
940305446
815901345
349034666
97029199
438236380
913788828
839453474
847525735
549934172
334226874
819492773
737746707
739602548
124769797
157281375
839667086
949014211
886387889
745981567
471806669
822820715
930508151
870632163
661798619
737504900
840195485
939781533
455201489
951258800
500445186
199004243
943375631
474046436
816794937
841833888
839272754
712491703
866446600
759386928
697445766
958896846
430002106
545692549
474940672
845471340
870807459
768029024
717241943
750174865
876776823
476688549
891692880
873301852
910229767
746049770
878459859
753232080
278176355
832212731
837968338
287534340
673958448
588827288
226865538
551512709
660943736
774743864
612746790
934251912
809512004
189921959
692786679
799866051
617409589
919442869
995948063
956055973
674990560
385553718
524033423
985435887
982000363
747620365
562819538
721554337
205501639
534914509
969744302
979680446
963091959
684179191
406495739
659098422
527021959
878921736
861900204
942726852
512517735
645413046
681892725
739941602
605759097
405606220
724710438
765653609
298858270
324022020
583840073
576733864
876707565
312218143
463521768
926346709
984590991
983128458
851266212
880511157
388986238
349030271
798865171
919304889
335124743
979346620
535968232
697797792
874078528
385553718
744242377
159768254
771762871
846473904
941217230
733828588
943190586
699277953
992657030
886867442
904170388
853119304
543518816
852281112
788566189
468635250
853627587
941575365
996418183
516594016
841042097
161104564
950971654
772398253
740094924
148826992
988056976
991806849
559769628
912151923
959355623
888921552
845773475
438069617
908420496
604926653
420517728
464212813
213770645
172879043
375280750
742593105
366173960
963254550
978546956
674313519
571454361
839738818
840195485
895281013
817997713
339301923
771751226
658156092
303454872
928335527
736504199
413873234
920406547
609645699
691961075
870201942
800591835
450528099
556015895
867188672
750647529
851269016
970345456
639111004
985771116
467221524
605759097
693400069
719014487
834868236
755464690
787279205
666592771
792069715
696729654
866855750
86603150
561586494
631158992
868693649
930029565
952670765
757936360
921216653
956714453
406434403
712582837
965837734
175465492
637516092
385676722
904285949
167661037
314718059
763817028
837599208
977641976
163125827
403561959
855779608
867356117
835621344
53016434
970866826
343184935
737046431
403074503
849802664
921496376
847640259
840861567
923128225
827218415
920764168
861546758
899172654
958307262
930508151
685167447
415124340
981768182
979641225
665434953
929082905
71169781
707122080
737355669
412398479
948330868
716369379
841076124
832586998
985355855
362708617
435168556
390267359
637544502
496546471
945042595
710806679
673898363
994575043
737196432
982506305
770126187
427677083
626263754
230429250
995182651
408343909
378262148
836594969
662676621
948528297
765959091
863569251
852281112
884240519
470687617
685269564
247249858
470139864
469771864
518016189
698180852
839807151
137201244
810576432
799303277
797825436
708893045
947233984
681188578
557020254
672814789
944466598
524539990
408906407
806688068
555646677
648851651
213432542
726964089
813189024
745443040
205484005
745560248
871751780
439293348
931392747
712833562
788970689
915166291
585357338
404991558
927785843
577063371
365758050
775197441
936679695
680824394
775344052
510141974
402778301
481380970
898670018
99453836
570936626
916340686
612340985
905027892
568239941
964474393
448314064
960823748
692104417
632538303
897428280
668491811
735526145
433772943
707317703
920464039
921914386
922017393
346075067
937388125
987390798
743588895
267821785
881592388
338396363
791554387
635534990
883206148
935316533
784468720
932306331
855719048
841185504
475965076
729118480
669333410
846418140
992372123
927307640
593980227
631101825
788684864
500888637
663804274
963261025
578639271
373353269
874622651
969555028
964321815
478912843
826022325
518056917
334174446
265934167
630098211
432402440
678313485
723024628
728391061
869884231
427413380
876125838
355470465
837773563
635934744
947531306
556966610
907485052
811476575
931611277
898302006
891892907
845926355
860080943
936567206
560278640
606897341
880511157
497810118
258764387
620034184
924412347
776390118
741137507
559786058
192143744
496665825
749604531
849806000
631293032
987351217
763930889
850456027
571410267
907088396
929174646
801160718
976336281
607978647
511968586
882200316
638845759
604393444
636489903
729074809
675501054
458522889
999864172
797124001
979658441
727376981
327746138
629169400
905661117
446358303
357580110
436554479
822038459
757202078
670988076
506125769
924329769
811738529
987352171
320714165
788919726
350836839
962581207
864135475
623014466
636807359
729175999
355063373
908328383
544437393
567780445
56809744
840058917
288489347
691726170
425888956
937305019
339290390
847620001
285309516
258764387
896204630
790846704
616066750
852069969
458018029
684844484
470082681
984308664
958519794
638688637
496279095
991806849
691057041
823894523
947184032
969349872
958777824
615607131
785181765
126519598
790212939
929757677
693134727
585393739
970244922
907844830
452876373
663135674
219799614
920728945
696225447
918753739
171990331
438069617
737039687
33584092
433809487
615673516
718856360
952426431
475202611
779133445
543107953
342689410
894402563
514448877
652395665
438237589
312777585
814677470
596115984
900106279
666164383
815069224
922295918
505947527
838264930
464264205
925632593
529501975
971990600
745801207
583538863
775621378
947218542
874760274
206291907
250684952
423071777
212114535
739375089
664491668
861687843
543518150
706315049
994778939
833898971
808665897
411160957
762436222
57805687
748949086
382044599
632083073
813890167
415697134
784585865
946733738
946454626
191558743
445616467
736473132
71541920
462143154
925908307
522044788
234257145
975623925
680570493
879544309
288815098
965960576
504568986
638314641
847525735
712659870
813976732
883527991
604363549
903455578
684109090
248279727
604289468
578025235
871917816
908667059
316608519
897508812
692262563
721952554
891336247
830082812
240797703
591855595
879610931
602559442
941762612
704423549
591031595
131163097
932247402
358568096
399861982
869884231
319767374
949430211
904631857
520354046
911601814
861687843
685746744
765993911
783916875
600912493
719014487
846403379
564904068
533610470
395415691
520880183
762204191
698559194
678979304
932352143
326563100
574816601
624736602
132040123
995252744
774637696
862755582
53124864
545144395
767451812
623535523
851223084
498111811
616834884
857154629
915192518
649660054
932306331
202102057
502473572
765233463
930117492
433777534
647746085
872913693
438918342
994994124
586761751
302930161
893881956
895322307
679309118
914858987
806371128
949281956
184919087
299532828
719139719
880758965
571142195
476108057
510262663
265184442
673511633
920836044
900791143
795823024
754906533
532384357
960196459
668583963
897910010
504948660
810597299
201110801
836031206
868407571
190905742
928511478
867056644
625544616
437921074
656581660
259917398
616027875
43467735
610185215
928493821
481376654
872539670
997850716
491022007
553797465
609493442
437419843
607783684
639492837
82663236
968050504
790085051
444345987
741906757
617322279
697138299
677352569
255741819
390664572
384666544
841764128
804657967
505744596
840913055
362389635
184171804
997631986
983738781
881510423
553797465
920571059
944631587
935526808
384998173
840544500
572164968
945371169
763517252
582325976
849274151
958007940
565014838
730634262
898220334
899060333
859012718
946074517
654304887
277718950
898220334
867211483
527551289
900428423
829605392
954690223
789776213
524629763
982506305
262408800
948704766
939172984
435239041
410090635
372283099
898691349
106712575
510262663
731775594
882710294
647467018
707017123
515934767
252542099
962312190
386065097
592986099
785841966
790085051
389825180
764279938
420803047
996163024
712701098
543845313
802355325
712491703
425183112
595565729
669854963
711758907
938185147
589290194
889174806
902151648
219706099
489790059
839347912
953502063
744904426
837155596
441774589
820597255
441793025
909753210
812469402
705069041
564959217
622697126
299132689
957158076
422424250
749537976
469395375
529139233
698805291
820769111
839287856
811825744
901743816
641659211
79451800
484705575
620617206
622680330
495712124
200213232
939116627
947218542
581176113
664864747
997489625
989631107
961074082
391086893
714633644
788812793
988946672
792041638
861153419
905621971
991165250
493528372
596834123
828632120
976211440
528321563
413203438
514575275
277748821
922206472
919111369
251746317
634671090
813953972
612426836
562555502
966459331
494880462
897711136
947885295
702715946
675218173
244646369
627151125
845556765
567570536
803261326
354562699
728417215
187886201
712731253
206413186
157455412
671886907
756146566
977233696
871994605
748447839
599469499
728428129
374574083
660914916
435769846
554601320
988098154
146001412
268976924
902594916
204327003
803027616
324396703
495126531
923118118
670525958
555011784
379877791
485310760
321339184
733722069
163996267
860841294
684576056
908618796
673302902
342303099
954333846
857430116
484576839
616586555
672995295
515103072
523125154
934037497
882713141
134954531
668510861
991734962
375239916
312138831
989566173
898691349
473677816
804329484
782639981
209028843
641255042
237094691
664108094
672814789
488749275
510874512
715890411
586383814
800045976
710245051
726858996
622846117
348089011
958007940
907647384
741765480
890493687
258108900
867568722
909783140
904631857
952822189
304758906
726138798
780117526
872954874
772817621
214933123
863373135
997194333
936457360
195046810
733351251
614714990
812454561
964695179
987136783
785017871
588949003
960653752
610708806
778958875
51670743
510129110
417691920
824188135
217641293
865947403
939621486
755433068
687797915
569723835
578275204
372530404
639294616
288262762
980302510
786276915
617322279
455642552
698490831
424698067
743780219
751761487
868532289
995187593
988380853
203852108
794561078
659335034
662600769
727551884
863732580
773666432
845733316
576177504
921977124
977601884
718581440
871561751
361364262
969117851
622559413
474940672
398163655
923127335
760379565
694352126
654285436
683104802
681508807
775757439
223413887
861578352
976395266
330343942
475210067
367708824
287994122
428018374
739375089
727104261
680688090
609950003
903743767
540336414
528194044
635009276
553868230
915746586
736473132
973013743
750783743
469883781
261100273
671504284
797053923
855357089
976962191
865345871
785210654
287377048
492862836
949340245
886964998
818301002
686438232
526668408
660964357
883527991
761889578
400670570
819445260
544307593
917344373
786276915
805154123
673067888
824982651
630361372
802705170
291160257
717241216
437921074
650425777
302448648
917634218
666548336
651642158
843246349
328692429
455201489
604579631
400928969
859254960
681029071
641219848
634645512
645348438
170097652
516837408
928216629
938462454
949734984
332296720
906296663
628702842
429893389
271911201
813898339
741765480
802369149
722266070
655638666
989215190
788915112
828880593
724294339
837188564
353924941
906213312
552632117
646398135
325330254
404688148
188413456
446615196
377684032
722892210
758863159
940856838
803121887
207434188
796394460
229039200
980372139
738381732
905622832
931699621
266861415
903903284
575190481
939249937
937355183
987150199
999856225
704150235
536966207
894160467
324272127
901107005
748824268
165752830
625637009
742578879
953009114
874882627
930523519
639181230
868427095
236688317
968809047
720937158
982329067
896204630
810740836
986461360
753232080
949637929
148423007
549934172
779530499
576049551
941442753
935291107
863569251
409283800
879975117
614257596
839738818
563745434
644622927
952801099
414948379
924172144
950859068
919773046
548567789
437652317
577827912
822505728
395220878
787996176
105132543
220366901
777816582
918583413
747847608
720142107
576687460
174184490
462045894
604674166
461625293
285909679
941810076
819787525
962512299
941217230
596097069
965572446
836006935
578457761
567071155
264427663
772029837
815429718
682584939
106966222
653053628
968828722
536808234
803569138
730728312
906033300
814515686
324769099
554974365
698591846
349630628
787692757
777163913
853020588
843238825
803551086
941730324
813898339
974722607
241437798
227669575
900881650
697665453
851479694
688464317
711861219
389689247
746049770
779888240
480559480
207090300
603978367
719220050
856662377
980313944
538073351
322392250
952822189
931828401
470107939
938026008
664142411
846403379
684326880
527459263
317289540
790634855
575756530
886387889
302241035
747773410
823369691
482332194
744242377
460668600
876351349
406325106
896263616
981003279
684896754
961046081
510262663
620395735
489359758
142561050
559907191
907943269
654512395
684526836
890654860
921116195
514251954
992815102
527848379
358114895
607072419
471581376
625624149
934283081
417189638
496263755
798297407
844194444
473074574
944323742
422287051
892684603
738342523
694076239
18693545
932358942
685746744
664108094
997489625
483939772
510661301
865245772
724967837
506479386
306052335
680343440
834288102
672405248
634248511
984632196
412245133
316102763
504406702
602471156
301362311
345264214
989373719
907691204
350502852
790067779
827292752
394725991
930029565
998767357
713329697
923943794
383460432
863833786
519133946
831784867
949457580
324226803
273525111
802225028
810670178
623118659
747751819
765536976
374128235
263236122
885177065
990970383
692787979
339189067
627778333
769711765
877526099
580607585
653167521
678157273
618526654
273960846
411825449
741652813
986887220
232509730
378874352
864601632
968807259
762304820
965501092
811229234
524082676
466838254
646837519
857604659
453247989
783989390
593734749
615613785
496764041
976305024
635195006
221353543
326400805
620302116
727444729
919916947
504406702
988542661
731000510
991171498
673259244
360530769
707933520
568100314
922826188
942680098
850233584
714569569
971585713
742289611
994576775
773272113
732424351
895865204
929734623
114833422
856714553
829379314
542850459
905797823
757988420
269847133
595565729
789214963
914756631
905797823
477219762
568901150
530482231
692073747
985610672
859427686
772782306
939781533
885018671
866821536
234512537
317423858
796881618
904169413
773074050
995252744
294253700
397672897
887710174
738712229
495584334
881017725
604942309
510764537
677750609
409878450
938614308
351701429
570496877
801180165
404234911
885642636
782632268
746069848
972044401
884987921
842100705
903571390
559280608
488940450
753344585
777693655
932017860
496279095
836989374
748801545
438242461
174631031
592914946
271158972
901943315
768629805
874452592
983941952
266461347
430002106
544962712
210098456
761183185
380205977
937655520
648302791
387488049
895508725
745666583
864833230
832914908
367709808
940305446
707721091
555261802
636807359
409909690
495909387
184013470
663969788
891814585
605080214
415124340
778177949
845773475
940955618
455793788
471908842
203924419
304677738
719957339
966660762
822038459
202223227
838992890
255940137
717525702
994694730
884240519
629169400
290887026
539316427
866855750
999982027
748588157
869335437
516770289
701831565
919978754
631572291
135010693
609867216
733828588
712787330
771054315
949175328
933370681
968991841
642839157
483374080
867997912
732960244
853211063
282095394
853020588
541900616
832914908
901743816
980591024
351265096
958519794
585012933
893520658
801180165
806952981
657858730
910538497
706089456
879153302
770898804
964789811
527348959
889981498
820079834
517143725
336373094
898259012
743588895
502981686
227197757
476688549
910964125
657328958
915433845
742491806
821904005
982945990
820848307
426997978
129046629
895388152
870944506
813751759
442430400
691421698
119469331
694352126
588806071
807756885
672310659
265289525
630085232
252842414
570368828
602544967
625144479
886884702
559475427
244644375
815279763
938313687
593980227
978542103
690670890
672993258
969913911
605495857
998522091
897812130
782134370
735635440
864650086
973525724
769407845
469739234
381028380
372338493
996500293
866840798
958101480
762436222
321828188
854291076
152861413
918855914
739941602
261132592
358891752
369188146
581415328
324643422
623949332
481471779
876258465
986484544
906213312
645665623
997489625
825205441
108914658
890407912
641222138
713867713
573820303
711787547
479296500
642279520
985582380
132610839
842022600
807997926
766217680
915123001
688104264
692104417
364734748
860140915
617071206
858200805
580122466
710785441
920836044
752036698
648051601
963734233
981102541
995260485
974563143
638732722
423421362
269046488
502192179
803968687
948239957
109787421
366884691
563597228
243067218
282291953
667441950
402518390
402820314
778045048
740671751
771253297
972041656
348177266
762843550
517066857
969117851
543457270
690338695
957693014
579242647
826265885
950887072
796775020
518384334
560819099
995187593
834896368
760533955
302472820
632835165
706315049
941153665
846108584
844874426
723410439
73237060
719166484
782557611
406885505
937804492
428754050
966415582
877605255
576088300
293671500
617893258
215147680
485188383
966353306
688241886
571915622
554602128
845773475
923884452
833165218
857879330
896438889
335033497
127092388
331167550
373892823
636787169
639492837
430364208
113534269
589703785
943940202
721817111
498970442
620302116
915827598
493621874
781553658
302527416
738259322
275619031
762352274
461996253
605080214
576024161
723233862
524880933
940305446
479105592
572920883
727551884
996405474
846081557
983104111
202512918
931889868
942269326
401396113
840913055
913788828
313838151
886255937
819361985
677750609
950887072
782360421
676841427
428790152
663438668
462793715
987198854
704049483
820805619
698730760
435600556
643989449
622559413
113347025
873542765
508150461
662334132
842477229
612105244
556819794
834896368
728549281
762956081
795558242
308157934
608188533
767309250
479887780
559308203
334938882
880052788
952753148
953727532
842304636
771631198
519133946
928512915
904939067
270722346
744882315
758192585
221681675
966942344
824834772
588886287
236853905
734936788
850302505
831826592
738918710
509261173
917344373
861900204
180224877
209573172
858438368
321004476
953036779
902952182
822332970
559769628
678313485
518582366
355472685
748426139
813631520
288764814
570496877
675363677
605010051
720378433
385477581
708195328
560565290
795692920
899872177
938462454
280156203
731896575
552728321
29062235
950647233
940335417
813692663
654645414
773125901
335324896
808886609
437311274
771237508
885376502
570317398
92485790
891692880
860759810
960653752
248660111
952056966
463410234
549073007
706315049
635471089
462143154
594092896
879285942
924296804
457008363
773155676
981134388
669246536
741779334
686418573
669316415
689869732
584666768
960265373
117919062
771237508
942726852
111937934
867776814
404318994
842486033
87095530
301702676
145071624
306279212
679479237
741333696
463521768
625662060
771703182
958237306
87256081
335577572
855723228
513456098
719407166
232443251
943661335
711761689
280556587
301659021
834618901
856335341
953502186
649001973
303855176
711259946
783963125
609141582
506770996
282251178
771020464
911020800
946189998
919731378
761147834
827099982
747904926
809770794
983895687
534719794
649660054
854715302
135172568
722075533
47501634
788090203
350560249
821711122
956161833
976213152
427677083
544629475
998513030
918742515
271385390
845202343
809055476
727891118
66943941
795394889
919475820
963293624
444253939
987265036
925871963
164548030
663244107
460245662
832914908
832914908
879265925
871501113
872913693
152235133
642618962
580679787
803892427
891841002
132376802
984079031
652017223
841185504
194008801
489187986
686369687
70970343
940335417
721085351
883933474
510788651
438783145
708431520
967311113
704244336
184415406
316975703
385511425
941368311
908933881
403587368
436644498
551356192
858201595
611931861
900580808
947404137
796648959
977948217
319644880
836236929
514251954
611810922
387246943
979904046
983128458
896675644
942546761
204803556
278210376
917814612
822952404
739293963
462034136
757179229
279506305
856571757
602478129
824346211
841833888
978170917
904547286
910966832
952693860
986573726
936211578
806156402
641404103
802306202
907002283
251060397
491059662
645586294
579422647
730449568
777128865
930508151
563012582
872073553
953636204
905142435
917384954
754010881
215901456
965837734
511733586
996080704
390001748
807598465
734431568
794999464
459853167
108586369
621423124
421346093
857047869
764240718
417826693
618136336
564761641
722310531
513456098
929283425
70609575
879610931
881652677
340935930
273195006
650158365
555032451
972638035
704078785
903571390
720001183
781624516
427233055
500189224
653896021
725994126
642839157
625303818
462034136
436410333
402820314
506293339
434790298
995449087
986687376
734057391
908972083
791568688
792151186
884972433
344710621
553797465
450417527
483939772
704831758
678226530
592311524
712582837
521954641
930115271
607783684
648051601
821904005
968853660
714665357
818150091
364818882
950703374
949457580
915589228
449882618
353006459
991880701
953463575
746433091
779339934
654423817
890769387
923943794
883143347
731572416
811680894
674868135
818424739
420629938
803079285
655277273
953502063
778171849
623346345
575742678
777816582
971225671
992374111
210828805
266714847
761555396
497311420
461541939
516837408
676797063
783025865
426207642
953222036
442829763
987724460
276987940
858025134
937169622
990368554
642959767
691830022
911588228
831196518
928630816
628508817
262190032
798645804
744359451
680844784
922295918
856201657
319966576
826058253
303602854
490689821
625235988
801180165
691197301
531689573
596982672
379723793
963680049
546999010
515807441
818244099
787543437
594210198
995260485
797029930
743755339
769278430
821938479
664128205
344774958
333002510
781352416
554794113
790634855
872154265
479887780
311041313
856571757
440578112
688415900
996093309
827936360
230499091
262335668
978793297
499768670
667214964
980405896
429360952
249918941
665752704
804366860
520176318
920206058
722519619
224192294
457681729
119152763
462034136
737046431
342936356
286001483
71504385
579422647
562724487
652017223
597565728
590077150
539011502
351701429
891813561
797510793
778498531
793798371
824839507
803836773
377000199
603433516
895506755
360277965
435697261
746702431
519447260
430747179
507836620
571419508
536236927
541364572
359668712
691521172
703907683
625624149
840598560
496304099
892133378
989058328
878865199
755900264
637628145
867567824
451731694
894660354
958190417
674564975
983471948
456653140
654855657
751749957
636423020
106778337
439266883
85518326
939636705
942617047
872926187
768781699
516696689
598726120
535132497
171660186
367708824
851548464
222937581
227710413
752035064
977757357
117143335
680903215
908050796
713430815
910406517
846755258
992080491
980026777
129759781
599704132
298057129
473873201
618904987
317994419
553631603
652017223
992372123
373061974
874769836
963155020
337954023
347001337
903589567
949630483
982000363
265615231
960265373
115382440
841474642
148594648
787242881
910319882
698730760
734587989
714665357
593485962
931455298
717951542
644622927
655920011
503160638
821924843
559050888
354631622
517664783
790185254
729321762
704294508
595082924
791968001
965572446
575515912
618638547
806688068
161632254
388230831
789925131
202609456
947240057
436555215
643231505
701751793
882847523
789831875
855955301
558112019
908050796
619608417
692451446
973558083
758024070
450925285
386132135
204803556
525918352
266392282
742593105
907615531
471997846
580126752
902442703
861432700
620408709
694899275
677501272
808000089
897910010
556181144
868240023
976221343
630625506
430016048
746560281
660433979
655638666
714044382
937015954
570860827
879732108
958452889
746920895
550019086
589295302
905622832
977720984
593734749
912404255
234512537
836341167
824199596
484726240
148573770
957636632
820829930
336346373
87211930
502786771
906876275
623547576
149135645
533154030
818210619
782847659
338319522
831472190
932264329
467221524
909783140
610241977
703152997
973644953
602446142
829314812
985755741
832409840
474347529
497116794
789240632
993580139
644764561
998937945
283580681
658220892
191585244
707017123
454957725
731572416
995183296
618328738
688104264
771712354
751075357
758538393
434776568
695520486
932634164
128433740
769090345
630098211
889981498
658956715
470250106
666336475
776964351
935571533
525290360
597435215
783828053
936877869
953113999
760052499
762843550
246071646
365678382
899067864
706288316
660013609
652490764
858025134
816604332
769711765
648302791
961707715
965939070
856108981
736764492
802110313
669025384
487364697
890886201
582967937
701004526
604942309
765889464
652511109
957349336
518304878
677549836
756025835
621372891
732495647
272014985
609307008
641659211
755807766
868014782
942985068
752246062
827978299
191910972
904580830
485596928
880795399
990109720
908002700
347750962
819492773
601720393
350212665
584258827
771589945
911188501
995680206
747002207
474334782
192527101
969447039
684326880
236363466
899255513
750222899
731124894
581578224
789525728
711787256
999856225
881199475
903903284
343278731
846302574
445977926
742924126
795394889
276062788
475997159
539540874
594979429
629832030
986687376
953840348
983128458
695250459
921617399
326510952
913596569
950859068
922506853
931118434
98734892
946063421
550019086
831826592
683108789
297134316
328040699
929537901
867161788
545480659
590257378
699660121
379632762
254095711
660705809
886995201
722598578
656946797
826292536
983738781
718281324
993201167
922826188
691197301
219323295
254095711
536838316
770832204
846382882
831929071
917814612
871751780
799119375
841388710
749481415
647596909
485188383
586349084
987724460
500940799
281673974
813721492
522044788
231705107
270972668
437311274
981600459
934751406
875746533
213375957
982278807
974136233
269365282
886964403
944677992
788539373
993044744
491470782
148465032
288419795
957349336
586428519
487299867
739015548
838499756
685191503
691781128
975827061
590024332
881199475
666084863
664866475
957161391
764279938
778999596
400876497
105121522
391201647
636949526
366576507
658895465
943375631
651157538
808266113
597102241
886334720
128964844
674172353
827292752
802110313
672725663
877627152
996391687
250152264
326563100
753598856
905008607
516298079
306862092
884295610
620400256
940099283
341367922
973428829
214158259
870807459
326343509
325688851
840681221
817695423
995207364
878294627
446387352
85594894
993201167
757179229
855279745
126330785
674927970
414785042
586428519
451769634
963102586
876109588
789989516
905606177
760379565
662776555
888053609
740094924
134252827
921643664
893959648
788566189
617966667
949056526
932634164
919978754
216694018
480499572
324458311
971895464
234089352
903461062
718431455
890658325
602517808
883240006
712288786
797674504
601543425
583220201
666726563
229501773
161104564
775157986
446864043
919171369
694224997
375499001
956161833
919512511
848031442
661523214
733966284
949630562
988038354
421870865
354481505
949135690
219011957
722456603
945438737
848031442
920809252
822820715
947233984
850504730
957347421
502981686
666805700
644008713
374856640
871020637
891162522
818279729
529965065
806369481
980026777
407957693
587350822
780282212
370618145
502523899
82968013
866221751
705743894
929727043
407032336
382249829
678699371
820474790
567544754
593485962
787697441
724892354
195653432
965895737
198761315
678379005
817943902
972445018
407910082
442448362
979824570
752267285
533765840
859643710
595208937
910334399
984632196
313571270
963155020
857679779
864639289
944436222
985582380
506719358
936175643
255333399
916172118
304628554
415217248
975324607
820829930
760533955
872533666
569157694
524732100
951775589
663254040
712955300
973581430
568112049
923128225
868693649
664881497
904547286
173565725
596385966
300074623
666084863
914431126
913300541
739015548
965895737
820137331
648807571
398163655
603191681
927675551
809410967
874078528
931074463
838277578
751864620
892154439
916514752
359684130
995005845
768586310
637544502
993106972
481679339
532214088
283646334
386156400
193146878
297160627
758765988
636643818
491202631
945900871
935571533
867899670
938075452
823369691
601543425
207644605
131741797
922830654
908517517
662292554
948040107
558862397
865968066
629953001
820393352
820984101
728978875
845733316
668936184
795006300
862501061
996677595
959982269
288941832
934037497
844195165
998256166
797778083
777685359
624490769
314274159
883965013
347164663
936715209
492653951
963155020
819106681
707515407
486267854
596216467
302510648
789933392
107457736
473865974
771830048
400792891
308552422
777899947
987280492
436967109
569823514
605043243
956229741
410796775
668905959
326723940
318834772
744789933
195063747
628508817
898367116
901785000
613526353
651157538
619749471
583215263
432488268
617595480
638845759
917320524
619050562
497537447
373252034
588942254
661579738
551695886
940551457
671504284
408667447
649001973
474196484
160600226
776964351
990444613
943049327
856921256
984590991
507515883
951826869
791876752
498862124
606213824
531629188
313726728
888921552
496304099
445604027
959791505
58985299
375214715
805436970
890672373
269627310
841632142
751109428
624190304
927956997
318147356
98333555
841388710
976447325
989153449
681772199
728017826
414518377
441999796
856108981
741146139
845733316
982275571
672114823
772112319
209099978
570213621
835023595
771142849
319849891
544354817
792050821
776951075
930740209
620992459
699677031
789989516
648671739
971024921
467171533
734764558
809664869
161545278
653360003
574689417
786609449
630159858
499103954
771142849
562948936
827985747
771475905
447723528
703024785
328965338
559876794
725619714
920948401
979658441
803718761
559075726
403227730
788427891
966459331
380986460
827905853
912610288
369553201
871346593
943093130
474424081
655322356
340501378
691337281
722525835
995504355
914431126
933475906
905322204
838052445
683807793
849804969
958013689
737396297
513954968
188244674
536356975
482332194
159898732
142007558
434810967
410327011
792666663
938052189
882877274
450730101
727496991
763398278
324769099
955661710
202199401
956528973
777362635
818473580
900573491
544691997
591881380
691027404
742289611
261449077
938509967
82024563
235551792
769234039
254194581
540257303
507576201
511221805
683118101
165794885
624836918
304677738
605873298
706741422
829748109
912243647
801712052
913201226
220836748
688415900
514044112
501133925
603803000
282648961
476233904
589607562
796394460
953061652
950584139
756746887
178491446
789933392
476688549
922729965
738381732
766345787
925636434
884987921
557774237
715855132
949693589
904631857
889489408
940483104
549364829
959633223
177120117
848041265
335111058
542291021
792013118
828632120
629767077
806955070
905645337
789925131
850504531
690173469
684607989
338339877
549364829
47498652
366467147
700331386
390856034
932439155
635934744
461801885
978174239
768310957
580890556
873079530
752051582
536269977
768310957
921027250
675580930
982740614
454161557
421111336
882162559
954671987
423935248
774079142
928511478
904714103
760629271
512810820
915647874
136982061
685528221
743873497
742865647
498791944
822472740
920394415
77100979
984033256
929982001
683088821
894747817
546145046
683770124
859643710
820984101
893020975
738540205
498403359
771548276
382510434
717695420
945561509
884876027
805798126
719917820
212708289
307495487
305169389
727874809
552543956
333575331
304463735
823652379
663055738
808613107
658069837
506532561
583824764
691389087
822879194
943769478
767532298
699201439
773686442
522571783
939249937
972488078
138559487
890385173
574315016
612675037
974432164
671280137
662501530
757570899
866022151
903455578
761023931
973428829
421668700
956407847
499634091
128913112
656248805
893020975
837134231
860694428
948730898
595208937
521954641
884268209
355118708
992163075
765941618
452766323
781553658
861265566
951573720
304394925
860194213
882936270
853619778
803505611
850749993
861900204
884964121
579884387
992080491
199390712
837528324
894660354
646216282
649792606
582305769
818178676
920150267
349794320
662346887
543150142
493169167
504093664
127105346
156172050
959511877
607643565
262408800
952943270
930913455
914234962
859643710
842516289
418119517
875746533
152359783
758291900
855279745
872592233
896303616
970488136
691759094
992746596
809410967
955163263
658964078
653463078
297263245
828828070
599000717
157281375
832255019
902952182
901830918
691443977
684326880
510649948
280390767
803088133
632083073
736852612
555154920
496018976
434991293
934214592
669348937
154733880
518757291
790993930
831576205
897655322
554426317
422573318
906328808
386835672
554426317
601116480
348833973
836031206
649250198
432386651
138559487
803718761
437409668
640989517
655579508
795337247
200419095
746049770
866022151
662334132
435743547
868714788
294949327
868871377
934283081
844874426
775621378
713194549
692460397
529171706
576710328
799740325
789941528
969780348
752544433
890910838
545226197
684621886
754906533
830691584
642515549
950923074
374518712
181667567
698593487
840667553
692143278
841632142
370339841
418903157
344976888
299061674
799799923
924217354
946189998
651517378
450975823
983442951
310078493
924217354
926871831
933096326
995159167
970488136
630046218
565614781
885309272
790185254
653760261
972094355
252118994
665434953
934890651
549212058
382616108
626855260
621243884
582781063
770144537
370823458
928522420
939992649
667214964
442448362
182221786
707588088
815765909
852754804
263580575
983569810
464794854
912667659
347514439
467821291
859012718
577819526
973013743
153706399
24699912
371110233
568750475
970864537
655920011
253908486
729796266
820495985
723681188
255026888
964562302
709815107
997252432
608172248
747865794
569439361
876718317
969891465
661517225
702476882
169756999
85075889
846559840
834483337
709416441
623776127
872329759
953549167
823569893
779339934
995187593
760179983
40798721
684557774
890844619
337130614
937709907
885309272
885018671
732112920
780436388
895098436
990881576
793195128
686332171
517066857
199643762
837862672
505680213
218916940
402641153
793008136
920507172
797134782
659523491
359517961
620378498
75239864
860868215
258566662
849804969
666134781
854933638
871917816
204644310
901405066
860873686
870378194
719407166
834288102
601575218
424592314
950012981
991647883
811157679
991734962
781598795
857268182
260980314
977948217
498530014
242584076
536779260
943049327
496545008
314974828
923884452
300976148
551465848
559786058
949529526
768021733
174634036
788090203
424122489
913201226
542741344
593035307
385381621
488940450
391582079
261594254
920879337
732368462
840544500
735054283
358568096
211995547
431186409
887526926
732233182
584119269
181285409
424122489
915433845
797413027
963905289
317355671
357783560
699959893
974282016
472538241
738499940
296663188
935571533
582483010
110022656
449895163
445678044
651201005
889651839
810190824
111696653
450322411
901784912
533786746
819787525
329289056
725167623
781883113
806952981
691148417
725919445
780436388
889548179
642940634
646018576
279092896
187966321
634440356
359611494
845688079
386104194
696637306
783408596
943651659
801630749
615445180
733026959
917603783
685385670
402202180
566559427
995438373
183860767
796856885
787056961
172312029
159976642
806955070
777028433
672746578
995664594
916277613
350019035
958644293
855085108
115456043
877489177
804437103
236454748
617067177
919512511
202798611
526077588
188904375
348096512
573884279
60821229
686832270
883349802
377697622
958038371
949340245
878384922
471545781
889401360
332945308
510764537
979824570
844577854
623118659
379206724
390778265
333776885
97473544
347161572
247370406
956327589
910964125
831929071
924172144
751864620
991206840
532604264
910491575
561586494
987198854
822820715
963084911
868942917
681029071
470398651
752228916
615607131
757055812
958519794
928478722
600912493
321470825
356119977
932306331
419726175
875968747
831576205
836388550
672999603
930216867
648302791
386550081
793195128
243366296
669069135
926919432
115652107
832626753
893263788
365758050
910491575
663016849
963905289
951281752
786882375
756746887
944149949
627391150
916277613
713180346
658903121
374603679
659786750
279974361
32858359
692684409
544354817
295071302
652479636
895042033
817516979
422300062
486390321
436092618
976447325
962631944
791247020
211083308
673471432
244444385
735054283
591309299
898288162
773282750
134382882
953291484
493792667
983438451
914345074
159540494
729146541
829049665
346933053
678109785
628524225
758215152
359563167
895865204
462636579
356240432
842128133
516937360
509410114
733026959
919989677
941368311
656243267
603504496
532460412
712955300
463880832
638636187
647967163
571487451
594142039
971990600
356159318
978198710
108586369
584619060
699316779
929705453
832586998
672999603
793054706
255095067
692463224
670068707
368550861
785356537
975201334
122454060
560165073
933463370
235977773
524975755
979056441
804508998
760179983
599662323
367530360
421571096
951519125
744265979
703567395
872008338
970831382
771258539
101779798
241710230
354649763
410090635
955601391
968096527
977105600
863692990
622926497
267697379
407886863
734518809
521526250
638393542
788657621
290091066
375499001
719014487
990593811
945372381
605655158
288229112
506719358
733026959
691751245
884060381
468544473
658844162
224238955
722469588
733465997
982815801
659397892
304506353
680421671
445734595
801450485
896404294
358167966
719917820
614936826
586166828
513626741
483374080
855648044
375311394
709115582
160822773
905622832
925483140
662048778
701651748
674791083
761068012
833247248
657920126
770499986
840637411
269484056
930145923
939796928
965752801
894665658
543735018
966415582
668339481
535163558
264814489
679080341
790068046
830975854
807662714
861269278
890923039
103757264
498295003
329501276
733085727
996391687
837346519
329019959
931901113
248604628
779738406
776902896
255135482
232128896
634248511
892698661
360586044
850047161
507865455
470404013
709148771
793403908
734431568
670323907
648338551
771258539
718856360
956161833
989631107
724276556
429957543
637515370
889651839
882739632
926463697
638410191
822712181
368187731
984392893
208041123
667109140
836594969
295470645
282273500
970796279
887710174
983317539
963734233
912576617
973204013
494082490
984979398
217104055
968050504
807162947
783916875
691726170
807524056
857681574
572205375
652754907
185152653
796775020
427953009
933298926
845805054
702260172
935549966
897990215
438987481
833299100
991647883
822472740
559097676
685375914
686645528
867761031
618626386
467684438
341866417
177425244
538717086
645665623
668178279
559311812
619608417
968050504
957161391
604415220
746433091
735464054
935114820
842022600
553953286
971738308
619205442
943538138
651734599
840366353
783103821
807162947
389427160
267105871
688449848
537350838
870531104
618526654
624763776
778045048
632586756
503970181
670016866
390312567
712907439
939172984
710958804
799866051
227623150
501370985
874760274
342307223
113778926
452010733
651155554
889535943
653760261
814258186
915123001
399519558
861652036
234667023
781792270
824245242
815633541
633748256
681107204
869539170
916493996
914858987
933096326
854291076
183969108
380599069
916493996
108127353
887743600
892708688
855179843
724710438
695250459
720077462
573884279
978949083
352236219
760052499
580717118
261624241
813891527
568312988
290979554
787279205
830088010
975786055
831472190
900695374
606897341
925840105
851746161
394138621
719633905
938509967
748227861
364969318
857340556
773045153
929380772
797465770
799799923
590385796
935345573
483161304
736176564
838885850
897854273
655004090
356999716
536413215
619130589
939726738
766640584
875633888
747517577
267105871
330634752
205315450
863569251
771020464
567233254
554967594
485253708
676559761
626012466
867056644
493964577
705626226
372974744
722892210
425917526
802063825
982945990
785589946
622054961
736176564
598040366
764708783
717195525
437780475
773532559
820915078
747263489
569359020
199234843
777114522
746702431
790162393
983132621
586521176
781883113
719153884
900881650
209646759
420191818
503160638
654691273
683689227
787056961
785866471
857047869
809410967
421645517
745183065
442854283
823128512
883161090
359091601
595541484
881501590
652852506
980026777
877759072
627914932
889548179
934037497
118249217
716051555
653391922
632026311
994130289
591919585
619386222
234800836
816464819
622559413
487168194
688344656
659922190
417351859
497116794
405856954
987285308
682078868
389261411
406434403
457570756
499764206
784271227
128725704
603433722
801630749
964975240
650437693
916493996
653288752
326513845
210059487
995948063
479950226
758215152
715942771
675114288
678184265
268976924
856661303
548708942
375499001
642646684
927785843
663969788
149658737
372776443
204161192
691296137
972062387
421968958
743755339
568664910
925483140
232443251
752750991
238204873
575733402
697551096
354284571
565584349
985240668
575882840
373703477
789684741
414073163
238638942
615445180
652202357
665822158
814157943
987440385
906846939
808506298
760894047
281851371
328016193
914756631
862117653
632841800
905485629
328040699
889651839
480140653
376927606
261497792
705785358
780789460
452927699
978456531
846996378
504983987
888931298
818017188
348352510
741652813
923940052
847620001
358348145
701651748
897089393
895506755
239114192
973758541
260252990
646398135
424600398
997645177
833140067
788915112
746869688
946063421
223724599
867568722
518556846
915746586
560300230
883933474
661982324
962819846
839100851
748418150
739346217
333847337
850588472
964474393
758770543
766934320
238693359
636423020
839999053
855955301
609173441
632046760
708507329
656681699
902239538
485310760
822315704
810248294
753368553
338744116
915166291
450465092
382620798
638732722
711343288
819543927
917574276
966459331
225792396
989178509
729992940
980550535
818834741
634735114
989181399
663057529
270141121
476688549
909106969
413940400
400411003
935345573
212034881
535534235
708899843
806254686
903752194
788684864
466540922
776608958
969781984
437333260
793617320
734088630
871081339
790392852
727545262
623497108
416804915
938614308
567996283
756318081
902928264
658935005
850285840
847832426
710702648
107133485
659376028
818287142
626454376
533145218
436821746
639111004
993539776
548327714
596668131
883463796
908572692
726134123
465879512
422674904
780436388
956048010
955346288
488573763
733434357
641883413
298095077
578525879
573393006
879744117
799006178
971746318
639058978
860352270
516361035
963344092
520216434
943681330
863859274
958101480
717951542
873301852
707611232
911588228
781094379
702947386
919574539
695250459
842893389
850285840
977795018
341294269
550808378
893959648
517974557
464212813
607083187
712454455
153387203
700781446
661579738
672702511
756931511
999736252
750634505
631054996
997117693
948730898
694368572
944625276
663359599
855292507
553278139
836236929
668583963
984876571
782246738
732681900
560472039
955631183
722408931
335407336
667441950
697376606
635746318
607072419
983326127
762791781
645015519
334304992
460701863
971200790
840598560
968828722
879852649
468692178
597153522
436554479
703076932
538247737
174303856
641404103
974797798
925908307
812415133
873189973
237792471
508150461
370566491
980032436
810727113
708721693
630959958
793617320
571550606
858583725
963983142
543477663
839679284
504200355
842022600
841413201
695520486
786256614
929982001
573690797
571751733
779738406
843238825
891211871
648981868
647736873
681104901
820495604
849802664
941810076
864904307
868411121
377177857
748261508
599598656
969486736
733313571
207080556
438766703
570936626
960265373
342290237
980060636
508987010
577869723
699874689
743001874
767451812
352904627
684933545
661325143
330640079
808313322
938973966
957161391
477840644
430337037
756119900
497184038
705256283
337939206
680899426
400817439
983317539
54484696
784468720
929230317
856053410
511938539
606385479
362497585
689120071
697875681
297285494
908545610
577017091
596115984
495361470
483146847
598835788
932017860
517413673
559075726
722892210
969416915
521954641
99226521
907647384
794045057
521548676
291924335
744611196
518087115
586831894
897089393
728549281
498077353
911933859
896201868
507500703
437780475
558112019
788970689
989961339
857365366
643707370
487796102
930644514
584798416
957127731
897475854
939229272
479264548
802963939
643707370
834326630
166743614
975201334
437153920
317725697
933368285
941442753
102037694
488407286
765640238
526670874
873542765
639254709
773780487
354683280
668990156
138009145
719647338
975224703
996627501
722892210
492429331
954110765
799965791
598860001
579049674
386376086
863663087
939398852
799397127
893955740
686706579
861975321
341002738
883349802
615969676
858227918
474125758
969815221
898259012
628261792
583840073
935005210
953551580
249876355
270512039
312432661
959334284
570013656
884268735
471208896
830082812
768323167
624836918
892506754
767501942
867289130
518050844
174581362
570086389
690115752
758278695
720736629
930593420
307142767
466069430
631158992
761147834
442044272
763158705
654347823
810817186
607583192
359207343
365012386
979481598
852062728
470961297
327950564
52803892
608501034
714150976
802498242
867761031
835850158
761023931
939726738
714150976
462045894
491322837
884387198
909563785
479264548
910229767
688500300
607643565
986806483
358004152
808710629
765588426
979939765
255323626
962581207
798865171
493806930
418672719
561311810
739015548
556191234
463423954
817166495
808723283
409408810
648302791
375280750
966236748
855811816
948265140
773550510
626236361
668333617
383465766
829914323
379389127
630641237
154508524
830553715
485202497
644903846
573541778
960697312
937095190
703152997
952753148
680051515
497584421
745183065
729831803
762193635
935723976
518416062
861397158
920879337
858453396
970864537
278451595
393402531
916514752
892612297
641255042
514878186
668337826
709897453
765749661
874287840
255581385
771238624
988946672
949977687
372362171
150743765
926195541
727644315
662703539
729837042
145136574
766934320
819643210
938374060
927675551
881398614
791568688
974722607
648851651
484220405
886012277
623471191
657552996
711485403
973679200
284879083
933475906
601575218
753547441
604024312
806131325
340735150
753368553
305323877
597435215
500615995
468544473
973222831
524874818
622664285
980935340
677750609
376545500
727995491
665246444
638688637
520216434
978542103
833505784
892331390
850456027
847202669
820398361
594469490
587093788
573957042
791645465
174536028
428594033
585055744
845171748
566622678
711491431
987024006
971556782
652800543
892719804
962346354
927086455
352406698
725298801
550606239
606935885
542728757
839026835
638393542
495909387
846816012
369912961
895171188
781853154
608501034
657552996
550895820
771468609
666336475
442262030
600724405
893533945
919754900
589894901
838673016
454318091
773045153
840913055
728017784
774979595
272557918
821472679
958833650
577827912
965837734
809673028
674811559
463976441
375927286
605043243
505300096
917574276
936136754
787242150
464126621
828968293
717411331
364599688
419065973
428699098
749841677
914873558
599000717
593485962
943940202
753047595
830031602
838218258
791990611
601810551
366714138
181257229
976139104
334174446
717052266
900695374
900513106
901785000
913784639
840366353
714706290
865914452
586251388
865537978
567966232
827978299
699248346
713476504
766666846
866025082
919893199
572877814
853020588
987005501
400086216
796856885
602544967
964055668
585099099
841555952
354575202
132419143
865345871
98285526
828863529
167041830
419832325
921467028
165810447
993539776
867265831
927519863
243448876
952426431
662292554
890220836
977105600
167172981
990368554
848445061
374155121
957777661
221264176
650176923
837599208
397282188
766569737
807749196
809355765
689732164
382620798
231076656
886820629
644295712
114455669
686133739
872882189
191053749
970866826
285142698
494676654
619608417
591002368
364533683
565322203
592897943
771238624
271552960
856053410
922459901
743578536
939992649
803734872
541857892
544412863
956048010
487454490
861732513
657011084
440179250
904263826
869093369
843531565
994694730
678641755
753177921
239294582
972062387
493027805
510582046
930476602
780747756
855367826
917612278
862768007
650062626
724091102
781615043
745657666
500813426
632231637
540584248
657328958
625598069
456179739
926386194
780860572
952822189
976906639
697445766
711997741
643136147
705626226
759775238
862194164
748227861
297285494
948663387
776470947
482820283
398346153
521607764
698310942
750522335
885018671
975971699
160455756
711739589
524464815
892745534
991171498
551695886
612108649
648013966
627653952
988738296
760377430
350652098
603992239
688374023
890654860
712993281
891570678
586166828
623230042
44633516
541800790
238771497
831472190
729850644
407386381
922808547
978315321
222192846
992372123
241005534
724860489
678810207
496545008
801134003
236853905
401565853
962512299
295653199
620207307
261884073
988559893
798993775
58156215
573556017
564839378
625303818
546234444
538507493
622890485
960697312
666436947
799799923
705305230
431178071
277262309
450316780
529411446
660633024
526481222
745183065
965939070
753568000
694748930
902160656
333924897
939172984
491014408
623118659
530282005
888704108
999871390
712515238
700754319
612559901
739911306
792270656
575012498
961061704
261742496
661800952
524481312
941381868
410796775
243234698
906213312
329932152
379201220
671157435
961362294
208398096
483635420
506656919
296646221
295842427
872154265
783751314
409593433
496018976
857039548
739911306
558862397
237445182
822315704
728391061
206464948
442448362
741945423
771238624
953840348
752035064
703211447
991880701
725919445
681811834
677463451
155340907
407801344
735526145
398965861
594652735
906810556
612361282
822505728
719234882
387281344
727081310
336924111
952721348
693351842
428699098
679192432
526040577
911590915
914698254
830139263
867261869
825294619
789455424
690149908
193294748
761147834
496116071
660384048
677504232
658601413
436554479
487231673
777028433
526521071
841185504
784585865
703545166
946556902
706205209
775497039
539994693
243458355
422208712
802498242
742924126
850588472
929247181
519563606
557467092
553349858
243598230
586935415
906033300
653758319
834822018
859349059
857365366
895388152
782386561
970469573
128433207
845926355
642959767
547607259
673200051
61825974
568664910
446609381
513245483
968096527
675916868
172561516
758639104
804585847
69509555
736750465
606600709
293327805
386469965
986665700
910668291
842917711
928522420
497737153
957862467
965895737
260472948
353710534
163695519
504340239
375311394
654168474
207801283
840782759
936679695
451359670
463768142
735151161
752719596
968341643
958100575
778046817
643469041
727786431
648869196
964055668
990260756
889212627
211075738
272139830
430747179
674371505
748418150
923102072
939200289
612008743
977971685
567519796
720221445
649140911
995299645
996033952
888475976
551481291
434178218
724019102
599704132
715628923
271409436
704182888
931392747
352400292
417961759
629725213
905008607
958586288
188904375
349794320
396030455
865740030
711689325
711415662
598860001
627746859
696602861
813141566
661101892
901243492
334091820
936975353
865537978
400365300
922516967
954100475
957065741
236099801
691148417
876105758
822505728
786077237
493621874
396472562
218659511
842486334
407163877
554967594
988365818
808613107
821853276
812454561
879975117
867161788
450966056
893464268
889174806
558761196
926195541
936412473
430048516
639974602
542353348
616617226
488747029
800114654
939767381
892838564
532302946
707263322
555011784
110682389
766215375
527316211
806955070
344710621
906247166
882755462
793798371
591881380
566260407
922497838
186161110
847620001
701751793
950836175
745655525
905645337
734930658
982506305
795819146
701931209
994117485
926690315
782684266
549901232
441720879
960706534
326566690
976865271
267184101
900695374
569398989
893128537
254462218
180353931
682280368
700754319
619050562
512415526
154713930
115652107
753521636
299420112
823337625
821621047
465745450
879832803
814945047
731124894
861046548
272696683
882200316
497016744
652852506
921977124
811157679
355800412
752035064
644903846
847501916
948882669
399476357
373417117
957749003
974884534
555076107
608453441
377470592
969486736
848375255
901478078
611580072
457008363
567602876
897007597
898406345
760073237
564161721
333975269
994117485
615969676
488884882
842486033
920026812
709563764
697285521
978596853
978596853
560629912
542451428
586495143
492050988
569798037
819025465
210928334
537882535
902666726
423469535
708575425
405797008
352904627
770499986
649140911
225671941
957764865
661068256
898302006
985037864
937031769
121645695
337794578
868009480
778255796
377110478
144993843
606935885
376031484
692460397
354721048
942842395
674371505
820137331
647660192
219829630
530783626
401032855
655270637
476194712
743755339
836594969
852460269
985582380
88367122
937341010
132501433
918744898
804550001
866381085
640390549
704150235
752514365
959511877
494893518
92988823
992103819
978008321
323927787
681028133
771238624
175180197
651155554
220831448
839982328
994130289
973883153
712491703
493532415
839347912
585089901
775189120
619229000
459852425
295181403
389636345
395031233
764591529
895014017
871578739
664561373
774954337
924296804
727855754
694636081
793400666
954333667
927902201
957158076
589829523
316538403
693134727
460143157
446636589
450358680
868714788
912241805
901704848
706813188
615984627
842022600
985240668
927123278
432462355
960867439
634671090
886012277
883305573
737383073
309529298
986703117
645620244
472894728
767505590
917603783
74585899
888144768
971311731
871118174
926690315
990260756
290667512
987390798
485253708
350690296
580620371
438766703
431566285
702476882
771475905
942732269
623497108
390601808
954333667
453470734
779056168
758573406
652017223
726086215
346818074
963342967
621324659
532384357
404315359
750634505
510019026
995680206
968991841
538650639
724039726
948528297
715366704
977884342
923102072
489689655
673710688
957407459
489385032
760894047
897910995
797167479
635530155
787163474
670541233
918753739
189103586
694043764
990339424
943154889
859427686
637935064
883143347
384123738
711315449
779728974
421968958
984207034
298581621
987946958
651253323
759385562
261671584
101757404
708222394
460367159
611808896
712216922
900064045
372283099
849832565
683083990
892869233
973013743
334854912
768629805
517392987
642707567
229707612
895865204
274510200
181841927
705208976
665285255
386685145
609677394
856921256
641071153
978546956
926871831
634751910
389539789
746881362
902565152
494435011
593519312
594652735
801050397
625662060
227269144
811913441
483639457
903230056
588814643
833505784
882187377
92208413
711635479
705318629
929174646
797001121
737100499
630641237
399145803
862501061
808506298
657751410
981865245
300326919
809410967
738311524
826810296
984064489
764035162
710198023
74977168
514375007
588056151
958240074
700277585
821621047
247821477
632987700
716095918
810285033
956290589
990115442
733445570
973278115
621423124
423935248
362940134
880871394
413173496
479374367
508115557
553453202
576733864
841076124
264425086
783242834
137149815
569332262
726318359
983128458
312218143
686198389
423334727
939530650
410796775
658786321
930193301
784362763
475202611
516606507
120155607
338438950
820079834
724039726
416101790
672725663
406202426
720194661
966215891
594210198
785589946
564574749
784337892
210465315
746869688
863201717
521283340
837281350
949699839
809879200
340282422
937729563
606897341
930637466
387402555
941837435
444034049
307147703
811601814
825822561
276991868
463645999
657328958
675580930
884964121
937655520
735157789
534356959
785600932
983569810
730449568
693340185
860587768
721910190
857324029
672725663
917468674
597890155
372283099
917814612
98020093
911280442
648916141
720530991
693464507
954110765
152637403
230389663
110338987
996080704
789758597
964069695
494764460
805334876
516361035
742423592
840058917
952943270
692073747
444376026
813721492
830151431
700876463
173649416
546999010
786256614
428373482
566080597
178426689
752449924
981600459
559516305
878119204
342936356
585504424
927659497
297088022
548071361
483473965
28063235
775241205
746898032
361147249
371894678
683344590
403713312
865947403
827955714
535569733
87319449
68407046
448765968
877959242
698828113
835811459
806090943
212901408
902921711
741722255
583840073
700322853
827285176
335898957
776035376
958595768
651139818
704190033
626573350
730078442
523351991
551124860
677945457
735151161
391969324
790180464
778498531
713767106
968803440
961046081
459927601
860759810
513862365
938509967
942497701
70972181
679680855
706981704
871734351
700942452
428688671
485310760
523255869
877701063
283046296
629953001
416051569
715467871
914858987
404665463
838056703
875947257
520525419
737039687
765027557
980302510
965895737
549326041
501439300
339738675
372084477
370256546
662987074
423784931
882178250
644971724
589183604
824715516
242584076
914696676
281570382
315574472
39005581
597896227
910314505
995207364
389362047
661034724
806686394
608755565
163695519
929057706
843038507
697138299
732286487
370566491
766215375
790085051
539068583
507371210
930117492
685212610
967117040
909911610
651121704
235249087
563020906
700907376
847201622
962275657
424809799
611612470
872919926
419726175
992784692
792666663
756119900
995187593
691961075
595288118
606600709
867904095
602802422
846895084
63230820
838218258
686377790
424601696
659599692
960031438
931901113
678810207
398699191
943940202
749760842
168999901
846700072
951369830
900731013
969780348
699838202
502187464
808886609
897583487
652040843
466285448
407376391
461028795
610925346
524028981
731522610
669316415
787310642
290566094
746224903
611910385
560853734
931173568
782386561
189676163
324402461
963102586
724298964
210976214
854381867
823286332
555120925
783752832
817349171
885313914
949699839
668990156
751391339
735979930
675218173
348571818
650927497
699660121
442348502
520277589
428763087
790185254
602989880
982278807
438766703
694399917
963983142
733465997
686981327
348821823
169179934
893841795
865345871
591135567
434390330
768182571
862501061
313467718
734431568
964789811
944588641
850456027
545394509
705208976
399569268
599598656
876475381
719166484
732867810
913612084
672503843
763835735
247376093
938771612
704714226
231116103
662480645
416753250
866821536
906864226
879744117
802990590
703910681
263542787
766054227
848899541
847798537
506719358
101052719
483864185
871020637
849832565
375222449
920584014
762436222
598870343
944631587
406531708
860949500
875865578
738792570
431686263
958488076
710654104
960555889
614830938
954753880
328040699
669334969
833057460
828640949
608050098
972851204
440836605
602979716
806136595
976967754
740362238
551729612
942412831
796650266
869677593
658283020
95014304
882373316
739375089
581413957
142543748
475968778
426147076
963254550
233979115
634913792
296912461
734291615
633659924
696717505
482986784
706993718
655537470
523115671
714633644
425497187
756530432
805213422
957310193
269646817
986751895
322782564
915693894
749539312
488849015
502981686
369551249
882133462
691148417
563597228
282770103
192516751
798297407
811913441
536314099
663016849
840803459
851923146
277436387
859012718
940483104
152265106
867567824
463530516
481586744
739602548
109154309
321004476
526984854
299195467
322071162
929982001
973621096
678209094
821472679
975838662
533472198
904569989
629903597
737504900
486706401
969686686
744519604
664866475
832626753
956927129
835768917
690670890
441123905
516790832
794991743
684712189
952721348
990109720
783409112
721891494
418095006
807024731
947218542
847888618
530538638
837281350
874237307
205030178
597076369
790067779
830353807
960586167
607978647
729837042
595899928
930162670
850456027
492050988
997631986
964789811
798079184
620876487
984690322
484843362
326566690
419221014
579545804
919137840
482626249
717195525
652804059
536611778
764497397
846727650
247046972
693876656
744287767
479916764
884838895
475240304
996487787
938104438
435441196
593552798
625123326
561651268
991873959
653730450
888931298
985699572
577017091
826358603
985736760
993106972
570213621
237425824
455600575
943383748
717259333
781553658
484302385
986538185
583759021
503072851
786276915
424026575
699559814
692657793
818471993
783847425
773550510
520357193
571658019
991873959
501327227
688498192
161283781
912435413
459853167
109573108
724710438
877243792
568750475
930327177
767899616
759386928
535769321
900695374
801588483
489331090
940099283
857039548
504200355
726134123
655741309
824653225
981600459
309791653
952249304
910668291
752805144
805607527
897854273
784791225
945147284
673200051
998468404
744388774
544934825
846713953
899839122
452287472
181868204
540346707
987418632
278651555
408538997
835001387
937565961
562724487
814181081
795394889
945796870
911906911
545897009
295799951
634650898
544758159
604112954
758765988
814677470
224795474
587704802
725619714
768029024
683807793
757315987
920063320
860175705
223462546
491463247
178222643
594878277
155639890
812635824
428763087
250364773
984392893
706483194
999816845
552117114
534954143
509324440
807598465
640576151
594757235
553817719
890658325
991880701
780251312
301797563
683387207
942985068
647736873
532214088
800591835
856618528
265615231
850504730
791100056
978917702
518927508
186581608
520108293
202690799
630085232
887798886
148230632
692073747
697431465
711049525
288229112
984876571
828640949
891379772
732286487
212261967
574927535
207801283
686133739
897428280
663622760
935152667
890385173
725317307
831548077
855955301
938771612
704931245
730078442
496596355
570587546
929467323
505400444
439636934
412237589
889649487
549663412
983132621
58321873
987330860
983790121
425917526
348096512
548172533
609891745
925632593
493874926
577175478
517897972
944721462
902914729
852135881
771067293
649604359
675895736
420803047
687352384
260678539
806396109
796677839
750227789
199685037
910934023
648013966
877737199
548761049
720077462
678379005
863352975
338143176
759751705
739487487
488383465
643231505
265615231
895890147
957361704
861732513
82175727
890590957
864829725
990753214
552853169
879661891
686418573
929499923
673302902
771054315
855367826
979758899
587052528
315703671
904878727
719647338
814684197
552769868
528978303
748801545
899445272
339859811
290531058
840637411
884492870
893841795
280068130
948330868
909237160
910260411
362192642
431178071
904093823
835850158
852118028
485691400
965752801
903571390
935723976
546882478
734055392
602687881
541800790
738540205
688170401
859012718
925632593
935316533
272726485
498973367
625235988
591309299
791050377
135159945
995183296
876910107
775986702
918790146
874280295
953549167
344774024
985582380
981997835
250152264
417223407
623949332
777784089
655719984
660684410
929757677
677722003
556819821
616746406
370641495
567468596
199004243
847718946
216362499
727545262
696454835
403698499
511938539
412499097
555687932
639793356
423096866
601172089
945117581
559033913
140989728
913921542
717259333
922586998
624869707
853152602
848535274
948634072
82038265
711787547
845202343
419546362
156199500
183114568
517998882
922729965
363965158
790770419
572920883
255384097
606968568
848899541
947184032
893020975
807907848
794816970
594206029
174548182
862352052
909553431
391152027
958966084
807404671
621423124
556503817
347941929
747829407
771150361
274038510
718102663
693288302
790085051
270722346
352539028
479442837
533672551
506768572
125496845
766705686
495126531
930029565
975699831
96032347
502017614
865968066
427313137
917410424
914389111
514671747
604579631
804466519
860301431
891336247
726341958
971438735
403227609
816356505
425461881
316619406
608050098
391107378
488759429
907384311
977884342
669150675
825330494
837376765
391502950
385774077
896482559
875010143
661318107
736165446
906810556
829605392
483453176
957127731
917384954
972950685
948330868
745718532
411771568
193051656
885313914
713442406
490389822
814684197
786236383
477037523
967541324
396523115
916127204
447964749
206658434
311060188
824246210
268559681
905027892
731962895
784935627
631268744
212901408
319221985
352700816
730634262
828571277
886820629
407886863
846014316
717105007
505947527
981134388
373460938
86040859
982275571
436208981
780436388
886593687
402545864
35949072
691340260
909553431
967719711
861030549
649799222
729875928
517897972
619597826
935005210
927307640
299624448
589743938
973207668
760379264
558313891
219651677
386880954
765916691
973559637
418226906
824642227
593025053
714471411
818178676
704234767
777154829
253278781
938291123
797029930
626160081
87504821
896482559
134252827
533765840
798956245
310190449
904093823
896303616
620184965
115893105
102600248
485796654
820821176
167033789
407241976
542954565
944494796
191910972
818631341
690173469
169893623
443807044
645599931
362786402
728985051
900573491
557103822
923156002
321314450
866966601
823286332
987567449
960031438
325820211
492574760
580415908
936408403
878576864
720439496
839887639
975645001
284723519
820237505
830778407
432317666
715628923
620207307
715722330
610481123
858667823
957361426
516513945
735096578
357683667
608450429
975645001
819308874
919108144
821879761
680051515
975073029
448314064
813159963
254845396
612340985
978657052
861432700
279873523
532653045
633195065
811476575
823375461
189591771
990260756
923951941
616493510
743050878
975201334
314972407
233756795
848899541
763305082
217845701
285275126
897716905
913964411
99690024
949056526
939249937
627173156
825012906
666164383
687352384
870324154
604415220
526077588
415910468
166568371
618906946
591112340
289704963
542649224
415619276
835850158
931901113
762791781
494764460
904453602
578628712
386542954
721896736
728187819
858406209
761068012
791669278
487753239
983738781
431588787
606142955
429210690
608376659
731775129
571171212
392097477
909837857
724039726
738381732
868267598
691287666
738229144
319644880
806371128
617459980
832262646
854719378
806824838
784271227
933661491
838645067
532460412
630298712
635187318
949796718
534310451
996627501
939249937
842128133
669058261
971893348
189232345
987265036
795484234
821621047
820237505
396454035
662676621
761296875
961627048
395324057
898259012
731162944
639889160
537350838
236396378
642205261
969913911
939900458
761464245
380715873
511723230
885015399
624836918
801228170
731896575
896201868
887710174
646557154
976563434
941368311
905606177
914696676
701743436
798440491
958966084
970488136
589330584
981445175
954338510
540584248
238579091
712408572
100804698
410979851
378579025
663483488
865968066
463848228
998859596
843246349
619438111
657751410
726134123
423421362
783847425
446195772
797778083
974158750
623842246
781424139
632629922
902547681
664962128
501327227
938960958
382411042
501014525
919304889
452767081
617231808
906296454
728978875
686209381
863201717
635187318
911188501
170871322
847238239
307789946
678979304
749539312
818017188
875570511
841216316
845647894
952426431
937565961
658417088
895413759
696257449
813890167
607486625
712993281
518736169
460968830
872090608
465950728
653730450
789684741
867761031
838902263
868532289
735157789
591121595
410228334
731889774
259718118
507515883
84949972
368879417
744287767
846713953
709403459
858946405
879121397
501014525
649298804
962016577
396638387
884516260
609565854
691492841
760863449
738311524
620624252
250394813
805893214
88516045
581413957
627633148
459452385
884516260
595403352
884964121
857268182
887080982
558249167
924296804
984590991
841410504
977105600
796313026
765728411
833232174
599563694
905397662
736115328
583759021
686240200
729816613
862034868
714151679
998256166
570949230
749841677
896708616
280747652
335389033
633470717
793195128
928079479
792050821
500940902
871468984
509731912
705839889
489331090
908545610
917153137
966353306
249647522
471037327
348177266
246945818
441371319
833272941
932352143
248875621
570439944
537343793
638393542
217845701
714197096
885177065
524233101
927659497
609493442
399510932
305534604
913445445
565595509
533617758
613222739
506719358
598743854
784222696
711290417
683013789
853119304
728017784
172465814
606033587
484288904
850233584
637214834
812721502
549073007
941229678
875010143
361121006
266825821
756318081
390387356
625184233
473004850
883548757
969246156
931828401
511150428
755970622
741582728
942269326
306524921
898318407
960454392
774467435
619597826
684526836
888272847
797001121
902547681
691830022
920820329
883906918
465491671
961375337
607119818
909248630
539073651
885177065
703865183
574891474
359534634
753687833
556015895
446814059
484749453
944627412
661115572
833315067
959882984
897089393
627183291
898318407
344582893
970045355
416754264
495909387
551326562
693340185
798440491
712363591
307578202
525918352
393762164
576687460
489758821
929568412
670990734
794999464
719553465
743763174
992102199
564525812
429037519
563985767
657328958
641713225
293302001
902151648
879700425
438399921
974780767
890751033
946871514
667371192
974080227
619252764
949457580
838499756
437744852
915693894
840240016
434790298
326680513
914698254
249308086
709784246
300084916
832519325
881087254
977884342
73401895
950195629
690032235
501168052
526481222
879364347
795473425
874760274
538073351
560567421
642107688
501541099
608658268
922352892
654100219
976266580
885919984
134252827
817677279
349395247
264382093
744232509
880030703
885015399
497922366
592311524
684712189
732145662
287687611
936146463
927707190
719153884
724967837
719153884
687946645
359234905
844195165
717867587
855335474
794999464
971301062
817925570
859254960
827689344
978425953
606123423
978841670
242606549
845836751
523928877
671190402
850504730
743711470
751269564
595565729
641404904
914389111
515029478
291756247
450967044
908933881
987265036
473742696
498992800
870935627
871102680
543415262
983895687
382542326
746235846
421668700
976563434
816103981
663830268
709115582
736473132
279753919
554359015
685313039
705069041
534241788
461335941
663235286
983850241
466415178
382055167
787644703
895865204
543959605
518083118
295181403
963155020
979346620
486583222
398615451
654691273
627914932
458096534
980026777
710370380
738311524
763817028
598809410
724416126
790212939
551370587
804657967
882936270
890908373
762193635
709003867
714569569
361085311
903571390
633275960
585729558
723698631
601172089
664142411
704234767
912079624
850412810
866821536
702445096
594757235
704939779
905008607
713420421
215308829
924296804
237425824
717909037
715942771
549773220
473742696
552360802
649420024
389022077
332555918
961074082
706657395
924567546
755002923
435168552
955346288
738884421
408343513
658895465
661199038
191088318
953859337
918571771
603918738
588797939
445655840
753568000
582483010
909140300
960009034
969165992
465745719
890493687
807227554
820829930
355470465
670168215
518582366
674625499
460534639
747231813
862144523
651234532
706483194
802370710
759751705
312326584
333847337
690115752
621744743
826928267
861235062
935549966
395073498
796821123
860122592
238153457
503072851
662132919
795006300
545161803
824715516
425868669
746948677
864639289
795049974
871274364
692274985
848906144
671436988
490018024
720001183
772080324
950195629
328658050
746920895
55022269
979868317
537732214
717411331
498791944
921651118
936789629
999135103
925515568
427097743
421270314
907691204
790039396
721661485
142820572
815003464
857090810
870720433
507245205
729454180
590153238
829314812
820917730
525918352
996206770
623629978
826261114
243137477
872882189
230284503
966509332
697599520
347111730
609761085
853978720
405524917
834132905
529965065
939020455
768323167
880770828
770438964
782684266
583075323
599048732
963905289
549158146
852327946
148667518
821439375
747231813
806467250
783752832
690084120
337997032
813953972
613444296
169599116
726134123
516361035
462636579
797984154
744232509
745091880
563987331
979827130
787990258
358645519
667683312
920411170
592636909
809890924
192445898
460011789
872778017
966660762
779763571
870229266
474182312
974722607
296603927
935571533
154305000
946074517
840366353
610925346
904878727
654347823
995340513
750783743
720672698
806824838
545684748
684008673
998059901
666436947
524015440
768021733
819583355
678979304
786236383
558642148
744359451
659746372
180684340
891738801
155791311
932919224
797029930
201392111
457114374
773282750
485199076
162055256
468872051
998859596
916763184
966206306
983895687
718980338
278882737
438682930
907512896
330304203
803204693
871501113
891492827
907002283
888475976
558339584
196747590
368712829
576288304
902666726
643581448
512029714
864029168
942067270
755433068
500389719
487823779
905460515
889248750
968193034
276327332
230015276
721292017
506729822
999257544
715872190
834552319
970045355
159511819
396557537
386835672
659977315
988010948
983868008
430747179
582086961
668041342
310833349
672915791
996161211
869689525
722892210
718113657
963344092
771762871
381098161
720378433
288972593
850483497
892708688
593980227
486628251
920406547
415792118
573957042
596834123
627923625
466491350
726858996
943115811
655688428
874237307
598870343
894083921
816134172
463129891
404317380
788657621
514901674
827905853
873036372
402660559
578269718
745657666
891336247
224588616
479374367
943372511
674868135
491400969
569332262
643989449
639889160
881087254
993203699
727614782
612340985
892855907
934214592
865257810
847238239
555120925
358428702
704162029
878119204
859724025
270811776
641860493
704546274
723904806
20211094
295783645
635262355
948765826
542291021
614961490
688818327
369408962
950526563
855285091
829797573
809410967
402204154
982000363
757463854
285399978
836074929
457114374
733465997
845722626
730791598
232071997
735879809
747720739
422340438
256438240
419154220
279244869
834271209
195338403
661798619
426717744
985957612
376189891
459633972
697510720
964586873
637515370
829525940
295186844
498076543
700907376
604704852
846120561
882134212
716051555
487390904
87142035
624134764
511221805
776155007
570583984
983577491
429788343
520454623
452766323
74744807
819643210
375959940
557329829
553786023
779584943
976990132
909753210
912241805
96944193
967077808
699201439
769031276
996474961
917038455
629832030
667054613
867717354
688764192
715263235
825330494
829331060
853908261
832210407
982517868
410415323
640088281
963091959
940312855
829185759
801721447
500655911
909597222
982087158
274982408
822313743
817598267
475921539
946132954
578628712
972488078
983450607
828968293
414861083
789198393
542492152
932813406
574601329
799092414
908825457
940099283
655732673
512810820
833315067
389740179
489750769
331526262
874044146
558862397
907485052
337234588
652804059
963707034
878625547
780223111
622186081
960031438
822407409
765993911
888597275
634645512
487823779
916420119
571567161
777128865
275714218
109123037
725262509
910934023
965502285
623096688
793633560
863994508
693761104
747389553
806371128
641152049
579054510
758418458
538902409
670612011
778987142
765664351
499768670
833272941
966942344
438918342
563238262
812736682
345966150
601543425
976455515
398484694
446672088
511733586
617980041
385292383
925806102
267313907
701087872
833232174
931828401
569039501
883745939
555264833
875010143
956048010
614365338
409176105
926958089
885018671
411379398
872039728
880615377
295269757
232610956
618666094
821371642
735152799
908131464
225187995
284859010
697551096
186062910
839347912
824235137
593519312
653360003
416578031
887600559
789548097
836008575
842265638
889184109
436371959
919108144
393190009
696095299
375093358
165986860
913784639
894660354
699527417
419348748
509261173
537581986
580488316
787056961
919893199
775197441
663768647
98358345
922452107
680187936
296603927
531878348
724019102
757650707
66657411
601905131
506770996
719243354
695070985
942732269
557875833
699859125
236325528
929982001
658310041
500399762
938728319
748227861
527848379
692765835
317994419
757936360
129774771
183554773
342303099
489826915
203183145
741255384
598384787
302653265
512708626
382856706
736482317
186581608
394639755
650158365
602018921
648647971
669025384
752449924
690967516
372768362
628261792
843443048
784362763
412110566
795840174
811905695
774405861
820805619
947001573
758538393
288663302
469602802
884492870
634042133
94723015
758942222
676009789
188860200
749781473
891738801
632215506
462746196
589332890
110469911
674921094
557912734
465040157
429338178
454533173
994133682
642231056
669246536
915175424
740144407
931901113
865909858
489105430
953186953
676879774
526077588
895420714
429414784
864338591
991880701
703076932
865790683
969744302
237425824
914925012
663902351
625144479
607857005
614700065
805281808
812637544
169806534
630664612
862813036
710910523
939491287
616746406
937505237
972233143
204697269
640547128
675916868
799958380
806377035
808030107
435769846
842944732
559033913
297988484
615538916
438766703
974282016
733351251
900617970
930740209
787310642
364345414
27417828
616128343
916695358
661617425
797674504
847451424
626427691
497918103
385185671
815047897
930199275
846120492
347111730
253241475
518774420
977795018
795692920
519461617
913596569
559818105
601810551
235145533
843645217
365317210
798079184
865345871
718281324
440714091
985736760
244950817
684555928
299061674
659376028
596097069
859441020
472800274
971893348
704827113
969913911
790212939
820805619
707017123
376121300
916277613
981241614
496091881
920216254
403394209
937341010
720860602
262080621
497584421
843115882
676976532
825294619
875865578
498854073
508866058
939414251
526585867
654155861
833057460
402660559
896404294
820597255
737504900
264613526
916127204
825205441
201259992
839042801
991745275
959480638
504389834
923156002
341517021
25668225
620369723
851223084
989344508
834263684
762956081
857430116
687306382
882662279
964055668
294155193
971746318
456922714
827936360
937707313
195046810
833698269
750274107
246197815
604024312
879700425
547727635
975201334
882391740
714466001
619749471
725317307
478567585
995183296
490363343
767847163
450465092
561239831
524732100
535846917
840960113
826509970
789647659
627196580
648647971
768856776
256849736
108586369
231225540
936602851
852670690
652201553
914873558
209905914
866093404
738068828
919835676
820481890
993792400
962312190
977575925
761023931
787990258
617409589
507936701
581413957
311363478
893841795
596216467
523056154
342243707
407261564
186506928
644622927
927954316
891771252
767097351
798162062
871244537
745655525
920418033
761385579
912944111
979124967
833756882
816758455
709815107
564633704
834132905
942269326
569102583
657853689
511295721
400003941
884817555
598302873
754923219
838607426
736473132
833272941
835538835
686209381
593147745
854176542
839895857
505352829
310472842
983577491
997631986
943681330
652754907
842979920
358655591
608755565
610719368
927526177
690821706
648807571
912585818
423637360
759954919
855946763
848764592
252939362
650102914
867497941
626111917
753678602
711485403
936895074
597135911
442975955
795394889
926966011
228606835
870725304
837376765
777588316
881199475
654100219
92485790
738381732
786236383
695754431
676976532
960009034
771459012
944964465
444436744
992080491
745359714
936700474
882755462
884492870
893474414
496846484
818150091
748447839
200286411
295653199
761340713
441371319
487796102
602979716
615512660
875981305
820917730
947001573
809316208
603757759
857726664
813891527
485420945
985128832
917114469
367191212
759055741
763292407
693712912
904569989
734647577
905339098
667991937
715915897
453297695
925621671
336373094
827689344
537350838
682632085
150018558
676116241
941410069
832212731
794072635
863201717
229494643
430048516
853209186
736473132
885376502
758942222
681560907
372338493
979939765
835245105
270592204
798224479
744287767
328337569
782121582
472902656
661920990
489214335
575431823
652754907
733445570
645620244
819787525
682055380
935286134
156040927
840598560
690411391
639273294
457264354
807186536
869663014
854291076
450320078
990080409
517089821
988382052
878782470
314307545
503191025
585503351
877243792
766569737
623803758
906247166
903814073
650905810
875074650
790067779
737671310
712955300
910815662
784566674
963356509
721456999
814294761
870229266
423517519
952529064
840913055
528814122
542291021
513131357
594385231
772409804
618904987
798044413
941163289
489826915
369912961
594757235
948036790
712636456
132159520
743757885
887534861
846816012
980495520
648671739
562704768
985582380
921426226
841237665
560295560
943140278
515748774
803088133
714706290
979546981
639175460
970244922
868014782
612675037
611910385
718530835
555477392
717370197
126356401
939781533
409408810
514507239
494951961
586089863
620144224
743846041
599115882
986559000
553527418
363841895
616429565
303239336
446672088
589743938
932919224
884240519
714738189
556181144
787983583
755258026
474014313
791445493
833057460
358100782
255098544
631670013
440601852
423517519
464094316
376121300
905339098
441720879
869469990
708483542
952545573
923054997
548071361
793752482
337313957
791050377
715942771
603529477
701049954
936893073
715428894
828968293
885674566
685081071
744349588
812339119
715846190
843926625
940244850
454900072
256833157
912210932
366467147
608082492
683807793
231254153
733434357
647660192
779584943
604904652
918855914
666553854
241997859
948634072
778958875
974844881
427753629
498970442
272546084
736275361
616493510
386877828
460699551
839268681
469624644
287581986
958519794
643921080
636142474
556203456
581647091
999871390
390547017
843095888
888272847
604904652
655934515
404665463
830454122
437852122
822789032
734055392
591855595
563796665
571915622
808240652
793617320
979737221
810647227
603223844
771162736
766666846
794271281
861900204
449844430
958100575
923127335
668044544
990448974
733077790
744840083
822515024
618263838
962312190
606781159
214932556
797674504
826009414
821612055
348745906
543814463
797798710
939414251
581413957
354649763
743965466
771575026
545730770
616027875
966206306
917814612
212329877
939513725
906296663
224795474
303609301
856483634
469941771
426072834
903434138
505103332
281819387
713823674
330316457
801850302
651613366
554601320
378101863
425106216
478480877
417299263
459804723
690706351
467639451
410438400
717910836
703865183
372333088
710774102
604985615
894083921
994994124
198002870
285962281
734647577
801408563
508114849
992372123
306029877
469395375
875472042
731000510
917114469
927785843
423935248
937760107
833841500
266231062
863352975
262227741
900483787
928748244
568798103
840681221
839152521
429042574
426938087
725167623
593305896
368577154
523255869
967480496
841237665
541926115
648803897
860841294
964253048
656755276
757528636
967455248
805798126
711415662
359534634
968809047
801050397
781553658
926454855
701000960
797323478
607783684
839026835
855285091
829605392
442044272
984529790
474407979
349404504
356441170
777362635
701429159
791407758
932544928
914470770
286649454
475836301
624736602
340475724
618852902
841197595
840915262
426423537
488976129
221444514
731658208
865887662
706288054
539935123
789640757
545792507
832293125
117347577
626674200
968807259
700907376
200419095
680899426
835850158
222625036
704162029
726715083
756931511
943324544
723681188
745557443
451359670
747620365
459688677
959633223
403058886
308552422
825205441
397159962
456366294
228335281
798440491
819025465
969815221
942142851
343517332
85310739
675501054
951258800
659720229
981165375
340435908
120326089
652972346
624763776
449273616
635262355
749107377
358017239
655579508
693083525
738342523
625235988
855723228
660679516
624961159
35406069
749976546
673710688
939498783
972094355
920469394
613222739
436547968
627118741
965001825
626276054
479950226
27284838
350271548
314140536
615877807
574440884
378109070
556015895
857679779
486267854
498366963
949340245
519513829
884491030
972638035
935571533
117315606
637088681
708302321
760379264
858025134
833289441
628261792
545113310
926871831
737723816
965001825
964250948
798052613
613559834
714426840
823556182
640576151
739092628
767097351
850365680
140582390
630226376
967156972
620098256
897622646
196000914
641222138
596668131
859724025
383591269
336330478
714151679
202546876
818956808
338133769
981445175
921651118
670525410
429037519
870944506
989961339
911488464
735263547
973013743
516217926
480234480
213115814
616066750
496464846
773272188
668287664
683088821
563238262
230791337
271349783
931989933
153095865
948704766
625082879
967723500
265740913
448444198
990448974
939992649
967037181
717867587
962312190
698146674
845202343
956927129
938973966
678257883
463314146
716135682
741518019
361432660
179520433
824715516
709293670
895322307
587093788
835245105
563868331
704912087
480559480
373761479
987550929
126891034
536808234
904506374
764970784
813553568
178649711
604926653
393683769
569372042
646432137
350861164
645614785
513627242
748418150
132863652
972420416
703024785
310472842
430430009
429210690
563912928
661486486
672618162
221583857
875267171
970267721
915174145
930029565
942680098
676009789
870720433
405828713
837882822
322202372
938533925
766258402
693712912
460245662
613023282
731775594
636787169
426264397
375596111
927874246
524629763
73091145
344089823
201839245
500164647
871578739
329488785
819454386
616429565
752086043
717259333
954671987
714492391
358348145
923118118
328692429
771020464
995299645
912243647
952056966
718785723
916695358
788696088
926346709
380158602
649792606
508936430
383591269
957361426
935571533
819738343
774079142
914389111
672818015
938960958
586615031
603542191
217588078
819899397
661115572
683323372
519900489
999135103
584736773
421900159
819643210
830711845
715366704
920411170
919497914
571057442
358097562
497168853
942377115
586615031
705069041
827292752
973525724
767317471
630098211
608501034
502949757
514622526
166743614
973883153
999135103
549957141
646616148
324402461
990846959
749781473
603223844
905797823
720194661
213115814
278759015
