999806488
999971148
998904793
999058941
999649601
999971148
999806488
999058941
999806488
999739491
999971148
999971148
999971148
999971148
999806488
999971148
999019110
999971148
999971148
999875516
999971148
999971148
999649601
997081954
999875516
987926255
999875516
999971148
999019110
999019110
999971148
999971148
997803167
999971148
999971148
999649601
999649601
999019110
999875516
999255144
999649601
999971148
999971148
990687273
999958228
999806488
999971148
999971148
999666398
997098896
999806488
999971148
999649601
999971148
999971148
999971148
999831272
999875516
999875516
999350269
999971148
999971148
999971148
999058941
998792040
997803167
999971148
998880820
999971148
999971148
999971148
999971148
999971148
999058941
999350269
999738055
996882834
999971148
999806488
999875516
999739491
999971148
999649601
999971148
999058941
999875516
999350269
999971148
999971148
999971148
999960097
999971148
999875516
999058941
999875516
997285907
999306420
970232164
999971148
999649601
997803167
999971148
999971148
999971148
999971148
999971148
999971148
999971148
999971148
999958228
992058480
999971148
999806488
999806488
999971148
999971148
999971148
999971148
999649601
999971148
999958228
999971148
999875516
999971148
999971148
999806488
999666398
999971148
999806488
999971148
999738055
999649601
999971148
999649601
999971148
999971148
999971148
999971148
999875516
999971148
999971148
997397788
999971148
999875516
999971148
999960097
999806488
989163934
999666398
999806488
999806488
999058941
999971148
999971148
999971148
999806488
999971148
999958228
999971148
999649601
999971148
999738055
999971148
999971148
999971148
999971148
999971148
997870592
999806488
999971148
999058941
999971148
999971148
999806488
999971148
999958228
999971148
999971148
997803167
999806488
999971148
999971148
999971148
999971148
999971148
999739491
999806488
999971148
998956631
999971148
999738055
999649601
999971148
999971148
999971148
999806488
999971148
999971148
999267323
999649601
999649601
999806488
999649601
999875516
999875516
999806488
999875516
999875516
999971148
999875516
999971148
999971148
999058941
999806488
999971148
999971148
999971148
999806488
999649601
999971148
999971148
999971148
999971148
999806488
999971148
999971148
999971148
999971148
999971148
999971148
999971148
997870592
999971148
999649601
999875516
999971148
999971148
999971148
999971148
999875516
999666398
999630520
999971148
999875516
999971148
999971148
999971148
999971148
999971148
999971148
999666398
999971148
999971148
999806488
999666398
999875516
999971148
999806488
999971148
999971148
999875516
999649601
999971148
999971148
999630520
999971148
999958228
999806488
999971148
999971148
999971148
973198492
999649601
999971148
999058941
999971148
999806488
999971148
999971148
999875516
999875516
999971148
999649601
999666398
999971148
999971148
999971148
999971148
999971148
998880820
999971148
999630520
999971148
997081954
999960097
999958228
999971148
998893459
999971148
999649601
997319418
999971148
999875516
999971148
999971148
999971148
387803998
999971148
999630520
999649601
999971148
999971148
998737068
999875516
999058941
999738055
999649601
999971148
999971148
999875516
999971148
998893459
999350269
999971148
999971148
999971148
999971148
999875516
999971148
999971148
999971148
999971148
999971148
999350269
999971148
998922398
999649601
999971148
999971148
999971148
999971148
999875516
999350269
999971148
999971148
999058941
999971148
999971148
999806488
999971148
999649601
999971148
999971148
999971148
999971148
999875516
999971148
999971148
999649601
999806488
999630520
999958228
999875516
998870819
999971148
999630520
999875516
999971148
999649601
999806488
999739491
999971148
999630520
999875516
999971148
999971148
999058941
999058941
999738055
999806488
999875516
999739491
999971148
999958228
999958228
998956631
999971148
998083431
999971148
999971148
999875516
999058941
999666398
999630520
999806488
999971148
999649601
994430927
999875516
999971148
999875516
999971148
999971148
999971148
998870819
999971148
998893459
999958228
999058941
999738055
999971148
999738055
998792040
999971148
999738055
999971148
990383590
999971148
998893459
999630520
999058941
999649601
999971148
999971148
999971148
999971148
999971148
999971148
999806488
999875516
999971148
999649601
999875516
996172855
999971148
999971148
999971148
999971148
999971148
999971148
993067560
999971148
999806488
999058941
999350269
999806488
999666398
999971148
999666398
999806488
999971148
999630520
999971148
998870672
999971148
999971148
999971148
999971148
999739491
997803167
999806488
999875516
999649601
999806488
999971148
999971148
999971148
997803167
999971148
998083431
999806488
999630520
999806488
999971148
999875516
999971148
999971148
999971148
999875516
999255144
999971148
999971148
999971148
999971148
999971148
999350269
999875516
998893459
999971148
999971148
999971148
999875516
999971148
999350269
999971148
999738055
999630520
999875516
999971148
999019110
999971148
999630520
999649601
999971148
995568253
999971148
999958228
999875516
999971148
999971148
999971148
999058941
999971148
999971148
999971148
999971148
999649601
999971148
999971148
999875516
999971148
999649601
999806488
999971148
999971148
999971148
999350269
999649601
999971148
999875516
999738055
999971148
999971148
999971148
999649601
999649601
999971148
999971148
999875516
999971148
999630520
999971148
999971148
999875516
997803167
999971148
998132112
999971148
999971148
999875516
999875516
999806488
999971148
998132112
999958228
999058941
999971148
999875516
999960097
999971148
999971148
999739491
999875516
999971148
999806488
999971148
999971148
999971148
999630520
999971148
999649601
999971148
999630520
999971148
999971148
999806488
999971148
999971148
999019110
999806488
998893459
999958228
999971148
999971148
999875516
999806488
999971148
999971148
999971148
999875516
999971148
999971148
999971148
999012519
999971148
999649601
999806488
999806488
999971148
999958228
999971148
999806488
999971148
999875516
999971148
999971148
999649601
999971148
999971148
999971148
999649601
999960097
999971148
999971148
999875516
999350269
979949033
999971148
999971148
999806488
999630520
999666398
999971148
999971148
999806488
999058941
999971148
999971148
999971148
999971148
998236089
999738055
999971148
999630520
999875516
999971148
999971148
999971148
999971148
999649601
999971148
999875516
999971148
999971148
999806488
998132112
999971148
999971148
999958228
999971148
999739491
999875516
999958228
999971148
999875516
998870819
999666398
999806488
999350269
999806488
999971148
999875516
999971148
614967876
999971148
999971148
999971148
999649601
999958228
999971148
999971148
999971148
999058941
999971148
998132112
999971148
999958228
999806488
999875516
999971148
999630520
999971148
999971148
999971148
999738055
999971148
999019110
999875516
999971148
999058941
999971148
999738055
999738055
999971148
999971148
999971148
999806488
998870819
999649601
999806488
999875516
999971148
999666398
999630520
998880820
999971148
999806488
999058941
999649601
998967001
999875516
999971148
999649601
999806488
999875516
999649601
999971148
997098896
999649601
999971148
999875516
999806488
999630520
999971148
999875516
999806488
999971148
999971148
999971148
999971148
999875516
999875516
996588543
999958228
999958228
999971148
999971148
999971148
999738055
999971148
999971148
999971148
999971148
999971148
999058941
999971148
999630520
999255144
999666398
999971148
999971148
999958228
999971148
999739491
999738055
999875516
999971148
999875516
999806488
999971148
999971148
999971148
999971148
999971148
999738055
999971148
999649601
999806488
999875516
999971148
999971148
999971148
999971148
999806488
999806488
998893459
999806488
999806488
993086428
999058941
999971148
999350269
999058941
999971148
999350269
999971148
999971148
999971148
999630520
999806488
999806488
999666398
999649601
999971148
999875516
999806488
997321193
999058941
999806488
999971148
999971148
999971148
999630520
999875516
999971148
999019110
999971148
999971148
999875516
999630520
992183776
999971148
999630520
999971148
999806488
999666398
999739491
999971148
999971148
998956631
999875516
999971148
999875516
999971148
999971148
999971148
999971148
999306420
999971148
999971148
999649601
999806488
999971148
999971148
999971148
999971148
999971148
999971148
998956631
998893459
997870592
999666398
999630520
999971148
999649601
999806488
999971148
999971148
999806488
999875516
999971148
999255144
999971148
999630520
999971148
998967001
999971148
999875516
999971148
998956631
999971148
999875516
999971148
998922398
997870592
999971148
998956631
999971148
999971148
999971148
999649601
999806488
999806488
999971148
999971148
999649601
999738055
999058941
999971148
998967001
999214727
999971148
999971148
999630520
999971148
999971148
999971148
999971148
999831272
999806488
999971148
999971148
999971148
999875516
999739491
999019110
999649601
999738055
999971148
998904793
999971148
997081954
989825306
999738055
999971148
999739491
999971148
999971148
999875516
999971148
999971148
999971148
999875516
999971148
999875516
999971148
999649601
999806488
999971148
999971148
999630520
997944310
999875516
999875516
999971148
999806488
999971148
999875516
999971148
999058941
999058941
999875516
999971148
999971148
999971148
972948416
999971148
999630520
999971148
999666398
999971148
999958228
999971148
999649601
998132112
999971148
999630520
999971148
999971148
999971148
999971148
999875516
999058941
999971148
999806488
999971148
999971148
999630520
992058480
999806488
999649601
999738055
998870819
999971148
999350269
999875516
999971148
999875516
999630520
998956631
999649601
999630520
999971148
999806488
999971148
666855597
999971148
999738055
999971148
999875516
999971148
999971148
999089456
999649601
999971148
999971148
999875516
998083431
999971148
999971148
999971148
999971148
999875516
999666398
999806488
999971148
999958228
999649601
999971148
999971148
999806488
999971148
999971148
999875516
999875516
999971148
999971148
999971148
999971148
999350269
999971148
999649601
999649601
999649601
999875516
999806488
999971148
998956631
999971148
999971148
999971148
999739491
999971148
999971148
999971148
999971148
999971148
999971148
999971148
999875516
999971148
999875516
999971148
997285907
999971148
998236089
999971148
999971148
999649601
999649601
999971148
999630520
999971148
999630520
999971148
999875516
999058941
999971148
999875516
999058941
999971148
999806488
999806488
999875516
999649601
999971148
999875516
999739491
999739491
999971148
999971148
999875516
999971148
999649601
999971148
999971148
999971148
999649601
999971148
999875516
999971148
999971148
999971148
999971148
999875516
999971148
998870819
999630520
999806488
999831272
999971148
999971148
999958228
999971148
998893459
999806488
999971148
999095270
999875516
999738055
999971148
999875516
999971148
999666398
999875516
999971148
995320351
999971148
999649601
999971148
999738055
999019110
999960097
999971148
999806488
999971148
999971148
978754155
999649601
999875516
998407820
999875516
999649601
999971148
999971148
999806488
999971148
999971148
999971148
999971148
999971148
999971148
999971148
999971148
999971148
999255144
999630520
999971148
999666398
998584591
999971148
999971148
999958228
999971148
999739491
999630520
996823896
999971148
999971148
999971148
999875516
999738055
999971148
999971148
999875516
998904793
999971148
999971148
999875516
999971148
999971148
990100956
999666398
999971148
999089456
999255144
999971148
999971148
999971148
999630520
999971148
999875516
999971148
999971148
999649601
999738055
999806488
999875516
999971148
999971148
999875516
999971148
999058941
999971148
999971148
999971148
999971148
999630520
999806488
999875516
999649601
999971148
996882834
999958228
999971148
997870592
999971148
997081954
999739491
999971148
999971148
999875516
999971148
999971148
999971148
999971148
999971148
999971148
999971148
999971148
999971148
999806488
999971148
998893459
999649601
997803167
999738055
999058941
999875516
999738055
999971148
999971148
999806488
999971148
999971148
999971148
999958228
999739491
999019110
999058941
999971148
999806488
999971148
999630520
998684836
999971148
999971148
999971148
999630520
999971148
999630520
999971148
999971148
999649601
999019110
999971148
999649601
999089456
999971148
999971148
999806488
999649601
999875516
999806488
999971148
999971148
999875516
999875516
999971148
999630520
999971148
999630520
999971148
999806488
999971148
999971148
999971148
999971148
999971148
999971148
999806488
999739491
999739491
999806488
999958228
998922398
999971148
999666398
997870592
999971148
999971148
999958228
999971148
999875516
999971148
999649601
999971148
999875516
999649601
999806488
974038512
999971148
999350269
999806488
999630520
999649601
999875516
999649601
999686347
999971148
999971148
999971148
999686347
997081954
999739491
999971148
999649601
999971148
999058941
999971148
999971148
999686347
999971148
999971148
999971148
999971148
999666398
999971148
999971148
999739491
999019110
999971148
999971148
999971148
999875516
999058941
999971148
999806488
999875516
999971148
999971148
999739491
999971148
999971148
999971148
999686347
999686347
999971148
999971148
999806488
997803167
999971148
999630520
999971148
999971148
999971148
999971148
999971148
999971148
999686347
998904793
999806488
999971148
999971148
999971148
999686347
999971148
999806488
999875516
999971148
999666398
999971148
999971148
999971148
999350269
999971148
999971148
999971148
999806488
999649601
999630520
999971148
999019110
999806488
999806488
999958228
999686347
999058941
999738055
999971148
999971148
999806488
999875516
999649601
999971148
999971148
999971148
999971148
999686347
999058941
999806488
999738055
999649601
999686347
999649601
999971148
999875516
999971148
999971148
999649601
999971148
999806488
999630520
999971148
998967001
998904793
999630520
999875516
999971148
999971148
999971148
999971148
999971148
999971148
999971148
999958228
999971148
999971148
999875516
999875516
999971148
999971148
999738055
999739491
999958228
999019110
999875516
999875516
999971148
999649601
999971148
999971148
999971148
999875516
999058941
999686347
999971148
999806488
999971148
999686347
999739491
999971148
999630520
999806488
999971148
999971148
999971148
999971148
999971148
999971148
999971148
999649601
999875516
999971148
999806488
999958228
999971148
999971148
999630520
998132112
999971148
997098896
999831272
999971148
999971148
999630520
998893459
999971148
999971148
998893459
999971148
999971148
999971148
999971148
999686347
999971148
999806488
999971148
999971148
999971148
999971148
999971148
999058941
999971148
999971148
999630520
999971148
999958228
999971148
999686347
998838265
991499206
999958228
997803167
993198181
999058941
999971148
999971148
999686347
999971148
999971148
999971148
999971148
999806488
999971148
999630520
999971148
999971148
999875516
999971148
999971148
999971148
999971148
999806488
999255144
997098896
999971148
999649601
999875516
999806488
999971148
999630520
999971148
999875516
999806488
999971148
999971148
999971148
999971148
999739491
999971148
999971148
999971148
999574766
997081954
999875516
998792040
999958228
999960097
999958228
999971148
999630520
999971148
999255144
988944049
984804616
999971148
999806488
999971148
999971148
999089456
999971148
999738055
999971148
999686347
999971148
999875516
999971148
999971148
999686347
999630520
999630520
999058941
999806488
999630520
998870819
999806488
999971148
999058941
999971148
999971148
999350269
999971148
999147546
999971148
999806488
999971148
999971148
999574766
999971148
999958228
999630520
999739491
999971148
999875516
999971148
999875516
997870592
999971148
999806488
999971148
970427738
999666398
999971148
999971148
999971148
999630520
999630520
999958228
999971148
999971148
999875516
997803167
999971148
999875516
999971148
999958228
999971148
999686347
999806488
999971148
999738055
999971148
999738055
999806488
999971148
999971148
999806488
999574766
999875516
999971148
999971148
999971148
999971148
999739491
997090829
999649601
999649601
999806488
999630520
999686347
999630520
999739491
999971148
999875516
999971148
999971148
999971148
999738055
999875516
999686347
999875516
999971148
999958228
999971148
999971148
999971148
999971148
999971148
999806488
999686347
999806488
999971148
999350269
999058941
999971148
999630520
999971148
999971148
999686347
999971148
999806488
999971148
999806488
998956631
999806488
999971148
999971148
999971148
999958228
999806488
999971148
999971148
999960097
999971148
998922398
999971148
999971148
999971148
999971148
999971148
999686347
999971148
999958228
999806488
999649601
999971148
999019110
999971148
999649601
999971148
999971148
999971148
999971148
999806488
999971148
999666398
999971148
999971148
999971148
999875516
999574766
999971148
999971148
999971148
999738055
999971148
999971148
999686347
999971148
999630520
999958228
998792040
999971148
999971148
999971148
999875516
999971148
999806488
999958228
999971148
999971148
999971148
999971148
999960097
999875516
999255144
999971148
999971148
999971148
999806488
999574766
999971148
999971148
998893459
999958228
999971148
999971148
999971148
999971148
999971148
999058941
999806488
999875516
999306420
992052381
999971148
999875516
999649601
999971148
999058941
997285907
999971148
999971148
999971148
999971148
999971148
998132112
999971148
999666398
999806488
999971148
999971148
999971148
999806488
998684836
999831272
999958228
999971148
999971148
999971148
999875516
999350269
999342305
999875516
999875516
999971148
999971148
999058941
999649601
999971148
999971148
999971148
999971148
999649601
999971148
999806488
997870592
999971148
999649601
999666398
999971148
999686347
999971148
998870819
999971148
999971148
999738055
999958228
999806488
999971148
999875516
999971148
999971148
999875516
999058941
999875516
999971148
999971148
999350269
999630520
999971148
999971148
999971148
999971148
999738055
999806488
999971148
999738055
998340199
999686347
999686347
999971148
999971148
999971148
999875516
999958228
999971148
998132112
999971148
999971148
999971148
999686347
999971148
999971148
999971148
999971148
999971148
999806488
999971148
999971148
999058941
999875516
999058941
997458125
999971148
999971148
999971148
999738055
999971148
999806488
999630520
999971148
999971148
999666398
999958228
999875516
999686347
999686347
999686347
999686347
999806488
999630520
999971148
999971148
999971148
999971148
999666398
999971148
999686347
999971148
999806488
999971148
999971148
999666398
999971148
999686347
999971148
999686347
999058941
999958228
999971148
999971148
999958228
987946207
999971148
999971148
999630520
999971148
999875516
999971148
999971148
999971148
999971148
999806488
999875516
999019110
999739491
999971148
999971148
999255144
999971148
999971148
999971148
999971148
999971148
999971148
999971148
999971148
999806488
999958228
999738055
999971148
999958228
999630520
999971148
998893459
999971148
999806488
999630520
999875516
999971148
999686347
999342305
999971148
999806488
999971148
999451048
999875516
999058941
999686347
999875516
999971148
999806488
996213362
999971148
998792040
999686347
999971148
999350269
999806488
999971148
999971148
999971148
999971148
999058941
999971148
999971148
999971148
999971148
999630520
999686347
999806488
999971148
999971148
999971148
999971148
999806488
999971148
999630520
999971148
999806488
999806488
999875516
999738055
999971148
999806488
999806488
999971148
999971148
999971148
999971148
999666398
999971148
999971148
999971148
999875516
999971148
999971148
999971148
999630520
999971148
999971148
998370421
998838265
994874669
999971148
999806488
999971148
999686347
999971148
999806488
999971148
999686347
999806488
999971148
999971148
999971148
999806488
999971148
999958228
999971148
999971148
999686347
999738055
999971148
999971148
999875516
999666398
999058941
999971148
999058941
999971148
999971148
997464630
999875516
999971148
999875516
999971148
999630520
999958228
999971148
999875516
999875516
999971148
999666398
999971148
999971148
999958228
999686347
999971148
999342305
999971148
999306420
999875516
999971148
999630520
999806488
999971148
999875516
999971148
999806488
999875516
999255144
999971148
999875516
999971148
999806488
999971148
999971148
999971148
999971148
999971148
999958228
999971148
999971148
999806488
999971148
999971148
999971148
999738055
999971148
999971148
999806488
999971148
999058941
999971148
999971148
999738055
999971148
999971148
997319418
999971148
999971148
999708901
999666398
999971148
999971148
999971148
999019110
995568253
999971148
999971148
999971148
999971148
999708901
999971148
999708901
999971148
999806488
999971148
999708901
999971148
999806488
999708901
999958228
999666398
999971148
999875516
998880820
999708901
999971148
997803167
999875516
999875516
999806488
999806488
999875516
999875516
999875516
999958228
999089456
999971148
999971148
997803167
999971148
999666398
999971148
999971148
999971148
999971148
999971148
999971148
999708901
999971148
999971148
999958228
999971148
999306420
999971148
999971148
985489450
999971148
999971148
999971148
999058941
999971148
999708901
999971148
999738055
999649601
999971148
999630520
999708901
999971148
999875516
999958228
999806488
999806488
999971148
999971148
999971148
999738055
999971148
999708901
999971148
999971148
999350269
999971148
999686347
999971148
999971148
999806488
999971148
999971148
999971148
999686347
997870592
999738055
973198492
999971148
999971148
999971148
999708901
999708901
999806488
999739491
999806488
999971148
999971148
999739491
999971148
999806488
999971148
999971148
999971148
999971148
999971148
999971148
999019110
999971148
999971148
999708901
999649601
999971148
999708901
999971148
998684836
999875516
999971148
999806488
999958228
999971148
999971148
999971148
999971148
999971148
999971148
999649601
999971148
999971148
999971148
999958228
999058941
999306420
999971148
996213362
999806488
999971148
999708901
999738055
999806488
999971148
999058941
999708901
999451048
998922398
999958228
999971148
999971148
997090829
998880820
999708901
999708901
999971148
999971148
999971148
999875516
999971148
999971148
999971148
999971148
999971148
999971148
991175473
999715073
999971148
999971148
999666398
999971148
999971148
999971148
999971148
999971148
999971148
999058941
999971148
997870592
999875516
999971148
999971148
999715073
999715073
999958228
999971148
999971148
999971148
999875516
999708901
999971148
999875516
998792040
999875516
999958228
999971148
998838265
999666398
999875516
999971148
999971148
998922398
999806488
999971148
998153382
999875516
996882834
999971148
999971148
999715073
999739491
999971148
998838265
999971148
999875516
999666398
999971148
999738055
999971148
999875516
999708901
999971148
999971148
999971148
999806488
999739491
999875516
999875516
999971148
999708901
999971148
999971148
999971148
999708901
999971148
999971148
999971148
999958228
999971148
999971148
999875516
999971148
999971148
999971148
999715073
999971148
999708901
999971148
999971148
999806488
999739491
999686347
999971148
999971148
999971148
999971148
999971148
999806488
999806488
999971148
999971148
999806488
999971148
999971148
999875516
999875516
999971148
965157157
999875516
999971148
999971148
999738055
999875516
999971148
999350269
999708901
999255144
999971148
999574766
999971148
999971148
999971148
999971148
999971148
999971148
999875516
999738055
999715073
999971148
999971148
999960097
999971148
998870819
999715073
999971148
999058941
999971148
999875516
999971148
999971148
999738055
999875516
999058941
999971148
999806488
999739491
999708901
999971148
999971148
999971148
999971148
999971148
999971148
999715073
999708901
999875516
999806488
999971148
999958228
999971148
999971148
999971148
999875516
999875516
999971148
999708901
999806488
999971148
999708901
999350269
999971148
999971148
999806488
999971148
999971148
999875516
993647875
999806488
997321193
999738055
999806488
999971148
999806488
999971148
999971148
999971148
999971148
999738055
999971148
999971148
997870592
999971148
999971148
999971148
999958228
999715073
999058941
999971148
999971148
999971148
999971148
999666398
999806488
999806488
999971148
999971148
999089456
999971148
999715073
999971148
999971148
999958228
999875516
999971148
999019110
999971148
999255144
999971148
999971148
999958228
996823896
999350269
999971148
999971148
999875516
999971148
999806488
999708901
999875516
999058941
999971148
999971148
999875516
999971148
999971148
999971148
999875516
999971148
999971148
999971148
999971148
999875516
999708901
999058941
999971148
999739491
999971148
999806488
999971148
999971148
999350269
999971148
999350269
999971148
999739491
999971148
999739491
999971148
997098896
999971148
999806488
999971148
999971148
999806488
999806488
999739491
994726253
999971148
999715073
999708901
999958228
999971148
999875516
998233695
999971148
999806488
999971148
999715073
999806488
999806488
999739491
999971148
999460152
999708901
995625535
999971148
999875516
999971148
999971148
999958228
999806488
999971148
999971148
999971148
999971148
999806488
999971148
999971148
999971148
999806488
999971148
999971148
999971148
981830516
999971148
999971148
999875516
999971148
999806488
999971148
996892342
999666398
999715073
999875516
999738055
999971148
999875516
999738055
999971148
999806488
999058941
999739491
999971148
999971148
978127503
999255144
999971148
999971148
999715073
999971148
999960097
999971148
999875516
999958228
999806488
999971148
999806488
999971148
999971148
999019110
999058941
999875516
999971148
999019110
999971148
999971148
999971148
999715073
999971148
999875516
999971148
999971148
999666398
999666398
999971148
999971148
999971148
998792040
999806488
999715073
999806488
999971148
999708901
999058941
999958228
999971148
999708901
999971148
999971148
999715073
999971148
999971148
999971148
999806488
999971148
999806488
999971148
999708901
999971148
999971148
999875516
999058941
999960097
999806488
999958228
999971148
981912434
999875516
999971148
999971148
998870672
999971148
999214727
999971148
999971148
994874669
999875516
999739491
999971148
999738055
999806488
999738055
997870592
999971148
999971148
999971148
999971148
999971148
999971148
999971148
999350269
999738055
999971148
999875516
996213362
999971148
999971148
999715073
999058941
999971148
999971148
999708901
999715073
999058941
999708901
999058941
999875516
999971148
999715073
997870592
999958228
999971148
999971148
999971148
999971148
999875516
999971148
999715073
999739491
999960097
999875516
999971148
999738055
999715073
999715073
999738055
999971148
999190580
999574766
999806488
999708901
999971148
999058941
999715073
999971148
999971148
999058941
999971148
999739491
999971148
999958228
999971148
999708901
999708901
999806488
999971148
999806488
999971148
999958228
999875516
999738055
999058941
999971148
999806488
999715073
999971148
999971148
999971148
999806488
999971148
999971148
999971148
999666398
999715073
999971148
999971148
999708901
999708901
999715073
999708901
999708901
999875516
999971148
999971148
999971148
999971148
999806488
999971148
999739491
999715073
999806488
999058941
999971148
999958228
999806488
999971148
999019110
999958228
993198181
999971148
999971148
999971148
999971148
998870672
999666398
999708901
999971148
999715073
999971148
999971148
999971148
999971148
999708901
999058941
999058941
999971148
999971148
988405209
999806488
999971148
999971148
999971148
999875516
999765341
999708901
999708901
997803167
999971148
999715073
999058941
999019110
998967001
999971148
999806488
997870592
999666398
999971148
999971148
999451048
999971148
999971148
999739491
999875516
999971148
999971148
999958228
999971148
999971148
999971148
999574766
999806488
999971148
999971148
999971148
999715073
999971148
999649601
995946298
999806488
999058941
999971148
999971148
999630520
999875516
999806488
999738055
999666398
999971148
999806488
999715073
999960097
999971148
999971148
999342305
999875516
999971148
999708901
998967001
999971148
999806488
999666398
999971148
999875516
998967001
999971148
999715073
999971148
999971148
999971148
999971148
999738055
999739491
999058941
999971148
979591643
999971148
999019110
999971148
999738055
999971148
999019110
999875516
999708901
998797109
999971148
999971148
999715073
999708901
999971148
999350269
999971148
999971148
999971148
999971148
999715073
999806488
999971148
997803167
999708901
999708901
999715073
999806488
999971148
999875516
999708901
999971148
999971148
999971148
999971148
999971148
999739491
999971148
999058941
999971148
997870592
999708901
999806488
999960097
997803167
999739491
999971148
999806488
998008027
999715073
999971148
999971148
998922398
999971148
999971148
999971148
999971148
999708901
999971148
999971148
999971148
999806488
999350269
999971148
999715073
999971148
999806488
999971148
999971148
997803167
999350269
999971148
999971148
999350269
999971148
999971148
999971148
999971148
999971148
999971148
999971148
999715073
999971148
999806488
999806488
999971148
999875516
999971148
999971148
999708901
999971148
999875516
999739491
998893459
999971148
999971148
999971148
999019110
999971148
999971148
999875516
999971148
999875516
999875516
999806488
999971148
999971148
999958228
999971148
999971148
999875516
999971148
999971148
999875516
999971148
999971148
999971148
999058941
938407504
997319418
999708901
999875516
985726310
999971148
999971148
999971148
999971148
999971148
999971148
999971148
999350269
999875516
989153175
999666398
999971148
999806488
999971148
999971148
999806488
999971148
999971148
998233695
999708901
999971148
999971148
999971148
999058941
999875516
999019110
999971148
999806488
999806488
999971148
999971148
999971148
999666398
999971148
999738055
999971148
999708901
999971148
999708901
997319418
999806488
999806488
999806488
999255144
999806488
999806488
999574766
999460152
999971148
999058941
999806488
999971148
999875516
999875516
999971148
999971148
997464630
999738055
999971148
999806488
999875516
999971148
999971148
999971148
999738055
999708901
999971148
999666398
999806488
999708901
999738055
999958228
999971148
999971148
999958228
999971148
999971148
999806488
998893459
999971148
999806488
999971148
999574766
997458125
999971148
999708901
999971148
999971148
999738055
999971148
999971148
999971148
999806488
999875516
999971148
999708901
999971148
999875516
999971148
999806488
999958228
999971148
999958228
999971148
999806488
999971148
999708901
999971148
999875516
999738055
999971148
999971148
999806488
998967001
999971148
999971148
983010015
999971148
999875516
999806488
999806488
999806488
999971148
996892342
999875516
999960097
992662912
999971148
999971148
999971148
999806488
999971148
997870592
999666398
999971148
999806488
999971148
999971148
999971148
999147546
999574766
999190580
999971148
999686347
999971148
999715073
999971148
999971148
999875516
997578648
999971148
999630520
999708901
999058941
999255144
999875516
999971148
999971148
999806488
999875516
999058941
999715073
999971148
999089456
999971148
999715073
999971148
999630520
999971148
979391876
990535931
999971148
999875516
999806488
999971148
995625535
999806488
999058941
999971148
999971148
999738055
999875516
999971148
999971148
999971148
999875516
999806488
999971148
999971148
999708901
998370421
999971148
999971148
991796369
999971148
999806488
999806488
999971148
999739491
999806488
999971148
999806488
999971148
999875516
999971148
999875516
999971148
999971148
997870592
999971148
999971148
999806488
999708901
999971148
999715073
999708901
999971148
999058941
999971148
999958228
999971148
999971148
999971148
999971148
999019110
999971148
999971148
999806488
999058941
999971148
999875516
999971148
999451048
999708901
999806488
999875516
999971148
999666398
999971148
999806488
999958228
999708901
999971148
999715073
999971148
999971148
999971148
999971148
999971148
999971148
999058941
999875516
999971148
999971148
999806488
999708901
999708901
999960097
999971148
999971148
999875516
999971148
999971148
999971148
999806488
999971148
999971148
999971148
999715073
999971148
999806488
999960097
999958228
999715073
999971148
999971148
999971148
998967001
999715073
999875516
999806488
999971148
999971148
999971148
999971148
999708901
999971148
999875516
999715073
999958228
999350269
999806488
999971148
999971148
999971148
999738055
999971148
999960097
999971148
999971148
999971148
999708901
999958228
999971148
999715073
998584591
999971148
999971148
999958228
999971148
999875516
999971148
999971148
999739491
999971148
999971148
999806488
999971148
999875516
999971148
999806488
999451048
999708901
999715073
999971148
999971148
999971148
999971148
999715073
999958228
999806488
999875516
999971148
999875516
999971148
999971148
999708901
999806488
999971148
999089456
999666398
999019110
999971148
999971148
999739491
999971148
999958228
999708901
999971148
999350269
999708901
999971148
999708901
999715073
999971148
999971148
999971148
999971148
999971148
999971148
999971148
999971148
999958228
999715073
999958228
999806488
999715073
999971148
999971148
999971148
999019110
999708901
999971148
999971148
999058941
999971148
999971148
999019110
999971148
999971148
999958228
999971148
999058941
999019110
999971148
999666398
997319418
999350269
999971148
999971148
999806488
971360663
999806488
999971148
999971148
999806488
999971148
999971148
999715073
999971148
997870592
999971148
999971148
999971148
999875516
999971148
999971148
997870592
999971148
999971148
999971148
999971148
999460152
999806488
999058941
999971148
999715073
999971148
999971148
999971148
999971148
999971148
999971148
999971148
999971148
999971148
999971148
999971148
999971148
999875516
999958228
999715073
998182836
999971148
999971148
999971148
999971148
999971148
999971148
999708901
998577378
999708901
999971148
999058941
999739491
999630520
999971148
999971148
999971148
999971148
999058941
999971148
999875516
997870592
999971148
999875516
999971148
999971148
999971148
999971148
999971148
999971148
999058941
999058941
999708901
999715073
999875516
999971148
998340199
999806488
999875516
999971148
999971148
999875516
999971148
999715073
999971148
999971148
999708901
999971148
999971148
999971148
999738055
999806488
999971148
999971148
999875516
999715073
999708901
999739491
999715073
999460152
999971148
999058941
999971148
999058941
999971148
999971148
999214727
999806488
998125171
999971148
999875516
999971148
999958228
999708901
999971148
999971148
999708901
999971148
999971148
999058941
999806488
999715073
999971148
999971148
999806488
999971148
999971148
999875516
999971148
999806488
999806488
999350269
999958228
999806488
999715073
999806488
999715073
999971148
999971148
999971148
999971148
999971148
999806488
999971148
999971148
999875516
999875516
999971148
999958228
999971148
999875516
999971148
999875516
999971148
999971148
999971148
999806488
999708901
998904793
999971148
999971148
999875516
999971148
999971148
999971148
999971148
999971148
999806488
999958228
999715073
999971148
999971148
999708901
999971148
999971148
999971148
999971148
999971148
999971148
999574766
999971148
999971148
999971148
999971148
999958228
999971148
999875516
999971148
999806488
999875516
999971148
999971148
999971148
999971148
999971148
999019110
999971148
999708901
999875516
999971148
999971148
999971148
999971148
999806488
999350269
999058941
999806488
999058941
981073393
999971148
999971148
999971148
999715073
999971148
999715073
999715073
999708901
999971148
998211578
999058941
999058941
999971148
999971148
999708901
999708901
999875516
999971148
999971148
999971148
999875516
999971148
998904793
999019110
999971148
999806488
999971148
999971148
999739491
999806488
999971148
999971148
999875516
999971148
999971148
999971148
999971148
994309194
999971148
996746604
999806488
999971148
999971148
999806488
999971148
997803167
999971148
999971148
999806488
999971148
999971148
999971148
999971148
999960097
999806488
999971148
995289101
999806488
999875516
999875516
998407820
999971148
999971148
999971148
999971148
999875516
999971148
999806488
999971148
999971148
997870592
999875516
999708901
999875516
999971148
999460152
999971148
999875516
999971148
999971148
998792040
999971148
999875516
999971148
999738055
999738055
999715073
999971148
989623183
999971148
999971148
999875516
999686347
999806488
999971148
999971148
999875516
999971148
999806488
999971148
999971148
999342305
999875516
999806488
999971148
999971148
999971148
999971148
999971148
999971148
999958228
999971148
999708901
999739491
999058941
999187004
999971148
999460152
999739491
999971148
999971148
999187004
999971148
999971148
999971148
999971148
999971148
999806488
999971148
999971148
999715073
999971148
999971148
999971148
999971148
999708901
999971148
999666398
998870819
999971148
998211578
999875516
999875516
999971148
999971148
999708901
999715073
999971148
999971148
999875516
999971148
999058941
999187004
999708901
999058941
997458125
999971148
999971148
999715073
999971148
999806488
999089456
999971148
999708901
997870592
999971148
999708901
999875516
999958228
999708901
999971148
999971148
999806488
999971148
999971148
999875516
998182836
999875516
999971148
999971148
999971148
999187004
999738055
999875516
999971148
999958228
999806488
997098896
999971148
999739491
999875516
999806488
999058941
999875516
999739491
999971148
999971148
999971148
999806488
999971148
999739491
999971148
999715073
999806488
999738055
999738055
999971148
997870592
999971148
999708901
999715073
999971148
999971148
999971148
999958228
999958228
999806488
999971148
999971148
998922398
999971148
999875516
999971148
999738055
999187004
998922398
999971148
999971148
999806488
999806488
999715073
999806488
999875516
999971148
999971148
999708901
999971148
999715073
999875516
991558725
999971148
999214727
999875516
999958228
999971148
999806488
999875516
999971148
999971148
999187004
999255144
999708901
998922398
999971148
999971148
999971148
999971148
999708901
999738055
999971148
999875516
999971148
999971148
999806488
999971148
999971148
999971148
999875516
999971148
999451048
999715073
999708901
999574766
999715073
999971148
999971148
999971148
999806488
999971148
999875516
999971148
997464630
999875516
999971148
999971148
999971148
999187004
998922398
999708901
999960097
999971148
999971148
999806488
999875516
999971148
999958228
999971148
999708901
999715073
999875516
999875516
999708901
999739491
999806488
999708901
999971148
999971148
999971148
999806488
999971148
998838265
999806488
998211578
999708901
999971148
999971148
999708901
999971148
999971148
999971148
999971148
999255144
999806488
999875516
999738055
999971148
999971148
999255144
999971148
999971148
999971148
991965210
999971148
999971148
999971148
999971148
999971148
999875516
999971148
999971148
999971148
999971148
999971148
999971148
999971148
999806488
999971148
999875516
999875516
999971148
999701952
999971148
999958228
999715073
999739491
999875516
999971148
999971148
999875516
999971148
999971148
999715073
999971148
999875516
999971148
999971148
999701952
999971148
999971148
999187004
999971148
999058941
999971148
999971148
999708901
463282205
999971148
998893459
999971148
999971148
999971148
999971148
999971148
999971148
999971148
999875516
999971148
999058941
999875516
999708901
999875516
999971148
999701952
999875516
999971148
999971148
999350269
999971148
999971148
999875516
999958228
999971148
999971148
999971148
999971148
999708901
999971148
999971148
999738055
999971148
999971148
999971148
999806488
999971148
999971148
999971148
999089456
999971148
997285907
999971148
999971148
999875516
999806488
999971148
999971148
999971148
999971148
999958228
999971148
999971148
999971148
999971148
999971148
999708901
999971148
999971148
999971148
999806488
999971148
999971148
999971148
999971148
999971148
999701952
999971148
999971148
999739491
999971148
999875516
999806488
999971148
999971148
999971148
997944310
999715073
999738055
999971148
999806488
999971148
999971148
999806488
999708901
999971148
999958228
999960097
999350269
999738055
999350269
999701952
999971148
999739491
999971148
999350269
999630520
998922398
999708901
999875516
999971148
999971148
999971148
999971148
999058941
999971148
999701952
999971148
999971148
999875516
999971148
999708901
999971148
999958228
999971148
999421012
999460152
999971148
999738055
999971148
999875516
999574766
999971148
999190580
999806488
999971148
999971148
999715073
999708901
999971148
999971148
999971148
999971148
999738055
999708901
999875516
999971148
999806488
999971148
999971148
999708901
999971148
999971148
999708901
999971148
999806488
999971148
999960097
999971148
999971148
999708901
999971148
999971148
999701952
999971148
999971148
999958228
999738055
997870592
999971148
999971148
999875516
998182836
999971148
999971148
999971148
999806488
999187004
999708901
999306420
999971148
999806488
999971148
999971148
999708901
999875516
999806488
999806488
999958228
999806488
999971148
999971148
999971148
999058941
999715073
999971148
999875516
999971148
999971148
999971148
999460152
678063495
999971148
999971148
999460152
999574766
999875516
999708901
999971148
999971148
999875516
999806488
999971148
999806488
999971148
999708901
997870592
999971148
999971148
999971148
999708901
999971148
999971148
999971148
999971148
999971148
999971148
999971148
999971148
999708901
997011602
999971148
999630520
999738055
999971148
999875516
999806488
999971148
999971148
999971148
999971148
999971148
999971148
999971148
999971148
999971148
999971148
999971148
999971148
999971148
999971148
999806488
999708901
999708901
999806488
999715073
999708901
999971148
999715073
999708901
999875516
999715073
999958228
998792040
999971148
999971148
999350269
999187004
999708901
999715073
999715073
999715073
999971148
999971148
999806488
999875516
999971148
999715073
999708901
999971148
999960097
999875516
999806488
999971148
999187004
997397788
999806488
999058941
999971148
999971148
999708901
999708901
999971148
999875516
997870592
999971148
999214727
999715073
999875516
999971148
999971148
999971148
999971148
999971148
999806488
999421012
999701952
999187004
999739491
999875516
999708901
999738055
999971148
999875516
999421012
999958228
999806488
999971148
999875516
999971148
999971148
999971148
999971148
999875516
999738055
999971148
999708901
999971148
999421012
999971148
999971148
999715073
999971148
999958228
999715073
999739491
999574766
999739491
999708901
999971148
999971148
999971148
999187004
999058941
999971148
999738055
999971148
999971148
999875516
999875516
999971148
999971148
999971148
999971148
999971148
999715073
999708901
999806488
999971148
999649601
999971148
999971148
999806488
999971148
999971148
997319418
999958228
999971148
999971148
999739491
999421012
999701952
999971148
999187004
999875516
999806488
999971148
997870592
999739491
999715073
999971148
999875516
999971148
999971148
999806488
999971148
999971148
999971148
999971148
999971148
999875516
999738055
999958228
999875516
999971148
999971148
999971148
999971148
999971148
999971148
999421012
999971148
999971148
999739491
999971148
999715073
999806488
999708901
999875516
999708901
999708901
999971148
999715073
998283520
999971148
999971148
999960097
999971148
999971148
999971148
999971148
999971148
999806488
999255144
999971148
999187004
999971148
999739491
999971148
999715073
999971148
999971148
999971148
999649601
999971148
999960097
999708901
999971148
999971148
999350269
999971148
999971148
999971148
999971148
999739491
999958228
999701952
999971148
999971148
999342305
999806488
999971148
999738055
999971148
999971148
999190580
999971148
999971148
999806488
999806488
997803167
999971148
999715073
999971148
999971148
999715073
999971148
999708901
999058941
999971148
999875516
999971148
999806488
999971148
999708901
999971148
999875516
999875516
999971148
999971148
960999121
999875516
999971148
999214727
996882834
999971148
999187004
999971148
999971148
999738055
999971148
999971148
999971148
999971148
999875516
999460152
999421012
999971148
999739491
999739491
999739491
999875516
999971148
999715073
999715073
999708901
999875516
999187004
999971148
999971148
999971148
999715073
999971148
999971148
999421012
999958228
999971148
999971148
999806488
999971148
999971148
999958228
999971148
999708901
999971148
999971148
999875516
999875516
999971148
999806488
999971148
999971148
999701952
999875516
999342305
999806488
999971148
999971148
999875516
999806488
999971148
999971148
938693860
999708901
999971148
999460152
999708901
999971148
999971148
999806488
999971148
999875516
999971148
999971148
999971148
999875516
999971148
999971148
999715073
999971148
999971148
999806488
999421012
999649601
999708901
999971148
999971148
999875516
999187004
999971148
999708901
999971148
999971148
999971148
999971148
999738055
999971148
999630520
999971148
999971148
999971148
999421012
999058941
999738055
999971148
999875516
999875516
999715073
999971148
999715073
999715073
999958228
999971148
999971148
999806488
999971148
999971148
999971148
999708901
999715073
999187004
999971148
999715073
999875516
999971148
999806488
999971148
999715073
999715073
999875516
999701952
999958228
999875516
999738055
999715073
999971148
999958228
999971148
999971148
999971148
999708901
999971148
999971148
999875516
999971148
999875516
999971148
999701952
998283520
999708901
999971148
999875516
999971148
999971148
999806488
999806488
999971148
999187004
999971148
996892342
999971148
999715073
999806488
999960097
999708901
999971148
999708901
996823896
992058480
999715073
999971148
999806488
999806488
978791772
999708901
999971148
999960097
999971148
990535931
999971148
999971148
999342305
999971148
999715073
999701952
999971148
999971148
999708901
999715073
999806488
999971148
999708901
999971148
999971148
999715073
999875516
999971148
999971148
999971148
999715073
999715073
999715073
999971148
999971148
999971148
999806488
999806488
999875516
999971148
999960097
999958228
999971148
999701952
999708901
999971148
999971148
999971148
999701952
999971148
999971148
999958228
999806488
999875516
999701952
999960097
999971148
999971148
999971148
997319418
999971148
999971148
999960097
999875516
999971148
999971148
999971148
999971148
999708901
999738055
999342305
999971148
999971148
999715073
999971148
998577378
999971148
999960097
999971148
999971148
999806488
998182836
999971148
999875516
998893459
999738055
999971148
999875516
999971148
999971148
999715073
999806488
999971148
999971148
999971148
998283520
999971148
999875516
999875516
999971148
999574766
999187004
999971148
999574766
999875516
999971148
999971148
999806488
999971148
999875516
999971148
999708901
999708901
999875516
999971148
999971148
999971148
997870592
999708901
999875516
999971148
999971148
999971148
999971148
999971148
999806488
999708901
999971148
999971148
999971148
999971148
999971148
999971148
999019110
999187004
999806488
999960097
999971148
999971148
999971148
999708901
999971148
999971148
999708901
999971148
999971148
999666398
999971148
999806488
999574766
999971148
999971148
999875516
999971148
999875516
999971148
999971148
999738055
999058941
999708901
999875516
999739491
999971148
999971148
999971148
999971148
999715073
999715073
999971148
999708901
996799625
999715073
999971148
999971148
999708901
999971148
999971148
999715073
999806488
999971148
999971148
999971148
999971148
999686347
999738055
999971148
998577378
999058941
999971148
999971148
999715073
999971148
999875516
999971148
999708901
999971148
998956631
999971148
999971148
999058941
999971148
999971148
999806488
999958228
999971148
999971148
999708901
999875516
999971148
999971148
999971148
999971148
999958228
999806488
999715073
999971148
999806488
999971148
999958228
999738055
999708901
999666398
999806488
999971148
999806488
999971148
999806488
999971148
999739491
999806488
999708901
999971148
999971148
999708901
999958228
999708901
999971148
999971148
999958228
999708901
999701952
999806488
999460152
999708901
999971148
999574766
999971148
999971148
999875516
999971148
999971148
999574766
999738055
999875516
999958228
999806488
999971148
999971148
999738055
999971148
999971148
999971148
999971148
999875516
999958228
999971148
999971148
999971148
999875516
999806488
999971148
999708901
997098896
999971148
994726253
999738055
999971148
999715073
999875516
999971148
978412584
999971148
999971148
998838265
999971148
999971148
999715073
999971148
999971148
999187004
999971148
999971148
999971148
999971148
999806488
999738055
999971148
999708901
999971148
999971148
999971148
999971148
999715073
999421012
999971148
999630520
999765341
999971148
999971148
999971148
999875516
999971148
999342305
999421012
999971148
999806488
999958228
999715073
999971148
999806488
993269801
999971148
999971148
999971148
999971148
999701952
999875516
999875516
999971148
999806488
999715073
999806488
999255144
999806488
991558725
999715073
999971148
999971148
999971148
999971148
999971148
999971148
999971148
998684836
999971148
999187004
999806488
999971148
999806488
999875516
999708901
999708901
999806488
998893459
999875516
999460152
999958228
999806488
999342305
999708901
999971148
999958228
995047902
999971148
999421012
978905678
999701952
999701952
999715073
999971148
999971148
999971148
999708901
999708901
999958228
999875516
999875516
982043112
999971148
999971148
999739491
999971148
999701952
999971148
999875516
999971148
999971148
999187004
999971148
999875516
999971148
999875516
999971148
999971148
999971148
999971148
999971148
999971148
999187004
999971148
999739491
999739491
999971148
999971148
999971148
999971148
999875516
999971148
999649601
999971148
999971148
999971148
999187004
999708901
999971148
999971148
999971148
999971148
999971148
999460152
999971148
999971148
999971148
999019110
999971148
999971148
999971148
999971148
999971148
999708901
999971148
999739491
999971148
999738055
999708901
999971148
999971148
999187004
999971148
999058941
999971148
999342305
999971148
999971148
999971148
999701952
999971148
999971148
999708901
999875516
999971148
999875516
998577378
999875516
999971148
999806488
999971148
999806488
999971148
999875516
999971148
998177218
999806488
999971148
999971148
999971148
999875516
997058722
999971148
999739491
999971148
999971148
997098896
999708901
999971148
999971148
999971148
999971148
999971148
999971148
999971148
999971148
999708901
999875516
999971148
999708901
999971148
999708901
999971148
999739491
999708901
999958228
979479144
999971148
999971148
999971148
999971148
999708901
999708901
999460152
999875516
999708901
999971148
999971148
999715073
999574766
999715073
999708901
999971148
999971148
999806488
999971148
999971148
999971148
999875516
999187004
999806488
999061977
999875516
999061977
999875516
999971148
999715073
999739491
999971148
999971148
999708901
998283520
999971148
999715073
999875516
999715073
999875516
999971148
999971148
999971148
999971148
999971148
999971148
999971148
999971148
998893459
999971148
999971148
999971148
999971148
999971148
999701952
999971148
999971148
999875516
999971148
999214727
999875516
999971148
999971148
999971148
999806488
999875516
999971148
999971148
999958228
999971148
999971148
999715073
999971148
999875516
999708901
999971148
999971148
999971148
999875516
999715073
999971148
999971148
999875516
999875516
999971148
999875516
999971148
999739491
999971148
999971148
999715073
999875516
999708901
999958228
999971148
999971148
999875516
999214727
999971148
999715073
999971148
999971148
999971148
999971148
999738055
999971148
999971148
999971148
999971148
999971148
999960097
999971148
999971148
999971148
999574766
999971148
999715073
999806488
999971148
999739491
999255144
999708901
999806488
997319418
999971148
999806488
999715073
999971148
999971148
999971148
999875516
999971148
999971148
999971148
999708901
999971148
999971148
999971148
999960097
999971148
999971148
999421012
999971148
999971148
999255144
999971148
999971148
999971148
999739491
999708901
988042159
999875516
999971148
999666398
999971148
999971148
999806488
999875516
999971148
999875516
999708901
999971148
999971148
996882834
997098896
999708901
999971148
999971148
999875516
999958228
999061977
999971148
999971148
999971148
999739491
999971148
999971148
999971148
999061977
999971148
999058941
999708901
890179937
999971148
999971148
999806488
999875516
999739491
999187004
999460152
999715073
999708901
999971148
999971148
999958228
999875516
999971148
999875516
999971148
999875516
999875516
999971148
999875516
998177218
999738055
999971148
999421012
999971148
999971148
999715073
999701952
999971148
999806488
999649601
999958228
999971148
999958228
999715073
999971148
999971148
999971148
999971148
999971148
999806488
999971148
999971148
999971148
999715073
999971148
999971148
999701952
999971148
999971148
999875516
999971148
999875516
999971148
999971148
999971148
999806488
999971148
999971148
999971148
999708901
999739491
999875516
999715073
999342305
999971148
999971148
999255144
999958228
999971148
999971148
999971148
999806488
999971148
999875516
999190580
994726253
999971148
999715073
999971148
999421012
999971148
999701952
999971148
999971148
999715073
999875516
999971148
999971148
999971148
998967001
999649601
999971148
999971148
999806488
999971148
999971148
999739491
999875516
999971148
999971148
999971148
999715073
999715073
999971148
999708901
999738055
999971148
999971148
999971148
999971148
999971148
999971148
999701952
999971148
999971148
999715073
999715073
999421012
999738055
999708901
999630520
999190580
999971148
999971148
999715073
999971148
999971148
999971148
999971148
999971148
999971148
999971148
999971148
999971148
999739491
999971148
999971148
999971148
999971148
999708901
999971148
999971148
999715073
999187004
999971148
999971148
999971148
999971148
999701952
999971148
998870819
999971148
999971148
999708901
999255144
999971148
999971148
999971148
999971148
999958228
999649601
999875516
999701952
999708901
999806488
999708901
999806488
999971148
998182836
999875516
997803167
999715073
999971148
999806488
999971148
999971148
999971148
999875516
999971148
999971148
999971148
999971148
999708901
999971148
999971148
999971148
999971148
999971148
999875516
999875516
999971148
999971148
999971148
999971148
999708901
999875516
999708901
999630520
999708901
999971148
999715073
999960097
999187004
999971148
999971148
999958228
999971148
999971148
999971148
999058941
999875516
999187004
999708901
999971148
999875516
999971148
991519202
999806488
999806488
999451048
999971148
999971148
999971148
999875516
999806488
983733870
999971148
999701952
999971148
999708901
999971148
999971148
999715073
999708901
999971148
999971148
999806488
999971148
998893459
999708901
999421012
999971148
999971148
999971148
999739491
999971148
999715073
999708901
999715073
999960097
999708901
999971148
999971148
999971148
999971148
999806488
999971148
999715073
999875516
999421012
999971148
999875516
999875516
999708901
999971148
999875516
999708901
999715073
999971148
999806488
999806488
999971148
999971148
999451048
999971148
999715073
999971148
999715073
993647875
999875516
999971148
999708901
999971148
999708901
999708901
999806488
999715073
999971148
999806488
999708901
999971148
999715073
999875516
999971148
999806488
999875516
999739491
999971148
999971148
999701952
999971148
999875516
999715073
999971148
999806488
999875516
999686347
999686347
999806488
999971148
999971148
998177218
999058941
999715073
999958228
999739491
999875516
999806488
999971148
999708901
999875516
999971148
999971148
999971148
999708901
999971148
999971148
999715073
999708901
999738055
999971148
999806488
999971148
999971148
999715073
999708901
999971148
999958228
999971148
999960097
999971148
999971148
999806488
999187004
999971148
999806488
999971148
999971148
999875516
999971148
999971148
999715073
999738055
999971148
999875516
999971148
999971148
999875516
999451048
999958228
999958228
999971148
999971148
999875516
999971148
999806488
999971148
999971148
999971148
999715073
999971148
999715073
999708901
999971148
999971148
999708901
999701952
999971148
999875516
999971148
999971148
999701952
999715073
999971148
999958228
999875516
999971148
999708901
999255144
999971148
999875516
999875516
999806488
999971148
999708901
999708901
999971148
999971148
999971148
999971148
999971148
999875516
999971148
999738055
999971148
999971148
999806488
999738055
999649601
999971148
999971148
999971148
999971148
999806488
999971148
999971148
999971148
999958228
999971148
999715073
999971148
999342305
999971148
955964486
999971148
999971148
999806488
999971148
999806488
999971148
999971148
999971148
999971148
999971148
999971148
999971148
999971148
999960097
999971148
999715073
999806488
999971148
999971148
999806488
999649601
999971148
999574766
999739491
999738055
999806488
999701952
999971148
999971148
999875516
999630520
999701952
999971148
999708901
998182836
999971148
999971148
998177218
999806488
999971148
999875516
982161239
999875516
999958228
998233955
999806488
996823896
999875516
999806488
999708901
999971148
999875516
999971148
999875516
999971148
999971148
999971148
999715073
998577378
999971148
999061977
999701952
999971148
999971148
999971148
999971148
999971148
999715073
998283520
999971148
999971148
999715073
999738055
999739491
999701952
999971148
999971148
999715073
999971148
999971148
999708901
999460152
999971148
999058941
999875516
999708901
999701952
999187004
999971148
999806488
999971148
999630520
999971148
999739491
999971148
999971148
999971148
999971148
944448196
999738055
999715073
999971148
999875516
999971148
999708901
999971148
999739491
999971148
999971148
999971148
999958228
999971148
999971148
999971148
999875516
999708901
999971148
999971148
999971148
999971148
999971148
999061977
997464630
999971148
999708901
999971148
999701952
999187004
999739491
999701952
999958228
999421012
999971148
999971148
999971148
999875516
999715073
999875516
999708901
999875516
999971148
999971148
999971148
999715073
978240537
999971148
999875516
999739491
999715073
999875516
999574766
999971148
999971148
999715073
999971148
999875516
999806488
999971148
999971148
999971148
999708901
999971148
999806488
999875516
999875516
999971148
999708901
999971148
999971148
999708901
999715073
999958228
999806488
999806488
999971148
999971148
999806488
999971148
999187004
999187004
999971148
999971148
999971148
999971148
998211578
999971148
999971148
984804616
999875516
999971148
999971148
999708901
999875516
999958228
999971148
999806488
999971148
999960097
999708901
999085837
999806488
999739491
999971148
999971148
999971148
999971148
999738055
999875516
868938063
999971148
999958228
999971148
999739491
999806488
999971148
999971148
999875516
999875516
999958228
999971148
999875516
998956631
999971148
999971148
999306420
999460152
999971148
975625923
999971148
999971148
999971148
999058941
999971148
999971148
999971148
999971148
999971148
997803167
999715073
999701952
999971148
999649601
999708901
999971148
999708901
999971148
999971148
999190580
999971148
999971148
999971148
999971148
999708901
999971148
999708901
999187004
999971148
999971148
999971148
999875516
999701952
999708901
999971148
999708901
999806488
999971148
999971148
999875516
999971148
999971148
999971148
999765341
999875516
996442443
999708901
999875516
999971148
999971148
999971148
999738055
999971148
999715073
999971148
999708901
999971148
999715073
999806488
999971148
999701952
996892342
999708901
999971148
999971148
999421012
999971148
999971148
999971148
997098896
999875516
999971148
999971148
999971148
999701952
999971148
950565213
999971148
999971148
999971148
999875516
999971148
999971148
999971148
999971148
999058941
999971148
999806488
999971148
999971148
999971148
999971148
999875516
999971148
999971148
998880820
999806488
999971148
999971148
999971148
999971148
999971148
999971148
999708901
992792532
999971148
999806488
999715073
999971148
999715073
999875516
999715073
999971148
999971148
999187004
999971148
999971148
999971148
999739491
999806488
999806488
999971148
999971148
999971148
998577378
999971148
999806488
999971148
999875516
999971148
999875516
999971148
999971148
999971148
999971148
999058941
999715073
999715073
998967001
998432859
999187004
999971148
999971148
999806488
999971148
999960097
999971148
999971148
999971148
999971148
999971148
999971148
999971148
999806488
999971148
999421012
999971148
999715073
991312657
999971148
999190580
999971148
999875516
999971148
999971148
999421012
999971148
999971148
999875516
999708901
999715073
999971148
998182836
999971148
999971148
999971148
999738055
999971148
999190580
999971148
999715073
999875516
999708901
999187004
999708901
999971148
999971148
988405209
999971148
999971148
999971148
999971148
999971148
996882834
999875516
999958228
999971148
999875516
998893459
999715073
999875516
999971148
999875516
999971148
999875516
999971148
999971148
999708901
999971148
999708901
999971148
999971148
999971148
999686347
999971148
999739491
999958228
999715073
999806488
995669162
999421012
999971148
999715073
999715073
999715073
999971148
999739491
999971148
999971148
999738055
999958228
999971148
999875516
999971148
999715073
999649601
999701952
999971148
999971148
999187004
999971148
999715073
999971148
999739491
999971148
999971148
999061977
999971148
999806488
999739491
999971148
999421012
999061977
999971148
999058941
999708901
999971148
999971148
999971148
999971148
999971148
999971148
999421012
983733870
999971148
996882834
999971148
999715073
999971148
999187004
999701952
999971148
999701952
999708901
999806488
999971148
999971148
997464630
999715073
999971148
999971148
997098896
999971148
999971148
999971148
999806488
999971148
999971148
999971148
999971148
999971148
999715073
999971148
999971148
999971148
999971148
999971148
999451048
999806488
999971148
999421012
971838964
999971148
972948416
999971148
999971148
999971148
999715073
999971148
999971148
999971148
999708901
999971148
999875516
999971148
998125171
992792532
999971148
999971148
999875516
999738055
999806488
999971148
997397788
999574766
999971148
999708901
999971148
999738055
999708901
999875516
999958228
999421012
999971148
999971148
999701952
999875516
999971148
994896894
999806488
999708901
999875516
999971148
999971148
999971148
999971148
998967001
999971148
999971148
999630520
999971148
999715073
999971148
999875516
999971148
999715073
999971148
999971148
999875516
999971148
999971148
999971148
999971148
948824673
999971148
999971148
999971148
999971148
999806488
999971148
999971148
999715073
999971148
999971148
999061977
999806488
999187004
999875516
999971148
999738055
999971148
999971148
978240537
999971148
999739491
999971148
999971148
999971148
998684836
999708901
999960097
999715073
999971148
999971148
999739491
999971148
999715073
999971148
999971148
999187004
999806488
999715073
998782068
999971148
999971148
998893459
997244344
999875516
999958228
983502755
999701952
999806488
999708901
999708901
999875516
999971148
999971148
999971148
999971148
999958228
999971148
999701952
999958228
999738055
999971148
999971148
999715073
999971148
999806488
999574766
999806488
999971148
999971148
999958228
999875516
999708901
999806488
999971148
999806488
998283520
999875516
999806488
999971148
999971148
999958228
999971148
999058941
999574766
999971148
999187004
999875516
999971148
999214727
999971148
999958228
999875516
999971148
999971148
999971148
999971148
999715073
999875516
999715073
999960097
999971148
999971148
999971148
999421012
999875516
999971148
999806488
999971148
999875516
999971148
999806488
999708901
999971148
999958228
999971148
999971148
999971148
999971148
999971148
999971148
999971148
999971148
999971148
999875516
999739491
999875516
999971148
999738055
999555691
999971148
999715073
999971148
999806488
999715073
996622209
999875516
999971148
999971148
999971148
999806488
999715073
999875516
999971148
999971148
999715073
999806488
999708901
999738055
999958228
999971148
999971148
999739491
999971148
999806488
999971148
999738055
999971148
999875516
994783856
999971148
999971148
999971148
999765341
999875516
999960097
999971148
999971148
999701952
999739491
999708901
999715073
999971148
999971148
999255144
999971148
999875516
999708901
999971148
999971148
999971148
999708901
991312657
999971148
999739491
999806488
999971148
999806488
999971148
999971148
992881757
999971148
999738055
999875516
999971148
999971148
999421012
999971148
999971148
999971148
999971148
999971148
999715073
999971148
999971148
999739491
999971148
999875516
999708901
999708901
999806488
999971148
999971148
999875516
999971148
999806488
999971148
999701952
999058941
999806488
999960097
999701952
999971148
999971148
999971148
999971148
999708901
999971148
999971148
999971148
999421012
999738055
999971148
999738055
999971148
999190580
999971148
999971148
999806488
998177218
999971148
992881757
999971148
999971148
999708901
999971148
999875516
999971148
999806488
999971148
999875516
999806488
999971148
999806488
999701952
999971148
999875516
999421012
999971148
999971148
999708901
999971148
999971148
999806488
999971148
999971148
999971148
999875516
999708901
999971148
999806488
999971148
999715073
999971148
999971148
999971148
999971148
999574766
999187004
999971148
998904793
999875516
999971148
999971148
999971148
999875516
999971148
999971148
999971148
999701952
999971148
999630520
999806488
999971148
999806488
999806488
999971148
999739491
999958228
999708901
999971148
999971148
999971148
999971148
997803167
999806488
999971148
999971148
999971148
999875516
999715073
999806488
999058941
999875516
999738055
999708901
999058941
998283520
999739491
999806488
999971148
999971148
999187004
999708901
999971148
999971148
999971148
997098896
999738055
999701952
999958228
989902435
999058941
999971148
999971148
999971148
999875516
999971148
999708901
999971148
999971148
999971148
999806488
999971148
999701952
999971148
999875516
999971148
999806488
999971148
999971148
999708901
999971148
999971148
999971148
999971148
998283520
999971148
999875516
999971148
999971148
999971148
999971148
999715073
999958228
999306420
999971148
999187004
999958228
957760688
999971148
999806488
999739491
999971148
999806488
999187004
999806488
999971148
999342305
999971148
999708901
999971148
999875516
999708901
999342305
999421012
999971148
999875516
999875516
999971148
999715073
999958228
999971148
999971148
999971148
999971148
999715073
999971148
999875516
999708901
999971148
999701952
999971148
999708901
999875516
999971148
999708901
999971148
999971148
999806488
999971148
999715073
999971148
999806488
999715073
999342305
999971148
999971148
999971148
999708901
999971148
999715073
999971148
999708901
999738055
999971148
999971148
999971148
999971148
999708901
999971148
999971148
999971148
999342305
999971148
993269801
999708901
999971148
999971148
999971148
999971148
999806488
999971148
999958228
999971148
999971148
999715073
998870819
999971148
999875516
999806488
999875516
999971148
999971148
999971148
999306420
999715073
999971148
999715073
987416027
999738055
999460152
999971148
999806488
999971148
999971148
999971148
999971148
999971148
999708901
999875516
999971148
999971148
999971148
999971148
999708901
999971148
999806488
999971148
997464630
999738055
999971148
999708901
999460152
999971148
999806488
999875516
999971148
999971148
999971148
999460152
999875516
999701952
999715073
999875516
999971148
999971148
999971148
999875516
999971148
999971148
999971148
999806488
999971148
999971148
999971148
999806488
999971148
999715073
998956631
999806488
999971148
999061977
999971148
999085837
999971148
998904793
999971148
999715073
999708901
999971148
999971148
999971148
999738055
999875516
999971148
999971148
999971148
999806488
999971148
999255144
999971148
999971148
999875516
999960097
999971148
999875516
999875516
999971148
999971148
999971148
999971148
999806488
999971148
999421012
999708901
999875516
999971148
999971148
999971148
999875516
999971148
999971148
999460152
999971148
999971148
999421012
999875516
999971148
999971148
999701952
999971148
999971148
999421012
999806488
999971148
999715073
999971148
999765341
999971148
999421012
978420172
999971148
999971148
999971148
999971148
999806488
999806488
999342305
999971148
999971148
999875516
999306420
999971148
999715073
999971148
999971148
999971148
988862664
999061977
999806488
999715073
999971148
999708901
999971148
999958228
999187004
999958228
999971148
999971148
999971148
999708901
999715073
999061977
999971148
999971148
999971148
999971148
999971148
999806488
999708901
999971148
999708901
999708901
999971148
999971148
999971148
999971148
999971148
999708901
999971148
999421012
999806488
999958228
999971148
999958228
999971148
999971148
999875516
999971148
999875516
999342305
999971148
999958228
999971148
998893459
999715073
999715073
999708901
999971148
999971148
999971148
999460152
999971148
999971148
999306420
999971148
999350269
999701952
999971148
999971148
999971148
999806488
999971148
999971148
999971148
999255144
999875516
999806488
999971148
999971148
998893459
999971148
999971148
999971148
999971148
999958228
999971148
999715073
999806488
998904793
999971148
999971148
999971148
999971148
999971148
999701952
998999014
999971148
999971148
999971148
999708901
999971148
998956631
999958228
999715073
999806488
999971148
999715073
999971148
999085837
999971148
999708901
998283520
999971148
999875516
999971148
999971148
999971148
999971148
999971148
999738055
990535931
999971148
999971148
999971148
999738055
999738055
999971148
999971148
999971148
999715073
999971148
999971148
999971148
999958228
999715073
999460152
999875516
999971148
999971148
999971148
999971148
999958228
999971148
999971148
999971148
993621711
999875516
999971148
999971148
999806488
999971148
999649601
999738055
999971148
999971148
999971148
999971148
999708901
999971148
999806488
999971148
999971148
999971148
999971148
999971148
999971148
999971148
999971148
999708901
999708901
999971148
999715073
999971148
999971148
978464355
999630520
999875516
999875516
999971148
999971148
999971148
999708901
999971148
999971148
999875516
999960097
999806488
999971148
999971148
999971148
999806488
999806488
999875516
999187004
999971148
999971148
999875516
999971148
999574766
999061977
999971148
999875516
999875516
999875516
999971148
999421012
999875516
998283520
999058941
999971148
999875516
999971148
999708901
999971148
999971148
999875516
999971148
999255144
999971148
999971148
999806488
999971148
999342305
999971148
999958228
999971148
999958228
999971148
999708901
999971148
999708901
999971148
999971148
998999014
999630520
999187004
999875516
999971148
999806488
999971148
999708901
999971148
999708901
999806488
999701952
999958228
999971148
999958228
999971148
998999014
999971148
999960097
999708901
999738055
999686347
999971148
999971148
999421012
999708901
999971148
999971148
999971148
999738055
999971148
999875516
999971148
999958228
999708901
999708901
999971148
999738055
999971148
999971148
999806488
999971148
999971148
999708901
999971148
999738055
999971148
999708901
999971148
999971148
999971148
999971148
999019110
999971148
999971148
999958228
999806488
999738055
999971148
999971148
999971148
999806488
999715073
999738055
999971148
999971148
999708901
999971148
999971148
999971148
999806488
999738055
999971148
999715073
975833544
999715073
999875516
999342305
999649601
999971148
999875516
999875516
999875516
999971148
999708901
999708901
999971148
999806488
999971148
999460152
999187004
999708901
999708901
999971148
999971148
999971148
999971148
999875516
999738055
999187004
999971148
999971148
999971148
999971148
999875516
999715073
999971148
999806488
999971148
999421012
999971148
999708901
999960097
999686347
999342305
999971148
998737068
999971148
999708901
999875516
999971148
999971148
999971148
999738055
999971148
999971148
999715073
999715073
998999014
999971148
999715073
999971148
999971148
999708901
999708901
999715073
999806488
999971148
999971148
999421012
999971148
999147546
999738055
999342305
999875516
999806488
999715073
999875516
999708901
999971148
998967001
999971148
999971148
999971148
999701952
999971148
999342305
999971148
999971148
999875516
999971148
999971148
999875516
999649601
999708901
999971148
999971148
999875516
999971148
999971148
999875516
999971148
999971148
999971148
999971148
999708901
999971148
995625535
999971148
999806488
999971148
999738055
999971148
999715073
999971148
999971148
999085837
999715073
999187004
999971148
999971148
998407820
998577378
999806488
999085837
999971148
995016947
999971148
999971148
999971148
999187004
999971148
999971148
999971148
999715073
999715073
999806488
999708901
999971148
999701952
999971148
999971148
999971148
999421012
999971148
999971148
999875516
999971148
999971148
999971148
999971148
990825439
999971148
999971148
958381672
999806488
999708901
999806488
999971148
999971148
999701952
999875516
999971148
999971148
987416027
999187004
999971148
999875516
999971148
999806488
999708901
999971148
999708901
999875516
998904793
999875516
999971148
999971148
999806488
999738055
999971148
999971148
999971148
999971148
999806488
999971148
999971148
999187004
999686347
999958228
999971148
999958228
999971148
999708901
999971148
999971148
999971148
999738055
999421012
999958228
999058941
999971148
999971148
999971148
999971148
999875516
999971148
999806488
999971148
999971148
999875516
999960097
999806488
999666398
999971148
999715073
999971148
999058941
999806488
999971148
999971148
999701952
999971148
999875516
999715073
999715073
999708901
999708901
999708901
999875516
999971148
999701952
999971148
999958228
999971148
999971148
999971148
999715073
999715073
999971148
999971148
999715073
999342305
999971148
999971148
996882834
999971148
999708901
999715073
999875516
999555691
999971148
999971148
999971148
999715073
999715073
999971148
999958228
999958228
999971148
999971148
999715073
999971148
999971148
995262462
999738055
998432859
999708901
999187004
999971148
999806488
999306420
999971148
999806488
999421012
999061977
999971148
999708901
999187004
999971148
999971148
999421012
999958228
999971148
999971148
999630520
999806488
999971148
999971148
999715073
999460152
999708901
999971148
999971148
999715073
999306420
999971148
999306420
999214727
999971148
999971148
999971148
999971148
999806488
999971148
999971148
999715073
999971148
999971148
999190580
999971148
999971148
999806488
999971148
999715073
999971148
999971148
998283520
999971148
999715073
999715073
999971148
998182836
999085837
999806488
999187004
997910662
999971148
999971148
999971148
999958228
999971148
999971148
999715073
999875516
999971148
999971148
999342305
999971148
999708901
999971148
999875516
999806488
999971148
999971148
999715073
999806488
999971148
999715073
999806488
999971148
999738055
999971148
999875516
999350269
999971148
999971148
999971148
999971148
999875516
999971148
999960097
999875516
999061977
999715073
999971148
999460152
999971148
999421012
999971148
999019110
999715073
999708901
999574766
999971148
999971148
999971148
999708901
999708901
999806488
999971148
999715073
999806488
999971148
999971148
999806488
999971148
999971148
999971148
999971148
999806488
999708901
997803167
999971148
999971148
999971148
999971148
999875516
999971148
999971148
999971148
999971148
999187004
999971148
999971148
999971148
999971148
999715073
999971148
999958228
999708901
999971148
999806488
999701952
999971148
999187004
999971148
999708901
999971148
999971148
999971148
999971148
999187004
999806488
999971148
999715073
999971148
998283520
999971148
999708901
999958228
999971148
999971148
999875516
999971148
999971148
999971148
999971148
999715073
999058941
999708901
999971148
998233955
999971148
999971148
999971148
999971148
998577378
998177218
999715073
999708901
999971148
999971148
999971148
996305897
999971148
999187004
999958228
999971148
999715073
972562135
999971148
999715073
999958228
999958228
999971148
999958228
999971148
999971148
999971148
999190580
999708901
999875516
999971148
999806488
998211578
999958228
999971148
999875516
999971148
998035805
999971148
999971148
999875516
999971148
999971148
999421012
999971148
999708901
999971148
999875516
999971148
997803167
999971148
999971148
999971148
999061977
999971148
999715073
999574766
999971148
999875516
999715073
999708901
999971148
999708901
999971148
999971148
999971148
999971148
999971148
999738055
999708901
999971148
999971148
999971148
999708901
999971148
999460152
999971148
999806488
999971148
999806488
999971148
999971148
999421012
998967001
999971148
999971148
999971148
999971148
999971148
999958228
999971148
999715073
999971148
999971148
999806488
999971148
999875516
999958228
999971148
999960097
994783856
999971148
999708901
999806488
999971148
999806488
999971148
999971148
999958228
999958228
999806488
999715073
999971148
999971148
999806488
999971148
999806488
999971148
999875516
999971148
999971148
999971148
999971148
999971148
999708901
999708901
999971148
999958228
999708901
999971148
999085837
999971148
999971148
999701952
999958228
999971148
999715073
999971148
999806488
999061977
999971148
999971148
999971148
999187004
999971148
999971148
999708901
999971148
999971148
999875516
999971148
999971148
999971148
999971148
999708901
999971148
999708901
999971148
999958228
999971148
999971148
999971148
999971148
999971148
999806488
999806488
997244344
999971148
999971148
999806488
999971148
999971148
999187004
999971148
999715073
999061977
999806488
999971148
999701952
999971148
999806488
999971148
999971148
999971148
999875516
999971148
999421012
999971148
999971148
999971148
999806488
999350269
999971148
999958228
999708901
999875516
999971148
999460152
999971148
999708901
999342305
999971148
999971148
999875516
999971148
999061977
998577378
999971148
999715073
999971148
999971148
999875516
999806488
999806488
999971148
999708901
998577378
998125171
999971148
999715073
999971148
999715073
999715073
999971148
999715073
999971148
999971148
999971148
999971148
999708901
999708901
999806488
999708901
999806488
999806488
999971148
999971148
999806488
999421012
999971148
999971148
999875516
999971148
999715073
999875516
999971148
999971148
999971148
999971148
999971148
999971148
988388665
999971148
999971148
999971148
999701952
999187004
999958228
999971148
995625535
999971148
999715073
999971148
999971148
999971148
999971148
999708901
999971148
999971148
999971148
999971148
999971148
999701952
999971148
999971148
999806488
999971148
999971148
999971148
999971148
971601926
999971148
999971148
998956631
999971148
999875516
971684174
999971148
999971148
999630520
999715073
999971148
997090829
999971148
998967001
999971148
999971148
999708901
999708901
999715073
999971148
999971148
999875516
999715073
999971148
999971148
998233955
999971148
999971148
999971148
999971148
999715073
999971148
999971148
999708901
999958228
999960097
999686347
999971148
999306420
999958228
999765341
999971148
999971148
999806488
999971148
999971148
999708901
999715073
999061977
999875516
999971148
999971148
999971148
999971148
999875516
999971148
999875516
999875516
999715073
999342305
999971148
999971148
999971148
999806488
999971148
999306420
999187004
999971148
999875516
998177218
999187004
999806488
999875516
999971148
999701952
999708901
999701952
999971148
999306420
999708901
999971148
999971148
999971148
998956631
999971148
999971148
999971148
999971148
999971148
999971148
999971148
999971148
999715073
999574766
999806488
998340199
999971148
999971148
999574766
999715073
999971148
999421012
999875516
999971148
997397788
999708901
999971148
999708901
999806488
999971148
999958228
999806488
999971148
999715073
999971148
996622209
999875516
999971148
999971148
999875516
999971148
999971148
999971148
999958228
999971148
999715073
999971148
999806488
999806488
999306420
999971148
999708901
997319418
999971148
999971148
999971148
999971148
999971148
999715073
999971148
999701952
999460152
999715073
999701952
999971148
999708901
999971148
999960097
999971148
999971148
999806488
965107560
999806488
999971148
999971148
999708901
999971148
999971148
999421012
999971148
999187004
999460152
999971148
999971148
999875516
999971148
999460152
999971148
999708901
999806488
999971148
999806488
999971148
999971148
999715073
999971148
999421012
999971148
999971148
999971148
999971148
999971148
999971148
999971148
999971148
999971148
999971148
954651998
999971148
999960097
999971148
999971148
999971148
999971148
999971148
999971148
999971148
999971148
999971148
999875516
999187004
999806488
999708901
999715073
999971148
999971148
999971148
999708901
999875516
999971148
999630520
999971148
999806488
999971148
999708901
999971148
999701952
999806488
999971148
999971148
996387842
999306420
999806488
999971148
999971148
999971148
999971148
999971148
999806488
999971148
999738055
999806488
999875516
999971148
999971148
999971148
999971148
999971148
999971148
999971148
998283520
999875516
999971148
999708901
999971148
999971148
999971148
999708901
999738055
999971148
999971148
999971148
999971148
999971148
999875516
999971148
999738055
999971148
999708901
999806488
999875516
999460152
999971148
999806488
999971148
999971148
999971148
999971148
999971148
999421012
999187004
999806488
999960097
999971148
999971148
999971148
999971148
999971148
999187004
998378481
999971148
999875516
999971148
999715073
999971148
999187004
999708901
999058941
999630520
999806488
999958228
999971148
999971148
999971148
999971148
999875516
999460152
999806488
999971148
999971148
999971148
999971148
999960097
999421012
999147546
999971148
999971148
999971148
999971148
999971148
999971148
998967001
999971148
999971148
999971148
999971148
999061977
999806488
999958228
999971148
999708901
999806488
998177218
999971148
999738055
999806488
999971148
999342305
999806488
999971148
999958228
999971148
999971148
999187004
999971148
999715073
999708901
999971148
999342305
999971148
999971148
999806488
999971148
999715073
999971148
999806488
995568253
999971148
999958228
999971148
999971148
999708901
999708901
999971148
999875516
999971148
999214727
999971148
999971148
999958228
999875516
999701952
999715073
999971148
999971148
999715073
999555691
999958228
999971148
999971148
999971148
999875516
999058941
999806488
999715073
999187004
999971148
999715073
999971148
999971148
999971148
999958228
999971148
999971148
999806488
999971148
999971148
999806488
999971148
999971148
999971148
999971148
999875516
999971148
999715073
999715073
999971148
999971148
999708901
999971148
999875516
999875516
999806488
999971148
999971148
999715073
999971148
999806488
999971148
999971148
999715073
999971148
999958228
999971148
999806488
999574766
999058941
999875516
999971148
999971148
999971148
999971148
999806488
999971148
999971148
999971148
999875516
999971148
999708901
999971148
995262462
999187004
999971148
999971148
999715073
999971148
999715073
999342305
999715073
999806488
999971148
999342305
998378481
999875516
999971148
999971148
999971148
999806488
999971148
999708901
999971148
999806488
999971148
999187004
999806488
999971148
999971148
999971148
999971148
997098896
999971148
999708901
999875516
999421012
999971148
999971148
999971148
999971148
999971148
999806488
999806488
999708901
999701952
999971148
999971148
999971148
999971148
999971148
999971148
999806488
999806488
999715073
999806488
999875516
999971148
999971148
999971148
999701952
999806488
999875516
998967001
999806488
999187004
999187004
999806488
953285639
999958228
999806488
999875516
999971148
999971148
999971148
999971148
999708901
999987722
999715073
999875516
999971148
999875516
999875516
999875516
999738055
998378481
990383590
999971148
999306420
998495189
999971148
999806488
999460152
999987722
999971148
999187004
999971148
999971148
999738055
999971148
999971148
999806488
999574766
999451048
999875516
999971148
999738055
999971148
999971148
999987722
998283520
999971148
999715073
999971148
999875516
999987722
999806488
999987722
999987722
999708901
999971148
999987722
999574766
999971148
999058941
999971148
999806488
998904793
999875516
999987722
999971148
999806488
999987722
998177218
999971148
999715073
999987722
999806488
999971148
999738055
999738055
999708901
999971148
999987722
999971148
999058941
999806488
999971148
999875516
987961230
998768059
999971148
999971148
999987722
999971148
999971148
999806488
999715073
999987722
999971148
999971148
999708901
999806488
981634055
999987722
999715073
999875516
999971148
999971148
999971148
993943194
999715073
999715073
999971148
999971148
999708901
999971148
999971148
999971148
999971148
999971148
999987722
999971148
999971148
999701952
999971148
999987722
999875516
999806488
999875516
998035805
999875516
999971148
999187004
999058941
999971148
999971148
999875516
999708901
999971148
999061977
999987722
999971148
999971148
999971148
999971148
999971148
999971148
999987722
999971148
999971148
999342305
999806488
999971148
999971148
999987722
999806488
999971148
999708901
999971148
999686347
999971148
999971148
999460152
999806488
999987722
999806488
999971148
999187004
993269801
999187004
998407820
999987722
999708901
999971148
999987722
999875516
999971148
999987722
999971148
999806488
999971148
999987722
999806488
999806488
999971148
999971148
999971148
999987722
999708901
999460152
999971148
999987722
999715073
999971148
999971148
999987722
999421012
999971148
999971148
999460152
999987722
999806488
999987722
999987722
999971148
999971148
999971148
999971148
999971148
999708901
999806488
999708901
999701952
999971148
999987722
999342305
999715073
999987722
999061977
999875516
999971148
999971148
995375582
999971148
999971148
999806488
999987722
999971148
999875516
999875516
999971148
999971148
999971148
999971148
999971148
992608194
999708901
999987722
999971148
999806488
999987722
999875516
999715073
999971148
999342305
999971148
999971148
999971148
999971148
999875516
999971148
999971148
999971148
999061977
999987722
999971148
999971148
999971148
999715073
999971148
999971148
999875516
999971148
999971148
999971148
999971148
999708901
999708901
999708901
999971148
999875516
999875516
999701952
999421012
999715073
999987722
999971148
999971148
999971148
998870819
999971148
999971148
998967001
999806488
997803167
999421012
999806488
999806488
999971148
999738055
999987722
999971148
999971148
999806488
999875516
999971148
999971148
998967001
999987722
998177218
999971148
999971148
999987722
999971148
999971148
999971148
999971148
999806488
999971148
999987722
993269801
999715073
999187004
999806488
999971148
999971148
999708901
999971148
997803167
999971148
999971148
999806488
999971148
999971148
999875516
999806488
999987722
999875516
999971148
999971148
999987722
999971148
999875516
999971148
999187004
999971148
999971148
999971148
999971148
999806488
999971148
999806488
999187004
999875516
999708901
999987722
999806488
999875516
999987722
999342305
999987722
999708901
999806488
999971148
999971148
999738055
999738055
992664798
999421012
999875516
999971148
999971148
999971148
999806488
999971148
999715073
999342305
999806488
999987722
999875516
999806488
999875516
999875516
999987722
999960097
999214727
999971148
999971148
999806488
999987722
999987722
999971148
992178347
999987722
999971148
999987722
999715073
999715073
999971148
999875516
999971148
999715073
999971148
999971148
999971148
999971148
999806488
999971148
999971148
999971148
999971148
999806488
999971148
999971148
999971148
999708901
999971148
999987722
999806488
999806488
999806488
999971148
999971148
999987722
999971148
999971148
999875516
999971148
999971148
999971148
999971148
999971148
999421012
999715073
999875516
999875516
999806488
999806488
999987722
999971148
998177218
999875516
999875516
999715073
999971148
999987722
999987722
999971148
999971148
999708901
999971148
999708901
999971148
999971148
999715073
999971148
999971148
999971148
999971148
999806488
999875516
999971148
999187004
999987722
999971148
999715073
999971148
999715073
999715073
999971148
999460152
999971148
999971148
999971148
999971148
999806488
999806488
999971148
999971148
999715073
999187004
999875516
999971148
999715073
999971148
999806488
999806488
999971148
999971148
999738055
999214727
999987722
999806488
999715073
999875516
999987722
999875516
999987722
999708901
999701952
999971148
999971148
999971148
998967001
999806488
999971148
999806488
999987722
999971148
977376900
999971148
999987722
999875516
999971148
999971148
999342305
999971148
999875516
999987722
999971148
999971148
999715073
999971148
999971148
999987722
999738055
999971148
999875516
999971148
999971148
999058941
999987722
999738055
999971148
999971148
999971148
999187004
999806488
999971148
999342305
999987722
999708901
998577378
999971148
999715073
999971148
999971148
999971148
999701952
999971148
999971148
999987722
999971148
999987722
999971148
999971148
999971148
999971148
999971148
999971148
999987722
999971148
999971148
999971148
998283520
999708901
999987722
999715073
999701952
999971148
999971148
999875516
999971148
999715073
999342305
999971148
999875516
999987722
999715073
999971148
999987722
999460152
999971148
999971148
999971148
999971148
999875516
999058941
999971148
999971148
999971148
999971148
999971148
999987722
999708901
999971148
999875516
999971148
999061977
999971148
999715073
999451048
999971148
999715073
999960097
999701952
999715073
999875516
999971148
999058941
999971148
999806488
999875516
999806488
999971148
999971148
999971148
999806488
999806488
999875516
999971148
999971148
999971148
999971148
999971148
999715073
999971148
999971148
999630520
999708901
999971148
999971148
999971148
999971148
999987722
999971148
999342305
999971148
997098896
999971148
999971148
999971148
999971148
999342305
999875516
999875516
999715073
999971148
999971148
999971148
999971148
999971148
999971148
999971148
999701952
999971148
999971148
999715073
997464630
999806488
999971148
999971148
999971148
999971148
999875516
999971148
999971148
999971148
999875516
999806488
999971148
999971148
999738055
999715073
999987722
997803167
999971148
999987722
999971148
999708901
999875516
999971148
999971148
999971148
999971148
999738055
999971148
999806488
999971148
999971148
999806488
998904793
990383590
999875516
998370421
991165858
999971148
999806488
999806488
999971148
999971148
999708901
999715073
999987722
999971148
999971148
999971148
999987722
999738055
999214727
999987722
999971148
999875516
999971148
999971148
999971148
999875516
999715073
999971148
999987722
999715073
999971148
999971148
998233955
999875516
999971148
999708901
999971148
999806488
999971148
999806488
999715073
998870819
999806488
999460152
999987722
999971148
999987722
999715073
999806488
999971148
998182836
999708901
998153382
999708901
999971148
999875516
999971148
999806488
999971148
999715073
999971148
999971148
999971148
999971148
999187004
999971148
999971148
999987722
999987722
999708901
999987722
999971148
999971148
998684836
999971148
999875516
999987722
999987722
999971148
999971148
999971148
999971148
999971148
999971148
999971148
999971148
999971148
999971148
999187004
999708901
998211578
999875516
999715073
999971148
999971148
999971148
999971148
999875516
999971148
999971148
998577378
999701952
999715073
999971148
999987722
999971148
999806488
999971148
999187004
999971148
999708901
999806488
999875516
982161239
999987722
999971148
999971148
999987722
999971148
999971148
999971148
999806488
999971148
999806488
999806488
999806488
999738055
999806488
999875516
999971148
999971148
999971148
998838265
999708901
999987722
999342305
977376900
999875516
999971148
999214727
999738055
999971148
999708901
999971148
999987722
999971148
999971148
999971148
999971148
999701952
999701952
999806488
999971148
999806488
999971148
999421012
999971148
999715073
999806488
999971148
999971148
999806488
999971148
999971148
999971148
999987722
999187004
999875516
999987722
999971148
999875516
999187004
999971148
999971148
999987722
992178347
999806488
999971148
999708901
999971148
999971148
999971148
999971148
999971148
999971148
999971148
999971148
999708901
999971148
999971148
999971148
999971148
999971148
999971148
999686347
998236089
999971148
999987722
999971148
999971148
999971148
999971148
999971148
999708901
999875516
999875516
999806488
999971148
999971148
999187004
999708901
999971148
999971148
999987722
999971148
999971148
999971148
999971148
999971148
999971148
999971148
999708901
999806488
999971148
999971148
999715073
999971148
999987722
999987722
999715073
999958228
999971148
999342305
999971148
999187004
999971148
999971148
999971148
998035805
999806488
999806488
999971148
999987722
999971148
999971148
999987722
999971148
999971148
999987722
999715073
999971148
999306420
999806488
999971148
999987722
999971148
999987722
999806488
999971148
999708901
999971148
999875516
999971148
999971148
999806488
999342305
999306420
999971148
999971148
999701952
999971148
999971148
999187004
999971148
999806488
999971148
999708901
999875516
999971148
999971148
999806488
999971148
999971148
999971148
999708901
999971148
999971148
999715073
999875516
999971148
999875516
998893459
999715073
999971148
999806488
999971148
997464630
994874669
999806488
998378481
999971148
999987722
999987722
999971148
999460152
999971148
999971148
999971148
999971148
999806488
999971148
999971148
999875516
999971148
999971148
999971148
999971148
999971148
999971148
999987722
999971148
999971148
999187004
999708901
999971148
999971148
999971148
999987722
999971148
999715073
999971148
999971148
999971148
999460152
999971148
999806488
999701952
999708901
999971148
999738055
999971148
999987722
999987722
999971148
999971148
999987722
999806488
999971148
999971148
999971148
998956631
999738055
999971148
999971148
999350269
999987722
999187004
999971148
999987722
999875516
999806488
999971148
999806488
999971148
999971148
999875516
999875516
999971148
999987722
999971148
999971148
999971148
999875516
999987722
999971148
999987722
999971148
999971148
999971148
999971148
999971148
999971148
992664798
999806488
999875516
999806488
999342305
999987722
999806488
999971148
999987722
999971148
999971148
999987722
999971148
999971148
999971148
999708901
999971148
999987722
999987722
999971148
999987722
999971148
999971148
999342305
999701952
999971148
999987722
999187004
999971148
999190580
999806488
995656055
999971148
999971148
999971148
999708901
999686347
999806488
999806488
999971148
999971148
999971148
999987722
999875516
998182836
999971148
999058941
999971148
999971148
999708901
999806488
999971148
999971148
999971148
999715073
999971148
999987722
999987722
999708901
999987722
999806488
999987722
999971148
999061977
999971148
999630520
999971148
999971148
999806488
999971148
999971148
999971148
999061977
999971148
999971148
999574766
999971148
999708901
999306420
999875516
999971148
999806488
999987722
999971148
999971148
999875516
999971148
999987722
999806488
999971148
999806488
999187004
999187004
999708901
998782068
999738055
999971148
999971148
999806488
999058941
999971148
999715073
999738055
999806488
999715073
999342305
999971148
999971148
999147546
999971148
999708901
999971148
999971148
999971148
999971148
999987722
999987722
999738055
999971148
999738055
999971148
999987722
999971148
998283520
999715073
999708901
999971148
999708901
999306420
999987722
999971148
999460152
999971148
999971148
999971148
999971148
999987722
999987722
999708901
999971148
999708901
999738055
999987722
999875516
999987722
999987722
999421012
999971148
999971148
999987722
999971148
999715073
999630520
999971148
999715073
999875516
999987722
999971148
999971148
999971148
999875516
999806488
999187004
999971148
999971148
999971148
999987722
999971148
999574766
999875516
999738055
999971148
999971148
999971148
999971148
999875516
999971148
999875516
999187004
999971148
999971148
999806488
999971148
999058941
999708901
999971148
999971148
999987722
999971148
999715073
999987722
999971148
999971148
999971148
999708901
999971148
999971148
999971148
999875516
999971148
999971148
999971148
999971148
999971148
999187004
999971148
999987722
999806488
999971148
999555691
999971148
999971148
999971148
998737068
999708901
999708901
999971148
999806488
999971148
999708901
999342305
999421012
999971148
999971148
999708901
999715073
999715073
999058941
999971148
999806488
999715073
999715073
999971148
999987722
999987722
999715073
999875516
999806488
999187004
999971148
999875516
999971148
999971148
999971148
999971148
999971148
999987722
999971148
999971148
999971148
999875516
999574766
999971148
999806488
999987722
999987722
998370421
999971148
999971148
999971148
999971148
999187004
999875516
999875516
999806488
999971148
998283520
999061977
999806488
999971148
999971148
999971148
999971148
999971148
999971148
999987722
999971148
999971148
999187004
999971148
999806488
999987722
999987722
999806488
999187004
999460152
999971148
999987722
999715073
999971148
999987722
999971148
999971148
999971148
999971148
999342305
999971148
999806488
999686347
998370421
999971148
999806488
999058941
999971148
999806488
998370421
999715073
999971148
999971148
999987722
999987722
999971148
999971148
999971148
999971148
999971148
999806488
999971148
999971148
999987722
999806488
999187004
999971148
999715073
999806488
999971148
999971148
999971148
999971148
999971148
999738055
999987722
999187004
999971148
998378481
999806488
999971148
999971148
999187004
999715073
999708901
999971148
999971148
999987722
998782068
999971148
999806488
999971148
999715073
998370421
994874669
999875516
999875516
999715073
999738055
999971148
999806488
999806488
999806488
999738055
999875516
999971148
999987722
999971148
999875516
998378481
999971148
999875516
999971148
999875516
999987722
999708901
999987722
999987722
999971148
999708901
998904793
999987722
999715073
999971148
999715073
999971148
999971148
999708901
998378481
999875516
999421012
999971148
997098896
999715073
999971148
999708901
999971148
999987722
999708901
982161239
999971148
999971148
999187004
999971148
999971148
999806488
999971148
999708901
999875516
999971148
999971148
999987722
999958228
999806488
999971148
999738055
999971148
999708901
999971148
999708901
999085837
999971148
999715073
999806488
999987722
999971148
999875516
998340199
999875516
999875516
999971148
999971148
999061977
999971148
999971148
999971148
999715073
999971148
999971148
999971148
999875516
999971148
999806488
999971148
999987722
999971148
999971148
999971148
999987722
999875516
999971148
999971148
999971148
999738055
955904991
999971148
999971148
998370421
999806488
999971148
999708901
999971148
999971148
999971148
999875516
999971148
999971148
999806488
999342305
999971148
999971148
999971148
998870819
999875516
999987722
999971148
999971148
999987722
999971148
999187004
999806488
999715073
999971148
999971148
999971148
999987722
999806488
999971148
999701952
999987722
999738055
999806488
999971148
999806488
999971148
999460152
998236089
999875516
999061977
999875516
999715073
999971148
999701952
999806488
999971148
999971148
999971148
999971148
999738055
999971148
999806488
999806488
999708901
999574766
999971148
999971148
999971148
999738055
999971148
999971148
999806488
999971148
999187004
999715073
998956631
999214727
999971148
999971148
999971148
999061977
999875516
999715073
999987722
999987722
999971148
999875516
999971148
999715073
999987722
999987722
999971148
999987722
999875516
999987722
999715073
992471751
999971148
999971148
999187004
999190580
999971148
999971148
999738055
999971148
999971148
999987722
999971148
992471751
998904793
999971148
999971148
999971148
999875516
999708901
999806488
997910662
999701952
999971148
999971148
999987722
999875516
999987722
999460152
999971148
999971148
999971148
999875516
999971148
999971148
999806488
999806488
999971148
999971148
999971148
999451048
999987722
999987722
999875516
999708901
999342305
999987722
999701952
999875516
999806488
999875516
999460152
999971148
999971148
999971148
999971148
999987722
999987722
999971148
