20000 20000 20000
7366 11548 145907202
16835 6712 150545194
5619 5383 -200915326
12771 1928 -804406626
12161 3622 617349899
8041 3200 -507194688
19222 18553 -769227273
10969 11301 -329500999
18675 19212 533401833
18020 4822 760423136
6252 3827 40613699
12363 1569 -118549139
3493 11482 -514894598
19691 6180 597379929
1204 7110 -917970336
4203 12347 810700690
6519 2038 -384019284
10388 13839 745587617
16345 1756 142174185
3279 9509 875671541
11156 4100 482007015
19550 18740 -129567526
14952 9556 -904859027
2890 12372 572780262
7682 7477 -677309601
10972 12080 -454972029
18393 10530 769862795
29 19632 356593178
10213 18265 -547469353
1444 17234 625335312
15829 2925 952752466
14092 16759 955959113
13918 9958 -629556890
9845 12621 -63012830
2844 7049 443224373
10945 11798 -715045167
12478 16372 -753306024
10636 18763 763499302
7656 9143 -158715048
12130 14260 -892746739
3959 10399 -973224775
5911 5189 -998553900
19637 15250 -265028031
3364 10858 -16136482
17021 15615 390979804
14042 4256 -661278378
18973 19976 852123660
600 3365 -244639705
4988 15546 475277268
2038 1833 -460944488
3306 14901 889372340
11145 7789 772365452
13729 5635 -332839832
18123 15307 476798649
9764 7291 791975037
18985 4948 -947151084
2637 11388 507875917
9579 8625 481856874
6219 6973 -646661501
14883 12840 -246493637
13308 12708 672853073
352 7034 932616975
18395 16838 118911191
16665 10430 366259366
279 17872 998818974
10347 13308 257722814
9623 76 502246338
8093 12799 -340895949
16454 17560 896163915
15582 454 787443087
27 4112 913685882
4643 10362 -144892544
13321 8608 -990713628
1408 2239 -287601958
16679 15035 740330601
9551 15336 -569477387
8983 15153 557509867
19014 8764 -689531394
538 3636 807332315
8179 8259 -601808781
12780 10368 731603341
14135 736 201144124
4871 17635 816717938
2825 7898 -921998446
18273 3252 512678100
17554 4254 -331486324
10190 11086 242210407
4735 9331 939191789
19772 15755 24777216
12291 19948 158704859
10698 13952 206858524
12242 19397 655763256
9963 11414 -842699031
17796 14670 -652691682
16859 1929 -418966254
13611 4153 171451708
10749 14244 -412123192
2605 9376 -272204458
12445 9095 512957614
1803 17334 157306431
17135 10244 273676875
10300 14047 -579571092
12883 11989 -80271495
2752 9068 -688784986
13503 10864 559351183
1278 14223 -468479189
18659 13838 -902526887
11683 3753 603203472
10556 5261 -785916891
5716 9567 440832540
10494 17541 398480223
13614 18094 -213796628
3236 10692 622467651
4541 2383 -127651467
14080 12077 528865005
4022 18536 -78109077
9834 3787 -199621085
5115 9146 228775100
5755 10037 -219064194
3961 9936 -888741330
6920 9899 -274097247
1028 18073 290521743
13489 9548 -936703918
7492 4831 -993953965
15444 16634 -560396667
8808 3356 -732606628
11890 14316 -600616054
19809 11762 -412923278
4205 13195 -171564430
12789 17169 309665263
13988 1307 -631864605
6269 17388 -838353690
5931 5759 743076178
11346 17493 429519390
5178 15334 472054553
826 4290 -428471722
19741 17995 730716461
6351 19587 368755817
11983 12974 -11853518
2959 8358 -281620323
19352 5683 340305666
13653 11125 682076754
340 10800 -804274855
3201 17320 -34587946
8939 14515 -504019537
9976 15539 292251983
10794 18022 -424285644
4698 9657 591652216
6546 2434 288202811
10988 11818 979722367
12508 18684 21045451
2937 5760 -427297630
12737 11818 -465429936
16832 18140 632743195
4886 2664 653514328
4767 14280 768366509
4045 18365 949631592
3590 5901 -630070146
495 11132 -447543617
12224 681 -231773159
5291 10601 -638405762
18144 10480 -512441985
12370 3627 814225835
10794 697 127384452
1136 3756 -970265809
5853 8113 625655258
13298 17910 -517734316
2988 19818 -930056785
18202 9577 -202449566
521 7238 -58577034
15249 14115 -603390426
7397 19469 575637541
204 18577 108737593
1240 5647 -645269396
11324 14676 -400151563
17688 15369 -254544559
3664 483 937488385
9579 19216 661351702
6777 4833 -259064345
13827 19515 -551094071
11154 10504 -985235560
1105 9541 18722244
12501 14153 123532451
7068 2125 -34514572
10018 6042 18272429
17609 18610 537132447
13612 11639 -664896884
183 1823 366040660
3303 5380 221960906
15534 799 -92250515
5433 1370 -143417070
8081 2701 424372813
15167 7244 -602618372
16343 4570 164303329
7625 15318 278019240
9393 6791 -19801787
17755 15092 95404280
7610 3123 -256196445
16453 9880 -81979845
11708 12380 -299419259
10918 14391 473985627
3194 10912 -232027782
5878 3737 966477496
6767 1130 288021702
7417 8461 715018604
10986 13376 363810407
16596 3021 621749529
1012 9659 -120683149
3886 5979 201411609
11824 15697 744145222
6562 9099 529312298
8223 11541 -898338696
4623 14337 -574062508
11380 10962 326945987
19252 5299 -574058181
12312 8215 376278800
18765 16426 432153500
753 4666 720577587
9544 19837 271799049
12954 16663 -777466072
15272 17498 -847143672
14347 4450 -742595228
4870 7006 414475741
16284 7441 852050595
17736 14420 -228227852
19835 10985 -532593200
8756 18219 321984001
19208 4694 -204077588
11143 7246 509028093
14477 17528 598147832
8323 11240 -540248978
15511 19847 -279955022
12970 7102 71230518
8721 19040 -999712960
12314 3279 -393289335
14406 17613 908156671
16859 16452 -182591666
11516 13696 -428765674
3109 16659 -587534857
14961 15647 -483708285
18145 19668 -671318418
17211 5623 -300591297
7465 5727 -671090937
11938 16030 131061466
15539 8887 731418320
3879 6781 -921880335
13554 18911 114965898
14950 11356 525346512
14120 12887 -1735799
13743 1778 695758180
10026 51 791331982
11325 12623 -242984305
17324 4926 -366721538
8904 2547 -764179492
1726 1169 -753136096
4579 8880 -204562665
9002 5802 389351915
2997 13394 501619543
12872 10387 734860702
10622 7575 565569023
15704 799 761867202
14824 4739 299752895
18372 16933 -516795308
4866 12229 -522645140
2250 29 295827088
8225 13115 964618682
8583 4814 -93113750
12241 997 -128473141
47 4356 -22098181
18343 105 -740742298
12191 13297 -417869906
16212 16761 970464691
1778 14080 42263929
8814 17988 408132682
9249 3806 751348781
5059 17777 566043129
17181 11189 293213252
2601 4286 -18171977
17282 10946 978159188
18673 9409 555489174
15899 13899 -252869179
17486 7160 -323156086
4453 15912 848501124
2008 18359 -238553957
16506 14513 508545192
19507 5249 133546361
8291 16456 657419015
16148 4035 54189924
685 18940 -585451829
3005 3685 -678504591
17139 10245 157134683
14103 9874 828019111
5804 10598 795349137
15529 3509 -708869200
2801 7102 584501123
19411 9149 -170856939
11869 8505 820604952
979 326 -362690189
5618 14593 538062797
225 15284 -76711328
16897 7684 -368794800
7808 10378 -557912725
9165 14153 57608896
6977 19794 721450852
10452 18868 -940684725
8053 13183 160346753
3230 15835 580008104
14563 5880 -595145873
12975 16044 27943177
2748 16765 118176042
7284 14673 -625971555
7412 12325 264273736
322 12766 392183041
1855 18443 86707370
16136 24 -520938877
2771 7155 648993869
19349 5489 76062271
7257 17108 981215026
12329 16629 195109593
5344 7637 64483244
17541 7032 -25447155
243 9721 310192541
3046 19118 708469882
3119 520 -708664302
6072 4557 216599665
7155 5675 295825414
9137 14201 775236923
9226 16981 914889003
5306 4119 991594
9028 6094 -596551808
6788 9624 -349994044
15572 613 312429629
12230 16979 729663181
19679 18976 696803119
3799 15664 -284276609
1220 4924 -983489966
16476 6758 340252610
13734 16688 -356832224
4889 16869 -75513412
7385 18663 -555115911
6806 3327 506530374
12983 13305 858750029
1166 7028 658909227
2388 5949 -908689239
7411 9918 -765641130
12840 10825 -268107207
5393 16234 -263387313
6162 17807 297170407
19569 16772 309910928
6078 8459 975396054
4768 1384 708288619
17166 346 835774831
7112 8227 -801285312
15297 10100 -90149281
16668 16063 590143919
9036 19429 735622778
12594 16295 212570746
8846 10693 135308818
9011 5941 73001468
10885 15978 -251605543
8482 6774 -740628075
19772 8292 -40675477
505 11910 -600174931
4752 2961 -816564508
8714 2724 545983936
16102 472 449190908
975 12908 -178029070
5339 18890 -474651748
11049 10882 -311073913
1534 2420 354813720
11225 17301 989254984
10048 15391 796321760
6816 1128 693960115
19959 18360 408222277
94 14896 529491620
19660 10395 185841848
6237 2319 -828598881
12792 13613 340170855
4503 12273 -672728844
15568 19883 680327443
2860 9992 363433217
9199 4797 288267904
1331 3070 495808998
10112 4513 433096528
4414 8302 697535934
7818 13352 -584298721
10301 18284 -259128209
4826 16776 81358729
3682 5606 -94192354
13298 12367 -143306077
3431 7575 -289101106
7947 3462 -363422738
4011 863 519280172
9727 8391 594355956
488 14387 -808272298
1023 11185 -479794896
19289 10381 159377444
8578 18105 899809010
8034 13525 -250877491
5633 6465 -560462375
5598 17579 63978273
4218 2985 -509209738
10220 5869 176876212
2966 11412 -970738879
2105 7348 175757437
5265 1802 512599993
7053 4098 -352688298
14914 8563 -116498118
8544 15846 962455069
11276 17327 750199572
18264 9294 435948127
15683 6355 -920385999
13377 3867 6606023
7718 1016 403205231
11319 9215 867984015
9933 11716 591178205
1105 6988 72143354
3648 3380 476612862
4455 19138 530545251
19841 1147 522640147
5671 8164 -459404231
18217 4313 -450134881
5672 8064 490939972
19440 15544 672713232
11972 19330 629122014
5788 4976 -54573647
9747 8722 160347919
17594 3908 92715457
18868 5167 663112956
10374 9416 460783079
8791 4505 -254034458
1185 11117 -412251512
6929 3168 -576686806
6974 17355 -721409672
8656 3726 -728603001
3126 3776 -605545115
11617 550 752820244
6678 5512 647139000
4032 7137 910661907
9412 19668 795125341
15862 18606 133776335
9845 7440 263115868
8265 5040 797896130
6533 19928 -821184346
3299 3248 838122334
14657 19311 -351640555
8729 12071 52631282
15219 2829 483091483
2336 2786 517720704
7332 7369 87753174
5611 13970 360481354
9607 17219 178207889
15672 860 253018143
6588 4722 632916597
14609 9767 995622199
5516 17558 823727602
9528 17228 -794951949
17015 9413 -841204360
6636 19781 104719702
427 8792 318445297
1546 11904 612413373
10176 2154 -264997963
4633 8336 149165246
1253 7452 201423070
8970 15926 463262615
7637 4700 -571259500
14508 13685 -501011263
1177 19650 -126728831
17872 15190 -550714603
11988 13697 -86800477
6609 18673 -592433920
7208 735 -560394849
5990 37 -422629222
1000 17818 695966325
7795 17586 43971294
3800 11866 331117969
18154 7111 844246948
17289 10308 -662855738
8593 4981 -946622783
15308 4798 12403242
2393 5897 971220486
19528 151 -510239605
667 10227 779885615
612 5841 -297779145
12033 15801 790857409
2618 18108 858242088
18511 11199 425694871
6004 4145 -731362891
9809 4907 -451228553
3020 11375 608239630
11415 9977 -256757236
16589 4958 -794300277
19724 2976 311731554
13848 8693 696102829
12458 16493 578997878
16539 6988 -961697549
14503 12608 836750791
19373 8406 -257527476
569 18633 787142897
3423 10826 -410631652
4451 18613 -945637377
13094 18266 382303707
8793 5278 685338671
16302 18329 -853599884
11864 18543 -916278595
13390 6548 990589869
10386 5365 -586107168
1860 2924 -933173575
8356 7976 -999251711
14105 4485 -711090096
2221 5035 -599306955
6004 13971 420933159
3499 4163 167124339
4001 19222 -95691641
2248 16325 -735699122
11654 7712 -758393243
13116 13222 -37365863
19463 17525 117620575
14496 13201 -111592832
18352 19201 415204740
16083 18257 170261502
3686 9565 868562998
9998 17149 -770388045
15836 15999 -49316822
16842 3338 200340225
12840 19575 -908797977
3900 4944 -955822087
17278 14913 -664404837
3122 8718 652208732
7284 18720 580088793
2478 2748 -778489873
177 5482 758728189
2372 17973 -896058912
4429 13303 -555876282
6746 17820 -577505521
19354 4608 773814456
14624 4692 -274083746
18582 12245 -506692648
4734 11887 -510331587
16665 18012 -971708212
2185 8897 -352188073
14593 11951 41268285
10626 2381 -775383955
12502 11154 574303081
11078 13389 -808550471
7423 968 -95668083
2524 8158 -272287506
1083 10542 691718495
6649 13251 -120245587
13442 4266 -691496933
1175 17591 672647415
14139 5426 -416096275
12743 12694 623858942
8865 6183 -650155136
11536 1877 -397342779
17388 16351 -759417894
6505 17895 843658090
2196 15027 -543534899
11089 14291 347392474
4499 7472 -200404042
15697 5133 -320775645
9193 5819 -795576557
13925 14477 -833160956
2988 6108 -780579450
14134 7200 270748856
16480 12748 -437040399
2084 12385 737433008
13063 11509 546026688
4483 6316 524814320
13713 2029 469191773
13727 8000 869992456
10250 9669 -803867924
1383 7769 61394755
6329 18877 296137955
4034 6861 -100087530
5837 19749 -94802659
5396 522 339222497
4214 5300 -414928502
7472 4439 846734804
504 14088 -676222289
3392 17059 948577886
5784 17280 -914307067
11957 15337 85924202
1816 3882 254052623
18880 5688 847777657
15350 14512 505630831
11968 15770 -244535529
14002 11557 925688935
8287 16944 -220003757
2511 9144 563848645
17453 8876 201764096
2851 1503 69090448
14257 1165 -344847453
10468 7485 -198226390
9776 11669 56396162
15928 9217 530514229
14278 5732 287362275
18214 5348 37117517
2739 13419 971924480
1053 4090 -303396558
8662 8838 536752647
3106 2369 501386371
4551 3439 865713803
17828 9287 273063218
10869 6882 847944296
7341 15845 398950345
19427 6985 228443088
2268 5977 123617139
18860 954 714929320
19317 4316 -568717556
9181 12693 -273414354
3214 7999 457440559
16916 16953 -111996599
4673 8479 773322778
14101 8649 122219403
18892 11215 -804420972
14347 15366 303143345
13208 10752 145977591
1211 17634 98457729
15651 1829 158420054
4036 1354 745793751
4153 12526 288204115
15674 14897 582383391
1301 12856 -836141206
17822 2566 83267426
4399 17434 823719096
15184 4981 -436139953
16658 12912 -395908425
13738 15083 418748801
13623 13231 -194752906
1421 19751 402756208
9866 3845 -822847633
3060 12349 723737629
15031 19827 -642828307
15601 7827 887346175
9281 3736 -532910700
9193 10349 -997624120
3791 17836 -588564784
451 19366 -708015842
6718 11279 -197972477
12082 4881 70934366
19978 2423 -656560875
7271 18382 462102504
14359 8109 491625441
19802 2069 -71177486
2057 9977 324251119
18598 18016 825952346
3815 16410 815889823
19519 4527 -945732713
17709 9830 -184730269
3511 8440 549675732
10847 3751 -392265512
17576 10209 80785323
19145 1545 -456410180
10835 1565 -799435673
16189 10295 -611431524
9260 18612 -402249446
3447 3023 973269951
3918 13576 -324983523
19477 3023 515657721
5447 19913 -888442958
5671 15994 -214948869
1896 1175 412475658
8013 7213 79716689
5322 5715 -523139213
5937 5849 546723433
10055 6942 23443957
3714 11952 -433029708
17824 6295 626419319
5320 12341 480422585
7574 17776 82443352
16513 9290 -380648475
9285 1692 708183997
18341 12206 -619583713
12175 15796 309944819
2153 4111 721910290
5595 14886 -442464405
9933 11486 506065427
476 1370 263288101
17498 3477 -100976313
10967 6472 356928584
10930 18043 -972811365
6928 4214 258877791
9645 566 -636685011
15446 9507 938772557
11103 4152 -510550167
13225 7112 622796434
10202 6153 -47763837
4728 18577 -874574899
8692 3181 -105662402
17368 11837 122648990
9039 13732 791800849
5953 14745 -671618777
9519 8190 664141506
15006 18528 920647444
4281 5852 584366897
4608 7196 492990265
14616 18562 -411991711
4938 6256 -225955148
11223 1414 137976935
15823 13241 996365243
2797 14814 -941326271
2779 8979 -877173360
7772 8444 -248122615
18434 15497 371652651
5240 11973 450631234
8826 6384 -686013579
8460 11274 -719551258
7105 19984 -515148216
7268 705 -894698612
10332 18769 -198226519
10389 14098 746202379
14906 14586 563049943
18301 16267 930724038
14653 16021 565009120
3831 2770 -926940273
11494 468 -915974715
17267 1486 978771273
173 13538 75782741
13708 11332 -237920935
2302 7613 457152701
13083 11480 -840154754
1461 610 -303828211
17519 206 897681965
4837 4640 525248791
8098 2611 -184485129
10305 5784 501909791
326 2911 -730705509
1187 5311 136840842
1464 5293 -578000475
301 19292 -22865936
14335 6609 -769664903
13071 17584 911084544
9034 12740 -314585710
4770 16106 439027450
13455 3073 439980745
8740 6021 -809802560
18747 5841 917807938
13028 3026 574218784
16632 9329 -728851981
3112 19389 980558490
10182 11096 305362436
3384 362 297356637
4702 6724 60987283
9854 3315 321683646
573 11645 299558728
11499 4180 -230351935
11564 13619 532901343
11671 11899 316044887
3487 13755 640050622
5914 126 259808541
1259 5010 112142041
13196 1859 -157974769
19397 13277 -945555551
7062 9309 926802732
8106 18145 721717718
5902 3053 -991081658
15471 152 330013594
661 12729 89785226
15425 5800 32253132
19188 6903 -365973427
687 13818 589022995
5579 13707 -474872263
6706 11015 338161413
9431 1873 -436736241
3737 6674 953560881
4333 1346 203797812
13723 9121 129368739
10056 15475 684272510
8484 2392 -817484451
18367 16054 193269182
17238 506 539509065
19167 10744 61334606
6011 8497 755472170
13601 4227 -417355919
1594 19592 -640345155
15703 12571 564518131
13353 8149 -12622085
17479 12904 757381334
10661 304 -627622679
18503 2714 -147894005
11089 11450 -788863605
13581 16004 -800813136
10013 11434 569788799
6492 14970 -769519554
16010 18944 -979208735
12031 4522 -575109953
10763 17506 -134907370
16765 4480 -922288997
6482 18920 285622210
4878 18116 -452608825
592 19079 -448492088
2882 14200 806092757
4656 206 736461104
14493 16277 977261457
17307 2039 669379305
15009 281 -149983279
15686 832 -838261062
16244 15465 529308466
6413 2666 -255191559
6449 18764 -120655674
3011 12504 930326709
14208 12868 692820127
18091 7575 -898920820
2359 15473 -594753164
5307 819 -766501131
17306 13306 -144561934
12909 15691 842544190
11083 3875 -698726018
5697 5372 -851026381
5933 13811 -182519622
16642 13433 -890343926
9039 5240 -398017501
7098 17781 -499590692
12513 1670 -34930593
10603 19106 630884291
7591 8125 939134236
10144 10300 263768403
18892 5102 -653755704
11949 14042 -708524876
14677 9016 808749323
11025 420 426243390
875 10040 -935804727
19620 3935 -797686332
11299 15973 -101103700
5955 14066 -160408864
5291 16712 248758774
8464 9368 -341803409
19698 11254 946711570
17916 17485 -548894272
1 6270 -481035168
2131 19099 -363053670
14661 16618 965018742
17434 12829 673982275
18342 19431 -117457377
19697 17400 994059414
16225 14129 228009500
7900 10745 543704323
821 741 -728232702
6622 1640 92188787
15593 14149 694468167
16665 17870 676750635
18462 16684 577871873
5489 4673 -482638187
1245 4603 -566402117
267 10827 867230454
11297 18031 787112199
15639 555 726054548
8123 16468 928543617
325 19548 525074949
19199 3849 -566129833
11297 10806 753174891
1224 860 283454805
10335 2043 -921565988
628 17975 430043677
16519 3015 -780939961
11201 19732 578878498
11315 3726 -888796873
14300 17657 -59084035
9755 11778 -614333448
16531 1086 -385616315
16762 16145 533492447
7851 17280 -16518524
3031 19028 781641975
3097 9909 579433576
10647 13196 129482605
10282 1816 556022556
19600 4360 701274845
12463 7632 -579144283
734 14302 -954844220
19834 15679 -724640550
5958 2315 -226437622
14959 7381 152735777
9155 7893 -348475005
1780 2833 785414470
13201 7447 -845092632
11215 1087 349784604
16278 1367 700663662
15722 14491 -871610997
10786 19169 768666253
9058 11368 818876386
3933 682 -825316705
12685 3837 -393623336
728 10348 -967443914
18434 17222 -912193994
1775 9010 437336066
18852 17333 547498718
12828 6984 -778452606
11417 17460 -725697557
13165 4818 556897671
3947 18577 -868055300
17686 8527 -599384157
8292 4396 -809132314
17148 13865 -381724269
2478 5671 -873501068
5374 7527 232369015
619 11405 708452611
42 15820 -459615026
15155 15632 -565138872
14603 5047 745005416
2167 9932 -79073145
11509 5320 -800996495
10938 18325 434917119
7801 17848 90967319
2251 15688 -503211250
504 7759 -805594123
11420 3959 753525011
11937 10810 202717336
13445 19858 116015885
10977 17680 244597032
6772 3779 -699530881
3857 16710 440577006
234 18597 999849510
15115 10488 214967135
8275 8270 925387465
10926 9157 939562084
16627 12639 822706950
5050 3597 469830708
11075 9939 446842140
14782 15750 -840454904
5888 2111 515094562
14477 15108 -53862981
19408 364 163959739
575 18090 -894068481
11841 8540 877353664
1012 6026 219640922
19042 7753 -355252577
13371 647 40378323
14086 3771 62262125
5810 11335 90248272
15089 890 153646264
15574 17305 -34504296
6439 17487 -841058709
17268 9172 -175200045
17348 7760 -362010029
13939 10618 -941339050
19639 12267 -52416511
18455 4332 929254488
18155 6515 -966814262
2752 6092 363301827
17596 4791 682690943
16086 8572 462864425
14232 14617 275711983
10607 14321 912560428
5638 19624 709817536
12624 17319 666266467
14231 3731 665614328
4207 13592 -461006073
9790 19144 539768511
716 14833 -140810226
4400 4943 892354501
1278 8385 633528389
19449 15454 786234050
5947 6171 -54470503
12840 8491 66631479
3837 887 -709761065
17029 6835 -62006881
14190 5263 -173172487
5971 5786 -538652188
2920 19530 -326605430
10040 17875 25449526
8857 9269 -904177261
3262 17120 -952338838
9175 10808 -849094605
14919 16801 580463692
18601 13600 329080294
16173 14390 -997623076
15366 15454 -187134029
5376 3417 742647363
15733 12015 209721058
6759 14330 555509804
19428 18465 -683524782
12190 2744 -10111469
13349 1109 -12986491
9914 19724 -885004740
6724 3881 239079175
2797 5912 102734332
8672 2451 -274546595
3661 6433 927143574
8371 12401 -331657154
15517 8589 -860921650
5315 18322 -925656569
3471 17912 -411776266
13717 7627 82746336
9390 6341 945385014
5708 17038 -558934885
1810 8813 283904373
18787 19686 289296807
16296 3380 866653903
1322 19953 408890368
9423 5848 183574197
16466 5721 866832345
15608 14605 861260910
10000 15933 -47942271
19872 11698 47052685
14954 16410 -294074773
14730 9608 -489032483
12591 18617 -107563795
5393 13941 -593534234
7431 19776 89988607
2699 14233 643866467
14250 16607 -668444677
13414 6865 377700009
2066 139 290687664
13715 16255 -467667120
6224 638 -183857481
13924 14455 724320160
190 1776 487368682
7792 6083 -316025305
9716 5671 -979162881
5921 19496 581565777
10100 11539 693117896
11097 2450 257026380
9197 8162 371802942
12416 37 844351443
8274 4618 29818567
17809 18926 -909182987
11963 2928 -631553472
7899 3197 -538094459
2699 10149 -746487151
16224 6839 -359495121
9230 8596 896334072
9086 19603 -699746812
6145 8853 53289944
18814 3913 760422445
6692 18110 904560913
8002 5489 654364032
811 14013 2659551
17933 4766 -724704525
2859 14172 621821611
1718 10435 969041573
10761 10450 749651231
18197 7520 -252974723
16687 763 -152108517
19466 14655 -268954357
17205 19806 182077572
6778 266 -772434386
14799 830 -147229298
1563 12636 471574314
7583 6267 -578836537
10593 17130 723418111
12979 1030 372612368
5059 15671 55750300
13514 12708 -657549581
10087 15343 -606593593
11652 13745 -753539465
5866 3638 -699745504
12363 16047 -240547484
14478 5814 934739332
15118 13136 566506696
5579 17521 120938492
17913 13564 827990794
18748 10895 -113238756
6380 13178 -559073652
8375 11422 -925645509
15752 6896 -772211217
1140 4390 819216263
18866 7491 966269108
9610 10106 886698534
19802 12486 -544491328
16352 18428 297494666
3931 16300 -809835038
1646 17550 -200321484
157 13439 -335062696
11990 12593 116820376
19642 7851 -365138445
17993 6407 -948107633
19705 4126 -856698957
1353 9135 228607881
16674 822 99009822
3232 3066 -779852304
10697 14764 435879352
14477 7782 -749061517
13364 1140 558806823
13255 11991 -835705725
14196 15620 -359507432
9706 6533 136267381
12242 4208 317714782
4129 2489 -221824999
785 8138 136825861
17950 6616 232844971
3353 13807 -984877017
3821 1236 543295185
16086 19631 129251974
11316 14486 680744707
5261 1634 -826706092
12372 8930 -307548584
16429 4095 346153283
8804 11705 -665511254
1947 11750 666450516
5585 13782 -909454395
18332 5832 -123591351
1550 14207 -372478502
19367 4557 286723478
7075 7188 269614617
18921 2180 955177082
11790 4379 -306101384
9985 2535 891010917
435 18805 -392344101
16063 13081 -93620267
13693 9331 887370884
13369 18068 294832068
2578 12618 -88371378
16169 2422 -863546014
12744 6350 -608513627
6604 6829 -159974176
17355 3186 828956878
15296 9464 784340686
11694 4881 518934869
14058 8694 792130065
200 3069 321759844
4710 4705 588839927
12390 19942 -309742606
15075 7203 280958432
7984 17273 141081013
9410 4027 860131227
15192 17726 -497182418
16425 16551 -367603215
16126 11771 100324416
13386 9038 115698209
12135 2367 156734648
7991 14371 73531558
16987 11616 243371285
8552 10703 -105717120
14162 1171 786756885
7053 11670 531704718
1914 152 980883358
9123 16317 -221558446
6726 19628 864851898
10842 10402 -291483763
15697 13056 -963550491
185 4941 536495963
5879 3258 -392872693
15539 19475 -235806223
9547 3061 -59343452
6221 10528 -47156797
5031 13413 -958221813
6689 487 300279733
3291 14051 -46209828
6250 13182 809794348
5722 2718 -589432788
3793 11195 836666165
10518 10913 -820839869
520 17420 375349404
17441 10293 -797848454
10192 15787 899779739
2562 18379 -395546870
5254 8311 909975833
10820 15717 586613056
15103 2051 771136000
509 7367 -857883049
1900 76 -885177388
19146 8031 752912744
18417 18198 -831952282
7158 19004 -480074394
12242 14089 -882504150
15156 11718 549241349
11039 1322 25376379
19571 9147 -641984611
10437 12257 850995994
7010 17514 700714197
19154 13753 -758052318
2161 8020 -597124007
2140 19220 -921110918
2995 1632 608967042
12744 826 -397519767
7851 5563 -375174267
17773 2293 -95205985
12448 12097 -585442383
1699 12788 503759645
14203 10875 -338198460
1577 14432 834899964
1945 18463 900552207
8085 3422 -963068611
18281 9598 298734690
13832 14452 270034053
677 13799 422412142
5342 8154 666625838
17288 1430 -984055821
11473 8143 -894341329
2155 13385 -741822766
3733 18034 645189135
7221 15179 -673447611
11442 6897 -574319357
12517 12671 -324159171
7861 9018 391072707
15666 12411 420534365
14145 5138 869706833
153 7610 797459513
9866 18437 -955047214
15915 4059 242715344
9222 18217 -553959657
15020 7625 149696513
5679 18365 -246828775
10415 10748 269134533
9119 3641 55072218
15117 19843 887042560
18314 7161 -283753532
17368 13864 345362163
12061 1782 -202732811
16179 1736 46723376
9305 3221 537988325
341 4332 269215933
9673 10731 923248945
7387 3587 135647208
15928 16824 -269848336
13807 12256 -403189063
14495 18372 -30392723
5243 12391 17976208
12107 1490 -557437951
13195 6287 -170127372
3333 11188 708316569
10917 7937 936102008
3467 655 -907623906
7482 10352 639604882
5967 3897 32910842
13569 18580 343531990
5395 14235 -212256734
17054 16129 -112654126
2992 9249 -553550452
131 12086 734060788
13346 10357 326693747
16496 14456 -456449785
3029 3970 -470449935
6096 15259 -645616021
638 17514 -717492932
5841 11704 -811119842
10357 3588 -943476666
17419 7045 409797957
15099 10784 -916332075
16778 14145 -492861064
19931 8387 771759932
2603 13327 283024889
2555 1597 296890215
11908 2767 -257517709
6016 9909 -338444759
18552 17722 667626018
2875 3823 -656253140
14626 9048 -6180115
17931 19234 -116374760
9986 10659 155260346
6953 8800 157374382
5880 8782 113385747
1280 18867 141590180
17288 2692 -434241528
12631 15653 946888994
11866 10772 5392137
17644 17201 334692552
12728 18417 971840747
18405 18218 126946894
15036 19022 430977011
10131 14476 -105269998
10662 8515 -211594690
9535 7562 58833492
531 775 -983023332
1093 1089 606918406
5571 19026 -325909933
16177 2652 884952099
4752 17607 510201166
3321 9720 -965150459
6911 6142 957080981
15467 14383 708970201
19981 9102 987968836
5602 13569 249483432
11429 2738 -849289134
1418 15857 723252085
1373 8668 374915511
5630 14253 -193969890
5585 10876 -254480800
8022 12939 -742987879
18 11380 550536645
676 15576 980141948
10799 12237 -221155611
5534 8026 744642709
5244 18080 -184622322
8637 17140 368605556
415 6330 -104806812
5463 5258 -781186908
13688 1677 -686015986
13865 6344 790335979
269 1100 888219482
9987 18491 -732268858
1544 9585 -597108219
16329 19464 -30969632
11581 3102 742889729
8401 763 -708662459
8887 16072 -164282119
15301 9079 -454624599
3041 14772 -253122235
5432 18061 466227949
4203 9956 797597639
369 18528 -423102515
16799 3064 -105004845
3721 18668 134474489
2491 4224 -624189674
4216 15364 -912168204
8655 10969 496761442
6251 14373 31648629
4519 5529 466984323
16157 18176 -591532759
5780 12793 819220239
6619 10852 257932138
594 9212 -425542817
2937 16670 800454008
13836 14088 -274149772
10526 13600 930008583
19887 2725 -2547872
3436 4062 289689689
117 19310 -48485969
15671 6642 -39472055
8903 16521 107015037
14717 13001 -235498528
3594 10549 413342352
2350 6183 -13984722
8017 16459 42128049
4324 17360 -69352083
15121 7294 195010463
9733 252 996161355
10842 14881 -178017708
11290 1408 577387116
1290 7438 675026438
5357 13279 805624763
14839 6064 -626243449
9567 14930 -706703272
1605 13380 -371566452
2017 4424 939510289
3945 10422 -161034600
2110 4142 -886129538
5499 14806 -628451055
4267 13391 -363634582
193 8103 458416174
8445 15960 -753134599
5521 10622 -903239175
1972 6741 -879526752
15976 10519 422600073
17689 5366 200712042
7359 11027 222899425
2801 10982 139460411
6086 3913 -236155846
17210 9871 -377421136
11269 18713 85749111
932 6468 155723029
15661 645 -817164850
8479 437 -289006367
17652 3889 791049235
12381 7428 -240075525
880 9360 70170066
17026 5159 997907271
19091 602 -772107408
8957 1772 21566351
15567 15773 737378221
9676 2997 744993276
205 6517 485254369
7556 4459 -520317209
10090 1651 665748954
6844 13064 -293472662
2705 18197 911804286
13761 12399 -317160447
16610 5688 968546279
19610 3660 -956488348
19894 6120 569723926
2973 200 633623652
16 4912 -180051624
19523 1866 -853423095
17449 7570 535162719
8703 14303 316962528
3671 18637 -103351577
14926 7795 -319696782
4870 7481 427397824
413 515 689441784
8889 6485 975837751
16392 6280 -586309490
19354 4128 33993229
12590 17646 -896184943
16057 19772 768186531
4322 10561 988366521
3334 17614 -115191666
12076 8800 -840173557
7331 2022 -792501180
18286 18279 -427827271
14591 719 876565530
12118 19247 -258226578
9162 16366 942463981
13309 11934 -567247027
1239 9717 -385590577
545 3991 -27936851
1583 4236 512133442
12529 700 -834739922
17131 8331 -530413544
4332 6337 433800474
730 431 -639717182
13314 566 830759697
18978 10600 78793355
9164 14098 -104757708
8815 16958 689646319
2232 17800 -187496195
12555 8838 -927441957
16413 4069 -275649255
1067 13710 766570900
18765 7261 445906141
9983 6516 -203108234
18406 16641 105145914
3974 8256 -544191859
3631 4815 620542496
19530 4075 412432336
1410 5177 -957568780
15821 13398 999120688
8085 7158 349983697
18153 6604 -29255974
6039 7843 173784873
9411 2538 456825815
5320 12425 876988784
14920 2685 625930682
2147 13550 996391943
14250 11683 168969679
7468 15148 378186615
15133 11276 981678172
3795 8262 342207099
1999 14953 -577616290
6181 12414 898338187
7942 5491 -762145729
12509 11742 -343325119
1239 13508 -448202027
6630 12834 -567112831
11957 9808 175120355
17456 18665 -926242179
16253 8052 505593458
1214 4623 -652629351
3685 6012 396444101
1758 9638 -793170329
1917 18801 853757198
7420 972 -281160378
8050 7808 -724697733
9060 19462 793935915
8878 13774 -215973405
11348 18725 -999898611
4245 18772 831918875
10042 7090 934611336
18982 1442 884280439
8330 6916 -480262827
17613 6437 -660203388
3980 19439 150839107
9673 1837 349516981
12747 4999 -653798469
12737 7414 238765428
4815 18965 -521684514
16717 18496 -404436938
9736 5936 720745132
2690 14797 453666909
13833 16350 -852296650
11780 5578 -470976770
12925 4554 -714076342
6359 2677 -609015577
16800 17061 -369188336
10358 11055 266393708
14444 13408 504279384
3400 15222 -424824798
275 6271 -717144707
15839 6590 -313113575
18100 18157 -892913174
8209 7302 518928463
11308 13517 -423163182
15206 2811 336798161
15253 18037 860749078
7533 17529 -884849644
10844 17531 -475095817
2896 15682 -580409275
6609 4046 -985842607
17586 9578 961113772
17266 19573 132204511
13624 18612 -756353437
18943 286 -776285064
1428 8970 -223091749
5237 6673 -220694566
6793 8402 -861562663
1000 13627 249611774
11604 8393 -619313096
18542 10743 782821204
6044 14383 848903525
18397 15588 -418174452
18869 11892 110621008
14899 18191 -993465874
3848 6750 434533077
15532 6494 860139328
7125 12191 903631080
15359 118 -857754557
14565 8112 55709779
19973 616 665647718
8346 18776 808016513
8001 14553 19903256
3341 15739 882919367
19838 9102 -432570920
10824 15489 -202891480
7601 11923 -494041146
5280 6859 -190152661
7690 10331 -630964182
12013 6682 -406257569
3487 9508 745805534
17766 2578 -148505210
7318 11968 -658417702
13025 19696 429092020
7636 2538 -427592843
2789 3753 552245738
17777 9002 -418311403
3925 945 -86233972
8725 10659 870430036
15020 15334 -351205848
5966 10493 -118230381
15644 14833 243917659
10599 9794 617497999
4490 14591 968011338
4724 4968 -878275036
2658 1659 -582046287
16542 9457 -398823161
16410 3195 905073688
6192 6485 -769809897
6675 4823 -420900197
3640 1315 -660214697
1195 15276 -985177911
220 18655 -812844805
17375 2931 -219895865
7990 681 676854771
10501 13092 -739741583
15803 13970 817749251
3329 5639 231676870
15339 11216 -738509869
14156 12711 -984335169
17284 15791 19576770
7443 280 886127499
2467 13465 444783978
16665 12741 624137976
16309 3948 -588738650
18580 12129 -622238108
17749 1837 -335804832
3544 11421 862047515
6291 12706 -664057737
3180 16101 311754633
4154 3189 67308661
10297 10556 -124651038
4472 6331 -680918355
15067 14884 193866937
10851 3419 581299022
4885 3879 -990775381
3530 6855 -325592952
11780 8930 371347658
19761 11644 893692288
9053 18138 -387065582
13270 10693 724114585
2299 16462 -472642133
10212 5253 690882413
3418 17936 -327463150
6417 6537 -756396094
13383 269 926518493
17763 2009 442684718
8532 10948 -454922771
13056 3974 389874182
1837 17304 820393451
5979 6843 511204137
14619 8350 91423539
18978 10031 -509027968
15487 818 567140787
4630 16109 -111198748
16935 4611 861050760
13370 8135 352624258
7651 44 -57373787
16415 12016 -914399630
1517 11314 -221441737
5682 15428 -73712062
18875 17974 -814697361
3574 1660 28328188
11902 4346 -724832483
18414 5892 -270022839
6622 19091 -424593280
414 3224 6270750
5320 12358 833569926
11170 2840 -8023436
7537 5015 -354937510
3083 10354 -516870986
773 12143 216576014
6562 14641 -477587534
13443 5094 79558680
1380 8212 -822974138
4922 7557 390641471
1754 19739 -455957982
7275 13802 -339863414
3174 2421 -960364586
16569 19395 -656884303
11560 10582 -247997064
15341 386 375200141
14051 5491 -974052975
4458 15579 747098423
6801 18173 -518855989
18743 14367 -808417278
4044 15434 335442530
5052 11557 -8766769
3693 3154 19208276
4123 14104 -818721442
9298 18738 -375799757
10399 16255 -403309807
10992 12043 -664255738
7243 17597 -991151770
2304 18966 -27510818
10483 8599 411291541
16996 13454 149414399
13754 10785 -97485674
6536 12957 593353039
3837 11107 260462721
5331 12904 131275001
15943 11390 666080679
10364 8931 959327466
13700 19618 -767673765
4257 16619 -159920802
16632 8378 177387320
19861 12563 735136465
16870 7220 443135950
6062 1504 -910137462
13005 16476 -158124867
12863 10808 396898326
16292 7851 -732439316
9277 5127 -907271848
6977 660 -405815308
5389 8601 326762445
19602 7399 425243774
3898 1745 -154988571
1763 12944 -398265253
15868 2288 -905730534
15630 11252 -317639012
11487 19897 -704828343
11902 19851 920267364
14973 467 762814309
2742 10991 -228838971
10704 5779 -456593974
1160 15891 277587786
4270 11840 36895837
15086 14164 -547281368
18458 9917 218683899
16840 14354 903280917
8145 13400 591921504
19842 17985 -46949791
1837 2839 -959979502
1015 1181 776448676
1001 3212 320173104
8374 5117 -991817619
17910 6498 -475746153
5875 16632 -73472822
5480 6729 775590386
612 16958 -642637076
8342 16126 -266225293
10908 17063 -921035577
232 1065 -828442489
8942 14642 -231682336
12364 18107 455966019
10231 18066 712124473
15496 10895 155134385
4070 12979 -95736150
13404 2791 -45288509
19958 6112 957546728
1621 14094 138680445
1546 15796 885121998
5730 17590 744211299
17960 3129 -523463516
1652 11520 501988352
13253 19164 -637172656
16790 13839 753498183
7501 18087 -432703458
2621 4383 683823538
6681 16570 -785478112
12512 7034 942527765
1756 15368 -446013690
11086 6054 272298494
7473 3280 431763754
19569 3384 219825000
1807 1771 335723077
17650 10943 -357660654
16466 6825 731650040
16968 14962 -283018061
1346 6418 -475635077
15982 13940 -383475579
4300 5840 -462564665
11668 7206 -367259343
12133 5978 -65821185
7054 984 -870829322
9591 8343 -483860102
19683 4443 66362231
1205 14435 -383619319
16101 9180 231952853
4328 7717 494132236
9251 5758 -966833715
10309 19187 929563204
7071 3398 -356306526
8434 11247 66267524
1103 1774 686604257
1970 10420 -195100534
4300 11573 401969836
11021 1172 -381320037
16562 14638 593255233
17884 13498 -96344003
7375 3633 494953961
11346 6614 -123323138
3658 14822 -582416675
11318 2477 -269349289
17354 7070 -479038787
2767 17863 760129778
3078 3349 413620237
12674 3827 171398881
8947 11748 701689408
19016 11216 -62077120
15168 83 6558728
11290 4480 -403743135
11314 10802 707344363
14849 4119 356217844
19716 10640 -736609840
10241 16540 -341869922
13364 19489 -438371476
6498 10075 64500539
8882 1467 -890594100
9361 19200 589529665
10 16676 549928675
19803 15497 -224925883
13844 1770 925161009
19333 7409 -936440898
7548 7093 419018799
18828 9743 -150616464
6277 9501 -511555754
13248 19190 824847064
418 18471 326548378
21 3921 413614982
17751 16840 -640012757
7511 3665 -85584573
11414 7965 -33771309
3323 8092 -573826387
17210 13402 -882015008
10708 5354 -519865966
15458 13147 307705324
11411 9167 872974951
17464 12593 -578880488
13697 14713 939053935
15121 2874 472254965
16521 19341 79389515
4873 19421 -265684010
3475 3576 -903555642
2939 13741 -445116347
4218 615 966288354
11500 9862 97193369
19750 10287 167261246
12016 3835 60653999
13837 12760 -267791821
6120 6115 616364632
15425 19016 -450887010
12489 5376 707607181
15215 12053 1721080
6369 1888 796932920
16194 16835 -335455864
17820 6203 978404066
9635 12982 897682752
18760 6368 -182805341
16041 19530 534116924
14679 18862 975766378
18030 10665 912771916
7627 16678 -687169751
9760 14704 758393059
16599 9910 -632109360
10278 9177 -316106001
15331 17229 -928322880
1118 17527 488179840
5231 15854 649063024
17956 16249 -644563215
644 793 -125961861
9794 19821 557607593
1241 5810 -676122647
19266 11274 -393357413
11643 515 495446155
10236 5807 -853767885
4021 17370 367221787
18324 16237 191929369
11478 9324 8374169
12371 13826 -563940917
19911 17179 196950261
14201 10658 -683626469
10661 11731 -930072908
17986 7218 -773507017
16922 12459 -21674708
1269 6716 829034090
1513 3513 419817160
2918 19932 842571446
16576 13625 -698535109
18316 6136 818916796
6902 15758 324879142
112 8531 -65876820
9244 12912 -940986459
11730 10884 484618198
3847 7193 260464956
16111 3418 253325434
13703 14663 718142833
1425 10977 -663119394
1635 14272 -259811652
12731 5334 920715914
5063 8347 -697366712
4424 13704 778606439
3623 10482 -978587618
16551 14665 999023735
6170 1865 638365538
15330 2458 -450069022
1007 19676 -950182496
19605 15103 -363693623
4214 11682 877110672
11891 14646 -321554606
12668 17439 -499702245
3034 14006 389333649
645 3193 -655894923
2056 11182 348412977
17750 9136 -641232073
1252 3716 -222154207
4739 3387 762471272
13800 4027 -50175510
3034 17717 -113330273
804 1135 -589317879
6139 18638 504405934
6639 13679 -938604790
6000 18037 -109422479
8719 5136 -313616760
13736 14327 -195135351
1541 7001 695318092
8902 18306 952941549
5183 6988 205360783
11930 6803 244422375
16176 15626 -301052837
19182 4731 283482403
6790 17013 -434966791
5751 17781 607352870
9134 14408 253308266
4346 9408 -588370584
2753 2832 711202584
2559 19047 -699848407
17020 19762 -896219262
513 13619 -742802397
8619 17013 263144356
19021 13912 711247487
6512 16128 -442546553
19908 18336 -285491715
5090 8910 -835054104
18718 18593 -191747994
12291 3427 -264299317
1359 4598 -189096550
5166 13328 -921736973
15796 3428 -704725514
16660 13479 -175200412
13531 9897 -555999958
14862 12926 341289149
10750 18553 679779358
17278 11194 226528290
7068 19409 -824542436
3098 17810 700520839
4261 7923 -823089114
7185 19481 25981270
8300 19538 484897757
16789 14737 320667890
5558 114 -270473331
12349 3178 -787049862
15509 10465 179983019
7231 10425 -327351986
1352 5159 -703247492
17367 15878 -619248887
19840 1405 -902347983
12468 12430 -805096430
11242 18295 491775744
9024 7251 427789509
11656 10221 -601852411
7683 11452 -687357244
933 8913 451947310
3448 1554 -869725730
19826 7710 -730934042
14532 11888 -675131789
5930 1386 845541452
8612 4661 -747568637
1112 11162 906303878
16410 2743 -595212965
4899 4473 -74313749
2952 18581 530266643
18746 866 476392764
5340 14194 -768141608
5752 18696 -766631009
19107 5006 -643749166
18903 18430 331881467
1341 1241 311345949
2744 5299 981734890
15517 8739 -899670548
11240 9086 771132033
18439 10082 -620493141
1983 10688 595211947
12245 2663 876980711
6468 13333 210611643
2360 15753 244665275
15512 7398 -295381972
12517 6583 527958858
5684 13636 49757058
10740 19358 916946308
425 18882 -113685432
14531 16073 640806410
9557 18477 209368628
17256 16045 -688076528
15482 9172 -695464451
13167 7068 405413704
1493 13040 805877756
11229 19429 -55811991
8297 10600 -733276901
15330 4452 -995009643
14551 1223 -49083964
3560 15666 -609266587
476 7130 63758393
14401 5934 480217978
18078 4753 739323200
17708 19223 -150797863
8180 1678 -274090387
1151 27 -962116536
4289 4200 -648506619
11800 12167 702578353
6139 14950 -283898746
17681 4895 -633114161
11017 12198 -69207607
9370 10263 -756254759
8434 17688 -822022931
3689 19215 101727419
11297 19495 472363007
10922 1996 417468885
17431 12288 222735928
507 13285 -121866042
4158 9526 341875021
14319 6424 627672812
3359 10915 502047942
2803 1103 -512870504
3437 10027 -70439732
1700 17557 -167565807
9104 8084 -488857508
9372 11235 209447655
10875 14889 -345207658
15437 19544 485167703
5512 4310 32608174
19804 5193 562435331
1812 10237 664790214
18690 19099 228593125
17218 5013 342267281
5916 2220 458664300
11415 2468 249728256
3807 6469 -966667636
5757 5530 -103616299
5862 5582 -570998102
8343 6666 -128738976
14438 17198 -844878194
926 1274 809878794
9602 16372 387889589
6032 2697 948426460
19937 5267 572315478
15509 15654 936615280
14911 8710 -687294182
13671 12665 -736283754
9648 16459 -520441336
11576 15147 -781707843
6357 11311 -88615639
7800 9468 -952251482
14827 9777 149266954
688 1028 -313365158
12197 18544 -557611047
5620 1582 956497342
18014 16480 -492429858
5088 9061 113916899
14233 4881 776930666
11346 3421 -869556906
8743 12712 -94247169
5127 6108 58942058
14258 10570 -897269472
14204 10565 402459437
1661 7997 248335072
19860 15973 417523041
3660 17433 -364709248
7105 13929 -548278432
14384 12507 110326807
7560 14535 256410913
2810 3519 30206049
18181 6545 820082529
11926 12094 -637551037
12673 12535 -884621742
5397 13905 296833292
664 2015 57379199
14926 6744 214199066
6240 11728 -864472253
6297 6155 -329450235
13851 3301 -560972854
4995 19600 444870742
6370 3045 797689950
13352 18755 470426911
12034 10541 -42333009
14948 18612 362746110
9060 17190 -309546920
6438 5036 -457511622
7619 12126 971184789
6481 2852 -872295240
17174 205 -339430616
18516 19513 -803226596
9458 13387 -416088021
1412 14041 -731710424
4032 15279 330088017
942 1550 -791273147
1918 3681 -125266128
18913 19717 -755204074
8549 2369 -917181733
19837 6548 631690365
13408 2843 990895844
8338 16995 754594859
2820 11687 -847864424
4248 7264 -448703295
6826 2181 101781921
7811 6017 -95191651
3812 17655 435584573
18623 14502 288778654
1738 7606 -147450350
3927 17140 355842245
4645 2408 -131512939
1224 5648 40063082
9464 1057 -221786911
2580 10279 -96455804
7225 11984 576399212
11769 129 560583926
15017 16063 -300739032
18318 5853 593081929
8061 6710 869260592
15626 5992 801384689
5449 19941 515829375
10388 14225 -350695456
12395 16556 -301981369
16696 9366 -645869523
17990 18005 515136691
3943 5910 -40443573
13454 423 879866059
17799 3789 -343710620
12352 16045 -943312095
13737 10931 472462962
5517 933 -73389273
16421 8168 356854670
16037 1119 -49700199
1030 16235 -653353422
4660 6200 81433527
3300 16082 -641721518
2846 18901 432644916
5332 8974 -949831916
19720 12110 -235729940
7771 10429 -471781100
2023 8033 -688981543
2597 11033 -628914441
3213 1570 -69307811
9516 16978 -759424592
65 7479 491518470
11854 3096 681745335
7364 14791 -326809831
9490 8764 675849717
10552 846 -867685998
8615 783 284560318
9533 4545 -612530653
5462 2986 699614874
4118 13270 -707100837
13529 12084 517372512
7603 9259 498004281
9151 10657 -594682136
15127 13945 528950304
16948 9833 -544024990
6897 16546 282019009
19970 7537 -878674592
19801 7367 80048651
6733 7804 -611635026
2485 3041 215942015
2510 1156 814886765
678 11600 -149274350
4697 7512 409113850
2270 6619 -885832154
2116 12831 291947648
2924 13740 631780005
7415 10945 653893101
1564 15463 -696613345
8809 10634 385464103
15099 5325 -892723065
13150 17885 677996189
16056 15664 846157056
4572 3582 113158880
10291 15969 964607618
14973 1992 -348320995
15632 7375 -431466447
733 5904 -904472034
14675 7071 466396831
871 10068 -942743615
4231 7340 -54652100
2121 14904 651530848
3661 8132 -930033905
18575 15479 -138283340
7087 6210 -321256444
694 17039 -357684063
3488 6744 267495989
14067 17093 -523248447
315 19125 -95820257
18571 18949 415175929
11818 12518 169215974
3837 743 564317799
1780 8715 313414329
7028 14830 -495589748
19949 14825 434345345
16525 493 -862236881
4733 12007 -375943753
7839 10041 -492066880
3914 4092 -238169539
19005 19195 -399013108
10495 2998 -189894796
7618 7826 827663674
11308 8152 183721792
4056 2576 -841623243
14280 551 -89211914
15208 3057 818039341
12843 16560 -716472132
5169 19317 666006297
10980 14520 -17730270
7126 1183 -890782254
18048 18476 -749720175
14874 3485 -902703990
12083 3261 -382071312
7990 873 -197690716
8325 19279 -981148414
12050 19164 546365859
7967 13395 -226090349
8493 8878 27833556
761 19247 -766698573
15354 4255 401324257
5073 7099 -762837927
5626 12555 18028735
3162 11019 850794479
5183 430 -525133009
306 10104 -102652028
13618 15982 350269439
6015 1437 471851700
8952 3630 -863371978
3163 13636 -848140302
9138 13269 -929142501
11194 7490 192150071
13744 8583 -606992123
17688 8298 258012622
4124 12250 -933891178
16722 19576 -251098170
9613 13283 293213618
1703 17745 -644265226
18353 17133 589436747
5644 18657 -879270543
19430 14539 888840491
13251 3933 396538845
19359 12789 -558844802
8673 2707 -155911224
15170 16779 -999389968
16446 18832 98705787
3771 15599 -533233468
2738 18728 -179310847
4831 8867 -93956610
14137 17148 980591735
2289 4397 714658520
15912 6807 -156805358
17245 7932 -746091142
14264 16706 -57577972
4410 3710 -653216938
8506 7393 -970023689
3546 3578 -4593488
8670 19450 891032928
13670 12220 -112120158
1428 868 338562637
1574 5835 -721274780
15401 17271 -341751617
14807 14302 -328815695
268 6434 -335046050
6055 6570 194062035
8260 1535 -742566812
6561 15953 998501316
8706 828 710956212
6063 872 905350674
14314 5276 -844939207
15532 5089 -911460088
1970 15480 -86705494
4939 17274 129201400
456 8993 151713884
5249 11990 903956425
11398 6267 -347238990
16823 14741 -937204540
6965 7977 -820011121
15403 8509 -964541259
12725 15038 906310981
4210 5592 237928614
4620 6423 -732708713
6038 14127 -56690334
9370 17174 555735856
19586 15689 -105827560
1435 10960 175678712
8293 4454 -258638538
17142 19758 912010891
18148 18513 95937468
15072 14862 723934308
5230 19223 -607009110
1238 9884 -89072727
11642 6029 165831170
13231 18685 981591517
6491 14149 195822064
4648 17679 908607577
29 11668 901297789
4165 18518 -604906222
12990 19172 94990601
12915 836 -317911326
16499 16363 118574289
7580 13856 -269891329
3037 518 -146673875
1415 6053 202779665
14031 18263 282107548
12291 12914 379015686
12767 5973 -876487244
18561 14757 -695014730
4736 7555 -639272944
7629 518 -2853020
12023 10301 -555331368
15944 1202 595761673
2391 2966 -826176535
2515 8483 678732518
11914 14870 -288008151
18135 9600 501602007
175 10525 810055556
13263 18675 -559472678
12967 368 -824189537
13839 16115 834454557
838 16906 -370821948
11238 2707 533906112
3335 2194 200660006
16650 16670 -224548362
19752 10299 346639426
5724 12846 267183108
17518 2910 560084207
9097 13333 -85916351
17742 1585 763677860
6076 15841 -271890961
7577 2309 132044334
12197 10071 -187797341
1290 19072 -791444732
9320 3912 308658796
14899 5934 467292983
14928 162 765744380
10441 17273 485524480
865 16491 419564244
12283 7678 286574829
11734 4694 196056487
7917 4088 188173340
13523 12172 -12155226
16048 12202 496824071
2652 17771 265957490
16505 8027 -577465276
4758 8932 696583497
17846 13239 966506042
16923 13938 853803243
12505 6868 792727404
3392 6621 579287704
725 2958 -461635879
10089 6587 736948883
9686 9042 501353875
2548 11385 576063794
11037 18649 -931539982
3178 419 179614707
13147 6614 897975425
15561 19947 -322980955
7799 2424 691036591
3347 12919 938483141
10658 16943 -59864371
13963 16044 -659456003
370 6263 961700679
13478 12122 -251175698
2718 6445 -462869033
13787 19836 10308011
17003 5108 142123677
16048 1039 -328800478
7017 6593 -158163315
2504 10744 -211004447
13375 315 -346155779
15475 12929 -267139614
34 11336 848978445
14132 13417 383853400
11662 8249 452534165
8478 19211 41060954
10126 12292 387222001
7630 7184 -137664384
7982 7693 -686408728
14409 14776 454842472
1100 14610 -432445443
4961 15760 91545525
5335 5125 -429359460
16732 8957 924064633
3905 18600 -809161507
9812 12305 36644537
3558 9795 -236703888
19532 2002 -159370470
15239 8128 984806846
10164 9772 -401510962
18289 2619 -332746639
6178 19000 512144533
19692 19315 284568588
1545 11927 486217119
179 14683 180777009
8587 3171 381024930
15337 3943 243193867
16305 11865 317747034
8378 3385 740157750
14769 7407 -122459125
10357 6938 672369322
7143 18783 -200719719
15490 923 829844813
4907 9045 -707088052
2199 11563 -900576445
10482 4873 138055772
2068 3971 -138558572
2302 5220 -888089779
5029 16823 -756848171
16072 18618 144018182
918 6228 -529571645
12272 9584 108398212
1901 11175 -39729178
137 5172 -522786022
14623 16562 -693300672
3795 16178 -980248130
5006 5331 -475149809
4864 8433 -102600749
12874 6671 -114922178
12371 12664 -119889543
8827 18729 -523692461
12237 17038 -683019624
2207 13757 905959568
362 10173 353134886
10128 9165 518909404
15322 13351 -925771861
6301 4861 -359388319
19501 9585 816444168
10732 2009 478090039
14508 277 -11227122
11311 9062 -435278978
6812 12876 82569684
12551 15980 508026421
14618 17080 -408619803
756 8474 -62544790
8253 1639 924436355
5534 18062 -448493403
18789 3982 -742648447
3309 11624 -596765585
18641 13666 47375534
10009 5116 -622236187
16927 17517 -139275740
1914 13363 746664758
18842 11320 831367540
1552 9617 580068940
15168 12913 -426785309
2549 5206 343299061
6031 15533 779073840
8142 718 879983745
8716 10864 628309246
4325 7865 -773983118
8477 11214 -487527353
4744 3187 -362671546
10781 5716 -26217257
8556 51 831536849
156 12103 489266267
11217 7399 -584049563
353 18043 -13645569
8389 15677 -274971111
9551 13871 -478824973
19482 9557 -752598501
8462 5191 804759047
8726 3502 396748743
7189 14989 566539310
16682 16501 242555656
18415 12130 62133254
19049 4837 -619654279
13819 10913 -166745513
12683 5323 -459190892
19858 16519 251336421
16441 470 -876792590
11097 368 -735687917
12226 14463 -412829266
17451 2126 -35804207
3107 17783 -186166400
14532 3922 -209353864
15998 1983 960838249
10446 18124 -378332687
12141 396 917985485
19654 14170 723162432
16172 19353 821700263
15478 13004 -363593112
3784 16101 -271314468
2352 9283 578553259
109 9263 -475984863
17151 3318 -494387897
14113 3081 916721018
10706 7018 -454152241
5431 2944 -5051029
18033 11471 -918161999
17552 1648 -956433694
6593 13901 -505124862
5398 13913 297112062
14250 2190 -460500964
1339 18839 -848145619
15538 2536 467568200
19883 4673 -347590380
4465 9784 -413224155
14901 19721 109296331
2347 18725 203620847
2335 8413 142043464
10738 16481 884109388
15146 13924 -356806122
15847 13211 461674275
18707 5679 -487926251
12076 18187 -158398991
4509 14001 -796407376
19336 14843 -139441682
4047 4791 644873425
8101 946 41841854
7963 15608 -939215521
7300 15945 -845901776
5945 14325 305652023
6025 10882 -693303655
2185 1463 938007543
2126 11374 -124788526
10295 16277 -679755450
10191 12681 90904088
17479 3259 409142874
5359 5491 -124288261
14087 12684 967468499
1128 11296 507362775
12318 1080 145223703
7795 12985 485187600
3181 19851 -628874605
1499 9315 822546740
4532 17060 122991082
2105 19518 -46787933
5798 13836 675752778
18278 4279 -596340175
12584 6842 -839061698
7462 2374 786506782
4447 17851 -948950044
6063 14326 510335633
17431 2011 287968496
1637 18454 -445058423
5694 3263 400985029
14955 12296 -194617816
16364 6666 68667805
13447 5083 78336395
2832 10227 281661100
4459 9657 889815448
13376 3601 784423290
14996 18129 -89574034
11082 7947 -797627795
16380 10263 102555420
9612 18600 635211205
17299 17580 772033951
1331 5494 108672494
14570 11000 917493997
9269 10954 159266346
5654 3255 311081544
15365 13788 -28550932
1840 2757 127758175
5887 13307 -167097184
17809 9562 164705997
7035 4936 603181453
928 16651 -431218999
18758 6378 6248104
7698 16468 -70880111
4155 6787 421319153
16773 11979 15375933
7447 11218 -823794769
16276 18651 597609687
19099 3883 580628185
2931 7426 -633839729
7393 13009 932931947
10981 15757 -440961641
11416 14263 -726050857
4871 527 832286815
1088 16042 -492724742
19262 10329 526150
19074 13214 -344498166
11997 3989 -992699287
3297 6203 -237631727
7731 17562 975998812
14923 8530 476566128
15593 5174 403956872
10293 4275 755499557
7186 311 -183868699
1823 12730 -927559936
13579 8525 -351123241
18115 8684 770596881
7104 4844 986740124
4815 11794 -66250061
6428 16232 505381412
13255 12015 380752076
3447 2977 -218271451
408 6688 -839922895
3719 5452 -999986847
13084 18561 797405733
4264 3382 297844144
3772 6410 670585455
12373 2689 -429070919
19313 4639 384580249
12482 18103 19909927
13811 11949 883331745
17566 18958 136308747
3004 9228 -730253924
13021 9450 749938975
2172 2290 785922178
7028 18995 -368004644
6736 16531 -854207781
4134 6629 198170781
4336 13315 -631991255
611 176 -166133954
10126 10872 -698203914
11770 6024 -856953431
15884 1046 917988729
15919 1150 687577142
1667 8134 -524467962
9732 1709 -786124732
8008 13735 432661889
14516 830 90254887
8288 7240 -441217760
19678 13733 619943347
15105 6216 427637429
11862 2756 482571565
15418 11798 -314968878
260 7250 195282823
1346 19622 1355984
9212 2709 486081266
12726 285 -656868926
13450 8019 505168869
10613 17528 956043731
15669 2736 -499733190
1613 7087 -714167900
1429 9354 98600651
8093 19968 -948280975
16770 17340 249168958
13160 7468 837415492
9541 8903 -645878814
17808 19892 886265615
14798 10286 -890711145
19042 6052 645044298
8653 8644 -694178996
3589 2963 968975521
2459 9384 100676881
16351 17789 -740562973
17864 8831 -567324431
7722 18064 -306695994
2959 4561 927890444
8560 14432 -582652627
2033 5177 -164624281
15684 7041 -38750814
12815 17846 -140165909
19261 1620 -248472957
11178 8519 462978632
2860 5416 131282475
3242 5307 275667161
6287 3929 -631175769
17771 3670 -938615782
11979 8079 498336792
1577 15874 -341998201
1925 8897 66383298
14255 1034 -231371256
4194 16449 212877998
11211 15152 -435706151
1197 18609 154108323
11372 6140 630114693
9796 5956 -735989515
10791 10207 -60653136
6302 13973 845646387
13458 14854 -709816442
12405 16865 462639440
3952 10407 197914281
5179 4147 -298479775
5405 16806 203106203
177 19132 -262101823
15192 215 237421069
7776 6931 -746100056
1634 17486 -642217533
19099 14394 55800757
9913 19157 379359988
16954 11435 -681887839
8629 129 -113211398
5541 5056 -603428066
12201 6594 216803841
16002 13585 924741161
13945 1578 235432358
17428 11257 -486640829
16547 17917 -12355612
16718 3366 -44161896
6141 12205 -141453294
4740 19544 845912466
9660 4290 -596331762
15944 16238 -994005529
15419 6498 310408210
8064 6653 646306877
19375 9001 366843768
19670 5939 986587758
9644 13337 -515628954
7818 5915 301188785
227 9065 297706004
15309 8244 438465485
19195 8446 123920310
712 4232 -171115012
11325 16713 -797520726
7132 6737 -888951765
19935 8711 454470368
18392 15777 -68006120
463 6483 -759582299
16856 16561 902786250
1180 5864 -146447708
8457 18568 855055818
13937 8710 894163419
14488 7562 279974311
10647 7056 -832900172
19200 16761 713977678
18430 14171 -584976973
18431 2173 363314399
4683 5131 799142051
12601 18430 -753604378
14848 1880 -331790151
8577 6302 -671833002
15065 16502 300009003
10573 11480 400443502
11190 7735 102336833
1064 3378 -859757013
4083 2283 -80935778
19633 10971 87216846
19927 2059 -832313943
5429 18179 528187052
13729 18241 366987418
13724 3317 -644190219
8293 15663 46944977
6187 17956 633344793
17377 13672 -296456054
7164 8870 54300397
10991 3045 -9293676
13000 3883 905164778
721 201 139710420
17855 7680 -695499134
17624 449 441719741
7890 15133 880985955
10789 2347 -572289193
18561 18017 -45406155
11236 2676 -535351943
7056 18094 -823096911
10300 7675 133103565
2375 11855 171057324
4182 12011 -382107604
1190 17841 248691076
323 4135 818006814
72 7762 10402805
7484 1501 -151983342
9324 2526 -94692628
16857 18921 -819392277
13550 8874 354036913
12137 10652 -778552413
9401 3057 396673443
10915 278 676304489
19085 5253 677165208
9619 1497 615763753
17932 5267 935337964
1301 13677 -660385851
19532 18251 742729610
4437 9134 281776698
4815 3893 92611643
14590 10540 101054963
1335 11752 -313833601
5599 16986 -264873928
19113 672 725629787
17388 10459 572528428
7083 6461 -966667482
9621 11023 -924774062
7574 2610 -478190472
17558 19416 12267689
11639 14894 692390426
2874 17779 394337238
3056 3342 102948652
15116 18010 -441683073
12084 11757 497212713
14154 11141 -695312439
547 7720 356605661
8964 6689 259878898
2883 1450 261877425
15344 5085 230339881
17637 6456 39790736
6180 8143 487225551
7426 16148 -533824286
7240 19621 -995385532
80 10499 955740198
11949 16983 -67278634
14227 6460 832081741
1889 8030 -899863328
2550 16054 868294297
2710 19429 -579160341
17183 476 364563303
7906 5937 216719093
4376 9461 417406885
666 9209 374080582
6626 9078 565831330
9138 3499 131519439
17253 10042 883167142
832 1862 683091003
7311 19908 411078171
12684 12858 305113475
14299 263 -608806849
5642 14019 548886134
16784 998 -660396232
7319 19959 612053012
15248 16184 64610031
14927 1407 -421865820
2838 3767 -330764076
4371 4606 -408193211
3036 14605 910256427
16378 7545 379156118
10410 9641 -662522291
16176 11654 46622843
16523 8759 -717784349
19019 6949 -11586278
1150 2242 368148204
18892 8407 -578897858
8234 4895 -817344467
11108 925 884504159
14212 10762 -756358704
6665 13859 391605560
493 17668 -966782555
7014 3375 936858380
191 14861 81534319
5833 16478 -851906375
7606 14088 -184573714
4212 11648 846664035
3946 3198 -571445027
2482 3191 594244277
4531 9513 -11931832
15814 12571 944294362
5604 11365 -219655164
14678 1901 405890171
10659 227 -336131521
707 18081 -749908655
13077 19471 -859038421
1913 12052 389214770
19402 1201 214813446
16948 13222 -404603562
14411 18324 196172785
9143 4172 -175560441
1305 5411 842048112
7061 9146 621350307
6065 13525 -269611589
13481 1653 911024140
9647 6011 685134742
9058 3087 -367919038
1135 13752 -610732738
12668 12518 467825508
4710 3360 -850155917
13483 8885 -531382035
5102 14676 -235229961
7094 3335 -437601425
2627 11184 -634503454
14109 9908 -403177551
8792 10560 -190922920
6383 13033 399946908
6768 9263 -7239635
11746 14323 924587491
9255 6128 -402255474
924 16759 342257161
17018 19404 467202777
10142 5120 529858403
627 409 223742700
17725 3266 291978139
12297 19359 -904725556
8178 8573 -973721837
18669 1613 -28048477
11701 18500 416768938
15354 9991 531115103
15316 13789 771136409
10022 19088 -612858364
13904 8575 -781310627
2500 8488 250095701
10385 19869 -649778181
4235 15639 -860153536
5986 1313 -579241369
19377 3440 779148771
6347 11004 856666190
2837 7731 -556141359
3078 10997 -212608038
4769 14309 319710430
15197 13360 704466109
6303 18483 668280094
2748 3004 255156224
12560 16949 -667125599
3216 1023 -421411272
361 13899 -878140161
10992 4990 246078608
3775 19856 -776319962
10407 5984 818946751
19664 7364 849893773
16880 12971 -710111441
7430 1684 -735551457
17507 10854 357869988
11594 2095 -296860748
10878 2430 -533893221
4766 1927 489852416
7131 2637 -760368824
3061 19493 446490363
19829 2594 67876350
4191 10756 786153969
9210 16024 470175433
18347 8631 861578888
5970 6456 -894458500
17632 11764 -877453016
15122 8420 34467995
6154 13024 -276919245
9014 14066 555721796
19224 3064 405291609
12961 3264 -892552018
15967 8396 840729
7283 6152 -317251783
9656 8599 -542499377
1730 3345 134087409
13761 8747 -326244259
17205 3676 662427957
1916 8843 -726601535
10135 9909 882097625
1521 8304 82866688
1293 10151 742409617
3181 3216 264821712
16917 7468 306604455
1728 9593 -818598205
2167 1749 400733754
18561 2738 -623098635
13471 18683 -206065540
15770 638 74342768
9787 17249 -983169878
12998 2508 -166697602
6417 4641 937916522
16491 18793 872760343
746 18441 -685716560
6486 153 163238519
13388 532 -122268368
3145 12063 -523035483
8809 11751 850599332
10937 238 661192306
10596 3338 635628791
8254 16263 -25284575
15754 3555 145368944
3904 36 -183600587
5241 16856 881729034
13937 19023 347199408
13885 15785 343531858
10535 6211 816493541
15351 1857 -629789867
16263 18081 996181105
11565 2797 626747234
18609 9916 877999431
14406 3404 -306549125
522 12256 140330619
7599 17353 118908202
19145 6275 151078608
15232 4551 -383863454
16471 1764 -16450279
1978 19352 -618430
16531 6483 73558563
19187 2879 -747536495
4980 19663 -33647634
11711 16396 311437356
16042 15919 528740802
19856 10160 -305561994
11105 3523 -848946453
15578 6861 -719899828
16962 10119 717513144
14010 1905 997182552
2688 19902 -719616502
4149 10841 -645520623
6758 6352 -144172779
16839 3997 790514771
2497 12933 708765018
4098 9881 -459168071
2895 10021 805646919
12466 1474 -761545996
4498 7909 -118689898
15634 16555 -513594968
13060 12351 222557826
17392 15172 -421026131
17588 11309 -792334175
3071 6160 255969560
8802 1521 -175334340
1305 18261 245433812
13497 304 -40803839
8942 12254 659383386
13003 13836 -919554591
13732 8118 -333530113
19359 15245 -930293883
12822 8587 675362426
10458 16560 92896940
346 17112 -542495450
1227 13959 -396893884
14051 8610 -944190994
1351 18236 169862052
1548 5308 95853229
5648 6651 808572701
13732 14547 431058284
3101 14208 916239435
5273 1365 -113367755
5422 7143 -459444100
17916 12766 -856995791
13549 556 -409941771
5261 14869 -582177519
2338 19084 418550065
2150 1767 506802945
17152 5955 -203832898
4603 519 -496050432
6774 18588 148840753
8222 8434 467516324
3149 11330 589952108
9647 10619 -27083206
3431 3171 -692779237
15244 9116 -155460071
3449 3285 793564727
11211 17871 -501216522
9027 2460 -932190897
15802 10735 -845026684
7609 18685 -778257084
12314 7253 -760114051
7881 2290 -79291188
10697 3139 3655126
7033 628 -505684639
11522 14325 -385762544
9856 12428 189534727
4611 16562 -367655968
4701 11932 925005054
4515 19399 206896009
14584 14789 560021537
9965 7876 142577950
1361 2568 -999632696
9982 17631 546026752
14297 8475 -71072329
8460 13480 321834671
16297 19602 -27496185
2978 17166 421736590
11984 1052 740751794
10354 10889 -892655792
7673 14591 392938070
15841 9280 -638857016
11336 12445 562673147
19534 12697 -458551190
17424 4653 492055985
3225 10339 -42129837
12597 12475 707440074
4600 5600 -139977186
3326 1596 -957469734
10381 5720 643503442
2765 10817 726719543
15892 15695 268170964
9921 6350 -158842992
5484 7011 582026058
11332 7608 489860389
14773 12363 324939313
18403 7666 436641634
8691 18799 855004663
14535 4919 262207118
3181 9578 -920495495
5815 17399 -762134795
3170 10215 -884313910
3425 18822 -194196434
1406 2642 234615995
10439 1415 -844213956
11267 17412 799281989
7460 17470 666757566
9597 16980 32485074
10289 15051 262156246
12146 7184 -9599369
5745 17839 -828042992
19326 7747 -324184454
14018 10543 931728211
10420 10549 -741777197
10015 15405 -75013922
15174 18815 -62597333
19626 1188 -545893164
9405 13101 287093588
2018 8200 996103302
203 185 158105380
14699 7260 -993275027
17326 14193 235603029
11368 15218 -673405656
8830 13518 706990859
14165 7584 889557664
12155 14073 406263966
17697 11948 619033808
825 10889 -191703049
9763 9909 -812152629
1267 12952 -885507021
5082 4208 611855247
1213 5519 723847216
13196 14979 380210001
11586 1267 -653076251
1412 7075 -214699218
17516 11663 59775911
8083 12367 153083305
10874 18782 234980723
10163 3360 765786650
11736 18393 316182010
10994 19508 -920660649
4033 6721 271245254
2261 11275 443160190
9276 7070 -56045182
2336 2328 746646152
725 9895 -719996385
12866 18404 185177496
9531 5659 -279585002
11010 5800 -605167055
4668 10962 -978128796
6814 12634 -381398834
182 5648 690006557
9769 11947 -524787357
12070 15887 432176072
10274 5173 983516286
7841 17006 -549010512
16768 18523 -175556193
14508 2143 -817970213
11680 10672 -91310824
3156 3491 456100214
19251 6733 748887540
188 1421 660725262
3540 3659 273269674
12212 9404 599136288
16729 15741 468573107
13452 11812 896784977
18470 693 -157963346
15171 14287 -839871417
16012 1502 206129513
3145 14489 -73896445
514 16388 279434308
14171 12400 -524291553
19104 9794 -515000696
11203 6000 -750870843
3197 7121 347183984
17403 11189 -521102891
11950 17105 -248814944
5159 5417 -255481311
3505 17908 -12370033
5338 16894 -651420976
7378 14848 497500334
12376 8515 -101499428
18698 6944 -302951800
665 13826 -492680191
13274 733 782049483
4919 11137 136343809
8584 9947 176833033
11683 10656 642876478
8515 708 515431511
15263 10001 57662605
12671 1010 945849952
5804 16510 826152198
4505 4023 396894146
3 14835 -792324202
15832 9611 -244427621
13760 2066 644114765
17766 18848 -902542382
16482 11365 677346474
19254 3308 -697157217
18342 9741 -871537507
9348 8941 491218028
11376 15727 -981792675
12310 17086 84971929
7275 5158 -149664634
18024 14579 666297364
7347 15567 605363764
10876 3838 754545787
1404 3584 -251532057
5710 14821 885869514
6232 11713 566813842
652 15075 -453279183
8305 7241 901941952
5854 14917 -234611887
10025 2332 690939226
6070 4667 340608469
18761 19043 -759737326
2008 17381 443888012
12684 641 441362621
17816 3699 -907096116
1032 906 -951243734
17366 11266 -599204131
8266 183 837612014
13290 9375 -453920992
10087 6733 680133301
9917 7523 927859316
4628 19928 193202131
13070 8940 -916590523
16218 14125 -642910046
778 5961 113407544
4754 14911 285452978
6499 4714 448360418
3995 13764 -375775571
9229 1074 -692128402
2379 7126 450317527
12559 5475 695669302
8049 3708 -104190485
2259 4411 631241609
6540 18119 738988367
2887 8944 366226816
12056 6423 -372342661
11195 329 139027564
19361 6040 270607878
15241 17656 331451900
16507 2670 -390978840
3120 2716 48586765
18152 14637 223089453
3478 4789 234553805
13438 10342 -212395843
15217 253 441374506
3697 12878 -661747799
8682 16398 -840872878
8001 10719 -467377745
6063 1530 617375177
10351 2876 430695695
1268 19763 -606792968
14086 6949 702881133
4978 16366 169116722
15952 18835 239097447
9101 11549 -20445417
18636 18315 -684088977
13335 9662 -310659626
8883 8261 631535074
18512 6521 948510998
2090 12615 -7341171
284 7087 -152588960
3870 2500 -665845677
18694 10480 -407373541
16729 4839 40670748
13676 9695 -332661973
8681 19702 -506687948
11362 7348 32582522
9218 1059 -863092436
19708 19224 972035592
11394 17087 63387190
12607 216 431445440
2812 17389 -479780091
13797 8806 778453581
4823 9548 -742912388
19968 6845 827795985
14171 13182 -708314572
7700 1247 -865719379
4017 12541 154392330
9612 9754 871904622
5186 12268 262822829
3703 2100 -7892528
14414 8876 503645055
8534 7414 -203316164
12084 16683 761227342
14443 9138 -946121415
17602 7233 -627880022
18793 12388 -761093558
5288 16490 -997189001
16204 5527 570417548
57 15410 657312783
1632 518 317468181
4456 5854 652594883
5321 252 732397810
18979 3878 456522738
6146 18169 359475885
12467 6003 -105833178
14776 708 189551343
9659 11048 337639620
10140 17745 -625518509
17401 16952 -640477823
6524 6385 -191373431
2844 3369 -488216080
12533 1466 414108626
4835 1330 599520710
10655 4290 46118274
5039 18290 -796343319
10061 19528 -626965970
8674 15597 75741162
2134 17477 -318372633
17729 6627 200922012
16666 12466 -877534210
5587 17118 110151944
18106 19148 258630539
4465 5072 -744256850
7160 6319 541697648
17769 12481 -192062061
19137 460 -22626075
17118 17102 66264085
16032 9996 -114899211
8167 8067 723465573
7582 2866 -512444544
8381 10052 -609820512
3635 4151 952761827
10529 1739 -502112960
15339 14204 485912196
16459 17170 -899559787
3490 17117 490955534
2810 8250 -345058653
5599 14250 350584020
7493 3944 634952749
3016 7109 -775451629
7824 9388 879926268
8771 10594 285005025
17815 5298 -961484060
11140 4564 437832610
2201 4721 -739015906
407 16098 5507566
15590 15355 -824038727
7114 1124 -275272117
17349 6485 233270483
19826 11835 198210253
3036 5475 640234972
13697 2157 -492646091
9628 2006 -614540878
19916 16431 -760297248
11749 10505 976927488
5931 212 804543807
3748 15659 489952622
4801 11776 898202212
421 17992 585538158
14286 16606 -272674356
7159 15519 830897630
11135 9641 -811174328
14636 9133 630855686
14223 10564 438541617
15327 17605 -248986537
1956 13146 637641528
10685 17948 768205210
10740 8694 -515196617
15319 12419 256724217
11985 5074 181277863
19836 19908 -670764230
6395 18990 -960068200
3020 5633 -598077866
17845 17714 823623663
6496 18258 -881954759
3464 6820 -64152432
11103 13898 -283080526
12615 17488 -588458602
8807 16671 983525074
10404 1459 -569369826
7895 5733 924698960
1972 9343 -892557868
13141 12383 143101702
8780 4996 -32413415
7053 2731 -90903132
831 3989 913119813
6204 14675 356052320
10323 6474 -912761201
9355 18088 588013130
11048 14946 -583957396
12615 14459 851670199
12134 14286 -549598646
8341 2254 -326437541
17996 19978 867787207
1725 14686 -7773478
17420 9121 -160563161
19239 19929 -949374618
6290 3062 -19490024
3324 15642 256601024
17130 1230 -142284799
19055 15277 14464834
4431 9699 142280247
13649 12030 213715855
10201 16221 535891447
4889 13583 -805775078
11888 4715 -541817470
2054 5 922645042
13478 2391 -112467617
272 15598 -631103836
123 2327 -501938734
2316 170 -587431921
12605 3736 -936019256
5381 5792 823673217
3639 18070 -492138677
15269 13692 -801052495
763 19635 128620224
15275 7460 -35064697
8152 16826 -475386138
17038 15688 -701093711
15054 15169 -725593720
10829 18276 260503338
171 5712 -706195025
15579 15226 2308774
12476 4173 687372314
6891 6443 202317997
4255 10697 -356390278
17850 15004 -197455085
9007 19988 722068676
19439 7821 -208690305
17971 17206 686141441
5349 5393 658151026
2914 19611 -394410858
5012 14911 721309391
5546 18554 186959474
345 17553 665450142
9284 18797 -615185728
14788 7716 783029676
4831 682 222109129
2039 9492 387505610
17513 4269 753094263
18205 5569 -502832487
3467 11483 -583070627
11465 2862 163416122
325 12962 -142958918
11532 17315 -794731521
4841 8588 -988347810
11553 10756 -739356228
13254 8420 350050237
9733 12062 611554321
13209 6721 -531784616
10860 11857 -607110351
2534 13455 317892726
11364 6596 -716318808
950 432 -664862161
11648 787 -58092619
12259 9664 -617470768
17864 3767 -221919358
6223 6518 548757742
12972 9892 386541495
9097 12552 -213652980
10900 16029 599895878
155 10035 325396108
8641 14417 -459375245
9775 14145 752851910
4256 9079 990090377
17627 10760 -356662459
6595 15497 163822221
13408 266 509905491
726 3865 -756968271
18537 16161 -87154840
5822 18263 -932875260
19930 3041 -965483592
10255 12704 -302633419
8644 1275 -660893641
19933 12871 -73007328
13699 7878 491444793
13571 4731 816181656
6191 8150 536689362
4409 17904 510704927
1022 6163 -888630961
15065 13591 324292196
2239 8239 159479064
16321 940 303826380
15348 8690 -643518118
10420 4658 342976181
17877 9847 80849807
596 11463 -408540831
18233 11268 980061647
10693 16336 692148258
9307 16976 192703085
11975 12525 -370537622
17920 45 -751426124
18439 7883 -114009654
12314 6353 -813567858
15127 4301 -896261358
10361 13723 391362323
9141 7347 -231752219
12612 10658 -318609378
15982 2932 215164164
5820 11287 701617571
1453 15245 9415755
17410 381 -873453851
16987 5045 -722246131
2086 15153 -432581032
8202 17054 573728828
18180 7733 -18490853
4216 19571 -199945700
18199 13983 800954630
14903 4271 632252525
1216 12657 -575288242
14432 19980 -157880999
9035 5222 880237968
17053 2297 -165704313
7104 9104 661156890
15072 16012 128675703
4859 17666 -625004995
9041 7454 -838927609
11005 9554 -929588120
8691 6860 812278193
6578 4277 -31108290
3267 7550 -792073090
16963 17660 644079767
2099 7789 -60338762
1159 12310 268422168
2931 19663 994456256
4280 12393 133973462
9784 18158 -874740903
13530 11360 518816801
9139 18015 208699370
2035 2988 737473722
1364 3665 -863920340
13446 7183 616150058
8903 16449 82659225
3438 16609 -977693146
16351 14367 585571770
10861 11208 694801626
9772 17076 16852982
19937 15114 -764240879
6060 10449 455920790
5139 15581 999103710
2392 16344 284186228
16706 8004 -365109742
13377 5367 -409357857
19419 6801 -157752982
8513 6905 -300849035
2375 1331 -295596020
15344 10506 -600603795
15645 2267 275003034
16667 6799 774167626
1712 13544 -184455002
15603 10587 292505600
19221 13351 -548712474
18384 17221 904998572
13582 7499 -123708316
12876 199 166519259
10085 12585 -604761779
18701 2849 -876667240
3690 4711 -544410815
6652 11460 -483372755
19635 10806 -648795299
9903 16852 -839731859
18540 456 -733632090
7360 7778 -936728327
251 6573 462203857
15055 14027 -503536233
13645 5302 -212652820
14766 1459 739655141
17894 12412 -418046223
18953 5428 -230960561
12895 7935 -477632261
8346 3279 482478213
13574 9896 86291026
12537 3822 706120063
2094 19973 -183422380
11739 16407 -25684754
12229 14457 -127172150
1736 5482 40354016
12897 18007 -346018702
13396 10675 967330911
13216 2155 992431718
7670 14173 60434034
11689 19414 -904583258
15336 12393 -569861821
1719 15175 -154553394
10119 11201 718926202
10393 3295 422868448
5883 3504 -421911588
2324 5928 -404860534
16212 10720 878653157
65 115 -936960738
16237 7496 461508171
5010 9198 -14519712
11905 4556 866660075
18499 3960 525129137
8956 10108 959893403
17136 6770 485203256
16642 8141 343365807
7865 19557 781815721
8063 5748 400676294
17337 811 -342318943
5107 19565 -299569021
16161 7162 -600263303
13803 16270 -410249900
7878 3341 -998053705
14191 11420 -225866571
6649 2682 -374031694
8549 16808 287544063
8507 10905 -502690079
9243 18590 674491583
17677 16433 -991072545
10730 16588 -699216334
18280 261 -688226599
18519 3419 -86243259
3417 12412 746358604
9984 2902 -84036821
3851 18580 421112399
16413 8231 784434557
12769 8960 -841863877
4813 2465 -161976130
9237 12554 447310836
15614 10841 -461827929
1857 13256 766443784
8988 2350 -209157839
11265 15297 989269083
15649 9870 -366534110
16439 13666 -492495497
8869 8751 -402317075
9213 19778 881355345
8927 6579 943021491
731 1618 -67659528
17155 6461 145681097
15212 17743 161260719
7641 18282 -909447222
3977 17132 306573755
12732 8540 -284285279
14809 8549 122045398
150 15089 81778878
18767 11977 232474473
2343 15579 53854005
6838 9413 -588978823
4265 17472 46969903
16898 10666 -285235427
521 8946 536585084
16150 13122 210929542
14140 15867 415610437
15888 18716 -409964463
13421 17242 542244278
2516 19701 -549379031
15623 14535 -784985231
14241 3290 128838142
116 10370 -230847745
13049 16963 670804615
9671 4002 -423555306
19024 10563 -731678915
5392 16868 486120428
2689 14073 -959705233
19308 14194 -294333426
4241 17020 335425005
10468 11923 861135153
26 16839 -260202407
19529 8208 634578888
17271 6671 -80014703
6012 13268 -603715739
16038 16551 840030489
1800 9902 -46984768
18372 394 20317112
917 17646 52664068
17068 18169 65769241
15940 6507 384572970
19404 19086 -64446659
17164 1873 -293797931
5821 1933 -333063591
9861 9765 961329277
908 5126 -8630196
13648 18765 -533546497
15769 3872 92975443
5552 3397 456405121
13185 17407 738931033
1466 659 -621703581
3503 4630 420699141
18350 14823 -425731116
11656 6715 948315496
17006 8449 511748647
19972 3136 747879822
19567 12042 -707986979
4440 18599 781703865
4610 4929 229416516
8945 14725 110214124
6397 8157 -593143539
7156 7456 -286924466
12542 8427 362372284
19661 14772 27655018
11408 19157 773707141
16502 15622 846038977
3270 12840 904413039
19930 7844 908418359
3264 17086 -276946750
11012 14403 322697325
6242 4544 -914922114
5758 5879 276219469
7273 5799 184192635
11795 3203 -35886180
15179 17328 54266117
12271 3888 20469463
11177 5308 -174427475
13573 9729 501458051
4817 5065 696474682
10970 6777 685228422
11151 16753 -10695939
17258 19748 135339600
5203 17455 980056499
8245 3068 -77824687
10361 12610 -444249325
15127 18353 170456359
8740 18953 540457104
15957 14705 -905425195
7513 15759 632164868
6127 12219 -303534093
18499 8973 -163159393
19806 14370 -798904671
19604 1514 896991853
9596 15275 -536552761
471 13838 -129104075
18271 16902 -713117992
14688 2040 -765221155
10035 10840 91629154
5844 2164 538487727
1788 13288 1327992
17628 47 -868509166
6737 8356 734670264
5421 16791 -124983415
17777 16768 -722005464
4442 5879 -424197193
4624 8469 438560829
14735 5978 -974683217
13808 12867 -293076657
13998 13676 305919141
15468 18181 -700646786
15162 8999 -195397872
14459 14535 993727011
13616 4548 368611810
15770 15617 580195504
2447 9119 720485697
5173 8052 -138915124
3270 7921 824459155
15240 14884 -767474225
8834 18917 -500271759
15348 4544 -522573170
13991 13072 535039711
10636 7179 655206278
3821 2295 -90624390
3260 11068 162411392
15989 8389 394084652
1379 2374 528250259
5167 9396 117978342
13303 6643 640648767
4868 18857 -113990734
19959 5490 -942668135
2747 4736 -387717216
14937 18290 -578905840
9199 3378 -729046901
740 2238 994349687
15969 11403 -939369692
17091 12026 -341341885
8297 18461 -995911322
10950 4647 -677538904
15226 14479 302458360
10782 5914 300183801
4923 347 205394449
15439 1472 803786038
6635 6480 -187314764
13085 15621 718644811
16809 2426 251729946
14316 8626 533692439
3902 6042 354284526
1654 7875 -41741515
17157 17006 -797049440
14507 1511 347432308
10268 9904 522613150
7859 2676 -285559426
14409 5498 -12385495
9129 15462 168265048
11786 8924 -525870804
1302 15028 785498327
19583 18498 -728450884
16832 6651 470125667
8750 9239 -532712925
1109 12762 -47474931
6146 11750 -28198545
12673 408 757033527
8374 8282 -699664502
10900 17937 35854932
7541 13578 995885789
15832 11146 2797427
4520 11587 -611737523
16280 16409 -11658238
6818 17694 -331403697
11855 11322 516189525
10091 4505 -650212475
19099 11679 7418670
16625 11853 64253169
445 8800 133804942
2177 14858 800752229
6255 8653 167598249
14996 18848 689437103
12849 19356 -492325652
10632 19399 -417845491
9651 15506 40693479
16032 4546 -669957514
5399 2542 528258940
1800 16300 27324866
12548 6986 212264145
6211 11872 -160168816
8860 13502 884598285
1540 3140 -407902233
13140 3083 407208450
14036 10487 -689045943
9949 15170 940680141
12757 6375 76233883
7911 17917 34770750
6486 477 -55989940
12083 16815 813288027
8031 4658 -805435657
8984 19102 248671237
10190 4963 309140141
6081 12928 -47655254
17189 13148 -251620874
11577 5815 247580557
13621 10961 57361705
19575 1744 -499481604
4416 14706 621594151
16923 2278 -603246574
12501 17695 -532811953
13293 5474 699173984
14318 69 611093549
2919 13767 -258788138
10055 10633 115535201
1096 9692 -915045101
13 12038 688981264
4737 6214 310164832
1156 4501 -413337325
7896 5694 -690638433
6891 13463 -19764303
13409 792 414683001
11869 12868 219419837
7864 9319 225915211
7069 15191 -166375298
5014 14820 935619266
1340 16393 768184106
733 6709 -996728673
1987 9677 -228088947
7506 5543 340031701
12006 2991 -122343304
12838 13531 257769827
16364 6542 881925406
1409 2120 256320835
10598 8036 -302220657
15897 16437 130577647
18329 14250 -298372729
5186 19038 -567802271
17688 1722 -653833327
14569 9152 800980574
4485 15397 -334584597
1881 7799 -112750685
6830 12135 -688998769
9240 11717 94620651
18233 3126 -436814613
19389 15342 -980988781
6077 7606 89805846
9785 3351 -832915974
15418 9051 11475481
7573 281 -847433247
19132 7206 -476465667
16003 19577 -972388604
6247 8918 -563708939
12969 3812 -58536860
9295 19808 -740337096
4044 8088 -74992177
861 10415 -455803909
5331 839 20823676
3867 17762 -308498561
4065 13008 742561912
15125 10417 141630607
3955 6593 857209763
10801 5904 -800473524
16159 12366 -962392289
14283 7656 -591016866
17715 11293 -592594494
1281 12237 375049610
7634 1054 794831431
8521 10059 79864957
1654 8444 -859609557
15354 2443 -623134599
2993 11465 -680977010
14933 15518 -483989646
14728 15029 -459253830
2 3339 -964302242
9799 11073 -95929663
7820 15814 -663606723
4773 15524 529321615
8098 4732 749787537
12997 9938 -190486246
1661 11836 -376617847
11561 2399 -623680641
17862 1217 779349426
12990 4362 -363771799
6233 12834 -472653630
19330 18824 900170969
11604 5950 -5847114
7170 1440 -144869314
10928 5558 -990699738
8842 7539 -845551118
3415 13435 232503117
10490 9260 219384658
861 13230 -289562780
15005 6583 -811595063
12759 18989 333518751
948 5492 -680095842
11362 15726 420408377
290 1406 -693434434
16471 3486 -338010713
16659 13133 364009774
12590 10597 -844655827
14814 10430 778165365
17981 15440 -491889510
1849 12291 72579752
17458 7619 241483547
15598 11823 -872560864
9745 12959 586290158
517 18797 293125324
295 14827 -529894482
5199 16982 -119238511
1604 16479 479665178
6788 14002 -638088836
532 4604 -497688454
18931 9712 -23465646
5056 5981 -972308598
5731 13858 819931207
16311 13528 -748386605
11833 2464 -956904560
16021 14727 739072188
10297 11369 381496812
5190 738 404099935
4195 2757 -370842699
16801 12387 -874014191
5465 105 439663679
8499 12242 -697883579
3637 12892 566151228
15803 12630 -399748251
5542 7003 -41061557
3011 9712 -746853650
18825 14905 583974229
8526 11805 285450719
15439 4704 -120322232
11117 16958 643534939
15491 554 -231449312
10194 754 -921420767
7489 6657 -644119198
1799 1907 -9816492
5025 1491 51845315
15006 19941 -287241151
18425 14164 -310980366
12128 19042 396832515
5705 325 295112054
16209 3512 -941332257
17454 8020 -499934933
3749 19457 72850892
9370 10184 -117025232
12140 7204 -621507549
4380 7168 -571512643
19281 5778 413524440
1504 16110 -209365571
14309 8056 97220771
848 3045 -477290301
6745 11498 383900929
8818 9653 632150873
17016 19725 533432205
12458 9677 -829909542
14214 5723 684670619
10090 11917 -313529292
12402 4299 -675774237
11673 6704 -754439975
13709 6876 -579371532
5711 2086 -188606541
3453 11772 539403529
11168 3550 -670843984
133 7320 216033041
19690 10889 -744216744
6701 19095 869457615
6080 9196 49738990
13508 14561 -682763755
17297 11679 -917036545
8196 7247 690358099
489 2224 -699971793
17831 17869 -626107021
9048 10733 782263555
16747 9204 741514940
9200 2913 871909043
15720 124 -912784586
15773 5691 484225078
7708 14776 35703351
3196 16344 -908860491
8710 3905 -424610111
6733 11007 -622118782
18822 15369 862524334
19038 15810 56093153
94 16614 826316967
12069 11116 -551882396
10700 9362 390613658
12810 13643 921154177
2676 4709 -384073745
10509 1513 544622151
16439 4132 719777387
10151 12166 -247560722
1858 18054 538067110
7002 13567 -236411272
911 17908 615749341
430 10200 -460454665
10437 13262 435171103
14636 1718 -728992980
3014 12503 -135656256
1133 15469 339541635
12591 13803 849010310
16115 16162 999069724
5498 14074 488465370
5534 8015 742883501
17917 19443 46532563
17945 4408 735597319
6789 16575 621301459
5521 19179 100417694
8294 14796 433744709
2012 7293 -203010648
13596 14906 916412683
7810 4885 -129181660
18860 15818 435729757
11970 19945 555935925
17614 1875 -665923812
17721 17196 -572820431
8513 17258 -841887047
13511 15308 -597335604
3031 17954 476029478
2255 17964 -521144546
12020 3552 -990634210
6870 17838 484898069
12032 9337 -727651443
35 4720 -373503053
1184 12938 289632473
14959 27 43630967
15204 841 -185953479
12190 19439 -166430576
2245 17909 -929169865
5701 4875 -647147168
16940 4281 635734104
5676 14772 105633899
9804 15418 -595026628
13027 12323 990262158
13152 15699 -854720442
14902 14136 949357031
15125 18264 -522430039
11250 19461 265425863
5497 2645 257916564
16493 10700 -625817004
7262 5080 -270175001
1413 6559 -394427502
13771 10662 -800621987
17666 16941 -593309143
6549 19554 460409045
3701 5752 -929111344
6089 17524 -718744019
4558 7744 -33201935
5705 18657 68304579
5944 11555 774136239
17931 15942 202376394
11036 19458 -726218052
17296 17438 422110653
11963 19203 619591571
13338 12187 -12650253
9749 15877 -972000467
10147 9833 560141186
15440 13953 738457854
7510 16071 88548730
8472 14393 118682239
3638 17523 818790327
15451 14927 -23696769
1387 16710 210965000
9500 18305 -653422270
16951 10002 896145268
13303 17496 615268023
4104 14432 354790685
14489 4576 484746400
14013 6319 170491854
7282 778 678610557
10552 3409 -795069531
9313 3816 29823405
9041 10694 -934119967
5399 2702 -364407611
5205 3266 502470773
10376 2997 755122494
16477 8839 156375264
9056 10622 947028159
811 15048 -567374313
8556 16772 -332966538
5683 17943 215856032
5862 17808 -364047899
11387 4328 95458568
12154 5145 -221436926
1362 14089 287198017
16237 11151 -186858714
19265 5442 -485659411
2189 19645 -356176655
4227 294 558277743
8399 18613 -448098771
19826 17214 -898345375
12465 2679 439542608
202 455 -833205228
11010 13207 569224437
12177 552 896774063
8518 9819 251620108
16706 12327 -137393449
6634 3425 -966310257
9851 2597 -396306528
7744 1712 447389390
8074 17276 196091259
17214 6763 546374825
16257 7165 -691514246
15833 6478 667518607
12062 9527 184120348
1136 4590 789169467
18148 5397 -200679139
11786 10455 810006250
5082 11201 -513522817
4805 5914 -891192060
3248 19361 -81877647
5499 17577 889031106
5057 14620 -50298841
15312 11407 806754133
18228 14157 -575308360
14096 16076 264480200
18825 19208 171598535
18939 3295 36787470
17205 6904 -842976098
14468 18792 -877810625
8324 1188 922158701
7241 7039 3064508
12703 18487 -55534689
16689 8227 236290336
12415 18549 -505814613
19781 11049 860067268
13022 1901 21029390
3053 5932 822784460
1211 5517 305239058
127 6730 686348549
17795 915 599537624
8069 18040 326584711
1181 8960 -697790082
1776 3780 608467344
19141 11483 -122238177
3677 13722 546272548
1902 4246 93338332
9793 10441 621083380
13830 16671 -525837952
19659 969 -501487916
11853 4349 -907701042
16000 7881 -13316515
18379 9413 -724712740
15898 2831 664692002
10853 12197 -601215483
16964 12310 221452806
13895 17905 -430717340
9277 18413 -348098159
6567 2509 -875732411
6532 16981 816025456
18126 13666 303546780
3497 8572 556531299
10732 18805 -379871315
17004 14482 -581484448
3048 16041 946821194
14958 12359 375320925
15674 6607 -17695858
18776 13558 -401257526
3859 10154 896459722
3740 7460 -973007373
7487 19094 -894498955
5962 1562 937440621
644 16139 -499884195
2847 8857 192558481
14601 9693 722890645
16190 7681 560679617
10285 18048 -210021616
145 4178 11553305
13711 18537 628987982
18341 9195 -63079137
17854 9518 137410395
2950 10146 -495685517
1027 16643 460421869
19978 18233 -563474750
13146 3371 959490154
13953 15222 -684346388
11940 13639 10036323
18028 4423 -698409539
13530 13750 -229381850
15858 6250 -374894179
17686 10236 330219530
2888 8769 -308873949
4474 14517 955068805
15153 3169 114516353
19329 10691 -835995925
18049 1087 -167133401
3439 7518 -912509708
13249 19287 978302647
6375 12826 -613001975
12454 4531 -924244503
7028 15579 -446648043
17635 9570 241502021
14972 4085 114430588
18216 16030 -313670122
4510 4564 837999786
1029 11826 373800270
11718 10166 465044061
9238 10257 -641772937
16521 12978 -256039593
869 8308 -740946578
7511 12018 -96731952
9973 8209 -268851252
16122 2231 577141106
14257 10383 786674464
12900 8451 -443544195
18209 7264 944734979
2136 18801 -844110744
6561 4800 884192691
2055 10355 -123112551
16173 14141 170278116
4688 9965 486562802
10861 17149 874888258
6302 9468 -119617761
12419 12555 126986883
240 15702 510459245
6490 2221 14517700
8764 12494 -106537452
9485 19462 -517440827
19217 576 -484923233
9322 18961 544068474
1357 7355 221326561
1823 17447 148801424
14638 13767 -310525420
11451 15733 710484770
8936 18661 618470253
3603 6979 273416781
15019 5560 -703252435
904 74 -826956525
11754 6368 280687984
7671 19919 -408159078
338 4905 -147699874
13924 11559 -74334431
19043 2882 553930158
16242 18035 -810958604
13967 10891 -852169823
6950 18577 509982009
7707 1335 -656638199
9358 13918 -524621711
10327 11107 492400294
4848 10963 -501232164
2308 17635 -694556366
12309 13944 762698123
5566 16805 -666605776
13819 9106 -338253733
17325 14712 203926691
394 13038 7486520
16625 1455 283264360
10694 1614 15568766
18995 13726 -896430275
656 3072 379313217
5702 7333 909562659
19247 7670 -606751051
8190 2916 60780319
6865 9251 316291803
13203 10404 -673344101
1100 13511 294378658
7490 7919 72025687
10457 3211 740995652
18213 19935 409117863
1256 13962 966889975
12694 13965 -987102611
19982 19816 -179308094
16978 13941 915553663
7685 8120 -559639050
11408 3398 -429824066
97 12439 -21207221
15910 6568 -218326937
15539 9771 -67517139
723 1706 269743412
8825 19299 -130546180
11496 5965 459950523
1028 2186 107803608
5743 2434 -83564693
18546 13937 114379536
1203 17117 267327693
7927 5515 -479456574
19993 169 970365346
14436 18240 -136436524
1228 8781 405568932
14989 542 591529818
966 8290 336662451
10007 11133 -61837096
568 12425 -826574649
7271 7928 102410630
18378 5589 391545096
17221 16216 -78213634
15373 13840 -253912311
7290 9409 579091136
4726 3612 -366104671
12043 7765 851849002
14327 11227 -632407228
12828 9629 -746591081
12561 7908 805381357
17720 15620 -561946299
9791 17478 -274990001
15324 3836 482715179
17233 7807 -520830928
10107 7174 968260741
9814 5081 -703110280
14196 7752 -572266038
15796 5631 -564950550
11987 15192 -88234935
10444 5238 439502271
9768 9776 833870393
8760 5137 -646827057
54 787 84745359
10218 2844 -401322951
18419 8243 -929362257
7289 9685 621730151
4868 10237 -704510120
15159 19232 -54576013
10980 2009 -685121025
6925 17792 938983940
13371 9970 314291151
15693 10985 109651344
12532 729 188481658
2888 19923 725071880
9181 6062 25432140
8118 7946 448230431
13105 19252 735506033
15845 2063 -184808386
2835 13606 -644365413
11795 11771 868819789
19704 8834 -412092608
13543 16829 -798907359
13361 17820 802305718
5474 294 520129487
19494 12636 104618030
9962 790 -532417057
4233 1200 -94380396
16871 10298 -773719738
2883 631 953359907
18462 5554 -296456668
1903 7034 129674585
5154 11228 -883340869
15957 18797 -924894623
7762 9039 696801997
6006 13869 149577874
8637 12375 875588836
5758 4846 -944948988
2419 15675 -570289185
11118 3787 617438293
2259 2471 231013031
13322 10142 -832564027
8807 9280 -895273212
13260 10756 975637477
4369 17553 -889913646
2711 913 203707756
19843 9136 324291223
4046 6968 527827203
17603 13102 -276916957
10836 12043 779558009
15626 5997 -807705847
15320 249 221460785
9050 9086 -409251554
16830 16765 -405343498
8890 2889 991814210
2147 1130 536068836
12306 2886 -275669138
14523 2748 -674416199
3512 13131 -592475514
2551 10366 -126108888
17966 17698 836847384
6852 2581 856622113
19482 12519 -32297179
18523 17715 -933954479
15234 816 -842473453
3147 17324 557375660
4273 10233 -313429650
12278 5292 784444929
9013 5552 774985342
2685 12887 -91167421
11376 10176 -162291985
6154 9694 589754441
15662 16501 -817649930
10807 16775 629722908
3280 9471 -671181019
664 3087 -743548014
7852 5599 -43067938
18803 15309 -899766198
4699 7632 -239527329
2997 4165 -768223133
18118 13169 -911006099
18431 13821 285859218
192 15633 180414593
13938 15344 556470155
8478 9418 -434643764
9081 19687 -18001225
16454 10169 -695125620
3923 9804 -138708836
3096 15088 566851725
2102 2168 -185721234
1674 19707 743596382
3848 8992 -303030289
4492 969 450954629
19819 12888 485924353
6708 5754 275135395
18369 13113 627106362
17512 12631 932686903
12331 19288 97314377
19382 5051 277971091
15856 6881 799395977
7414 13757 397071525
13254 9280 -802270437
17638 8397 874251864
10283 4569 603463547
1069 19900 -315981195
15158 17785 690782212
15351 11552 -347996454
9895 13450 -115049936
7598 8039 556620276
7699 15684 321337784
1266 6110 642587075
16338 18979 888103096
6099 19582 -148509910
2389 12301 -678319949
16177 18336 -134499307
1599 2399 911284396
11989 10408 553441995
15973 9034 -931117368
15234 2477 180352734
12071 14314 -702645138
16803 10314 -889271695
11773 11488 23901326
4875 1139 -800934010
6538 1649 -493075534
15626 12249 463632316
5124 14294 390429978
9232 9691 922882379
18582 9511 -85440078
4273 10252 -17441475
12588 8979 844322163
12428 2199 -127521317
14335 12194 -599935021
123 269 -279770781
965 2053 587295254
10897 7575 -377229888
8086 10678 219715449
13676 6235 -682974671
10245 4914 998417454
9633 10319 675820285
14966 1228 -160725692
6502 13389 239796205
11762 792 -613400550
11439 11158 -36261665
12926 12761 16426506
12752 15268 -822778231
8345 2955 525805288
6865 8895 -941207858
20000 9967 -170714977
7922 15647 277731139
13521 3552 -129850896
7171 6455 -807769827
12829 13466 574230873
13867 6870 -183919813
623 16766 -971392290
8248 10722 575986744
15845 17202 -729337671
8599 12816 82205544
7015 6602 547735644
8373 6977 -641233068
9847 19864 -312453188
17956 15565 723807363
15496 11561 282103893
11915 4597 833784388
13470 15430 271324110
7281 12569 -287922067
4694 4094 -507847554
19379 2454 -394124827
12918 19689 923277210
16036 5788 99298739
3214 16921 165506750
14324 9827 328100278
19943 16725 764537319
1513 14149 -798024200
16723 18516 472040409
19107 8835 309186496
2626 9334 94556848
14861 19438 674339536
13222 4382 549971232
4254 14614 -423754871
14387 13449 -343814647
15291 15975 190079715
6372 6997 729942584
13184 828 -663731335
10570 4126 38633168
6062 17087 243500759
16868 15670 857518114
8684 11803 -354643848
15843 12581 609141974
1854 16106 -281045905
16156 16613 34518589
15993 9158 557458204
8823 2754 94361863
11768 10909 323699595
584 15807 987826996
4287 17153 -953066047
6869 9393 -779669024
59 4816 312386195
8762 15419 -418010869
1635 9506 363243334
14750 8796 356806121
4050 10452 791221847
712 17288 925641750
2554 12800 235774998
17049 3208 -336644775
9574 12487 113233789
16854 12254 944166075
18934 4855 -719885212
8251 12704 -987678802
7361 5199 -67446247
6643 4290 -303387691
13852 14435 -293160616
9268 8126 -780226257
15447 12291 663789350
9918 7049 -793601072
3647 8562 748380588
18985 18284 -381277227
13893 15299 -270900982
5597 10572 112528996
18373 7606 749816725
16061 8966 507765876
1678 9828 372369149
2284 3244 -107944267
11454 7896 104143494
2312 12097 -259555468
7091 5504 60008252
8443 19925 -932613534
19474 5483 151081834
13530 11572 -75525963
1338 16983 42155990
3642 10364 -174968748
13279 2845 745875165
3083 1361 712038400
9158 9376 945803662
13126 16465 -692949215
6071 3396 328659409
18477 12300 116884693
10956 18733 54331761
18844 18936 181342268
12235 8616 -424360077
15541 10487 -240515886
7998 17919 118967751
9649 5208 458818510
9261 14353 915635567
13671 14780 108859986
17967 10032 -468977921
19531 9781 674278635
1780 14098 -501477099
11657 9654 -298442304
5336 17215 -510457905
9709 2321 934146146
15431 12108 -868047079
9666 2228 -652006013
15260 979 617098431
5068 6546 775341207
2538 16439 -845283042
2437 2620 174764579
13235 15821 591005122
12314 1651 735905074
19285 18587 553292922
17963 4525 -172761905
7021 15984 -26317453
2114 8839 317686305
9622 13256 523813202
9147 13601 -84046663
17571 8230 -741367072
15088 19174 -939216702
5402 11855 908135448
18880 16429 -511632142
13675 17869 403435927
17111 12099 -578684288
2702 8684 507079459
1236 3148 -649602173
7968 7068 -890899320
1946 13257 -773387136
4496 7165 302642719
17641 225 801793945
2065 17477 -628208338
6362 16801 77065020
17262 13725 845072242
7680 8496 370273829
19365 13785 607777510
18685 16727 -97742878
3125 2267 -588720589
16950 14508 723984199
5398 766 -665476304
11386 14870 628490999
13333 8555 -748469078
5183 4065 806950418
18376 1602 321001275
1395 11081 -13610138
17638 1229 755037959
4709 8210 -485496125
14820 2503 622698548
491 5090 139693780
18637 142 625521081
19035 1333 724319588
15264 220 314862801
9121 8918 -351756142
6833 4191 -762526499
15986 14158 -284868586
16470 17942 -33649248
2857 4578 -428617077
600 5713 710786530
16329 9787 -795501242
10940 10334 -171835104
16854 15120 -471552098
7661 12285 -374612440
9063 10858 83834036
5000 2727 -905714474
12842 16230 984309932
2119 19546 -252617793
13135 5816 -256168320
13405 2825 391395131
11271 13953 483857535
7042 9115 -278894012
17067 13741 -565078592
7497 9002 -470392357
4613 19231 -957732998
2001 5249 -538586302
12700 15244 771544431
10141 10887 483877342
8981 4033 -416834955
2910 7738 539642234
881 3946 -888118763
639 16524 724427664
9975 10507 -48496586
17303 9799 598560255
11813 17241 -349605033
8219 3376 863513319
19754 19670 -378532140
4857 5245 -774802908
6013 19261 -636440213
2766 16865 667259840
2340 6282 -321079911
1394 11961 -587571910
6190 6259 464630426
813 11760 -69265655
598 4299 3780588
12464 6077 -898147760
426 1188 10117133
4684 16334 56309200
16786 570 509579759
7763 228 -12875407
11856 11285 286516331
14445 12132 120169079
13064 6776 -520611320
11019 9449 -843694659
6780 5038 -798299938
14974 9446 -624781322
3629 18539 -555843490
6056 12486 -430535226
7691 436 903214557
12529 4142 -761883528
17372 87 -177430641
14652 10312 591747159
8849 14205 -526173686
3678 3234 -126599188
178 924 -516111631
4540 6490 -456958705
8919 3775 327226959
14391 11158 -399165109
17963 9801 376525278
19453 10726 -417506189
16850 10500 -263759825
2504 2463 669255976
524 8811 472542771
4257 609 -582803530
7897 1308 -118465213
3003 8828 -45330597
17757 7940 491507310
13443 3290 813408240
10823 19510 966650396
895 5782 828206500
9058 19723 -522477782
12392 10069 712756128
5478 8894 194717327
14571 3231 -389486327
8898 16667 -271483783
12155 7232 807261403
9456 16690 318005551
18578 18421 458041016
7605 17653 457300592
12282 7930 -116979144
10316 11450 786694865
14102 10334 984562271
10904 6736 -958197084
12380 15680 929652197
4828 6911 -658789527
16151 13172 -520660470
1468 15704 943794972
1618 6766 388424986
13710 186 -421499250
5597 6464 989654534
11245 5315 662746410
16503 17105 -53606094
6747 6577 403354904
15677 16715 891916898
4941 17762 218231053
695 43 474481796
6050 13561 952055547
10777 17720 -24756588
18172 17228 204304513
16991 547 385014584
16541 11632 -114996373
2178 11781 -335384734
19551 11347 638025548
8682 3001 -509467564
7287 18075 -497549815
7062 8882 -666595952
10602 12974 697284509
15991 13171 125300953
10327 11636 -238433680
1628 16503 -584744117
11320 8622 832019195
13370 98 568108623
12819 19738 400345151
7568 1803 -337599848
6952 2509 94023548
5703 13544 -769576135
10222 395 105394350
4051 8720 -236073363
18011 3790 -219228408
15267 14972 -407512796
19785 471 -525919441
10220 16776 -786509198
8339 7634 142216958
13373 2441 255544449
3943 16694 776768505
8173 10864 112173943
10133 2149 -175945224
14162 8001 -65227922
9881 1385 369739681
8716 2513 -892734872
4559 19182 2331056
14735 14672 -511841553
2237 4661 298942992
8836 19995 -159043581
330 4371 -316349361
18943 18485 -427101985
3872 380 -508130229
14751 13549 763317215
2751 17423 18578329
2808 15756 489710590
10826 5988 -419402344
8102 10797 311718309
7432 11112 799724681
2901 13023 -99135661
1797 10571 463515404
10523 19055 712025193
10162 3770 -17552604
14164 3866 -366301767
175 1652 -630771813
3452 18511 -734972919
15742 9553 -516362720
13657 14086 -943652595
3799 19924 87174278
5353 13213 -50757873
10488 6440 902656259
14365 13170 -572404275
19382 253 -115207282
17790 19007 -305358650
16752 9677 -374257515
2909 16311 253222754
19083 5643 -667702483
4761 1919 -770645880
2771 15387 46206596
5009 6876 709816717
5456 13516 100894389
2242 11547 -589190008
10831 17468 -837054220
10863 144 -53103085
15887 10053 -286545501
17753 11426 -487788348
10119 263 455106144
16225 16701 -674902078
5451 7265 660108046
12077 18430 494163557
5803 15268 141481734
16605 17497 -814167109
4814 19243 730042877
15971 9487 143345642
6393 12051 -861668659
2483 2742 -897029226
486 8695 -148415786
1895 4800 495707949
16400 9804 856305823
15993 6593 -299642223
2668 15016 339994381
7878 8436 919322085
19916 14258 -902180486
19273 7374 738931040
9755 9832 681651597
16874 3086 960813716
4896 5034 -180854079
17833 15710 191579794
14412 13563 -557681386
10909 6882 333060464
4091 13516 468136069
15632 5120 575546002
17814 2851 966111422
3968 11563 -962483663
3199 17385 931779125
11300 14459 -352897081
11927 2604 -393402345
15705 13650 -854924087
3354 2193 560269944
17376 6239 -843432411
3693 16143 -763804802
2147 15397 614858531
16433 19533 -340397006
9892 12723 501628694
16416 2945 564177620
12321 5065 358061699
395 12583 -541179694
12559 7874 863792600
5332 14668 634576736
14037 17407 -394143435
2579 4312 -474961598
2390 14183 565262802
19641 10649 -370149680
14306 17640 -327043484
314 15113 656310479
5778 10470 -466953892
11769 2488 894585067
11354 2601 620388084
571 16667 -177587716
9812 3137 -966197827
6503 14021 442812656
2337 17842 -75571643
9296 18174 -546655460
4549 2642 -594191842
8876 19218 -673240447
2446 10479 721317227
4686 11953 -945025132
2330 14181 -879442047
12149 2873 -835723495
8738 9198 924591350
19808 19 578935536
579 5681 -139363723
5652 7564 224550551
17718 2315 -976216026
15553 12176 -264422030
9171 18396 536823841
19157 1332 153785317
13790 18390 874737631
19731 10245 983133
16690 9373 -194243916
19220 13190 -46140072
2408 18059 -145026962
5087 9120 535926823
14056 9954 348842419
17182 18232 -613359325
19933 4295 -594125173
12181 1934 146984000
3112 10510 -947511268
6746 76 374134762
18569 12446 -141578929
9622 7411 280589625
8612 12207 368959618
2770 905 390311019
9924 3650 486558006
3586 6315 723355425
8652 363 -529720107
9701 2644 626552174
18427 19933 -907950981
1984 13264 -138750967
19681 9014 -380729519
9097 6925 806075621
574 16564 -80881529
7088 7673 358478006
9010 13942 -647297609
17535 9109 -458666340
8613 461 798982529
7769 4952 246692114
16229 12566 586086995
2924 16525 -787844140
13083 18655 -823772066
15235 6190 -435857385
8574 11309 814735669
13529 8364 -359197969
16825 10539 -205426168
13334 5091 -998768031
7628 3985 971588167
11015 7072 666062947
6387 10247 537242092
14689 9414 984845743
1639 5503 -593910134
8520 3884 16247480
5149 303 -680666392
16148 3633 -489430547
13648 18358 -235770468
15131 17681 -767331166
8771 259 531837613
7943 8057 -943417325
2216 8645 231352434
10501 11686 199563799
2942 2187 -948141915
14740 9124 962641354
11774 1447 -788204876
635 13470 334737846
15703 17517 -398843710
2132 4729 -312742006
9913 3002 500422567
11342 11445 412439443
387 19777 610070757
2934 5741 -61572346
9612 17558 434555296
2781 7245 789348927
18992 5150 259746368
18075 15103 -677119462
4842 4375 -888821412
10749 13329 183945668
16116 3561 -175254645
9787 6146 -459328270
1737 10208 -658165221
6546 18080 744416877
6149 15043 363159153
18965 3477 753151587
13233 2095 -89594047
17421 3827 -51476490
3215 14374 -623115032
11204 6692 -189029417
11826 7098 876374293
16947 8579 -620935277
8238 1302 252714692
5083 5518 -895350248
13820 1509 462602683
7897 2594 303612453
8979 5848 287531237
6116 11187 184754454
2365 2207 -888159196
593 11473 741796426
1491 18379 690269360
16364 18511 207929471
14653 13960 -286119430
6245 4597 -297014834
17359 12703 -582860547
5909 1996 141819830
212 190 479275416
14474 18219 -761532315
19606 16497 29995830
14932 10213 441485436
18062 1157 -227245863
1732 5901 981774755
13195 3041 669530429
18715 19924 389359339
15836 5443 -838970392
14901 12433 -496002447
5975 13112 -385347067
14329 4627 -117222569
7513 10983 339573804
17444 12483 62002985
13454 7822 434517730
5143 4187 486297418
13340 17794 -878893934
6462 4054 -522771195
15556 3432 330691751
300 7392 -387281056
54 9508 689950009
16788 1356 -362905330
13984 13593 607051803
9675 1914 -801057803
18145 4397 543305386
2409 2787 903863214
1749 13254 430058154
15014 1176 837990888
4093 5817 -581264460
17000 8548 539623427
13097 5970 481872615
19751 7087 -663571469
603 16498 40889712
14857 18819 289363855
1502 16146 -522915856
18113 8913 -417655121
9451 19735 226630380
3131 5107 -558285871
11358 14528 -976869851
4921 16124 -49984836
6329 15509 370731726
1312 14056 -637159413
19982 8639 315181993
6318 11014 -297153140
14484 11674 -126195086
12971 4423 705378045
15985 8958 -974191876
6668 57 -599730458
12596 4452 -417528632
14613 10664 -171600708
18975 2768 396507795
15678 5336 -277251583
11011 16682 808604555
6743 11069 -367794930
17028 7027 720677931
352 16952 -685572954
8670 6766 148900045
3537 9537 99383428
16236 5225 670698590
18163 760 -168796766
7116 6191 -202561674
1310 3511 679226794
8332 10372 784045650
8938 4358 195540099
12460 10261 -386220081
5208 9751 718457028
3499 1597 459324970
12248 19965 61996562
1328 19042 894140290
8184 4896 566377155
14231 8171 314755274
373 9513 917895569
17063 7689 640000253
12775 16002 205107083
6266 6705 807119537
8145 1926 -567416037
10731 5677 -129541705
13143 3050 -385674708
14265 16280 -204983362
3417 10567 560450218
12721 18235 -219370291
18965 14164 -344800558
2830 17369 -483043320
17936 19276 767713074
872 10325 558546426
12917 17026 -710857393
9871 6548 258511502
14980 14064 401225987
14459 13013 838300623
18170 13941 -524558705
1128 4463 158599762
3141 15340 754568406
19154 2014 700470429
5534 18858 -387122109
10675 16735 -630208981
7783 9566 -772039151
3528 7129 726998300
9002 13066 470698176
16811 5314 697916203
14340 2589 -363642216
11954 782 482342193
5394 8670 -328155565
2637 8000 49260915
18038 871 -451915940
2292 11604 -965586050
18091 15236 95807189
16911 2061 659750610
19861 2964 -781072329
17845 1193 -679845990
13789 6018 -101825845
9193 10207 -611026011
11591 7327 379902832
4886 15886 989783751
7874 9240 176961545
4333 1292 -334491750
7299 2552 -196746716
4257 11781 -474241371
4643 8695 -847683601
5386 1636 -337483239
8557 11284 -44038254
19113 13186 591664789
6739 2333 -405843063
18710 4855 -332439555
9878 7793 -666273733
10549 1839 -84409626
17992 7803 261998594
14338 7570 49317227
2519 17049 799113875
1919 2852 -103108749
1144 16457 -75163537
11556 17769 -929826875
8361 2451 968942184
17188 1735 -986656324
11057 19171 -803745
17157 8603 -359690412
4180 15141 -460948958
14931 5695 688088544
4573 12227 -512296902
17481 17116 708520327
16742 7834 -997077890
16594 5993 -548255096
19728 19398 607667614
18971 6019 -484603230
10044 8718 -218508121
8865 3769 378826587
75 5512 113630818
16436 6434 -754296899
3294 5593 -177576958
10479 10056 615719774
15040 16929 427058568
18750 15175 -111378655
18593 5129 -528813862
7901 6129 -179212959
14231 2237 840506446
7117 1217 -112967243
9584 18163 891524317
4801 442 378020250
7037 15601 867375557
7038 18857 508608967
12933 16520 -91496661
7008 11284 -787992063
13381 7040 175833951
19163 13891 -265392485
18181 4331 -317316252
5619 9078 16756139
4550 2221 -796261485
11318 1808 -711518626
3583 12843 444194700
5200 14711 1262613
19140 5882 731061652
2609 18121 -838038725
4800 5657 -934681857
11847 18162 57585803
8919 10068 -469052554
7661 5411 439317408
7462 16608 149838572
3171 2542 -598719688
2769 11833 -906836890
408 14368 -292083353
12968 11401 405768045
11306 13154 197595991
15575 14122 -934671630
3071 10536 -230269642
8487 4941 -599118733
16278 5505 -195493060
14869 17463 126197706
1749 19183 466247359
10735 15997 -765500637
18410 10531 846852961
10281 8142 -150252021
9520 647 923317569
7690 8761 681111918
3268 6487 469450064
11874 9180 -883986865
7002 1050 -807392773
416 7278 -890974
12341 16698 758468240
10892 5233 197485967
16912 9462 481273864
17059 10493 -402095975
13254 8955 -13499549
7451 16525 -379506979
17958 10449 -959813976
6707 3453 -741260566
17826 6319 722835471
5724 17864 -347882751
10426 14445 -545685517
237 8081 127914690
1807 15033 -199798071
9901 13242 -498250616
6032 19101 -974135622
9453 16981 -789476712
7069 9767 -520286471
12291 216 959329749
8251 7086 538773004
12674 17399 -547902046
3517 2126 274292241
12662 4160 57620359
14387 15310 452321427
3719 885 486692349
3471 13819 528980084
8523 18046 -352972685
11224 15524 300649761
959 13024 686332889
10225 10248 -309446723
12563 11608 94286193
4734 8395 -109389242
12208 9875 742046686
818 10260 -297037512
17013 14642 500561377
17584 1155 -250001779
4466 16786 -185793858
2447 8519 -539937879
11846 1216 506703792
1607 10232 178470582
10538 9417 -924065391
14068 19358 -164175513
2321 11210 476548849
16809 103 -582380659
11113 18122 -918116237
19557 1305 979421532
9531 2833 -211351885
16863 5942 -127221065
8382 9100 955262271
989 13691 -486926533
14177 5782 188042297
10009 9636 364857965
6713 19624 440802033
7541 19559 268006129
13048 14462 -376492369
16059 18938 -891362134
3697 18072 929093012
8471 5664 -530584482
15128 11441 599741128
14786 7109 -372580258
3405 7365 -64317647
3797 19882 410884273
13638 19783 667021494
3202 14691 -966798164
13361 11705 -81669309
409 13761 649071556
7821 7725 403526215
15760 17694 -556690265
19568 15682 904680528
12190 6395 -488233088
5952 3220 424244219
14792 16904 -292864903
17323 14212 920767184
17562 14871 747349099
7451 11138 998285008
5991 9271 635483476
226 11442 -184810414
10726 4948 -377514233
1752 3833 222143173
558 5154 729102386
11659 14131 -873012028
12461 16867 299623334
1176 1875 -101451122
939 14025 767880075
4694 11211 -396993936
1721 16290 -102148930
6833 3703 -935252113
13923 16189 443331910
7057 13377 821137922
6480 15583 -908518542
12025 17332 455269313
15716 1608 925980946
519 9280 925563585
13112 314 890597621
1877 2726 -284001352
12769 16088 486856217
17717 12749 371090127
15922 17902 -33644678
17901 13211 945220580
2866 3300 -939009442
9136 2923 -691965852
12666 18889 -160110668
10667 15535 569755974
10183 19241 -220224311
8380 571 195395993
12761 12006 -395496718
7016 4064 125373169
6418 3401 -343282683
15769 8030 -77283388
14986 15956 397929200
16186 12950 -708158119
18864 8693 415908186
15847 8492 -454512051
11071 1491 -885838771
9287 6314 -615852830
13924 4955 1126643
19687 18506 806940194
8408 119 568579577
15113 16436 -54870440
12650 4423 -777210162
6918 5152 999017491
17064 7302 573762891
18680 17155 859087180
8394 5078 296547259
6573 1915 468537544
15089 8394 160633210
19182 12154 46602289
11498 3520 -846102507
7187 5209 -395753438
15995 3106 -923369167
9435 18087 812807481
14466 11192 544711229
6787 2312 369710303
16321 2305 -473408072
1719 9744 605371909
1364 13695 729004100
16938 14604 -839183111
3495 1340 -866310200
14032 3352 -249527758
3018 5060 263267409
1666 14760 -444724513
3628 9446 -328198152
13427 10130 -142593164
4707 4194 29365675
17626 9789 -169790749
4180 17229 -499311182
10630 2197 850557816
6029 6256 856085913
11161 13409 970576653
9647 10964 -155678080
2762 2688 -836439124
8167 3223 -448307376
15697 18106 -111010495
14286 18491 501564630
13417 5129 -592004666
677 13844 -284964574
2762 2344 -745345629
19314 5545 268536839
7499 9109 -426852807
10056 381 -210747304
10183 12097 810134908
6437 8360 -302287897
15799 9624 978932454
11189 18460 -295433391
18451 9432 243785452
12774 3711 784272737
15799 15386 -708790070
13305 17811 -699865075
12998 6444 706397678
15735 10039 396901905
6839 1226 -321665927
15162 6368 -420532050
2581 1605 -520589407
2217 6225 -986703518
4769 7300 -304229188
14485 5311 790777696
16536 19135 -427129613
1764 13346 -424958465
4392 5464 -189256510
14021 13542 -55366749
14774 3693 844676865
12468 11638 -18872236
1889 7843 -618588464
19070 6413 179504958
780 1026 221751052
2626 18391 482085860
4341 10183 14857543
9104 2325 -567494497
15784 10296 189499319
8020 2262 -304102849
2451 16877 -467184707
1937 8119 146739355
8063 3061 -963209660
11078 1589 -994665222
8080 6052 795006952
5758 17959 962832658
5034 18958 -126351722
2933 6010 -821431243
5542 1821 -162221369
1992 15699 -817131605
446 475 192487697
10220 3029 987969982
7098 5985 568309509
13655 15676 -819369416
14887 18082 -520043458
8227 5628 -889762233
4187 19138 -245064426
11662 11141 -871502214
4286 1840 -295507737
7043 19166 -681464988
9453 8811 -358839126
5319 16057 198194157
1003 15995 -827181670
7741 18743 -364044156
18364 4338 8465047
3840 17992 579016196
14947 5725 376582780
14010 18365 -331561983
16212 16446 689673720
16035 1495 -144061158
3225 8874 -448567946
12685 18456 755559728
17898 9413 154080373
6058 8395 -210040293
8519 8800 58303650
9539 13174 381573219
3720 8493 -8880929
16560 6715 -660907881
3492 16404 -790604380
4957 11827 127124868
16347 10963 739666043
3355 7190 144803193
12220 8299 -198875363
7065 1095 -176766478
6694 11175 768750006
10355 19763 924777080
845 16376 -446834952
9753 4349 780012203
2061 3654 770804111
2944 9163 -41226227
4985 5155 843953763
17212 9763 -475623259
14581 7984 187514627
19117 15314 19933052
6100 1436 -770920338
1692 9954 5808000
8963 4848 -563759050
8560 11910 -396297446
15157 13743 -422794155
9394 11644 -415180513
11264 1509 -37907193
17885 1514 -669968776
6114 2194 -313581636
16088 13053 -691850105
17498 18738 -363008563
14969 13609 909859760
13438 13898 -350457647
9774 11819 981611824
692 1328 739460966
5491 19335 -431782980
4686 17910 607017874
15890 14389 -334212796
7087 15643 -656648833
10959 17608 -414636389
15119 1313 453256035
13822 13580 -443322233
9755 1401 591304535
5248 17330 -827853403
1841 2201 -83849991
18146 1177 -676911408
15817 18489 -18447434
8896 15495 -230054723
18685 12273 -975256258
796 3985 -368772421
12821 12726 96503710
9735 5264 7080150
3818 10466 -80028461
3443 1435 562901008
1267 8907 -849034346
12272 14404 492729509
419 7391 919983746
17207 19911 -554084429
19313 9237 -626874494
13801 17220 19524869
7897 17865 659210800
4731 2047 -699428463
8694 13154 918762524
18965 10455 -437664109
15475 3718 579395271
11757 17598 -84436391
15325 19760 -608328742
2223 3073 197813822
2429 2215 -792870143
1235 17096 392893499
2769 7176 460124361
11450 2342 -987644758
3255 19222 -120394343
9914 19602 -276402889
1502 19253 546075777
9240 18151 -355379479
807 17414 -533630569
7121 19661 674221287
14761 6571 -712547867
8767 16295 -372697666
18838 8970 878650881
13891 14095 331606251
14747 1898 -244762574
12125 7232 377003696
913 11645 -95134765
12526 2956 878816323
8491 3603 -855120830
777 16687 365649013
18010 4546 -296150956
901 4913 -583970280
8506 14882 -555278857
2320 1267 534061711
1609 7626 -92209418
4761 19100 -431654647
8873 9546 760050846
905 6918 679250788
17586 4790 990985716
16229 10872 -517332927
22 6710 -13070610
12235 14295 -385809028
619 9695 -376572788
520 6988 -732872028
9302 5175 -374494355
7546 6068 -814843490
1580 15710 -720348626
5491 10432 319681348
8658 14390 778315151
8867 16667 137190655
6733 18889 -789389149
18107 15004 -105106089
10746 7484 -702090843
18288 4578 366248534
451 9489 -951624879
19828 19979 -204666089
11864 13975 -875035231
1918 18163 473268679
2645 19433 821329137
446 11141 865732042
16961 3766 -66503610
18276 15967 425892270
730 14298 -218060863
14383 15717 685047306
6919 11098 283216501
19604 14282 -501578204
5696 4574 -725476922
17711 2067 901179278
13162 9423 -406130937
13268 2644 529206609
8220 10906 -704020318
4169 3369 408180134
9223 560 909720033
225 1539 -764114001
1204 10577 -186961695
3558 19999 406232167
9412 9439 436172900
15777 17539 775786341
7308 16633 16370485
1126 5688 894304901
7695 7205 584930563
1197 15870 -358406646
18415 13977 -432643536
1141 4647 -204335364
13193 5752 792842654
14168 6685 494707633
403 2763 211565561
13885 1259 37199897
7021 12108 -928367436
8444 18854 -993627444
18285 5718 -748528743
4475 15156 579135787
7432 6890 -687194313
7381 7262 -514261325
18197 17031 231779113
5510 9258 -769489191
5725 7368 -504601932
17456 5615 153686963
6073 19935 -266430471
6059 19888 -387199118
4811 14809 -162995889
19645 15900 704683765
18828 13436 -170348416
4510 11480 499813622
15016 1868 -430481519
1667 16289 -931155306
16375 17927 -632821857
2352 18063 -358118192
15630 18137 -31013311
4661 17105 567956742
17469 9483 -644014564
9667 7317 -394319574
10921 13848 -691143445
8356 12209 457793275
12868 12833 26513587
5031 18297 900831491
16092 18387 361557071
14760 15386 835833840
14029 770 -47054066
5220 1188 977903718
17923 4228 546184694
19774 5358 552791950
15441 9687 137273587
11889 13810 -335827100
12107 8626 219803491
573 2680 -793080122
6040 2349 227113352
4315 5138 -635181698
14248 17873 431064061
18515 4776 937836373
5205 783 -743395271
10805 10419 977457330
5634 16589 25947991
15768 11262 15695800
598 2958 343198120
17523 19771 -855411791
338 16732 -831475819
13575 12105 -712362060
13917 15256 713812168
6173 16999 859001337
4028 9232 -163704051
6783 19391 958732894
13028 2505 962595495
11606 2750 970283953
9924 9252 125010994
494 5654 199423024
4839 6805 498351753
7311 10517 245675451
9798 9119 -313236411
5411 10229 55421676
17003 19603 772293488
19354 9446 -818734865
760 14591 -53987555
4220 3675 373756973
3001 8196 -113563075
19669 14279 -341528719
9197 15927 290000499
5339 1144 461651267
16354 3582 -83270075
16330 5050 625933258
288 15534 -218403151
6894 16135 -492191423
19517 186 -174158504
11205 13212 979986257
10512 17145 875343984
7050 9752 537517119
13526 4174 -843760274
15085 7078 733093828
8362 12219 -330432626
16298 18627 166237440
5847 2319 805123412
9074 11723 -782991014
3764 19888 565446503
18534 16627 482740561
8779 6117 682557757
3256 2605 681823263
3600 16425 592717356
17060 8716 -246615576
2803 14701 -880658406
16577 17399 532931400
9388 16369 -634616239
589 16068 889988738
14522 1879 356822509
18237 6844 837205594
12491 16360 61470479
1268 1871 987517247
8593 4782 266107407
8730 8375 -783171292
1363 7149 659107729
5935 651 -683834171
521 8422 -554951023
4656 12079 -736512209
10982 2500 -92370883
5969 2598 692399568
6320 15088 -486974157
11358 2883 700762006
7739 17007 -815819163
14193 8514 -22028442
11577 1743 353483043
3401 11544 967154554
1685 1597 785116485
5316 14258 928378859
10778 9846 -632453013
2270 3231 -663455603
12259 15871 491620426
6815 18741 167562129
10697 10424 34535153
10479 7584 -534324929
16739 5650 -979910187
11647 5302 800559846
2160 16027 596416408
18728 2834 747576179
9053 190 -199206130
18133 6852 -626591373
13047 15927 -561593133
14917 18610 906542209
16841 9442 850932936
16537 10729 24167917
12399 10557 -814063972
2816 14984 917199929
6637 11036 -244131804
11546 17227 -972247047
18368 6148 765018274
10296 13726 809166756
10907 5790 634877320
14258 12400 -916639981
1688 16508 748632976
7469 21 -759174095
13939 14387 -158415345
12360 16605 464244967
10274 5040 -227113918
13487 10436 -40813352
16737 2882 -312856825
879 6892 -973145549
191 2705 920833255
643 950 186345246
15100 13948 -453688880
6689 4829 -868889682
6324 8324 391159596
3390 15989 663913221
5037 9567 246998864
18016 1244 -735564943
6862 14553 -169735269
440 13842 -417825347
11302 13303 -179983202
5720 18421 -328767466
18201 18467 294164734
14819 18547 -693192412
2860 2370 253668233
7974 15831 -882190952
18032 4937 -179572583
7890 4637 -557749799
13180 17928 382693279
882 234 -840540523
11755 3231 -297786879
15913 4358 848704440
8690 3177 -277484609
12354 1673 -184994289
8654 16927 323554104
16686 17017 -615566123
3150 7847 -927609695
12879 4292 237866750
14889 3860 -113144826
18190 2509 707172557
8513 5670 -799076510
7390 5367 432523937
14947 10930 -36239883
13800 4359 -382680007
1350 11652 -312764063
8590 2928 -911001683
14622 11524 484934286
3890 17287 206025279
10394 9943 -906359757
7193 7577 835497785
10614 14504 358105499
9085 18691 -295801649
15320 3665 198245242
19087 12214 -387745718
13676 1704 349697342
12241 6251 -450304877
12453 14770 -963957332
8610 7110 186171702
16868 12046 -568986884
4552 17183 -643099089
9748 19061 387173822
4084 16708 -258746207
8045 2541 -912584307
7667 8973 -48176952
5002 1824 -332075787
1527 13273 -958854355
10901 7847 -653734004
10656 8728 -405740432
5737 18743 877811484
15464 15533 107212909
3438 4393 545812988
17372 449 662129809
741 9780 132233646
14249 2540 -716114118
13243 8729 -249690847
17788 5367 122120192
17437 16806 252650747
4524 15157 -962157515
10845 15059 -134700637
12928 10794 -434420044
1306 2871 257770082
19890 12050 345529416
17306 3771 -202153617
10218 3063 -165221988
15153 13521 782921321
17559 16903 368139510
13191 3683 -52231855
18800 7478 -328678365
8506 7550 252639808
13430 15633 -544387680
12972 19397 645600379
6987 3536 828631709
13130 17222 659083497
5674 2466 -285483685
9961 4210 488149049
17095 6128 985343643
14240 7133 -782058977
2661 3929 -853120576
10433 10836 -829429105
8807 5401 802879087
18086 13961 -635575554
12401 5833 -770350448
12767 1621 -667257293
6145 12201 92970998
9202 12062 -348386163
4267 6041 45762953
19224 14187 -791559616
9686 19530 -589578953
18302 324 -736410633
17848 16545 -807862070
17173 9329 179400892
5421 7877 56766725
8433 9203 -807957736
12643 16803 -543364472
17813 11955 714146287
5985 17865 281626967
13435 10143 -920600176
5084 1253 -799834735
3930 5163 779120365
12093 12841 -374866710
937 10248 -351163958
3368 11105 -592084847
17758 4088 -895762768
1349 13807 -268046266
8280 1618 -683521531
12813 5063 179264145
5925 16314 -669925021
11611 2501 -169267128
19469 4400 -595461214
1949 5198 515955427
5629 4766 -494916846
17570 2591 258501428
9069 222 -198998192
4341 16172 -738629134
5713 19393 101746332
9023 4700 401894995
12381 8987 547921213
16496 475 925591886
17611 13965 -356075663
8338 4321 523100585
15684 481 174076777
7790 18835 128740070
13771 10242 -768543375
17744 7037 557352421
19618 8784 -411009563
4367 11675 355928501
15791 9819 648101086
45 3450 29625628
13318 16295 62561033
19748 15 792767071
16065 11341 -469933786
11417 10337 -213557297
19132 19567 110953265
8037 3487 388839509
19773 10186 850625143
11875 5151 -879168544
18078 11648 693353862
4598 13102 -39192054
4861 6006 361170594
1687 16248 234002762
5415 11357 -563172428
13806 5628 -893895622
13921 3026 299867390
13511 13602 287390152
6187 11544 56728251
1907 17612 -496057238
12671 2692 -529353803
16681 10918 -918436691
9043 12311 -904493401
788 2884 -663336165
6112 17413 -829977743
5305 7028 248882994
18481 14244 45661823
16265 18858 -514022395
19759 3917 245596879
3817 2066 721692007
12424 3209 500699703
17185 7473 671968811
12722 19032 410759828
3664 16476 -556317567
8809 7218 -373553017
6654 7611 596532563
1115 16946 -277772137
5882 2871 720154298
7807 16434 505859346
15348 17226 -543952571
8292 19553 -117638755
16651 8542 -298334669
6657 17912 -697581525
6542 3614 642152985
12918 1956 -623682442
10934 4888 -475528673
19358 5641 884042716
4012 9146 829065663
15744 13218 -625867563
18583 16626 -107681102
5660 5192 -786294174
10065 8614 -473405942
10297 16754 535161572
5323 10376 966298557
11329 350 505617018
16894 2235 698512497
16022 13845 -356076929
3789 11843 -329476728
2280 13370 -251297728
3839 19009 -522960054
10905 2120 195783995
10245 18094 376242385
3630 8467 -43325860
10295 2494 968025958
17965 16965 963659296
16869 13666 -376507943
1199 10839 737008525
8261 3612 261380352
7720 7641 888212904
16409 7874 737088100
3645 9585 514245114
5911 10139 -802741738
17464 6503 -104296777
11015 6057 -983307352
15722 16548 -30734601
16605 7727 318247592
279 9857 -609288365
6167 17478 899729189
11462 19117 -756099325
13651 16286 -828216025
14570 11314 575920107
10406 284 69480191
9956 4835 -217283868
18084 4616 -511991920
11507 9323 283995520
4136 8122 221664597
4739 15831 -843197645
14708 3597 -394333410
6105 2538 -446632206
3521 12023 257072105
3494 16329 711694281
9395 19631 -390725368
4777 12160 -514365965
18032 19138 632359747
14951 17600 487679628
8358 19801 -947857675
4443 2550 -956105
6536 319 486563698
4758 3019 -768011560
8741 2524 -124338147
11008 8758 904049723
19589 8819 -920460960
13613 7919 643328408
5854 14529 851877456
12471 9813 686602714
10354 16366 -407637575
6581 15581 877364072
7512 14379 328379840
11762 4800 -975070233
18703 16813 725507050
9052 13534 -705954716
12009 10444 -572849012
4835 17733 679776260
15301 10476 -659905657
13224 16310 -1074572
1363 14835 389273130
238 17981 -234142349
11228 7130 368867870
14209 3256 -620988928
218 19010 -301136714
3941 3876 102805105
14569 16678 -233471964
14522 16262 -317003543
7646 17214 -248042501
18450 15857 -275240195
9551 12716 818224382
13417 5222 -266738064
10765 10615 648443295
7960 18502 669954219
119 6500 644448838
4435 15789 680509785
12473 6895 -712296191
17633 3953 178031979
8339 18462 -644103988
18274 8669 523207838
810 3402 984230250
13292 18195 595234736
7023 19678 845423984
17556 9934 294288396
14634 11208 689650868
6618 1416 -57336498
3922 13072 -257816612
6258 2918 921584003
4551 215 747863949
4839 6292 -831132516
860 5437 841787309
16839 12605 309225151
14097 6591 -375668566
5896 13280 -58000001
2401 15115 -134449438
4588 16140 -805064231
15252 12651 -60364390
17679 7499 380411754
4050 11316 698176767
9072 10138 502058546
2850 2053 792834320
3982 14408 97031328
4345 10101 -881074174
12930 5463 601534923
11566 19041 720214582
18855 5545 -803793899
260 7768 -372990819
4393 9385 870829523
16702 5295 -520270957
10627 11033 22505691
98 9664 -254054826
15537 15439 884904053
16500 9857 -652837536
11810 18280 -142285753
1011 1277 539315981
3822 8529 -106417778
18679 5159 951989504
15926 6101 655466577
5539 16047 -8658501
1916 19557 28731754
4757 7156 -86980670
19795 7095 -451439310
574 11881 -78378659
5008 10906 558751363
17586 11093 355506788
8866 11424 234505846
4106 12614 -152709128
13773 14521 -137730289
12880 1753 339888965
8542 18372 909578223
16503 8760 -26576112
6435 12909 -447799442
4756 7037 -325848548
2744 19794 -20986383
14543 18649 895313828
19513 13272 973071722
4444 9037 615456420
17744 16151 -919298113
3580 17383 296307239
7014 17382 899276070
9183 9320 -784090576
2508 19189 -682529888
6166 9956 -695437775
15999 15551 -891342362
16839 19576 -358538245
9878 11264 613461550
15745 17387 -502633489
16539 13506 745052334
8225 10511 746880
19097 11232 618450730
14239 19374 474169040
7012 3392 -737687051
6634 3133 185804403
13527 19563 815413506
12349 11343 701048656
3238 4365 -180832029
15105 11467 -101040353
4747 13333 -951022338
13394 14821 173225408
7872 12934 795983900
12216 15737 265698530
16030 12495 925000382
17438 2746 324727728
7984 913 -744150035
19942 1492 531187591
11314 4770 -152361820
19754 18773 26943531
15577 7569 -590358732
9730 1124 675954211
15083 6364 -934389816
11876 14708 -803547819
1742 10392 -920715507
6318 3042 222436389
1190 627 114747610
6692 18937 -118079375
16596 15023 -942746776
8670 7416 49788808
17252 16064 306851570
11415 7833 -97411573
4672 18039 235684200
15725 9336 -727314565
5148 18943 -437088323
19919 11387 78330318
4204 16532 681815525
10878 6461 780386219
10318 4427 -280428093
7976 4384 -504272928
4655 10049 151999879
18407 7654 551642932
19888 12741 -313544073
1869 8031 -926648870
1473 8540 -735252720
15280 2117 67534551
17824 1333 -88275887
1047 9007 -121836401
1755 12600 -76707020
17822 9290 264224008
2338 10163 -550742103
15209 13942 -950308807
10152 7500 -284230270
12182 5409 -359479066
11588 16579 61438854
13883 15549 -43919377
10620 6116 -909837585
3997 17639 963634754
6391 15298 -774940704
15474 4143 -119650128
5987 11860 -233634999
4493 712 -219369610
3141 12299 -384635079
14329 7332 618414401
5399 17732 221868909
7510 17637 89631732
13973 1026 85917360
7842 19237 156518994
211 7676 -950612264
6267 7772 -644145527
2147 8330 -416250083
14943 4723 3697297
8670 16109 -296087266
9628 10235 795260004
8910 2598 -127626335
14365 4427 746387217
7902 7024 -93801690
8184 14838 661727518
21 12128 -98768850
13367 9705 601191225
7316 19114 -865488620
220 18129 465127066
13416 18983 -124267828
14928 14767 -81796778
8502 4348 223792508
3327 3894 -174406058
1723 12754 -936085027
16770 1586 -933114192
9430 18033 247245773
18227 2435 -701723089
16767 13489 -602044954
13130 5223 -774680097
5524 9746 -579558624
15058 14552 -922275441
15169 908 -185949487
12740 16172 -143547757
13474 447 606727391
17388 3028 215163228
14315 6059 -142998942
16280 14160 249105230
13409 12736 -812624455
3241 19798 -174151949
5579 5365 -850035371
3767 8128 -277293128
18593 842 -550642852
14012 9754 -866172525
13001 8942 -46271066
18527 7493 68038661
7605 8391 561852087
1226 19299 -431222945
6480 1853 891569900
17467 7090 724348091
8885 2150 -598378505
8415 803 567890514
8905 9718 -9948656
1008 799 -707697349
2089 6834 -619332638
4086 1573 551192695
12336 13071 529815159
12731 9035 -978501829
18285 5380 39512316
17168 18316 417097719
13276 3792 371535087
51 8913 101908411
7992 16815 -241740159
11619 11614 -224905730
10857 2546 153693238
18097 19457 -179779911
137 8361 -921170263
7439 6932 -279087966
9191 1905 945977823
6688 12049 358947889
13473 16098 40777551
16312 12549 -89858033
2892 11782 46904308
639 13474 545412557
3222 19547 -483480870
13297 15287 -293505851
8508 19376 -829300573
5620 5559 763534905
16522 13001 86378678
7612 921 675886276
19107 18117 412244760
9774 6950 686142135
4352 13244 720558908
12176 19984 527323768
9052 6656 528858973
18341 7107 805067740
18256 3356 -866211776
7870 7533 795585612
7952 3253 947325900
7502 4129 343483394
16039 9992 976194622
4676 9711 47520290
9703 18214 69232697
3882 11421 -237999493
99 15808 -687375153
7330 9218 -691581941
18466 18219 -826157869
7222 10390 584817549
8624 17367 -911263509
2558 7276 -392178107
10474 6602 -641271180
3400 4091 -728966432
10063 579 -464840932
16108 2542 -826048061
2781 5744 981336810
14327 3947 824103061
12167 14937 55607531
3138 7465 307854889
14193 8628 605909528
19527 8760 689210451
1118 19383 781099174
4653 8479 837637562
19230 16374 -303024514
16506 4520 602886481
4984 13932 235182500
12952 10265 859713954
18074 17016 259276287
5868 5552 -26761440
16030 3680 -932673911
2147 5721 636299097
19436 7461 -966102362
19098 13787 -44541973
13745 4136 135795084
10924 2814 -592572513
1478 5497 580555967
18828 18962 -959361179
6652 12593 -546368451
18625 2133 -255688208
6688 1833 -300572696
15065 13828 -997964594
19843 4492 -554997964
9315 1805 443934984
2513 13995 -779492275
18369 10269 -172334153
14989 12372 -872987940
19101 18521 -633899311
1638 16769 599428652
5644 1174 -617089514
14588 13440 94595911
12711 5578 -679844382
10790 862 -83161147
11726 14265 931501225
1326 10058 375054385
14981 15691 858466842
10469 18110 830172553
12835 14767 -823405724
7897 16540 240528040
3579 10165 -518716985
791 6310 524615923
15512 13643 742786820
5429 17109 101927618
14217 13632 255217915
8870 5372 -947556878
17650 10557 -954003857
3670 18618 356397333
13002 167 432255953
917 13795 840652469
13176 17878 652683165
6861 8040 594525491
17443 16509 328804883
8778 19924 686737852
16063 5601 -648357914
11093 12176 -603025368
4292 14492 255788727
7249 5986 -571168964
17295 72 -239821715
3698 14497 -755513068
18125 1223 190017364
16016 15577 975971401
19382 14764 410854583
14837 8456 540295097
8469 16477 698451965
15749 18725 282002255
9003 2454 -827585742
18524 4955 956699135
15888 3733 -553286032
15057 1296 -920015083
17065 16158 -26911396
161 1236 301812937
11990 3551 -246198472
19567 19003 -633639553
6901 3656 -211114798
13078 10914 -482018387
16190 1971 -950821760
13644 17157 -589083204
7360 6389 -183727072
17757 19275 -769734536
3277 12295 -38404659
9856 16173 589417904
2505 4177 528202835
14236 4633 -824677063
7244 19464 -992542673
3394 10245 154108717
14204 5621 -561229810
18638 4785 221289375
13858 14294 16479821
13193 12962 -758761513
6742 15107 23805349
4858 16459 679446232
8079 7273 -54172049
6118 10291 323419019
18256 10496 819762480
16699 14924 537986268
9553 13180 649851490
4024 16024 771891854
5130 10443 38499664
1834 5128 214918413
8871 740 -442350257
17720 4526 188559982
19775 1651 51096576
12691 15503 -159098933
8962 3581 499822132
4966 11728 68883442
8052 16895 499775797
12823 11643 -678036972
13402 12901 727385983
14192 1202 -799840128
3878 12389 -942007430
1423 13997 10025832
9869 1407 -690667215
7229 11616 -921025008
13090 4653 897717392
18915 16999 -179007869
11725 18051 -810290968
18925 11283 461289428
1476 13408 -541222209
18188 9310 -126588491
6479 4917 -398317061
7566 16322 73857730
3205 11269 -196026749
1717 16095 948016488
8475 15346 -734405292
5358 7714 -603532350
5851 8045 -676877076
11329 17567 670608091
17252 5338 39246274
3661 15647 -389872282
716 4929 950842253
19042 170 -110123875
7139 11879 -323669255
1457 4652 -121786006
945 16761 576228802
13310 15482 -697481817
11394 13908 -464286055
2893 15903 -488179851
1855 14547 -669098782
7048 6186 -43457778
95 2041 670244323
6239 17499 486275006
519 13372 -50649320
13758 2998 -191840996
10304 8926 -743844594
11401 1900 -185645151
4331 1538 932566449
5197 16907 -750724995
6535 11630 256693009
10677 3334 -290054302
2635 16841 889944961
1179 12437 754753187
18011 19041 -156726835
15764 1544 -915925326
18659 1129 943558590
6467 7224 -947825372
5900 14899 706391841
12344 16708 709732044
15802 2057 473281497
16589 4742 266976461
16361 17746 798567071
13083 18564 246789937
12357 2065 -141662000
5052 14802 763239034
2122 12041 324403350
17957 1808 878301856
15920 15969 665098567
3713 15466 75914065
10724 15758 371201382
13352 13363 -393356916
11128 7853 624495073
15209 8633 426262394
9230 5566 -387497091
1531 2275 -31521478
10929 12378 767971948
8604 16518 -313301997
19534 7515 -80034899
11570 1816 -797655397
18968 7976 46935746
17171 3502 183329355
12124 7026 -314615461
12620 5637 951326706
2192 13794 -960371910
8447 11787 886046589
10319 8762 -745343599
6346 7763 -296873485
16177 13923 -517915145
18767 8382 -937107047
10529 19549 -706385746
9887 14618 -90072451
7304 713 -575736238
9274 11771 -152724766
8274 9391 -522607263
13088 1702 375034102
19365 11631 143572414
819 2672 19950633
18377 17948 219307115
16299 13895 -822710858
11742 4347 277142199
14011 10487 -456125527
5130 5109 -251495115
9835 7240 -413606471
19116 10590 913933528
15847 9997 485461811
5260 12247 -331887413
13088 9920 352929359
8223 8841 -487240888
9425 2061 945684380
300 4819 -163582398
8582 271 -293901472
9360 7768 -369433732
11309 4952 -889294051
19380 11274 539362974
12128 9065 -173856467
4666 12108 -885325660
16149 12851 -686591986
1191 985 -281367344
9088 13603 -611211367
13535 10825 227100449
6652 8286 817225136
17995 16557 -76657163
3926 10219 971572709
178 6492 659536100
9588 5790 517733446
11773 3077 -886377199
12470 110 -479541864
3909 19901 50776175
3652 7843 389868285
15626 4684 -279312528
3995 607 952910990
18813 1785 625890602
12349 19825 -197162913
5053 18634 119644748
14637 4568 961949028
17143 17523 899350280
7852 9614 144154806
5054 13682 218632262
11873 18445 -60585864
19694 7033 710537524
1050 9509 -653872465
14788 8189 -321472816
14180 5163 -907943469
16312 17075 363193268
6439 9281 -357888088
18522 1808 -796395545
1536 18525 -783165858
19585 16017 451122357
13666 6091 281741071
7010 12874 -710681927
2923 19709 -702494677
5128 2382 -539819804
13174 3669 -140807875
18545 16209 834511929
14477 9285 118051459
16487 13793 879252992
8871 12685 -632208193
15470 3053 574596028
12166 4664 -954795766
12083 15207 819725679
14740 11858 368252742
12272 1095 -696585585
10324 4369 215880058
11530 11152 291561442
17637 6221 -445630395
1614 19176 965726690
2912 12391 222996733
4817 7202 711825690
17702 1162 681340689
6783 16969 -998583068
16477 8184 97717584
7201 12218 -69502828
10601 17416 975110217
11296 15014 -316618289
15821 10910 -942989411
8771 5200 -537370619
3500 3745 965681898
18519 8731 -522743195
11130 10456 -534587282
4438 9403 729161916
429 2752 -639539962
897 15219 662382468
7972 5972 -486662066
16935 19270 48817168
19546 16609 -228145081
13902 635 -170782513
13604 8387 -566698995
12026 15482 212508767
5472 5386 363078958
16256 4896 612200627
4457 3183 -814504324
17978 7452 -878402198
7235 12251 -840473304
12792 9005 -806935941
8563 12547 -140230615
15729 14 725146456
2270 7543 -791408954
7366 2251 -357527752
4799 4893 -767380929
19543 15274 -991837085
5844 11552 645043981
2823 1519 354753921
5876 6773 137557032
17347 402 86576279
11045 13459 187533440
9813 7681 566719304
2834 19338 -154451501
5805 15351 564101170
7906 10490 -359285119
381 12080 -730563008
18420 8690 178891613
11555 15855 -678813758
4729 5058 -457711468
11903 13667 -497860325
13329 10637 382981743
9357 4908 661813323
3362 131 246911170
4256 8181 -307566084
7704 17375 -546622433
18070 16399 701961631
10712 14140 -280734257
16955 15607 429767406
6263 8911 167308554
9645 13243 -232744037
10452 2646 575465594
5764 5705 -541314626
14679 19048 292327704
1009 13671 213846491
17203 2715 843893660
5313 12832 11815992
17366 7548 -975134107
18097 2420 -788437579
3923 11187 -61936633
11375 8485 490030221
2890 13432 308902827
10699 295 440650373
17387 19442 -743693489
3182 19046 -543628671
13869 17631 -863630724
14249 18317 -661630717
14797 9189 -55746258
9870 5022 137937215
10338 13631 -121056836
11231 9382 -586498495
10194 3353 135226173
18072 3030 537173194
13868 10278 345463886
11739 1 864095553
19900 16851 683673237
15178 7504 987624273
7008 15094 -464420963
3671 1284 749802828
2294 18501 -395096344
9996 19850 842813550
5212 18562 590343513
598 1038 -967610591
13637 6003 -816399751
3019 17978 -399154285
564 8489 -302519212
19 12630 -782237455
11979 19599 984036045
313 8720 947001292
15406 10717 -750354753
12009 5903 503699866
12978 18513 -29364699
3847 6573 621131125
5806 14232 335347914
15032 9274 27238260
19722 16423 458959073
18812 16407 -465743304
10177 2765 249666797
6027 2419 -630207088
2106 3648 -681021451
6850 5186 -800246404
13962 9148 -940608005
10899 488 -295629352
17431 6509 544224743
1776 10961 -913658516
15907 19761 -399451276
14422 1325 -830091205
1394 15162 408941363
7820 17115 243768626
3407 10550 -771382189
19083 18137 768155792
19499 17909 -19987571
6371 1027 -576218624
12364 11980 522050375
583 2732 -96530189
8058 1532 794942988
872 6134 -255639476
17960 16136 78345296
11443 7365 241485077
7394 13475 -3786938
6886 15032 -978237736
15488 6196 -130586925
3892 19898 378173076
1359 19944 155991392
11416 1922 -171824284
10956 14768 -576920945
13019 1532 -836559431
14729 13057 -876950148
2139 11384 829301993
802 2626 685376973
4575 5251 404931706
1163 14438 -495459479
10348 18329 -981635682
4687 9446 -567870392
3796 7523 -338128292
17550 19082 202262383
15715 12580 184197745
4166 11623 -242450406
9246 13644 421893108
18885 1095 615189912
16634 46 -412802821
10870 16701 -587649819
18933 4767 -582817648
2307 6780 -938622882
1118 5035 680818294
7467 19255 -414058283
3218 17686 974013017
17527 1197 -397833034
16020 12062 -721103064
14287 2315 -218923331
2772 2339 554229391
13741 3939 308077461
2553 3573 -315067258
2290 11753 340149932
10976 380 -165974012
18311 13447 815668104
18521 12263 550261305
8018 17530 909020504
6024 3537 673926145
9668 14565 -537369491
536 14274 -452346241
14911 2280 158104813
7132 3536 -971339687
15892 4319 -907717211
1404 1787 140482938
354 15829 -544746305
4605 2709 -571834089
7822 170 689135285
11386 19149 -12013650
12510 13371 17073710
11357 1623 -961327134
8595 14063 -295707291
9744 18592 -519106902
10104 4958 -248680648
10940 19241 -438676056
2236 10123 396532204
9267 16852 643439415
10897 12555 -337445905
17006 5143 452364600
14850 6646 612437162
9799 9568 123428455
11133 10997 973269512
17330 10883 103944076
8384 12170 814918180
13411 1306 -34667524
14393 10608 358804029
9164 3387 -634611785
17522 8723 188846505
15988 5749 -904533787
12117 14934 870460817
1765 15071 511383265
1683 14516 356882678
12239 12603 -891563180
19676 13888 173508395
8176 17706 -693822242
19143 14126 -862128044
2640 12862 433432170
4995 17505 -174041677
9777 18361 518454533
2743 14770 -4546633
8057 19087 229800136
11502 16777 777842585
13950 11070 -194691112
6343 10372 278237218
2412 19887 505629546
19495 15893 -617745845
380 11209 537162802
303 19851 6409769
14903 7618 -101802223
15484 15343 -270082185
4028 14703 -295346856
6798 11601 289275818
16567 15514 945223321
7146 6435 114018127
7053 10154 -178517467
3404 1175 166865332
6768 12946 814167640
11187 6372 -825715717
7479 15634 -20683847
19893 6116 -48729768
13211 5804 215787677
17279 16894 992632394
14546 10908 344913710
6090 14895 -388117953
12790 1930 388334609
3385 600 704272369
5902 7460 309409385
6072 1833 997820590
19963 1813 -391555618
9896 11615 -290724332
11638 4905 867866264
19698 9113 -476637558
11398 14912 -402552821
15222 13147 -18697711
5247 15297 -685848057
7384 10512 -130822177
19490 11634 525430215
769 479 -473992386
18921 2469 -53953207
11285 6132 -960086864
10242 4674 -755590186
16720 10087 -582426935
19197 18225 361607853
4378 14497 636262609
7908 19439 615922406
3260 985 176727858
18164 10828 -89430200
8930 19857 -300698580
13686 620 -747511856
454 6689 -70207906
6545 1658 -8546815
11251 4386 320174415
4829 7584 813211123
16741 6333 564826662
18592 9718 -724396514
11135 3361 71002872
9122 13355 -373686125
17295 16794 -199974169
7298 12201 -948044944
9151 3334 431187205
8729 16561 352840476
1343 7741 459667786
532 3446 70127114
5600 14706 -246388503
11583 2510 434738223
18803 3743 -127063226
5956 1574 -755134333
7680 1624 471780809
5355 19911 645792650
6030 15947 -455080827
8103 14562 873628005
13408 19810 936824540
15389 8194 -277629706
11452 17689 -683067649
16950 18965 -416090599
19974 7174 -973436063
4797 2626 -602962059
11650 9418 868870345
8644 15567 822178678
19364 8980 -933257332
5806 16 625562741
13260 1201 -437742426
6605 18688 -813213044
4330 18369 -116012033
18098 9112 861446484
19558 17806 865965061
8972 13758 403713455
9051 16631 -507726989
12070 9705 -731623862
8436 11004 771899772
11091 12733 -328719462
8537 9042 -671509773
6641 3595 -430640656
18367 17425 -714451294
17422 6192 -409798
6401 3044 -758872919
18902 2684 49309625
16289 6171 -649472005
16285 7812 -337341572
19429 2428 -457626257
2618 13584 -337717351
2808 1269 676156270
13678 7140 706229494
11588 18511 -739435446
8346 18081 -305925656
3055 9646 53423289
18878 7726 264219374
6598 1976 -68634623
12405 13001 79416996
16816 19371 781822266
15733 1959 595832201
10975 1336 411673715
9757 8422 -788627465
18139 1974 226380685
2214 807 -841925833
8844 16884 -982570537
3618 283 -937088072
17779 14519 -371072582
17985 8390 820798813
2313 15215 398492142
5501 16929 -773675775
10485 8298 451017461
5159 11742 -135285525
5950 17839 -489890425
8147 1752 -584612945
5981 5274 129816823
2045 2151 82388615
6684 19071 -500577385
9201 18984 -121805118
12781 3989 548783829
10044 11319 -573248925
3603 11165 69943015
3263 576 901518319
12991 15143 902971520
9469 1354 345759536
6925 9229 -211584861
4606 8059 -262132350
13565 7467 -241372955
4932 18214 995055684
6024 1859 881220463
13980 17101 747476424
1262 7140 296436335
3782 16277 252162751
19921 4341 877528892
13643 4087 -312506221
16753 18142 466996602
4420 10921 796290838
1850 3876 192429697
3397 5120 -159660951
11712 8357 -417945899
8037 18382 629302853
8518 7690 420073726
19855 19541 -319925494
18039 9261 89831004
9001 18248 -696440048
483 3722 171086240
18161 14604 316721991
9478 17262 -554931230
11072 3519 -147539517
14192 11669 -959544196
17858 11407 854019142
2398 1848 -687541017
12431 17488 -758654065
199 16113 -46541584
11703 1004 -238106213
8069 7718 102127739
16149 1319 756740290
6916 8530 369308780
10355 15391 -416423081
9102 10281 -19570206
17511 11435 -54262596
4268 4245 -426143791
13237 13163 601714592
5615 12579 729385358
15279 14551 615184188
11823 5297 -998175384
9336 8736 -377330440
48 15169 -489999416
7368 14878 -905526557
17361 4697 671684388
6193 16728 851834582
13182 13850 385981204
16009 1156 942079606
9991 1582 724223441
8244 4424 759644203
12298 3585 -5646970
15943 8968 857427272
2434 5186 -238212088
18999 1657 486013552
18571 19067 -92942890
12628 9211 877249616
11292 11797 325227329
7739 6605 -426117278
152 8770 -338251805
10020 14301 685585591
9987 10531 868619857
18662 2862 501603736
6497 14904 420851977
17978 3008 616881930
13345 7961 -822493944
10291 2204 990924192
19560 10925 -738439610
13587 5150 545901469
19242 7043 517167817
15903 13503 909984657
5920 2348 -431145087
8673 12153 -898935166
4924 12475 200540749
19331 14147 788495549
2592 14376 789995262
3151 6593 570032138
6709 3046 -365812066
2318 8729 834249576
15429 4727 497009437
15257 6322 64658400
10480 2328 628126026
12210 13275 -438208858
6325 4095 264571852
9497 15281 731439578
2482 9016 122228481
11076 15814 571437781
4465 13384 239275489
15402 8205 427972227
683 13256 798848998
11217 270 245502808
19575 41 -165011790
3943 3372 -705438388
5692 5432 -825048685
18969 10028 936100335
10165 5485 -382653358
8248 9357 164960089
385 11403 -986897558
13313 5059 50648112
8940 4681 -546995322
17669 16829 -549241973
12474 18309 46991559
3725 12365 -732517971
4343 625 414027071
16149 7074 232168713
5719 9864 -464123934
2970 15997 318346422
737 10733 738087680
8640 508 345295641
14432 6823 238246513
12251 3007 -600016559
13298 11424 -736135801
17197 1552 694611804
2320 4569 535775433
13945 7210 -385884369
9513 4930 -363065789
1248 15388 335675295
9598 15136 815736202
12702 4229 816226247
10952 19459 -262416508
11083 1831 90124185
9381 4871 744506499
7848 8278 197972022
13151 9519 -433688514
939 1211 971475244
16831 3425 -419790218
2654 13317 -117223451
16438 15782 268993041
6826 3994 776224529
7911 3308 -98348451
19294 13648 972168591
4420 17051 -73791091
13842 4780 -111713385
6738 7000 65621970
6336 18338 584670773
4946 9355 -606391533
1363 2897 -679190006
943 12836 800418548
12959 13597 863438741
7421 5957 108916028
6622 991 -832727886
9486 8315 -608669153
965 8282 -448374302
11640 18228 983598626
13652 11087 -696931634
11786 3033 658562688
11976 11797 -20188831
475 10062 774544558
9636 11012 -664575895
2390 8771 147474203
11785 6559 173046563
4276 11741 -818205191
1433 16905 -98007847
5565 2637 767266961
19169 4791 -980223748
11589 17036 487019417
7800 14070 -620258008
17414 8569 -434127745
10999 10303 541382699
2043 19848 600856645
11424 3847 -722790324
8550 10747 397710473
14413 19144 -213919487
18955 15437 92612199
17782 12065 -620158356
8432 295 -141950967
8800 16234 330255796
1637 16607 59482802
1702 14828 -95793097
837 12091 -7985860
19585 15814 -48365056
4246 5395 240823593
2545 11059 -915182658
1352 3933 -713206638
7668 10450 946670295
8000 14712 647124628
5072 10977 99092079
18665 2453 -737541091
7392 4644 626703279
15185 8686 20928400
10419 4392 328636294
9557 5310 -655668686
10237 7619 -781058540
10612 9097 -646010069
15850 13021 -691582253
2661 8428 -675385296
12818 9349 -443106647
18376 2821 -437437725
10605 13192 -958832373
776 6078 -635903432
16941 7667 -152039120
600 13077 225774991
9637 19015 -876006986
18536 6517 -261526107
4413 11955 499870391
10193 12528 -976435232
6665 5913 -858700979
14685 19560 351795058
15487 19494 302948154
1545 8326 -686668089
10974 19220 -758270503
7424 12836 97521813
4749 1765 -35154425
11945 13523 -101069502
13534 18401 -232332209
3816 2672 2209917
10145 4344 152201245
8441 4094 -428424926
12157 13455 -769377588
18204 19001 350636110
13866 1359 -219786668
293 1818 514500470
3646 9890 -449702243
4816 4075 605715427
17827 2921 671010557
17451 3020 -296082608
13385 4353 730344529
19286 1980 138309324
4222 1855 -473333640
6925 18953 -198816769
5686 9113 -21858333
7543 6613 -387331819
17993 11249 129909202
9778 10830 -222493971
6006 11897 -675211867
8798 11415 -821670204
10410 6296 618627548
15372 9152 -111573800
1128 8780 -605007914
17585 701 615570498
6541 19152 685968623
4706 17248 -314417724
17700 12338 645157498
17278 10735 -17251618
19575 153 655090500
9499 7902 365187540
14406 17294 -882304888
11879 2854 955613450
6254 3479 -77506164
19536 8122 -231619899
12396 4641 -826558538
11538 15669 -185794999
1173 13733 -398734047
11619 2327 -833193630
15228 1459 -548273598
15661 5456 -365731523
5984 17898 -29319160
9259 10328 404358899
15591 15021 -641987938
1869 162 -807913272
8838 15997 613595184
15984 682 -373488652
10570 1567 -174154575
8163 14949 983237967
7400 13810 -854499080
10798 19452 -605944716
15179 18312 -831865939
19001 8318 -378515779
584 6855 56733686
1475 573 -341541561
8065 15900 613752461
17075 8623 629399256
4262 16735 -251253251
12354 16705 478298607
13473 16648 669906311
3037 15009 754530961
10024 15339 897621853
11381 6068 -608920293
13826 17128 922862449
74 4089 -614527614
16643 11289 -287928551
2536 10561 -277205901
14458 5104 711216900
2999 5356 950293032
8430 15211 -584442366
8629 4470 227006215
5382 7431 154044646
3037 2435 -671728664
692 2651 -410137377
9358 4429 -284315754
10476 17788 -37786012
8443 11536 -330323510
17551 11019 231899353
5088 19978 -713352480
5631 6703 -529103266
7195 14948 -117945986
16100 19117 69554873
10037 9394 906084316
16907 1899 -548705889
12987 19594 -55815561
18836 5588 177276958
16334 6329 856593113
17947 19223 -85003414
16598 3281 961762824
10630 4639 -531586759
7959 5306 -512422819
13001 927 755682636
18077 19068 439861816
17798 569 -878847921
5287 2908 -390797520
1671 5224 266253752
6744 8669 713312664
8705 16216 855679912
11097 13991 638810916
18036 8259 -337000225
6236 3801 -524591884
3679 4709 -843077865
6198 14597 857608254
276 11739 -265008108
6825 18749 179850343
18481 18475 -615553233
13774 2540 -695104027
19174 13313 -243766630
9151 8250 -307289846
10829 4088 111299431
10755 14901 725412426
19464 19866 -66735132
528 15565 -863265020
13019 19447 -112284239
12140 2182 -292568381
12927 6336 -891297580
11725 19999 -743074118
7075 11535 572726274
7031 6886 -216702506
4515 6751 -800891786
9166 3944 -401177775
6543 5271 -545598917
5675 10035 876710591
8887 5411 605819868
9755 8178 -845922454
2814 9054 -968004407
10511 18968 789771708
3769 260 861021673
2287 18173 442925755
14447 5784 873011927
145 13932 867603097
11926 18584 -456731514
2577 19250 107045016
1327 9404 930887281
3190 8555 -240618903
7644 10915 517553617
9076 916 -544764404
19025 9139 -839028525
17935 9259 -78241725
323 14226 16319083
4369 9005 -204323106
12122 7715 484532042
1565 12205 -630441507
7209 10008 -413610481
18308 15594 97085522
7662 18637 77509439
11844 17798 -598898990
1185 6774 -456401045
5184 16370 234839069
16985 445 -695641899
10949 11801 543857391
3416 11216 538683600
18560 7027 -409288422
179 17952 -164972541
13650 3595 673323493
7110 11802 114309077
5826 3349 -647233042
5247 17911 -167113073
4607 4537 -892005625
10192 6745 -52502471
13507 6004 -938001226
12347 6770 656935195
1417 8862 988078509
4319 6823 967626622
5951 13456 -445550829
17890 19997 -164665983
11228 8008 -361223129
10691 15542 980402264
9167 3659 671778286
7162 10327 31532163
16126 190 900407558
4748 15851 59164479
7335 17063 82945115
6807 11178 -162576768
15799 19067 -146082627
62 6747 329745121
6912 15309 -5093477
4829 7610 980751582
13225 19854 -59226811
8402 1515 933183852
6949 18473 -982441468
8661 2280 -370415431
16509 11914 528810580
7331 7389 -838147521
7432 6259 315179599
612 4285 856489707
555 18033 962712453
3968 5537 -472307434
8480 19895 656939913
1028 18930 574651343
759 15519 -677646721
18337 8317 -105790743
13269 7167 323188194
18826 6220 812712712
13418 17128 -903291929
6423 7389 -372823690
14351 17660 950765238
13715 3050 -980094134
19557 12736 -8014223
3583 11929 -801057619
15009 8891 -647541840
3768 13875 276673141
8305 17814 -689569512
1405 19453 -670693009
17742 12353 808627550
16476 5215 -726471179
19901 16658 -228682995
1591 16181 641239861
7393 15939 -99138834
7858 19243 121982843
19704 2663 644530108
7912 19912 655169797
1973 5619 -758738234
553 17699 -27846919
15964 5893 921049040
925 3214 -43765856
13395 1647 -18150774
16859 11598 -545686695
12100 3032 -633947395
18256 8259 -628968677
2176 13109 671860813
18141 1606 -752410404
18328 414 433009253
3324 995 596487479
11369 2405 -479343203
12252 14748 -989998166
19602 45 -218807317
1113 3529 395598274
1475 718 324950478
4531 7619 293874883
3683 11370 38508855
4955 13331 540027056
14374 5626 -791460415
19951 645 -351940053
13986 2364 -103827949
998 4039 254639321
4889 6979 127930881
8021 4300 680630048
3306 13999 -482293332
1141 5164 -290278976
559 7942 -721139955
8874 7892 706793813
16665 14758 624222380
13466 8777 -682052523
7555 16087 520449646
12925 12519 556541740
12418 15905 771516866
9763 3015 -960350066
16752 3529 780054643
18394 9290 -686082313
12344 13724 -343486381
18960 16593 -750158765
7420 11872 -636677874
9012 2070 206652394
489 6205 276360449
4617 8918 -872098138
2743 6828 -161204265
13590 5298 -860918199
9485 15950 -803025160
17925 16968 928010156
9158 3663 -166995911
16599 19301 -824392461
7232 6726 903696811
10965 3463 -330944112
10307 18411 -578613740
18967 14835 -854179568
7681 1873 -228450699
6424 6873 128954468
7898 14626 -503551828
5215 7076 171077184
6713 15155 -888810421
3217 9658 497782551
5655 4940 754119631
5925 11681 -55967508
14697 5092 -232912611
399 9956 994513094
13573 2511 870451881
7206 13637 -924606450
13431 1327 359440977
13701 17787 -831795384
14667 9345 949612460
9528 9960 -404864905
13221 3538 510109438
3600 11549 -939657057
15485 7404 406628170
17818 14798 27316398
14584 14 133038293
10326 6440 -568397514
6655 19221 -453734654
4582 17888 863545513
3247 11768 633698712
19427 14683 -80913569
5685 1462 854999144
789 11587 77850460
4125 11731 -843305812
3858 10138 -361296419
808 6780 -435828112
400 3988 -202573889
2763 12455 534532281
15707 15607 216957760
15044 18928 -167393340
17747 1214 468577721
3890 7017 -617796308
10899 1627 812364417
11604 14726 937477227
17244 5287 879452116
8330 17188 164303813
16141 13963 466699190
18106 7216 526143495
5022 2090 -374017839
13490 1288 -443811395
3976 2546 480492200
19976 11844 -2798311
11867 9554 -756012529
4418 8225 -628577812
5071 11599 686479998
5129 19903 -637954256
6252 1766 76427769
8789 16614 -908645737
1891 17577 471115490
4879 17046 558372616
12031 9684 -798865431
11338 9956 -805549232
16179 4232 682429247
14464 681 111669675
16232 3691 953644690
8644 4976 267398170
9355 10317 739526930
139 18292 703859866
11171 11748 -668545284
11116 14868 29164054
19725 10656 735193121
3436 3338 578972553
5783 13586 -578100803
19148 13238 -612255735
7128 3896 -43561842
14730 15133 -62594874
907 12699 -293058085
12149 14202 411191157
10255 4166 782743158
18875 4906 88003546
8735 17319 -65383477
12394 17367 -878888797
9764 3282 -803292912
3091 4650 124133812
5945 15541 427197652
4105 15632 113313806
3909 6645 -997212631
14358 16032 -247867776
11531 16469 675454204
17586 19933 -483027919
16334 5110 -171256184
15564 10005 547932136
10959 9876 777346935
686 13736 773617764
15911 6405 -253735211
2271 19901 -511552615
7571 7391 729859686
9434 19483 472628627
4809 17008 206109926
283 11690 -818772133
17379 5084 951587433
1127 5005 667236553
11839 2577 113983090
934 3342 -255442492
13176 18985 528961757
5183 2997 618518017
16210 3798 -105569789
3348 3434 696093688
17728 11606 -89279196
9046 12161 -720019429
18013 5496 -387926256
5686 7387 407039337
12140 4689 -792846292
7383 19169 673874595
10314 16721 829047112
3768 12126 874594837
12252 14400 -30962813
4478 15206 94364521
11172 9335 929295034
11190 859 -219697642
5323 14683 -729266992
10754 11341 -895018517
4284 15967 955277416
2207 19143 154483939
18566 19713 -126706830
15013 4934 209604359
1533 7837 -46700099
19172 8384 273475860
10548 10126 132851190
1294 6549 946926564
284 19522 200054089
18848 17544 -877132124
127 9483 814174283
6170 19008 -258399379
1089 16044 736239222
3503 8427 -922751741
4055 4542 -304020175
7241 15335 -121765049
11180 14120 782983772
17209 4876 631195650
14037 6611 -989863003
18848 2616 823928924
11683 16809 261719516
2922 3458 -767991380
15871 17833 -404709483
17043 1541 -206592857
14798 5677 -761358029
12731 12991 -137806049
12484 18727 -282693046
14116 15138 -996505535
3132 1917 653965257
14374 5124 530710701
5809 14824 -485921211
19047 4516 -593077479
6910 7799 -328062137
10706 3155 -637493867
5981 11579 280772139
8922 3337 -206951964
19625 6332 216673771
1169 10221 439240482
19154 697 -48773778
18220 16794 73956701
1713 5677 -35349277
17955 16583 -930622337
5135 3330 350940991
19182 2718 761871639
3988 516 -998452079
650 6821 -697940582
9048 8449 -959957575
8762 16813 -288968342
828 4734 -636797733
11480 10530 666229043
19681 11063 -585421876
14022 13353 900970197
9455 18749 456210490
14331 1229 -990089595
8605 8242 -738887795
14225 3907 -549506351
16732 4130 -898209107
16003 5302 -248113619
17875 13254 -736562712
10338 2589 5307433
14588 15645 -186141352
12694 14743 -716459361
167 11848 386233429
3435 12442 -783722319
2610 8713 -486442206
7989 13841 -882682343
7568 9077 236025742
631 7252 -998269718
11058 2083 -236400438
10620 8488 875385378
11103 8788 301214302
1844 18016 -886276761
1810 16822 335949972
10733 3524 20930043
7733 10021 -151933162
8626 14198 758667129
2682 12513 -233426894
3850 11085 -178286396
982 6575 25693979
1308 7234 789107095
15625 211 403686148
5057 708 -654232166
2643 3358 -254950010
17936 11422 -108436986
18487 14616 -842663930
292 11202 -655498500
5772 9652 -911987466
869 5023 -60627255
16500 5311 389752158
16546 4778 -984389589
12030 3417 -685089038
17483 6189 913020357
5921 14151 -574452181
10363 11376 -124255237
18620 10605 -94486442
4349 3413 -115096734
13642 5866 -965713409
12622 8082 540623184
9657 2830 -72072375
12244 5032 -141224561
965 17959 -22971925
160 2221 668316723
15323 8422 440697
1248 5205 -148100840
14318 3226 -381071562
5562 9362 723217266
11813 16020 -949234522
9948 17823 -191851605
18198 7979 657630973
13134 5910 -451290341
15805 5895 -702029120
15181 796 -615150248
19519 4072 -671457597
18085 8592 -223317918
8485 14325 589898562
4796 4124 -489068139
11669 14248 629432410
4970 14324 -866944996
4091 14034 -720032045
16455 15786 -204073621
10267 19635 -101924548
3761 7526 901760093
19597 11802 -945586278
13360 10547 -87618484
2146 19872 733458078
19458 18526 -630141690
19229 18593 -949300668
5402 12646 480460132
4231 14449 5275393
5795 2508 656311438
13888 4895 -120981224
16849 18072 597563738
12037 12970 65476990
13051 3186 122240299
10391 9229 518514061
18341 10577 -200015702
15681 2121 853655928
12869 644 114510081
5765 5329 893481766
614 14622 -341944910
4629 12699 936247454
29 12889 -430576967
9 4159 829841060
1061 18936 -989806568
16405 6645 -459618739
16249 18911 861253393
11146 6089 529476176
11621 11828 925831559
598 1820 -594929202
14238 17941 122193048
10451 3770 -815823315
2792 19855 236503360
5781 15220 -708911085
9669 6982 -335698213
5422 7695 825933535
7277 14104 262762733
19375 10996 595950005
12354 11605 -66204539
4333 711 573773881
18212 2618 468274480
2048 6328 -943136118
8129 11101 -870643338
8566 14849 480030398
19209 6244 -141236898
10252 14866 -193454458
10877 3154 131178241
19325 2363 -43786465
18776 14413 -654245479
1707 6884 953462750
15897 13557 -59835339
9075 6456 394313142
11796 19857 -232831816
18063 10369 -494289054
1327 14862 301122848
11125 12164 658083116
5000 14959 617218587
1281 14300 -39125958
9407 3273 839388272
13304 4697 577081047
1510 8862 -818497472
3642 19716 -13271932
3872 13339 340966771
13463 18592 174305876
14785 16926 529770106
15945 18742 -105152163
636 12335 -716233759
12233 2779 -101177361
15386 4132 -54858576
16156 13053 368764529
8672 1543 770096625
4727 4469 -817050440
16031 16300 -749180256
16155 2027 119510404
19525 102 865722655
17035 9207 -646441707
5210 3671 -109815118
12028 17415 -513514827
13627 9134 -288883720
14793 3946 487277190
9278 3224 523741509
640 17156 -76287678
17597 18285 -884964491
18056 14861 -675992270
5129 4914 -731434036
2827 7013 -745707996
19318 394 825582116
19011 15001 -446970626
6440 3669 -975036730
13890 6637 605537304
11090 13776 -988700349
8776 5374 -327256743
16711 826 563218095
10951 4347 194410005
16875 12149 -420013703
1022 2782 -367988531
7010 12975 153743670
8430 15384 770400504
12900 7445 -366151568
13273 19485 -339801148
17931 483 284346754
8428 6506 559846008
17016 9400 -154939861
7864 12908 -21638032
17266 11966 404639501
13148 15159 -219677787
4248 11528 -236180204
19856 14243 -663281205
17929 4012 337443836
2926 14017 -758491219
13096 4148 -547807994
1283 11131 350208199
6753 9233 429576689
3063 8421 -131247899
920 820 -100943823
4591 2593 504276486
1062 6900 -635428630
15793 9882 33822468
15513 2813 -451376501
12055 3937 560810727
2894 4002 528732069
4879 14389 23765605
251 3228 -461509978
8780 5946 746760319
5098 7735 403291332
5702 13774 223528910
4167 2770 -667532015
17144 15960 963370843
5143 7685 927256364
12756 9029 -249699927
626 1175 488682044
3478 6591 863005268
9670 15710 78781247
8510 11340 -99093047
16289 8044 -920603572
1553 10528 303621033
13716 8291 787296262
8085 3044 854769934
19528 5245 611834353
7832 1291 -856364811
8114 19891 -977622001
6927 3614 485240554
4688 2265 849126861
3381 9519 -909338681
12627 9762 -640007432
8981 13068 199203462
2402 18919 922368009
18800 1090 -250389954
3820 19903 634093351
15093 9147 -994733482
18518 1200 937384898
8186 9288 818273085
2358 3621 214553262
10665 13980 -177867041
4796 6858 -542672867
8087 230 -669915369
17096 2689 -445114994
12048 1384 -774854575
14038 10214 -961030373
14264 14312 -45970770
12358 17750 -871391842
17993 7588 -326870114
18109 12650 -719034742
5588 11099 25366262
9750 5908 281282497
10724 5881 804497886
4244 8697 -239944114
11783 847 113504639
16630 2775 -841939691
11771 9535 -587760308
539 10807 543005205
17465 960 655226842
5146 11722 569457601
15227 6548 -346559953
13616 4446 -472053016
4893 15638 202618272
19831 12919 -282119780
1329 14451 -503455149
10062 8765 217781537
1742 8510 -462434359
9964 11096 280842058
1659 10480 -826425967
1340 865 734056769
19200 9165 669277202
17496 3693 880980285
12850 16392 24841540
6309 706 26072145
6009 18265 517896995
441 16389 556644943
15932 8478 743150576
9825 7687 519725666
2585 8911 -695820705
3617 6217 699767181
15476 10948 188754291
1085 11691 -744654435
9797 10997 920059194
15279 7954 927578792
16500 13611 904528475
10489 5667 163042022
17769 14213 -709227325
5306 9633 -313644650
10803 15068 -12531817
6055 1680 -524690781
2051 3587 163335090
2924 16846 -635007477
12416 17549 -70928690
19986 11796 427386561
8685 5191 -277368464
1584 15945 -497066905
11608 3552 489735227
14077 14116 -743041088
3060 18889 -263690720
7313 12310 -931082463
19711 15052 -320136042
8 9139 104646932
220 17822 55291058
15285 6736 77132126
19807 10238 872594396
14189 12569 -653211669
10701 16683 252990399
14308 12940 86207047
7800 9372 855228424
12895 15632 -671801665
4474 14426 -193634433
10724 10988 997462621
18568 11078 443225163
5870 9970 668040845
6288 10974 331193418
7344 4332 593820387
5216 3719 -511431361
18693 7865 -580911787
6335 3704 445518413
19247 4796 505129389
849 6124 -580843986
3897 13380 643353213
18524 18580 409442053
1116 16447 -955542407
9367 3479 -43646861
11941 3481 -233462386
7808 5742 -564596205
6153 2520 841054182
8913 19186 40279681
12440 5025 -909233935
15482 18711 809656743
11215 5798 -225912107
15056 5435 209131175
12807 910 182433452
17243 399 -743597397
15149 17016 556595823
4331 18128 -292752872
19629 9032 68670539
614 17994 -656186546
12932 9605 649770383
12462 8291 565968579
5348 17329 134337584
1532 11358 105098196
1996 9548 223759610
5520 1579 -656236224
311 3499 -274666434
18896 3173 948011696
19517 14142 -730494835
18846 13862 -707456108
5127 2064 794092823
726 19856 -216783944
6469 7750 -324811128
5493 18190 774493156
9641 15865 705426490
11081 1811 641897415
18429 12948 -573773827
19807 17873 -442939411
13787 2817 -916445180
16586 8379 63780610
4436 10352 -903980037
2370 12500 -468092498
13671 7065 -786848996
16364 10096 320254209
5988 5679 -502434856
10566 9782 -376086816
8145 19391 4566336
13102 8829 -655621576
19525 14490 501969968
10538 10641 69798100
18287 10302 275901651
4965 24 44835140
5735 1765 -853010849
10704 11631 -738821154
16985 795 -794909692
10856 8159 220516907
4018 17115 717836742
7665 9115 -163213731
5472 16037 101176516
13773 14754 24957509
3162 8778 657974343
18664 14171 48503395
9636 15383 558736544
1153 19091 304297056
7130 19923 425266056
13981 3128 -984645530
6832 581 678057699
14386 12081 364727947
1162 2129 194280847
17738 19069 -504306497
3697 1221 890482603
9723 9471 221070178
14547 7627 -993292772
5946 4318 838393611
7599 6312 -966119660
15095 18166 -307176496
5885 19244 520324514
15607 7214 55056222
15442 14151 233464049
17681 17261 -509718963
4316 10096 -568774138
16273 4234 -390841453
6675 7605 576269622
267 11045 660928264
1486 6221 -346659751
12845 18495 -48643958
13349 555 65799493
14582 16527 -402794268
10800 6032 -334209769
19226 17056 -963775629
5394 13654 -248981623
10960 17998 -621683387
19089 1437 -307908768
9803 18272 -118021501
12142 9063 569689166
5662 11371 56214441
4270 6894 468003579
19252 15709 -108761700
8473 19494 503154115
15011 19628 963011067
10545 15524 421480704
16272 19105 725505596
13176 480 -468386560
15254 3143 -957184791
12867 13509 604579320
6185 6445 771192044
8942 16953 728711147
11484 15466 325265166
18837 17911 -732101667
9445 15118 624996845
10027 7727 608989250
3162 786 870165463
27 401 -304136507
901 4053 -15636391
13220 5174 -396842838
269 14288 786351400
19571 7973 -235134327
15996 14787 83040050
9604 18980 698392017
10040 6458 -756223360
1651 8363 824903625
2592 4978 -145023484
15952 1203 946128205
4330 1275 341895074
13090 10923 769449074
17253 10006 151665679
17470 13107 -35745561
15048 8611 35428621
7311 976 672944480
15484 9225 -765138044
15696 9108 -775082983
10456 16978 530862790
4181 17583 131644850
17935 7127 897022997
9198 18699 732421767
5854 145 -451201266
7856 10869 -544752465
4073 3491 -968018041
236 18226 980521355
12529 8578 92257279
5561 307 -554942299
6290 11436 889278228
16303 5004 509423074
18142 108 70552584
15394 8423 866716281
12629 16997 -134654115
9428 11791 806557042
3338 16433 599850086
17279 13577 226043642
1601 5366 -897463339
11643 13799 -195258675
6228 12097 -585542441
15022 13061 -9754398
6179 7592 243603990
13346 11272 608820122
1521 11463 -667482821
19567 4756 -957943666
4970 881 -864949920
11008 16955 985052350
7125 18710 908088967
9510 5734 -787850414
14652 9096 -73044069
4702 4621 347454001
17777 15443 -835439613
19622 18926 155043932
13495 11358 -194342797
15637 13567 -155733310
7400 12148 716392796
7485 16716 931912223
5883 2162 113971439
255 15144 356875862
8598 16789 132127503
4247 5476 -649438384
2007 13412 -616552337
16320 1223 -419828545
17553 11864 -567878280
4037 5649 207330648
3436 13203 -606360737
4676 734 -572752984
4844 13835 945947173
131 4272 -586015540
18322 653 -318624594
17415 9634 964203405
10583 1824 -79685207
2405 7846 508315125
17170 2502 35269329
2328 8108 -697293531
8784 10855 587094222
13878 9514 -925380274
12958 7616 -873357858
6018 2835 962438890
13804 311 613842325
18349 19286 655788367
10993 11376 -782552101
12090 4861 -62601093
1899 1203 -46533804
13572 2855 -656337070
10720 2164 -716730929
14913 11719 -390359507
13965 12605 -121012059
4514 10589 -318490421
10763 12465 393605124
14977 4582 433970947
10399 16160 311940998
13242 5557 361382769
4413 1002 160925036
18511 760 597497326
2684 2521 548943181
11223 18050 660520176
17269 1699 552516529
11265 7131 541963146
14800 5571 214913984
6618 12107 962903530
15577 5660 487389097
1383 117 -786402981
2585 13710 -558268493
10097 10168 -795142617
12996 1723 -723734273
12541 13484 686243336
8358 12023 252854000
85 5619 -173054398
6706 3542 -488592687
3586 6702 9577751
13211 14079 -183537890
17451 19519 -567433314
13660 14206 424271706
16017 15556 -749811945
15624 13848 -557729420
8609 19697 80475647
3508 18594 -964139441
16903 8899 733722093
19066 7331 -723004218
15951 2338 212802274
3916 19997 71577392
18597 17318 730656874
9362 10137 -423219117
15975 19012 -737167291
18023 17341 -338462548
11913 10699 -968131833
6115 6271 671687050
10194 12920 478542346
1775 715 583373266
8613 7208 -602967243
172 1682 -39742248
13949 11268 -362632569
18523 9597 -140162598
14814 7072 -711339597
14472 15785 235587347
15759 8311 -481319437
6428 17019 130680884
13868 6482 -903482571
3353 11734 44950711
12123 10712 -379129420
16368 19433 -37417577
10395 3084 -739121710
17062 14710 -282022929
12733 15918 -656355237
9120 2988 448229740
19484 19233 26968418
2919 15549 -424721683
5113 257 -215658628
12138 5503 213348071
10413 5097 -160239316
3246 2174 -55958241
19678 17500 -569737939
18167 7615 -278237589
1101 14523 -530389809
8520 17863 -789786801
8823 12115 312673073
6389 3740 -498863342
4198 12854 852126982
14042 6977 33985228
10397 7521 -562733445
16176 13448 -90581207
11183 3066 192667381
726 18696 -634163366
17484 12876 -224545078
10648 9881 -931983828
13602 465 264504654
12177 17518 -891376455
5364 8542 -323151837
6491 7628 -230634585
5413 13240 -8207245
14902 10320 737245105
713 15427 905357859
17762 479 -531876290
6844 3756 -429229199
16787 2300 92575249
17310 13421 851031538
309 17259 660302336
2406 272 -7536089
10350 6313 -283001984
18605 8103 -791509330
6033 2451 499586867
14022 19164 714270023
19135 8928 -179474671
17477 9190 -920473244
16601 9803 773616834
14554 15443 928389395
4617 18178 505051536
16448 11206 776054907
8226 10380 -376818902
14463 17855 -351157855
1993 1027 685035602
17414 7826 702826407
14974 17559 -276871382
155 1224 918319528
17538 937 401079923
4695 16992 -130637284
9318 17720 -498353482
7202 13454 -544408256
7860 13562 -205544285
8208 2592 -138439093
9504 11503 343855780
3423 8520 -638126050
9919 18610 -413152434
604 3373 208414235
7784 10416 -356367748
17206 5787 -668892440
736 12862 476039360
8534 2690 -348690853
18263 15215 385030783
13707 14939 -672904276
6288 8598 241016042
8592 8072 34763768
15211 17742 273619325
6472 6659 725930046
19664 9337 482816798
17214 4279 -12398588
14987 11439 839180891
5222 11174 759195376
875 14482 652432945
4447 4193 -606130668
15674 11586 -262045736
1535 7286 -116230326
581 19574 -572366567
12946 18751 -655898597
14695 130 -684993305
11861 13335 -41462738
15180 17678 -381328180
9178 16482 399302151
14080 12723 184819758
19013 15195 153076325
13694 13137 113544174
4552 13097 748704019
2846 8355 -447888382
5438 7900 -873049627
12492 17812 -409867627
14068 1444 620481084
17435 15456 718241741
7139 3899 -43056522
16653 5465 -358429365
7203 16681 305223904
9200 10551 502546189
9650 11452 -435984246
19761 5620 178001524
19507 996 503976342
19652 9647 495234869
6611 16001 474572916
16241 6007 178311350
10237 388 613293538
916 9626 360412121
9446 2539 38876689
9837 18006 708907095
15136 16659 -43094113
15012 18575 776720718
11909 3881 -901765897
4452 11652 -335147805
12713 7477 -700934050
1646 18278 110956425
7162 12454 550995573
9832 1382 237394931
7413 3135 -315277373
3078 18407 446622915
5482 16090 -671743434
11218 12292 -412325415
3239 13921 161251546
12764 10694 -813668835
10234 13488 603583182
16105 19400 595327136
10615 14769 -557903105
17953 13058 -194075933
8560 4079 181084373
11913 1268 515597445
16003 468 -863375895
1439 12903 -457426086
6277 2128 236311620
13224 18294 21450052
1867 8910 -207151766
9959 18439 -460492021
4573 14671 313668489
18063 5241 832136896
1086 12561 692446121
19550 5278 -306096587
7420 4245 -715585219
1324 16613 630489565
13770 10929 -127011566
14367 7280 -89849341
7428 2825 81210408
19900 13605 -456337867
19551 14522 230456318
1574 6457 157636819
17064 16838 -541647936
17835 16331 -135387180
5769 12164 763421460
12763 5159 32436906
5233 4204 617194265
15901 17872 -2708590
5317 13580 681850560
12106 13261 -977550548
17730 14261 33846468
17144 19111 -945028993
16707 16511 -382677755
11551 6302 -63841749
13510 17745 720230746
14802 16462 573157407
14804 196 -624372402
18801 19772 -517069501
1932 8060 -218144452
14680 6933 904426220
17000 18024 479819865
1186 3936 -451680267
15333 4422 924657378
2856 18935 51998908
19319 6617 -764238841
8615 9639 -393960447
13903 3938 -649078632
767 13038 -813556405
5720 541 -800803984
1947 1752 756576976
3292 5759 -132433726
19729 2363 748903763
7218 18885 721665772
15085 8913 231568575
17653 17075 -57873343
2946 5933 157838761
10600 15877 -986370378
14475 12890 603586718
8480 9395 -846826767
19818 18871 -895736287
4487 19986 96101641
16777 13521 360341737
9763 3718 213095816
16343 14320 183983359
12617 13781 749284530
16299 11549 769433800
145 18643 -673724342
17830 6860 -446730774
19679 17787 -453492356
242 18162 -740934439
11711 8008 -353235632
14298 8669 -505586465
17481 13297 696065038
6201 13222 941236147
7650 1154 -568839967
10373 11082 477511505
11173 10023 -319937221
682 4247 987875842
15240 8885 943701510
14407 1127 239336120
10021 3074 107559702
11245 4247 -131594083
17565 1303 515006102
10232 16460 -750306174
1765 3052 481061596
6978 10673 -593808346
19634 15059 -712462921
16143 10526 -869694082
19680 17204 165262899
9142 8793 61793739
2843 1564 -8534837
8944 2355 -354406676
11177 8733 -551007285
12456 8945 497571093
6946 10353 -37169942
18662 6062 -417614426
18967 4882 -718948095
19085 1206 -872394594
19049 19961 -827815406
5125 5061 -50671682
18192 6445 284221860
4455 15633 -706779060
7966 12108 399576840
745 1067 -342491434
13377 18465 881933287
10799 18009 509892950
12222 3139 761391513
4541 4217 600321091
15714 18003 131834630
16801 3161 16631100
9800 7424 -807777883
9664 1745 -468123335
5731 7017 -129316615
1781 2113 642192937
11526 11686 -360689822
10214 7430 -62616867
11186 18878 379121142
10971 16666 220551765
19157 7299 706407037
17166 1432 655776290
4602 15815 982300544
15972 18386 781543216
15421 18899 950279935
3919 7738 -361283869
13123 2717 -965502023
14699 13923 -837056725
5678 5152 895228113
16638 7099 -318325077
7918 6092 -744699945
11198 5482 589401186
12444 9825 -230284732
9325 12434 234733257
18150 6325 -967959668
6632 14930 36038603
1655 13754 270932236
15026 10741 -31407801
2984 12934 499466888
9640 16675 802639019
3339 11917 -724617476
16681 2628 -489015170
2839 19261 -883578367
10710 13307 -640778866
13797 13395 -656085430
13399 4684 424362084
15134 13916 -732732723
11188 3473 -332718890
4150 322 869271405
7431 279 154033336
1402 15351 690598846
4335 16692 86507428
11623 730 -198656971
9760 13835 187943293
5978 1239 -811896312
5741 7781 272064561
1719 9460 559582240
5316 1129 195362101
11555 6092 614927061
4273 762 89138923
7686 17356 795542360
10871 10332 -54380626
6815 4135 -650542683
18868 1016 257898926
8346 6566 -927142217
4231 696 267128603
129 19491 -399493276
17971 19944 945890399
18866 16548 -800272747
9497 7529 -309428626
128 18404 101371431
3447 3637 876519865
13866 373 749956678
18060 6482 33708756
3800 3411 89301339
4079 16809 -415857912
15200 18625 800821709
118 1797 569503823
19941 14193 -48206796
1887 236 -836738652
664 1667 963691295
7770 9767 134633582
1968 2819 873820349
12286 5353 92398287
18904 16544 -409404205
12159 16974 -781076986
7163 5569 -225049137
16750 15513 593270144
11559 2375 -251032032
4528 16197 -207951828
7216 8745 -122034976
18461 7462 784010620
7814 3308 925343352
6327 5055 -761936747
6583 8782 -35724955
9318 19046 -75854579
162 10182 -223440022
12610 3393 -363238677
5824 17333 603172489
7449 507 322320694
12560 17844 688397710
14965 7325 -228119297
13028 12095 617800006
6501 19022 -102446831
177 18859 849385127
18371 12771 -904625078
17605 19142 858713995
5311 19299 776798316
10346 7773 966457543
10203 4105 888549884
17911 5894 -755279301
12014 10403 -574627158
540 11452 -977405479
9082 19854 400756494
11842 15335 272899800
12920 2846 338417794
10112 5430 250598650
15977 7962 656860016
5483 18422 989634083
10067 13469 -137714498
2488 16090 678851071
12717 16058 38073688
10158 2526 -720065139
5956 9536 -151700354
7500 3408 -141488120
2137 5026 581835453
7466 1370 -116747426
15059 7408 136660407
4296 19848 -595082869
11421 16266 -115497469
9622 6856 -176926999
14175 9916 -469359393
18163 7325 -754791128
15790 4849 451419764
9620 4987 -148315739
16706 1908 -829989274
14969 13538 -899764950
12296 5571 -636021592
15607 5432 -589591698
15324 3010 -594330512
14851 8733 -433891977
16761 14284 -30646411
8865 18137 -743008997
12350 19467 40454180
14404 10781 578121145
3051 3953 -650558737
10475 15089 -396248547
7406 17647 -650470821
13354 6569 848640625
3499 19401 -764035009
19771 7660 -836167689
3110 2381 151271921
3039 11045 202255014
11800 9116 520119885
3080 4040 438248832
1836 7533 -12103908
14754 15124 -7999252
15349 13302 156332508
109 16802 769163523
14117 9381 -128820294
2775 16048 -546122167
16010 19835 500549504
8040 16018 -307613381
7377 5378 760903543
7389 1064 974586665
3944 11872 -38576065
17866 8648 676655915
5901 2910 -136660244
6145 16903 -801193448
8735 2182 -842128713
753 12816 844697472
1091 18323 -21007873
4797 19225 -841064202
7116 10026 -56878606
19871 18699 777859897
1270 17526 -57278780
1124 9989 -164395863
15712 17840 772825832
17664 19501 843662529
661 13945 939154869
14516 3243 628081908
19380 13137 909985504
16414 4331 -203449985
15748 5623 309974828
6459 10027 -231360567
11027 8980 128166532
18569 14254 855529693
6601 19937 -568323379
11018 12605 -402443332
14897 1971 797462682
10231 6730 -624822240
12261 18980 970201042
18292 6306 309805906
3545 18893 300804598
6259 11053 -801863555
11527 14571 778654648
12161 1603 945279467
4295 9933 172160548
4740 9333 743008767
3486 10036 -350428109
17472 16388 -548145309
9595 1156 -748860511
18266 58 181169129
19384 15560 -66881664
3985 11380 232020079
59 18531 558336173
6428 19743 765920379
17682 12340 688943858
8485 15920 249047678
7561 10420 117034710
7222 8522 -650268915
14448 2460 919405690
4691 11029 -114292632
14561 2777 736490017
2614 17405 755540183
12683 6113 -851789083
6649 3308 257338443
6549 15502 -877492094
14034 4795 -3675495
14903 398 349867090
17501 6682 -513757446
12114 2633 402980442
6584 15800 947021989
17073 19729 543124289
7709 2809 -699158451
4878 3888 -708252187
5340 5443 -606720378
3937 15558 -290230465
9550 16340 -391755925
1175 10917 863953250
11134 7068 379731810
11385 5038 -378248739
13795 10036 973387021
7153 7519 695088897
7038 16577 -868638493
15394 16577 -795801446
8043 11716 -847657433
7458 10490 59857785
7434 18339 418066413
14894 15750 -981993666
4236 13877 -237520571
2184 12045 -55397779
2086 12819 812695098
1636 3896 668331152
7507 4004 -250253440
3485 6358 562080519
8911 10109 -81102089
3453 9712 76062625
7601 11372 -958317282
16297 19424 282333059
11749 68 366862731
17730 8615 -511839477
1679 3626 -846461153
16597 6425 440245939
7954 16092 -623056120
10222 2432 285116366
15485 6110 439963525
14858 14867 -128170451
8521 8578 -327946725
18409 12033 -523855742
19488 17441 360395916
4262 14965 -201997506
10686 7906 -388626551
15381 8328 -911339020
6162 16025 -626226931
19471 13319 410660418
15077 17206 -694198390
4963 4538 -996845980
6296 19480 -155026607
13155 2343 754093059
9680 1305 -618786369
12720 17155 -61219165
13835 95 -547511486
5729 1780 -458387063
18387 15712 985375552
19153 7680 -280038845
6883 11419 989479272
12468 19767 363373620
19859 10518 264592806
5958 15566 -324912961
7303 3351 -356329366
6271 5154 723020404
1342 19227 -34341017
4549 753 606451046
12691 15399 532888991
12252 10165 814769834
13079 5095 -632121865
7287 13689 -706187105
10883 11028 -704979321
8664 12648 -200665526
8135 15842 -246683655
19652 2803 -552004069
3059 6279 -379766411
9375 11703 -431205536
16326 4540 883323305
13896 1010 231393796
10084 4956 -857825594
16215 1041 235839726
4360 10252 -870670858
7400 3958 -625417079
7506 9435 964214379
10241 15686 -565393046
5497 15046 933770090
13016 9752 -876008428
5770 16774 -742860117
1055 5759 -976150243
5983 16295 621456348
9129 8193 498892037
4143 5260 772519966
10845 18323 -269188100
2784 5252 19870508
10741 6935 849109429
13110 6053 -490130779
14340 547 -100042342
7156 4854 566663351
13853 253 -77432315
3007 8408 583430998
3505 8254 365877440
19882 8436 82784733
19241 19754 868312119
15689 1014 874896364
573 3566 665593628
10169 18464 -370073334
15370 15331 -246200648
17731 18345 -809195613
2144 19716 -460109877
6046 322 -947375841
6497 16337 650788069
5434 9846 78990889
5529 16011 249330818
12762 10227 388038913
4891 877 -39220332
7114 9732 -773334232
15487 7627 -57593570
6251 18518 -181168629
8338 2351 -805410787
8214 12912 -316382756
12145 18186 816296637
467 10114 -172436851
1201 11037 -910874404
2544 8802 -859077048
4905 19767 366013040
12016 51 -490794278
2459 10950 855800986
7082 17480 697588350
6392 6177 464248317
5624 10734 736867011
129 6015 -602835350
15443 4219 996628002
14061 205 -486538171
5760 764 -99438635
5936 6032 -482125534
13873 5752 -675833210
15527 14020 -283846186
1836 18928 859800816
5597 11963 -762919539
11363 1170 -557647600
12439 14512 -139058382
4877 11440 -84978659
1216 19604 -956243812
15915 12917 98432919
7103 406 -107536666
4357 3033 550786867
18582 4089 698557221
6026 8071 -500376982
17969 5187 939779845
9148 16122 -353689602
18624 1903 903774910
18205 1165 114843231
14868 8780 338123239
11594 15347 -591320494
11391 15425 258417439
13759 15196 -924628284
13384 15777 -983881536
17793 599 753739865
10606 19994 507017461
18353 5466 -533013703
2030 9141 800936733
7746 5245 -705595876
14005 13473 -288909643
1005 8268 -737419571
1890 6396 970079673
7342 9111 -596938276
16796 15197 -360803111
19121 7681 434632837
11534 6780 -713785195
16969 14713 950108768
2325 10725 -952868643
4929 4114 -260298924
11402 1631 37279969
623 19255 42526897
3352 10995 555900169
5940 1230 -36465276
12391 10315 -255400904
2493 13953 529159533
4545 18075 280965336
11888 1420 83541392
18373 7267 -769046428
17891 5100 -747694657
6395 10498 549179837
19347 12212 705831366
2376 13010 9186398
11581 14310 63851333
10574 3154 -998459633
8661 4713 -54199042
8633 3142 853106793
4452 926 -310590104
15740 59 848048014
17999 16342 -839422916
1291 3926 -647719810
11386 11080 -582210619
12616 14391 437237144
12544 19176 -896048106
13332 8292 -659707705
14380 15653 -792556527
11798 19758 -578408937
18438 15765 466384464
8927 14367 -483923445
13810 8720 45299952
13607 16659 114622262
5545 16556 -71430189
4378 5641 653293717
18626 11719 -890795226
19835 5018 480715733
4323 12250 946310993
3886 17646 892922074
12737 4506 637256275
10888 15723 952860543
7890 18788 -221536035
13689 3220 588575287
14027 14905 618023064
9230 12882 117834938
15147 13876 259337432
8440 11937 575788127
19513 11551 -474422186
1533 16408 -997133846
3066 5921 -670654393
8234 3695 -70797497
15599 4620 187190098
2920 14140 -485472159
14994 7880 -6575103
6775 16260 315817947
13457 8346 -637608411
6927 18024 -711398754
34 15257 911403244
3794 5320 -45666891
7199 9090 -297584128
14133 3183 -526499773
2499 9734 -448528995
8122 11051 583085850
6512 2695 121648952
17204 10124 -558465510
4874 14442 35455533
17557 11810 149847534
3625 6287 602889485
12242 15743 -489838831
12345 3842 929487400
6852 1856 512315162
4102 9418 -795906604
10632 11329 775741667
2578 17540 522105304
3381 1028 97382059
8189 8586 738878103
14352 689 26998089
7939 5368 -914142167
3503 2410 -90380384
15933 9748 -838913542
11898 27 332236395
16030 8349 191843822
19215 11471 261776095
7514 2675 -142231265
1302 5921 113339665
75 13206 704939837
6229 3085 -748536587
17836 5350 581278465
18482 13322 -486078712
6182 7588 868772318
15117 13660 943679777
19970 6055 883736099
3078 19371 -186500999
10981 15944 668355926
18012 4793 177300486
10295 15152 -737957270
13721 8409 210225077
12466 7790 -273820369
5573 19602 -637733780
14054 2583 -652453863
7498 2844 -44638153
7658 5201 -202512855
8062 10500 34041057
19448 18464 20438505
16284 12147 901029832
15685 4225 417778053
3887 19399 494169350
881 15010 -749399122
369 15288 -487444857
12963 5263 -800233066
6708 9146 756491687
12361 4465 569142392
16299 6487 667783372
8525 3796 -277197216
5331 7590 342631388
15028 3834 176016835
14847 4716 -908317393
1695 3442 212185357
14257 10882 -291877106
2126 17572 -680436157
14699 5238 609992866
14132 12935 -657978431
15572 1257 377596272
10144 692 820420325
8466 18602 -149120293
1004 17514 -80783868
12264 12000 -801645000
15298 4915 350857674
6979 18637 757767467
681 150 -882111001
18544 9012 460674996
11858 13175 -506626644
15183 9111 955741487
9215 5120 572760357
11172 140 -458071724
15750 113 691732036
8858 12568 635939817
17335 10463 -871838762
19536 19050 668846524
1631 1822 131435933
5136 9838 811903897
733 10860 -961356426
18137 232 -745397352
17926 14412 -204366213
9939 16987 433642386
13062 13878 176334685
17465 6011 955405208
6151 13186 -301213507
1818 10678 -58668151
1878 6390 329616731
5037 16272 360346802
11782 2235 403711797
8357 4532 291826867
3944 5673 32700373
696 18984 -510210626
16926 6855 38697680
672 18951 -835353481
3377 19401 208158793
10710 7675 -257647334
19361 10037 537995033
8789 14827 -689420095
2607 19023 124534972
7140 10791 -999639104
16788 10789 -431771396
15185 165 -899752662
11282 8571 -453525923
9405 17326 140213154
19667 9686 690247764
11984 17867 -889233696
19839 2288 -533534226
15769 1252 883658640
8981 15361 295216349
2483 9213 209672000
11345 12314 638168573
1775 16437 -403000314
13193 19047 -888531361
14193 10214 -90383320
14782 11982 -641406903
12986 15312 247939798
17447 5948 680532938
1201 1179 257514528
3199 15724 644837934
6667 10376 -504626384
5224 8295 -851948407
18307 8835 634089335
2263 4718 142984701
16423 2362 750509960
5694 11348 -863166052
10149 18222 -659601197
6018 6750 538964202
13333 18354 -665334772
8039 13324 450253381
10670 4563 -885748941
16709 15126 959888614
19200 5295 166743548
456 11473 -669929692
9765 3509 -74041603
3093 5492 131419757
19637 14266 -970282537
10831 14216 -83225920
6778 13110 -196889916
17733 5389 145282578
17353 13640 631279366
15885 12807 428081949
530 11335 784977571
4371 7029 219786505
1205 10674 -833685088
13587 16242 -499058350
8040 2297 492786574
10457 8529 941632771
10909 13116 -50972603
13684 10504 -258026883
10930 10869 681515296
11815 15779 -272824724
9555 17826 -250410688
18872 6102 381844110
10064 15046 519580886
17748 470 356460375
6324 16251 922471526
18617 622 704270927
11431 3735 -745655174
18651 12980 317387584
10668 16702 -722523564
5583 18005 -316020764
9288 10285 -501426520
13003 5710 -433018977
6789 9354 -419404498
15596 18256 291411380
16321 5867 155540488
14206 3312 746927571
17028 1415 -285651091
14942 11076 521596060
3417 16580 -800781339
101 9382 623553905
9233 17054 728842334
3433 19453 -377611710
9980 15844 31253376
9522 10774 727040196
18630 10918 294658963
2520 3757 -208382684
3743 6306 109382525
12199 594 451281385
16263 2652 -718719861
8241 16517 986505739
11038 3333 -270046514
12515 15956 341357380
13241 614 -662290241
7838 12823 566154050
16892 19281 -838508654
7209 14961 913737885
14355 10791 695585588
14294 9380 -86858325
10462 11382 -805067867
3874 2924 -135913637
14154 16965 394652581
6072 6432 -931765346
6059 11489 -114482786
5009 19385 -766406560
17666 3978 -732046231
2177 833 541243308
2388 19147 641763049
7560 1548 -895562747
1720 18727 -592692702
7807 7258 119595104
7090 10252 -629839725
4528 6313 -803753542
2899 1823 497875271
14604 13542 879198107
14671 9767 -951114131
8674 8055 -282484216
14494 677 651574854
7282 2117 -153302736
4063 263 -64497116
10663 18031 -551902882
14538 14755 -969618073
4696 6971 523946711
8841 1658 -270750333
9020 4967 105123059
2514 18252 -50346106
16842 8564 650220006
18955 1119 822769109
13549 19038 342540961
5052 5505 -474448526
13960 7839 -728230250
15003 12121 -584179847
12482 12445 -612390149
12493 293 -597696001
16156 13746 -111622598
13297 1802 -3969903
8885 8827 -18434841
3806 6848 170130008
10953 14916 -345635929
14203 19429 -579588244
11775 2033 447709507
5260 15111 -713492487
16589 7763 141320400
5524 18570 696220101
14130 4497 555088905
5151 14874 893013483
1659 17529 166999913
17788 7584 651624073
13193 18065 -528150639
10157 1409 708517172
3302 10578 -562574516
13053 148 -335097625
8265 11079 -970700985
10789 3307 -796726986
15599 12504 -489261410
19747 11979 132632229
10049 4292 -711612173
15894 19321 165075327
15668 16115 989876339
11394 10764 813424485
611 7872 -880157749
3821 17263 801607046
8052 6542 699450819
19714 9063 -60794271
13866 9671 -902679984
14341 14497 -54003412
1176 2505 772024491
12020 17581 680065995
5893 14 460042994
1621 454 -177625215
5440 9773 -986223528
8167 6095 -864077665
13157 14495 -122536715
17345 12385 636994601
3649 9980 172471841
4163 9971 -286990378
4049 8879 -77319867
19834 6684 806910093
14225 14070 -117394329
5507 910 -385398887
2272 11550 598150161
5277 17974 32434157
6153 8575 -32012938
13602 17146 -192977564
15406 12867 808447083
14592 22 118109232
9606 19675 74744616
13373 15830 119102279
18882 9722 -718425977
3557 6361 709030855
8429 13 55854725
4601 813 -885985524
11819 2677 -747288624
11432 13603 719558596
3425 4843 -399229137
17622 10594 -730952293
14410 18474 -935464895
18920 14623 571252022
16348 1219 -697732412
16073 13630 816436340
7177 18962 68920930
3487 1755 -377236075
7368 10608 127072643
9641 920 821252788
2395 3267 816905188
6924 16028 -545638864
17950 15716 709057677
15031 13415 -110003898
10882 14325 756422823
19978 17456 -939457942
15216 419 -217175371
4488 12867 568594410
330 9797 963528917
6725 11946 -353891586
15063 12695 -717280399
16961 18466 502095535
3426 3249 178006496
8756 12505 -959744441
11656 19750 -882733636
4751 733 949714726
7142 8955 240742907
12419 1701 -515227321
2293 3281 -107335230
2983 9533 105568497
11744 17477 507265284
11325 802 873975972
11557 1895 -176519008
9057 9986 -330382431
5222 10114 -102763974
12334 12304 -944922674
8920 10464 593693449
6475 12074 55357196
16505 9565 -138858540
5232 18655 335039807
9248 3263 337515688
612 15079 -157772987
14747 19507 29240031
3892 302 597350382
11709 6709 236362881
15727 5222 -940058912
1025 3673 725548802
14439 17596 -443459227
17708 6333 -162852169
5758 10717 974785741
12770 2086 -137409155
5085 4716 -470781805
16748 12970 -648599793
7341 2920 -441739097
7856 7628 -448486209
15668 419 -23998079
3542 5291 405493776
17944 17355 -963176078
19171 16618 -592790603
12028 521 -187868441
305 6158 448773719
1612 9376 -866806670
12273 10402 -776417270
10899 19897 826248005
14009 2232 898695935
17010 13894 -859827244
14232 16953 152366773
19313 13890 981307789
16842 11539 369209922
8775 16181 -808710597
19341 4309 351588792
15968 6126 -831233804
4466 959 246956618
11971 10784 107447988
451 3340 90386825
17883 6993 -427861262
10676 766 -253403409
4222 138 -303311987
17336 18252 -720355201
583 5263 312728348
18373 18700 -543664130
1246 12317 -367327004
8295 5798 896024644
11290 4433 -620865719
8459 15652 868670580
7371 7899 -982266935
5370 9620 426817890
15056 18927 -132161553
17779 972 253334239
6044 15203 -851702859
17466 13174 -408490154
1978 18398 494450861
617 19363 842965867
12459 9736 106913846
7426 18626 -368188100
13724 19275 571438103
13067 7159 -86742993
6576 12740 498612206
14222 4161 179568260
19974 170 -400824132
14841 2538 -817215466
14089 18831 466432259
2095 4614 213606268
2707 18382 -726817047
15022 883 189155153
11651 13699 -672090595
704 5487 -630233204
5943 9564 470408309
19155 11250 338177191
2541 16846 -374280447
720 18574 568318726
1505 17787 -271160843
2634 16764 400756231
3102 16041 268973054
12045 3941 -881329808
11198 9745 -668735772
9116 8377 -230167804
11507 6043 387308794
6819 18501 496682313
10852 11312 -9916517
14203 12739 737506349
1090 4747 -337617777
6639 14456 -771727103
819 883 -656173856
3896 19687 638828307
5967 13628 318127902
4540 4480 293112252
1888 12136 -895850478
11765 6228 -170013337
3918 11702 211299777
10197 13589 564541559
15354 6662 -840334833
3147 11498 -463098348
6079 18900 204701618
13952 4735 961677289
19275 12798 635881934
16325 1077 -986281411
95 15743 -110256537
16546 7851 -625180944
6306 16561 725413556
19678 7033 -968786550
15606 8939 253966982
2037 1210 901005543
18664 11512 -509585429
1626 4890 -879190893
18846 5554 800997900
7609 10183 -718095787
13155 14442 881235076
2541 8599 955607152
12986 12667 -510560731
11186 3155 -170574117
1023 13663 426323537
570 15645 -373863377
17181 3933 -112587462
5042 19316 -684068895
9129 11043 701357471
1296 16851 -140884613
12923 16979 259439197
15934 15505 965163234
15659 12848 -174663809
6197 12078 491588477
18370 10622 -502968211
8791 11676 218017541
19713 2575 -523349864
19511 5083 475528709
1970 12754 745933235
561 17665 -31300406
3762 14346 -928084087
5442 18405 303710716
556 6397 -811308504
7595 1296 -715977924
15914 10865 -333851682
3833 6832 325792603
19337 2529 368420143
14306 7752 424939290
5749 2686 367578124
5700 5758 -659614940
1546 19910 359891405
13468 2152 -838745313
18423 9389 -11339424
13079 5489 297839379
3830 16825 -556418515
7884 14839 -249574152
1121 17556 -476291832
12152 15954 811928139
18233 14131 62012726
8454 6833 84119878
4370 530 892208815
14974 11299 710455614
9606 17252 -643991707
14181 15757 -79800878
17583 11501 852224646
17449 8008 345831220
11186 18816 16533159
12622 14493 576499329
18451 5011 -37992764
5274 16180 825980796
16793 6103 -199967105
11567 7720 -722161467
14263 4244 -931446912
18486 13841 -288059477
544 13895 -958606840
19733 14401 -50618130
3832 4578 -963292223
7409 11007 979484674
10272 18648 -469341099
9945 16433 492667383
4072 16742 -173780401
11730 17110 -607609717
14767 16067 -767861479
16670 18384 -150722311
5212 15245 958503853
9054 10448 791165846
2879 449 912291240
5896 16206 435872962
6334 5475 356583138
7744 6738 528670529
15910 8039 567126825
12967 9248 382831508
6479 12833 877472758
17082 1104 -890717708
9884 1054 986791491
14369 12639 91986203
16594 14329 -96775945
8647 14949 -736399902
17980 2436 -877241682
144 11660 -731378937
19098 9344 -527746726
4682 19224 -961939519
15522 16181 422933822
8740 5716 -990932228
13827 5181 265077181
3429 6663 -914615765
15908 15507 -146298922
11885 278 916994372
15686 10594 865430058
7637 4757 -878055102
11561 19126 109782129
14622 3092 -382271939
15555 683 534645055
11422 15982 118494676
12190 16532 13758920
16114 13338 -268683486
2140 5391 538989816
16779 16172 794125748
7262 11209 -583002693
13527 4863 427040912
12457 8963 -636103775
2868 16868 -427000827
17072 14439 618048556
2406 19999 200139533
4375 11298 -858847456
17996 16221 563308454
12804 15691 -420022267
4157 2066 319488189
16656 12925 705602023
9530 11692 316838490
15372 19053 -144143918
7582 6438 -993582255
2569 9415 -456103609
12225 3767 766556598
1745 1330 941651252
1165 8627 405527192
9262 15338 -842769581
2343 834 495253486
17818 4329 -155811431
4326 1158 -861135381
16301 7643 -104390322
6154 17762 -916959471
15869 3523 -4850033
341 18457 -431531592
7901 10939 217161691
1449 4919 -653293308
6144 3422 -306397223
8232 11127 15801084
18217 3165 -236224014
9883 7014 -712894777
2012 4284 416716577
19009 16755 348861700
1856 5597 612265615
3736 14589 -468059419
3228 19730 145844060
17745 8653 -682734741
11314 3802 541172149
6980 11893 -669447184
15626 18460 458744264
4480 9381 42538300
17515 9419 -916953841
18702 295 60885183
8924 8660 -58822267
10896 19113 -703362476
16851 733 -981433036
15176 6170 -492527435
10246 17059 -826822520
19091 1693 699703149
4864 8425 -73983333
6067 3002 -671819183
5089 3326 231715526
5825 7398 820465484
11960 14451 -44676153
5368 8884 -780406995
18973 6004 66635724
4844 3387 250203461
19716 12396 98648451
18350 19549 452554237
1783 6081 -89281974
1535 19264 128679522
3717 1931 82297927
2817 8577 249643895
11167 6071 175648124
407 2192 954965171
9182 3613 -441305065
15977 10347 959012712
11696 15062 5910598
6344 18240 606317855
2231 9857 463043618
14758 19467 -28349804
4160 18125 60842737
11171 13663 -477728778
6387 362 218711742
229 13989 -174100262
16194 17721 484399277
2805 15463 121197519
1374 13363 -110539069
4900 666 -479412023
2213 12718 587936817
6666 4583 -75425662
14187 19599 -558041955
16424 11485 -90769850
11366 17295 -496666414
8604 9178 645769271
15 7640 -489618409
9739 12435 -54415505
9365 2223 603289242
9796 17083 525007492
7250 17077 248119010
5203 8501 -765343367
6449 15923 -531084315
7774 2663 706572811
5420 7140 -777978950
6944 7494 -149882265
18465 6078 865605661
4638 7999 49759403
979 6684 -591919292
9099 15881 160426885
15976 14495 419253317
4963 4313 -744561747
7244 7677 -893589059
5050 19624 -737332574
16738 13874 480825959
13103 19728 -975995356
437 12425 -51985511
16453 18874 544047578
6210 17945 319687857
2389 8748 -927047552
13324 4109 347451343
7049 19234 -983361668
19701 7513 -816067647
18313 10790 887573831
10868 16820 853238282
14306 128 753430380
2677 335 679804392
4434 17894 -924540898
15114 5947 -556127220
17446 13338 361434328
14071 12018 892121898
7517 5 7824620
17149 9782 -703412909
3715 18840 329652417
6414 2975 -87401070
16121 5065 296033486
13394 4235 -984143910
588 11562 886649136
14531 11097 520305532
19577 12931 -34040626
8701 10296 549121917
1014 3132 53269429
2163 17086 -379007380
15230 4357 -138750557
17821 17755 173717487
829 11383 -106398925
19609 3415 663859561
19973 17977 -380592090
16955 11114 -607203402
6262 8402 -636277133
17304 14595 370693868
12875 4660 -578240868
17342 15525 2628735
2958 3113 249751607
13188 17123 173892915
2690 18648 -406065480
19001 10233 -633999764
910 13721 -586125463
3608 1454 -521027139
14936 18620 -413341360
16256 5363 619446343
10148 9980 -243964418
14133 13200 444489630
8793 927 394010197
2598 13908 965260651
6322 13692 869803962
15575 18084 -679551882
10412 8928 -430941845
19654 19142 715073503
15940 3810 891773578
17529 10189 354344698
49 5248 -389541094
18438 19064 -499951341
13583 2298 -512506601
10218 6036 -318919361
8009 10080 862962858
14849 18877 548562040
2344 15933 863022518
925 11336 -307020296
10377 13003 731776021
6258 6862 -735324885
18370 15179 -513280276
2274 3490 89299045
936 5593 347856426
11636 5619 253223054
5892 16107 -563258510
13186 18609 -996271282
15058 9836 536921743
15622 4962 -24121490
15756 3894 173670154
19901 19339 170928544
15968 7308 108966599
7503 8879 -975940095
492 15436 -81171037
19501 8640 -293834388
2360 12631 -799871310
13902 16554 591169162
16859 3534 -551458687
8426 19974 -958930406
10161 3808 107344052
12577 707 -194570039
13861 11982 863396205
4590 8374 591618522
13783 7035 290822692
7732 6734 171552095
12769 14780 617236149
9587 17086 -270927013
6082 1187 289417936
11307 17426 456429022
4824 19186 615452739
19837 7747 808660129
272 2578 -839574191
14869 14442 885966778
13957 2077 -705818297
5794 8826 -548127568
13096 11330 981212172
1667 16741 250400268
10598 2352 167885883
9482 13372 -734904525
10862 4762 -967360402
15588 14278 -704268767
8040 13190 110752386
19067 5207 812612576
2095 6044 -22698516
9585 14810 703626635
966 9142 882030198
15518 18662 -135505609
16622 15722 46468228
9970 13023 -651943309
5372 16755 769976886
17073 99 -84943480
8327 8087 -508064192
17584 7653 -766069798
1478 16294 -932961474
17419 14981 374430838
19173 15132 -346092248
8808 16606 129459502
2753 11549 -964984842
7638 18968 618975242
12845 18220 85630850
14891 10818 -633062077
18303 13669 767828599
11721 1864 605620467
1214 6366 167485962
6685 11820 328185157
3641 278 -483612099
19327 18774 475178688
10369 18483 -816987408
479 14245 322625566
16723 1031 446590084
10578 14269 -451015895
19029 12729 666892322
12794 5897 -876492202
10744 10672 -754044044
17436 17062 274476559
18970 1449 66171221
15957 7106 -966346291
2989 15035 997152863
10232 16738 366833719
18295 7180 -214216943
71 10861 -36024614
11440 17859 170282854
2910 7744 -695974149
18744 2306 -870165210
11235 15267 273406686
13081 13233 -577795399
10488 12700 811621315
18708 1616 -846037055
14953 9251 -601132135
17187 15470 -392790277
10978 4044 875946575
8501 11127 69344273
15354 14727 -138941832
5887 6754 -470529227
12095 9470 165536211
7745 8161 707177498
897 9000 555490764
11946 1967 660287421
10685 2790 -123499476
1148 12557 -994313848
12639 12113 50139411
4420 11278 224723465
5835 12533 811410632
11134 3532 -334423883
3984 9875 245102816
11850 19966 -981370848
12721 594 727823156
14111 10510 300464676
18569 2375 -887476846
3724 12093 -523169452
19801 3930 -453537595
3012 10378 508468286
8560 19159 38447494
12204 5661 477071509
18390 2679 94191575
3343 16927 -741848121
4845 5603 762995083
11438 7348 353468955
16434 12679 960903596
14273 15966 730225088
13520 6989 76375757
18742 19315 932419651
7110 2092 -274820576
8030 12368 -354393998
9559 15009 -26711067
2424 2686 -230131206
7190 16310 -79515212
2215 8683 -994912887
5695 7750 38013795
1234 683 654113847
19208 8242 -619410497
7919 9349 693897451
9375 4904 -568914879
15936 5199 -659337606
1142 3146 -523521469
3986 3446 44229644
19880 16175 386085252
2879 10094 376943828
3250 2264 986175744
4671 7231 -465107801
16723 658 627576619
2127 17553 -760723568
1876 12470 -35929009
7430 17400 -493757267
4441 2619 854401380
19738 12965 75556215
3222 11393 486609156
11327 4291 891492907
14914 5822 571328263
18922 798 680136631
5045 9680 891235609
8959 7457 953441024
17401 15466 -461408457
2752 7770 705200367
11965 18651 -936773827
9386 2055 244906713
17983 4991 -291434725
5258 19313 395865611
5755 2512 543913369
19661 15267 -198193332
1600 11491 871115759
896 16776 -875691056
10308 4639 231104057
4946 5931 -600906433
10540 5146 -587471632
9707 3552 -765247144
8717 3063 287180817
3747 2601 -238804119
4004 3967 -816812475
16150 15883 -920322518
7271 3030 879386921
3724 11205 628605979
12883 5028 -809637072
17222 6717 -574504394
15340 16417 555950966
18600 2602 145071851
19174 7004 516493168
19489 18591 -910721182
18028 3145 498407778
4732 7059 -985604338
12571 17313 -98552138
19512 8794 -331851173
3886 13638 -139123022
5094 13963 630612044
6534 6782 115746949
3215 18868 122942053
5919 9668 55724139
16983 1586 909312874
4042 3605 867349651
19409 2902 -273189177
7247 17536 432524533
15225 9030 859454336
7775 10438 725892248
18128 17196 -978422930
19752 8850 -758905168
10316 7624 839103839
3816 3392 728721349
4678 3959 90042193
17127 13811 -831200014
10671 11250 -445738653
3943 18630 -438430354
16358 3131 847854746
3083 6134 409644879
4294 11355 -675491678
17726 6593 388844448
6848 4995 -717488005
6515 6195 -703576859
19221 17165 -666970579
9594 11308 862680141
489 8280 -352824487
5663 3479 790441787
7441 16923 476236332
14138 11085 -325719872
7745 12630 -609957381
18652 16086 -936338255
5632 13829 -90463819
10763 46 -927607489
2337 2581 785614688
2936 4520 -221732141
9088 9287 -999291325
2220 7599 721705297
2269 12150 152559271
593 10588 -628840310
13907 4852 328074185
17440 602 733243737
8906 14848 714630406
10853 8410 -256586477
19145 10505 767372696
14886 1615 820605338
8802 6496 -362089244
959 8359 -789552157
10661 13181 -299314168
5890 12215 18987725
11309 7126 -561608077
5681 15115 -74372148
14479 13615 -187349078
3781 12366 483777510
14468 5748 757442922
15192 15051 -902577867
10898 6547 270398663
596 16983 986496152
12511 16880 19666168
1599 1317 184783883
11587 14070 -392263445
13715 10391 55747154
11577 13241 -643792656
4372 14268 200502932
9016 1425 -703066191
11431 13885 -316874221
13319 3449 421306902
16304 3757 305170776
1744 12361 788069148
1546 565 24001830
5648 9416 -184646278
17542 7573 471838152
14337 14559 522670674
11464 16570 -701500966
5684 11146 898307883
14984 19743 338534498
254 19480 -118357993
13440 17886 819504504
9111 540 754797181
6468 779 -918263976
14364 1248 431635377
6956 7632 -360459430
10005 4457 -38580639
644 14753 -583586338
3689 3565 909942299
4398 13365 -485323670
14720 891 732639146
16030 3043 -739169538
13550 16511 -774302204
1285 18852 240367564
10989 4487 585254750
4426 599 -295419632
9718 14567 266915863
2458 1038 155243364
896 3192 876280421
12610 7747 -135465929
18787 4335 535955644
1799 15104 213002046
19811 15872 -503423854
976 8781 261065256
966 15053 -270342490
6777 11747 -620269401
3348 18736 -127918229
4553 9025 -592637707
726 19837 264673399
8331 8903 959388502
12619 15569 17411941
12581 10777 332353672
2926 7038 338393030
8361 4913 -625327426
4871 16958 82667204
16306 6936 877613298
549 18035 -178102057
11470 10157 -370494233
13394 3303 -988042167
7210 9145 388287612
18455 1575 304567171
3798 6241 -245957799
2283 15171 -970280199
7884 2917 -111466968
6106 12500 358311019
7176 1743 -90741776
19253 18236 -169182790
17178 11715 -143811667
13447 14390 915002062
5397 4612 -923833241
4892 6424 -565180839
18744 9719 -488664281
9554 3480 493857722
18546 18214 284576357
14517 5991 -163976684
19901 13197 798518121
8816 18888 946717756
18483 8789 -587052252
13771 15824 -722962500
10407 5026 -494070891
7707 13855 -275037833
12234 9661 608729484
13396 15062 -897569821
734 9064 -193806535
9641 18592 -826148575
18224 8652 553669499
19093 8562 208257852
13704 1658 298678135
6382 15300 939549050
8079 8276 -941639078
14942 8259 2947979
9469 5828 531085153
9883 17468 -393898083
10990 12193 720550502
19137 17186 -636536505
17094 3771 361009457
5155 12865 11146038
9110 19248 168002272
17419 10112 -328036465
750 9451 564035417
4672 17234 150308017
12424 3618 -614255908
2954 8065 -753062887
11549 18606 85141308
8505 16913 -72138184
17347 5537 -513278616
11435 11953 -799535691
18550 11732 943341809
11008 13604 -681199769
17013 9751 380654772
6161 4988 4377922
10731 5878 692638174
11564 3892 786675838
12462 5294 -13832539
17195 11959 -818529347
13567 8 -766587515
9071 14518 951709167
661 2511 649898505
8220 17095 39134789
13076 2721 782279547
10411 7287 -52290624
14552 6922 -110370280
1869 18581 -739441496
2191 16620 248759077
5309 431 -352675493
13972 713 -780306172
4172 5125 -108773305
17506 13483 889189861
3870 282 113483396
4004 14814 -735090708
5645 18467 -802108297
6624 5607 916998989
15930 1421 -145514868
1496 1848 770665845
19993 384 -937572727
8617 13220 -81825758
17961 6576 -984142602
6233 8651 675530563
6416 19314 925946673
15286 9519 -706767245
10192 2746 -814127783
7450 875 -580569801
934 1842 -715342967
15806 17276 -700179268
10629 2003 576105329
11129 19917 529771210
18857 11722 -310899015
4045 14140 256944360
17298 17261 417776797
4046 17952 98116813
16378 14261 770050546
1317 15006 127198068
12660 9382 -785141591
17710 14342 990685576
1037 18820 -89742796
9570 9100 739934384
13356 9048 -422820124
13190 7403 918760186
14555 10536 661860679
11865 251 -796474654
14898 9420 -223542655
2004 15608 177403612
17266 8041 706137131
9156 13774 -476321558
15246 11793 967826786
13377 18198 -441238544
13604 3583 473769635
2429 4068 448401875
1394 1951 -787717041
8313 10352 -150581257
2980 14931 -71619693
17485 5823 34937213
1010 15451 869668941
11499 8863 352267990
12487 2109 365237216
12742 18684 -491709926
17553 352 -719919484
18153 18192 333860267
11161 10359 -63480667
9942 3266 251719426
10250 19672 -427640282
10128 13124 -849495992
16930 14124 -408840989
11822 1786 -604333144
5553 11947 -260899201
1953 5878 -49320026
16435 13842 -268489254
13752 8067 787235919
8888 14126 447077739
14056 9008 691863370
3599 3076 474288362
7273 18661 -274198165
18343 15539 -329813085
1882 3094 633622809
8767 13175 227784815
17203 19968 301284814
12915 12196 279126608
12942 3175 -900831935
17662 15763 180638441
9863 12372 -856239071
9406 9508 -28477224
4622 4204 140071730
17111 6017 -150855226
3845 16473 -119717027
10666 19817 -361283146
14225 11175 -529143274
4760 9624 513024900
9345 112 979313607
149 8239 984645250
3768 15481 52054286
3044 10537 -719142244
18587 1858 711654884
17493 1920 131141826
15603 5665 32907822
18919 5497 297459601
10237 17862 109290045
833 7003 -692521302
10445 17961 -404281034
2181 19414 621708425
14162 9556 865973475
3210 16335 -117405826
4299 7913 -964234546
17394 18497 937415415
6613 6356 -362469326
9513 12883 -965734279
11512 17909 793236976
1720 17421 432488437
16324 4459 -362314990
14250 2977 515337774
1130 12660 -425963852
1236 17898 700116008
17812 12315 415458254
3634 13696 -645859090
17204 9121 -589634250
11511 8287 72728777
2591 83 -343313281
2470 5165 558962955
12073 5262 517640227
3197 5461 -512870848
13722 7885 -279902708
19750 12568 -351104137
7854 15810 901454791
10750 17899 -371915513
16342 18215 -398349420
17725 9905 415279567
4630 14051 -988138092
9958 16980 857421647
6332 17753 929340620
6187 16580 -502238736
11928 5625 -254272014
3483 2316 -500669942
3932 7644 -684304108
6126 9768 -141796474
14396 18773 179231283
5496 3781 68824306
13881 3076 55208167
11062 1529 422016104
383 18337 200629470
12575 14204 -230938840
19427 6546 949608319
1764 7781 529172248
12645 17972 668141050
11234 18617 -633554203
7944 5747 819364833
5904 15497 804792120
9402 10344 849098216
3001 12874 -994615947
8696 9074 673120575
19679 4343 184420796
498 18229 -430415399
18428 4808 -49147425
10662 17390 -196074666
5902 9554 -963116599
4383 5941 941827530
6031 5613 -947420608
17444 3201 864811294
11272 12157 -923632286
10404 5991 594023022
1568 13226 -912825993
7073 3867 -369185985
6582 19002 -678067607
19348 18916 96941694
10906 2716 -278093008
9186 10855 549323453
1155 12131 190726849
4444 18354 509804251
9918 14194 -417390477
10585 6573 -331639636
9350 6676 112358786
4233 16523 -722888684
3130 1431 -960531464
3489 15908 571114032
13348 13983 -193665177
3582 4541 704342004
17151 8163 -74254324
4001 14462 81493268
8686 17549 -18307282
5097 6452 120904476
1686 6299 -29982819
7893 1250 -941586878
10803 9777 359587602
15315 3539 -750082177
3559 16943 946918028
58 4915 -183376303
877 13175 621591621
13014 18875 -609136416
6206 7155 108371819
1394 11997 -520032313
9205 12093 -438560849
9623 17490 -315263721
9392 8990 653974661
1055 14659 -805369852
11587 19990 198730331
6158 17295 432295833
4283 8231 -150800519
19321 7128 -390702147
5906 4539 -67174646
2202 19782 -74799126
6743 10345 808869393
12068 17417 429653847
10588 11888 -196484117
7230 19959 6788574
16546 4973 -432005967
15006 17253 -598229822
5517 19597 -891060420
1077 6124 602782411
5670 4886 314444632
8078 5457 -681197915
12933 10793 723316994
12322 5552 487154421
5627 6193 -738372039
19283 16692 -922550088
2281 12161 708129387
3006 9220 85842981
11158 3311 604669378
7809 8613 927333515
9738 18427 657101211
3806 3326 174946873
18200 5802 -797039146
3908 19486 352001524
9799 19503 -267137388
14731 19921 296831966
14409 12114 22985450
3088 3970 -739082136
17506 5414 -626236774
6760 11133 540086518
15148 10315 388735767
13036 13797 136382857
7671 1382 -902055290
6883 6047 656176712
7164 6563 863888926
8067 15213 82527067
18857 9602 225947105
4135 796 -398938155
542 19792 958148197
737 1409 328843346
5990 3522 973646009
6660 844 -580383230
8632 19744 648880325
11486 6287 228178131
12281 19936 601422619
13217 9292 941706084
10318 6555 -725547511
10656 18620 -296203783
1216 17132 -547596794
10553 6872 98660660
16617 14641 429422136
7068 9136 249439048
14025 17802 930146243
5695 9082 -165367944
8017 12429 -642669603
19204 6987 -748185355
1071 12109 185645859
4128 5672 604269538
8673 1337 162238342
14359 14543 -435700722
6466 4783 188702912
19875 2067 -452465705
14092 3149 -957337380
12925 2223 292268714
11768 14135 431416996
2155 2906 624699671
15521 18359 188619471
6136 9463 -830822192
10914 17224 -738738740
17585 10171 816605298
3720 4186 449384625
2072 2917 179168082
11156 10682 -733902254
13413 15398 -459042339
8903 15938 714726981
3558 19328 -748937153
13630 10499 451521754
7939 13810 -947840154
11641 14919 -468769892
13716 2750 297597501
11339 6358 -503864360
15604 18763 -419475866
3277 11178 379856354
15502 18164 -458281329
17412 12265 551731573
10043 8592 350646313
19916 12764 -574264942
8848 11728 791744781
18431 1430 125092606
2680 16334 -174651607
16871 62 294704410
8389 19127 593338298
4758 16225 -173432914
10270 15419 -756754162
19132 18555 937301502
3243 909 720745448
9728 1504 -799280785
1003 95 -766018523
3664 11605 -872976905
6381 13066 -798178079
11216 18481 -669148512
17704 15761 -721200084
3999 16210 -277637864
97 4715 -60935438
10297 17965 -406043911
1935 1395 -585171899
3990 18418 740422954
15020 3913 -573236061
9316 19860 425471030
18854 9677 520589804
18427 242 699367660
19726 18705 -874388864
9711 12911 448106468
11951 9512 949350871
9562 4040 80749168
8240 78 -414851345
8123 16687 864585191
850 19075 -445912213
4620 5144 332848340
348 14734 -351116468
15456 7574 -355414846
10241 5792 664981126
9282 2338 95482590
16645 14570 -357715460
12058 13833 -689210379
17504 13776 234143682
16475 125 187655536
10933 6645 -217301234
19582 3139 -164739224
13038 11656 -380319044
11435 15541 429349535
13958 18444 -552615082
1349 16924 -996776931
11516 2885 -733746756
9084 4433 -794400557
8317 12112 -316183461
18928 16514 -677699822
2288 6419 -126698123
1902 18119 926624377
8083 14034 334867073
15571 4089 763999376
19438 3397 94743224
12963 13822 30133332
1689 13812 874252690
19091 6191 -784554822
1725 17468 -235180015
13283 19906 -441252268
16449 12353 -201122280
14604 16611 -856458653
9817 13111 -354177382
8223 12056 390062316
19635 4451 72499021
7157 6207 -512527912
12434 19251 -224439783
17455 13619 -919936854
9528 17826 568803924
10872 9504 -951544649
13098 17770 907861268
16491 9735 563557800
8017 7850 396699376
1549 13313 3200748
312 1341 -123137892
4597 17584 662038967
15819 12542 252790903
19730 19998 -247584828
6619 18020 81457594
6999 8240 122007456
17282 18325 -524528992
17270 14546 -293271169
19590 11973 730160437
17332 2917 -799008418
4166 3518 -674428646
14560 9156 742334571
2389 15925 -26680601
5472 3980 397727658
4418 9868 -917923489
807 6274 -695717307
189 7891 129159474
3727 12272 -298071398
16467 5826 630125074
7491 12717 596523732
15724 5086 -859789539
3147 6815 -453976336
18161 16671 269988012
8773 9999 -154393163
17856 2361 760322712
214 365 -327197030
8281 7408 917999213
15000 12837 463536444
13469 4899 -787660501
17868 1283 -502137735
4646 18604 438024799
12994 908 -541562811
4662 10239 -629459622
14074 11535 -554609146
3655 14104 -534446070
168 1063 840412068
6586 4848 445858296
6677 14960 239402969
18227 12988 -610489898
14080 13801 -187608305
9561 177 392043210
6924 7629 17203695
14639 4026 229993712
7055 17397 882437197
17173 2834 956018500
18909 8932 668366771
5905 9479 -436806272
108 6630 899977400
12256 9519 -390732472
11439 5660 426516731
11504 14028 -770773776
9488 12223 -572151217
744 6176 -257784015
4533 19797 -467367322
3438 14757 293473560
10356 5563 -220254840
9587 15008 383230243
17525 14121 -51570133
2831 8151 500336046
4026 773 277616150
15241 4311 873167579
4673 13240 -949866398
1155 449 224482103
3650 12220 488443928
1283 13303 366957955
3155 19208 874464525
4044 14698 810740278
7527 17495 187630369
18755 16553 -733174762
3055 13739 403492982
4723 598 624075247
409 5101 526162336
3168 7488 334095390
3778 6091 534941204
3002 3890 292043043
15066 6614 877016779
270 9043 423527559
18218 10079 431707789
8258 1627 -966468436
7982 9604 -416076627
3481 3641 -714568598
5105 14332 -325995320
3426 1871 -573077629
7069 7378 747302599
6941 1848 706278881
9344 2307 -346318473
8185 11872 585713790
6542 2148 -103160091
13566 4371 -893340161
14800 847 -779247095
792 16468 -537516681
5824 1819 -359352335
7014 12962 124956305
17288 4647 -789191022
15226 1811 -986869587
10733 3902 295283152
4540 9316 382156515
17355 7911 175425839
1251 11652 808095336
11036 10782 30832995
1724 10540 -749407729
17145 16152 -338308889
17524 10603 -939846210
15473 12650 -622307686
6595 11697 708555691
7822 13899 -710399910
19267 4803 776916628
7105 5507 991332235
7078 17310 794903419
6204 17221 115960553
13121 15693 938011289
5973 5984 280381172
7979 16536 497146587
9505 18599 40632415
14089 15680 -662916910
11582 11820 915481525
19248 18052 374279717
1445 5992 46121914
2300 15013 -769815147
1465 2741 -906349331
10001 18691 654765425
9371 16637 104504629
2308 11986 -119744016
900 1109 18991307
7528 8495 681536201
19948 4162 -480148717
7358 16843 -329237444
13370 19285 528701350
5182 15261 -218255461
3703 9461 279987730
6018 6431 125047269
1971 1327 -992337664
10614 12712 -328200974
1370 6219 422452356
12373 6257 -904178125
1616 12206 218770125
3711 18700 318363166
6753 17146 -875286812
15790 3610 338955365
15401 9255 450155078
19453 7059 540372791
17774 3931 749211113
15585 19818 670621809
2687 19774 7190597
17485 7095 -674166515
13071 3090 -520661391
12514 18628 -766442312
8367 19570 365735597
12200 9044 -992488567
5588 10660 794702459
9893 12917 321903599
13471 1990 -15823597
2630 7044 206573359
7416 5090 -179269185
2487 14954 -815664136
13606 19523 -810489034
14614 6280 -671088850
19208 19364 222928017
19567 15834 558196499
18922 14468 -755384968
13737 9819 210953705
10313 2378 887343579
933 18145 -626344614
16786 18597 -191786260
14671 14861 -887324636
4721 3296 144889665
6126 9398 -284505941
14552 5749 484282657
1409 16560 19645818
3483 831 -175596847
7025 2149 325972795
9347 7214 -239727822
16932 12303 227715373
6800 6799 499917866
16745 2976 -785310178
11330 16156 160806851
8989 10 183062537
12837 10734 -956598405
5888 2133 904076241
11857 10145 -134187424
7834 2677 -616026850
15509 1681 -731127463
19259 8706 -839815843
11325 10733 161271995
10232 15742 495024334
9667 13580 623678769
13755 13789 -100471766
15129 11236 858440139
8290 695 -218624862
5694 12288 317988027
13425 16092 423796392
10879 2518 -794639841
5457 14596 -224105632
15748 19904 459197057
543 9588 776912872
3488 12938 -129359781
12372 11800 -655102371
15943 11621 694370769
13091 6727 230019525
10904 6 -712645285
107 13669 -29119685
5411 18501 -614126781
16411 17487 -369774135
10404 11999 -903283471
17354 9853 788172225
6127 9123 -264195855
14494 1287 -637336307
18408 15008 142568181
19917 17543 -688378049
9804 13642 -676609356
12012 9730 -394706600
10685 10062 358573921
273 13964 469362550
405 16751 -570335690
18333 13814 -550046712
16126 16178 552736303
8498 10964 -749102407
3336 9487 546668534
4367 12609 389279956
16307 17472 -518996667
10062 17748 689437364
16174 11893 88436333
820 14878 -593231736
1090 2848 108241547
8521 7972 803439450
6889 8031 -640434328
6260 14844 -217591896
15506 5993 465457136
9695 8242 -660449802
18139 5561 374577241
7245 14059 -235012171
15744 12296 263566561
2624 17125 -180891510
17704 15377 378140469
5996 11265 346201359
17725 770 -665257121
13879 15925 987955225
10870 10766 -885245529
19762 14004 749027387
6381 623 6916848
2938 9360 -204400844
3731 18311 111910733
17695 9453 -646025648
18152 13326 917294419
16889 16985 -226297224
19373 8668 -657590228
8648 11818 39069286
3899 3928 842413085
12905 2010 -767911449
19278 11820 -311872038
18556 7655 -512491089
18260 16754 932461945
1878 5857 -959550210
1120 16380 -34320017
12683 1924 -445988350
10522 16670 -137807354
13781 10738 477000744
14862 13738 804430840
7726 3021 -59476368
1236 13401 627595428
19338 17502 684383655
12650 4159 -184156975
3025 10337 135287909
8039 2403 -770992483
7296 3841 435049392
10544 3524 662751
4236 8302 463135466
7272 2895 141968495
16153 14567 53188036
12461 9685 979955249
5270 7110 813363381
3007 10442 -15535895
3702 13816 -873427520
9431 6219 265793429
7168 5827 -132680055
16182 10319 197203334
9554 13897 833827265
12546 12507 -265986917
4550 7774 -414575888
888 823 240983685
19388 19368 -209034335
2905 17496 -705182480
12981 13490 252731815
8923 14987 -949127220
19731 12232 -880237723
16192 8413 -765540793
16798 17136 -985377140
13761 17834 -500654679
18971 18257 -604466480
18372 15440 46215469
3743 8804 -69344371
11024 4364 -676402214
5173 11930 365661628
9408 2883 366441237
4101 13085 -62832954
11382 18005 600751673
16696 1326 149579410
7290 1325 935375383
13141 18719 252986308
14200 7390 -567881347
10550 83 -154661156
19472 17340 771938873
8685 15545 -231981381
18827 6976 -185161144
4697 2089 707822011
463 18877 679989796
6479 18806 -423535368
9415 11483 -166727374
4911 18116 -397700750
18062 3132 860486502
19106 3089 -287940452
19306 10466 429528478
4387 18734 354302470
3551 3083 945640263
5953 7579 5889177
10798 4945 -323260343
7689 19800 294677887
2057 14435 752113158
6069 12478 800539541
7015 10934 -310839543
5653 4562 -813772625
13699 11586 -948019208
1373 17278 -822008505
13919 12476 -924748508
7712 14102 -25749261
7317 15511 542501831
2838 7057 -998256168
12272 9519 136139706
4546 4875 907815512
10499 11226 608051747
13822 3015 -787659995
14581 11522 -725267463
60 12740 685131916
2284 1803 974589126
18494 904 564885528
1440 9450 348871136
6832 17326 609106698
9337 14782 932382841
9852 11617 -849556865
17030 1245 -57416480
1793 10746 -176902074
3784 5883 641625852
19888 8365 148747586
5578 5047 -177463293
6383 4955 -4551040
19675 13311 775464434
9968 15588 -418524821
41 3151 649515335
6832 15635 -17433949
13446 10932 -36268578
5822 17599 -129803557
12686 9154 742978535
1851 6874 771485766
17567 10218 460993179
10726 9462 -630460804
12592 16106 428513637
12035 8843 -316379908
15782 2891 -189345738
10749 6723 -141170798
1399 5215 -216291842
1304 8973 -526974795
10608 11326 275208686
7768 18015 996706133
12925 657 -620632756
17948 3523 825372581
6584 14485 819645108
4830 16874 564254828
7443 19151 -444577210
15544 11116 -636746747
6441 19404 31083144
7100 14931 477445176
8678 16298 -886699155
14841 11281 -329049864
12321 5047 713090698
12509 5148 -619516773
13905 3185 -446898801
18287 18888 -647214056
10739 15477 -290729985
1521 9535 429135810
11592 5247 -688109181
17061 16093 -827466990
10806 18219 537908861
18140 9176 215108742
2295 14253 -748057741
13713 9117 -583114172
14676 19569 -179153489
8581 14982 642511258
3410 17950 -344049876
951 8293 952983493
4817 14212 -752991792
18253 10873 -113299048
6852 19007 486931221
13164 9844 556855550
13603 12435 -537574105
10280 2887 359690812
16910 12878 -675683979
8229 12631 -37877152
17839 15173 368451701
18088 10055 465643795
15491 9431 149273663
19381 6867 407032536
10646 1269 -695740312
4835 10731 969965796
4335 16628 -484221701
18744 16986 689754330
8575 9871 599869066
13634 19920 -635330866
19388 2011 -457762168
18685 12979 -309323041
123 11406 -539656429
682 16937 136328598
14274 5342 851993990
6337 2413 -714159011
17782 9594 161226608
5210 13959 -908527094
3961 4338 136998016
7622 14529 -517146031
19910 4627 -535684798
4492 19669 346936129
3830 7213 -479827126
13343 19004 -75696289
18498 6623 -487388051
12063 626 97622825
800 11689 267094741
3520 4628 -135357421
10168 3650 728377684
16112 9859 994142316
7844 5950 -385932244
10555 9050 -191579464
17330 16807 200719767
16718 3260 -884802693
19924 349 656793965
6577 19397 -867275525
17474 6588 197855009
9742 111 -99839584
7991 4456 -717246796
6248 10041 -809215275
9498 5169 -785056668
8692 7134 197520577
16942 13811 79319471
14463 4083 742200404
11007 11435 856610788
1511 7808 380653866
13032 14563 -771101453
13066 11326 640163793
15086 13466 -657972964
3022 3764 -965908182
12296 3742 979435387
6070 16104 -807794166
16988 15460 -246027509
6515 3338 830521979
13500 14676 86665893
3463 3876 -439661055
14432 17889 326195786
8659 1799 757669518
5687 6523 173396590
5000 4730 -431362623
1715 10921 -478772732
6659 9464 -140569658
12438 11598 -485859218
10673 18856 211477895
692 38 -636284025
14966 2367 -276137880
5266 15873 -480552875
9741 12929 850583154
13992 19687 817720925
8991 1829 -522490565
19836 9971 370714424
441 11733 -446932649
14263 13080 -754852155
15773 4354 -328323623
6182 13 -47648002
2825 9040 -223703699
18619 17462 -785190272
15832 2654 797955389
56 2802 -575352125
3809 5350 667739259
13843 4192 -178026443
19206 812 -550221421
17592 13686 -416651411
18324 3847 -984645327
18514 3053 811253264
2630 17076 745877355
12404 4337 -541184721
16836 7022 370014966
16447 13747 181129165
1302 17386 -670236430
4227 13686 -362557410
5557 19261 -881342614
16497 5163 -661253539
19270 3431 -330093832
12301 10185 389752341
8702 7952 -250824555
19011 3057 -994340842
8807 6206 -974066811
15126 13369 -509702222
9326 8326 400569801
6138 14701 -797375236
1970 5637 -816591135
19724 1056 241004317
4025 16098 -55537168
3374 7171 -449272470
4467 2362 916948280
15286 9714 469170260
657 10539 -456949341
1125 15837 105860805
4784 981 -868898878
11907 379 -990622922
19639 18935 -909350542
11032 18633 908141182
8765 10787 -93748972
2351 4915 416555575
168 8918 -58301100
1527 12207 405012392
19802 16449 587421077
10736 7976 515567992
13859 3999 -2520263
13543 15453 -887788960
14364 4961 -277045209
1202 16676 -332489346
1302 1723 487901479
7783 18220 -374133316
13629 16489 245397738
6431 11463 844241430
5502 11928 217899646
18784 2298 373017935
3664 4446 -889080382
6239 17020 628532652
5450 8558 -195784396
13209 4287 777708854
12139 14044 406560600
7352 15160 -842610358
17655 13710 -568479662
12495 19926 -704994361
1093 15621 815585970
11238 18250 500638838
15047 5329 -744925880
18683 19699 -855624864
17766 10833 587844205
13561 2255 -968914413
11236 554 -435375968
3518 16131 745366770
18918 3662 -34986267
2854 10864 -993403207
11218 14576 -849640720
6814 6893 689364086
7380 3821 180455010
11432 4947 -47854382
6058 12719 813768122
2103 279 -565975958
4710 6543 903317823
11908 10812 -1746343
14120 9394 -13322653
9667 18226 248886129
6300 18793 910032122
17323 1830 372197694
3375 16473 -874291863
7668 18206 861788430
19240 4000 342643609
14741 15640 722582775
3267 15405 -691859507
6028 14039 -511679281
651 3087 -110833025
7437 1248 785917334
3780 16270 -12828023
8049 15792 -311471916
17804 1046 -501754798
7003 7584 -498631805
16827 870 -863794706
13580 8550 587188362
19488 14896 146719190
17054 5669 82321749
8270 1241 -900769149
12021 6560 718341112
19229 10622 584563320
18563 19010 -173572902
6960 13784 580217930
18762 4728 -323686559
3395 17044 632095074
857 13425 164658074
6411 16865 348410695
19405 16921 -868065371
83 7845 -877297277
5377 18962 84030280
17754 12719 413920067
17540 30 489760093
19889 17843 602570154
11984 2227 540441545
10942 3067 261837752
4017 15290 -373194783
3863 14321 409036163
192 820 -81357612
10006 9395 816651739
364 17002 -724123666
15013 11732 -826380259
4656 260 809779345
9380 19080 396902725
16878 14231 810981268
17103 19300 -642264118
11714 15179 965981698
9102 4195 821223513
6960 14665 -383886537
12717 7196 -683330039
17083 1200 41481538
11624 17980 999487410
9024 3567 -671372358
129 16153 -103279885
5629 19073 434449641
15029 1933 -429173056
15787 13970 -124705681
15766 1273 619708635
2619 6652 920908821
4765 13142 -238044594
4077 12219 246916055
4938 13482 -525286801
8415 4609 679165289
15433 7147 -325771333
10639 2925 -778048514
18615 17697 -143781575
11455 1837 -651312810
5043 8334 -262168919
15479 18794 -354595769
18503 15939 -109828352
17809 19486 -367663526
10417 12396 115589499
4344 5923 76260292
14369 9568 -982311237
8282 4888 807907556
2957 8694 252392155
7658 9248 53667408
9157 16276 117678109
14063 14138 -517395065
7253 3589 338533675
11535 4393 358638544
19579 8934 828487460
13789 10344 -744524056
6990 8626 812731432
6692 17425 176376171
8484 2494 164148891
13266 1119 -823306411
18075 5938 -504516580
18192 19466 -668340685
15470 9813 -145902491
9856 6517 -411189747
8898 10854 593795077
7915 9838 261793749
12206 9946 -787271939
1923 19217 8457042
18798 11318 57215996
1946 10120 -714457429
18218 10385 -28867624
905 15090 -873474701
2943 16618 778406419
2090 4526 507790892
9749 13244 -4339775
7505 3690 -118507133
18492 11132 521666258
14312 1111 -33840042
3129 13693 -802663164
7513 19729 42041105
6596 4355 330074454
19111 11424 -227419038
17865 12148 -188646528
15551 7251 -427245476
537 14110 549016110
16048 4480 -584358771
8792 11130 874980461
3145 8967 932388219
17046 10169 -318086273
1453 4161 789381560
8085 19675 71570871
13939 15402 536775085
6363 6652 547026403
18985 6586 145036368
10663 7221 -994269484
19994 17055 817375094
9550 10662 268013541
18272 7263 648093545
606 14648 936482297
6879 4383 -455328999
16310 2694 648168791
6281 10018 -664092062
11934 5137 -34022697
7835 13916 -169723082
945 12885 -976285243
12053 5467 444838192
17146 10250 106584729
12735 8763 326317135
4956 7596 -499445358
11971 11461 -287985213
19927 8636 -493871959
9648 11133 571436138
10226 11095 991649176
1466 7942 228098932
2207 870 95379365
18064 1100 -802411603
14763 4412 157182056
136 4938 -676285403
3158 8678 854549171
8744 7550 -6228614
7323 535 -563915110
17043 11177 664422917
8931 8783 386198798
3097 14564 812866383
19644 4225 673188968
19395 10309 -250420390
14766 16108 429866447
18272 10755 345835994
8808 11156 -774952383
846 11335 -322253133
10862 3594 550056774
14657 13499 22684118
10618 9782 -728070584
116 13128 -304454095
3737 8031 421790388
5119 2558 828198230
5910 13302 505828544
3950 5867 890641885
19101 11554 -466068228
11946 11 679902715
18038 14112 294864752
12418 18055 795575325
1045 10854 910341782
1055 11580 706343823
9145 9925 -189101600
7006 1440 -812898627
8270 8922 -896156108
4013 11019 150722845
7296 19906 -692267913
130 7980 337549650
5044 13086 154357669
15903 14849 177550986
2773 11414 -76939393
10508 15622 926839538
12773 16538 94636076
5461 13300 -398369983
12967 8593 350141864
439 10237 490362567
9472 18129 554121079
407 3514 -437925562
4680 10526 131626731
4879 4001 -358376173
15663 7933 -253602599
14194 18374 58627368
15138 4560 776892855
12491 19958 -939387529
9557 2690 -862664589
4285 11867 675624956
18201 4306 895332811
9245 17882 164459926
2982 13249 -833887239
11773 67 170622074
12388 8881 -725854532
1268 11000 -320652689
9113 17609 -597444239
1319 13521 -119518078
9056 14295 528104788
13967 19585 499847132
19016 14632 -332502240
1974 14690 881707429
654 17149 -940915085
18407 5578 812860813
18776 18683 -765825143
15047 13927 649145005
9697 14211 398472333
9975 9011 -989107650
18754 2102 -619426203
44 2094 958077
16152 5930 70514839
10936 17994 -690575678
8981 14149 105675061
14330 14702 -983864696
16419 18560 -592999949
4359 11245 874461015
1323 1886 144434774
9328 5521 -526992945
2088 878 713525203
2903 11633 -407745038
1584 5855 -944108471
7134 2694 -30119515
3366 13908 117358553
17433 6109 403053582
5526 4234 -439721271
15728 7806 240514377
17508 1677 419960225
3907 3196 220117960
172 4648 -192274789
18534 11183 885844628
16658 6485 -466103019
18957 17624 -537158179
5907 12919 620636289
13504 13703 560392463
13795 18683 697697658
2439 15390 -556267401
8851 3220 267546590
6543 19206 -981094518
14772 16885 -982065059
17450 11739 -706084902
9371 119 747986709
14349 1124 298445777
15857 8327 -923721529
15034 9981 -816294567
12290 4945 -47946886
8320 12772 -942842446
12550 17309 88906114
15927 4679 -634850078
9268 6395 543691017
6877 9542 -227337875
19516 12032 522387456
3920 11841 -843100330
16976 12317 -766989088
7532 11370 -437985704
6770 15231 698476963
3596 1828 875073083
15973 14057 631322607
5098 2149 242556546
2888 10335 -144850062
8678 16387 287371026
14413 5039 -978829347
10994 6085 -610320142
17100 4068 -448597305
4995 17100 210328401
15663 9197 339834342
2578 16253 -927917475
11302 11621 697619468
5007 8970 -495447251
17891 15303 45084400
16483 3449 728038253
4105 4721 -314140412
9530 2723 -487898856
13186 15376 -887168666
6195 6928 -947799093
11710 16886 503907142
1292 8647 -98702680
7883 1576 -527142232
7959 10489 240098767
9168 19226 -369854647
15317 7467 355262953
1799 5557 463013485
15819 7038 596169722
10692 2787 778704078
13685 4262 84176414
9496 6832 -705304074
19764 1805 -698505373
11021 13835 532510940
3356 11828 852999084
17968 3883 356488483
19499 16484 967504391
19153 4574 -708273333
17172 9460 111253697
3924 19676 -84890704
8856 11770 -831424732
16633 4958 905437638
951 10147 494999460
10288 14197 471030937
1804 11769 -16017926
4166 861 551703137
17758 5740 -417774778
16911 19301 -882259937
15428 7878 -113100833
4071 2515 603777667
18267 15637 -854069180
11715 15112 860657191
12232 17868 204527959
7698 5283 -882331134
221 7257 -344087584
6846 19387 109998850
14272 7150 -360490176
16073 17261 619440428
12393 5053 -558464836
3186 9125 120600822
3658 269 -589977401
10747 5545 846218038
19346 3877 744324934
10766 2194 -125000731
16754 4221 298262579
15513 10786 781351165
18904 5894 549577503
8194 16593 -229752566
16635 5156 645847103
731 4861 -183883
10294 11528 -386219395
4017 6303 824945592
13007 6264 380270735
19959 19908 -102087100
1037 17581 -226600772
19775 14703 -317161500
16637 4798 -402293747
1284 2800 831131469
16787 18582 679633229
17782 4930 21570923
14732 12473 562216818
12870 15779 -697722096
10922 12033 -682271565
19840 9106 373073787
5541 3742 -233594123
7024 11341 371024881
1302 9770 -677483715
9055 12093 959649170
1298 5470 -343257926
17764 6174 -446967011
17138 12168 -688153805
11348 13305 677176225
6053 10177 -550793877
5404 2056 -524167672
2081 9098 -171691837
8031 77 507271002
16821 19252 -719218682
4916 9641 -441001494
9128 15453 301180849
12681 15622 -424020548
9213 6689 10026341
5374 4008 632537892
9252 7811 -530373470
18378 307 -373324187
11652 5897 732734551
10798 18895 367811403
8735 11757 301397602
17528 18136 143623357
3555 2336 -446167749
9034 18267 284272025
11777 7972 -30764487
13513 1401 -979804541
11909 7799 189012852
8386 12991 443054919
17021 18406 -777126083
618 19113 366399911
12249 1667 -648654852
11269 17487 296202583
2563 17203 830671704
18979 162 -952020477
2819 1480 -267272603
14281 7975 -28717528
1226 17934 -43196891
2158 15389 788230276
19720 1296 -59035541
8640 11533 871222451
2105 11511 12687492
16684 16175 655236605
1915 1039 979834160
11265 16687 215100562
198 7859 -771290997
16525 6756 -392463787
16138 5974 945964922
187 14264 -546917791
318 2907 -945896599
2920 15962 946020543
4339 1273 371938443
14475 515 -328220445
15501 13014 946900221
12090 7211 754409847
17691 9331 -776200991
2354 12922 241086975
16119 12407 -196058081
4473 710 567290602
3485 10946 -754077159
9486 7716 -78951993
8426 4712 287376350
13361 9668 511793235
12495 10239 -779936440
14277 17842 -191861488
11993 15843 -51610476
19136 8925 -755463512
3118 6328 -127830538
2710 4312 -362599171
188 18483 989844985
1169 14410 540838071
4977 14619 -201222217
18095 277 -844702145
1320 11136 -86929528
2395 1144 52232029
16452 19158 415331438
15024 6594 817050837
3014 9486 846139318
14203 470 -281740459
8213 11283 -88545717
15561 15157 667439504
17928 8264 -40939738
7859 4924 -796369432
8863 10140 -338052161
15490 2730 -270636899
5934 5456 -235211082
19946 9059 562093843
4131 8889 -411421305
10421 6907 311595275
17565 12796 -248309588
2330 8729 -150447064
12916 7903 -722291615
16683 1829 158529838
19213 4420 -434185855
17384 13355 -900363192
10507 345 -635164782
10481 16317 -599014384
7810 6509 -131759022
7420 16456 -362194320
10184 17302 153673123
9411 17857 -712661891
11127 5858 -588137482
18418 16095 -175663477
9350 16561 -521836353
16162 2841 956016135
18957 7318 357239793
17356 8725 204103048
6149 3616 685045384
19460 17833 122738970
15190 2798 -382773534
10577 16877 -16509935
18372 6698 818143969
351 12654 -362360138
9963 3068 -881184389
13516 4087 382192158
7712 11444 -436202976
16623 7232 105137047
8361 7599 558468878
12578 4198 850777665
11148 10134 -267865041
4086 10451 -555845358
18035 6002 -831048760
13228 16937 -662375715
13987 6883 409437381
648 14909 185194296
19625 6401 -867650162
6654 15025 -421912021
201 8878 761850427
3128 1306 -140557904
4568 15296 -458569661
15394 13248 -249784735
8669 4373 703959629
15608 5068 353205923
19462 7729 -220226258
19217 1113 356029722
19680 12828 -81239085
11996 8898 -681596787
1772 6157 389577999
16780 2186 -222382468
16310 13460 288964761
3846 3465 820780707
12365 10216 46676126
2331 3678 -604367984
13300 2451 -622455290
16680 4527 -954753884
5545 2083 824797688
15682 10923 930644894
17377 2838 334771263
19490 7786 -658362505
15248 19389 502930499
8941 19224 384070595
3860 10500 715128358
9738 5661 -3921933
8803 19824 -950387365
1572 12374 825906649
5171 7326 -235987118
4313 8153 668524997
4411 15805 894809741
7498 19403 -355193225
11200 18846 232201342
7952 1883 -606050958
5880 9381 228701527
13231 9309 753772368
678 7351 -553051260
1737 12783 201249885
3105 12019 -70163666
12892 17984 -241579482
3672 14627 834585392
14950 5394 738294384
14344 18210 917486420
14666 19636 -328408493
6321 2420 -176310261
2846 18400 -904082361
14018 7727 602300340
12799 10631 658978689
2670 17476 -762337967
15678 341 -984577191
2342 14091 -669309093
8185 3357 6330856
19845 4831 215863429
2182 6711 556275164
3537 5876 924234537
15070 9750 615097741
11992 7234 151069163
11567 19967 826434099
8911 10351 392451214
5184 14182 838597077
13422 1203 -439764747
14492 16831 240560437
13243 15644 -393934145
6150 5808 -798341422
14682 14686 -510294033
754 15726 236956809
12079 13006 231533839
8191 6866 779606445
16026 2829 39821477
10276 17646 -380690949
2862 3655 -558023150
6201 17586 178919746
1325 17818 -947658350
12151 18410 35315142
10005 4430 791949576
15418 15275 -180748701
5891 17394 80586995
6971 740 778195168
14396 10261 -424980834
14041 12815 -495470466
6723 18633 -594053268
12513 18986 -434099302
15303 19672 -119835461
14620 925 -963735154
4835 14277 251530569
12501 3530 192146780
4272 18534 -436488922
5331 10171 -559765735
3836 919 -469616063
18215 15294 273379687
15528 14030 -753724390
19685 15899 894899976
9532 14758 350876375
10120 3347 598990686
14783 317 103775233
19598 7428 986880628
2642 19775 788268780
4439 2411 -473235068
18638 8898 38863886
19509 18930 637994134
19245 15919 263877239
13832 5970 656732563
8398 3884 196517172
7571 9183 900878303
12718 1049 274764517
10772 4185 -175826024
19572 19869 183608733
15750 6134 -846713919
3284 8428 741538736
13936 13685 646431958
10549 8543 -524356674
563 10429 -83388856
18718 15272 -374392141
713 11123 -341471037
6886 6685 242235400
13551 13795 533085569
16098 4629 554067198
15179 17265 -183034463
16416 13956 -958563520
14843 6991 472506759
6708 12678 -713504131
769 7735 -39026091
11479 2278 -880303707
3 14400 389133572
13724 590 -766347544
141 3295 -932823882
16714 2293 768607298
13168 4058 456437310
9230 5961 245928375
4144 8500 427635408
9965 9456 -584893336
16591 15807 103315299
18108 19584 899688963
8668 13703 -728339872
2078 19420 -847627127
11780 10380 -3647125
4067 8020 -483665565
17521 11298 -891912782
6392 956 -129413414
14444 9456 856569567
357 7507 227415628
566 2710 -64052995
1155 17766 -74481744
17929 17438 276483322
15373 12539 -343827249
8812 18291 258903872
8921 16625 -139262442
8755 5696 481422253
7870 2430 -232605684
9170 3428 -329514397
4597 18928 -571571285
4146 2080 914639884
2988 13483 57970984
18613 12859 -709946221
16909 12985 991661136
13900 10653 -16573161
13073 6346 191371002
14712 18781 433440698
12371 8200 -725218018
11259 10606 473468357
9041 2332 948720353
7826 9590 -787485054
208 3995 -993621572
6291 7451 164032246
4648 17052 183213681
1038 13562 274223079
984 19607 -557415598
1437 1756 -416481482
18087 13600 813907735
3224 1948 -865107621
4196 9412 -966742863
10128 9459 -821642255
7884 19483 486147208
5055 10315 -343193432
13301 18976 466441104
4987 12730 -151023344
1735 6466 -118387555
1462 14706 -345931005
6478 1480 -875291480
14365 18765 382481352
10489 4168 -523853517
4515 16688 -550881557
2779 2006 -87766942
1841 3170 170458710
12534 5477 62322962
11846 19229 81010909
16681 1873 -820473834
12747 8775 373796535
14760 7563 945246443
3037 2115 80458937
14396 12683 646819547
6523 16794 113275731
8546 1197 961908221
19963 6929 702370229
17237 1268 421238857
10695 9657 82661608
709 8750 803763542
10974 6891 348660549
672 18329 283341324
4867 10329 -881935612
3805 587 -958472544
9590 11450 -339054186
11100 17983 279522445
16590 10886 680845736
8674 3816 -424393268
5922 17419 583105107
9827 12161 -600808213
8135 6414 -5989245
3231 908 -135774462
5339 7866 782149361
1535 3273 -17472146
2969 5384 -878591070
1217 19609 -538355950
12189 15360 567926973
8103 5922 378463304
3107 15436 900746293
3861 14218 -910887367
19036 16042 -416082283
17843 4243 -16209786
14668 18036 -394800431
14054 7864 73813490
8065 16144 61747940
6768 15833 757097067
2292 10306 -864239793
15539 16289 93010504
11184 6001 -460701705
18752 1732 -589642895
10293 1603 -622772937
18907 11393 -553081599
7232 16920 549783426
19380 9760 287095964
10663 10769 -454924095
7299 4227 581727667
19293 1581 -468714331
16664 9917 483000180
11233 15035 -563533573
19281 1896 -802932339
3654 602 977622692
14648 2904 471576926
5343 13315 -738954274
5333 11611 -990855798
5264 7459 -317609210
2198 2422 336635026
8761 4886 942364987
12779 13352 -723568329
17605 17875 454472492
1259 7594 -261816254
18388 12433 29476918
8635 6117 -954491773
18158 5542 -687871055
2045 4791 406649927
4453 17231 -587277672
16749 1489 526293841
14271 4161 -719582922
14990 15197 824273206
4106 13802 897262800
5557 7906 609949813
3177 4997 -109360368
2965 6990 134428640
10197 5825 638485574
1622 13335 -795526674
3251 16338 -640771730
3400 15856 284377544
10794 17114 948319705
4187 179 -933702180
12583 3660 -845403198
4941 11612 -62208247
19448 15409 336931025
1262 18575 323370081
12853 16016 397100714
16394 18328 -475911488
17560 7895 -828207306
16513 13683 -247873597
16067 18690 -626852645
7761 7318 328274502
4234 16281 -739006338
13019 5265 894327430
3553 7225 984741537
3037 3639 375349438
19467 10034 -553411755
15215 12647 -785726573
201 11810 44089383
4109 3467 -219572917
11853 17301 985666186
1598 92 -832779395
6746 15606 104361211
9709 19580 -159915762
11859 8703 -329062611
5097 11865 528041887
4897 845 148726813
3565 6008 657877167
13664 82 -66081669
3811 6294 117422526
12765 13528 -387782114
8979 6859 848449256
2520 9715 431342792
1770 8682 -76660786
429 8319 11531069
19803 1399 -613384204
14367 12700 -359305653
14128 5783 312740474
13577 18607 -136591428
16762 13637 -602702790
14970 9882 855147118
3878 1529 -905610025
4315 8860 -868044558
2350 19081 617360719
19023 19548 53124198
8400 9377 337435305
17277 18247 -418805902
12530 4546 207952603
14680 14861 -966954473
7104 11640 -73956010
6520 4955 220251244
2061 12272 738252984
6180 2172 -370118230
14334 11836 159454713
15839 8627 657329620
6128 11144 -519562471
15287 385 338160545
12852 19711 137885791
17088 5746 541626706
7177 6896 -598711966
19890 9369 -841137892
17462 13591 296127504
17457 11569 539877808
12565 14823 -331259843
3287 4138 680106898
3695 8726 -237704687
8885 2407 17377013
12900 11994 -819830864
15211 1632 -839072438
5473 2074 -351769836
521 2288 -328605201
11447 4536 436095718
1376 4341 -823809631
7063 924 -390175
13185 8299 679753273
15943 9881 -616662866
7867 15594 -81956295
4545 9235 -397000214
19587 12904 619458933
5137 12708 859308245
14655 8236 278394414
7587 2439 -800426961
7384 14657 923999040
8301 5095 -612287534
18657 11313 -500093325
6365 7942 512337542
3995 1721 -214577982
15958 9475 16894477
19078 19364 -289324340
10211 19794 770265535
18084 10796 967687115
10282 7593 460963577
7910 985 -780758532
5905 1986 -341767909
3386 3673 600453681
9636 10260 -589667376
2183 11091 424532433
5733 12802 -975757512
5059 3266 -989276670
17137 7176 -630447161
11915 9211 459402555
14437 17002 951751169
6674 5581 559310123
643 5728 779508816
8742 12548 -330249072
13070 8935 700361878
397 18662 78519610
13296 18812 981613147
7896 7185 998213867
11781 3936 -585815600
19458 13923 290773624
14271 16850 -985469328
9015 6672 -722680285
10541 2423 152112161
11865 9990 970034145
19643 16693 672281485
16448 12494 533116885
15463 2415 690472237
11219 6678 -531027006
19717 17855 720821737
18197 6139 110032454
14863 7954 -659061279
2308 8082 -500145325
13319 6131 803473072
7222 10016 -802925963
1939 6056 -713933493
1324 16171 -198840593
13550 331 -584300550
8286 6134 935988930
5047 5083 -316417231
7359 2177 652400763
3912 16809 -959698289
12939 9573 -273576924
16780 6726 -277902497
13412 5673 41024260
17359 16588 873509407
516 3432 -407082445
13396 15897 471911252
18326 11784 311883701
15547 17944 662304104
2425 10522 527330155
1093 14254 110927585
17305 7496 934325632
17829 15334 -999227200
1756 3589 -535044811
17532 7238 -336378760
10418 18171 -263936851
17903 16302 543178709
17482 13403 465558318
14155 14853 600129730
5874 13783 382101815
2550 6827 -511192939
1927 10448 864695186
755 6497 -738500093
10522 16064 710370558
15097 18173 133462580
10073 13125 800535884
2419 16949 388608323
10228 10684 -996904641
10896 17346 691451362
8718 15132 537103293
15107 5650 427642102
1338 2783 -153328586
12437 8341 362880587
17503 19482 -348830727
17036 17086 -414671927
95 1130 174680360
500 761 -402402283
11398 5738 368443533
348 10478 895846956
18518 10695 473694881
5264 3856 804078341
550 5603 804618182
15013 4030 -746301238
18727 12097 -860498257
18568 16304 -933270824
14800 6024 632724243
17645 15582 710060784
6984 16909 450269741
7491 15656 -222401873
15725 19702 78029807
7533 4468 728934014
1061 10633 -69110021
13456 10938 -998612717
6480 10903 -485980114
11433 16693 -303316901
11996 17102 481895959
15851 6815 -867802887
4491 15033 -885015026
3277 8304 69572303
16418 16726 686528766
18392 17332 864612743
2237 6126 -345253448
12123 9026 -789979151
13085 8516 847476034
16179 9302 -669943063
11170 8816 -716003095
16788 19629 77548279
4668 967 -220527026
3901 8124 -271181383
4700 6904 619897396
8569 18918 -341381413
13693 4444 555817076
16215 13150 -445827845
12662 17497 -1926824
19649 7005 -428294582
19592 12971 825455725
6365 2562 -61512645
13369 2386 738330017
13483 5701 -780189722
11532 2036 279508217
15633 10566 -705123718
494 8463 463668928
7494 11088 -686959004
18161 19949 531087570
1250 327 358867442
13859 12720 595975863
11098 7224 -551189037
2481 2297 919621183
7173 1637 -430265382
7551 8625 -339286337
9896 13604 528224721
10245 19138 -764611910
18104 2478 603131925
15352 18226 -788859539
7344 19415 -129538325
6940 19578 81229559
522 11720 946198287
16670 9908 646971226
7639 17915 325273472
15979 5014 719178540
7006 7514 510536253
19090 17096 101353166
9757 9140 926231402
1054 11027 168159596
4652 13097 433661551
670 18331 388092266
204 13481 762354446
7144 15980 -196374034
8962 10579 -481641147
2339 9841 -509999064
7115 10591 -832113296
8456 17910 -83685925
145 14936 -433441032
4672 3774 -895944526
17013 19732 171829404
17474 9046 -727778997
11169 5491 859355857
7979 4194 940536472
3986 3370 -240372296
17294 5329 653998204
7664 13526 -849030979
2950 10252 -352550526
2155 1785 79274432
16578 2594 647528976
17649 15468 -731396810
1957 10833 -65800788
6805 4869 -232665659
10230 5974 -354840718
16594 19855 -323074216
14357 18133 -442031708
4642 5038 123141461
18530 10929 -609904443
30 8489 -132373737
7804 14629 -199672420
15243 10372 -595805493
4434 2255 413189010
16206 11658 870226862
4422 4170 840080037
5875 13286 187257146
7348 2555 -484077121
951 13927 -868979253
8227 7537 -85237057
1779 771 798317206
16028 4904 -923076151
2994 12910 -495407776
16057 4430 -902934596
13289 15445 -617275086
6301 1452 -73217584
5775 6500 -213620617
16798 12957 829618273
6461 12621 874220127
12978 14575 653165206
16097 14069 742266527
8441 11926 204690258
9111 18180 794450993
5795 16241 423629200
11177 17670 848605849
2989 17620 275588018
18313 15038 266269019
4339 1141 -678221468
14437 18563 -120323747
15603 15330 603012795
12704 1454 149708741
8655 16985 -558629156
15587 4551 -627830457
19582 18485 -513508487
10120 14969 -512399814
6359 18511 -537481515
6405 3330 -404283100
7230 2916 456354800
13926 7287 431165700
381 18325 354074870
17560 5083 940224408
2513 6394 711154453
17948 15385 608181180
11036 11893 -983211765
9406 12633 141150753
12529 3323 638303540
10632 13804 906342113
14822 14912 -540481720
88 3344 -242320158
19729 7533 -478472488
9838 15942 -57461382
5450 3766 -83169127
14125 18689 -584644996
15262 16139 -890004854
9041 4655 -45739265
16021 15876 -616980336
19526 17977 -126787348
9231 18278 47925658
7548 15797 528963433
3143 15238 782296742
14301 11609 -46706890
16100 18296 263151948
16018 2730 -920586660
2602 3319 339471942
5236 13436 974389020
1162 523 -322265901
14563 2762 605283028
19013 19514 893032065
18356 19441 200205248
6367 16269 -696065771
1813 14672 -602153210
18791 19806 405588461
1787 3329 547570981
12361 17586 -476070836
12103 19942 9030725
16423 7833 -526908565
11696 19246 695561107
11769 5692 -628971731
11737 2391 -248172454
11920 19402 156847858
12136 14416 829573138
18039 19235 -737524360
4904 17784 -583002684
15060 10332 -523851196
10788 15489 547428123
1350 13502 -79651796
14181 12203 -898294542
10657 9728 -707448055
7448 2962 491671347
9797 5961 370768055
2220 4593 -26487545
17190 15661 815802885
11357 19959 340113221
471 17629 -228796689
14175 12298 -696079245
18922 14620 586309908
3792 13987 740502695
1960 17383 -408262794
19510 13728 -520902441
8133 16195 324382160
14595 19883 89220682
18395 3980 428125264
3691 247 -231263468
1404 11871 140130824
6290 336 331056308
2396 13263 -437951952
15588 18817 -52815226
3275 638 603082754
14598 8557 -268981087
4088 3363 14052781
12442 10900 147576655
10736 15921 351931400
14507 15964 -742281675
10594 5197 -931605436
585 2728 662798995
17515 1985 128695549
15588 3270 -745564271
6313 15373 -645601343
7323 19416 933939851
13768 4082 299153203
19376 14848 456793782
3621 9238 -192731959
4723 12410 16113516
15636 18424 428660989
9400 16243 19057968
17087 10854 -853965367
19028 13376 764431798
4189 16604 532644557
2582 2162 -873411384
17522 15566 -20699159
18100 8312 -983032760
3424 8996 -50194862
7470 12507 752156463
543 9871 -455417565
7377 3038 522069659
67 17353 -172591821
12664 15262 580754786
2410 14755 380017210
5660 18002 131062857
15216 8978 -154174720
9160 3296 -380250287
8710 15816 -305922559
16953 8697 417260391
10733 7669 416279834
9379 71 415499654
7989 1003 -331685332
16321 12706 -453742246
1873 16860 -642016226
5118 3509 -99340294
7964 7819 -448858900
4223 2434 882933333
16792 12819 71067071
7801 2294 448549622
13572 11807 807727318
17874 1987 126981083
5450 5121 898679031
2234 19835 -726509996
8335 15445 -568459084
1674 16849 178189336
11681 5245 312019123
7409 5789 -261473989
483 4071 203911328
15329 1770 335645721
9119 15340 984652169
18117 11246 -823626812
15998 8723 -947459526
19339 14136 48874719
2258 19672 544954714
17563 10262 938623103
9123 14140 -931848958
13711 10633 -639604170
3489 14607 98393471
15701 12053 -433690590
8616 3451 -837358219
1744 10080 -360947915
10280 18358 -277937807
9904 17463 688918471
5978 3458 932371195
16324 2227 108903683
16072 9544 -155329643
18202 862 785302364
4293 19453 -820303358
9558 12169 435263130
6206 15534 107232063
17770 3459 -988747813
6447 13169 -966663499
3291 6567 -584022428
871 16399 -712249520
15985 7153 299155318
2690 4476 405442852
19189 14213 -281780778
4623 859 -886989754
8180 13511 268234808
1145 15843 -144579971
5337 1222 -364574363
2039 8173 673873460
14782 18807 365866793
5147 18329 58304515
17115 1983 -488001734
357 6298 -907423487
6590 13438 872000686
10344 18175 869450005
16824 4995 893400112
13995 4675 299894971
7429 1519 915517925
15158 2535 617867713
9355 13830 368757837
19886 1015 -863708762
12883 13224 971435984
3858 15903 847644852
10535 12261 506171026
18405 18954 619096235
13921 3253 499338956
1057 15883 526959140
18419 11726 -132480994
12541 14426 371035438
3793 11770 6573072
18660 13780 -316420674
13672 12462 64914549
13898 7741 -718441910
19628 3121 -464375982
7843 17693 -740591516
16680 14354 -43003434
15633 1653 -634153666
18447 18498 450072323
11799 17577 -451764227
4651 15462 695926171
4621 12829 -759207253
12201 1667 -838621905
5063 10247 186774730
4780 6484 988413806
8611 11109 113123937
4330 2015 -484458421
15454 9430 264058759
11877 15168 921701796
12794 15136 704859538
16226 9656 815602161
16640 4175 973945988
659 19220 937882929
127 11914 871854668
9487 14740 362599506
3987 3353 627605066
5625 3493 35353251
1419 10641 630214669
3226 18673 184739511
11387 17059 -764165897
3353 16310 -156556807
11764 15496 793830899
3582 5576 891502612
4319 2691 -622745048
10047 11037 -323065286
2535 3822 500764240
17488 5447 -367443518
9060 13969 -860237960
9637 15232 734867953
12376 17651 22501644
17286 18012 109386121
10922 1170 805678884
6621 1967 651505108
16819 19310 -120460239
17964 3560 -124443952
8355 12864 411642881
13857 16345 -16888717
16836 15327 54081432
1765 4461 -50721201
17249 17085 633768490
7171 3887 122810336
18006 15672 -344758334
10239 15804 758129503
12268 15462 199425654
1594 12161 480688916
12304 14796 188093944
12015 13805 848515999
10369 3012 710308275
2925 3007 815392677
14456 12281 462662268
9618 16226 716840504
664 5921 945876898
4597 15781 862149467
14579 2425 115765325
17175 15284 -604477911
3669 15341 -964868392
17874 9312 690726227
6953 4307 514767923
8781 18307 98061558
9993 8370 479829687
7103 6382 479416587
3252 2052 -554633625
6077 11811 -421287423
15284 14164 -476150802
10830 1656 834261109
10147 5084 274781104
16028 17370 737742727
19373 879 -947020059
5909 14891 435186539
3281 11479 974823101
11379 18956 249087224
8265 19492 701918936
19333 13678 323360058
6220 14314 -753283697
14019 17060 69008957
15437 13357 734379225
6054 11295 545925934
12123 13202 -853153461
7387 11069 -110370719
8253 17431 -129391534
12623 230 659049856
16002 1014 821544391
13876 1397 350021513
3358 482 -661224807
4394 12674 372459158
9206 6539 -273361503
11485 5375 -400517871
14425 12978 743908690
18393 254 386645727
17315 18150 -109522587
2061 7520 -86971701
13993 13493 -633560397
2140 1945 -69185671
2991 14095 -936876514
8476 11570 897116595
15574 3446 -42660771
13528 10006 -865523336
5679 13727 501860337
2723 1456 -697744765
5405 8964 -362592737
6801 8866 191330501
18392 12037 -586387374
1455 4161 -453929864
6337 10982 -689554550
16379 12614 -271724766
1949 6250 240962817
13600 9616 -885095543
19842 8839 107271217
12340 8855 576225046
4569 3785 -943965792
4389 17351 -925988854
5847 10848 -83023429
13396 12891 -788421828
5304 16959 404933038
5453 11322 -483617741
19983 19343 302864327
14838 16266 775013592
16042 6820 552252289
11586 5304 -64228487
9352 8777 568449997
17888 3763 -48552690
6223 1904 -2344798
4071 13409 755377911
15687 4864 360950752
10827 18263 29986218
9923 6489 -437020020
10942 10591 -449799567
4310 9382 -864273188
15379 97 199753239
414 973 -169826922
9558 8626 -275734971
10725 3098 431883775
13258 9915 72334822
5269 16779 -73992273
12019 11881 -323585222
8707 14652 289487724
7746 19253 -656496959
13093 16940 201988549
4044 16323 -943293103
3562 10973 770589252
7655 16720 564571048
12466 1428 -916888387
498 15005 -168990780
8249 18590 -324350163
48 18118 701049665
17850 12887 -13167032
17794 9697 -171802722
1506 14819 -839415868
16087 15365 -504385664
9226 15475 762255854
8022 11794 363755858
17612 12332 -121122026
49 204 -514358965
13140 13350 -53474436
5070 1893 130445728
9267 8941 -288333769
17430 16218 -350090271
14809 3747 -904412644
2190 18632 735703141
196 4969 -233047746
14676 6486 -519613028
1545 7008 -560246070
3347 9757 -644055826
14130 5018 703797012
16739 3389 -968980893
6755 18913 50202801
10114 17622 765401155
8872 16686 -374998952
11280 4326 93830615
8951 14491 -957852655
9655 18167 592361705
2239 5606 -980846453
5174 12128 252727964
10882 17892 475575405
10455 18439 389585922
11960 11288 811196587
13477 13912 172720475
10867 12245 56937814
18757 8197 430260743
8880 17305 -518028947
6713 1631 850543559
4296 10563 -528148165
11162 2299 972971756
19271 10906 -181749997
16411 17636 904853385
18621 3377 769670160
9758 3479 -924505089
10401 13509 -66256696
7761 14581 -640320824
264 3912 -35326937
6203 7161 -459939792
3019 11728 -9281892
6121 5161 134524225
7766 13887 177118320
8998 17315 901440094
663 6316 521974333
7409 1123 -759913081
196 8679 11433362
7824 11270 -77193624
18058 3992 219165695
10844 2721 811362096
16854 3553 484127496
5917 11549 750798440
8553 12361 90603626
4650 4338 833235858
464 2233 564728268
6784 9348 450202951
5716 7735 87719445
1687 16542 -750109288
3047 1597 507722276
14801 5840 712016418
8774 16262 2531213
5508 5312 -981333145
902 613 -400523543
5845 6937 979986459
11344 15645 -553910817
3500 825 264880361
1181 14593 -766334921
5133 13896 491251545
15282 1829 126033530
4518 9069 162333017
600 9367 -899217838
16539 2142 -177359910
9783 12556 -427294327
5766 256 -75652529
1127 4026 -855250813
14652 2589 802779324
8549 15768 965389622
5572 6057 -456706219
15619 1627 405922345
9474 14669 122251764
8714 18522 572284079
808 1039 -279103627
16675 17943 -430532404
2519 2246 955253073
2336 8790 358834689
15073 12335 601745442
14430 12962 -893588942
2637 15243 -881294355
1775 19478 282572901
13657 3732 434695812
10020 4431 374054590
3850 10030 -844953994
8201 14895 -881507541
17452 17664 36567131
19088 10339 198836626
17935 14788 -610659435
3582 3245 616888313
13831 18450 99338536
10374 19427 -60359595
4046 12654 -94268054
17846 14809 -390984737
6859 15221 -328436749
3441 8706 176949130
14634 8261 -263811998
11615 9894 776482047
12771 15295 18319760
4513 11498 625028606
13384 12349 204887600
17267 19620 -346270948
2812 19795 77388559
10131 3070 821615656
17380 1140 581320545
5701 1346 -751153262
4976 1772 375569910
10739 1521 92784069
17731 11645 766990100
12530 9292 -360352154
1098 3580 -300118990
15953 94 -150953409
1915 4722 -756309371
18091 13872 694091728
6219 14732 53463729
4037 15665 -652004072
18239 8431 763427801
1574 8815 -351250570
3490 12938 -512090013
3311 10890 484953641
11004 303 140227587
18529 8510 177808591
3817 867 673655983
9242 19292 384423080
4769 19124 -513948687
16402 314 70002835
230 11879 607356627
3321 3030 565480921
9679 4882 -900616602
3759 13919 -82044113
19063 5247 -280817414
10514 19780 915292253
13547 8321 -594141849
517 3816 -238546019
16771 15002 -532696721
16127 14777 -807951196
3735 2970 -830188520
17200 13356 160822106
13467 15556 298867605
3170 8284 269901513
2496 6979 66930709
7801 7118 70241128
2635 10259 706058994
4215 10340 463219479
13102 15562 687525188
18790 14644 -516203983
3719 143 -822702378
15025 1525 441728606
15828 10728 -890446375
8166 2653 -801397360
19717 16261 565182124
2445 12550 981532089
18385 9208 -75588270
9866 16595 793638623
1155 12307 365053321
17825 9053 -32921154
3321 18018 25043646
3389 2787 -97122133
12353 4265 75131822
12106 640 -483945194
14331 3152 -708420990
8730 13849 787232454
17282 2432 -438023050
13300 1684 -803169963
5815 9875 -682217978
12669 16806 -413716925
796 6891 546114814
12132 1378 -143003088
12207 12928 -339581469
18141 7264 811384974
9561 7368 83305934
8358 5735 380717925
14996 15425 208407381
13769 11644 792078187
19176 4329 -41065001
8592 10518 -41875337
19337 7148 109673935
10540 9266 -25201517
6513 12186 933031006
14775 7924 -386855411
17074 105 -885296528
12331 16171 -965948119
7978 19802 901612339
3973 19221 -734213946
1697 5639 533757479
4084 3793 378133940
2841 12354 366106304
6033 4077 -802067619
12468 15207 284795958
6654 13145 -797600564
3482 15830 668193098
1130 10261 -837407096
18703 3025 708874439
4403 4887 46181317
2695 11366 690190611
2599 11537 -371938773
7385 12192 165551307
5915 15943 -827488822
8202 7269 323708236
19581 13661 -873705968
11957 3256 -41077999
1779 3788 -167650952
5667 15969 -455480612
5051 11486 -220101519
13575 18700 683972716
16724 5903 350404189
16210 14048 532922334
15874 15554 -377319005
19174 18885 405060381
11508 15290 365589550
16641 10259 5395120
3006 16232 -818501740
14430 11927 249638402
13432 15300 -608307612
8813 17557 -341390869
4553 13605 -332072509
14586 12028 -885269597
16942 5106 972101352
10807 16006 569266101
2644 9025 -954615753
12101 11432 143482932
17009 5360 -69874712
15963 577 -753755992
7210 11989 -314258094
28 4037 -996679376
10244 13929 -492028553
4895 9673 553837104
14832 4303 -773579934
15424 13249 208997342
11079 6873 613820589
5176 1124 -798116476
18409 14964 80822144
8217 11272 120118386
12791 10087 -445889948
19186 1547 -898438549
879 15141 -158781061
17673 14383 300757660
9595 1787 242230649
6155 12941 -242103147
6968 10058 -593279838
11053 15951 -281366535
5526 720 -289415088
9459 4192 -902958892
11095 1994 977194121
12588 983 967794711
1986 12656 -580746733
14042 14336 991276955
19858 8583 702904197
10918 2258 470058452
12054 10335 732418238
16826 18371 388407006
10685 14969 558404041
10976 18496 195256249
16844 18156 -947979458
14592 3579 -986567120
13226 8466 -501671611
10663 1690 -338626124
19647 11755 -100495091
14254 12400 -680260356
6799 9952 795669280
6649 10591 239408390
18144 14050 -632179194
847 4674 646352512
11346 3011 -790303465
7796 15386 -96515248
4985 17274 558861955
14052 13090 724480562
18184 6604 629726167
18454 14213 362075540
11825 12283 998792001
10299 11732 810510624
15815 7724 -909503874
16944 11077 282176328
516 10884 609000647
10896 11257 -628757061
7581 8549 933322227
8566 3942 471854388
9851 18123 192807222
18820 15940 -350430896
2740 2480 -578552029
12454 18958 -452816869
7193 12297 -333760430
12203 4616 -153506164
3882 11168 -710389537
19765 4228 620314204
10811 13038 837968299
6338 14697 -536645884
4171 16011 312414446
18342 15789 -384448530
6220 2174 601319189
19499 16913 268807353
15595 11159 237924764
2446 12961 -611087795
14292 6327 -290212663
4231 13212 405270442
5734 1289 -702636548
13907 17828 536352523
12779 10981 -393380690
19264 569 201113157
6358 3986 185665751
19349 17074 -514359291
13073 15109 232736374
2827 9314 -612884554
16383 3854 549833671
6048 11591 -852716224
4008 3611 835102211
17562 7061 -876367501
10623 1090 -879779802
4192 16862 724513773
19773 10668 921927946
15965 2023 -928749199
12124 18389 710442741
17293 19325 -556778019
16247 512 992973619
8235 6094 -54868468
9941 19251 -829107294
1453 2543 -679855074
568 12013 -70087872
6234 13770 917614913
13003 13688 -395208528
9005 17085 -379066503
15986 1610 -505036828
4117 15607 994386711
14901 8055 685732677
10568 7968 -678744464
5558 5355 162888879
11230 5931 -996294074
9760 10098 863954634
3537 16687 -411869304
10707 18630 -258348066
15292 8308 -951334105
8295 4446 -260969520
6669 5243 -568107918
349 10470 256774690
18646 1699 -809671071
1821 6966 -405468618
14983 10663 -361078780
14868 16822 -530257770
19824 15557 -711347554
19001 3149 984984114
19562 6701 -92891437
15110 8245 134778162
13555 19536 444841103
7956 15186 -718322888
5764 19728 -472844289
16115 7682 766351181
736 14365 881532674
13172 17013 -972300902
4079 16180 245263207
1571 10095 629674798
17493 15219 623105537
3579 15806 -570666932
12789 4737 -192884969
312 772 316936391
16970 18741 -50043506
11183 19070 324784263
7086 15525 -718439816
1349 3565 -272164744
4976 12534 -535898103
18475 7463 -908167374
15773 14320 -200329147
8541 7133 -255876967
1781 377 -21605466
12443 8070 -268587905
5472 4477 244142095
4330 15787 -889641831
15094 1989 -978775300
1011 19430 333540429
16057 6307 97439495
16631 11154 -397938281
8357 3387 -561530930
15672 13028 -452483503
10557 1534 885728601
11928 12074 -117608670
9936 16456 724065738
15100 11447 320894311
18562 18754 -225869302
10743 5357 -744056424
18647 12932 -938944762
19840 19333 274752450
5643 4810 668635247
1031 751 -630346965
4846 1488 -840754952
10677 3599 333599386
5555 9644 179039230
18296 4661 190895551
18408 10384 582937151
8900 18175 -994229661
8696 8731 643406272
4834 18310 -292874385
1136 5546 -47234944
16137 19285 -161676065
19094 5829 -640253789
6249 4461 -585330639
16289 13630 -995888075
13627 4630 -212443122
10499 18351 68320657
14887 10582 -807486514
13933 8321 -573052520
13586 11881 -160235987
6068 3044 -806878295
8766 16315 358753130
6040 2555 901148290
2324 1052 -27600537
942 17566 621180050
11436 9473 956406470
15094 10716 -986687528
18954 11470 54116421
10097 4738 566647336
6156 11472 -639218142
14705 17005 411988150
11221 947 685439991
6195 17270 -981450538
11412 18456 -759894555
1253 1076 566108407
2345 13973 -283809195
17686 12875 656703799
6061 1317 -442763598
10760 16580 729967707
11841 4983 -416446524
10823 4058 260165695
9002 11449 -249174829
11130 2940 581665801
10362 15145 -719233763
18333 2425 -73425435
18656 19537 215785478
18177 2428 604755634
8957 3494 690769792
1301 10330 332686728
6311 12667 -490147205
2441 9130 -780490866
16304 9103 371984917
19829 14543 -866113581
14976 10157 -975543255
17621 10014 -439911854
7958 12757 -705926265
4981 2378 370596408
10927 14595 389508407
341 18888 546197893
10616 5672 -930702599
15700 9326 -679755732
199 18668 104698174
8961 759 214354391
19058 8577 -187439854
9716 8345 -997242044
1453 18212 -386103006
7069 6543 284886168
4688 13716 -137189130
16585 6917 763501759
16810 12322 -768159086
2803 17062 190831860
15798 16109 -123483930
9415 19251 -853659398
10790 14969 -159203790
6407 14070 621193625
9355 6968 58830544
9861 7958 -792158532
1830 1064 -765730045
8623 19003 727221527
9926 11408 -375522011
17624 2463 -367729606
9376 896 -271443705
17414 9110 499391365
13307 5040 -656710894
18094 12152 -72195828
14585 17654 286124250
11597 10133 416861417
18059 3038 292106029
13883 7432 201967004
10811 5734 -950333391
692 5299 43226133
9659 18299 513061886
18121 9219 -398189749
14067 8932 225382201
3512 9250 618891072
6604 7218 919707422
18753 15339 745858073
9054 14706 -410164296
15557 15951 -926813142
13178 9727 -123718716
2514 10506 -110583886
17131 6701 -125293570
4270 6915 82858994
7434 7992 486252714
751 16763 -41285988
19516 10967 -230382799
10747 2264 -771108639
979 17616 195443085
18605 14184 -627613290
9597 19122 897550592
16750 8981 -177334562
15127 369 -58992565
13171 12387 -410627340
7569 11405 -188040086
16270 10839 -815112983
8337 15559 129290808
4545 15574 -128876868
15188 6447 -386658780
4125 7490 825172586
18823 4804 241673403
15944 1150 553724967
3426 9809 830905082
2646 14362 40202173
16816 4589 232620255
3563 1566 91317061
2690 11205 585824006
17985 18781 -678488090
10887 15446 279721611
16900 6616 -523347362
312 19553 -117668440
7130 8462 -62168229
8789 15558 -855940104
7629 14384 544619525
17148 10752 442407407
10994 9770 662815054
7271 12922 288563112
10235 6549 -605920681
19490 8125 543271474
1070 19164 209199142
9748 12233 -383034956
3671 15591 503814071
15819 2909 944615901
16477 13254 -163712450
9104 17699 560187714
12118 3109 168951629
14502 19650 866735772
7573 6188 902444602
13171 8288 -77329232
1554 11390 -527532549
1782 5795 -987955313
1741 11069 -564688458
13140 5805 506865462
15387 12929 262218793
2576 7212 117348676
18357 14582 -407584941
10841 3790 -74012307
18171 777 226053936
771 13620 858457668
9326 1071 -861593323
16674 1455 166357624
5983 4584 -415418175
16743 18236 856024273
17447 31 685002515
19544 135 875481020
8113 5879 -536381673
16275 1381 -274539085
15043 2731 235742615
10182 7707 282670741
17438 12968 698577905
15474 14252 30873714
2637 7444 -772060743
5739 11280 665310038
9541 18305 -776427953
6802 8875 278826113
2938 12959 886399655
19786 5685 962619297
19188 14802 969270548
2145 1374 -202332645
18157 16355 -898789795
3226 18919 78899351
17274 17537 82677202
17022 9496 -965981650
8155 14606 -721715926
13715 15834 655123585
1804 9557 -645077608
4295 12582 698687666
2055 16653 -781534976
12661 13032 675214708
1035 906 456825262
486 11715 -611032118
13713 17772 -764864417
7301 12240 -247615872
5664 4649 791884861
18498 8043 909040183
2651 18940 550317332
15023 11906 -631853851
12517 16754 428734017
14035 7750 77060724
4295 8536 -276338567
18630 5933 68102755
6016 9274 -866471510
10029 14383 73013505
4823 18473 227981029
17369 7839 -309975006
15300 10670 -562494249
19101 13107 247348295
1758 9904 -654261149
150 275 335930164
7298 18292 -326630885
19551 16223 -400901115
3000 14496 -308510020
18675 11651 -477399225
1068 11650 -893701706
4192 14646 877187031
9238 17187 -832905377
11591 10575 739896027
11194 16419 252215179
15856 10441 -830765323
18845 8439 -356799707
16091 14301 -623054111
6930 4527 917066366
12590 15519 992722675
4805 13067 90080760
11522 6889 -695320577
13636 10541 110145981
16190 2686 -404778502
2595 12951 -602469223
13767 12256 667781336
11169 14818 -60858088
17445 12701 359950623
1714 16266 -930743400
2223 14572 579524714
16751 3303 -246118737
5722 12128 704487500
7001 13066 -33430906
11385 12988 -269422557
1109 9843 -384692841
18560 7454 791229714
15210 15859 589369173
1993 13444 -423167612
6809 16383 774810710
4894 5938 -42009806
140 167 -188637187
16983 5155 787690436
15011 8416 170033099
1938 19638 -357917313
10729 5621 -635914825
14723 12680 584069921
16476 19178 652765461
2546 2675 700959297
9510 17849 142911493
16932 1478 2996959
18352 13151 918985563
87 56 -284665175
4781 19373 -767522772
8943 1877 -412231398
8741 11238 -351821648
4845 9981 625898139
16164 9490 -256907918
19923 10713 -800638731
19979 17121 574802324
3431 7749 887479840
8427 8907 -931891114
2777 13044 -793349658
3769 1417 575556353
7006 12108 643424639
1988 7264 -608869989
13420 9596 -354824877
13637 7816 -150743515
2750 9938 -365774221
5609 12073 771156241
17916 8057 -371810887
14457 17601 -744199566
19362 467 -780381261
4208 17699 -78436249
8684 3315 -757600208
17367 7937 -136723643
9028 4614 746754363
14075 13452 -756156582
6450 19570 357521365
5949 259 681990648
692 16 -560712983
3893 14952 -84838234
13832 4407 365431156
4123 15574 224753593
1613 11428 60060073
7910 7427 -333809702
8614 17898 -955785596
6480 7001 -380690355
16411 3964 -566070672
19076 12064 404820240
4386 19026 599187937
6136 10257 -617861664
19363 11523 889148454
6014 3455 -974658000
13453 3008 448556885
865 8924 -728738094
7862 12524 -722102233
4647 7133 965422187
14979 6734 841536161
6979 17686 -394953931
13586 9996 538900609
3817 19379 -706874960
17167 2866 220360027
1307 4668 -101691724
1455 17901 -725153960
8836 14710 400378881
14530 18921 -806043006
10577 19670 582676288
1375 14518 -377637193
2373 10429 -153561971
10944 3648 397367972
18386 9234 -337289007
4772 13231 -494141749
6275 493 786040796
7728 12889 155710447
6682 7836 568487663
10312 645 -842246161
10504 10481 -610948013
5836 6685 913210265
409 4033 -258451771
8696 10756 290690858
8575 3647 -2432540
13096 6251 -447182114
2848 1516 -692759502
831 11794 -393302024
338 19945 -1423245
2468 6449 471408272
12630 2699 80205679
7056 13491 913141316
1779 2764 195198831
9500 4355 -657349075
16653 14624 -629668849
13418 16934 -724815596
16406 2288 -112754672
7827 7785 -6378991
8873 305 -481987246
10087 7451 -642149054
18644 1875 433033766
17337 19919 -149260040
15225 9490 118402859
9997 16049 836246470
3301 4440 -418384663
5573 14173 735553120
15187 5763 429195789
2735 15361 -327114411
10235 8056 -392237053
13732 6905 -868724282
19505 7505 -498276589
2905 5583 969467492
11163 2020 724485990
5998 6417 797198481
18786 11429 -47122347
9298 13991 -50462423
15566 6274 886867782
16256 826 -728097053
10162 17244 -599155819
16809 2393 166909452
6525 8466 70233978
8642 14736 599890340
12582 4683 817110419
7940 16828 888886665
556 16146 138916334
17780 17463 789333272
2358 6217 970983957
19258 13577 625584634
3725 1478 73964110
13099 995 369312361
12143 7354 995261280
16071 6574 -847008703
18030 4007 -576986635
14504 3821 -658521793
9276 8683 -838842601
759 9004 566919610
15494 18857 19207316
1663 9263 639798454
10062 6554 411201278
15482 18828 471422087
10263 14073 895195206
1704 1817 363665083
14723 10183 621999689
9208 6533 -457740907
4169 14725 -391965162
11316 10606 -609341111
13767 13830 659588598
1092 7251 -861376362
18605 3253 403922872
11949 8927 -496122201
14189 17622 -53241887
1462 17302 58292586
15022 7111 -722385274
15065 5511 -481042512
11581 3171 330956441
7511 11481 -727735317
4300 5881 -853134630
14358 13067 158898760
2515 10936 133446551
7491 11408 962516707
9656 7831 -355003196
8155 9721 142121868
2361 17012 -445801144
17724 16513 -486151573
11385 9392 180518286
13915 7776 -615512902
18498 7864 -843763779
12574 8447 -689170957
6254 10269 617945104
12016 3697 274934196
17909 9952 356127414
2750 7225 -838068537
7730 9218 -317957974
706 6044 -486931615
12906 6583 -583685469
11957 19253 327196285
3046 19912 528275820
17553 8405 494306338
6465 63 780742619
571 12771 301820919
11370 11282 -599032173
11402 13868 647207941
15623 727 -171893991
5131 17810 523084787
3577 11707 -212801011
6592 19931 116220913
5271 9520 571956812
12861 3503 121590665
4976 1824 -115758492
9788 14793 444003091
2360 14378 -17271204
5984 8036 188216676
16129 11064 -305676896
14105 9575 -356351378
6217 5322 -813315155
11052 548 269571493
5163 2204 -843624310
17211 8849 159595230
9586 5770 -179820519
3657 14236 -135670359
12694 3511 416310922
17698 831 -233940829
8677 2334 -95298113
7591 13987 -968166607
5821 9133 -75745570
16733 10724 456874142
5399 2126 -225373419
5545 13778 -288992685
1633 5434 106756882
12421 8220 836242085
11803 1070 584117876
3167 11418 503302716
13027 5922 -545944387
5966 14181 953350062
4532 9197 -118024496
8605 16916 -111110495
6719 9711 -531908951
5763 4828 645027647
12558 8817 -30210530
10961 11285 -342452392
2667 14751 -710942397
17023 555 946683916
13204 7341 299440790
2916 2987 385495085
13746 15944 25126664
5331 19745 -348684555
2910 19902 717272314
7110 17222 -751921955
7418 7423 -990343378
5199 15432 37595782
1828 13056 -974059773
137 4711 -592959911
60 2785 649402704
7233 15849 335569724
9633 8454 -423768323
6304 3602 729246963
7506 19421 -751594267
10794 17599 -60377757
10522 12091 -124280864
5187 12952 -129875636
5880 11751 510206004
19975 4713 214919127
3424 10881 -707947163
6518 5290 410030485
204 18563 -38526332
18807 16169 -679794768
17793 978 -192946365
5924 11832 781234036
6691 2358 -749034844
12518 2714 -590025414
16557 15758 348905115
62 12864 854829414
15166 10313 569418284
12089 12885 203501609
8819 15618 -20900801
3909 17793 394146360
8657 2451 -238594167
3293 18031 -534878406
9517 9931 347599414
14550 2571 861769433
15109 2473 -84586634
10694 17126 -986877194
9582 6142 -897940264
17177 8666 9310187
16126 9901 -745515881
18123 7828 -755701713
6833 17619 -160104839
15657 19932 -731061273
7324 818 -885673264
4029 16026 -683800988
9884 11150 -326878858
16703 18649 7925877
18908 14194 417557439
8832 12907 63839407
12357 1734 -559702451
15388 27 -59840783
13119 2826 901024424
1485 1900 -617954265
13615 18570 254435139
5379 3255 -496081332
11229 4519 -430763008
1330 4544 -989459957
9649 14474 496545628
18426 3472 -685103504
19651 15353 104574584
339 7492 -993058003
13842 6277 802529645
8692 15250 -685297045
14877 9055 200662408
4297 13570 323936401
1275 15415 717695189
12734 13981 -696840733
5780 14729 -867516489
2724 5932 437493007
2507 11689 902583149
10025 1828 -203131095
4189 16245 913551127
312 7173 377990132
14422 6168 845948057
5562 7555 -63188249
2589 15220 179658118
5557 13012 264505973
13090 16227 -182984507
8216 17971 657627094
2009 13344 535599877
10060 13806 180004754
12656 4336 -444936296
10859 16664 770184309
15844 11609 -872194697
16986 18825 154266183
19567 12027 -167777087
18719 14185 -949993541
14422 8328 -610871282
6218 11914 36216449
18886 2106 647415591
8402 4950 -716402720
7526 3010 -213278829
14882 10762 976758797
18196 14266 -750859991
10851 5060 -324865801
12133 5602 672142304
16907 1418 -620469334
2621 19499 -600909614
5227 19292 682686731
16529 226 -96108306
19183 17335 -608328275
8247 17663 -43883027
13585 94 -836315022
11056 17236 -305560975
5418 9604 -584807881
1341 12061 -738262217
12572 1658 776278189
12706 15550 -918436899
8695 3454 -745231327
14290 19897 982799990
12279 13400 750895508
3905 905 905544469
1711 15288 -198644870
6133 16503 528642182
16393 5283 -25197709
3943 15150 724237016
13880 15692 567302226
12569 12063 141870909
12073 14687 105167672
8277 17192 659632965
4682 8678 -952177638
19859 12554 -941613773
18820 9234 169369928
14988 17846 -841433712
12595 16507 914944496
10045 7495 433076046
10014 13329 347181196
13830 337 -609336091
15228 8299 -919484231
7118 2445 -105109632
2527 5848 366663507
16781 7097 65471624
10472 14477 -230330748
964 14488 551512668
7649 11506 59556360
4467 16129 -958145706
779 1423 -941642642
8347 17937 -476130425
6922 14891 -733309839
16947 15295 76612825
11661 11645 -501618078
12560 11236 -747443450
16530 5813 -101026303
11338 10552 -808292545
17688 4101 381305687
10089 15292 -814098320
19174 7777 110362908
15532 12214 -629173948
5459 15152 511042804
7925 18445 963853165
2499 6100 897138103
13768 19280 598690173
14538 538 547164457
6975 17431 -342211416
9111 19854 -179258347
16445 490 -767300290
1699 720 732276565
4897 11861 302189957
11191 10151 -258524935
16710 9392 -124737656
19567 3477 -850480150
5090 6085 428504390
16995 3418 -240641800
14878 5542 -10698255
5650 1607 -190825978
4748 504 -997150600
741 16782 -129016507
19256 8928 671686081
7308 16626 -327229297
906 10712 -655346952
14561 14759 388517563
5473 19182 227143121
15856 19370 -88461149
11641 19697 910537889
5205 5987 -10770280
2353 18270 -712769148
10513 8814 624806509
16068 2681 -164863749
2319 19527 -788896322
1830 2031 359964333
18658 4316 -121547800
7551 19818 -88981319
18082 17497 -322500583
806 17751 -481614151
2488 14426 367276294
9008 730 841038573
11383 9474 659213575
3057 7869 849714964
6262 862 -594430284
15810 206 754395484
16173 11533 61505950
19572 19994 185266258
6799 5061 965034358
17493 1495 868800647
3458 16452 -437452007
7392 1631 -999277307
2440 11914 -149022397
2453 12895 -999976838
10036 4896 -447546339
6014 10793 438019431
12460 8555 127872528
5432 9415 -169436231
1367 11952 835223520
1069 6985 454973627
8505 9469 -61340150
1326 11632 780593105
18141 4783 193587821
1524 11658 -496290764
11601 5660 -914330849
5296 17958 993203893
7842 6421 504808485
4084 13922 170912783
7524 3740 -195681513
14014 19381 536469228
4883 19365 97426657
17817 13000 533615983
19957 9996 168261578
549 2520 -223802469
17891 13755 76062921
12075 19668 -874427294
11089 14657 -114385151
2545 14546 951821632
650 19620 551790030
3409 4314 131715679
16936 14130 245395459
14537 2576 918613823
15458 6677 -202525054
2163 6287 621428237
137 4629 -356444497
6374 19799 224520115
12823 2329 -404748986
16955 8903 12094894
14405 4977 -889948009
1567 17239 636342330
5921 659 -360629713
10726 16075 506027551
12895 3745 -624357253
17163 9613 636425199
3931 15826 -327200651
1349 11952 215694430
12297 16348 376114777
15577 4566 245460893
1249 2190 -408094097
6732 18211 626964719
4001 2546 -745655577
19728 13412 -407489803
9253 13756 -118877416
6586 3493 -391596437
19775 11120 -546527379
6333 6749 -447146668
1144 2938 -129664073
15973 14456 -294997576
10648 9599 -333032081
18640 16217 -156966247
5973 18018 347612427
8540 14207 -505410257
1869 11099 -505013916
19528 5414 -101480482
17316 2238 -177485041
6777 4754 650121225
15788 12494 -253108658
4373 19467 -142856526
1288 2214 -347517752
11459 12536 263522475
19476 3255 784552591
17031 14010 -696388472
5491 18886 222212775
15298 6100 326298216
15618 9734 -195985681
7426 12902 -624254441
6551 11760 63324374
10692 11191 -593239007
1189 29 -30440637
10312 3095 -411807090
6963 7349 970489035
4855 2032 43544323
11459 1223 -90118093
12425 18060 585562203
1017 4048 7278087
10293 16093 -753579907
7793 12791 -884224984
17190 16520 -406627180
19503 9322 807927395
6858 5781 -210188883
14675 5482 -976639134
6633 19970 -546209739
8159 17627 -869227690
2509 19513 779646852
10535 3731 -981351913
9510 9160 -816879924
9284 19294 873864524
5810 6890 329656621
8189 6631 460080456
4208 8665 807170680
4585 6348 555078436
4166 6625 -562879921
4578 16346 -575446282
12049 14554 64274310
11032 12712 -810871799
5742 16371 -488332968
2672 15642 802407569
16912 3965 -403182672
386 12423 744224034
16154 14199 -495848151
5747 19869 962144336
14095 10299 -805117751
11118 6649 293606453
4469 3106 -84790040
6297 3787 -174359604
2878 19904 -325275248
10843 14426 12277898
7316 7725 689001385
19732 1888 -43042437
1526 5303 -561997770
3310 14400 -980778404
2200 12436 -441849087
16616 13433 211904554
11434 7186 -314579821
6809 18664 475936751
13895 5540 153622385
15588 4938 -790154339
11227 17373 -224709460
19307 14464 -149449967
14482 3175 446549608
18643 17823 980532979
10081 3150 -396150555
3854 1113 -536013081
13080 18855 -216459328
10050 12265 391748142
2721 10079 530705341
5027 1854 -3579443
15269 15505 594188923
10363 9539 793756856
1276 6396 966449541
8626 1674 950188702
4676 18578 288075027
14134 3171 -322153392
9821 2389 -744373255
3827 5471 201823893
16526 5283 244543324
18731 17185 285813362
17278 15505 -237008068
12161 7524 461146859
7183 7782 -208256660
3631 2925 -4602034
9918 6925 -589484654
18065 1337 824734607
5989 17942 751558306
10599 12073 -594635906
680 18139 -826013503
13875 1552 329648711
17758 5092 -187460022
15188 840 653599507
8521 2438 503627029
11812 11033 -490532684
17175 2693 333615214
32 5662 -146131464
6652 16572 108479334
7787 3024 -414312854
3795 1338 -92880652
10436 18330 -687022732
301 18617 889965403
602 6666 47207708
1093 13902 -364148102
5413 9405 523654937
18133 7082 700826261
14020 19804 522261487
841 5711 425508181
9198 3320 32989235
3954 9707 -734689777
14606 13416 -898077492
14846 7067 -459785782
8410 9412 -853144289
14596 5837 228197307
2893 15118 -411388407
18388 13922 -136787185
2191 16133 77106007
630 1627 -602488198
17049 8991 -773667186
3352 18866 473545727
18117 3243 -538361108
5019 2089 -985485582
8674 9578 -18525053
19206 19791 -168098702
9048 15546 664600678
11294 6583 -569592054
4349 14480 829046250
12881 14868 -376549985
1584 14140 147056732
14094 12276 -156995766
18661 3365 -505341360
11810 9796 -368318759
12498 7950 -115790370
6134 17882 941841231
15276 14963 -503493252
6644 13441 543791810
12303 2066 -293668654
1923 9365 939851548
16048 4133 574477049
1788 2244 -544313819
18371 18880 -338047120
10784 6174 106657564
5482 3275 196000638
18749 16513 -77791397
7312 4387 -959840877
1255 2151 -284787497
5769 10743 429538975
13041 18361 863158667
3922 17773 -96794057
1810 1061 -431349887
13342 1475 60657877
7723 6184 -831192156
19700 19230 512197352
13670 8757 604193402
4340 1440 -186566577
17136 12571 33571221
10063 19678 477508895
12766 2880 165546605
14158 16679 576833347
1969 19750 -788151184
1200 17020 785525292
17143 6377 -119765917
12916 10992 7208637
9803 17003 687744181
12218 3620 -638257826
2535 8417 -119028606
4618 15193 -146180936
15270 16067 212927813
12800 14935 -375648504
12732 315 544111411
15440 18281 -462391035
18335 1277 271497634
19652 1277 -155121373
2578 17787 -415650948
15336 11958 117318860
6176 14638 776780456
17243 7333 586912708
13696 18947 563613728
16678 15481 632050137
14470 12813 -828320808
2667 12852 342103033
18140 5360 409210582
19464 14116 158441650
19073 14542 -40919335
6064 14311 583735584
7466 10389 452250234
8089 17088 -432281612
1757 16774 -123616511
19054 2573 -81218499
9400 18331 -544332161
11105 8996 -998429831
891 6732 -506861405
9006 14270 334547960
16409 5391 592784456
1610 11539 -359772576
18090 18169 639707614
2010 14304 495617720
12876 14623 -32045331
979 897 -97408265
19280 14719 403602949
4729 2654 257839096
13030 3283 -383791589
69 9460 578371336
6842 19370 99747850
8682 1528 -283760936
211 19654 124934230
1754 11096 -635212090
14693 17478 265412315
3523 13217 111560560
15179 16862 -120089282
18675 15646 -731153996
11613 15910 -683920014
12091 14400 -187399103
19312 16240 413825576
11757 10419 708849031
12717 13571 303815249
13997 9352 801518819
12118 12640 -979744752
12457 10852 702785262
5245 11027 311754026
11575 19147 -750289295
14283 12579 45738082
2843 19409 -361141004
11339 13646 974885150
6855 19794 84233799
2667 16287 -25977088
3771 14838 539782459
11480 1695 -963882259
9052 943 160410222
10573 7389 -507063118
15734 15974 -180430376
4059 10937 602630195
6266 12050 249196322
1025 10666 176664055
15820 6562 268031479
16749 6004 499142416
6905 19566 -985835326
19682 575 -136641296
3770 9835 -770466083
14076 10559 961928458
17945 2542 315898529
8438 17575 -761092746
19539 8245 -204046530
16271 7302 536321869
12744 12523 295367137
16264 12612 -197924174
9119 10547 371801173
11403 11669 -93269263
10136 5557 365576730
18180 8476 -842847401
7460 6105 898610733
15244 12793 745986805
9479 2128 530469680
13825 15381 -181174573
4304 10237 -827489696
17197 12585 -298522636
16323 1182 -50938293
7890 14030 -981874687
2739 9376 -869681372
2644 17251 -251458288
10795 12312 419738259
8232 10785 463991582
11155 8734 395402466
10578 7731 -28041605
19229 19604 -265693576
4958 14816 510825878
16713 5592 322747173
17461 2204 659822831
445 15084 -475495717
2657 321 940681847
1329 6038 89160252
12875 5376 -396617849
7208 7829 -559316891
8131 15140 152102749
9379 14678 -757555631
17390 3186 917914725
8900 17378 556683406
15602 19100 338573509
17171 10200 594678568
15900 9384 445730596
1146 2760 447679862
14067 5606 -417653646
13245 15731 -193977685
9691 15565 350199048
1136 440 -54324513
18078 15326 287772712
5885 13811 975103404
6944 9439 120370863
8882 15670 -575947103
2946 13146 -682050114
1505 16235 -243681905
10390 5843 214676567
2688 18122 -838277305
19413 14739 -371351855
4802 4601 899152262
5392 17902 -830442721
12513 13352 116004858
1178 3269 -363891525
16877 18839 -125238743
10574 17850 123703278
3525 17569 679594838
16100 2735 236342681
16465 15784 -528151798
5474 2623 319032003
6443 5507 -114759398
8442 18235 -269331617
19263 11683 -717740211
17517 12651 -204925319
13792 5469 -633567211
16132 2095 -984649785
14776 9748 -842289995
6919 13304 48059332
19201 5196 -659012911
6412 12924 -928734266
15059 5686 -97803574
6143 1049 -437859555
5865 221 -525691048
257 14694 -413600399
7268 11950 -665296443
15159 10748 920881951
5436 11230 -237984621
17989 2963 -219803786
18219 9595 287319893
19730 10187 -104626493
13654 5376 215693203
18166 9840 -458081396
4332 5347 -715218559
14072 11559 -532567021
6394 7095 130479209
4231 4512 -619783549
16464 6389 28577318
8089 9848 266684053
14319 10594 574981778
1231 10889 -257712727
11221 3082 -513166076
144 18575 856102259
5886 17041 -397280123
19885 8807 -13224149
9846 6412 -328196098
7873 10610 -612628789
8023 3320 644930318
7287 18543 -39259458
19809 10242 119861919
5014 3450 -674931990
10949 7008 732290408
2278 15491 179567865
16646 4829 985958931
8668 9907 519761507
16931 13313 303808367
8989 8200 -68900138
5482 7645 -667108039
7173 1706 -66235775
13052 7251 762380473
4718 18143 -666903334
9128 7368 66785298
12299 2176 -439773564
15916 11023 195429087
7207 465 991098832
1534 14570 616683600
2707 6437 -781599540
8694 7563 950523325
9747 5210 239401087
11563 3898 295332651
3718 14991 -365862941
4841 7093 -203545849
17870 668 517737750
12933 11850 658032748
3 6959 -697936649
1752 17589 -408501104
3423 14030 454958013
838 1231 -920243606
8772 7912 271486107
18676 9364 307872810
12159 13182 763396414
4018 9253 993538885
19088 6120 -434408144
7908 6335 -982361198
15257 6778 26191131
12680 15199 799546911
10988 18899 -48825512
11778 18466 -874000682
6045 7663 305957272
10356 3982 823823855
19729 239 563349445
12545 9319 358782995
16247 12092 717035684
8411 9166 166568887
4582 9949 199352358
15608 17697 63122220
18205 1018 511672620
3629 16167 -708459788
16175 18964 -255005337
13002 10781 32019339
18108 10228 268273400
2397 15506 -391751059
4839 7448 -669485165
4254 10668 -465064596
19875 13081 381521759
19472 14113 -494903189
10659 197 -216411290
19670 15077 649921967
3325 8642 918518047
14598 13755 -356449106
7232 12042 -702858514
1263 14230 -518744949
12645 4976 622316162
4473 7348 469219854
7528 4438 436773657
8836 2821 -112729812
4472 13035 547483531
16858 3675 515243703
15933 9428 -953271357
9789 4917 -222099959
2146 15377 766191631
6606 1181 518192280
6207 16370 109459165
8626 16235 408128632
8646 5982 -439086557
3220 18886 -570897746
13973 6242 -338667410
8467 7911 807070835
13858 3074 675340351
18877 16226 -819855268
6115 4921 203365132
4334 13364 350216581
5596 137 572719779
3409 11224 -318555909
5727 11255 140503575
2918 17188 -801813748
13853 17244 167447900
12195 3764 443592050
3191 8303 -43392960
13303 12541 -117823834
14201 4009 163201376
8979 881 740339486
18915 4114 998290323
7170 15868 544547273
5674 10135 -854586633
13777 12853 -311894665
15787 3214 305371006
13434 18984 825703777
3004 15908 658823632
15497 704 -279456235
979 1703 758497524
4818 17828 721374618
14003 7148 -392553431
19392 4753 -180588731
13084 18704 521362845
12301 1671 520817377
932 7550 760026884
6003 15527 -763383507
14684 12587 -293572518
9454 954 -103658224
2942 12095 -992360951
13879 4518 98900643
10804 16306 -975472350
9360 250 566562736
4476 3015 123168707
12340 5676 -622270134
13619 509 608915941
18070 12008 -234012511
2114 16273 553158475
4474 14378 -321258204
19107 9994 737420154
11751 16989 479386324
8188 14962 915040166
8329 12573 -353776321
13501 18838 495672856
12630 2120 330952492
16139 4814 -34431086
2995 5248 -919416330
152 12246 694221206
9611 19624 420386772
18347 1412 837679915
1635 4736 -67677695
11827 10191 -31471302
4134 7597 -775430122
7082 16097 -755258811
2481 10656 992827709
3127 15630 549900841
14929 10485 -190100629
5931 3524 840267738
14858 1446 -35546303
4179 18895 297533102
4547 3427 -125908294
16407 5611 -824707515
13962 11258 -688081469
14360 10510 114975934
15686 15376 382744544
761 19635 -642879844
7938 6509 -736117538
2931 9373 -485976546
761 9854 613180883
16637 6592 978132270
17680 6711 -595848700
2616 3887 -461133277
17963 529 -264801451
16690 2726 862644331
10353 5331 117844452
16301 6584 700349569
482 4918 -330924213
10358 7424 -312814535
5480 5171 798880529
19438 10315 868290937
4738 17796 -13508525
19517 16456 303853174
9083 16049 -47185490
5270 2358 -801219502
18976 14235 -611162176
15122 8879 878168209
9250 692 920950174
3329 13023 -147744711
15573 3633 -748841352
10678 5637 652568988
6230 8886 510352814
7676 14319 -799862918
6008 5102 -652205319
4283 18071 952887625
9174 4014 74976241
3437 18707 393805075
18480 14059 -704048214
18095 9634 -3260302
4223 3071 670278533
11435 3704 717923524
15779 2641 549270906
8730 12826 614925474
7168 13043 591627521
696 7117 800862730
4334 8627 -463662278
11004 3252 -474102558
11538 18103 -665016643
15330 7350 -72898840
10346 5707 -790043899
12375 14361 -825680657
13072 8622 789813070
14872 3571 322589972
9529 18905 -691499278
1252 6527 281240118
19695 9604 -418959195
19876 1176 230906547
1795 12129 715307601
15833 4337 48169928
9956 16251 -992973676
8712 5802 -322135254
732 12325 -498266873
17259 9774 -63270470
5946 7717 -752718062
10785 17202 -575605671
15821 16408 -714053924
3136 497 555790183
5859 6880 867498904
15240 6773 -532708904
3642 3987 -150723478
1382 17472 -981349841
15420 2076 609862385
15039 9745 998928217
3525 14486 -90635735
99 9953 706325855
7382 6969 972275070
11190 18928 407856354
19817 11123 786850675
17478 7753 182628058
15501 13651 -464104209
8496 7426 -343854826
539 11229 904645499
10582 14385 -632871002
9459 5498 472626285
11560 6924 897983075
16268 16949 -594362450
5222 897 455726996
13248 1892 -235629350
15968 1309 483905331
17742 15885 349750222
7044 7790 685758656
934 4584 -480311438
17832 13001 -707531786
19872 1366 810402151
18296 3873 -750864663
2857 16532 276220401
17776 5594 -856497377
17848 4431 159431897
17625 9334 521934570
16263 18647 -50360470
6319 9781 677433790
3475 3137 81900923
6139 11310 990975672
16052 12160 -278167372
18684 12579 -189226694
13987 7832 594333836
14909 12410 -131660736
11517 12411 -727389448
6766 8496 -566367967
11132 12158 -217286853
11089 11086 391284439
12926 5003 69369733
9829 5646 -662841242
3319 5496 774719202
986 18809 495785204
19385 371 -115731970
18850 9720 25340453
15499 10872 996544016
10990 16221 156949860
5647 16751 684272091
4752 493 32102250
7332 12965 489177100
3412 6258 901421879
17522 14252 -509833912
16839 849 49692883
11594 7842 786599842
8883 11668 -245094786
4209 2762 -680226827
2369 19352 -349024252
42 3998 -705401887
18793 9815 578049440
1071 7106 449918684
9656 14706 750106695
12377 19956 280101183
2467 18076 -815745626
17261 14690 -705406180
19090 13631 -190197328
9853 6418 367972891
3753 11514 -684716969
7940 15442 887059847
8665 18796 731110764
5393 18151 399241803
6473 9892 693355617
12578 17637 -650819975
6960 8422 -719671749
16290 13362 -947475559
17257 1816 -873751217
9346 9692 -880427960
6307 5609 848880065
5380 9877 -555331556
16471 2108 945934508
10716 13526 981375039
7048 11205 -739227587
5237 6630 -95092247
3766 10950 -184898314
3270 5642 137861558
14398 12974 -933650450
8852 4141 943866030
7622 11124 -721833188
16558 11686 -719771393
876 19623 -852339337
8584 15613 -326258218
2798 4751 721362465
2716 2839 -251745754
7341 11924 614336098
15645 1640 -378719843
8949 4937 379634816
15871 17441 800227942
13559 7919 342493299
4747 13096 -81291080
12984 13157 545915573
593 126 -441059526
6896 18893 389854800
2261 7458 -639155873
7720 18556 731347014
18361 18475 -576274929
13570 14033 279453476
6819 17775 -869883013
3563 19213 -107157124
9423 620 890273478
755 18407 -837779122
11052 4710 276465026
745 15484 938087313
13108 10355 -413855029
11416 8918 127501359
2617 17345 -275953260
18172 11596 242893762
16353 11308 213455826
11717 18978 -45806008
18091 12298 138117794
14568 12088 329437248
1054 4419 407751402
10172 9998 756025054
8223 14105 -254356505
14532 17414 -810635556
2048 2539 -449315479
13040 629 175083358
16058 10130 -118888961
19015 17024 727132678
12639 11684 -957986523
14664 4283 -819242277
19529 12768 -678878138
5475 16117 -943943010
14897 12438 340070708
3773 11138 67900910
1930 5832 694651958
15745 948 108870450
17952 14478 -628169595
10236 2955 -950576282
19669 18462 -54370327
11309 1955 501540022
16983 13961 903314078
8311 7490 154480010
13460 18411 -31259086
1140 4125 918319624
8119 18814 697999809
2589 5643 706816886
10295 13849 364056
3129 7735 -733075751
11507 15675 -574950613
18707 11854 802865175
11605 6349 -489599983
17978 1322 773806203
5903 7932 -964005314
12627 934 726746723
9953 17440 510362931
1388 1034 -473314754
10133 8729 -168940627
17670 13364 120107264
12290 9712 669110152
10123 7977 116777246
1796 15677 -892624547
2424 7970 -850081068
7714 19653 460760062
16356 17925 -211434033
11272 9471 336511069
4903 2403 386032784
10665 15057 -263918573
6689 3344 376373042
19305 8019 -92563903
6061 11599 710185684
9190 12589 -588755343
5516 16379 -818096923
17029 7421 -336155745
1826 4961 308654772
18207 4131 204138584
16331 17119 456471456
8011 14728 85944148
19343 7713 929090720
11107 3864 230137336
5604 9815 45217944
15266 13188 973833580
13788 12315 -233125221
17179 8493 865868917
6460 18632 460453467
12844 9308 769078606
17090 7347 -940423294
2178 17646 -291000586
13420 13819 734166600
16665 15964 333668249
6370 14887 -909467878
12176 16759 662881569
19412 4159 -529700524
13565 2666 -584606749
19203 17791 645786499
997 6380 -49324205
1014 13800 654389525
6381 11943 202163842
4987 6849 -336739926
3095 10059 -419654419
13784 7893 69772608
12655 15341 -155421277
14022 12103 -451019049
16333 639 510352583
2219 1784 687417097
1863 892 386770234
724 15428 -959668897
10175 4698 908454502
15530 8418 -409147903
5378 16155 558409278
12216 13656 529148162
13665 9517 -512694939
6985 31 791211702
16375 7021 576766862
3051 12238 -162916082
8890 8369 -14586878
8186 1309 -573692418
2112 13130 939367194
1300 8415 -610230281
12679 6069 18015558
13538 3270 335888337
14575 16481 -205815912
18738 14534 -314714591
15506 6988 -917461721
1019 16010 503601702
4401 18019 578632522
10002 8447 632540414
10356 14317 265598326
2699 3178 -318660192
14090 1739 -858891132
16904 7910 61790580
12752 32 327368713
10651 1604 -770368127
9600 3242 277493696
2278 7750 -241534374
10680 868 -487781771
1153 15688 -160505292
17024 5477 8094161
10877 19306 919602799
9789 19130 -450570868
1305 3814 203375616
5757 9346 287253030
2000 17978 -888935159
19455 17897 190819777
10726 1008 -106372705
7883 1186 444503022
11475 13298 396582025
14455 7028 -148780029
6280 8726 482254562
14060 8801 -581589198
15866 17672 579842520
856 9669 512200500
5486 7440 -463786614
19675 8104 -938241426
3092 3653 169719161
16466 6193 -783535059
17134 7211 499952449
9470 19551 -349259392
15029 17628 -515264806
16401 6020 295245734
17333 17414 883415970
1216 15743 -487585364
15491 5057 15508030
19388 791 567223058
4530 10987 668680843
1639 8470 98458154
5953 16493 124561439
17256 1221 -716164819
12366 5321 -386216981
11185 16792 155781455
1902 16293 -521361092
8838 15512 -396707012
16797 1926 -754158110
4862 12146 -98638309
14003 2767 486950130
10082 757 134709740
2150 11358 -920908852
1339 9303 -706056889
19918 3132 -94154317
9413 4287 -760156186
9134 18751 660364997
5755 11025 728464316
19794 6064 -718297788
4015 6255 222264017
10050 14247 -857732720
1835 10191 926543761
18659 4743 91833988
11370 19949 -822390113
14246 11093 -343795720
6925 17495 23252967
13027 13338 854718437
12297 87 373520499
10459 12934 -331041065
4157 109 -849112711
2781 19454 382099932
6879 8930 -815748396
15591 7059 -198126812
10843 7822 -761662582
13840 14813 190312580
4401 14893 -95416925
5728 15322 -673947664
12238 18135 -276513323
12222 8480 174197191
5076 9351 562043818
2354 19127 999040122
17701 16690 175542896
3898 19537 -519583034
15090 19991 579261631
7771 13037 925122134
18098 8042 -599999951
2773 10303 -744360047
13115 15822 807635154
3764 9256 110168246
17325 19151 -721393428
8860 11171 567331738
13834 17108 -168510667
9407 4158 615500886
14058 18817 48378816
4652 5739 828348038
18165 11286 -428413439
591 4846 -91051436
14707 7275 -85448742
2082 10275 721099591
8797 13186 60157668
11689 11233 -606818732
17663 19078 392477004
14778 17054 574001465
19355 14710 46428467
18060 11514 -883668957
5081 2887 -476629009
583 12246 307805819
3055 7767 -185371485
12171 14330 -689955807
17960 11368 650706314
4589 16459 -922804728
2983 7949 996393288
9971 18120 445483861
16174 14633 271227328
18366 7529 -334883897
10003 1842 572681737
19477 4717 947763837
8123 18957 810681061
3783 15525 -370623308
18016 2325 -229123620
11977 10397 141706771
9028 18674 588059821
14358 4642 -652587726
14855 7091 -82704023
19011 9976 -915458805
217 6210 955059791
7294 19234 -208189238
3834 11488 -579182373
8416 4229 53726350
19560 6440 -752752339
4133 9646 21565100
18010 962 -726368386
17566 5691 378117298
9185 7802 -473514772
6621 6059 367921889
4817 2562 -906818965
9660 4216 299994023
7207 7105 451082052
17395 16150 777486089
8378 11730 74794016
19199 15938 384677732
7648 4923 208540054
14499 8372 849719732
11711 6548 22025874
71 19658 76314164
8963 9399 -315646935
9075 18890 248611327
9163 11117 129934419
2289 13709 787758797
10353 2805 -600302109
10722 18025 -429047242
6637 3262 -209081632
16643 834 256694017
4587 3848 -725873387
12902 12414 -822571497
12698 5069 -244496419
16409 18554 584398140
14599 4654 578405748
12105 14667 -747755846
7054 9380 526585095
9912 10120 -555065150
12714 7981 662625555
2034 5532 335880094
8108 16201 -663032403
4024 2730 -463949247
16741 13743 -246597826
18514 16396 585188145
5200 16097 320129129
15640 17895 140318604
4132 12040 82457884
9843 2669 -784377388
19386 17723 -676192551
2959 2288 56077678
16644 2591 -831685714
5219 9103 -265467701
10936 17624 -85992419
13622 18875 -985529655
4047 7263 22683384
1915 14946 579073545
3523 6588 288080640
13319 14320 -834276575
8145 13649 665493225
1093 8086 83733884
13384 12720 -675511107
19093 16732 -677433895
11107 8303 -401424834
12931 8446 -893119477
17670 5610 879530487
15034 4547 -741780266
9223 14488 -901188379
13187 10621 6191731
9435 17434 723997049
15070 7485 797292474
6563 2074 147283272
6374 16325 501601421
16894 5252 -826438346
10018 13039 -898410720
19694 6009 807170380
17189 13363 150807016
8800 9596 62495534
8437 7068 706935904
980 3107 -993816230
12645 18062 -747469679
16530 1084 -194802558
16715 6170 990401078
9385 7434 -2470985
16286 16552 714676843
1537 8968 146673603
4220 6108 -428571375
7885 18437 -727274990
18843 2946 -352448696
8894 9089 201652698
15575 8352 -959984891
3613 13234 394238464
2004 17527 -577548316
3206 6328 364993368
6616 11805 -811098151
12516 8753 -642541453
3248 4179 -672022141
6880 5697 -4669609
14783 17800 -670935478
2662 7001 -792694815
9257 13222 207974338
3435 4981 -943745722
5853 7211 -973046842
201 7274 421268645
16907 5562 715728837
10995 1936 425674208
12392 16341 215949996
17988 9232 471570210
13740 15121 -62025243
362 16098 -639081457
3763 19539 -181605265
6760 14932 90964993
1264 12542 125752155
16129 19036 809914370
7556 16681 405648825
12880 5949 -415524788
9765 3671 -882897925
1497 2458 482594723
10498 8981 946067030
8058 2415 801398494
17392 16252 154237478
15563 4162 717606900
9545 16369 -389129340
9199 11232 650006171
8744 15212 -836443896
3353 12915 -385416981
13031 18955 57791346
19352 6154 775269321
18922 14956 698906440
4147 6349 -507856904
12568 9867 374538007
6417 17497 -795470054
390 7887 641368908
17029 19621 -174358696
14867 3310 514845805
628 7545 946105369
12348 16646 658635700
659 3947 23552457
17761 19630 547113853
4174 5864 254837497
1980 815 -244730881
16702 18151 151060500
15474 2307 -428450976
15883 18707 869932776
18899 19342 574184004
19876 13972 627043136
8244 10036 -962944491
19586 6491 976626153
12936 4687 15541348
7071 11266 -189104266
6083 8722 -88194602
1940 9897 401617237
8028 15473 573037285
2300 11737 -92570311
15045 11890 -878387873
12279 16591 -511392098
8871 17776 -383393183
19635 8724 419023856
12684 11806 938985678
13013 1858 -933129196
19826 6410 -783693018
9019 2125 -565120306
12971 7701 243125596
9203 12559 -77072970
7408 10823 151995801
12933 12302 -976792435
15298 16621 81332390
3888 3485 -539454690
14930 6485 217227991
17786 5201 793202199
6455 11557 -2204132
6103 6979 689333292
18382 6641 -899882559
19067 7909 -408087942
13385 1744 426407353
5711 16132 -117123359
9510 7982 -575699071
12931 19941 -153803339
19144 710 724893446
773 6215 710521737
3442 12821 332734714
83 13075 792435855
14145 12493 707782100
18296 7233 -807014023
18233 8720 -435529366
11411 7331 631313260
19784 11086 -322751020
14116 1041 127796704
4680 8032 -472226204
4544 19542 610782660
9691 11021 -846104963
16823 9282 -624459154
17468 14533 -450736222
1287 13343 -557528225
12354 3448 480634370
13684 10055 -523449591
2899 2268 429163133
5525 16602 266038190
3622 1663 760856522
4268 10036 467920041
1858 12256 -853756209
15881 19928 46757511
7025 2110 553138099
13192 17137 708650149
6589 9436 -645922628
17855 16911 -340567259
4740 10310 -502814142
5250 19314 -511473885
12682 8733 -495459116
6777 1739 568463579
4606 19186 926820702
938 10440 483344925
16345 16500 371996150
11368 18146 -520478857
1994 2874 -745195607
12398 4902 -478553332
13524 15159 163719436
3191 13256 -856319020
16511 2179 -253405284
1219 3590 -205046794
2010 8482 916433585
7939 18412 516632559
416 6210 294962536
1608 15394 -671000350
5666 19243 -458976284
6866 9696 842277446
14505 13302 339535493
8533 6534 -909751965
17812 14570 526965206
17663 6148 616866591
13829 19124 -329359871
5265 5143 858346220
296 15656 -756358499
10023 19671 -689432811
17560 5383 217129576
1182 5837 -801685824
13624 2938 605576206
3731 10656 361111128
19265 17843 107489264
3420 5770 -659298451
16276 8004 798458544
19089 11355 -683067298
14814 8718 -955328993
13827 15667 16012761
6543 3876 -666952699
10589 5061 37261950
15032 8234 815287245
16524 17772 258108605
6209 16674 671842716
11711 1479 442736808
10702 11121 280143725
215 18798 384258857
10305 15370 -30776646
18661 7811 593609656
18695 18762 -746437301
9675 16853 260813439
16629 15216 714733777
9532 9512 -42088536
18539 10019 -533064166
9500 11176 -262066081
10431 9782 -90739178
13143 8194 -407048560
12142 19038 -761234654
4780 15369 410799162
12502 14830 -280185769
15507 1584 189106161
8880 9873 -586974636
8286 3701 -318722005
18300 718 -730117208
18702 19512 -528510725
3181 16005 -619135849
12782 16536 225532430
5941 3217 -854323663
15086 9765 387984774
5010 14933 102532894
3587 10845 376106603
1239 16100 -451091627
6852 11229 -866151702
19967 13735 -356379751
6447 14685 -181655636
10532 7843 394410479
5244 12583 -958296247
14395 17133 -312703959
10621 16115 704408607
18595 5070 -850325239
14993 10007 -965133507
5136 6702 -956806760
12293 6329 -552801576
6141 12832 -559287686
13224 6761 -437900032
11490 310 -660497224
12408 9907 -780923851
12290 10412 -749735130
3234 14476 314888787
6556 13437 -755230638
9537 12810 -495835920
915 10198 831417889
18783 5163 -961743462
2193 6978 -771811507
2581 7928 852956996
18560 8 346449986
7056 9860 -9347241
7025 9382 584982341
19187 15204 547880763
11604 9872 692627575
13810 19300 107960172
7097 3718 -922617876
18930 12325 104265439
3484 15761 9872997
19816 3691 918700357
5022 10496 800813443
12142 12921 -463263451
9386 17854 730694937
16420 17475 432219138
15084 15053 456855935
17496 161 977309944
2596 14607 -108190234
6938 16951 98556727
6070 15954 500138801
15423 18602 -876415425
5080 7631 -9316734
19612 16202 -36509730
1874 17361 763198296
4837 12162 983042819
4461 19125 708594169
3052 19785 -37501917
15656 16759 -591709041
15664 15906 -567274618
9683 5597 -687185310
2310 94 501989909
19982 8073 -642921607
9424 11541 623682468
8477 8419 391587484
13559 10074 426846154
15347 8680 -44300246
1624 19074 411371611
16351 18672 -699138843
18330 11078 -768205718
2060 6602 -845422999
15437 2457 -28179073
16780 14445 483392205
3413 8314 -503170442
10439 17156 -3198982
15467 6963 868499805
11526 7859 -742099035
12606 18809 318104200
16602 2077 -393753822
3240 858 521176511
19725 5171 275973239
16930 15501 -594098694
4699 7392 -790084260
5538 13381 -608615423
15468 17351 897729303
16423 14541 246473738
207 8130 237437231
18437 7098 490433722
18958 271 306719840
2951 1813 -827774154
11023 17551 557383621
712 946 452020111
6370 11865 -926272895
6446 10398 475406303
11732 1177 602569259
4345 15812 188778869
1836 3511 803962249
8520 9745 -592020297
331 10803 -680267157
17311 17248 -498425493
827 4841 -737681373
14187 5364 506773092
9246 19290 -663584848
7341 9307 -837446886
3468 520 818763576
1985 1054 -421599410
15842 7498 799770970
10699 13024 -583292267
11346 6801 726518553
106 8893 763464780
5996 16485 -560353016
11427 9536 -736688348
19297 19311 -443586164
17271 606 -92032492
11230 7091 848961772
6768 788 102564772
3907 18331 707929035
8891 393 -899263809
10441 81 -335460384
4608 576 537474030
5592 17269 -137557236
10087 2922 -19839386
10161 3917 466474694
18394 7082 434929921
403 15716 -299448083
9265 7454 -254667225
17447 13401 793432416
4 16265 -843119467
6694 14315 177561192
4033 14636 -330195408
16160 10065 25214206
14067 8982 -848097098
301 10690 562438547
19996 17658 -418460030
1781 5731 622950418
17512 6414 -87082436
9413 8644 203618821
4874 12443 953622500
13858 2914 31183233
2656 65 -205234727
15928 5290 -209741622
12409 2167 510010150
14847 7961 696980875
16873 18584 -374425139
3811 11114 -765522100
7365 12540 401328790
3707 15670 421186093
1632 574 406571937
17773 10417 403902776
4437 10718 483767196
2458 18036 -492983168
17770 3617 350151020
13925 14203 -483329751
4445 13331 178242019
19646 13183 391180626
200 9636 777841900
7457 11239 -716090071
5366 5912 389465913
5548 10532 -981989484
2172 6353 292335642
9433 7557 -285759918
8296 13139 -141447928
15410 11895 -141251360
12482 17678 -691426116
11651 8982 -122892025
18989 18858 -372637502
14718 2179 326881206
18199 16764 756393582
14828 10360 941158850
12408 11646 -31593876
15087 10213 -379179457
18181 12770 98205910
18635 148 443160681
15836 9396 15741411
12746 17681 -618151712
15106 2619 556221211
14880 4969 229326673
17843 12608 -366898381
2667 6548 398670810
876 15551 478582860
8942 1691 539912458
15431 17031 -988054505
6297 18713 -238343482
934 8458 347258139
1789 15727 273807196
13091 10914 -8886544
15981 17296 -160519072
3684 12349 715600635
7459 2882 355179242
12221 9870 -728559068
11284 12509 -566972660
14949 11351 720108900
19000 4624 965334544
8465 13827 -661436338
1990 16849 -553037941
10899 11848 767757871
9956 11189 931965975
303 11658 -561380014
8386 4281 217371282
6315 6098 -81118650
15583 19215 -489606654
7116 17349 -73916124
6466 17718 -981506575
15144 17150 -660282377
13466 14293 -328450671
15243 7591 -640469237
14995 12708 -146076938
8351 16644 -336691929
4204 11863 404676502
12744 12171 92627311
15026 5890 -924103513
16708 14956 336943427
1968 12191 -982240799
13125 6851 680801755
13113 10004 -670302084
13215 50 469247035
13414 15390 885164743
4312 11142 -723992789
19178 1984 659393648
6082 7116 727089102
6007 16276 523779599
15601 19900 -174936431
151 10818 -163599628
16303 8649 -829375032
12510 13522 604583149
6540 18963 -209208896
12160 9549 -226595336
18995 6662 142054149
19578 746 -961284014
14248 14536 99403149
7954 1095 -60019322
9286 18829 -279972212
14216 15129 795279627
10003 5357 -646273991
15699 10944 -312292843
12832 396 -626126149
3261 6231 -300104610
914 11546 -180175915
3663 17741 765875141
195 16056 434752693
3356 7102 744785810
6365 7338 974156372
14023 14109 312470625
15304 18374 -812908021
10083 18172 589690526
7592 19734 -524406690
4152 15172 174982024
7234 19907 813106633
18127 15714 -358273585
13263 19385 -298938044
7506 1136 505932721
18916 9179 28859970
7540 17694 -998592120
4884 766 -836445304
13902 18242 550694127
1908 11736 554342287
4315 14465 -26224947
19718 19452 491498521
15855 11835 -969019468
16862 1467 -145583766
19319 5889 109471326
11620 7253 -698645102
10455 19475 195715590
14674 10186 -957152934
5801 263 -882713086
7778 7432 -85810493
11433 4768 34530912
5814 1514 -51723964
4490 18813 -483409896
18857 4633 427934396
6929 15445 -36345007
17470 19949 -101556655
11689 7624 -832135981
4405 10420 278265791
15661 7253 -265170912
17596 6311 -227979667
18029 4646 -942092148
5761 12540 35246333
19366 312 -204643974
11823 11242 783780166
1353 7553 -308142345
7201 14231 161646952
9526 7278 31264655
3474 19736 415351923
19020 15221 -304962370
13703 11452 632112306
4051 7828 -112119961
10042 10950 -738108005
8538 16543 -582040018
8158 5301 49349408
4422 6596 -954076654
3043 15798 -924016535
11089 2642 793139635
10379 11192 -506420637
11419 6373 -139693927
19932 11343 -675180061
17630 19162 -57968285
4067 411 680180075
16247 7561 -597553723
13572 16055 119135490
14435 17367 -705154064
16672 18265 -75194886
9230 17421 403119645
3109 16843 -561078824
16592 14607 -950757263
4002 3130 417110936
6125 7084 -42508799
18622 14315 -69194600
1399 3313 557723782
12686 19770 754565966
11608 18489 -606165647
11260 1858 65569025
15029 11209 853909886
18676 10043 -705713234
9427 15115 -693806029
4435 18170 -608866686
18178 683 -29369637
7136 12934 -362757334
1043 14900 858102424
9633 8609 -554963922
324 16536 -400889621
11556 12686 -219568710
9921 6261 146024074
12937 8838 -543226748
15238 9141 908694239
19285 15440 -515581138
15916 1099 167806422
17376 9025 63725234
16363 7061 718858208
10750 8907 -824806601
13759 15769 -652503089
18017 14935 603228840
10194 14148 -67453744
4479 5911 194227306
10290 9817 -446701779
16344 12918 -768808879
9540 5409 -104749982
15023 1814 96516766
16233 5188 -982490823
13967 8339 -556090710
5963 9123 -971234482
4908 16427 383493422
9736 291 -768468041
10548 9517 -315221264
6044 4790 946720375
5250 1715 -392873163
3668 19619 534532122
8821 10733 888272591
13617 12878 -21526688
7185 15996 -546348701
12925 15127 279583202
7800 4139 -262465061
2687 15869 -996851727
14944 12479 199228845
7166 12513 -976074530
19601 18605 777367041
17587 11957 -919910764
15839 5179 658995736
12583 4016 -403968369
2351 17209 857756764
12427 1389 -125862368
7763 19291 -789747714
10996 11977 21988966
14469 15193 -64220417
19326 1878 298361671
223 20 714166944
19439 4580 -373348352
5013 5602 -306061349
7436 7049 216711915
19077 10452 223799683
15196 17689 154504071
18917 2518 -854512269
11627 6049 909678089
1642 16914 318363224
17567 897 -313844356
5946 5196 35782991
1335 16918 549905468
19842 3371 -167125286
9207 4887 -356824697
19542 2233 -767392455
9811 4853 -838807265
3625 18575 -763059609
15410 19737 -936673214
17199 14930 926955973
11480 14088 644008216
2614 18740 -534659711
19771 10185 -189479238
3571 7954 -808789777
2810 341 -555424345
12661 14550 64933906
11664 18792 173187952
13013 19920 162487663
1817 4652 -595496337
11685 15746 931956605
19715 554 -473969679
2333 17460 -643723385
7705 1815 291762853
16888 6936 17476631
7511 1487 -458228137
14355 7859 -416280632
1153 18398 846710163
3027 11515 691480872
2030 6503 748544525
2837 12513 458713845
11192 11317 823459481
16933 1253 290401152
17220 4169 -107047896
8283 16103 -751155275
16475 5892 -750103786
5999 12399 -73622576
1538 1098 -321260381
17455 18156 -855661012
7676 11093 885702891
12166 6434 720241829
4418 12028 -299214086
12740 10217 324828583
15215 7841 -864615372
5977 11474 474286760
15281 3050 947610965
15107 18023 390575094
16680 13902 895273724
13699 19474 896453323
19502 2673 780487090
7467 18460 -570808662
5700 14904 532086682
1927 396 -895917256
2119 2443 814178254
19087 6329 -35543690
16019 7094 381847029
4669 12268 -562143733
6385 14885 975133117
6376 6888 -922412305
16060 13461 178549565
15092 19581 -961887392
7368 1745 932591244
14053 12089 904957964
8665 2679 94439920
4857 19366 -323988876
13969 2146 -543484493
5894 9034 -182481169
9472 15341 -726205646
13306 6702 -871514551
5368 7896 854025522
13627 4832 -340747077
236 13851 -9045407
6873 5626 -643108350
2564 17349 80909011
18765 1580 -276455101
15123 13396 -407504519
9016 7694 279676835
4162 14831 -15143672
11283 18780 -666601371
14273 19733 910701568
17306 15982 -947544816
11809 16505 -799442438
13998 2480 -173886988
5880 13207 -825263157
11929 17811 -721318409
11197 16837 635669768
4818 4282 146809829
603 17553 149013764
13478 11283 -320692234
13297 4438 40334419
790 7549 440214444
8020 10239 460538940
18948 5559 -139402032
13961 2443 -242906384
3407 12440 -754686924
6711 7267 478498617
2771 7743 -97144523
5193 7043 -287901193
13243 159 -35026626
10508 18508 -272973134
6321 6708 -212708559
5283 10231 -402586323
5285 13248 786327812
7522 20 522453911
4885 2803 -513605803
6448 378 986621608
19740 16657 -698849739
66 3432 891821528
3568 2132 -689169701
11179 5604 535480391
14884 6633 -739856015
6036 17048 -187109519
5839 531 -949059437
19404 747 -740152640
12000 9098 -255468967
1260 7818 -285821732
6248 12373 641476183
18883 14641 452623132
7134 17458 -936619477
9934 12766 -27478103
6654 12546 -130487653
9269 16602 -538693985
12197 2738 494976332
3040 13053 61694773
11920 11238 846132409
7629 13658 425690435
13954 12933 910567615
1116 8796 -77773108
912 11629 -858037006
822 3449 -977802562
13604 18098 -255305304
18311 11362 -737729613
11189 10192 -967787434
689 9191 -835053536
5946 12255 -48500418
14492 8169 973548785
1538 309 424908463
4745 12491 465702690
2350 845 -872160620
13438 7064 612070244
13875 19342 -522738652
7206 18044 -353791008
5783 13413 812271577
13887 1941 459809499
248 16139 689442780
14966 11145 298781169
9755 10843 -190345870
5057 6522 -344340500
11852 16324 115444780
5197 19953 554678748
12705 1306 396716153
2696 7862 130098565
18661 13272 963617039
4116 14741 -518655284
8766 16327 -598957052
10796 9517 -556313492
1225 7234 736348572
771 8694 3762273
17535 18635 -36289672
6810 18486 652271562
7136 7497 943159157
8822 6528 -894439988
11586 743 -717699232
2092 3233 2753104
9825 2186 -640780101
2328 16196 16833640
10882 18178 468791571
7552 19924 719373172
8621 1821 -933672880
15860 14869 730447720
8552 6460 940753378
4884 14261 -399470430
13642 12475 189717465
1043 5274 575550405
12100 19457 -705802017
18857 7657 -129169501
11846 10002 681072266
2483 2540 121760503
7572 11004 630276854
17618 7738 762439471
7674 10321 835038866
11176 6924 -41683882
3271 4564 938518011
164 11213 -75427691
1321 13071 655054758
17240 8910 999180065
17411 9097 -846084450
5988 19597 -831351382
16086 10042 -166668583
15540 5161 -436307495
10404 13034 -575959895
9013 10476 -502920180
3940 5587 904719058
4047 3289 829824624
14826 6317 -97632676
10046 18188 -706435585
8032 4393 -461819202
6610 13560 -335856713
10015 13497 788763767
8895 6374 -497041580
10946 7971 635058253
8824 4106 -275792889
6880 75 3660366
18516 7004 237878948
5812 8383 -576921431
16246 11563 643260287
3697 18971 227222231
19262 18195 155402327
12454 6919 484001649
13936 3668 -198048836
16517 4832 420911945
19118 1612 -528646823
11247 5525 331283830
3147 1963 -437234374
8986 4753 -758488405
11762 100 86518068
14971 18033 -981117359
4844 18742 -381623918
12227 8112 657195231
12359 14616 -368047930
2899 14914 -214585591
1005 3041 353266728
9162 16400 -30323719
19629 15846 80087433
4480 9567 63790159
1493 709 -425359157
8301 16305 304657167
12048 3544 905527858
18539 17231 -281833375
1198 4572 -828005683
12047 17659 -190957089
5352 3757 -155919096
16674 11445 -16982191
11013 5691 634991735
15371 19677 332217362
3533 16703 292976937
3784 5497 -328689540
16166 5824 175991456
15562 9576 -547715570
6281 8837 150614176
11005 16170 -97895941
11288 7189 -527506176
8470 7883 -717775236
3102 91 660811561
18705 7485 586253936
2442 726 -212747967
15904 11789 -15955816
5487 14941 389484285
6842 8852 672203542
5092 3907 -408502070
2990 6553 187608935
7278 10276 -751979836
13300 16194 -636964170
10833 17624 886995275
8480 6270 -233869395
19959 4075 918243503
12000 8125 253573238
6344 259 -234281038
17276 7509 397513537
3516 1789 -175844810
6240 3925 -454652958
15907 15704 -236102787
16233 18816 -576240074
12203 18375 -810713778
17915 12069 989478937
17706 18872 264645361
7679 13171 312647511
6821 17590 105168233
15012 10425 -807786091
1488 11155 -900471509
19076 7112 27556011
19075 17383 -807186069
12225 1859 -472509568
14821 6040 89654720
14886 19821 -923401459
362 3456 223617763
10585 7111 -314121226
10734 8855 -114487880
675 16641 -91687234
9848 9356 78405276
15066 6952 -300221461
1140 14964 835179232
10801 3710 -215722572
15492 19431 742649316
9184 2674 -195542183
19377 9072 -706932095
9781 16437 977642629
11781 18308 -705893172
16548 18302 -232024296
14839 12160 555547160
18787 7583 96419380
8740 16430 -481153646
6276 18849 -777394820
13964 8534 444411518
14462 5958 830618893
3684 9252 -136082267
16407 2262 432698009
9839 1628 -2081009
16032 11316 666116216
5099 6006 -701548231
5017 18996 -224526352
16101 5679 -200577440
16250 17274 -879155137
7937 15676 748343128
15847 7097 -328919550
10133 5314 952753733
15982 16275 -707337063
11815 4960 482713079
17425 16557 994867707
14627 7611 72412845
17846 14288 403205086
2336 68 -342534576
967 9095 361713203
9911 17234 627012497
6375 14469 -498824808
8656 13382 -560563163
12124 1607 797461189
4766 16240 -719633816
2147 3595 953606594
17240 10131 415763874
2900 13959 396608146
32 17386 587702975
958 16209 343491232
4788 3217 104111554
10375 14708 -482416378
12417 13808 917826036
16695 9493 611333691
16812 874 102897201
5692 698 252311013
6127 19473 540893803
3109 12430 450764167
14580 10411 411376857
18276 4061 307342416
18144 3979 743058152
15962 15864 -277216325
420 14605 -600171793
4254 13031 166230238
2448 4591 748839959
3845 3798 608785587
2809 17149 713648836
6931 11249 -489277595
2297 221 916230154
6462 9751 -493003862
15688 8366 243853274
12254 1841 185665357
17418 16411 -967479432
11400 14596 530347101
7420 6372 985336396
9701 1128 -231503991
13555 16946 -547149973
3023 15546 -393100602
9665 10677 -478215321
2529 3341 -521281066
13000 7056 -974494073
16607 15751 -743127928
9745 15425 871158177
5656 12317 -774193305
2679 8295 444843820
5342 9313 357244801
15389 3859 892759293
10423 16135 -249178633
15311 3537 -301590794
1768 7901 -8672172
1014 11413 627459388
9184 15517 880716670
881 16606 -637022676
17860 15220 -382755806
1867 3489 865315677
1671 9779 -576150444
12008 10662 -792867813
4025 3421 -259504178
7497 5916 -300238454
12180 160 -19005049
8714 18856 -988177697
10066 17459 -85132048
6525 16581 107021857
12389 11772 -395143100
14408 14443 233133476
6225 4348 -618342092
9489 2444 -906598460
10817 7795 -960681888
19708 8610 714525079
18536 7704 -954293548
2617 2494 127274857
10280 19577 -594753450
10802 9986 -735019561
6955 11714 866300881
15554 16901 169557621
4256 7059 -70661353
3354 18911 -702721931
2587 13605 -934326971
9809 11303 363250245
10116 6555 -490017466
2069 2077 929697627
19364 9038 915746004
13066 2871 815820730
7169 13148 -60191240
1970 4540 648709746
7310 6557 226787046
16598 17350 551879155
15443 14571 -669666750
8206 14398 -86859641
17272 14217 -92611533
9542 17648 995965093
2442 7576 504854650
13110 13008 908205037
8009 3688 167883243
7082 19701 -164745026
18354 10699 10113485
11237 5085 116455822
12439 210 446371887
6105 8567 517350538
2031 17021 588807020
16502 9371 -897945732
11037 15440 316713137
4124 5555 -390074695
5957 17150 141645679
6525 6875 88459346
9452 19725 -22813653
19402 5695 -578420922
1140 10247 -140338690
5142 3402 956856002
6474 16808 -912936841
15420 3627 -189517716
14068 8432 348467458
12423 18942 622891245
13958 12286 -749697741
9916 9561 342098957
9661 5555 -227019637
13381 283 499756103
5895 1819 -609399499
8170 3432 663324533
15354 8103 983795808
12770 2572 -866489305
19789 6277 -902652883
15962 18795 -975381430
5185 16532 -742089020
2592 17659 874512924
2982 1037 -775208337
3617 9147 -821411764
15571 886 487242940
15408 15685 -478125727
5911 12257 -600557606
11231 7350 865058549
14744 14132 322940203
9545 6373 -730068510
15836 5225 -841195361
15713 7744 437999778
5319 3045 -784532410
5574 6443 -62308182
12682 13898 -886755394
10733 7459 817452814
18401 11186 -852598304
9467 9220 469820095
12745 6762 783552134
2192 5541 10547315
17837 12788 336012788
5117 10211 -837288692
3759 4895 -429697642
4816 8963 -830588012
3640 5876 677115595
7074 14056 -225365605
16470 13014 -482557392
7000 11904 529813525
13171 7299 -444613840
15914 12197 -956065730
1643 291 92490076
6796 12694 -180643231
14209 16553 -427303405
3279 7359 667058211
13796 3965 -657836972
13194 6479 36281757
9940 7373 774977143
19888 2728 931485550
10396 6455 766178387
11691 16220 725198674
7903 12368 906670208
17884 3642 -651292023
18872 14937 725491378
16315 13516 282327392
13824 817 -136496515
9711 1912 932836164
14092 4980 677463477
2191 6531 945575471
19717 5466 -12773597
10770 4841 -905360534
10206 18427 242118514
4804 3109 -291156867
15873 732 550320283
14551 4224 397189437
18826 5395 572226783
102 8315 432796577
5166 12399 -235163045
4151 13241 556334649
5644 6644 -702238280
6145 10500 530793517
3813 11187 880726718
13295 5815 -964846452
520 977 880929027
18302 17164 -561488125
4589 14116 -613551062
4742 17898 959031114
3612 10318 511527041
14654 121 800206695
601 16302 -29045642
10846 826 -451300441
19177 9726 -287731224
245 1686 -216010041
8908 15400 802141607
9023 5431 800776248
8301 2533 475753752
521 10915 878031561
8749 17879 -925170175
3626 17762 -183528760
430 3167 -130909941
854 1562 -335111790
14909 14440 2268450
6061 2177 -674879549
15854 8987 191873965
5074 9287 -389854927
17446 8674 -566777726
15726 2872 -899748093
4929 3683 -587390611
4431 10580 492708983
14033 7904 942837269
4161 17231 255733353
13698 19502 690751331
9572 8694 649700465
13239 2560 933070208
5366 8632 -863440297
7542 14423 -994702308
11746 4397 -448189519
6431 5981 -118201619
14908 18353 818967024
4934 19001 -799501972
18597 11785 973641979
5746 4088 -929472787
3136 19117 -788325380
11430 2750 -620384098
11237 4559 176408618
18785 18102 551107182
3074 6447 407168127
8419 10382 -173775508
16125 831 121087580
16085 338 909028523
8422 13308 458642730
9137 15841 -673147671
9115 3508 -661046482
3672 10374 -629375790
17509 13437 189494256
7155 11145 -658952478
3272 1376 -187882527
3941 3951 -519133099
12108 6066 -920266096
3483 523 815112192
2465 14737 38774248
11990 15025 -658481480
6815 7867 892749058
12992 6138 184272281
4112 11217 -712776954
1944 3885 -522683935
7765 2610 -140071585
10719 11144 -599673503
7918 1038 474901653
11956 19225 924099933
16455 14679 258758542
13967 19780 -919373683
14613 593 -579378459
5282 19288 -92457140
16213 8013 -539399200
4842 13480 -839596712
17749 16868 903523579
14280 12811 -284394215
2237 18074 196596821
14573 8865 -684632726
19378 10864 -39579704
12733 18422 -658109296
7823 2034 -927450130
8315 4118 36797506
10541 6427 459005896
12335 12387 915561231
14276 5904 322419925
12317 3684 -600336042
2103 19185 404071736
957 18282 464858431
13277 1137 -713045535
3394 5687 728976830
6348 3003 740780002
5120 6921 -621677792
1328 3857 -244735908
6695 53 555919669
14356 1637 414000431
15093 19152 -224289257
3361 15578 314547096
16404 6249 -872455517
3077 8936 -691832310
14218 2403 -674971070
15190 10027 145514008
5819 13118 -308320616
6503 18532 -700166186
446 18428 -2677364
1575 6890 180946882
6049 14789 396117229
7492 7685 -358201064
11124 16051 -889172060
16172 4322 -398148919
10878 1441 189549811
1255 15167 -494910002
4733 9200 343789532
9043 6211 743632305
383 12764 274322696
5611 11139 -403551535
12864 18123 -954534118
285 10284 -65830998
252 18459 -724991935
12581 6249 721615695
5792 8667 -252281965
1449 18554 -549554447
13805 10961 -821011669
16599 19956 503580024
10056 15277 157856416
15271 2266 -438918603
16428 17560 -784918489
19721 15893 -980717977
12629 6703 183227487
18998 12183 -376997665
219 1433 339059467
16015 9458 496815154
12838 3695 -970166855
9207 11184 763576536
4322 8429 -833074217
13198 13569 -397316086
17804 1389 286171156
15071 19799 62675005
13967 6146 38409619
19166 14926 340624903
7658 17444 656879942
3607 13902 980430615
3609 11157 -13775287
10921 16430 -912125021
9165 8855 -137475785
14987 657 110729192
3776 13937 -134348918
11649 16429 -981941143
4619 17853 251736466
10533 16854 838504688
4200 460 848580227
17107 18223 -171421408
2890 7177 744168611
11737 4140 -960947321
10954 9224 125158941
12016 825 99078308
6784 121 538094624
9978 11381 857342675
19921 14568 789524473
9893 7325 -491123215
12285 5450 -572098750
6671 19295 400365134
10726 19860 -378964924
14030 12389 114985205
16257 1827 -158524781
4374 10494 -925620535
2638 6782 984726691
13945 3164 -965265995
5194 15830 -689908960
17870 10970 90147779
5279 18020 265847218
18219 19450 -587901091
2861 15960 821725132
8391 17357 -835557991
6044 15954 732541207
1729 4752 980104668
18792 15447 68227936
13863 154 811695612
14820 929 194497577
11154 3129 677551928
12414 8090 803743282
6333 7617 -966922371
2597 16875 866910127
15543 14785 -882895688
5346 17116 -878821125
3279 18434 -231313949
3171 4733 526962073
7059 15665 -217477070
6450 7626 -135129904
524 15499 436437709
12016 13205 38665287
19971 4729 90619272
6097 8374 688598907
1567 3583 262028171
9212 3719 900698358
7436 11535 447610888
13514 9420 -669050109
3450 2423 196766116
10991 4285 699705690
4787 5379 566536873
7652 8704 -643590638
18230 11059 649281962
5282 14987 766394597
6100 8721 -393147757
12480 4092 509490368
14909 16216 -46770550
20 9833 -626814371
18988 1329 -183400531
11658 1166 -178427731
18211 19321 804752447
13791 15642 312673828
12012 6720 -657151561
16926 19408 81491404
8647 11829 -842556013
1316 5596 142237168
2090 16068 -448486063
1085 2443 -808841645
1994 15814 999187196
14168 10609 -133264502
4654 18823 -791402957
6435 11331 -928130529
1430 76 625417212
12749 18328 936541266
3495 13938 452208341
973 19940 -474251377
18231 4421 -440729251
17960 13495 32990715
18050 2076 -22352433
19437 631 -114204312
5807 19078 328375790
6083 526 90196895
1785 6257 541990232
3841 17407 281661261
16681 9738 456566069
5281 15845 -85342425
12812 8600 605611187
6261 13875 -51215475
17096 8831 -678250415
2659 2675 127931469
18172 9584 -507609186
12010 12232 256768090
4867 5593 276011842
9127 14412 357408442
12987 14239 707571870
11350 4270 892990381
11663 15002 904419196
6202 4368 187539653
3204 1890 -517783617
15087 2464 910446465
6455 7574 -757614640
672 12144 -66639579
12503 10100 846024950
14812 14896 -543710403
8014 4220 -137485510
8216 15579 121811853
16680 3236 -951769834
19661 12969 54559507
14874 7220 826922475
16718 14100 -249692303
16893 6132 362214401
7177 12422 -428060327
18181 1040 157528264
5397 7158 31626381
8705 16741 689788515
19342 6749 -384978917
648 16975 946251818
12644 7751 -906642751
64 10088 -941612008
10816 3768 539016312
4537 7610 719809366
5655 16160 207720811
4702 8698 -525376571
12594 13581 -160651674
1453 5416 212246716
423 1887 795393520
3481 14679 125635407
890 14444 -906718338
10422 13261 -388792937
15734 10668 209998026
4903 15084 830075041
17230 10740 -888083878
13663 13879 336727920
19642 17819 979024906
19903 12827 683241605
5061 6757 -800618544
6078 13862 789393758
15840 16158 -282386797
5748 13731 953642326
12752 18210 -956191566
721 12650 385061677
2611 5337 -584322164
11129 490 -434785833
15330 16080 605228692
10130 3987 -30997015
12430 3515 382630040
8576 5383 994032372
3133 15144 454313344
10812 7409 -615114604
15710 17063 164071234
8452 1095 496438615
4774 11112 302311274
258 18336 -673670452
19722 937 -17495048
1084 18450 372644952
19277 13992 166570346
3724 208 521172056
7044 11461 821690475
6148 19689 491740600
10373 19611 73638553
7151 5527 -9340011
11807 3742 894452040
13996 4752 -733938300
1815 16061 -671910419
7831 8819 -8375427
6203 6726 824554021
4542 4683 111431761
12774 10740 -554747059
9423 1780 -657813924
1784 1128 -968212051
19217 4106 932856287
10802 163 749904556
9668 4381 -175658260
9166 15204 -675344850
2100 2149 -186730096
18187 3986 979456989
3449 7134 368586459
16666 3509 219605100
824 3192 -186435185
10942 4311 380571222
5575 15945 -726250939
1715 6466 -476909256
3633 876 516872752
12865 12684 -851338631
50 10923 -568124278
15745 1736 563244690
13015 1217 130402929
5147 8591 925935553
18792 15339 -176077921
8395 11924 909972060
18624 3970 194529898
377 7237 401140820
18737 11943 -898052076
19472 16678 -196410424
10336 8497 175933090
9916 10421 -911430495
17995 12316 794731310
4545 2200 -198101166
18048 9179 -182437552
8294 19924 -420004360
19068 17235 19230758
10725 4337 949511874
16784 3515 -46157430
17621 14832 745970847
2678 9009 314459596
13111 8066 -713444112
19687 2 -655955621
13733 725 507001123
10942 8191 -715228018
12753 1229 -870945417
9885 19559 691939485
4241 15976 -530024988
4701 3355 -961214587
19288 4759 724383142
12118 3539 231352543
19229 18851 141050766
4242 13101 -624219608
8607 6186 941195993
9603 2852 -714747658
16508 16452 -54330202
15578 7159 297976577
1763 5410 -77597009
2196 14705 -410042959
761 1594 64642477
2830 789 128122283
10210 13782 -13073159
18035 6384 -816824885
6693 713 264446323
6409 16496 -712686181
4049 3834 850720977
17827 17152 -319222155
4092 9273 -690261020
9911 8287 -812611322
14049 14823 -521403573
19052 454 -752785913
1086 4373 -632236959
15243 12899 -299933214
1459 14094 509029060
734 7340 249293506
13976 17438 -43522865
163 13908 891279118
18334 14832 -473530663
14015 10781 43736723
5905 559 746813420
8977 12950 -757208818
16043 16551 -151416226
19819 16512 -54681609
5275 9670 -149062341
4638 11309 -652956350
5710 16795 430160839
10677 12748 -848485022
5737 6892 742701958
4325 7925 711970093
8964 19670 886784514
19521 16820 624236372
12431 5616 -396775965
140 12347 -225262348
10562 15987 329999913
8797 3700 20014996
3358 7420 632778008
15825 16917 900625565
10962 10060 815513567
13367 15334 202837827
9424 5724 69811019
15270 6046 -959169121
13998 14102 -278618912
15726 6984 438163729
6012 8398 -879510285
7667 15999 -793990411
3464 19830 -500529278
520 18680 26949150
11806 2514 -980984599
691 10894 -875001822
14321 17617 869216897
4807 7183 765382483
1579 110 389264011
1725 2802 -823737232
1422 13393 611309601
16830 183 484049031
3238 8671 547615542
18351 8173 250346623
6884 15042 -787106585
6676 1477 244792993
18291 2225 521682606
4048 12648 519652270
7919 16285 -742802630
7272 18942 752879674
18250 16776 -235887401
2935 1506 554225069
16469 18723 725459095
41 18572 591970770
5705 9813 -848596975
10442 202 588123032
16146 3106 83318656
9779 2559 500152698
7642 5116 423300526
3419 7083 -120476091
970 10070 177612275
2090 16324 265499303
4829 19865 -423915474
18074 9933 235523064
7214 11437 -988297135
12891 10553 -588343490
18388 247 814765920
17205 19381 -979035666
4225 2443 -523683414
7017 4732 766912811
1482 13767 780665094
19567 14659 289373700
4108 3298 -837796406
5320 6007 156034708
9707 11730 -394382588
6628 19278 75563400
3519 7950 379349833
14868 331 -451591208
10274 8551 755565621
11907 2667 -383747764
10921 15146 -345494135
18203 17731 -938356970
3478 12175 -169979755
13385 18505 269057415
17025 9635 384658364
5579 1318 188518812
4043 15416 698737357
14281 10186 353421404
13195 12668 -811386109
4940 16810 59824569
18581 14631 260892741
1042 9985 880613666
19016 4878 290651502
19528 7533 -636826201
8572 18009 130268631
13736 11177 283996453
4714 17405 -8454035
7111 3661 -233977572
6599 831 -626635509
15053 12540 -333069755
317 4198 -578803236
679 15451 -548332915
15682 13605 -856264525
17894 2028 818547135
3360 2284 804107689
6014 10128 882296443
3981 11098 -166303424
11341 8251 -317218754
14098 414 -173004642
3281 9066 237927079
7562 19114 -81535761
19357 13112 237155180
8748 5443 198517233
15853 4393 -700264725
15734 17881 -856182558
2656 13914 -41165934
876 12134 -814507160
15804 5329 448590759
15023 5881 -965023142
15704 17194 -681569482
11833 8246 181767149
19296 10965 -134673676
11697 17868 218318361
270 19695 689119409
6468 12287 339198445
17781 10516 -72765491
15461 13669 -991566820
8832 299 14283647
17669 5040 892394591
14617 14346 384956765
3862 7731 306010466
16129 9326 -845741654
10509 14699 460007371
18746 18595 582614692
4641 5093 400879995
13845 14570 430816018
15073 494 -831002189
18091 2337 -742835937
10659 7554 93399803
17208 13201 -640440797
12014 5122 306701267
13730 14671 -873569582
12215 12175 -731717159
284 3915 701846254
19962 1155 -738390062
5629 7755 -723445039
19759 11789 -678073225
9429 1200 534222399
7417 14988 952588087
13110 1411 815386024
12335 5482 -707956519
14004 12046 -143674384
5557 6036 -652308051
12932 4032 -253618726
10674 6827 708936376
8685 2491 -9442911
600 19933 566568923
5443 17063 -699406966
8137 17058 -379712269
1299 7376 27867483
7668 17819 822747725
2325 5717 -734049403
8595 19900 95559551
15409 4234 971995012
13821 15295 653653149
16164 13304 -699885602
5406 9645 -840108290
12726 10761 561601335
10159 7773 552877450
16729 16351 624462162
11261 2083 824203976
7033 18740 -942649614
18437 2132 -852351923
18852 17604 624368753
11867 5709 401032026
19172 1884 369280904
19953 11470 -573894703
19968 2076 384506539
15575 3278 -833333843
7414 7666 876952958
17837 5247 -775825740
2369 7040 453072894
17634 871 945614258
8880 4969 -254522074
13460 7453 387758686
11559 13072 -382145126
17308 15770 -473634719
17452 17773 944231486
10817 12896 -897217375
15192 15503 899959068
12163 2813 954353205
18126 11574 658308308
17140 246 -574552757
9282 14670 281178425
10417 9001 271199998
11900 9913 54866674
12629 1717 996456467
15861 13268 481399321
19138 14680 476132083
10875 13709 477504185
8271 18265 -841545491
15582 14929 -795313965
15204 12462 -318446332
2829 6753 972786105
636 4461 697545602
16679 18892 -69508517
18017 5982 -504191047
16633 10667 -674386282
9773 10156 246592291
10646 17382 -485145720
18256 17677 -847764194
8530 948 650819261
16314 18123 -256095284
9210 9039 -253565804
6537 16698 -323329616
2580 19673 -879830880
3731 7530 327327007
1660 77 -92814682
14241 18286 851793415
8225 18822 -105350800
2478 10698 -792936017
13574 19495 -642135853
12475 5801 292090609
5076 8967 -403508939
13593 18917 -141214597
9268 9019 -391586339
17577 5170 27537683
3110 17681 -102398346
2905 15743 278517526
16648 14901 -795650229
9433 3900 392041113
6492 6465 638644167
7353 13004 -19425113
16050 12895 254871277
3751 16103 853142078
19528 11282 -372268589
7900 233 -810742364
4011 14402 -339478815
16178 4113 478862749
7811 6349 -151086321
7985 14386 358311513
18646 4532 977271636
11247 5087 776365899
2984 7676 -230538967
245 3053 -200856347
6147 12006 -78328055
9639 2663 -64190769
14140 16106 315810224
335 2199 -491543054
10650 13838 -639797056
18497 14232 927610977
15804 805 119451417
7007 18984 158229213
1720 12532 -561352045
2682 17931 -247639449
1894 11765 989086048
14910 12723 -22805342
10942 2480 -946163924
9962 5066 -546309433
10231 18711 -819986975
3926 3629 -10725891
16721 9679 -582059559
8434 19234 832829378
18970 12457 -351687644
523 4618 254068432
15683 11151 573093358
12447 2906 657059064
15575 3692 -559765150
6021 9196 642393100
7458 715 463107267
4604 8673 -860960098
6685 531 -120172996
18464 4043 -451400785
16247 2116 779846457
13703 4972 -934641096
14490 13300 174213860
15024 19567 -756715287
18132 9192 432168786
8372 15324 -937680159
14901 10962 -95022065
14933 7351 177658492
12154 11494 150485359
6398 5259 -347067827
244 1889 -553130988
4486 2699 323019495
9899 12096 347072739
7420 19163 508917836
14005 14532 -393636669
7230 11412 604302574
16732 4496 356193050
16840 14103 501591038
12567 8582 -883583838
8475 17197 141674370
722 2416 -554472996
1680 16763 633353095
3416 19246 -828316105
6979 17035 380543610
15939 13010 588056988
10601 6913 602960216
14386 399 -815488592
5917 15612 -122152735
10395 9943 -147888001
8017 2612 35994528
13070 10470 427654299
2689 14570 -210238590
2580 13001 372638624
2550 5024 617016472
19309 1622 718643297
19626 18834 364959770
9127 6747 779762895
1536 5964 -924479428
5126 18547 -325360707
9208 300 -115972821
1482 13991 973705874
11824 2448 26411694
18888 12820 26198266
7435 19265 -133040050
15810 2494 -24014209
17995 8894 -246709088
5998 12501 -970132154
2983 5348 717515343
19842 1729 -441374702
17606 3560 -349997673
1150 19122 -725002425
2590 3479 -240655561
15141 13445 -143124305
19656 4034 107996918
6343 5188 -352548827
14206 14889 862481837
12586 4750 952222934
14016 6173 -663777147
2297 17368 -506180038
16291 5526 48130986
10391 3563 -145557428
5275 18261 114203302
14474 19930 573238377
15206 12391 -279768918
15779 9025 855797388
15410 9117 -30393348
8154 9096 203750183
6829 5363 -677509015
4468 12876 752697723
14361 11227 590947273
17616 1477 -130538704
12314 16542 738177844
14643 14051 -998858964
10421 5357 453470710
10590 17316 -427519052
17930 6348 -225286988
18638 8387 179537172
16482 14209 -923769567
83 16516 -901778134
7233 4945 434466052
3256 19721 230383894
8212 14222 -56309273
6976 656 378509254
10866 10296 -926694632
7308 12179 -339464027
11397 9817 208148790
18182 16742 -491056074
4916 6251 -618735957
14926 18013 964903742
8923 6385 -115133464
3734 6626 -590657620
6139 444 -913255470
12741 7669 -772011544
6964 14204 -716320462
9872 14027 406314359
13665 10067 462439024
5325 2559 20827456
2779 18819 621476333
5892 16796 433573422
9251 2711 -559410444
2438 10869 134171888
18552 15037 -2202396
15863 3664 534009740
16407 3393 583996834
270 11987 -394651464
8513 1828 -831988766
18054 6404 35288138
18169 6186 -377949669
979 8495 244834640
9675 13353 -110788630
17799 14764 -888702961
254 8801 -583890769
9573 7412 -791882324
13070 4134 -693327818
5781 1877 219522420
9451 3690 504638976
7508 6790 -362815246
11010 12147 -89868464
6983 7590 354112706
16911 9897 267575333
2613 8176 217632895
15961 14174 436766474
1042 2272 197138169
12627 3278 -623068798
16173 16087 310252494
8756 17392 -240856102
9208 10075 -400331738
2573 13075 -965388571
3005 4079 242626914
19055 14557 -482714437
7706 14648 283106649
8825 5517 102391926
6448 1541 -198961392
2629 5041 -545109060
18500 19908 57863548
878 2855 771815446
10554 350 -394148996
5903 7294 267300194
13905 4328 -154084752
10930 9627 -613207304
15224 13692 -99684253
18659 11326 120535887
6674 2890 -231278850
18727 13929 118674252
9031 15462 -263064460
13447 6634 197439295
2548 880 -339408563
8917 2454 997431028
9903 14067 -908863303
9019 2000 741870431
14804 2594 730275564
1303 2394 -603714048
3851 5811 -983458834
5178 13457 -311604516
7439 4394 693012453
18845 12591 624681808
17169 16121 874533823
14532 1937 311740915
12753 13783 -894016327
8143 4827 -576588807
15037 18178 173604194
6471 13620 -223428623
1585 19583 568854020
11583 6297 324861987
7339 11673 -880522907
1198 15743 93770548
11093 16602 -961682210
19725 18263 -199552342
16025 9506 605773143
2830 4818 274113762
6230 7986 105077600
18556 4093 -926813564
5075 5654 -591646681
12978 16579 -336768290
4764 5351 795119312
12355 7111 44379908
18310 9079 -601992562
16745 11221 -3569785
18487 15023 397045185
19370 18007 -114026816
10784 18970 454920197
16715 18599 -730758578
3565 7331 923586723
4842 9420 -41261362
1487 16151 -354296429
16499 8290 -835339789
5655 4146 743719793
7277 2745 -548992464
8441 12284 -609872561
8421 14790 -521859168
14035 8470 -507173906
3796 12876 -929905573
9930 3743 -328731733
16152 12284 444853680
18787 19915 999186313
6332 6158 -619889363
5007 5533 812864809
19639 12788 979653616
1905 13736 -705718222
6057 15382 -830910753
13749 2903 191038143
18231 1688 680118846
6956 7166 813029802
8322 14799 -509323781
3295 8623 -284849325
7368 984 353579556
11826 447 263995309
14251 661 -933527518
14108 14645 -266478561
6361 15238 416438458
5999 1394 -789484038
16072 9770 306614144
10673 18993 -822972653
17040 2560 741347248
129 2090 104724475
91 14756 413487115
1501 5234 687118513
740 13604 353889449
8054 2512 -509832603
14761 16289 453382132
6814 4278 846820459
2988 2847 -35268111
10444 4635 676702785
6688 18557 -967651690
11513 8071 -304141740
17256 4108 -128828687
16495 15399 -766925001
12616 9448 357238834
16006 4434 901140261
13187 18119 -927139558
7559 1627 616841476
15438 2417 269393582
11768 2793 188148881
13344 16458 426400348
13445 3878 270998999
13716 17830 941622488
6867 5720 97396332
15538 5242 -396893176
3435 10436 -537106946
19358 390 60150786
12339 14319 -280295963
7215 11223 -227365560
11385 11668 -771939020
9621 893 460537541
7170 16754 147476917
3134 528 618370601
3059 3109 881800818
11216 10566 709234638
6927 1915 517425293
17647 17487 -130716507
19338 17552 846609888
13883 12178 -895870716
7422 8127 344857340
1281 14656 -57071701
14754 5481 -243551580
18290 17176 11705222
3312 3726 50147594
3317 9802 492058231
13101 437 -188123987
2398 3627 468532987
8631 8873 230875571
6217 2851 -872489867
10304 4017 208517548
11101 12707 912358706
17776 2734 693828743
3535 14689 -869486532
15059 14925 -932833210
13348 11702 500761445
12046 6250 184787471
3827 8406 -754733859
5677 16901 932593455
15615 13694 -965391179
16916 17649 -272544261
14737 19559 -320172907
3642 7848 -124412817
11997 9802 569310101
8298 4676 -244937359
3942 14550 420969785
9340 7616 -392878688
3233 6895 -70830451
4778 9027 -30372347
18752 12244 225781947
6113 15866 -605743184
12595 761 -351678900
15838 6671 -77980621
15341 16448 625925310
7756 19350 163242143
6627 9620 61901641
4039 1967 116399381
19960 3451 210135561
15193 1545 -182901188
11256 17144 237797262
7643 6566 -417427645
2275 9855 143805122
18011 10101 -62135658
7888 17477 56496405
9125 10816 -50942062
17020 5539 -318211105
5328 2981 413319972
9544 17043 622730734
2631 7762 604999073
6873 1914 -229532083
4846 18895 642686864
6593 9533 749791296
7192 4097 -964083190
7288 4431 312819995
7257 11318 462729751
17696 14094 -895908608
13560 1830 -165941657
5 13672 699540276
19500 19598 59897683
5828 5926 -625149601
15763 10644 528533403
5577 12850 124341604
19046 2184 -440001127
2624 3500 -607652814
17054 2704 -885887355
1296 5001 436660485
4426 15199 -302069871
15218 2904 -904489290
6753 16365 884356746
18117 16282 -701663670
5904 19349 -648263384
16283 7208 987332598
7766 14268 786463940
2412 17464 828000937
5249 1448 364799192
7969 12627 -782705028
16698 11022 990804774
6629 8304 -750669525
7462 7405 508588134
13594 11456 371857726
887 11777 -260800137
553 13614 317056454
1771 5749 77363995
8218 10487 -355540985
15157 10909 -475171229
6879 8183 319905957
11107 14947 -770714886
12419 11703 -13323584
16427 3246 785757
6431 9316 -201277439
7008 16443 225252870
15962 18372 360727687
19306 16043 -946972007
9824 765 -638946563
10585 553 -635498407
17230 11399 -704855446
4209 7120 -721845393
8025 563 -352248831
6153 10018 125344111
968 13490 703481937
5325 10187 479311398
16038 16331 -729776563
6312 1791 382100200
17261 5917 -5505313
3296 12413 -142472378
392 3227 226832698
14463 9567 364969625
1691 2471 615294687
6083 9401 462954479
16652 6785 -561875938
15599 15377 847082498
19737 2503 511490910
588 18219 367479648
19569 5406 -482099777
19484 10950 -87649421
10366 5384 -641117383
3714 965 228964150
6474 18843 52601692
10336 8650 951331045
227 11445 -224622755
13162 8537 178743441
19238 1825 -79778812
713 6802 -537936941
18515 15193 468551726
17396 14435 275578065
19097 2708 934660002
12392 3866 -688894015
6845 19731 -255903466
7831 197 -397262234
15984 7105 835872953
13368 2893 594286343
5945 11912 229102718
5770 8634 365579383
7007 2764 601403735
16851 14497 -984021478
6290 4448 -992784749
760 5840 155357172
2105 19930 930712754
16876 6062 -452369437
17068 16931 150520323
7898 15247 -355447445
11179 5033 337556395
7479 18455 357580868
17929 545 -122148468
13530 9966 51897044
15090 19848 -516664621
16700 2588 917929341
19425 18734 165479558
14996 1067 -783326821
19249 14012 -665149399
2883 14315 -944052076
11318 12255 -208381291
13166 11775 890031360
8628 8406 -306150291
8031 14010 -769813125
16244 18762 -615717834
1194 14149 -256491577
18411 3465 -236779121
2961 10582 -785707653
10146 9147 -633989637
15120 19291 489481754
2707 19057 715984546
10754 10720 -97845496
12996 18532 783947500
15930 15673 -503485018
7948 6689 747374051
11699 1515 -197400562
10702 19745 707701531
11859 9373 336696207
10792 9213 -379172274
4313 1838 -823187724
17124 18965 -224964640
9446 3866 -749593273
1906 8957 982718952
15987 747 -542928029
2359 5210 -650975320
34 11936 -136695503
7148 7942 424364055
13797 5319 815712460
24 15505 736727834
5699 2595 -802161752
5572 13379 290733903
799 30 843744758
3139 196 -942850944
17020 8003 -532268813
15114 14522 91602884
10895 6240 -611748264
9332 4173 65883106
17626 9580 854790614
9278 11172 653542526
4582 10610 -700248107
19620 12861 -414228878
6112 19642 783982815
17482 18999 679752459
15764 6188 -751864151
9978 11480 913926667
3810 19505 -637971496
7208 17865 -535086529
19338 8563 -30602056
2540 8122 785508626
13045 11947 -142467702
9259 1720 -97235465
19474 10733 -479267974
5169 19978 357966692
10416 662 -2214485
1677 16080 -139650986
12604 11602 458005388
14284 1619 405832232
13723 15700 796078423
6988 1121 318666584
10246 8281 -318722427
19113 3622 75480359
3150 18772 -871304580
13816 5295 -466826713
8404 6398 1372537
11089 16744 812062477
17190 17983 -940964394
18578 7096 498798001
19808 18098 180753833
2898 4596 -384595877
17899 16865 272661014
11171 17797 -687972347
14825 15693 289283854
18677 19690 515974623
15317 17095 466056034
99 5376 -373103169
6581 392 -739298695
18546 18237 -19245779
18787 15881 599117689
16731 18300 -818887788
4336 949 -212358058
7054 8183 236875321
19406 5496 -593023315
11424 9616 -500302506
14708 12838 633952067
7797 14982 844033679
8913 6062 -737753996
6578 17554 975855085
18660 19792 898735507
5074 18619 -191038876
5379 1840 -65995735
14061 12990 -215052901
10265 5103 603647224
6393 19444 76942310
17700 13216 328105468
17380 7795 -902035234
14840 18681 -6715635
12166 1714 -520709062
230 94 429687110
10931 3474 -786814305
3782 6154 -929862256
16616 5270 777696616
19866 8946 -261811466
13669 18462 293030530
6188 19149 822406617
15009 837 -744902053
7025 7355 891498382
8194 6263 142454150
2202 1905 -962596887
10705 9656 517103149
17065 12511 -930934256
7311 8375 905202488
17564 3237 -787398193
11456 16700 -542454231
9657 3924 -510772600
13873 9249 879602777
18187 9612 -88760807
19781 9118 -508565586
3775 7896 758305542
2021 6016 -223356812
11604 3998 -212564802
10745 4274 900418669
10911 18934 366934554
5556 17568 -440916763
3330 16084 548639699
11681 14822 -205400634
9948 1237 -595915661
15220 2192 314692418
3380 11876 -147166393
2695 8912 -552178135
5747 11456 304372482
8907 339 420098281
3660 2045 465243728
1657 11106 809906097
14991 18646 350716608
15502 3701 34871819
17392 16775 -312485602
4962 8147 395725363
10919 10037 101853579
503 6363 -867683455
17971 17557 -633800003
15500 3433 -771014535
17105 13506 711424897
2405 13797 -609331051
17899 5277 -308101155
2129 15461 -360927534
14425 1987 626378284
18745 11742 2873541
12211 13137 -111039381
18622 5750 45206078
10170 10034 94134337
4816 7349 -423396021
14564 6870 237802981
1471 11519 51661604
959 12037 -867036809
4772 10402 518427233
564 17939 118420751
11885 12086 -401249828
16600 7139 -776255143
10328 6184 96367351
18141 3222 -390350527
13716 12232 454477192
10194 14645 -782106818
1030 3998 365476531
15118 7115 -259343154
17611 16555 -941525040
4991 1768 -744411014
9491 824 403178666
6238 115 -777975257
5232 5372 710340046
14809 15617 263002222
1381 15414 -386533524
9474 5072 34029687
2551 5189 -907713626
7539 16588 -227890378
11278 7244 865101253
15650 17169 -711198952
14409 8347 -660463233
2316 11511 -764548913
17019 6888 624297945
17028 16492 -873635461
19416 18394 972683845
17144 17051 -219320229
11716 15546 -88114875
1332 14483 -213895456
9701 18368 403536701
5389 14205 330315090
12596 4319 985621124
3092 17870 462870635
12955 2401 -763117827
14490 1335 -249707467
10722 5266 -964242002
16805 1286 496750308
7366 17314 230308939
12399 12806 -273743390
13326 6807 -583142695
7939 5770 -407321241
12258 13035 817869437
8920 5251 998262670
16307 19764 -75962118
9088 19331 -268760669
303 8774 -978879733
12603 18792 -169805958
8099 12196 515889608
19507 6639 742653608
7659 794 -822398977
11026 1051 -28947887
13423 8427 269928071
19805 13013 -534161885
270 6324 -909810146
12621 1493 -261429609
1654 3850 -877185064
1041 5097 -133444765
13480 16896 -421140003
10629 14230 731555472
12664 1790 -39885988
2587 12933 278448157
1545 3616 350983340
2370 1708 -354536702
15742 4966 -314900761
13477 13899 307835306
12970 6039 88020496
11337 14122 -450207711
18965 19080 106743343
16676 10443 -725627166
2830 12098 689450750
17361 7770 -482307113
15327 4972 600247138
10068 15067 -661906805
19180 15510 179626842
14006 3200 -245703508
6939 17414 -642113001
4375 12393 980279628
6 181 -347300589
236 6487 -784743605
5734 12070 -291976352
12197 8230 -739308548
633 10885 -933455325
18245 18368 -41900984
19191 10500 -321540296
5818 10372 897009993
14847 15427 -327687668
7931 15078 -241321278
5978 9149 -423418014
19037 16708 933281901
9968 10060 -345451125
8427 19060 709192901
11119 11713 -669875991
12101 16111 -783147984
18271 16739 -711956929
7048 7229 147508519
13184 13909 812333939
9160 16570 745811380
14054 10824 -789889077
15381 9375 -593839144
10919 18782 892558452
2989 6631 -119222906
3106 5009 822572681
469 14698 -629824729
3244 7621 -145500120
1452 19225 720916565
13503 11084 182196791
3330 8419 -968015844
8841 16515 88824232
7776 2976 814795213
15781 15196 397953571
3333 12437 -658671021
18710 8199 -22974589
8482 9428 276452930
9783 4133 911149280
14570 5109 261861426
11067 1920 -936365153
5387 11299 -879879481
11138 11162 559732127
19480 17019 -321803633
8666 12953 940327029
13939 1674 -549827197
1829 998 217266868
7936 18209 489004019
6455 18367 -167688706
1443 6516 468374570
7606 18502 859991999
9700 4723 868810933
11892 15527 137776841
18819 3424 -59627119
16057 7910 930727693
6650 2780 427365852
9333 19723 -493142237
3507 3206 906470575
4297 8564 -620646975
1871 12194 16937604
14621 4177 520642698
9646 14012 -786931058
10712 6651 -931097903
17895 1467 203146636
4983 6673 258330053
4151 9489 -693538369
1594 1549 733885045
597 18024 868866455
3719 15027 -477622740
5989 11842 271068311
7738 6949 315869328
629 14708 -538928907
14973 17979 251522119
11516 15133 -182011919
18612 6677 -446332695
13349 19974 -497202378
3721 5892 -872816695
3045 7667 -937665047
4090 17687 -874095219
1733 325 -370343836
13256 17908 497402599
8999 10340 -641679886
12936 3263 42749394
15844 13348 418248408
15430 2357 -151002526
4740 1512 -623297873
4151 4187 54589933
10873 206 345883736
10269 12486 534132895
3702 486 -237511913
18007 13710 -263198625
3572 9713 -92828228
10262 17747 -279504277
13560 19944 497238168
19324 12023 733000571
17072 10702 -709158669
17170 8191 -233677481
12080 8749 -393538160
19919 14817 505462613
14132 15894 -637389194
496 5906 -13074913
1726 7201 202457694
6601 12143 -319324128
14113 17069 -642056423
3932 7432 579920595
12508 16195 578788104
12555 16105 -718253023
19137 16890 -871102559
3687 64 -159806925
1847 18902 793859942
18156 18160 824393246
17701 7123 740745374
5731 19874 -771226123
8358 1844 902252291
9158 12097 694486951
9578 3222 599261585
7605 10888 -30649594
2396 5602 588637590
10965 3748 -320817668
7263 12018 -927102897
5468 19609 -366455709
19230 13357 787430147
9039 13672 194159029
19453 13949 -3834057
19075 13841 -986069434
18420 12779 -295111982
6857 3281 991069516
9900 11496 -951245432
17521 7855 -502204101
3379 8102 -770614918
8139 968 -328894658
16928 6419 -186623533
5129 16148 -872822439
19456 4418 -845177178
8987 5449 205242602
3500 16509 18942944
14367 9311 308717161
604 2566 -946416426
5650 18598 516591033
17020 5586 339778834
6489 16772 893309952
14480 13422 -749751026
15341 2792 -954508319
2258 16856 34001369
12912 13780 -182551631
12355 3192 716460336
2833 12652 911072418
2650 12867 -466671773
12331 5085 754296405
17574 14318 -42259367
2167 16462 -328626351
11361 7881 879117098
5625 310 -573746023
8422 4983 -829119144
5216 13696 480028852
8012 15902 430057767
14035 18680 -290347007
6645 12279 305018219
15466 14438 -6060540
733 6445 -931011269
5315 11362 785909878
10067 13613 215445116
7402 13436 -740656738
18961 18175 -336405997
17699 13905 -967114582
18140 8869 -264983800
17440 15409 -166900392
15948 15572 -67959529
6235 14528 814861372
15468 2228 -842832082
11824 6452 826469482
11204 5199 -161158949
15411 9512 613177413
1823 16450 -893468983
8374 19803 178200469
1419 19401 937358635
19859 14890 -660095272
1496 11822 -769480285
9405 8412 -472726671
6371 612 -236572384
3114 5623 -302356828
18824 11858 46856004
15817 6778 693942785
17160 16153 -503334061
10781 924 -431260742
19289 12675 363514159
15544 8458 -992368934
16051 666 843109059
18790 1732 868957006
6918 8280 -810126434
18538 3493 567850853
2752 8440 619215028
10133 8738 70115656
15922 17031 -177673195
12806 4488 -671644167
16633 5780 -514202438
730 8042 -73340272
7171 6881 793479789
17643 15509 -197292886
18021 557 188952355
8681 9856 -316291099
2425 17936 -135977973
1605 9157 257092860
14310 13756 -77775685
16325 16400 930264658
1803 13870 -159439484
10678 14279 916476248
19323 13385 -571231292
18059 6653 743314592
5072 10559 -790761101
19927 13503 842288425
19279 869 236717512
7286 4757 -830755017
7454 8198 547987315
9046 11686 -183147277
6014 902 -585557266
17269 3653 923570269
14472 14224 -386843803
9749 9816 -60432121
2890 9469 -923742018
737 18977 -744420218
6136 14100 50857508
9348 8625 905468009
6831 9339 279240653
9485 16404 44074290
14278 17812 -157850712
18786 9109 254578485
4329 6465 -838563679
3875 12609 -280170193
3218 4489 -497239202
12531 8356 -539705169
13151 8207 -34887042
15979 14543 -108912044
13147 14467 -298967251
56 9980 508035340
15945 2956 -481393815
11193 13394 172800965
2 14241 50522132
12216 2456 341670398
10610 17435 -405735142
8789 1259 240087395
627 16437 -216478739
19211 5525 -176720665
7120 1683 103331599
8854 432 -948350157
9086 5344 352424733
17905 13465 246253156
13760 9090 845234711
17959 15124 204051893
15410 18278 704015220
14627 4621 807021304
9054 2678 -890035674
10289 19537 -659804634
6841 1141 230668453
19584 8763 605940920
8567 10564 472117556
9451 2028 -936651860
12124 6900 632940644
8685 9393 -611487710
7361 10258 -688440603
18030 3998 -590417484
9513 12113 -610824706
617 757 -351637938
1752 11140 584643877
5980 18305 -562072205
18791 9158 999805994
18399 7414 598732496
17313 11348 574195094
13411 18532 818330029
11147 4277 -204257167
15274 791 -7643363
19949 66 -844285463
2738 7021 618985918
16382 8197 122124002
4205 5442 48181840
17784 14168 301176478
9696 12780 214626625
986 6535 -269279551
14817 9680 -63380592
4631 1310 -535533883
1550 15822 23592976
15120 10792 811779492
82 14864 305912976
12142 11200 -112298892
14247 19092 940896057
748 6711 637754550
2609 4396 -944414483
8745 1271 665940495
9467 14064 469952266
11582 18038 -147569305
2379 6707 -607193382
4076 1711 468890455
12787 2763 -324089605
2281 16615 -322324555
2972 12282 -788823512
3712 14508 -75917883
19357 9452 70903894
19898 16511 -16414728
2711 10011 -76992273
19094 4017 -143378540
476 8961 251585659
229 8593 532423481
17427 10038 506043494
19767 10106 588045473
11801 11457 906747306
19384 5442 151345680
9745 9765 421548563
18031 931 -871549219
4049 9364 94866805
9949 5548 821779853
3527 2997 215953938
4980 18307 -187631596
18851 846 -945718395
763 19381 -673772953
8142 7499 -340931238
13635 6420 947197731
13715 7406 327872087
18769 7979 259543973
4740 5062 -686681661
16097 15859 813621350
18083 3673 -945921281
4099 10058 -884255282
13201 14498 234053279
13692 12125 28871094
17003 17213 587860065
7232 11997 46252419
1940 1700 -227515233
8596 9694 -401047513
8025 656 -535112634
5571 73 -826802617
6901 7134 -815127879
4232 19380 -693238866
2143 6682 102305183
4991 4817 -761531306
16761 7742 507460735
127 11883 -342404167
4154 12481 -534082204
3989 11483 -965332350
16226 12827 909105715
17737 18013 -231765878
14821 5683 178006080
1515 17089 560169947
16382 6798 125737889
19551 19276 935315246
15333 11593 581986976
10781 170 -298799878
2500 12483 -879004211
19001 6010 -945691420
129 3112 9776574
14097 9136 103882731
7334 19857 -510429129
11288 4568 89535112
15359 17525 -26772983
3710 18140 345022822
6539 7647 -62002513
15829 7461 385276551
12519 17068 902998587
6990 11212 -253741370
17004 13144 293431469
6828 12836 -524205123
3624 14053 278770504
6263 18264 160922858
9913 4546 -256885174
8548 5269 19893221
11384 18416 125389271
15250 5647 -551483607
9226 14583 886875879
3876 2878 -999609985
18437 13378 -224730538
19284 1858 -659361219
18775 14810 781825152
4853 10569 -4163376
11494 12638 611594969
916 11993 -205746376
10462 1396 135480169
5689 8360 620671392
10656 5730 747550632
2132 5260 890174040
16868 3513 -687028458
10265 18224 -294695428
15754 11961 210332054
14680 14641 -427877018
19292 15139 998996307
13391 7169 140194563
18180 7100 379843812
1493 6498 -434163785
15332 17548 -443054712
8768 336 695202595
2470 18701 -160637887
12578 9586 -518643111
3193 310 -531155392
5929 2112 -32636184
16805 1683 623568610
8001 15662 -277442030
6114 1140 212436181
10298 3197 434286959
3966 7381 918677937
3090 18154 664087493
13549 9628 -560589088
19237 2957 -819837295
14399 14447 611249244
8527 3985 522095005
2236 9530 -530620451
19809 953 -602184971
10222 11831 750950338
10784 115 709036500
1964 13602 874619440
12093 987 -470572327
9144 5237 -601307255
7958 348 671859959
13621 16847 -327114317
1186 16989 234208889
978 306 -424634253
14831 8234 -702779811
18123 17191 509721105
7312 17838 -725373923
11828 5526 -383653222
6271 9441 475655826
5809 19545 -741802423
8820 16368 -132603760
19936 13972 715593981
4644 16825 -587453319
5771 13396 962330518
3791 10210 607717161
6651 12668 -389607632
4875 4291 73567631
1484 5747 -356993546
8669 7566 827026161
3211 9707 -380103459
8793 694 293646578
6070 19243 -302368944
9242 10235 -1956814
9272 18075 -653373284
5709 11235 -318343401
18926 11004 -246255653
4465 8248 67402723
10688 1307 634741389
12150 4768 865057977
16962 13302 6060280
7651 7635 -450184467
3261 16303 -854974016
14847 7712 208706212
8171 4530 380288222
3005 18702 384858907
13984 8675 565473678
1306 18753 -877865163
9228 19660 670009147
16747 17965 -513424917
13556 9264 734253701
8886 15706 -713236791
12987 847 128069973
702 17433 -137857400
2482 6774 -248219315
3712 8692 -536000896
16387 13016 -797708852
10105 19703 -662448668
3166 4205 706034076
5436 8431 406366175
5499 14867 -416210755
16918 6653 -389822467
7825 6554 -591440725
11765 7050 -357058836
17500 6133 946730229
18752 17081 728307566
16614 4179 -685704594
13362 14385 -828079459
1400 3683 -712423770
12393 13312 235211051
10046 3464 84280095
13005 13949 372987140
12429 140 136668613
7647 7003 417616821
15155 10427 594075979
10580 15766 590188424
1483 10901 -158667592
9053 5262 -302935676
14595 17547 -988185115
17445 14437 222762439
830 18072 496976089
7972 18744 -716350928
11812 14917 -977633396
10754 16256 -357602757
17792 6355 -781146640
6564 4995 -286254326
13881 1017 886472048
11496 12983 240062208
19256 6878 428934466
5086 19776 -299993938
1916 6581 -356810042
16588 1075 735519401
11780 17994 216652246
8550 18724 752876240
5398 13255 -394009001
9218 7231 -326873095
15505 18494 -624577482
2836 9904 -927595652
15904 9214 -554225062
2565 15357 -759126248
18408 16946 -501188576
8446 8276 98437050
13747 19648 36739337
17754 9488 -456119857
43 15139 -395028703
8264 15998 225393824
7130 14815 132292173
3971 11876 448450013
3992 9303 461652658
10442 3752 177342810
13805 7945 -575126952
10854 19511 -937460014
8137 6138 -91081425
10483 13444 -483237311
6095 14562 41982894
11925 16213 -433653772
16562 14665 849411855
9143 2477 -271903437
5834 7365 561620229
14071 17653 691892919
8076 15605 -19437198
10344 10151 919769556
969 10433 -441619146
13756 12885 -323782487
9569 13797 962555729
17325 19820 -392380615
9205 1058 -53699931
16582 3294 -899037974
7917 15476 762333500
5936 2849 -56993626
8626 10104 -933156724
927 12167 658981214
19865 14575 -902976394
8594 5739 636684055
7032 7116 129800142
10888 12548 738513756
1469 6449 131295056
1297 101 372572226
15263 11575 -91946992
10022 15437 -990510363
13584 11565 115291704
15509 9152 -440890042
13775 11128 286313736
13961 13537 211849407
18793 6039 -659342463
6714 15051 -368715240
17378 442 67362841
18589 19238 -364806330
2180 12513 -301438779
6528 14310 -943551140
11998 10505 281015932
11765 8109 -150559622
5137 1751 162549773
6063 1441 -123218885
9929 4599 -862585495
8170 12541 -697605081
314 8819 -564685400
5224 10472 402555016
16256 12813 -268095558
2207 18240 161812952
5156 1274 519558720
11491 5706 -527913536
3302 2235 -958110442
37 10959 -346883874
10897 13250 384031515
7805 13159 576939855
19131 12071 245479412
15888 725 -294345473
15054 4295 -161428069
8180 13407 956034328
19579 19045 344695647
16689 4375 -705111082
13536 14296 789653321
14245 5128 -61828589
8539 3016 -166704166
42 15554 -138073517
12960 13361 100402720
14531 13075 -614112562
5372 2450 419804056
9375 9027 272667548
1168 3113 -791226641
16934 17327 580075994
6303 13306 388353603
17217 14964 -717755251
3589 6238 -59970745
2279 8443 977877036
11977 14427 -687957406
11401 13031 152307562
5500 15273 -6969631
1687 5514 -362326424
637 18033 26605961
13656 6759 888619477
3664 3183 39282785
556 4700 -338616950
15399 15578 -163100041
421 5526 288683413
18848 19712 44111634
792 12256 43903699
17192 1251 475925831
15068 17308 242001187
2626 7093 -252931782
9770 6360 381312986
5222 3105 753756973
19897 17425 -610305616
8716 15745 -503613733
17353 15786 -786800718
6839 1965 355402371
8511 471 811089500
6598 13110 831182922
1919 5765 -554155895
67 8159 929480513
12594 18966 824962242
4483 16303 -60776686
170 9205 -324480556
3673 462 900601167
15713 19462 -616283296
2605 18940 -843181446
19995 11446 -356916944
18996 11632 388187016
3724 10484 -102524980
3258 4327 3437792
11112 17515 -240576940
2804 15322 -376301256
1103 6390 256729662
3183 14530 -342233272
2924 7967 569339638
588 2893 553946385
14524 15438 -652287374
1362 1636 -579023299
890 17833 947337272
2309 19027 -98227293
11502 19495 -376445827
8512 5243 -195716271
17527 297 -309772606
4099 14259 480195455
18978 2944 -722386165
12288 7794 -514810537
10132 5981 240407392
344 13289 267187492
8096 8909 621179732
17799 6730 -843711085
17926 13425 -816211956
465 2143 -634275137
1631 17865 -167676100
10777 9399 974242639
3929 9530 41310500
11160 19362 145319180
10300 9434 39463267
13266 11230 -748749776
8725 2926 -796478514
7754 19865 -188047322
11825 11311 -815351182
9334 6237 -733083900
604 3794 -907996097
2574 11786 -223765392
15810 13528 472041138
472 11598 -445062152
18633 8408 -27553068
13430 4230 -219540283
16999 10485 83297271
12141 11452 203521395
15312 16807 -185118608
10233 15762 978723881
6023 18490 395200415
19917 18505 -215244438
14132 6665 220690143
2591 5562 -728251323
2243 4509 -173445495
103 19961 223592988
12757 8834 887771419
15996 19788 -612124820
13924 89 7872496
14818 2089 213340984
16814 1187 -715503589
12597 6795 675508533
17301 9276 -889327408
315 7129 -737743233
2651 1567 -533737629
3657 16334 599570917
13897 1717 -220325166
10789 18095 -634034715
3229 14353 304313718
2159 2385 151352082
13696 18032 -368477517
16924 19071 479466323
7108 5541 -330053950
594 17347 -450196868
19650 16186 699276647
10517 11573 -231111452
18828 7590 -668625170
13344 19980 796869604
4446 7760 187551421
1536 14854 -588167716
17495 15843 878353301
5255 9174 713551363
12533 5275 174742325
9739 5085 256467901
422 6120 345283872
9789 4592 -260838296
10387 15472 910118723
18682 9002 444509564
5670 14513 -586569862
1437 8096 -376582126
9792 14207 -659722372
7634 3883 -464622802
13180 14553 -488640431
9550 2847 83790058
7692 15187 680364998
16534 8364 910914442
12168 16783 47655224
19627 5519 359483300
3942 9106 44016198
19424 12083 308513480
19169 92 -983928390
7443 17180 107677763
12728 2408 -768227589
3283 11383 -970316708
11668 5851 319833015
6271 19381 172192418
16558 5138 -888224605
2029 4622 190617787
3901 2714 938128650
16377 2735 -644331670
13354 3438 402655694
12708 14041 392046842
14803 13507 -387072020
19705 10947 -729591998
15008 1960 -14957112
17222 15180 294537652
16691 7533 135213381
17302 8778 193526794
11914 13521 -66079954
4911 11916 -803943033
14548 12130 159580534
11798 18377 858564411
9046 15948 303466196
435 7715 -492913273
2204 14072 -638105109
15143 3067 -638775426
9464 4425 802777832
3835 9768 -976334519
13088 7889 914200018
15100 14495 -691987461
3649 14281 -64409623
1022 17559 771871951
1341 482 343024823
14916 6252 -176737818
1186 3244 -52321309
17877 15714 828424540
16220 10729 -89419835
10308 889 901922811
12584 10752 -660941314
17244 6161 737146560
1103 3740 -405787644
6820 2514 -588770307
3881 7627 -378636995
16314 1939 -350626947
13770 789 129667578
5373 4022 498666286
3609 17918 602291315
1110 7832 441337370
7039 8020 -666283492
6203 11167 -586729586
2324 16788 158586207
17622 3872 -319410921
12921 17279 927435189
6790 13425 364839406
12116 3859 161481708
8962 12052 -802698101
17700 17112 617817902
2480 15999 -414345003
15568 17221 -483372569
11216 13774 -942168177
17717 4625 602364772
16936 1102 -311629911
14364 17367 208744979
9785 2652 38483699
19105 16333 -101290232
8998 9051 -806042204
4955 8657 312431298
7473 445 -63917947
8747 3782 991497173
16951 10677 -695685549
18762 18384 659591066
7135 8341 364307191
8657 17179 -552544657
6420 16441 76712510
1684 18557 652660741
2812 6627 -413937782
2134 17151 -860689261
17421 9245 508959031
9680 3017 -952437263
6208 4344 699216773
1935 5986 648333924
9490 15992 963270142
19063 13512 -162139979
16778 4714 -874004724
1620 6126 390428579
8172 17644 209889671
982 197 378561651
11801 13500 867208495
7238 5890 -268964204
19840 8742 609169220
1508 11498 -62687350
11562 4081 -141570235
18465 2159 424144321
6433 15808 -357586530
6299 18651 -809736375
356 17517 442625626
14829 17338 -619126160
15313 12957 -182907378
11369 9746 -402884288
19813 17026 334204128
2104 16208 434074020
2561 17835 245985164
8832 8192 24680403
1992 18293 503602778
13420 1167 -511057152
17731 7666 731805748
13673 12748 -744475043
17206 4950 92508844
11212 7933 985148980
252 13882 251216410
14180 13029 182116859
17716 8804 783593597
15793 19832 -514385539
6135 14636 -44365337
1655 11343 -62335660
9289 8611 263630044
16479 270 -338765168
10122 15111 -65270071
10105 9907 -51939267
1414 14435 -596637739
9686 2931 987874633
16169 1139 -825356539
6657 9759 -627413328
6954 10377 993845895
2326 388 878144232
18383 19532 88925848
10494 19058 -559953190
16003 6063 427526680
4905 5907 848633700
14317 6999 150515261
15124 9908 -771232463
10926 13355 -492934012
18857 9994 235204551
15688 13154 -666421293
2182 443 807739340
30 9372 664484943
16991 14593 -415855245
18089 1711 26659239
13128 1599 -91386432
14611 12090 -971652114
16598 16232 -471991752
19263 6523 -98797076
4159 10754 193256010
3626 11583 101985408
7621 12491 -519711985
17097 252 861636030
15512 3330 -917100158
2446 6067 -239103943
156 10612 890620895
12683 3954 -62389104
4512 16407 550500782
2843 18594 -913979527
11863 10731 804124642
19380 16658 -227874631
16062 9035 201149422
1717 9232 316596933
18061 14149 -792268079
5078 4173 668320688
15962 467 -453508460
732 2609 -477380338
19842 6694 -452956072
16760 9130 -832284246
8738 18531 878946899
16103 9070 659449842
16148 18122 -157881367
10417 19928 527633771
12207 11970 -55726335
13303 19715 -247401330
13878 4696 -190319839
11226 4541 -841317560
4957 6942 -520384628
2999 12926 375505983
16221 7498 -556984377
1387 16803 -708357248
14694 9964 608938050
16244 3178 -256547556
17292 12669 601732031
17724 548 -84745910
6325 7048 633189357
17621 18349 -646127566
18223 8559 -100987246
5528 16212 688819779
4608 13659 -92033635
19220 18576 -465895104
15850 8679 849990812
11775 5047 652254620
10080 3318 15248900
19312 3361 -123547043
5582 11010 -253206351
13126 8346 -635438814
11221 400 -183520543
1258 16417 405887014
16551 7826 -464423577
18954 10006 -562765592
12145 11480 -795433320
2974 1974 394331615
2839 13979 559072236
4365 1519 577988526
78 1621 -509966237
13564 14564 821380638
6859 17699 -268558160
2851 9464 578369365
8535 15126 477052524
10669 12710 -946723619
3349 10564 828944999
4253 4144 32148332
1344 13006 102734862
15248 3583 721125295
16355 10271 251384664
11683 15886 -528505519
15092 15642 521273025
11182 11205 895672170
16907 11660 -280342366
5162 15922 -502139395
6417 15312 -573206294
425 17158 -669530599
11065 19669 -419956455
1391 6214 590009699
19859 19802 555796413
2267 8551 919536982
1099 14512 632849892
4449 1095 -458555889
10757 8720 -102155
17908 18859 -19396891
5391 17373 735484164
7867 6552 938095648
9992 2591 930459918
10805 13666 731403860
9837 3353 -418897518
3991 4560 -641752474
11088 5731 769187798
1084 16097 938845844
15168 18686 797310950
739 11611 90706249
6346 4198 -215049526
10885 19496 -727396237
19435 4521 49875221
1004 9392 445305595
16182 8250 599903670
1640 12960 611019021
17493 331 -524322858
19561 19137 381297181
18744 17174 274730346
12470 2553 -115044710
9354 19105 -235959880
1725 22 -220403750
18 11675 632689010
7252 1389 -383288599
2818 17812 899477451
14907 5646 387026978
3111 8962 297217375
4542 9450 -280169979
9244 18672 365728360
17810 10592 -519260791
19992 19831 661824458
19196 4100 -229221846
18811 5848 852499099
2433 2424 -795549628
10576 13627 493605774
6456 19840 794852465
4119 3227 -611027650
839 5145 -26849704
14454 16059 -676534268
3851 14887 -971191934
14800 8467 685489296
2768 6566 -870998699
1141 822 473015639
16309 11077 -667877362
13999 2622 -910636938
14092 13942 724954630
18938 15035 909476519
7457 4354 943259044
13199 14567 -363423351
17131 1728 655601711
280 7232 -754391301
16433 13214 -637101194
3777 11557 -822467281
7876 4626 -279130115
18308 2757 349403456
10092 3178 -433239315
1271 10643 561617079
15889 12019 -328646104
586 5481 -798417354
12794 6360 239153599
3534 1315 -886642725
19164 1340 -843444226
17260 852 142315048
8183 11493 -489529848
14091 16237 77198335
19185 12964 -939714584
13977 18090 46311965
7360 4633 -186486765
1212 6253 -708003858
12746 11300 -126982801
18440 17060 760675545
12554 1719 -997403254
18817 10795 397984468
12698 899 658003132
13784 12200 769389308
1954 17409 709373091
15596 12988 -76981459
15130 1216 -155608926
19157 1861 766991913
3893 18529 -690472297
8731 12769 -391871605
8289 2977 933789529
17822 978 -608785136
16666 13010 938296984
10190 18644 327922733
10272 12009 572971721
16265 153 576346620
2257 4630 497762872
1173 16250 -21654988
9153 9890 568707235
8898 19264 615850282
17692 942 -547746082
6043 5736 -932421237
10112 16926 254466870
8700 15304 -145695114
17297 5777 20235473
3285 14674 263721469
18492 5455 112498038
15717 162 932603392
10751 13100 215379425
3937 335 -639361217
8566 3868 -695703468
7067 6983 629153180
15615 7082 53174780
5844 10061 598632262
3262 195 560585073
19152 3775 906095530
7336 4662 944160125
8686 10138 -181045893
15756 4130 -584891822
14116 16761 -58733356
17426 7911 -819887386
8088 7710 -272156300
1452 19398 270174529
6579 14675 230389430
2036 16210 647283552
19196 2236 -402468434
14703 9925 155252832
1710 8348 15147904
2329 3406 715078411
3686 15882 402242304
18485 10418 356042626
17710 19351 608452450
17789 14770 -392813870
8417 8710 -322826936
9826 13718 -505268372
18202 16079 -894433181
646 9048 -806854837
13566 5321 380626787
14854 8835 397299551
4044 11908 -790800729
17741 6766 40612807
10189 17421 -807383390
937 16615 -383352424
16294 5665 564107669
3229 2884 977855566
5799 3746 -724443104
4537 8207 -526286701
12255 19326 247855584
9389 1392 481021907
12951 14335 -711225673
13740 14770 -554656880
16342 16747 -45468965
3163 17865 -230683499
3303 142 -370196157
10735 3705 -921441521
15684 19020 -797890408
248 12534 7718750
16245 831 7507439
9818 7405 -111432534
19710 13537 -551488265
13013 11037 -794566319
16940 2654 61965567
8954 19526 -160575783
2336 393 -635184404
3853 10813 959081111
17927 19958 -660898692
16529 11261 -558521163
4708 10201 -597915998
17033 8728 -30239617
12524 7212 512592286
13584 12075 232980444
4829 19873 867168423
15659 4091 123771997
8136 9736 866667351
7838 11851 -431139054
14460 13464 -124885546
11885 14293 594074988
495 3620 497063736
7078 233 -387644212
9367 11422 -657922699
19540 17995 -197404428
4425 1458 231661664
10193 18670 -640025270
9528 13301 556509000
16052 11630 -385025324
14140 2553 -486139418
6209 17613 -519780160
16405 13173 -662285392
5168 110 558174476
11306 7395 -945167622
12328 5078 172193882
4892 11287 954874009
18263 8555 -325006298
15162 18514 -585643039
13600 18116 -356178252
9776 12595 496688236
10085 13894 798926025
14021 18246 203743353
16546 19906 714316057
9633 7163 -312594329
16696 18522 830120954
13082 14619 118191249
13984 8306 -964378584
7086 5688 -400964724
3136 10822 -407562815
9964 1879 485610004
3195 13094 539098515
10667 1657 -253363266
7615 1589 172578767
12743 15362 -501443486
5365 19196 -614875898
13326 11784 -489959020
8612 9592 -255905438
1065 3263 20137038
6553 17434 -877381993
6420 3793 -946285955
11442 9147 675646547
11228 19297 183166434
17381 16432 -293787402
12105 5897 -652671884
19627 17194 -806012326
12723 5899 -163096025
17318 11067 986255015
7217 14452 -811955041
17354 1322 -799447065
17978 7264 -2191147
10606 6391 799314964
1746 4209 433859720
2520 2401 -484280346
15152 4239 -431778470
12258 11309 -756332242
15888 16336 -997193594
18196 870 975149588
16931 6750 -929572437
7072 1741 -627979698
12752 3660 981913647
4037 7718 885123083
15121 2665 -795785878
16880 8973 797177260
15041 4407 232545880
9807 16240 497203905
8847 14719 562871187
2227 5190 730394847
8065 5777 -780173897
18069 15995 -95481662
19541 9959 -446341823
5171 10562 -36411187
16833 19791 539126611
872 792 610386641
10721 6140 -781709782
5407 3995 -524489622
3298 19213 -26870092
13397 5535 332320977
17033 14865 -870996458
15919 3612 -110378068
8132 2753 -275994227
10395 19558 180258989
18113 6588 433126071
16567 3884 -30049695
19521 19109 -330127254
2188 14361 -940610238
9797 18277 -803238959
7454 258 220132002
19853 8958 945045921
8942 15416 -942368277
16210 14702 539551148
11139 13344 463621375
18455 15148 -694527668
9844 6515 379725862
12857 3820 -562436104
11230 6605 330998708
4330 11881 111713614
12003 7925 590274406
12423 356 -13782992
7957 8662 -73070965
388 14171 117817290
16276 2463 634315865
8842 9453 905212108
2923 14067 709648921
9591 19879 -641754791
4292 13668 489152571
9931 3998 -611463810
17732 14295 -590571799
13261 6096 -575220864
11954 8003 -685466309
19893 19928 -744332339
19802 7817 828468956
5309 9019 223860210
8489 15614 -217675222
3526 16646 297108789
3943 14560 -141710504
10198 8518 -30193739
15175 1141 -105203529
9452 17801 -459284210
13893 3705 -778105064
16061 12028 -746258142
18608 18688 -497799186
14076 19485 114013647
14030 13669 350030828
4520 1431 73171821
18837 6865 -13474200
12705 5777 673867984
9053 17806 498929119
1781 2049 619585726
11998 3241 -910560882
4129 17485 -540621837
15122 582 861419477
15296 1745 -365885686
14386 9068 899411351
6455 14916 170888900
4574 6298 839104965
3369 6993 708161457
8021 11035 -487157809
1082 440 105743041
5396 14770 25208289
14078 1218 180579626
5457 11186 -678658098
15747 6301 -473522430
7035 6705 -407217672
18491 9982 -755120678
7252 5033 498162910
1656 1793 609017886
3857 6710 779583287
5044 3648 -394685978
16593 209 -65255172
12480 4693 -893387564
9779 6119 -918431272
5476 5432 -850211095
7750 10320 28920840
14865 1734 -895248021
16198 14433 -718319837
4383 15807 724895406
5701 2405 -736498
9803 5829 -958506522
17281 11614 583723820
12413 14910 171729641
2398 341 137106878
14779 11303 -726937689
11622 13218 808530877
1133 3963 -419179608
19461 6779 564160883
8839 4559 314266175
1198 5602 744555598
10544 8129 -867504479
15401 4641 231065999
13713 2306 -469322022
3168 12358 876489869
8024 13833 -868040746
5305 11411 225178969
19072 17303 54324740
16253 1529 -466828944
7727 9276 -140852840
918 10474 300621698
18312 15053 494732378
7735 13001 966230238
11536 15498 -598969048
13192 9657 -390052427
2986 5414 -359037825
15956 18015 818953844
16504 1414 -758073214
16383 6433 802267897
18397 16438 277179713
12605 17738 208033858
7981 4096 -894483098
240 6907 867281124
5392 16981 -737799931
4138 3646 -321247741
7920 18263 -908136365
12757 16166 515846210
3525 3959 -721211731
10584 9362 -957121157
4931 17261 -446756000
9419 13833 -368067225
6241 2470 340049204
11433 14942 602500126
17361 17892 -616108756
16312 7115 -41872921
7069 19771 -203684115
19668 13979 -540493370
15608 17957 -764717154
4088 12119 657125145
3052 8218 942635772
4809 12364 -560307217
9410 6240 921495414
14957 293 782288591
8336 18581 233622626
17321 3794 -577813889
3662 14631 409136310
10095 7745 913655489
1815 3591 -436153685
8834 18496 -476890699
7276 2837 671307920
13407 10887 -441639987
16764 19452 210418339
2240 12668 677712354
13387 950 -662150847
14416 9223 810190758
2885 11481 826572511
10155 10243 -821576066
12529 4610 324764610
8096 2223 815183330
794 2053 -380011038
17503 3638 214716657
6005 16926 101121955
3166 11081 479009591
10455 16118 -884725969
19776 19743 909946042
18344 5725 534256714
12192 19631 181079525
2124 10779 -670011600
2716 19934 578094759
450 13581 609451992
15854 8835 -532315808
17046 2736 -188419819
7269 13793 -571335385
8195 11734 -372420155
16651 15605 -528518945
8632 1863 -816072053
18453 8168 15962025
5669 12917 95796384
16215 14309 -138155969
4982 6364 810168641
17410 6854 932663129
1064 15365 628302383
16321 7397 -28122223
15991 15902 -793407534
2910 4936 -399614860
9457 9050 143078086
13501 1350 15150075
1944 721 45322475
18337 6373 -429995404
18017 5640 -596897723
18897 412 -845118382
14311 12105 908555578
14235 15746 436871909
671 7391 -473905237
3768 15892 709986969
7409 13506 712517338
16590 19132 -591300348
7765 1287 -942066524
16362 4706 -605519125
176 18027 -333202763
7740 15793 -86488749
398 9193 669633737
4507 18088 9664503
8810 1930 327852738
16852 17163 314264082
12283 10093 881750498
13230 5525 109422408
13537 8237 646188134
12118 19220 -380369644
7650 17052 -946733873
12842 2207 -880464453
1812 7883 -155648155
594 7285 -291158329
1391 3099 -340953804
15979 3544 707741424
14460 3884 785865001
10477 9706 672754217
5278 8664 139252599
9004 13378 -184672224
4190 9847 -722880788
6627 11219 -515731903
832 1779 395659979
1636 7489 -807284699
3879 11226 16218284
12278 6731 759801076
12072 18302 158904746
3152 3972 430386732
19944 4926 -331930269
18084 9124 -880307602
11650 10537 716004370
16990 10936 363181759
13833 7070 946389049
1743 14204 918588163
6248 17802 874204524
4683 17301 232056441
16364 4690 954438935
12952 394 615803305
9994 7486 -225107266
7322 5764 180361112
14373 19578 501041832
12337 5940 568656767
18877 8079 -553753675
1594 16678 62935909
7813 2987 357367780
15011 545 -102494531
2249 2024 115226850
14654 8989 -797420402
10932 15819 119863882
8211 9216 743638443
17555 4191 780180197
9350 17476 356032872
3377 16490 973784252
12702 5863 710582333
19848 2829 437537415
13335 8102 -107743650
4247 13578 686735307
13341 13583 -18342689
5772 11871 -529830840
8103 11280 -60575399
2101 8506 433524809
18593 14620 311514919
3289 1677 -264256934
530 501 994523278
18347 255 723440437
7574 5324 417899843
13118 18391 -64556974
8159 18784 -10086251
18297 10926 293478638
8519 3047 -922949957
11426 15708 749021868
17917 11784 970091827
4448 5907 -429475771
8990 922 -452893825
17564 18129 -820940390
10788 2456 -166585303
15307 1871 923205771
16960 11278 957716860
11910 14626 -429028219
14559 12312 850707583
18671 3535 768277907
4492 491 -108687517
2142 19636 -394178029
7616 2061 -58388875
14509 8623 532517947
7272 12282 -533118933
9685 5540 191062853
108 19152 974291224
1033 4558 770631925
1827 1900 -327875366
16308 8224 -896799450
7091 18070 -857531119
4264 13168 -516147475
16140 2636 -810117863
7916 7664 -728788136
9870 10868 -467923816
1516 13938 569235482
4649 6619 943046325
7620 6600 536471190
8215 374 -786113752
3836 7044 744058808
17341 17723 123713405
14146 3307 -486477456
19660 18181 -936274721
424 14541 457851147
8273 10386 762765999
17303 15226 480055052
16774 239 11710926
12543 10684 -375915177
2242 8465 -765233515
18540 848 -633661762
18026 1184 738094031
4527 9747 556652572
9946 14227 -812639362
18301 19217 -863315458
10514 19461 334090185
141 18406 -226836795
14421 10821 644244475
7217 16435 -530335519
19814 17744 -543761259
7257 14330 964322191
8317 13642 -839425948
1948 1557 -997164746
4378 5245 769892077
5589 3831 723298157
16635 18327 987471075
11795 15724 159159814
12978 14779 847029320
13251 12274 236433911
4682 6975 253481712
9770 9429 -13698104
18048 16007 708068482
16229 2238 -388612166
3038 16155 -972461591
12218 15831 754607245
2274 19998 -976332021
5532 18405 -390692093
4009 10601 667063413
15832 17182 150839675
16951 17822 -890294173
17633 856 -706449081
5984 4249 496649622
10415 5333 -427492897
18358 15904 -464590639
7587 10921 -82639322
819 12412 -24222000
8800 11570 -463451844
19478 771 -566758887
18364 8935 -426787512
16643 19266 707609987
13531 6494 -200234234
837 5510 375710748
19600 4670 492197805
12033 3051 -29306525
997 3655 -216515547
8556 16420 -337599028
11163 13733 -425446998
566 2467 376231787
4225 13397 107501866
1347 19814 -507547699
10956 11068 948200823
13429 8874 -385177412
5523 5752 670540202
3281 9693 450771074
10832 2952 779170297
11993 14992 -758003054
8671 192 -799103653
4424 13125 778556876
13723 172 633229156
4776 2161 811336320
202 11865 131924970
11393 17756 138070875
17134 13897 -790560823
5768 10894 -960015155
19546 13305 -905523424
13033 16757 101158331
2602 13272 838991870
484 9000 -964264497
7653 6725 29521507
5792 11702 -489319263
17006 12350 -167409406
13098 3498 -901669881
15425 9918 -471390133
10356 18721 -72935463
18682 14144 843564725
17991 1727 942749445
17729 936 -842878728
10475 19768 -919516503
19890 4620 -896120229
9039 19383 765044366
13838 5770 525228611
19114 9194 -436210027
10714 17133 -55115634
9963 14714 773402418
11908 74 -461697337
16249 8709 -81069465
9430 17427 22504676
2070 2568 -52572112
4078 13666 -275972007
17384 3757 60253276
19724 6703 80371504
16214 17433 969395198
5569 13653 932241850
18477 16124 364313142
17653 7661 504536954
19667 12960 -145138018
7715 5262 -316402034
7419 18412 907592009
5654 18292 189793951
2839 11801 710392579
1514 17296 -984155861
963 11263 783231614
1048 125 -848488142
17088 12648 -940497256
4654 187 295746300
9958 3445 545184288
11234 1363 848417480
9441 3257 -33202655
5946 19580 652181320
6745 14945 763082876
17036 5716 -774342749
19827 19655 -823887116
4029 11944 326763654
16963 15482 870677833
16811 7183 -779099388
3500 4749 269561049
15272 13018 249731359
16777 16937 -416125869
17953 2123 513570115
9518 18243 -711486975
6514 1287 -304679543
11916 18983 782072397
3724 9674 418789732
16418 16355 -394263313
4490 18740 834210584
7530 837 -873742900
11842 8224 575382127
7372 16323 356541559
13827 2571 -192410851
12674 4144 -247906453
18319 11349 -285998382
4568 13491 -108180310
12459 11971 196068268
7863 8874 -382057861
1752 18867 561486961
5950 10545 -314854944
4665 9874 -951617280
8815 6258 325653248
8660 1894 -643176263
7178 11921 197178442
2665 16115 -919750972
1664 3778 774797749
14923 8220 -632137328
17300 2547 321406522
12052 1488 427149926
13237 13864 394319664
17949 11628 -686788200
6474 6784 257154650
8177 4375 51127989
4476 3926 -696776019
14215 18338 928458777
8187 2493 450190535
13701 9076 -525678946
19917 9051 -244299406
6956 11261 -822051594
1706 4921 -882984902
12447 1239 -625874473
15854 10970 868998133
10352 3200 623425821
2545 8539 703931151
7497 2718 -363397865
17006 4528 971819664
15606 1699 539555908
8941 6729 -521741241
19376 15854 -442689443
14994 9763 760675836
13018 11688 -657774973
10795 5290 -933623812
2610 13545 400736662
898 8277 -360507244
10140 11229 620294235
13468 3902 656999578
5008 7078 805232764
10075 10333 218352032
16584 1528 365689903
14224 3901 -788140332
3500 5977 407281675
8520 14499 302326930
6433 12179 486758804
18100 12264 -581532568
5066 3785 404527094
17633 8839 -851934288
7350 8851 -380500665
2417 1493 -546054127
15561 11760 739372502
12328 17671 -48027836
3856 5027 -806982236
6944 13116 792755641
15969 6215 -868874716
19648 12233 635649236
90 6118 656923616
3061 2666 466617282
14288 3950 -575545285
8197 663 724086292
4941 9606 -973049755
4854 16444 992965546
5695 656 655286530
14213 1302 460592323
1174 15043 -117556412
5837 15131 -976526545
15804 2664 -72857650
7799 13744 843652713
18924 11880 -103904617
14466 6448 220702557
2877 3554 852899549
12322 14508 -213395825
13592 3677 138113388
12809 11360 -363700419
14420 12415 -304956619
19722 6428 16841556
7615 594 -92343698
15775 2134 124810440
8880 2689 745855979
19726 3948 -1089108
729 4952 105893032
8749 732 -781304195
8747 8981 -299970890
6124 12738 81605660
12712 3921 -921703093
16299 19562 612702152
18122 17102 520856133
2472 10009 -395677431
16740 12104 871280700
13974 11861 -726522528
12695 4553 -914083235
11451 9806 753163111
2251 6771 832937834
19066 14663 417745598
11532 910 178453266
15869 15137 -224953661
4035 14595 836889917
3837 554 867228831
3909 5496 -955194150
19392 2070 -205231853
19573 257 641666435
3910 13144 -625047599
18090 14791 -887690117
9826 17307 118172803
12482 13749 -267314939
7381 3617 439520275
17665 18109 -991331614
17889 11846 -56595236
18847 15070 -732733566
18359 16821 -1419211
19915 17616 996839616
9386 125 -213352699
5903 10803 500205579
3739 9141 -534273197
252 7852 -483799019
1369 8113 -942780437
6141 7750 -191610870
14527 15809 838551889
7171 4285 -28774251
5265 12999 977268561
8471 4450 -407108722
17038 13052 989714599
15453 16816 -616268315
4233 9817 680454219
17187 6696 559867136
10726 13526 -893759835
2012 18343 489975489
8403 2764 96054714
8491 11249 -326161537
10842 10987 797806015
4235 111 -96532685
2120 4095 -80594861
11145 8388 103051514
12532 12778 -809326406
7391 15731 278592764
6080 6501 -642355869
5313 11276 86459341
895 8895 -355349775
6951 1609 -54262512
130 8413 446363005
19527 954 476436421
2460 317 633873576
8526 10846 196481318
16981 11021 19452945
16653 4271 78666166
17840 9195 40312495
12766 5431 37103654
14977 628 -478558248
3181 9746 881986598
556 4591 870250610
3967 13623 234449988
19548 12872 -404800898
3509 17190 816736793
8664 7208 612124466
4734 6487 665333438
19904 9171 -582413908
12946 2927 712742137
4974 17466 -34113501
14609 7087 605149887
6107 14941 -282150209
12919 7052 -879868366
5912 13044 478784883
16491 1750 191828496
18621 14148 389370315
3491 7662 211308169
6951 2123 987303184
16745 10113 -137661656
8812 14023 -17823413
17669 444 -789486670
14910 12770 455761498
5450 18697 649122624
2388 13901 641562739
4329 3132 710345878
16177 17757 -298712798
13310 15315 -429734323
17636 13720 -247858963
18224 8616 -790223160
1184 16990 15657053
18240 17385 196121230
6816 9120 350424350
11673 18366 -836291464
12255 2931 675230042
11967 14275 -95393619
13094 16237 -974849801
16555 16758 -106523236
1181 8075 428304895
18511 11880 156516776
10587 17230 243107296
18774 8243 -782545967
2438 16324 529973360
16149 5676 -918678502
4903 11994 33189750
5545 6953 361048302
12081 10574 -311402030
5841 8870 -470086090
11233 16501 416244213
16994 14124 -675423946
13739 4787 879750567
6604 4968 -48508418
9634 4179 653835540
12340 4619 506100260
3630 876 459911626
12960 7180 24212396
16048 10712 172813559
5764 17306 -972798031
13566 12337 975345453
14871 16750 -185914304
5529 19876 -36699533
8126 2276 106458807
13610 17626 -297591252
5559 4085 -326342170
17166 7580 -700765025
1961 5708 -13216290
5354 2091 904849725
6443 6526 494769314
18641 19337 -738850865
7547 13865 -624235698
13751 18111 -588299938
10218 12051 235866324
1321 2284 968259337
15049 1568 -46281779
5881 16011 -152915029
11746 11797 -276220331
1136 9232 -811862172
7580 3539 -26358850
16128 13337 -232692420
12529 11816 838658526
11216 7609 -802796429
862 10233 -905957489
3369 2879 237327160
19334 7859 -553882087
17141 883 -725047880
18048 16218 -233757050
13456 1493 -180376305
15408 16039 -346504122
5911 15336 -699213142
11940 12500 -364382517
18496 13960 84155275
4785 13537 767021785
6470 15163 415609439
4130 1171 658206806
12936 1826 550984126
19468 13204 -145308724
15587 494 848467315
18411 12322 708378889
16024 2594 -912483842
6410 15312 -116923097
2119 9523 675188839
4157 11659 -810409015
18065 15249 267128244
4356 2238 -686413009
17323 13577 -880548025
3955 17865 -648097986
14902 14582 685745353
3204 3814 -574192841
15809 826 669851129
19182 15989 -98221303
10341 4388 667195462
9048 9679 357006042
2463 1810 654475961
2850 11064 923432801
19893 19491 719149514
1754 16473 976908196
16222 10952 -677437927
18956 18602 -901470242
5931 2000 694850875
18608 11156 -188596299
15288 18725 -326726776
8391 16487 718684033
14149 6650 387371191
11557 11832 163203921
10370 16350 -132604438
17325 19589 -156705212
13862 19143 -940013998
18602 9878 354793473
2314 16529 587011914
18214 6560 822008826
4811 1840 -332518140
11850 14273 -816919597
7912 16101 152254097
4892 12892 674439126
10784 12496 -999247403
16089 10176 -729920589
13269 18655 -791934676
12416 10681 683634552
3344 4022 100837787
18277 15712 -874859703
1951 18359 -544172696
7164 13068 -424234245
10010 16983 980794751
13806 12273 520242457
8354 19815 -148641192
11036 15575 -608517535
19730 14924 -419962984
5698 8859 -745797283
19668 7754 -242356340
16000 8100 -204897144
4069 674 741792968
4982 14827 -433465535
11589 4091 826806145
19389 830 327534808
17350 2525 -438513348
15317 18402 -724293966
13796 10795 287059868
9151 9487 -441356740
18008 18848 -117830642
118 11996 959896135
19993 3620 -972496893
6782 1767 -339509153
7200 4777 691514471
9159 6282 636988013
19029 14067 191324039
4974 19788 -21599871
10868 13770 949698763
2542 5620 897382148
5081 18020 415556117
6973 18970 754137969
16095 3697 -634718520
16829 14829 -685879932
3875 13228 -16808483
16078 19907 -270958827
13642 18771 -830757814
14616 6242 -520482500
2189 16062 -390883132
2591 7136 -864776540
19620 19649 -506062736
4797 6910 205918329
10386 15516 305341011
13602 18871 60465985
1287 9868 588085528
15121 7873 -845424563
14365 13379 201660695
12119 7115 672124534
8718 9577 553103362
5771 974 615968662
3686 12921 -891479431
14081 638 -60953691
1478 16381 350272108
11243 2251 83874935
11074 19957 686468006
5849 1033 -416451740
17464 9920 -799984981
2098 6337 856870129
7753 7959 320473527
7872 19248 791877551
18118 11977 -771577541
8805 15077 -133182394
11230 39 44476556
5294 4950 -874687849
3461 10415 514941812
1477 14337 823426269
4293 8896 -988852163
7889 17612 849730528
10314 9448 213946138
13456 14895 -254458053
3916 9195 -87523901
18238 17879 290973323
17085 9431 -791254000
2821 517 -939340033
98 16793 -757410507
2885 18251 958261942
13419 11621 -144480717
15978 890 -349560519
1084 4935 215368177
19472 372 -230247153
18729 11821 -812485095
12256 3559 -517828025
11041 6347 872196041
1876 19738 308245160
7220 8938 415046855
149 9469 -209743702
14840 12729 776726869
4150 3546 -875600335
3917 17864 -607428104
4343 2917 333164605
4937 4608 -449332202
9755 18699 81289266
10039 3540 -298659421
2865 13224 -827308753
17332 1942 751503045
18508 16862 -16146851
13687 2343 986027779
2805 14382 276126532
17867 11628 -3488419
7524 7492 -626368203
19023 7158 -811388067
3753 68 902744400
9775 4693 254560351
5189 3360 476809225
11683 17162 56107064
3504 10234 488472212
13079 8651 38626979
4406 14937 -294261666
11836 19294 -417546337
3352 9369 -88196170
12005 10762 -771320489
4654 10066 -785897213
19744 18955 219806224
3381 16562 -779895153
12311 16930 456817360
14413 17148 -208228007
18149 8869 -328069144
16005 10661 178095760
11848 15235 -201001093
18301 14431 -20355836
11263 6290 -179810199
6856 5433 858680126
8648 5470 269240266
15042 7192 -65409688
5157 17609 29443381
884 11170 288975801
15291 641 -380968950
15597 10468 -659975958
13301 16651 517370710
12901 339 520884087
7252 3163 192755150
12723 15307 -104245886
19017 4457 -182711339
10717 5656 136922747
6080 873 -983418261
1582 10344 656146119
12314 487 478326946
17194 4145 226597267
19060 2832 371910582
3818 648 784015120
2468 8776 -371060527
4273 9775 -499717960
17517 1891 -207611599
11950 13348 100922411
15074 9315 328872440
4918 11147 677491879
16169 733 -654294715
1935 13149 -921074204
14120 17717 -125255967
15446 11701 -104533426
16214 9762 -766194328
14634 14937 -850020571
19008 10292 911514888
13174 15249 -636209394
905 2965 -981502570
4522 15777 642597322
14149 2683 978149431
2441 14604 -295796357
19846 18646 120785542
8102 5738 -432322458
5053 17584 615601977
11540 5136 -435149684
18605 13043 666929032
10837 16801 144129771
9145 17115 -161316057
5260 6318 712751149
8956 6771 60833300
4799 5756 973613683
19376 5174 279030373
14762 5389 -121825144
9371 806 489292003
6402 10316 -757420959
10578 7097 -286475884
15597 8275 944478201
4312 8212 -790811512
5304 496 -504259019
19041 2450 -51546963
19919 5287 973817679
17457 3936 911190820
29 16255 543153183
5422 13696 97506670
4739 445 358173576
18153 13502 505017872
17972 14986 -195237204
1390 16476 445970083
11033 6958 403408372
1297 17006 -350908599
4569 7326 286059972
2296 1412 -466692626
16683 2759 -378536578
12576 13241 -46554262
4581 15438 817900817
18420 10352 -789245075
14464 7446 790888283
3353 16821 234705427
13268 13499 880758665
5085 4099 -285635276
1068 117 641787206
19590 4217 827509236
9944 9818 -67628037
1493 13862 431552326
15340 12663 542322710
9510 4510 -875913487
10195 8030 506954062
17873 2107 -622129542
8235 19507 -438743044
7491 13166 -728848522
13500 8204 -462803509
19177 251 611417658
9664 2259 -190455982
8741 17771 292678296
9057 15802 -304773266
8917 4368 658114379
5699 11739 -810265485
19113 2975 990610950
9360 16977 -218070487
10381 5560 -892218910
116 2200 455690371
11718 2631 712045621
4398 19679 413814326
11052 8900 -678607484
7238 15858 503450033
12553 16559 -816525579
6389 9479 302122891
18373 567 -267422693
14030 18474 -494004278
9177 1218 -475515635
2236 7731 -618628544
10411 12607 567838437
19966 16058 -741044338
1036 8107 428247553
8862 5498 -3321367
13795 3246 258164499
1923 11766 -630211139
6302 14670 -503448384
10867 2486 -269684078
3181 11081 -735669077
18083 48 71719392
15646 7760 -75958151
9006 13800 -996581393
14104 10379 485489549
398 18536 878257907
7265 517 -801725214
11849 281 830477479
8691 16379 -532522839
16239 18801 803412681
11789 6920 958715378
16122 8995 -944148798
14243 6380 -868829205
19234 17089 -870021011
4227 14881 -612210720
924 14922 299734055
17516 12688 -736844227
11756 6782 19974578
736 826 921816164
19873 16092 818295580
2453 3192 -712130485
3877 13454 -7876470
17198 14384 418565730
16409 10153 857968324
6826 16855 660861990
6526 7894 -978670539
12718 5753 224696719
11445 478 505235187
10556 9331 -503035343
19495 8239 719301131
3864 16304 704979075
3994 13632 -300431691
10720 3245 -667305513
16330 3609 616815872
12267 18142 609130825
13123 7404 -889248747
4771 4178 80585524
182 1636 17946529
9790 6293 -250452749
6007 12886 -456972055
3420 3863 679157754
3351 9636 -35224315
15061 10245 -393246266
12389 7621 560125749
78 11799 -30103558
541 13405 742168180
5126 17404 -538608712
6712 9603 -681855664
11945 5701 -836403649
3955 1984 201156038
6305 7706 746179230
13777 8343 835798732
18268 7661 518228445
7033 17481 529874806
2540 4087 422555603
14579 6464 -268336583
1730 6803 291049077
14870 19088 -374440713
1933 13089 302879011
13626 5520 -44326496
19706 12110 -559220651
11109 16417 -496841072
17021 18819 544010806
10997 1177 -976607579
8457 17336 -655525687
6625 9559 -115663470
14644 10553 -710499961
11142 12167 -491205016
16040 18159 -576553039
11455 13862 263706557
13858 2532 645985483
4391 3395 -910485938
7650 13033 -516511564
14982 10869 962601346
12756 10531 444385323
15354 7750 780388771
18717 14575 611903442
8067 16442 283008711
5517 17653 686139692
19166 12962 662618947
11750 11176 44921014
12449 15521 906808944
17644 11368 998961558
5726 2111 100880177
14983 17462 379228873
12299 16457 -914018536
4470 8017 939468327
6015 16684 341677531
4317 14132 -673702230
19018 19780 -343469573
17507 4817 -575069928
11208 19362 -923243951
19747 5796 372151744
11159 13289 356924225
9003 4783 410453203
9093 11744 210833512
7671 18058 -845174824
8291 6026 -864104438
8475 1831 -297839181
10705 19160 211850479
17495 12052 462350844
3151 14175 785751054
468 16395 -786749912
8909 17415 828028802
17553 4709 541216816
13553 977 -113902316
9603 11300 235277311
623 15027 909696992
4263 5809 -720109276
1053 9423 -101370256
3369 8284 764492760
7925 165 -838271115
14221 8391 264881818
3414 2404 934413471
434 18166 842545436
14760 5891 -339691048
5180 14468 -57712225
17525 3634 569001717
6289 9541 435501237
18891 17199 474875474
15329 14412 -58985953
16858 12655 455398510
4295 15615 29364565
6850 4717 20207909
6858 7296 -254821755
17695 10800 -923444415
2526 12934 -292690571
13545 15150 376835572
15734 8206 373544205
6233 10723 -595373310
4459 321 -861745583
5479 438 -219756010
3163 4807 563004413
1541 16731 779972732
991 15296 -48101816
7200 11360 248639293
3993 11599 -550748567
1865 19001 414352631
2091 18624 131823857
6609 11165 80720800
19463 6812 552079358
18303 5130 -306064427
6119 6904 155752445
19148 19024 -91181487
7038 19640 -469464201
5088 15883 -706365486
15469 14878 -772055479
8660 4103 586622769
13674 13 -515471509
5763 12290 -815972269
6009 6695 -451513844
4572 12515 -769240281
4653 12836 1374652
2030 10653 -388792242
11499 12493 191339477
15046 8192 944391965
13480 13670 445363207
7395 16053 -76278608
11263 17751 -113651365
9811 11661 670675693
17391 14905 385248902
7276 2615 -862988097
4637 721 -685837226
6937 18596 -796268671
8165 5882 753156890
12908 17895 -655129297
16313 19948 905502587
17486 4168 -495360045
7433 16264 -863983319
16532 11628 533740866
15039 15031 509153572
9536 6873 -270916098
13450 14407 994082721
16335 6678 861219495
6675 296 63057113
7390 14068 -890604012
1247 15334 803167226
11555 16753 251190308
8778 5506 995750646
11683 7181 -846065396
15650 5394 -534832822
12868 1187 914083119
15807 13912 -543538576
3191 14423 440469013
16528 14132 -210106529
11973 15708 -693312885
12797 17253 563079531
12218 16191 -121644775
2582 9939 -559056227
1227 12880 -631525024
1549 13524 540084921
7898 18197 747797009
4438 12375 950560355
16521 1348 -1379222
17965 10109 -813299349
15205 19047 -124824949
5197 19254 -762440212
11602 8713 75246042
13765 6566 -82782445
12629 14124 688726211
5056 12832 -267198158
5777 9215 -811413955
17031 12211 690455345
10933 19161 428249577
10980 3567 -478079997
4222 10593 -46554468
1422 4253 499984244
14413 2799 -961892865
11424 10325 182110813
4786 6487 -404418234
6434 1610 -379642211
18509 12650 -607809040
10475 11499 -895288152
12129 18420 -568259191
11055 996 -361979055
8372 16661 265391178
5125 10479 -426142105
9826 19776 -497463216
8213 14883 -768111741
2141 1423 -93612855
6944 14385 988755409
5757 19374 872998909
7925 14740 -658702888
1452 18661 -600386641
8313 2270 -863625570
405 4579 -295518503
10269 11351 -386358545
59 11852 42489355
17037 15707 457359592
4905 19667 -562748169
936 2678 -299176686
8433 5475 212865247
2797 14236 -199258062
18318 18721 570460107
11982 1666 13119386
3709 7573 931808050
1052 13763 -624134064
17890 14587 604882195
18662 15888 524101106
15366 17372 462602616
9284 750 639992776
1695 1955 -330980851
13076 6522 -32138291
13254 15793 -979194075
15317 15031 999043838
1531 18033 -231473186
12215 12043 556200036
12079 17234 693834043
16801 13014 -930921097
7202 13562 793888518
18371 654 836678063
1366 18749 -526809041
11847 19 -65518174
1822 5946 -168650156
6759 14366 124634906
6812 14747 -919679387
15381 630 9209593
9087 230 -974428361
7107 5523 -444558798
2943 3248 -198110929
8149 18758 23166176
9880 2271 25149228
8373 11789 -825804316
6366 8425 913556213
9566 632 -822183512
19273 1654 819994289
1530 14598 346066802
754 5347 963546820
5152 18217 -976483499
7113 14753 -530146343
88 18205 -36806221
16710 4299 807136921
13185 7670 -703124037
12821 17708 -406508064
9232 13667 -65754386
647 10899 923561025
15928 9262 -115577675
18871 18132 -769705415
500 10835 808584897
1270 4216 -693481165
2003 3464 379820489
12208 18909 -51812700
10840 2773 -352858986
8475 16101 691605554
4790 2751 -197075928
6623 7299 985918403
467 3796 -458994249
16888 274 -452466478
11112 12630 252372070
17267 8250 663749512
15047 9348 -722227707
12162 19882 958096249
12893 7900 879198321
19362 17863 -926078921
12209 8595 -32392926
17122 1707 21976801
13561 15979 -115165682
10291 15899 -167967878
8954 7440 13559919
3799 7328 780105374
8584 7284 894190196
14968 17957 -220666866
6672 12714 -72404294
18533 14489 -81558352
15288 7204 -505538882
16598 13997 889530471
9462 808 -679412781
4721 13015 25208640
5994 11236 54477874
3729 18098 741207222
412 905 225280221
13692 13110 -225109452
7245 3724 845360117
3954 12935 607070890
17212 13649 246669589
8140 8536 555203844
16109 3936 -911507383
7126 18707 -282446436
6106 854 -695924124
7414 15108 -381785047
13844 11334 -888357477
216 18820 637231411
265 5385 465237450
3711 7316 561762145
10817 6719 -65962600
14427 14109 -365644519
6629 7035 726671872
7178 15135 96170565
8922 5819 257727801
806 17926 -344677237
19540 19014 -323472962
6102 3745 -530852643
6730 16717 371150562
771 13646 763759693
8145 18041 410559222
2443 10531 -143037406
6412 19029 -459185507
4901 11949 862006983
3808 12926 877860847
15208 2774 210477953
2940 3039 -605946788
3242 5585 -111523202
2967 10867 -875406757
17961 3078 -604001234
14148 7579 -895695899
5071 19775 114396113
11617 4778 97590233
13319 5389 -745515282
11731 3648 870310016
15790 11 -350411213
11310 8607 841128552
18056 13137 -340663475
16213 9984 130483176
6416 3530 -58634353
4358 19530 -829292771
7207 18477 -768850478
3533 19550 286137121
2162 4416 -582044841
17620 6888 -845324102
8499 14252 742087231
8197 17978 -601008165
11401 1725 -336936620
13341 7516 -850172661
10682 11303 -205397046
8010 18530 107097169
16044 18390 -837862832
15271 12975 -429214633
12332 7274 763201427
1919 5413 -678954559
1630 2895 848538428
298 8462 764110764
12135 3961 -109428966
5644 16157 -142076546
4315 16955 -679419003
13980 13540 142949014
2102 2038 -309548798
744 12632 457143577
12403 16487 -691839196
7338 18238 919702420
10279 18276 262098381
4357 4690 806437805
8677 4060 738184454
11938 18983 368571875
4244 18132 -709933515
9603 10670 -896361280
3773 15744 -19981946
12168 18188 -964260114
10553 19299 9276350
5534 4933 437746581
4347 10380 434722045
3101 14744 170630717
5121 12404 993138720
7965 5998 489031475
5716 1946 -734007782
13675 11969 -905917841
9453 10249 -90139078
3043 4154 -876813521
2388 8921 504971560
18676 12001 -162790724
19501 8276 234305503
7702 19222 577990128
12824 11470 -474854931
6902 1450 -154199295
2289 10583 317989318
9486 1351 294990581
18003 15490 879666155
15067 19071 875612689
6799 16835 653060418
13270 12570 860675203
10577 9015 -623321871
18865 5670 -139674526
10040 1122 -232239776
3303 1142 -410332514
1428 336 976954120
19729 8480 -228369921
18514 17236 836529858
6760 5530 -743745035
5844 13609 528592851
11999 18032 631499468
692 11344 201168454
1666 16166 57840341
4927 15346 -816421904
1059 3106 -940994012
3412 12985 395187294
8224 4650 -136662222
8139 14368 -304030332
6904 5 -555333787
3041 529 227259732
7075 17880 -677804037
13621 7141 603459695
13234 15489 -511541399
19583 8598 -766256441
5454 18899 -823767098
9270 14169 973651137
18251 4914 326620022
10023 10358 -870079914
10039 8792 575202128
19019 9866 -231892786
19915 1158 716495546
3086 9308 -393669828
16404 11544 616115418
13590 17171 794433050
15476 2541 -272377860
7357 19740 -442614283
14588 18864 -947419829
2475 8421 419367643
4704 7362 -364725257
9405 7849 -115842356
5989 12935 -823670684
2597 17622 472920811
3754 14681 705754758
797 8142 639947329
4274 4588 -491549436
3225 11888 61209665
10870 6332 549810795
17138 10012 900603495
2969 5897 190384493
16100 18839 499446007
4469 18968 -372135180
9323 9102 604639040
7998 8594 994194431
13661 19412 361884718
10991 9373 936499153
13380 7279 -829177108
10534 11195 360671710
14684 14542 876927662
2929 1009 -602646435
13317 6491 -930511261
11014 1574 -713673678
15053 2030 -262431177
16738 12293 739021023
18092 10579 626682463
12636 5040 -853586536
8021 18341 -898177163
17493 10790 149525029
11893 11014 808874852
13842 19290 131702479
1464 2241 818881563
13631 3400 722214873
14150 6395 -84583138
904 17912 257413827
1993 8119 532863365
4308 2557 -956921141
17364 18122 61650997
2080 10736 -371904740
1661 10663 287195972
116 19316 -918524928
13141 1810 -296658143
19543 8717 -961304993
1999 19821 753466136
16279 14026 223163544
16765 10085 1208883
12408 10678 -783846055
18538 11153 -869367771
19663 13551 385807077
19158 8630 138678792
17253 19808 -362625747
9281 13346 -695729056
3442 17446 190111549
14444 8173 -940869976
7241 786 -746270402
14418 1234 781952503
5733 2361 503704806
3924 3619 293843550
16390 3766 877427800
521 13555 79457199
5346 17663 -776589436
17747 3836 -153109304
12000 12065 -429221528
11376 16517 -946609164
4037 2910 -364937783
13382 16622 -153091674
4467 8954 931753382
9010 7350 -372637246
18574 5257 -178432250
6689 12042 -812678307
19343 16224 505224723
5882 623 -572849726
18163 14334 -678005689
2606 16041 944667022
6823 6417 -217930963
10156 7219 583449814
13685 13234 -400761047
11728 12074 765591753
1800 262 702410720
18733 5582 -363151692
2302 16542 654192846
8185 13880 870209148
9453 5117 175101016
19855 15510 801771301
4423 9672 835507437
14406 6482 -184788165
3792 9337 452172349
5606 11443 182606398
16828 12891 899038862
1195 10642 -67772745
15916 5586 -319263300
10414 14164 -304906712
13990 14047 137067876
16342 1781 -248368086
4 299 92808820
1487 15383 807928262
2523 15680 -287133831
6871 555 -830628808
19485 8892 -132872561
16492 4551 -726509933
2023 19008 595379669
5435 9143 412251592
9996 3335 473818425
12860 2528 -821869934
11666 14187 -768750791
10306 862 -474001685
6407 15622 -239318373
19852 19719 335840119
16226 6555 53452125
14174 12938 -298796008
16335 9431 880408677
16464 19542 359153937
3268 2285 -584021309
5728 10791 151098620
15266 404 -105114306
13073 15727 -810539255
220 7997 -620946474
2724 14821 798840539
13457 11005 157377615
500 11237 494910071
6041 6514 -411274124
12590 18129 -160470272
8404 9042 627340759
12192 13856 854211946
6927 370 685242841
16519 16432 -873246843
17522 4986 352714076
16607 193 -170093250
8783 2032 803005674
9863 16228 -893006349
2285 14697 79799922
17103 7008 -613386103
3318 18734 735582483
2524 9284 -11022710
6261 14710 -318255357
17586 1751 654165270
17163 6119 -544345541
3713 9650 -340621568
12511 753 -250621443
12281 7675 467592858
12796 3342 -288446491
8034 3770 425158742
14174 17259 -146838326
13282 11335 -767492122
1954 3580 -813602197
16331 1452 810979714
19341 3086 -289331153
18405 1447 672927025
6848 19296 106495297
17916 2845 909088857
5303 18949 722236021
19691 15728 591337561
16353 16315 976102457
4196 8288 -526735827
2697 18856 1298692
18557 10800 -541110203
19709 12535 817288116
6898 1424 43799496
3663 17992 932326326
9262 18243 535576053
3886 2516 410632601
11326 7493 725468694
3701 13790 -47781006
12209 1880 86759390
14776 17814 390439642
14120 13738 188089360
8627 14336 -72780705
11994 15012 -275728993
1742 4988 977007699
7823 7148 819786625
1269 14030 -32584893
6886 14651 -480684405
9687 5916 983028820
13469 13020 -54748551
4515 5599 -962311827
13036 1304 561874402
10660 16466 -985185851
19813 17461 475079692
10851 9532 688317928
2761 19585 -971491625
13827 798 412001759
12360 6249 180252348
8744 16185 784167331
1427 17040 -440902970
7912 8538 -848426789
2049 8089 -850129383
7180 9163 -598723902
15552 9453 -799154077
10469 16804 -913048847
2268 11608 -235960686
814 12675 -884696977
13350 9384 960799675
692 7391 -618888290
17096 15156 -597226379
5038 5391 -398406618
14135 3188 -670445047
18665 11921 350021430
1110 19926 760313019
19395 11534 -694174583
6268 8848 928192491
8247 13901 210589606
17606 19575 739662840
8223 16534 32122998
4496 12583 -218241274
2711 6620 503522972
12060 1013 865858249
9013 808 -154825467
12380 6636 -444862072
6441 16867 -230318282
4155 7425 359032261
692 13759 -67305254
9439 336 -149422586
17814 4193 700704755
12039 14553 491542365
13324 7120 440331452
382 639 -482047153
14886 2647 -309574262
8199 6487 474223122
9759 13241 8795219
3126 8983 -331313205
4721 6546 984626562
14027 10134 -865078986
14561 17275 -426554597
13699 3149 790400113
4618 14210 145414737
4684 8533 852171901
9828 10748 -578551741
15627 16999 597428820
13728 3416 -762252368
9514 10381 -561780660
14896 18510 -903547876
16346 6778 515733788
13446 1858 31693982
7345 17730 -541188007
11957 12551 339047981
6122 12996 -569610728
2767 16529 343164588
12995 15479 603665082
9574 14075 373497499
12373 6737 546217728
9465 2908 -168855385
13910 10263 993742833
11452 4825 -55975856
768 18082 951862108
1737 15833 951867926
360 11091 -338254856
9998 6459 -914918796
11199 11842 -333532432
7682 60 657536832
7447 6137 644992347
2338 9495 308399637
12330 314 90638771
5352 18311 -974930354
5788 15568 679589142
15079 14744 -51693801
8784 3569 -441266941
13645 19466 -990046876
17851 749 -156744217
10213 11102 -439292266
3925 13289 729355088
8728 12619 -741915505
6516 14199 881093529
19831 18235 60705636
19304 1755 -142751388
10036 17108 -574839902
5577 17438 -35806040
14654 17818 -475795188
6445 9016 -71701779
6888 7656 -970983595
4995 18336 -108639545
15635 17933 -795722177
4953 1677 648839724
8468 17501 406498909
18297 1593 213753173
14478 2075 -437356919
1606 6552 -979387978
5196 13007 534879239
8598 17061 346771753
4982 2730 530251609
1849 81 170794479
7584 7062 742997843
17284 18642 -98619384
15064 1228 -819356666
2582 17930 256355979
9389 1469 53393439
11110 9467 -849502048
14049 7638 727146906
2592 14210 -113647180
15396 330 -231301714
19749 13766 441718302
4983 16028 -187303818
3107 4566 -85512020
13059 11148 559204710
6749 4564 825956710
14877 14668 853337081
12943 14041 141908355
11069 13994 39279955
8158 1206 708900386
6693 13607 240760281
18539 4796 387668537
3690 14095 -948696855
15764 578 -668700920
16386 12728 908924199
15204 13772 239099490
16137 15508 -10691449
9489 7778 934237936
15311 2816 600565697
4722 16194 802105437
15464 13953 -580882676
17281 525 341090542
2974 10838 -954519466
15927 7929 224191461
4457 14054 549055040
8684 9683 -81260115
19898 7100 558097572
15778 14348 -767112460
12489 6106 475733661
15633 8807 3059331
6842 4759 -805023300
3927 2850 -479266183
16381 13326 -141257388
7950 13867 85058068
1440 15115 984041556
1610 9650 748992763
6781 9757 32001252
11049 1703 331176933
18165 15897 571463911
15410 8812 673147245
14512 715 542445509
18024 8516 916523692
1774 17917 290914176
7794 13761 -330521067
8617 6897 -700180348
12585 5799 474311736
15540 9831 -460755233
13222 8130 29982825
12273 2788 155587389
14245 13794 320707494
7968 3497 184698784
843 14927 613756759
11171 13561 844570295
16626 13495 837050126
18668 6240 -195285559
10492 1343 639188358
15164 2077 830619679
18641 11478 822774780
7236 3170 656636552
2995 3396 -957326317
10820 15787 606391276
14089 19383 -948724230
1216 13049 248509789
13518 3378 -828379473
16193 9556 -437472299
2348 5158 666196215
13286 4774 557432928
13475 2451 -196791860
10495 14398 294867453
18739 3630 -540700088
7243 1922 -167815541
18535 7626 -185144889
19527 11190 254008234
6241 9703 114253812
5583 19912 732714694
7625 5132 318718308
17256 4621 884616763
9176 8526 760833614
12850 6450 -574444298
13507 13390 -248965717
16364 19527 -784587431
7738 4808 -717325627
11382 8152 -491978441
15882 5480 715568324
7423 7521 -797548451
13983 19774 -650551889
14057 13981 -958444318
14162 11575 -819314360
11797 19935 -891208498
12797 11386 194408163
17678 8388 539966337
6553 1968 -543199906
13577 3727 783508663
19216 11265 926947451
18647 12994 -695656937
8762 13449 -156257587
14818 11119 277659226
18441 6773 425154067
390 11778 -658643330
13066 5417 -921010177
2849 19483 89608010
17000 15988 -653609356
1740 7289 -490001260
12291 8382 340655656
13528 16887 51834470
16460 15125 981575742
17728 4239 853081006
2996 1837 -561034813
11462 2498 817246686
5174 17051 -369481023
3866 1969 -623223346
16674 18713 123386527
1268 14225 -557760059
17670 6232 779653776
10856 17097 -115440747
15354 18625 290873447
15876 8167 456424056
14215 13217 -216277245
7976 19625 301000686
13088 2277 230098503
17380 12512 -982285769
10184 14688 261959917
6846 11979 882533293
4049 17 433994717
18216 1518 -10846039
18459 3105 -899781919
7479 3002 -303132946
13820 13566 -887929173
8374 1981 439734171
4237 10923 -723396631
6567 10534 -307749517
1936 19939 -661202947
15126 10921 352625668
18108 3280 16793561
3194 5606 948471588
3307 11489 620673581
15716 12042 291976015
12699 12602 398432859
11868 9072 873090895
4077 1724 31984407
11180 3156 -138137427
5325 5248 69865763
8246 13519 -637600768
12035 14606 77982871
6323 4551 159862891
7269 4607 72205991
9859 15350 -736306218
9938 16229 -679222204
19631 19944 -661110873
18873 9470 837113124
19479 10594 192070073
19715 13628 -268605507
1446 5943 -125739074
1536 13904 -272505811
11734 7783 186685862
5463 19674 -568915439
10729 1198 -418779411
5151 14246 -19075313
19284 12246 -38765726
15192 9870 -229325709
15367 18884 -611501128
17278 742 -569479474
653 12763 800092412
4438 328 996680073
5488 324 167138900
2331 180 388546905
12234 16314 -64927022
13225 6233 814608577
4032 19483 710993518
18417 7632 -715310156
1321 14878 -481382540
5185 13450 -949735540
6186 7183 240896665
3603 816 -304385952
18901 10533 -135662060
10006 18615 -530884655
16661 10869 -512907428
5600 10070 -302399424
7163 9075 -247465883
14478 14223 689966531
16449 5678 -627114248
5707 18220 -235020658
12386 12003 248651841
8774 12962 775253140
1232 15532 325739947
4652 2986 475954581
6231 5687 452642819
1449 17805 3177634
14550 5874 -52625287
15791 10499 -284734472
2427 9696 -320423639
15808 2085 -510942677
6318 18269 686531922
16422 6151 -729578191
15853 1098 -631673242
1292 8819 -636449856
19740 12626 -601803002
14795 13657 -906849152
14532 4696 159744065
15961 1302 274632468
551 11357 645492018
5634 3098 223314132
4328 1378 219419832
11421 4712 -393602907
1206 2303 346221615
10741 12744 541257062
13601 4462 176784855
3019 16374 775035852
7629 16790 750597390
6603 12223 823336305
19623 6924 -688255448
2327 14158 897352260
8975 3621 -959971861
19283 15914 -597052751
3508 3553 -20017441
19308 10243 -552854586
15849 7253 545508476
11072 11644 -206647556
832 3790 -365085661
689 7853 409899127
3133 4675 -546162053
13061 18866 -510886187
16334 4772 991176846
15007 19018 -252557997
2928 11942 -663262503
19455 3564 -473717116
6380 11250 166252116
15691 8262 -299072433
3255 16510 -646339790
9487 5362 139662958
11847 6132 -431847390
8558 3788 -184430925
5161 17727 541206782
2222 8272 -618705654
7271 19448 -680726598
16484 14534 326042666
15405 5628 219122682
8994 652 112691148
9536 8285 593579715
2185 8122 -511763572
10715 16271 369238279
17643 1551 -500944506
6989 2838 -56432034
3321 10213 150419918
1087 12831 -299105297
7903 2813 460453451
14643 6340 141613476
14231 3633 128631011
9266 6581 335673792
4706 1716 29827302
9389 14734 -618205242
18955 3374 -379991710
16001 248 -691932413
14453 3109 909488911
281 13723 474989132
16046 12692 -87545077
14831 8437 508886024
12118 663 57081389
1540 2635 408273071
1148 452 -21899623
16231 16678 426131256
2975 1844 823479362
1345 15734 -751837657
1917 1769 780258723
18475 7436 4686701
8540 2379 -464598923
979 1902 -594485464
19259 14990 400691997
18849 3097 249430033
11747 15507 400207485
1221 15223 471438462
9370 12479 -760833612
15141 5166 852574659
19101 14191 282630733
16093 3586 973786043
5621 10015 943346963
6579 12073 -482218436
11471 4414 -896136362
12881 1366 -379435094
7261 685 -453015917
2217 19782 -459502962
19298 3977 -335054604
12064 5718 -540198559
12191 9810 -788554030
16412 11306 258526619
15260 19318 -352703062
273 6130 -721026287
1033 2885 984165585
6322 2034 649221298
9700 420 580584481
1910 2798 -76352255
9972 17037 417002551
6808 2799 -380797753
5425 8131 -435652862
8205 13885 -781722916
19874 13867 69733711
847 19331 -938377287
7927 17023 -91700327
10070 14563 -916761750
12868 19192 592886886
7254 16744 -86841333
18063 16848 993758612
8009 6302 377727904
11863 1276 -884067985
16113 17242 -78986485
9264 4450 424243840
15764 13039 40566960
4869 1853 -612938023
11287 9681 207059653
3594 10443 -926117509
17468 3615 970432733
7341 18502 -778783912
17114 2544 -729002014
18482 19833 -499648109
10499 15473 -462029327
8366 2023 617781735
5933 10670 -874236246
731 18033 405970305
2449 19839 -965039044
12009 12620 779557871
10420 11775 -188824148
18431 9549 -840637961
698 8844 -296721444
3796 7727 -429962362
8367 8712 -710157031
5069 16070 -681329121
17619 8991 -120120711
8641 17699 453224978
8223 7176 755914679
4315 11557 -337295042
11903 3465 399443641
17851 19579 325069419
5722 17108 -374059184
9538 19709 -930996127
4381 11892 241769657
13342 18366 992277853
5716 1155 377563787
16989 7215 -548499211
11739 4179 -31919239
10125 19887 -17859383
6105 5777 -813014638
16957 13306 756013177
7679 299 -54805475
15704 6126 -456697457
2889 2830 524559780
3708 3579 290845516
7685 6149 473979074
16352 1143 434917433
17736 13212 -170351816
12400 1852 -32983040
8208 2133 934569958
13340 6524 -519473050
11706 19392 643864689
15047 17565 -14478195
5656 17737 -269528836
3737 1181 -66016913
2618 15558 565482030
16772 1183 560607309
12668 1938 -488456177
17352 2421 983166781
6895 16739 85439151
11816 5349 -123800865
3897 1816 644507975
454 12075 442785366
7193 7139 806624806
6011 7800 -879960166
588 6346 189461214
18717 16815 747411484
14843 12151 -299066085
1079 656 907138174
8303 11637 -605223275
17908 12550 -276527927
10215 17254 -579674640
17070 18735 -516751904
3882 5017 212141451
12764 6850 39052369
12250 13080 -894881574
2907 11998 416593589
4222 4472 -884097870
8003 7464 -255603886
9398 1753 228260556
3153 16857 -829316893
18703 18540 508768618
16605 5730 877821241
588 9626 148023095
10917 7863 -835726809
2769 5403 -480728100
8855 8345 -995926041
7624 5051 918396102
7231 16721 -497629202
11146 2237 -370347815
9929 14492 897345373
11050 13929 224514584
6019 7567 286432008
6354 19021 -906764161
6200 11389 -275888516
14163 14868 72505828
13857 10767 -389996862
8534 10866 -675693656
14022 3041 -160773716
4270 5035 -602534451
1971 8087 -712265144
8544 4965 796223971
15895 14501 -659737549
1074 11136 564720224
4011 11930 -851842564
10425 3437 517064982
19661 16700 -393205782
9036 9447 -775412643
17831 42 -85908350
16051 16101 610819046
4031 9983 -801297926
9301 1444 -475384354
962 11076 -670666759
18019 1033 -719565153
4071 19739 -270842591
14511 13713 20950236
13128 19085 15677583
9111 3081 447281714
18276 13576 461636981
10646 13666 311029954
15233 3782 -608037638
910 18838 -798224497
16726 14861 -696846083
18117 7217 -518867165
19812 14261 784793947
101 18902 823106883
3147 19698 -681997212
17778 10732 306814390
11988 17018 234106663
1072 13294 -436155461
538 9019 181465129
16499 3682 488707430
7357 19236 -792866730
4766 16485 -334188253
18858 15398 -123353881
9138 6062 -846515959
5553 15944 -835641100
1282 5372 884081031
12599 18473 46792206
9881 13345 262939221
18387 1339 -841393286
4880 2880 -843908375
7544 4909 -23451056
4678 9470 -193060842
2072 16407 767776026
16298 1481 -84939306
6855 10512 -541552587
166 13001 941547993
5945 3489 -408164068
9588 4012 -377362320
2164 18478 -446003582
7000 452 964603842
19165 10546 39190622
9536 10239 100838929
262 14180 915929757
9493 4593 -899581871
14519 12696 251955430
12297 2011 -55936282
8398 10751 83609265
11406 11668 -408288701
2857 15259 511932102
7004 19547 -770540920
4127 4882 949080810
1842 15912 862293724
809 7865 -427911115
7499 13646 744948812
16260 17658 -846996780
6697 4085 516361517
299 6665 -953995587
12181 10682 427050129
15719 9341 -418255174
16750 6332 927746476
14296 17077 -519102976
4057 3589 -929386322
8592 9483 -206631655
6005 14968 267949123
15045 12290 115012379
221 1196 -85101318
4208 7554 467637669
8848 10467 92017510
5532 17862 -387876073
17886 15312 436340753
12049 3075 -384806771
15538 3335 -843765249
13195 7942 -610271104
8682 16333 -789031360
1037 12908 886835458
16480 12160 695022808
13892 7881 708843860
12277 9782 129008893
10366 12248 -227257664
18454 12843 -12004705
11209 6982 -933975693
5314 17926 426226584
1737 5288 225822320
7234 11058 -594682585
4396 1753 -368234678
7896 11505 974190872
5254 63 784299385
10684 14313 875087279
3957 1231 366879324
7353 5755 663511794
1230 11140 810128999
19341 12804 -160804013
4038 18170 -655600610
7381 8640 -933704817
13584 17486 592496259
9340 739 -19379866
12360 5323 -873036318
13044 19369 786088671
4591 19492 -239458638
17778 7525 344859447
11849 3399 -674927794
11932 18426 876821997
812 16853 -599506294
8816 6423 -750308705
14613 470 628521327
6127 19305 568766609
2136 13426 474171232
19378 2130 382582904
4095 11384 -999155539
13315 160 176057997
13253 11203 364265462
18590 15879 689310541
10729 13281 479512923
7962 17353 171948244
4684 1911 -105769767
17036 15957 -625880306
7030 2415 -11744403
8596 7600 731757563
17650 5425 -653673780
11199 278 818151412
4671 12973 446604642
3885 16112 -940027088
4487 3568 311652792
12898 9195 -42046210
5487 2662 526305085
17595 6559 10993254
18406 7536 553588205
3700 1069 468652050
5354 7653 595435511
17910 15049 -857939984
18208 19526 425433915
4381 18269 456025798
4290 291 -150175789
14486 12461 377456992
7829 13907 510301363
13133 16771 -209627703
12568 16423 -420378502
9415 5281 882453905
13663 8670 -926138453
5635 12589 -682875008
16996 4965 879770623
7786 11076 120416108
19358 7372 -385924145
12830 17402 -824237200
10240 17938 -97391763
16978 13175 -492059668
4251 19157 180533865
8662 8229 353828211
12992 5815 360125751
18361 15345 -228901736
13230 12382 332012468
11692 3831 -31499548
11864 10422 -480952226
16761 7068 -878907316
9038 6869 11512378
6500 10980 -183684792
10527 7747 669109611
10576 5011 -489033341
19812 15546 72912515
9739 2802 106665975
1065 18370 368550639
12414 13132 -694983439
15799 16301 -242844590
4414 9252 994709691
2300 13473 -397981960
811 14095 567726518
421 15645 -209447725
1352 16338 329757591
13051 19562 -722650311
17168 14682 -525295271
2469 19006 -7569676
10472 13608 -146931635
9576 8603 -243074576
3075 14484 27065128
10135 2280 -229767579
18378 3466 -57841262
17202 16841 584757276
13400 8894 418518253
19728 17583 676889549
7969 13574 -752961919
18576 7792 -550005756
17691 8719 -735473199
19698 8687 300006760
4469 13052 -454766755
11720 5374 175836086
2200 15761 828199321
12456 5582 271610967
13312 8545 993917155
1062 9862 -583961259
36 12148 -983666043
16497 14210 981138175
16187 8333 -671803605
19564 3038 -720226534
14354 10106 109862406
9090 16406 -455461988
635 4159 -338145826
11510 13005 187347775
10927 12853 -152648424
415 7259 958342657
13219 15817 -375146027
11587 6016 424814407
9634 5424 -632629950
9797 2289 668755223
8042 19106 348745696
18957 6057 -629026697
13893 11452 -527276858
8978 17694 774742043
5241 4145 -169559094
4172 18963 562506371
12352 8891 -209122885
16322 5809 349586246
5000 18924 -755473276
17621 14914 -511936131
7409 6678 764941126
3638 16315 -147746242
14176 7507 380736281
2602 16421 17027964
6652 12804 -93774471
11914 15294 746865521
3009 82 -648785802
9165 13254 872056307
9130 12825 -142262819
12835 6337 473532805
16983 18564 836227025
17217 10849 162381085
971 13318 -293624711
2078 8354 -385537542
18029 8506 -414802409
954 3716 -494836870
9177 19826 -482669251
2344 12752 -669636529
16934 708 -805048726
16972 16503 821289954
11474 18006 487382363
101 12656 -401731615
4779 6062 -393240669
7799 1951 882940186
15673 15697 -173081338
9442 9733 -822391478
477 4447 -595957027
9738 15202 676997340
4683 951 396193547
14676 19956 292654867
16305 383 982408053
757 8988 139596464
19192 13790 -544155184
2990 16017 284690127
18226 17754 461208375
17064 10917 398383170
6984 6258 -644088009
7645 3107 771173907
3389 7405 -172825202
19576 11756 695958576
2518 6911 221588490
4642 9182 -938328345
15078 1264 327655262
1921 8944 -437038905
7405 12243 -69843260
5714 1034 -340164243
4666 2969 -664375359
6508 17317 312386
12918 5416 -365187782
8827 357 501461359
18660 5769 463659104
674 19920 -223630345
1699 15637 367991203
13225 3413 -495397368
13357 7198 -696036550
3337 4196 -611499331
1184 1823 -430297046
12060 2532 263453295
8100 13350 -39358141
5636 2318 121989140
11284 7498 -955856800
5078 19833 -441295412
2198 15427 202430079
10445 14966 -91097607
13417 1963 -730214278
4749 2850 -7737358
2223 5785 -653094097
6988 599 -778579829
2995 6736 791196027
12224 12427 164066942
11016 16556 185438893
14086 17900 -130291624
16781 16428 532322390
6171 12625 463682235
14462 1430 895913986
17002 12884 -213671337
5160 7416 428218635
14779 18878 848052962
7161 12054 426343128
16271 19105 -774460317
5989 11052 -686371853
12008 1804 -694944774
12387 17756 730977827
6947 8313 590596611
9677 18132 -311375461
495 1473 -875888481
6290 16519 -830714277
10805 461 -373888063
2456 19172 -623084211
15057 10723 -69092549
13474 13201 990558651
5222 10329 -415775809
966 10730 -504776639
15255 14525 -985963067
19291 4271 942849408
12388 8516 111453152
16640 16975 142158415
17045 9562 919824732
2838 5703 -59542098
4020 3703 432449329
4574 5076 -604252110
15936 11512 -635037401
14792 10612 510688313
17504 18653 -111030745
3779 17119 -811513465
5903 17286 -966572196
15386 17860 -676895660
2621 10860 -984714112
5829 9259 -703723010
19625 7700 347312967
4468 17086 363774994
12891 17798 -144078680
5604 17773 197396831
6415 8398 -412379326
16890 659 -714468586
5742 10325 867045778
2969 15282 -642933173
4661 7694 -899282586
10684 1926 -164533687
540 19377 180358749
14192 3723 -83729880
19381 174 -818394146
5464 633 -410802015
3906 9465 781916929
13286 12818 -546228522
11167 4676 301415393
9134 11863 178151912
17747 1664 -126893653
12494 14989 800900796
14229 7339 -297670489
17685 9470 741798383
13665 5315 8031328
7740 13752 -115441434
8860 5975 -652171764
13490 4446 -121951717
18413 585 942165941
9568 3260 -205520734
4920 13260 -422496882
10547 6575 925202651
15928 16480 794058625
15669 8636 828351305
2332 326 47480281
2462 10683 550934476
8524 10020 272053520
529 14054 -565095852
4254 15473 758595376
16544 16915 251400078
4391 3521 -314693761
5836 2751 -489829487
12069 3469 240797499
10076 2223 966914759
16197 16182 644316536
10993 7959 -824123332
6482 13259 310493621
13531 11562 811392577
16234 5539 -933643304
8065 5389 338839565
4317 13731 -606476267
12978 16879 505805559
11819 6728 -909557131
6027 5396 -475566422
1951 3454 -817420324
19792 9488 345400125
13378 15498 -936063776
18100 16579 326593580
2113 6918 -870154859
16189 2870 -927121638
19512 15026 -315608640
9111 18503 -6303241
16546 8143 -708793191
2872 5225 -250813731
8192 13787 -40405234
10570 16616 -996366454
14380 16154 -510587597
1041 17131 477070806
2170 12941 -822227484
11930 7895 -442140372
2178 5417 859423027
6443 8517 247858204
9589 16775 -374146049
19160 6994 526499753
4113 19379 -957457933
7852 2833 -644062281
1472 3359 -300882292
12076 11780 -961821618
18521 165 726781683
11408 15395 984966268
7340 18229 91772504
14956 11442 -911778440
12781 7313 683000834
12259 11681 -538490785
13061 13433 -826160977
3529 7632 -224666520
18009 7326 497866287
11459 15495 954720606
16983 1635 726890794
9501 6990 -210953631
13930 11602 -432548393
14170 16041 -684611752
15505 7027 722366045
17215 14967 -558066949
2305 12588 -749099948
12409 1677 330043808
4812 17231 237853781
9892 14287 -518442166
12491 4211 -2637516
8955 6107 -336703701
14980 2325 310509505
11861 15571 -257765813
16431 13848 933776786
3016 6267 234352118
998 15653 617554824
17662 581 -387424303
13777 19138 -889061661
2848 10665 -905176611
2348 3824 898823538
8503 8446 289528456
14922 10029 -139431763
5331 14700 -93250014
1 9409 989730180
2 3739 14366
1 18087 648407381
2 12756 3607
1 8603 777201683
2 11747 13748
1 18922 -894785236
2 12994 7950
1 6241 564479670
2 15170 4636
1 784 -485298220
2 18758 11923
1 5765 -708215734
2 8289 15463
1 14560 -971782689
2 625 5029
1 18770 -12974522
2 5410 17054
1 12620 77929081
2 11913 16042
1 5608 548936818
2 10698 15944
1 15753 558802371
2 1764 13415
1 10042 -435760397
2 1565 13079
1 12725 -720793443
2 13994 3073
1 12940 839683552
2 12538 1807
1 7599 208237554
2 12078 7606
1 15838 -865242901
2 4379 17583
1 19376 517027415
2 18004 12153
1 13036 -704579731
2 5161 15718
1 15138 102782829
2 10228 14626
1 7035 -874712091
2 11288 6048
1 4636 947493082
2 1354 1459
1 759 129650420
2 11867 14513
1 6044 -639113610
2 15439 1719
1 11205 -43940612
2 18498 4435
1 10226 969185064
2 8623 7672
1 19570 707114630
2 10667 1645
1 9509 736526353
2 4652 7863
1 5882 -732960971
2 17460 12679
1 7390 -706778946
2 4125 12862
1 14246 -343392256
2 16004 6390
1 14002 381504377
2 9625 16463
1 7319 -25188400
2 1948 2969
1 16296 202809138
2 14923 10349
1 6613 987087036
2 4506 42
1 2239 643201511
2 6792 2083
1 13553 -166305682
2 1546 19727
1 2207 -293643207
2 19552 15827
1 8456 -683499022
2 18425 476
1 3318 -862834256
2 5906 17264
1 9493 -782069144
2 10564 13169
1 14423 312512806
2 10280 14863
1 14266 857163892
2 19121 2290
1 2446 915284366
2 7476 15339
1 11418 -527405014
2 386 16553
1 1245 -243749594
2 11617 10730
1 9815 -278793814
2 7843 612
1 10040 -274832663
2 4112 16058
1 18882 728780883
2 10641 11907
1 7427 875174160
2 19399 9914
1 9096 365258509
2 6345 18278
1 9262 760661317
2 1310 15624
1 7630 -534234424
2 1826 9569
1 4091 118497368
2 5070 17275
1 10535 85530246
2 11990 5802
1 7909 -631714846
2 14736 8840
1 16268 -580069354
2 13758 19495
1 13340 585105754
2 6080 19713
1 15803 793404650
2 1263 1081
1 2306 823341196
2 2522 1893
1 10251 169362188
2 8546 12991
1 9729 975416505
2 12491 8990
1 11052 -506648640
2 13413 8771
1 11962 -707542651
2 6603 14275
1 1512 -56672691
2 10900 2973
1 909 -55783696
2 9660 5663
1 18849 -957165053
2 19674 11609
1 2350 -41001607
2 10841 8268
1 16682 150957470
2 12674 2172
1 4960 9911194
2 19790 14810
1 16243 -722398823
2 9521 11183
1 15738 342088365
2 12388 3821
1 5091 -397412280
2 13554 18851
1 11346 -574200306
2 4978 517
1 17042 654292483
2 6160 14088
1 2936 671463498
2 15817 7810
1 14638 110017784
2 5686 18146
1 14323 -691644425
2 13211 16326
1 11008 205138480
2 10855 16637
1 14308 -395280702
2 178 19860
1 14739 565286159
2 1601 806
1 19886 875084696
2 13612 15525
1 12667 -70066709
2 15238 13404
1 12409 -354903611
2 12253 7889
1 11076 371489852
2 19155 4166
1 502 -742918359
2 10511 17908
1 3512 289342323
2 5607 3485
1 206 29031538
2 14351 6387
1 10054 462471860
2 2359 16558
1 5901 158175068
2 19789 2371
1 6478 497397267
2 5457 17367
1 6802 -642987435
2 11068 10369
1 17711 259837013
2 1294 18682
1 12090 -140864317
2 3045 12470
1 14682 721897010
2 7684 7879
1 843 -484826402
2 14451 450
1 3574 -196470987
2 14309 11707
1 3224 -723590458
2 2110 17388
1 10726 771310425
2 18089 13865
1 2528 -789051502
2 10410 7971
1 10585 35681546
2 6931 234
1 4551 -445433941
2 7393 3617
1 9548 51256762
2 11192 16857
1 14046 91208020
2 3693 6381
1 19744 -302614006
2 7672 14519
1 11203 -84476159
2 17233 7094
1 3206 -183515022
2 7811 254
1 1422 900771198
2 2420 3205
1 19582 -278708797
2 11631 6963
1 7416 928416965
2 6494 4991
1 19163 436946707
2 3628 16614
1 13521 540039109
2 441 7825
1 3338 -696853653
2 17070 10181
1 15868 -763438258
2 16266 18781
1 825 24260074
2 4458 14013
1 10035 -462034246
2 9897 11044
1 4900 -527140080
2 9868 9773
1 10690 357878700
2 6753 16552
1 5413 353648898
2 6197 5218
1 13106 -700144431
2 8816 13337
1 19764 308939380
2 18675 3981
1 3589 -471695941
2 13264 12277
1 5732 713269033
2 14172 5428
1 5495 940052918
2 12055 17118
1 15736 871623846
2 12638 3305
1 13276 707409010
2 268 1
1 7725 878136223
2 11988 2445
1 7640 333090123
2 5149 13216
1 12441 -850406073
2 9086 14062
1 19206 483167719
2 3150 16680
1 4136 -321306395
2 135 19325
1 6554 5746062
2 3 4804
1 16161 -425163822
2 6074 9157
1 7310 251496054
2 9717 19777
1 8584 -574172601
2 19912 12306
1 4269 167979318
2 2792 14547
1 11472 -508290863
2 7137 1842
1 2277 -479979525
2 12730 16191
1 3032 186416551
2 5975 8626
1 17543 -989668293
2 18022 12085
1 7921 337867358
2 2171 8458
1 5780 -157581288
2 4294 13943
1 15999 -965460916
2 11068 13601
1 8921 -691026943
2 19909 9828
1 17969 598879521
2 13481 9217
1 5047 550218612
2 12560 14418
1 4625 -18877493
2 5754 9735
1 10590 -4760114
2 17662 19963
1 9051 -469959489
2 14317 14984
1 10104 -419908090
2 7028 4218
1 9615 970945689
2 8646 7193
1 18417 -151156632
2 19711 13020
1 7030 697633966
2 19895 14446
1 12400 211429599
2 15533 18043
1 11481 -871632651
2 12851 5260
1 3509 -935062737
2 18314 19651
1 2504 243105522
2 13287 12939
1 1788 -62604005
2 6869 11565
1 11973 118339932
2 14045 1958
1 2880 964411283
2 14412 12275
1 19075 -837241302
2 17956 1294
1 2394 -257578100
2 5979 17066
1 12054 288156678
2 4624 3647
1 10010 57332775
2 6936 19119
1 3374 -902881298
2 8136 15811
1 14637 -215023590
2 13766 15992
1 8043 -128690720
2 8791 1349
1 13324 -822680301
2 2213 14664
1 18275 337432224
2 15508 14191
1 5456 -445701291
2 7838 18031
1 13755 527190171
2 6025 9448
1 19174 -817343220
2 18261 10903
1 11208 -870468548
2 14213 10
1 1630 940252885
2 16972 892
1 14382 180237608
2 17090 6358
1 12960 -199692697
2 17958 8859
1 11518 -796178910
2 3613 11482
1 16301 -103639401
2 14734 3313
1 19385 -227854955
2 12910 4489
1 4822 -196329127
2 5417 5343
1 1408 501372619
2 1652 18228
1 19619 469407442
2 10844 2818
1 14741 -536132360
2 11022 11637
1 5377 -17409061
2 9261 2670
1 7911 -244705800
2 14267 1973
1 2853 -456081991
2 7044 3608
1 10325 -901374972
2 17819 14599
1 8875 -281795973
2 15731 6848
1 12165 919930766
2 10143 2855
1 14729 545526721
2 16592 17174
1 11766 -868007484
2 3520 12037
1 4734 705022876
2 2857 11485
1 7087 -785697526
2 387 18014
1 5004 775042203
2 13234 11801
1 14262 -138805551
2 18834 19143
1 6221 483095288
2 5876 14917
1 17360 -973668166
2 12686 4394
1 19375 -106283665
2 14232 3741
1 6333 335014299
2 2405 15453
1 8782 -462693675
2 8325 12554
1 8656 400336494
2 3313 1264
1 5129 -981713281
2 17941 14854
1 18344 -369645116
2 12472 16495
1 6867 -923597201
2 17909 14980
1 5243 170027590
2 2816 12799
1 8260 727155264
2 3450 19156
1 10753 650780178
2 2301 7436
1 13217 -789283338
2 5297 1299
1 18049 -966836011
2 14505 12052
1 3991 -770660051
2 2703 336
1 16347 -43711295
2 4588 19019
1 14638 -396055245
2 4727 2535
1 14673 -652116627
2 14109 12180
1 17281 -170923881
2 3710 5003
1 18236 435376323
2 8112 13467
1 1879 -813759490
2 5141 9160
1 6272 -744874040
2 107 15060
1 19938 238806423
2 2131 17596
1 16599 -519838847
2 3051 12763
1 10945 -258425522
2 17180 15297
1 13671 489864096
2 19612 7845
1 5288 -944254696
2 12973 14561
1 1571 529382135
2 17780 6463
1 5849 235831453
2 474 8698
1 2622 963503232
2 11599 4714
1 7989 -232606817
2 6371 244
1 2732 -532071736
2 8513 6193
1 9939 -821998506
2 17611 5430
1 2783 512819100
2 15197 7628
1 8748 -286866058
2 16484 1461
1 10256 -39801480
2 11818 11783
1 12600 -23076115
2 1733 9712
1 6372 393121459
2 9275 3989
1 16473 758487028
2 6485 18841
1 11632 -262302398
2 8130 15673
1 641 504979374
2 12305 8710
1 10663 352867668
2 6368 1497
1 7062 500619293
2 1185 11360
1 16889 520806487
2 6795 3890
1 12577 772285704
2 5276 8721
1 218 293275221
2 14933 1044
1 482 -264932265
2 4526 7888
1 7619 615807564
2 13370 6881
1 9185 949209470
2 2074 3204
1 4017 843240667
2 5684 2312
1 399 672721437
2 12365 1656
1 5821 -78476965
2 5450 3747
1 18843 329949422
2 19146 15055
1 18332 -882244422
2 8435 7815
1 9857 -592906368
2 4432 15745
1 17130 -767163701
2 13576 10245
1 19465 952238343
2 3189 19439
1 9862 337212173
2 602 8096
1 6644 -410995321
2 2231 10295
1 8313 -552870197
2 2313 3781
1 6593 -64819876
2 4172 11380
1 7809 34145942
2 7724 12020
1 5550 698570216
2 6723 2886
1 18313 -941420645
2 9870 9264
1 18781 298143864
2 15304 2176
1 597 498224064
2 11200 11153
1 7653 -860587563
2 6399 12385
1 19270 222960980
2 16577 18128
1 10102 -859001019
2 597 12188
1 1043 920256890
2 5879 18019
1 8593 -609632858
2 16744 5386
1 1009 -358332093
2 6428 2220
1 2951 57638652
2 4882 5322
1 3611 670806820
2 9269 7922
1 16037 185989531
2 5688 8645
1 4390 -424893010
2 15338 4158
1 5016 860160580
2 17164 6138
1 5950 41204942
2 9848 18081
1 10901 -273174629
2 10853 18930
1 12493 -206843582
2 19375 1976
1 14519 267147902
2 12935 1387
1 8915 514025288
2 2965 9995
1 2534 -121185655
2 14800 943
1 19083 195036242
2 11677 10046
1 3353 -404108934
2 18266 5726
1 14808 580880982
2 17813 315
1 3821 613135342
2 18450 6802
1 610 113081016
2 2559 18466
1 5875 386303994
2 6348 10124
1 15149 384532680
2 700 18448
1 9934 -781278662
2 10885 10647
1 1905 658131599
2 7347 16361
1 3621 77751694
2 702 5700
1 2109 -741605799
2 13709 14221
1 11489 182615789
2 10951 9527
1 15325 -566390117
2 8106 3029
1 17555 710715089
2 6380 4071
1 3564 -669469875
2 10699 12280
1 2971 -513731146
2 18594 15003
1 8299 968826045
2 13092 10590
1 10589 -843667421
2 3646 7274
1 13155 -128431283
2 11027 13250
1 1470 337616722
2 8527 16408
1 2492 -225516469
2 7512 11125
1 2171 -60856681
2 1631 7815
1 7469 377739900
2 10777 598
1 11325 -724415212
2 17549 5492
1 19483 -478709600
2 17139 15396
1 8405 678775917
2 9135 3380
1 2759 -811820645
2 7573 16446
1 9812 518184420
2 19742 3762
1 15584 199948781
2 15026 11784
1 19376 77426361
2 12624 7451
1 4264 950080493
2 6392 10713
1 18855 139389517
2 12402 5074
1 7291 -52556780
2 14202 13661
1 13003 217313349
2 887 19188
1 5253 623937206
2 7459 18262
1 4390 171545569
2 785 16322
1 1745 139813762
2 15923 7071
1 829 634028124
2 9168 18521
1 16837 -269202780
2 17130 2872
1 693 -713734003
2 8205 11590
1 2670 -193887917
2 7930 12953
1 10356 412786863
2 16621 7275
1 5388 -572183115
2 10827 12012
1 17433 653548459
2 14198 15688
1 3350 16088786
2 15121 11087
1 711 -717841097
2 1807 12710
1 5918 174166785
2 18690 5512
1 4416 960764129
2 4279 4137
1 2420 792053503
2 10397 14816
1 9014 992645093
2 2933 19447
1 5450 308500560
2 1179 16935
1 543 -892330023
2 11675 3616
1 1059 -42686867
2 15562 18462
1 3574 612024156
2 17115 15172
1 15605 -430485018
2 7243 7803
1 2505 -429115889
2 11289 13222
1 12635 558417766
2 17908 13981
1 4386 -690019542
2 3558 15117
1 13338 804247064
2 1171 13947
1 10509 674458558
2 10882 4852
1 9886 260437361
2 5041 602
1 12754 -35245294
2 3403 16158
1 14971 163847114
2 14311 1817
1 3070 960052462
2 7840 2515
1 17667 738528900
2 15295 5992
1 16830 539119080
2 17431 4352
1 107 993438021
2 1406 3742
1 13987 831768663
2 6767 17411
1 8316 -104424045
2 5035 8504
1 206 795997904
2 13916 7525
1 6117 301228526
2 11634 18762
1 7784 -762731256
2 1972 6584
1 12725 162020594
2 6938 1411
1 18965 936637918
2 10644 8919
1 15596 -14673552
2 14447 12491
1 15878 665328668
2 3678 19701
1 7911 -271389405
2 5709 12719
1 700 486775080
2 10 42
1 5714 892939652
2 22 8198
1 11809 242740581
2 6097 18059
1 10799 940961992
2 18636 13150
1 15950 46565696
2 11258 6479
1 14383 -212990125
2 4037 13538
1 2581 -700761833
2 5576 15830
1 7712 -799746595
2 12936 12584
1 5600 5244186
2 10581 18138
1 606 -389768878
2 16402 15210
1 2278 -31551152
2 15020 5240
1 14487 -998318476
2 3487 17557
1 13999 -750246627
2 1956 14969
1 10448 988476481
2 3887 19715
1 3175 -41040348
2 17545 14003
1 17434 -608912813
2 19144 10850
1 16878 390080579
2 16826 11723
1 13536 -144696554
2 7112 802
1 12723 44742691
2 280 16794
1 15547 -690731684
2 18021 2853
1 17815 -978456754
2 5104 18337
1 7061 -907142026
2 17022 3490
1 512 77703249
2 12473 4625
1 14245 87664579
2 9538 12461
1 787 -977185321
2 6750 5564
1 14018 -403841985
2 5238 4022
1 9418 -766776566
2 15477 10850
1 7728 -739406206
2 2816 10595
1 5830 464620256
2 10621 2151
1 14959 685835922
2 12045 5050
1 17634 235954330
2 3680 10839
1 5212 -211102560
2 19521 6560
1 15931 -910349001
2 8256 10487
1 13665 -497981797
2 5586 10065
1 2381 -276663425
2 14934 1800
1 3022 -506990345
2 18578 17605
1 11169 -626222457
2 8134 2439
1 6711 600896746
2 7261 8778
1 617 -252789949
2 19956 12631
1 17008 -427913196
2 6548 16644
1 4250 -193926394
2 9772 1269
1 17564 -123943710
2 2928 14156
1 7061 -719483733
2 19300 16352
1 11908 -243856577
2 13470 3384
1 10248 789424669
2 4393 248
1 6950 -32430352
2 6109 7109
1 984 473038533
2 10390 1590
1 4932 438722612
2 16138 3036
1 19649 737097813
2 7547 17669
1 7996 141372695
2 579 5955
1 8370 -259842938
2 17903 18074
1 8429 768583358
2 9410 12983
1 17198 -531822076
2 4280 11290
1 10331 -948466549
2 2295 18632
1 11116 88354393
2 5777 17996
1 18168 -211153974
2 11344 15250
1 17600 -685295500
2 10449 17667
1 18047 564490527
2 10343 19009
1 13555 -950238802
2 18722 12767
1 1549 -67280020
2 15914 2312
1 854 2819140
2 6418 12162
1 14791 243474778
2 8617 1811
1 6868 669667560
2 3767 12721
1 8641 -2475928
2 18155 4373
1 8519 -132912287
2 12998 14845
1 4474 586770754
2 2981 19159
1 6135 -870728578
2 16178 13486
1 18324 202838145
2 10544 12788
1 6563 73127077
2 16961 5582
1 11951 945705469
2 12444 13267
1 14809 -177119518
2 3465 7804
1 10120 -277256624
2 15573 16048
1 6147 282757116
2 8 8403
1 7766 578106825
2 9337 18425
1 3579 -321255433
2 2902 4534
1 16242 -217114600
2 4911 16265
1 18946 -308968978
2 14825 9005
1 8266 -239719148
2 1448 15544
1 16991 -316105228
2 18265 17215
1 1902 -951914589
2 850 4210
1 353 -561691154
2 13772 5218
1 14280 305509700
2 182 6844
1 4211 -856691368
2 15376 531
1 8379 -842127013
2 8827 19497
1 17075 -131970643
2 14364 6659
1 16535 -139948411
2 1245 18921
1 4535 457940555
2 11693 7759
1 5579 564189066
2 12713 3061
1 11742 -811489539
2 14312 19880
1 16323 -98637655
2 14500 916
1 13023 86859730
2 5362 5605
1 5441 555398155
2 17747 16778
1 13529 -746563237
2 12738 16261
1 10836 714729364
2 15938 14690
1 16909 -187644239
2 16665 17870
1 10678 957069587
2 7212 19729
1 1753 163650197
2 9740 2406
1 994 569006691
2 9578 292
1 2164 700982575
2 8895 2927
1 3455 -321408865
2 18137 6113
1 6605 -387309142
2 13336 10700
1 2255 840579803
2 831 13762
1 11900 735280162
2 9533 15025
1 13791 256536119
2 17812 3628
1 10388 476648609
2 7420 13448
1 16948 407361845
2 171 14171
1 71 574627605
2 15662 7935
1 8417 -163300630
2 13030 18724
1 1848 -79560828
2 16352 12172
1 12159 927415971
2 8569 1452
1 19690 849011100
2 9469 15833
1 1199 861362200
2 10066 6104
1 4736 708618629
2 4085 15767
1 3574 -849487430
2 10465 16215
1 8503 474696432
2 2903 12179
1 8656 -777861585
2 15944 251
1 12312 -819346237
2 5627 11209
1 5735 255642704
2 1933 13892
1 4873 762634436
2 16970 16738
1 17766 -162375624
2 660 16159
1 18408 637949770
2 6198 2465
1 16760 -577217663
2 3210 9384
1 6005 -600824888
2 4077 13621
1 6979 843800350
2 4265 7848
1 11637 350742033
2 8544 2976
1 10947 -44317258
2 6812 17057
1 13046 -986680786
2 12474 5069
1 3515 725510260
2 14518 16223
1 9358 -174899898
2 11716 16289
1 18263 82475411
2 10250 11678
1 12370 -167603733
2 17999 13928
1 3862 -794633701
2 4993 3548
1 17958 255220679
2 8787 9286
1 19310 -867367315
2 525 5205
1 8871 -221572446
2 13223 18232
1 12304 -984411806
2 1644 4175
1 8074 301505951
2 17055 89
1 14452 -246709401
2 9355 15058
1 16397 -592746432
2 5267 5869
1 8437 326200650
2 139 3936
1 17850 132315371
2 18815 14578
1 13866 117634620
2 1020 10028
1 5458 -438432598
2 17977 11905
1 10557 371806732
2 19123 18455
1 18860 -926616231
2 1450 10021
1 12686 -520762720
2 11983 8702
1 14551 -700258174
2 11014 16485
1 17858 661320890
2 10548 17760
1 18990 -322550683
2 4602 4917
1 81 -323870759
2 16242 1259
1 14590 326265582
2 14484 6283
1 13232 720809883
2 12455 11379
1 17786 580301365
2 2591 6253
1 1202 -326656287
2 9083 10489
1 14043 -608227243
2 3581 19537
1 1587 157558123
2 15979 1377
1 10374 -796151582
2 14049 9877
1 13659 -798155303
2 1891 6542
1 2587 -814671899
2 6807 15084
1 2263 319299504
2 14279 6676
1 18723 -438215285
2 1812 16384
1 11321 -557294562
2 18246 19581
1 6850 21888511
2 5194 7835
1 11875 -631055030
2 6390 264
1 16743 508811532
2 16694 7288
1 6578 -485071759
2 17090 12940
1 18451 659155485
2 5485 12186
1 4222 874421428
2 13676 1673
1 12469 448332716
2 7152 9292
1 3070 -836533522
2 9901 1204
1 14379 251733358
2 8733 4465
1 15206 659476896
2 15288 2366
1 5071 -857743824
2 13561 4832
1 10564 316725403
2 12644 3826
1 14142 126045702
2 9718 18279
1 10904 504477335
2 5018 14303
1 19677 -913635403
2 78 13412
1 2067 -237701056
2 8998 5940
1 5089 294850001
2 19508 16278
1 1634 985155214
2 17156 6151
1 1350 109929503
2 6452 2814
1 8724 -159587464
2 7453 3825
1 11373 388513705
2 12175 16812
1 14271 -756245483
2 14439 19701
1 5980 583648824
2 8991 18194
1 18870 -440773845
2 18547 15761
1 16 -977371324
2 12249 16762
1 711 341394104
2 16392 12637
1 6193 296880611
2 1963 5013
1 13387 -79415020
2 12772 14641
1 3520 147648151
2 726 8121
1 7502 -821673964
2 17027 12432
1 11037 332406766
2 2985 11042
1 17737 -137555206
2 4634 17175
1 3292 154851216
2 17903 16965
1 8711 722000097
2 4981 7442
1 13894 85857048
2 12333 16720
1 5893 -204896825
2 14627 7945
1 17248 -812816926
2 11276 348
1 17072 130571867
2 10113 9732
1 18696 -181787587
2 8708 2090
1 13842 -694775545
2 9499 6157
1 89 114571898
2 11287 12141
1 6654 439179636
2 1430 2633
1 11577 -60969438
2 17174 2518
1 11849 -837726226
2 6154 6160
1 9886 984307267
2 19749 3903
1 6321 362234931
2 19341 14424
1 15197 -23741140
2 19701 6406
1 6737 -397240850
2 1411 4545
1 10145 794682982
2 9598 13781
1 7096 670834143
2 17098 14129
1 11117 492723414
2 160 10348
1 15814 402024289
2 9335 226
1 703 329352719
2 16782 8852
1 17592 -64071963
2 19719 9252
1 12421 -534640631
2 14108 17801
1 13624 337533121
2 17145 8312
1 19634 -834958351
2 7665 6326
1 4139 910726561
2 676 89
1 12840 399492461
2 11769 12830
1 15456 532877446
2 6812 2548
1 999 -508509300
2 3959 11085
1 19202 -659792862
2 2986 11145
1 708 -561575243
2 5886 5802
1 16805 908012749
2 1421 2845
1 17237 -310856008
2 13294 15633
1 8367 -46009607
2 11964 15594
1 3519 -725723132
2 1742 2755
1 1059 -237063007
2 8503 14149
1 2622 835371985
2 11347 12825
1 9601 195193378
2 3283 10534
1 4669 -993779949
2 4257 19529
1 4069 65307125
2 17490 6078
1 6954 -436171080
2 3507 14742
1 12964 -287040556
2 16976 10722
1 12640 484222230
2 10790 12437
1 13137 83094305
2 18747 10691
1 11443 -343694724
2 9916 7949
1 1263 538462533
2 7476 9611
1 14085 650128957
2 16306 18850
1 12209 69654914
2 9405 2367
1 6268 927472982
2 13555 16362
1 13361 -941800527
2 9884 19697
1 15784 617308979
2 3636 11163
1 14856 -161297760
2 11509 11377
1 9973 -134899537
2 9812 16392
1 1103 116255065
2 7449 8011
1 19435 504693405
2 13078 1527
1 9676 -798959645
2 3560 12947
1 1243 402540179
2 10234 3498
1 19750 120047580
2 9081 593
1 18785 -880155937
2 9293 10021
1 9176 265110646
2 14565 14737
1 6106 688729481
2 5875 16660
1 19282 435212073
2 13904 9049
1 7122 -7612044
2 2775 15073
1 4843 -347006976
2 18468 10130
1 17417 441762760
2 7959 17273
1 7245 -820255565
2 4637 11141
1 17465 -267459543
2 19343 1756
1 5285 -558938334
2 11035 15036
1 7420 622948971
2 1885 15753
1 3788 163184279
2 3197 15779
1 6484 -781045705
2 8469 16256
1 4118 315800646
2 4469 9168
1 17593 -773535113
2 10392 494
1 16244 281415678
2 12482 2013
1 11311 -502095491
2 16642 13725
1 7468 440595082
2 8006 16939
1 5086 722057161
2 18527 1819
1 6511 -803602322
2 1258 3983
1 15022 444562274
2 9786 626
1 7094 420806758
2 1770 9787
1 687 438927556
2 17661 12613
1 4787 397105798
2 19175 11798
1 454 -680593849
2 179 15990
1 16571 -641006572
2 15464 16183
1 11351 -946250076
2 8241 17525
1 1982 285710291
2 14685 15811
1 17715 404609751
2 2 18223
1 10853 -306740942
2 16710 1818
1 10505 -500127075
2 2015 4402
1 266 -952062587
2 9056 7610
1 7975 119057005
2 8906 14199
1 15413 -794953588
2 19052 8557
1 11739 -815295646
2 2788 831
1 18650 -237279579
2 10653 10680
1 2682 337392117
2 9845 2781
1 13846 835405055
2 4617 15639
1 11130 -642778037
2 11245 8044
1 1433 -245984016
2 13720 16849
1 9128 241834021
2 10303 8012
1 8018 752417824
2 2861 12146
1 10711 -52531672
2 6096 8020
1 14726 -439877127
2 14719 6348
1 700 -338925261
2 704 10683
1 1288 768180341
2 11000 3578
1 7970 827829468
2 15254 15909
1 10289 330669759
2 17062 4547
1 17584 325792111
2 12137 12343
1 5337 933190333
2 2439 12989
1 4249 -121259053
2 7091 19098
1 19503 486328820
2 4658 19079
1 6581 -731429864
2 14277 11054
1 16068 200740425
2 17195 7225
1 16516 665119127
2 12933 13497
1 2660 382743832
2 16231 2651
1 3597 871730760
2 6083 19172
1 10030 -558410896
2 6825 11846
1 11478 -941950603
2 12584 7735
1 5604 668033649
2 19946 7776
1 12980 -420687687
2 3309 8128
1 14622 287477853
2 167 9239
1 16405 302067993
2 19544 9492
1 13741 710915494
2 11072 14713
1 875 -637935609
2 13113 16634
1 128 -592407817
2 6872 16236
1 14040 647540877
2 7799 17568
1 9527 200750370
2 12152 7460
1 6093 181605387
2 746 8528
1 937 683043880
2 11858 1332
1 581 600862134
2 10579 5932
1 1441 -100412722
2 2745 14613
1 13158 584863827
2 9244 13632
1 11898 383319310
2 6989 5684
1 11599 273085813
2 19700 12266
1 3787 -748376059
2 2958 17840
1 14977 -242888685
2 11825 16681
1 18592 -292536803
2 5918 9426
1 6200 703742829
2 14617 4418
1 19837 577769475
2 10480 253
1 16397 -794361013
2 16195 16879
1 10845 523272314
2 12203 15947
1 3103 814219853
2 19284 2579
1 4643 513428463
2 12162 11023
1 2143 -660673399
2 19604 18520
1 11662 669691989
2 10938 12714
1 19749 -172294853
2 9428 1299
1 6348 -892621852
2 11204 2433
1 11269 -659905263
2 17904 14372
1 12094 271291962
2 1336 18965
1 11769 414120437
2 16888 7960
1 8782 -898379561
2 3963 2465
1 7491 -512417778
2 3732 15218
1 12561 182242263
2 8027 1711
1 17248 594127636
2 13246 13419
1 3802 512639696
2 1169 7087
1 18782 719636830
2 10177 860
1 9601 713905853
2 13657 5922
1 5160 -559691465
2 5934 234
1 5747 -847811395
2 19875 11713
1 465 703209411
2 13703 4916
1 1796 -136699852
2 11105 11348
1 5459 117135944
2 14741 9690
1 11183 -444841968
2 117 1562
1 17600 218347349
2 484 4477
1 5317 -146813252
2 14800 18709
1 11109 684647734
2 17262 18603
1 18589 -647846144
2 1636 13857
1 15091 340360637
2 14230 19441
1 4962 743599964
2 12042 18307
1 17137 791956671
2 5384 12713
1 18210 291132243
2 12900 17205
1 12129 122330355
2 3984 8285
1 13165 -512366091
2 4829 16664
1 14356 515608043
2 13817 19321
1 11030 86100961
2 1618 12813
1 16559 -98795135
2 243 16772
1 10240 -489555771
2 7458 317
1 14971 113758779
2 17947 11424
1 2564 -258000959
2 1662 339
1 6341 -178832207
2 13692 3742
1 2044 -621671082
2 5494 1789
1 2179 -319773070
2 13482 15267
1 2785 -64386119
2 1564 2238
1 18881 -707149792
2 5426 16829
1 10244 -586102879
2 10320 2488
1 5815 509678861
2 13559 6921
1 14575 254376892
2 4331 16511
1 3133 -989715457
2 17823 12489
1 14255 -932502992
2 12093 8050
1 11387 -926812202
2 15616 2625
1 14015 -278408119
2 18618 8043
1 9253 -486056414
2 11176 6738
1 19939 752885270
2 5870 7269
1 17600 -223203452
2 6345 1745
1 12905 -987927525
2 4265 1926
1 4008 876873104
2 19184 15160
1 14079 824038119
2 5307 15396
1 8435 -286289747
2 12417 19356
1 8135 503547578
2 13203 18742
1 211 -251068852
2 13747 19223
1 428 531172707
2 2819 9921
1 15367 452770329
2 13651 14924
1 15587 -117105833
2 1350 1974
1 16246 374837654
2 4734 1847
1 15365 -835121494
2 9347 13378
1 13214 -788531050
2 1475 19089
1 5320 -667264217
2 18275 12069
1 11331 -467939408
2 6584 11861
1 2120 -67864606
2 15062 13407
1 4378 -837216517
2 13846 5282
1 11922 -756336407
2 11502 4698
1 1801 -341781793
2 18470 10566
1 18615 -545006455
2 18210 13806
1 6404 -193683477
2 11847 9035
1 16807 -878239949
2 9799 18398
1 14112 17825676
2 10681 716
1 7995 85742256
2 15416 5391
1 476 190461504
2 17632 10758
1 11514 476877688
2 19909 9621
1 19550 317590370
2 3978 10346
1 12213 -870173721
2 19893 14489
1 13388 -401176026
2 1562 10389
1 9813 873067228
2 8314 2945
1 12954 -592916326
2 10853 13903
1 18869 -239515961
2 16183 5786
1 9130 565618335
2 10719 9779
1 9508 -351594449
2 14386 14867
1 19440 -370372107
2 3754 7741
1 6828 -570064114
2 6921 12031
1 19929 87523060
2 926 5463
1 684 -859470463
2 16682 12941
1 8530 -798110015
2 7916 7704
1 19272 -158462464
2 4657 510
1 1910 -261118613
2 13928 15099
1 9691 -667399141
2 10727 18044
1 12887 -323878001
2 9878 3965
1 14134 -486605777
2 8340 8935
1 17170 247043002
2 15323 12359
1 11266 590590381
2 9164 18709
1 9823 -170780489
2 19627 3845
1 4521 -680042672
2 220 18269
1 500 -531472030
2 149 2035
1 8159 -676459033
2 11707 12053
1 8449 -676167155
2 5321 11741
1 5692 704900638
2 19745 1946
1 10427 624410219
2 5664 5670
1 8992 -524148400
2 8008 212
1 10925 -320520403
2 5802 4545
1 10545 490697197
2 10564 4165
1 9078 484567379
2 14697 3709
1 1275 85726800
2 15680 10885
1 7659 -174687589
2 10891 1613
1 17607 809176245
2 9215 16212
1 13598 -646507508
2 11676 2284
1 10380 488236710
2 12037 6477
1 9678 -819235602
2 10939 3464
1 15169 559925175
2 4678 743
1 8271 -926900067
2 19706 11510
1 15810 85595019
2 18323 14537
1 15456 441858051
2 12567 4375
1 14259 -612568821
2 3949 463
1 12477 841262205
2 17225 14494
1 10740 844623838
2 10210 7822
1 15281 -194434466
2 9049 3434
1 173 94915342
2 13734 14836
1 11930 -734824366
2 14887 15148
1 3971 -75943099
2 3584 15921
1 2944 -906417942
2 18504 1663
1 16315 79711869
2 13199 7788
1 9908 -69387747
2 13886 18268
1 2011 398290910
2 9583 6547
1 12541 496996940
2 15692 3433
1 17480 890438915
2 8447 12519
1 14981 671434130
2 9186 17620
1 10018 979147810
2 6398 7846
1 6730 547787295
2 4981 17018
1 12927 399166285
2 3632 6005
1 11359 454715027
2 11771 3152
1 12987 -160732525
2 17181 2515
1 3277 -77882745
2 7800 18373
1 19967 350824047
2 11954 11095
1 4872 -683559609
2 9515 7023
1 11194 -900254618
2 9590 19409
1 1454 -121027051
2 19116 2852
1 9104 453863600
2 8119 19004
1 1713 -428982502
2 17607 11046
1 7539 219901450
2 11959 12523
1 8672 5228542
2 15169 9798
1 14865 833630435
2 18343 9734
1 8193 -179019052
2 10455 18295
1 8831 263201264
2 16185 15638
1 7630 -563179108
2 6746 15698
1 3470 -87772040
2 2035 11499
1 3604 -383788310
2 16309 6410
1 19013 72255494
2 8739 12122
1 9282 282710692
2 1303 18377
1 325 -284191808
2 13609 6181
1 18039 985791385
2 2258 886
1 7225 829551221
2 8259 16647
1 15348 711379826
2 10468 13720
1 18961 630222883
2 3644 14534
1 2255 940105426
2 2613 11898
1 11875 -880079674
2 3553 12184
1 5567 -450229955
2 1206 17964
1 11622 -974969135
2 13801 11032
1 16154 -552676845
2 5388 7683
1 3876 823561858
2 17344 17174
1 14855 623353040
2 9578 3583
1 16624 -933843514
2 17774 1620
1 13260 848618873
2 12341 16160
1 17992 859875591
2 13085 989
1 8667 565095139
2 15470 13716
1 8834 877882832
2 4659 13858
1 5191 -721438543
2 12194 2055
1 1967 700701438
2 5140 7190
1 197 888112862
2 15309 4102
1 17593 -833046355
2 1101 4031
1 5031 -242761322
2 15943 4711
1 1221 775578831
2 17417 10767
1 3974 -543019461
2 3892 14371
1 3459 904268937
2 9845 3578
1 15439 451019776
2 19334 19415
1 4981 -651244269
2 2608 9527
1 1374 -558920980
2 17662 16368
1 7309 839613795
2 19543 18263
1 3260 142624886
2 12844 3261
1 11861 171246755
2 419 4282
1 15057 547210224
2 3035 14458
1 2424 -170488254
2 5234 8237
1 4381 -872041020
2 15887 13766
1 7111 -226550381
2 5935 4541
1 6706 -489889353
2 7730 14875
1 10295 -825620096
2 14040 7669
1 8125 620485973
2 7214 370
1 3852 -162624593
2 14658 13314
1 19210 384762280
2 19326 17598
1 14431 67690381
2 8826 12935
1 13541 -527410587
2 13587 10458
1 16641 -298054773
2 9058 13606
1 5591 -325071267
2 4487 18797
1 16078 -256753024
2 14814 6589
1 2580 227401582
2 7586 14654
1 15059 -544537994
2 9179 8332
1 3848 517142584
2 3291 15161
1 18804 307443799
2 17211 5238
1 11913 598343099
2 18923 8419
1 9607 833892769
2 3252 12699
1 14362 639421501
2 9881 18993
1 11536 -418254130
2 5948 8750
1 5056 876833737
2 3393 2031
1 688 140328572
2 9963 13862
1 2893 290077132
2 1227 13042
1 15109 -972227054
2 247 12468
1 5434 129892820
2 17485 7902
1 11348 132542514
2 5130 15565
1 10697 666701488
2 19860 10900
1 10256 347154684
2 7500 2600
1 6965 -198890072
2 10290 1604
1 4306 98623565
2 9484 15279
1 8836 -767810329
2 1416 11188
1 15380 357608112
2 6539 6435
1 2502 282523889
2 15135 15555
1 19943 -403046299
2 10977 7653
1 16046 571684146
2 1668 919
1 5852 312143863
2 1554 6875
1 6315 293866655
2 6579 8668
1 12998 289542654
2 16473 17329
1 9523 344689697
2 12974 5042
1 11622 -998271577
2 2847 12665
1 11605 32313372
2 19455 4426
1 14410 321083317
2 7582 9795
1 8858 816583787
2 1729 6768
1 4113 -994111170
2 17218 18049
1 3873 334169422
2 3568 7688
1 18512 -404963263
2 10394 17494
1 5082 -748031674
2 8397 6047
1 14443 916926436
2 18625 7789
1 16991 -304994493
2 9770 11561
1 19798 -444698202
2 6042 6529
1 7351 698850634
2 2784 10614
1 14890 -136384028
2 9816 7371
1 17425 206482003
2 12756 12991
1 10525 741310783
2 5645 15822
1 11484 -126405898
2 12713 12334
1 6005 658866572
2 12238 7963
1 9604 -615128605
2 2762 19339
1 8992 413412894
2 14451 11272
1 14631 -654217797
2 13318 995
1 9406 295036707
2 4346 6659
1 7513 -781729229
2 7769 8961
1 5206 -906770960
2 8274 11741
1 6751 -775091600
2 6158 14723
1 7679 575182777
2 2929 9922
1 4640 617966598
2 598 6988
1 10403 -244346248
2 7705 1899
1 1164 -952524779
2 10406 19874
1 6078 -423068018
2 5051 19562
1 13330 -690247265
2 7204 9980
1 2317 -447360478
2 5929 11990
1 9308 410852880
2 6732 14443
1 6927 -910691115
2 14506 1182
1 1147 473450154
2 9866 12206
1 18900 278251581
2 874 3676
1 342 -135093636
2 6574 9047
1 13503 246202445
2 5599 19814
1 16499 -905098931
2 10493 17578
1 17412 685488138
2 6101 10712
1 17241 997136455
2 15234 12470
1 13440 866574204
2 16026 12378
1 7656 941699671
2 9681 8861
1 1076 979699447
2 13512 18198
1 18067 -234396764
2 5234 12402
1 18872 -438874022
2 11962 7448
1 8725 887516478
2 19189 17012
1 17529 641074802
2 8575 18093
1 5608 -996094556
2 12843 8962
1 3940 -806398013
2 6186 12835
1 1568 249868494
2 148 6536
1 2694 786652095
2 15304 9095
1 15093 -3143452
2 9646 17660
1 6860 745698173
2 16596 19371
1 16706 -246525122
2 6834 1515
1 19525 584171779
2 18576 17386
1 16957 -843952098
2 3768 12750
1 134 -840976169
2 5328 16875
1 13104 922095718
2 15889 12288
1 16327 -367897799
2 6999 18463
1 3550 952206149
2 7389 9019
1 18671 -513333957
2 12973 289
1 12259 -779000306
2 3415 1472
1 18654 -644359184
2 15238 7923
1 3521 143798398
2 537 11806
1 18666 178870983
2 14807 3486
1 19782 -269956559
2 14168 12267
1 19211 -815003365
2 2742 9953
1 8659 662141686
2 11237 12058
1 8195 -412998157
2 12421 17903
1 3434 384410867
2 18152 7520
1 16555 -710340843
2 14728 16532
1 17305 942129387
2 4959 14837
1 2203 -319328828
2 15038 1107
1 3889 -291001539
2 13772 16281
1 11622 211844546
2 18399 6871
1 14673 -532680562
2 2540 16381
1 10904 -789511769
2 12142 5966
1 3438 -769386181
2 7432 8129
1 5371 207913753
2 1013 5974
1 5023 177905387
2 13010 2054
1 11559 112244406
2 3160 10725
1 11595 -940334844
2 16582 5806
1 19683 422268278
2 3488 15137
1 3308 606146407
2 13895 3548
1 13154 893735583
2 4636 853
1 2355 -279821870
2 3778 1225
1 13814 -816001079
2 7157 3324
1 15544 984354382
2 2482 12642
1 13953 564632172
2 11936 5722
1 943 -282019972
2 14537 8517
1 19245 757059193
2 11082 8326
1 19843 -369054561
2 7678 7674
1 10882 87532795
2 9939 11670
1 11525 -191650828
2 18091 15150
1 2590 677485772
2 12526 9892
1 8667 275646241
2 15652 7751
1 2374 -944008764
2 18200 5997
1 14221 253766889
2 514 2054
1 16619 654329218
2 15670 19582
1 5924 -101880838
2 4284 6509
1 17590 -435857816
2 12571 18655
1 9333 -686047483
2 19789 12447
1 10299 -611460527
2 15866 15468
1 15445 -709413630
2 4017 6311
1 7232 693063383
2 5405 4959
1 967 95307623
2 6143 3026
1 74 314409260
2 15594 11046
1 10686 586264891
2 2208 9213
1 9603 -90416542
2 2023 7898
1 1394 975434424
2 6618 10202
1 2448 -704059760
2 9645 8210
1 3380 611621341
2 1820 12343
1 17124 169383128
2 5968 19604
1 1247 43541933
2 19343 16521
1 6463 722804807
2 7867 11014
1 8459 -816824960
2 14496 7324
1 6346 -127081425
2 5052 3240
1 974 -676313793
2 9744 3327
1 9901 -547613336
2 12294 7286
1 6434 517828083
2 16024 381
1 1960 -101877732
2 17463 4464
1 2969 -907492880
2 19876 7792
1 10946 152264948
2 8473 12878
1 13837 -419164665
2 4421 4652
1 1861 -857996781
2 1555 19134
1 616 -796093909
2 15420 15696
1 4899 104635944
2 6006 4417
1 15195 -785644803
2 17647 9841
1 8406 269753290
2 13397 10919
1 8528 351923846
2 16916 1141
1 18608 544852240
2 17199 7865
1 19253 978361300
2 3068 5901
1 7926 -985130
2 7930 640
1 7522 350951316
2 6092 4028
1 14285 690841854
2 10892 12763
1 17768 -430910929
2 1356 13772
1 2907 747695734
2 10274 381
1 10571 -788356785
2 6131 14673
1 9746 203372345
2 8941 10765
1 7747 -837952444
2 15252 1101
1 11303 -201671993
2 12249 15730
1 9786 -384498752
2 16773 8043
1 17644 261516322
2 3020 2138
1 8048 -401420690
2 5605 19193
1 12170 133222063
2 14912 12757
1 10211 -999438680
2 11640 8922
1 8298 205464154
2 7208 14592
1 19688 -108564320
2 17218 10467
1 8593 -781586821
2 13149 12445
1 15969 816763967
2 2214 15755
1 2930 -448608765
2 1923 621
1 1389 -9098004
2 10571 1713
1 1457 172146444
2 13430 19612
1 15443 -243392425
2 8584 9087
1 12889 789759866
2 9667 14798
1 11508 -484873152
2 9215 3242
1 8907 -927866751
2 8710 590
1 15992 -760511274
2 14134 6705
1 13779 -18410543
2 3137 16266
1 16107 -447194152
2 15612 9030
1 6647 -746617602
2 670 1924
1 18283 953564468
2 2136 2296
1 17180 -187793210
2 2847 4217
1 13043 738915606
2 3868 19503
1 11467 -274162043
2 8778 9405
1 11881 988388562
2 4073 6543
1 7176 -421642740
2 6923 4062
1 14363 359474548
2 13628 8306
1 13800 -743007930
2 14477 5056
1 11289 562894452
2 3003 3477
1 1838 247875065
2 2744 14338
1 7347 613410624
2 2953 423
1 19771 -729603452
2 6889 2814
1 9444 -550009956
2 4160 3241
1 7304 153202071
2 16590 6428
1 19527 -493231278
2 19660 6774
1 13248 101885381
2 7552 10429
1 15521 58069094
2 7594 7623
1 7300 -767156410
2 10579 2082
1 8047 22787130
2 19987 7052
1 8378 -187820427
2 18324 15160
1 15067 -977098422
2 15141 10949
1 11418 531673696
2 5119 521
1 9805 -485899920
2 5342 11866
1 17119 -805266063
2 154 5184
1 7546 -900764959
2 11573 8508
1 4625 185034193
2 18912 15854
1 13126 -189641240
2 14822 8296
1 7902 -759695545
2 8472 729
1 12479 533358971
2 19673 6885
1 17604 -177064788
2 1983 10269
1 15292 -123763153
2 3872 16340
1 10239 -357836556
2 2162 16002
1 9850 597045174
2 4836 416
1 13920 -273637509
2 18891 5993
1 14318 436098419
2 2296 830
1 15615 -728124607
2 16569 2784
1 16241 664154768
2 14334 11428
1 498 -68338165
2 12029 4434
1 15839 405165193
2 7214 5564
1 9148 196846234
2 938 3551
1 6901 -206283971
2 3013 884
1 1229 90055017
2 11512 15307
1 5915 -905144347
2 6975 4988
1 2559 -247591816
2 2795 16099
1 19566 -747185825
2 16606 533
1 1131 -423613641
2 7837 12771
1 3629 904533168
2 8050 10824
1 11037 -782822706
2 4229 9367
1 8981 865552375
2 15625 19459
1 10365 -17325869
2 3314 18464
1 4762 463408305
2 15909 10450
1 6982 528812732
2 4576 9677
1 19322 -909128818
2 12510 7072
1 19644 -964236429
2 3980 4893
1 10173 247607717
2 7919 9730
1 18651 345800456
2 4793 19510
1 15104 349970034
2 10902 13414
1 12648 301191134
2 13718 16429
1 16326 266457733
2 5740 248
1 9876 635538689
2 18756 950
1 15314 -947000498
2 10779 987
1 16069 -310261590
2 2964 6956
1 10634 -953547533
2 13603 11672
1 14208 234838794
2 14027 19686
1 6417 348922159
2 14479 19020
1 19192 893851361
2 5843 18374
1 8119 737465157
2 7356 5918
1 18282 779659645
2 11006 12312
1 9869 566668276
2 15704 19194
1 1444 835851296
2 15610 6928
1 17474 647922930
2 3299 3843
1 3839 665332049
2 5346 265
1 14028 682027999
2 174 1703
1 2329 955303307
2 15500 17128
1 12582 -764368368
2 5475 13353
1 16643 739902934
2 2338 3966
1 9355 -929174419
2 8216 19715
1 4076 925462659
2 13390 2672
1 7999 259795568
2 19271 3618
1 3020 572415365
2 19447 4467
1 11691 -860136978
2 6568 14120
1 17391 -44333145
2 14279 18373
1 7423 -582340640
2 7922 9833
1 19308 -775263543
2 13083 9949
1 18213 43579562
2 19247 635
1 4144 43178994
2 10946 9765
1 2835 395643340
2 10732 879
1 16330 390205733
2 8157 8750
1 15096 -713885760
2 18749 13095
1 15344 -422414288
2 11451 2923
1 9667 350273634
2 987 16612
1 16041 -410303234
2 19474 10614
1 19994 -907370344
2 18471 3488
1 1338 384469358
2 3092 14793
1 11766 687670524
2 19117 4826
1 11829 322995042
2 16500 5523
1 5625 -290456386
2 3286 5785
1 13156 -333528743
2 5915 1968
1 3898 -861283259
2 18015 17436
1 12743 373334330
2 13271 14554
1 8631 -752520144
2 4420 5326
1 13866 28213185
2 19004 11031
1 19977 -860177721
2 16461 2659
1 2609 533853944
2 10737 19680
1 4775 130392054
2 2752 6036
1 4842 -322182604
2 3480 6531
1 7919 -903038427
2 14540 15717
1 15535 482065856
2 14772 5312
1 13451 602839058
2 217 14414
1 13351 -770900240
2 1730 2347
1 11605 472771898
2 7998 18106
1 19482 -912681883
2 7914 15813
1 6499 13525340
2 12322 1603
1 17716 -971044599
2 19891 4126
1 19869 145885605
2 16027 7061
1 9527 209182253
2 9109 5251
1 16891 -350327977
2 9870 16053
1 16347 -459019571
2 5577 16160
1 5125 -365759255
2 8132 18068
1 8401 917181007
2 8351 16118
1 10958 -286786841
2 10982 1984
1 14628 260758724
2 6380 10031
1 16958 459534245
2 15653 11810
1 4424 -484131537
2 1149 7331
1 13546 -489247320
2 11775 18727
1 18809 -324935556
2 5870 8552
1 7839 -539241855
2 1880 27
1 19450 -71342293
2 1900 19041
1 8411 837428351
2 2182 12454
1 16654 295518217
2 9441 10855
1 13016 -263549116
2 12544 3918
1 18948 -97030418
2 13929 17298
1 7612 142562837
2 14142 58
1 3417 -469088246
2 12526 592
1 16273 638561094
2 12122 17402
1 18642 -719647386
2 4800 17839
1 14402 -837641568
2 18677 19941
1 2015 -977441369
2 5295 2705
1 6255 93161362
2 17191 13551
1 5889 129765427
2 5581 5429
1 6323 261003618
2 2308 16819
1 19833 988997589
2 11467 16206
1 6535 -501088932
2 6095 7143
1 11087 105396419
2 14748 1171
1 5960 -894866039
2 6528 19586
1 12344 -483398294
2 9468 16870
1 1562 773926991
2 9323 19853
1 1588 360137676
2 13276 5321
1 6414 457348159
2 15055 8581
1 6587 -239902249
2 8883 14479
1 4481 99546750
2 10118 13809
1 16528 544995374
2 14875 18636
1 3381 -435994757
2 9278 7355
1 10250 -728774198
2 15338 14907
1 1806 202467554
2 2558 12190
1 14578 279583971
2 17886 19889
1 7743 74018868
2 14284 7929
1 4597 -569294165
2 19411 11097
1 12142 920912191
2 18814 15418
1 3658 -508185516
2 10877 15776
1 12963 -153385400
2 126 15106
1 7015 92277586
2 18164 5859
1 16405 817000719
2 4447 5657
1 19652 824493587
2 16468 1517
1 11353 37858098
2 7568 16576
1 16466 199067327
2 17359 452
1 7569 58159454
2 1972 16151
1 18123 -624649108
2 12339 16714
1 11293 -795119819
2 10293 6269
1 8638 846508696
2 3563 3066
1 5940 958276455
2 10372 2728
1 8446 257646290
2 15754 5213
1 10498 -435442198
2 15592 15109
1 354 -877885941
2 10134 11794
1 15871 265929512
2 13631 15397
1 15846 -47369159
2 10328 12443
1 12740 416179258
2 18691 1627
1 11523 -542219353
2 5225 13898
1 10483 -898162567
2 14141 3138
1 12431 714467172
2 13322 3701
1 7969 -946468598
2 8265 11222
1 9172 -87899545
2 11091 15488
1 6855 -331264476
2 714 11433
1 8041 396821125
2 15258 5013
1 4007 -8164937
2 2197 10269
1 11722 127081755
2 16068 18066
1 6116 -308270782
2 68 149
1 11229 44284522
2 12717 15057
1 12580 -690364148
2 11326 3604
1 11549 247378373
2 10954 13261
1 17444 -851381896
2 11648 12780
1 4986 -521788804
2 11385 9408
1 3592 -430105639
2 13016 15738
1 15690 -963718920
2 3554 17465
1 16939 650617832
2 19611 4971
1 17992 -590961093
2 8432 10034
1 8702 -735726642
2 15127 1409
1 4289 801198269
2 15874 5512
1 194 -362924866
2 2245 15762
1 12762 233270811
2 15611 3911
1 2850 -990206767
2 10080 862
1 5276 -736897327
2 13214 1849
1 9327 -701644603
2 9277 13358
1 9968 -793249198
2 15667 16289
1 12729 -449167053
2 19542 19859
1 19036 -986826606
2 11607 4489
1 7531 205200702
2 15607 4265
1 9725 126692694
2 16844 361
1 19957 912196447
2 12085 15730
1 13169 -417277360
2 9258 9495
1 315 728886084
2 10915 15397
1 1257 748987735
2 12355 8188
1 14071 566682414
2 18625 6497
1 10623 112665270
2 5353 6010
1 8993 593337811
2 12160 11632
1 10596 -544024384
2 7280 14060
1 9590 448358332
2 15230 147
1 6177 -567644458
2 14101 16377
1 5032 -407010068
2 11874 12914
1 12343 -530562960
2 15929 2937
1 194 946164416
2 8179 14178
1 11837 519016294
2 5276 5026
1 4278 -924459794
2 16128 16009
1 1549 -611491091
2 7134 17910
1 18381 196292038
2 11746 17387
1 4603 823034320
2 15319 6152
1 3388 202276126
2 10244 15211
1 18224 660392375
2 6074 14932
1 10070 -511492662
2 1531 12406
1 17954 724173621
2 5026 19307
1 14293 330519697
2 3547 16169
1 3825 792545540
2 10051 7674
1 17266 -973200124
2 2481 3156
1 4453 -291061515
2 5917 11708
1 16745 -450991642
2 10740 6482
1 3368 676391667
2 5479 17320
1 14787 -733039602
2 8222 5614
1 2126 -371306969
2 13521 11533
1 10609 658995369
2 18312 5225
1 13280 -834331105
2 11824 5308
1 16615 -174853107
2 4064 15521
1 12915 808628530
2 7523 10299
1 6456 781077131
2 17576 17068
1 5243 -309551022
2 5326 8398
1 4514 206768195
2 903 11465
1 13706 559755566
2 15364 6958
1 6769 299465865
2 15285 11284
1 7682 -195974217
2 12535 1276
1 3501 616730573
2 13779 731
1 19682 -574804221
2 15745 19535
1 4169 891086905
2 12982 1973
1 18894 -952113755
2 14786 17273
1 3607 -180787546
2 6440 9939
1 16990 859076044
2 18058 10563
1 1526 -691669375
2 12848 11491
1 19722 579760201
2 2545 19636
1 3615 -820584148
2 2097 7307
1 6613 475117476
2 6426 3725
1 12099 792791429
2 10982 1649
1 15260 -562880506
2 7107 2560
1 1035 -813852364
2 14610 2811
1 16547 223581892
2 19050 18235
1 7886 285489079
2 2778 19754
1 14609 351758238
2 3040 12528
1 7960 696295896
2 19608 10042
1 18400 -89699715
2 11059 8699
1 3411 480273127
2 5845 19351
1 8733 -626254428
2 19952 15987
1 345 -665750595
2 247 14064
1 4002 -495862200
2 17731 9634
1 5896 -830591482
2 5772 10605
1 19018 -103549381
2 1194 12394
1 16502 -125433122
2 558 17895
1 19488 597622218
2 10877 13312
1 2012 142213982
2 6822 17413
1 7739 640325466
2 12123 7487
1 19384 -762599180
2 18565 9331
1 1935 72638953
2 5560 15847
1 9511 -64890772
2 1104 11146
1 4744 701117661
2 11119 734
1 12187 -764872719
2 18217 7439
1 19904 209968322
2 15908 604
1 5607 -489749932
2 12946 18453
1 9156 -137591820
2 14685 1461
1 14212 271611310
2 8981 4678
1 16220 -962886592
2 2836 17076
1 8597 -213775241
2 5527 7367
1 10426 164482773
2 16473 11054
1 9172 -209753061
2 652 5814
1 9435 142650391
2 19913 18876
1 882 260909602
2 8177 17557
1 5788 -682308700
2 19501 1295
1 3140 -902377070
2 12157 1804
1 13614 578591411
2 17740 9076
1 5391 -759035909
2 6982 6424
1 18366 -181226092
2 10379 16070
1 16644 -786235521
2 9199 4111
1 18397 530180078
2 4185 6356
1 16932 -151658946
2 972 13079
1 5673 759258259
2 6194 17249
1 336 -521789239
2 116 6993
1 611 -178147835
2 17780 16640
1 8749 252986740
2 10352 17033
1 13706 6733980
2 10549 2586
1 9876 -628999871
2 3373 815
1 13707 225672595
2 11097 15261
1 12560 550327850
2 5474 10250
1 5486 98483623
2 6048 3980
1 408 682893967
2 14162 18003
1 2250 104259717
2 18688 3221
1 15264 106220537
2 16011 12306
1 10126 -881693925
2 5975 13718
1 19551 557609488
2 13221 15170
1 17224 776583240
2 11108 6178
1 674 249627100
2 17051 8978
1 12165 -668840346
2 5231 10316
1 6146 -796907142
2 10212 5029
1 4211 -248881264
2 13659 4669
1 2903 650649091
2 1641 10560
1 17776 -347459451
2 14938 18420
1 8828 -648598236
2 1027 12522
1 8193 894569826
2 1069 12240
1 13320 -161338657
2 7149 7149
1 6714 205419743
2 12338 18791
1 2507 -748085395
2 8017 18129
1 1430 -384059034
2 6696 17434
1 11927 -435966227
2 19557 18293
1 3274 954267218
2 2565 1935
1 15760 -20965738
2 14251 3007
1 9638 -958742211
2 4648 11764
1 17114 -181264184
2 12100 791
1 3708 242215352
2 8056 8792
1 13813 734396896
2 4231 14328
1 18122 -769161004
2 8429 2850
1 14935 -841380202
2 11873 6982
1 14390 299273631
2 4599 10962
1 14279 -294239317
2 2732 1491
1 18927 519832079
2 651 5300
1 17443 -596301083
2 7640 12932
1 4018 -82396933
2 2957 11723
1 5047 714751538
2 18689 18881
1 16753 -969610603
2 16783 17288
1 13498 531870480
2 12896 12454
1 10988 -402520813
2 5108 14754
1 16093 -133443903
2 10963 14398
1 13923 986854449
2 15875 16143
1 18565 11911216
2 3381 9757
1 12757 -737878489
2 6102 13311
1 11513 124862423
2 10597 66
1 7622 -945078648
2 12948 6880
1 1635 556574511
2 14934 19925
1 15563 -223807211
2 5640 6405
1 11265 283821084
2 2293 6271
1 18586 -771955782
2 2678 14877
1 2321 -517856740
2 13871 6137
1 7007 746779253
2 14631 2770
1 4042 435772866
2 14974 16284
1 5222 -337984327
2 1204 15910
1 18527 -789555394
2 2591 1975
1 1661 514684953
2 13301 19927
1 13983 470632592
2 12336 9912
1 18172 566249637
2 17318 15529
1 9262 -442623962
2 13000 11400
1 8093 689789177
2 18913 13907
1 13061 -123822387
2 6980 8105
1 3720 -10041572
2 1952 18568
1 8656 -521380058
2 1264 19437
1 12077 -993063026
2 18340 14041
1 5812 -106033551
2 2921 8133
1 14097 -535398165
2 14138 9736
1 14131 110249015
2 14827 5556
1 2556 140440696
2 11211 4012
1 14920 959014545
2 13386 4155
1 4973 283388226
2 3718 19843
1 12495 -466095522
2 2917 17388
1 5113 -564057916
2 6559 2037
1 10099 -508452486
2 12416 19471
1 13125 544506291
2 7523 876
1 1930 -915347149
2 2800 11090
1 15111 -859006448
2 10676 15098
1 17282 -719526348
2 9099 16369
1 17513 -809462537
2 6778 9008
1 1727 -9111538
2 13550 5525
1 6784 -506672039
2 12395 7625
1 1399 -469610909
2 1840 15592
1 12023 -140549439
2 16511 10719
1 10016 522536991
2 14101 9484
1 4802 -647561492
2 4032 8333
1 3341 -201069843
2 12202 8360
1 1289 739396901
2 11447 4560
1 11075 -546964507
2 6869 7140
1 11342 448516993
2 14841 8458
1 18792 -729043530
2 12442 12647
1 6931 738752836
2 3207 6572
1 18906 -390293685
2 14151 7654
1 14312 -824039175
2 15644 8222
1 19897 975401960
2 3086 5756
1 4130 -97430574
2 14237 19104
1 7837 453177953
2 5166 6423
1 10281 -823062401
2 7496 15803
1 16161 -68315422
2 6887 10635
1 16735 -814612691
2 4384 6928
1 17402 -593798218
2 5087 14076
1 15344 928069915
2 6275 17146
1 14164 738173813
2 18626 5842
1 10896 88457433
2 6998 2593
1 4611 604845119
2 15406 10942
1 19421 296683807
2 13515 5328
1 2261 607861805
2 12715 13441
1 13544 -606231907
2 12754 15039
1 15745 566464133
2 4070 5244
1 4040 735611462
2 19941 7814
1 15154 -336468810
2 16162 9071
1 9869 350055450
2 9559 16359
1 2346 586207287
2 17256 15704
1 18069 276269206
2 13717 5844
1 10905 -500076531
2 18992 13436
1 15315 -423504523
2 10781 9326
1 14165 759294795
2 7844 14620
1 1414 343118416
2 18637 9967
1 11524 994396384
2 19053 17630
1 5002 -884857194
2 3622 18564
1 8957 200990444
2 19490 15007
1 7150 151112848
2 12565 7819
1 5822 623466301
2 10055 8346
1 3638 -649102750
2 1702 15170
1 2787 -503234604
2 7307 12044
1 18598 642931961
2 2624 7482
1 5375 198190325
2 9245 12322
1 2432 742291062
2 7216 14187
1 14813 488885899
2 2009 10288
1 1422 -430682235
2 12553 3233
1 9049 -935895923
2 6 19972
1 1068 216074200
2 15082 17333
1 5603 -903043930
2 16774 1954
1 13222 623255098
2 18339 10779
1 2337 275105971
2 8288 4918
1 12225 926128652
2 12914 8943
1 13887 -285826730
2 369 1529
1 14321 -841640638
2 817 7241
1 19815 550425702
2 7389 4172
1 5801 715184856
2 8664 5902
1 19064 -627748776
2 4118 18329
1 13725 937754792
2 8447 3281
1 11817 -97486770
2 6101 17647
1 14274 -980435923
2 15784 14626
1 2159 500732125
2 4217 19482
1 1388 361055743
2 19222 5855
1 18422 -325036912
2 7966 7006
1 12263 -337672766
2 17891 19799
1 5004 -15996600
2 6281 3169
1 6499 -205381458
2 13407 5278
1 6637 -490748302
2 10592 11025
1 9656 788606640
2 10612 8553
1 1080 465803059
2 8679 13931
1 610 -313004952
2 6774 6225
1 2584 265623499
2 19636 17945
1 7607 255976430
2 14677 14246
1 7209 -672252701
2 2245 13875
1 3948 353931696
2 3348 10169
1 8498 -180335586
2 15088 12067
1 7091 -2497666
2 12730 7958
1 16079 457659562
2 10212 7677
1 8524 -730582625
2 11501 12928
1 19399 -653089240
2 16856 19536
1 12540 28905640
2 2679 1639
1 1479 852434160
2 1543 17412
1 8241 726945788
2 9668 1193
1 10546 -814334231
2 17169 19047
1 8092 362093579
2 10760 7036
1 6327 712700723
2 5138 3101
1 18763 -733070638
2 5668 5763
1 6213 646308076
2 8292 14216
1 4420 442404102
2 18254 17316
1 303 -750734424
2 7273 9408
1 15134 858314033
2 16429 19914
1 19804 611949869
2 2161 16162
1 397 509486612
2 11635 11253
1 13307 63811481
2 5486 2031
1 14938 -41960721
2 13373 13025
1 11877 331890791
2 4747 16687
1 19848 926794594
2 14343 9015
1 17173 599238637
2 2586 18882
1 14291 329603891
2 9510 3185
1 5941 613200067
2 7507 9627
1 2781 -861849894
2 7554 7830
1 4766 965066113
2 2876 10786
1 13297 -351768217
2 12568 11008
1 15202 788673878
2 19537 3852
1 2275 895753628
2 16731 1169
1 16993 530537981
2 2504 4555
1 229 717304142
2 10768 16468
1 19054 -633928063
2 13248 16277
1 7483 560094342
2 2797 19091
1 3175 -937581488
2 12836 15301
1 15206 -981515586
2 2310 7634
1 10662 -166472300
2 8448 11869
1 19744 789685037
2 3593 12510
1 8564 -934480696
2 7237 10513
1 16822 434127993
2 11659 18508
1 13594 -955185664
2 17921 18345
1 7711 398725312
2 8827 9601
1 4331 148575359
2 7027 14325
1 5546 373402371
2 3578 1640
1 7491 -161522320
2 18353 5162
1 16076 -381463957
2 13039 4308
1 18093 -408195802
2 16767 17722
1 6431 -108511172
2 5621 7129
1 9502 -650227677
2 2628 7526
1 13124 -116209915
2 14790 14296
1 8153 -533406771
2 15955 5086
1 14346 161360275
2 13306 10042
1 10513 661649844
2 1604 6984
1 16762 319887304
2 9380 5047
1 6842 616880484
2 12105 7908
1 5719 -245502448
2 5939 8185
1 9197 -754718388
2 6260 7644
1 9755 -250354752
2 14321 9842
1 5103 285323938
2 10602 8114
1 8212 514573144
2 2930 5448
1 5492 -565248936
2 19404 6243
1 5267 812780174
2 14730 11336
1 7832 -422362773
2 3187 17839
1 8884 -374477372
2 19472 16985
1 15302 -247798011
2 15336 18447
1 12125 703379768
2 12755 17836
1 19411 -639580145
2 2432 1228
1 5159 -953159453
2 17347 3900
1 15119 57487943
2 858 10098
1 14890 654287772
2 12603 10133
1 11240 -585681802
2 13622 6749
1 17100 -260140184
2 16174 2982
1 4145 -173876847
2 5517 7496
1 17431 -709200462
2 18801 10662
1 6901 990958561
2 3174 8024
1 4879 444054150
2 18706 17210
1 19391 -745531238
2 13356 12123
1 5794 -729360639
2 1354 2246
1 4046 -708090967
2 7733 14193
1 4366 491465107
2 10087 375
1 4553 -132074231
2 558 8254
1 14060 -599601769
2 8299 11027
1 9083 426764836
2 9180 10544
1 17810 308408071
2 776 5148
1 2322 111578117
2 19571 6313
1 5245 787467274
2 8818 14148
1 8454 -880157513
2 9962 4024
1 2118 164040234
2 7811 9367
1 2379 139371446
2 5333 18926
1 10740 183784937
2 19237 7305
1 7942 337523441
2 18846 17787
1 6108 -497992385
2 16521 5803
1 3758 -999136044
2 5310 5775
1 6087 -641871341
2 13204 2543
1 5210 349551844
2 15514 528
1 10495 -15029645
2 16021 15970
1 15988 -573072780
2 7155 1115
1 9541 -61337701
2 10609 11068
1 13085 -894951115
2 14910 2352
1 14696 -672152752
2 8597 1335
1 19928 -952017015
2 16101 5373
1 18702 784795023
2 7547 1839
1 2805 -753605382
2 6457 11418
1 19433 -299106717
2 14031 1730
1 7752 -326173259
2 16680 13868
1 5536 451846741
2 5595 1118
1 1586 -327960014
2 6904 7725
1 9377 -559037220
2 3183 12409
1 7772 903577065
2 8443 3373
1 6093 991029924
2 16273 13971
1 12001 -506391615
2 9308 16209
1 10050 825382343
2 10490 14756
1 15305 -402582491
2 5074 12120
1 957 -955011084
2 6866 3920
1 10268 71783226
2 3606 18610
1 13670 316298934
2 19648 10036
1 3788 -598913307
2 5226 989
1 3132 81441630
2 2492 18983
1 15345 742018613
2 5859 1309
1 19952 -631151398
2 6013 4488
1 11782 268039973
2 10267 16645
1 6864 -557002293
2 10902 5266
1 15458 -748999426
2 13084 9396
1 5713 188983435
2 15112 18761
1 11676 300002136
2 9766 2921
1 10054 187430220
2 6705 15363
1 3991 193004658
2 9435 6008
1 7796 37446374
2 13831 16711
1 16012 301773286
2 16178 11743
1 15096 902632164
2 18043 14076
1 7709 -564747218
2 18883 18913
1 6728 -639480205
2 6990 5370
1 3181 -98299120
2 5593 9624
1 19237 -263972165
2 14695 4801
1 926 -259078095
2 14259 13731
1 12329 -805910151
2 2714 11786
1 18823 441331815
2 14944 16167
1 862 -368241059
2 16995 7562
1 16579 -263721216
2 15001 8328
1 34 -386717171
2 13535 8694
1 3163 209505617
2 8010 15856
1 18311 179438861
2 15704 11117
1 9072 621263073
2 7641 6048
1 4437 -652696364
2 9807 9887
1 14501 563990627
2 10504 12180
1 11661 164409403
2 17464 7755
1 580 -340719601
2 18867 7107
1 19076 736009354
2 11234 5058
1 5930 -147089478
2 915 571
1 7819 -567457574
2 1884 7503
1 9283 164371429
2 13062 11369
1 18424 352175230
2 16423 6162
1 2293 61325083
2 14471 3275
1 2821 -858641890
2 3304 15555
1 5254 -231070619
2 14282 7916
1 2378 199081958
2 5270 9996
1 3504 -356024807
2 12143 15587
1 1447 424328082
2 18421 9798
1 11844 -869711602
2 16876 17716
1 3345 -680118448
2 12990 11240
1 12812 -294930635
2 1134 1823
1 11356 444577384
2 1723 10727
1 18529 461983695
2 12177 13250
1 1432 -44642714
2 18629 8399
1 2473 -146314069
2 4914 9544
1 4331 822742426
2 13421 13489
1 17625 555812340
2 2834 4789
1 9862 -708483819
2 16725 12668
1 14434 369123530
2 5360 15381
1 11548 297550009
2 16728 10292
1 4995 -910567786
2 11923 7141
1 7379 314595679
2 15323 13995
1 18839 -814448916
2 17780 19389
1 1231 803670963
2 18834 17050
1 3529 26713321
2 830 14521
1 12780 504029636
2 5193 16736
1 16925 -601653906
2 1721 12459
1 4791 -55795628
2 1740 1027
1 16819 139656494
2 6455 507
1 8699 59655675
2 12519 13426
1 470 -899723606
2 10166 6988
1 6442 -260936229
2 5811 15442
1 19057 132449341
2 3484 15391
1 4697 458550436
2 11354 12817
1 18996 -382059307
2 7688 10510
1 17415 -925086731
2 16968 3470
1 767 64058964
2 15373 14754
1 707 -135688978
2 3423 8097
1 9995 523994806
2 8149 14406
1 5944 820386166
2 3361 10141
1 18079 -897689158
2 1884 452
1 6426 657649736
2 4055 13009
1 10527 416969735
2 17333 19492
1 2685 -806186872
2 17402 12910
1 2267 -353836166
2 10850 1034
1 7387 497902136
2 6378 8368
1 19986 163215641
2 107 1374
1 19355 395384359
2 14326 4947
1 14212 -20189232
2 3614 11993
1 4417 -575753126
2 11117 13803
1 5664 802632520
2 9731 13234
1 611 -279818558
2 9225 1448
1 1715 876932619
2 12987 1954
1 15866 49154585
2 9859 15841
1 17717 -991005536
2 3632 1280
1 1308 613599593
2 1561 9326
1 4589 -804877075
2 15964 9701
1 2802 169657259
2 14061 9471
1 16614 372084749
2 4044 18243
1 18269 17731992
2 3675 17999
1 15583 129912353
2 4641 1996
1 1259 357169716
2 18453 15245
1 9239 -547528431
2 9957 1285
1 13324 -198057847
2 16058 3411
1 17165 157242173
2 972 19591
1 18049 -236735044
2 8003 18521
1 5942 -166731995
2 11710 15035
1 19669 -804566554
2 13163 18282
1 11925 -452630133
2 14128 16538
1 1495 -621091269
2 1821 8995
1 5639 749050466
2 5341 18464
1 18801 435943367
2 4600 13594
1 14078 -390117622
2 8384 11467
1 2465 -32640944
2 9082 19305
1 14730 -933364863
2 15593 19560
1 3940 532413390
2 14915 13292
1 397 92436382
2 3046 3677
1 3498 421185137
2 14589 15308
1 312 559146778
2 10334 17772
1 15041 432358205
2 11661 2299
1 19061 -204969741
2 13575 16561
1 2698 404012123
2 3622 5658
1 3054 -774873712
2 15795 17933
1 11512 -766897816
2 16300 10761
1 13170 -970302588
2 12992 1841
1 7669 184275991
2 11376 19693
1 13853 -52099470
2 12274 9109
1 3736 -686816734
2 8852 5794
1 18429 170890656
2 6312 1056
1 16794 -546379168
2 779 18122
1 10312 -512580440
2 5745 14173
1 3157 -683437070
2 5154 12828
1 3193 -301785053
2 15546 19236
1 3306 547574923
2 11749 4275
1 10986 -640762526
2 963 7837
1 5907 990910707
2 5034 6237
1 10478 -129473217
2 9191 16999
1 4368 123502945
2 15399 17120
1 17466 -761191919
2 7946 18902
1 18431 327762786
2 8038 10994
1 8926 506583539
2 5725 277
1 9970 370546679
2 4356 11388
1 13739 -276333191
2 3372 4761
1 16096 445189180
2 4569 6804
1 7177 -576900705
2 16527 19970
1 11196 -207514277
2 6591 17146
1 17039 532995832
2 16794 9074
1 1338 5749158
2 4176 14330
1 9490 392230871
2 2791 18986
1 8643 -612851314
2 10947 4885
1 18755 512309535
2 10267 4975
1 16897 -948303350
2 6384 16332
1 3650 -354763512
2 11761 2218
1 18769 716761093
2 18683 3094
1 977 130274752
2 12437 14155
1 13539 16921841
2 4994 3347
1 12892 -673158936
2 6107 17773
1 7892 -63708997
2 17661 8486
1 10695 976578410
2 19621 5897
1 7955 49823686
2 8006 16730
1 1848 -874492420
2 15302 12042
1 6683 -957142464
2 19743 3876
1 7589 215044720
2 9490 4012
1 18843 -46072255
2 9903 14821
1 7917 201104857
2 4146 13980
1 6397 720911346
2 14139 3358
1 14675 403777486
2 9122 2752
1 12843 996794908
2 11903 5876
1 14124 371536982
2 15294 5423
1 2558 -734729692
2 17339 14996
1 18024 657820094
2 5436 5766
1 2739 -783133873
2 19185 17300
1 4048 -440260040
2 9807 11011
1 16539 -11268679
2 18385 17703
1 18424 -456436940
2 18795 19430
1 2522 -367877729
2 7947 5033
1 16714 168129222
2 16279 5569
1 18398 -54937691
2 13000 7607
1 11124 295382866
2 3966 3924
1 740 -204845226
2 13358 2077
1 11652 528111661
2 4777 2386
1 16182 4944758
2 3438 15827
1 6480 -651352076
2 18751 9577
1 814 574808442
2 10109 11310
1 6807 -242690210
2 15265 13975
1 14749 -292801445
2 4983 11100
1 2868 576572742
2 15016 2998
1 8947 -79863647
2 237 7719
1 6988 -885809491
2 1129 14594
1 8335 468386074
2 4638 456
1 734 695344143
2 19196 9118
1 6732 -876161796
2 14225 19742
1 17759 267152564
2 17988 9746
1 15646 991806516
2 8095 13621
1 13943 849700979
2 18851 16386
1 14624 -254266426
2 9611 11271
1 11339 -622091461
2 818 1569
1 2306 -587656599
2 5161 5793
1 17593 -335536810
2 16143 7758
1 1519 -524411383
2 18406 6064
1 9090 887411625
2 4918 16527
1 17886 -68387640
2 165 4599
1 19820 441629955
2 17557 19661
1 10425 386539644
2 18761 18645
1 551 -312820562
2 17089 3462
1 9142 -248535917
2 657 17035
1 6775 -760610032
2 17697 11511
1 19448 -262695200
2 15150 9030
1 11038 -185069478
2 10375 423
1 17621 -833038509
2 19335 3487
1 17276 151040218
2 1160 19
1 8938 -125818420
2 1702 19035
1 15905 -964152407
2 15040 6638
1 13289 372077980
2 11278 4050
1 10209 234436642
2 365 2093
1 19495 923002613
2 17157 7162
1 7081 118644886
2 10483 11973
1 5298 581634053
2 10428 10183
1 9588 -370764365
2 16010 17174
1 889 722398215
2 13834 6268
1 2430 773532080
2 15756 15147
1 4497 -929082244
2 15707 10390
1 10218 440088852
2 7316 3994
1 769 -657600243
2 16919 7615
1 19913 716960255
2 10157 7444
1 7802 -117332154
2 6830 1072
1 16323 865449612
2 18708 14785
1 8035 -530015495
2 17518 7194
1 10132 -550582913
2 1468 6384
1 14972 -281618160
2 12284 9976
1 14230 -562981294
2 14966 377
1 15171 537559501
2 3148 1442
1 12024 -155042887
2 3630 4919
1 14765 -125511393
2 6705 10813
1 17945 296771260
2 15834 19634
1 5128 -583684870
2 6108 18010
1 9510 -568798779
2 13519 10959
1 18755 243294527
2 4863 1034
1 4453 7883417
2 4273 18260
1 4584 -581061143
2 17840 261
1 17252 257735122
2 1513 4870
1 8739 -84081120
2 15085 12310
1 750 312128278
2 12416 7312
1 12554 -834460036
2 3653 12744
1 16591 -627391877
2 2923 4165
1 12581 -628119425
2 10892 13315
1 12955 654124160
2 10578 17874
1 10956 490817644
2 3401 7491
1 12620 681683139
2 4317 8584
1 19175 229892992
2 4005 507
1 13917 553612094
2 14616 13909
1 12205 476938975
2 13428 10003
1 98 -593137212
2 14944 15558
1 13875 -178366389
2 4194 6446
1 15676 733940656
2 16103 4605
1 6771 -228053827
2 17025 11865
1 5368 823332568
2 12366 10041
1 4556 465895740
2 16326 314
1 2853 -158657702
2 3557 5694
1 15286 668799397
2 9232 16214
1 18209 250045701
2 18755 11658
1 17196 532796130
2 8783 1715
1 14217 228023063
2 10447 18331
1 13108 -12436308
2 6512 5430
1 5087 -648950979
2 4200 4657
1 7240 -11628208
2 19127 179
1 6279 -176277964
2 9324 14421
1 17967 908148755
2 1510 10234
1 3499 -322845630
2 13492 1082
1 11140 -11919673
2 10697 183
1 15304 173023590
2 690 15502
1 1203 -834018839
2 7813 658
1 7178 324018231
2 11614 19360
1 3245 -44755278
2 17783 2459
1 12613 588263813
2 18059 3379
1 3193 985814454
2 690 15752
1 12467 710498767
2 15540 12676
1 14597 192101149
2 5586 11616
1 1559 -916680896
2 1702 4470
1 12981 -374540729
2 10494 2209
1 8837 -199159527
2 1945 9221
1 9116 -302515477
2 11156 12903
1 17705 -722881667
2 3379 19116
1 10311 -61836502
2 9600 13944
1 15884 -712734617
2 19603 19718
1 3703 -910642542
2 5383 16255
1 3367 -364167129
2 4219 3577
1 1081 -430803408
2 18774 10795
1 13427 -247904683
2 17999 5061
1 10252 263026081
2 15415 14793
1 4262 -275102868
2 15885 13767
1 8500 -821248578
2 8279 16302
1 12533 -645296107
2 17646 16295
1 314 777648160
2 985 3625
1 14990 648090077
2 6415 19282
1 6755 888564374
2 11869 14314
1 17183 906409463
2 17270 8643
1 5311 -399783314
2 7307 16460
1 11536 -565331555
2 7038 3122
1 15639 -943430477
2 10394 12901
1 15369 -830575433
2 8051 15231
1 1324 -989340538
2 4728 5233
1 9762 -106527392
2 12811 6972
1 1029 -314720706
2 10063 15756
1 16181 -773510838
2 9048 12590
1 4942 42762582
2 10325 10481
1 15228 -41470314
2 922 15217
1 18424 204249576
2 17110 15816
1 5355 28983476
2 15098 11892
1 9889 142145335
2 13684 14246
1 16664 -654888640
2 7748 9288
1 6753 -373964612
2 10578 10655
1 3307 973633404
2 11998 11885
1 12250 -347890445
2 11354 3640
1 11220 905491318
2 15061 2229
1 5575 -310936199
2 18467 12513
1 4790 749751787
2 19387 6123
1 14962 -113238182
2 7063 4092
1 948 541203762
2 5925 19517
1 3409 478783660
2 7246 19276
1 5157 400800860
2 13927 4423
1 522 -515077257
2 16116 2853
1 8651 792282359
2 6689 16431
1 13940 327130126
2 18937 16485
1 10219 -679221971
2 18825 3093
1 2744 -175364906
2 5060 10995
1 4343 758682709
2 12047 13727
1 468 440905619
2 16225 7654
1 6442 -460576787
2 19363 10884
1 17932 455172643
2 15033 14500
1 8227 -606836615
2 8328 7469
1 3924 183387722
2 19965 7659
1 9521 -63572419
2 14985 5477
1 17735 -54272611
2 17239 18849
1 12594 186091462
2 7036 15899
1 19109 -362836023
2 3728 1263
1 19864 464479692
2 12716 247
1 703 -630121036
2 19393 17028
1 5105 757206731
2 4932 9017
1 1985 -360234559
2 18144 5382
1 13271 856115710
2 9781 1728
1 4677 -575867029
2 8582 9965
1 7308 -878125894
2 9763 13517
1 12468 772442017
2 19119 3538
1 16233 882592298
2 8722 9771
1 16396 703142363
2 12272 6263
1 18664 -166659646
2 2665 17159
1 10391 -256190595
2 19308 8232
1 746 416795384
2 17651 3837
1 16425 239833340
2 17746 13698
1 8823 275396125
2 12400 14936
1 19611 -739132666
2 8199 4355
1 14285 281933357
2 5267 14755
1 9323 -224442227
2 14266 432
1 7456 -59101701
2 3924 4088
1 5781 -316702788
2 4933 16580
1 10738 606683684
2 8994 4970
1 16921 -121832822
2 7435 19279
1 13663 35938211
2 6165 10300
1 15852 -549255729
2 16675 689
1 17751 -503290219
2 9584 4513
1 9591 -508617224
2 412 3798
1 17408 -560503023
2 11019 18639
1 10730 130618158
2 985 4523
1 12193 845711451
2 4397 3171
1 1915 -439747787
2 6880 9698
1 8525 -856113649
2 19470 1810
1 19326 -784848824
2 14067 447
1 14562 331822493
2 9847 8295
1 3580 205399003
2 9975 4823
1 10784 411407285
2 9380 16756
1 15102 -423431359
2 15483 16817
1 919 735295067
2 9532 11348
1 15501 -938110851
2 17740 8917
1 3244 487934545
2 16981 19432
1 6168 -415801065
2 5881 8917
1 4929 647516230
2 13008 14826
1 5181 -295900681
2 12313 17832
1 15465 -60858684
2 15046 13250
1 14879 573065156
2 10080 5339
1 11120 249274875
2 7788 3106
1 15477 770351816
2 8838 4551
1 11079 -572344246
2 1367 4689
1 6933 -890124473
2 14360 2323
1 17 374539356
2 14382 4074
1 11152 385006631
2 11254 1141
1 17026 -367333550
2 18417 12203
1 14918 378698383
2 18359 14863
1 6397 314920599
2 6565 12860
1 13285 55025453
2 6676 5144
1 1948 743922363
2 9406 45
1 3730 356868330
2 12578 34
1 570 374176839
2 607 13815
1 6050 98519919
2 6493 1151
1 12956 -329035099
2 15750 11162
1 12113 -406085722
2 17257 9934
1 139 366425903
2 1503 19861
1 3144 -742212991
2 6412 7834
1 8478 500465799
2 1541 6666
1 8967 153156134
2 4554 8588
1 5332 -338814384
2 5742 19543
1 4112 -747286888
2 10153 11919
1 6442 494192119
2 19016 4551
1 11899 595638860
2 17296 16662
1 19312 893449514
2 16375 2506
1 2355 -934091230
2 12847 14655
1 16440 -649179807
2 11836 12356
1 14852 -674759107
2 6189 6800
1 13376 -555618277
2 4665 11901
1 1676 978151818
2 7647 410
1 1401 385505597
2 7571 3166
1 14668 -952797157
2 9244 6896
1 19827 -85019707
2 18020 11132
1 10501 402231201
2 1487 12213
1 6497 -638265356
2 464 10111
1 19536 687458787
2 4776 721
1 882 -527680803
2 87 7882
1 16048 656419333
2 14965 12629
1 4532 -41045991
2 10770 8961
1 13055 521914287
2 7328 6414
1 10188 64512982
2 9053 2641
1 2229 485142243
2 7470 13298
1 11128 547000653
2 18117 5409
1 12489 -345352430
2 11212 16561
1 2874 -185057973
2 13505 11646
1 3010 -753964889
2 15024 19963
1 434 -511624808
2 12692 13682
1 11931 990105352
2 6989 13415
1 14519 -539464527
2 17892 1653
1 13054 324369320
2 7868 14809
1 16035 747488900
2 7781 382
1 19054 835106391
2 865 17517
1 6032 -948094976
2 10867 7513
1 11785 -126576251
2 1795 9654
1 7977 146631207
2 13601 19370
1 12128 -457771015
2 8487 19654
1 4164 -533272823
2 16044 16499
1 16918 656147846
2 1006 3724
1 5611 853328824
2 1255 4944
1 18927 463788530
2 7024 4393
1 9661 -885533889
2 7916 708
1 8374 -115241522
2 9147 16018
1 14038 574687799
2 14393 19079
1 2559 -346966572
2 2535 11883
1 5031 -557843388
2 8650 19510
1 13803 866245888
2 12044 6512
1 18691 -831391672
2 1640 19969
1 4435 -705699229
2 18248 19494
1 16644 -698231102
2 2372 19390
1 6506 -762523572
2 7 18182
1 9458 -571015604
2 10581 8810
1 8317 174091624
2 8441 19566
1 1238 -636270101
2 17569 1510
1 8283 198444671
2 13638 5922
1 15754 -938409377
2 3683 6462
1 10211 160411904
2 9725 15064
1 13583 229410178
2 16755 15604
1 13024 -263305584
2 7276 12593
1 2050 -584123084
2 5 8187
1 2080 577999159
2 6199 1644
1 3270 834697255
2 6609 1679
1 5556 -319695381
2 7746 12668
1 1437 -984189420
2 6034 5356
1 18903 -806595720
2 6983 19757
1 860 -564707154
2 7538 9388
1 7486 653573796
2 17870 15909
1 19044 -938079660
2 2585 14442
1 10315 497083742
2 8252 19525
1 18621 905702486
2 9994 14798
1 17783 971178032
2 9600 9169
1 17702 224220180
2 13892 9792
1 656 -268894801
2 8739 13862
1 2550 -880574726
2 7652 7026
1 18386 -77742726
2 401 4565
1 3826 -229032012
2 4818 1895
1 2117 829641502
2 18007 13015
1 13550 -844512261
2 19169 10716
1 2550 969480631
2 9180 17332
1 13361 357640953
2 12396 6959
1 4004 -571764324
2 2521 17413
1 2305 374580465
2 1601 18177
1 12424 -219357889
2 14389 10911
1 12651 42448477
2 4717 13005
1 9291 72707976
2 6089 16337
1 19971 -38222718
2 10655 9258
1 8655 -39328576
2 5134 13580
1 5092 -201833414
2 13998 19079
1 19701 -704337777
2 18280 11901
1 9111 790228445
2 3480 9201
1 4450 641564969
2 12466 6765
1 13028 794813776
2 8186 10285
1 5604 209555987
2 6122 905
1 551 550101808
2 6199 8029
1 3733 961290778
2 7842 13680
1 8859 -425412343
2 15254 3797
1 13133 -329121296
2 6791 15066
1 6041 -345280330
2 10918 19363
1 9183 -474997198
2 1912 2442
1 11968 769651740
2 338 13555
1 289 -712580999
2 7916 8796
1 13397 811510965
2 16339 13483
1 3204 587819872
2 18492 18281
1 11850 727792157
2 7407 7037
1 3735 623226503
2 15334 5841
1 13223 -373460548
2 4584 4159
1 6371 -100776024
2 15314 3289
1 7014 -65796885
2 16186 6470
1 12261 -62464583
2 7553 14099
1 11778 64863144
2 9796 19902
1 5602 -171063212
2 4783 4597
1 19042 234529808
2 13783 14067
1 257 -493591971
2 2526 14312
1 8141 662398646
2 15098 18396
1 11323 -609927147
2 13800 4590
1 16057 -288815421
2 1276 8126
1 16599 -966304933
2 2755 7026
1 7039 -246540645
2 14320 17362
1 10414 -150221909
2 19777 17692
1 13106 491977896
2 16612 14499
1 10026 -469366083
2 2439 18380
1 18118 -608041348
2 9396 2876
1 1578 -485335896
2 3810 3472
1 10570 -964959991
2 11804 15243
1 1991 -504627271
2 8519 18517
1 6997 882367104
2 2009 8708
1 18895 -987677356
2 9022 8407
1 2075 -482674022
2 5811 8
1 12869 90637408
2 19717 10865
1 57 -880073797
2 12925 12514
1 1135 541296410
2 11220 18055
1 15140 904471551
2 1683 4315
1 5784 150656593
2 11806 16528
1 13581 43300541
2 15816 18577
1 19417 415879608
2 17858 6328
1 15276 61655798
2 1090 11131
1 15446 514368034
2 8166 3889
1 6317 -303360241
2 4049 13186
1 10130 -262412390
2 10814 11226
1 12472 202609007
2 14453 2863
1 10584 93673757
2 15558 15260
1 19565 -779055077
2 9629 12239
1 2948 927006319
2 18767 17892
1 16108 -540337048
2 7139 18263
1 9444 440175244
2 11633 15194
1 5972 325847365
2 19833 5495
1 19797 228954924
2 5416 2191
1 19570 -400181029
2 1494 9652
1 17854 -491089474
2 989 3432
1 3292 216919388
2 3523 5221
1 9557 555307577
2 8713 3671
1 7177 376480248
2 3121 9515
1 18226 -711968453
2 1303 19791
1 12643 -581752500
2 8901 8798
1 1321 789530669
2 19061 19973
1 19675 514263732
2 14986 8269
1 5838 317436149
2 14880 12616
1 6975 -643064255
2 7180 5756
1 9474 -244626616
2 19485 1499
1 15028 738378251
2 5194 6085
1 9278 -69067727
2 19735 2515
1 8500 -836192211
2 16572 13242
1 3536 994342490
2 17823 1939
1 8733 234143408
2 2380 3053
1 6942 -390199947
2 933 14017
1 18340 173678731
2 8890 12639
1 13286 -532648912
2 8805 9260
1 3314 -345421607
2 7589 9444
1 10076 -607444909
2 3499 4534
1 15496 573396122
2 8784 14289
1 8880 -447776999
2 19456 14770
1 9899 -739832105
2 15748 6395
1 436 -157619964
2 5031 12331
1 15966 918733533
2 18149 2872
1 19047 -971186154
2 3775 16796
1 8183 -519351235
2 13725 6229
1 7985 140279314
2 11224 12079
1 9709 -460645382
2 12173 3954
1 12346 827833255
2 18585 7314
1 9789 257629154
2 2031 15321
1 15319 126001951
2 6476 15241
1 1518 718718431
2 11961 9655
1 4919 -392958642
2 1765 19610
1 14539 -237755199
2 3916 8529
1 6948 208611702
2 2976 8660
1 12960 -230401707
2 6261 3415
1 7230 -670700887
2 3051 12820
1 18249 -623979738
2 9198 9810
1 15301 -845745250
2 5593 5262
1 4873 -728138681
2 3131 13214
1 834 -110168445
2 10168 688
1 4166 35230335
2 10781 3543
1 3984 427303667
2 10928 17080
1 2176 -117543967
2 14484 16869
1 1995 -670231134
2 18590 10884
1 11514 -180525848
2 19152 3340
1 2133 18196170
2 9437 16751
1 5752 -445025277
2 8683 4840
1 3557 -6519994
2 12896 4498
1 2633 997706452
2 13272 17429
1 17952 -847290249
2 668 16943
1 5630 -884470942
2 11643 10006
1 2555 375878550
2 9425 12456
1 6140 -854154514
2 15265 7828
1 12642 580064804
2 15098 8862
1 5599 -938662988
2 1066 15738
1 10795 604478866
2 16224 15038
1 3392 -432670197
2 18776 5309
1 16675 -740935621
2 2052 13358
1 12961 891026292
2 2762 1807
1 14420 335798478
2 254 5188
1 8956 541155472
2 8884 15105
1 11380 70975691
2 8306 1546
1 15954 -997974772
2 6665 432
1 11048 -666924035
2 8766 3502
1 6590 120151041
2 5303 2446
1 14379 445482881
2 8310 18097
1 11000 698242191
2 1558 19279
1 4469 -467462314
2 19976 1686
1 14450 -447540511
2 9534 1255
1 6148 175463263
2 6986 173
1 6162 254751026
2 17144 9545
1 4310 853376960
2 14463 16358
1 11251 797560387
2 1486 18057
1 16955 -335428531
2 12609 9537
1 1190 -558221592
2 18036 9779
1 17997 -749514141
2 14633 34
1 12570 156635776
2 5066 14240
1 7035 -844304345
2 1789 16816
1 11478 185126497
2 6439 9282
1 17990 -223575339
2 7080 4953
1 17415 170977495
2 9348 553
1 2431 -634884622
2 12061 9605
1 5976 -593795050
2 14705 14158
1 6860 579268532
2 10727 19496
1 12088 -40141852
2 18168 6163
1 4776 -964096889
2 11066 1788
1 9030 -984699353
2 14659 5177
1 1129 -204231825
2 10886 2940
1 3540 716002145
2 18887 7171
1 15765 701010420
2 15182 1714
1 1117 -245825639
2 7786 4762
1 18987 -123865562
2 345 6528
1 14804 -948071886
2 3053 9395
1 16503 172158934
2 6159 18769
1 11851 138630836
2 1705 12590
1 13849 -877495607
2 14467 1530
1 9938 -371707330
2 2485 9760
1 18594 899805800
2 9759 1758
1 4577 -742577715
2 9878 13312
1 8159 244550946
2 760 207
1 5395 -162057479
2 15868 4251
1 3893 -99109718
2 6768 6095
1 4438 756345537
2 8937 15383
1 11427 723969916
2 6445 11099
1 2191 831692970
2 8401 5310
1 13871 -277078097
2 11140 1994
1 8744 62783457
2 7482 7176
1 16517 576363146
2 4585 18287
1 19357 90890162
2 10602 12557
1 3434 958971746
2 9323 5161
1 13084 453379000
2 11567 271
1 13286 -267531392
2 1031 5072
1 18204 786604398
2 15570 4046
1 7259 -287009405
2 2036 9163
1 19338 249120326
2 10471 873
1 17858 945780554
2 19993 3588
1 12843 144327135
2 8519 9573
1 13137 -419638229
2 8153 19574
1 12125 817173131
2 10543 7229
1 17083 442804429
2 2490 5796
1 6117 759363318
2 6134 4134
1 15004 -972799622
2 6555 14387
1 870 188920502
2 16950 10903
1 10374 270607066
2 1913 19203
1 3525 -492597140
2 4838 16732
1 12540 -541061858
2 10985 6850
1 11671 -644226705
2 11820 13284
1 1003 -743863089
2 12338 7489
1 17681 -499761457
2 5739 14617
1 6231 -370501987
2 14272 10914
1 4099 -821224370
2 9300 12938
1 18257 700755363
2 4603 17179
1 12377 -693131130
2 7275 12881
1 15800 -644902269
2 15105 8652
1 13965 191193011
2 6151 13093
1 16199 -670015231
2 15276 5432
1 9150 927764790
2 4715 9413
1 2911 516208911
2 3855 5942
1 8034 -847234102
2 11507 9466
1 12512 43059430
2 12316 19129
1 17779 -338573053
2 12761 5099
1 8218 244876381
2 16165 351
1 8117 772095157
2 10020 14372
1 10680 393953104
2 4738 2332
1 9598 -128192072
2 11999 18357
1 17057 573416359
2 3216 2803
1 3637 539884074
2 14633 17838
1 1971 -822891021
2 13714 19981
1 8869 177726322
2 15501 7592
1 13136 -674378658
2 9699 2851
1 17827 -702055347
2 2809 15670
1 15181 -793014826
2 2408 14497
1 18115 483818448
2 13013 4749
1 11455 248384140
2 6242 842
1 5448 889600311
2 7897 5038
1 9336 -127367854
2 19769 4556
1 14403 713583466
2 7625 16432
1 18643 168564364
2 14613 11040
1 9991 465893628
2 18645 1518
1 11984 -898686527
2 4144 18310
1 10965 231797098
2 16573 10184
1 201 -501481226
2 19779 7287
1 18453 -489204216
2 17724 10040
1 14249 763405781
2 19694 13986
1 19942 198819808
2 5428 17016
1 12558 -400331383
2 1246 2889
1 16926 219536607
2 6158 6735
1 9964 407537924
2 3962 13113
1 4339 -386825311
2 4769 12905
1 389 341087892
2 19958 2766
1 1814 -238684504
2 15153 723
1 12341 55455407
2 337 19230
1 9322 964164474
2 8084 324
1 5043 392477395
2 4494 13448
1 774 -522477334
2 4995 16340
1 8454 -412812249
2 14919 1314
1 12045 -605426366
2 10273 1086
1 15466 -638341412
2 10708 18018
1 18596 -772163093
2 15843 12987
1 1727 -430635404
2 1934 11731
1 1840 74675432
2 3173 9971
1 11690 -297933754
2 7223 15677
1 2790 -866275
2 4641 7281
1 11045 -778267470
2 5373 14461
1 15987 583733516
2 6296 10108
1 15490 -680608758
2 572 13812
1 10963 447264016
2 7843 10706
1 1640 -573587915
2 12058 17304
1 15867 876425057
2 19971 12496
1 18797 776321671
2 974 5006
1 6669 306202400
2 15094 132
1 17373 896857234
2 9892 1812
1 9452 -311204703
2 14048 16733
1 11453 345392321
2 7753 14409
1 2413 844690647
2 18437 15164
1 12091 -817437098
2 18864 5323
1 6417 322979991
2 5440 19966
1 1999 -629122280
2 18157 18624
1 6930 -755772218
2 7198 19503
1 19223 572912306
2 6620 13502
1 8320 -488431747
2 10735 10851
1 5373 427282170
2 7262 8247
1 4551 -535338187
2 17512 18267
1 11655 14498821
2 16748 3523
1 1125 -756722873
2 12825 16201
1 2038 28706385
2 19654 6534
1 12030 -119497926
2 15574 6007
1 6229 54722249
2 11966 2974
1 2251 602373926
2 17561 9885
1 12312 345851118
2 10990 3054
1 17834 729439275
2 2910 18772
1 19291 -677843616
2 3751 10472
1 5798 -151575874
2 9271 5400
1 1194 -487564407
2 7071 2874
1 19845 -651968321
2 4240 10615
1 7668 -160324451
2 7292 14517
1 9279 -41332021
2 14336 16758
1 15657 -33671903
2 222 9106
1 8091 -903473247
2 5634 1821
1 3801 626779259
2 1963 1494
1 2356 -510000477
2 2396 19695
1 12732 -150874768
2 2264 3113
1 15151 708757355
2 3117 477
1 4239 -729082900
2 19672 9335
1 13243 -139884602
2 17426 19595
1 2899 -308414740
2 16240 10182
1 9407 791672834
2 4155 8398
1 5693 396291268
2 16052 19061
1 4226 990056994
2 13071 18756
1 2670 317564229
2 16051 16256
1 7251 527289957
2 11705 2790
1 1841 -706993275
2 17645 11717
1 7995 876058846
2 5860 3066
1 8117 -500557534
2 4153 17798
1 14 -232493218
2 4678 9695
1 15201 668640984
2 16878 10097
1 364 -684504781
2 1312 13896
1 17940 405169222
2 13155 4811
1 18433 736043123
2 6262 3496
1 7019 64562908
2 5441 4941
1 8285 16038707
2 4238 17045
1 16421 527967076
2 167 9962
1 13634 -858329537
2 7065 12748
1 9448 41171561
2 5399 7716
1 5557 992928922
2 4625 16336
1 16093 293647533
2 4148 3309
1 5696 -808608355
2 15818 4671
1 2762 -683244851
2 13636 5451
1 9091 -603061729
2 8259 8729
1 12121 -159026288
2 11523 11206
1 10149 256377016
2 15412 19430
1 809 409227934
2 18140 17394
1 18803 164557184
2 1454 18553
1 1196 -450134667
2 12230 5669
1 11355 127064597
2 16141 10123
1 18714 481597215
2 18095 4602
1 5667 622347304
2 19890 7857
1 13543 943591326
2 16470 13934
1 7253 618114570
2 17293 19817
1 10252 -222096671
2 19280 1079
1 4827 651596749
2 5564 16771
1 234 281586609
2 19941 16217
1 13976 -120972333
2 15775 15572
1 18287 181883206
2 10473 13206
1 18698 -530259727
2 14121 13854
1 1615 585325270
2 18340 17911
1 7627 392839069
2 5410 3794
1 18054 955135140
2 10498 2235
1 15871 32791452
2 15108 4641
1 15447 968606206
2 12124 15478
1 4607 959728637
2 18386 12409
1 6177 660246003
2 9604 7512
1 16683 -431810210
2 4387 12458
1 18738 419558851
2 11055 1399
1 8017 -200229512
2 16329 6368
1 5099 416982652
2 6421 2930
1 13144 804451937
2 16805 14139
1 2367 -243268765
2 3594 12079
1 18856 -706888814
2 6217 12859
1 2190 -397982822
2 19012 18225
1 7246 504194325
2 11637 5399
1 1397 -35944738
2 10380 9720
1 632 -873805918
2 5405 18314
1 16346 363234047
2 870 7838
1 124 -487898514
2 9108 8563
1 16006 283699196
2 11292 11266
1 2021 -712615303
2 18320 482
1 9634 733499652
2 10454 1940
1 14693 311684949
2 15146 11266
1 18058 -580704098
2 5615 17809
1 14539 570915907
2 14962 5698
1 2090 -853620628
2 19070 1668
1 4061 718865635
2 1438 6898
1 12260 -416741522
2 16994 10348
1 6908 859482661
2 8058 5883
1 4667 466004427
2 15602 983
1 10435 -885766502
2 14817 14025
1 161 491343058
2 8282 16272
1 13450 919249326
2 9062 4963
1 2407 -195416770
2 12353 19906
1 17854 -654589165
2 6464 15534
1 8582 735856692
2 741 14213
1 10733 868258033
2 12433 12190
1 9829 -225716805
2 10598 3601
1 15686 345446588
2 14029 15733
1 14391 496974519
2 4402 19646
1 11832 -818834670
2 4092 1186
1 6367 -666633564
2 6701 5268
1 7106 489929536
2 15448 19260
1 15983 -993673201
2 10411 9860
1 8045 -618699235
2 4190 4150
1 9818 628742061
2 8693 19564
1 14783 377353186
2 10217 13618
1 13885 -71370689
2 1698 13525
1 6195 955520359
2 12769 8790
1 14218 -911030844
2 6650 7780
1 50 325879205
2 9364 16255
1 16659 -960819443
2 11743 15770
1 11603 542015552
2 10423 1241
1 12319 935476877
2 16947 1455
1 11401 684066900
2 14301 9469
1 9951 96606657
2 3517 9104
1 1017 431259958
2 2080 6823
1 19558 -481764238
2 7832 245
1 4200 -953968292
2 12493 13838
1 13798 982835165
2 10058 14142
1 17414 578526478
2 38 5015
1 10014 -191063923
2 2812 3409
1 9153 -93188471
2 18631 3893
1 7145 -585243339
2 3675 10736
1 10156 875705329
2 10940 17753
1 2734 -238151020
2 7689 12947
1 7288 368973673
2 10931 11632
1 17161 986993057
2 11176 15106
1 2819 -868625100
2 5804 15374
1 7550 -930403840
2 17302 6716
1 19945 -26850995
2 4643 6487
1 168 -771690183
2 19967 14141
1 15934 660796017
2 13230 2466
1 9608 -618838663
2 15168 11750
1 9860 428192033
2 11196 12983
1 8047 -178072326
2 3466 17382
1 2618 -942597652
2 7351 16070
1 10967 -294620947
2 2178 17448
1 2833 86137727
2 5573 10564
1 1814 -709297197
2 11887 13208
1 6375 97507833
2 11527 13549
1 9268 -297281236
2 10609 4576
1 16387 -701519532
2 1634 3673
1 9886 336744065
2 10506 16672
1 1169 -367437698
2 17663 2166
1 589 819021747
2 14290 7573
1 6464 -881182407
2 17330 15862
1 3026 -878757256
2 18228 6765
1 18574 219501808
2 8749 9185
1 17643 -546646464
2 11539 8782
1 16996 -557199963
2 6535 6141
1 10569 799483857
2 18517 632
1 4382 -62005006
2 9290 16180
1 1745 200544182
2 16543 2247
1 15323 -698081169
2 9671 19404
1 16854 -211685432
2 12829 14373
1 7185 -832104096
2 10920 18508
1 19545 -181121026
2 16708 2842
1 12068 641672732
2 7524 8783
1 1254 -730815780
2 6953 531
1 2228 -481145954
2 8427 17758
1 8906 -762386947
2 10952 5783
1 15529 -256411054
2 16445 9591
1 14104 778313517
2 14642 14298
1 18871 -573252713
2 17177 17399
1 12359 262261350
2 17659 13608
1 12061 130472935
2 6997 19129
1 15763 -595581786
2 4910 8320
1 14704 470836254
2 12473 12364
1 14632 59392457
2 6256 5509
1 15687 539213891
2 10990 5216
1 2873 -306545416
2 12990 787
1 17678 -35112807
2 11497 1014
1 16788 -421866376
2 13076 17261
1 13388 349964794
2 7609 19396
1 5471 719589108
2 9424 10229
1 353 -35647138
2 992 1130
1 7831 -331720040
2 1 19762
1 11674 -772199879
2 8662 539
1 6442 -856346410
2 16611 2721
1 17331 197179402
2 2499 13794
1 8116 383155466
2 5623 1940
1 7508 38664581
2 1262 12199
1 13189 -180305252
2 182 13314
1 2150 592114604
2 13775 3303
1 19798 -895504528
2 17017 8734
1 754 -460117998
2 7049 1472
1 11772 818238536
2 9778 18185
1 11765 -193054665
2 19913 2924
1 8672 796996091
2 9452 12448
1 14688 -78162082
2 16791 7254
1 18617 788490479
2 6229 9422
1 15648 555018252
2 11681 19001
1 14203 -169506732
2 537 17076
1 14511 -426551774
2 12325 16480
1 18986 -806399898
2 8219 18918
1 10200 339944225
2 11721 4744
1 202 -551696902
2 11337 7287
1 10254 -160795085
2 267 3200
1 9842 -965939079
2 10568 11058
1 18150 606219991
2 14432 6694
1 6361 50371360
2 3095 5786
1 9860 684255645
2 17637 14263
1 530 47504179
2 4527 1103
1 10239 846554796
2 4104 6908
1 5214 -228141771
2 6565 11264
1 11159 517033272
2 6302 6792
1 1412 860235426
2 11879 4145
1 4892 904028580
2 19520 11927
1 17201 352672325
2 3611 2540
1 17549 618700618
2 18505 6273
1 13246 -246753458
2 16870 2513
1 10187 295445487
2 18063 16453
1 9016 -306082407
2 4765 8792
1 6697 325950606
2 15845 19080
1 7793 -137176600
2 4770 8252
1 13126 -479371714
2 16664 3515
1 10770 34617591
2 1990 12786
1 1917 -419644959
2 18728 3398
1 16733 -142871611
2 13464 17444
1 942 -149872903
2 12755 17861
1 5636 -412641427
2 7125 10313
1 17084 476124387
2 15615 11126
1 10225 -468348105
2 7885 12289
1 10544 -85446719
2 15157 11507
1 11090 318339925
2 2729 19229
1 18441 -543267359
2 18957 15361
1 830 -126967749
2 7112 19419
1 241 119363436
2 14833 18839
1 4311 -226226147
2 19738 3083
1 5664 725913253
2 18106 19795
1 2771 -167213204
2 3334 18656
1 10007 -688400836
2 3027 17466
1 8909 452353586
2 9004 1909
1 8131 -656477218
2 13427 6009
1 19576 -265403680
2 1064 7626
1 18012 -935712217
2 7674 3396
1 1374 584710323
2 3574 3988
1 9895 -384266810
2 8525 2990
1 16179 133670794
2 3427 790
1 12787 -20379368
2 13664 2887
1 18973 -800546348
2 11926 11044
1 14305 -285257798
2 11752 11279
1 10934 -507569481
2 4012 19369
1 8533 -136366922
2 1730 5935
1 3657 401648841
2 307 1797
1 7891 -803405439
2 13640 10777
1 11519 -807059754
2 1754 14245
1 8419 -169881613
2 3875 16197
1 17539 -885796852
2 3698 14738
1 3434 -484185103
2 12304 420
1 3684 -245217592
2 2911 14789
1 2833 -884417736
2 6473 16765
1 13052 949095410
2 13017 8421
1 8552 185868662
2 9074 3481
1 7027 -483864178
2 18079 10992
1 4289 846492696
2 7171 13905
1 18861 -627802992
2 5724 18526
1 17759 433235919
2 7877 12921
1 820 158809721
2 6797 18660
1 17043 -595947353
2 2288 151
1 15861 -419983299
2 11327 19988
1 13770 -83984179
2 15957 12897
1 8374 -199805668
2 678 14118
1 6277 100404340
2 1755 16681
1 13423 -473995339
2 2223 16505
1 12908 -88705524
2 17355 17376
1 4458 -904893572
2 10042 11088
1 5912 -195188314
2 18281 5862
1 4526 -254801153
2 12964 11658
1 6274 703683367
2 9074 1607
1 11831 -993038680
2 1024 17642
1 11199 -739409513
2 1036 10191
1 8884 -976325640
2 1579 14699
1 777 922892590
2 8924 12654
1 947 967149079
2 18364 13809
1 9974 34115139
2 18572 18052
1 4878 -181060248
2 13545 18561
1 3316 692904484
2 5904 17675
1 4050 -598931810
2 17228 15761
1 19220 -413326119
2 2418 11479
1 6000 -91071610
2 13315 3562
1 12099 829916783
2 19647 13459
1 17003 793463157
2 8212 18291
1 5722 45635716
2 2341 12103
1 16190 -457713791
2 5217 8013
1 10245 381264346
2 2567 18395
1 14446 755992384
2 1255 8007
1 5277 935209243
2 17735 1354
1 8542 165571490
2 19340 437
1 8737 -346933479
2 19705 3275
1 16199 -137398737
2 504 3955
1 4169 -452374274
2 1153 1547
1 6968 573901914
2 8664 8785
1 5447 23133178
2 6095 14662
1 12946 -924752199
2 13777 5292
1 5169 447420623
2 9816 7435
1 9852 -240044792
2 5192 18756
1 8924 -974728594
2 3358 2130
1 10381 -371819116
2 7831 17205
1 10024 807740172
2 18208 8558
1 15404 -169014646
2 19037 4378
1 18006 509516311
2 15392 9397
1 9596 820815714
2 510 9719
1 4146 -952483147
2 2291 6488
1 11972 255206585
2 7769 11284
1 5807 -571426952
2 8687 5270
1 278 57013989
2 1739 19554
1 2645 -498793659
2 9739 4573
1 8213 -331703142
2 16442 9072
1 11415 687195691
2 3620 7955
1 168 -37099747
2 12102 18602
1 167 711856744
2 4456 2229
1 10714 -326247561
2 16641 7394
1 8406 -429807660
2 6175 13121
1 14493 541486381
2 17404 3784
1 18275 -749494186
2 3200 7707
1 2629 -876010088
2 605 2892
1 8007 -407915409
2 2191 3475
1 7487 633002485
2 15422 1144
1 13281 -226378594
2 14302 14589
1 16300 -749326313
2 6892 4717
1 2914 790643163
2 10791 15385
1 13353 -994749137
2 19636 612
1 18833 484354092
2 11542 16079
1 3478 502243589
2 8058 4827
1 17200 942034176
2 16906 410
1 7612 36368516
2 10364 5003
1 13875 -988108921
2 12441 3311
1 4926 -760094481
2 18390 10193
1 2313 244039855
2 9192 9713
1 10606 334204341
2 5271 19716
1 12665 977367090
2 13025 11546
1 10918 -519985154
2 10953 2724
1 19833 -199210743
2 14280 4943
1 16437 -985847394
2 13695 4570
1 10862 500021880
2 11610 18537
1 699 824270363
2 13618 17474
1 8550 385106712
2 10691 17410
1 677 -191290798
2 7397 5448
1 8018 113887321
2 14315 8813
1 9265 -142202639
2 18626 872
1 9579 -979622816
2 15847 1500
1 16722 -313196412
2 665 1113
1 16052 -970039042
2 1822 14534
1 6154 362250457
2 9959 14276
1 16069 -35144137
2 5761 3625
1 9957 204909318
2 14391 12422
1 17455 -231699459
2 4129 18744
1 16593 -780576531
2 14467 16065
1 16860 -452431730
2 18747 15529
1 6936 -799691503
2 6628 14345
1 11044 -787919100
2 18490 411
1 10514 -114715978
2 18266 9718
1 19545 -914526813
2 16466 18889
1 6920 767199033
2 5710 17935
1 10078 -322236711
2 14264 9446
1 8605 -978148488
2 19656 17223
1 16947 955892296
2 10345 5021
1 3859 -127767617
2 17297 4849
1 1880 680110822
2 4322 17708
1 19336 -175182391
2 2941 12492
1 7814 537996597
2 10416 17703
1 15916 135487243
2 6659 3400
1 5042 -494536513
2 11496 3106
1 18245 -428611426
2 2253 16523
1 6230 -271141103
2 12276 14590
1 15799 -261101057
2 12235 15331
1 10503 69066398
2 17343 8490
1 18726 420608327
2 12305 12094
1 18770 611116753
2 3413 11271
1 6259 598659972
2 8217 14567
1 3836 -777855959
2 13060 10859
1 19815 -20320056
2 19816 11988
1 14651 555929454
2 17522 2694
1 4288 636197995
2 19152 5467
1 3833 -831218157
2 8211 8881
1 18003 -657203434
2 574 13867
1 3122 -145157298
2 8765 6187
1 15043 242646430
2 3446 9922
1 11305 135504542
2 6877 4355
1 19001 -957314587
2 1684 10717
1 17096 725799100
2 9135 4611
1 4476 -973088818
2 1133 8549
1 15612 3302379
2 17668 462
1 5916 -519411470
2 10634 16313
1 16859 51570316
2 9687 7800
1 12185 872548796
2 5273 6403
1 14768 620022736
2 8262 13594
1 14015 -217047043
2 6056 10555
1 17923 -209166815
2 10536 15481
1 13258 -857601589
2 12486 2688
1 13591 528160363
2 1556 1662
1 17435 220091904
2 14093 11107
1 1755 254146223
2 14607 17425
1 2306 119357944
2 5198 7695
1 9557 -765378595
2 14646 18133
1 1952 -933213606
2 4485 1430
1 1853 -559854219
2 8731 5393
1 14714 -511606589
2 10382 6654
1 646 -99677340
2 17189 18394
1 17835 -191753494
2 9326 10657
1 9673 -419895692
2 11907 12369
1 5839 842304841
2 13533 3001
1 13584 558656801
2 6302 15867
1 16718 -271181679
2 14525 11840
1 815 -607506152
2 3403 10685
1 9566 -802258079
2 4839 3956
1 15264 -273254438
2 7103 2976
1 4027 -194895081
2 5570 13169
1 628 -541558099
2 14854 16591
1 13233 -157305510
2 3100 5226
1 7573 528930665
2 12719 12154
1 7763 -829094816
2 1817 15840
1 11813 149252840
2 1534 362
1 13973 836145412
2 8622 14494
1 12772 475507202
2 5518 18954
1 2229 88352121
2 6757 2090
1 12583 917816715
2 16204 9951
1 3735 -935471335
2 13858 18954
1 12586 126750117
2 17636 13791
1 19145 911320003
2 15038 13260
1 12147 861298801
2 10164 3252
1 17014 -978476108
2 7294 11750
1 15742 -785380274
2 7420 4677
1 7872 -937735799
2 12786 19190
1 8007 167618487
2 18928 15315
1 16727 463910147
2 16823 5844
1 8685 -166429240
2 3917 14309
1 15938 -466344446
2 9058 9122
1 12705 893169488
2 19220 6638
1 9914 -780655298
2 6656 19584
1 3356 343823642
2 4091 15132
1 2667 825046297
2 16576 11404
1 283 -461352549
2 195 242
1 16257 907456920
2 4077 12271
1 2205 916575860
2 13113 11993
1 6509 -513312874
2 4261 12745
1 9159 670284317
2 18390 2755
1 19588 566724143
2 7613 2786
1 2890 587321791
2 2661 6651
1 891 -618810134
2 19008 16559
1 16992 790764564
2 11992 4659
1 9564 -955076647
2 79 2785
1 19026 -238234561
2 18505 10538
1 18721 -395388916
2 532 9084
1 4949 -847690149
2 9849 50
1 8882 465668096
2 10326 5847
1 18016 848777445
2 8699 18815
1 17957 198483059
2 18209 19495
1 5066 781198224
2 8587 11921
1 19744 773495900
2 7886 16243
1 18438 49343879
2 5761 18282
1 2589 -155051176
2 14751 9634
1 15856 529856725
2 16522 437
1 6883 -127773068
2 2081 3325
1 11291 -197727271
2 11914 14196
1 13460 750617568
2 10682 8977
1 16426 953690132
2 15803 3128
1 4056 -503222446
2 9113 4488
1 5154 2526135
2 2409 9650
1 2799 -740577098
2 8764 1512
1 2532 950945091
2 1081 16328
1 16639 289769628
2 10475 9386
1 8641 762983241
2 595 953
1 16345 300339091
2 18608 19574
1 6947 -323003820
2 17623 12935
1 16456 26933786
2 14532 461
1 19804 -501234699
2 11858 14154
1 13166 -622549866
2 18555 2462
1 5724 160206422
2 9394 9945
1 62 664171978
2 961 15917
1 12906 498699490
2 2510 11649
1 252 -569843432
2 17483 12775
1 7921 668330403
2 19464 2355
1 13038 -612919603
2 2587 15266
1 8694 -637528080
2 8503 807
1 3028 -322641147
2 1939 10506
1 18596 18084245
2 7574 7062
1 14880 672028045
2 4696 11109
1 5147 -81747787
2 778 3912
1 14759 -714589915
2 11417 5389
1 19453 -573717167
2 11172 17402
1 6584 406262991
2 19896 5417
1 14223 275439544
2 1160 7058
1 8992 -90390856
2 11845 997
1 13508 -44671104
2 3591 7743
1 15445 268694183
2 10440 8119
1 3498 -401662836
2 14475 631
1 11349 919006689
2 9657 3882
1 12134 -331073383
2 8489 2197
1 2078 -97951589
2 15390 11623
1 6699 90316309
2 16921 10843
1 15299 945089047
2 10739 3915
1 12935 431799842
2 2427 10292
1 8135 215297156
2 13287 5536
1 10534 -92360716
2 4268 7262
1 8748 692030445
2 18978 3795
1 13556 317767903
2 11352 2825
1 5251 317065177
2 16924 19216
1 7086 438127519
2 17378 12830
1 14156 -592413390
2 18548 12848
1 14915 -514673832
2 7585 9782
1 14756 350980730
2 3084 8552
1 5803 -94385995
2 2344 13162
1 1895 -88292516
2 5595 7929
1 7460 -378793629
2 16885 3475
1 733 49060475
2 2425 13717
1 7260 293178708
2 960 11389
1 9637 940700253
2 4185 8416
1 4632 345162418
2 7462 5153
1 4648 334937834
2 15841 14127
1 9221 874545956
2 5695 17922
1 3866 99047176
2 13640 19263
1 17966 31581271
2 10273 3090
1 2654 70710396
2 13089 14725
1 9944 -259193077
2 12231 14476
1 4571 -59893490
2 16229 8761
1 17311 755498381
2 18759 73
1 5392 -528497225
2 5476 11366
1 17069 703965132
2 15593 4544
1 5910 798616815
2 10277 5395
1 11316 -857691332
2 17297 12700
1 3249 760134509
2 16567 5969
1 18019 -184778035
2 887 1988
1 5757 185512300
2 187 18836
1 12435 332667565
2 13650 16949
1 4764 332374098
2 722 7121
1 7368 -411527953
2 6962 14290
1 2705 436606394
2 14079 8911
1 5736 -924602209
2 2933 5346
1 10860 -546416679
2 2477 1916
1 16222 -746728475
2 17978 3654
1 9765 -60391293
2 15839 16966
1 2496 -396729177
2 7295 1769
1 1842 807377950
2 3982 13074
1 1252 -223809954
2 10570 6535
1 16179 366140709
2 8223 3942
1 7157 629629100
2 12392 15566
1 12210 444591579
2 14265 17522
1 3665 -946743526
2 5087 8376
1 13620 -101916814
2 9385 4619
1 19849 -464962571
2 15475 12045
1 363 -24001361
2 15009 14707
1 8034 -645924287
2 19694 19180
1 16803 337725971
2 1205 5754
1 3540 -476840947
2 18723 10560
1 17994 -669758021
2 1295 15794
1 10891 11051518
2 6983 13109
1 4518 383924671
2 16809 2567
1 7029 -613927082
2 15987 1875
1 4176 -544187657
2 9012 6272
1 2385 -843490781
2 2907 12889
1 19420 68966218
2 15050 14134
1 8570 -655206146
2 12388 19443
1 8936 -449355883
2 7283 1174
1 5271 -2051620
2 15952 7612
1 11667 -387853282
2 16643 9517
1 14590 930656784
2 11703 16560
1 17391 614883555
2 12519 9601
1 9515 -494698271
2 11704 11217
1 9977 840376477
2 19913 5747
1 11412 -350023090
2 11471 15940
1 3130 93424510
2 2265 5719
1 17663 478262971
2 3012 1572
1 3925 -538535904
2 14854 18913
1 7271 -213025021
2 9873 2133
1 14512 87133043
2 19468 1594
1 17231 551054156
2 10666 1559
1 12485 137537001
2 11602 782
1 7004 -631807913
2 11666 1254
1 12676 534151366
2 12599 16178
1 3342 -63310469
2 2004 14048
1 12642 -485740823
2 17952 5546
1 16717 -34410530
2 18121 13082
1 3207 920070149
2 6848 2652
1 9774 170711013
2 9592 15526
1 14158 -665977457
2 14389 5265
1 7525 -65636758
2 8249 14081
1 592 -166582685
2 1581 14906
1 2852 -456319784
2 13778 16763
1 17305 188704249
2 6104 16247
1 16276 361400234
2 10894 19223
1 8710 -532508827
2 3790 2970
1 18265 796204784
2 3429 6316
1 17574 585466305
2 13699 3597
1 12075 -952042826
2 4999 2263
1 10072 -124317055
2 16479 1287
1 16335 316658159
2 14722 5423
1 3570 -309963363
2 8456 15981
1 16933 343441130
2 5988 1869
1 18662 907974375
2 17053 16966
1 15949 -901360377
2 15958 9129
1 3153 -387742342
2 3937 5424
1 17107 817873607
2 9753 19401
1 18648 -142678041
2 3161 4478
1 957 208404622
2 11326 16550
1 2262 -494613978
2 162 18193
1 14193 -299839299
2 3213 4520
1 8434 -706531150
2 18767 10593
1 8572 -992726764
2 13490 19607
1 10729 152487798
2 17424 8247
1 18339 -998284716
2 11954 7272
1 368 -736498491
2 4279 5250
1 16760 -875494549
2 17835 11559
1 14083 770463872
2 14607 8270
1 16152 142553126
2 4701 5747
1 11929 -383782965
2 15472 16634
1 14637 719535669
2 15802 9269
1 15489 518080924
2 16136 8425
1 1917 252252137
2 10735 5183
1 14953 -737614185
2 6974 17879
1 2211 679230535
2 12425 15706
1 16707 658565431
2 2728 15471
1 8608 -536177563
2 14417 13852
1 15747 -609923832
2 16757 18303
1 6814 12675174
2 3009 1995
1 10233 -887063968
2 16490 7080
1 12987 78260182
2 9866 1550
1 17133 686700079
2 5655 13759
1 8543 614967843
2 12222 19214
1 4251 -134263296
2 18150 2834
1 17294 715641769
2 17330 7723
1 14647 -371323229
2 980 14876
1 5987 298657415
2 17591 18433
1 2337 -802261004
2 3364 18140
1 14230 -609931954
2 3050 8744
1 13808 -183422375
2 12426 18985
1 3198 -431731004
2 3122 5576
1 5026 723904725
2 2377 8493
1 18976 -363088954
2 5343 4967
1 13595 -41648267
2 1373 9413
1 18640 -494294519
2 12636 12030
1 3846 973218416
2 11973 14121
1 8069 -570316690
2 16087 15425
1 9889 -518765973
2 7974 302
1 13323 262424563
2 14304 9604
1 17676 -747370925
2 3629 1957
1 16006 -963462537
2 13144 4158
1 15066 -246186789
2 4579 15318
1 12524 -748122928
2 2340 16841
1 15036 -594718664
2 3668 19792
1 7206 -183860158
2 10529 15449
1 18406 801632302
2 14231 14267
1 15805 -970911468
2 467 5203
1 15950 -618957291
2 3439 14602
1 2692 -308517349
2 16447 19132
1 8420 65799165
2 15009 13235
1 11197 788275744
2 1850 1449
1 8600 418418103
2 7511 11789
1 1314 -777669515
2 12415 119
1 17145 696847740
2 12579 13241
1 3115 76503828
2 8850 9892
1 19159 364995528
2 2377 9405
1 17696 385447050
2 6657 11725
1 14053 420173249
2 1664 12086
1 19322 482267255
2 7117 19665
1 2911 -77423228
2 8039 16328
1 14423 527055293
2 5106 16185
1 2767 -233339435
2 14395 5963
1 1525 -225625587
2 13377 13620
1 3341 103098848
2 13362 11320
1 13238 56950986
2 2365 10674
1 18277 693435615
2 493 14276
1 19197 -289153883
2 7504 12681
1 16989 518434060
2 10672 11658
1 10692 581581622
2 15548 4361
1 10019 -83942574
2 11692 13862
1 589 617871838
2 5073 19414
1 4453 -824357529
2 789 14429
1 4767 440860431
2 19323 7702
1 7678 -531085298
2 1923 17469
1 8373 358237042
2 1946 13760
1 232 -148069125
2 8140 14323
1 14967 454552561
2 4141 5696
1 16637 239019272
2 7914 5073
1 12379 -553078900
2 14251 106
1 9916 -391993523
2 6875 16072
1 3640 155244315
2 3440 656
1 12423 -140586941
2 19910 9609
1 15448 -230768420
2 2501 12004
1 2773 -945762632
2 13512 11709
1 15479 -457904645
2 6950 19225
1 11007 -793572882
2 3608 19705
1 8752 -404955109
2 19343 17704
1 7224 -340332257
2 8278 18683
1 1978 -11656411
2 15125 12207
1 10653 -73272684
2 7153 4848
1 6421 860844764
2 2311 18760
1 16571 623813854
2 3119 8894
1 18523 831514333
2 4665 13161
1 10406 -567572418
2 17814 215
1 8557 385977597
2 17392 7762
1 2229 -665978962
2 13049 17673
1 6082 -618703261
2 17618 6543
1 6425 552989629
2 7694 13740
1 18519 91032276
2 2274 11940
1 6597 669360438
2 4979 7062
1 18614 -687918139
2 7382 2305
1 13463 -351151243
2 19203 4545
1 1283 394452786
2 5313 18472
1 4486 914747399
2 17819 5131
1 12100 959599125
2 17192 525
1 4749 361409747
2 12642 13022
1 664 -615596742
2 12071 17090
1 5292 573156753
2 5695 19295
1 18599 981160588
2 3410 3113
1 19710 -307125977
2 11706 2808
1 16935 -611653248
2 7981 3724
1 6569 879157096
2 8251 272
1 2816 -187986852
2 1400 6501
1 8462 -377879310
2 15488 7037
1 19321 541484059
2 16584 16867
1 17629 85693065
2 1201 1327
1 11054 618112128
2 6242 306
1 10302 45729879
2 11720 5797
1 2388 -195589738
2 17513 4270
1 2806 156785415
2 13250 254
1 1895 766332851
2 14319 10137
1 294 -920438342
2 3229 9766
1 13938 434063874
2 12659 13193
1 1793 -454454536
2 14145 11363
1 14370 -396181054
2 12670 16126
1 16971 34139489
2 2537 18983
1 5321 -122151505
2 12926 3971
1 4514 -864636446
2 8726 12926
1 13430 -965142455
2 8348 15694
1 7826 559805098
2 18642 5915
1 1848 -526328457
2 2542 2505
1 2243 101574793
2 17898 7887
1 9891 -741220067
2 3273 8726
1 244 -335666956
2 2839 2964
1 13813 899690843
2 13333 15175
1 18698 292823905
2 11099 972
1 2440 256455463
2 10153 12413
1 19270 910480713
2 17507 6008
1 16304 -988169161
2 6568 11804
1 4099 -431268353
2 15234 6784
1 12255 672211281
2 62 13100
1 15954 -476714107
2 18397 8227
1 2181 698978002
2 10121 8512
1 3097 70771975
2 8667 520
1 2831 -959904790
2 10422 1239
1 18934 908423433
2 16202 9932
1 11791 305604128
2 16698 4234
1 4169 463493394
2 3546 17620
1 6826 -223341455
2 15906 3521
1 13782 -173905896
2 12102 16307
1 10557 -834274373
2 3227 7825
1 6957 235045990
2 443 16658
1 11014 643764126
2 7958 9157
1 14317 435647806
2 1011 5715
1 5744 206333820
2 2456 124
1 19419 203825401
2 19499 789
1 7769 -918841486
2 7927 15893
1 12832 -919719511
2 5040 2427
1 16818 -496908139
2 17419 10306
1 9381 760280477
2 1921 16583
1 9370 -539551167
2 17679 3624
1 1066 80284228
2 16273 12579
1 17389 -151661894
2 11468 8685
1 9028 318193295
2 14807 6131
1 12539 406585718
2 16268 13756
1 6112 -852056195
2 2679 17243
1 10745 658747082
2 9902 2102
1 13592 -200830905
2 553 12394
1 6966 608766168
2 4087 869
1 850 -916714165
2 14035 213
1 9955 -485407305
2 2706 8568
1 1718 713818544
2 1812 8394
1 13722 125324464
2 14557 18560
1 17980 -928009879
2 2448 2891
1 10743 -764740417
2 12248 15048
1 11747 617541712
2 17572 9013
1 10045 508963424
2 9930 18077
1 19935 -484054602
2 17841 13071
1 2869 -103887063
2 13257 19159
1 15615 -824895207
2 1333 15721
1 11284 595565933
2 7944 19328
1 15232 167087206
2 18285 19805
1 6920 -837620832
2 19140 1603
1 9839 -809143075
2 4350 9411
1 3297 -780970384
2 1143 19243
1 5243 -66585447
2 13838 8647
1 6901 586287041
2 4868 11043
1 2617 -610584445
2 16725 13251
1 2658 -162549511
2 4324 14664
1 12548 -552894872
2 12581 6348
1 10787 496152991
2 14071 14147
1 6854 112371608
2 10497 13268
1 8222 -922308852
2 14757 19311
1 6325 225406870
2 17240 19330
1 13528 725302710
2 14339 12112
1 12758 -903801895
2 17806 8276
1 15726 -344310012
2 352 19936
1 4872 376717786
2 12732 19417
1 159 958131764
2 14532 11726
1 12793 657499386
2 3865 5095
1 18513 -639089663
2 9013 8565
1 3350 846431393
2 5321 394
1 2776 550070902
2 9665 5554
1 10485 902656048
2 1712 11404
1 6085 -287130902
2 14706 12363
1 1618 -646410960
2 12537 8838
1 13611 -457933099
2 343 3920
1 2836 701924122
2 9500 6922
1 9524 149691047
2 3546 10559
1 9470 519681474
2 78 9162
1 7125 -612616783
2 18392 12920
1 505 662300007
2 10961 16564
1 12955 -602379244
2 15293 10083
1 310 912750917
2 19544 3660
1 8887 334592634
2 13563 6058
1 13748 -723590929
2 378 3237
1 3664 58735620
2 19331 2894
1 3545 68753691
2 13902 7878
1 16429 -849670310
2 13318 7888
1 16325 -765581854
2 8098 19338
1 17442 957245034
2 19546 2661
1 17743 -459199945
2 12671 7394
1 10846 -285710250
2 8937 15154
1 3945 471207444
2 15556 6194
1 6367 -213233119
2 3954 10421
1 9203 -331896661
2 18667 19661
1 12127 -745613484
2 5439 15530
1 17146 3466002
2 4337 17251
1 19675 -92691994
2 9020 6626
1 14931 630033416
2 6406 617
1 1650 -722670641
2 144 8045
1 6938 -74255793
2 18862 91
1 525 -4572408
2 16077 3427
1 3735 -803077576
2 16938 9392
1 13655 -474124700
2 12007 7386
1 15042 733072741
2 3275 19120
1 254 -287433927
2 17453 13110
1 7626 -874061
2 3133 8464
1 19064 957764136
2 12813 9267
1 1402 -57318338
2 2554 6938
1 209 892974074
2 7095 9579
1 18242 -341659915
2 16212 13672
1 6186 -686131665
2 15033 17481
1 6513 -778775990
2 11512 10415
1 15893 695337553
2 4433 449
1 10386 860036995
2 2570 3777
1 15233 407249992
2 9921 13545
1 6544 -22051356
2 19875 6418
1 1256 -929734849
2 5171 10983
1 15430 -102550295
2 1584 9754
1 19374 -640483132
2 9387 10535
1 3192 -127457530
2 9625 10709
1 13407 -327835427
2 13629 5228
1 9019 -599443210
2 12184 11669
1 7854 957685277
2 3589 13844
1 9681 -371776818
2 4128 10403
1 143 -286498795
2 1817 17084
1 10874 -473973325
2 13875 12107
1 10382 91270142
2 6248 9517
1 15953 -355114302
2 15439 12189
1 8044 488242170
2 6179 15911
1 6799 -147017070
2 8367 965
1 1238 225503292
2 19990 12080
1 15160 -270699606
2 1369 4079
1 3174 -685200756
2 1252 16728
1 6107 -750813994
2 1292 1638
1 2835 258973444
2 13887 8299
1 6536 768291319
2 325 15618
1 19050 -791731971
2 5094 9990
1 2571 -924935250
2 7104 8251
1 18502 18074650
2 2149 418
1 10876 -771605038
2 16474 6091
1 9136 -168292176
2 14610 19294
1 7860 -736028793
2 15043 16290
1 5665 732507194
2 10456 9793
1 7905 -307634470
2 1408 1584
1 13701 -716875553
2 10739 17028
1 16004 -201502772
2 8654 17503
1 5504 896841398
2 1120 19253
1 17759 -525862537
2 4661 13927
1 7740 -459330608
2 17042 7441
1 7696 -537118221
2 16124 16912
1 7683 71828729
2 8436 2639
1 12274 -315694875
2 14426 9897
1 12864 877829395
2 11867 1099
1 3922 299700128
2 18108 9730
1 10191 -557620322
2 6673 16010
1 15307 952536932
2 18764 10286
1 11515 -520328860
2 13972 2193
1 3564 -842983742
2 7941 11203
1 16874 931401711
2 2902 14559
1 19798 -69625187
2 5079 16392
1 8236 356000713
2 14019 9824
1 15542 291549803
2 7672 5115
1 6089 -432466277
2 14141 1351
1 8495 836632693
2 12244 6286
1 1904 56782417
2 1712 9413
1 8193 795862610
2 6590 4171
1 7205 -187945452
2 2775 17663
1 19335 -67943616
2 6389 12967
1 13641 -836528630
2 18936 1991
1 19642 652563523
2 3977 12578
1 4945 36137534
2 10001 14414
1 18062 -569655195
2 9382 16094
1 8451 -615103566
2 5803 12207
1 3314 -200564040
2 6816 19319
1 5398 994925404
2 3798 229
1 12574 930306000
2 11771 8891
1 12809 -278734310
2 4903 311
1 4163 -204395312
2 18646 14430
1 5529 35850572
2 7846 6092
1 254 847879300
2 4503 9562
1 15460 539055142
2 5310 3008
1 16856 661260424
2 9943 15399
1 15936 639630048
2 17777 123
1 3233 -964169796
2 1280 16484
1 16635 -91362582
2 16807 16891
1 18841 505869216
2 15527 17174
1 8275 666996514
2 15789 8537
1 8786 -630923157
2 9917 16250
1 2486 -466298100
2 17196 10604
1 12099 66730154
2 7241 11834
1 19590 -219853266
2 15284 5561
1 18959 -816851370
2 13411 17447
1 1239 535125732
2 8620 16468
1 14865 130065637
2 17182 12079
1 4836 -645182672
2 17400 19493
1 17629 338578824
2 15896 17036
1 8044 -721285856
2 9910 13146
1 449 -329821668
2 1402 14970
1 198 -433148884
2 9149 670
1 9316 -555932956
2 19256 10334
1 11169 -325214472
2 11108 929
1 6864 -937564417
2 7714 18113
1 13943 -840742551
2 11395 8720
1 16797 944641125
2 7848 10865
1 15601 -70686151
2 2147 1831
1 7527 -552035275
2 18683 2538
1 1372 651190140
2 4204 3057
1 4825 465124434
2 14146 17277
1 13047 242396015
2 9240 2160
1 14243 -824849575
2 7839 10095
1 13515 657914035
2 4311 1085
1 261 -3728104
2 7695 8520
1 1626 792842381
2 14201 14419
1 19517 136994254
2 8234 16966
1 14807 581387466
2 1905 14898
1 19344 197758992
2 10506 10520
1 17171 -674408576
2 8511 15125
1 8218 729612698
2 15917 18180
1 7863 281337549
2 11657 13685
1 15851 565403977
2 13581 17248
1 2883 738973728
2 6877 1066
1 5607 768917294
2 8411 14099
1 12094 145818141
2 1827 17731
1 16027 -371799776
2 8032 17349
1 12060 853899895
2 14489 11296
1 7071 -156287343
2 1751 5946
1 6361 -510444567
2 8630 12930
1 13815 338093487
2 5589 7772
1 3408 -271056374
2 9370 14290
1 15432 -228501392
2 7287 3610
1 15238 -534679142
2 2278 4083
1 9073 290895516
2 5082 10221
1 16448 306504853
2 18694 4392
1 15696 567771480
2 19030 4659
1 12098 782723037
2 8992 11340
1 5560 586547669
2 19078 13063
1 5732 -414458544
2 15429 19458
1 7176 -41965885
2 17484 13074
1 6076 299477428
2 10408 15466
1 14140 356887929
2 15246 7869
1 9724 209959444
2 10821 12981
1 17507 522855431
2 12494 6515
1 1549 269707755
2 9957 10187
1 3201 -875873684
2 15212 18733
1 13851 388492383
2 13122 10166
1 3675 649784190
2 19168 9239
1 16650 -271057328
2 920 14090
1 3985 -162574501
2 13689 8026
1 16340 -796319204
2 13252 4825
1 4977 546389756
2 18723 5910
1 3743 -179691949
2 15341 1953
1 19096 -145868647
2 9226 7403
1 13216 662289207
2 2842 17374
1 12698 199074712
2 17476 7405
1 15009 977260504
2 19576 16942
1 17801 555836565
2 4715 19950
1 16684 839960128
2 16224 4849
1 19141 -516168318
2 16845 14066
1 178 -390577350
2 11943 129
1 16323 1359384
2 12432 1168
1 9279 608578995
2 531 11655
1 14101 820129222
2 14643 9422
1 10710 -302663621
2 14487 6454
1 3143 285889643
2 4997 6203
1 17315 947885401
2 12305 5256
1 18143 -5680034
2 11224 10734
1 7830 -520423551
2 11321 13182
1 4300 -576318824
2 1450 18236
1 13052 -585914649
2 8112 497
1 19340 466743455
2 5124 19697
1 18746 308046079
2 2385 5279
1 16109 -121998093
2 5403 19546
1 17852 32427067
2 7739 17619
1 12418 853140857
2 8860 18008
1 6819 -725802837
2 7204 2565
1 13987 -334206340
2 19957 15966
1 13272 -901232263
2 6433 5240
1 3264 865033072
2 2763 16980
1 7255 804537652
2 7308 16869
1 17752 -554913915
2 7679 4639
1 7124 -147369008
2 10955 1895
1 13345 139591215
2 17170 128
1 12251 265240957
2 8934 10035
1 17181 331966336
2 2174 6483
1 11928 759584128
2 17512 9857
1 7281 -315567553
2 13431 14716
1 15146 -384696500
2 19700 13877
1 12531 466180919
2 14029 3143
1 15141 -122898834
2 19680 12561
1 9408 -582155538
2 2150 2740
1 13774 509858037
2 12440 17728
1 6263 -255421735
2 510 4175
1 441 526393218
2 7258 18465
1 13475 661588443
2 3526 3305
1 1236 158037911
2 10910 16408
1 7224 479798721
2 2328 1048
1 15314 -293186270
2 7447 14822
1 19993 937198330
2 5512 6214
1 3711 689586611
2 18653 17043
1 10654 -70248352
2 4269 64
1 10680 -828102228
2 19722 10674
1 18691 301736514
2 9405 18439
1 7708 -636320052
2 19868 1904
1 15199 -616459706
2 14960 8912
1 12867 704088702
2 12289 19447
1 945 212463657
2 18670 18530
1 5802 -772195422
2 14173 11231
1 6592 -918346077
2 8749 19657
1 7911 -209818953
2 4843 4932
1 2704 327741657
2 12927 19386
1 14240 997774838
2 4877 18338
1 8530 -696250374
2 17672 7871
1 17256 231909604
2 9715 12530
1 8468 390345358
2 630 5293
1 17156 -687940076
2 372 10604
1 18073 236048950
2 12073 16086
1 18628 -208354048
2 11878 12141
1 3740 474034447
2 10347 1793
1 4687 -280776924
2 17680 16007
1 9455 -24269141
2 1384 7448
1 5050 -281610625
2 4986 18053
1 8179 -620948451
2 12500 16892
1 9223 -989180376
2 18401 5090
1 2496 -136917425
2 10353 4399
1 1506 757774429
2 7830 10827
1 19022 745187302
2 10096 3241
1 18655 566527440
2 17931 17495
1 12131 812618850
2 15305 14920
1 1190 75662020
2 5219 3103
1 3488 -108234222
2 17512 15795
1 15187 820427211
2 18386 8210
1 8891 -275076883
2 3537 10304
1 11886 309798497
2 4788 9537
1 19281 594785995
2 15206 7125
1 2307 -279851512
2 14810 2823
1 19370 -128574995
2 12976 19278
1 5763 982934882
2 2808 12281
1 11982 536393037
2 16521 7294
1 2138 115881350
2 12292 19320
1 17008 -177685939
2 19150 4577
1 19022 191234066
2 266 10957
1 14065 357374238
2 256 316
1 13940 473214827
2 13517 1542
1 17211 161011150
2 18137 16385
1 1947 772384348
2 3395 14428
1 8651 438366242
2 14672 4335
1 15333 736372817
2 16243 17546
1 9179 269646879
2 17792 10854
1 12971 -722475183
2 19639 9361
1 14054 -335138878
2 8747 17024
1 15709 273082422
2 18041 19114
1 14150 -990875522
2 17405 6604
1 12739 -144060445
2 1209 1478
1 2440 -518593537
2 10849 1179
1 16999 -522830089
2 1944 17984
1 7728 14778982
2 10670 618
1 3011 -517392145
2 6974 8709
1 9389 -225192292
2 3278 4074
1 11658 423869159
2 11225 7161
1 15581 -859364082
2 8605 13543
1 4362 464748073
2 14792 18229
1 18481 -372053957
2 3068 8296
1 11782 -94174119
2 15959 13568
1 4480 -259091381
2 999 17282
1 16247 -899740635
2 8572 5156
1 1381 679200899
2 10947 17876
1 16735 967753503
2 18235 179
1 8718 61788411
2 12215 2272
1 8844 -781180820
2 6024 13528
1 15760 -372595224
2 3795 4718
1 8685 -683544542
2 15263 16933
1 14929 783198706
2 5469 8467
1 5983 -354264936
2 11493 10845
1 6158 -785024759
2 13596 14010
1 2842 -823171793
2 17834 17084
1 18415 -969855107
2 7818 15451
1 11135 -759456798
2 16585 4550
1 13520 528220829
2 16921 17378
1 11026 -919193221
2 88 5637
1 10585 -424130643
2 10514 5153
1 2349 44361534
2 9313 7062
1 17844 768238653
2 14340 233
1 8763 104499746
2 12906 13244
1 467 925336867
2 3634 2404
1 18666 -929154043
2 12867 18008
1 1966 447809206
2 11202 13674
1 11008 556177350
2 7850 5850
1 12080 -902139504
2 9054 10678
1 13941 579549825
2 2475 5035
1 5954 562105666
2 8161 17652
1 1710 -745377347
2 13264 9916
1 11012 563201905
2 13943 10673
1 8771 231526506
2 9835 17852
1 19746 893040743
2 16849 14619
1 2184 -123190649
2 19765 398
1 10474 -728320068
2 12417 11292
1 650 -922914738
2 9880 2338
1 18366 885791139
2 9912 1757
1 1752 -229613779
2 3245 19708
1 14518 72294129
2 19637 11705
1 8616 -977324742
2 2991 12230
1 7944 145400837
2 15845 4385
1 16167 544868386
2 6901 5703
1 7649 -941191547
2 13402 13420
1 9200 318345713
2 12916 6843
1 3243 -418077279
2 14281 1628
1 4083 985722467
2 4106 8728
1 15469 465100329
2 11527 18503
1 15285 -186519118
2 11783 5364
1 12881 -793641334
2 16103 15422
1 14957 -435356811
2 12489 439
1 19082 510313035
2 13702 19257
1 11060 -17777097
2 13233 13019
1 11654 361973056
2 11446 12571
1 6728 -102869548
2 15112 3467
1 12175 -617147253
2 18505 11921
1 13855 386603241
2 976 3329
1 18844 555700300
2 12667 15005
1 4765 -840153377
2 2561 7791
1 12723 193525032
2 17489 1489
1 16087 -284958526
2 18578 11302
1 1378 -62727414
2 465 7998
1 5203 263997927
2 4197 14254
1 5673 542232271
2 14877 10046
1 7842 858993772
2 13326 12428
1 9137 -673302516
2 19907 17115
1 17785 -739980698
2 10805 2314
1 1415 923748485
2 13628 13264
1 6721 617821642
2 7852 10605
1 4907 -761685693
2 1256 18222
1 4880 -500284329
2 10169 16889
1 3853 -270578343
2 5453 708
1 13238 -3782383
2 18008 11996
1 15924 -113510157
2 3536 933
1 17937 -563191495
2 2082 16349
1 10695 -615462713
2 5558 11334
1 16434 -567117422
2 12560 8606
1 7335 -525631902
2 3559 2226
1 13307 -97464361
2 10834 15084
1 19668 -36932845
2 1133 11537
1 5086 940437565
2 2585 1278
1 1432 -44437577
2 16840 2590
1 19750 705929519
2 8255 6251
1 3132 953275415
2 6173 9012
1 6941 661380233
2 6148 10611
1 13329 641922627
2 18053 19845
1 4138 -568394961
2 5621 11467
1 3686 -66931737
2 17632 15743
1 18070 473861311
2 6658 14654
1 9487 638604678
2 19200 10689
1 11300 46970755
2 739 9412
1 903 609606943
2 16316 5839
1 13463 413726824
2 14517 11721
1 11974 -815511083
2 14613 8876
1 9461 596758241
2 9128 7162
1 16661 -663339752
2 15573 17071
1 6146 863231513
2 15269 1800
1 10064 945706581
2 18332 1740
1 13780 -662851995
2 7651 12288
1 11811 -332624633
2 17103 16195
1 6117 -873810711
2 8959 10871
1 11175 67331976
2 3460 18764
1 8695 751566722
2 17801 16986
1 3556 -621026819
2 6278 9438
1 11705 347074644
2 14836 12533
1 10838 -365824313
2 7993 1870
1 3954 317615013
2 5631 18984
1 16387 430541049
2 16677 5764
1 9060 -39382210
2 13490 1538
1 16274 216922245
2 765 17824
1 16095 -56432112
2 16920 584
1 13607 953985499
2 14290 2733
1 1314 28092754
2 19330 7151
1 3313 767376488
2 11169 4763
1 13060 292928623
2 15758 9209
1 17123 -157434372
2 16540 16618
1 14484 230145220
2 5272 11744
1 4456 -156253400
2 18658 12425
1 3176 -236672840
2 10464 17149
1 16659 11509638
2 1237 3120
1 10737 -564394231
2 13961 16521
1 11874 -165580726
2 18183 18776
1 7451 397651756
2 7777 14595
1 3401 368007492
2 5644 10761
1 3954 650469617
2 8849 9659
1 7083 -554458404
2 2668 14398
1 10941 910850858
2 13283 6535
1 10985 -281948880
2 5252 10837
1 11847 -526739508
2 16248 18181
1 8930 469709392
2 9097 13755
1 16929 -528261528
2 1201 5411
1 2026 570545631
2 15408 15375
1 11022 307146620
2 1938 19633
1 4972 579114972
2 1436 258
1 17944 127019662
2 10167 4045
1 3931 852760680
2 16115 8201
1 19246 -999069731
2 9977 8473
1 3745 360477434
2 19159 707
1 1138 -176993429
2 3598 18227
1 2265 -268284360
2 16435 5883
1 2755 -699920386
2 16351 17990
1 18959 -238071927
2 653 5641
1 14147 763951652
2 1787 7922
1 19543 568259026
2 5696 7528
1 7237 -187836523
2 1610 12667
1 13330 89813590
2 13810 19176
1 19023 -878326389
2 4268 15371
1 5791 87546580
2 10494 2929
1 13003 864804819
2 13626 9020
1 18140 -880641049
2 10799 6265
1 9263 -922025797
2 5595 18830
1 4119 460497047
2 12561 6546
1 7562 -944858801
2 3198 4748
1 14717 866067125
2 12114 19078
1 17131 966827863
2 6699 18087
1 10265 926947635
2 19558 8169
1 15817 882163983
2 8523 4438
1 1534 -892958814
2 2971 1970
1 16100 874124431
2 19290 18683
1 16523 -932679065
2 7810 13997
1 14083 298279578
2 15123 19572
1 4074 623948496
2 2167 8391
1 6037 -668065478
2 18809 17728
1 727 865387973
2 3808 17287
1 15847 -293260849
2 14557 13356
1 17595 520215739
2 3838 15272
1 19710 -558094487
2 1916 16666
1 7660 667603608
2 19997 14232
1 12686 891540164
2 10231 4039
1 6296 892278493
2 17318 5359
1 1488 -443281097
2 13451 2525
1 17144 -711223655
2 11631 12217
1 7326 874010101
2 4020 15904
1 7934 156692223
2 11225 4321
1 17157 -756315545
2 18161 5999
1 12725 -743220113
2 7004 17817
1 9383 17387108
2 16376 16323
1 7222 780260556
2 17997 16290
1 10946 136423636
2 5677 2335
1 12922 532023946
2 7949 15585
1 10400 175975629
2 761 6197
1 4351 -217995615
2 14245 11834
1 18034 813839829
2 10901 898
1 8430 -231311239
2 13327 15195
1 14549 -147415675
2 8180 8905
1 11433 102825875
2 14605 12351
1 17301 -208059513
2 15033 493
1 17805 767308003
2 13485 13229
1 19 -305727117
2 12254 6040
1 7266 737494721
2 5028 19270
1 2367 311403943
2 12166 16340
1 7769 -813866939
2 15636 4301
1 19681 -151296849
2 3243 13964
1 6465 889001109
2 4961 16892
1 5889 -902366914
2 16489 13988
1 3625 -171476051
2 7526 3133
1 14008 -630327489
2 5490 17090
1 14805 736878394
2 13213 15090
1 18323 -595535576
2 19095 10839
1 14216 -946972482
2 18942 4922
1 2015 678236059
2 16931 18562
1 5295 -545203938
2 193 16529
1 313 424979909
2 12505 14406
1 18109 -46655022
2 6281 16065
1 6452 -193033033
2 7631 1099
1 17563 -155622967
2 10987 19628
1 17729 -229407020
2 13153 18890
1 2055 -964942901
2 7274 18914
1 16597 219209244
2 17766 3829
1 3355 47715261
2 10206 4700
1 14669 -538826351
2 10290 11760
1 1485 -259659691
2 138 246
1 8345 -250129544
2 15416 8808
1 15559 30558752
2 17825 18256
1 12602 -798126505
2 2310 11321
1 3982 295906117
2 275 11426
1 8971 -350778530
2 2996 12612
1 19897 -758501524
2 5980 18603
1 3732 -503580460
2 7007 15705
1 1554 93787329
2 4395 18049
1 9432 814490147
2 3150 9983
1 7124 -457014665
2 5643 10005
1 18714 -255401783
2 17407 2750
1 15048 -817858731
2 13786 15462
1 9689 -299909489
2 7826 9298
1 10481 -510846978
2 18440 5305
1 9900 428997602
2 18367 16374
1 16530 -288522440
2 4009 10424
1 13016 359275628
2 17438 7567
1 17891 -187978916
2 9657 682
1 1003 580474692
2 9588 8211
1 2518 64760035
2 4364 15884
1 389 742771428
2 14157 4416
1 17610 -208068193
2 15163 7964
1 4229 -130922189
2 12399 3554
1 18682 -214527535
2 4287 7915
1 11076 -114938522
2 9520 19573
1 9433 -629947942
2 1354 7479
1 10110 40392953
2 15695 1631
1 3723 195051505
2 2235 7996
1 665 -534970422
2 2856 1618
1 12009 331662404
2 5990 4888
1 3713 -510926905
2 5540 8878
1 13978 146615976
2 12917 1974
1 16451 564155783
2 15425 6199
1 7376 998963177
2 9297 6577
1 12232 -337267485
2 1630 10888
1 9681 -670386819
2 14098 9204
1 13766 808422995
2 18053 2402
1 7328 517362752
2 12355 660
1 15440 -665144272
2 12391 10267
1 1342 -800117159
2 17384 13438
1 19193 -413181521
2 5474 12730
1 3217 -915364212
2 18404 3063
1 6475 394001690
2 6142 3064
1 11437 -54856361
2 3808 6337
1 9525 23199439
2 16106 7722
1 507 30561505
2 2068 5523
1 18773 574161473
2 4452 18754
1 2422 -68405643
2 9753 3949
1 11086 -624990921
2 13321 14860
1 17504 -492176387
2 9161 6235
1 5741 201847130
2 14826 9059
1 3248 -614332107
2 16790 1880
1 11420 325206496
2 15012 41
1 15824 60862400
2 10471 1394
1 19825 -349534517
2 3101 683
1 18756 -373402044
2 13984 19307
1 14383 -908952806
2 12132 7501
1 6789 -279643918
2 1494 1936
1 1685 671218360
2 1658 1534
1 6383 799491516
2 10095 15972
1 3924 -731452312
2 13315 18346
1 12912 -985077159
2 14103 15371
1 9414 998888271
2 6462 3835
1 4452 502198641
2 6958 19058
1 5936 939530489
2 4581 12575
1 7432 -723518387
2 14761 11235
1 18400 -918964037
2 18740 12140
1 10393 964211868
2 18553 9128
1 13691 818439082
2 18943 19338
1 13557 -442518699
2 8316 17845
1 1650 277550474
2 9621 12200
1 3814 -498098781
2 4845 2924
1 13918 609919559
2 17160 2357
1 4785 -983937753
2 10244 7441
1 13427 68585966
2 292 16286
1 4635 -489472226
2 13762 5887
1 10987 481006071
2 6699 12578
1 16621 569072577
2 1723 8892
1 268 543878015
2 9674 15782
1 19970 853836915
2 3220 19562
1 8827 133097727
2 10856 5334
1 3513 -549331475
2 3428 13136
1 4010 95459645
2 14975 948
1 4900 205619861
2 7240 253
1 17143 -75758554
2 12070 15642
1 15868 -272496988
2 3659 5364
1 11239 990601611
2 853 943
1 13119 -134245668
2 1436 12660
1 3594 694614354
2 8143 2040
1 3763 843781415
2 2950 2798
1 4805 726094531
2 15507 19970
1 8767 -715437347
2 959 15916
1 1274 64166525
2 9479 14036
1 10952 300550747
2 1493 10955
1 13618 -430448149
2 18967 16392
1 9190 708815056
2 9488 13482
1 2695 534865426
2 1225 4894
1 18343 643379353
2 1369 57
1 11609 -151302077
2 7180 10090
1 5750 425165952
2 1751 2818
1 3462 11517217
2 18919 12511
1 14969 824884795
2 18511 6335
1 10526 992012268
2 12365 7269
1 3563 671088660
2 12953 17097
1 5615 604975424
2 17309 17243
1 9156 -923704410
2 13414 12984
1 18661 537274531
2 17809 1988
1 12584 -95351297
2 10644 19184
1 10613 -477413919
2 19236 2893
1 11477 364586185
2 5123 13192
1 14540 -685559731
2 7550 11411
1 8949 92292377
2 7638 3651
1 13888 -344161544
2 10753 6374
1 17022 -895253782
2 15486 10880
1 12602 302706623
2 14962 5580
1 10184 -419487021
2 2202 2606
1 11957 -922820730
2 2719 8487
1 10656 -593689036
2 7996 8415
1 985 -660903396
2 2450 11400
1 14307 -445571491
2 11029 11522
1 1108 -68379409
2 226 2576
1 3519 909293503
2 11990 5883
1 2926 -831102300
2 4716 4700
1 12295 -467334657
2 18732 11068
1 12651 -409428638
2 19633 8483
1 4607 233779308
2 1163 10475
1 12576 -938040600
2 10069 1762
1 7673 -815948991
2 9868 13114
1 1937 516838306
2 7648 16098
1 9792 129224815
2 19768 6509
1 7844 -317664652
2 16014 7461
1 4398 432229613
2 242 2691
1 6283 473480334
2 9709 15345
1 11032 -790454984
2 15631 6843
1 19448 -97083107
2 8156 11353
1 15366 -298504343
2 2247 1701
1 3700 352354465
2 9349 14770
1 18368 -351512481
2 18084 18704
1 16395 -217205747
2 6335 10830
1 19295 -700057001
2 11502 16487
1 19546 522824790
2 6575 11690
1 5090 -641867191
2 19811 16579
1 11045 -322255905
2 13279 14868
1 13 -645189676
2 5361 1300
1 10424 -157923404
2 5752 14923
1 12995 5354859
2 10061 16612
1 6061 -902151658
2 2276 2173
1 10187 -64348604
2 9254 15023
1 5490 -673283551
2 1332 19925
1 17877 679802893
2 7325 8944
1 5550 -53112501
2 12906 11020
1 16054 -853683019
2 1747 11461
1 7653 922219984
2 5438 16400
1 12262 -802862626
2 12971 9225
1 7583 155802279
2 6115 5983
1 17293 -398407656
2 8438 6035
1 18018 -431335124
2 5547 3760
1 7554 -559054965
2 17825 3935
1 1045 -67107574
2 15367 16709
1 2807 674887209
2 11131 1764
1 7690 -95971346
2 8967 11672
1 435 -737111436
2 7045 9689
1 16120 635873847
2 17340 18825
1 11603 -662806417
2 8975 1158
1 5516 733780824
2 15311 8464
1 5085 -91552953
2 10257 1728
1 12925 -857930603
2 15373 1642
1 18467 -448414974
2 6193 3635
1 3934 -287676430
2 1229 9250
1 7103 -478279302
2 14122 5569
1 3638 -315154783
2 9601 17678
1 11971 534650585
2 9844 18833
1 11646 -77474458
2 4638 5201
1 15461 -2739480
2 8630 2984
1 14229 37210784
2 4129 18433
1 6294 628948738
2 8703 8897
1 8243 219724346
2 9831 9938
1 17862 -264155828
2 7694 18622
1 12471 -801857513
2 12745 2232
1 18972 -416499816
2 3472 17853
1 11491 -687729728
2 3342 13825
1 9318 656713028
2 4892 8412
1 8958 -37369951
2 954 13272
1 298 -376977345
2 416 2263
1 19323 -517649181
2 971 15591
1 13514 -367638252
2 17173 7415
1 14969 -223832382
2 16624 3556
1 2917 971087997
2 4026 17866
1 12818 -317084056
2 1322 16091
1 3480 -361266275
2 1197 19375
1 19766 932684999
2 17139 6695
1 9838 186777269
2 9678 8012
1 1222 406283106
2 11779 17818
1 11174 798562443
2 15313 9340
1 12226 -553031664
2 6963 6635
1 18462 159985901
2 9055 10581
1 9349 957799307
2 1705 13789
1 11598 -996518788
2 19929 8247
1 12377 -806174725
2 2738 13987
1 17194 613339698
2 16224 14625
1 14275 425079470
2 4074 1715
1 17421 958647054
2 13228 8619
1 18863 445061258
2 16075 6732
1 11470 -768036142
2 9405 10923
1 4705 57339893
2 7984 14791
1 12766 287582193
2 8383 12982
1 15275 666896969
2 19821 16802
1 11609 -191807392
2 4491 5144
1 10179 285367827
2 18039 7726
1 10424 -940030807
2 301 15367
1 1352 -996176997
2 2746 13802
1 17287 -501616855
2 8780 4769
1 12475 202603659
2 9644 13441
1 13130 -523204778
2 1185 2
1 6970 -260483138
2 15375 14136
1 18563 84018516
2 7423 14966
1 3575 959774532
2 13655 7966
1 10389 285567621
2 2401 8343
1 17174 -289247139
2 10807 18402
1 2655 902750439
2 14051 9078
1 13102 544874587
2 15717 9368
1 372 -529748951
2 13732 1925
1 5373 -529763282
2 3611 12113
1 14585 846682498
2 19280 19359
1 16635 460978492
2 15699 395
1 6001 829767577
2 19622 10267
1 6427 -717088590
2 5661 5593
1 17953 -104126850
2 19480 17941
1 14742 795487585
2 12126 9757
1 19600 634782180
2 1450 10157
1 1690 953570374
2 12354 19584
1 10703 -664353071
2 7629 10692
1 14992 -691884144
2 12600 5030
1 6608 -845700976
2 8198 2338
1 10006 19896017
2 1069 8907
1 10054 670575965
2 12472 12442
1 9735 697157437
2 15111 6626
1 10353 -633638663
2 135 15167
1 4560 -237838660
2 17933 5742
1 18270 443064753
2 9684 2264
1 6266 346013234
2 8354 6713
1 7847 -163963851
2 9266 12004
1 1796 -824432290
2 14868 1276
1 16344 927158807
2 16446 3838
1 3729 877160411
2 4146 662
1 5180 -370431255
2 2800 1042
1 6934 -997743508
2 17381 4419
1 15208 -57186155
2 9026 13073
1 12935 -180688945
2 982 12279
1 13445 652251193
2 4028 11599
1 15243 237302518
2 17787 16466
1 3095 689391991
2 1962 12701
1 6167 630559769
2 8260 9669
1 5722 194109918
2 19084 1210
1 3175 982833062
2 1424 9150
1 1478 -868412541
2 16240 210
1 17028 661855456
2 19287 11818
1 15493 -231742060
2 3359 743
1 2333 687652701
2 17816 17128
1 16839 -584128726
2 16376 7593
1 8961 230328863
2 3479 5048
1 2919 -600810182
2 796 15634
1 8817 -881340088
2 4845 2553
1 8405 -659634599
2 574 16465
1 3246 622216469
2 9285 12930
1 1193 671901351
2 3198 13584
1 5823 629302460
2 8889 14715
1 3159 845990453
2 18069 9669
1 10094 997441435
2 15683 18564
1 2773 -911113432
2 6650 11672
1 17866 831472087
2 2256 10268
1 5518 -980009070
2 4246 7207
1 2969 585994688
2 4900 11276
1 11257 476364764
2 13460 3415
1 14241 287404804
2 12774 3867
1 12134 -215878976
2 12712 7760
1 8696 -708057260
2 19133 10735
1 1573 906528691
2 4788 19910
1 18975 690280887
2 11296 17900
1 1086 -338301514
2 2146 18638
1 10902 19656781
2 13644 12228
1 18277 939217920
2 6331 13470
1 18954 272978048
2 14308 12972
1 17962 -543874241
2 4806 964
1 14581 -38595070
2 11610 6320
1 3375 630181860
2 15599 804
1 8986 233896201
2 4729 8468
1 12519 917219160
2 3066 10958
1 17064 -332741116
2 15235 12717
1 16766 619419842
2 7282 3202
1 6659 783734386
2 13509 16853
1 11923 816718671
2 12197 19986
1 7541 498736205
2 3347 10229
1 4077 431834278
2 6420 12227
1 6735 -694228151
2 11070 18873
1 17057 -720258971
2 7858 10459
1 14355 477974026
2 18135 7646
1 10923 -445605339
2 7311 3212
1 18856 -517941900
2 14420 17424
1 11116 880658328
2 19530 1627
1 18139 -619443298
2 14717 5364
1 3404 -569212544
2 8672 11988
1 2694 -67113635
2 7036 13901
1 13941 -316164646
2 5384 14336
1 2909 -143674526
2 223 12433
1 16061 -53237918
2 2783 19977
1 16314 977503828
2 1408 9910
1 13217 -754166446
2 1414 2927
1 4344 294161613
2 9501 17794
1 12985 -317487716
2 11545 16358
1 3848 367593319
2 10196 1169
1 19710 519683782
2 10828 1542
1 16245 910778870
2 11500 18791
1 12389 272785720
2 18396 11907
1 4792 681238476
2 2792 10290
1 5178 371760426
2 3195 6376
1 16539 416623278
2 865 9826
1 11746 -394691844
2 12373 8812
1 19371 -457908810
2 9668 8083
1 15607 -123584336
2 1374 6843
1 16484 445812762
2 3341 8642
1 6632 251453264
2 17117 16268
1 1639 -622722726
2 3845 17650
1 8570 959788209
2 16990 5275
1 10047 214182910
2 17769 10149
1 16068 437102916
2 14850 11535
1 7698 -137045549
2 356 18572
1 9643 819197173
2 9374 1779
1 8125 989884919
2 11847 11423
1 17018 -220321026
2 9282 14862
1 3177 -16619815
2 6157 6517
1 2728 605766434
2 16668 17718
1 8587 315869956
2 1425 355
1 1833 -973481605
2 19976 13941
1 8408 -491956528
2 14569 12048
1 15281 -566007337
2 5716 13015
1 3845 396733103
2 7618 19539
1 11120 160344790
2 4273 9658
1 288 -98944742
2 6242 15893
1 15618 117457127
2 5354 7184
1 18224 -465547822
2 13611 11842
1 11891 -80180992
2 10567 6400
1 4277 706858781
2 14301 18161
1 778 -861478505
2 7658 15157
1 18933 706183962
2 11917 4135
1 17552 -505791668
2 11426 16631
1 13665 372497856
2 5775 16968
1 16035 -865935151
2 18025 9340
1 17797 89404622
2 12466 18667
1 8946 503441698
2 1432 5137
1 6941 -852641124
2 11244 2155
1 15564 -258344843
2 18603 1479
1 4289 693752960
2 6242 19574
1 4836 76130472
2 19586 6958
1 4505 -712848425
2 8593 9153
1 12297 -263537222
2 13207 8900
1 11450 303168878
2 14987 19657
1 14519 -935788377
2 8433 10464
1 2009 -187128035
2 11417 7230
1 3003 -38499805
2 19242 17142
1 18147 652504629
2 916 2120
1 10023 496967993
2 2899 2361
1 17675 395029265
2 1600 763
1 3137 -196893897
2 17593 18956
1 14054 -100763553
2 6445 17578
1 8543 -718531008
2 9483 6669
1 11647 -799124765
2 12955 2035
1 14490 -90827543
2 11441 9789
1 6006 548233010
2 630 17842
1 14479 756716452
2 17895 8692
1 1158 887879680
2 3528 19462
1 6319 -21198741
2 4934 19291
1 506 868686130
2 488 19478
1 16311 -95639661
2 15023 1559
1 19759 -27595306
2 15899 15007
1 11453 -895200984
2 8668 13618
1 3356 521294537
2 16285 16237
1 8520 -608150068
2 1321 8767
1 9746 -372686405
2 16365 2876
1 9412 -879006356
2 15202 5056
1 18766 233190897
2 14918 1810
1 3900 609690479
2 14461 8262
1 6913 634115058
2 19646 2943
1 11077 -106115336
2 16904 205
1 17495 -684669368
2 2796 11494
1 5258 -913344191
2 3565 11311
1 13460 468522709
2 9907 16249
1 4443 831162467
2 14571 17927
1 16999 85957097
2 17066 17932
1 18879 207595394
2 11808 3867
1 3937 -10650989
2 12820 2297
1 15742 404050794
2 16254 3506
1 14359 184764087
2 13768 10290
1 6174 -675127343
2 12221 3976
1 19705 -58949616
2 9580 18968
1 13791 827026742
2 5311 15105
1 8751 -985489956
2 11271 17782
1 17176 281577254
2 15342 57
1 18747 -817588357
2 18497 17441
1 2629 829789400
2 12723 3566
1 15500 -402359004
2 8537 8482
1 6188 350030090
2 12278 11625
1 11245 805794617
2 138 2640
1 797 -58737158
2 2285 17938
1 12842 904040577
2 7848 19912
1 7245 55910728
2 8530 8484
1 11989 -269096094
2 10272 19280
1 19839 -188064174
2 6583 7693
1 18364 574597041
2 3910 17920
1 14038 -706952946
2 7904 17628
1 7289 -77037038
2 13507 9664
1 6504 -403934404
2 18163 18875
1 13401 -199486390
2 11082 11647
1 1934 939592805
2 6960 15026
1 15936 368564727
2 2206 11067
1 18102 767809114
2 16721 483
1 3302 -524706876
2 2121 9458
1 5080 630806269
2 19345 8068
1 11619 -505534737
2 3116 14503
1 4960 -659496092
2 15931 19869
1 12357 992003134
2 7956 16452
1 3934 456784147
2 10956 7206
1 6467 620338790
2 16789 6225
1 7360 51283272
2 9923 8647
1 5714 -685342800
2 12859 18675
1 13151 581050942
2 18992 18056
1 1475 -82772288
2 7953 15567
1 417 -706142094
2 5268 16956
1 3669 891527377
2 10433 19203
1 19938 -21358264
2 6442 13729
1 15731 -42228371
2 5164 4754
1 12270 -456073073
2 17578 12732
1 10232 912015188
2 13352 18711
1 15821 365405584
2 6874 11650
1 12182 -272483981
2 16890 19847
1 2002 -504822015
2 5321 17217
1 12869 -667786403
2 2966 17490
1 11917 -606098815
2 9722 9386
1 263 -987494450
2 2476 17523
1 14896 -389077465
2 9350 13349
1 9750 478334280
2 17996 3688
1 11451 -942320178
2 13280 17727
1 11828 95437976
2 725 14284
1 16437 267152496
2 1978 6103
1 6466 768934605
2 5070 18661
1 3324 -978773115
2 16740 19445
1 10453 -801549523
2 13851 4435
1 18124 240482021
2 16832 14887
1 11495 551043786
2 6706 4937
1 12402 -237694568
2 2907 7548
1 5738 876008824
2 7769 7255
1 16647 80980874
2 3335 17788
1 17438 481176106
2 8149 3291
1 5394 679110790
2 8231 9594
1 4130 -883898667
2 2346 19609
1 14063 -544299225
2 12049 14859
1 11778 -260335202
2 2535 16992
1 17499 -575253512
2 13501 9626
1 1645 581403396
2 391 15983
1 10196 611673477
2 8837 9228
1 10995 983202653
2 13268 17570
1 16901 555937872
2 12910 11019
1 15081 -877218138
2 8799 8918
1 18098 -328268709
2 9929 10707
1 17102 635140071
2 16862 16664
1 11348 393400998
2 8053 15735
1 19814 415061107
2 18551 240
1 5668 -692136846
2 18912 2497
1 927 265087884
2 12819 2554
1 12249 47434492
2 11812 6958
1 1716 -64200215
2 17369 16801
1 5529 356206627
2 8322 18034
1 19208 -749252879
2 16230 1852
1 6447 81433490
2 4339 10316
1 19379 -421660083
2 10599 19643
1 15539 40006172
2 16386 12420
1 8561 747601566
2 18143 10045
1 13227 516825406
2 9033 9057
1 9211 -400403543
2 13594 14008
1 4482 -64897211
2 19840 10834
1 19897 -92405418
2 13743 4651
1 17503 -999949013
2 2479 3082
1 19042 480330123
2 12253 170
1 14013 -770404589
2 1534 6766
1 18044 394341362
2 9880 14471
1 3259 349625837
2 13745 7555
1 9578 -972868517
2 18932 9150
1 6412 562764594
2 3331 14298
1 16518 29201836
2 15183 13837
1 13084 -863668360
2 1189 13168
1 4934 -686648998
2 3286 2424
1 12488 619976748
2 6689 8819
1 5729 316728231
2 1932 12538
1 16893 -511996488
2 14656 16374
1 4359 -199100411
2 10932 5326
1 4124 -24547653
2 5795 19112
1 3879 -833874437
2 17900 726
1 15687 -776850166
2 9460 16513
1 8668 -94362899
2 14457 16190
1 17749 39441460
2 4034 16380
1 3258 190423787
2 7778 19113
1 14717 315840570
2 5731 2149
1 15230 400733368
2 12246 11401
1 9133 613654420
2 13528 1282
1 7623 -586940810
2 10285 4233
1 17508 570095537
2 11827 4419
1 11454 -301887237
2 17833 5810
1 17126 -808524117
2 7721 17921
1 10618 461262915
2 7494 14095
1 19816 212290921
2 4422 19022
1 1928 190314863
2 17498 8065
1 10707 269624999
2 10744 7242
1 18844 -153070558
2 18244 1903
1 8102 -468144993
2 1925 6375
1 6835 708914170
2 1643 3496
1 16075 511039646
2 981 12293
1 7892 358557827
2 16124 10238
1 16981 992733044
2 16647 15187
1 12528 729245780
2 8375 17744
1 15553 696430497
2 15298 3836
1 1075 -976351658
2 5385 2907
1 10084 -924554214
2 10606 7373
1 15637 -362832943
2 17763 9665
1 18021 823106772
2 16571 18650
1 10595 -397265894
2 13197 19153
1 12892 766348828
2 17082 12278
1 7882 -848234908
2 1072 15394
1 2675 383131590
2 570 2030
1 9805 -145731713
2 19228 8374
1 4225 106098968
2 18922 19982
1 16004 -1569928
2 468 15002
1 3572 -424268926
2 457 6134
1 16159 -465162127
2 17841 18898
1 18464 -520102838
2 15685 12309
1 5313 554610375
2 9617 8559
1 8909 -405759519
2 3620 8374
1 18009 647823129
2 2325 2202
1 4993 -365074410
2 19959 9761
1 3250 76620433
2 4032 10920
1 5794 605047858
2 19432 3755
1 8075 177339372
2 8723 18725
1 9511 386092096
2 6636 18167
1 2407 881851752
2 15539 2270
1 14302 327599393
2 7538 3134
1 5569 42133016
2 9133 13812
1 17409 279483
2 2499 18855
1 16405 -606866989
2 2316 15283
1 3585 -799899243
2 4199 15387
1 6672 765068868
2 6624 17665
1 5277 -861301007
2 1898 16
1 19277 161044731
2 13538 8517
1 19992 714687232
2 1120 12269
1 2222 -482235060
2 15080 17010
1 7233 -763278426
2 11246 2621
1 3984 470682182
2 2764 12646
1 8275 -833793307
2 4421 1951
1 13382 -714829473
2 12191 10184
1 6042 16460018
2 7031 19849
1 13011 544435804
2 8283 15402
1 18085 -696560758
2 1132 16054
1 2187 57905629
2 2834 352
1 3646 -821965263
2 4274 4724
1 9254 -292808252
2 225 14436
1 9258 813251383
2 14138 5005
1 19771 56748075
2 7686 5670
1 2779 985153574
2 19532 606
1 15847 470815772
2 1189 5326
1 14600 122390538
2 4127 9051
1 16720 -180719486
2 13345 13770
1 1118 639419752
2 17196 9355
1 3745 -605452869
2 19063 3156
1 18870 -686814913
2 4896 5431
1 2968 940156658
2 2801 7286
1 13702 -699725933
2 13827 16718
1 3069 905415056
2 5994 4866
1 4779 -376527732
2 8909 17575
1 14260 77814972
2 11697 9148
1 187 387783716
2 4621 17447
1 12272 -627979644
2 10862 12051
1 8547 -552373425
2 14329 986
1 4072 50828963
2 15431 9893
1 18703 -517213748
2 4797 6340
1 8931 409847541
2 1543 3291
1 3792 698701228
2 6189 14841
1 19240 992924627
2 5268 7556
1 7052 159276762
2 8573 10375
1 9030 468486520
2 655 279
1 9049 -50503254
2 5462 12039
1 9270 809294945
2 5226 3800
1 1189 -99873208
2 6763 3752
1 9553 448259652
2 3587 11560
1 4955 853330374
2 17920 6113
1 1184 -100060610
2 12520 16229
1 18157 -695887815
2 19353 2154
1 1119 -897696439
2 4276 6602
1 12199 -291864075
2 472 5421
1 4726 392108556
2 18982 5284
1 7248 -179691554
2 13287 3446
1 19121 -902761256
2 13571 11195
1 14357 810326174
2 13415 17089
1 13192 -312376371
2 15250 7882
1 2551 -511520031
2 2064 9212
1 8820 686349072
2 15115 14521
1 11974 275582456
2 12371 16343
1 3635 -797354742
2 16665 9882
1 9175 -218971323
2 17429 1704
1 10555 -381122950
2 12209 12477
1 12240 -577071417
2 6269 6353
1 13847 -55267626
2 7475 16724
1 6747 541990799
2 15286 19552
1 16930 -475023668
2 11146 12697
1 6169 -566423086
2 18926 11395
1 18854 84493058
2 16877 1747
1 6380 -615019352
2 7285 7295
1 11895 866290678
2 15505 10146
1 3162 -679097760
2 16542 10637
1 18421 510639981
2 11887 7220
1 5271 -92785243
2 11693 12427
1 19120 -971213747
2 19092 2174
1 16740 -421258507
2 13694 8669
1 1842 -752880831
2 13164 12351
1 18665 -304847608
2 7450 12497
1 4789 715752729
2 5253 4459
1 3418 -654512723
2 5146 3038
1 532 -266690787
2 5920 611
1 12536 -162898658
2 14187 14
1 18491 -268026787
2 3977 88
1 10238 444423370
2 8655 2243
1 11506 -960801411
2 8879 16174
1 7549 780832638
2 15850 17864
1 4617 -622563085
2 5967 1726
1 16376 384822658
2 11681 16709
1 4471 724442045
2 4424 13118
1 2433 211295504
2 18284 2376
1 5846 74294395
2 19936 1461
1 1726 -560373859
2 5402 18708
1 7398 -253445563
2 10263 18060
1 2146 -716319450
2 19785 9031
1 5398 524514116
2 1274 4329
1 16282 378460309
2 5935 10855
1 12712 -635392537
2 14119 13263
1 6115 784757101
2 18980 12007
1 5317 189257138
2 3141 1785
1 15740 128712170
2 19529 5983
1 19202 -22290349
2 10372 1668
1 14890 115709642
2 15482 4372
1 9464 981299207
2 13982 6109
1 6616 -683121884
2 7705 19547
1 13805 595949770
2 19779 10321
1 4350 938964790
2 10190 16002
1 9514 -705469785
2 205 12442
1 13861 303846744
2 10175 11813
1 15987 -643479818
2 9612 17090
1 2953 -361498131
2 14063 19937
1 13184 -905064789
2 7527 11717
1 16149 -333158975
2 12598 3472
1 8536 647418320
2 12515 14696
1 2685 858572004
2 18334 3930
1 6996 788614018
2 4163 7768
1 10230 655367398
2 13995 3605
1 8862 91761303
2 13847 10487
1 19905 -357832133
2 18213 9697
1 18595 879491322
2 7954 14764
1 6330 -259099074
2 16211 3717
1 10773 762723056
2 3811 15488
1 16204 -689034734
2 15701 10639
1 7043 -220688423
2 16738 18798
1 7593 -270658875
2 51 6278
1 11781 -453411167
2 15577 4118
1 7823 -145731163
2 19930 9724
1 6831 121236472
2 18894 13295
1 19894 490989231
2 6018 13664
1 14810 -843458046
2 11251 10809
1 14945 790946488
2 10756 13515
1 5169 -140476700
2 15152 11279
1 17049 338331441
2 10785 14428
1 13564 -832532459
2 6606 12343
1 6983 321520200
2 16816 14348
1 3517 960045372
2 15695 6939
1 373 988799199
2 12121 4281
1 14095 -354527656
2 14620 17772
1 3986 -219201637
2 14070 947
1 10895 330016211
2 12024 2406
1 15078 601057207
2 3197 461
1 19874 120896945
2 689 15334
1 6729 249128286
2 7152 6267
1 747 286999819
2 19957 15947
1 14783 1036771
2 5856 15260
1 4478 -642689015
2 6488 9744
1 6984 -540653809
2 2426 4154
1 14455 -469251876
2 2474 18702
1 14162 989008434
2 1597 4585
1 13286 152324633
2 5537 13574
1 15247 377878808
2 14240 17430
1 2788 -216469535
2 830 11085
1 6349 531592341
2 10149 17753
1 13400 977702909
2 2418 572
1 7124 76541153
2 11688 6935
1 662 668773498
2 14507 5264
1 5071 -486921620
2 3355 2221
1 19692 849861557
2 1966 326
1 6392 -469025925
2 16937 10947
1 8495 813352169
2 12871 15033
1 15960 -513424763
2 19559 9476
1 10760 106635565
2 18388 5913
1 11531 886787479
2 14516 3486
1 1058 -206496401
2 17418 1842
1 18431 -117059121
2 15666 7918
1 10621 544161408
2 19236 6926
1 16124 -217769758
2 377 14297
1 10942 993780479
2 16953 903
1 16981 521141130
2 14681 1321
1 3053 822046202
2 16410 3772
1 11029 -512665601
2 12047 523
1 8650 -295424310
2 11652 4269
1 6420 -229405292
2 8205 14925
1 5360 333305498
2 11454 19010
1 19721 -399516645
2 19351 5556
1 7739 -501677139
2 10400 17851
1 2548 -623504501
2 219 5066
1 8796 47406590
2 10015 19879
1 13398 600282298
2 3848 866
1 3077 -27244187
2 16172 10207
1 3815 -235114572
2 18775 11408
1 14194 -689888998
2 1784 12256
1 19441 -874209684
2 14878 6039
1 795 471062332
2 11189 18367
1 7428 -917756527
2 10699 2594
1 10935 751385559
2 4019 14189
1 5313 -860838971
2 5411 7258
1 14496 533284206
2 15978 3699
1 12138 -432304175
2 14211 19610
1 1044 -729240308
2 10147 932
1 1539 662868286
2 10445 1740
1 8595 -364181028
2 19421 10311
1 10930 873862589
2 13168 2935
1 17296 77487325
2 7511 13806
1 7067 790204579
2 2002 15585
1 19633 -846402369
2 14821 17112
1 19890 805405663
2 3665 11931
1 2721 63323672
2 11047 5234
1 13957 -862349736
2 7705 1772
1 6218 -110412030
2 10415 11564
1 11101 -346420389
2 10518 12337
1 13091 190868250
2 8755 10435
1 2840 459481670
2 18508 6412
1 11538 427044148
2 6863 19055
1 12098 863480077
2 18739 4514
1 9705 317497021
2 2410 8325
1 6035 219151384
2 11667 6080
1 13395 699511901
2 12138 12195
1 14601 375838693
2 2324 19315
1 5934 585998484
2 7076 19869
1 18755 -764713864
2 9185 19867
1 12953 -10367118
2 19655 310
1 10715 576912503
2 384 11912
1 7304 911593493
2 10509 10004
1 3570 -840150947
2 19864 16001
1 10530 -43422676
2 9053 7193
1 7480 73371614
2 9293 10981
1 15221 904365827
2 14476 7515
1 18117 672594323
2 15242 15153
1 7096 156210940
2 8978 10219
1 2068 920872273
2 8884 15843
1 14433 -289035702
2 12049 13334
1 5482 -696237534
2 5066 925
1 1827 251170738
2 7141 15483
1 6423 532401640
2 12991 2898
1 16490 -282178191
2 4387 4994
1 10763 -814088165
2 12743 18954
1 15574 -987989903
2 3595 3269
1 9748 -552933143
2 18192 8602
1 3839 353188135
2 11967 6237
1 9007 -731052408
2 14295 682
1 10339 351975355
2 19644 11530
1 17591 -499140543
2 13250 11612
1 1142 -213832841
2 16581 7536
1 1021 449078674
2 394 14293
1 7858 -416480194
2 13579 15791
1 2326 -153646343
2 9909 11942
1 4898 893240625
2 12465 18664
1 5567 -278226332
2 11798 1377
1 10592 -123223200
2 462 16161
1 14346 -108760570
2 16359 13453
1 15574 -551796031
2 457 13165
1 15306 -813773886
2 13236 17452
1 18498 551956702
2 16373 11005
1 11129 -186992629
2 4897 58
1 11639 -851431102
2 1737 19576
1 10787 -379391081
2 11337 14771
1 14472 -595200496
2 17732 6736
1 19240 258638561
2 17838 6003
1 271 551489332
2 15531 12459
1 1076 222733921
2 8258 10245
1 4582 -983818913
2 14795 16859
1 5094 -571097238
2 13258 1426
1 16525 -512416630
2 3678 16085
1 17095 -483010868
2 15911 19099
1 4037 -958967177
2 17411 18938
1 5202 403488234
2 5975 15988
1 573 -271462592
2 9935 4883
1 1031 -438574134
2 1768 15073
1 19833 -530396320
2 16268 16903
1 8323 -753529464
2 14156 2038
1 12436 958664317
2 19052 6206
1 17921 -100197748
2 10546 4729
1 10493 -963819965
2 8846 14741
1 7082 -268701814
2 1193 10717
1 29 -414666903
2 5747 727
1 19304 850869652
2 14084 19040
1 15003 -700852417
2 13429 110
1 14183 892861915
2 2383 4261
1 5337 390536579
2 4609 422
1 6818 -3574764
2 18405 134
1 6970 -64174468
2 4872 13821
1 10950 996139427
2 17737 7024
1 16769 511334996
2 4447 11929
1 8687 110846112
2 11007 13217
1 16920 405617313
2 11951 4307
1 7812 -796202152
2 15839 11047
1 7293 353369866
2 5291 7422
1 5620 604354747
2 6707 12764
1 16174 620870353
2 10021 17254
1 7143 339606341
2 3276 1602
1 19770 -795582597
2 9267 18795
1 11011 -667905527
2 7116 4664
1 13745 773830912
2 14448 15734
1 121 -263342530
2 1570 18250
1 16572 -652236732
2 15316 15255
1 3904 -815661388
2 6963 14593
1 11484 414245693
2 3114 10211
1 9287 -269921135
2 14709 3854
1 13053 -232620592
2 18819 8749
1 9597 -746441833
2 13126 14051
1 5993 -908540738
2 17341 750
1 1466 -716017761
2 16516 9372
1 14138 -717727520
2 19628 11288
1 2695 9380051
2 2272 4858
1 8570 560627912
2 3874 7467
1 18864 -754723906
2 19993 13747
1 14244 745394375
2 11616 2975
1 17224 -992331769
2 14325 2297
1 17337 -323198482
2 11892 1115
1 14967 58873519
2 3252 9098
1 19734 -193408184
2 5817 14940
1 15017 534874548
2 2226 4781
1 19994 -159940615
2 14918 15203
1 13205 367093172
2 6416 7134
1 9773 25626315
2 1764 15451
1 8023 -952378187
2 4300 15936
1 5694 -325039544
2 15780 1986
1 13561 540345649
2 8491 17000
1 15878 -323242982
2 498 6259
1 19426 -370023951
2 6270 3228
1 19402 82291239
2 8588 3575
1 8175 -25434291
2 2499 3748
1 17475 -489977605
2 5855 18580
1 17024 -946570756
2 11183 13922
1 16939 -20800556
2 7403 8647
1 11296 -610081836
2 19182 3945
1 17582 -433565866
2 2844 7846
1 7096 -242913951
2 16013 1452
1 4679 476672423
2 6057 10859
1 4439 -894654665
2 12506 676
1 13164 208307605
2 16501 5806
1 3828 -270958395
2 5845 14351
1 11840 -782051229
2 16063 9168
1 5401 -856165005
2 4958 18170
1 15051 328853712
2 16605 9355
1 11467 -300999082
2 8822 15897
1 2050 58992973
2 3308 9528
1 10763 363895041
2 8299 43
1 12845 -69787370
2 7517 7158
1 16154 961620636
2 15650 18653
1 11961 691168547
2 4672 12298
1 4271 -821936307
2 5070 14798
1 4901 -107768938
2 11915 15972
1 11845 996966393
2 14019 19930
1 13070 709276819
2 18375 7061
1 11917 375545649
2 2765 18811
1 3496 583036549
2 1876 19056
1 17714 704256468
2 852 9453
1 11965 358434421
2 17014 15105
1 6894 657519909
2 13043 15122
1 15329 -483065577
2 6451 346
1 11707 696152928
2 2322 14626
1 8193 56442840
2 10292 15980
1 19451 -568950264
2 18983 16956
1 9879 -985595874
2 10927 6266
1 10491 924453164
2 17907 16836
1 890 104336466
2 5676 9093
1 2702 839459487
2 7556 18376
1 7644 794401286
2 13368 3200
1 10267 -322894927
2 7376 16463
1 14410 544664878
2 12445 8345
1 8227 -587910790
2 11603 10342
1 17141 69839122
2 4259 8162
1 6421 -476865044
2 10304 6354
1 4185 692972505
2 12820 2675
1 3478 291167540
2 9071 13968
1 18347 -443883954
2 6492 18601
1 1401 500059228
2 1676 9557
1 11399 -984187179
2 15360 14645
1 5500 486455666
2 1477 14122
1 8847 -134161951
2 6385 19999
1 18991 -737106193
2 10120 6403
1 5850 444899286
2 1915 10394
1 4432 513249792
2 18034 10701
1 11464 -399041884
2 6635 2914
1 14953 664685786
2 7357 18878
1 5219 463478543
2 13060 11747
1 7268 882986382
2 11836 7763
1 18022 -112224939
2 18806 12947
1 16298 -181673939
2 12399 16836
1 5490 -911015883
2 8349 19051
1 9485 -975320699
2 12076 1968
1 7383 372068235
2 8843 10086
1 6541 383137119
2 9474 13183
1 14231 -574686701
2 2508 12105
1 9216 646348529
2 8487 6147
1 5874 -512983785
2 8932 9577
1 17146 -822250201
2 7507 16425
1 18058 957791508
2 18637 95
1 2235 -757303979
2 15280 5998
1 13928 423440113
2 1980 9278
1 13328 758530084
2 4843 4852
1 15963 -129306703
2 17199 8917
1 4156 520489941
2 10646 5451
1 15469 -193672759
2 17807 1324
1 2121 -751453237
2 5992 2040
1 155 -791759334
2 2645 16433
1 6642 -489065524
2 10267 15202
1 13252 895638863
2 1495 16604
1 4485 230068401
2 8677 6957
1 15342 -69221272
2 16952 4611
1 3548 70353871
2 12958 14514
1 10916 791205694
2 7706 13887
1 3361 351959417
2 10210 1906
1 19301 -875951951
2 7623 2277
1 16855 427363584
2 16797 3803
1 12467 578832424
2 19653 5693
1 19437 259779507
2 7629 6566
1 1240 -42041233
2 17459 1705
1 18268 914186570
2 15386 7536
1 8953 641217723
2 14571 11568
1 9921 846106375
2 1095 17543
1 19704 684831156
2 19136 12547
1 19163 -405271246
2 1624 7671
1 16589 557892511
2 14391 2111
1 11542 11528652
2 2860 19312
1 8390 855107520
2 3773 12344
1 11443 -577178427
2 17841 17203
1 2502 380765620
2 14942 2625
1 1245 332606329
2 6756 12451
1 4305 55533638
2 467 5140
1 11614 -174837218
2 17111 12272
1 19427 872173531
2 11503 2503
1 3200 727005727
2 3945 9925
1 14516 -211040248
2 18425 1558
1 5644 -804086508
2 5622 14463
1 13906 843134888
2 10360 19176
1 13107 -43302289
2 16872 15929
1 17722 266255803
2 14027 17141
1 10985 925928700
2 8604 8767
1 13393 -998248577
2 17888 13400
1 14198 -735412511
2 11483 4239
1 4724 -575010252
2 8011 2984
1 7008 -854280815
2 10224 8100
1 4488 566344077
2 9634 9395
1 13767 415464946
2 1664 12011
1 9627 940248942
2 1101 11840
1 10103 344080431
2 3677 15446
1 2261 -125571517
2 15593 12655
1 19765 -867785733
2 5022 7794
1 19970 -191168201
2 6100 5937
1 11496 759767350
2 3166 14388
1 8254 -254515370
2 6224 18637
1 933 206409717
2 19669 8333
1 9957 482872411
2 4756 13284
1 14625 287559445
2 17966 18957
1 1356 -136360569
2 19397 12929
1 15028 968805672
2 175 10622
1 10242 -193271154
2 1788 12273
1 13834 -805846699
2 17528 17703
1 6290 90285084
2 11618 14429
1 1310 82048851
2 19336 2874
1 1924 -114017289
2 10267 9962
1 19241 -235621212
2 13193 15648
1 545 -450609932
2 15750 12994
1 18597 885322234
2 15402 2137
1 1413 176212199
2 10736 4247
1 15271 -217200021
2 12463 1283
1 9664 749325546
2 19543 7141
1 4445 605122402
2 6062 6382
1 2918 -711877558
2 16640 9682
1 18051 466166066
2 9645 5861
1 2732 718598700
2 3807 19194
1 13459 -433903436
2 14550 17948
1 19087 -544495604
2 17263 18775
1 6174 880259061
2 15726 6640
1 4967 664192680
2 17279 3415
1 18406 -9573740
2 18973 18034
1 18562 -353010117
2 1654 8151
1 7062 -330228550
2 6179 4695
1 1778 -129322753
2 11221 17188
1 4910 -368678588
2 13479 8166
1 9335 761434526
2 14036 7759
1 3813 -670555858
2 17640 17480
1 11059 994690404
2 10656 13270
1 15171 -295597004
2 15471 10113
1 19104 -359668839
2 1722 127
1 13226 75998521
2 3002 14958
1 17129 851211364
2 6796 14914
1 1763 282070158
2 1137 5175
1 10659 -80292077
2 15566 1239
1 5433 -822860465
2 1213 13617
1 16035 -829353966
2 10849 6821
1 3080 -292705270
2 17086 17247
1 18227 -235186735
2 10552 1510
1 12652 739022711
2 8959 5000
1 14268 -291857135
2 5118 189
1 16589 -737013369
2 13066 7659
1 16131 -465389159
2 13830 6791
1 11586 265605664
2 17834 14865
1 15713 769752871
2 8554 6899
1 4136 427765741
2 8385 6100
1 15207 -748477535
2 16344 8834
1 9879 555828196
2 5553 17252
1 8280 772067685
2 11647 5822
1 13843 -450798578
2 13238 17990
1 11448 965070004
2 8782 18161
1 11415 877954398
2 14658 18533
1 1264 -510145461
2 14742 17463
1 7133 -339869566
2 8723 4749
1 15125 295404994
2 17211 7381
1 16410 -300231076
2 19073 381
1 6305 -199442238
2 11720 12348
1 7791 -640996183
2 19980 10637
1 3438 -537679610
2 19968 15719
1 7441 915495702
2 2072 16180
1 8833 -670818081
2 3809 12926
1 19116 -817955464
2 10988 3922
1 2368 -952710731
2 8383 2616
1 14662 860424216
2 3939 9353
1 11362 -122676458
2 1799 4771
1 153 -267757960
2 17707 14536
1 19624 -593604080
2 4700 4783
1 18187 390311609
2 13288 14311
1 2177 -898302148
2 11782 11912
1 996 -346059844
2 11718 17656
1 14509 -551411692
2 19294 446
1 6349 523592402
2 15097 19566
1 18882 370319598
2 6972 8170
1 2282 644438442
2 3295 4855
1 14276 -685295709
2 14379 18923
1 13774 -83830854
2 11241 11506
1 11816 918157038
2 14307 7112
1 4478 -448833704
2 930 13413
1 18844 281584788
2 9350 15543
1 18423 -781747
2 10811 6083
1 4394 -365560975
2 11806 12081
1 19123 -974970166
2 16684 1299
1 3490 546365595
2 10521 3767
1 4647 -587065531
2 12474 4402
1 541 281653228
2 2773 8384
1 11156 764598035
2 19045 7411
1 12744 -708121446
2 11412 16700
1 4329 730355974
2 4201 17082
1 1413 452683896
2 7320 14090
1 7478 -487717278
2 552 3403
1 16188 -398276092
2 961 10125
1 15259 -158795071
2 6552 2873
1 16408 -205179304
2 8675 12309
1 2139 -629289129
2 9046 18153
1 1689 938854845
2 19074 4477
1 10783 -842364700
2 7340 8479
1 1220 915711083
2 19338 8031
1 7525 873504688
2 3701 14382
1 17718 280149598
2 15784 15440
1 13008 750736648
2 14768 1470
1 13913 -790111422
2 8391 1551
1 5469 -471456556
2 4342 9514
1 3500 -364603706
2 9552 1469
1 7448 966128637
2 6157 19326
1 7500 -961418552
2 13742 6580
1 13488 242580908
2 14989 11702
1 6205 698434129
2 2348 1753
1 3784 110133879
2 3021 87
1 13573 -81327567
2 14605 12020
1 14636 -567050194
2 11567 5489
1 10744 -202072376
2 19711 16203
1 3037 407486764
2 10644 9937
1 9367 890074638
2 13148 6926
1 9178 -665388569
2 16213 11476
1 15206 264248956
2 10538 18519
1 15705 494530780
2 15534 5807
1 2424 684342564
2 544 5480
1 7892 -594816234
2 8432 4360
1 7645 797152345
2 4252 6614
1 19708 796740487
2 16639 14816
1 15588 -820898100
2 1095 4685
1 6535 -877255876
2 7033 138
1 7155 98497593
2 13134 19494
1 10078 -483173629
2 302 2394
1 19137 -378907929
2 10984 5245
1 8608 756451972
2 11231 1308
1 12504 -252916992
2 13656 4498
1 8081 176307522
2 7913 19767
1 3846 -736099422
2 11134 1373
1 9686 909059201
2 2815 14644
1 8452 -986600972
2 17440 8629
1 16407 -150944659
2 2513 8897
1 14544 147307626
2 2188 5318
1 19417 -201532676
2 12834 10642
1 14274 -877096770
2 15902 4706
1 17930 266304346
2 15841 11190
1 7982 484304956
2 6953 3218
1 7507 -740106655
2 17798 10776
1 6641 881193889
2 14609 15207
1 14077 -722277292
2 2568 8410
1 4631 -184362795
2 811 10976
1 10257 809174507
2 18321 14073
1 1846 612420764
2 5249 19942
1 6079 314418820
2 14445 995
1 15939 594300203
2 5753 17028
1 6877 915281723
2 11671 14158
1 14583 966433631
2 3775 10042
1 13374 -457839322
2 3676 5095
1 1947 787305568
2 7392 9612
1 11984 -423619106
2 746 4394
1 4158 134306239
2 16638 13134
1 8364 -415186744
2 3436 6375
1 17450 -89211870
2 9306 3472
1 15533 -866910153
2 4070 9903
1 1914 639295617
2 17102 14042
1 5007 -550531913
2 7743 18960
1 2247 -465953129
2 18806 12548
1 19355 -378908686
2 14240 16882
1 3011 -313785845
2 18336 5401
1 10262 333118210
2 9048 15186
1 15917 -879012972
2 16673 16895
1 6275 416721431
2 15081 3775
1 16955 -397419093
2 8091 11242
1 4783 970593213
2 3376 5083
1 2401 -96602420
2 17473 2155
1 3792 -229603771
2 6959 14400
1 3717 -954300648
2 10497 15406
1 6440 557721645
2 18198 15004
1 4697 -786562606
2 8516 2816
1 7923 738133342
2 9592 6002
1 2288 502742828
2 10488 10578
1 12989 -941850671
2 9814 17938
1 6785 788211859
2 19673 10755
1 10552 512952586
2 18824 9228
1 14743 110485995
2 199 13029
1 2556 331615159
2 2031 1944
1 637 -769135224
2 14542 9998
1 19436 -758859967
2 19323 19517
1 2094 390820011
2 9401 3358
1 17777 495490605
2 5063 469
1 10488 -430393156
2 7181 7208
1 19622 -326142426
2 14561 10253
1 3847 -967937390
2 14269 12995
1 4649 -946591893
2 10395 11672
1 12404 126869533
2 19436 2793
1 8868 408281756
2 16321 3123
1 18649 970471693
2 12266 2550
1 7535 572631277
2 367 14092
1 10402 40069777
2 1855 7368
1 8115 -861176715
2 13668 5748
1 12852 949724698
2 4496 16684
1 18025 -824517611
2 17086 1378
1 13900 -183572844
2 6736 738
1 7027 994294547
2 18790 7976
1 15984 -740552275
2 19624 17801
1 19836 735031451
2 2439 6468
1 3116 322448099
2 17142 15493
1 16550 904583619
2 10312 18984
1 9036 -32275618
2 15723 17885
1 19268 -728946421
2 15226 3029
1 2811 227776406
2 14598 5710
1 14289 -720395234
2 18790 18366
1 4922 -777177032
2 17042 3636
1 876 -407307869
2 11622 5197
1 14204 -889829045
2 4908 6984
1 8749 -237538918
2 9016 14661
1 1401 -816645703
2 18073 7225
1 17181 810270318
2 9943 13285
1 8054 -522687128
2 2166 9942
1 3149 434464915
2 3413 516
1 3765 452816898
2 19948 13598
1 19453 -212082818
2 10971 1243
1 6175 244318842
2 7052 4985
1 6618 -139848700
2 15429 12168
1 5918 640961717
2 1318 5932
1 148 -899076346
2 4916 5588
1 4670 -180578037
2 14769 19633
1 13210 -522315283
2 11915 133
1 10825 -92797477
2 8786 2324
1 9443 -963402558
2 6103 16361
1 1860 990920714
2 11296 11834
1 19363 -246587654
2 18494 3509
1 8157 627491382
2 8503 14637
1 10978 -986635752
2 6218 7603
1 9779 840921198
2 15885 5606
1 9262 -720956159
2 14313 11538
1 7952 235826377
2 14934 6516
1 18034 18556012
2 8794 6520
1 15638 509935637
2 8996 16973
1 9308 -878910157
2 6069 853
1 9088 -770109292
2 10234 7766
1 9541 42363188
2 16348 14281
1 11929 -768388041
2 10120 14419
1 13984 582204011
2 18110 19562
1 1442 338343452
2 181 7408
1 615 662848109
2 14744 3038
1 10354 -808351012
2 18342 19035
1 9194 671504090
2 18684 359
1 14168 468127260
2 11235 15058
1 3569 -844750170
2 13641 1841
1 14819 -460756977
2 5476 18378
1 17517 636435596
2 17859 17135
1 1444 94601741
2 7331 13034
1 14518 -604468072
2 15370 14113
1 9461 963183488
2 3323 6112
1 14138 352368699
2 151 1607
1 14326 -127476799
2 7241 3333
1 9719 772177375
2 14753 3557
1 16393 -466933487
2 6705 11639
1 3330 -80211672
2 13275 1340
1 2429 747372011
2 15607 13564
1 3620 -168615804
2 15812 2614
1 13909 -972222
2 2465 19817
1 10917 21157005
2 2519 7169
1 11397 548126126
2 5860 591
1 11688 369647826
2 10425 6515
1 12405 -664097103
2 6746 19414
1 12630 -35316107
2 17009 19662
1 16807 -243791501
2 10363 4145
1 1709 266004523
2 11038 585
1 5838 382083941
2 11231 12572
1 14856 729570071
2 7972 8563
1 18701 -920695653
2 18874 7693
1 3094 371454234
2 16363 7382
1 13700 832894945
2 14330 12596
1 3619 531936101
2 15962 1815
1 18783 337175652
2 19718 13142
1 19044 -242524949
2 16686 9022
1 13871 828430113
2 8302 16805
1 7164 -81136319
2 19900 9024
1 13470 -974907491
2 10085 11367
1 12787 422516145
2 11951 10958
1 17060 433243056
2 12759 17183
1 2094 212609404
2 11944 6468
1 2481 -294079443
2 5171 7330
1 14246 702252496
2 9409 65
1 429 -176299924
2 18134 6964
1 10768 -923036742
2 19976 8061
1 4784 912195274
2 12812 9206
1 8543 226943242
2 13936 15314
1 446 -481763622
2 9966 14477
1 8783 -966347109
2 9919 18792
1 9039 727239233
2 12905 3120
1 19123 437618481
2 13712 1389
1 14459 -916106390
2 13545 6004
1 6707 -530308548
2 12552 8771
1 7772 -815096287
2 8444 18686
1 10911 -286352076
2 19036 18217
1 10975 324835315
2 10043 17080
1 952 600875618
2 14286 10630
1 4635 -820338513
2 10583 12427
1 2841 -743751464
2 2193 12148
1 6311 -552016672
2 5519 11662
1 4964 566681614
2 2801 6733
1 7404 -415510758
2 16647 17685
1 9222 437462011
2 6999 7673
1 778 956152275
2 14532 3377
1 14719 -495187696
2 4290 2348
1 14918 -813474596
2 7978 11467
1 12694 -679168722
2 5516 14750
1 13845 858859499
2 9904 12345
1 7460 -312436447
2 293 10901
1 4368 -407018165
2 2789 15078
1 19596 -628167165
2 15482 8262
1 1572 566935487
2 19104 6200
1 15212 90310196
2 2729 785
1 8656 -81677141
2 3059 6999
1 9988 639220187
2 16249 10036
1 647 601825886
2 11996 13591
1 15492 -810186974
2 4183 13295
1 526 930821044
2 14698 845
1 13557 771998404
2 17463 4367
1 8663 -939419326
2 8791 8627
1 16566 303242708
2 7543 12894
1 6277 254841530
2 7027 17714
1 12788 -825641626
2 8410 8766
1 15985 468390509
2 14910 19339
1 15360 -915659232
2 16602 3762
1 13696 -572743392
2 8384 8595
1 13943 -320237093
2 297 7200
1 18145 -932117192
2 12828 3266
1 7154 606234968
2 2453 5671
1 8439 983110225
2 14364 3490
1 7643 -654865416
2 6121 13644
1 4320 670755656
2 183 18621
1 15337 -595534460
2 5232 15128
1 1672 -754301411
2 8090 12325
1 11665 256033601
2 19433 3142
1 10562 -104665627
2 1786 14449
1 15788 -422345724
2 13130 14495
1 19274 -647067059
2 15868 18769
1 1456 -422814224
2 8010 18297
1 19112 677439377
2 12423 7320
1 5700 -120253092
2 19453 2813
1 5338 205448688
2 9196 6497
1 3640 -385303389
2 16288 514
1 4179 665416060
2 19276 16289
1 9442 -113783982
2 3966 10022
1 7821 504952252
2 4290 12007
1 965 -586882458
2 7064 13913
1 8954 223028002
2 3173 15950
1 11104 776159492
2 19442 520
1 6698 766758552
2 12406 9381
1 11849 769856605
2 83 4596
1 1796 486319093
2 2800 1455
1 13304 435671070
2 4984 15009
1 4509 129970462
2 9139 8415
1 5143 964792593
2 14803 6792
1 2495 -908823804
2 2531 15475
1 6173 859784776
2 17290 4666
1 3962 -504173174
2 15676 16689
1 6959 210489460
2 613 13726
1 17334 -937920104
2 3123 8067
1 17812 -434740241
2 245 464
1 4110 -504888106
2 15016 16040
1 15425 -492042653
2 11888 10243
1 18909 -933236869
2 1512 19745
1 15311 488742186
2 6508 11933
1 13137 -133983905
2 5036 17297
1 8857 -572523968
2 9698 1474
1 17029 -592902203
2 17499 1866
1 19838 670888831
2 16065 2698
1 9791 -204198730
2 1261 18735
1 16165 -892305379
2 19455 13598
1 1272 136280111
2 4993 9187
1 237 768162711
2 8735 139
1 7805 -883455606
2 5309 14743
1 12934 589138053
2 6180 11751
1 3955 -593719156
2 2531 4993
1 9235 -972103816
2 4488 9686
1 2073 420781859
2 11236 2909
1 16375 557739133
2 11261 15584
1 15658 748162698
2 14020 16211
1 18399 953087555
2 12567 19474
1 6321 -225248665
2 12260 6788
1 14128 416636191
2 18610 1985
1 19917 936346946
2 16287 19554
1 6209 766553757
2 11849 9542
1 4865 617162676
2 18099 188
1 1218 -54940132
2 12340 2042
1 2103 9414964
2 2608 11142
1 11044 55171363
2 16549 12429
1 16067 121326590
2 17094 7493
1 11729 -646643636
2 5503 15845
1 13147 -118368881
2 10856 14370
1 3156 -903465422
2 13790 3272
1 17186 -344412747
2 16255 5630
1 1713 -895471494
2 5500 14202
1 15124 609119677
2 14611 8609
1 8847 101065997
2 9277 16661
1 19128 667235868
2 6347 8857
1 3042 879360257
2 16894 313
1 6697 -39716500
2 18910 11056
1 6200 777918769
2 6673 8840
1 3209 600943716
2 197 16975
1 7421 800215591
2 16073 14331
1 18519 -114993292
2 17039 17690
1 5877 203828256
2 16937 5397
1 4191 748460561
2 11102 19879
1 8653 18986532
2 7677 17977
1 2612 -888469028
2 19483 6606
1 11400 60781936
2 1734 3930
1 1976 976195908
2 12648 4194
1 9404 -146568622
2 8143 10326
1 16572 -889020600
2 2887 9150
1 19973 966324281
2 8054 19906
1 2204 -762020457
2 3136 15758
1 10195 514917350
2 6479 3252
1 5204 -815574482
2 9229 16242
1 6325 295387697
2 14244 19724
1 10063 -803212699
2 3675 6996
1 8847 404460169
2 19278 5098
1 9302 742446461
2 7170 8473
1 17127 266486750
2 4648 13405
1 13365 805954969
2 14569 385
1 7680 836543346
2 10498 9463
1 5604 276639724
2 17673 17043
1 2271 -974012823
2 19674 3641
1 17789 676536846
2 11930 9921
1 3135 -595149485
2 4124 13604
1 18331 -884037103
2 14408 8803
1 2239 -423819734
2 9295 6886
1 5568 -983602151
2 15595 3471
1 245 372778348
2 6934 13284
1 17638 -288290145
2 12038 18821
1 12797 118987977
2 10382 780
1 13495 -600559201
2 8164 5577
1 16421 -871901245
2 7092 7567
1 13582 492049684
2 258 12616
1 11172 881643255
2 19045 14885
1 6342 -624714243
2 1895 7327
1 18805 -187586725
2 15491 4175
1 19206 -261310235
2 16850 8135
1 8857 533927711
2 11556 6464
1 6130 476140864
2 16158 18158
1 6556 608631831
2 6522 17300
1 11527 -453268738
2 14645 3632
1 4435 382106166
2 10422 17682
1 2104 270858902
2 1448 11708
1 17284 726579271
2 13779 7621
1 14386 -540675228
2 17904 19861
1 14565 766374356
2 9436 5613
1 9941 595677076
2 11941 3669
1 18050 947102464
2 18652 12055
1 15088 -744768019
2 15306 17726
1 4419 280348468
2 18863 12533
1 10071 480501680
2 14864 3610
1 8836 75257273
2 11544 14836
1 11769 -449605235
2 6479 14463
1 10298 806770466
2 12993 8331
1 19797 508201475
2 3940 6881
1 8021 288954879
2 19367 6349
1 4928 415360574
2 3663 6879
1 7112 758453972
2 18032 17375
1 10002 472204627
2 5137 6060
1 3572 776532857
2 7576 1132
1 14872 837059201
2 8942 69
1 7899 -723275136
2 13014 3197
1 18109 -841804105
2 504 10195
1 4990 512430665
2 2918 19297
1 677 270714465
2 12964 15187
1 7074 -238564252
2 11611 16587
1 5910 582590155
2 14846 13873
1 5908 -481907514
2 10407 19747
1 2350 551546747
2 14457 10694
1 19835 936803491
2 10146 5955
1 10663 679546744
2 1000 16504
1 17069 91312225
2 11402 5526
1 17177 462591072
2 11155 17464
1 1676 358779916
2 19940 17458
1 1043 -679491042
2 8076 11945
1 1390 442529063
2 6306 3399
1 9012 975403729
2 18940 16183
1 18134 -189927706
2 13053 19277
1 15789 -130221685
2 15775 3230
1 18916 93391327
2 6639 8127
1 2302 -894047963
2 2684 12227
1 16990 202238945
2 11394 6880
1 7757 -237722187
2 17951 10953
1 10295 351904945
2 14662 6495
1 19108 571769782
2 9435 10603
1 3692 -456807110
2 775 4473
1 17170 -418625597
2 5562 10391
1 6178 342087615
2 13623 645
1 3180 385261304
2 13823 14395
1 451 -223121993
2 5181 6725
1 2388 -613952389
2 10857 2171
1 14834 994529761
2 18948 7389
1 4787 -106871462
2 13559 19730
1 5280 -614000678
2 11053 7560
1 18239 57371824
2 17743 6309
1 381 32891159
2 2576 14487
1 17007 -268662403
2 8502 2738
1 485 425374337
2 16907 14385
1 15118 435272612
2 16642 1429
1 9962 971722763
2 14552 17333
1 18570 538629145
2 5513 1550
1 17421 -888398183
2 2938 1064
1 324 -95626718
2 1669 4004
1 15744 -162863768
2 11474 1554
1 3463 -118894323
2 11583 9828
1 3714 -284731906
2 2748 1978
1 11893 -770330145
2 17245 18495
1 13707 158119099
2 1994 14776
1 15532 -873133560
2 4649 2228
1 8209 311303456
2 979 9043
1 13664 -593858226
2 8121 3055
1 3947 -358213923
2 754 11702
1 7020 -895219302
2 14414 2557
1 17853 965036149
2 12977 11796
1 3720 -486197924
2 868 4263
1 7034 -661891606
2 12799 9824
1 3987 -257701020
2 19592 3767
1 14727 -532278281
2 8164 17478
1 16385 -559382911
2 19002 9695
1 18908 267060793
2 19211 232
1 16412 -11270456
2 15440 5145
1 7635 484871342
2 10792 14228
1 16415 -129257303
2 18153 17825
1 17253 -250104151
2 5454 13112
1 6126 -67514282
2 11064 17100
1 8075 347094757
2 35 19164
1 17261 181762264
2 15767 17778
1 18736 575807357
2 9765 5792
1 8459 755070284
2 17819 18406
1 8486 -476820825
2 16 1083
1 183 -818870331
2 995 4141
1 9526 719074570
2 9569 2177
1 14007 -79583354
2 6162 6583
1 16074 100848791
2 220 17350
1 1462 -106295835
2 15778 2451
1 9508 763105621
2 109 16399
1 2541 276843201
2 1191 11157
1 10384 -511241350
2 5552 18509
1 11520 -385385787
2 14888 14777
1 7441 222957960
2 2594 19488
1 4144 576657890
2 19570 19126
1 15978 555254957
2 18586 19496
1 14537 -816738193
2 7240 6690
1 10923 -11472825
2 4652 8591
1 11895 486108493
2 17764 1657
1 353 891913244
2 7471 5270
1 1548 318369365
2 7062 18820
1 7721 -17527791
2 10344 3301
1 9020 519267057
2 14746 19433
1 1589 -422036135
2 6180 15827
1 3388 -783498469
2 7325 2757
1 14914 649655752
2 9490 576
1 5299 -43373233
2 18703 226
1 11997 -257843134
2 1827 12104
1 9892 157464182
2 9446 19466
1 5766 -689849179
2 13043 9243
1 5934 37386695
2 4173 1966
1 7917 -555336201
2 5377 9533
1 8500 402089247
2 7574 1444
1 881 960368924
2 1632 28
1 17089 -966974134
2 4794 10085
1 13023 -798662345
2 3796 2846
1 1985 271281778
2 11573 15260
1 3836 938658616
2 12278 15541
1 18979 349487519
2 1771 11218
1 17836 285981404
2 19302 9048
1 7441 -175550437
2 19894 11829
1 10215 -341730714
2 15491 12890
1 10184 241988857
2 1395 16176
1 6578 -37313136
2 15324 16593
1 17435 115503853
2 17205 6976
1 4128 203926147
2 597 2212
1 11252 -945052756
2 12641 4245
1 13403 -837486843
2 12042 9910
1 16658 -599805662
2 2554 18576
1 522 182055037
2 1808 1153
1 14641 958476693
2 16021 5091
1 13259 129490420
2 14041 2830
1 11820 64611565
2 8861 1455
1 14199 -695083098
2 7648 4742
1 15768 446451049
2 5995 18041
1 7290 -438555452
2 12702 4935
1 9484 -125984205
2 7639 3626
1 10351 666860609
2 5658 14207
1 14233 45782324
2 4403 11054
1 4521 -664958625
2 4286 1587
1 11985 192231888
2 13297 14264
1 8761 740114420
2 12732 5183
1 8812 -14910699
2 12198 4035
1 3629 -957591057
2 16420 4070
1 9216 150548441
2 15875 1428
1 7579 -320554252
2 19274 14065
1 17139 468399936
2 9206 18579
1 5824 884601250
2 17343 4668
1 18611 -443659896
2 6556 3355
1 10053 634490170
2 3423 15112
1 13701 915886811
2 10114 19434
1 19639 -704346618
2 18579 16510
1 14566 -665136095
2 1845 17344
1 3741 776214481
2 13822 11567
1 16819 891664004
2 3165 17054
1 8552 25797571
2 12729 14212
1 5688 55921698
2 6584 12869
1 13587 857457949
2 18373 15663
1 2473 -881176338
2 14767 9291
1 12892 -773365808
2 16627 2536
1 18662 79020728
2 15573 13278
1 319 -141642638
2 18472 4582
1 1898 255721320
2 1635 2544
1 6017 97525429
2 15978 6012
1 9816 -135496194
2 2966 11959
1 6940 -115540225
2 8404 19328
1 8033 684771551
2 7030 2722
1 15550 617230576
2 6532 9493
1 18212 -721747845
2 5623 12927
1 10496 -860167
2 10967 17432
1 7262 832898988
2 14907 4395
1 1945 911529323
2 12907 15957
1 15390 -334733142
2 597 6998
1 11378 -374495781
2 6465 6647
1 1187 -472172732
2 15910 1162
1 18889 -945069994
2 5793 11894
1 19472 48971656
2 4701 17177
1 4690 127868060
2 17844 12978
1 8924 -315789371
2 6450 14403
1 3760 -622066099
2 19455 18653
1 17418 266746181
2 13725 8398
1 4726 75466276
2 3682 16881
1 7654 -136427407
2 8068 4351
1 7325 -769724289
2 11602 14147
1 17774 358878594
2 3364 2236
1 13625 599615460
2 8384 5332
1 5518 345852855
2 11696 3123
1 12276 -225647047
2 6517 19655
1 1548 475988152
2 120 17937
1 10482 -193937309
2 19708 18612
1 11433 -339476408
2 10993 274
1 2056 33247660
2 1351 3033
1 2990 795754035
2 7629 6497
1 18504 191472094
2 11808 17297
1 2204 833638534
2 17976 13665
1 12477 -331260072
2 5388 11101
1 6662 -545423895
2 18529 15329
1 14364 -521937463
2 5773 15468
1 9157 -302970038
2 19490 9431
1 15073 -302913393
2 3763 3450
1 15243 -155590996
2 6068 13702
1 794 428699268
2 13712 12279
1 5261 -611057343
2 12173 9509
1 3584 -942536462
2 12436 3410
1 17294 -256046291
2 12290 19965
1 14604 -854285133
2 12286 563
1 19867 -697644452
2 7720 17712
1 5214 -966776851
2 5018 7703
1 8914 -12797584
2 9726 18012
1 4699 844772916
2 5874 2969
1 13580 -34397907
2 3745 17232
1 15886 154138512
2 11632 16059
1 18383 -582589923
2 7198 8759
1 3769 460175943
2 19321 10929
1 4618 -342813303
2 11039 13058
1 7167 474174727
2 17008 11388
1 17479 -619816854
2 10052 2300
1 5089 -358777405
2 6287 13661
1 19696 899838179
2 18771 14601
1 651 -903114192
2 13016 9593
1 12609 -426171354
2 9029 9726
1 5232 -921258250
2 10346 9033
1 16594 191745456
2 10345 2620
1 1733 -652318559
2 1959 17859
1 17278 -305993260
2 4900 7907
1 6711 456416930
2 18780 1847
1 7191 196202177
2 436 7442
1 15313 769087526
2 15709 7190
1 9371 -282055643
2 1775 18448
1 14528 220377463
2 10715 9188
1 5446 12798550
2 7669 13490
1 17670 -984364317
2 13919 17758
1 3279 -944113301
2 657 18164
1 14318 265245420
2 8206 5825
1 11838 -705720578
2 3951 4646
1 19593 654731824
2 18400 1517
1 4254 -309585760
2 170 5635
1 16524 -956765680
2 3148 17401
1 562 391494916
2 7197 1830
1 1578 810305710
2 12556 8044
1 16032 -344815520
2 8564 518
1 12150 -921807077
2 16656 4381
1 16066 -707241755
2 6000 12027
1 11362 391833794
2 2339 15031
1 16129 975611321
2 3142 16799
1 1341 -527066661
2 11414 15241
1 17361 -356656187
2 995 2010
1 6691 583074186
2 14265 1623
1 13918 -249530486
2 4563 9645
1 10606 -454395173
2 18836 18216
1 6689 -625063102
2 3456 14170
1 7174 731756647
2 9195 912
1 13986 -926162977
2 14004 13531
1 10861 453112642
2 929 1384
1 11674 82658688
2 11320 1259
1 3072 -645719405
2 10310 18088
1 7555 -265334405
2 18779 12985
1 10411 169378158
2 7951 17288
1 11746 628735693
2 14559 16842
1 3652 706035718
2 14488 5311
1 6547 -307476501
2 11945 13892
1 10595 102136242
2 2765 10627
1 4325 -412207028
2 225 18749
1 16291 82607544
2 14058 2534
1 8761 918110071
2 1944 1111
1 19334 -944443678
2 15695 14230
1 1113 -282753010
2 7125 3409
1 9673 870608374
2 12237 18997
1 2936 345487798
2 3365 8163
1 4625 -138651685
2 17592 1125
1 5426 -589578175
2 4330 5423
1 18850 -307364873
2 4741 16081
1 17536 778982543
2 5728 18837
1 2420 -602397433
2 14755 13915
1 8936 -940717215
2 3692 15131
1 1971 -646202895
2 339 5759
1 11298 320475712
2 7062 15324
1 13583 -926955832
2 12677 6013
1 18571 698076271
2 6994 4353
1 2293 -316139348
2 18245 11964
1 1684 481835059
2 12562 2480
1 2945 972090809
2 16017 2719
1 8395 -562740186
2 9540 10859
1 7576 26088608
2 7843 15171
1 1606 767699444
2 14584 3597
1 9484 726105845
2 19486 1407
1 10795 332307980
2 5690 11868
1 11144 -369253409
2 8493 4606
1 4976 950699228
2 19608 17390
1 6907 -994601684
2 3049 13675
1 16731 850191229
2 8917 16033
1 10848 749482974
2 921 9880
1 18318 760697160
2 9256 984
1 13516 -669381978
2 19724 15712
1 16384 -104401788
2 3716 5174
1 6315 -813059789
2 17532 11753
1 14984 774473889
2 18346 5269
1 19556 -728311435
2 16802 1836
1 13487 490349807
2 1666 14966
1 5755 -490319711
2 18169 15757
1 2450 118778056
2 11043 15119
1 74 -941280223
2 3167 6513
1 12995 77795744
2 10062 194
1 11254 -661832170
2 8962 11902
1 18391 -358865476
2 8359 6823
1 14720 773311622
2 3796 4033
1 7190 -898701195
2 8909 6679
1 5389 905328199
2 9866 17643
1 10686 970553805
2 13430 560
1 5373 -289474868
2 8583 5653
1 5683 -157486323
2 17020 971
1 1546 165937004
2 14209 17743
1 10440 -898664227
2 1344 2671
1 14011 -455562632
2 2780 7215
1 8711 -12131579
2 967 12010
1 19646 255895682
2 17523 18728
1 13635 -63505879
2 15017 1663
1 2534 705036346
2 16206 13408
1 15036 -565997333
2 8892 11179
1 17721 -49733277
2 16133 10486
1 5043 -858357236
2 7088 9675
1 15851 -394046739
2 10112 5391
1 12266 -971828149
2 2743 14278
1 18954 711335539
2 11275 8656
1 12865 785314297
2 17604 17374
1 11568 314484213
2 5581 6920
1 11647 436576442
2 18106 11501
1 13781 -372633457
2 5370 6177
1 2438 748384393
2 8539 11629
1 11283 795719968
2 15045 10116
1 15050 -655345968
2 16700 6941
1 8940 747891182
2 11702 16271
1 5862 751279776
2 7719 16504
1 15485 -688599941
2 5802 17893
1 17183 84252746
2 10441 8171
1 16306 -849017587
2 5031 2785
1 12042 -531321406
2 17112 11397
1 10583 -176178764
2 19930 5816
1 11914 -777183762
2 17250 5428
1 18760 926867654
2 7046 15611
1 11084 38206150
2 5345 8224
1 6381 407288693
2 12309 1926
1 15800 652735527
2 14100 14236
1 1992 377376505
2 6191 10988
1 15134 -428961817
2 6179 13540
1 8331 -709312689
2 5678 4475
1 10294 857071242
2 10339 540
1 18980 -239251270
2 17831 13878
1 17004 680922319
2 17967 1548
1 11477 -985513447
2 16956 3295
1 15672 382842366
2 15806 10856
1 8096 34123836
2 15088 11952
1 253 361515284
2 715 19393
1 10941 -31641905
2 8914 3710
1 10948 879783652
2 11029 7196
1 4453 541658484
2 14404 16422
1 17267 122151441
2 10986 15314
1 18027 8668557
2 16419 11417
1 2590 -672832431
2 8475 19922
1 3188 701365431
2 12658 10967
1 8076 -682338924
2 15972 15704
1 5222 -871163528
2 7942 16108
1 7244 661636526
2 213 14294
1 6816 -589995675
2 13867 17745
1 14079 -924568891
2 8840 2137
1 4136 608508588
2 774 2521
1 7141 396033642
2 12000 16464
1 18664 381082183
2 10550 14186
1 11830 579315422
2 8388 14854
1 9240 -544938135
2 5442 16287
1 11862 892082924
2 12512 18652
1 19208 -574751512
2 17831 16426
1 10605 854627578
2 5086 18753
1 9949 536660318
2 2934 2630
1 15527 -955582571
2 10439 11479
1 11298 -885169179
2 14721 13309
1 9092 -454365131
2 8943 6497
1 17283 866068987
2 1815 4245
1 9455 -660325921
2 5205 2709
1 4994 23363861
2 17901 13583
1 15676 950301323
2 16880 3138
1 15420 801759033
2 14012 14478
1 9297 750775669
2 9094 1128
1 16321 -922306959
2 19807 6154
1 16346 520828301
2 6709 16097
1 10439 -863803800
2 12802 14312
1 7767 135776434
2 10277 19442
1 4164 356104941
2 16767 17227
1 16340 217180660
2 14585 16662
1 16605 -743048180
2 6958 3202
1 1704 -714191730
2 8057 5047
1 1723 9309963
2 4959 1171
1 12955 -951746330
2 17968 3000
1 9528 875304390
2 16662 15346
1 18641 758608408
2 11654 7576
1 5215 948302268
2 14095 16860
1 6486 -563861400
2 17436 4786
1 15217 -488804119
2 15888 7411
1 12696 -537619496
2 10007 9568
1 13943 -694749391
2 2013 19856
1 941 80477651
2 17475 10553
1 17832 947428191
2 8300 7466
1 2483 461161323
2 17977 13501
1 16377 -742416720
2 5844 11556
1 19676 502781350
2 18749 582
1 8988 111885573
2 1085 14600
1 12926 -809663637
2 1121 19549
1 110 525970649
2 14428 3244
1 6070 421167926
2 9629 10169
1 9015 -299517657
2 19011 15109
1 5652 281700182
2 12006 5399
1 1553 627901207
2 5248 14857
1 1620 661174761
2 6472 2508
1 17187 537270615
2 3224 9439
1 18023 -834048030
2 6092 3793
1 13531 732697554
2 18685 10852
1 11229 -415615307
2 11184 19330
1 6787 670401993
2 19181 5054
1 349 675250115
2 11318 9514
1 13849 674059320
2 5777 4560
1 8578 654660549
2 5277 4601
1 563 632673932
2 18384 16308
1 2584 -334626339
2 18886 11630
1 4348 246221472
2 872 7603
1 1055 -219212334
2 13954 3441
1 8341 383843749
2 10199 13890
1 1122 983747785
2 11410 13348
1 9006 687321602
2 14934 7363
1 15683 -483398330
2 143 19755
1 18676 132690607
2 16728 1237
1 10813 -485767614
2 17307 7987
1 9533 -409683237
2 10120 6187
1 10768 310894438
2 18055 11490
1 16099 631534063
2 8881 10725
1 19124 92948994
2 16176 18306
1 12722 955243788
2 18979 18998
1 8433 503999034
2 807 7889
1 7727 -346201671
2 13913 4826
1 10196 -363049669
2 3469 11749
1 5724 147810095
2 9117 19353
1 18604 257456916
2 16913 6906
1 6395 216421782
2 18921 7528
1 6621 194393275
2 19217 19180
1 7544 232295429
2 3193 13240
1 12186 -794385749
2 6643 7551
1 16131 -479421506
2 13565 9241
1 18398 5876948
2 1118 893
1 13424 -648427923
2 6179 12813
1 18071 925729520
2 16529 18154
1 18026 587717289
2 15880 19871
1 13091 910289346
2 10545 9256
1 3069 -897173857
2 5272 13470
1 13355 -491362559
2 15275 10601
1 11558 247069408
2 1551 11290
1 19772 722588502
2 5074 18255
1 11350 -316877099
2 18446 5562
1 14328 550437808
2 7634 14057
1 6744 -399214510
2 19247 18552
1 16085 -361956244
2 3937 5510
1 7160 -428248693
2 3704 10928
1 18292 409357988
2 15487 18214
1 15366 688136836
2 14051 18428
1 19082 -713080640
2 7534 4875
1 17141 -430440054
2 7529 11949
1 4831 683865619
2 14594 17112
1 19850 931060743
2 6655 2868
1 13238 -223362274
2 17014 15429
1 8489 473864731
2 6568 10412
1 18643 -701223674
2 8336 3320
1 9042 542831344
2 5586 9791
1 4325 -448018976
2 1590 6845
1 5822 -816577513
2 10298 12346
1 3992 445424819
2 4979 5478
1 5826 -150955508
2 13762 8791
1 12238 -376396281
2 12000 3840
1 17414 984089825
2 5610 5367
1 15824 761763978
2 13182 4109
1 9475 -489560158
2 19191 270
1 430 -914491789
2 15818 9026
1 16139 -574641717
2 16115 3812
1 7750 -697962524
2 12345 16251
1 9244 -641673681
2 18601 686
1 19160 191513569
2 11272 14124
1 9433 -810421936
2 725 15450
1 1641 -738020081
2 8084 12600
1 16352 -291763676
2 6216 9512
1 16597 727587609
2 19863 17662
1 3665 534195964
2 14687 15128
1 14193 -141219261
2 13074 11032
1 5325 -745982284
2 17713 19026
1 8705 689879344
2 8695 2819
1 4637 -420236590
2 8977 11106
1 17541 325964823
2 10251 5707
1 1418 -161225914
2 13236 18775
1 12077 619958727
2 11998 10675
1 17439 733283408
2 5781 5894
1 4242 139105687
2 13382 2844
1 14997 -27809669
2 16126 6600
1 19641 5601170
2 13837 17261
1 7184 -800679169
2 6563 4583
1 12891 -328433226
2 1422 8263
1 7823 24448260
2 193 1562
1 6101 -861758284
2 3893 18418
1 4511 377778884
2 13937 10565
1 12487 -873342188
2 19117 7162
1 2213 29277859
2 19500 1587
1 17999 394654602
2 2849 9315
1 15015 729483364
2 4281 18531
1 8392 488239355
2 8348 16510
1 4555 -548745896
2 17924 921
1 8847 216405509
2 941 8577
1 10438 429915839
2 1810 18342
1 12277 956562140
2 10554 1241
1 16557 810550098
2 5909 9597
1 15123 -170592882
2 5051 15919
1 4081 762401745
2 3334 14039
1 454 432218011
2 15724 704
1 11768 -686777691
2 1885 18744
1 18909 -368771596
2 12258 7993
1 18305 432161311
2 16655 2844
1 8183 -241500235
2 5406 2652
1 10989 316923276
2 8470 3756
1 15580 -834008414
2 7505 3966
1 7775 -742001699
2 13506 7144
1 11048 340875078
2 13671 3511
1 4748 -143801775
2 18457 13879
1 16015 -460638866
2 17404 8829
1 19613 -734078942
2 12587 5680
1 16532 -313209313
2 5858 10263
1 12610 -76222488
2 11842 10056
1 6166 -643240059
2 12406 15739
1 11404 -195157004
2 4606 5597
1 5982 -851945401
2 5352 18929
1 18658 -877241641
2 10688 11902
1 9737 -164621080
2 5177 16833
1 16605 -533821095
2 10202 8430
1 5405 266301171
2 19868 10325
1 15228 82914281
2 13092 2839
1 18020 299100262
2 3779 15227
1 3316 -36049057
2 13584 1446
1 17413 -798667465
2 15118 10733
1 11015 -704479700
2 15347 3462
1 19388 833057665
2 5315 18938
1 16671 889650986
2 4717 10220
1 879 125279616
2 14987 12488
1 13423 -835527222
2 2661 3889
1 4181 777386891
2 12558 14351
1 19726 440947195
2 12745 8676
1 11947 -946904580
2 237 16316
1 18011 853905219
2 8143 14624
1 19341 -643309045
2 5837 6761
1 17752 -233704166
2 589 18365
1 17738 -776762929
2 16422 373
1 13872 813351559
2 11030 11638
1 1993 -725740323
2 15822 8954
1 15006 569000536
2 7232 3153
1 5117 -188625241
2 7809 4172
1 13728 493855749
2 12331 16695
1 7382 696327370
2 10732 8565
1 8467 -345108130
2 16968 16423
1 15897 -469606249
2 9598 4621
1 7171 823826181
2 17045 7996
1 2986 -855035387
2 6477 12396
1 3911 894254543
2 4331 139
1 14593 851555603
2 12450 8609
1 10327 -271529414
2 10335 6441
1 11608 750085286
2 12123 13366
1 16655 881070664
2 18340 10421
1 11600 812251781
2 1632 18158
1 18128 5498299
2 8164 15689
1 3202 -396078902
2 10990 14856
1 18895 585803259
2 18728 17987
1 19800 -528592699
2 2240 18005
1 3961 131209499
2 15124 785
1 11006 -900825317
2 2312 8230
1 17072 -534300543
2 2614 18537
1 16917 -698197442
2 6683 13707
1 10124 -853544491
2 1934 6307
1 5539 -894526777
2 18643 12642
1 6730 657834793
2 3914 12655
1 16692 444084923
2 18250 16319
1 10126 -414477873
2 645 14776
1 12982 31000996
2 1487 9449
1 19726 735932967
2 11125 13567
1 9401 -448606604
2 2610 2728
1 4928 -558839455
2 609 17698
1 6793 -378100986
2 12262 9623
1 3506 841270259
2 6271 13684
1 17046 -289833973
2 16343 9397
1 18631 929844716
2 4309 17065
1 2814 -447966280
2 6786 12658
1 6543 938345606
2 2336 7040
1 6472 -242925971
2 6419 13307
1 19482 326957377
2 15761 9806
1 10998 363969290
2 15078 13882
1 1604 912967365
2 2004 11749
1 9438 -878103053
2 15391 8957
1 5904 631463145
2 14692 597
1 8187 -126358625
2 3564 19470
1 9618 149372733
2 19080 3355
1 6614 -778667268
2 2542 14770
1 4481 302010625
2 10074 14561
1 11095 -242299166
2 16094 17829
1 14696 -239173814
2 949 16586
1 5529 842559380
2 1944 14697
1 169 -771144577
2 5016 5010
1 6708 -164487663
2 1690 7570
1 10391 604031579
2 17848 4390
1 5315 -615227581
2 9657 11131
1 1467 -201484724
2 15119 13518
1 4387 -892641235
2 18722 2176
1 17732 736942823
2 11427 14682
1 3843 -105443684
2 12872 17558
1 671 -525679746
2 64 16034
1 1206 -158185239
2 660 3141
1 8793 65736268
2 4101 4284
1 16403 -430755235
2 7264 19692
1 6629 391838316
2 18171 15864
1 11260 -526976911
2 15216 2619
1 1726 554428460
2 9796 14640
1 7054 724786726
2 14566 10342
1 131 209101245
2 3657 6344
1 2529 178207988
2 6286 16927
1 17381 -137979952
2 4541 8593
1 16456 -365669425
2 7512 17663
1 16005 -43837118
2 9328 13883
1 8193 -206692787
2 1387 548
1 13942 118485900
2 4123 5157
1 15093 31638295
2 17168 1236
1 1740 784506864
2 6244 2207
1 3789 408117902
2 5993 17375
1 1474 962255610
2 12183 184
1 17988 -210192680
2 16399 6818
1 1772 856276888
2 19128 1912
1 1785 -840716558
2 979 4053
1 16306 -454512209
2 8546 19298
1 10137 -524294643
2 11399 19573
1 18425 -87113048
2 5040 14785
1 18589 617752346
2 3687 9095
1 19598 904437843
2 5142 17392
1 15710 -248919034
2 16614 2529
1 12825 789326246
2 8218 17228
1 11320 -609940246
2 11645 12184
1 5981 -612335794
2 6903 7641
1 19364 448759649
2 14848 14571
1 16945 563792875
2 12413 3324
1 3093 -410322047
2 7693 16051
1 3453 92929894
2 4346 2471
1 4996 557725914
2 3367 17278
1 17573 -752574463
2 17353 4484
1 18601 -919491453
2 5742 852
1 5263 193382998
2 13807 18398
1 295 -774837933
2 12407 11928
1 8730 660685661
2 10562 10647
1 4644 -877456446
2 16614 6138
1 4215 742079708
2 1609 19651
1 5478 -715608609
2 13988 10156
1 3633 -818777591
2 9518 2451
1 19481 143742691
2 3100 985
1 6900 939226321
2 6511 19255
1 16937 -347307578
2 11777 14499
1 19716 -298629837
2 19025 9196
1 19273 -567738853
2 13594 3960
1 7305 373139270
2 18487 233
1 19068 -985016956
2 1593 18397
1 3736 -720713935
2 8673 14069
1 8285 -585076484
2 7578 10176
1 3925 -400720281
2 6979 10090
1 10707 981729780
2 7904 8382
1 7435 -851823030
2 2660 17584
1 17106 201390431
2 4292 5775
1 4553 -607837036
2 18772 12886
1 15689 266234490
2 14804 7473
1 9838 46101914
2 8182 6981
1 17620 -381918897
2 11321 2553
1 14167 -164499908
2 2189 15325
1 13535 58744747
2 5386 12039
1 16106 441865515
2 4978 15356
1 1395 -743832650
2 12941 18214
1 1512 -400640693
2 9982 3904
1 19604 421284144
2 7210 16422
1 1443 -12164690
2 6478 16558
1 10691 667731244
2 18837 13062
1 16348 -835888526
2 19902 19383
1 5418 558485238
2 18288 10816
1 10597 856735317
2 19872 18004
1 17093 324901711
2 2228 3707
1 7037 668513600
2 9736 14774
1 7980 859829414
2 5000 7164
1 12074 948080856
2 5173 15939
1 9831 232583923
2 11555 9588
1 19242 -820242600
2 6452 13227
1 4853 -943850339
2 11684 5187
1 3653 245956451
2 19376 18284
1 5829 -212499241
2 12899 14756
1 15894 -76472444
2 16793 13123
1 19672 -451469967
2 3195 12755
1 10200 267880602
2 9178 19986
1 19370 -889925628
2 10733 7777
1 12022 476840755
2 1657 2520
1 4989 179791310
2 12938 5812
1 16202 664581617
2 16783 9892
1 2050 -520458905
2 12369 11577
1 5896 -835614672
2 2629 777
1 9655 297425476
2 6481 9726
1 13739 602827088
2 1050 18725
1 7967 655016270
2 6631 9586
1 18512 -472486886
2 576 15728
1 5021 -85176094
2 11874 18675
1 13675 684636363
2 17284 1681
1 12566 607387754
2 10108 3299
1 2640 684928238
2 261 7859
1 10649 173572308
2 8053 12151
1 6304 -178175680
2 4541 10706
1 15914 -408999019
2 16530 7425
1 6360 -5346584
2 11086 19453
1 4047 172839701
2 10795 13119
1 19229 -882829004
2 17031 11516
1 17322 -38417012
2 9547 1391
1 35 -264056423
2 2676 10841
1 6785 284638060
2 9692 7306
1 3264 -706136180
2 7707 12503
1 15097 -324677136
2 16162 17951
1 8676 -125263154
2 14912 7602
1 16083 -461819078
2 2068 14702
1 17651 -98354891
2 7407 8526
1 11521 -138076282
2 17224 19230
1 1168 -101795879
2 9812 6103
1 14629 243504398
2 224 12179
1 12164 692633502
2 19554 4733
1 16704 623387479
2 17114 7093
1 8945 831049667
2 19431 1928
1 6176 923676914
2 3644 16881
1 18084 305596920
2 7151 18019
1 9581 128322844
2 15110 5202
1 6637 -991632426
2 17273 4248
1 9149 -497121026
2 14837 8387
1 992 -377768234
2 4790 8905
1 3862 -137679900
2 15353 17854
1 18582 234593312
2 17762 11985
1 10597 907769269
2 18561 15150
1 15147 -371663068
2 17208 7585
1 13250 752519797
2 17965 11864
1 10360 263552085
2 19285 3511
1 12342 608540890
2 17296 13647
1 9811 832301927
2 18891 12316
1 18241 -412364845
2 10684 1950
1 13889 700800406
2 7345 4196
1 16705 756013185
2 13100 6505
1 81 840171745
2 9658 13843
1 17186 945339865
2 16494 259
1 9736 32724727
2 7782 14949
1 13502 546616237
2 16938 14128
1 14405 -424182296
2 19677 7058
1 7387 657258692
2 16959 18148
1 7350 510667680
2 8816 10328
1 18955 322973455
2 10470 18688
1 13735 -821670216
2 5260 15041
1 13146 19300743
2 4756 18126
1 13798 491893166
2 16015 13084
1 2902 -219009631
2 13707 19238
1 16062 534836585
2 4711 17076
1 19839 -975269298
2 17878 3584
1 13648 335277153
2 5519 13285
1 9965 -802481825
2 9794 11041
1 8827 -656361902
2 11700 16411
1 18174 474285472
2 11532 16507
1 8260 205729534
2 622 4535
1 7520 854862476
2 2695 17259
1 12227 -379732907
2 4579 7341
1 18462 -376446086
2 8502 18205
1 5996 924779752
2 1617 5999
1 17760 896462869
2 17720 11074
1 11402 280576188
2 15164 2426
1 17367 -794839208
2 5579 7597
1 1025 -588419536
2 19051 9018
1 17928 -297633293
2 11476 6656
1 5953 -33091470
2 3662 18133
1 1067 -168301114
2 16593 15268
1 17958 64238839
2 1244 11500
1 2729 -979975605
2 1509 17873
1 10429 816976076
2 18298 13085
1 9979 -423349263
2 11919 236
1 8500 722974416
2 14397 8588
1 9842 -89492935
2 3750 18072
1 15839 -883987591
2 11968 6409
1 8424 897308422
2 12431 4844
1 12286 878950582
2 2498 2940
1 8486 672995074
2 18756 7366
1 17926 981419101
2 12572 2718
1 5352 595766437
2 13398 8538
1 3746 676064698
2 5927 1495
1 8587 -931545360
2 6174 9765
1 4817 139666211
2 11430 6224
1 9197 -367089464
2 10393 17746
1 9991 858411375
2 17094 1028
1 1237 791520695
2 6444 2920
1 14253 -368563911
2 15063 17865
1 16079 703782391
2 60 6666
1 3537 -372576678
2 7393 10510
1 172 689254364
2 3974 1311
1 15425 147465032
2 17968 9333
1 19738 448646210
2 17555 2239
1 15769 727113064
2 9063 6061
1 14887 -634357648
2 2536 4048
1 6593 639803594
2 11899 5711
1 837 -760223393
2 17584 884
1 14245 895176181
2 3671 17127
1 18872 -982612722
2 7086 18217
1 12894 -456591105
2 13756 1416
1 2065 -123591254
2 3474 16319
1 19314 573373907
2 3465 11979
1 18337 703369126
2 4452 13221
1 7482 314799714
2 5908 18681
1 8704 638836565
2 12762 3486
1 9139 301024290
2 4070 13109
1 9833 -720746456
2 19650 4461
1 16928 964112198
2 14145 12445
1 12314 -637502725
2 2030 18778
1 19776 -74031167
2 12052 4559
1 12377 -861365712
2 17593 1466
1 15897 -557211260
2 6138 8031
1 1030 -164690571
2 15396 13841
1 12084 -979049409
2 16072 9256
1 1629 913790180
2 6967 11842
1 11788 -872990388
2 15715 6250
1 981 -582652024
2 17689 2893
1 1108 190499901
2 2037 9856
1 9895 -916874520
2 11340 17692
1 8115 787034309
2 1173 14313
1 13996 -274840387
2 2053 4569
1 1180 845057557
2 1222 19856
1 10611 538296987
2 17507 19481
1 6413 210020781
2 5423 3465
1 3043 418985848
2 14533 6628
1 16840 159858339
2 4008 2571
1 34 -489350977
2 2311 15600
1 19188 557675452
2 1989 13506
1 11861 -396884970
2 2366 18118
1 18863 100278429
2 1434 6244
1 9439 39161043
2 11981 15327
1 455 409736272
2 19553 3968
1 3481 -689817322
2 13839 2126
1 16519 -156494030
2 3030 11103
1 13696 989492829
2 19460 221
1 14186 -137394570
2 14341 11143
1 1594 250071297
2 12975 18946
1 1929 918339627
2 1865 17814
1 17428 -823894278
2 3203 3860
1 493 599220200
2 19590 5311
1 3343 241836663
2 179 7224
1 17994 -132838088
2 3209 18072
1 17667 -806694250
2 17349 9727
1 18357 178247722
2 1954 8453
1 16928 -893401191
2 15924 4456
1 4710 -970566059
2 12889 1043
1 3496 -599918301
2 6430 479
1 8023 833782311
2 7104 8342
1 1276 -562573605
2 12845 19811
1 11738 -109500013
2 9197 17481
1 15153 -773481306
2 2891 5152
1 19496 423760585
2 15876 3740
1 9876 325141140
2 423 254
1 18794 581411886
2 5694 3920
1 11057 668813587
2 14215 9895
1 17269 237441298
2 3346 10685
1 10557 -370671677
2 291 19469
1 18418 -561517866
2 16114 17449
1 2741 314638195
2 3003 12297
1 7926 -468309389
2 6405 16178
1 17096 694482813
2 11986 8918
1 9560 -405461583
2 15093 12933
1 13511 345489864
2 15320 17645
1 6606 -621147619
2 1404 13545
1 12483 -822274972
2 10810 10863
1 8901 -883677128
2 9123 14664
1 10569 -170118515
2 6752 5542
1 2587 370084856
2 11730 3509
1 13835 -404934013
2 7826 14611
1 5198 -212018704
2 17055 19623
1 4499 -29036562
2 17261 4308
1 8631 -10348038
2 6788 2964
1 513 798256372
2 3330 13350
1 2040 -129893864
2 16413 13015
1 11211 96161979
2 1751 2191
1 1924 172088666
2 14530 3089
1 15904 -835465001
2 1680 7464
1 797 -837830384
2 17537 17747
1 16611 -192065176
2 19660 18923
1 15282 -648004777
2 16780 4796
1 5635 527482269
2 504 16796
1 16584 628500145
2 11928 9134
1 6474 -835883992
2 18913 12529
1 16043 -651939053
2 5421 18135
1 1162 103221247
2 14240 9617
1 4173 2351391
2 18433 15149
1 8718 -348337176
2 14623 3113
1 11457 643668237
2 1801 11655
1 1092 665069817
2 5015 8263
1 19377 -498305731
2 430 2642
1 16030 923181184
2 5666 5021
1 16262 969505032
2 18228 15159
1 16529 -61655220
2 15494 18933
1 18661 -354318285
2 14019 58
1 15627 243177754
2 9445 3701
1 5158 587347354
2 16490 13788
1 19102 -278038248
2 9939 1128
1 1152 -69828657
2 17719 301
1 7987 -154172191
2 14382 4172
1 15026 870074995
2 10048 1025
1 19968 -174271137
2 6730 2072
1 960 -671676761
2 1133 14692
1 10037 -949255951
2 7913 10019
1 15099 -46625867
2 2126 8182
1 14079 -825651490
2 13252 16085
1 4112 -535307317
2 5489 7895
1 1379 -905926520
2 1258 8675
1 5429 558573581
2 9365 6867
1 18108 835198623
2 16917 11626
1 13169 110538365
2 7046 12163
1 987 -257685935
2 5483 2399
1 7710 851172329
2 16008 1357
1 14525 -938950140
2 15121 15361
1 15282 -965335475
2 12707 2016
1 14234 -34342044
2 15876 8506
1 3519 973854834
2 892 3467
1 5752 72992647
2 1221 13494
1 13021 50670580
2 395 14823
1 14578 -938199303
2 3473 4675
1 5728 918388987
2 17859 13483
1 9759 817708331
2 6996 12986
1 4445 837202269
2 9043 860
1 7588 -672823520
2 11658 14534
1 10662 688595634
2 8373 16627
1 11055 566394733
2 8337 11633
1 111 920406819
2 46 14842
1 12395 -253812285
2 13587 1214
1 1866 810825318
2 5951 9954
1 13526 -804004930
2 10272 8646
1 16167 -573380696
2 2254 14413
1 15033 35134741
2 16780 13256
1 11885 -47860015
2 2536 220
1 9609 62221274
2 2077 12063
1 185 93917175
2 8209 2188
1 2579 -148611540
2 7326 3674
1 15054 320035599
2 12758 1613
1 11675 -55527220
2 14946 19738
1 1607 -25783443
2 7245 19044
1 12697 867492112
2 13412 6846
1 10662 -142052158
2 1653 10294
1 10093 -832844347
2 3498 14374
1 12702 -344227631
2 2465 11980
1 5967 -514571523
2 11948 3392
1 8746 429229293
2 12125 3657
1 6939 -408490897
2 1542 2093
1 5289 554525069
2 14231 16012
1 5730 876249958
2 528 1899
1 7115 199111105
2 1769 7995
1 4639 -296696065
2 16024 9059
1 14083 847835239
2 2767 7317
1 11490 512477653
2 15210 5914
1 7539 680688839
2 19306 5294
1 7418 -780824764
2 10196 12841
1 15225 -833848735
2 11917 13350
1 4865 -316540829
2 358 5820
1 5222 718181804
2 13768 7940
1 3002 -955941603
2 15099 256
1 8786 -603903708
2 10116 27
1 1187 853320986
2 1903 8026
1 8521 -879325869
2 5145 11516
1 9063 -595869574
2 9115 449
1 16641 -102066805
2 733 8101
1 11507 -664310133
2 17105 12748
1 6059 -812706022
2 6732 12072
1 10434 -937201568
2 5649 17514
1 13996 296323044
2 17806 5085
1 13570 462337522
2 10876 16112
1 6558 -567592019
2 3762 2657
1 4056 725249605
2 10768 17295
1 1204 -406282296
2 4798 3707
1 5105 -381933320
2 16971 10053
1 9374 323418270
2 1901 15968
1 53 357471979
2 2236 4378
1 7118 -134020553
2 10317 11164
1 15771 272613687
2 14118 12269
1 10652 -297392602
2 15167 5382
1 4781 316587076
2 2763 17537
1 62 859314499
2 2246 17583
1 4144 -10335481
2 9990 9140
1 9494 223586470
2 2991 5236
1 14022 300700849
2 14174 19744
1 4141 -210067915
2 13613 14264
1 17119 880604768
2 16518 11900
1 14234 -415345519
2 7002 15858
1 19834 -961889779
2 14314 14852
1 18902 643450426
2 11472 19992
1 10922 -547682239
2 5128 9235
1 13256 -924354440
2 5522 19811
1 12927 -15890027
2 13783 13368
1 6094 -779544594
2 11874 19737
1 16833 -300191867
2 5958 18258
1 9311 -703809993
2 1037 15026
1 7434 550757880
2 18705 8351
1 1250 -473429499
2 5688 10749
1 17825 49431498
2 2055 13487
1 1769 -270979305
2 19964 9300
1 5201 53059543
2 15975 3739
1 298 488746187
2 9050 2713
1 12325 -418773189
2 15863 16647
1 1527 279862893
2 4484 5603
1 17519 -52142074
2 19674 4678
1 4273 519536570
2 5923 2357
1 10213 -898574443
2 8461 18675
1 1075 -629391046
2 18586 3922
1 14203 -534934396
2 19996 16692
1 18495 227770622
2 7643 944
1 4922 923928455
2 9931 4720
1 762 360171142
2 9367 18170
1 19476 -927335477
2 18386 10825
1 465 -395073792
2 8662 435
1 17474 115749022
2 10052 19635
1 5957 -1096954
2 5680 805
1 11111 432558041
2 19282 18399
1 3954 79192736
2 8518 14402
1 3924 115200375
2 17973 12790
1 17288 -423441861
2 6486 12008
1 17956 827155871
2 5574 301
1 4386 -83182464
2 13017 17557
1 3903 -407937632
2 2593 13680
1 8804 537775728
2 17491 4208
1 14802 -597719996
2 4943 10995
1 17672 -725344501
2 14149 6305
1 10538 681494504
2 17080 18825
1 7815 896817458
2 5438 14950
1 4085 -304070900
2 18979 5372
1 15262 -857425973
2 2813 16835
1 1326 -649703071
2 18351 12274
1 14686 53402740
2 10248 5770
1 1252 155933293
2 12431 16882
1 1316 -389100635
2 15077 12973
1 2411 -928875914
2 615 12116
1 9624 255594460
2 5782 4428
1 5509 -776724070
2 11205 14294
1 11748 -497596507
2 5757 7830
1 14405 -472748604
2 8589 7632
1 12266 798722488
2 18581 10919
1 1457 -463944346
2 8336 2766
1 92 -961808830
2 13776 16094
1 19888 -300286163
2 11090 19452
1 2575 -854663508
2 2882 11421
1 8844 -931659278
2 7537 17399
1 4472 402386686
2 1828 1556
1 8212 -949839757
2 15893 10716
1 17505 -736042527
2 15946 12361
1 12986 -335478659
2 8511 17088
1 460 60593931
2 1373 19651
1 16601 -487309246
2 12874 8496
1 4986 -445547046
2 10742 15892
1 3462 641535925
2 15663 19476
1 462 167628239
2 15178 8962
1 17827 -978057038
2 18846 12580
1 1065 -526896045
2 6464 13872
1 12834 326926662
2 611 14670
1 12565 964043580
2 11537 507
1 17009 -813773489
2 913 13310
1 2559 519788182
2 9408 2055
1 3211 135409371
2 11899 17772
1 5052 -560681637
2 6921 3890
1 3912 929959038
2 9645 15509
1 2957 927037066
2 18164 19678
1 13531 524665618
2 11934 11938
1 10335 -61642242
2 16354 14753
1 7576 644202154
2 9893 12646
1 15167 35495850
2 17266 15078
1 2333 -942196587
2 17865 2629
1 13490 609807660
2 1773 6997
1 9443 -283868775
2 869 13611
1 11186 43449609
2 15119 19751
1 11357 560541577
2 2386 15496
1 7990 -422005778
2 11645 4115
1 1693 742794545
2 17134 12684
1 15670 -952690983
2 298 17753
1 7239 938901292
2 9822 15635
1 15233 782196514
2 4487 334
1 6913 -868622361
2 6677 4408
1 14365 -716602368
2 1881 12133
1 2499 809098294
2 4585 15215
1 1883 61745220
2 19855 14379
1 3500 -634715194
2 365 11722
1 16866 549935282
2 16158 17023
1 3118 -669258357
2 12514 18721
1 2443 -630861952
2 10118 8950
1 17214 607007310
2 580 11040
1 11883 -240755246
2 13452 13853
1 7849 598563445
2 18044 2066
1 3485 -173743369
2 10064 15146
1 20 -531052076
2 1299 12429
1 5059 240494452
2 4638 11586
1 11008 582364365
2 7326 4995
1 18442 625808304
2 5511 15018
1 9127 994746213
2 14456 1397
1 7880 231906409
2 8795 2533
1 6570 488151521
2 12233 13999
1 4692 -2581143
2 833 18490
1 12232 641910968
2 9289 18333
1 9892 -945236868
2 7022 14228
1 7562 351426926
2 4206 14505
1 4291 -787667627
2 4676 3217
1 14607 685483026
2 19454 10853
1 12688 -321735519
2 14726 15319
1 18991 889499095
2 12142 14399
1 6819 74467105
2 14760 5130
1 662 369233428
2 17301 1263
1 18353 562980678
2 5977 819
1 6369 927541582
2 11599 7083
1 4879 -422037975
2 3579 5775
1 13061 -290487302
2 790 12955
1 3464 -915353015
2 2612 16788
1 15069 621609316
2 893 7304
1 8915 332755886
2 11162 6764
1 18113 -936623236
2 4410 10530
1 18613 238345219
2 11792 690
1 9918 598921315
2 6615 9004
1 16286 -303928873
2 19406 1575
1 224 8190090
2 8240 7335
1 2333 -443103568
2 19750 1312
1 9689 -236273718
2 17655 19214
1 12518 -130275083
2 481 11502
1 8875 814927766
2 2847 5689
1 10303 51952934
2 11924 16684
1 4800 992375042
2 925 19635
1 983 192866813
2 8973 8141
1 910 214324116
2 16288 18656
1 16210 -371587646
2 19022 10256
1 14837 549209178
2 2340 12499
1 12076 -871678294
2 8299 7272
1 17173 926223668
2 19965 18549
1 3566 899843080
2 19809 18965
1 19127 -93738993
2 2593 17012
1 12979 -778875567
2 6893 1193
1 11997 -231592754
2 16630 3539
1 18575 -593079671
2 12247 2943
1 13343 -75922607
2 17446 16582
1 666 430740354
2 7 2998
1 17990 -254548418
2 2706 10322
1 6604 -280533348
2 6760 13903
1 8800 413343932
2 3923 16176
1 27 -406149202
2 9315 6060
1 15411 443356557
2 16247 1790
1 19327 -283422051
2 15500 186
1 17725 702856564
2 2193 1447
1 2679 19383867
2 1839 6866
1 16078 -606186984
2 9893 19123
1 10476 -627237572
2 4389 6162
1 686 -650118126
2 1937 13969
1 6511 -612218208
2 16737 10224
1 802 -752033554
2 5698 12112
1 18338 -873654463
2 11451 18532
1 13919 -693130946
2 123 17766
1 15596 548636895
2 14894 8011
1 11031 248704267
2 8636 5248
1 946 11330517
2 12372 4395
1 5807 834055035
2 18775 13503
1 6639 809317143
2 11478 12531
1 17023 15490977
2 4040 14572
1 16140 -483195326
2 1370 1619
1 15018 789845724
2 5052 627
1 15182 749060520
2 8211 10203
1 11656 556796747
2 18971 6254
1 12568 -775960379
2 5823 983
1 10181 -323118809
2 4371 7021
1 10447 127810432
2 13008 16206
1 4873 612987682
2 14564 16637
1 3610 -410117865
2 920 6758
1 7966 -27028321
2 12622 3478
1 7824 493930280
2 16268 12711
1 16529 868365859
2 11676 2243
1 3984 -594456529
2 1757 2024
1 453 -127974753
2 15789 9927
1 7407 -274253912
2 5810 5899
1 1543 -858393644
2 14891 19156
1 18531 -156233549
2 4491 7419
1 13708 -821931499
2 10930 18068
1 2742 -848419960
2 16240 18791
1 11128 -170386358
2 5984 13322
1 12516 -230444198
2 1074 3177
1 19173 -982304126
2 12027 19804
1 16856 -177654322
2 19811 8825
1 14400 947866073
2 6495 528
1 16128 298998482
2 16541 18223
1 3776 -863512758
2 18184 5227
1 10813 436831211
2 3655 4423
1 19850 542255392
2 18000 6973
1 12909 -297774883
2 9543 1102
1 13239 -190738691
2 13432 4123
1 10944 -348775458
2 3418 4506
1 3237 -857729776
2 12680 19490
1 6529 319066029
2 16171 19412
1 3808 534735293
2 5677 2443
1 31 852928811
2 4109 11899
1 5974 931337274
2 11 2132
1 17384 -914747789
2 15466 10909
1 9690 -270359789
2 3369 3016
1 8302 -364572411
2 9855 3026
1 11175 815177813
2 575 12078
1 12390 -117682303
2 12485 4703
1 7067 -596524200
2 11724 10705
1 5227 892989847
2 14687 3753
1 18940 -735560584
2 16182 11820
1 14351 -256174100
2 13503 2300
1 17411 731358084
2 10946 10467
1 13974 535974778
2 16502 12499
1 4721 -868085782
2 11206 16171
1 15368 650195416
2 2994 3845
1 12676 126215349
2 16523 18187
1 17462 614326032
2 8401 13842
1 5645 -260370273
2 6660 6404
1 11836 827093349
2 8016 10617
1 16068 -480533214
2 12793 8003
1 16192 -699829681
2 15749 16150
1 15266 -101040562
2 2943 13230
1 5136 492035416
2 19563 13894
1 5501 989718679
2 7148 8747
1 96 -15973801
2 6168 7409
1 4929 -446448296
2 12599 14774
1 6054 -38892502
2 6087 12805
1 3466 297148870
2 13158 8558
1 13292 -258945819
2 14499 11035
1 2134 -156408257
2 4318 16869
1 2328 849782278
2 6253 5738
1 13623 979050844
2 15533 16191
1 2234 798726631
2 3463 11887
1 19250 -719669472
2 12809 15407
1 11954 -127564315
2 5017 18797
1 743 374462042
2 16018 13511
1 2722 104609701
2 12049 18889
1 6831 -276888928
2 17379 10090
1 8986 -231711294
2 9619 3966
1 7402 232212902
2 1107 9585
1 4587 -412810427
2 19382 6339
1 10707 397177824
2 17942 16018
1 13456 -871453509
2 19705 1622
1 5690 -208888977
2 13753 7732
1 18011 288181317
2 1165 9251
1 10284 -158463938
2 9864 10528
1 16406 -590051613
2 69 7234
1 8483 -278316025
2 5669 6825
1 857 163459606
2 543 20000
1 442 -196015159
2 2502 12068
1 9614 -18266174
2 8386 19582
1 15066 -14292109
2 6534 14191
1 19196 118004702
2 16975 12392
1 7563 -276415794
2 6535 2623
1 16216 -397079569
2 3023 9849
1 19625 638730584
2 4196 8413
1 16525 -52824989
2 13868 6656
1 4984 14367648
2 2527 8420
1 1103 23559251
2 12765 11767
1 5169 -566593453
2 3575 747
1 7941 373184648
2 16124 9447
1 12785 31370453
2 14565 12682
1 12535 -604861764
2 16944 14742
1 10413 -910666318
2 1153 14761
1 4837 -730732574
2 14946 16281
1 11007 -229330991
2 7041 16351
1 362 -186109391
2 16711 7343
1 8880 366394846
2 6031 8765
1 19135 71417044
2 11264 5599
1 5927 -949808434
2 18810 14571
1 444 925102745
2 14788 4060
1 590 -824868143
2 11217 10968
1 18742 -556302990
2 15539 11023
1 12582 -483051380
2 4431 14770
1 19215 846797580
2 14334 3706
1 12988 -61617960
2 11336 14101
1 5686 771138235
2 11045 11001
1 14860 501911947
2 11910 1753
1 9786 -128789034
2 15801 18788
1 7444 282768901
2 1630 19377
1 1499 -396580901
2 16851 16357
1 5398 -714044849
2 16098 15028
1 15582 38699100
2 117 12198
1 9102 -537226556
2 6791 7832
1 459 657686029
2 18212 8996
1 14963 -267185175
2 1549 2640
1 5208 517101941
2 19063 19449
1 14542 -834757829
2 15610 14523
1 9693 711157309
2 9744 5317
1 10283 869029293
2 4664 6510
1 987 -104201607
2 16632 1563
1 1530 -143798287
2 1805 13220
1 6470 439120187
2 3715 15727
1 6593 -952179279
2 6793 13097
1 15619 -533413612
2 14589 2999
1 10326 -116280180
2 12516 3513
1 9565 -412260387
2 11322 13975
1 16225 906225069
2 9591 3392
1 8163 647694483
2 10987 12602
1 15733 -309744645
2 11525 7989
1 7242 -784048248
2 7600 5227
1 18264 965959472
2 19505 18579
1 12812 -377239693
2 4076 12573
1 13472 646850017
2 4234 2654
1 5698 -318216105
2 15106 8825
1 5795 70972268
2 16374 3761
1 11700 765638772
2 4320 19559
1 3236 466986002
2 2816 10039
1 8924 530534237
2 17274 15616
1 5337 598826118
2 12061 9760
1 18517 321044209
2 13616 10019
1 14491 18100794
2 9178 14793
1 15889 287743114
2 2271 15101
1 7533 -629461523
2 6606 12013
1 8404 13803726
2 5523 16822
1 11613 233375021
2 12864 4566
1 10631 752973770
2 16627 10643
1 12473 -127669183
2 19423 18408
1 1558 -313087876
2 5077 12810
1 12622 568721372
2 6180 11178
1 12698 -582564099
2 6824 3688
1 7600 -271120056
2 6833 6248
1 16455 44522722
2 16489 8977
1 16968 124108822
2 10398 6344
1 6856 -135813864
2 18610 13285
1 17899 -836177920
2 9350 11529
1 13446 -441729328
2 16339 7817
1 10733 -931677477
2 2864 15978
1 13591 896498444
2 16660 17258
1 18658 793419541
2 10731 6056
1 1331 108330286
2 824 10352
1 16741 -767623037
2 18427 6314
1 8821 156631112
2 8306 4009
1 5637 -902163616
2 1267 1231
1 18980 604042413
2 7582 6526
1 19355 -76542594
2 14746 15624
1 9622 -526543133
2 5388 17617
1 9343 90839253
2 19686 1248
1 19219 -989479425
2 6059 1060
1 8072 -172537087
2 14684 9584
1 16865 659100923
2 10018 17824
1 2101 688596163
2 3081 3047
1 16456 -715641896
2 1864 8917
1 16798 650296333
2 18995 9268
1 13238 -359684712
2 9050 5176
1 13725 -291913270
2 2102 11267
1 6117 446481190
2 9660 4534
1 18570 -240249066
2 8800 19141
1 16528 596840381
2 3965 12257
1 13995 301073309
2 10150 12389
1 9781 247706461
2 19875 3746
1 17149 -54461661
2 29 12843
1 4540 -221238273
2 4599 4890
1 8505 819337733
2 3726 11809
1 2423 281546711
2 8467 19336
1 18334 150643599
2 5537 16787
1 9551 7672581
2 1808 9529
1 4410 -82008243
2 16956 865
1 17646 -445364927
2 3931 17157
1 2018 -642253360
2 18830 14017
1 14135 -350127147
2 7109 12488
1 15405 609679095
2 19898 698
1 9095 410035101
2 10850 13847
1 6678 -636218356
2 3259 14355
1 3644 310858376
2 12495 13926
1 7482 706550793
2 15617 12496
1 9272 -559936619
2 11567 3457
1 19617 374382422
2 18766 15412
1 17026 172199820
2 17023 15860
1 18050 883170322
2 16054 1166
1 10060 -388232036
2 2473 17343
1 15766 -113376969
2 16124 2996
1 7426 -459509825
2 7935 2126
1 487 -16473460
2 18801 6855
1 17374 389482362
2 14455 14083
1 7959 -292984803
2 7064 14200
1 8404 -861925289
2 18640 13856
1 411 -572643193
2 18130 4184
1 18161 648401775
2 13312 9124
1 8970 -460638201
2 19818 11957
1 18592 -258939834
2 2054 13640
1 7936 120097467
2 14356 16589
1 19889 996776999
2 15733 3961
1 10394 396557939
2 3098 16516
1 9540 -913739821
2 12862 18491
1 13235 -609238854
2 7042 13072
1 12418 848144152
2 7779 16945
1 9211 657345919
2 12120 14320
1 382 -374239832
2 1882 14467
1 19657 993217395
2 11032 17025
1 19508 824755344
2 2153 11195
1 19830 -698952250
2 19815 12569
1 2816 -731922511
2 19726 3613
1 6884 -614516505
2 10307 18880
1 15992 -332306441
2 15441 1483
1 17474 -547058621
2 6947 12347
1 18146 -299387653
2 13902 4694
1 6678 -914319541
2 7751 14120
1 9677 -140356727
2 17706 12040
1 10879 806383879
2 17774 8215
1 9747 522948823
2 19017 1162
1 17042 -638526526
2 13933 3333
1 2404 602225445
2 15164 14409
1 1963 -61137802
2 17518 17151
1 3872 875835249
2 6212 6436
1 19785 796683433
2 17810 1869
1 7563 756940467
2 2795 13334
1 11190 -493957261
2 16328 4215
1 7749 367597061
2 6090 5979
1 1739 -380508707
2 15531 12534
1 5656 648484790
2 1079 3255
1 3925 256611082
2 12575 925
1 13801 879738826
2 5214 18033
1 12507 12717821
2 1478 16739
1 502 383522892
2 2267 4653
1 18187 -848698363
2 9927 14883
1 5290 84563733
2 11124 19974
1 11109 491985709
2 11100 19065
1 6287 -988191446
2 682 3917
1 17847 884889491
2 2029 14461
1 6987 280507134
2 1867 18800
1 8628 -68601320
2 5416 12110
1 415 790753313
2 14313 14623
1 7558 701791020
2 8014 8800
1 605 -76854397
2 11773 9101
1 14063 869091406
2 7743 14518
1 1108 -630433515
2 15973 16510
1 23 629766889
2 13256 11739
1 5065 -298982037
2 13149 2999
1 7270 349617166
2 3607 10778
1 12224 -175483893
2 8511 2699
1 16380 -838203295
2 15284 11189
1 12458 161365537
2 10363 19193
1 2937 -699014493
2 202 14928
1 5823 81332022
2 18372 19291
1 10111 663388278
2 6773 17450
1 2255 -708668481
2 12244 2749
1 17588 -414684638
2 13496 16073
1 8922 -53508508
2 14338 8063
1 14746 -833301293
2 14015 16332
1 13206 533623532
2 9879 12784
1 412 -327546110
2 6357 9025
1 5282 -800027646
2 1325 19556
1 16009 414751894
2 3978 9500
1 19395 420661716
2 4695 3112
1 2471 -681567091
2 10926 7544
1 7961 833302489
2 11833 1025
1 1162 696827624
2 9831 11467
1 19345 951790957
2 5736 987
1 19185 582331002
2 4471 13474
1 19530 188928493
2 268 9494
1 2739 26342358
2 14111 2312
1 5102 358360355
2 9548 17634
1 7185 -46357191
2 7164 4291
1 2386 -289709021
2 18803 5336
1 15867 205544882
2 3824 1106
1 5530 113050353
2 8176 5340
1 17940 -238659537
2 16968 14631
1 15610 -305871861
2 1469 18675
1 2908 385777750
2 10257 10688
1 14711 636521540
2 14918 1473
1 19055 696891933
2 1872 9275
1 1407 -741005961
2 4858 10952
1 10267 264653984
2 13464 2097
1 14625 198072860
2 1762 17863
1 2796 -5583598
2 4357 10320
1 5 -507563970
2 13118 16630
1 8355 844911266
2 4158 18602
1 10017 786096861
2 2907 6553
1 7945 -212909380
2 1224 4676
1 12924 239842715
2 8293 15259
1 17987 -177134646
2 6704 9833
1 3602 400446189
2 3303 13056
1 14955 -540143975
2 6871 15146
1 2554 471535610
2 1718 15925
1 3205 -246183539
2 18480 8556
1 6574 -865242177
2 7943 2371
1 11564 490917465
2 1036 11650
1 6227 -103992706
2 13240 7014
1 19464 -655612294
2 8615 5971
1 2167 -754975044
2 1014 18010
1 4053 43785689
2 15510 15649
1 2699 680166610
2 376 8258
1 14058 -405979840
2 4222 5213
1 9432 755700126
2 8971 7739
1 13290 -681021630
2 19576 3937
1 10963 290376292
2 14273 19141
1 9181 395058515
2 9099 12996
1 17925 -583469198
2 10330 5329
1 5865 -708208288
2 17418 13515
1 13156 593596864
2 10948 11744
1 7628 19348248
2 10598 14603
1 16375 397879894
2 12067 237
1 11489 -32112246
2 14785 18014
1 6260 -715738377
2 12370 17767
1 12235 869625035
2 2337 18634
1 19961 497652315
2 6848 1813
1 14129 -272335957
2 6857 19815
1 6095 -314593336
2 19613 11449
1 18937 598564725
2 18361 11758
1 13117 -684387169
2 15862 7320
1 15315 -532508971
2 18902 7446
1 18745 659803889
2 14849 10176
1 17893 663407165
2 9934 8487
1 6754 919873122
2 16031 12653
1 8976 -429869781
2 9270 13561
1 19369 29167447
2 2060 4790
1 5653 922499496
2 6563 1593
1 13484 -196912121
2 10195 14539
1 10575 206990140
2 190 13783
1 13278 -714737993
2 10354 477
1 5315 564501500
2 2559 16569
1 18800 906337448
2 8265 38
1 17868 422380973
2 14242 574
1 11666 726616642
2 12255 17462
1 1507 407929912
2 1025 19766
1 19285 652385024
2 8045 14733
1 3176 607527394
2 14354 7287
1 1617 -215380209
2 13352 18821
1 5772 372292798
2 1727 7507
1 18228 904084003
2 15828 9730
1 6047 -152484085
2 3007 14933
1 16480 -761427394
2 1405 723
1 17385 -802289607
2 18480 3364
1 11727 -959166498
2 13340 14043
1 7320 -918948376
2 11549 13059
1 14160 676323103
2 13658 12341
1 11491 576179102
2 116 3586
1 1849 662073732
2 18723 3369
1 3109 -913783432
2 7134 2457
1 11699 634766095
2 19387 4994
1 1054 46267970
2 11150 12644
1 10023 869320376
2 19212 5728
1 5 -782115004
2 8810 2628
1 12854 601453065
2 4968 11011
1 15549 -935691250
2 16365 15551
1 2574 96242701
2 12409 12326
1 7018 -959225370
2 3234 10456
1 4123 -495976466
2 19054 5545
1 9567 -675860570
2 12432 629
1 7191 677867228
2 17406 1997
1 12742 584336536
2 5407 8649
1 17960 -474927279
2 6452 16021
1 18127 -558664713
2 3004 10233
1 6910 43401275
2 13130 10090
1 7135 649447226
2 15 10491
1 3873 -584010456
2 8482 10824
1 8493 500571967
2 16788 1248
1 16507 525253620
2 17582 15248
1 9138 -718299490
2 4685 19204
1 3564 -789855267
2 17931 8261
1 9901 460690347
2 14138 5829
1 9630 200246639
2 5587 11647
1 5871 107635172
2 8045 11083
1 13896 -251977730
2 8965 12422
1 12858 -101940063
2 10958 13624
1 4686 -146131818
2 15956 11975
1 18211 -867725451
2 4527 2719
1 12175 -34875602
2 8678 569
1 3873 537967408
2 5595 14650
1 17682 629364514
2 16830 13656
1 10642 314758299
2 12553 13251
1 7461 -984752609
2 9423 12540
1 17989 -272481997
2 5347 2950
1 10777 -35167901
2 10511 16271
1 15619 527615696
2 13890 5710
1 11312 172183773
2 14516 15248
1 19433 -729665641
2 13778 10655
1 6792 -94710472
2 2811 15120
1 6342 71425348
2 16648 13824
1 1276 435154674
2 8958 7443
1 4735 -13222586
2 3044 10139
1 12352 353433584
2 11700 7039
1 150 -239629249
2 10175 5738
1 5810 695693754
2 7094 6810
1 4511 -508326855
2 12099 8541
1 13761 -922263681
2 15962 9199
1 3986 661295023
2 18015 1973
1 5879 787267748
2 18491 10238
1 12365 -292318520
2 8639 2037
1 4131 84979839
2 15935 3320
1 3117 578580118
2 18870 5219
1 16867 323185382
2 18612 9468
1 11685 892884008
2 10104 5369
1 10038 -953961472
2 10904 8946
1 18801 955187962
2 13492 5687
1 11533 538994966
2 1034 4830
1 3473 349655331
2 16754 19557
1 5632 10941961
2 15527 2535
1 18162 236221336
2 18639 1043
1 17875 -5328711
2 11787 15287
1 10694 -749047884
2 2381 6378
1 13981 -261377308
2 1480 10690
1 18962 946916974
2 6983 16058
1 8325 906954918
2 17801 7673
1 15099 877215168
2 10776 163
1 9413 -201710005
2 15018 5812
1 18773 -42108549
2 9138 9479
1 19197 55087583
2 11087 5189
1 18759 -943141688
2 7894 18952
1 14165 -430260683
2 396 5834
1 8842 201339646
2 17074 5944
1 17268 959914458
2 18600 16167
1 1484 -485896572
2 5733 12357
1 8212 882920375
2 1783 9165
1 8156 -67611401
2 16905 5715
1 5051 774047470
2 7576 15448
1 8153 -297805792
2 8073 9430
1 3660 541518404
2 16552 19299
1 748 -366570423
2 1935 8483
1 18058 -59057908
2 10073 1588
1 14329 493309625
2 18552 17412
1 18534 -477239393
2 14176 753
1 15927 858297738
2 17164 10170
1 12780 455225787
2 3372 6579
1 9321 971913605
2 5856 5980
1 4134 -833357485
2 2236 10243
1 19897 178426990
2 8377 7028
1 1867 954954720
2 323 8769
1 2380 960857864
2 15809 2831
1 7070 203516828
2 17954 14207
1 16607 937134290
2 4512 4485
1 12117 -690769993
2 5709 15258
1 15350 -339359080
2 4195 7490
1 19056 -520335323
2 19718 592
1 12507 874212472
2 4350 7468
1 11752 -744413463
2 4400 8817
1 1320 926508219
2 609 11626
1 14869 -472036701
2 11770 2792
1 1974 -627181289
2 15571 14093
1 14900 739588535
2 2135 7339
1 2699 523014961
2 18651 11847
1 15512 -128874598
2 71 13580
1 16537 -125857002
2 11778 13809
1 2666 997575301
2 9360 22
1 4740 666528084
2 16806 12476
1 6588 465790513
2 2287 8850
1 2225 -491118798
2 4401 7511
1 15069 -803971513
2 18710 19913
1 16010 -646731010
2 18487 9856
1 10494 177659689
2 486 13639
1 6533 -184974297
2 8200 10052
1 18816 681906904
2 17023 9630
1 16666 878879773
2 6074 6711
1 6636 100096312
2 9423 17568
1 8311 -872660960
2 18615 17763
1 3569 155708720
2 14036 4969
1 6519 -640040882
2 432 17114
1 16518 -992466998
2 17260 6532
1 15118 64283815
2 10976 12125
1 15547 772935511
2 3638 10566
1 1954 796332633
2 4674 13487
1 17026 867455854
2 3622 17761
1 3229 -569270856
2 15686 3329
1 18219 914370881
2 19802 3478
1 7398 -20877425
2 2381 368
1 17062 614067307
2 6492 10821
1 12589 -125887920
2 5764 5012
1 5038 878476221
2 7939 8804
1 4104 338190413
2 19688 7523
1 19800 993461342
2 6558 5259
1 1529 354121018
2 19157 9294
1 17869 -922743000
2 19779 588
1 14906 787073548
2 8771 4231
1 6620 263573155
2 4057 19243
1 18347 -330304394
2 3113 4106
1 8718 -959558907
2 15895 4744
1 6126 501940941
2 13874 13617
1 16236 513409117
2 13157 12126
1 15394 812820336
2 19616 11820
1 2193 764157568
2 13213 15987
1 16012 138656858
2 2731 5478
1 2374 711013235
2 17508 10585
1 14270 493314020
2 11440 18337
1 12152 -953521171
2 14764 6456
1 14937 457048081
2 17985 13124
1 3961 -212748118
2 900 16407
1 2800 -676724467
2 16100 3490
1 10739 -270878628
2 4953 10742
1 10589 18212777
2 11296 10589
1 9218 343207650
2 11514 12663
1 2221 57065348
2 7742 3455
1 8397 54671384
2 14592 17960
1 19742 924124890
2 5521 1266
1 9472 285809705
2 14842 1196
1 19304 -386784568
2 10534 17182
1 11070 -87801532
2 1338 17765
1 19530 588043418
2 1090 18174
1 10778 -823913800
2 8391 9400
1 12365 585598770
2 18297 3908
1 17380 -851511899
2 11071 10918
1 8939 -857265543
2 19189 15525
1 16998 958789927
2 1793 2211
1 18295 -341201472
2 4162 1822
1 17673 299701104
2 7128 52
1 10997 390589135
2 12413 4480
1 7143 -812933104
2 16462 7936
1 10418 188022673
2 8455 12703
1 19262 -710799108
2 4140 15883
1 8582 726543665
2 12815 9881
1 18552 323349181
2 10405 1511
1 7780 -234640233
2 6798 3524
1 11188 -308752761
2 6836 8783
1 8239 -687268046
2 11200 2973
1 15322 148721076
2 13627 1761
1 2264 187700130
2 3709 10399
1 3572 -456578697
2 11073 14100
1 9502 970166760
2 7974 15844
1 15296 -919003642
2 5195 8325
1 13887 -555564840
2 3486 2280
1 15926 -206927059
2 4886 14931
1 3814 -755272543
2 19252 10106
1 13458 790173766
2 15352 14590
1 7508 794740624
2 10258 11475
1 8091 -190548554
2 18623 4548
1 4961 -594063337
2 15203 2844
1 4956 -976122282
2 17432 17465
1 13603 -493366201
2 5249 16325
1 2860 -976173684
2 7191 6053
1 13309 244205642
2 10413 11824
1 11882 -280749567
2 5849 2630
1 5478 -936682280
2 5899 18346
1 4521 165551122
2 3973 18017
1 8761 -593279886
2 7345 2090
1 9177 254239353
2 7146 1861
1 5957 -248049429
2 5086 18241
1 7457 -253465874
2 18303 8549
1 5077 -704083
2 16578 465
1 3932 -670065370
2 14491 4843
1 4533 -439610013
2 5972 10818
1 11226 -797258132
2 8681 10400
1 308 -992263329
2 4259 5361
1 19345 -656965757
2 6447 16581
1 14859 969585637
2 5418 4394
1 1321 483690792
2 10968 2349
1 1103 968585707
2 11892 8641
1 10807 352046420
2 16569 7841
1 15357 965203916
2 9634 5017
1 9592 944286155
2 4329 4324
1 17221 -478840678
2 11107 18597
1 9314 -29405466
2 9185 8737
1 1087 453025522
2 14833 4665
1 12594 147009606
2 14668 17376
1 4346 538760098
2 2261 16324
1 4201 -214814462
2 1165 17004
1 970 -438670423
2 16292 184
1 16726 796527806
2 13059 7666
1 14842 947146915
2 16335 18284
1 9352 -276420726
2 13002 7957
1 13947 308736430
2 17127 4561
1 13647 -162514914
2 19210 8441
1 18242 690155316
2 15192 2660
1 6 586821452
2 14535 8618
1 16404 482694914
2 4480 5976
1 12769 616498449
2 7639 5967
1 5416 681720810
2 2410 508
1 5034 985654327
2 10418 2684
1 12653 867723689
2 11546 10230
1 12869 490315483
2 7066 16814
1 11938 105135598
2 11181 16222
1 8845 757400410
2 18050 8702
1 7128 -254654251
2 7272 6968
1 16176 -820054487
2 11729 18450
1 19511 -94936807
2 7333 10478
1 19682 605456408
2 14391 1652
1 3987 -549362766
2 13563 6520
1 15895 -230988059
2 19151 12889
1 19515 927359236
2 14596 4712
1 300 736319574
2 3224 8889
1 4871 219830847
2 16611 5937
1 17438 291052029
2 16568 14338
1 12089 -638814784
2 18797 1513
1 19031 923342028
2 28 5003
1 14928 -542891033
2 18696 16036
1 14172 -235537327
2 16334 3876
1 2979 -467028732
2 5680 12528
1 13034 45300137
2 4082 12718
1 147 343200428
2 1534 14038
1 14199 -936669549
2 8351 13910
1 5441 988050861
2 8314 7758
1 11698 5442474
2 156 16493
1 9253 216765089
2 14499 668
1 7718 580742114
2 10513 10266
1 5826 690272373
2 18981 1602
1 16302 -450099273
2 13555 19655
1 1033 824155757
2 613 5045
1 6577 -548070333
2 10912 13577
1 16630 -479445184
2 1828 12037
1 1482 944047623
2 565 14275
1 17148 994476741
2 11741 1007
1 15766 752721540
2 5887 5034
1 1577 -972591781
2 10886 918
1 12286 186941271
2 19402 4670
1 5861 431271695
2 19639 16744
1 1391 -131683126
2 17993 4607
1 209 -110137460
2 10424 919
1 1819 115398076
2 17200 7190
1 10320 866389975
2 13944 9375
1 19979 80369817
2 12751 8616
1 3510 -843987229
2 12844 12080
1 1210 -260061783
2 19528 19612
1 14535 863214036
2 3328 13458
1 3353 -209440504
2 8878 19376
1 15184 -110848792
2 13451 8080
1 11737 883559399
2 16314 9551
1 3475 380190866
2 15116 11791
1 2215 896358097
2 4167 14902
1 7985 372055319
2 11470 9699
1 11474 -319894422
2 3463 4744
1 551 -866393331
2 16052 1165
1 6444 618910216
2 17015 4248
1 19978 572508980
2 966 4592
1 8553 -177213069
2 4915 17793
1 6823 -708031842
2 1945 5103
1 4155 -9454661
2 14443 17312
1 11169 904274952
2 17096 16478
1 740 -749090626
2 4623 19035
1 18391 -770484624
2 1347 13194
1 874 -379149779
2 12649 8154
1 8398 -194738880
2 111 1285
1 11716 -107136717
2 18734 13574
1 2305 -131952580
2 14752 10909
1 702 -135595320
2 10597 7068
1 19073 521076627
2 9640 15502
1 6578 -524364701
2 14641 17460
1 1989 -818628198
2 3974 15600
1 642 -218997116
2 9367 19442
1 12429 -655095071
2 5006 16203
1 5630 -99933662
2 17809 3694
1 11045 109638210
2 4509 3040
1 7147 693364475
2 13247 13378
1 13265 -476707089
2 7445 827
1 6005 -606712989
2 10743 12064
1 18976 -488352541
2 5478 5893
1 10290 -978048270
2 15599 14546
1 20 -310831907
2 8647 18937
1 8414 10799871
2 14715 15767
1 1491 316826018
2 1917 17220
1 2725 -90652008
2 8108 18532
1 9332 69399931
2 6743 16867
1 17278 729684480
2 2161 16725
1 8516 255991009
2 10791 1841
1 1577 -470872108
2 9810 15298
1 19271 -930038905
2 11816 18909
1 5408 -265353064
2 12787 5740
1 927 640471223
2 17717 10868
1 7012 857475904
2 11933 12543
1 14054 -206453509
2 17942 7079
1 18394 -907985584
2 817 1899
1 17049 -191004217
2 3577 9306
1 14789 769748732
2 10816 17864
1 5753 472353674
2 1910 16683
1 11162 -331880860
2 18403 7167
1 18634 557819624
2 3895 540
1 13990 677622989
2 12300 10994
1 4269 672084269
2 15454 18787
1 14828 -566706243
2 3881 10356
1 13531 762945354
2 1491 14582
1 6632 -103937594
2 4524 18072
1 4665 275654429
2 17864 7766
1 7481 -892326170
2 6795 13906
1 10403 342118176
2 11807 1533
1 17867 -444479314
2 13794 9685
1 7104 -367181990
2 7286 5654
1 17472 625554734
2 13649 2258
1 5326 242784467
2 10228 199
1 15191 111929776
2 17461 4831
1 9130 90124077
2 1445 16763
1 18087 -635635305
2 15585 7727
1 16057 770088240
2 2815 478
1 18146 -103886748
2 323 11827
1 8962 345181533
2 14943 11022
1 7100 652841939
2 17018 12529
1 4459 789009159
2 15414 6183
1 16532 708342061
2 10613 16861
1 12665 128240881
2 17071 429
1 18661 -908179457
2 9546 7383
1 8328 -533180790
2 9597 5263
1 1056 673601767
2 13166 3010
1 11289 -458110348
2 18219 16398
1 13798 539599686
2 19252 12939
1 14087 855311935
2 15215 6290
1 8279 44879756
2 12418 15459
1 8694 -783930121
2 8118 5771
1 11094 -471576891
2 189 17340
1 7531 -147920217
2 8392 19231
1 4986 751838136
2 2806 10530
1 10375 687158374
2 9000 8580
1 3901 522471040
2 1507 8314
1 14698 752772872
2 13277 10154
1 13065 -841466743
2 16626 2107
1 10997 218610539
2 8824 5854
1 5149 -97245784
2 4978 1177
1 6285 739449780
2 16354 14734
1 10492 815285259
2 2819 10093
1 18576 -638703234
2 14039 4383
1 630 698628919
2 15932 4623
1 19664 604767550
2 17360 14835
1 18845 -542785521
2 17220 13396
1 6594 -635368460
2 13875 5362
1 18405 49670027
2 7842 7808
1 8581 960383699
2 16838 15489
1 15423 -72894436
2 18994 13751
1 6529 886638685
2 17940 11711
1 7812 890261528
2 13555 14673
1 12631 810860132
2 6401 8946
1 11033 40006580
2 11410 19106
1 16315 -458541229
2 1554 3180
1 9369 -232769868
2 17315 13531
1 18387 -167083063
2 16983 13052
1 6623 -425943674
2 10427 6883
1 4879 -390789219
2 14693 17076
1 12425 -587612384
2 5064 9314
1 915 785741359
2 7243 465
1 7940 462550889
2 4307 7712
1 10918 115708603
2 913 12280
1 17832 -967017382
2 11276 8214
1 1601 -170302717
2 12070 1197
1 9910 -210678187
2 7532 13661
1 1873 862711029
2 14372 5105
1 12745 -546885056
2 12221 13552
1 15113 490824956
2 17393 5811
1 14210 97564290
2 18600 6793
1 9166 -37554258
2 11863 6621
1 11211 715162120
2 3569 12531
1 4275 -335802567
2 7722 5175
1 18095 -771585069
2 17203 18892
1 19821 -412336714
2 2635 10487
1 11351 -906676004
2 4629 7658
1 11899 972369866
2 12939 1693
1 6329 726532271
2 3931 19544
1 7515 200523808
2 9316 11343
1 9572 578948497
2 13827 10605
1 15919 62791762
2 4646 18709
1 10165 -58685118
2 9411 19774
1 10052 726105174
2 11278 15139
1 19151 -556207737
2 8586 6061
1 19237 73348468
2 3719 18779
1 12219 293293948
2 14766 13720
1 4333 -49159703
2 9548 839
1 8317 887156111
2 7935 7763
1 5798 -289100141
2 11063 19536
1 2863 253309081
2 15263 18836
1 3050 -313946472
2 13547 13322
1 4957 823277013
2 3281 13432
1 4531 -744722904
2 6372 309
1 16027 -950456151
2 9784 2844
1 14595 -632621141
2 3603 13411
1 15754 32698246
2 3092 4914
1 2834 121113224
2 9682 12603
1 17935 301418408
2 15501 16701
1 17923 -162089146
2 19654 230
1 7789 21176568
2 8095 10848
1 4585 813682637
2 19805 17210
1 3082 -328653101
2 13889 14739
1 4647 -884016806
2 12054 16541
1 19466 -49562403
2 16919 9413
1 6574 -473391783
2 2766 1986
1 10541 86644049
2 6168 9044
1 18052 93621808
2 18745 5192
1 15460 718265119
2 67 17503
1 17933 746605423
2 6411 6371
1 33 -611548340
2 16700 8200
1 17985 201712941
2 14432 4650
1 7656 -347275065
2 9104 9022
1 13971 -969731698
2 7321 1674
1 18582 -585259119
2 14635 6709
1 6461 437668160
2 10069 16483
1 476 104635491
2 828 19314
1 16712 541725221
2 1904 18576
1 14999 571383163
2 16866 1452
1 13348 71029783
2 5436 12780
1 2894 -260529724
2 4461 1551
1 12159 338996010
2 11544 12500
1 14324 470709823
2 13512 5271
1 2079 -842938203
2 4583 3514
1 4260 960539605
2 17275 8685
1 11384 866058723
2 8214 9246
1 9555 -828785432
2 8289 547
1 10822 578200161
2 11149 17298
1 1489 785890507
2 18861 18651
1 5214 856560305
2 13055 639
1 8608 405181460
2 18266 5248
1 13280 267485291
2 11645 15953
1 18434 -556941391
2 4390 12933
1 1760 779947806
2 18688 1721
1 690 690276016
2 1114 12119
1 10915 -437397155
2 12074 1709
1 19814 -568374658
2 10668 1795
1 18039 -643073439
2 18118 9016
1 7271 825265305
2 10744 12839
1 10946 -353423579
2 3671 14432
1 10423 -34497702
2 16586 15723
1 19556 -465885692
2 16620 7253
1 4399 -33448514
2 2815 48
1 11206 -400455273
2 13021 5079
1 2744 -986697547
2 7045 13680
1 1029 -427440799
2 3037 9231
1 13580 697565285
2 19106 18482
1 9749 275967345
2 16916 13520
1 11506 -45248227
2 7657 3960
1 18485 -750868798
2 16551 11640
1 6113 -147515395
2 8587 9557
1 18000 -416071182
2 8980 8213
1 4969 -155489703
2 7806 7248
1 7686 409558332
2 6455 19758
1 1387 378344599
2 9179 5190
1 8811 -960190506
2 9803 10709
1 912 514747783
2 9963 3760
1 13203 752936941
2 4900 10873
1 11737 962076589
2 13206 9957
1 1578 -649582862
2 7349 13823
1 13191 -772138126
2 5307 16465
1 909 -564359285
2 2059 9598
1 19094 604304108
2 14323 4392
1 7322 -825484507
2 13562 4878
1 19103 -252784992
2 15001 19107
1 8331 -702718016
2 11438 12806
1 5414 588562196
2 3323 5591
1 7289 963722341
2 4740 470
1 13127 -814440229
2 5588 4749
1 19442 816104321
2 6460 301
1 19511 -64548105
2 5914 8309
1 18709 -728648002
2 10241 15890
1 386 -363146899
2 8177 5178
1 13775 919423670
2 14918 9770
1 4411 720938718
2 17015 2047
1 6562 -790392701
2 2575 2186
1 4702 -175284828
2 15464 329
1 11242 -964954014
2 16077 3314
1 662 894644903
2 2730 19731
1 6855 90626141
2 8054 14867
1 6887 162853865
2 5753 4319
1 5092 -691294586
2 11839 5066
1 6313 133898472
2 15598 5566
1 18726 529710449
2 15481 1125
1 9704 674110391
2 16049 9126
1 19049 513763036
2 6763 12823
1 1256 -864733726
2 17076 2474
1 19763 916823928
2 2732 10476
1 12348 -245325609
2 4210 12665
1 3530 -209317870
2 12443 5966
1 7873 894529275
2 7256 2394
1 17387 831377614
2 8669 7705
1 6120 842021942
2 17218 13631
1 14688 -47528624
2 6188 2889
1 5419 631301568
2 13025 2496
1 12592 -64068907
2 5911 11287
1 2405 741455869
2 9629 6691
1 16472 -240420809
2 9389 19839
1 19786 90228812
2 1337 1093
1 11374 -970117917
2 19692 18887
1 13157 454788913
2 11657 12207
1 13442 872031603
2 17420 19945
1 15099 557381263
2 13800 16814
1 12873 -104217799
2 4820 19259
1 6246 -806905310
2 4933 5649
1 9908 -142940549
2 16583 1959
1 16017 805674539
2 7697 18393
1 7 898216079
2 1511 16534
1 14106 193846805
2 15248 14457
1 17024 671850097
2 6939 14824
1 15245 -27995988
2 18150 11804
1 25 -897431604
2 16665 19159
1 8297 295225905
2 14767 295
1 14588 842420584
2 4975 3103
1 5920 857142663
2 16861 12425
1 10196 634522647
2 11691 9846
1 17462 328799785
2 12773 9206
1 2039 -533010635
2 12617 6408
1 10500 275777262
2 14888 3085
1 3121 -22494343
2 2145 17445
1 4231 -889578925
2 15072 687
1 14089 -264071515
2 14848 16560
1 19903 -558734887
2 5699 10687
1 5974 -646151429
2 15586 14691
1 15749 516269539
2 2155 9380
1 19466 841204180
2 1215 16942
1 16990 -849637898
2 15334 10253
1 3992 -685104154
2 17650 535
1 7023 -461165765
2 7432 10546
1 17102 -78143257
2 6702 14937
1 1034 875512526
2 7758 5755
1 391 -586038442
2 5987 3520
1 19070 924314370
2 17466 568
1 13612 -446567271
2 14773 14737
1 3339 -264932455
2 1757 769
1 6569 -311762912
2 3444 17432
1 5081 -162807775
2 1145 2494
1 2241 258419739
2 12101 10857
1 10881 -860088434
2 15836 12004
1 16667 42630195
2 10283 14546
1 15341 -48530449
2 8750 7836
1 17759 -399157512
2 10808 16663
1 17759 -328882080
2 18148 11991
1 10909 47617254
2 18369 5507
1 476 825341838
2 13070 5961
1 19828 593421754
2 3069 9402
1 14528 -297378981
2 286 17795
1 7903 995882286
2 13254 11649
1 18764 592026733
2 18981 5058
1 725 957431521
2 10151 13252
1 1511 282289410
2 13300 13348
1 6852 879210696
2 3032 17479
1 4500 708350655
2 16512 11055
1 5498 85214399
2 9644 2876
1 7303 853146607
2 17170 2893
1 18497 -720634812
2 8914 7
1 14135 -749347914
2 10095 263
1 5757 -734527901
2 9381 9236
1 17041 -1273323
2 8838 19214
1 1092 -115802366
2 16521 8681
1 2030 783514126
2 5274 739
1 1616 830991270
2 11614 18229
1 3104 -302536392
2 9919 13120
1 18227 533884273
2 12980 16351
1 10888 -392983202
2 2513 11341
1 2400 -490356101
2 15044 10689
1 14655 -940659648
2 8296 10606
1 19278 905359194
2 10341 13980
1 14710 934171276
2 16671 17207
1 602 252149386
2 7473 7739
1 10004 274669252
2 13935 18124
1 14142 335253440
2 9003 17844
1 2693 -109879824
2 8171 6357
1 7848 -894782893
2 16006 6316
1 6487 223500645
2 382 7950
1 17168 -573652744
2 14610 13535
1 16837 -660038923
2 5810 3989
1 6049 -52354999
2 10565 14455
1 15191 375193940
2 12841 13289
1 3740 60353363
2 11781 9195
1 4633 266298371
2 9983 7733
1 5757 274517939
2 6438 12263
1 3632 -618142967
2 1278 3343
1 1171 130824960
2 12830 10572
1 5946 -606368889
2 3902 9121
1 9871 512709826
2 19814 7800
1 18452 -848731536
2 13020 13169
1 19746 369121828
2 2159 7228
1 14945 -479296994
2 10978 6867
1 18618 379105666
2 14535 12331
1 14826 -237511694
2 7976 16550
1 17542 938253691
2 1250 17329
1 7799 -930621320
2 6739 2270
1 18772 -584913007
2 8085 2069
1 3414 41235767
2 18891 19136
1 18426 -186976232
2 11665 14419
1 11285 -795681623
2 7424 10813
1 18887 -792383712
2 3029 3368
1 18365 511010946
2 11141 16076
1 3108 320075905
2 8103 10929
1 8707 729686594
2 9690 11600
1 311 201482049
2 12296 7185
1 816 996477366
2 11471 16254
1 15448 315801458
2 9856 1830
1 15044 -290408655
2 17593 12345
1 8144 -200229763
2 3193 6326
1 13802 6915543
2 9975 8519
1 13642 914093477
2 19461 12702
1 4757 -756881179
2 7837 15522
1 17403 -854753911
2 7502 4658
1 5540 -826529167
2 17299 17167
1 7451 -926986937
2 4872 9335
1 6717 -720469655
2 17804 2567
1 654 699585413
2 1892 14243
1 17645 -454885936
2 10944 6608
1 18409 698498244
2 6394 10769
1 15970 -896461866
2 7958 3894
1 16183 -746701551
2 3718 4874
1 2994 -581935508
2 16176 15620
1 2311 -507615364
2 10548 10959
1 19326 389693615
2 18719 7257
1 1016 777923267
2 14731 11267
1 14750 -45501097
2 671 8950
1 18389 872258320
2 19648 5126
1 3085 631648230
2 1582 3346
1 6161 792988150
2 15561 15461
1 16358 -670637938
2 18724 13487
1 8889 -139836803
2 5868 4019
1 15292 -13654731
2 4162 17945
1 9967 -115817982
2 16522 871
1 19773 -316116015
2 5287 4025
1 48 -456793268
2 15042 5649
1 1011 -607857128
2 3683 12255
1 4189 -182347026
2 6408 18635
1 5031 -557324927
2 6047 17279
1 10037 -841497603
2 17106 2639
1 1392 256577563
2 8723 5483
1 16072 777704790
2 3564 16645
1 14842 724842891
2 15271 4855
1 9480 565206035
2 18726 13793
1 7078 -592642518
2 17509 466
1 14262 231759265
2 1593 11637
1 8908 -552479011
2 2367 17955
1 448 -155641820
2 5907 15731
1 1909 -838280671
2 11655 10495
1 17301 939132468
2 16066 9548
1 4214 669101550
2 16634 3053
1 1430 641470766
2 2071 6868
1 12331 -247672229
2 14717 15688
1 14757 251384449
2 7765 6778
1 15220 -822976998
2 15798 595
1 9441 169205409
2 3312 2792
1 7753 601010313
2 5963 11682
1 15965 -659156020
2 2137 15719
1 19244 204117389
2 2285 11592
1 7612 -75155803
2 1214 12894
1 16174 272955700
2 5405 17935
1 8597 -421523249
2 5425 17716
1 6286 -30499924
2 5714 7063
1 1040 87103398
2 4436 28
1 16579 -852656433
2 19424 9491
1 8293 -123390338
2 13018 2398
1 11024 -612960401
2 3776 7322
1 11570 -674310449
2 6951 4026
1 13270 -548791552
2 13766 17400
1 13574 -197129417
2 17136 13259
1 16496 995917861
2 1335 1603
1 4665 -744745031
2 9825 11277
1 4539 602926784
2 5534 6480
1 15878 761207291
2 3919 6161
1 5049 -712908083
2 17145 19193
1 16028 -862263081
2 2518 6032
1 1953 -360004417
2 7091 8106
1 19219 526968946
2 10055 14092
1 14595 663147700
2 18112 2585
1 16367 -486012457
2 737 19324
1 16560 -612594144
2 17593 8056
1 4969 97178045
2 11474 117
1 13339 -319621411
2 4552 2175
1 10949 -604364878
2 4521 16276
1 522 487825220
2 12438 1743
1 8220 -516388321
2 1746 2432
1 4288 -713343477
2 13202 17257
1 10684 215683471
2 11911 10039
1 18776 203819461
2 1353 7091
1 2559 -606871045
2 9724 1396
1 17816 699868472
2 12185 2751
1 3773 719320509
2 439 14548
1 12032 293408050
2 13830 1051
1 18678 149655133
2 1583 14533
1 10829 225337601
2 16277 4235
1 5642 -202828844
2 9594 12609
1 16361 878148600
2 9032 15597
1 13204 -20474129
2 14076 4029
1 10303 -99837097
2 9155 3193
1 3524 -195224610
2 8654 10147
1 18310 211737243
2 9149 14792
1 18178 -839977267
2 7557 16407
1 14098 986222790
2 9850 7911
1 9960 731630781
2 6688 14836
1 7086 -966082088
2 14914 16867
1 16240 141124125
2 9054 19758
1 4613 -466966324
2 18591 13329
1 2104 -888074985
2 19737 11423
1 10034 677194365
2 10710 16980
1 15531 -494929791
2 13269 18759
1 7089 561921799
2 12598 3311
1 2594 945733750
2 8364 8610
1 6288 264973583
2 17226 7773
1 6551 -124354619
2 16900 9024
1 1714 -298717319
2 16155 16599
1 248 -131081328
2 19546 17766
1 888 -508172959
2 16559 19461
1 16431 -242190677
2 18152 5876
1 19524 -529781525
2 19824 8686
1 8461 5519338
2 13673 1217
1 6840 -109113225
2 9963 18147
1 19194 14648235
2 1270 18331
1 2952 -926529203
2 5768 8069
1 16610 -759178442
2 12569 6305
1 12802 945716891
2 17825 16641
1 19907 43632711
2 15174 4856
1 1876 -578542438
2 6562 7613
1 18630 542657756
2 17313 2903
1 10687 446012042
2 649 3510
1 16967 -205231630
2 6206 5127
1 13344 -621982206
2 12955 18984
1 19267 915577386
2 18513 5808
1 16468 374960043
2 9191 9579
1 9106 224074969
2 9181 1556
1 17976 -837754126
2 1561 19425
1 1595 -920662458
2 12956 19127
1 4399 -345498747
2 12346 19230
1 16510 751572088
2 18090 17586
1 18092 -861612234
2 15917 7236
1 18977 -600077730
2 14972 3834
1 2153 -538316660
2 7753 13875
1 12210 -490992044
2 2069 12026
1 712 292152243
2 2024 7303
1 12879 675581783
2 2086 5946
1 1725 63619616
2 3253 9547
1 6280 993094495
2 8408 8585
1 2870 -496716959
2 9686 8234
1 19313 817813742
2 1139 1487
1 9499 -558802141
2 8636 15111
1 1470 256524524
2 2634 7155
1 2636 -688964120
2 1691 1111
1 16244 793698660
2 14749 6795
1 4369 163587065
2 14108 11354
1 371 -215905241
2 11125 2360
1 5669 398641179
2 1965 9073
1 6603 -203922628
2 15595 18733
1 14654 22960781
2 3967 19814
1 19707 252397982
2 15976 14681
1 1176 9753900
2 930 19012
1 3316 907180620
2 1378 14476
1 6101 -915360354
2 8760 3811
1 13454 450837477
2 9894 17259
1 14274 -236175779
2 19825 7910
1 3483 -658914174
2 1153 2920
1 7390 -80629369
2 12987 19444
1 17586 -702070767
2 12732 7308
1 14757 -466693342
2 15222 11069
1 18910 -823031525
2 13355 19645
1 3584 -894139360
2 19031 9576
1 6714 -215265130
2 13416 6833
1 336 -594501448
2 17046 18112
1 5225 131420517
2 6380 14332
1 10953 -754445689
2 8772 5911
1 7106 -361765593
2 8098 19711
1 18451 -414664220
2 15962 4551
1 18068 -841995084
2 5799 15633
1 7730 373645572
2 5659 5970
1 13843 -152177536
2 15394 1139
1 13920 -788580799
2 7038 676
1 2736 -631844944
2 8170 16640
1 17164 -6141621
2 3460 9532
1 15908 -577947160
2 8267 10836
1 2440 -811030826
2 9384 3539
1 4418 -331687924
2 8928 7678
1 1512 56859301
2 10086 12265
1 4287 -981371144
2 18367 18852
1 10923 972641490
2 11719 18356
1 13371 -271525498
2 16520 14663
1 8165 786345622
2 13547 10966
1 12334 -724036400
2 4768 12565
1 14181 820816286
2 12659 2972
1 12272 -271180223
2 1094 6737
1 3925 476948058
2 479 10065
1 6015 293440558
2 18939 10389
1 8444 401838141
2 14305 19983
1 4990 822632159
2 7374 3162
1 18659 -697628998
2 2791 18243
1 17688 -995770205
2 41 18382
1 10749 -970320341
2 17639 7327
1 11479 -795657449
2 11598 18680
1 19614 755803
2 12799 5556
1 1244 -170071021
2 12228 7887
1 11382 49534864
2 43 6932
1 7032 -89617203
2 17419 6746
1 4225 -883368764
2 6995 3461
1 9497 716812394
2 9469 8328
1 3175 -798359473
2 10893 13702
1 1508 -588724070
2 7394 19207
1 10179 -431305996
2 10082 2760
1 13016 -120470862
2 4542 9906
1 9319 963432237
2 594 10345
1 3169 501125649
2 9330 4361
1 19552 -571038931
2 1358 16192
1 18045 -103368115
2 3917 19813
1 9521 -544278328
2 14991 3774
1 8061 580987216
2 4017 7703
1 12057 -719958085
2 8913 13561
1 10552 -721688914
2 14608 19437
1 15072 -102286112
2 18833 15724
1 1892 -166935031
2 8373 9546
1 18625 -993862607
2 6650 64
1 9749 -284052464
2 7531 9817
1 13115 638137032
2 17416 11
1 9198 229401881
2 2815 5376
1 18732 739825270
2 13201 17720
1 4812 -455966088
2 15695 13969
1 8228 -910121553
2 3528 961
1 2698 401602577
2 15312 16873
1 9503 -93489428
2 3007 16500
1 5606 -153338534
2 5487 7649
1 4459 -626927023
2 13535 168
1 3275 754009322
2 13562 14971
1 5766 -7335434
2 16385 8520
1 1177 628438032
2 15605 14955
1 4584 -299983406
2 14781 17761
1 15323 259488872
2 11185 11302
1 4684 -700004454
2 5463 8075
1 3903 105105361
2 15448 5121
1 15086 929339046
2 364 9674
1 16573 214786307
2 13433 9308
1 13880 589884778
2 1575 1685
1 4751 -708945782
2 16902 16414
1 18801 -520657704
2 19860 13178
1 10183 692360143
2 8988 6511
1 13514 -562707363
2 11094 19319
1 6033 -808098995
2 12488 14464
1 1378 285239666
2 17439 14198
1 17014 -40595633
2 11332 12271
1 8975 842368402
2 4606 17357
1 5703 359096450
2 11550 18921
1 7639 -126022690
2 16068 11924
1 12585 129750978
2 519 15224
1 6590 -812189672
2 2324 5016
1 8848 315656667
2 9398 3036
1 5265 90119866
2 5438 3265
1 6786 -945559085
2 5054 9916
1 18257 -648170415
2 4352 12820
1 16031 -586720136
2 5071 17250
1 13755 -912412775
2 9475 19366
1 15211 728799060
2 7946 8892
1 8229 46965697
2 2792 9706
1 17333 695208699
2 16128 17436
1 8494 -603948382
2 8358 14906
1 13275 -871535055
2 348 15949
1 2572 -589186174
2 10277 6025
1 10841 932104284
2 4352 3825
1 18613 946000369
2 4625 18360
1 15082 730272817
2 5753 10425
1 14368 -69628754
2 13833 14654
1 15639 -158898671
2 14480 788
1 17700 -845060731
2 12903 2923
1 19051 885804991
2 16782 7460
1 10155 618055707
2 14085 12724
1 1092 -436586637
2 3436 11834
1 13246 55471157
2 3949 15152
1 18939 675385391
2 19659 12401
1 2445 185330790
2 1026 518
1 3287 -784738830
2 17732 2225
1 10750 887176056
2 1888 13401
1 18590 -770280286
2 1397 13260
1 7921 -196963031
2 16374 4465
1 18845 424395929
2 19256 12693
1 14126 -875119821
2 4207 19733
1 16979 -518990684
2 577 5393
1 2662 155225849
2 18488 7097
1 3930 -426097904
2 4900 16849
1 1087 -123596089
2 4313 4913
1 13707 514385392
2 16396 7196
1 17670 -955246372
2 1839 13003
1 364 -866135142
2 15083 9051
1 12135 -174108047
2 11822 18621
1 1724 -406781072
2 15288 17823
1 6298 -507655119
2 16092 12627
1 7422 188525166
2 4631 11506
1 16209 -899810330
2 937 18498
1 14128 550038519
2 7466 117
1 8508 405847805
2 9734 6612
1 10216 -416357644
2 13617 1952
1 2250 -887511460
2 17711 16138
1 4483 -922396674
2 13714 837
1 2918 -725353831
2 6516 5331
1 5570 -233264735
2 3230 18362
1 3023 334213181
2 2497 8089
1 18166 -581455845
2 19526 3128
1 938 -253516566
2 14950 1516
1 17038 -889453432
2 3183 3122
1 7953 -609576972
2 11066 9334
1 5804 684747365
2 2256 3761
1 3644 655253305
2 13051 8237
1 8531 -477092645
2 11987 2422
1 19529 26771099
2 14355 8555
1 14711 -477379895
2 10914 16962
1 18650 277655346
2 10519 3983
1 7110 -914619161
2 17415 16317
1 10956 934215571
2 14019 14896
1 8123 -34250159
2 11672 10116
1 10761 457557794
2 6879 19332
1 6547 841694938
2 3661 4961
1 5089 -315436403
2 11815 17352
1 17063 508182141
2 5551 17439
1 15985 -498107636
2 4084 8184
1 13011 733039555
2 12981 3123
1 2064 520437009
2 171 2662
1 9955 -911520383
2 12567 15747
1 14171 -36163844
2 10005 10697
1 14277 491975131
2 12843 12975
1 5438 176030130
2 19578 5012
1 10753 -398917146
2 3412 17519
1 6482 148078164
2 13548 11395
1 11603 973209094
2 13118 14530
1 2286 744991328
2 14287 2112
1 18302 -566482463
2 12265 15323
1 35 822769357
2 9715 6181
1 6470 -782616058
2 6558 4433
1 8489 -634265068
2 16572 4624
1 5229 -114384876
2 16067 19471
1 9180 -47897408
2 6099 11127
1 13935 -136727380
2 18394 11556
1 3768 103981302
2 11919 10669
1 7545 -742938667
2 10975 3846
1 17754 49873072
2 2877 5195
1 614 -760911223
2 10597 3698
1 7623 -198295588
2 3377 15559
1 14312 934376066
2 7182 5082
1 1168 -812530510
2 18674 15072
1 9515 -547202625
2 15742 19204
1 2103 996285990
2 18461 5300
1 979 607985584
2 1038 17456
1 5201 -910330641
2 3015 14183
1 12250 811636219
2 5807 14073
1 1097 -449104054
2 10662 8520
1 11638 109794456
2 7061 7664
1 18376 -702026536
2 7790 15911
1 3840 385029338
2 9220 13015
1 332 -846655373
2 5564 19949
1 1238 -100840606
2 16451 10215
1 7345 705386534
2 8159 18769
1 2652 305439869
2 9478 7613
1 16369 24677400
2 6082 18967
1 18275 442476429
2 7295 6770
1 1036 894407008
2 14784 391
1 8187 -99827378
2 19109 4477
1 3399 636033352
2 10680 7901
1 6084 -157615577
2 9671 2577
1 15867 -213062422
2 11518 2895
1 8806 622756891
2 7792 9791
1 7102 -322413805
2 19487 7943
1 5120 118469581
2 14703 11685
1 10731 -540105474
2 4983 13087
1 3835 837785863
2 8548 10627
1 3141 716088048
2 2361 18041
1 13091 -666681752
2 11169 13809
1 310 -756811193
2 2893 9736
1 8811 -705630928
2 2080 11357
1 19740 2886185
2 19353 18582
1 4467 663955337
2 11241 8907
1 8695 -405999132
2 13985 13063
1 9689 426314086
2 2022 5126
1 1089 3284354
2 1327 12960
1 15780 -210073345
2 13247 4567
1 10691 744878786
2 2986 14445
1 12063 -899591025
2 14341 1798
1 13532 -907765478
2 10636 10832
1 7246 352313327
2 13501 14979
1 7366 -566634260
2 16495 11733
1 8129 -804366341
2 16435 16658
1 3363 -294561633
2 3726 5829
1 12851 -105841087
2 8020 11981
1 15523 74009711
2 7273 8175
1 11117 -52894706
2 14142 10868
1 16229 -923845620
2 7187 12794
1 7079 -310851224
2 16841 1168
1 15223 -481670692
2 16417 7429
1 18089 -320037995
2 15771 1533
1 7268 918704553
2 9652 14581
1 15704 657593798
2 10471 3807
1 6774 256231871
2 15704 402
1 1694 992990156
2 15250 9427
1 16211 792292724
2 13088 9609
1 4702 -209095608
2 5525 1987
1 18150 677062215
2 18472 14118
1 16646 504240047
2 3448 7578
1 19140 473925639
2 4809 18436
1 992 -83118894
2 18858 17438
1 14150 -549155594
2 16353 4613
1 16179 -108589480
2 17516 5008
1 6270 225867207
2 9007 19203
1 4088 -400195093
2 5063 14248
1 16525 -337225013
2 18995 14875
1 2189 948321644
2 12035 789
1 9226 524214199
2 17033 4585
1 2506 244046168
2 1181 727
1 14645 407524683
2 15092 17629
1 12745 141676002
2 10825 2839
1 2822 815460192
2 16076 2853
1 11802 162528899
2 19914 19862
1 18635 -651474757
2 18861 6213
1 19648 -125976571
2 11203 8539
1 9517 179486876
2 2357 16146
1 9892 -483704211
2 15303 8091
1 17959 -441673427
2 5599 16843
1 14810 -342495154
2 14572 9904
1 2379 -711474756
2 1448 10335
1 1671 267743924
2 13588 17973
1 5102 795332822
2 3110 14546
1 489 -404703192
2 1504 18041
1 14792 270386957
2 7744 525
1 632 -73332867
2 18842 12809
1 8421 -97735769
2 13821 13034
1 7252 -635253978
2 18555 853
1 4880 766422509
2 962 14736
1 18791 547537998
2 5266 12963
1 2034 -950834089
2 16040 8896
1 595 945643729
2 3336 8227
1 6091 -736369947
2 9804 2774
1 12088 831399924
2 12232 2248
1 9322 -137629267
2 13499 1980
1 9241 -220762261
2 6620 12472
1 1250 -684909763
2 17212 7027
1 10519 446997901
2 10238 5529
1 3056 783110005
2 16664 3272
1 14867 -134998616
2 18604 6677
1 15949 26803231
2 6357 8598
1 16236 967235382
2 2877 18558
1 3522 70989401
2 6561 14845
1 1242 319220298
2 12402 3932
1 14574 133678312
2 637 12336
1 8613 602907717
2 19083 4380
1 3140 -415175429
2 15152 19051
1 14193 620476033
2 15054 8425
1 16430 -229730681
2 9007 10183
1 13121 997808234
2 7188 19232
1 4040 642290949
2 7662 11526
1 11559 -653780541
2 13770 2414
1 15546 682937810
2 17990 12283
1 11136 206209494
2 9832 13375
1 18554 -287778245
2 9426 17337
1 19630 -267916858
2 14335 9931
1 17538 651110320
2 19501 6320
1 16090 497442013
2 866 12480
1 15248 470888672
2 15900 8018
1 19019 -406004970
2 5370 13192
1 1795 -435153785
2 2117 19609
1 3770 -768017387
2 6219 17889
1 14116 595589660
2 12401 12066
1 14054 -884842357
2 11461 18863
1 10060 -627508648
2 6535 6606
1 19896 -254004354
2 9855 2468
1 15633 -701936553
2 1189 6098
1 147 -161090742
2 8404 19143
1 17434 -43839076
2 17618 17012
1 19445 -577094562
2 19312 10083
1 19728 909517219
2 16635 3534
1 956 -774090768
2 5180 14776
1 11250 -783757498
2 14433 19378
1 3389 480832961
2 15953 6860
1 14739 258754450
2 10332 13336
1 12521 474541423
2 7228 18602
1 17703 32738182
2 17504 11935
1 12169 -350866500
2 3429 10510
1 1325 -409291218
2 18162 1225
1 6123 -192734435
2 4812 14807
1 11562 710086764
2 6995 12632
1 14277 -521447919
2 12349 19601
1 18567 380835978
2 18351 9423
1 8205 923673
2 5992 583
1 4001 241506403
2 17749 17357
1 7723 257554160
2 405 8071
1 1778 -887066848
2 6893 12666
1 5863 -992875809
2 1979 10857
1 8729 949477536
2 8245 4526
1 3295 -324571480
2 927 14087
1 6310 812046452
2 17333 7974
1 2587 151851781
2 14774 3411
1 19468 -74600661
2 1121 16965
1 4637 -165063090
2 15566 4049
1 8964 -31358732
2 11494 19635
1 13454 401934584
2 3544 3300
1 9844 768944392
2 20 10807
1 3241 -232382255
2 5733 3079
1 5792 356998405
2 7189 2569
1 17409 236396837
2 16150 10295
1 9599 734642114
2 16078 2723
1 17870 397621615
2 11917 4789
1 5166 -928906438
2 15527 10440
1 10340 -114234028
2 214 8534
1 10598 8140051
2 5764 3402
1 7946 75012749
2 7592 9217
1 8369 -760739809
2 6971 4019
1 12381 -70469975
2 12705 7726
1 14351 -13299660
2 19495 19370
1 19764 -196545054
2 16070 5166
1 5435 191550898
2 16459 9039
1 11919 -155000268
2 18735 14682
1 10173 -84334533
2 4786 15024
1 1981 -311753611
2 7621 17723
1 16865 -169993769
2 19080 5631
1 18084 673001723
2 12470 2116
1 11923 416138481
2 17806 19819
1 3091 -543992552
2 10344 6516
1 11322 172483388
2 8798 12310
1 14817 124812942
2 8439 18360
1 17160 -279527792
2 1132 14492
1 9766 -413842158
2 15392 19945
1 10388 236226601
2 12524 4965
1 14825 894921397
2 2739 4089
1 7039 -98147859
2 9036 15380
1 8659 -875466649
2 3951 2790
1 4545 780754717
2 19907 3867
1 5741 -723168774
2 14081 7208
1 14887 -545000916
2 2282 12070
1 16194 779214056
2 6640 9405
1 19307 -404605948
2 7310 14745
1 12733 -276617691
2 8419 5853
1 11400 984958006
2 1139 11603
1 7142 721046456
2 14346 14336
1 604 942679558
2 5080 852
1 17190 -327128281
2 2867 12350
1 15360 -80016817
2 8104 14578
1 744 464819658
2 11097 12687
1 13477 823899002
2 17370 12450
1 7526 602233270
2 14916 8763
1 3592 594357717
2 1252 14009
1 15098 -456591941
2 12637 5383
1 11149 123483199
2 12698 14365
1 15299 852078782
2 15676 9335
1 10817 263323317
2 16466 14264
1 3769 -176497707
2 10327 16762
1 17061 505972860
2 5458 1495
1 1862 -968967324
2 11054 11851
1 11418 400791661
2 17514 8991
1 14966 -742303737
2 835 7501
1 11217 -821766356
2 1462 9834
1 7654 -167005977
2 10548 11304
1 14423 -844015684
2 15658 12115
1 19270 -622167644
2 6966 12945
1 2380 262268724
2 17000 15284
1 3946 270693124
2 5317 14739
1 5239 -180704033
2 19553 403
1 17577 -664810457
2 5663 2026
1 6247 89872976
2 4581 8166
1 1906 628676170
2 5046 12641
1 5169 -45977577
2 8506 14291
1 3788 524825633
2 10916 11887
1 7823 317204001
2 9701 812
1 3305 193783887
2 5544 8372
1 15766 -355865086
2 7915 2875
1 1289 -921525519
2 12704 2955
1 8884 628599152
2 2387 2975
1 14339 -964372735
2 17743 10874
1 4512 219318525
2 17529 19818
1 16180 -870672259
2 4603 1990
1 13317 -53141471
2 18910 19466
1 9234 936626337
2 9434 19222
1 17414 -317103042
2 9539 12540
1 838 -698996257
2 19307 10886
1 13835 -728511703
2 2647 14003
1 10871 -819454760
2 10634 6115
1 427 140161922
2 12706 3932
1 15259 909594641
2 15613 11821
1 725 994082702
2 19594 9446
1 15372 111155032
2 16638 19158
1 330 358136534
2 5767 8510
1 9837 -769886974
2 6703 14040
1 1029 -936643911
2 13321 9059
1 15843 602104715
2 14991 13263
1 2862 280337170
2 5069 6916
1 13853 290691558
2 1733 7004
1 13921 300430779
2 6721 7177
1 15218 638519516
2 8174 15921
1 14046 850870585
2 3884 9712
1 8102 521249272
2 1582 18001
1 19959 634440964
2 3794 12893
1 1522 406717984
2 212 19278
1 18721 -287191089
2 9004 16016
1 17446 -922575367
2 5555 4914
1 5777 -815917126
2 15400 1579
1 10362 -970140948
2 9844 13355
1 3388 -832456854
2 14263 3781
1 2301 500650357
2 1330 3544
1 795 969028154
2 10774 10050
1 6319 -403103212
2 14355 4432
1 14179 29218251
2 3953 19602
1 15949 882467923
2 14557 6610
1 1638 597385927
2 17480 11575
1 11121 -480633257
2 1014 19944
1 13388 -587558170
2 16562 7622
1 1521 -447414726
2 16096 4713
1 2704 -92609302
2 3624 19467
1 11683 833369961
2 14354 8508
1 13883 843136666
2 18501 13330
1 19308 -774695481
2 3897 502
1 18363 847837240
2 4963 7512
1 7424 -740633371
2 10340 6850
1 10245 -229356029
2 4669 6031
1 1095 776007049
2 13559 19701
1 9050 -751343072
2 13729 15859
1 3419 -620257341
2 3802 13541
1 5303 139995478
2 3974 9920
1 5822 897584154
2 17331 3126
1 17098 -308737591
2 696 12630
1 13969 -780981517
2 2673 17572
1 5288 666795096
2 13244 1840
1 18936 -443991903
2 4097 18588
1 18024 50527069
2 17567 16768
1 5072 69669517
2 6086 12113
1 5999 570899048
2 11534 13110
1 12303 -425368687
2 1379 8804
1 11536 52400337
2 1780 15859
1 19872 742627518
2 13406 277
1 11602 -776661815
2 8109 11352
1 10836 -244465933
2 13243 16850
1 3626 963518859
2 3678 1364
1 3708 -415548755
2 17100 2022
1 15008 -98851978
2 14774 19705
1 14000 -252464247
2 6641 2418
1 7685 -76737838
2 3395 17145
1 19077 -860868022
2 9221 17270
1 12087 29122533
2 18834 11853
1 680 436917014
2 17135 1896
1 7636 416213974
2 18976 14367
1 14845 281054439
2 19415 16091
1 16666 -720533359
2 7892 10847
1 8666 301424457
2 6273 8609
1 4902 -721825465
2 7949 748
1 1512 -226778378
2 8327 13161
1 18242 627426562
2 3309 11151
1 19067 -655994315
2 5039 10700
1 1295 80977223
2 15610 19901
1 8051 945965905
2 19638 17055
1 1170 -466326017
2 10131 18089
1 1899 214608979
2 5452 14380
1 11983 314547331
2 4098 764
1 11317 -240178285
2 11621 1555
1 6361 -675345866
2 12855 391
1 12650 -218178403
2 9183 19444
1 17624 -284816961
2 173 678
1 14445 725188252
2 5466 9139
1 8732 -9369280
2 15140 2700
1 6209 -925105341
2 17353 6174
1 19420 953923129
2 14497 254
1 16996 471835608
2 3239 1630
1 14686 841305432
2 4990 4426
1 11490 784218603
2 9355 6907
1 8168 -622049504
2 2361 12876
1 7783 -98127591
2 9375 17017
1 16205 2791962
2 14086 11826
1 10230 -168715137
2 10721 807
1 4876 -370358645
2 9751 7315
1 18997 75862297
2 434 5297
1 1652 156999009
2 7352 1675
1 6413 -385991181
2 6623 562
1 18962 434927953
2 11398 7368
1 16802 -844802676
2 13767 8260
1 11029 -946014213
2 1274 11319
1 9343 -968911821
2 15682 10613
1 14084 -517955289
2 3678 950
1 17283 624673078
2 8909 13986
1 11640 386488519
2 13829 12289
1 6123 -549362662
2 13866 5828
1 12244 962401776
2 13448 216
1 14179 396557079
2 17359 2443
1 19534 -551829758
2 11212 12358
1 3849 -847699690
2 2713 12214
1 7911 -348048698
2 12221 13394
1 6701 -706715789
2 5183 13126
1 2298 -635648880
2 17222 5009
1 10452 -174986896
2 857 3309
1 2677 -785813297
2 8667 1538
1 6880 82782241
2 7074 10347
1 4567 721646293
2 18417 2228
1 2911 -246390131
2 3167 18180
1 14382 -341715471
2 18659 19725
1 2249 -325931170
2 7713 6308
1 15513 611940139
2 5077 10227
1 6362 -111983374
2 11409 18396
1 748 -368767151
2 9019 14588
1 9179 -61047485
2 14721 5227
1 15011 748182505
2 764 11781
1 5173 -676393022
2 17929 17896
1 6995 -339988062
2 9720 11696
1 19661 312510321
2 9190 12338
1 13483 -94595481
2 9689 799
1 497 477481215
2 19342 5810
1 11562 568594178
2 15708 5513
1 7480 33325357
2 11961 10054
1 8836 663176783
2 13824 3488
1 11428 -393752274
2 1205 14547
1 17780 974556255
2 8239 13937
1 19179 191393680
2 172 8523
1 9979 950559324
2 14192 9489
1 17873 -918597109
2 3675 8092
1 19842 860743595
2 3860 3944
1 10957 413611793
2 2595 18200
1 16339 -404096574
2 16505 2819
1 11999 -166048852
2 15614 16316
1 5933 262099675
2 3449 2702
1 6071 -532882049
2 3207 12075
1 8683 -728218516
2 6986 11615
1 10271 -647962295
2 17089 2463
1 15221 681270550
2 10980 1286
1 12111 -446178524
2 10425 3872
1 19379 630795369
2 7360 11197
1 7429 630692297
2 11350 5004
1 630 -53004079
2 15165 4963
1 10950 -397741873
2 1452 14527
1 15999 790333877
2 804 1823
1 4622 -276098936
2 6279 14233
1 10839 835213462
2 15949 10118
1 1526 -601618131
2 5614 6921
1 16171 -944949538
2 5764 3989
1 10927 -779636420
2 12935 16481
1 12237 -829592605
2 8282 16192
1 1882 247771733
2 17120 13143
1 14466 -954882186
2 4048 12367
1 1617 -526512158
2 8502 8740
1 17251 404883381
2 19830 12114
1 9777 903533548
2 16404 2758
1 9698 -472712945
2 3076 12251
1 8797 793360528
2 13 9165
1 19911 -787770506
2 1216 7800
1 10492 -788204312
2 19486 18754
1 6286 899843878
2 12112 10509
1 7377 169686151
2 8446 19072
1 12117 -784923752
2 3696 5613
1 936 -279621214
2 6792 6675
1 19700 972436711
2 12430 6712
1 3164 -937769221
2 15320 18641
1 5632 596908849
2 19147 14650
1 10108 660905481
2 1704 14711
1 12841 648041175
2 7526 14330
1 15171 -227238354
2 12136 1673
1 15726 507403678
2 8243 5977
1 598 -123530406
2 19169 5030
1 19560 512391281
2 19106 5384
1 16575 311248991
2 1053 17888
1 14332 20600023
2 10966 112
1 17654 519702805
2 405 7524
1 9972 -667399161
2 312 3376
1 16793 -539784061
2 225 891
1 16662 -86292340
2 424 2892
1 6574 349504043
2 18503 18143
1 8709 -805707129
2 5181 14445
1 2386 -117429284
2 14386 19857
1 7981 -411164714
2 15043 18788
1 17076 833090074
2 969 13736
1 17762 -1896286
2 8096 12294
1 12603 -814605700
2 3547 5136
1 4778 216038068
2 13009 16780
1 4128 -947515852
2 7209 15145
1 18474 732523091
2 351 12035
1 773 -61582825
2 18597 10333
1 2347 1206150
2 19232 15268
1 14833 259872360
2 17421 17841
1 2083 -45197369
2 1987 8415
1 2305 468081843
2 12889 18898
1 10798 -960763598
2 8902 16856
1 13802 368305891
2 5890 14450
1 13238 -135039172
2 6146 3849
1 10746 -434799414
2 7376 9466
1 10538 12073795
2 1885 8197
1 6773 -593715291
2 12 19353
1 2978 -66138950
2 8220 17582
1 16480 -899796663
2 8017 2280
1 8973 -556111751
2 15962 10694
1 14915 66924151
2 18916 11655
1 14590 -31532266
2 13141 2841
1 11176 -654459519
2 961 19522
1 13521 -652173981
2 10861 4999
1 19975 335302302
2 9672 5860
1 16304 687716919
2 14267 3472
1 12791 -899502562
2 9251 13470
1 15863 -368229529
2 1084 1280
1 2216 723995509
2 19104 12204
1 3126 532949052
2 12229 2339
1 14780 -717442555
2 17274 15844
1 16774 819151271
2 3284 7621
1 6770 -56171497
2 857 14455
1 10482 -961392361
2 16322 11537
1 9808 137930585
2 15892 10794
1 9266 -523475138
2 12312 617
1 11328 -16578041
2 17560 9244
1 5979 225539373
2 5682 9236
1 13825 758269841
2 12363 17307
1 13284 726701269
2 511 14591
1 503 369567408
2 14316 9424
1 15555 -662423203
2 19669 14301
1 181 420447748
2 19254 10207
1 18011 -206690453
2 16857 4461
1 1321 701401542
2 10543 11836
1 4166 -769151627
2 15794 1986
1 13190 503360575
2 11703 14203
1 12255 -17804704
2 15520 6705
1 598 -351086676
2 10680 10297
1 13670 638656494
2 12439 762
1 3125 -522971129
2 12980 7734
1 7743 531254244
2 18646 11089
1 13864 930313997
2 2888 1227
1 12804 700821650
2 19040 11271
1 4394 -522676354
2 7590 9699
1 9388 -110254064
2 9639 10998
1 9630 412840079
2 8064 2357
1 15831 -94850379
2 7573 6240
1 11471 -99003869
2 13884 17943
1 15860 685552756
2 15547 2079
1 14195 935118376
2 5267 8817
1 332 -39013564
2 17072 8204
1 19644 750456810
2 5396 302
1 17678 201267891
2 15898 10619
1 6549 -432489770
2 10446 11840
1 18341 -145293732
2 1481 6101
1 10236 -453899775
2 7749 12885
1 263 499805770
2 8257 5
1 5017 -335149788
2 19817 2538
1 7771 581308516
2 17700 3123
1 12874 73930436
2 19040 11863
1 7943 929459342
2 761 18071
1 11772 -431065404
2 9668 7362
1 4774 213624059
2 17101 12839
1 2866 -484663446
2 9715 13194
1 17574 -74358385
2 1712 5964
1 6716 318462524
2 3424 9448
1 16791 939318507
2 6399 39
1 15737 -310877899
2 4456 11888
1 19951 -347547357
2 17041 6574
1 17176 -953727858
2 18566 17422
1 18223 -379112199
2 2748 12182
1 16791 -885988984
2 8965 12149
1 323 -994771721
2 5312 17483
1 13552 -680656756
2 7096 18166
1 18751 -60651619
2 10645 5333
1 19204 -313551190
2 12603 15083
1 9896 711309875
2 2102 12879
1 12011 -32024467
2 10130 3260
1 8377 -979858033
2 5317 7366
1 11050 -530899577
2 16140 11463
1 5796 649495546
2 17629 15615
1 5185 -537250328
2 3522 13031
1 5132 455761428
2 14775 6923
1 14097 197146713
2 9114 5753
1 18366 -165042824
2 10915 13000
1 10687 -351121448
2 2886 18338
1 5074 -844453598
2 4634 8398
1 15912 -62883201
2 3131 6608
1 10284 -549998816
2 2924 14467
1 2861 -258063567
2 8371 7569
1 14004 295625076
2 8592 4350
1 12911 518604371
2 18889 7733
1 13648 -522534670
2 10869 1767
1 4439 890504194
2 14400 16226
1 17015 -830114064
2 235 3814
1 19418 60349327
2 3777 2056
1 17056 143819917
2 8412 17515
1 15183 222430236
2 14004 12639
1 2692 176004962
2 2816 19103
1 11774 -418384292
2 12908 13705
1 4343 -645648258
2 8119 14756
1 4616 654369324
2 4425 4282
1 11574 -610997352
2 11529 611
1 7184 277268806
2 8896 3541
1 758 268543057
2 10426 15311
1 1288 476801481
2 10774 415
1 18 556918464
2 6878 3228
1 9647 334900059
2 5215 4933
1 13458 214084519
2 16357 17251
1 600 674284969
2 19051 14050
1 15766 355539403
2 12762 14172
1 19333 -809131993
2 9205 6390
1 5366 -796181450
2 17672 9049
1 3793 -823837757
2 18803 18407
1 17959 -145546997
2 10024 18000
1 4500 637914420
2 13914 19429
1 2905 -319220508
2 18981 5153
1 3887 29889794
2 2056 15537
1 19289 -95576221
2 14701 7686
1 14520 -614818060
2 12132 14400
1 17704 -270244368
2 11220 1018
1 3407 695474649
2 6037 2937
1 13599 488833987
2 11871 5123
1 891 -179236939
2 17547 14387
1 9725 -880578120
2 14642 3709
1 3393 601260994
2 9061 6823
1 3629 -32137017
2 10352 17192
1 233 751605258
2 2003 16288
1 475 743054060
2 14787 10268
1 3197 -343276667
2 5934 1948
1 2907 744860036
2 1585 7860
1 7811 -289091733
2 19334 11711
1 502 -686021736
2 9554 12715
1 409 -939548792
2 166 2536
1 19224 490260859
2 5492 5367
1 19761 -929307999
2 2667 3004
1 3697 767125611
2 1323 163
1 10344 -731809034
2 3607 12964
1 3410 777653525
2 7589 10835
1 14683 -147288786
2 13344 19053
1 14103 376171883
2 8067 9538
1 17537 -223688743
2 11022 3016
1 10793 198264335
2 12362 7872
1 41 -857671000
2 3169 5654
1 7969 514448908
2 12681 14914
1 19247 -484364217
2 9697 4501
1 18881 976647297
2 17573 2307
1 5974 -198463028
2 15282 10852
1 4036 -554167560
2 17302 16694
1 3423 971551121
2 15959 11427
1 2715 -923249119
2 17483 4538
1 7052 950205162
2 15916 5092
1 14020 -771134942
2 9206 7028
1 15174 577222266
2 8521 12821
1 2935 616754082
2 3287 18458
1 7616 -304115866
2 12552 4474
1 2644 856235070
2 18988 2964
1 19057 34551791
2 6363 3814
1 6436 -698014158
2 18745 16439
1 707 514828975
2 2535 1010
1 19661 -519041138
2 7505 13638
1 10741 514480329
2 14191 15070
1 11362 -43566306
2 6721 2669
1 13993 663480962
2 19784 16132
1 294 -312992909
2 10250 11756
1 5524 -892894348
2 9770 19391
1 4876 672118065
2 1054 11638
1 16812 294415383
2 10743 975
1 17104 -925195249
2 848 16907
1 12097 -424798486
2 3448 2564
1 5818 636202353
2 7905 9056
1 3554 -599810032
2 16008 4609
1 12395 -968649963
2 13158 15295
1 16242 419363546
2 18734 11480
1 4309 -958357616
2 5276 9442
1 1860 681200725
2 5576 4367
1 2313 -529495642
2 6934 9870
1 6873 -612978690
2 2893 13024
1 558 430955669
2 18426 12552
1 14833 -125859403
2 19470 8528
1 6666 856780744
2 1114 11639
1 17957 -418375989
2 5434 9147
1 6861 10072462
2 18289 11525
1 13796 837479166
2 13575 15507
1 13939 661268523
2 17227 15517
1 13111 827804206
2 4929 19461
1 6234 873885952
2 8531 17219
1 19260 -851589335
2 12311 3141
1 10799 219821896
2 9122 12953
1 18002 -614227164
2 11025 17834
1 413 -510999373
2 5671 515
1 17857 -711566614
2 13115 14718
1 967 -2265824
2 4072 13494
1 4569 -286611602
2 12209 1273
1 13374 148837203
2 2484 3571
1 11287 -709093761
2 7955 13948
1 11782 227638045
2 18607 6056
1 5118 619474076
2 15660 995
1 17425 -134268772
2 9316 6176
1 13032 721343440
2 15265 5173
1 14474 560554525
2 17893 18505
1 6030 -55569077
2 9529 16324
1 7406 120964478
2 13202 3794
1 3592 -794914339
2 8894 3625
1 8515 -986886115
2 11810 15191
1 12447 -670948806
2 15676 6153
1 15012 -386548357
2 17133 19920
1 18279 327229979
2 12043 17389
1 15844 129922955
2 12932 15506
1 2542 218659730
2 4370 17764
1 5634 -888401423
2 15690 815
1 6191 -124119279
2 8891 16616
1 1784 -739566423
2 4248 12646
1 346 -239163547
2 13689 5897
1 5478 47840174
2 11255 8284
1 2076 78524214
2 10020 10455
1 4648 966139128
2 11837 15508
1 589 561962855
2 10845 16479
1 542 616316436
2 2493 7060
1 15969 622650491
2 11198 9186
1 17645 -150736270
2 6471 858
1 10057 960193873
2 17338 18082
1 8871 -266343643
2 2721 12880
1 14501 182577850
2 3698 4502
1 10014 -816289043
2 6291 6026
1 17418 826090825
2 13961 13339
1 19458 545563255
2 15583 7321
1 14601 462636138
2 5202 9940
1 2735 10103524
2 5086 11747
1 18335 765013817
2 5438 1097
1 3924 -901462448
2 17789 4698
1 8916 -100039634
2 14532 19909
1 13371 -381428987
2 6758 14295
1 14384 770886816
2 4431 16200
1 2727 171586450
2 12400 14000
1 4319 -797523548
2 9928 11798
1 2135 -952311174
2 17772 17316
1 1703 717629078
2 556 19881
1 6221 -658250962
2 7950 8873
1 1618 378808397
2 13442 4659
1 11566 -2969512
2 13887 1981
1 4397 857344438
2 13149 11784
1 18109 459332606
2 8762 6724
1 14373 71484643
2 17725 15937
1 7963 683791050
2 8456 2953
1 14890 201196896
2 13069 17286
1 5413 -568965341
2 19625 4498
1 5979 -3630361
2 14735 15085
1 4355 -275302851
2 410 12852
1 7270 72066941
2 19121 14839
1 2687 -422488538
2 7330 3473
1 10962 -199755384
2 16480 1702
1 4099 650380005
2 7490 4389
1 10172 -702041944
2 19293 16417
1 9371 -210642626
2 18886 17543
1 17773 -363701421
2 3725 13823
1 15487 -749281106
2 4768 11583
1 6371 -967600538
2 2391 5152
1 17691 335231998
2 3347 9445
1 10182 -41638792
2 2250 17212
1 12043 -856610986
2 11674 15681
1 5954 211134612
2 122 18297
1 7952 -374296299
2 5316 2244
1 15708 573509779
2 3747 15880
1 13308 -715751584
2 8534 4260
1 7073 469539991
2 13023 3713
1 18250 343417819
2 3495 10234
1 14413 654595876
2 3757 6907
1 16861 203020408
2 19319 3810
1 2972 731327333
2 12084 8260
1 7645 -604717673
2 8172 6109
1 11339 -294868572
2 1067 4525
1 16630 -844338967
2 7502 9609
1 1088 873316130
2 3916 2486
1 8717 822465839
2 5545 5403
1 526 903585713
2 7723 5134
1 7076 427574290
2 16719 19365
1 1198 -902242198
2 7295 13924
1 2668 -722132879
2 11394 18742
1 4902 -116618953
2 3292 5214
1 7110 -647491616
2 15655 10548
1 12933 990618946
2 12603 6551
1 11782 -708943582
2 1081 18840
1 8009 350154754
2 16077 15340
1 15163 -692926970
2 689 9845
1 6231 230833665
2 14618 17920
1 12990 -423051611
2 6714 7496
1 217 892139357
2 18853 10202
1 8481 142017428
2 4587 13781
1 18323 411580114
2 18160 12493
1 19742 985501350
2 10709 9031
1 13311 662118519
2 16118 327
1 12587 -61611884
2 275 18164
1 526 250717586
2 13063 13673
1 7555 -699083629
2 95 9718
1 15642 38788668
2 18288 11350
1 4239 238031529
2 16634 15664
1 15962 824151318
2 5521 15230
1 11581 558447651
2 7015 19847
1 3073 -473400968
2 8084 4264
1 19817 -382343330
2 4745 14931
1 2200 -430725608
2 3550 12869
1 3604 -789921923
2 11216 9503
1 7731 78090984
2 13941 14495
1 7813 691484767
2 7812 17682
1 17265 -215621968
2 4362 9228
1 12979 404209649
2 3799 7854
1 11987 911775769
2 6689 4572
1 10107 821487242
2 6389 5261
1 10896 -94365515
2 12746 13109
1 3 -255229637
2 4277 13736
1 6118 876207793
2 3386 3119
1 17240 -248240359
2 7483 13420
1 12706 241235782
2 6722 10642
1 764 -938627319
2 2089 6311
1 749 935231015
2 4256 14415
1 3381 -877614585
2 12014 2699
1 15151 74345416
2 4168 9934
1 8168 -493370727
2 3412 6422
1 1044 694410850
2 16122 14218
1 16215 -920321410
2 10417 15185
1 17381 628664495
2 17514 19923
1 1735 37298987
2 4092 8660
1 5506 -362249000
2 7289 47
1 13886 883178874
2 8272 11286
1 17797 344689318
2 13227 7700
1 14407 -514575809
2 5267 4479
1 15887 -550537795
2 16703 7392
1 18118 -952449172
2 11787 8557
1 13982 -91064983
2 5169 8749
1 13809 347114960
2 3492 11570
1 7456 -835657014
2 11100 1863
1 5631 -158386487
2 4807 18046
1 8807 -70661878
2 120 7039
1 7731 -467830200
2 17803 19145
1 6283 -537927711
2 19291 15854
1 2460 -867659788
2 19230 16532
1 14845 -501097966
2 8598 2179
1 18224 -101848478
2 8760 16951
1 18743 494875117
2 12592 19433
1 17170 -839057032
2 6551 5828
1 994 996398255
2 11208 4660
1 7687 -618552892
2 13726 17319
1 4613 467072026
2 14037 5431
1 5075 -787687385
2 4487 6655
1 16996 590866769
2 14311 6719
1 14304 201685204
2 18632 3676
1 8105 -979035073
2 17195 12253
1 4834 -124133126
2 18054 8253
1 3516 586781779
2 1398 19729
1 2003 -622238529
2 12294 12862
1 8854 397169815
2 13 160
1 18863 -936454391
2 11592 5039
1 9608 600771375
2 16548 18336
1 19821 283197938
2 10984 9656
1 1245 -102012243
2 5024 16619
1 4180 -292171140
2 19957 3634
1 19661 -541081973
2 15386 45
1 15369 596785871
2 11698 9274
1 13150 -79818057
2 10100 7265
1 11559 962541818
2 11451 13699
1 14500 79696791
2 14873 9053
1 5490 -155972488
2 7385 4086
1 15049 -665674891
2 12220 10569
1 18414 986486745
2 8072 17367
1 3386 -149569360
2 2894 14387
1 2473 -848282128
2 10497 5667
1 383 436496021
2 16597 11014
1 13511 -311790123
2 9974 3710
1 7326 501687147
2 3467 2111
1 5231 -582450391
2 7744 1093
1 13436 -344952208
2 5855 3879
1 8652 -580572191
2 19467 13326
1 6608 -823410383
2 1183 1384
1 8413 628160461
2 4103 18334
1 10438 491770004
2 14782 8578
1 2346 -741576331
2 15160 9737
1 18165 480058380
2 6816 11064
1 8280 -532625293
2 8099 11263
1 10662 343159033
2 8922 11855
1 14619 -865770980
2 6126 12576
1 11396 569215424
2 3170 2310
1 2273 428862779
2 10475 17108
1 2177 -160672656
2 15756 17900
1 15391 649195616
2 10895 11932
1 9433 205066146
2 8552 1877
1 9523 598463499
2 15690 5150
1 19420 -359169002
2 18305 10228
1 15199 -942853345
2 17322 3134
1 10557 -916533477
2 12529 12914
1 5842 511975556
2 17374 15307
1 7503 -185164011
2 2756 16192
1 7221 -666779148
2 6591 11316
1 15165 193315301
2 5454 996
1 5862 -615554216
2 1842 12166
1 5026 -489713216
2 8364 12949
1 9437 -868557152
2 4736 12652
1 8937 -791444584
2 18343 8219
1 14289 -300551518
2 16728 1816
1 11308 -902634586
2 12825 13395
1 3667 797097026
2 5163 16172
1 2071 -937989605
2 17536 15356
1 1950 -665613801
2 17443 10
1 2708 981591403
2 15179 16693
1 11586 26644703
2 3281 19229
1 604 -997741176
2 13196 16658
1 11299 47750071
2 17123 12730
1 17813 387464063
2 13763 5263
1 17753 -415788208
2 9020 16425
1 8230 -372975823
2 15780 4063
1 1713 455477646
2 302 13660
1 10869 -81207227
2 8311 11546
1 10583 851685783
2 12956 7574
1 10130 -814186467
2 8969 9628
1 10082 726825683
2 9607 6038
1 8416 -95927956
2 18321 11465
1 14398 -14655697
2 15411 8152
1 19046 -686989304
2 11448 11125
1 17328 155045095
2 9609 19878
1 8738 -214125659
2 15464 13614
1 6811 656393423
2 16616 16084
1 11543 -459102205
2 789 653
1 13269 -552214895
2 17815 2539
1 19216 395416470
2 9205 2270
1 2551 801710148
2 9377 13752
1 3543 353476554
2 16199 10745
1 3347 282214389
2 19645 4109
1 76 133790787
2 5147 15839
1 12769 -838910205
2 9589 9381
1 12344 13356086
2 14388 3370
1 8352 633308294
2 1843 13505
1 1115 392705524
2 11201 2648
1 11090 -754997923
2 1390 17708
1 14036 -762296623
2 16068 11262
1 13132 -204465513
2 16456 19009
1 4632 -308030768
2 83 18896
1 6212 -941399325
2 9356 18081
1 6053 773645826
2 8678 15834
1 1503 -757192339
2 8621 17597
1 15874 206177107
2 4058 7479
1 6904 -638533946
2 14530 10296
1 1185 -846347852
2 18254 19278
1 1664 164820778
2 9761 19510
1 18846 145946767
2 19353 18892
1 19661 -6738519
2 17396 4520
1 13151 -317325074
2 17975 15996
1 8303 147252853
2 12974 16661
1 5529 337890415
2 2907 530
1 19628 -339728431
2 3788 19063
1 10209 884930278
2 544 8815
1 7547 -649120787
2 14539 14283
1 15345 -24864885
2 19431 10396
1 13623 -82065998
2 19102 11992
1 2709 -373178740
2 2280 12647
1 1532 -599987681
2 19145 12464
1 7653 -516418759
2 3997 501
1 18207 -620709803
2 19495 12110
1 17261 -273785866
2 1395 6466
1 8130 -542141504
2 11383 15353
1 7400 172950196
2 4231 3718
1 13416 181249675
2 10792 1444
1 12649 -645268890
2 2836 12850
1 19283 -488609175
2 11015 2075
1 674 256063823
2 16915 8737
1 4111 -543280042
2 7149 18704
1 6334 -919132017
2 2117 19475
1 14129 507271376
2 16611 895
1 16602 -883325253
2 9859 4871
1 8117 -8764700
2 13523 18153
1 17265 -313344239
2 6501 12300
1 5795 19136006
2 19626 3207
1 10880 -340185300
2 15991 7684
1 16212 861143223
2 6802 177
1 5464 -787577908
2 13816 5029
1 3658 -208473815
2 19995 2307
1 401 -920825585
2 15541 16917
1 7606 160896965
2 19033 18693
1 17542 -227714493
2 18193 2246
1 11746 29700419
2 15463 17479
1 839 -667033916
2 10195 233
1 2637 237867244
2 3761 13210
1 5660 -924441258
2 12544 2322
1 19092 -880598769
2 16104 13722
1 8917 -915437005
2 6172 19866
1 13323 11950241
2 14285 13275
1 18706 329064933
2 2783 12343
1 12260 852498489
2 13601 3372
1 1608 -15191542
2 14588 15668
1 9965 -894949266
2 1015 8047
1 7518 134295194
2 7687 17521
1 343 208633162
2 16550 4404
1 15196 970943492
2 19204 251
1 3350 669111359
2 5835 7753
1 19022 -373188393
2 791 7896
1 10404 -389160363
2 18905 17368
1 4273 -278273017
2 7496 439
1 1669 845130347
2 8047 5899
1 2406 800695149
2 6637 1241
1 1948 -87850681
2 2294 13653
1 5145 328815092
2 9824 14040
1 1554 -846069115
2 19948 9114
1 15518 -692222163
2 17271 12729
1 17510 -648068066
2 6919 13136
1 13316 -116488160
2 2252 4521
1 11520 -931945435
2 8509 11331
1 10261 -759305126
2 12413 5030
1 11765 -119574590
2 2009 9516
1 8949 508011490
2 7936 13734
1 9424 521122120
2 4937 17085
1 16875 -299043086
2 9505 2067
1 17119 305421277
2 6077 13161
1 4619 965684749
2 16588 10875
1 11316 354613275
2 15976 5863
1 5762 -275756937
2 8631 18976
1 16038 965125323
2 2914 15759
1 14539 -93735274
2 7559 13787
1 16886 -495041754
2 8330 11846
1 6764 658140822
2 16820 15311
1 12265 172011534
2 13932 8880
1 10597 462246161
2 2 5792
1 19453 311254505
2 14802 7637
1 16270 -614021078
2 3001 19929
1 9239 413143093
2 14906 2012
1 10289 -912139009
2 2222 8027
1 12253 211212851
2 993 15939
1 5334 -793461558
2 19779 14231
1 8242 -960673139
2 15125 14460
1 6334 -795192815
2 18088 10591
1 14 10069580
2 4126 14911
1 4206 99403317
2 18495 17444
1 19929 -839088415
2 14622 2160
1 19805 -164136219
2 16840 10394
1 4654 251580270
2 18924 14789
1 12925 -782835224
2 19392 5841
1 15067 890428231
2 16584 15475
1 2362 716905013
2 17279 7516
1 10409 -549999245
2 19061 8911
1 15002 380216711
2 7935 15960
1 10040 152091861
2 5854 16953
1 7931 -721228047
2 14084 12341
1 7229 653010357
2 14369 17084
1 7973 756665552
2 8588 3050
1 5886 -411813349
2 17164 18535
1 2253 623479435
2 17396 15246
1 16318 -51624699
2 13233 15441
1 1060 356610190
2 5945 11527
1 19244 -141673440
2 4919 17412
1 3062 -692924877
2 3590 3672
1 5921 -16726025
2 2150 5316
1 5002 583631187
2 439 740
1 3625 -984284353
2 604 4535
1 8466 427226771
2 6052 6842
1 8702 -625813032
2 16876 5271
1 13735 791780922
2 19873 11250
1 787 735782177
2 7349 2139
1 10701 562794024
2 16367 8763
1 718 495689439
2 18974 4473
1 7538 -363374273
2 9669 15938
1 17113 -376372755
2 12045 1697
1 7067 -285210519
2 18667 8940
1 6647 770393846
2 16056 19182
1 2452 -705361248
2 15964 2111
1 1033 708272071
2 11561 18273
1 1106 749741394
2 7201 14723
1 1884 856210281
2 19678 12319
1 13878 777558213
2 2281 9827
1 2141 -498242734
2 2660 15539
1 12312 540954679
2 15612 489
1 4652 850750798
2 19027 6292
1 17623 -642183816
2 2904 7862
1 19046 829252332
2 1605 4822
1 4807 -460109146
2 5864 13578
1 17833 -463887155
2 10763 3785
1 8748 -849636955
2 3061 17402
1 18534 -860295548
2 1933 6821
1 9444 -905492332
2 15793 7152
1 1885 -344386382
2 10956 8445
1 19261 -981881937
2 16659 10923
1 15492 -387151808
2 7082 10188
1 9318 778995900
2 8755 9894
1 17196 -427414118
2 5009 18905
1 5352 -472756776
2 15639 3203
1 19874 -904340690
2 244 18244
1 2722 393540065
2 14313 13458
1 16472 562255380
2 16563 14839
1 4031 -235318673
2 4394 12248
1 8793 -781663519
2 2620 5421
1 5178 -624153672
2 1808 8165
1 129 -980298658
2 17826 381
1 9802 68358060
2 17255 469
1 2670 -501342057
2 11497 3941
1 7843 -909775632
2 13590 4062
1 17750 -665651407
2 2625 11933
1 8411 -235107332
2 1230 12548
1 332 -988296420
2 13228 7826
1 12311 -851461343
2 3096 19692
1 4650 894610731
2 5532 2125
1 13159 -344567577
2 10028 12738
1 10827 -190745545
2 13090 11083
1 8294 -348415198
2 530 19013
1 12981 770297527
2 12193 1782
1 3550 -996324898
2 275 10510
1 16307 -872912986
2 11628 2279
1 2112 -706395135
2 19827 16034
1 4197 -585333912
2 8395 18334
1 7041 -754496672
2 8779 9433
1 10210 154590498
2 6134 1826
1 18 -363578775
2 15564 2914
1 312 -94261530
2 19454 17132
1 19470 940413266
2 7077 16721
1 795 699222745
2 7193 8173
1 8160 612622868
2 2562 7642
1 9735 -634193823
2 4278 799
1 15301 392015732
2 16816 11426
1 4496 -459911163
2 9749 12798
1 10184 955142911
2 8532 18480
1 4230 -409551704
2 375 13060
1 7282 674222960
2 4926 15067
1 11600 -662465413
2 12611 10506
1 774 -795850022
2 8707 13307
1 8183 68233288
2 18610 18181
1 17461 -717103658
2 2098 7554
1 6404 688785152
2 14342 7029
1 10546 -87658088
2 10288 11265
1 19342 541343783
2 2082 5076
1 18798 519234150
2 920 10395
1 12464 941341498
2 3515 13901
1 10268 499076961
2 11019 15089
1 18737 -676188983
2 18265 19926
1 9666 -711255553
2 19750 2302
1 2285 -520830511
2 4088 312
1 8063 -397309126
2 3064 3675
1 2318 791589279
2 12631 18639
1 16144 52943103
2 13612 16486
1 11556 -789500673
2 13748 13616
1 5546 -88810567
2 2000 16245
1 12329 -579316972
2 9654 16947
1 6678 -963108917
2 19573 6844
1 5081 737789959
2 9790 7066
1 5232 24885407
2 13978 5852
1 8480 -86515817
2 1040 7139
1 6715 734130570
2 533 18403
1 11360 834223072
2 925 13775
1 11036 -432654079
2 5585 16812
1 5392 -15483840
2 11781 7729
1 800 510656669
2 3510 1870
1 11784 330651303
2 13598 11639
1 14653 -524267817
2 8474 15765
1 17765 -478478311
2 1813 2106
1 17096 950475115
2 252 11103
1 18755 -281449635
2 15876 717
1 15838 237210783
2 8622 14619
1 10363 340711997
2 11476 9591
1 13887 -916513150
2 16347 18412
1 16807 958831674
2 11719 16635
1 1743 -688989035
2 7947 5734
1 19455 109285642
2 7267 5399
1 1133 -954127309
2 1842 7628
1 11893 -856346831
2 1771 17306
1 5838 -532364335
2 4196 5834
1 7739 123549248
2 8283 8686
1 8585 47962263
2 15231 9222
1 3485 516629132
2 6859 17468
1 16939 -714470371
2 18921 3439
1 5470 -682541021
2 9965 11596
1 10946 316866037
2 5277 9360
1 6414 109491734
2 16750 7953
1 16213 -429427084
2 13144 12780
1 13965 -676837443
2 18570 2236
1 16006 732837052
2 751 945
1 3737 53901674
2 2073 18809
1 18025 -242325349
2 19408 6986
1 1301 42457629
2 17688 3793
1 14821 454888340
2 862 14578
1 4484 -199577496
2 115 5851
1 16394 -586215954
2 7066 16308
1 16069 618477240
2 9729 10850
1 14919 -154568332
2 13574 9074
1 10103 -431656264
2 3410 16035
1 19782 757438633
2 992 18983
1 14776 741203737
2 6607 1880
1 8325 -655731907
2 8557 15391
1 9495 588137823
2 9692 5993
1 1173 -718530232
2 6470 14000
1 3501 -233643375
2 14669 16064
1 16807 -507970661
2 8754 10933
1 17851 -312066223
2 19273 9126
1 13153 -665641585
2 12366 11067
1 2975 532730028
2 4425 5436
1 10449 413730537
2 15220 18500
1 16720 -210652011
2 9411 2842
1 6164 482114529
2 8671 18602
1 13853 -997020650
2 5893 7041
1 10024 442170597
2 18859 2476
1 2113 -347978833
2 4072 13188
1 8333 384664318
2 3296 7601
1 8096 -550869372
2 12645 3107
1 9347 84042785
2 5769 17542
1 19585 -93552007
2 14623 5041
1 13540 699871487
2 15193 7918
1 9033 907868558
2 13078 10531
1 11980 67373449
2 2969 9189
1 18831 987172734
2 12578 15603
1 12789 874511093
2 14958 13441
1 9962 -458829335
2 14896 12785
1 7772 646580642
2 6135 6042
1 783 121647113
2 13817 17163
1 5621 944255344
2 1101 16041
1 15379 91509343
2 2620 16583
1 10056 779295049
2 8429 2618
1 18000 -987168337
2 11230 11925
1 19161 143098853
2 9366 10841
1 12908 941282752
2 12041 15130
1 2362 480199034
2 15560 4636
1 9648 -491585517
2 19618 11452
1 13210 398902081
2 17211 16030
1 8842 185482699
2 11523 5554
1 15379 -401273692
2 14555 12268
1 5724 -903667540
2 3916 19838
1 17224 -724638620
2 709 11983
1 19942 860395753
2 6062 6178
1 10258 -167657984
2 1442 16054
1 13098 682773649
2 15742 8924
1 1644 -722660528
2 14788 660
1 12403 598381560
2 1774 5973
1 15076 -301042769
2 16136 8629
1 11040 703146435
2 619 7734
1 9018 995567114
2 15119 12507
1 2209 100245227
2 831 486
1 1332 -447269471
2 1040 12241
1 7067 -863365240
2 360 15542
1 18165 -530686199
2 18397 3983
1 10282 621709997
2 15718 7854
1 5681 -986429391
2 18545 18908
1 8032 971449558
2 4633 17747
1 1865 832787960
2 6914 5235
1 3794 740021282
2 2346 667
1 11705 -789069641
2 14365 12299
1 18792 36369603
2 14536 8119
1 9716 376336226
2 9657 14477
1 1564 383659616
2 19357 6138
1 4987 605656046
2 8135 4001
1 16908 643271127
2 1855 1526
1 18715 -244977828
2 18415 1135
1 2174 451994539
2 15088 4901
1 6599 168547544
2 50 13845
1 19200 -735701841
2 5041 10385
1 7078 859487003
2 18138 3360
1 1728 20588432
2 1278 10675
1 1473 436784337
2 9717 6063
1 15454 -665541045
2 6461 4001
1 2522 602420639
2 1422 19421
1 18741 71280282
2 8161 19942
1 14269 306734164
2 18011 18057
1 9065 984131460
2 18762 13724
1 16597 -450429396
2 4729 1449
1 17972 -223443824
2 9198 13207
1 6828 -177517667
2 12191 181
1 15927 363558155
2 6014 354
1 7323 175307683
2 15469 10389
1 14839 859400510
2 4654 573
1 12296 -688929432
2 9106 6588
1 15973 100531723
2 836 2367
1 10689 -807084971
2 10684 6158
1 2655 -567453045
2 13930 6445
1 6901 636372737
2 18818 18752
1 17415 -103699104
2 16210 15970
1 6624 610521253
2 16319 2842
1 4220 -780423115
2 4386 8678
1 13606 -516840903
2 4080 3937
1 9127 751514305
2 2921 4898
1 19458 -353283129
2 13379 8643
1 12639 930726993
2 9171 6146
1 6089 503632203
2 911 4907
1 8039 -989030302
2 19661 12621
1 13731 986283333
2 3687 18370
1 19717 35227164
2 488 18825
1 7310 -20458092
2 3243 15943
1 4561 978207277
2 14858 1883
1 11133 -469996354
2 3440 3046
1 8935 -322858840
2 14371 4846
1 4164 -193517800
2 4723 19419
1 17022 734376317
2 15038 718
1 4966 116304452
2 13725 10799
1 13807 -968675161
2 429 1561
1 7249 216519066
2 4154 10563
1 14053 785750309
2 17247 2053
1 15757 613143465
2 3186 15172
1 1292 343405908
2 5905 14049
1 19578 957128894
2 16520 14622
1 4688 500641180
2 6840 6351
1 7537 -274733292
2 17016 7526
1 729 -32999183
2 6456 3816
1 907 -62789786
2 3714 5717
1 18085 625733056
2 6646 8550
1 2416 783804003
2 8448 6409
1 10680 -248982554
2 2487 959
1 213 -860113226
2 2342 2592
1 19107 947279908
2 19920 14169
1 17930 -664395645
2 3000 15502
1 10398 -509764568
2 18587 16654
1 13745 287943887
2 6296 11087
1 19631 138762122
2 4654 12416
1 4050 944245716
2 974 11488
1 2865 -919678045
2 10586 15401
1 5952 -538059501
2 11565 15346
1 15366 23239480
2 17736 13623
1 3577 968394163
2 10557 9396
1 13809 -336838764
2 2067 13475
1 14147 -780311297
2 13396 18624
1 19752 -302428504
2 5309 10584
1 11167 -715479322
2 6182 1871
1 12614 -437900428
2 12209 19915
1 141 -403138667
2 19346 3957
1 17045 634447400
2 10930 4517
1 14416 813722592
2 16469 19532
1 12168 324953794
2 19749 13168
1 15682 -799377697
2 3398 7799
1 9247 39368649
2 7771 15648
1 1025 -990741641
2 19090 17140
1 10268 564091077
2 16630 11987
1 8349 -220462511
2 15800 6691
1 13731 -806848308
2 834 4769
1 17924 -823398298
2 7881 7311
1 13040 309290279
2 4193 11359
1 18163 907095208
2 13687 8556
1 9635 -498693105
2 19173 3790
1 580 215337894
2 7632 6290
1 11304 76981843
2 17627 1331
1 9227 -534633723
2 1856 7054
1 8396 -444000704
2 19455 18935
1 4320 168279980
2 15457 1982
1 8821 -913758945
2 19392 14850
1 13212 261356039
2 3418 13340
1 18284 69822457
2 7243 7407
1 9989 -767493723
2 5647 4125
1 16341 -633828576
2 7611 19256
1 1557 963871603
2 1952 10614
1 18280 -803978881
2 6482 2542
1 7432 250333062
2 4743 1729
1 13477 644338359
2 18879 1018
1 2235 502719591
2 13845 17086
1 572 -578534185
2 19889 1731
1 8829 -852616692
2 7935 17335
1 12843 868004832
2 5137 10072
1 758 67916745
2 10095 5924
1 10416 240726198
2 15261 6906
1 14934 442709563
2 12273 8172
1 13571 405386548
2 14642 10601
1 6438 66234731
2 10641 11097
1 9823 -948511708
2 15428 18882
1 12368 -155237038
2 109 13721
1 3335 -262302522
2 5484 19175
1 11830 -468379349
2 8323 16622
1 8182 21492862
2 4526 7034
1 857 724921525
2 6300 3614
1 3734 -821806795
2 13129 13365
1 7443 -452459416
2 5719 15634
1 12602 -319089417
2 13112 16874
1 4189 938367576
2 3902 19140
1 5463 424145513
2 2721 19210
1 1020 759632716
2 6465 12836
1 5632 -828077733
2 13702 14777
1 19092 800070785
2 5929 18951
1 18907 306980663
2 290 15264
1 14130 686640512
2 7912 11786
1 11364 -97916501
2 107 5476
1 16146 176318601
2 7667 4333
1 18850 92963941
2 15480 5761
1 12222 786382143
2 13129 17744
1 1776 -745247041
2 7351 18540
1 15286 529251596
2 11703 5658
1 19083 316961478
2 11524 18531
1 17891 615996817
2 14320 12516
1 12005 336993785
2 7790 1594
1 17527 -73155766
2 8499 8465
1 3226 -319017898
2 12023 7019
1 2588 963908143
2 19667 8117
1 17888 -251240646
2 18065 359
1 2427 879700654
2 17316 6471
1 16242 897691537
2 17528 16580
1 7786 -525804815
2 10605 11034
1 16585 -382383102
2 14840 5130
1 5371 488147874
2 2563 1887
1 5403 205688260
2 2831 14208
1 14180 868034086
2 9550 15796
1 10680 276359417
2 14266 14932
1 1590 -80127734
2 19484 18028
1 19996 318908750
2 16572 5931
1 8582 -818456094
2 19268 9365
1 19251 344736536
2 18883 13462
1 11141 456432884
2 753 19066
1 8619 -680052055
2 1216 8911
1 12152 -311112799
2 7791 4404
1 8058 44365205
2 15950 7781
1 19587 60083619
2 5196 6184
1 5108 606134035
2 7890 4734
1 6130 538585042
2 18839 3420
1 3208 896507737
2 19602 3103
1 11759 -789684377
2 11422 18737
1 7168 848614474
2 5019 3420
1 957 60039855
2 17285 14644
1 4492 -738301524
2 15487 1370
1 4145 94634341
2 2542 8517
1 11205 -587615736
2 17869 10483
1 1155 -587898127
2 16542 18209
1 17993 -643040851
2 17273 11024
1 7039 382065820
2 1679 15079
1 13520 -658093503
2 861 15803
1 8544 -622742012
2 17684 2571
1 5584 -79216302
2 4688 8997
1 6576 -443904340
2 3104 15461
1 15905 -498958852
2 11044 19222
1 18839 -603756102
2 10499 15619
1 17554 40476727
2 13860 14003
1 15247 243872184
2 5510 10236
1 16390 -68572666
2 5150 16471
1 10556 -740406263
2 7746 1692
1 15541 -700539695
2 7529 10235
1 18735 254570341
2 7509 6405
1 13075 18927552
2 2002 10273
1 3343 -289178359
2 19805 15666
1 17340 6578362
2 14813 7449
1 841 288511695
2 14487 1788
1 9143 -65780475
2 6864 19462
1 6491 -484651309
2 5982 12708
1 14345 60615858
2 9461 8783
1 9611 -899139010
2 4376 4219
1 4793 160092430
2 7108 2059
1 1684 413292741
2 18693 853
1 1987 725719469
2 9948 16350
1 927 573587672
2 13098 9106
1 2779 252913638
2 11454 7502
1 5529 398324001
2 16171 19731
1 8776 -960166975
2 10996 1548
1 19443 -10626187
2 12253 17117
1 6094 271522254
2 17494 11660
1 18727 -851182216
2 19259 2369
1 7193 659153644
2 11741 6928
1 7942 -975029957
2 18384 14477
1 8042 -230010561
2 13797 915
1 834 549389333
2 669 1900
1 14702 45723892
2 18561 14131
1 4148 -459275912
2 6307 10219
1 16443 267254788
2 3362 17049
1 367 -522972128
2 14102 7063
1 14662 -470797093
2 16053 3936
1 16545 -793756118
2 17223 7922
1 5670 897734213
2 19608 2914
1 4161 918007242
2 4045 5575
1 5852 637277214
2 17228 2685
1 10660 -176502945
2 5337 9961
1 9026 452720388
2 8946 11562
1 11105 -959855188
2 218 14607
1 9612 158379109
2 15197 10753
1 1462 -37710672
2 18848 16565
1 15167 318981941
2 1711 19811
1 7709 -527884075
2 7125 4866
1 13588 73314864
2 16121 5216
1 14484 797124151
2 2140 17633
1 14243 -699212504
2 5702 15844
1 7373 312051746
2 15945 11011
1 1921 779141503
2 13120 12711
1 16093 671250476
2 7980 16798
1 19864 -342827557
2 1608 8368
1 16057 -874848632
2 5934 8262
1 3440 506253390
2 9943 1925
1 14202 -43160837
2 14772 7528
1 11272 -384432802
2 8158 5644
1 8431 -753463586
2 14726 17249
1 236 817660744
2 7611 14220
1 8905 -835762890
2 5642 15557
1 9015 -890341139
2 12000 12252
1 10139 198673449
2 5194 6831
1 13164 77725537
2 17075 10019
1 18354 -319438326
2 17936 14656
1 854 849419010
2 19885 5634
1 11399 536351596
2 4476 11447
1 14357 54457386
2 7203 3697
1 1607 35386563
2 14154 18193
1 15912 85955857
2 6559 14076
1 4325 20565837
2 11055 7150
1 12940 -674703962
2 16795 18504
1 3735 815998613
2 2514 9973
1 10836 65233293
2 9862 11262
1 2150 -563288864
2 867 6157
1 10319 -690069706
2 4693 1834
1 3781 -221590307
2 1026 22
1 17624 933615127
2 4957 16767
1 3216 -658109113
2 12498 8150
1 17004 974074252
2 2136 3305
1 1999 390006636
2 16183 6861
1 7886 -430578076
2 11370 12073
1 7754 25545871
2 9863 1122
1 6661 270723198
2 3986 10060
1 19003 -451728143
2 5206 19456
1 1616 218706116
2 19049 8548
1 6568 -28467670
2 10469 3118
1 4640 -213718730
2 9017 8103
1 1038 -981142077
2 2217 15045
1 14078 600930425
2 7084 1827
1 19988 -592538820
2 13400 7427
1 19494 862071413
2 370 8072
1 14768 -503535289
2 17565 12725
1 175 513454518
2 5949 13626
1 18999 785792754
2 19209 12094
1 10804 431737011
2 4034 5003
1 19742 -816630798
2 11249 13958
1 2685 -663750197
2 222 653
1 9142 182005665
2 18948 7389
1 7843 -999072123
2 1391 9587
1 1133 -400624844
2 6800 14466
1 18402 207675551
2 7103 5655
1 11976 -969258462
2 5482 14141
1 2757 332213068
2 4798 15079
1 4374 872256870
2 18897 19124
1 3942 -334762409
2 15451 11859
1 5097 -515646327
2 19719 10900
1 12491 827403446
2 7836 17939
1 16883 -366576769
2 16563 7633
1 3281 -66446223
2 10210 6029
1 1796 -28253385
2 1785 8368
1 6130 -876318644
2 4893 15268
1 10587 -443514475
2 18999 10162
1 17356 384322932
2 19775 6640
1 16748 732861735
2 19828 15168
1 16513 -598713267
2 10156 3221
1 17284 -589443039
2 14032 12965
1 4414 218404818
2 9041 10174
1 10993 708544414
2 15489 18582
1 2030 479758112
2 710 3692
1 12948 719871394
2 19130 9730
1 4825 174453611
2 8271 16057
1 6038 586117913
2 15829 9925
1 9574 886990723
2 12034 794
1 7099 -713226736
2 10691 16892
1 16310 -777047840
2 6106 10477
1 15759 -590682212
2 702 7361
1 12739 132766499
2 4840 10331
1 11966 -596524500
2 13029 1904
1 6198 -324422997
2 7872 17455
1 9302 688846151
2 2087 450
1 509 -625286835
2 17429 14519
1 15297 18849457
2 10771 11530
1 862 -402484677
2 17165 13839
1 11562 -215539097
2 1453 14014
1 19918 953535705
2 14355 12294
1 5561 498102085
2 4088 18093
1 7371 -964147984
2 14797 2414
1 19432 93341553
2 312 12008
1 14443 465814957
2 15942 1
1 14577 -526102680
2 2359 295
1 14142 -258431955
2 15536 9611
1 7760 -822335871
2 9888 5598
1 14328 -616568150
2 7183 10242
1 298 376486053
2 13696 13627
1 4356 -372765866
2 8154 4062
1 1024 -509912946
2 6553 17102
1 17622 734460969
2 3520 16129
1 17061 719227250
2 8655 9559
1 19783 -478611756
2 18547 5859
1 18504 -541085377
2 5062 15039
1 8502 476082729
2 3895 13335
1 15603 809972858
2 19357 14069
1 16831 81654417
2 10340 15917
1 12995 -289497606
2 17488 14071
1 15552 -710979315
2 1235 18596
1 17786 626030664
2 10909 9624
1 6222 387697519
2 14913 16004
1 15694 554340740
2 4369 14404
1 18549 772082872
2 3418 19864
1 14972 -286020936
2 19420 15812
1 5548 913295307
2 15037 6771
1 9977 357656649
2 5262 546
1 17142 -285474580
2 2391 9248
1 13915 -393837462
2 13366 5704
1 4621 664701553
2 9931 17683
1 7693 751474197
2 19620 8610
1 17364 -370169489
2 14840 7731
1 19876 -900391101
2 10802 14150
1 2813 917346231
2 11005 17014
1 5383 -306549031
2 1723 8017
1 12200 163332442
2 18716 10757
1 2344 -349491341
2 244 5615
1 9905 194048399
2 15805 7320
1 12518 -496515596
2 7013 7443
1 10428 -950994773
2 8114 9221
1 6262 -458773388
2 13197 2887
1 16033 -280034468
2 2363 7769
1 4745 -588587699
2 1164 1844
1 6240 -508168020
2 17132 10496
1 15498 280770557
2 7345 11569
1 9810 627395215
2 16918 19159
1 16298 587908042
2 5563 14158
1 13688 558529664
2 3115 12471
1 4594 855089294
2 678 3175
1 3052 -136803475
2 7690 112
1 10180 -386648707
2 7845 11393
1 3731 -636980219
2 4607 875
1 8081 -724040379
2 371 6609
1 15897 601182158
2 1876 4378
1 8506 -818979266
2 17367 6956
1 11872 762318185
2 2991 9904
1 18658 336604437
2 12130 11077
1 4645 -741224504
2 14802 2078
1 16532 -77549992
2 9018 4310
1 8016 -515835399
2 7819 1540
1 11468 308363216
2 16836 4450
1 4561 633805097
2 3716 4063
1 17408 832750458
2 9296 19626
1 11274 75061201
2 6197 2639
1 10601 167499059
2 7482 12831
1 11233 -471512825
2 11490 12707
1 2874 -740365876
2 17216 16244
1 14969 -777717544
2 18953 6907
1 10589 -640244014
2 413 18934
1 13998 -382491016
2 6851 6525
1 19371 979110082
2 10448 12013
1 12399 715783057
2 202 14889
1 19784 -619160919
2 6353 9795
1 8210 -505029079
2 18717 16968
1 13870 -525191811
2 16772 15637
1 19156 -967196477
2 16358 5852
1 10649 -375982312
2 5434 8624
1 8554 40462970
2 12716 7920
1 15240 -963536168
2 3537 3905
1 10071 708718042
2 1566 14362
1 7424 -96298281
2 1431 18179
1 15440 730546192
2 12478 8149
1 12395 739611804
2 8702 2486
1 759 87904799
2 14138 4808
1 8747 750017116
2 18860 7242
1 3925 -924958049
2 2302 15212
1 9100 493487972
2 8400 4156
1 11200 614762503
2 17796 15433
1 8886 -324155756
2 4930 2879
1 13032 -492727128
2 8754 18195
1 5199 158073537
2 4824 579
1 8315 -96794347
2 13199 14631
1 5076 51263343
2 10418 10034
1 8396 176585641
2 18805 10564
1 15888 -2910363
2 15495 19439
1 7129 910058593
2 3562 19897
1 15369 623384241
2 19001 14996
1 12647 959389176
2 13205 13621
1 19776 52813733
2 14383 5466
1 18389 597782001
2 12301 2739
1 2875 -69480302
2 1170 17448
1 6793 418551898
2 16171 13250
1 164 96157198
2 9889 2098
1 17820 50892447
2 19278 2525
1 6101 -575072918
2 8225 7122
1 11979 247577776
2 10643 8645
1 11633 -628405383
2 13376 9390
1 11607 750067302
2 1279 17780
1 14354 796300903
2 19640 16596
1 1189 575532964
2 2267 12999
1 4726 180334650
2 8211 80
1 11040 -225986937
2 2055 9272
1 4070 401479963
2 9459 4232
1 6079 721489929
2 19098 17519
1 10339 469323161
2 18961 12267
1 4838 196443885
2 12900 6779
1 13771 -890828865
2 2959 4483
1 8046 -431571615
2 9821 13345
1 7712 -227926346
2 15861 7254
1 334 -520381756
2 12447 2841
1 14557 874955077
2 2597 17287
1 5803 -76930427
2 19346 11736
1 1668 -635293808
2 17760 17334
1 13350 -911370890
2 17299 18610
1 9842 -983336720
2 13493 18870
1 16188 118466049
2 8635 4733
1 18773 822517883
2 159 10292
1 17381 641108677
2 8918 15813
1 19887 -464172028
2 3375 13833
1 17527 -87925787
2 5969 2481
1 18914 -588728819
2 1851 7236
1 3986 712221526
2 4335 9730
1 597 -831885996
2 3111 3276
1 18192 556801174
2 17127 1473
1 13514 -54104246
2 18875 6034
1 19319 628866174
2 181 18413
1 18074 921158641
2 11594 15280
1 5639 315497539
2 14997 9010
1 2719 -79481717
2 7378 4653
1 17111 -13065912
2 3127 5382
1 12281 -480140544
2 13150 14216
1 13102 753984039
2 6852 19980
1 16488 144665030
2 3023 3747
1 641 890989981
2 16866 3862
1 31 683719710
2 11093 18725
1 6151 435771256
2 3618 11456
1 5042 -514084206
2 13318 10939
1 4756 -476838790
2 15084 15676
1 12689 85661047
2 2510 10010
1 1674 922845936
2 9015 19929
1 15699 582711540
2 19812 5101
1 18260 -712857313
2 8364 5661
1 16309 795865424
2 15826 11215
1 18149 760293887
2 7424 9810
1 1918 -111794730
2 5521 19270
1 12883 -285078529
2 8554 4386
1 16353 516798896
2 12957 1707
1 11040 -274869349
2 17787 8028
1 439 221373943
2 6753 2219
1 3771 -139680307
2 5377 4606
1 15500 -302929515
2 17228 10553
1 9852 692232919
2 15796 19403
1 18891 -719874648
2 11076 4260
1 12372 228726759
2 19073 12066
1 18360 385247995
2 15398 13898
1 8428 705119985
2 15043 11058
1 2402 470050933
2 16216 2621
1 7395 797041662
2 16726 12645
1 16289 443921127
2 8957 18804
1 13210 718093175
2 18248 12901
1 10800 -376461460
2 478 9378
1 11397 984638973
2 17440 385
1 17139 -189285001
2 14014 4070
1 3817 -453662314
2 13170 6557
1 9421 -46520536
2 15095 9425
1 5324 -397730613
2 13027 18158
1 17349 -52665808
2 11645 12203
1 6979 664852634
2 8500 10448
1 3789 -174742727
2 10400 5866
1 12341 308639448
2 350 13759
1 13205 977013072
2 10085 9314
1 8436 -478946741
2 17111 14672
1 19820 -671171097
2 6332 18570
1 15550 32746596
2 18112 13522
1 14797 568956958
2 12550 5249
1 5327 -727891242
2 15822 2829
1 3090 -641551714
2 6536 5846
1 13310 788394863
2 1752 3878
1 10110 -115255933
2 6124 9101
1 9151 -599887358
2 9759 17306
1 19367 -530836426
2 3756 17540
1 10738 -360175637
2 1806 11821
1 10830 613927877
2 8773 5160
1 979 -549193139
2 11500 4232
1 2454 -550392976
2 3048 19213
1 1274 -786535537
2 10059 8072
1 7494 -514323335
2 9230 8504
1 18033 -180971341
2 14574 18126
1 14 -729176178
2 1968 12012
1 7952 -542442449
2 10287 16434
1 4693 -990615134
2 9375 1245
1 10026 286508173
2 6318 9235
1 12790 397267237
2 16427 12541
1 5152 782149690
2 13433 104
1 14360 -934767172
2 6887 18904
1 7434 -313955714
2 18582 17602
1 15894 157601255
2 4928 746
1 16308 235259485
2 12297 14895
1 9898 341794241
2 89 11907
1 6386 -565923099
2 8537 1412
1 1028 478594028
2 12078 8228
1 12950 -398719376
2 2476 11733
1 19805 -269789101
2 19970 12570
1 10942 567819608
2 15884 9081
1 4967 -8482437
2 8779 7369
1 19252 -478433801
2 11925 10427
1 13830 881407874
2 10406 11267
1 295 -853828095
2 11823 3986
1 11432 -718095274
2 15053 12536
1 16421 -369603459
2 4979 380
1 12633 915178858
2 11307 9661
1 371 -602634068
2 14062 5205
1 12117 262334561
2 11861 1592
1 4719 430508528
2 13272 14702
1 18263 -586727597
2 9227 5584
1 12270 856451158
2 8922 10607
1 4690 787593533
2 18150 5928
1 1193 694074467
2 9043 8016
1 19450 228668291
2 18806 19854
1 16612 -458388176
2 4781 16153
1 14147 -180427569
2 9502 14781
1 674 79947187
2 10623 12370
1 8564 176034615
2 8341 14318
1 8675 -680472342
2 16406 510
1 1713 906367310
2 3476 13712
1 7394 -78565859
2 1465 2796
1 12978 -187160986
2 19948 9090
1 10649 397756158
2 17647 6252
1 17649 -407051735
2 16154 5274
1 10921 -675642877
2 5816 5836
1 11778 -886540992
2 10099 3000
1 8449 -559566419
2 13611 5947
1 7135 -384969171
2 12916 12537
1 1993 -485795302
2 17803 18239
1 19810 759650199
2 11894 4930
1 7258 930806884
2 12403 4949
1 15802 -647279756
2 14879 16763
1 12540 -367618467
2 5224 443
1 1185 155570128
2 15815 4797
1 13229 116819971
2 3650 1663
1 6331 -432520192
2 11742 1520
1 17996 713130735
2 4405 7183
1 12882 -920850625
2 12600 19992
1 16351 94281373
2 4791 5177
1 4062 885904765
2 8718 16683
1 1053 267502413
2 15441 11628
1 4999 766301674
2 14179 7907
1 12327 -224106915
2 6215 5114
1 17034 -352859065
2 15810 7145
1 15145 -650992689
2 15437 16971
1 7866 -581164958
2 17064 16375
1 13535 843018632
2 1854 232
1 13084 119563941
2 6313 2804
1 18181 -248340281
2 4167 6492
1 16170 872435673
2 1283 3582
1 6028 -958280293
2 19037 9968
1 8625 199934672
2 18833 5798
1 9411 397582978
2 10064 11582
1 18221 291245318
2 3537 13828
1 18563 423140510
2 17914 590
1 2827 -273964522
2 1828 13869
1 7219 296454092
2 13181 4380
1 2596 -683170415
2 17763 16092
1 10194 361381508
2 14895 9905
1 7926 952386582
2 9187 12315
1 14887 806988164
2 15660 3899
1 15117 -133091268
2 3631 16691
1 11437 -549037400
2 6001 11109
1 17327 -976632667
2 9816 18099
1 679 -822270601
2 19694 596
1 3315 -818360484
2 19400 19908
1 102 -339694798
2 8766 3327
1 14372 -41103781
2 4096 7785
1 18481 95740481
2 18511 16643
1 19105 -552418588
2 6678 10165
1 171 686490841
2 9196 18111
1 10125 244607088
2 12137 9732
1 19089 661827136
2 11698 12472
1 4885 -665990626
2 14811 2416
1 2366 54368773
2 18337 18877
1 2617 -349817956
2 19545 12538
1 7504 -527411388
2 927 5919
1 15700 477771632
2 17175 18819
1 3066 -836700148
2 19963 5818
1 9821 282087502
2 5122 2326
1 882 -736441833
2 2112 1868
1 3373 68581004
2 16935 752
1 6066 -533113215
2 2495 5354
1 9178 394392487
2 16473 4173
1 9376 -65198919
2 183 6619
1 4878 -945317363
2 12313 1235
1 16248 450773114
2 19600 8313
1 4638 148060789
2 14769 7572
1 11951 753500609
2 17455 5074
1 503 59577699
2 17344 14734
1 3405 -654263791
2 737 9142
1 1661 544570894
2 8270 8118
1 517 587241154
2 5774 13671
1 6773 900539131
2 18665 18341
1 12739 -874254899
2 1004 2291
1 1027 163962017
2 5686 14121
1 17871 880853544
2 5402 3927
1 17975 -274689656
2 15608 487
1 15431 79203622
2 9884 9613
1 5677 873499726
2 6261 13008
1 13812 340979663
2 11142 230
1 15620 509496198
2 5619 988
1 12157 -501829658
2 10619 8865
1 13543 748615495
2 4815 11367
1 14063 -933603862
2 17328 5657
1 19914 780141628
2 9333 2842
1 10273 563954509
2 12322 11162
1 10451 152324208
2 12085 7868
1 5797 907978448
2 6735 11719
1 11995 -997087561
2 13301 12021
1 12281 -937457037
2 6082 1477
1 3671 900770430
2 14728 5165
1 3929 -779144220
2 7996 14001
1 3747 978755790
2 4851 19008
1 3565 -808839681
2 10240 11601
1 8196 -144329239
2 7173 951
1 11936 -162594669
2 3759 2663
1 5749 -246698280
2 5355 7990
1 8621 -355140192
2 11054 16167
1 9012 895509197
2 7282 8698
1 9247 447193210
2 9064 1483
1 17176 -158061761
2 7715 9309
1 4461 174765485
2 16867 18225
1 6384 -235779508
2 14264 4452
1 12388 275924766
2 4519 13640
1 4738 194563528
2 6309 13976
1 11303 61971792
2 9967 17600
1 758 291424478
2 19604 17531
1 13318 -243118561
2 16862 15656
1 10634 691590040
2 3612 828
1 17860 -898599989
2 2268 15239
1 17327 -582619099
2 6585 9745
1 6249 200386282
2 7522 6004
1 10157 -914427872
2 4071 9680
1 14989 366505848
2 2698 18995
1 8643 273529581
2 15320 9893
1 16502 -338592823
2 17932 833
1 16642 549516505
2 19483 5574
1 9033 -224758843
2 18677 11508
1 7267 339023367
2 933 6514
1 18002 630659086
2 15542 18645
1 317 -94668457
2 7127 8494
1 4956 -522843119
2 1328 400
1 11784 461916247
2 13336 13737
1 15359 26931655
2 4364 19553
1 17724 -40580383
2 248 11263
1 17948 -849728682
2 7557 19814
1 16277 117958086
2 17015 1349
1 8895 -192046819
2 7496 6439
1 4229 -373143264
2 17858 3588
1 16119 -453486743
2 13571 4404
1 16326 -68970793
2 4256 12408
1 293 -642849491
2 12682 6859
1 11766 -796397121
2 3909 6921
1 10773 501360688
2 7021 4754
1 18088 -333752086
2 16476 8467
1 3152 -584549878
2 1272 6660
1 9176 -462427451
2 2682 17067
1 5596 41040774
2 3633 5886
1 7098 -820844940
2 12842 17209
1 4028 407909000
2 2957 12393
1 7491 -404554072
2 8727 1050
1 13660 -443012062
2 19921 3333
1 15107 -516163235
2 10340 15357
1 1010 499575477
2 17940 185
1 446 -541543935
2 4317 18438
1 4100 -178894741
2 13288 18414
1 4030 -195171533
2 7445 15013
1 10425 -356072195
2 3673 17670
1 10049 631906640
2 15095 1260
1 9948 255914808
2 7843 603
1 8245 146654518
2 17637 172
1 15465 54400326
2 13591 14183
1 14966 14642591
2 6078 5427
1 2747 -18240381
2 4446 18476
1 12720 -37113069
2 17856 3559
1 4533 -545200710
2 7109 11083
1 8859 645509332
2 2943 17018
1 1709 910752357
2 5622 1572
1 11891 26670980
2 4196 13571
1 15023 293851429
2 18065 124
1 3343 599662937
2 8654 15091
1 9322 727821678
2 4818 18294
1 2508 537601457
2 1954 4529
1 4653 66295753
2 2521 2873
1 5369 -191719676
2 7505 7262
1 15489 792332586
2 7784 17701
1 607 667129660
2 13180 10481
1 2699 -524362551
2 7009 19803
1 3966 -589805031
2 9731 16964
1 18877 -12948840
2 16462 5987
1 17829 -122649769
2 14475 16940
1 6585 673140894
2 15940 18509
1 6919 497904980
2 8161 18723
1 3370 -306653043
2 1514 4381
1 6467 604704757
2 13220 13420
1 10676 -900896213
2 19031 9442
1 4334 -366961464
2 14388 12671
1 10313 284410968
2 1791 16845
1 4986 936596458
2 18258 1936
1 15537 -999313052
2 2006 2470
1 8509 518280012
2 14896 17455
1 17280 98014250
2 3001 5023
1 9971 856011141
2 12392 7007
1 3284 426260877
2 1935 4349
1 19038 134824789
2 14312 15200
1 16074 29465851
2 14051 10876
1 3564 -960062604
2 5939 9575
1 18224 -465141675
2 8174 3750
1 15006 -126019056
2 1115 1059
1 15562 -808801867
2 9427 18080
1 14296 -154257405
2 16440 16697
1 6180 -609834345
2 17142 6829
1 16783 26237552
2 15800 10379
1 19356 752079022
2 10194 17630
1 18629 647648616
2 1497 4350
1 19668 737710089
2 12595 13935
1 13700 764620711
2 12374 4810
1 12744 444831585
2 14641 5705
1 14063 905950307
2 74 15672
1 15080 263567615
2 16039 12788
1 3460 62064190
2 10186 1317
1 15799 -860699902
2 13268 825
1 678 761745215
2 19368 8311
1 11213 244024043
2 19503 18065
1 11634 -968363119
2 10570 13815
1 1791 380577283
2 15674 10960
1 13998 -397520325
2 12953 2870
1 6954 -600947482
2 18297 142
1 10458 -108872011
2 19279 12217
1 9466 -354858322
2 12487 17064
1 13383 399269165
2 15163 10651
1 7870 -250422881
2 19560 8569
1 6283 -661154699
2 5480 9028
1 4695 -79301293
2 13473 9145
1 3786 -9173884
2 6147 9455
1 9806 -441685374
2 11049 17123
1 15780 795079708
2 2307 10903
1 4313 239055458
2 19411 5763
1 12508 -795453666
2 13483 13523
1 1700 968611055
2 15942 15773
1 6010 -770936474
2 9404 1690
1 8771 -514261657
2 18172 5648
1 5366 366993976
2 12781 7208
1 19179 -794058318
2 7214 13334
1 10699 -225527679
2 8995 4067
1 9851 -407060402
2 2804 2917
1 5908 169272433
2 8703 16363
1 11828 164206170
2 1212 8198
1 12173 -49862931
2 8121 10247
1 15527 -738003128
2 653 15452
1 7153 -79904551
2 15659 6003
1 17682 -82909983
2 10192 11344
1 9103 -514315333
2 3753 13501
1 11040 -16791288
2 3434 3631
1 5935 -223508281
2 17858 17912
1 12815 178458704
2 11078 9548
1 16859 190053636
2 1827 6984
1 1616 -954777013
2 7079 17737
1 10769 -715676604
2 19182 14627
1 2760 293334385
2 8930 14321
1 5290 -191391458
2 18569 2559
1 15921 513907513
2 17912 13098
1 7841 871619115
2 12268 16233
1 15703 495471121
2 18062 13214
1 8350 423888877
2 17501 671
1 7059 213778300
2 7531 2080
1 16443 -781401409
2 2066 2847
1 8766 -811156431
2 15078 16510
1 6184 -16246462
2 468 14890
1 13469 -543108546
2 13693 8180
1 4717 247662115
2 9952 3703
1 7834 445199216
2 14912 12566
1 7173 -558932233
2 11416 8562
1 19610 -953372506
2 2904 10397
1 19389 -454803203
2 6756 13643
1 17601 216860564
2 4798 9324
1 3450 -463309264
2 10993 11485
1 2094 530373434
2 11795 18258
1 7641 613404916
2 12654 8622
1 15309 -16593606
2 4055 11894
1 6923 934836466
2 16845 17433
1 11525 -502055213
2 5609 9774
1 2892 341289385
2 14826 8892
1 12607 869730572
2 5292 17259
1 15387 -459638789
2 3449 18687
1 6455 -481411860
2 11798 16485
1 14375 -411315010
2 19930 642
1 4574 -678348355
2 10549 4943
1 8960 431994538
2 2682 11821
1 8162 -972204709
2 14693 13432
1 15561 -55691242
2 17217 14743
1 5231 -386494203
2 14164 18402
1 15633 831216934
2 5664 4559
1 1697 -495916902
2 11183 4409
1 6764 339898753
2 14836 17318
1 2254 972565088
2 11721 1280
1 2169 72762883
2 107 11278
1 18172 544828415
2 16080 4314
1 15776 466036935
2 5428 15438
1 3432 251197706
2 19511 19126
1 7031 -580696360
2 1052 2924
1 5554 95841731
2 6945 2618
1 11520 -408861605
2 3378 5331
1 6627 -343574295
2 18391 8242
1 2900 405202079
2 13110 4403
1 18383 646656256
2 5338 17332
1 6977 860639201
2 2512 13864
1 5155 -461873763
2 19833 9727
1 12069 165219356
2 1353 12846
1 1734 932374887
2 15950 5528
1 18250 -310810575
2 8587 6643
1 6662 -9425983
2 1644 4652
1 19232 317013246
2 7035 14643
1 11629 440473103
2 7736 6029
1 18065 -542353797
2 5558 17096
1 4459 -457307321
2 8613 12504
1 15944 422188040
2 10464 12672
1 10953 506957368
2 10523 7080
1 12237 -47500089
2 19429 9928
1 13727 108611124
2 14713 18817
1 18615 -60362471
2 16861 6068
1 16350 197667275
2 15079 6796
1 16155 -735787306
2 19231 13937
1 17093 -538733028
2 6896 19888
1 7171 409393350
2 5513 12837
1 19455 -796947608
2 1547 7930
1 14045 -145104941
2 8727 18847
1 14378 -200976135
2 9308 18330
1 7148 739543316
2 6749 8982
1 2291 211915163
2 15162 15156
1 13527 460285902
2 12569 11861
1 2667 -20327805
2 18689 15545
1 14387 -34804907
2 12600 994
1 14456 -608637909
2 13221 62
1 264 774373958
2 16261 11418
1 8512 -301171376
2 8562 13174
1 6030 -516361271
2 3118 1495
1 17966 -921449913
2 10017 18246
1 898 -533292623
2 14518 19807
1 12537 -293328374
2 16990 12353
1 16968 754132326
2 16338 19246
1 10523 95357383
2 12146 11138
1 6866 396172997
2 18378 723
1 1004 309179214
2 15003 11984
1 7668 766792356
2 1420 9156
1 15877 109899608
2 3769 2285
1 13683 -977029779
2 2256 12813
1 7080 -926186565
2 9099 19401
1 15521 570474257
2 7973 16691
1 2373 -384831706
2 7741 7184
1 9980 -332282327
2 17439 10899
1 18355 -876399149
2 15480 6903
1 1671 627821782
2 4265 5469
1 10146 -4993711
2 18786 4468
1 2651 -490058807
2 19352 16322
1 5602 -357308268
2 17790 15677
1 10444 851246127
2 16588 19185
1 14696 993809829
2 10298 6108
1 345 -478683988
2 16994 7441
1 1129 530884619
2 19172 7010
1 18234 979738060
2 14274 18009
1 8511 -528593002
2 4185 18375
1 3297 -666548817
2 5299 14304
1 1000 -140229
2 15807 17378
1 13560 357676605
2 7684 7473
1 7034 955377933
2 2337 17614
1 7349 553505596
2 5360 3761
1 11185 689069263
2 19964 17026
1 11129 -460532820
2 11300 18490
1 8441 -808323278
2 3879 11337
1 19781 199704456
2 9383 4403
1 8691 917059489
2 2456 7994
1 1173 -30587401
2 13714 1148
1 6006 -888502358
2 13467 880
1 14668 -349439014
2 14535 9640
1 6254 -850898385
2 111 11032
1 4977 789119479
2 5991 17531
1 13347 -4944732
2 8626 14159
1 18847 919224931
2 15414 6515
1 2043 -736935883
2 14373 4032
1 6309 -938850477
2 13324 11820
1 2119 843216296
2 4339 7420
1 19918 291679363
2 4214 3599
1 7682 466189809
2 404 7353
1 6079 -500625726
2 10683 17338
1 661 -960646514
2 12715 10955
1 13591 -419934916
2 15536 2391
1 19167 800062241
2 4631 11458
1 7061 -908008623
2 7588 9794
1 9112 -913859373
2 14516 13099
1 115 90539586
2 6720 9205
1 8172 -276064731
2 16165 16335
1 14045 93635658
2 4362 8222
1 18646 245695135
2 8844 18483
1 19028 -798270573
2 11743 13594
1 9368 -466694182
2 17744 15397
1 8516 -830719450
2 4024 7892
1 19360 223411159
2 9639 4132
1 7771 643528183
2 19464 1149
1 8320 816174708
2 8097 5706
1 14660 757222102
2 15469 19716
1 18703 -544098918
2 16945 7395
1 7183 -840037779
2 17393 6832
1 8691 471075717
2 10268 16590
1 18489 405498692
2 11584 4024
1 1052 780241025
2 16469 7245
1 19621 -511320420
2 13072 3823
1 5431 -568100305
2 13302 3362
1 7452 966368464
2 6016 5032
1 5817 853535938
2 10384 2160
1 6012 133405315
2 17230 6901
1 15931 -388742935
2 4207 15670
1 5957 -620599152
2 18946 6127
1 15487 -196674541
2 910 5054
1 11075 976446515
2 10672 19602
1 14346 -668032293
2 1299 17366
1 12732 753059551
2 10704 4367
1 10646 -387641718
2 12527 13094
1 18673 -423629482
2 15210 4500
1 11832 -177610128
2 7958 11259
1 940 439489267
2 17743 4976
1 8347 690276315
2 12189 6860
1 8912 -511199637
2 7768 1389
1 3848 77527599
2 2059 1139
1 11966 306742047
2 13614 12138
1 9231 679945912
2 9345 17467
1 3037 -720289697
2 14862 13470
1 8614 -442258494
2 6858 17525
1 3897 123538016
2 5965 19004
1 2760 -211113524
2 4037 19619
1 5430 -418944731
2 7791 11450
1 7755 -319932147
2 13294 2496
1 12430 214051982
2 19939 453
1 7407 -599156544
2 6642 2392
1 739 -713525746
2 10494 573
1 9676 -585185182
2 14422 10376
1 15119 -543519911
2 19736 11035
1 1269 784732585
2 11642 3583
1 19290 -568265989
2 2611 15052
1 3687 721179
2 5483 3304
1 529 998795962
2 13842 18193
1 14364 -170345669
2 661 8008
1 3493 -358145750
2 5262 10352
1 2784 -348930291
2 5944 9169
1 5752 653961389
2 19098 14108
1 17135 950135288
2 17026 17143
1 13965 -402869807
2 14746 11389
1 3788 248228551
2 12294 13632
1 18880 754997422
2 7981 527
1 13015 426058494
2 16032 9041
1 16884 445510414
2 1019 3708
1 604 -778313354
2 16039 181
1 9634 -690556133
2 10956 12951
1 15982 215207819
2 19462 7046
1 8889 -180336578
2 15570 9522
1 837 373468140
2 13641 14147
1 1340 -342810192
2 12550 2516
1 11003 -318376097
2 3285 14240
1 5163 772043847
2 8640 3561
1 17023 -863824688
2 5677 276
1 19188 -556920575
2 13491 15973
1 7638 592495067
2 11853 6337
1 7630 -867564454
2 1711 14205
1 10838 173690191
2 497 1581
1 10584 581545559
2 12631 17432
1 18704 147334373
2 18730 13795
1 5962 -317858520
2 10189 18909
1 8515 -304017602
2 16014 4568
1 19518 -499609736
2 17301 5860
1 19035 276731570
2 13342 19850
1 18830 -584907816
2 4087 18976
1 92 331415418
2 8014 2997
1 10781 -220204462
2 2313 4948
1 17298 -589952554
2 11965 18161
1 5393 625865261
2 110 14296
1 6140 -309723577
2 2622 10159
1 8628 -245751378
2 10221 3750
1 8216 -760329539
2 9433 8181
1 18879 -319297639
2 3090 12429
1 19937 788236501
2 17186 17911
1 12275 205871060
2 17270 322
1 7965 -974065712
2 9226 14795
1 1182 920336495
2 19156 16038
1 1779 -41676110
2 10513 4055
1 6746 704705289
2 19439 5584
1 15790 675813956
2 7378 17715
1 17942 348984066
2 17147 4803
1 13181 -594491140
2 17500 8195
1 12652 -817461480
2 2828 9532
1 3141 -643824701
2 8646 5266
1 14947 484094675
2 10312 13073
1 19026 722564725
2 15043 7645
1 14287 700723919
2 13649 17694
1 18193 -495315893
2 6633 9574
1 12985 968454937
2 17545 9968
1 11099 -718403032
2 16842 3141
1 16936 -704788476
2 9426 14052
1 13687 2602183
2 18235 10635
1 514 -822855679
2 15550 2467
1 19566 173405794
2 5428 19648
1 11778 -531374462
2 13571 16640
1 12338 878451081
2 12754 3460
1 18381 -142783729
2 10403 6917
1 10514 549576309
2 7727 10334
1 7886 -726925176
2 13048 10595
1 5477 -757739554
2 13445 6837
1 1526 -394783210
2 12278 18861
1 2315 717366074
2 18207 7626
1 13715 -813737688
2 7833 14887
1 13464 -4776071
2 4040 10142
1 14871 237226341
2 18593 6202
1 14598 -97710824
2 17441 10614
1 13356 893724017
2 12238 19647
1 10029 -84024973
2 15868 4892
1 9458 615567668
2 14668 4236
1 2331 624393320
2 19161 17388
1 5000 833545497
2 1342 12414
1 14224 -263670842
2 13325 13030
1 12706 420026171
2 2667 17821
1 12982 54129125
2 10453 8539
1 17076 142460677
2 2152 16523
1 12932 -662786417
2 13160 11171
1 2143 4248381
2 4783 9217
1 19675 -768260812
2 18250 19868
1 7456 -567663631
2 3782 13649
1 13418 -71387966
2 945 3216
1 5319 853527443
2 17878 5234
1 4277 757191653
2 12469 16048
1 14259 -612919931
2 9081 17687
1 11136 -418472
2 2248 16757
1 2843 -355933081
2 19564 3245
1 13111 -432934730
2 16609 2668
1 1323 378857906
2 16898 13486
1 6548 336809386
2 1802 17073
1 14197 -672379479
2 2524 13130
1 17439 933014123
2 19012 13004
1 13705 -905424664
2 7392 12924
1 2776 -156692284
2 11610 11721
1 4741 755924581
2 5903 16794
1 9767 431198628
2 18596 5130
1 16536 600616589
2 1243 16008
1 11339 247957754
2 193 14450
1 11428 765882218
2 9702 18952
1 12682 -646638037
2 19495 16907
1 17637 599709620
2 7615 17722
1 1317 -589412178
2 11759 10874
1 9474 -799039045
2 19973 6662
1 3674 648872028
2 4317 5063
1 3729 837222170
2 504 8874
1 952 833316458
2 7642 14794
1 10820 -236868790
2 14240 16053
1 7874 -935360197
2 2551 4968
1 19832 -742293834
2 11146 1879
1 3584 -967512243
2 13091 18383
1 15795 910451211
2 11680 11370
1 15967 373804489
2 17114 3679
1 19076 -318958711
2 11071 9575
1 6519 -972709377
2 15397 16153
1 1340 447572417
2 5886 14812
1 19569 698444459
2 8967 8317
1 17713 -604010155
2 19300 18018
1 909 -240779799
2 18014 7005
1 9021 -369018664
2 18929 283
1 14064 -969486509
2 19450 4357
1 4648 -289258332
2 134 6360
1 7450 -438704898
2 396 2452
1 2387 -192946895
2 5121 4970
1 275 -49245223
2 1777 8557
1 13318 244736998
2 12784 6632
1 9343 510551414
2 15830 17284
1 17220 -571129299
2 6379 1741
1 5045 290129139
2 5623 19969
1 14480 628440792
2 10470 12570
1 11055 192212792
2 13802 2659
1 7339 187067491
2 1288 6342
1 5826 102700832
2 17717 12469
1 3697 60249958
2 9926 16786
1 5094 -523313487
2 7682 7883
1 18811 -689472186
2 1064 12807
1 12488 -160699230
2 9163 9182
1 6388 -294301505
2 5293 13091
1 12196 817533166
2 14680 7305
1 3344 -539730237
2 15641 19638
1 75 -555683838
2 12280 19499
1 9979 784035324
2 10361 4470
1 5930 -249829561
2 19702 10333
1 14993 -773191847
2 177 2740
1 13124 209872261
2 19338 7527
1 16369 -415025530
2 4490 7008
1 4664 259538893
2 4958 17455
1 8206 -73653100
2 10518 13411
1 14319 422961414
2 5292 16431
1 196 -505471970
2 9908 19584
1 4358 23782126
2 9532 2013
1 390 755909883
2 2090 10429
1 12327 115611849
2 13661 9333
1 6 336418295
2 5732 13747
1 13291 995506123
2 8881 6786
1 7243 757808441
2 10433 2359
1 14855 443069778
2 5800 1487
1 7273 -735100990
2 15013 16746
1 15895 111378630
2 13332 7316
1 2954 -768686448
2 9518 17938
1 3164 -990058056
2 16263 5223
1 39 931853062
2 14931 6523
1 9103 -759838499
2 10509 798
1 8238 568503426
2 18317 19540
1 15589 -18516303
2 17672 5914
1 15616 323434170
2 12054 6716
1 4410 -218368713
2 5328 7459
1 12971 -324417569
2 10814 9092
1 8328 -299111114
2 211 17644
1 8741 -739038014
2 1318 1290
1 8990 -564233214
2 7657 16202
1 15122 -401195464
2 564 9562
1 5112 968986664
2 14936 561
1 1354 752791904
2 13194 13638
1 1526 380671884
2 7152 10785
1 5100 -477447233
2 8299 14209
1 7461 -996507083
2 4451 8732
1 17694 -635146678
2 9079 10501
1 1178 -431932493
2 17958 16182
1 4062 -68921431
2 11448 12792
1 18795 -282916217
2 686 11178
1 1177 605988405
2 14327 2560
1 17961 -504687220
2 1486 6165
1 13127 824034461
2 7401 8682
1 7416 513071018
2 10178 16121
1 5676 515294747
2 6681 2970
1 14565 571963293
2 16653 16347
1 3766 -293930716
2 15775 12640
1 428 -542435545
2 19334 2402
1 3325 982355523
2 6123 573
1 12818 -713519139
2 10029 4679
1 10419 -315573828
2 19602 15854
1 7451 -85956764
2 5409 880
1 19702 847575013
2 3379 7322
1 5738 276416884
2 7012 14050
1 11221 -575073134
2 10763 6667
1 16401 262179482
2 11856 13782
1 14493 -681330926
2 1910 11687
1 12361 -952783717
2 17396 4222
1 4008 504617762
2 16664 10288
1 623 -839748222
2 9373 8173
1 1401 440183468
2 10044 3931
1 1691 -805656900
2 16352 7288
1 3048 3946017
2 240 6876
1 18402 -778268453
2 18644 5237
1 17164 832271205
2 12065 19592
1 12536 430146177
2 5457 13757
1 6633 231420709
2 7457 333
1 1087 85858266
2 1897 17416
1 11136 316191565
2 17642 16803
1 764 -335785063
2 9546 11266
1 10023 -30358776
2 19838 2304
1 2377 866590481
2 10845 648
1 3566 89222597
2 6322 11420
1 796 293951978
2 9136 4085
1 14664 -68474531
2 9421 16653
1 8337 -854648512
2 11885 16493
1 16952 518907968
2 5842 5769
1 12928 394215816
2 13025 19882
1 18692 -716148229
2 8882 19416
1 8051 -314902021
2 242 10966
1 16210 -887651679
2 974 14105
1 13472 827766327
2 3784 7531
1 6064 270716048
2 17818 6000
1 15032 -785874281
2 8692 2589
1 9569 557919080
2 10830 5172
1 7952 -574208694
2 590 5707
1 8454 364396073
2 17329 3125
1 4411 486799787
2 10313 18600
1 3118 683429674
2 10035 13643
1 1062 -195132149
2 13436 18859
1 17040 729351304
2 14089 7457
1 11545 -276609329
2 13544 17161
1 14381 379765533
2 15338 18792
1 18499 -390889010
2 8500 19508
1 1315 -148504693
2 11599 4340
1 18617 685314751
2 586 14412
1 8100 -904217156
2 1261 8981
1 12170 -87459350
2 12328 19104
1 3787 -596310357
2 9676 8528
1 6255 683809544
2 18313 12995
1 1955 -726600021
2 1946 9035
1 13912 -446848023
2 14991 4102
1 14253 658707983
2 2407 9595
