20000 20000 20000
8 4 -405603342
12 4 -768577216
16 4 488480083
20 16 -395295627
24 16 -256557416
28 24 877971474
32 8 -749266106
36 8 -111617371
40 4 -992243962
44 24 294793348
48 24 -484194745
52 12 653006526
56 12 558090781
60 12 816230494
64 12 737495467
68 56 616336187
72 64 -458893380
76 64 476880140
80 40 -557088012
84 20 -306103243
88 36 501071436
92 56 944951399
96 12 647329398
100 20 122611849
104 24 -406501685
108 4 -317027681
112 80 -866510678
116 44 836472282
120 28 259301587
124 52 295144197
128 100 359560328
132 72 -525672901
136 76 -875748694
140 124 -130028004
144 84 166289160
148 128 -588513078
152 124 55932969
156 132 -1858094
160 156 722622734
164 92 -662901999
168 20 347925327
172 120 -461398717
176 56 616098598
180 144 495835456
184 96 -720497809
188 144 84774508
192 68 -990848299
196 12 -87108684
200 180 878898482
204 200 99654
208 184 -832811484
212 84 28488264
216 108 -798305112
220 108 -234611742
224 52 -60695260
228 148 -429486322
232 96 -573691905
236 72 625100603
240 64 -679298984
244 164 -456146025
248 44 -54330381
252 220 116888605
256 68 662877236
260 120 411847710
264 52 -836227218
268 164 -421993772
272 200 400721041
276 240 -607505224
280 208 -594526531
284 92 -856639270
288 28 568713620
292 256 -971363505
296 116 314171030
300 224 867224701
304 160 341086629
308 56 -542807732
312 252 -21264411
316 72 637521069
320 152 668945763
324 296 915807896
328 60 -381353617
332 116 329252834
336 60 469579076
340 80 -135161567
344 160 -414317452
348 156 -83716265
352 56 673883296
356 160 -538919312
360 336 251768071
364 256 -180526273
368 208 310824011
372 84 -871147332
376 164 -534530042
380 140 712968731
384 176 124137458
388 284 653813110
392 324 976315342
396 376 687997448
400 200 -911243881
404 140 182445360
408 80 -723700598
412 152 -157453623
416 192 -166641909
420 20 -350719662
424 288 -577568163
428 144 915853153
432 240 600444261
436 280 683994015
440 172 -12630923
444 192 426391684
448 372 735486278
452 136 526672194
456 28 -25614677
460 280 651181898
464 212 211862485
468 144 52149114
472 76 -98740678
476 256 527890317
480 384 424544599
484 244 -23425941
488 120 -885536732
492 216 -703719631
496 424 -505354847
500 268 935727886
504 272 -333352282
508 480 -99776066
512 92 152220166
516 336 329810730
520 4 336456011
524 140 -937800592
528 184 988164492
532 528 -241467905
536 376 888308931
540 72 -847399589
544 420 143667904
548 544 761503939
552 132 -644136762
556 184 -237821179
560 16 -800980346
564 8 -165413063
568 120 998744607
572 24 926571085
576 216 -845844436
580 76 -746583630
584 160 -307519347
588 300 -667160411
592 512 -356858648
596 492 -941053474
600 248 -9927866
604 540 366491274
608 52 717166022
612 72 -35877236
616 196 -542999852
620 244 -572043095
624 44 731463246
628 456 -505167636
632 88 -555040035
636 268 -342361024
640 92 207921599
644 112 -78392782
648 4 -746295109
652 268 -911319996
656 612 620196513
660 412 860578558
664 364 -465410330
668 308 -723320935
672 28 -677001841
676 396 -457182491
680 20 -948130009
684 268 -90185530
688 292 490590348
692 664 -968323624
696 652 960419632
700 676 -951337715
704 672 -920153487
708 532 219998419
712 20 643438776
716 292 -493551916
720 272 -624420931
724 604 -620857437
728 128 503459009
732 328 -357217001
736 456 -385188299
740 64 41552971
744 8 -825031124
748 536 992468936
752 248 -788473487
756 76 -394594923
760 712 939876190
764 536 -339519541
768 700 598248419
772 140 -568742805
776 244 201932098
780 624 -738139460
784 456 370154258
788 572 761593811
792 56 525793821
796 228 -345591230
800 772 -102151104
804 800 55659701
808 672 383639234
812 804 -717609689
816 340 -223566599
820 164 -201435686
824 356 -760402196
828 48 134646167
832 344 -424266807
836 784 -823252323
840 568 -165967973
844 344 15498075
848 504 -727359350
852 116 427109401
856 136 448312879
860 96 -880980059
864 176 128338472
868 696 -121914702
872 780 -959136814
876 360 -16052690
880 388 -821396213
884 448 -320478275
888 100 771424590
892 184 -610088208
896 796 137242556
900 448 986285506
904 76 91178773
908 164 92943085
912 144 887855717
916 800 -281283376
920 912 311384338
924 344 -36782277
928 568 -234167244
932 268 -924254253
936 104 792788725
940 732 508250915
944 852 484080688
948 64 -506713237
952 428 786943276
956 680 979064162
960 660 869814358
964 408 544479346
968 160 -905188451
972 48 822471793
976 524 -789305462
980 196 751191344
984 4 287277160
988 212 628742029
992 904 -67257921
996 768 61657601
1000 48 914064528
1004 464 -255473216
1008 88 541187640
1012 628 243757629
1016 88 690652328
1020 376 263270733
1024 852 655236508
1028 160 -503058388
1032 148 672403396
1036 952 -446774589
1040 684 -78743250
1044 28 431812366
1048 328 525343139
1052 196 914851471
1056 856 831634928
1060 1044 422751609
1064 20 -219527525
1068 28 -51193982
1072 784 672852861
1076 1052 833801304
1080 476 -321721370
1084 496 -703704285
1088 8 394444034
1092 1044 862902006
1096 708 -20119410
1100 332 811294166
1104 928 -500111943
1108 824 252210240
1112 156 106127429
1116 292 776817204
1120 944 -986658538
1124 1020 948202287
1128 740 463396406
1132 308 -191422643
1136 68 433491876
1140 360 -329349505
1144 1040 -158504075
1148 660 374923937
1152 172 -278568500
1156 1120 882034087
1160 744 -147245912
1164 204 223789530
1168 324 128667370
1172 292 471919944
1176 952 650339996
1180 800 880733531
1184 1120 -920508397
1188 524 -911693974
1192 680 324820343
1196 592 -787156618
1200 848 16136259
1204 116 -897980571
1208 328 854471245
1212 212 -937720113
1216 628 532298797
1220 588 779672684
1224 1108 -974588072
1228 40 268943992
1232 524 -305935699
1236 772 774985227
1240 416 541890607
1244 1140 307124484
1248 80 -468385653
1252 1160 170507490
1256 848 -175379776
1260 448 -932188058
1264 928 -491720856
1268 380 -779238394
1272 1260 583431927
1276 844 -551118432
1280 1224 -41061856
1284 616 -676277289
1288 984 466040092
1292 1144 -460351069
1296 1224 541791547
1300 784 346929143
1304 1248 539783945
1308 888 -127408695
1312 1008 -37623311
1316 492 -435156897
1320 1160 -454269714
1324 268 76888156
1328 668 435724388
1332 1284 -63573346
1336 536 893862640
1340 1044 -441742155
1344 1004 -995761568
1348 1200 222690187
1352 500 304578015
1356 1304 -507663990
1360 56 -986816744
1364 884 256312249
1368 864 371264443
1372 1008 779664743
1376 212 -138488470
1380 40 -351368816
1384 752 470750006
1388 912 -420962229
1392 436 -292791211
1396 1124 519209273
1400 588 807746174
1404 300 -843316489
1408 460 -589253352
1412 628 203415196
1416 864 -67126371
1420 1076 696882291
1424 1204 -484510505
1428 1164 783642628
1432 292 -781707801
1436 848 -965995092
1440 772 594521702
1444 264 29915049
1448 820 263602329
1452 200 -292935021
1456 692 -231763717
1460 1148 744252262
1464 692 -331226708
1468 212 -802115211
1472 980 -423941288
1476 1388 504127260
1480 1444 374077331
1484 476 105769164
1488 940 488222208
1492 440 -15430384
1496 32 8676956
1500 508 -741813340
1504 928 348420975
1508 168 -88254024
1512 120 -589000788
1516 40 -574059587
1520 1100 -999508378
1524 812 908684377
1528 792 -992048032
1532 420 -730158074
1536 1364 118729679
1540 788 -609215767
1544 1036 179034878
1548 852 652548106
1552 112 466333834
1556 1164 -679724487
1560 12 721841018
1564 868 233195197
1568 956 -414874024
1572 696 -185206663
1576 1192 -172284656
1580 280 38148180
1584 256 513830196
1588 440 -505803347
1592 1356 -455202627
1596 1200 140853467
1600 16 -736132699
1604 212 -785177752
1608 1464 576811666
1612 608 735542936
1616 848 577644646
1620 1556 -905475155
1624 552 -334737950
1628 912 -995250261
1632 568 992493048
1636 1500 892750556
1640 1256 16527392
1644 644 -657901301
1648 1136 -595621110
1652 416 219959888
1656 1084 -504863045
1660 588 668816057
1664 1592 169708479
1668 1304 -724245102
1672 472 673577993
1676 292 831560382
1680 1620 60345188
1684 1540 454068260
1688 344 -649008195
1692 28 -864497558
1696 1304 460922785
1700 616 661068679
1704 1420 -829955185
1708 1644 -600359718
1712 1472 -382005562
1716 764 -844767097
1720 56 45203767
1724 128 956891881
1728 1420 56574343
1732 188 -634831378
1736 972 -169915736
1740 504 -758490977
1744 36 445747726
1748 1648 -123940252
1752 184 964640081
1756 1320 -388266404
1760 1736 760119017
1764 888 -311950403
1768 364 721186603
1772 1512 767715227
1776 940 436067398
1780 1596 18434985
1784 916 -936329733
1788 240 866628538
1792 816 854574469
1796 1184 -225341468
1800 824 711241256
1804 372 178515449
1808 828 -452517428
1812 8 -421905066
1816 592 499336866
1820 344 349313464
1824 584 -128435498
1828 220 -210072124
1832 1260 871727017
1836 1052 376933630
1840 556 -895883719
1844 1232 -336680985
1848 444 -825629159
1852 1348 153627952
1856 36 -898410816
1860 176 70837584
1864 272 109092584
1868 920 201619746
1872 60 -819807303
1876 852 -375065030
1880 956 -565385193
1884 448 496573125
1888 500 -4407477
1892 1144 10935183
1896 1644 -845638649
1900 1544 589368930
1904 284 482589830
1908 968 891592698
1912 1716 903146093
1916 1528 -177856456
1920 1036 -737236426
1924 1548 324287031
1928 612 838616244
1932 1116 158576374
1936 464 -676988704
1940 1856 -339524247
1944 1072 771437248
1948 1156 -441145704
1952 152 -421932225
1956 672 -885076988
1960 860 -288833187
1964 1076 -108673533
1968 788 132345822
1972 924 79741779
1976 1808 722880069
1980 1140 738667555
1984 740 289512484
1988 448 -672553565
1992 1040 274393013
1996 280 -369676288
2000 1980 97834878
2004 72 659276212
2008 1832 836178035
2012 1832 -933314304
2016 212 618467000
2020 1708 -842948849
2024 1236 227868247
2028 336 947523904
2032 1988 -106491618
2036 728 44096920
2040 88 -411991879
2044 1176 -750839985
2048 844 51274438
2052 1956 842146704
2056 244 -150276718
2060 1972 523673447
2064 856 -404274568
2068 2040 -607396479
2072 1096 149687061
2076 1220 -996809299
2080 348 227876923
2084 508 -68657982
2088 324 921881281
2092 1944 -396527516
2096 112 -715511942
2100 1248 -98690989
2104 108 813780904
2108 1092 574519718
2112 224 691203661
2116 548 629891790
2120 208 426812376
2124 1412 -322353879
2128 1164 227022874
2132 56 -155064930
2136 1980 188652636
2140 1384 -273440488
2144 1160 -123086738
2148 148 320178750
2152 1408 210382142
2156 236 -305302895
2160 528 -876165060
2164 1148 620475572
2168 996 -694540735
2172 1668 -841302393
2176 2108 -673215080
2180 756 -62534258
2184 1764 -194103664
2188 1284 801312500
2192 400 -541538944
2196 960 976607909
2200 660 -145183899
2204 452 397057323
2208 148 -381934534
2212 1076 -813929673
2216 768 -19608927
2220 648 640037839
2224 364 -419068259
2228 344 -759494288
2232 1768 482961275
2236 1868 896220329
2240 532 -654563851
2244 104 615908765
2248 1048 884173667
2252 1616 581470447
2256 1756 11743099
2260 2256 426290828
2264 1948 267931831
2268 2012 -636204958
2272 132 49738345
2276 1324 -533039069
2280 132 775022028
2284 612 -652989441
2288 720 -89015792
2292 1196 488523502
2296 1744 226320926
2300 304 661451009
2304 1872 598381366
2308 1588 273024088
2312 2240 -711756701
2316 812 -944729230
2320 1068 -639801344
2324 1512 -625367451
2328 472 521738185
2332 156 -214405553
2336 952 810358082
2340 452 733350523
2344 1520 882327800
2348 1128 -514880388
2352 2292 -196560848
2356 2128 584676605
2360 1424 161697162
2364 1964 -820133517
2368 1004 370972987
2372 2172 -662388364
2376 1840 335725442
2380 48 -295554699
2384 1776 -671570925
2388 1884 -384274444
2392 588 -981205586
2396 232 902970479
2400 1684 -756218256
2404 420 -134594530
2408 1876 804159811
2412 2160 433684658
2416 1436 608339437
2420 1484 -125274015
2424 2376 -323459875
2428 1672 -411878206
2432 1112 145617028
2436 1036 507904589
2440 564 575126299
2444 372 720557836
2448 1312 -753464100
2452 1036 -439967983
2456 312 183509320
2460 1724 619669530
2464 508 -877629042
2468 948 -510527621
2472 320 -846518532
2476 1872 -517929458
2480 2428 551320475
2484 144 380531924
2488 1188 837087023
2492 1708 -637725541
2496 2000 -281383865
2500 784 -307517067
2504 1868 -78818825
2508 1556 -892430832
2512 1492 -478661561
2516 2460 698645359
2520 84 61919240
2524 488 886728640
2528 1212 932181283
2532 2140 -168709798
2536 404 -958249765
2540 52 -791317874
2544 40 -970392422
2548 144 -326426224
2552 1132 -689208042
2556 1080 -217860349
2560 1556 902410607
2564 2340 -901071999
2568 500 -919072402
2572 508 216593034
2576 1612 759113459
2580 900 -129605984
2584 1412 841647787
2588 1096 -749517513
2592 8 -133120583
2596 2204 -658986448
2600 1980 -693880921
2604 2304 64968366
2608 2436 -481726785
2612 1888 -909403771
2616 84 115465887
2620 272 -119355909
2624 1204 -67802957
2628 1564 -91493110
2632 2464 92458746
2636 2572 913730552
2640 500 -286752981
2644 1440 466919910
2648 1436 -396820903
2652 1904 778484322
2656 2644 -100554975
2660 1472 -365794508
2664 908 84248091
2668 408 872647260
2672 1016 243677107
2676 2544 628012679
2680 1524 294079845
2684 1028 777049877
2688 2644 -456621200
2692 212 -74439650
2696 764 124921338
2700 552 -722049494
2704 1168 -306510638
2708 176 433448230
2712 532 -782814813
2716 912 890527063
2720 932 -464461545
2724 2408 -222806579
2728 1240 7360613
2732 116 477336912
2736 1676 -865515077
2740 76 -837923940
2744 1788 410141552
2748 2424 837520020
2752 616 464837323
2756 1296 557885096
2760 2040 -547699167
2764 684 -412960633
2768 548 639908377
2772 264 373569356
2776 2672 503540771
2780 1960 658216249
2784 388 -286459827
2788 2376 -660827965
2792 1596 -746965230
2796 2128 -191528645
2800 1844 -99863589
2804 2776 94223449
2808 2800 -287459394
2812 2328 -341775159
2816 372 -188228932
2820 2352 755135461
2824 2368 654396940
2828 1720 824805417
2832 1528 466535882
2836 2024 93775832
2840 840 810862503
2844 1500 -796168226
2848 2700 -686229844
2852 904 645329696
2856 2268 -206498050
2860 136 124282675
2864 1660 -989351688
2868 480 188001801
2872 1528 49657512
2876 1140 -681421465
2880 760 -882252956
2884 716 280468713
2888 976 -105356510
2892 172 421876756
2896 2288 943163774
2900 184 483943437
2904 696 -78899598
2908 908 -854722213
2912 480 496677934
2916 904 -120357796
2920 24 425996967
2924 1032 318817895
2928 1880 796504594
2932 2636 -970637274
2936 2252 -930306286
2940 1472 523644202
2944 160 971812374
2948 2688 -44189408
2952 1260 -146262737
2956 2580 -527628753
2960 1496 127445959
2964 2608 -153589825
2968 1532 621061107
2972 284 -440814524
2976 640 653171815
2980 2396 -425858643
2984 1768 -198892872
2988 2248 718953118
2992 1584 -986251648
2996 1340 456530246
3000 2512 -919178420
3004 764 817966915
3008 720 -950342176
3012 2000 58324007
3016 2568 687087459
3020 2768 507544795
3024 904 707453182
3028 2428 954264638
3032 1040 63880917
3036 448 -586464425
3040 580 -343453937
3044 624 131571043
3048 608 -491404277
3052 2544 -174474325
3056 2048 993760057
3060 1268 506487602
3064 892 86689109
3068 96 -812207093
3072 2556 524197727
3076 2312 996884423
3080 2192 284507086
3084 476 770581722
3088 2416 -225950515
3092 2600 -81980454
3096 2408 -470256340
3100 2988 -36336062
3104 2164 360161136
3108 1480 -965365574
3112 364 314063043
3116 1040 -346072027
3120 3032 -441338263
3124 232 -946408251
3128 2548 79150376
3132 1508 -112025810
3136 2992 368109185
3140 2180 26137810
3144 168 852288522
3148 2824 911926258
3152 2924 -323112395
3156 1236 969283579
3160 2220 -676683708
3164 2460 296553241
3168 1420 -921033084
3172 752 813856267
3176 2192 -850443545
3180 684 907533101
3184 1120 768429603
3188 2572 674297836
3192 2416 -868267337
3196 428 160217757
3200 2576 -376895306
3204 1236 188922111
3208 2992 43566068
3212 2240 326942877
3216 2912 -732777452
3220 88 -407875800
3224 440 -550181110
3228 2992 -795493034
3232 2548 -701728972
3236 3096 -242501163
3240 672 457599412
3244 280 -896213115
3248 1076 71207188
3252 2284 420839371
3256 2316 -242440409
3260 1848 -559269348
3264 1964 -270541480
3268 3044 48273698
3272 1776 95418056
3276 1576 918607696
3280 592 -939025306
3284 1752 -984147173
3288 2240 964932019
3292 2000 -840974738
3296 2668 -371824692
3300 1584 569410141
3304 1432 329973724
3308 272 -707452382
3312 60 -401819243
3316 728 -596104143
3320 416 424483069
3324 132 -266498402
3328 2372 -561639624
3332 2644 -267288263
3336 1000 904618201
3340 3248 -250781854
3344 2388 -905331068
3348 3028 -896084841
3352 528 954706424
3356 2256 -627059254
3360 3116 557340200
3364 1048 47120399
3368 2280 17331921
3372 344 -878034893
3376 2708 853374653
3380 1148 -916739701
3384 1208 156542648
3388 2676 -433085334
3392 1212 152119295
3396 1812 861653872
3400 104 -104007170
3404 1784 401694715
3408 2264 -608592314
3412 1672 571239159
3416 1704 881913575
3420 1496 -453940703
3424 244 303133721
3428 2804 794637584
3432 60 -377179561
3436 372 578101424
3440 860 560421128
3444 1308 192038425
3448 1268 -598966679
3452 3104 345433953
3456 1024 -945461980
3460 3100 -234033134
3464 1480 -866138516
3468 2900 618778175
3472 2736 -19459446
3476 96 -900152579
3480 2140 983973217
3484 3464 -818985006
3488 2304 -717419437
3492 3012 -692602684
3496 3492 614506116
3500 2116 851606067
3504 3152 452644708
3508 2692 -649414411
3512 3224 -88712472
3516 1788 -320478468
3520 3260 -150605021
3524 1252 -912713570
3528 1264 337403840
3532 2676 -193706870
3536 2040 506054431
3540 1588 488999354
3544 2084 -556120107
3548 4 -888528606
3552 1324 -215956230
3556 452 -337697420
3560 432 -478946766
3564 2596 175243705
3568 3124 -575237538
3572 1040 705897497
3576 112 -832654533
3580 1268 -630462540
3584 1604 663338078
3588 1336 457743934
3592 2820 120151390
3596 1980 -381315035
3600 2388 -625757945
3604 1608 -427573676
3608 1176 -160332966
3612 3108 872217326
3616 740 920084823
3620 2280 -151751472
3624 1040 -56864137
3628 2468 735855791
3632 192 -987125866
3636 1928 99822662
3640 2440 44176895
3644 592 724062628
3648 1476 222920713
3652 1480 -473905069
3656 1484 836920201
3660 3332 30032067
3664 356 -968621722
3668 1900 -572064910
3672 1956 -218064474
3676 1108 -216036026
3680 2668 183455346
3684 3616 -553598781
3688 2252 104755105
3692 2224 -336760866
3696 1596 -449596058
3700 48 -819257582
3704 384 -715705560
3708 640 310350077
3712 920 -375473547
3716 844 -294687192
3720 888 -964743095
3724 3460 288593418
3728 1876 -245138646
3732 3012 239298001
3736 2436 -694125737
3740 916 494987432
3744 3108 767186008
3748 1236 913772594
3752 2448 -418045662
3756 3484 572287776
3760 2752 227897801
3764 3716 -378087615
3768 2524 -908674698
3772 1508 758070293
3776 2088 -64463923
3780 3384 -818676387
3784 3720 -316206039
3788 3768 -692417486
3792 3036 -406385613
3796 320 415559838
3800 788 671939463
3804 492 -881085626
3808 1340 -13932128
3812 3804 -97382816
3816 3608 -995469093
3820 2112 -23775997
3824 840 866727322
3828 1488 -546570068
3832 2288 937703582
3836 900 613744103
3840 3756 476098652
3844 868 831604064
3848 784 469513452
3852 1292 -799430226
3856 1108 565517941
3860 888 -737901873
3864 3188 -469170581
3868 1252 -893491023
3872 2424 -562823471
3876 944 -722322834
3880 3268 928970941
3884 2216 -588041893
3888 3056 158969443
3892 924 497541455
3896 3204 709472673
3900 1764 -362755997
3904 624 629683511
3908 908 -236055558
3912 1500 886248603
3916 760 -699530765
3920 192 135188920
3924 2180 -107626564
3928 1396 691800153
3932 2612 -167670933
3936 856 77452320
3940 3564 -7618675
3944 448 -931800578
3948 3332 -407450324
3952 1464 -977560243
3956 2048 -451803416
3960 2204 239663976
3964 2016 90292778
3968 1532 -544775381
3972 3792 252374332
3976 2184 263918475
3980 2824 265985638
3984 24 -108891620
3988 3384 888425029
3992 1988 -566540808
3996 2736 771938686
4000 1624 126405096
4004 488 -125059497
4008 3064 942151328
4012 2444 -400117031
4016 3320 841630270
4020 1880 185174994
4024 2952 489910503
4028 2964 758626002
4032 1876 -243653235
4036 544 150088110
4040 3280 -978025757
4044 736 -928187120
4048 3956 -239283067
4052 3064 -893736611
4056 2392 343574660
4060 3332 -837416741
4064 368 -601252711
4068 2540 48384871
4072 2372 406684677
4076 1484 138121714
4080 1316 -180686397
4084 3072 -386777505
4088 3528 -160737710
4092 48 116613781
4096 3620 778866681
4100 2768 977103569
4104 3128 -933849284
4108 1752 772928263
4112 1672 -355850988
4116 224 -15751916
4120 420 197611518
4124 1824 904680796
4128 2296 576403470
4132 476 208405624
4136 528 -725921046
4140 3208 -870736260
4144 1428 -153756611
4148 892 -733955848
4152 1808 -583301371
4156 996 457049277
4160 1660 257266668
4164 2584 -939688430
4168 3224 -866796156
4172 2312 318107565
4176 1728 -391292014
4180 1232 -354195972
4184 2704 -931255373
4188 2456 -845356604
4192 840 213035001
4196 16 940058204
4200 4004 678056592
4204 2420 473528604
4208 3032 -333720148
4212 2096 -154137494
4216 708 -59773784
4220 996 119406869
4224 1260 874408164
4228 3744 857428359
4232 848 194793371
4236 144 -429637710
4240 3492 -173897355
4244 1512 513168271
4248 376 -310002903
4252 1768 -845267539
4256 1304 -534593731
4260 2524 592618749
4264 1996 -282144425
4268 1960 -758438380
4272 56 -594332662
4276 4044 396154163
4280 1332 198977316
4284 3736 -538909886
4288 284 -974692184
4292 3144 952102292
4296 1768 262888343
4300 4140 417744951
4304 2788 -737309574
4308 2676 -331111581
4312 1804 73401182
4316 2312 28289845
4320 1840 399940741
4324 152 -394720037
4328 3176 450639610
4332 1132 884661078
4336 708 -252866043
4340 2436 782779100
4344 3688 -646175424
4348 3288 -373490571
4352 2684 81732863
4356 3424 -754715315
4360 1100 -72975218
4364 1036 605855221
4368 3408 212611565
4372 932 448441641
4376 708 505546230
4380 2724 -873852196
4384 1032 -511194811
4388 828 -653486946
4392 3756 892906532
4396 488 134145932
4400 3444 942308428
4404 3068 -996425519
4408 48 378356465
4412 3612 710096535
4416 1044 -754926977
4420 896 396376025
4424 2456 -537714833
4428 2676 -812286301
4432 2100 -291763781
4436 4396 339492218
4440 760 430898995
4444 872 711593403
4448 1496 258066129
4452 448 -612155503
4456 592 54162484
4460 3036 -781058021
4464 3164 -395912040
4468 1140 -551561862
4472 256 -555938652
4476 500 383844957
4480 4136 -15666020
4484 648 -443821028
4488 2780 723196265
4492 632 -860842137
4496 1476 837661601
4500 2244 279826431
4504 3264 -202976412
4508 3716 588892732
4512 3876 782170116
4516 4300 -553631094
4520 3108 -157050831
4524 1016 -813216438
4528 3880 -536998506
4532 1416 808541035
4536 1404 339898925
4540 1176 453098654
4544 1788 -360305897
4548 1980 24771186
4552 4424 550156556
4556 3112 38089345
4560 3536 229428692
4564 3820 976083127
4568 1928 -537488019
4572 920 -205715662
4576 1352 -605504101
4580 3436 559607942
4584 432 614933881
4588 4056 -299973740
4592 2424 743254902
4596 2088 137315051
4600 2884 -686976332
4604 4084 176015071
4608 4416 985969437
4612 1820 845291146
4616 1220 76001237
4620 4016 -529124845
4624 3500 744548707
4628 3760 373999992
4632 1088 -612490794
4636 952 83272770
4640 460 -701877485
4644 2344 -943642998
4648 1068 -92319360
4652 2724 -772439970
4656 960 -299756747
4660 924 -867676384
4664 4020 195999890
4668 880 -374911784
4672 3076 -822462531
4676 1184 -143130616
4680 4564 -288335101
4684 2268 -869350888
4688 124 330220106
4692 276 -274082729
4696 4432 -1229544
4700 1456 793263114
4704 2792 -34578314
4708 3840 -568094654
4712 2660 402808073
4716 3176 997412021
4720 4456 -351059066
4724 4672 211843092
4728 3668 307616175
4732 2940 -896939554
4736 32 -109580934
4740 1240 970010127
4744 1248 291454426
4748 3156 95267248
4752 3264 243297974
4756 3008 -895505140
4760 1620 -218817792
4764 2076 663164754
4768 4376 -736769959
4772 3364 -22313590
4776 1912 402654675
4780 3736 809807731
4784 4684 533922866
4788 1480 -374893769
4792 2972 -412162989
4796 2088 237428263
4800 1732 769405409
4804 2520 -802724071
4808 792 820685343
4812 244 -345505374
4816 3684 353782416
4820 2608 751965515
4824 3216 -92262281
4828 496 -893158356
4832 756 -752547554
4836 3540 -87189145
4840 4828 -626784994
4844 3932 -506711558
4848 4400 -938602608
4852 100 726585216
4856 3240 -494991444
4860 3232 -136381588
4864 404 -200418925
4868 1060 291671050
4872 3824 -191724380
4876 3000 928466674
4880 1276 -244248443
4884 4020 -361934813
4888 3252 -92997120
4892 4796 5798718
4896 1892 128951820
4900 836 -895097239
4904 1428 -855854993
4908 4460 411856497
4912 60 -523792871
4916 1300 -991886412
4920 1300 -603001902
4924 2756 -882912185
4928 684 564007131
4932 4388 983399139
4936 3260 768600238
4940 4852 -294630464
4944 4372 14401647
4948 3276 595638853
4952 600 -239959517
4956 1072 -851174459
4960 4648 344706721
4964 4284 -585895854
4968 32 58824254
4972 4960 -529330807
4976 2660 769246687
4980 2376 318237667
4984 484 216879657
4988 4304 -138770629
4992 2100 366007719
4996 2564 356430622
5000 3052 418315404
5004 3336 199576635
5008 3196 -640008192
5012 1220 -565273213
5016 2704 -602215070
5020 1312 -335799121
5024 3412 842701905
5028 1388 -469470292
5032 4584 -399335355
5036 1700 -454777974
5040 424 452713674
5044 964 97041198
5048 4588 -715325487
5052 1004 664530094
5056 3032 -535569939
5060 636 -137179789
5064 840 694573931
5068 2480 852490835
5072 156 358912454
5076 2652 -7372503
5080 688 -731843530
5084 2048 -703604499
5088 4472 -208892399
5092 2936 708584892
5096 2756 -909644121
5100 1636 15749906
5104 3188 447489521
5108 4636 874403097
5112 1016 934570395
5116 160 -685731903
5120 2184 -51016231
5124 2724 -657995046
5128 300 -163459423
5132 2436 665518617
5136 2056 696653461
5140 1220 -967665150
5144 1232 15127220
5148 380 -824404046
5152 4760 -892488507
5156 4784 243191842
5160 2112 -189040777
5164 4760 284850545
5168 460 741957622
5172 2860 122192146
5176 1128 133382806
5180 68 -160924669
5184 2180 618969003
5188 3128 952528243
5192 2480 -328350328
5196 2212 -480045719
5200 3120 80952570
5204 4504 -218916087
5208 3320 -714755317
5212 4640 -984036159
5216 484 -30165810
5220 1164 972229831
5224 4428 209149027
5228 500 -225424431
5232 5104 331806978
5236 3580 250659568
5240 472 348330791
5244 1680 -468188726
5248 864 259935424
5252 1008 903931721
5256 652 -318066003
5260 2168 -695390087
5264 4116 -627490682
5268 320 421648531
5272 816 749329513
5276 1196 15117284
5280 1752 -204060969
5284 1748 -513270078
5288 232 399220978
5292 1668 176463716
5296 4156 755271659
5300 552 -579639780
5304 588 -989581392
5308 2076 358362529
5312 4364 239265673
5316 3092 -708517029
5320 1336 -454712139
5324 804 -944801184
5328 3360 548643469
5332 2300 -52879423
5336 5224 961185711
5340 208 -804431744
5344 1400 -579306784
5348 248 -413446368
5352 3840 -940452450
5356 2108 -931328007
5360 1772 315543146
5364 3904 -165892507
5368 1372 -83696963
5372 3640 -375033564
5376 16 385886374
5380 612 -525223521
5384 3804 -462253455
5388 1552 925079450
5392 2692 834057989
5396 3780 403993527
5400 988 -366071699
5404 5084 745869845
5408 3080 -654004374
5412 4956 -420379901
5416 3012 934465372
5420 2312 279388234
5424 2780 -796760748
5428 44 21425410
5432 4640 -19934236
5436 3280 -230354062
5440 1716 739164429
5444 4704 -14094275
5448 3016 457704396
5452 4608 386309728
5456 4784 918477152
5460 2108 -274186643
5464 1308 -840797916
5468 4940 -605905491
5472 312 247572833
5476 3084 -173792394
5480 568 -165732222
5484 5292 -496452532
5488 912 -974365638
5492 1120 -528383589
5496 1640 -286014180
5500 3772 914951160
5504 1728 870875857
5508 2552 560859625
5512 3308 147239073
5516 1816 975565724
5520 2604 572799320
5524 452 435463460
5528 276 934851679
5532 4692 -344170323
5536 56 -281107611
5540 4736 336828709
5544 324 948237368
5548 3692 903562386
5552 636 -508230162
5556 936 801821383
5560 3952 -64605614
5564 236 303964147
5568 4044 -46316769
5572 4920 506084520
5576 4812 716828055
5580 1684 -276252997
5584 3904 -210068397
5588 3252 840134644
5592 2384 -763825689
5596 2296 892653589
5600 5224 -618102685
5604 3444 -528360003
5608 980 112997572
5612 4420 769088174
5616 1252 582689193
5620 5424 -654200976
5624 4552 -633080064
5628 5068 -380792751
5632 1420 465584731
5636 4412 355194377
5640 2256 103143944
5644 1480 -98370214
5648 2072 207218697
5652 3016 907912981
5656 3200 142493955
5660 848 989518336
5664 5548 655523350
5668 5228 -742411253
5672 2700 405290108
5676 284 -871840301
5680 3276 959310675
5684 3244 -344957919
5688 1404 -823523998
5692 3912 93743164
5696 2640 152331922
5700 1396 94601719
5704 5160 -270461118
5708 4404 89765420
5712 4072 -215766604
5716 5052 134294470
5720 2312 426503981
5724 2640 -10800508
5728 5104 -330734561
5732 344 286411704
5736 2108 -696945265
5740 1780 -631467611
5744 3384 376988518
5748 3232 -622387065
5752 3540 201151796
5756 3584 429104000
5760 2020 -200493531
5764 3492 -528955737
5768 2616 558962686
5772 2732 -636080660
5776 4460 701852349
5780 2960 187921837
5784 2892 -357926856
5788 5512 -746455940
5792 3696 351663897
5796 2748 155254276
5800 3908 -803053484
5804 5308 -915956148
5808 1656 877116146
5812 5036 -418910515
5816 1092 337125869
5820 3312 243388490
5824 3972 149958920
5828 1096 -136814267
5832 1596 913519892
5836 3276 -278753941
5840 5724 253176719
5844 4604 -71192006
5848 3228 -718804420
5852 4508 -697607566
5856 552 -860341118
5860 1708 886066133
5864 3380 -482418138
5868 4000 -312235522
5872 4432 879398339
5876 5768 60302771
5880 4376 156473665
5884 2304 -42945809
5888 4224 -875565576
5892 580 -710051402
5896 3916 218486602
5900 4564 -114527926
5904 4356 -971315822
5908 5448 813862619
5912 3920 -897613059
5916 2360 199066174
5920 332 -786955269
5924 4744 -660672894
5928 600 -455869420
5932 196 842798765
5936 3068 603427409
5940 1236 -665807567
5944 32 126446149
5948 5076 677101282
5952 5856 -210425591
5956 3480 396312127
5960 5800 51877044
5964 2884 -952203175
5968 3000 -583335080
5972 1208 -875836301
5976 1976 -896751933
5980 3560 -255621461
5984 1492 457276105
5988 5340 -614033180
5992 544 -945219963
5996 2460 112614448
6000 4276 922856513
6004 936 -165439836
6008 688 218456332
6012 36 -497973077
6016 4072 97238807
6020 76 -995505282
6024 2488 -490999787
6028 2624 -891239956
6032 1768 -886670300
6036 5144 -184627255
6040 4960 716319649
6044 1956 583196012
6048 4096 -19733928
6052 456 -57438526
6056 5012 599151609
6060 3156 -215209407
6064 4624 -702679800
6068 5628 9380617
6072 4964 -979345325
6076 2408 890582922
6080 1852 572218674
6084 3952 75627388
6088 2796 325805375
6092 3344 975459939
6096 4280 475690855
6100 1340 487421947
6104 1244 -436355665
6108 4008 -554598149
6112 292 476980562
6116 948 46539149
6120 1052 -877692046
6124 4108 -657026370
6128 1888 371875370
6132 5148 213913782
6136 3240 -435413730
6140 5364 806500982
6144 3444 -877840476
6148 2512 577904153
6152 1068 503963720
6156 2764 23260048
6160 880 19884689
6164 6052 -371743580
6168 4352 -266874190
6172 3616 -894876035
6176 5380 137365231
6180 1320 393106810
6184 784 -422092389
6188 3072 633075463
6192 1172 669940902
6196 3784 -134697925
6200 4220 -179691064
6204 2912 -705322199
6208 2672 -304560657
6212 6208 633226178
6216 3832 -810286943
6220 3756 -528635989
6224 452 -698980356
6228 4740 198676390
6232 1624 906370127
6236 4780 -540573241
6240 5612 -212616829
6244 796 -191701607
6248 3360 940660072
6252 1908 195455679
6256 856 -252299335
6260 1144 -711410870
6264 716 296270060
6268 3916 635890241
6272 4628 956763366
6276 3296 35809254
6280 3280 854036048
6284 3192 -172292549
6288 3844 195688730
6292 240 -273460455
6296 3376 -311853420
6300 4744 -536699969
6304 4176 -547812969
6308 2020 890895752
6312 3904 -322645872
6316 3692 -913801571
6320 6088 100309338
6324 5480 461777251
6328 1024 894742273
6332 4120 -484380155
6336 2832 129872697
6340 2392 -135799194
6344 6164 -663332467
6348 3172 534800623
6352 3040 751719293
6356 1188 -127961258
6360 5792 -465840825
6364 420 93894235
6368 4224 -849466459
6372 500 -720079305
6376 572 676818752
6380 4428 -786737534
6384 4568 744204872
6388 5688 -76898550
6392 3460 -255785443
6396 1560 -900493353
6400 2716 -475944329
6404 4704 441801590
6408 24 -455098707
6412 1812 854252421
6416 1096 -998550099
6420 4536 -997256667
6424 3872 -186817783
6428 360 663483363
6432 1636 734911337
6436 6204 645668406
6440 4128 451725216
6444 4164 -614099917
6448 2688 -418339951
6452 2768 832396267
6456 1308 -612939311
6460 2720 831512421
6464 3520 827080166
6468 3948 988209465
6472 2904 -178484996
6476 5752 16819349
6480 5908 -737356763
6484 6212 326191436
6488 3880 -673275280
6492 1992 -638862726
6496 3968 -785831358
6500 4972 -724951912
6504 5072 77224225
6508 6240 -614266547
6512 3476 498472714
6516 5216 544432788
6520 1356 380498074
6524 2276 361851642
6528 1068 610538368
6532 3728 -511352526
6536 6172 -68650186
6540 3216 125269030
6544 4520 790673757
6548 2680 -723577401
6552 6180 -694771137
6556 3032 98635019
6560 6132 -955775883
6564 2640 279240614
6568 2316 580066697
6572 1008 159199258
6576 3556 -839980089
6580 1868 -540039618
6584 1748 -137792774
6588 5704 959692457
6592 5968 46112036
6596 2684 594226715
6600 3584 -913999096
6604 2888 -893047754
6608 5752 -295562870
6612 6132 -441848154
6616 232 162271705
6620 6048 694915626
6624 6348 23722337
6628 4180 352546875
6632 4284 -186550036
6636 6472 113678762
6640 4036 -399515866
6644 5644 -220787613
6648 2352 -721489003
6652 6584 -591930859
6656 5836 470725894
6660 3512 258970527
6664 1088 507455499
6668 4300 -469363579
6672 1932 -167981047
6676 2328 -226843853
6680 2436 -158862020
6684 2776 -439792136
6688 520 904884352
6692 1080 668480660
6696 4544 -324060158
6700 252 280339092
6704 5976 858239321
6708 480 428390548
6712 248 501366084
6716 4872 173636251
6720 3456 512742251
6724 5400 302701350
6728 5472 -859043182
6732 1556 -638371204
6736 3432 281721448
6740 5972 214915162
6744 6648 -855905437
6748 1328 -408000957
6752 1144 -273300527
6756 3396 -458565179
6760 2112 -131448705
6764 3864 -724602084
6768 5924 22054039
6772 3684 330765871
6776 980 -769442092
6780 2516 567387553
6784 1796 259266832
6788 6504 -766431572
6792 3724 -364835999
6796 5764 256911896
6800 4536 -885154344
6804 3596 -383983343
6808 3732 110761990
6812 2692 -328975534
6816 5596 -238266298
6820 4748 674101930
6824 60 402574774
6828 220 -785150477
6832 2032 156786515
6836 4380 -808531446
6840 124 -812325321
6844 5188 -406526618
6848 3528 981317487
6852 4412 -76951179
6856 312 711098172
6860 2700 -880229539
6864 6592 95249675
6868 3872 -119434507
6872 4992 438791829
6876 4932 -441912207
6880 1700 740482272
6884 1684 -275207760
6888 1256 710191017
6892 6360 337081275
6896 6100 -384646494
6900 2456 -424212737
6904 2136 -771465572
6908 2128 -842172709
6912 4584 -605943774
6916 1288 979433950
6920 3072 132341799
6924 3420 -888707761
6928 5576 345534051
6932 3504 -697465039
6936 6052 942300626
6940 1108 437970178
6944 1620 361307931
6948 3388 120778981
6952 3764 -354572559
6956 5552 -702891632
6960 1960 18076248
6964 5072 46283626
6968 6856 341688759
6972 2736 542739277
6976 6932 764855797
6980 5720 767776770
6984 2464 -500636545
6988 2308 -579839438
6992 4756 206081379
6996 2488 944171964
7000 4416 697622496
7004 4876 -336979262
7008 5072 -729250227
7012 444 808841116
7016 6048 -449203812
7020 4948 529104045
7024 6772 167260041
7028 2604 940734905
7032 2812 -522877313
7036 1840 371412886
7040 2804 -390132801
7044 1168 884079203
7048 408 154245335
7052 5520 327730998
7056 2900 478764896
7060 6736 -48849355
7064 1156 217467131
7068 380 223538554
7072 28 873459485
7076 1880 197143365
7080 6036 -857617926
7084 6616 344353497
7088 3364 881708192
7092 4680 -653307894
7096 3312 476420108
7100 5152 383236300
7104 6168 -683687042
7108 3068 -642755162
7112 2980 -129604162
7116 5188 -30697287
7120 880 512404745
7124 6564 172937961
7128 6432 955177228
7132 4104 -946994050
7136 2076 864393192
7140 1996 -34636442
7144 1888 -580812913
7148 2484 -942330409
7152 6984 625478106
7156 2516 -614709368
7160 5980 -182057937
7164 5832 -325681052
7168 1056 -306215354
7172 1164 698391812
7176 5684 369230705
7180 3520 -117576341
7184 2808 -898716706
7188 6332 -290204340
7192 912 229743376
7196 2840 -121175912
7200 456 902923279
7204 1528 -38581683
7208 3468 405470491
7212 6812 -180192233
7216 904 -403315449
7220 724 -777473424
7224 5792 -634262252
7228 4752 -957226570
7232 2140 698106104
7236 3732 -18504363
7240 4876 568157042
7244 3408 -330133229
7248 2128 853754560
7252 1428 -207832151
7256 2928 -965028703
7260 2208 694109076
7264 6228 -67704976
7268 2268 536221733
7272 3696 -923929845
7276 6940 171482070
7280 1928 553586700
7284 308 -36342025
7288 6388 421995714
7292 6180 388433224
7296 668 185459409
7300 3232 -562624107
7304 6924 -753010687
7308 2088 -429349287
7312 5364 -786439923
7316 2760 659328839
7320 2360 -289895755
7324 3268 802551457
7328 2968 -363333236
7332 3904 359305156
7336 5576 -132657756
7340 6944 961597032
7344 1260 -706840431
7348 540 145655064
7352 228 -739828864
7356 4364 -601070030
7360 480 364730132
7364 4844 -403243605
7368 3596 -960958907
7372 2384 -304802570
7376 7124 690546954
7380 4328 -552950312
7384 752 624237642
7388 1240 -252174561
7392 1824 -479061804
7396 5556 650719219
7400 468 -494254409
7404 360 651699415
7408 6076 -976967259
7412 2492 -213085313
7416 7308 -290883541
7420 3608 636247323
7424 4264 102189639
7428 1116 408732483
7432 2428 601448003
7436 2392 535903039
7440 4572 -849962484
7444 2624 -215339339
7448 6792 -7558171
7452 576 470780758
7456 4440 -225641354
7460 3348 -622096004
7464 1128 -831000575
7468 3832 -604906267
7472 3172 629922433
7476 4764 717629452
7480 5656 296203863
7484 912 -116261387
7488 884 -467381182
7492 5368 -611312327
7496 1076 -485952386
7500 6940 714698606
7504 1396 198758586
7508 5212 581522727
7512 6348 810389025
7516 6156 602800087
7520 7200 -580662910
7524 1080 -204414257
7528 420 675688658
7532 3364 -529721026
7536 5784 367653287
7540 4060 776926278
7544 5044 -574448258
7548 5724 945609506
7552 5152 -3062673
7556 7124 -279468590
7560 1948 -719685240
7564 1064 444506549
7568 4416 819326214
7572 4524 -198266958
7576 2976 203591028
7580 6032 869432483
7584 500 -936299858
7588 108 207658116
7592 3932 236039082
7596 4132 -567061197
7600 4588 -21376366
7604 1252 809327217
7608 7232 -635248863
7612 7464 417250628
7616 300 4262472
7620 6632 -288277861
7624 4100 689951424
7628 4168 -748640109
7632 1672 -612981299
7636 5904 -4198738
7640 6876 980239578
7644 6648 321330645
7648 4308 -182618685
7652 5928 467860668
7656 608 278902333
7660 1196 919774419
7664 2208 942002288
7668 2228 47622597
7672 4720 158540666
7676 2656 944246255
7680 6872 -121723449
7684 7072 -424928717
7688 4132 -103279682
7692 4524 511423706
7696 3884 -364073418
7700 6800 27592007
7704 6132 537599018
7708 224 144552635
7712 6064 521717424
7716 5244 -986763289
7720 1176 -313033164
7724 7312 -911504322
7728 240 -383532395
7732 5796 561447923
7736 2656 68107686
7740 6956 1581865
7744 2656 210872706
7748 4868 172415307
7752 644 540574701
7756 2140 -931372367
7760 296 -207465747
7764 6544 911019532
7768 5364 -963028329
7772 5220 396005224
7776 6340 855962466
7780 7148 82091611
7784 172 -976892478
7788 5448 910678047
7792 2632 338317137
7796 5676 466168813
7800 748 124118363
7804 5768 -916414491
7808 3460 -502865303
7812 648 706868237
7816 768 548786896
7820 1980 -917007791
7824 6840 -731157902
7828 7736 263821683
7832 5356 -124647301
7836 4444 421591523
7840 4568 552275240
7844 2592 -800761972
7848 7648 -385443514
7852 3032 -631307384
7856 3308 -6115802
7860 5960 221413380
7864 2548 -458884137
7868 7608 -376651524
7872 6280 144991278
7876 2160 -348647502
7880 2960 -310701735
7884 2344 657029184
7888 7116 -653242717
7892 6988 361023642
7896 3308 -822515313
7900 4676 246815404
7904 4464 909518936
7908 3628 -750399298
7912 3036 725311235
7916 4404 794899972
7920 3196 -688691070
7924 2080 599695701
7928 6052 -330555489
7932 1004 -8720203
7936 7916 937016414
7940 6088 740215744
7944 6136 -88750291
7948 3356 -753174824
7952 2080 414583682
7956 5492 44354437
7960 5932 -779470406
7964 900 -660010539
7968 1528 -430076529
7972 2252 -317790240
7976 1220 608400460
7980 4768 781206730
7984 6672 638541577
7988 1464 -381977178
7992 5428 -188889648
7996 1572 -852512567
8000 3512 28994008
8004 668 20310969
8008 332 727766765
8012 2780 -487502793
8016 7264 -820763037
8020 4772 661293268
8024 7208 -611763862
8028 7948 740738956
8032 4376 93889021
8036 7732 372456889
8040 3280 -857040863
8044 4860 -934193600
8048 2156 -509429962
8052 7788 -601312558
8056 6004 -79380921
8060 6248 718109731
8064 1036 350343651
8068 7292 614641536
8072 1132 503516199
8076 5076 -450132827
8080 7456 899103974
8084 3800 -527273558
8088 5752 28554459
8092 588 181052659
8096 8060 -344082677
8100 1584 -361010046
8104 2412 -498288723
8108 6080 843923424
8112 4964 -757715263
8116 2888 -232043940
8120 7692 493403392
8124 6236 -987313833
8128 3464 497337607
8132 2628 -341204594
8136 2656 645699875
8140 7072 -456058736
8144 5128 331052428
8148 5632 -939230561
8152 972 -199983258
8156 1916 -939377702
8160 6180 724458843
8164 4768 65789978
8168 5224 163798403
8172 5924 -381722460
8176 4884 778516600
8180 3292 -681637919
8184 3568 975002927
8188 3732 38419594
8192 1028 435320463
8196 2372 -642768740
8200 1200 183258803
8204 6440 124282553
8208 7184 -34940021
8212 3732 -418805892
8216 2244 -218068577
8220 1044 380687422
8224 6028 915362344
8228 5676 132596841
8232 212 576388954
8236 5660 711950973
8240 4504 -720107836
8244 1620 402342040
8248 3540 -327439988
8252 1960 -727923084
8256 1136 215319274
8260 2744 -387825663
8264 312 -711525935
8268 2384 -347399048
8272 4944 277656122
8276 8104 -235295357
8280 1512 -819764633
8284 6556 613044431
8288 5984 779109450
8292 308 340990361
8296 7612 892409346
8300 4444 800220793
8304 5752 771424670
8308 1488 623526486
8312 3684 -254502711
8316 1104 388484806
8320 7060 651856021
8324 6620 975323197
8328 828 652610483
8332 560 -985505991
8336 3916 193606651
8340 296 -314157507
8344 1788 682972003
8348 6324 487642546
8352 2520 -183423492
8356 2448 -401155388
8360 5792 -676850564
8364 2484 834811271
8368 6508 -653890301
8372 5624 -439389326
8376 2964 403320652
8380 5256 843941077
8384 4156 -126788704
8388 6176 767855869
8392 2632 192528902
8396 4144 773337985
8400 388 -273585234
8404 4704 -139108231
8408 1912 -132142249
8412 7644 906930161
8416 5020 -837701378
8420 664 -178167888
8424 2856 206634171
8428 1304 904951230
8432 4436 -97300135
8436 1980 -746656800
8440 3028 -286788838
8444 3264 -978605965
8448 1496 764967827
8452 4100 687261167
8456 1776 572578680
8460 3112 -943435728
8464 2548 580316625
8468 3956 -486342809
8472 5548 -763742609
8476 1012 790937327
8480 2620 556755880
8484 196 375424807
8488 1744 258336621
8492 7072 373166106
8496 2840 -877875694
8500 448 398149531
8504 1788 355816908
8508 7968 923330090
8512 2192 1693411
8516 3196 -905283412
8520 1868 -735998609
8524 7800 -439668796
8528 6716 -45200944
8532 8264 558655582
8536 640 238412776
8540 3268 239115130
8544 5908 -940033295
8548 4984 -969663798
8552 7968 -764157192
8556 748 -423770564
8560 8384 187310354
8564 4052 -510916371
8568 3796 751755210
8572 5148 -673257044
8576 6264 536902987
8580 3580 -556016910
8584 3844 -732856309
8588 2784 -249893859
8592 6396 -417716657
8596 3256 899809352
8600 5628 841670547
8604 8392 -162724887
8608 5220 -1538847
8612 6744 403843419
8616 7316 -529028650
8620 5904 431041052
8624 3284 -755329207
8628 7844 -483226986
8632 92 961228235
8636 2460 -583471507
8640 2108 -557854264
8644 8124 -854314325
8648 1172 -761036901
8652 7900 622249015
8656 3464 -514928133
8660 7880 -287863666
8664 4464 923383219
8668 4152 -777852640
8672 5888 519070975
8676 8504 842196649
8680 7648 -377176238
8684 4232 -46270513
8688 7844 -871570364
8692 1176 -902791877
8696 7812 13067016
8700 5892 -797411717
8704 696 -916439571
8708 4948 948877869
8712 7896 -834404296
8716 6964 -848362861
8720 6100 379957385
8724 1248 -404910871
8728 5120 -549948271
8732 7968 -333963046
8736 1976 723252981
8740 3632 -77329851
8744 6516 518817311
8748 508 770217696
8752 5396 -450323047
8756 1944 39101609
8760 2464 -900850264
8764 8728 864698225
8768 6328 481799612
8772 1520 569178548
8776 5924 677053937
8780 7700 339115106
8784 3216 -628852936
8788 8532 397785801
8792 6736 -193621299
8796 576 931947022
8800 464 -497562732
8804 4964 269002006
8808 6860 -346018009
8812 7764 891585393
8816 8256 -954454259
8820 7392 -181173498
8824 1072 74781252
8828 512 -426604682
8832 8180 873175160
8836 224 -709584343
8840 4912 -676065196
8844 4012 -825542936
8848 20 568583657
8852 4780 914142262
8856 7796 -573083821
8860 3468 -793263297
8864 5508 794813146
8868 1424 67707670
8872 2148 -628419241
8876 2600 -561230690
8880 3352 16763244
8884 1640 469662171
8888 6740 -853317202
8892 1768 -745495277
8896 5440 -586353762
8900 1728 -687268338
8904 8084 949213994
8908 1672 804756451
8912 980 -28262003
8916 2372 -128427150
8920 408 -138247103
8924 8692 306137480
8928 6860 156656996
8932 5076 -249228783
8936 300 872947147
8940 6252 -742205347
8944 3816 935750842
8948 3324 -119632793
8952 5692 465333937
8956 7528 -99351618
8960 5368 642187480
8964 3924 -418032943
8968 1556 25102697
8972 8884 -218798487
8976 2536 635768619
8980 8088 -159448350
8984 6088 470879177
8988 4636 948732743
8992 7500 981730459
8996 3796 -71867320
9000 8388 905930076
9004 2520 -929024471
9008 5932 959186808
9012 3416 -821808973
9016 4480 715493271
9020 4964 126210543
9024 4588 461430796
9028 8996 185810935
9032 4804 -467274449
9036 2016 -837317139
9040 4956 665332530
9044 2220 -501331194
9048 8288 59628218
9052 2224 145390834
9056 7180 -911613675
9060 6732 -618614234
9064 5032 -273950315
9068 6564 -733072849
9072 7152 700398185
9076 8356 -881343062
9080 5476 -628547569
9084 6168 43813211
9088 5312 -22902405
9092 8860 150476443
9096 3620 -549426960
9100 3552 498666133
9104 284 -65462370
9108 7588 593143996
9112 740 357360503
9116 5212 212321823
9120 3800 -115852759
9124 132 -276486450
9128 8796 195567870
9132 6684 24285190
9136 1852 -862362191
9140 8392 926909311
9144 1456 160892165
9148 2000 -690781240
9152 2484 537170919
9156 2516 -780414916
9160 1684 544251504
9164 1936 657447297
9168 3908 225074709
9172 3500 865160436
9176 4708 -973352165
9180 7148 -783695803
9184 5328 -508750067
9188 9092 -513435871
9192 1336 332983806
9196 6980 764120470
9200 4240 571314446
9204 164 640939975
9208 8048 -399600857
9212 472 -721534836
9216 9008 -73701973
9220 5824 568124599
9224 7392 153070197
9228 3208 -326056715
9232 4248 751802611
9236 1480 50354173
9240 7592 -319849315
9244 7736 786579473
9248 684 -393574883
9252 4724 814198410
9256 1748 711578468
9260 3756 -388483268
9264 8848 -210557078
9268 1380 -524918513
9272 3736 852294194
9276 608 -295778736
9280 180 987911497
9284 9120 -36829571
9288 4176 -350434414
9292 1580 557074871
9296 1440 161394662
9300 1012 846306585
9304 1164 -26164689
9308 4564 -79030502
9312 3340 844920186
9316 9240 -136799512
9320 8212 -559632623
9324 4360 -242650670
9328 5316 -241514882
9332 5144 -258273831
9336 4716 -657745986
9340 2636 54059496
9344 2340 833112228
9348 2900 -16107595
9352 6852 -937437109
9356 6256 -4715364
9360 8344 686996733
9364 2740 -703121019
9368 6884 46344977
9372 7956 -125824560
9376 7804 -399626087
9380 5464 -496810481
9384 4784 -719319152
9388 1688 -374442933
9392 9008 -720498765
9396 7336 -438392374
9400 2744 -940081319
9404 7648 -226839037
9408 2092 -183315912
9412 8712 697829470
9416 212 -266327287
9420 4740 79803525
9424 1656 -895178863
9428 4920 -908041806
9432 4924 434917206
9436 9168 -184065519
9440 1208 -175623206
9444 1008 223006448
9448 6924 465408113
9452 984 762794535
9456 4128 205873550
9460 7604 -846248023
9464 9080 -576751982
9468 4580 306024457
9472 3256 464646583
9476 8208 -53366263
9480 2924 929008438
9484 8180 -685400051
9488 36 495318491
9492 6568 331132696
9496 8848 754272359
9500 1740 3116573
9504 2236 338741236
9508 2212 895012625
9512 16 -176483072
9516 516 -284302158
9520 2672 -793748827
9524 7744 285672766
9528 6348 -223582109
9532 6476 -373828921
9536 2204 138054113
9540 7864 56941959
9544 8448 538641775
9548 5612 -592644861
9552 4376 758171889
9556 7352 519358220
9560 88 -416221598
9564 5360 874838174
9568 1036 -479944987
9572 4440 562211271
9576 5940 -156651118
9580 8404 -844531433
9584 8968 689104811
9588 1924 356449059
9592 7632 -928252257
9596 7528 -225583774
9600 6180 -789752579
9604 6292 973450695
9608 6548 -980309207
9612 8184 483242622
9616 6680 -786072827
9620 9304 695911020
9624 5688 -830506230
9628 8196 -836672250
9632 5780 -868622118
9636 7948 -178967509
9640 7036 587618210
9644 3372 -148741183
9648 4244 -332979094
9652 4112 748777970
9656 7964 -411000620
9660 2280 -79968331
9664 3452 727552436
9668 7064 951241700
9672 1892 -913683474
9676 5816 36782574
9680 2832 -945894777
9684 1464 697412642
9688 4960 -776196841
9692 7120 371962603
9696 5640 -858646560
9700 4620 213782060
9704 4064 -62228709
9708 368 -182312914
9712 1188 116554961
9716 2348 835281467
9720 4556 -829531367
9724 6960 -381512727
9728 8296 -642598440
9732 3412 -341955567
9736 1740 -529723461
9740 2308 549535778
9744 1476 599973726
9748 7948 105691170
9752 2664 499217386
9756 3756 251059281
9760 7124 329461523
9764 3584 581663236
9768 3440 -241377423
9772 684 757164787
9776 3844 708937014
9780 7264 -625406923
9784 7552 14674736
9788 7136 838282606
9792 5448 110427636
9796 1532 -575618833
9800 568 277451185
9804 5540 57153538
9808 7680 -314284545
9812 2576 -416691691
9816 8096 491786716
9820 4172 -575637316
9824 9128 -371062081
9828 2852 -671337830
9832 6784 612355466
9836 968 -572733015
9840 8232 -471722880
9844 5536 285118970
9848 2316 -396437879
9852 8816 387788048
9856 56 -253828708
9860 5084 -946429283
9864 7496 -755056069
9868 5456 -222481261
9872 912 34615220
9876 2724 113963696
9880 9096 111542155
9884 9620 -688168359
9888 7780 755791819
9892 1924 -597019788
9896 572 278623149
9900 3612 792032928
9904 1472 -597101399
9908 3420 31514489
9912 3412 165644908
9916 1564 744745725
9920 1524 -47867135
9924 2004 875638292
9928 708 830497469
9932 8804 -407405387
9936 2136 -427846585
9940 520 501547997
9944 8888 -321477325
9948 7820 -156315721
9952 9644 703239767
9956 4756 262360419
9960 2772 -626588120
9964 3480 -870268250
9968 2316 362161214
9972 8096 -504540273
9976 8020 336060013
9980 1940 -179361447
9984 7988 869193419
9988 5408 610994572
9992 7828 -459115932
9996 68 -852008985
10000 9648 374247718
10004 2076 -895327967
10008 9240 -975943933
10012 4964 -654308793
10016 636 297147498
10020 7360 797128406
10024 9784 837133680
10028 9676 16447084
10032 1548 3245988
10036 6412 -144993317
10040 1860 -295311684
10044 8348 665228846
10048 3248 -196640061
10052 804 521525069
10056 2532 -887045607
10060 5428 263328787
10064 2784 832667264
10068 700 997230097
10072 9140 735783760
10076 9548 771782809
10080 5068 895193017
10084 812 901599907
10088 4580 -557407898
10092 3340 162018608
10096 3904 -58835945
10100 9232 643160994
10104 7800 -919920735
10108 5268 -15018044
10112 1532 34587412
10116 3872 -711129760
10120 5976 703275245
10124 24 866078225
10128 9360 -170407695
10132 5420 -304315706
10136 8128 -190308302
10140 596 -117335122
10144 5552 463134259
10148 6552 -790472945
10152 4952 920548366
10156 3868 973274405
10160 6524 -272727402
10164 6260 342854752
10168 4920 341586559
10172 3300 647050191
10176 6440 365313071
10180 2168 246805464
10184 4456 -951558399
10188 5368 -729748874
10192 3552 189850574
10196 2244 -161565259
10200 7404 294500484
10204 1372 743918741
10208 328 -180158574
10212 3708 -7812539
10216 6732 648640277
10220 8868 307163
10224 8700 818041324
10228 10124 888591644
10232 8272 520324339
10236 2372 -813931895
10240 7856 -436247028
10244 5988 -504909900
10248 9108 -643111807
10252 8020 152453391
10256 6896 33948462
10260 7484 -250279199
10264 10020 -849964879
10268 7444 848989583
10272 1908 -733831426
10276 772 756897837
10280 9152 -869001514
10284 5268 -454500535
10288 1432 -555131148
10292 10028 509803125
10296 8200 -112980607
10300 4128 235923264
10304 7388 999489163
10308 2292 199286144
10312 412 550175504
10316 2252 -677267237
10320 9048 969729865
10324 8640 311465736
10328 2748 -252209447
10332 8380 -968302809
10336 4492 -107945744
10340 6836 -367538223
10344 7148 579472289
10348 5624 -323201947
10352 2612 -973605491
10356 928 -364315523
10360 5648 334019737
10364 6984 -949760988
10368 4344 809582436
10372 5464 -672465569
10376 8304 -837926046
10380 2184 -701549950
10384 1872 -764138564
10388 6156 -716850774
10392 3544 -147497597
10396 2192 383214796
10400 44 466125701
10404 6328 -607927513
10408 1264 112989874
10412 5368 -833315594
10416 6200 658606675
10420 1912 -749390145
10424 7880 743465813
10428 2792 -47381837
10432 5904 -964400593
10436 6040 -641308334
10440 2632 -345830174
10444 4292 -295365191
10448 24 403633495
10452 2764 -934336389
10456 2620 990471160
10460 5264 443556551
10464 4500 332415926
10468 4308 -216346709
10472 7648 -886640986
10476 6060 -532741382
10480 5504 227264519
10484 4348 -357363474
10488 4916 -148388993
10492 7224 -573696669
10496 680 -445134200
10500 3832 -988247647
10504 7684 417614109
10508 10368 -735897283
10512 6648 458917477
10516 88 -1341700
10520 980 -650204875
10524 2080 276322967
10528 1176 -917518121
10532 9644 968904859
10536 1008 5279579
10540 2904 -332561437
10544 6012 37281007
10548 5836 -14069941
10552 844 -508239327
10556 6536 452054934
10560 8164 -233025890
10564 9588 259847973
10568 4928 -96389640
10572 1516 -386181547
10576 7256 806573233
10580 8476 115376124
10584 2320 -575573878
10588 7988 635045272
10592 2052 684590921
10596 1940 50542683
10600 316 235830707
10604 4408 72141401
10608 3916 232768094
10612 6276 -385473938
10616 4016 -45360890
10620 7256 469829975
10624 9208 86106853
10628 4648 -965833916
10632 1480 -211809026
10636 10356 555922101
10640 7588 589654450
10644 5712 13281796
10648 4672 337775551
10652 8908 483462502
10656 5556 900572
10660 4760 -9477785
10664 1676 -984147452
10668 7632 -60527731
10672 464 -92328241
10676 7600 168823887
10680 3836 -88650438
10684 9108 432519469
10688 7268 938908578
10692 3160 300722304
10696 10304 -329835765
10700 852 480445628
10704 1724 59863904
10708 9288 -327680050
10712 6200 -654256418
10716 8520 10192658
10720 9944 25417123
10724 4164 -436941648
10728 9820 -834860430
10732 564 83632735
10736 6992 -908720128
10740 10008 -911234724
10744 632 -886277042
10748 280 49370312
10752 7692 -29674808
10756 2360 40773075
10760 7440 -295890132
10764 9840 622351217
10768 3492 -55139616
10772 10432 851977750
10776 1788 -242030244
10780 3536 254993661
10784 2432 990663138
10788 2088 678285079
10792 9972 -432961182
10796 3916 -620312429
10800 3548 114749718
10804 10204 339799786
10808 7988 -604865981
10812 8236 39152022
10816 9384 -733817686
10820 9732 736925231
10824 5920 -924537126
10828 9896 -189485649
10832 2104 174310309
10836 4420 519208412
10840 4664 -140836267
10844 1528 203367626
10848 1052 180828354
10852 2428 45798409
10856 9700 -430461399
10860 4480 649199499
10864 2576 543555566
10868 3256 -967953538
10872 9856 425192263
10876 10216 -244179906
10880 5772 337369677
10884 1484 -341979838
10888 6420 -964240684
10892 2276 -897433353
10896 2808 509690275
10900 10024 -314619728
10904 116 -263795410
10908 1384 -84706094
10912 10336 -60378216
10916 9476 453033129
10920 7688 306224388
10924 7252 761547094
10928 5196 631445386
10932 836 924205213
10936 8076 314780110
10940 4016 686665989
10944 5392 -328906955
10948 5292 995057567
10952 52 704803240
10956 1840 -129788129
10960 6884 -346349088
10964 268 107370902
10968 9472 864467025
10972 492 -101057941
10976 2684 -997090905
10980 7968 -675286468
10984 824 453187614
10988 2032 924161813
10992 3736 318369978
10996 2192 -149054732
11000 4988 989343363
11004 3180 659748046
11008 3868 963555154
11012 5316 -942234055
11016 8324 31087582
11020 7660 535515525
11024 5840 -967013790
11028 9732 147079381
11032 8392 -934036558
11036 5332 -780401196
11040 2488 -570313102
11044 984 -124065190
11048 9236 -674778409
11052 4812 387454133
11056 4596 884981870
11060 4380 821181910
11064 9020 -783794235
11068 5784 -576762891
11072 6692 -597192052
11076 8328 -644632316
11080 3004 -331366590
11084 1500 -87878347
11088 10660 -933472774
11092 1044 -263528673
11096 6172 -312930516
11100 268 303015721
11104 4036 321744200
11108 5240 -676005892
11112 5616 -686870805
11116 5128 630048065
11120 228 -828070311
11124 5500 -336755882
11128 10628 980571246
11132 2712 -984021235
11136 10264 897517845
11140 10256 647870869
11144 6688 463674761
11148 3436 238419169
11152 4908 787690048
11156 11016 861723761
11160 3720 -747878060
11164 2948 -816604952
11168 2588 354185995
11172 9168 495211244
11176 6720 937364138
11180 3728 -896608030
11184 3268 432141663
11188 3180 -775055859
11192 732 819095695
11196 1508 -585274378
11200 1596 -804723480
11204 1668 -465734718
11208 2684 681271526
11212 9512 678386979
11216 8292 -455117026
11220 3164 -416299259
11224 2916 221297362
11228 9760 115369125
11232 2880 440482542
11236 7608 276563580
11240 10776 913029914
11244 3296 -171990882
11248 6700 714636766
11252 1456 52466117
11256 7788 83442209
11260 1764 -959977846
11264 7928 847402230
11268 7928 -417965071
11272 3200 9378565
11276 7104 -948273194
11280 3136 -276886433
11284 4928 -260488153
11288 7968 -388952070
11292 4248 -293520627
11296 484 515397946
11300 1656 -920804393
11304 7940 -572305124
11308 3216 -392094544
11312 2088 723531378
11316 10424 -504561202
11320 6980 106785470
11324 3040 203293034
11328 420 -187031195
11332 10784 686108980
11336 10592 -657437783
11340 9888 681507066
11344 6376 -156770002
11348 6660 665122070
11352 9612 561164670
11356 1360 13881623
11360 3580 -53801517
11364 10844 -517313847
11368 8136 122913935
11372 6328 978275346
11376 716 -270418838
11380 10032 282798514
11384 8032 -208011397
11388 904 -462468409
11392 984 170253349
11396 5676 -54203387
11400 8696 -22034779
11404 1512 -745592866
11408 9060 963097093
11412 2688 118986840
11416 312 791350433
11420 3404 233746804
11424 10944 525358072
11428 6660 719758028
11432 5492 -220608834
11436 10664 766173972
11440 3972 384569614
11444 10728 654656199
11448 7968 -382891305
11452 3428 -129884165
11456 8012 923368426
11460 5008 270030670
11464 9664 770453327
11468 5244 463654314
11472 7240 -860586721
11476 3488 -557908631
11480 6444 -308529599
11484 4764 -315113722
11488 6760 -732393715
11492 8816 669335060
11496 7552 566248563
11500 4856 886033833
11504 7600 -657412251
11508 1304 -567483733
11512 1068 267329956
11516 5208 709227313
11520 7408 244297699
11524 1104 961687706
11528 8124 -223546390
11532 2376 -343957171
11536 2040 641316438
11540 4104 188323593
11544 2816 -97494824
11548 7260 732164744
11552 10656 565069760
11556 8108 -742575984
11560 1056 -411093499
11564 8552 -901920188
11568 8652 -625952187
11572 4336 348134712
11576 88 -474936372
11580 5336 -74354447
11584 7476 -303806541
11588 8116 -959111055
11592 8516 693128245
11596 7800 -625875902
11600 10708 493068445
11604 9580 965381562
11608 1524 116884287
11612 7144 971535902
11616 8948 980423703
11620 280 -770425695
11624 9612 -491771678
11628 8788 -789017010
11632 6344 -550543447
11636 11152 -906012331
11640 2988 389230085
11644 4188 -302499394
11648 6500 723128164
11652 2260 337060021
11656 5460 -699894285
11660 7048 -947802172
11664 656 194566236
11668 3892 -290842635
11672 4044 -399800293
11676 2916 -127034372
11680 6756 -694807658
11684 1980 187447054
11688 2076 887840086
11692 7524 912507655
11696 9900 167054802
11700 11196 338184220
11704 7232 158117358
11708 5676 278479145
11712 9324 147733711
11716 8364 175478163
11720 640 -706170181
11724 6812 -991894976
11728 2720 721446524
11732 9944 925005127
11736 3488 515740017
11740 10528 -744414234
11744 5560 378123022
11748 8660 -958262859
11752 10456 -542194936
11756 5680 -176175045
11760 1508 -103610984
11764 6972 -279755843
11768 1320 -421269047
11772 11760 12670531
11776 1068 -685280242
11780 3408 24915044
11784 3608 631235561
11788 11380 -123252155
11792 10676 9081283
11796 4168 -470801989
11800 3164 -348519954
11804 104 60393700
11808 7596 -945656958
11812 8084 997703592
11816 8808 -931141528
11820 5072 -80598870
11824 6016 336016000
11828 4888 596433501
11832 5496 -315200053
11836 1236 -97192537
11840 1692 684185459
11844 11300 248163718
11848 11744 542235556
11852 724 465219542
11856 6656 -114989870
11860 5624 323139992
11864 6252 -627232337
11868 7048 -279152328
11872 1908 -609383557
11876 3936 -922817201
11880 3328 148932406
11884 10236 241317132
11888 10908 945081716
11892 11144 -552407953
11896 200 393078518
11900 4920 -3043862
11904 448 147211644
11908 4272 334885574
11912 10944 60962067
11916 660 581260678
11920 2120 -764638826
11924 10412 -117441517
11928 5732 -55393852
11932 5072 -386619615
11936 1084 457044060
11940 1804 455933061
11944 7328 -640472633
11948 5024 176123376
11952 5924 754211989
11956 3180 482432507
11960 5672 -995336326
11964 2576 -535234007
11968 9272 898471746
11972 3872 -158508240
11976 5220 819245878
11980 3736 -204374731
11984 4004 -367032346
11988 6452 -605739516
11992 8876 -730370402
11996 5440 -204670244
12000 5020 -903438043
12004 6628 -242408957
12008 10072 849983198
12012 11788 883384986
12016 11196 448525388
12020 11348 -191227534
12024 6164 -92642164
12028 368 589496936
12032 1624 332320015
12036 860 813763985
12040 2596 308369919
12044 6240 791431679
12048 8636 862879114
12052 8084 -176349892
12056 10364 -592178784
12060 11120 879800618
12064 9984 792586356
12068 9120 442273752
12072 8268 -414034308
12076 2468 624305910
12080 136 76384231
12084 5196 -418842768
12088 1612 -122751817
12092 10076 2466723
12096 892 -99183399
12100 3064 459574472
12104 10996 49819713
12108 8452 879216932
12112 7408 143934659
12116 1760 -700600040
12120 2556 563064173
12124 7736 -666131748
12128 2208 617718911
12132 2540 -823589518
12136 7348 -704150333
12140 10664 -399927789
12144 5204 -869416318
12148 2052 773038543
12152 7816 -879865453
12156 2628 615194729
12160 6576 -735134041
12164 8080 -412262014
12168 2616 -101375397
12172 10732 -668839266
12176 6768 609711117
12180 3060 -499021313
12184 3968 391993517
12188 6632 -633676875
12192 7968 -657053878
12196 8028 279336540
12200 11192 472050174
12204 1300 175684979
12208 8332 349607730
12212 6756 287128094
12216 3136 912984586
12220 1040 329168101
12224 2636 228631689
12228 11956 -267500555
12232 6196 604648944
12236 5076 -272594376
12240 6068 -10875735
12244 992 -611843237
12248 9780 -715368076
12252 1476 -838463928
12256 6888 -206462405
12260 8672 125462684
12264 6684 -171515334
12268 2308 252457458
12272 10180 -299385588
12276 6848 942509548
12280 11776 -501680806
12284 6720 210300689
12288 2404 -860617771
12292 8936 621409707
12296 6684 -473382589
12300 128 892358869
12304 3476 380204287
12308 6712 357548207
12312 9724 154223098
12316 7796 558882057
12320 6676 -362960109
12324 10212 783622138
12328 6280 -516792803
12332 5448 927568949
12336 11964 -800278212
12340 4908 -162590495
12344 7904 408203273
12348 5868 251848502
12352 9920 173499863
12356 2432 629151270
12360 7704 173669864
12364 11248 449895617
12368 9396 964717649
12372 6780 262245261
12376 988 -176358735
12380 7264 477151879
12384 9744 -633572260
12388 1492 371331380
12392 4048 710170331
12396 11732 511272115
12400 5288 -749270447
12404 5496 251597445
12408 6580 -743158572
12412 6808 759360884
12416 756 22839189
12420 10464 -298765785
12424 5044 106059716
12428 8696 292364216
12432 5016 -680323962
12436 4356 674534097
12440 8836 6772889
12444 7080 -399045389
12448 2516 -606345493
12452 4020 -302263479
12456 2248 349318638
12460 4832 -812287023
12464 11640 -231481300
12468 1772 356083182
12472 3952 -31235091
12476 11432 180378404
12480 1176 -158647363
12484 5760 -738749333
12488 12332 -315655762
12492 11216 -589721978
12496 12376 462255943
12500 12236 217082851
12504 5360 -859543979
12508 2212 -166628764
12512 1252 -942663636
12516 6800 -629203465
12520 10400 365783137
12524 5324 -540237475
12528 4084 -441630276
12532 10432 799827137
12536 8600 -684567106
12540 10176 56086328
12544 468 275397155
12548 10492 -316198706
12552 3188 -66101840
12556 9280 -6546173
12560 9968 -341674356
12564 176 -428321481
12568 3356 -757355968
12572 4788 -746663831
12576 10676 178298032
12580 5204 -86460370
12584 10728 703502993
12588 7792 587489922
12592 8380 -698459434
12596 3740 995522612
12600 608 -663618572
12604 11276 -416181090
12608 6432 -790923253
12612 7764 -989714731
12616 4792 -410099911
12620 7888 -243356008
12624 2980 389363722
12628 3172 978609721
12632 968 -312378899
12636 632 48257075
12640 2336 399386089
12644 6248 -778789643
12648 11488 261770106
12652 7092 382606897
12656 12216 261166002
12660 2988 -694867744
12664 10284 974387481
12668 11532 -683192728
12672 964 -311023646
12676 484 -929623069
12680 9004 297624113
12684 3256 147906836
12688 12268 -840032002
12692 10660 953891944
12696 6032 97683483
12700 3516 17512628
12704 3992 -824203010
12708 11372 -817808484
12712 4980 490377707
12716 6416 23584662
12720 2148 -659490156
12724 364 -352515633
12728 236 381707833
12732 2104 497232408
12736 180 80964308
12740 3968 729466437
12744 3444 296589690
12748 10344 -299745667
12752 8472 -147417631
12756 2760 145941281
12760 1940 -548835706
12764 6732 562181826
12768 4524 792834863
12772 6956 -37394905
12776 9884 266098779
12780 4380 -489324266
12784 2556 -615550899
12788 6760 -624711255
12792 12228 989821609
12796 8932 -228101647
12800 9380 778169139
12804 9240 551183670
12808 11364 598232078
12812 10888 980739870
12816 8228 -784181883
12820 800 844567717
12824 5044 855016475
12828 5380 -476184405
12832 1204 -635709782
12836 1956 -793915763
12840 5780 -594625004
12844 7696 282359483
12848 6328 -208490816
12852 6580 302650093
12856 8288 -579293910
12860 1256 873170899
12864 8616 -227724946
12868 5500 -485719632
12872 10472 -994336480
12876 728 23131852
12880 5428 -286025003
12884 8000 -450164122
12888 3372 -93223510
12892 8724 -598557282
12896 4252 -160882168
12900 6028 425446121
12904 7120 -610915509
12908 3788 -537980555
12912 7048 -860890933
12916 5860 -729903966
12920 4696 -881431631
12924 2956 -950342138
12928 1776 -445851304
12932 8032 -34094908
12936 10760 629492903
12940 8792 -272049173
12944 5352 -750133965
12948 6680 780455441
12952 12276 309561929
12956 12788 588448513
12960 6448 -547985021
12964 12060 -611632051
12968 9768 -804464733
12972 12280 -826192233
12976 11340 856648046
12980 8196 -257660549
12984 8184 999043321
12988 12284 -687428853
12992 780 -334098274
12996 9880 -158286797
13000 340 613258597
13004 10316 -116188729
13008 400 629247518
13012 4848 842259221
13016 12000 -47260242
13020 2172 -810797177
13024 6952 -345716282
13028 1904 706215600
13032 2980 -493755627
13036 10064 177650179
13040 11632 -303491419
13044 8072 -992465288
13048 6268 107731019
13052 12392 -955355087
13056 2448 -631959875
13060 7924 669359055
13064 6724 72400117
13068 1600 369999551
13072 11004 -438660463
13076 9068 451255176
13080 9440 -781544198
13084 9520 490421600
13088 5760 -919580579
13092 6364 507210216
13096 8024 -807501003
13100 9528 939438912
13104 10616 -857687428
13108 8304 93055282
13112 7744 424337066
13116 12988 854992879
13120 6564 -503935391
13124 348 726842571
13128 2348 842544036
13132 6420 -963117428
13136 9488 -709390291
13140 1380 -242332644
13144 12080 718959733
13148 2492 314520124
13152 4608 438403656
13156 192 409400188
13160 1712 542399897
13164 7028 -241646697
13168 7948 434017618
13172 2044 -865371922
13176 10436 -312046110
13180 3028 26336487
13184 8160 638032013
13188 7440 -899187444
13192 12436 -972510321
13196 11024 243530064
13200 5716 -500284445
13204 11332 -353083565
13208 3988 533099470
13212 7652 -302046838
13216 4264 -792804636
13220 10952 -176863266
13224 9212 -407957918
13228 6280 617725218
13232 10768 478881718
13236 2576 426243812
13240 12860 -125991665
13244 304 229912216
13248 416 -193131854
13252 9328 -345335464
13256 10576 -282901787
13260 8848 -21732083
13264 8008 591929836
13268 2348 -239451461
13272 7536 -619561266
13276 10996 -546892341
13280 8652 47174828
13284 1232 23232698
13288 3752 -173310009
13292 6452 358970733
13296 11340 363837592
13300 1504 -904916124
13304 4016 -362538707
13308 1792 -188973301
13312 11096 347052947
13316 4304 -935252676
13320 6936 860087615
13324 1328 958623587
13328 460 -795912674
13332 9876 -902660089
13336 4140 -97624501
13340 8640 169244992
13344 7652 -695480389
13348 136 -618226370
13352 1860 238648902
13356 876 -450103692
13360 364 -981632059
13364 1736 705984246
13368 9092 895021092
13372 2880 -913863336
13376 12540 42859097
13380 3544 -510923099
13384 10848 435131031
13388 572 721416101
13392 7136 -715893145
13396 10212 -114259474
13400 3524 41263959
13404 8456 328093940
13408 8000 -386705528
13412 3872 324027088
13416 9360 414487635
13420 676 648022653
13424 11720 690951559
13428 12160 -661700378
13432 7500 -333501935
13436 3128 -36393206
13440 5508 -836126535
13444 2612 213649636
13448 6060 792528696
13452 8084 78543869
13456 7000 148864643
13460 13284 -970429799
13464 920 -427740386
13468 10844 540412978
13472 10784 -538293669
13476 13284 135287211
13480 4952 -687873567
13484 9484 -116963187
13488 148 935439473
13492 12444 -487584864
13496 548 431363921
13500 4360 -61474906
13504 5968 761289331
13508 13192 725683615
13512 520 103836597
13516 9720 -858184636
13520 11040 754120268
13524 108 193338503
13528 7416 681004518
13532 3592 -831463254
13536 11880 62276533
13540 5748 -776358896
13544 3164 322807217
13548 2212 628329630
13552 8 -777369202
13556 10684 -289324019
13560 8068 252494291
13564 2464 -854918010
13568 2404 915600992
13572 2420 272330960
13576 10564 -214048472
13580 12832 -897383375
13584 8940 -900618682
13588 7152 27906550
13592 13376 217898845
13596 1072 -7237053
13600 2812 -311381787
13604 2660 297585762
13608 2324 367731208
13612 1016 153537970
13616 5256 50882800
13620 13216 4015500
13624 7952 499711646
13628 5964 653698533
13632 2876 335450296
13636 452 361857277
13640 36 -102062247
13644 3392 -690014572
13648 8012 -239665192
13652 2692 -960447421
13656 11960 839962147
13660 2816 -623298351
13664 1936 -674551388
13668 3100 154025606
13672 11556 -596450506
13676 6264 406043718
13680 496 264845236
13684 9984 725550258
13688 9108 -236502505
13692 11944 745706638
13696 5456 -650123055
13700 3096 911325770
13704 4252 -55158421
13708 516 -566225127
13712 10716 -243856586
13716 7912 -20606888
13720 6544 -86281147
13724 6024 535885637
13728 4208 -774840056
13732 12604 -103126631
13736 6032 809112865
13740 13504 -729249382
13744 11392 650478815
13748 2064 -195271010
13752 4996 -64081724
13756 7128 -195131214
13760 8496 788380580
13764 2940 615053768
13768 5624 933151025
13772 3876 -487566707
13776 10088 174129417
13780 7488 -547851195
13784 12596 -161727062
13788 5132 -428346550
13792 5976 572296399
13796 3316 -344547208
13800 2244 -904786906
13804 1780 142912800
13808 9144 -24485336
13812 9632 -661333752
13816 9908 -467033951
13820 3364 -508065186
13824 4416 197393246
13828 6856 -513142294
13832 6360 -420724102
13836 12356 870791135
13840 2532 985138289
13844 12240 -652847130
13848 6900 687100990
13852 216 333770039
13856 8208 -238914819
13860 6028 725883462
13864 5352 -328208127
13868 988 -623977701
13872 10584 650678980
13876 10364 -112489026
13880 12644 -971300950
13884 7272 970456552
13888 5480 -796795717
13892 912 -577997435
13896 11040 122531237
13900 468 -382579094
13904 12584 -737412197
13908 8048 -560836838
13912 13472 911145993
13916 13652 -969011020
13920 4416 295268419
13924 3480 333578157
13928 5816 -625833795
13932 10004 -404760323
13936 3256 917166613
13940 9528 639129173
13944 84 979042028
13948 2116 443741843
13952 2476 -674846120
13956 1664 748825759
13960 10672 568032519
13964 12216 889607799
13968 2916 113670119
13972 532 -303365537
13976 5740 24036162
13980 3460 707136962
13984 11156 302202407
13988 11460 -993578067
13992 12152 302833290
13996 4348 -298398843
14000 616 -231363698
14004 9556 -252022628
14008 1108 -874269246
14012 13744 699203045
14016 13144 648432264
14020 1016 -63454334
14024 8768 342412804
14028 8680 -774633991
14032 1588 -239962452
14036 13324 -922851426
14040 11932 399743897
14044 13260 -896445025
14048 2864 811717294
14052 10416 886715398
14056 6424 878123036
14060 11048 -627605027
14064 584 401624514
14068 13316 145464632
14072 240 372403861
14076 10196 -821430138
14080 3060 -276147438
14084 1428 -544210443
14088 7544 -370729051
14092 2260 -696557982
14096 5216 -778033689
14100 428 897452435
14104 12108 -624958901
14108 2116 -761374091
14112 12560 404032367
14116 9676 883682374
14120 8304 -126087371
14124 11200 300587911
14128 1424 -252286297
14132 13604 -785460735
14136 13920 -443128206
14140 5012 63847885
14144 2396 44495573
14148 12316 -27607647
14152 7396 307480791
14156 1668 641663746
14160 5244 264942914
14164 10368 -220648176
14168 3184 321147147
14172 10404 229834518
14176 7976 -451501113
14180 10708 791636910
14184 9252 272114517
14188 1132 -290120740
14192 360 621176841
14196 1724 576427398
14200 14152 143858352
14204 12044 -830337676
14208 10204 -855560880
14212 1968 633186129
14216 2184 -516124912
14220 8548 -787313506
14224 628 537561275
14228 188 -268521466
14232 5880 -864355973
14236 12308 401230770
14240 14076 -340805262
14244 2940 589976959
14248 11312 277220980
14252 2780 239664489
14256 5948 -289886522
14260 1280 295045881
14264 3964 -543662096
14268 1852 -445806219
14272 3316 9128405
14276 5052 374708651
14280 13124 -982527885
14284 1536 -643752245
14288 13028 218465982
14292 10000 -717189375
14296 412 316722972
14300 11472 418304999
14304 12948 -403664428
14308 3780 -428044084
14312 3068 -434950011
14316 6336 346694844
14320 3544 -218054149
14324 7688 567248343
14328 11600 659294292
14332 3808 925722632
14336 5492 -683186616
14340 12516 422720889
14344 7388 456310565
14348 1468 813148330
14352 14056 323761657
14356 744 294302546
14360 844 -155651619
14364 13484 582324730
14368 8320 -22146643
14372 13688 382737719
14376 852 813871991
14380 10464 61578149
14384 11124 110228488
14388 7824 -971452050
14392 10152 -115117443
14396 916 503321621
14400 2736 -525456492
14404 6300 -23601024
14408 13924 457673328
14412 4680 304999666
14416 7072 81670730
14420 9048 94833028
14424 12712 -213848380
14428 4956 -230480000
14432 6244 924654898
14436 4900 973917672
14440 1324 -202310520
14444 12256 -612123414
14448 6860 -810069701
14452 9816 92897669
14456 6328 -87478319
14460 4668 -462006554
14464 260 -664436339
14468 2056 658810128
14472 3580 953006555
14476 5828 768976053
14480 6076 -408108879
14484 8776 177230163
14488 12256 882173976
14492 9232 713244486
14496 12408 111857982
14500 9416 -252023601
14504 2840 -980186308
14508 14172 652243913
14512 6728 -253545536
14516 1520 -509359078
14520 5940 300217733
14524 9864 -761164646
14528 7808 -93198521
14532 9092 -761641306
14536 13432 -423787854
14540 5588 -830724399
14544 5936 -798754021
14548 4012 107331572
14552 4508 -153730306
14556 11988 -745998636
14560 8420 -758952411
14564 14304 25142673
14568 12028 -598820749
14572 348 -352129372
14576 5220 618252733
14580 7000 -964614073
14584 8548 294232308
14588 1768 -600732588
14592 908 -584719037
14596 5728 256344734
14600 1420 9667357
14604 6868 -706592485
14608 5068 25419166
14612 11936 648726337
14616 2464 -556810265
14620 5164 587004912
14624 2276 -527661675
14628 13532 -869061208
14632 556 825100627
14636 2420 862252685
14640 5768 925293443
14644 5688 -349648540
14648 12860 -497359994
14652 6272 -923920145
14656 7296 611484260
14660 2600 -811843477
14664 12076 -92061251
14668 4200 86937203
14672 3252 662402975
14676 9732 -410708310
14680 7416 255298534
14684 10532 189674403
14688 1056 -821307823
14692 2512 232103659
14696 1844 -285629333
14700 3700 132869563
14704 2708 -526724255
14708 8892 -726940090
14712 7988 67626552
14716 7540 954621494
14720 2760 810135586
14724 2004 -692055178
14728 13692 46594327
14732 3856 -475638020
14736 13568 -352747679
14740 13788 656810690
14744 11076 -991759895
14748 3688 -440134147
14752 8928 917106542
14756 136 -269593947
14760 10916 -510900367
14764 14080 359767845
14768 13844 -253709007
14772 13784 -759917364
14776 10040 -620020768
14780 12892 984277202
14784 6924 850103674
14788 9624 667013148
14792 7744 -473064789
14796 1936 -41920321
14800 11944 -689217754
14804 6112 842749517
14808 11476 -95110066
14812 472 580667307
14816 5264 558329597
14820 6844 151440855
14824 12684 871735212
14828 1532 185775497
14832 4164 222910006
14836 8120 -309308468
14840 1136 53331716
14844 11528 -704239266
14848 12220 -326597681
14852 10564 -845836589
14856 8972 -855578594
14860 9520 -942653861
14864 13472 -468974761
14868 4360 -165537748
14872 8860 79995986
14876 704 -3069903
14880 16 -372616019
14884 11144 -982165521
14888 10448 269497804
14892 12632 604041627
14896 5840 978044634
14900 4716 112442825
14904 9056 183259976
14908 5820 240999968
14912 980 36709831
14916 6396 478851116
14920 12892 921578257
14924 7092 283640738
14928 7752 558285104
14932 13988 734822124
14936 8588 -864044210
14940 2948 588704980
14944 13096 604917852
14948 8180 555258538
14952 4560 869891925
14956 6492 -220854736
14960 1136 896843462
14964 9604 -524179128
14968 13600 205550789
14972 820 67503589
14976 2016 638027166
14980 14168 -28430099
14984 7448 147586887
14988 14756 383052680
14992 5556 7808233
14996 4076 -308004350
15000 5900 144364798
15004 180 999444987
15008 12788 -569721054
15012 12812 118556575
15016 2684 -539118415
15020 11040 -751203370
15024 6356 751685323
15028 11280 322664277
15032 2332 -946055780
15036 6932 -532914587
15040 11664 -457979167
15044 6572 -994032262
15048 10484 85542304
15052 1900 521936933
15056 9900 308697054
15060 9116 -349135199
15064 5260 -651431379
15068 10588 776177535
15072 11572 -317790265
15076 7072 -333635741
15080 6508 691488280
15084 14004 -342234600
15088 5452 -41145215
15092 14588 -812666355
15096 12300 -850069240
15100 9560 -549434524
15104 4972 -776551800
15108 6656 -339104293
15112 14144 -918317744
15116 44 446353621
15120 5340 -510802772
15124 5264 375826916
15128 9048 373872603
15132 11548 629282445
15136 2592 -621014907
15140 12044 -644143509
15144 13968 198938851
15148 5252 170872396
15152 1032 -29994593
15156 6456 -834856270
15160 10360 -70906758
15164 8432 -275769767
15168 6740 304632233
15172 13876 -650154901
15176 10012 -898809661
15180 14400 837377815
15184 968 -914745608
15188 7064 239939176
15192 14188 79252108
15196 12396 -902197964
15200 9280 -687697427
15204 14212 -456035165
15208 4208 7884096
15212 12184 -713109006
15216 6176 -762089219
15220 6460 -220439174
15224 14684 -815608274
15228 2476 -698606780
15232 14484 -73389077
15236 15140 -7967638
15240 13612 654915321
15244 7992 -92627233
15248 12804 328001589
15252 10608 -966365248
15256 372 729273480
15260 10184 436069477
15264 10012 -747140525
15268 14580 40871776
15272 10380 -908405369
15276 2388 638980301
15280 8104 916813062
15284 12752 650141813
15288 9500 -67819507
15292 3356 768386708
15296 6168 -979298847
15300 15096 499802871
15304 2936 856191188
15308 14332 -704356340
15312 1132 554958053
15316 7988 -288313816
15320 3728 -426429289
15324 14156 -292271600
15328 1032 101166880
15332 6444 -490890906
15336 1840 -89745885
15340 5700 141831041
15344 4568 763572735
15348 2168 221103138
15352 14884 680704794
15356 10456 -244325975
15360 8448 490981875
15364 5848 668395552
15368 9392 274683953
15372 716 547580064
15376 7068 257868101
15380 15060 -685861771
15384 14740 234561149
15388 4828 -971580700
15392 13936 172397030
15396 4296 431899106
15400 7344 -128086074
15404 4980 897902032
15408 2488 -94458072
15412 1116 -922683195
15416 8604 292333061
15420 3512 714923488
15424 14344 663816968
15428 12784 -52713751
15432 14760 -52152037
15436 2032 -720760899
15440 2180 208116071
15444 13540 -267993045
15448 5692 690871065
15452 5788 -336643245
15456 380 -194697300
15460 13096 -468157609
15464 9736 -519545182
15468 5676 -361798818
15472 7640 656170384
15476 15400 -56658635
15480 4180 490513864
15484 552 599791678
15488 1432 -379415745
15492 6436 -348623828
15496 9256 306673911
15500 3540 -585185705
15504 1016 881727077
15508 4828 -423749337
15512 11304 994016831
15516 12284 503495866
15520 9796 858643880
15524 4016 -441172619
15528 2716 661153626
15532 2284 516010755
15536 9480 10072175
15540 10444 -1263541
15544 13568 269148619
15548 4028 761163212
15552 13640 -317209525
15556 9040 28179971
15560 7544 -943190406
15564 3832 581012735
15568 5728 109832448
15572 9264 827417869
15576 9312 -359209947
15580 5960 193541939
15584 11572 -928803885
15588 3400 -843883205
15592 1956 997189736
15596 7452 540159767
15600 2644 -829667732
15604 7780 -345803189
15608 156 -954156055
15612 5448 -451321682
15616 9468 -723566376
15620 8704 478817770
15624 10388 -37571986
15628 15208 988173391
15632 8672 -913227502
15636 7216 120548835
15640 5052 -590110947
15644 11008 609836397
15648 3488 -181544393
15652 9092 -220831530
15656 2024 -362996070
15660 3876 -995485266
15664 9108 -710482463
15668 864 742687051
15672 2436 -968423612
15676 10896 872695523
15680 12788 792124780
15684 2176 409656779
15688 12632 -223387189
15692 10528 -813015079
15696 1964 537206309
15700 4460 -153668382
15704 4376 -574253300
15708 13976 -85522483
15712 5140 -412756708
15716 1800 488052851
15720 7408 889259473
15724 13672 -708310349
15728 1488 716022628
15732 15544 -104056221
15736 10752 -606779657
15740 3192 -274362490
15744 4340 29189994
15748 6704 321758955
15752 13340 444103226
15756 1028 562738986
15760 12808 -104579673
15764 9964 -11969650
15768 10236 -545105125
15772 15524 161926405
15776 10732 -275577711
15780 10888 -231910925
15784 8284 -719964306
15788 13884 -698542086
15792 8560 -182789950
15796 14348 472390244
15800 2068 -938225901
15804 6356 -830554187
15808 13008 736853919
15812 10212 -202978306
15816 7968 -546966693
15820 24 305492767
15824 14864 -356086153
15828 12696 -231411443
15832 11236 -718330445
15836 8076 -542998116
15840 7432 -430965729
15844 9604 -750007985
15848 5600 -448288597
15852 3032 -601443081
15856 15012 -945514005
15860 2596 -194004993
15864 10100 410997492
15868 8888 613441794
15872 5072 130847275
15876 2636 -555214320
15880 14764 -781350396
15884 3480 -145157825
15888 1612 -309254281
15892 388 94269080
15896 4312 -75931168
15900 1348 -985375074
15904 15008 -397432227
15908 1580 186113832
15912 13944 447446517
15916 8484 -505015350
15920 15548 996102795
15924 14432 320271799
15928 11700 790052673
15932 6144 -45603686
15936 10820 737042850
15940 14588 -182280664
15944 14868 -881232884
15948 5416 -374566788
15952 12148 314740000
15956 4584 -510242554
15960 4772 987264504
15964 4144 215686655
15968 15504 -610443040
15972 8980 619365747
15976 10012 360927811
15980 6248 -759645810
15984 1556 -508785977
15988 3352 967157074
15992 7120 -531518123
15996 12372 -3160549
16000 6388 -192792404
16004 9816 298095958
16008 4520 553861219
16012 14416 -198985022
16016 9852 -417386306
16020 10856 440718399
16024 9484 -433952367
16028 4464 84372406
16032 5276 890367551
16036 11032 967634642
16040 5788 -3031505
16044 11340 -853123068
16048 4840 549535380
16052 1128 444598231
16056 4036 770854694
16060 15716 133313155
16064 15408 887256463
16068 772 -334810309
16072 12028 476450151
16076 2440 -570008126
16080 8116 -611204024
16084 8548 -3090978
16088 14392 -99754744
16092 2540 449475085
16096 13856 -790464938
16100 13716 389982987
16104 1364 -607047451
16108 5544 926728573
16112 296 631119895
16116 13976 -121852209
16120 2712 -91881809
16124 12640 -168537001
16128 8672 723735874
16132 13360 992554279
16136 14644 738861168
16140 3408 -754665833
16144 10832 -688560601
16148 9104 -888879202
16152 10580 324391531
16156 14304 660988496
16160 14368 -974654042
16164 6796 192574328
16168 12388 686622000
16172 6920 -798598251
16176 10100 728179328
16180 12160 -1455894
16184 3468 874684201
16188 11084 176844833
16192 4380 -210829542
16196 12004 -528728545
16200 7936 237178822
16204 2636 -663485687
16208 9352 -326216903
16212 5676 909467253
16216 9460 -663868674
16220 5472 100041575
16224 9460 -604271241
16228 6596 593559233
16232 12888 750053291
16236 8140 -964787652
16240 1416 232931753
16244 11460 234896073
16248 6092 -834595637
16252 9360 -986279368
16256 15816 -824929307
16260 13944 -809875343
16264 13952 -571026864
16268 3020 -562811391
16272 6696 -317151844
16276 4648 -316407170
16280 3500 958146831
16284 9772 -630917552
16288 9048 -122876730
16292 8716 981570149
16296 8132 -701781487
16300 2792 -17223534
16304 11680 291405884
16308 4808 -197417046
16312 4804 109162656
16316 10260 644158979
16320 12772 -493856625
16324 8356 -902265449
16328 14184 -899893354
16332 10028 -63897523
16336 14524 472521606
16340 12576 423327734
16344 15680 912704452
16348 13240 871371697
16352 1680 -331187590
16356 7808 -367442765
16360 14692 -586282269
16364 14024 -45246472
16368 6356 -458264719
16372 14572 52395037
16376 14624 225901325
16380 15284 119795668
16384 12252 124895695
16388 10140 -147027693
16392 3168 729529338
16396 6620 582198735
16400 8776 799635775
16404 11896 287250372
16408 7428 -208497911
16412 728 95773986
16416 13948 -30758520
16420 8980 -549150319
16424 11544 457472486
16428 6432 971462702
16432 9880 -617611552
16436 2620 38081173
16440 6740 633677318
16444 12204 45456133
16448 10924 -603487343
16452 6860 -698692829
16456 9624 -431858185
16460 5996 -473581880
16464 11108 -945106248
16468 5868 -19835329
16472 9276 979886589
16476 10540 118824885
16480 5412 -538867727
16484 12872 870377964
16488 7360 -896796706
16492 10816 -959344214
16496 11504 411566432
16500 196 -787677918
16504 7140 371696491
16508 7076 941378647
16512 10296 -145385844
16516 3584 -569228651
16520 9936 957672297
16524 4532 -26739578
16528 6660 140240220
16532 15024 -318932229
16536 13284 -255609387
16540 2740 951385884
16544 4820 917800440
16548 15340 965638797
16552 7904 680622628
16556 11696 -294107300
16560 4588 -850440044
16564 2848 3498032
16568 696 731468952
16572 11496 -170125748
16576 12332 -75128893
16580 9640 548447487
16584 16052 55311437
16588 11264 266057618
16592 9824 -944509110
16596 9380 798528298
16600 2284 953552516
16604 2824 -856692746
16608 4096 940009958
16612 14944 -238619287
16616 828 -577249239
16620 10056 115038306
16624 11208 -529682134
16628 11520 -692449761
16632 9712 -112128578
16636 13428 -355592397
16640 14284 -284319271
16644 968 875290856
16648 6756 266129463
16652 10268 -819933738
16656 3044 -68161337
16660 13556 209432342
16664 2304 -381441129
16668 2508 565715575
16672 8936 -718206624
16676 14904 289923269
16680 2712 211991961
16684 12720 -16193070
16688 3384 851273838
16692 14408 611742158
16696 12568 921245690
16700 3280 84982741
16704 16428 -530660291
16708 6528 170451783
16712 16060 531915048
16716 14356 -878725060
16720 516 -947416013
16724 4180 -106156991
16728 10896 -923937009
16732 12276 -986915714
16736 6444 -503205467
16740 3388 109017183
16744 13400 232888663
16748 13828 482077144
16752 14596 -989120764
16756 14932 253788751
16760 14264 297520828
16764 13176 913049000
16768 280 -864062000
16772 10704 645418039
16776 14236 796295232
16780 8124 991822779
16784 10784 81208667
16788 8352 214429981
16792 3524 -539341639
16796 6800 735506898
16800 4832 56418942
16804 14840 -518490919
16808 6960 678755466
16812 392 -904220467
16816 5524 -395792389
16820 14280 60417415
16824 6724 -624154054
16828 7544 670339271
16832 6936 537462146
16836 1216 -10999453
16840 16280 -72356806
16844 1884 208330806
16848 15008 -261656513
16852 4488 -88000882
16856 7516 -616205524
16860 604 -799035355
16864 8296 -197829259
16868 13516 -880155518
16872 11388 -641338816
16876 12220 -234900505
16880 15128 315057575
16884 15360 182141414
16888 15088 13315628
16892 12408 558047170
16896 13468 973490529
16900 1676 -806556015
16904 9044 -848870137
16908 14432 -111302880
16912 14776 274980763
16916 3440 -417784261
16920 6276 -339481939
16924 9480 630513351
16928 3408 304269311
16932 16344 215811952
16936 11520 578558779
16940 12744 975607860
16944 8104 955590022
16948 4672 302386200
16952 5936 226034281
16956 5964 711287819
16960 9824 291587478
16964 4960 751064712
16968 764 -338350114
16972 15076 760936114
16976 7292 889153079
16980 8648 94196803
16984 7852 -330719933
16988 3492 -898947476
16992 4836 -88431482
16996 11008 438779959
17000 5416 552497302
17004 1484 411073942
17008 11744 -108410949
17012 11420 957885594
17016 11032 -602920942
17020 3056 551120166
17024 11228 -526269444
17028 556 -842594322
17032 348 959130987
17036 13656 -868771087
17040 15220 -746613147
17044 12888 373073949
17048 9300 -473201665
17052 14776 -261778883
17056 3468 479798599
17060 11468 -931909418
17064 1716 -86973298
17068 644 -436377883
17072 10212 180113451
17076 100 -893088125
17080 2684 -875447555
17084 16684 -73398170
17088 8136 -602300866
17092 4900 -318211800
17096 4524 599284958
17100 4068 813982000
17104 6168 255761218
17108 3928 -133077208
17112 2596 941122538
17116 7844 -410251224
17120 7672 319433310
17124 8868 -845714924
17128 5512 164797738
17132 13272 755081663
17136 8588 -798317039
17140 16504 109938793
17144 9312 -543736019
17148 8348 -732869452
17152 2412 51946524
17156 16564 -310105821
17160 3292 -216123053
17164 5460 -80003380
17168 1148 -474071116
17172 8180 -231311333
17176 9700 733847517
17180 1188 -67731315
17184 9892 -252042
17188 9120 -285858541
17192 6220 782501869
17196 12380 -642192657
17200 12084 979894260
17204 10272 -969451733
17208 7056 345633268
17212 16064 -850134751
17216 4772 -843529707
17220 2816 -21086021
17224 5408 -966537774
17228 8128 -152044227
17232 9948 172029549
17236 2072 821713157
17240 14732 -194917861
17244 3028 -421123027
17248 10856 -887645779
17252 1712 -575711116
17256 9588 -410221839
17260 1752 -904785352
17264 16748 -693437584
17268 11352 -607281813
17272 2944 736128899
17276 2528 841500283
17280 16816 -883732254
17284 11560 186231971
17288 4272 487467985
17292 8116 -721302261
17296 17188 -873869859
17300 420 -624491030
17304 9780 83320076
17308 16476 573535303
17312 6136 916723393
17316 3388 -710411142
17320 636 574292643
17324 4248 944529438
17328 9928 -996087677
17332 14244 283808968
17336 9864 586784351
17340 10920 750405292
17344 3380 -421076940
17348 7376 359751667
17352 13380 304612113
17356 8304 -759641052
17360 11100 939894386
17364 1412 107356137
17368 10456 -997190187
17372 432 719040176
17376 11296 -657078021
17380 11144 -596719610
17384 8496 -855915122
17388 5916 337050083
17392 1908 158706781
17396 12672 277848537
17400 5552 784953127
17404 8468 -961437280
17408 6780 747408973
17412 13364 -512582228
17416 2168 -952948879
17420 14380 -623236554
17424 10348 -444710665
17428 2828 31976119
17432 16652 685994663
17436 4604 -76714804
17440 8004 -616189254
17444 8628 -724155529
17448 2936 695307655
17452 7732 549071609
17456 1532 -554266953
17460 4780 -531214415
17464 14204 597246749
17468 6432 846135811
17472 2760 665338741
17476 13804 189672810
17480 12016 -559444945
17484 12628 86141032
17488 2620 627619846
17492 4468 462991847
17496 9316 916167371
17500 12576 963836143
17504 5412 -190022275
17508 916 -81063107
17512 6224 -635648698
17516 6460 -267559650
17520 12308 607322754
17524 1960 196900620
17528 11196 565369633
17532 1768 -457013079
17536 532 -737757066
17540 10968 -90791352
17544 5840 699113411
17548 13648 -812697127
17552 13980 -419210559
17556 2576 -247256516
17560 16616 -620442688
17564 1596 -515850642
17568 11224 -41018081
17572 16196 951621008
17576 1140 299484858
17580 11436 -760443447
17584 2224 806976046
17588 4508 -593033890
17592 8108 -233295042
17596 6932 -691403638
17600 4536 139943001
17604 12148 -131615668
17608 13440 -144339942
17612 13052 280708111
17616 16856 -105051957
17620 5932 900264707
17624 11020 985866914
17628 8388 -243713179
17632 16108 474618348
17636 10672 -664426930
17640 780 -356551087
17644 9956 -257338406
17648 13328 893870060
17652 6812 724780389
17656 8884 617411351
17660 14640 545516139
17664 7512 -95752719
17668 16408 180409656
17672 8164 -773643575
17676 6452 -842264542
17680 11484 275798887
17684 13640 -825063574
17688 2108 -734839154
17692 5072 -797570873
17696 4488 -839477705
17700 15856 175789338
17704 7896 119702446
17708 11684 890038346
17712 13188 -94042742
17716 14268 -859528343
17720 2376 -592782864
17724 1896 -948851947
17728 2952 376070806
17732 15944 72609979
17736 6536 -718276513
17740 392 -74612480
17744 10040 59335964
17748 3180 81197383
17752 10476 480471749
17756 6808 648947747
17760 9696 838895801
17764 6644 -200668070
17768 3496 -211110328
17772 16556 894789479
17776 12676 -661021414
17780 8124 -40788199
17784 4292 570242954
17788 6700 435629022
17792 12196 -564479200
17796 11268 -838231217
17800 12132 496891523
17804 13320 -893379259
17808 17420 432263495
17812 13712 455018501
17816 6736 -219261392
17820 1056 -161284316
17824 8412 -499165168
17828 8680 628502954
17832 824 -732478731
17836 9892 9933321
17840 14740 -49068896
17844 13636 193459475
17848 11092 -568834000
17852 1904 899121775
17856 17372 916679923
17860 11080 700419480
17864 5400 -297958533
17868 10068 491391651
17872 14076 -25042473
17876 11028 -468886860
17880 16408 39702284
17884 3592 -235119903
17888 4152 974918148
17892 17600 -450827875
17896 12072 394807624
17900 10944 -642030830
17904 1284 -678570091
17908 10588 513821001
17912 7152 795205824
17916 7244 -585662657
17920 4392 -486443617
17924 17236 435674388
17928 4296 196855069
17932 12868 662250764
17936 880 -277580592
17940 11164 -720617290
17944 10328 -550820727
17948 1228 160313114
17952 17840 842224878
17956 11452 585011576
17960 3944 830728957
17964 14160 -367718664
17968 7980 -935164388
17972 9008 203728549
17976 2300 501604938
17980 13788 773843895
17984 13384 -938605076
17988 15300 821483625
17992 16348 234243043
17996 15756 -683950982
18000 17716 677985146
18004 3104 488730779
18008 1744 -364704231
18012 4336 -922081068
18016 11632 -436838506
18020 5120 56955183
18024 1760 826479972
18028 10644 -781673617
18032 16428 202344511
18036 6772 264071384
18040 13540 974504414
18044 2704 337968349
18048 16008 24633218
18052 5456 -698078163
18056 5276 -935282354
18060 2972 761396972
18064 13812 836956220
18068 1144 -634559437
18072 11952 798090513
18076 9792 -868856826
18080 6772 -760961534
18084 1904 150065315
18088 3152 464496288
18092 300 340376550
18096 12096 67547898
18100 13840 -290498002
18104 6120 -698548641
18108 14952 -814793188
18112 8360 -288286870
18116 17880 -890857284
18120 2424 353589378
18124 10908 -76149805
18128 1168 -569511148
18132 9012 232282001
18136 8676 420930629
18140 12868 20218712
18144 12436 -494539078
18148 17840 -425365505
18152 9320 150911730
18156 17160 -79809387
18160 15648 -277886106
18164 11888 63071447
18168 3224 -468655930
18172 4644 645426330
18176 9420 -481400034
18180 13032 438954393
18184 8140 64414335
18188 1556 566760909
18192 4276 651948838
18196 14040 42965237
18200 11532 780826700
18204 12172 73446605
18208 15784 987373046
18212 984 896076557
18216 7480 196431276
18220 12884 -631576263
18224 11084 122105137
18228 11380 -645097375
18232 6352 711997292
18236 840 266050128
18240 17800 214067983
18244 13320 -341223790
18248 14008 -186726804
18252 28 -458942563
18256 15232 517226196
18260 16124 -613210885
18264 16600 -103941496
18268 3940 60896891
18272 520 -221199557
18276 11976 -96749097
18280 3572 303364911
18284 4896 101800055
18288 2512 -399704870
18292 15936 127769270
18296 13920 176551821
18300 6808 -903427426
18304 16588 62153822
18308 3532 -654689437
18312 16812 259681425
18316 16608 343431314
18320 684 -392902197
18324 6596 626127513
18328 2576 -889070106
18332 5008 -116298358
18336 3692 689375416
18340 808 -620895862
18344 13356 -973913273
18348 5836 -314125793
18352 9828 607493815
18356 14740 737753251
18360 5996 784642544
18364 5900 -42382576
18368 16668 -451197671
18372 12424 576768002
18376 6664 161144534
18380 11312 -687789706
18384 16092 -534648269
18388 4076 971186907
18392 13860 671032318
18396 10468 -102100449
18400 8392 -844578400
18404 3336 909380470
18408 3932 -99913284
18412 15964 -244964733
18416 13004 -492947118
18420 14364 140071315
18424 15612 223585489
18428 15632 -674672953
18432 16104 375638705
18436 3160 -146014040
18440 4580 -987545966
18444 5100 493908786
18448 16736 870457017
18452 16896 580523748
18456 124 -771195768
18460 9828 -575060797
18464 1832 -468133453
18468 12632 258493620
18472 4044 888628504
18476 8308 -315507656
18480 5932 -394946155
18484 684 -339512913
18488 16736 -97473049
18492 8956 267720422
18496 3708 544927620
18500 13476 -554902675
18504 6712 417906571
18508 18252 521384432
18512 4268 125177889
18516 9472 566552152
18520 5112 391694116
18524 7988 325531843
18528 16476 -674219419
18532 17364 -81494352
18536 3612 182914732
18540 6956 663676977
18544 768 -31276559
18548 5492 646654919
18552 6748 -353382715
18556 14588 -331700721
18560 2740 962419356
18564 15832 -620090525
18568 14420 -160636828
18572 3200 -915205857
18576 12776 306994780
18580 4140 531974700
18584 10776 -978025686
18588 5356 -428708975
18592 14096 534577591
18596 14076 513934479
18600 12528 999517389
18604 15472 -175349549
18608 1484 223267182
18612 14912 700511361
18616 11160 -23686650
18620 17440 166256435
18624 364 -652604928
18628 17580 -974147689
18632 11328 224620445
18636 15144 -235869352
18640 1212 -801435720
18644 11924 696288620
18648 9796 161706862
18652 3300 -166336878
18656 7992 245293899
18660 12484 -179168114
18664 10996 67071458
18668 10924 982481385
18672 3724 637165958
18676 13320 -21411696
18680 6692 -424305131
18684 17500 -676961179
18688 5040 485977144
18692 11296 660036798
18696 9848 -802741134
18700 13876 686276907
18704 3284 51043760
18708 15976 -843932861
18712 10628 -308901697
18716 10180 741791594
18720 18528 517058103
18724 9384 962152489
18728 2844 -317966018
18732 16424 54504659
18736 12448 595333227
18740 11200 272580778
18744 2392 597859409
18748 1720 725038281
18752 7120 351276206
18756 8300 -408369205
18760 11248 226240624
18764 18060 -355797554
18768 3412 423170700
18772 16036 -219316418
18776 9428 933560660
18780 7064 -710520409
18784 8444 -586088148
18788 9096 -740648306
18792 18532 69456524
18796 11480 455579801
18800 15184 612966152
18804 11816 472621697
18808 16876 257012250
18812 6100 935967840
18816 9600 662671863
18820 8740 790798359
18824 12600 -668503854
18828 3584 795261432
18832 14596 -600737178
18836 6944 -565857369
18840 13724 448547925
18844 12076 236190712
18848 4712 -543188937
18852 10260 -68244908
18856 16032 738194271
18860 9188 -350523757
18864 16976 531717164
18868 17832 -842100061
18872 16200 -471797578
18876 9256 -916822902
18880 13876 347198617
18884 4528 -893864752
18888 11500 85712837
18892 13656 -984484983
18896 4400 -848508321
18900 9532 226141694
18904 11252 -274805149
18908 664 -400301966
18912 9456 146461425
18916 11224 -955082690
18920 9704 -76538205
18924 12652 466874499
18928 3992 982020967
18932 1884 864042957
18936 4900 -342765153
18940 14292 11013927
18944 17920 -531741565
18948 11992 -808756824
18952 7904 -388198629
18956 1048 23199305
18960 12588 -168657318
18964 4132 184417491
18968 7696 -834877346
18972 3988 -359708021
18976 11640 -97056473
18980 8220 226797896
18984 7688 -37603164
18988 12732 766120111
18992 5348 -259322332
18996 2336 598286116
19000 17904 498152705
19004 2384 300366501
19008 15728 445030739
19012 5288 699846048
19016 14956 576952538
19020 13764 784775982
19024 9144 -503298244
19028 12068 -382854588
19032 15648 -364062108
19036 6568 774986104
19040 14708 -220619060
19044 80 65757301
19048 1864 -736745786
19052 15296 -873932898
19056 16340 687542573
19060 12256 517981007
19064 11036 275534940
19068 16784 -516959197
19072 2896 974880123
19076 8912 -622986054
19080 14204 711210975
19084 8188 -724199186
19088 5508 826009963
19092 460 928453602
19096 5456 -769622515
19100 4780 -392908174
19104 6176 730245934
19108 10132 -933710591
19112 8536 -718138661
19116 9796 -102313003
19120 17692 -11947744
19124 14884 305108662
19128 12696 -679672691
19132 18432 -958276867
19136 11548 -910193375
19140 1932 454594079
19144 16844 469617844
19148 11232 -467886344
19152 1384 -462731188
19156 9244 -520019807
19160 2852 -972082652
19164 5388 -175404362
19168 15936 55017854
19172 16924 -584859367
19176 728 8877091
19180 7864 -503667961
19184 11364 -580953298
19188 6376 -817270726
19192 18128 82151425
19196 16392 921302881
19200 1992 330200719
19204 332 -705737465
19208 16116 -304667644
19212 7348 459759440
19216 13104 -521339482
19220 9076 -460753684
19224 18796 -571446348
19228 10788 134435003
19232 2844 -727803083
19236 14732 -113881391
19240 13236 377043612
19244 16128 457139194
19248 14180 269724482
19252 2896 833090157
19256 9292 -923918132
19260 17284 137505385
19264 18648 421230674
19268 18020 981032065
19272 12296 -460868949
19276 12612 56972552
19280 4256 523782133
19284 1508 -971942444
19288 1368 382482741
19292 11880 -428918903
19296 556 630824781
19300 7588 978288566
19304 14004 -466399719
19308 10092 -847882598
19312 7772 842591677
19316 6556 460712646
19320 4436 -237333162
19324 8716 487806888
19328 4208 -853623919
19332 18788 -337429322
19336 15340 -340264452
19340 18412 408695780
19344 7468 -999374515
19348 10680 870425676
19352 7064 -89223128
19356 13452 -602965954
19360 16000 232093602
19364 9664 -823133733
19368 10860 -21148015
19372 11680 -74698557
19376 9124 -925384443
19380 532 977439288
19384 17716 719272637
19388 1052 -869519326
19392 3524 667492200
19396 10956 308052590
19400 12580 892691590
19404 9696 -456281416
19408 17960 -875181984
19412 9968 -186321036
19416 4660 -799588071
19420 7544 -136355739
19424 3956 -994725250
19428 16504 -862790012
19432 10740 492204210
19436 13204 56843065
19440 14892 378132114
19444 6244 -395123165
19448 16848 -479529523
19452 92 665948272
19456 6348 -174026737
19460 15676 -313277041
19464 19076 -111576069
19468 9624 675067859
19472 3156 -555667017
19476 3420 -673138563
19480 13340 -223701896
19484 6436 -908769357
19488 2508 484973755
19492 15856 -740575693
19496 7356 -268076440
19500 888 -924214536
19504 14636 -727804265
19508 4508 755163741
19512 464 637965372
19516 17072 365409174
19520 18060 -595227337
19524 5228 242538493
19528 9784 514024303
19532 13656 -545901747
19536 11908 -975499242
19540 104 470371886
19544 11132 -219307784
19548 14564 -402996517
19552 14516 735444479
19556 15180 120116612
19560 19200 264603727
19564 6308 -886187490
19568 4756 -221895379
19572 4780 -296712205
19576 1708 754571797
19580 2492 -479064990
19584 3868 209892829
19588 8248 -977513807
19592 7684 945418580
19596 13756 944194531
19600 15432 53473052
19604 3600 31342909
19608 7444 921790687
19612 15264 412177534
19616 1332 -145391876
19620 17252 -758009626
19624 6512 -89177798
19628 5904 -237179321
19632 4144 -463010835
19636 18404 -304942884
19640 2448 -161404651
19644 1920 779237476
19648 13588 -870713971
19652 9652 108150736
19656 1600 430949146
19660 13432 -426626550
19664 13752 571880108
19668 18724 673037956
19672 16652 481099964
19676 15104 352878195
19680 18284 929320334
19684 9436 -901509071
19688 5160 775178466
19692 6812 -410540895
19696 17552 -914845733
19700 16960 503522762
19704 11716 -909991656
19708 272 276729196
19712 1220 -271940473
19716 7552 535988276
19720 19464 759327158
19724 5992 31516994
19728 2192 840623837
19732 11412 -743065551
19736 11584 284108154
19740 18696 -570763963
19744 84 -699155308
19748 10804 959886221
19752 19324 321429121
19756 4164 -382800972
19760 18772 -313722166
19764 12396 -810306393
19768 13588 -315081931
19772 14852 107713370
19776 14500 395954687
19780 19332 -743185152
19784 14164 996730145
19788 4576 280807333
19792 1092 765829916
19796 7392 -325543320
19800 5496 733572759
19804 712 -282501682
19808 13356 819205717
19812 18472 -389526867
19816 16280 -110043129
19820 3344 -51229164
19824 11008 -806830967
19828 19444 903741235
19832 14868 40311036
19836 8704 -581288528
19840 19028 -401677687
19844 2952 268724393
19848 11400 266444318
19852 13540 60786641
19856 17204 93792403
19860 13224 729949249
19864 18744 -964906287
19868 352 -816388559
19872 16096 -171543313
19876 1372 371633195
19880 16452 -31758633
19884 3048 -747283129
19888 10776 -471166569
19892 4768 922843626
19896 3924 853195107
19900 17548 -995138838
19904 11240 977758047
19908 17184 619287135
19912 15784 -738198419
19916 5644 368640900
19920 2084 -710363018
19924 5968 183924676
19928 10712 -256185356
19932 7168 915892014
19936 9244 337236303
19940 19792 336584081
19944 2508 -191961934
19948 1024 -45168162
19952 2480 -272046796
19956 12368 340674765
19960 13232 231315340
19964 10852 -964859214
19968 19740 684628833
19972 17268 683174682
19976 10524 416517498
19980 3624 -805001747
19984 5088 6699581
19988 11408 747686778
19992 2852 -292266554
19996 780 871778868
20000 5708 331667390
5 1 -797027833
9 1 516688806
13 5 622470022
17 1 -199466741
21 1 -238951179
25 13 -653182934
29 9 13487756
33 25 -148840920
37 29 522627667
41 37 -366753252
45 9 984790363
49 21 -228027125
53 13 519737176
57 29 578906669
61 41 955595312
65 45 -310003677
69 9 949890378
73 53 940957358
77 33 229825338
81 1 -680334870
85 41 -203206142
89 81 -77521315
93 29 689354347
97 81 -125086639
101 69 824948974
105 53 865188545
109 33 518005164
113 5 105902819
117 17 657144219
121 57 933975360
125 121 406914275
129 105 510536617
133 41 -791034937
137 21 -491590958
141 109 -193478947
145 1 447406627
149 69 494229832
153 45 -698852746
157 101 628593721
161 9 558467628
165 53 -100282526
169 65 953363882
173 21 -131269795
177 101 352695118
181 25 24774591
185 161 979829948
189 173 827176045
193 41 -947672839
197 153 -187465663
201 37 -28455820
205 165 130786072
209 25 -966797819
213 173 -127091112
217 65 -723595110
221 69 476744304
225 37 -471327167
229 225 -91945164
233 201 -23472059
237 81 -495472629
241 209 586088162
245 81 339308779
249 29 136319012
253 189 -644501417
257 17 -105460137
261 9 -219088129
265 17 974846418
269 109 -252916186
273 153 899359861
277 113 -235005942
281 105 -415085765
285 89 64756370
289 217 171077489
293 273 455634005
297 157 403476611
301 221 -705958975
305 5 -878433380
309 301 -463405329
313 137 179838165
317 89 861661999
321 317 34544063
325 45 -143526254
329 149 926163376
333 193 -508129299
337 37 522579081
341 173 287245327
345 169 1730044
349 221 888916428
353 301 611967723
357 237 148004427
361 113 9199119
365 189 570884653
369 217 -524337502
373 285 746552739
377 97 893361532
381 145 793966786
385 17 -686351550
389 225 -651824817
393 37 -51537564
397 329 -598449342
401 93 369205572
405 297 884866728
409 133 -826096595
413 85 829430966
417 33 -585033523
421 41 -215707880
425 129 59546734
429 245 841240448
433 381 12651803
437 253 -112669428
441 417 -806315046
445 393 -556141705
449 225 837120756
453 81 424174497
457 41 -252920529
461 297 155242143
465 405 803081527
469 301 577917868
473 425 -552777011
477 301 -326699083
481 269 69840082
485 373 945219271
489 101 -412105640
493 93 -714031148
497 393 -135277016
501 73 -167108331
505 417 -902444692
509 237 -699676293
513 489 640132258
517 5 -638050905
521 49 -516039579
525 221 375888013
529 273 422218343
533 221 549558091
537 205 339117511
541 77 97974609
545 357 -805455019
549 253 926261524
553 321 912226923
557 425 -745374804
561 177 -167875568
565 101 -299785827
569 325 23452150
573 69 -77432131
577 513 746832812
581 405 363921424
585 573 -487536549
589 109 695377709
593 453 -854484916
597 85 433851074
601 21 -145635653
605 297 -175128165
609 37 571365196
613 113 -223285985
617 149 579560353
621 589 -865415828
625 361 -314938917
629 101 -476215147
633 525 384595794
637 345 841461968
641 541 -63703448
645 349 -940934026
649 69 -56083647
653 221 -944505191
657 13 942535976
661 321 -459437954
665 77 13887306
669 361 686392951
673 289 -957261567
677 265 94900502
681 313 -110689973
685 1 -546153766
689 57 890084540
693 321 -561897013
697 173 -746935002
701 237 -317515639
705 553 -632009500
709 257 79899064
713 509 -571612589
717 437 745924249
721 369 -164625076
725 45 952106038
729 145 291194793
733 437 635372749
737 177 673295911
741 85 -614522644
745 385 571529340
749 45 166124695
753 189 740549431
757 517 -42550875
761 277 -215182482
765 165 804397699
769 293 -888407276
773 133 -908375283
777 293 -582593356
781 121 939039442
785 193 -665345234
789 681 862040426
793 765 -583502625
797 505 796023374
801 705 -714432317
805 293 779467110
809 249 -839437002
813 61 109505128
817 269 -396668645
821 521 226255342
825 769 375951192
829 745 -35967122
833 229 723558798
837 533 -278697257
841 225 326647605
845 149 -678254085
849 17 622985408
853 49 355259565
857 381 -198573644
861 217 694937725
865 401 -722748875
869 769 -928847505
873 189 105338260
877 813 484497881
881 93 980075171
885 53 524207421
889 285 208272894
893 537 824232161
897 101 -462864628
901 393 -883535467
905 753 29419343
909 529 -479321264
913 749 435710358
917 45 191485457
921 793 583882608
925 893 -888960682
929 293 -315922773
933 501 -214733857
937 337 131807417
941 681 727322182
945 733 -699412406
949 217 -105123640
953 145 655975083
957 689 26302919
961 429 -841593702
965 557 -702338663
969 349 281108512
973 637 -256865173
977 733 -159062000
981 13 -184440462
985 913 671718366
989 77 215769069
993 93 104809573
997 537 -598482512
1001 913 -90607298
1005 993 721921641
1009 169 -685721157
1013 861 -501837777
1017 813 -886425677
1021 209 -169823380
1025 497 -194739135
1029 117 470975449
1033 605 924317700
1037 357 -654194934
1041 709 783526860
1045 933 -809579369
1049 269 -69330704
1053 545 -265389813
1057 873 154957536
1061 101 -855363855
1065 277 826684546
1069 533 -876963508
1073 661 -977570680
1077 73 23701895
1081 749 560311914
1085 777 -557297065
1089 489 314240560
1093 917 -48531079
1097 389 583831987
1101 333 432936651
1105 953 107366846
1109 901 -285552673
1113 1005 -605174600
1117 569 94059737
1121 897 -387386671
1125 209 309441241
1129 341 309633150
1133 1021 -138492111
1137 981 -942159608
1141 97 974652379
1145 601 -121067679
1149 613 -392780707
1153 629 -60400651
1157 485 -974953332
1161 181 -185208392
1165 253 -868031111
1169 637 -303088764
1173 185 -602077
1177 973 726666707
1181 229 -82920394
1185 1125 222917538
1189 381 -997933709
1193 37 74782485
1197 45 -471304930
1201 769 -334574386
1205 1093 480623166
1209 1205 -316091131
1213 73 -353660641
1217 1041 472837488
1221 925 -533139291
1225 53 788637068
1229 685 410009390
1233 1117 134924188
1237 941 -196142766
1241 1053 -536700738
1245 493 -417421108
1249 125 -369938227
1253 141 759758474
1257 921 879456041
1261 877 651474609
1265 349 -855970976
1269 1129 983809070
1273 405 95992608
1277 385 -336644641
1281 597 856639828
1285 909 401982694
1289 893 861070660
1293 421 -530290843
1297 305 86843845
1301 849 -866982404
1305 997 -993958714
1309 337 -51252320
1313 153 904921078
1317 221 624884963
1321 1049 -561841147
1325 1281 -149322185
1329 1221 -98499604
1333 125 -992607514
1337 1077 431713707
1341 185 144189454
1345 61 699267963
1349 913 591471988
1353 725 -84790491
1357 941 90902142
1361 321 610467170
1365 649 160150695
1369 469 -867499898
1373 1265 400982658
1377 381 656483390
1381 517 708330048
1385 1057 927762128
1389 513 -49896865
1393 73 -599635334
1397 341 -551491982
1401 289 -695982159
1405 433 -910154062
1409 841 631502003
1413 265 -86951035
1417 1209 245082179
1421 137 -428289540
1425 97 478314471
1429 873 -172896039
1433 1145 -800544593
1437 1117 -228768949
1441 65 979751022
1445 793 885527427
1449 349 420686601
1453 1317 -486905072
1457 621 -861159089
1461 973 -236333031
1465 981 9479521
1469 1385 199567316
1473 933 921336024
1477 1429 479400016
1481 217 994854617
1485 1469 -979505785
1489 217 318242123
1493 1197 -960557399
1497 177 -682685633
1501 133 736808314
1505 725 618662303
1509 1317 -720299624
1513 1241 189166482
1517 1105 711653629
1521 181 -509514709
1525 1313 260338574
1529 689 950189566
1533 585 -156641216
1537 1281 491582626
1541 553 -219351872
1545 1121 216307765
1549 1141 105327250
1553 265 192149879
1557 805 -922460736
1561 1329 -685184458
1565 21 -973914022
1569 1505 132764108
1573 49 116960183
1577 985 -977749622
1581 429 -121700898
1585 737 -92519154
1589 537 679411702
1593 1293 -82021405
1597 1313 941267430
1601 1125 -114275763
1605 1477 557431944
1609 893 457427811
1613 1293 -305011605
1617 1189 808245233
1621 313 -861806488
1625 449 837088977
1629 1181 418911237
1633 525 -37990708
1637 293 146806418
1641 1421 519879001
1645 329 -988018382
1649 1489 -215547135
1653 1033 686748688
1657 1197 91144080
1661 569 -167842482
1665 937 654764605
1669 957 -615256972
1673 1633 708220864
1677 757 -764358194
1681 901 321577459
1685 1245 -244577264
1689 1021 -485134116
1693 1605 -146726946
1697 1317 -8617517
1701 461 -634267136
1705 1353 810173331
1709 589 510555761
1713 669 738965810
1717 1541 -171033400
1721 597 474038661
1725 961 357847127
1729 113 -705149563
1733 897 -819241427
1737 857 -747441236
1741 201 641395444
1745 453 -196860779
1749 569 -360304375
1753 1733 518622860
1757 1273 428748331
1761 1369 -889107061
1765 1121 -475628340
1769 573 -925692437
1773 941 -570833949
1777 821 583834894
1781 1313 448992153
1785 921 -508073405
1789 1673 -889745506
1793 1305 -356481361
1797 1369 435672844
1801 225 776970589
1805 25 907886707
1809 89 309505659
1813 925 55917785
1817 437 -626231934
1821 605 397761055
1825 1557 270077517
1829 1065 880195793
1833 917 -673460071
1837 1701 -9276541
1841 345 -632317432
1845 137 517539411
1849 673 -814582469
1853 213 544659889
1857 1829 964625641
1861 1593 737315328
1865 745 -49190701
1869 249 640803169
1873 141 407362333
1877 1329 -392136694
1881 1585 15351887
1885 1489 -403782652
1889 581 -142485001
1893 1733 678621921
1897 1333 637825565
1901 1277 -349171838
1905 21 -106869837
1909 357 -122595659
1913 649 253600598
1917 1757 -936756485
1921 729 -762548740
1925 969 -736955686
1929 1441 770455537
1933 1429 -860004559
1937 1473 -349559358
1941 817 -339814012
1945 1429 476519360
1949 817 225182065
1953 169 -215723634
1957 393 -112118769
1961 985 608643115
1965 1621 -329426219
1969 285 -264874763
1973 1309 865806431
1977 1321 196705044
1981 1741 167471292
1985 561 -607136658
1989 1765 -333987872
1993 529 395152295
1997 525 -834392558
2001 1297 992989093
2005 1981 -565440173
2009 757 -47904983
2013 177 604944605
2017 1181 -813970331
2021 1153 469315500
2025 1937 -636447237
2029 1993 -573033628
2033 1073 -54027075
2037 1809 -922770517
2041 549 993816218
2045 725 131031472
2049 1061 221031831
2053 817 -84291820
2057 1209 436938356
2061 693 392499906
2065 433 -155168088
2069 1401 562092385
2073 1741 607394930
2077 705 675973855
2081 1909 -715637803
2085 1361 392757321
2089 1057 712273756
2093 1213 -566530102
2097 1585 921239067
2101 1873 -555187812
2105 1385 -770112329
2109 1165 -634056906
2113 785 -279839623
2117 901 802116453
2121 2029 -15776505
2125 1525 -622799775
2129 701 914736293
2133 1665 369531605
2137 1373 -74672584
2141 1125 674207489
2145 1649 -891873939
2149 1053 -26689107
2153 2033 -871104584
2157 289 -165899146
2161 213 390189982
2165 1533 347003617
2169 2093 -901029409
2173 1097 -110577090
2177 333 -433957072
2181 861 224248475
2185 149 500196177
2189 1893 -684853560
2193 609 -696476297
2197 881 -248557101
2201 173 -531333614
2205 997 -647871796
2209 817 -320777545
2213 485 -830528154
2217 517 -57488551
2221 1453 -510992555
2225 1481 -76047746
2229 557 782723617
2233 725 768250063
2237 1633 239050613
2241 201 -875831729
2245 1621 850811454
2249 1889 -996373384
2253 849 933278230
2257 2109 510085264
2261 1893 -553548358
2265 1321 -584504407
2269 2093 532425741
2273 81 633763107
2277 1945 338634604
2281 1609 977941837
2285 293 945503205
2289 169 596312244
2293 1597 -8427428
2297 565 -408279641
2301 1453 -327105939
2305 1881 -167301551
2309 513 851179990
2313 1129 646021304
2317 1357 277622292
2321 1533 907577448
2325 697 676158552
2329 197 -881151471
2333 833 -255406266
2337 1149 36788321
2341 305 313209801
2345 2181 -856414358
2349 1073 -438329576
2353 465 819251003
2357 1197 846103090
2361 2061 907207422
2365 1569 6028083
2369 537 -40162562
2373 1833 -199098982
2377 1937 502092500
2381 637 426330433
2385 561 -662816645
2389 2161 -80298920
2393 393 699519215
2397 1105 921131554
2401 1953 -307933753
2405 641 568819905
2409 2089 763399890
2413 953 -488921114
2417 1301 -761300789
2421 545 634095441
2425 1045 232113564
2429 957 366066321
2433 1749 866884035
2437 785 -177409676
2441 837 866339428
2445 2421 -390153994
2449 905 -620031717
2453 461 -199837101
2457 625 549125801
2461 1049 255612892
2465 1437 -924634978
2469 445 -489066347
2473 2373 -399635078
2477 2029 -543202246
2481 1029 -417169278
2485 2421 41394560
2489 1521 -621445889
2493 969 -646332201
2497 837 163464973
2501 645 -615031947
2505 285 -453927880
2509 541 -697351920
2513 1381 361218990
2517 589 984799227
2521 2217 -24576536
2525 2357 27388689
2529 1077 -441381651
2533 1277 42223080
2537 2305 -959747226
2541 1169 -247561360
2545 2377 -952979342
2549 2305 881262544
2553 1989 727134805
2557 877 508624774
2561 1121 816394027
2565 949 351009110
2569 329 253395477
2573 1277 -393888902
2577 2441 -884321568
2581 2241 34238729
2585 1577 255256167
2589 2053 616079290
2593 1401 -118877158
2597 73 -975248458
2601 2329 -184647597
2605 2545 -674046907
2609 9 860772410
2613 1037 -158371760
2617 709 661365273
2621 2461 600847497
2625 1301 -47815769
2629 2261 954724205
2633 2537 -243087032
2637 201 -141411182
2641 2113 136224931
2645 953 537023434
2649 1213 -180953328
2653 977 578262806
2657 2305 342849953
2661 1853 -710850978
2665 1925 -532208005
2669 657 226939367
2673 405 57413193
2677 1809 457349516
2681 1577 398478801
2685 1393 -244118480
2689 329 534779237
2693 2489 -344701425
2697 325 -689574613
2701 2537 26226829
2705 1249 -70283498
2709 1345 -204980823
2713 2645 -392227400
2717 541 633196632
2721 2637 919973385
2725 925 -878930388
2729 1033 -121203808
2733 261 115540343
2737 2229 691226841
2741 1329 634731527
2745 2265 168074678
2749 93 -327035346
2753 1049 852068227
2757 1981 585501338
2761 2217 -785119499
2765 1889 598584200
2769 1169 120868829
2773 825 364733077
2777 105 -660376131
2781 313 536893243
2785 2385 -461613162
2789 1965 -391797261
2793 2285 959824438
2797 1425 515146269
2801 2141 -440028812
2805 1997 219328426
2809 433 -98225310
2813 917 -951064913
2817 1993 607917452
2821 1129 -887199591
2825 693 226150102
2829 1597 -607781770
2833 261 -672826618
2837 773 -110522553
2841 353 -202359801
2845 817 -263085786
2849 1441 811596916
2853 909 975468355
2857 1577 720709985
2861 685 767281907
2865 1973 200746285
2869 2153 832881428
2873 765 -924344702
2877 461 34855696
2881 305 201653858
2885 2349 56202070
2889 1265 -51995363
2893 1993 -338347051
2897 1305 -371979066
2901 2873 -382957764
2905 189 651032460
2909 601 867805477
2913 65 802618590
2917 1701 -13437405
2921 2665 -195402574
2925 2553 -436163189
2929 2637 -629688345
2933 1897 -88392536
2937 1061 840216336
2941 961 -173802137
2945 149 62022560
2949 1885 818199595
2953 677 182713670
2957 1961 -240629413
2961 1801 -947609436
2965 365 174895055
2969 1409 -824900279
2973 1405 161889138
2977 2245 -947921187
2981 525 -603869653
2985 2233 -997323282
2989 2289 -398632727
2993 1089 -460848898
2997 2749 -572142296
3001 377 853172037
3005 1781 -93683813
3009 2065 -534456240
3013 2957 -438621548
3017 1145 594135424
3021 125 446936036
3025 2353 495278519
3029 1149 675641643
3033 1789 -880013695
3037 2937 -157380689
3041 2325 -602979442
3045 593 -831372485
3049 405 123497449
3053 2601 -501267565
3057 1405 -983612412
3061 601 -941535904
3065 1665 106424488
3069 669 -702112453
3073 181 -965541495
3077 3073 649777678
3081 2593 154706007
3085 929 -594341540
3089 1309 -944513770
3093 1053 982695625
3097 901 308782672
3101 3025 -839138769
3105 333 647813610
3109 533 280097993
3113 385 -612006712
3117 913 201355940
3121 181 -496026181
3125 1245 -636354490
3129 1849 -926252806
3133 17 959380018
3137 1477 -491524906
3141 2509 -768043658
3145 2865 979664525
3149 1081 27557097
3153 1493 257655258
3157 3133 -354485817
3161 1113 122772331
3165 121 218977746
3169 241 694742587
3173 1653 -265696215
3177 2889 378161944
3181 3081 123065652
3185 2957 784362536
3189 993 867280682
3193 2005 -439262066
3197 1869 -538972844
3201 1797 458063024
3205 861 165004626
3209 1909 841248366
3213 1633 413427116
3217 1821 126625310
3221 2969 595565800
3225 1961 821940577
3229 1021 -305930666
3233 1369 -424430452
3237 1725 882638149
3241 1125 634671540
3245 2525 -826886168
3249 1849 -2609284
3253 861 439309283
3257 2073 -108198709
3261 2817 933352591
3265 953 775427867
3269 1729 -946363164
3273 245 873035639
3277 2845 -900644672
3281 285 6036450
3285 1137 -334711852
3289 2545 151782450
3293 1017 -620866671
3297 1125 410226080
3301 1489 909622500
3305 1865 -5442861
3309 317 -786291244
3313 649 674473389
3317 1877 -546739855
3321 933 942011578
3325 645 469496483
3329 241 901877063
3333 1821 186136157
3337 1273 914870586
3341 1657 86962473
3345 289 701094278
3349 373 -959819993
3353 441 909192855
3357 3329 302855285
3361 2545 -278509421
3365 1277 -360010933
3369 1569 -888710091
3373 1009 649501932
3377 1525 896508290
3381 1257 -143077822
3385 217 631824263
3389 2161 968485235
3393 2789 -853130023
3397 2209 923014464
3401 3221 -894662867
3405 2453 -45405297
3409 2905 523126545
3413 981 795266966
3417 1261 -274154637
3421 1569 -203825091
3425 2813 446501461
3429 1725 303359461
3433 765 480580892
3437 1949 -446426095
3441 193 892131672
3445 1305 -816237827
3449 2905 680343168
3453 1693 56532116
3457 441 640161364
3461 3177 -819953159
3465 2305 476424852
3469 2533 211211901
3473 1413 733768959
3477 2917 -584747932
3481 1821 843761064
3485 1729 -624946829
3489 1697 354742079
3493 413 -487856463
3497 2573 30990678
3501 737 -978869245
3505 2025 223650506
3509 1413 888773672
3513 1605 295372931
3517 3129 488581182
3521 1553 328055473
3525 1833 811911257
3529 3221 883717057
3533 2549 -385144593
3537 341 999459435
3541 3089 914173684
3545 1261 776163143
3549 409 981450322
3553 189 -283296903
3557 437 -715901490
3561 1045 -124266273
3565 3337 493690173
3569 317 -662991294
3573 85 -574471845
3577 3153 -905346602
3581 749 -744825238
3585 129 -645259636
3589 509 -548165315
3593 97 -837676777
3597 2065 -238353570
3601 3521 -340636818
3605 3241 -120106522
3609 169 -191269372
3613 3405 -372594858
3617 1393 695532096
3621 2245 -937425301
3625 2337 335884127
3629 1613 -45268274
3633 1581 -420171091
3637 2141 884409597
3641 1229 -804742120
3645 1133 641802159
3649 3141 867790224
3653 2701 471720557
3657 1773 977621284
3661 481 204001305
3665 1093 -335979665
3669 837 -115846158
3673 2025 -310685788
3677 3197 576360522
3681 2157 -109904966
3685 677 -671882442
3689 793 -419516361
3693 197 135629479
3697 2049 -601909121
3701 2741 -984734377
3705 3225 -685161
3709 1541 -743722218
3713 1181 -400420358
3717 281 716909047
3721 637 -475215519
3725 2461 122416620
3729 2137 -349309561
3733 1013 415164879
3737 421 -776975419
3741 3061 6667163
3745 985 756988692
3749 3689 466783859
3753 981 -422508046
3757 3749 103441220
3761 417 -66875356
3765 3269 228566348
3769 1265 -666403710
3773 1849 -63371451
3777 2641 -29429651
3781 3017 -222929432
3785 3065 389625454
3789 1089 -239089630
3793 1941 496034457
3797 1165 250857257
3801 3325 -817434151
3805 2969 -254402623
3809 3425 657169609
3813 597 -713642297
3817 2089 -395934539
3821 597 382059362
3825 3033 893777631
3829 1389 -420362265
3833 157 771176412
3837 885 -202727920
3841 573 30129197
3845 149 -128492703
3849 29 990331459
3853 613 -951033147
3857 441 967160225
3861 3389 -857642738
3865 1641 249722090
3869 1497 -103590705
3873 2005 334697093
3877 2317 682361012
3881 785 -831377664
3885 3077 -820280453
3889 421 -575852808
3893 209 -326162984
3897 3125 164343659
3901 3465 -893460274
3905 2497 38853494
3909 349 -884724540
3913 2617 -680951934
3917 1129 -642965426
3921 1881 -207785832
3925 2257 -638717352
3929 1989 -872513261
3933 3585 80162123
3937 1921 -314615658
3941 2233 344213846
3945 1369 285113855
3949 3717 -665673302
3953 2469 351742514
3957 2465 -548889492
3961 3401 914579625
3965 209 -466738364
3969 3937 62482664
3973 1993 -586037217
3977 1561 -918003215
3981 3713 -203598344
3985 985 -828057626
3989 3477 -959447906
3993 1877 -600939881
3997 1061 204104194
4001 889 976265139
4005 733 -530973774
4009 1209 810326628
4013 1317 8967265
4017 3313 585714636
4021 3593 -438156744
4025 3337 -133558708
4029 3613 -891738121
4033 3805 806447089
4037 1885 563121878
4041 301 16025316
4045 1957 -244426362
4049 2633 -171853020
4053 985 -388123147
4057 3193 -863551213
4061 1149 662561646
4065 913 -740648160
4069 2137 141544336
4073 2533 -902946113
4077 2133 -365593102
4081 2969 750339586
4085 3009 637407211
4089 1281 -24286613
4093 2305 188400285
4097 3569 -969902298
4101 1633 701253944
4105 1617 450693446
4109 3813 -551055497
4113 657 -381431683
4117 3009 -876861802
4121 3977 -670027833
4125 3433 -462638877
4129 2241 437718473
4133 1225 812539454
4137 2737 169743900
4141 3165 -835167437
4145 845 906780928
4149 1677 -105502904
4153 4121 243396894
4157 3093 -241662089
4161 1061 -32433571
4165 1933 -872269985
4169 313 -127515089
4173 2165 403774274
4177 889 -74529206
4181 3425 -703427213
4185 341 -131770494
4189 2101 115456359
4193 273 79472618
4197 2841 -337257509
4201 3669 303822231
4205 3085 -411443863
4209 3877 -466392538
4213 1417 -209483512
4217 3537 990979886
4221 3389 -163602385
4225 885 -484972472
4229 1561 -394246107
4233 2953 359206984
4237 945 -678490447
4241 1361 81377327
4245 3569 362821571
4249 2497 800870773
4253 973 -860530099
4257 1369 -935117574
4261 1277 679161161
4265 3845 -82686549
4269 1081 356613736
4273 3325 -610916178
4277 2501 950968355
4281 4033 83859421
4285 1377 125760107
4289 225 -813668654
4293 1557 -792464657
4297 1573 549546514
4301 125 368221889
4305 3657 354487
4309 3965 -13011865
4313 2141 -797519594
4317 4097 -980822461
4321 2097 933507698
4325 3633 -869618185
4329 2249 82553939
4333 3217 853367616
4337 1297 -491013008
4341 2645 650776938
4345 2701 442060386
4349 1041 549323793
4353 1277 -675928108
4357 425 8033775
4361 3345 -955756932
4365 4021 -200709396
4369 3869 -616702691
4373 557 -605053697
4377 1593 988785566
4381 3117 835577109
4385 1545 -77048519
4389 417 831177551
4393 201 -68186929
4397 1765 754655769
4401 3037 -49517994
4405 273 -846114834
4409 1793 -918027181
4413 4377 161334706
4417 3853 -313752980
4421 2145 -485946187
4425 1141 195729332
4429 4065 840699887
4433 2861 932229274
4437 797 308580912
4441 4333 917039836
4445 869 -744600351
4449 957 133060465
4453 1337 580648285
4457 3181 554317086
4461 541 325941817
4465 3373 -771434248
4469 657 618324140
4473 1269 93123898
4477 2213 949177132
4481 1985 -374369361
4485 2965 405698666
4489 2289 -792162701
4493 3425 -964724428
4497 3173 850933973
4501 1221 468033347
4505 2877 -200575533
4509 1281 772380756
4513 1205 -310144899
4517 173 949768716
4521 2981 -564499952
4525 2197 -686974108
4529 3885 -779728118
4533 3033 210113764
4537 4081 -239721114
4541 989 316564542
4545 3941 705192448
4549 3265 -211705661
4553 3673 556041925
4557 2617 320698301
4561 2521 751467981
4565 3105 -396956472
4569 3373 435174720
4573 1501 -938264857
4577 561 -328822855
4581 625 -806371858
4585 4257 -753494590
4589 205 383267090
4593 2617 -239370498
4597 4509 408832206
4601 2741 -817625003
4605 1517 -100926996
4609 937 920528505
4613 3433 342291726
4617 4009 110833895
4621 1317 562538445
4625 1105 -12581467
4629 729 -861298285
4633 2053 567605638
4637 361 -469150720
4641 2737 -364314968
4645 277 991612462
4649 4053 93752399
4653 1213 -10715814
4657 4541 -332210668
4661 129 -467344429
4665 469 796026569
4669 1293 444053213
4673 885 -147681322
4677 993 294925691
4681 2485 527683327
4685 3321 527759327
4689 2805 -429910751
4693 3569 194296614
4697 1169 879947140
4701 1977 -86449287
4705 4513 363985244
4709 3549 -758697050
4713 4165 245631130
4717 145 -18299495
4721 841 569695705
4725 2401 -841397921
4729 3825 260825185
4733 1373 -808118264
4737 1969 -867473061
4741 1793 624907515
4745 1861 -9999468
4749 1041 504473579
4753 2609 -133027920
4757 4565 884877582
4761 2357 216854023
4765 3761 697344965
4769 1325 -767654025
4773 1105 232225941
4777 1605 634736200
4781 4217 178579091
4785 4349 -147129709
4789 3069 -834829891
4793 4157 -523402265
4797 4473 -127422018
4801 1945 609144416
4805 1873 -192624962
4809 2973 -53561345
4813 4265 711629660
4817 369 254305213
4821 3329 -375883990
4825 457 -185594320
4829 3041 483782513
4833 4673 -599589931
4837 1421 913022472
4841 2153 -563628899
4845 1241 -623814862
4849 4633 -251935872
4853 57 -564344579
4857 1421 363690901
4861 1777 -943468227
4865 465 581505000
4869 3337 869908114
4873 3821 87902567
4877 2793 36803945
4881 1849 187784418
4885 9 832074562
4889 4093 266537407
4893 2041 -889540335
4897 1201 816019513
4901 3793 140565659
4905 1317 -646480194
4909 1873 301893710
4913 2497 -728812472
4917 305 341743620
4921 4745 -577984611
4925 2053 -128951149
4929 2073 999548855
4933 1593 -411414395
4937 2253 -876379578
4941 2161 -469864098
4945 1717 -938269157
4949 4257 185900356
4953 3461 -517839434
4957 357 838453992
4961 4157 957375677
4965 2021 -550787630
4969 2437 460943609
4973 861 276858618
4977 3113 -719092167
4981 33 -32955305
4985 2473 -257400865
4989 501 -162937509
4993 4489 429858348
4997 2173 201952026
5001 2357 -628339361
5005 3361 -358502635
5009 3481 447892737
5013 3317 143821508
5017 917 -594529574
5021 2301 -103499572
5025 453 -883138758
5029 3453 456463411
5033 1701 -900632455
5037 1433 772042434
5041 3941 403630361
5045 2265 908359201
5049 4057 -556486820
5053 4501 962099803
5057 2561 292923131
5061 1481 -62906180
5065 2477 566582189
5069 2513 -966986668
5073 3805 -966639405
5077 3501 -303684361
5081 521 686905539
5085 2813 -804462968
5089 3581 -641928234
5093 1865 404866378
5097 4917 678348161
5101 1629 -455071131
5105 2941 303237849
5109 4577 -102092327
5113 3533 561728269
5117 2365 -693088861
5121 4013 -726699411
5125 4005 465637926
5129 4485 341137595
5133 2641 281813039
5137 1933 828887796
5141 681 218529065
5145 1541 632612237
5149 569 -727361205
5153 2917 127258488
5157 3081 396277973
5161 3885 773173100
5165 725 862546106
5169 4857 -122395511
5173 2209 -307864450
5177 2981 378720144
5181 2525 -962033863
5185 377 365190730
5189 2185 910966889
5193 3157 865682783
5197 2825 322125135
5201 2009 -486889049
5205 3229 842642561
5209 3465 -327951941
5213 4097 -224637751
5217 2961 -341970642
5221 4245 -814925446
5225 3941 898547115
5229 1537 923639768
5233 633 630312579
5237 3201 -135397798
5241 3001 81652515
5245 3309 -369811583
5249 4705 -120705386
5253 4417 404968299
5257 4029 -277945842
5261 1517 -227604191
5265 1645 -466386508
5269 2861 169083693
5273 1065 198526033
5277 173 -434605033
5281 5029 -504805080
5285 993 646557143
5289 2149 967336362
5293 2161 -764438041
5297 1933 717060956
5301 3089 -40121498
5305 1405 895136844
5309 3697 533837914
5313 1809 -402289156
5317 881 -999560728
5321 1761 -128350327
5325 725 223234335
5329 465 -466575312
5333 4473 962492940
5337 2445 139845306
5341 797 327549264
5345 2053 -513728771
5349 3001 254422269
5353 4241 993436013
5357 2805 341914026
5361 729 -284482417
5365 3877 -405050236
5369 1253 -789271471
5373 4669 -841987204
5377 2485 -307419983
5381 3261 -911463421
5385 4249 -922650863
5389 313 -795842583
5393 1921 757112395
5397 2577 248146517
5401 4161 433795528
5405 2117 -758299747
5409 2057 -230367625
5413 1753 -751483138
5417 1805 -235593847
5421 3981 -282225185
5425 3805 -870657751
5429 3693 121566256
5433 3001 -395031296
5437 2761 29131607
5441 1893 -795206709
5445 3893 -396279884
5449 265 851413954
5453 17 -900958252
5457 4069 916888335
5461 4053 -776348997
5465 3137 -579629392
5469 5417 512235295
5473 573 43787605
5477 1713 317933325
5481 1321 470972653
5485 4565 -890335830
5489 2617 -654916906
5493 773 -871436464
5497 3053 -940252865
5501 4973 -875005111
5505 4881 879100785
5509 277 58439297
5513 3493 333004513
5517 1805 668364489
5521 4713 387608784
5525 269 -393119259
5529 3561 -785415000
5533 5241 -263018589
5537 305 183810373
5541 3977 -360922200
5545 4785 134697336
5549 3905 688692105
5553 1709 255104941
5557 5277 561232891
5561 1677 -63730702
5565 589 -986912
5569 773 -542943835
5573 3905 935793916
5577 2521 -185702465
5581 3089 955326507
5585 4689 552595721
5589 1793 -350713827
5593 3049 -993602827
5597 5109 -987684278
5601 3489 99521276
5605 5149 444737845
5609 113 302903521
5613 2589 -185542264
5617 4357 -808847683
5621 2757 229440637
5625 1637 -891860463
5629 457 479689149
5633 3461 -196647831
5637 637 750672210
5641 825 -408376446
5645 1953 -781238896
5649 1001 503534717
5653 4205 -498379746
5657 5529 613916313
5661 485 89692730
5665 4585 61215240
5669 873 -405200572
5673 2513 -862608649
5677 1617 322394039
5681 5157 833592175
5685 2085 -890730717
5689 4009 -381581629
5693 2949 564186492
5697 3189 -129657211
5701 3645 895984058
5705 69 -978657423
5709 2037 471709884
5713 5661 652912091
5717 1493 -920028758
5721 3957 530352663
5725 4557 954402284
5729 4481 -580482238
5733 5465 204541993
5737 877 509672304
5741 2857 -508199881
5745 657 -940017172
5749 4205 -519786578
5753 4109 481108573
5757 3645 661709659
5761 785 449477694
5765 2245 -737041832
5769 2413 -805994416
5773 1229 -953336604
5777 3225 -178908324
5781 437 -476437787
5785 4701 -281013239
5789 1557 -465198342
5793 5393 -646819219
5797 1157 -304295832
5801 3141 -396087773
5805 4957 -119250628
5809 2049 442318266
5813 4901 398337749
5817 5113 -164537251
5821 1217 527838074
5825 5501 961561155
5829 5129 447157717
5833 649 394403066
5837 2881 660728699
5841 3825 796107238
5845 1065 590750559
5849 1845 -102677277
5853 2757 708738633
5857 4721 123003832
5861 305 -859652530
5865 749 -201533453
5869 1873 71777888
5873 4797 500789290
5877 3997 229336489
5881 3077 354654772
5885 5229 -685576977
5889 3425 -317018460
5893 1529 927060424
5897 1777 -683992124
5901 5101 -613580156
5905 1129 92372319
5909 2221 -625446183
5913 2641 613289817
5917 4893 301662608
5921 4469 654969362
5925 289 -593282135
5929 5577 -759074831
5933 1033 370854680
5937 497 368420213
5941 1841 -395907057
5945 4849 -569291970
5949 5541 944980628
5953 3205 642125018
5957 4009 906980762
5961 2961 -182287747
5965 5893 745423400
5969 2897 732372629
5973 5205 693858446
5977 1885 653900778
5981 5021 284967173
5985 4713 -362144186
5989 5485 555117114
5993 4365 -954641620
5997 5281 770092181
6001 5297 -841546948
6005 873 -471679997
6009 2229 849101468
6013 4909 -900316598
6017 4589 735274466
6021 2665 -63105988
6025 3761 -954262914
6029 3425 119598638
6033 873 -419944821
6037 5821 -10090015
6041 673 345058779
6045 1913 365243948
6049 1749 22431211
6053 3445 734329829
6057 2345 709659973
6061 2525 544758854
6065 1121 -472136132
6069 3581 -606262808
6073 4217 -79033654
6077 5665 190017856
6081 3621 484751714
6085 6033 934289525
6089 2581 -416603750
6093 1413 -389671967
6097 445 -213951408
6101 2669 432282615
6105 3805 -822186695
6109 513 242118369
6113 2681 -107491769
6117 1321 826519548
6121 4737 529892640
6125 4657 -392803093
6129 401 -91589248
6133 5137 -778653932
6137 2269 151258351
6141 409 508067560
6145 17 -910593117
6149 3377 387507608
6153 1341 300713841
6157 2721 -269975094
6161 605 -72106416
6165 4333 89920760
6169 5069 896340663
6173 2497 -529754648
6177 3533 580408367
6181 5909 -780171069
6185 5149 -598140615
6189 1093 -171275658
6193 2933 89337001
6197 5569 -125383616
6201 3777 -212477213
6205 2045 -44185337
6209 6021 357624777
6213 1985 339530435
6217 761 572155054
6221 3453 -307505755
6225 5373 255570246
6229 2145 132345433
6233 3365 335471401
6237 4809 956257070
6241 4569 -933646362
6245 3057 -183758945
6249 3065 -599155267
6253 941 744813134
6257 5105 730868848
6261 1501 -210597277
6265 4293 533301096
6269 541 -803754206
6273 2897 -689994254
6277 5929 -626380003
6281 2129 15953723
6285 5909 524230366
6289 5981 -856418691
6293 2253 -240298651
6297 1157 -23422
6301 501 332489251
6305 1353 -32623139
6309 5017 -492284306
6313 105 215395860
6317 2213 -347894436
6321 5085 1770325
6325 929 -924977302
6329 3261 -681670780
6333 2385 261615123
6337 2797 -926455523
6341 1753 986392100
6345 3277 -761946592
6349 3401 -907776325
6353 5017 735618784
6357 3585 -825314102
6361 5909 188061803
6365 3417 584811576
6369 3441 -146711068
6373 2913 864474871
6377 4237 -110052374
6381 821 -962008845
6385 2825 -793759606
6389 1405 -586825454
6393 2769 -200910441
6397 5453 -574277471
6401 1073 -276653356
6405 3541 418796866
6409 3205 -940783878
6413 4153 916556572
6417 2709 427808854
6421 4129 -636890690
6425 1901 -183978085
6429 33 952359880
6433 1525 893918620
6437 6093 607828941
6441 3677 889908018
6445 4853 635470933
6449 501 -982396434
6453 53 -861949863
6457 821 84683232
6461 5517 -579134462
6465 3553 -55701654
6469 4153 -546691566
6473 1093 119100894
6477 1921 -376443281
6481 2293 -570356933
6485 3513 -316234806
6489 889 462808936
6493 2305 -92739661
6497 1445 -809926935
6501 2033 429461440
6505 801 787414099
6509 3309 369372104
6513 2985 645798586
6517 4545 219960398
6521 5277 -106005528
6525 4609 724480247
6529 2097 -776318407
6533 293 143407958
6537 2657 -350957949
6541 3213 854002569
6545 1869 728867731
6549 5461 -654785412
6553 2677 -567807933
6557 5921 -79793238
6561 6017 -564114156
6565 5129 460387044
6569 1685 155936474
6573 1121 -246271623
6577 3297 987794785
6581 837 90423597
6585 5761 899504953
6589 3481 -450959956
6593 4821 -355345333
6597 3717 13499545
6601 6001 -111736252
6605 3353 128441299
6609 4361 378408547
6613 593 259471006
6617 3125 -19138810
6621 1961 37813318
6625 1413 754477596
6629 349 -828180318
6633 193 -608162062
6637 5085 -296260193
6641 1217 -861291610
6645 6497 338116612
6649 5417 197273749
6653 2205 -701867741
6657 3009 613768267
6661 1081 -68284261
6665 3757 -880877834
6669 1697 -712634152
6673 1781 803568288
6677 429 511133641
6681 3381 -513147673
6685 1553 583289635
6689 2101 405202623
6693 5573 -50821921
6697 1193 375012547
6701 5205 349307327
6705 1029 -465129338
6709 6493 137664627
6713 6145 -849429567
6717 6713 -579529533
6721 133 920317650
6725 5537 368599977
6729 2181 196055025
6733 5601 822036675
6737 4145 -951627083
6741 2157 362048784
6745 5753 660041912
6749 5745 -410309758
6753 2721 804763253
6757 2689 -24776766
6761 3077 464424090
6765 5697 -505912338
6769 4877 -71665159
6773 4357 621246821
6777 1589 72375866
6781 3949 24583117
6785 5405 545826982
6789 1513 -82971874
6793 3609 21778904
6797 6589 -956584921
6801 3477 -275223526
6805 601 493752790
6809 5129 -289999143
6813 3905 -820821494
6817 6469 81487212
6821 3349 -738749177
6825 6377 382214139
6829 4613 423957347
6833 6293 -138405282
6837 1289 -539250045
6841 2349 50864516
6845 5457 523336954
6849 5085 -446276834
6853 5673 825886718
6857 1609 -290504678
6861 5885 34026854
6865 5437 358914759
6869 3441 -438718278
6873 29 -581346734
6877 5633 -685136316
6881 4037 682448409
6885 3437 -350936578
6889 5129 -911331963
6893 4261 -798540072
6897 6149 304910690
6901 2789 3487914
6905 225 160105675
6909 2541 -876558194
6913 201 66494110
6917 181 540934651
6921 6337 -62310720
6925 1033 792310076
6929 5449 539559694
6933 5717 235636718
6937 5489 358211341
6941 1793 -915993500
6945 2813 -736567809
6949 5345 -137329710
6953 297 -873832193
6957 4821 750696708
6961 4605 -248455736
6965 4329 -733515793
6969 401 737806458
6973 5937 -172514831
6977 5261 -858713486
6981 4377 658393667
6985 1377 -720563372
6989 4125 -193485990
6993 3553 325263250
6997 2469 -476594655
7001 6269 139899450
7005 6865 -9275813
7009 2093 282781702
7013 2037 -996971905
7017 3965 -78816045
7021 3105 498743782
7025 1593 -751279570
7029 5101 577524787
7033 6929 -230321731
7037 5661 353578841
7041 7001 136862645
7045 2689 -898802439
7049 3593 804773835
7053 825 138269925
7057 5201 514591477
7061 5229 -406274244
7065 553 -645252950
7069 1361 -943352546
7073 2153 696140488
7077 1729 -811807069
7081 517 784173926
7085 3957 -970489710
7089 4953 -740475035
7093 3885 608349017
7097 625 998680520
7101 5997 -950308800
7105 2361 -624161987
7109 437 -598155452
7113 3329 721094012
7117 2249 10855533
7121 1141 921215382
7125 5345 -241031268
7129 4177 80114685
7133 3121 724534261
7137 4269 -889897515
7141 6457 -224804512
7145 6789 -617837957
7149 389 -956257008
7153 4669 919674939
7157 7065 145985239
7161 2785 73399341
7165 1365 298489584
7169 4389 -110749734
7173 3505 -843264098
7177 4289 -581003435
7181 297 -594446559
7185 3273 -89079967
7189 381 957187461
7193 1245 714579463
7197 6785 -128184708
7201 6789 37820776
7205 893 -951862376
7209 881 -457223804
7213 53 51960024
7217 6453 681512150
7221 4617 531419708
7225 2309 -628021366
7229 4169 836366791
7233 1501 -448393804
7237 5033 35932569
7241 601 -361676050
7245 3637 879491795
7249 3169 240176353
7253 1857 -642216291
7257 2333 -166976858
7261 3965 674663199
7265 3217 -770993026
7269 6169 845123940
7273 2429 525179297
7277 3429 -857451414
7281 5721 -360829187
7285 2041 -771134056
7289 4665 699940868
7293 4053 515035065
7297 3253 -950577386
7301 6181 890564108
7305 5665 -319464825
7309 5425 976969287
7313 3313 -956572974
7317 309 -176970300
7321 6545 -58221805
7325 7137 -839339227
7329 6253 71555891
7333 5249 373964077
7337 5269 -158307606
7341 1365 285148178
7345 3309 439602556
7349 2037 -197936998
7353 1433 -72926237
7357 4401 -347155946
7361 2369 -574412958
7365 7037 -156391162
7369 4393 -745351269
7373 3737 436368430
7377 4437 -204927757
7381 57 887036646
7385 449 201467562
7389 1329 203833677
7393 1405 -681171244
7397 657 144397167
7401 4513 463903390
7405 3405 471809344
7409 2761 -406113802
7413 1029 -821156848
7417 525 903822179
7421 7001 306277163
7425 5185 640939662
7429 4265 -393478997
7433 3125 517468310
7437 1489 136356900
7441 1105 1568198
7445 6469 219034647
7449 3149 56573491
7453 3721 -606739264
7457 3433 -125902058
7461 2245 -885464795
7465 4285 -520524570
7469 409 166060572
7473 7341 231606749
7477 2157 -946417143
7481 4353 -636783804
7485 2321 -678395035
7489 1197 -593844088
7493 2709 316583649
7497 4489 -846908721
7501 6657 959828210
7505 2165 182859530
7509 5729 702235367
7513 1501 620344007
7517 7037 -553134661
7521 3905 320608373
7525 2385 -303700916
7529 5813 -322425533
7533 6089 142648019
7537 4065 813938701
7541 2993 -320177697
7545 6685 -187146724
7549 6501 -110948202
7553 5285 -654808954
7557 237 -952893839
7561 4897 -334453430
7565 773 982860963
7569 1345 -314236627
7573 6185 800290470
7577 6337 -453555833
7581 5337 678768455
7585 5713 468836930
7589 5153 -220401129
7593 1049 136548976
7597 1201 616418539
7601 873 764583818
7605 2493 -932274955
7609 445 506119624
7613 1853 726707772
7617 1989 887213746
7621 6389 984918475
7625 2021 561207423
7629 2037 651869138
7633 5021 -507026570
7637 17 126912116
7641 6577 -339560627
7645 3913 31696702
7649 7589 374512493
7653 1117 -189336456
7657 5617 609752649
7661 1881 964244298
7665 4881 621539182
7669 7509 913527991
7673 277 500482352
7677 4813 -989482947
7681 113 -3031590
7685 3681 -249376216
7689 1173 169110682
7693 7305 556143123
7697 4857 469480795
7701 4137 -451256630
7705 3377 496306376
7709 7365 -47768969
7713 625 880116631
7717 1849 -961829311
7721 2177 373489073
7725 469 -329538263
7729 3641 360850375
7733 3417 -984955258
7737 5649 -698822367
7741 4981 385459699
7745 4729 -599868085
7749 1945 -845322145
7753 3561 476318613
7757 1537 288715551
7761 5 346900398
7765 2965 -530646466
7769 6205 212180171
7773 7261 -696099370
7777 7405 943418721
7781 3481 62465409
7785 7277 -278679529
7789 5081 896829672
7793 1025 350722719
7797 6473 -10784066
7801 3357 -808989708
7805 749 -798977867
7809 1641 -814477470
7813 3953 810252507
7817 6717 -418799280
7821 7585 892140286
7825 2941 249517755
7829 7457 -439559813
7833 3881 -859505643
7837 2593 4943101
7841 7537 -966008001
7845 3665 -800839025
7849 5565 -756314907
7853 3029 -759118234
7857 4117 932282963
7861 7757 -804077517
7865 3365 -218579916
7869 5349 962352105
7873 1201 135801858
7877 1593 787443189
7881 6017 -935346288
7885 1969 -601924554
7889 4785 505643326
7893 4441 -641700281
7897 5141 -571663838
7901 5093 953007522
7905 1925 38889480
7909 1613 -536548488
7913 2209 192733008
7917 1285 235495815
7921 5165 -246762356
7925 6037 -450298166
7929 3561 -242922310
7933 2793 386413878
7937 3653 656427954
7941 113 351977025
7945 3041 -953517520
7949 2341 267956833
7953 2121 -965394857
7957 2189 -39961801
7961 5685 -72920694
7965 5241 102373625
7969 5533 -817258708
7973 545 6911183
7977 2393 838025091
7981 2057 -695769982
7985 5901 -465691940
7989 1377 425548512
7993 1525 318230717
7997 1585 147118325
8001 5453 -328273470
8005 4457 -541249684
8009 3985 -59716664
8013 2249 365847297
8017 2961 360833554
8021 4669 786627063
8025 5997 -824111479
8029 2885 -764251995
8033 4157 809418735
8037 7845 -328765560
8041 2281 -488683934
8045 1105 346266930
8049 2709 383561862
8053 1373 104258412
8057 865 -609203228
8061 6153 -281397728
8065 6685 -978941842
8069 441 629538404
8073 4157 74385255
8077 7093 -520234851
8081 6081 -865543878
8085 7857 -19455123
8089 6457 -185386914
8093 277 731674919
8097 237 -870843548
8101 1333 -352674408
8105 5797 -350464612
8109 4889 -487443026
8113 381 -394100298
8117 2829 955707666
8121 5153 4195682
8125 1993 481631175
8129 6021 964533747
8133 897 781040111
8137 6185 -436288545
8141 8113 -24109882
8145 7877 -590156659
8149 3769 -712182833
8153 1421 701279349
8157 4689 -23864002
8161 7297 583867611
8165 1073 -381494794
8169 113 -256707690
8173 4569 146395236
8177 2201 -818574011
8181 2629 22958673
8185 241 215030421
8189 3009 -738743661
8193 3861 -940662526
8197 6589 -387726403
8201 3105 -271547716
8205 241 -574931335
8209 2777 -226149276
8213 6793 -689336653
8217 3521 -832566752
8221 7361 -898323266
8225 4965 873855763
8229 4865 786060291
8233 4005 -463241130
8237 4517 -694693075
8241 6753 558637528
8245 1757 266273475
8249 6737 -937230722
8253 1685 -975767386
8257 2781 -3961926
8261 6669 387828021
8265 913 -927768551
8269 6537 -978498895
8273 3093 100416881
8277 4257 519729088
8281 2021 205657681
8285 133 91031336
8289 3705 -531567728
8293 8089 444516214
8297 7437 267130754
8301 129 -753219350
8305 8297 -649703472
8309 5997 867082612
8313 1265 966637945
8317 3377 224931647
8321 4069 563020079
8325 5489 -803406042
8329 4693 70584135
8333 5165 -743635467
8337 5221 591222368
8341 1389 -347069091
8345 97 799196397
8349 7173 -936827903
8353 3689 717504408
8357 4093 -843394976
8361 3253 58915316
8365 7345 -125730916
8369 3753 526867253
8373 3705 100223589
8377 8281 -286163989
8381 5825 879583058
8385 1889 447334249
8389 1709 -383647996
8393 5081 96283685
8397 2601 684811415
8401 5945 -906403917
8405 3965 804962256
8409 8401 900154641
8413 5541 -942143560
8417 2933 -259758793
8421 6661 -538175749
8425 1709 -103539969
8429 541 424423054
8433 4341 915353642
8437 1001 -318773593
8441 8353 107432831
8445 5353 32414463
8449 7809 -123491379
8453 6705 -426722152
8457 5329 -300643707
8461 6013 -470962257
8465 2305 869180627
8469 3449 12764734
8473 2473 -644192064
8477 3101 -204915362
8481 7677 269944037
8485 5081 139979892
8489 6477 407626706
8493 1589 986149027
8497 5821 415415365
8501 6405 179476730
8505 6381 -428614263
8509 1081 415327454
8513 1205 -630686894
8517 33 318686347
8521 8441 -211211792
8525 5505 107946152
8529 8369 950483304
8533 2797 130748319
8537 4289 -355885443
8541 6361 -123078833
8545 949 650988758
8549 4045 -527502683
8553 5525 162473150
8557 5213 -912362493
8561 4913 -465989662
8565 1445 405446383
8569 2633 -972778893
8573 641 -983865793
8577 2029 -604902693
8581 7553 -666092266
8585 4525 148526519
8589 5241 -525681545
8593 5689 838685794
8597 6389 -596888489
8601 8349 -908853267
8605 2109 352409469
8609 4029 -530286366
8613 1305 -902444476
8617 361 -756746546
8621 3241 -434307403
8625 6385 163548319
8629 7053 736278774
8633 1449 -430578304
8637 4789 -399412348
8641 7209 -319651246
8645 8009 832853508
8649 1737 -381063256
8653 5649 861855199
8657 4293 544899839
8661 93 -5066353
8665 6673 660033225
8669 8325 496527669
8673 4785 -696777090
8677 117 440069703
8681 6493 -692643900
8685 2517 523805405
8689 1409 491021274
8693 8297 349791861
8697 1557 259798121
8701 4597 -521518098
8705 6485 -744862412
8709 5109 174970340
8713 6885 -66704062
8717 6441 -905054294
8721 5197 -744674990
8725 7737 -49571389
8729 6313 -855317282
8733 1525 -561589024
8737 1285 -438086009
8741 6485 514727123
8745 4577 -233295395
8749 2029 -21139595
8753 2197 260575567
8757 2301 376797644
8761 3049 -798674959
8765 7161 363481403
8769 6473 261097410
8773 1285 851475954
8777 3705 -819264257
8781 2149 24416565
8785 7805 438997343
8789 5281 557401002
8793 477 -262864334
8797 4301 607299225
8801 561 991422985
8805 3097 -340079815
8809 3873 -690941347
8813 7813 -223708328
8817 4093 -807754524
8821 53 -358661756
8825 2597 98026591
8829 3753 44954455
8833 2649 -341782124
8837 85 -735043385
8841 5097 -600658104
8845 993 89147231
8849 7937 -177335263
8853 1237 -321858927
8857 3513 268267444
8861 5225 -255991885
8865 517 555436949
8869 4725 29027527
8873 1677 237797852
8877 4805 -86392469
8881 8497 -845545677
8885 2961 -521262163
8889 1345 415612899
8893 3649 -442655319
8897 4105 53747458
8901 4541 -251492465
8905 3681 -659868694
8909 8801 -505636354
8913 7001 -589013190
8917 3793 -97824241
8921 729 -699771445
8925 6089 -447958473
8929 8181 621628640
8933 973 947440827
8937 4513 -933865408
8941 4597 -647211241
8945 6037 -567795029
8949 4681 -207127661
8953 7549 -24341364
8957 5325 753516152
8961 3625 -116125060
8965 5969 362815333
8969 5493 683745388
8973 2705 483333060
8977 3861 776524253
8981 7521 -694296023
8985 1757 328480258
8989 2789 -301398342
8993 4513 924136757
8997 2509 961973507
9001 4197 121633637
9005 3417 -436784514
9009 1729 311944814
9013 3537 -145800217
9017 5829 -652186528
9021 6561 533201228
9025 4305 -481080915
9029 233 262303059
9033 677 436628950
9037 6769 574912007
9041 1621 241562458
9045 3557 -94411859
9049 505 95774214
9053 7941 704992720
9057 417 313477410
9061 7721 -36862238
9065 7117 -710120581
9069 4909 -915695234
9073 8913 587547429
9077 2513 895616499
9081 5313 -428322236
9085 3781 739678770
9089 4077 -877012779
9093 565 -407764963
9097 8557 -9139134
9101 2253 998546829
9105 8713 808196932
9109 7113 579428766
9113 2701 -80537675
9117 6797 915294540
9121 3621 311522018
9125 5221 -60076127
9129 2593 653878116
9133 6905 -299865534
9137 3093 -927190044
9141 3281 -210053007
9145 4993 -832457987
9149 1861 -603839263
9153 3921 36734459
9157 4757 -291959199
9161 7093 417064241
9165 6261 -145660975
9169 4517 653154300
9173 1789 752318753
9177 85 -723919553
9181 1233 707010520
9185 5329 521555061
9189 6533 -231085752
9193 8473 400938136
9197 4625 9529154
9201 6129 -812228539
9205 6705 620954668
9209 6205 -51590310
9213 8573 668520959
9217 6033 339690005
9221 9053 258992783
9225 849 577881842
9229 5437 362956514
9233 6257 -752134483
9237 149 -24597322
9241 5821 -627257463
9245 2745 -462156427
9249 3549 -239008309
9253 2789 537183944
9257 2765 -523253579
9261 8565 -245510814
9265 5689 433685072
9269 8877 -662348187
9273 5713 -996211793
9277 1017 -828427343
9281 989 170050514
9285 97 971494440
9289 1405 -971733364
9293 8009 -651405083
9297 2305 295273011
9301 3813 561866786
9305 6261 56723401
9309 7601 576407900
9313 6425 -20312772
9317 5497 896059946
9321 6189 -874573966
9325 1997 656785605
9329 2685 951296066
9333 1457 367793498
9337 9221 929317286
9341 2797 196481892
9345 1401 -279098341
9349 3985 632132910
9353 3717 -532129537
9357 1533 -141388417
9361 5105 -446053139
9365 4873 -866791811
9369 3953 881054791
9373 861 -535575491
9377 2425 719281491
9381 5337 908361833
9385 3329 -169728375
9389 349 -611655147
9393 6365 178485676
9397 6029 -522529350
9401 3537 -102731668
9405 5997 -356504115
9409 5257 373362180
9413 2985 -536373933
9417 4081 429687414
9421 8853 59500137
9425 3589 490642326
9429 4125 256319526
9433 8241 -708964039
9437 4181 -311833772
9441 3909 -271647056
9445 2717 805543714
9449 2077 -663603215
9453 3145 436368708
9457 7321 -465406536
9461 7725 -94061759
9465 1661 300404890
9469 5141 -900238571
9473 6281 161040118
9477 9097 -114601960
9481 289 961238718
9485 2989 -495358186
9489 2605 314227464
9493 5773 426901546
9497 6261 898745136
9501 6861 794244895
9505 9213 -963945223
9509 8377 -849172856
9513 7805 -322384424
9517 7005 845226268
9521 3261 581133454
9525 61 31617762
9529 4965 409013537
9533 6925 -835274794
9537 5989 995748176
9541 7093 -523407856
9545 7209 859007531
9549 4649 366443957
9553 3429 957319826
9557 9061 -771832859
9561 2693 325523970
9565 4641 612172495
9569 2653 376179631
9573 1881 862484606
9577 2481 -66110490
9581 6381 -804236611
9585 8605 -679343783
9589 7261 954514054
9593 5593 -499499015
9597 4337 -622536096
9601 6165 -862877357
9605 3141 -397063769
9609 6289 -468023468
9613 1257 -283538280
9617 7929 543071863
9621 8689 472617490
9625 3961 545182968
9629 7685 39320733
9633 145 -197449653
9637 3705 821802931
9641 2553 -159567680
9645 5589 295039762
9649 3109 581673129
9653 1465 609004158
9657 349 489629621
9661 9497 127100694
9665 6809 -503384513
9669 8041 -177567422
9673 3109 -222685112
9677 2553 -106378737
9681 5257 233731903
9685 3193 -89618897
9689 4993 622034131
9693 2061 381107390
9697 1877 302142975
9701 1093 -272885463
9705 4801 -444361342
9709 7449 381692615
9713 2181 -217280355
9717 7221 149644041
9721 6377 602718842
9725 6997 -375029368
9729 8705 -339180949
9733 4897 -957005878
9737 5357 70873792
9741 6501 -998907065
9745 637 -28078154
9749 861 -825165049
9753 4197 -91010375
9757 525 60344666
9761 6189 -921146221
9765 8477 -493836979
9769 6257 953637864
9773 4973 352612859
9777 3813 713917867
9781 485 -278580809
9785 4237 -389656375
9789 7305 367316531
9793 981 -506518724
9797 8201 300768586
9801 6229 608470601
9805 3165 902916441
9809 5273 -57035864
9813 6301 -338302348
9817 1141 -995158589
9821 5789 -264149510
9825 6037 -856470846
9829 4721 -795688007
9833 8001 -673946446
9837 2465 -503109828
9841 9101 -943095801
9845 8037 -386847089
9849 1269 -801844856
9853 2033 -163436348
9857 6169 459421890
9861 5041 530116663
9865 9453 -962364230
9869 1245 -183189911
9873 5077 589645178
9877 6417 -208792780
9881 1857 635454108
9885 1873 -371586495
9889 9869 364314416
9893 3137 -480587592
9897 6829 787007910
9901 7337 -307659394
9905 2549 119273451
9909 4769 384010631
9913 3877 652821195
9917 2997 -436821376
9921 8893 -257605254
9925 7597 484557662
9929 281 41744876
9933 7853 399183970
9937 3865 -932526172
9941 4781 781167421
9945 6377 -536372695
9949 8505 -489346967
9953 3757 535963914
9957 7121 366968670
9961 9429 -611127403
9965 9713 -600523006
9969 2221 135906862
9973 4769 -49232863
9977 161 -368762455
9981 5317 -516602681
9985 4049 471100183
9989 1501 704008337
9993 9285 -516042353
9997 617 58103917
10001 4665 -725163
10005 9297 -357780417
10009 5541 928478361
10013 8765 -706202050
10017 4985 -812909540
10021 4081 -632125304
10025 9633 62518693
10029 6949 -715060821
10033 817 691262825
10037 2641 -835276063
10041 6429 -738094363
10045 3221 -497735636
10049 5953 -119579574
10053 6881 -214158438
10057 385 -127406951
10061 2901 -69424222
10065 8893 -233495731
10069 1657 438905499
10073 6661 924078318
10077 8917 38764970
10081 1569 -928600397
10085 2945 402974951
10089 7809 89534484
10093 837 704080836
10097 1221 390819783
10101 6769 -112409338
10105 7525 -802506272
10109 8533 -251616826
10113 2781 680273639
10117 8305 -679485934
10121 613 975599304
10125 8317 428241370
10129 9425 970022955
10133 5913 922162277
10137 6277 57630792
10141 3861 -542818154
10145 10037 -493338318
10149 4133 145407954
10153 7333 482275386
10157 9433 596084017
10161 5901 706680700
10165 693 255352420
10169 693 -435483336
10173 6689 -360378817
10177 6841 -829618245
10181 9853 468386963
10185 7517 476417744
10189 7693 -901525727
10193 3557 -667322925
10197 7249 416319490
10201 9025 -838324267
10205 6777 -645675625
10209 10057 -756515372
10213 4809 126265719
10217 5561 -711164542
10221 6353 -620340897
10225 985 -14687826
10229 5041 -178574882
10233 7009 -87313627
10237 4685 168130407
10241 3637 -713897940
10245 10033 -834690620
10249 2233 -454606109
10253 10065 849532277
10257 1805 609562582
10261 9993 -261463430
10265 2753 325779860
10269 10257 875814420
10273 6493 -748268313
10277 337 293424403
10281 9265 695171671
10285 9153 246283872
10289 4069 144867032
10293 3725 504244982
10297 7721 -479044593
10301 9701 416967618
10305 3361 19292784
10309 7197 -124191032
10313 4613 -271800723
10317 9033 265364347
10321 893 -775082778
10325 9289 -81451463
10329 1741 -679565494
10333 2437 -165440910
10337 5837 -394398981
10341 7877 -65589619
10345 7285 -715905798
10349 5637 732409991
10353 7809 -226974256
10357 2785 986789765
10361 9169 -840788508
10365 3081 -189748879
10369 9649 776770842
10373 1573 -370441825
10377 3501 391919037
10381 6221 639984550
10385 7653 -105388085
10389 2693 -163183064
10393 5789 -813995611
10397 3425 -52194735
10401 9153 217597095
10405 3381 15388995
10409 4641 788349809
10413 2969 -873052403
10417 7549 -476370232
10421 5849 735951671
10425 7421 -606855593
10429 2105 -337305698
10433 2261 671910539
10437 9621 122078231
10441 37 -283062650
10445 8673 366390304
10449 449 -563402455
10453 6265 -519776246
10457 9445 863507462
10461 1701 -553822366
10465 705 -746732619
10469 1145 571954823
10473 389 66674238
10477 4101 724926588
10481 645 -762466698
10485 7029 -461166574
10489 7709 797016940
10493 8293 -22800923
10497 41 -854258903
10501 105 -147549295
10505 145 -896717831
10509 8261 27391415
10513 5785 122067107
10517 4257 -649750704
10521 9733 -568207100
10525 5485 405915862
10529 3913 -442747862
10533 1637 -355633812
10537 6189 291488026
10541 6853 -693218943
10545 2621 -594004602
10549 6377 378559809
10553 5017 315868481
10557 6765 -839027565
10561 10521 -151116454
10565 109 -754710138
10569 3285 132697792
10573 6161 -961581378
10577 373 -503963469
10581 6973 356105191
10585 2349 581650490
10589 3429 597325997
10593 6581 722292164
10597 4229 148961679
10601 7193 -25996363
10605 1893 171459273
10609 8721 364697271
10613 8533 553725060
10617 6045 54398587
10621 4649 80231773
10625 9745 39007502
10629 9333 -999334170
10633 1581 985593502
10637 9469 -513284597
10641 9329 -308341985
10645 1405 -652508970
10649 4549 -337571059
10653 2061 -680557699
10657 7785 -738277512
10661 2769 611043158
10665 9897 708462619
10669 2281 305251363
10673 3309 229105879
10677 9669 -989950107
10681 7945 -815009076
10685 5425 -167272174
10689 5465 -890973213
10693 1537 903577950
10697 1277 399671274
10701 5053 -983712599
10705 2877 -541693864
10709 8789 263593134
10713 10025 308193753
10717 5701 -514793810
10721 6989 316406613
10725 10609 836006463
10729 557 876159608
10733 5921 -463831371
10737 3861 301812844
10741 4429 -203809497
10745 5317 -902861433
10749 7941 -77451239
10753 597 -882122196
10757 10177 -631196745
10761 6177 900056980
10765 541 902593013
10769 1001 -544645094
10773 4465 637963804
10777 8033 886466319
10781 3401 777691804
10785 2657 971183374
10789 6845 -736753929
10793 781 -787849416
10797 9893 566746170
10801 681 -768360626
10805 601 295613611
10809 6577 77598093
10813 2677 -163794163
10817 5785 32620567
10821 985 -852261603
10825 2613 422598405
10829 4809 -666682453
10833 1017 -224645537
10837 4997 876825862
10841 8321 -895668077
10845 737 838739492
10849 229 668987974
10853 1429 2332432
10857 4109 404243956
10861 8681 -935154137
10865 8841 516866128
10869 8297 835858397
10873 2973 455191343
10877 1869 -172821946
10881 9657 -215912799
10885 5625 129509479
10889 8677 111891709
10893 8789 898872609
10897 4953 -564113851
10901 7177 347336964
10905 1277 -479135224
10909 4793 -313003208
10913 3001 731520035
10917 3417 -369517671
10921 4177 -834253740
10925 9633 373819030
10929 4393 358162575
10933 10757 -566144324
10937 5109 188246384
10941 1945 -354507489
10945 5253 796705162
10949 8537 53463859
10953 10445 947392567
10957 7985 315811382
10961 1469 623380770
10965 6177 573797064
10969 10773 38527285
10973 797 -262130163
10977 2105 -810326947
10981 2385 -791393718
10985 4861 711105210
10989 5021 729893632
10993 6433 259924128
10997 4509 869049513
11001 10485 -131449928
11005 8301 297263833
11009 2949 707811738
11013 8537 -629701178
11017 8961 519395533
11021 9197 -133778100
11025 285 -562062641
11029 8601 -909670039
11033 2989 -987408572
11037 8629 -622383255
11041 8289 850858658
11045 8149 498351963
11049 10493 -2080618
11053 1877 102221516
11057 10709 -790343536
11061 6065 313452650
11065 9601 17661721
11069 569 -392250801
11073 481 -78413254
11077 6285 -462159517
11081 4965 650147467
11085 10337 -644073705
11089 8725 -69831389
11093 5721 535245339
11097 7753 -363216412
11101 10449 55626196
11105 1369 501998809
11109 201 249963155
11113 8993 87198823
11117 2109 -134025651
11121 473 507984656
11125 2761 703103880
11129 8949 121457768
11133 11021 390078292
11137 7325 788980252
11141 5177 900803658
11145 10085 -20489919
11149 3877 -912080275
11153 5721 767493546
11157 8537 -714473072
11161 6977 -128884241
11165 1089 -984647106
11169 2297 820915234
11173 181 969986898
11177 4029 430940670
11181 1301 -772511479
11185 5849 -157784946
11189 11121 439457499
11193 3741 226194786
11197 1965 421057285
11201 8845 871493010
11205 6053 -331421796
11209 929 572380271
11213 1549 -616982922
11217 10221 170560238
11221 1697 -922092210
11225 4509 -62437357
11229 8609 -194671573
11233 9241 559981273
11237 10269 45755887
11241 2293 507705907
11245 6021 -936381241
11249 8505 751071092
11253 8129 -25061097
11257 2681 -409728833
11261 7213 60866625
11265 7397 -771269455
11269 5949 564559310
11273 9113 993075880
11277 7941 -716552856
11281 3281 -423157750
11285 5185 -841941201
11289 10605 245958972
11293 2173 462405564
11297 1237 -195176731
11301 8377 865946213
11305 5837 -867279166
11309 689 288536991
11313 3521 -617539630
11317 4657 530264179
11321 3177 571526014
11325 6065 102633437
11329 11145 875905067
11333 453 -922688741
11337 6425 706228519
11341 9385 326726444
11345 10889 -456897669
11349 7921 293667453
11353 4753 -113842021
11357 4249 974965900
11361 1597 -797829106
11365 4565 252181618
11369 9881 791875454
11373 5361 -86286032
11377 9997 -301990294
11381 7085 -915109136
11385 5725 -949851630
11389 8501 367579524
11393 7097 -659452216
11397 9141 -419458223
11401 3745 -168859463
11405 7065 -368773923
11409 781 756515811
11413 5137 551036181
11417 5749 -632677354
11421 7197 253065651
11425 6549 506040457
11429 6893 -439508921
11433 8601 -459047821
11437 11013 311336027
11441 4977 -99729346
11445 8621 -647313218
11449 4377 -122065374
11453 8317 206259406
11457 4593 879105274
11461 8541 -385080819
11465 1637 671256286
11469 5377 61373337
11473 6497 -473154054
11477 1021 672534374
11481 5325 595656964
11485 305 686226616
11489 9225 -586864722
11493 801 376415068
11497 6709 -653132039
11501 2425 -305787854
11505 7665 437506272
11509 6581 -634672534
11513 8877 -249034153
11517 4229 -663827439
11521 9521 -657023529
11525 10381 264515671
11529 1493 -277171994
11533 2357 445284616
11537 2689 -646257868
11541 501 80447027
11545 745 754394619
11549 6197 -108018577
11553 2969 -205716095
11557 673 860462207
11561 3001 -924356125
11565 2237 200273310
11569 6793 -805076796
11573 8065 -742414889
11577 2885 -144246613
11581 5297 -944643226
11585 10205 -803732609
11589 3229 996078927
11593 9421 -364796160
11597 6977 523777543
11601 5333 741716537
11605 909 708436202
11609 5017 77898661
11613 9645 161781737
11617 9529 -143141383
11621 4809 -384677365
11625 2905 -953097136
11629 2597 637909182
11633 11405 -517068302
11637 2549 -278184578
11641 41 -599069624
11645 10093 -980586603
11649 4809 -296145132
11653 4485 585748659
11657 6265 772500361
11661 3105 434984654
11665 3977 -890702862
11669 2361 -263397980
11673 9757 293662484
11677 9885 715807947
11681 9185 932945468
11685 7013 893992676
11689 6429 48653977
11693 7821 807485632
11697 4525 -642334956
11701 757 -763872758
11705 11441 365084835
11709 2505 -820385250
11713 4261 -449238932
11717 9301 33339126
11721 2917 540408463
11725 5237 654539805
11729 413 -929419938
11733 3585 -470065248
11737 2021 -497235060
11741 1781 -405030675
11745 4809 -747170081
11749 5165 -258919579
11753 1381 -711690029
11757 10329 -299755327
11761 7929 -791418186
11765 7805 -926641011
11769 11649 -207210441
11773 10089 -704544470
11777 625 713181361
11781 10169 -974559977
11785 7609 689625167
11789 3537 -5422027
11793 11461 -901622682
11797 3193 844733947
11801 133 96565676
11805 85 -507830885
11809 593 321990698
11813 7057 -128220868
11817 2021 134855666
11821 1957 -741791098
11825 9201 365262462
11829 1609 -483210116
11833 8429 -822232019
11837 433 966237495
11841 5833 -481197687
11845 5617 695215426
11849 3385 240143961
11853 8373 -101997935
11857 1113 -960394589
11861 10817 -147537825
11865 1917 -37643231
11869 6533 278994839
11873 10105 -53248856
11877 4693 422436515
11881 4517 662541701
11885 785 777161397
11889 549 -245403651
11893 11217 532349736
11897 2989 -836323003
11901 4717 -692969768
11905 2401 -547152577
11909 4817 -988800161
11913 8089 -936987622
11917 10037 766531604
11921 11033 135757409
11925 11685 205184657
11929 8009 -597017881
11933 10837 -909473998
11937 1461 -491742862
11941 5901 -391428155
11945 2001 929987093
11949 4185 -234365057
11953 8325 821783793
11957 1833 208410314
11961 2081 926276833
11965 653 -859654814
11969 4941 319357592
11973 3641 -650165736
11977 5389 979601063
11981 729 557463834
11985 9329 -427404691
11989 11465 962054623
11993 2501 872639608
11997 1141 524590103
12001 10897 638110012
12005 1925 -303863022
12009 6109 731851084
12013 4249 -629854223
12017 1457 -895390295
12021 4005 132325436
12025 4105 999676138
12029 1697 -445906891
12033 4953 -811601006
12037 4109 -269763078
12041 8365 -107036327
12045 10797 455527058
12049 7621 625931980
12053 11557 456123618
12057 6069 336585633
12061 10761 50371845
12065 6641 593258769
12069 4997 -677094539
12073 949 63893063
12077 8493 10915896
12081 5989 -696201949
12085 2973 797596393
12089 4301 -302073639
12093 3197 -541223120
12097 4277 671963558
12101 5697 926865213
12105 8377 -846135167
12109 1997 164849398
12113 5157 -643299173
12117 581 -2822431
12121 9633 330286022
12125 12049 -657123507
12129 1393 -710200661
12133 6897 -736242592
12137 5733 -597516774
12141 2645 240212693
12145 11125 -68066411
12149 8517 340469362
12153 517 543584460
12157 9677 945303981
12161 1873 -917221368
12165 4677 -656658810
12169 6685 899412237
12173 11569 -482814944
12177 7357 124255675
12181 4433 218666974
12185 11841 479830873
12189 765 208963971
12193 109 371945080
12197 7017 -593293175
12201 5277 -327727811
12205 4793 -17238722
12209 10249 -9220390
12213 4237 -542843205
12217 11873 -866409848
12221 6993 348323216
12225 2001 100162711
12229 11889 -206807457
12233 10577 -51955287
12237 9013 219977188
12241 4153 -717689099
12245 8033 32032840
12249 9669 -929249199
12253 4889 -834517628
12257 6085 346717295
12261 10053 -231456764
12265 1729 243318196
12269 7337 548321567
12273 9817 897898336
12277 1353 392262073
12281 8105 491221440
12285 1269 -637274358
12289 4941 -394205414
12293 6533 140206411
12297 1813 469744766
12301 10361 336647768
12305 11877 -172965960
12309 7353 -334649875
12313 5461 -902702239
12317 4957 -896345797
12321 7045 858143689
12325 7753 163210354
12329 1749 -61191688
12333 12121 -467765461
12337 2157 -440067311
12341 9605 -406030506
12345 2729 -525994368
12349 4509 -321868761
12353 729 -955841203
12357 11273 -684992817
12361 11669 -389638510
12365 11545 306129135
12369 4465 853902938
12373 8821 100602777
12377 10533 478065314
12381 5393 -931245518
12385 3821 32447413
12389 9481 293724770
12393 9865 -825846138
12397 11637 706208167
12401 8017 -64160001
12405 9969 -971588538
12409 12237 -153667047
12413 6089 -971806249
12417 10597 -967209936
12421 7277 -983062313
12425 11345 -605078172
12429 2505 -208978995
12433 7837 10455878
12437 7701 732441533
12441 11785 474265026
12445 77 284001394
12449 4249 -292727310
12453 6185 -766609294
12457 6953 -342647360
12461 2341 67689623
12465 9785 198927293
12469 11025 -229011656
12473 7109 -943109503
12477 2733 -684502897
12481 6537 -151960700
12485 8245 -45086059
12489 6425 883975401
12493 749 -431554304
12497 3485 209649195
12501 1701 481831660
12505 5641 -148568896
12509 5077 842746578
12513 10485 -358234359
12517 11573 625971011
12521 11897 -957627558
12525 3289 919990056
12529 5713 574374962
12533 929 183488197
12537 3013 -58354691
12541 1557 -398430632
12545 4525 -923839644
12549 11213 -412405485
12553 9513 446619012
12557 1625 -625595720
12561 2137 -487934241
12565 6701 -703718730
12569 5449 -419550803
12573 9337 -534567078
12577 8281 8408287
12581 3769 13172810
12585 2765 -60601065
12589 2421 -653746463
12593 10097 -844618563
12597 12125 -176516860
12601 7877 794574673
12605 7065 362148372
12609 12481 -62806193
12613 2537 -534228473
12617 10821 -13007493
12621 9653 -462580688
12625 5037 560874221
12629 11565 211104046
12633 1025 492631652
12637 11969 -926773889
12641 3193 -571897188
12645 11017 -778174296
12649 6541 -114153335
12653 7685 -300976528
12657 2857 159355614
12661 11585 870204744
12665 661 -546451565
12669 301 696883942
12673 12225 -60586625
12677 5205 520437523
12681 2361 567436500
12685 1945 733174070
12689 12097 -77482598
12693 805 644787623
12697 2889 182877427
12701 11017 -787189595
12705 1057 308970916
12709 2961 497665547
12713 7437 328643846
12717 5629 -856030059
12721 6553 -795790504
12725 11473 -525940550
12729 85 123900761
12733 9237 166376762
12737 7849 -638367243
12741 10165 -753324580
12745 9681 -666093708
12749 9073 40105458
12753 12265 407231530
12757 3969 -822091359
12761 8081 286804376
12765 3617 -672999279
12769 6193 -877578416
12773 10125 -923914986
12777 157 564955140
12781 2401 -749599129
12785 9381 -862452533
12789 3161 -145337045
12793 9933 616137125
12797 4173 747549350
12801 1841 770550925
12805 5049 261575948
12809 9701 937808127
12813 7701 599695286
12817 12409 884612757
12821 12145 193048978
12825 8941 -332511285
12829 8273 607561421
12833 6477 435228134
12837 6293 882697735
12841 12309 -976407646
12845 8325 -550367446
12849 729 124490690
12853 12241 -264094959
12857 4289 313418269
12861 401 487625716
12865 3333 293795309
12869 837 -716625758
12873 8365 880012859
12877 4797 569429519
12881 1845 -64336472
12885 6113 488159109
12889 6401 -365961666
12893 12469 -18581878
12897 12285 298773882
12901 6153 980756413
12905 1221 372751803
12909 10489 48392360
12913 8225 108331727
12917 10145 190001134
12921 7005 741820505
12925 1437 -793867322
12929 11881 880874537
12933 6345 684075395
12937 713 -286171791
12941 8397 538779066
12945 1937 -442790299
12949 10965 174689192
12953 9169 -12111517
12957 1601 -379058806
12961 9269 -98065650
12965 8169 -159992633
12969 925 -101174169
12973 6521 -312966409
12977 10613 942582710
12981 7377 859253701
12985 10365 -284608604
12989 4121 628336126
12993 12817 -583226746
12997 3117 -916007791
13001 8197 -142608178
13005 4733 901991021
13009 8785 -752593523
13013 11241 -787209354
13017 6053 -689242047
13021 4009 99630002
13025 4869 381444873
13029 9405 351414898
13033 11177 -94017156
13037 4413 -11495517
13041 11789 -588939853
13045 9281 -931177275
13049 8289 132778036
13053 6357 47884814
13057 2241 -770201887
13061 11417 971873248
13065 12161 86530757
13069 6913 24027493
13073 3305 -525813070
13077 12597 111007409
13081 10481 -373115650
13085 6957 952744153
13089 7793 859199339
13093 10473 -519741054
13097 8797 560452042
13101 9173 -808593236
13105 10233 -980880415
13109 2821 -130060711
13113 1529 -892479860
13117 6373 443380434
13121 12273 -667514220
13125 11657 559483915
13129 6669 -882243512
13133 8581 152532828
13137 7005 -373171489
13141 565 -161681381
13145 5665 -750022058
13149 9049 930739470
13153 5033 564008666
13157 5529 -834326160
13161 11817 -444838444
13165 7893 -817104623
13169 11161 251937307
13173 13133 290702756
13177 11969 60698229
13181 12429 955297557
13185 1513 237480166
13189 1029 440987615
13193 12413 -124916120
13197 5865 -950551920
13201 11933 882611644
13205 3045 791099583
13209 2433 -726998583
13213 5889 -706402690
13217 3529 629414052
13221 6485 539326946
13225 11029 -939119235
13229 13173 535369084
13233 1397 461152764
13237 9665 238823003
13241 757 215889586
13245 3801 -304279878
13249 3265 625681629
13253 933 -833228062
13257 8061 -725001238
13261 13057 -312348858
13265 6581 754918258
13269 3305 -904122027
13273 2945 -48758307
13277 11373 -47605358
13281 6601 -728921834
13285 7601 855067676
13289 8745 29553366
13293 3189 591914075
13297 11245 998003259
13301 253 745696349
13305 9813 602159148
13309 9221 615539340
13313 10689 501022272
13317 1177 129467968
13321 4277 90912175
13325 10453 10748814
13329 377 -343527378
13333 6653 -925286539
13337 11881 536178484
13341 11789 947120410
13345 4273 120197259
13349 305 -492235663
13353 3637 84489652
13357 11381 648284040
13361 12561 -831431032
13365 10933 -933135236
13369 5925 -80897375
13373 9373 556416663
13377 397 -680490457
13381 233 -58350767
13385 4381 -85530504
13389 2705 259884695
13393 889 452911880
13397 1373 -50703641
13401 8917 -519286716
13405 1773 -410949409
13409 9577 -32938500
13413 11521 -336333455
13417 1545 426824772
13421 11985 -212226653
13425 433 -641804551
13429 11381 -742597705
13433 10197 -872171569
13437 10469 -625823140
13441 3529 -273368272
13445 7897 -230999293
13449 3789 -245242610
13453 10077 451050985
13457 12149 -402373132
13461 12729 -80209617
13465 13453 -701445411
13469 1245 427545246
13473 4693 -249167926
13477 3389 20373600
13481 765 -260391278
13485 7861 652517063
13489 13237 -176218696
13493 4673 -269759382
13497 6761 914967906
13501 5485 -553941958
13505 3121 -540182842
13509 9125 373247143
13513 5793 492539559
13517 5281 654869668
13521 8629 819741474
13525 2689 -853727489
13529 6197 831467588
13533 11365 789103465
13537 2673 333450754
13541 3001 392360803
13545 12945 -587068848
13549 9201 -846238546
13553 7481 336355845
13557 6245 21407006
13561 9853 -819857198
13565 4241 -334897283
13569 4341 -5321283
13573 11841 -524781014
13577 1801 -560002561
13581 6265 -579328224
13585 13461 272314314
13589 13553 270737677
13593 2933 679786052
13597 3669 -76876494
13601 8717 238583780
13605 821 -43613376
13609 8297 250792201
13613 8497 670339522
13617 3241 -735736704
13621 5609 -454432770
13625 8105 -493842937
13629 957 -818067518
13633 7241 -336790151
13637 12777 160749145
13641 6137 932073151
13645 1997 -963422941
13649 3501 873524540
13653 3537 -133906763
13657 10077 288127722
13661 6473 300988737
13665 5297 -102482089
13669 4885 -941699349
13673 13565 573045578
13677 13669 78632678
13681 12333 -268550107
13685 5969 330920491
13689 11857 -209129595
13693 813 530157774
13697 8365 721225836
13701 8105 908050148
13705 2005 285592244
13709 3969 -887238359
13713 12301 945666822
13717 1945 -974228211
13721 7705 -752433050
13725 5697 -183579514
13729 11737 -694220300
13733 10153 -443274411
13737 8585 -788090029
13741 2049 733762261
13745 1793 650695384
13749 2721 -486030268
13753 1289 -234448905
13757 1697 225043769
13761 9277 -585068812
13765 7217 207848949
13769 2393 -875112271
13773 7873 -825555022
13777 10193 -507073763
13781 3589 -181528710
13785 10505 575905951
13789 2621 -668951449
13793 4353 -136019276
13797 11453 218620076
13801 4025 578988541
13805 1101 821096243
13809 9161 -853446642
13813 1381 -662980294
13817 11481 306293802
13821 13461 -456161783
13825 4165 687210383
13829 11061 -380644262
13833 6805 945858235
13837 12905 -538819015
13841 13189 -46101173
13845 13429 -612546894
13849 5941 -389872788
13853 1477 444323656
13857 989 523154213
13861 10877 -570779023
13865 4849 199058158
13869 12265 -580232310
13873 9205 -436839742
13877 8009 355220663
13881 7405 -209254928
13885 5045 -67385847
13889 11269 -139345610
13893 9325 -458301960
13897 7377 -768609117
13901 9061 -510448193
13905 12897 681716841
13909 11917 364114363
13913 7313 947933459
13917 7457 314206430
13921 11073 -474753005
13925 4649 4900638
13929 585 -600532020
13933 1605 997083920
13937 9653 -451556346
13941 11317 -78777259
13945 13801 772889413
13949 9637 758488510
13953 6893 453378393
13957 8613 -439628718
13961 2005 -134044367
13965 6369 15510424
13969 3445 466621404
13973 10029 -148976592
13977 13737 -509764525
13981 10301 -155489057
13985 8073 -392981925
13989 2433 -984507980
13993 8893 -402404037
13997 2493 -410101726
14001 7633 -531455012
14005 13693 97364188
14009 4101 80775636
14013 11037 -657005843
14017 3097 592750017
14021 5469 844885530
14025 10485 -422246140
14029 5905 -391249969
14033 2565 -326319243
14037 11565 492325158
14041 3325 864832137
14045 10053 764352776
14049 9949 -979391237
14053 5725 -790108945
14057 7329 268681411
14061 14057 -427930509
14065 17 947911443
14069 6189 -53428901
14073 9461 -937994622
14077 2945 688910043
14081 4481 317776897
14085 10741 -975790584
14089 3173 833898691
14093 13361 317621672
14097 13445 -952519574
14101 12805 -486665333
14105 13193 -365410314
14109 1909 764809960
14113 5797 -962437441
14117 12053 723235178
14121 12481 552436472
14125 13253 871078298
14129 4617 899263469
14133 12885 222273249
14137 4249 -748040211
14141 1745 -93985470
14145 325 -201365437
14149 12281 693699327
14153 297 -71900054
14157 13089 277902599
14161 7169 -362421559
14165 1741 61547797
14169 7449 353021385
14173 10169 834274486
14177 5957 762389330
14181 845 858942550
14185 8009 -500445983
14189 8701 -509501449
14193 13161 -846738758
14197 10977 261575173
14201 4437 442002425
14205 7201 454776002
14209 2693 -986369307
14213 8257 392691005
14217 7081 -947735464
14221 3237 -482996142
14225 3277 -461350663
14229 13381 685262557
14233 1813 288399549
14237 11189 746437338
14241 1173 591757353
14245 13593 233136539
14249 11585 337359937
14253 2909 293716385
14257 2637 -121458826
14261 7513 -249194174
14265 13617 441001008
14269 8425 422165142
14273 65 95005084
14277 4117 110681239
14281 7425 173913981
14285 7853 729117775
14289 1945 197806555
14293 7037 87020349
14297 2257 308470767
14301 12941 974441157
14305 5489 -559861921
14309 1809 -527165525
14313 4913 408064479
14317 13793 826690733
14321 13473 443219826
14325 4421 -174000879
14329 11565 394347988
14333 11485 -347970996
14337 6505 -635536341
14341 3993 509099855
14345 373 -127278027
14349 13853 862191279
14353 2989 -130930624
14357 12793 458863417
14361 13485 483428134
14365 10665 674663928
14369 1885 54769008
14373 2121 -314193152
14377 10977 -955030231
14381 1353 -163708578
14385 381 -373758876
14389 7837 475079047
14393 12949 -258383281
14397 5665 60975617
14401 8945 -437006209
14405 297 -736952785
14409 3085 222871818
14413 2305 118481278
14417 8633 -688885738
14421 6237 -488009790
14425 12157 -6461568
14429 13101 345231782
14433 9505 137703667
14437 10493 -540561129
14441 10393 -348665999
14445 6425 916543048
14449 881 74403318
14453 5205 577984598
14457 3729 255516051
14461 8077 -630006660
14465 109 408762117
14469 13249 -582087944
14473 13901 670222340
14477 7525 -168273615
14481 9841 436131387
14485 13905 -147400241
14489 2297 -420975209
14493 1973 986149855
14497 2721 25574617
14501 5289 458609187
14505 4829 -223057900
14509 5357 -263363350
14513 9209 -188934939
14517 7377 121912427
14521 4141 409215812
14525 2013 -697492473
14529 533 903743257
14533 12877 -784507607
14537 10681 300138408
14541 4905 934176454
14545 2777 987278319
14549 6825 -438457687
14553 2605 -727165873
14557 12785 -294397458
14561 10585 192832183
14565 13945 281381919
14569 7941 492535879
14573 5641 518449845
14577 313 -949781360
14581 953 -23720771
14585 6365 417840330
14589 7025 -393121157
14593 14377 727208352
14597 12777 784382338
14601 3381 -243928689
14605 14385 -595552452
14609 6413 -108582129
14613 13625 -252158181
14617 4349 -750116175
14621 12825 -284201168
14625 10273 752135428
14629 3025 -527385955
14633 661 -755891386
14637 13301 127172015
14641 11937 776615150
14645 12097 -814555739
14649 13781 -201354406
14653 8597 404558874
14657 13061 916336719
14661 1025 -431611546
14665 12297 694627457
14669 11285 -469368349
14673 3621 -711715489
14677 11865 202011185
14681 2657 904142895
14685 4809 606607730
14689 6857 326981
14693 9869 -412277937
14697 13181 -434156587
14701 4917 -787782136
14705 2413 528272220
14709 13581 426080676
14713 3797 -688743967
14717 5673 896171553
14721 11193 -729677566
14725 10641 468988554
14729 1761 244263084
14733 9817 882344035
14737 12325 -471542713
14741 14337 -78640451
14745 5829 427071090
14749 14077 254676036
14753 11209 -362292890
14757 3597 -285864844
14761 7341 -455785110
14765 1561 -156618576
14769 12525 657086048
14773 6161 984775911
14777 5913 217368281
14781 10937 373822588
14785 2345 965946417
14789 12453 105097669
14793 14465 -798684766
14797 5933 988103425
14801 4385 -202201839
14805 12533 -729224979
14809 10745 840176118
14813 5493 411418948
14817 1233 -507626624
14821 321 -536304562
14825 12745 -420480776
14829 1753 -904223785
14833 3237 -505987085
14837 14473 -829875975
14841 11117 -337022014
14845 11721 -767137096
14849 8965 369380955
14853 3697 58412770
14857 2093 824709542
14861 1333 349495241
14865 29 -755224782
14869 145 -293087623
14873 12057 -427018555
14877 2737 182139329
14881 10125 749968881
14885 14529 -811498952
14889 3613 -668087103
14893 12341 51457457
14897 10457 -370648570
14901 14833 956037945
14905 8125 244808458
14909 8785 -300514950
14913 14341 466550061
14917 6897 -37946553
14921 1349 361421969
14925 2409 -603373260
14929 14249 287529423
14933 5397 858780145
14937 11465 -167160482
14941 9501 -586388722
14945 13213 -345714135
14949 8489 -435278362
14953 5133 153042927
14957 13249 -809657740
14961 2109 -568795594
14965 3305 -713234422
14969 4345 632525535
14973 12769 -829480207
14977 14009 -980615355
14981 3697 459455902
14985 3385 968902511
14989 3001 -866642790
14993 13921 -610835743
14997 6201 133856211
15001 4433 953078350
15005 7721 -625670866
15009 11825 419166765
15013 3029 767237399
15017 165 812245216
15021 14525 -549990089
15025 8901 -57826913
15029 8777 -735976910
15033 10737 -997834491
15037 14737 -751504111
15041 5733 817926293
15045 5905 -140061681
15049 5873 -586049013
15053 4301 742356755
15057 11925 -614016435
15061 13573 -285759700
15065 8801 -919098570
15069 8429 -448315531
15073 12357 -663570789
15077 5537 -183493206
15081 4537 112329357
15085 1585 838979266
15089 301 893480388
15093 10929 -130918032
15097 4901 947976260
15101 317 608618344
15105 621 -863718365
15109 3969 -508278411
15113 9593 -832782391
15117 5349 -841409414
15121 7597 -988264293
15125 4257 649108951
15129 2729 -849175244
15133 8857 -739623072
15137 13561 891460269
15141 12105 -152757808
15145 7385 -293554129
15149 14425 819360467
15153 4241 515382311
15157 8289 645193817
15161 14061 -580308383
15165 1057 -885472709
15169 4989 298466423
15173 12997 -781891555
15177 8909 873356767
15181 13505 351537532
15185 3053 238000409
15189 8249 -613301412
15193 2149 -995463840
15197 2701 926053204
15201 4677 773872137
15205 5529 587360993
15209 6053 309078120
15213 8637 28442821
15217 10497 229581478
15221 5157 236974046
15225 5829 453929486
15229 8821 125755496
15233 5861 -43610830
15237 9529 838697591
15241 10373 710492463
15245 8461 -716115505
15249 12157 95732873
15253 6009 54086693
15257 9257 745784822
15261 7645 301298176
15265 3677 259329924
15269 15217 -311899166
15273 12573 -24606768
15277 4289 -944528210
15281 14765 -298559981
15285 2661 466578313
15289 6457 -46615216
15293 1633 114675288
15297 7553 727034930
15301 2681 425842478
15305 7145 -72928989
15309 3741 -70928173
15313 8545 619027693
15317 261 -463401993
15321 12525 110347794
15325 12581 -877492868
15329 3757 985285727
15333 4217 925965001
15337 2669 351864454
15341 10513 529440512
15345 14429 110095785
15349 11773 81499880
15353 12357 926240250
15357 325 -272271214
15361 1601 -740289317
15365 5989 -231839314
15369 9117 -800606127
15373 9781 300863458
15377 6169 427409913
15381 4541 -806636360
15385 6457 -629230631
15389 13109 -960385231
15393 3797 -940042769
15397 9745 -510653565
15401 3453 -431228225
15405 14489 -124136948
15409 2581 -424588643
15413 2133 368145354
15417 14277 -954363610
15421 4565 -185178033
15425 6501 535148295
15429 9793 -554830790
15433 7013 -715587887
15437 5477 711230976
15441 11369 490776173
15445 5397 -18279121
15449 3157 665970797
15453 7365 -900203851
15457 3817 225394671
15461 8709 -422194374
15465 11621 -723672191
15469 5793 -58375490
15473 6381 -144166543
15477 4421 247839957
15481 3709 -762512953
15485 5669 757101476
15489 12909 554698234
15493 1097 -224777684
15497 4217 -652578214
15501 1613 -896491522
15505 12485 385052754
15509 12385 705002302
15513 14621 -33036552
15517 10461 720678725
15521 5585 217087436
15525 2573 -9172301
15529 14685 -766663311
15533 4193 -612675688
15537 7817 791753748
15541 14925 375739702
15545 4521 -753998086
15549 6813 -591275881
15553 8801 217428230
15557 8021 -73758911
15561 1561 566164964
15565 11105 -894160860
15569 6325 675875551
15573 4249 22859309
15577 1149 -251813660
15581 11065 -244887847
15585 2833 -535064080
15589 197 801023883
15593 5473 -376999687
15597 8617 -18121595
15601 4505 865211717
15605 9293 -715436698
15609 5825 -501425145
15613 3117 -203698161
15617 10109 370487640
15621 6425 187370568
15625 7885 -523997273
15629 12929 373895695
15633 5581 388714695
15637 6657 -167878858
15641 11237 645599290
15645 13861 -228533819
15649 10617 748004335
15653 781 -83170739
15657 6945 -265216104
15661 1917 -929183801
15665 3597 276381399
15669 14077 734891773
15673 6793 -46360526
15677 12597 -332538177
15681 14921 -258395427
15685 3377 -253932321
15689 9473 711997391
15693 6601 -683897256
15697 12609 -195438274
15701 13289 493045828
15705 7793 -399805180
15709 6413 -272566179
15713 15097 456401242
15717 709 -501169327
15721 12741 916188764
15725 8617 -853202771
15729 3301 -329477276
15733 12757 -576483670
15737 13505 5197089
15741 1261 -922969581
15745 8653 -937190674
15749 3609 726443321
15753 5165 233982153
15757 2213 -829507346
15761 11437 -532606477
15765 10877 381857542
15769 6885 -51466882
15773 4517 410543485
15777 2513 224592318
15781 2077 -909302497
15785 6625 991336698
15789 4569 -795270294
15793 7205 -911380121
15797 13205 445652091
15801 15529 784482825
15805 15585 -705406196
15809 2365 396202537
15813 3697 497002136
15817 8281 -624717437
15821 2865 115512032
15825 12241 -774656830
15829 8397 885228030
15833 2965 59557612
15837 2625 410286812
15841 6577 643285662
15845 1701 372848043
15849 12905 494130068
15853 14293 -871558386
15857 14585 -106866843
15861 11505 584136124
15865 2893 -280866268
15869 4601 -191827157
15873 15121 -363992421
15877 13577 -749055710
15881 3965 -918977527
15885 15117 -560853697
15889 10985 -409682768
15893 13489 779210066
15897 15437 131517440
15901 5637 -256531627
15905 6137 -356475530
15909 361 939684734
15913 15009 989116824
15917 6917 58852933
15921 1033 551795257
15925 13801 -94319555
15929 1333 255598603
15933 2577 -193881639
15937 7973 -196183788
15941 13525 23023977
15945 12909 179271290
15949 4697 -919388313
15953 6265 108289482
15957 2801 -412027329
15961 4485 -664891889
15965 4937 966480631
15969 11481 437855405
15973 6197 -519869867
15977 11297 -336516348
15981 6061 -591713279
15985 9361 168771710
15989 10005 18355615
15993 9801 -693014692
15997 6745 -83086760
16001 13237 901341926
16005 12113 915936849
16009 13845 241673869
16013 525 279379444
16017 9085 214054806
16021 9073 -927841993
16025 11369 652349914
16029 2625 -477563651
16033 10785 -503495943
16037 14009 -578668493
16041 5825 952854211
16045 8621 101769399
16049 4205 -296111953
16053 4317 148115022
16057 1033 -623777912
16061 1517 258161585
16065 3185 971100272
16069 1481 407444271
16073 7661 484244277
16077 15921 -51260660
16081 14709 -752717021
16085 4645 -196700767
16089 10821 196559659
16093 12781 -419266631
16097 1701 -133949632
16101 5141 -338365922
16105 2253 797427635
16109 14161 69910213
16113 11841 945054281
16117 2045 483295364
16121 2941 -164344983
16125 13761 -796519813
16129 7097 -986508121
16133 8065 -606827427
16137 8569 -704496124
16141 7677 451373433
16145 9461 635995019
16149 15333 -280127226
16153 4409 521734024
16157 15125 -569899347
16161 1769 687303257
16165 12649 876402790
16169 15537 -787816346
16173 8049 232063592
16177 12517 -65528842
16181 1865 -718434600
16185 6445 342129173
16189 3281 534394875
16193 6677 152806818
16197 11009 -319300863
16201 11573 966782091
16205 12269 880055539
16209 8965 992279428
16213 11221 -8817168
16217 14637 -423055231
16221 10337 731758083
16225 10425 -384404610
16229 4789 -856676706
16233 3509 666136419
16237 11657 -143160038
16241 9513 -455604126
16245 15617 -156738168
16249 13977 2743528
16253 5801 -276408055
16257 7137 485014039
16261 8453 -541605819
16265 12073 513884400
16269 11609 771476275
16273 1089 717265674
16277 11609 547841979
16281 12325 791109954
16285 11953 -637417222
16289 3241 -494271397
16293 9817 29174399
16297 8705 902960405
16301 4681 -889248959
16305 10865 377483804
16309 849 -428999827
16313 15937 -361809037
16317 6845 404116148
16321 15081 338359029
16325 15189 173574744
16329 6313 654655169
16333 12837 164632585
16337 13753 980319068
16341 4377 -641567620
16345 14169 405504640
16349 5225 172528689
16353 1129 23765726
16357 6753 -634401484
16361 9765 -735380772
16365 12441 -716654995
16369 2377 716956521
16373 165 -455654366
16377 12821 239237020
16381 5509 353749880
16385 12129 -317593305
16389 10557 934581680
16393 6073 997264654
16397 8141 -222948347
16401 6309 581117394
16405 2101 909069843
16409 4905 706368592
16413 1565 405756783
16417 9765 229946900
16421 10105 -734377500
16425 3865 72698184
16429 1965 468584975
16433 7813 839941126
16437 12317 649879700
16441 1405 733784771
16445 2541 -617196554
16449 16369 880702721
16453 11785 -835934516
16457 12349 -278020775
16461 2137 100920533
16465 7253 176369753
16469 11257 280496978
16473 717 534302083
16477 6593 745798821
16481 12689 -95852078
16485 13729 -946591158
16489 8001 -901657293
16493 10601 690248234
16497 7313 994065991
16501 16061 -642173249
16505 6117 108532882
16509 11961 -906308045
16513 6885 828316235
16517 12741 -192507675
16521 4557 -832956493
16525 16325 543153583
16529 7741 -455116778
16533 13637 654446880
16537 6905 632983153
16541 4429 811075624
16545 13837 -698460082
16549 12097 -383674432
16553 2553 -909716302
16557 8149 597012357
16561 15061 -916341428
16565 5465 758920490
16569 8825 552823019
16573 2193 -778333162
16577 14729 119450815
16581 3821 -533083521
16585 589 -934549423
16589 12477 -964310830
16593 4601 -467342910
16597 16357 415821140
16601 5137 664486217
16605 6421 -88042052
16609 1613 138536830
16613 5613 -663432853
16617 16333 124435490
16621 8953 -218425531
16625 16361 127549558
16629 7585 -300304617
16633 6569 -87628709
16637 12749 775358927
16641 7057 252279803
16645 12541 -296931306
16649 7245 620053449
16653 16641 2667645
16657 8225 991821205
16661 2485 606985015
16665 16317 -953472952
16669 13977 401304636
16673 3109 196166032
16677 6345 -783096594
16681 8529 -643698657
16685 4425 578202897
16689 12025 174000935
16693 2393 709323186
16697 13257 433705970
16701 15893 -946273779
16705 657 -447100815
16709 7297 695209592
16713 10113 -736856492
16717 5141 -199064102
16721 6441 -779035064
16725 13633 38414657
16729 7345 437535358
16733 11785 435538280
16737 4789 -401716337
16741 10765 563447412
16745 5933 441913962
16749 13693 -391964890
16753 13841 -709020322
16757 8609 -752344528
16761 3573 558109895
16765 9061 453353414
16769 12037 -18388021
16773 11689 515033870
16777 14929 682087979
16781 9657 -338515868
16785 1293 448681227
16789 7161 275209926
16793 11229 666041748
16797 173 713819489
16801 14997 474329867
16805 3877 322188603
16809 4145 -582293230
16813 7757 -698789582
16817 8865 699469106
16821 16113 -907698686
16825 5513 137595151
16829 2401 -893765309
16833 3841 463337104
16837 8161 944891079
16841 3465 524472910
16845 7081 -915923766
16849 457 -441718850
16853 13485 160419027
16857 8221 193745316
16861 7237 138728612
16865 2229 148161599
16869 11477 669339341
16873 12889 -259137912
16877 1637 -583813874
16881 11277 -114453020
16885 973 -548935636
16889 965 474141671
16893 9145 -375827451
16897 14505 -922829736
16901 15257 -201482398
16905 3537 -227075818
16909 10601 -8814863
16913 7237 956468830
16917 12457 132829034
16921 7981 371591690
16925 3337 -410510114
16929 14069 -391894025
16933 15481 -162704563
16937 15137 -545438183
16941 10421 -705797095
16945 3565 -556077108
16949 629 800169176
16953 3509 -651225262
16957 14861 -862453719
16961 16377 165651880
16965 2069 -239513096
16969 14905 4094633
16973 16541 823680931
16977 2617 -25775064
16981 12213 -720520242
16985 13313 682299151
16989 4421 -53930884
16993 15621 570206909
16997 13289 45091538
17001 2357 793228632
17005 16465 -833928808
17009 15037 203498758
17013 14169 522809118
17017 197 -952941448
17021 5445 -66059462
17025 14313 -962930202
17029 373 -510846880
17033 15693 -563483499
17037 9829 -887057503
17041 9193 -547509698
17045 2025 -199202023
17049 10469 186243316
17053 12409 314917353
17057 3061 698620888
17061 1441 75239440
17065 69 -821538362
17069 2781 811679105
17073 10053 353084265
17077 15409 899132767
17081 7713 -291822257
17085 4429 -917537866
17089 15397 -675615356
17093 6413 -930005633
17097 8865 -11211346
17101 3145 -531795944
17105 15517 700981645
17109 7953 983598137
17113 10189 -225544142
17117 16173 745956541
17121 8401 -670502346
17125 4745 -816809842
17129 15853 -611783621
17133 12789 742321221
17137 6377 -127809766
17141 12941 252242655
17145 8157 -883780954
17149 905 -203874879
17153 401 -802893142
17157 6241 -617279854
17161 15349 674728720
17165 1517 -564138690
17169 16653 662524806
17173 8621 -590848541
17177 3921 815750443
17181 3861 224858262
17185 1393 -701450463
17189 497 -78274645
17193 9129 167574538
17197 4917 -708329397
17201 13057 -6821347
17205 12377 111394438
17209 6437 716720653
17213 9285 485280951
17217 3445 999858457
17221 2873 276146251
17225 10229 224078895
17229 10761 -563936138
17233 9141 633353346
17237 5041 627831712
17241 7217 772163729
17245 17197 447410373
17249 2317 -493685239
17253 15653 -751715226
17257 10293 545293845
17261 16017 -248713064
17265 15553 -450857393
17269 10745 -632099811
17273 14013 -403406703
17277 3325 -939007059
17281 4405 -929945879
17285 10297 -327516715
17289 10197 -353822995
17293 2653 -754501910
17297 5033 17594829
17301 1621 -750757469
17305 11125 -184131905
17309 2653 -183270215
17313 4541 407295013
17317 13297 583170178
17321 4353 468777314
17325 3089 104334892
17329 11225 755568768
17333 9193 777739557
17337 8689 -997775815
17341 15465 745566668
17345 1225 -447602577
17349 10465 -120314767
17353 12149 -242052412
17357 3505 336883632
17361 14089 -240501955
17365 13845 842032929
17369 5309 -947573388
17373 11089 -594839612
17377 10813 996663668
17381 965 -494135687
17385 8881 -633785442
17389 16281 729089793
17393 12409 -143507074
17397 16429 -97594389
17401 14421 301109798
17405 16129 -754955213
17409 9417 -137469231
17413 14801 -985153445
17417 8985 -887955342
17421 2925 -624289519
17425 5097 -573004012
17429 12793 -57100366
17433 15809 -514351726
17437 13069 404244929
17441 10713 463672277
17445 3309 77722170
17449 8441 723768811
17453 11181 430912147
17457 2825 204150169
17461 3397 -351584656
17465 6421 485691719
17469 601 -776475509
17473 15853 -939109217
17477 11653 -141909961
17481 3281 911842909
17485 16237 -160407463
17489 4349 -609601783
17493 7725 527083965
17497 3705 117273968
17501 11865 516018207
17505 2869 684930518
17509 4769 145095565
17513 9505 42504699
17517 5161 685724868
17521 4137 -997021855
17525 6213 90066897
17529 16957 879946442
17533 6653 308148030
17537 10565 -787488533
17541 15889 486543345
17545 6961 -410791973
17549 6389 -573182116
17553 17009 -949759562
17557 6661 -206337821
17561 2709 249542270
17565 4969 -648671301
17569 2245 -217564805
17573 3665 -917182591
17577 13465 -309989253
17581 13701 -512766240
17585 8897 294283857
17589 16989 356707771
17593 8489 -689176681
17597 6961 709708009
17601 9181 418470617
17605 14153 -569840918
17609 15405 -273424428
17613 12013 236752245
17617 297 -279510820
17621 13521 -476228435
17625 1637 -416950384
17629 17117 899699942
17633 4653 713645966
17637 10545 -893720908
17641 10073 -977227377
17645 5409 469774793
17649 3093 138723496
17653 233 -20729524
17657 12521 305560683
17661 9505 528475673
17665 4617 -182158076
17669 8445 802149747
17673 3109 277254495
17677 9473 271534865
17681 6605 -419413738
17685 5433 -281540277
17689 3497 -575640246
17693 7993 315505128
17697 4661 234979549
17701 793 744781728
17705 11773 -565476665
17709 17337 -245954751
17713 10681 -619586361
17717 7985 717417306
17721 8037 47044043
17725 14805 -402337882
17729 10209 -25120437
17733 14513 -341936992
17737 7089 -220563956
17741 16505 -498399781
17745 13981 -87332463
17749 12893 -551078638
17753 6985 -596740922
17757 3097 -430387133
17761 17053 494745149
17765 4393 -789954843
17769 3513 23229428
17773 7517 129570410
17777 9493 474387616
17781 241 458484059
17785 13117 -967721860
17789 14377 422474066
17793 14001 -784432128
17797 3441 447081955
17801 14769 412661282
17805 5349 399990303
17809 7841 -948556214
17813 13673 206122895
17817 12365 -332767742
17821 4569 693799205
17825 3161 717760681
17829 12913 444961659
17833 329 762557105
17837 8833 -816045916
17841 16873 -248636790
17845 13205 -492979937
17849 10925 376499116
17853 3961 62344930
17857 15713 -228716450
17861 6949 147891038
17865 5329 768698519
17869 4425 880079345
17873 3061 337629866
17877 10649 697646527
17881 13085 443381405
17885 14941 758347895
17889 11445 892836127
17893 3977 740158002
17897 4105 205541031
17901 15441 -104634441
17905 5433 -341806981
17909 1477 141986727
17913 12125 -418262585
17917 5173 -30602170
17921 8401 -450655564
17925 10617 -341742484
17929 429 -887465752
17933 9657 -297175051
17937 4865 197702594
17941 16017 -799599463
17945 6445 -36076157
17949 6281 -64735414
17953 1485 604950154
17957 6733 -856408876
17961 7145 196514029
17965 9121 -439349035
17969 7157 288696586
17973 7321 89864247
17977 17121 393755381
17981 6657 565650052
17985 8381 485537913
17989 8769 362253374
17993 3773 -65646993
17997 2401 -257208318
18001 17661 -221010886
18005 10973 -802820591
18009 1329 -384879744
18013 13477 475729175
18017 3413 -259877382
18021 6369 509930451
18025 2293 865875266
18029 8557 650948333
18033 197 291996663
18037 10001 -456987176
18041 12641 850210733
18045 17277 -561562793
18049 8069 -380293664
18053 16297 -576899757
18057 5193 -570615571
18061 5693 309306773
18065 7761 -791109713
18069 9545 654805312
18073 12665 -623375745
18077 6041 -391866509
18081 10985 -91929090
18085 14033 780137498
18089 8041 -376788334
18093 8353 948183637
18097 2605 965294387
18101 9 -306459329
18105 8237 -17541016
18109 8445 561962977
18113 13297 547304943
18117 2073 522967708
18121 13365 47525128
18125 10605 267690930
18129 7601 -931477021
18133 9417 510651562
18137 9137 -931162041
18141 357 318636721
18145 4381 -239533719
18149 5925 212817299
18153 17625 709513695
18157 10193 -403883264
18161 8049 -35782879
18165 15925 -266833696
18169 9937 391098206
18173 15521 -55754873
18177 14657 282446975
18181 13841 673886165
18185 9549 931011496
18189 15545 373809442
18193 9369 -238049473
18197 15129 930214990
18201 10745 -102257927
18205 4793 -295885346
18209 11577 -424799351
18213 16105 -651136956
18217 15037 -334394729
18221 1381 219696747
18225 7449 650732607
18229 15917 374280502
18233 12621 -770912551
18237 905 167594682
18241 8481 36992747
18245 16585 -844117592
18249 15997 851812374
18253 14749 921368187
18257 5229 672837998
18261 3793 605516369
18265 14493 -400223812
18269 3621 -47646804
18273 15777 -911996660
18277 10901 589001265
18281 8769 199317132
18285 10601 978616954
18289 12037 983656313
18293 1197 482653378
18297 16565 682521308
18301 2757 595042054
18305 1273 -645841145
18309 12797 -582790490
18313 10269 706547807
18317 15301 -546289887
18321 509 -196128527
18325 14185 -266880456
18329 5461 787230744
18333 497 -96732532
18337 18205 -174509156
18341 9589 13483941
18345 7341 -256631236
18349 2565 -409980839
18353 12361 360720863
18357 1213 -513353536
18361 713 -318271117
18365 4737 -571859284
18369 8841 543389015
18373 15673 375928950
18377 12837 -51422113
18381 5273 154354880
18385 3225 -954096367
18389 6573 21012413
18393 6937 108146844
18397 9881 696524319
18401 8365 -420988800
18405 2165 -427240376
18409 1481 -456781730
18413 4921 990147960
18417 18233 -816330038
18421 1349 -243078008
18425 17769 27999527
18429 8673 -171062735
18433 7153 -460094352
18437 18309 188881110
18441 12601 -625648562
18445 15077 -257819986
18449 1425 -584638243
18453 6181 -186588365
18457 4797 566141538
18461 8017 -391551143
18465 18417 261606615
18469 2849 -878052776
18473 1413 -965572689
18477 6241 80937497
18481 14029 -651187072
18485 4213 288844205
18489 10593 920373426
18493 14677 -129154551
18497 16553 962001185
18501 12873 -577062243
18505 3461 -921943680
18509 16777 -419414225
18513 18485 529603460
18517 17269 -740114745
18521 15197 -372863771
18525 3389 287347554
18529 577 -734586891
18533 685 -332882290
18537 13493 518638265
18541 6001 20166019
18545 3289 39611441
18549 5577 454056004
18553 9845 -656423713
18557 9109 971448087
18561 3797 307033316
18565 9085 -697173767
18569 2281 227537940
18573 4885 485481906
18577 325 49840429
18581 421 761750886
18585 11009 84804678
18589 17917 -844898003
18593 16493 707775211
18597 12133 -556054934
18601 7373 585115046
18605 17825 314265520
18609 4257 -788744227
18613 10209 -831145171
18617 5569 545198080
18621 6809 -205225564
18625 10649 32913782
18629 4589 -384072508
18633 10105 203062165
18637 10045 674946912
18641 13581 -205964210
18645 18513 -378154666
18649 17565 -340367816
18653 6001 -270467343
18657 5693 -267822689
18661 4745 -319207219
18665 6161 238584966
18669 4465 -375341031
18673 10285 -491931373
18677 14521 -944804850
18681 3541 -940991438
18685 17433 -477606374
18689 10389 38832319
18693 12297 430583913
18697 10189 -741053056
18701 18441 286315762
18705 6293 -776079595
18709 5093 -215357217
18713 2313 -28930395
18717 15857 749555187
18721 13925 275663502
18725 13069 -552180840
18729 7149 822727688
18733 16713 -109522338
18737 277 -270557027
18741 3025 682060372
18745 5773 112503152
18749 3801 -218642110
18753 889 -608089963
18757 8509 308840583
18761 14421 -407955409
18765 5097 -288957847
18769 17437 -955611241
18773 14605 854780329
18777 13625 -830606386
18781 14981 436148151
18785 10897 -551119892
18789 16753 -240758418
18793 18029 156358238
18797 2177 679649823
18801 13041 505870542
18805 16593 821865046
18809 9601 -34600477
18813 5301 37074821
18817 4445 -161613425
18821 4277 660840553
18825 15977 -673159334
18829 7525 -93956542
18833 7113 268401758
18837 17533 538465744
18841 249 482823000
18845 8865 -428869773
18849 4121 -267656293
18853 10729 -190432760
18857 14649 806680378
18861 16189 -853982841
18865 10121 -80255367
18869 13169 -438915828
18873 6857 530098504
18877 14629 538182971
18881 18865 -91465601
18885 12665 -944421634
18889 15217 -692676814
18893 7069 -647512112
18897 10589 463387658
18901 15581 -63714967
18905 13649 136622090
18909 11617 79437381
18913 2589 -236305092
18917 11737 -620437689
18921 5297 833578908
18925 11101 785573216
18929 3633 -63536724
18933 16461 -754276569
18937 4921 -888649105
18941 3437 160780205
18945 2289 259352563
18949 533 -440109018
18953 3677 863748396
18957 13089 -493150957
18961 8469 37443099
18965 14441 -928826390
18969 117 -100367851
18973 15197 -192092815
18977 13305 -239623697
18981 17597 -758585591
18985 17021 -527438909
18989 11709 624414828
18993 8201 -458459891
18997 11709 -120888997
19001 13989 739276819
19005 14517 -661414063
19009 9601 491374450
19013 4733 899586678
19017 8257 -213180089
19021 10717 -143011909
19025 445 22237110
19029 15597 -563333982
19033 8185 418206297
19037 6673 -910188528
19041 2773 -507341312
19045 11553 852974937
19049 6709 744109888
19053 18073 528296522
19057 1745 749335182
19061 11413 125735729
19065 13385 512370979
19069 13941 -648655890
19073 5929 -162246419
19077 8981 -575122634
19081 18885 417794136
19085 17065 -472478221
19089 1865 -419531937
19093 17537 -907537667
19097 16529 -616846891
19101 8861 956098694
19105 5485 -98618239
19109 4505 849191269
19113 5081 -464793274
19117 8453 -755448904
19121 2793 996406237
19125 11853 930912696
19129 12953 -890914938
19133 16841 -507376815
19137 797 -187039401
19141 10861 -869226555
19145 12997 -993467262
19149 6769 -689236625
19153 5509 -796765159
19157 7681 715985876
19161 7449 -361417898
19165 2117 -548982223
19169 18733 508692101
19173 2185 85408783
19177 8333 467968678
19181 16861 -805044657
19185 2621 -755811244
19189 16657 748393248
19193 14389 139381562
19197 13625 -47840823
19201 3181 293342869
19205 9001 -643121840
19209 11709 183464959
19213 9277 769692551
19217 16269 -317928365
19221 7329 237094687
19225 325 -796110536
19229 2381 975211200
19233 14097 66525013
19237 14997 -771527078
19241 11897 149536082
19245 8649 969874487
19249 13021 -418017396
19253 1657 -202426202
19257 8525 65042376
19261 14249 666696496
19265 19101 -729702817
19269 4529 -439199605
19273 15105 31939428
19277 5257 -287326387
19281 8633 -13170543
19285 17841 997285946
19289 17665 -823281034
19293 6145 372867132
19297 15809 -867975083
19301 6981 123267611
19305 9789 815806408
19309 15229 -56085709
19313 16441 172760975
19317 14293 -770320320
19321 15585 769784061
19325 11137 -196659244
19329 13441 583995828
19333 2629 405628688
19337 15233 -332395892
19341 10581 -431782083
19345 11093 -581457509
19349 3557 444771236
19353 19085 -539291463
19357 5965 963055968
19361 2853 700233991
19365 17369 944542669
19369 19137 230432148
19373 2229 167707867
19377 5181 842505085
19381 1061 721229932
19385 14913 -3478355
19389 4213 -473428668
19393 7309 -285620063
19397 4421 599286194
19401 6657 456832371
19405 7753 592681434
19409 7621 934628393
19413 7921 -839814736
19417 1785 316357688
19421 11985 -232932607
19425 11601 155927378
19429 7933 533958798
19433 1129 630467808
19437 11773 -186603008
19441 3261 84810624
19445 16549 -735672004
19449 18633 -647545704
19453 9513 -653159653
19457 11441 73562918
19461 17541 -638814241
19465 13021 657772575
19469 15473 -795626578
19473 18057 -802213730
19477 5201 -244973498
19481 141 560496531
19485 15441 -27455976
19489 15901 873466244
19493 1885 -349027727
19497 3949 -760402061
19501 4857 -423963736
19505 8785 -532069828
19509 12633 384802920
19513 10365 342090052
19517 10509 88652873
19521 18165 -845484981
19525 3381 -256198919
19529 17561 489682729
19533 17801 758310243
19537 11661 64765801
19541 18413 -146637488
19545 2433 570041885
19549 6365 -96415767
19553 16749 331192211
19557 7101 74143358
19561 14853 -586145137
19565 5585 -375861363
19569 6873 -240533077
19573 18417 -934346136
19577 15697 -938184531
19581 17785 306343022
19585 19129 83647346
19589 11849 542724120
19593 7737 633126520
19597 15397 657867760
19601 18105 351275054
19605 6705 -321733542
19609 3817 -33738739
19613 17537 -235072375
19617 18917 -463423659
19621 7177 107339899
19625 18301 -148824197
19629 18569 -909830331
19633 18765 -817016649
19637 3405 -845031585
19641 2057 -934625265
19645 5869 119514290
19649 5561 646183258
19653 10693 139172200
19657 9997 -348211044
19661 2233 -712465810
19665 2629 573898682
19669 18849 388362876
19673 17321 -994396717
19677 17433 588459786
19681 17321 -108041272
19685 13229 -100015267
19689 8437 557746951
19693 5541 -303972283
19697 10021 -910855461
19701 18605 -323853663
19705 3793 969486706
19709 11353 911715734
19713 4433 -525392135
19717 16281 -941183407
19721 5113 577521243
19725 18717 753949784
19729 17585 882043904
19733 14521 257776945
19737 6965 -914285186
19741 11185 266769102
19745 85 -681023974
19749 1649 -645036402
19753 893 -447225509
19757 17769 386371954
19761 13553 -306330174
19765 5261 485038278
19769 10041 -102247676
19773 5145 -795097594
19777 18169 -78100105
19781 16765 577292609
19785 15801 261494371
19789 9549 992591958
19793 15169 -72586525
19797 18997 -166712920
19801 9073 844741734
19805 15017 -196205609
19809 14725 749760536
19813 16149 23441629
19817 2389 -869071371
19821 10165 330013189
19825 10173 -524214461
19829 9453 443368584
19833 7845 -586180061
19837 7337 -180438764
19841 11013 182511713
19845 18961 -776730851
19849 793 -902704313
19853 9769 573998388
19857 8209 -30517951
19861 9309 394586477
19865 18181 -601022932
19869 6389 -507934619
19873 2533 118897899
19877 33 725819199
19881 11933 737242601
19885 15789 -542395364
19889 861 714004150
19893 5429 432604877
19897 8297 605219145
19901 18437 -231337005
19905 8121 -793063184
19909 193 -380744956
19913 9445 -397373778
19917 10845 100087109
19921 12237 -917188380
19925 16753 405334636
19929 13849 -908463878
19933 12981 14464925
19937 12321 -743957661
19941 6521 249088146
19945 2105 -769867286
19949 15797 -563536365
19953 2841 -768205012
19957 8997 667135824
19961 7937 334293838
19965 8797 -976592373
19969 13273 506137362
19973 5129 -729038760
19977 18629 862046797
19981 19305 -971856692
19985 2821 -435519275
19989 705 454156070
19993 13953 -812880661
19997 2545 -139780186
6 2 -772218782
10 2 -32972827
14 10 895551122
18 2 -540626639
22 6 -810928446
26 2 896226025
30 26 -164730041
34 2 282241295
38 10 -366982556
42 2 -369869126
46 18 385417432
50 2 614973489
54 46 705416532
58 54 970454774
62 42 -609255835
66 54 938982431
70 34 -734255513
74 70 628440690
78 46 510904963
82 54 -663263652
86 70 -840936492
90 82 -749034821
94 18 -395977637
98 14 -619818936
102 54 471748873
106 2 -268024730
110 10 319641511
114 42 952270723
118 110 -150393740
122 70 -720543716
126 74 294111358
130 62 175603393
134 50 -75083279
138 118 297497458
142 134 807833534
146 54 610571751
150 34 434485523
154 114 578471290
158 62 525381823
162 78 -456369481
166 106 175446797
170 2 -305578321
174 6 185221339
178 142 956455220
182 150 396988669
186 166 890899112
190 66 -63990162
194 162 444532029
198 182 -924190942
202 90 997785470
206 66 -768071040
210 170 920199693
214 174 -269905869
218 22 -80408244
222 98 716654821
226 26 -161684396
230 86 -807466854
234 126 761339662
238 50 678769348
242 82 172249602
246 6 -831944077
250 222 -226666227
254 146 600377754
258 202 869536635
262 230 -143595750
266 90 346540492
270 38 231780349
274 82 853930745
278 190 -214886957
282 162 951734734
286 198 62010000
290 158 -34847750
294 14 963929581
298 286 335597450
302 182 -261427988
306 26 -418977205
310 86 84680407
314 118 -315441937
318 10 377536715
322 2 -535683369
326 10 -742270508
330 214 -381936658
334 230 -466924285
338 82 -754533386
342 126 -771780868
346 262 -50656772
350 126 -985614230
354 110 -471390884
358 318 -377109762
362 298 614910899
366 30 -6043209
370 178 -405391247
374 322 -316295233
378 190 -235382598
382 258 -777031726
386 110 235570410
390 146 151355024
394 134 -886031191
398 230 948427418
402 134 928628597
406 58 272994288
410 22 848824018
414 122 -392431850
418 314 929988781
422 142 -396978623
426 326 -581329355
430 46 157792898
434 218 802074868
438 158 -770841414
442 110 -922689384
446 254 962103628
450 306 175939004
454 338 212358487
458 310 -840614224
462 174 -390519040
466 438 -238604392
470 214 -124551196
474 82 -148161113
478 174 -322032832
482 26 236064705
486 422 -420040859
490 286 -705646051
494 218 509711813
498 114 401871625
502 294 923836626
506 18 583530905
510 178 -3175668
514 342 -816175940
518 430 -795857321
522 354 -100773531
526 138 573505923
530 266 -135055322
534 278 29860597
538 510 977081508
542 410 376419975
546 370 360980938
550 294 -253773870
554 86 760261936
558 186 998585672
562 162 -836476322
566 302 62416996
570 226 -46196690
574 10 876706318
578 410 -337487557
582 426 -883699698
586 234 426835986
590 386 703279588
594 66 909721797
598 290 -145496208
602 310 410525234
606 42 175197138
610 182 -581682110
614 178 624478358
618 562 -493152325
622 518 -214437835
626 6 -336362002
630 42 -233637769
634 90 -141451180
638 546 827573649
642 430 -410770059
646 66 653531384
650 130 745272832
654 102 145316452
658 62 -470585851
662 170 -303107541
666 406 -707639359
670 610 -828606356
674 14 -836230357
678 618 -288613602
682 30 -680901906
686 110 818937849
690 454 -366471069
694 230 790935335
698 170 -22830944
702 326 331734928
706 70 -166483900
710 182 -816812167
714 310 615662922
718 646 803553912
722 442 -614326864
726 498 -430205156
730 446 -58025119
734 290 -578955419
738 194 274808342
742 18 -485307759
746 258 -661489427
750 190 999922233
754 146 285660506
758 222 -750989351
762 702 935096609
766 190 -564532783
770 186 -628767103
774 170 386798627
778 198 681942033
782 370 615163468
786 374 540849055
790 150 595408474
794 2 613476110
798 282 912524255
802 318 188889149
806 746 -962684340
810 678 829005133
814 530 377921767
818 662 -936121652
822 42 587568858
826 578 388467849
830 234 883561121
834 830 968019285
838 150 824394635
842 2 839282115
846 614 677755120
850 598 477462570
854 742 -968970978
858 662 619175423
862 310 127614124
866 466 -938453741
870 606 -325850878
874 350 -873250576
878 322 602002517
882 598 315681563
886 842 -484550606
890 402 22340465
894 470 -296532262
898 894 -689299442
902 778 212797618
906 42 -719772917
910 302 557602376
914 750 788690703
918 14 -777085172
922 366 240984814
926 314 -499434078
930 742 826989418
934 614 -493125412
938 178 616843317
942 334 -571588533
946 866 734097786
950 234 618206590
954 182 -353065936
958 30 538368829
962 838 604088083
966 962 -870113868
970 774 832211091
974 738 155169409
978 606 202723207
982 902 -755138932
986 410 387967584
990 982 -315059520
994 618 992467715
998 386 -175849081
1002 674 402135303
1006 526 249976448
1010 38 -558285129
1014 834 245863495
1018 198 -613128645
1022 326 -601996173
1026 722 -62889553
1030 206 -248054697
1034 970 -832896578
1038 194 -78275302
1042 726 -245912588
1046 226 -514043810
1050 90 516362828
1054 174 -635596258
1058 950 -716758001
1062 978 -53753720
1066 802 -770834337
1070 686 243796842
1074 142 -574651118
1078 518 910290913
1082 962 319056771
1086 962 -888146470
1090 202 150628146
1094 586 -944350971
1098 474 -742159299
1102 778 414596399
1106 778 -612115749
1110 566 249411705
1114 214 -519485760
1118 246 313819081
1122 626 -465325838
1126 94 321349897
1130 606 -837119959
1134 1106 495610693
1138 98 -148962738
1142 1002 930953854
1146 894 -194020447
1150 614 949492982
1154 250 -151103313
1158 1130 994831913
1162 62 872918501
1166 810 -504229927
1170 1110 472668309
1174 682 -545633659
1178 482 211879193
1182 846 -479727483
1186 742 472331427
1190 270 -850162217
1194 402 107937128
1198 690 -407669239
1202 578 -80792265
1206 2 -259398027
1210 154 377310907
1214 166 -985528651
1218 490 455040846
1222 746 -999407922
1226 918 628279799
1230 230 -466170379
1234 246 272320269
1238 206 212598018
1242 710 677090151
1246 430 334896942
1250 66 50891196
1254 1206 551638455
1258 1174 265522614
1262 1034 132738540
1266 334 -911595593
1270 690 -789726185
1274 1038 -311753175
1278 1098 -634629754
1282 454 -722996464
1286 966 864296745
1290 1254 606698781
1294 330 -286403923
1298 386 -187567387
1302 510 -273007801
1306 638 -190516262
1310 506 193674465
1314 434 425430641
1318 1234 924164402
1322 542 108116324
1326 358 -859165532
1330 402 880728273
1334 862 600946116
1338 794 561663487
1342 966 635734065
1346 522 -863677731
1350 38 55933550
1354 1306 595489154
1358 78 -493223936
1362 558 280067125
1366 306 677184600
1370 434 752430657
1374 542 653894134
1378 346 -923354210
1382 490 -415462024
1386 606 -17580010
1390 1006 -867751523
1394 1174 -747448345
1398 30 -623102883
1402 1230 668335648
1406 426 -841048602
1410 1402 107168808
1414 6 911555193
1418 990 -272396049
1422 1170 55917873
1426 850 -917839601
1430 262 -766336548
1434 54 -242587114
1438 866 -992363328
1442 834 489285371
1446 758 183417674
1450 222 -396578569
1454 302 381337078
1458 594 415101416
1462 682 -284867924
1466 970 330644385
1470 554 -206515263
1474 502 -334802993
1478 126 -384639827
1482 590 -586135055
1486 438 -621729270
1490 158 -663432989
1494 462 -315241155
1498 342 -329418449
1502 366 -397161542
1506 810 -987705226
1510 70 134358585
1514 486 92894543
1518 998 474638600
1522 1198 290499821
1526 1214 645913653
1530 982 -379008546
1534 1438 -505085373
1538 282 97766706
1542 294 853335059
1546 1266 -166448462
1550 14 -485289668
1554 450 46314883
1558 1446 644133924
1562 1554 645867063
1566 98 -502540508
1570 1558 565513092
1574 538 -564071181
1578 98 104589219
1582 1114 152071408
1586 310 -341782095
1590 22 -725640673
1594 1078 -471722106
1598 1558 -67031365
1602 1526 -198383936
1606 1090 871277627
1610 158 -392363255
1614 198 -234000814
1618 66 154570770
1622 1450 49624203
1626 142 288969274
1630 6 599401221
1634 734 -649415336
1638 10 380337399
1642 1430 347058390
1646 1162 -255865468
1650 1054 413191623
1654 134 982246123
1658 1610 304812329
1662 82 -516448813
1666 610 194521108
1670 590 23750917
1674 798 -513186772
1678 574 -209690558
1682 350 525237811
1686 1034 141190780
1690 82 -751597919
1694 686 -626670774
1698 1386 215014442
1702 998 -576881043
1706 970 248098363
1710 802 -290961634
1714 1634 839076160
1718 974 254911611
1722 1206 923386047
1726 306 -56639109
1730 1406 937477217
1734 202 950132469
1738 50 -422052761
1742 1246 871956045
1746 1402 -311282781
1750 334 -253488320
1754 1390 -297075827
1758 954 969740127
1762 1426 -990931961
1766 1526 -66661591
1770 194 -930664475
1774 686 205438954
1778 1618 -394518934
1782 850 911010242
1786 470 77032612
1790 290 948742218
1794 1034 138477398
1798 1438 618475613
1802 198 -299561001
1806 858 821965012
1810 886 597229152
1814 22 -37609752
1818 978 323541048
1822 874 476277324
1826 1026 -657220377
1830 1746 807886446
1834 1682 487586330
1838 1746 -307614511
1842 562 152758852
1846 1142 -719220755
1850 1270 -740966169
1854 1178 404800918
1858 10 262112145
1862 574 -19268180
1866 1210 -197973157
1870 1162 -587205031
1874 1202 287391555
1878 1530 -124608701
1882 994 -736320691
1886 1550 -46534486
1890 1562 -410671885
1894 626 -56292123
1898 206 841512775
1902 1110 -990064954
1906 1154 549786739
1910 686 754901528
1914 1274 -616367443
1918 1098 837172054
1922 738 120370673
1926 1330 591094251
1930 1254 -352136703
1934 1394 433759782
1938 962 941048917
1942 1190 -72894618
1946 1022 -233659798
1950 1146 -186024679
1954 1658 -849809400
1958 1630 -462983976
1962 1330 -929883665
1966 90 -30071268
1970 690 -690559355
1974 98 -670299060
1978 54 -171534198
1982 6 -395446015
1986 66 106378304
1990 22 -40633448
1994 718 554352349
1998 478 963115117
2002 1118 -248851418
2006 1690 791583627
2010 982 417905371
2014 590 942933235
2018 1690 830905975
2022 870 961284880
2026 102 -834903584
2030 1270 979848490
2034 1998 942001545
2038 238 609455651
2042 546 -186129075
2046 18 -535193304
2050 1322 107987315
2054 1130 -584322344
2058 54 690312272
2062 14 -684373398
2066 346 -509197731
2070 1686 840670298
2074 1678 -676489653
2078 758 130294478
2082 1850 457827899
2086 754 616316573
2090 846 676346725
2094 150 -259552094
2098 930 364062212
2102 794 -760444883
2106 366 -309976151
2110 686 346248720
2114 1478 -718467136
2118 582 525421450
2122 374 909915831
2126 582 -57084383
2130 1266 597031137
2134 1010 -607985089
2138 450 -105840712
2142 1270 -442278027
2146 894 231541781
2150 334 -348554426
2154 790 -149109866
2158 1522 823750500
2162 458 -954096162
2166 310 240902327
2170 1314 -714332822
2174 506 350750452
2178 1010 -84784762
2182 606 -805304282
2186 1610 -518308833
2190 1002 515587097
2194 1578 942456114
2198 34 -688282680
2202 2162 133927460
2206 614 -420748366
2210 2142 -844467579
2214 1466 285066126
2218 446 -80271662
2222 1258 230349054
2226 18 632651580
2230 1638 -892911705
2234 158 129293773
2238 938 -771934927
2242 506 827310214
2246 430 765359587
2250 2222 -41388520
2254 1726 -872205055
2258 2030 -731786587
2262 1930 -318716254
2266 2034 -801071237
2270 194 854314100
2274 1938 128609721
2278 1718 -255761848
2282 990 -633651319
2286 922 -599813793
2290 2190 -811605683
2294 1638 965116872
2298 138 87403250
2302 1506 -421497300
2306 98 511386321
2310 594 -814911410
2314 1490 -350259175
2318 1394 552233539
2322 2170 -543047710
2326 98 492582432
2330 742 -349658997
2334 1762 -773672221
2338 1738 881841698
2342 1078 439088539
2346 2310 875500791
2350 1910 -580083000
2354 1690 -659861246
2358 558 -462326224
2362 2086 -16021214
2366 2302 -440430602
2370 618 205356599
2374 1422 108207785
2378 178 211636543
2382 818 -839216200
2386 186 202340580
2390 2214 -820307520
2394 1006 -13373640
2398 982 -778661857
2402 2362 -749859302
2406 938 -988197413
2410 1138 71097967
2414 2150 684813732
2418 822 109338165
2422 2190 608335255
2426 1290 -183594634
2430 38 104626978
2434 914 -601852560
2438 874 -432156612
2442 1702 -37673326
2446 458 -226980061
2450 774 723330158
2454 254 -517729049
2458 1666 -517684873
2462 402 -381827814
2466 1426 -991583341
2470 838 329616169
2474 450 -454310181
2478 66 220144002
2482 210 738026699
2486 2050 513663365
2490 1466 -253809994
2494 1050 -916957324
2498 290 238283926
2502 1170 -623602786
2506 2414 454719082
2510 230 -216237706
2514 1682 -566797383
2518 1966 -596350166
2522 582 182041169
2526 1774 -32000238
2530 386 86105586
2534 1450 449899283
2538 2090 -615576574
2542 1934 -498509571
2546 126 -780318781
2550 154 -602218346
2554 1270 -20105127
2558 1718 -447497973
2562 2094 -983671931
2566 1018 394666229
2570 2326 750372810
2574 830 612395881
2578 1930 -299899142
2582 1818 416816388
2586 1470 -14108355
2590 1578 183776933
2594 1590 345644528
2598 598 -415307188
2602 1634 -854780158
2606 2182 -379647605
2610 1750 187392465
2614 1922 909792926
2618 1858 819066554
2622 74 92706713
2626 1314 -204814581
2630 2070 -359801149
2634 390 669965406
2638 674 -949826771
2642 2498 893638768
2646 1654 68362468
2650 2346 820813233
2654 210 268944848
2658 2090 890890782
2662 1398 59471333
2666 442 517118086
2670 10 -32124376
2674 2554 888446960
2678 218 -250122184
2682 1070 -185994807
2686 778 329574670
2690 34 915499545
2694 882 -977122898
2698 1738 -570307046
2702 2622 171869351
2706 1186 528604974
2710 346 685919610
2714 1314 960633261
2718 2210 -176283605
2722 1910 -182932622
2726 1058 171017185
2730 1922 -880741116
2734 1442 230449526
2738 2638 -8585870
2742 446 993689725
2746 1950 -195569418
2750 1590 657329470
2754 1898 238975137
2758 2394 463375868
2762 446 672199164
2766 1834 -98525417
2770 2242 440772840
2774 2310 -471981744
2778 174 -404280743
2782 1066 760660404
2786 2318 -55545977
2790 2378 -270124369
2794 1450 581829820
2798 1578 799238374
2802 2462 532930781
2806 1946 -107415314
2810 2162 15950000
2814 1118 529363177
2818 1354 169041497
2822 474 -666050759
2826 442 -644796694
2830 1474 -125663009
2834 154 97555255
2838 462 -569868431
2842 170 -269161489
2846 2662 132021341
2850 394 -279196363
2854 1626 -151908492
2858 1298 -36540488
2862 758 775744649
2866 682 28372839
2870 262 42027219
2874 594 743231354
2878 106 -541826944
2882 1346 -146207486
2886 906 -686117520
2890 1298 -875654510
2894 778 159680535
2898 990 -408407933
2902 2294 15314569
2906 734 532235297
2910 482 192121241
2914 962 755491078
2918 2094 -208048163
2922 2214 -517942049
2926 1658 -108984547
2930 1386 -710108552
2934 1318 381159381
2938 526 -182477663
2942 2438 -275938023
2946 530 -861393719
2950 318 -667871245
2954 2554 -759672215
2958 262 605108465
2962 878 -170282194
2966 1814 816632215
2970 418 -365280606
2974 2454 244837009
2978 466 -687474903
2982 1970 362371426
2986 1254 744654712
2990 1626 579912968
2994 786 3454288
2998 494 846879391
3002 938 742218297
3006 998 377354048
3010 1338 797139299
3014 2070 -108306911
3018 18 439045212
3022 474 352148009
3026 2498 -380308567
3030 1978 752525651
3034 1206 503108197
3038 2114 646668281
3042 2774 -849750981
3046 1102 -889631293
3050 2102 3106295
3054 450 -135268068
3058 818 626561415
3062 2522 -661919709
3066 2586 -873664547
3070 2698 94166295
3074 2618 -144604549
3078 1494 58949700
3082 190 -586058339
3086 1290 674071138
3090 1630 -449125994
3094 1606 655858867
3098 118 50430613
3102 2038 -765929327
3106 394 -77652653
3110 1070 445345752
3114 2354 434413743
3118 366 -253619867
3122 522 -367025916
3126 1042 431821623
3130 1362 -341724401
3134 578 376452706
3138 1002 -272409212
3142 2478 -704992573
3146 1950 434312679
3150 2422 -299360018
3154 286 52973680
3158 2714 -74580109
3162 1494 -455936899
3166 2878 -794688723
3170 2710 -382531811
3174 1366 -846477486
3178 386 -12935670
3182 506 -497080423
3186 1990 -520063676
3190 1190 445770029
3194 718 -362999369
3198 314 -383863307
3202 2386 952899236
3206 198 -775057143
3210 694 -877441581
3214 658 353046935
3218 1250 582829403
3222 2714 344238932
3226 862 -255248146
3230 1234 756702650
3234 1854 -719442086
3238 1022 -382233419
3242 1178 274905532
3246 1178 -602061559
3250 1906 -271235386
3254 3170 279343368
3258 1142 -883263033
3262 2662 245690230
3266 1026 -584915931
3270 86 -386644922
3274 50 -186890009
3278 2498 688995404
3282 2270 511173846
3286 930 578892762
3290 114 -93481055
3294 3050 709544279
3298 3070 429497421
3302 2146 -903612106
3306 2774 -63320483
3310 2434 -419283310
3314 2370 648261934
3318 434 840998173
3322 38 911324941
3326 822 -352581795
3330 3206 -966601360
3334 730 83411516
3338 14 -396633862
3342 1958 -394420413
3346 2310 397293222
3350 2090 -378168971
3354 630 -312538500
3358 962 888698121
3362 2250 -877747387
3366 3182 -868120822
3370 626 -253438623
3374 2826 -738602764
3378 2950 -238008964
3382 186 -368174703
3386 1806 -591854865
3390 3330 -758298987
3394 1906 -371079960
3398 2594 -350018493
3402 1562 -328777270
3406 906 180047785
3410 2706 -657643307
3414 1894 929504388
3418 2110 -428791731
3422 310 -699488544
3426 3106 275752084
3430 974 178082627
3434 3330 843008392
3438 1014 -917084076
3442 1110 -769802482
3446 1702 69428438
3450 202 792759358
3454 354 597962794
3458 3274 503749651
3462 2966 -161389457
3466 3286 -240561420
3470 1594 -214179778
3474 3082 -828937254
3478 2970 737742744
3482 2250 -252879031
3486 654 -934958691
3490 2998 202635478
3494 1494 -739929280
3498 2850 401788889
3502 262 391632287
3506 1526 602995946
3510 1490 -63654677
3514 630 -237661524
3518 2490 -696337725
3522 1170 208398819
3526 2106 -662933795
3530 3270 -424513179
3534 2154 -288787206
3538 3158 916478439
3542 90 -332577974
3546 2026 136047194
3550 114 857510091
3554 918 -678089612
3558 2506 -678301924
3562 1166 887426276
3566 2650 -801243669
3570 1578 513161004
3574 1458 -923847711
3578 3238 275743862
3582 850 -768202860
3586 646 839384012
3590 234 -902819741
3594 2862 70153411
3598 2926 -476124091
3602 654 897428634
3606 2994 -729799859
3610 194 -72762243
3614 2662 234106388
3618 1018 -691082631
3622 2154 -865360824
3626 634 -42736897
3630 3002 903783804
3634 3510 88160518
3638 98 191144218
3642 2090 761007778
3646 3230 805305346
3650 970 784886455
3654 3410 166810468
3658 3566 -354201256
3662 2462 -290832292
3666 370 -133461064
3670 2230 -384351688
3674 3610 -208316730
3678 618 -633182062
3682 2654 761003606
3686 566 -605300934
3690 1298 408130845
3694 2082 779971452
3698 2038 -518389972
3702 122 -707721075
3706 2006 -207564086
3710 226 864686219
3714 2370 326315561
3718 2050 -701165605
3722 2574 761446730
3726 3230 -149752102
3730 3146 -180544762
3734 402 -63045913
3738 1630 -919172177
3742 1258 -487570175
3746 2302 -102223580
3750 2982 -337730294
3754 2514 259729397
3758 1202 -302507146
3762 98 830279604
3766 710 738593681
3770 2906 649671306
3774 2994 -5725348
3778 1606 50437534
3782 3674 -840094091
3786 458 -810828010
3790 3326 -907284228
3794 2022 435981624
3798 22 710047661
3802 1610 296995196
3806 1502 -752676095
3810 2974 -93389283
3814 830 -756144102
3818 1554 154063294
3822 3070 719411018
3826 2158 139879454
3830 2414 484855668
3834 334 -262812456
3838 1510 -579605818
3842 598 611058051
3846 542 -595801351
3850 2134 502490236
3854 450 652478289
3858 1514 -285487751
3862 1030 285686886
3866 2 680847576
3870 2062 167494603
3874 754 -728551553
3878 1186 -985306169
3882 1994 -444106778
3886 3162 608775205
3890 2198 298248370
3894 2506 -762777545
3898 2410 769362627
3902 1450 -197966084
3906 2938 508194029
3910 478 830661883
3914 510 -813019091
3918 638 -979081104
3922 1970 607332371
3926 3346 80174464
3930 2910 700053940
3934 2062 919091152
3938 3154 954707581
3942 3578 751469177
3946 2442 -944534899
3950 3362 -976154768
3954 3706 843197187
3958 3622 378988917
3962 3554 -490682679
3966 3062 112503169
3970 3250 368666059
3974 3770 -666317461
3978 690 635235532
3982 3634 -726685348
3986 1250 466787304
3990 1922 -967939733
3994 2098 -278050912
3998 346 -554920002
4002 1186 285982485
4006 314 883559228
4010 2282 325442403
4014 3166 -186024427
4018 2622 269679349
4022 1726 -593184650
4026 2274 -738426200
4030 3334 -430018782
4034 1250 -22534718
4038 3598 -247513265
4042 3970 630214088
4046 354 373190610
4050 1850 931944665
4054 3462 19315489
4058 2418 -379462037
4062 1482 -11713466
4066 622 -804590109
4070 802 -19289200
4074 1142 -998882104
4078 3890 -82508200
4082 3158 254557206
4086 3294 -11087917
4090 1374 -955389924
4094 1130 447814094
4098 858 744258433
4102 2802 -291018742
4106 2226 507839901
4110 2410 515212116
4114 1818 350864558
4118 82 -380644583
4122 722 -195437288
4126 3310 624255773
4130 3130 -625867075
4134 990 625976325
4138 1758 -472007838
4142 2050 -143815403
4146 1894 -393187155
4150 978 -167214611
4154 2050 -731176240
4158 378 989056765
4162 2178 -174399318
4166 3766 572197274
4170 794 -47419557
4174 4094 -935914355
4178 1190 309715158
4182 414 855430864
4186 1614 614912156
4190 414 -115407661
4194 2190 798107835
4198 1246 494126307
4202 546 817215068
4206 2970 267675139
4210 1398 469973263
4214 1394 526008031
4218 1686 787731816
4222 2350 794215151
4226 2946 176687769
4230 1322 628436525
4234 1246 -128100571
4238 3626 -750303664
4242 3066 474704779
4246 3142 270350967
4250 22 -863774036
4254 3570 -482772156
4258 914 -298916302
4262 1718 90522996
4266 1678 355805483
4270 1562 438054817
4274 934 -703552986
4278 2822 434799342
4282 958 -913832862
4286 2958 -713992698
4290 2782 97045652
4294 3030 946991467
4298 2786 297888385
4302 3898 -159351193
4306 3478 -709775395
4310 3470 195160313
4314 2222 88760433
4318 2662 884445343
4322 3694 -953987538
4326 1142 296506809
4330 3286 315994509
4334 738 -117539234
4338 1630 -642098216
4342 566 69239624
4346 1146 -793300232
4350 1498 227454556
4354 3022 962719030
4358 1254 -324623080
4362 2538 997843224
4366 1590 107020511
4370 1834 462541494
4374 2130 -726541389
4378 1026 -590144573
4382 1334 343338182
4386 2882 -144666432
4390 3562 -209050828
4394 330 106623967
4398 702 -878512245
4402 1006 -74134728
4406 2118 -124318616
4410 86 673034276
4414 3866 -279495114
4418 3354 856732345
4422 2134 -659453825
4426 4058 313778862
4430 1398 779014927
4434 4010 536438019
4438 2498 -313002085
4442 3286 19161430
4446 346 561732607
4450 1390 -190186294
4454 674 -554292116
4458 1390 515638080
4462 3406 476463701
4466 910 48662075
4470 2830 65710712
4474 1214 275660737
4478 310 960686476
4482 4110 -830479802
4486 2198 599541130
4490 3810 927599621
4494 1806 204443581
4498 3714 -96008333
4502 1998 -957129346
4506 2158 760040234
4510 1898 -881750081
4514 3762 759123215
4518 3862 680615281
4522 1978 61605550
4526 3138 -37822227
4530 742 -656299595
4534 2066 -661135830
4538 3690 -824541428
4542 4414 998741589
4546 338 850653042
4550 2598 -429416539
4554 1642 196758815
4558 1610 -432423166
4562 2574 -494883069
4566 186 -183450563
4570 1346 62670654
4574 3082 -392074269
4578 2986 271755116
4582 2090 563328824
4586 3870 -832458296
4590 878 786384546
4594 3166 849242177
4598 3346 -807015279
4602 150 -837650149
4606 4210 423412534
4610 194 -175416919
4614 1662 -635689570
4618 2798 -324836209
4622 2822 -49237080
4626 1282 919688225
4630 1074 50055158
4634 1442 134597844
4638 3262 705596798
4642 3874 417954008
4646 2378 -165951885
4650 398 769199598
4654 4494 150271880
4658 2198 834189730
4662 1558 329776278
4666 114 654935280
4670 1986 -495505756
4674 3518 -112823608
4678 726 -175545216
4682 2434 195547821
4686 3098 -290580301
4690 1950 560529026
4694 2142 -226418108
4698 4418 -901683822
4702 1638 383560647
4706 2534 -876435096
4710 3022 899154654
4714 794 804179403
4718 2098 84873641
4722 3862 -67283612
4726 2026 -753170521
4730 3110 -838039143
4734 4022 190410498
4738 2698 -238863398
4742 1354 -196392054
4746 258 445141846
4750 4594 314583056
4754 4294 -415366914
4758 406 -321196951
4762 4106 -292423771
4766 4218 981678515
4770 4186 552314279
4774 870 -460577184
4778 2174 -851680574
4782 3574 -331567409
4786 3978 98295296
4790 4058 272706532
4794 4498 -48735793
4798 326 -252094623
4802 1850 -953040308
4806 3186 768043576
4810 4638 -467959470
4814 3578 -985305697
4818 2226 491985085
4822 4698 181298744
4826 782 78451414
4830 2178 724769122
4834 2086 18009203
4838 3066 -514292140
4842 2250 -955802497
4846 1578 315717369
4850 2906 661233906
4854 1818 479769436
4858 3670 772310831
4862 886 663915809
4866 3618 -1669318
4870 3246 -939628084
4874 1086 -297789965
4878 3266 905018672
4882 4494 967857264
4886 3754 614019660
4890 1726 19163866
4894 2098 721226734
4898 2526 -175032100
4902 2490 299556634
4906 898 -163017530
4910 618 -518214095
4914 2718 131450743
4918 1986 -570079590
4922 1614 590923545
4926 2058 -102547554
4930 2626 643150205
4934 3742 -349335004
4938 4150 343205099
4942 286 2879711
4946 2014 -678712738
4950 3118 604995687
4954 1466 364888886
4958 3186 -636434345
4962 734 -44707429
4966 18 867774455
4970 4870 554896763
4974 286 -418321052
4978 3278 -138809295
4982 4270 445864818
4986 4118 -651030185
4990 2926 301345057
4994 3082 -848251891
4998 2546 -580121409
5002 1778 780567125
5006 2858 438484404
5010 3318 557394558
5014 2086 344605364
5018 1522 -840395850
5022 1430 -361439986
5026 2014 735415361
5030 1258 -876320506
5034 2918 624950334
5038 250 -933960322
5042 2498 654038113
5046 2714 -690130266
5050 1214 271763676
5054 4754 860427571
5058 446 793356458
5062 2638 323534696
5066 4106 -892322350
5070 4910 -386397935
5074 4998 830615474
5078 398 -527511598
5082 1130 -449318938
5086 350 -930972268
5090 2394 -206693481
5094 1766 895525972
5098 2030 -161532880
5102 1674 -580940583
5106 3806 -271955758
5110 4546 914755581
5114 1718 -147860381
5118 3294 132398603
5122 326 -347032175
5126 3038 -786282364
5130 3762 -670529249
5134 4434 815137595
5138 1958 -36284274
5142 4594 548515928
5146 474 107921030
5150 4374 -270029394
5154 3722 459642727
5158 1362 -17981605
5162 1390 18471553
5166 4226 -923775144
5170 3062 -339442564
5174 3398 -267931977
5178 2594 984259349
5182 1614 -323123354
5186 4202 -659666652
5190 1918 184897984
5194 718 -436493595
5198 3434 -728225129
5202 4614 -788025532
5206 3694 321450106
5210 2078 -2374126
5214 3066 284470643
5218 2298 -465712639
5222 930 -119323622
5226 5074 -940947866
5230 3554 -104481389
5234 4346 -446840664
5238 1638 447060036
5242 2262 -819984174
5246 2098 -793135702
5250 558 655452864
5254 1022 791434764
5258 1858 2114601
5262 4378 400166014
5266 2554 742710870
5270 1250 280217916
5274 4422 -910153607
5278 626 725991581
5282 3562 -875601204
5286 3438 -484170358
5290 1618 -497692457
5294 5134 337475496
5298 3110 -66878963
5302 5118 -344117791
5306 2850 733512390
5310 3694 -551269045
5314 3366 416513878
5318 2286 -781521974
5322 190 -264887580
5326 1722 -730527258
5330 4558 -427098009
5334 734 988661074
5338 3514 186081800
5342 3690 -962281910
5346 1298 590377687
5350 770 -696385214
5354 4102 724005186
5358 4878 -245459037
5362 2226 641464916
5366 1642 -279982237
5370 630 780654685
5374 5230 888488970
5378 994 462813484
5382 2822 -996117370
5386 2350 -893564647
5390 1818 379515407
5394 1586 334799382
5398 5330 137564754
5402 2850 302130481
5406 2438 -917278570
5410 1914 -224265310
5414 1678 112737109
5418 3322 -533664940
5422 1070 -89977412
5426 3006 860961917
5430 3774 628254453
5434 4406 216496587
5438 2166 -974033927
5442 3962 276293108
5446 754 26894185
5450 4506 -292828156
5454 3606 906852920
5458 3438 576934894
5462 218 715464459
5466 3946 250433255
5470 4870 -952262186
5474 3942 -455613221
5478 5142 -335266433
5482 1274 -398268375
5486 2994 469880941
5490 1154 157804152
5494 1906 705172091
5498 2090 527854580
5502 570 778809191
5506 3046 -785706365
5510 1062 -700419690
5514 4318 -609874444
5518 1226 -557865139
5522 1254 293733622
5526 1518 -774125141
5530 3142 528470548
5534 4906 704195139
5538 1606 185465863
5542 74 -873905910
5546 154 391971673
5550 4118 288866537
5554 142 794969406
5558 3418 -925987118
5562 5302 676398725
5566 2562 -640405659
5570 2170 -809999049
5574 4462 -933666604
5578 3566 611975473
5582 4410 -185713204
5586 498 -512423998
5590 3610 834965122
5594 2590 571545170
5598 3338 -27946424
5602 2334 -35369891
5606 3098 493171542
5610 534 816081006
5614 614 -349146530
5618 378 -204072840
5622 5374 -146503329
5626 3922 376599557
5630 4774 867624735
5634 3990 110351755
5638 1642 -514073638
5642 3526 -68378897
5646 1178 -795268481
5650 338 30664200
5654 3206 238565089
5658 314 628458084
5662 2966 704578117
5666 4302 996298265
5670 2318 282758389
5674 2074 359373806
5678 1874 591399039
5682 622 -189682810
5686 1850 -398632036
5690 3598 114504183
5694 2238 -799908127
5698 782 -415404043
5702 1838 739121896
5706 3998 882345652
5710 4754 528048925
5714 4334 -450007982
5718 1350 558245369
5722 3686 -800898556
5726 1494 404599372
5730 3718 -419052451
5734 3342 -192406284
5738 4638 -779921691
5742 3982 91564147
5746 350 872933368
5750 2038 -153991975
5754 5018 -310884121
5758 2414 774171618
5762 5702 -430212341
5766 4970 762726810
5770 1054 745310228
5774 1938 915106332
5778 3706 -515102199
5782 2786 292285101
5786 4562 187994975
5790 4674 34457024
5794 94 -67169880
5798 4630 619933602
5802 3474 580738888
5806 1090 -488275267
5810 3270 -262968189
5814 1970 64595979
5818 470 -220939076
5822 1494 40312329
5826 4170 -8463666
5830 4398 -74987104
5834 2614 -392332235
5838 946 924609830
5842 4114 -450406759
5846 3254 29704939
5850 5662 126082328
5854 1982 530924555
5858 514 -514310632
5862 3930 -723346136
5866 4322 -341004067
5870 2582 -907152363
5874 4682 290622918
5878 1466 -528241087
5882 4906 -65233415
5886 2726 -982010333
5890 2166 681763699
5894 2310 -263384235
5898 2706 -976987850
5902 938 -483028061
5906 5094 297148159
5910 4950 798303000
5914 1550 -586171497
5918 2374 736354145
5922 4178 57038497
5926 3094 702758266
5930 210 635569945
5934 5054 145354280
5938 1034 -909635081
5942 742 616682262
5946 270 -17643777
5950 5278 -600083879
5954 3130 -652025513
5958 2078 -785939517
5962 4078 -94600219
5966 4518 -386779154
5970 2886 669191723
5974 802 -490561599
5978 3430 -551575396
5982 3826 -86064103
5986 5130 510536175
5990 3398 737067987
5994 5114 447441176
5998 1858 472147604
6002 2722 974070666
6006 1350 -946346946
6010 1618 -641061736
6014 4354 -248267260
6018 1086 389579250
6022 4254 275082643
6026 3954 -4235365
6030 4942 395657971
6034 3594 -505911082
6038 5842 -69771363
6042 50 962463255
6046 5222 -635091126
6050 5546 105400285
6054 4138 -312291125
6058 2034 916583404
6062 2466 -863707921
6066 5490 -191050828
6070 2662 -518155507
6074 3458 364092356
6078 5802 -846981067
6082 1946 -315606606
6086 1778 -607192829
6090 3774 248446456
6094 5530 158222316
6098 3790 792613195
6102 286 -343358083
6106 3010 710865675
6110 3386 -606267490
6114 430 600721041
6118 5274 -701400438
6122 54 981505274
6126 4066 767199959
6130 6002 956400910
6134 3146 79689055
6138 1822 436633090
6142 5222 124683039
6146 3802 -112456935
6150 5866 -406525013
6154 498 -437629275
6158 242 -57126511
6162 6050 -311543876
6166 438 -739681588
6170 2526 -849023978
6174 986 -527362819
6178 366 -583576313
6182 1086 -123144677
6186 3338 -684880895
6190 5330 333915681
6194 5742 532622872
6198 4710 -609530662
6202 1730 -716714082
6206 4242 -907946857
6210 3082 23281718
6214 4738 96027517
6218 438 56110401
6222 1606 -477881052
6226 4590 792174945
6230 4462 294190660
6234 746 -903060639
6238 3542 -319033391
6242 2782 -104788106
6246 5846 383683530
6250 2190 514987223
6254 4106 -447510736
6258 2086 -10736279
6262 2142 879557580
6266 2342 299117975
6270 4942 -977006616
6274 5534 -715820176
6278 3878 899134213
6282 1966 -549913642
6286 4370 508514913
6290 2726 440213148
6294 1218 520146632
6298 294 993703680
6302 6074 454475910
6306 5358 587791922
6310 1558 -14817911
6314 2422 384037237
6318 2394 -136472422
6322 5010 -33177649
6326 5846 35630175
6330 4258 281367118
6334 5130 -423834287
6338 4334 -107784359
6342 1958 -873736947
6346 2202 182122821
6350 518 -55473868
6354 5494 352930414
6358 1230 721216794
6362 5190 750175564
6366 3434 324829091
6370 4322 -990670660
6374 790 538288868
6378 3334 781231576
6382 3406 -893485105
6386 4374 926645384
6390 210 893551716
6394 3738 244934079
6398 5574 -854182728
6402 5914 -129040006
6406 510 -528713362
6410 4846 -895697029
6414 6250 864578157
6418 386 -926671853
6422 4826 -239928296
6426 3790 -598855845
6430 6418 -354714255
6434 5266 337176878
6438 6374 939637825
6442 2182 177917636
6446 2450 618103470
6450 2738 929760118
6454 4466 651790994
6458 522 610541707
6462 790 -427560019
6466 1846 88631135
6470 1838 -738715443
6474 4766 -689497083
6478 5654 -239325194
6482 4538 -331172163
6486 5630 951677916
6490 1050 -692464454
6494 6338 977250068
6498 3970 -238735574
6502 4378 -407854878
6506 5126 744745623
6510 4002 -739756922
6514 1682 -968875011
6518 258 207707679
6522 826 934582601
6526 174 -438688118
6530 2666 951334250
6534 3334 622360089
6538 1366 942947623
6542 6018 108749831
6546 2786 -676026035
6550 6042 928587148
6554 1910 -20445751
6558 2074 411342159
6562 2758 689718841
6566 5890 -854185289
6570 3566 22212872
6574 938 415316881
6578 4306 -566175564
6582 6310 -571653067
6586 882 -196605852
6590 922 427555591
6594 3334 -10888001
6598 4874 897856218
6602 634 824665639
6606 2786 -643449296
6610 6402 84659026
6614 942 -775031140
6618 3758 -361243681
6622 438 -466905107
6626 766 660471233
6630 6090 -423981460
6634 846 -964465705
6638 5166 557182608
6642 5150 608115537
6646 2966 917932940
6650 690 948987617
6654 2818 -466890445
6658 5370 447368961
6662 4662 285923302
6666 1642 -6848152
6670 5538 -642412789
6674 5658 474810385
6678 2110 -530431778
6682 2822 -454516928
6686 558 17584529
6690 2494 -633397575
6694 4746 513084447
6698 1858 248234824
6702 1450 890904079
6706 3478 -455349648
6710 970 523471109
6714 58 978006405
6718 666 -177208136
6722 2514 384420349
6726 6142 533357626
6730 4954 -894626408
6734 6442 247171085
6738 5042 -272804554
6742 5838 608157083
6746 2674 839958350
6750 4022 -475507849
6754 658 787593867
6758 3822 -711865184
6762 3974 -252915750
6766 3858 213336576
6770 518 469115688
6774 6058 676031122
6778 6750 -665322516
6782 2194 -840597290
6786 330 -77411189
6790 594 570933106
6794 3070 417175025
6798 570 -879199236
6802 50 -997612213
6806 6314 919471621
6810 1814 923771011
6814 2534 -995675445
6818 5930 -387484506
6822 2322 267102675
6826 4518 413230378
6830 4750 212663694
6834 638 -55713163
6838 5706 873909317
6842 3694 900027493
6846 6462 942923252
6850 5550 349150087
6854 874 -231532391
6858 646 485389570
6862 3738 -669796500
6866 230 -310660413
6870 558 914986252
6874 6750 -349110906
6878 6102 41939282
6882 4470 159728461
6886 1314 392413799
6890 2226 -207886248
6894 3990 769814365
6898 3070 -23856079
6902 5798 -652503951
6906 526 351296587
6910 2274 631920423
6914 646 -737799733
6918 4822 166772289
6922 4114 -998911756
6926 5118 -29364023
6930 3942 -281553320
6934 3582 390625421
6938 6630 620013314
6942 6938 484581547
6946 3010 31121814
6950 1782 -366088363
6954 4950 693867764
6958 986 -253611970
6962 4610 91719075
6966 3710 650479336
6970 3990 814221064
6974 3686 -262493973
6978 5074 -598035281
6982 4614 -9723601
6986 4222 231617478
6990 1834 -980806992
6994 4874 745657286
6998 5926 836296489
7002 4494 344514646
7006 1414 -637498403
7010 4754 -308866858
7014 6270 270224063
7018 6914 -184536257
7022 898 -939451177
7026 5702 452595206
7030 5018 -588199275
7034 6042 992631351
7038 2778 543897542
7042 6242 -429774009
7046 5606 -649663687
7050 1110 390069533
7054 6802 865555396
7058 2010 -655041793
7062 4786 -197946615
7066 4034 424958581
7070 2150 93415127
7074 6790 -189682013
7078 6258 745287379
7082 2582 -489867305
7086 2742 574020016
7090 3078 -480749120
7094 4574 -939068619
7098 662 637822816
7102 590 223419119
7106 346 -647495889
7110 5038 836200816
7114 5606 -835171836
7118 4430 -788841879
7122 3534 -978901276
7126 1530 966093180
7130 4786 -636079625
7134 6162 -987831837
7138 5718 608175147
7142 4014 485657679
7146 1458 724153605
7150 1610 -590021088
7154 3590 -996542879
7158 4262 520154318
7162 362 534235074
7166 5186 950435982
7170 5042 -620295828
7174 6274 992268997
7178 4286 587562298
7182 4978 992156339
7186 6454 512516378
7190 7110 173215167
7194 350 -66265124
7198 4138 273240422
7202 582 534626625
7206 4970 421837948
7210 4538 563883252
7214 1706 114009345
7218 3706 772942247
7222 5642 166551566
7226 5046 7185204
7230 1146 251142665
7234 4118 -338443809
7238 882 765466242
7242 2766 655575410
7246 6362 -19866876
7250 2234 503084658
7254 926 354936151
7258 2730 265034395
7262 4602 -961492046
7266 2386 -16499805
7270 4666 -644321486
7274 1478 643298626
7278 962 -905604761
7282 1462 -568925373
7286 4310 -998559254
7290 766 -732051466
7294 342 -659307828
7298 1694 -938413951
7302 1842 897449507
7306 7094 -948447871
7310 2194 153724570
7314 2150 447371447
7318 4282 547761908
7322 1458 76734461
7326 3966 -569312047
7330 3634 764117530
7334 4366 -90698863
7338 5498 -966829634
7342 4554 176227341
7346 6098 423825343
7350 5138 -910362346
7354 6306 -474422744
7358 934 3292734
7362 2038 696656198
7366 1726 -944747588
7370 5282 423422024
7374 4774 -121638972
7378 6862 742318579
7382 2278 -537368133
7386 3638 -465800725
7390 7110 237032757
7394 3146 -233665193
7398 5054 -667775514
7402 1410 887093215
7406 7094 -30355834
7410 6194 -321574778
7414 3178 -928174890
7418 1594 693048552
7422 514 -317793870
7426 2318 903925482
7430 1734 -960323182
7434 2706 555667954
7438 6390 790230087
7442 5678 -340961589
7446 3206 -649103162
7450 6594 138710736
7454 3434 580591941
7458 6682 714043277
7462 2458 -927234147
7466 3706 -274247701
7470 7226 503148020
7474 370 114194310
7478 2110 -47350798
7482 2870 -463172437
7486 3546 933622008
7490 5894 -669718313
7494 4146 565375544
7498 2602 634417901
7502 7142 -557102614
7506 6126 105825316
7510 6274 378468936
7514 6930 227074215
7518 2150 714869855
7522 1626 225264378
7526 6922 -516060002
7530 5198 532405736
7534 3014 575704922
7538 126 258445995
7542 2738 -305057909
7546 7218 -309248581
7550 2526 -986122694
7554 2538 -69129981
7558 446 -925878637
7562 1114 -821575804
7566 3518 899083413
7570 5378 853376304
7574 6914 558262291
7578 2826 -298706299
7582 1546 150831399
7586 1306 242699130
7590 3374 -425110053
7594 3494 -684013130
7598 6458 -335903630
7602 6686 325515943
7606 2886 968513507
7610 5930 985608997
7614 7402 -786781874
7618 950 979082392
7622 662 -351836955
7626 4106 360200954
7630 6534 -356936641
7634 7018 765114012
7638 6158 815249612
7642 6382 646704881
7646 2070 -269522981
7650 3418 -766700693
7654 2878 -42685985
7658 2330 7383175
7662 7222 -77623364
7666 6354 -579757693
7670 4538 -807515450
7674 5450 708918549
7678 2634 144312111
7682 1598 -625250136
7686 3678 800021550
7690 4198 578565411
7694 3734 -926005706
7698 7402 -134821581
7702 4330 -881440741
7706 4478 285105859
7710 6482 -954361051
7714 1902 752502118
7718 5198 -194414807
7722 4946 644837064
7726 6522 423701156
7730 6178 -672635967
7734 2638 -762654863
7738 2642 -161727986
7742 1430 138691812
7746 1510 758108183
7750 1990 -908781289
7754 86 545413114
7758 5898 -746437727
7762 7422 423787198
7766 1634 -6828541
7770 6030 -159975118
7774 4054 631160645
7778 6530 52370760
7782 6526 352513172
7786 5970 -542459512
7790 6630 573878094
7794 5030 736743898
7798 2574 381177264
7802 902 585545543
7806 3466 -529832946
7810 2598 -342877264
7814 3402 -749334937
7818 862 -469899065
7822 4414 -809929450
7826 7442 712942164
7830 4186 399909272
7834 3598 495509693
7838 4170 -140405962
7842 638 -438302990
7846 7650 586494353
7850 3654 693745555
7854 3790 639030892
7858 7534 547500002
7862 2654 377941576
7866 1402 318058219
7870 862 -541375212
7874 4022 -933117216
7878 7314 36785552
7882 1430 927279169
7886 5310 473077522
7890 1490 96538997
7894 498 597464700
7898 6170 549977599
7902 3042 -874841453
7906 6970 23932251
7910 6154 922898666
7914 4866 -90529145
7918 2150 999304610
7922 6890 618137998
7926 6250 -677446929
7930 4094 -383915758
7934 2006 -621992849
7938 6690 684532250
7942 4374 -230236038
7946 7586 -786338481
7950 954 928650697
7954 1226 867707551
7958 6210 -467242642
7962 6710 277575503
7966 7538 -457531392
7970 1354 -646716533
7974 106 -569398112
7978 22 803629133
7982 3126 821860924
7986 2742 540116968
7990 6194 -704744699
7994 4562 436506509
7998 5334 -190191133
8002 7270 198547538
8006 7378 -261520961
8010 7042 574627208
8014 5770 -114914458
8018 6954 764595405
8022 1870 573933072
8026 4498 368117129
8030 7990 -670172030
8034 4258 -528891979
8038 618 951199136
8042 666 919995212
8046 7394 65947652
8050 3458 -551729184
8054 6446 847920356
8058 586 -236141195
8062 4738 960742539
8066 422 -242462486
8070 5862 934318289
8074 570 -37875906
8078 2106 -527576460
8082 5434 475323377
8086 1094 573991323
8090 358 955931678
8094 2574 -623308230
8098 2782 216426458
8102 2834 957287122
8106 5722 -600225922
8110 2274 -457623308
8114 6662 714141705
8118 7306 555821423
8122 794 187269568
8126 5290 200114937
8130 3482 -248182974
8134 6026 -893278378
8138 7734 -470025221
8142 4766 -811020583
8146 5186 -920587678
8150 7658 616525772
8154 3066 488090336
8158 3710 257288465
8162 202 -781303837
8166 2830 15556704
8170 7918 -101404427
8174 5906 162855030
8178 1314 -824314284
8182 1758 524921259
8186 7866 649970442
8190 4350 817196006
8194 5234 710921099
8198 2922 658301792
8202 2254 897660740
8206 126 799527701
8210 1058 -732971833
8214 7654 -651853979
8218 6310 -471900783
8222 3194 647704482
8226 4618 237403267
8230 7478 -563693793
8234 1770 662473752
8238 4390 -570143937
8242 1254 424641108
8246 3086 -61724134
8250 234 750550786
8254 7062 455127598
8258 878 -73753852
8262 1642 89783101
8266 6078 556591654
8270 7510 -779766081
8274 1074 566602182
8278 8250 -580533944
8282 7366 763219305
8286 3378 249636878
8290 4806 -618112336
8294 1434 617325591
8298 5926 -843824086
8302 1398 -93624678
8306 8202 267669514
8310 746 828829350
8314 3122 -897174086
8318 2254 514543149
8322 1142 -331152822
8326 4314 -273140493
8330 2878 684876380
8334 7466 286253248
8338 7582 229218852
8342 4126 -663695742
8346 7514 449044786
8350 6742 -895622659
8354 1718 682796761
8358 62 -366328201
8362 1902 -981999365
8366 2306 -347889781
8370 6982 -921770544
8374 7858 94007193
8378 5538 -532167212
8382 1078 -872329512
8386 1166 121963669
8390 4954 399747148
8394 714 147989346
8398 5682 949894573
8402 6010 -83238718
8406 82 -14053121
8410 4282 106344581
8414 4702 -466398976
8418 7802 904916902
8422 7942 -820852638
8426 2362 263690847
8430 7378 471099850
8434 3914 -559199901
8438 5254 -880908369
8442 6306 -323392321
8446 3222 -456838327
8450 990 -889239335
8454 590 254988220
8458 5766 803249264
8462 1570 98756851
8466 3230 -172696775
8470 5314 -860717985
8474 4386 -836978996
8478 6502 -602087530
8482 3122 678837947
8486 6298 819362161
8490 3398 -376362184
8494 5562 22733925
8498 8438 -566125138
8502 1590 -965729967
8506 654 968758901
8510 2130 538503368
8514 7122 374985923
8518 7830 -657046927
8522 1190 946176858
8526 6806 -347562503
8530 2578 -621496078
8534 626 -520168432
8538 4814 -491061807
8542 8150 -129865958
8546 7654 732245712
8550 5574 783934082
8554 7170 84895000
8558 18 988843171
8562 3090 -187710032
8566 2158 -737156581
8570 3998 -317576513
8574 4198 -818957031
8578 5730 948412790
8582 4494 -823430620
8586 7482 659894193
8590 4746 662816759
8594 1870 -598771881
8598 2374 961416968
8602 5698 431909040
8606 6610 -604532000
8610 5290 -345559556
8614 6278 115230392
8618 8558 845501099
8622 6674 -703494842
8626 6346 -925886583
8630 5642 -769340016
8634 4258 -432967757
8638 6678 -859536887
8642 2298 -881705834
8646 6266 789093398
8650 8166 523978761
8654 74 -685809046
8658 1858 320859070
8662 246 -981781714
8666 838 394702727
8670 2158 -15434401
8674 7470 412679880
8678 1126 823815938
8682 354 -784540555
8686 38 -935422779
8690 2226 -953595175
8694 5598 -686760339
8698 3870 449324177
8702 5386 208978149
8706 3934 -125241707
8710 8566 -99703254
8714 990 -421433120
8718 4198 17230248
8722 8538 854696611
8726 2718 14263225
8730 7222 -122237260
8734 7966 249789325
8738 4666 224637997
8742 2202 185118088
8746 1790 567142853
8750 1078 -792044143
8754 2566 844138428
8758 4226 -79947476
8762 1650 542475074
8766 6242 -337444317
8770 4510 776930981
8774 5326 475273311
8778 3762 -806264434
8782 2842 381568958
8786 7958 190184531
8790 2718 75164939
8794 4486 -567493124
8798 62 -144665039
8802 4458 -244908571
8806 1938 50798340
8810 7814 -690892286
8814 3050 -273129855
8818 7414 207659801
8822 6038 -216877215
8826 270 433310358
8830 8226 183944868
8834 2418 209076649
8838 1218 368792617
8842 2826 825065902
8846 6162 869694534
8850 7342 673969090
8854 4454 -826078706
8858 5926 861764316
8862 8834 -562173033
8866 3878 -923406702
8870 5918 -87921148
8874 1802 -415354786
8878 7358 547938075
8882 5106 -330507983
8886 162 -559560092
8890 7894 -253114008
8894 250 99604944
8898 2474 325237615
8902 5414 -217806243
8906 7570 -544761735
8910 7002 -691938645
8914 8114 -572193558
8918 4366 -291716033
8922 3250 -207459469
8926 7286 20344729
8930 6690 913338032
8934 906 -446454153
8938 4298 840142793
8942 1754 -87047273
8946 6602 -200001813
8950 1338 95099889
8954 5598 857280465
8958 926 30653855
8962 3150 324165436
8966 486 23023808
8970 202 775123198
8974 3534 943857610
8978 1338 -933804591
8982 4574 791666898
8986 3014 -524307042
8990 5302 843412184
8994 3502 662064394
8998 150 941164450
9002 8554 47545110
9006 4762 89153681
9010 6750 685360421
9014 7814 631319837
9018 8210 -362202170
9022 4074 -370645861
9026 1282 -623223131
9030 7642 46784658
9034 4250 -204940042
9038 6994 102453598
9042 2410 -796456309
9046 2242 -402001172
9050 938 245264840
9054 3382 -138637565
9058 7226 477808820
9062 5010 346850275
9066 1526 -457420792
9070 8290 662378786
9074 6118 141478406
9078 5042 -439422513
9082 8106 609617425
9086 6482 -329029974
9090 2018 -676002517
9094 7714 979924102
9098 3466 166988162
9102 6602 553876911
9106 4266 -298185542
9110 214 -695481714
9114 8930 994066650
9118 1670 -878892949
9122 8662 324967248
9126 5638 -942060717
9130 4078 -417093371
9134 8662 -313795789
9138 8494 474078463
9142 794 -355510425
9146 7158 368621129
9150 298 -835429192
9154 670 540517374
9158 9022 -945262676
9162 3882 910816388
9166 8474 964458794
9170 6778 -366769722
9174 4630 710931722
9178 4782 905392430
9182 4778 557586516
9186 2378 66207474
9190 7094 -684135806
9194 374 -208156574
9198 5718 -864235769
9202 350 -592409305
9206 2910 882016831
9210 6154 435001828
9214 1838 646831436
9218 8706 -496294569
9222 3654 -679995432
9226 858 918591688
9230 6822 -938969168
9234 914 705583630
9238 6354 -256560549
9242 630 -523746850
9246 5234 284555389
9250 5730 -403283994
9254 3022 674075531
9258 4634 19243362
9262 2826 837623730
9266 5010 3062792
9270 2846 402237631
9274 2382 586552085
9278 2642 245006673
9282 8894 -949869217
9286 7310 -732220328
9290 38 367363145
9294 8350 -946066420
9298 918 -59539802
9302 1918 -185251868
9306 8426 496439602
9310 1214 799137034
9314 3302 348773772
9318 8682 -63201405
9322 3178 878156535
9326 3658 496311820
9330 5190 -746371223
9334 2082 -247888165
9338 7358 40903062
9342 5178 491795131
9346 6398 -304799516
9350 2314 -890650294
9354 938 338131969
9358 3930 -900725547
9362 9274 208374106
9366 6994 277364969
9370 634 -320548237
9374 4078 390743436
9378 2582 -704656876
9382 2326 -9549388
9386 646 -539408784
9390 974 783255252
9394 842 271760144
9398 7894 -745423182
9402 5754 285384459
9406 3618 484993147
9410 4318 -441752109
9414 8102 257504786
9418 5890 934754047
9422 4802 -833123659
9426 7766 807752531
9430 9042 -782810570
9434 7506 -670593118
9438 7434 293080846
9442 1898 -514301340
9446 6194 -930036112
9450 2786 -568485705
9454 8394 891525081
9458 3758 -624369038
9462 1826 343185161
9466 3318 -593904222
9470 2814 566405119
9474 142 -777264409
9478 482 -981932079
9482 3866 -387326549
9486 2322 -673726325
9490 9094 -189672549
9494 790 321595907
9498 366 793602350
9502 5070 173644684
9506 7134 -830809983
9510 8046 48091722
9514 62 492740509
9518 3454 314590101
9522 8894 -859365923
9526 2690 -220721179
9530 450 54016014
9534 3418 -215400958
9538 410 176983577
9542 5718 224950473
9546 2606 -767631031
9550 3558 561792994
9554 5106 -67108243
9558 7318 -238820669
9562 5310 -56439214
9566 7190 766227513
9570 9222 293170857
9574 6058 353789112
9578 1810 -630848470
9582 5562 15983463
9586 1730 -275752699
9590 8330 -512351593
9594 3358 -284353682
9598 9406 608672255
9602 654 498321891
9606 4330 48166443
9610 6510 -503239212
9614 4750 -360683634
9618 4886 147956529
9622 2038 679777765
9626 2470 -972460285
9630 8742 -877754262
9634 534 115241558
9638 8238 780215133
9642 4362 963885486
9646 7558 -591426214
9650 3186 -33475312
9654 6350 -714994065
9658 4318 -509653414
9662 5614 -842454436
9666 7958 95530376
9670 1714 -426964550
9674 7638 953151198
9678 4178 849517160
9682 7046 396590609
9686 2622 -754959656
9690 4602 334472627
9694 8662 -572002326
9698 1362 86530048
9702 6958 217259676
9706 7750 447240759
9710 1634 -949467606
9714 5410 896702701
9718 8070 -400266473
9722 5802 -478093631
9726 4398 591556813
9730 1798 814470059
9734 4454 -255198757
9738 4970 253831869
9742 7354 509856598
9746 1754 474794362
9750 1730 653975604
9754 6538 258376620
9758 5414 -785769999
9762 5498 980592425
9766 2230 -36576575
9770 7738 -856874493
9774 6082 134668406
9778 7530 285827296
9782 5338 36895074
9786 5186 -134850358
9790 7762 812244940
9794 3690 -683378286
9798 8514 333865656
9802 8418 760814119
9806 4822 875996058
9810 2050 -933415886
9814 6626 887669802
9818 5602 412042365
9822 9634 685463614
9826 1682 -223780832
9830 8878 -229185789
9834 3258 -871561642
9838 8150 -245102043
9842 2390 923523666
9846 918 -678299876
9850 3654 300068877
9854 5898 235860394
9858 3838 960475228
9862 7322 267654865
9866 5622 -458613966
9870 5950 -957571119
9874 8802 73167273
9878 5050 608957316
9882 5050 733583174
9886 2606 -914327106
9890 7030 -377594244
9894 7010 -468981441
9898 3934 -837269375
9902 3174 8181077
9906 8438 -916379067
9910 6770 694065776
9914 8082 -347551265
9918 2686 911977890
9922 5486 212747201
9926 9282 622356291
9930 6770 -922742309
9934 8554 -451023289
9938 790 -777885878
9942 7702 -582272466
9946 930 37978037
9950 5986 923364131
9954 8938 -622027977
9958 6866 472104580
9962 4462 -864167831
9966 6374 -516061469
9970 986 499618994
9974 5242 318313478
9978 2158 851864034
9982 6094 -401025785
9986 9830 89153110
9990 8694 58669811
9994 4842 872150931
9998 8334 -34897415
10002 4370 -723649778
10006 4570 -392149849
10010 6442 350954156
10014 170 171623519
10018 4778 -274630096
10022 1410 536759546
10026 6686 -554092060
10030 8674 93649506
10034 2430 -66783724
10038 8338 -830221835
10042 8310 -291457247
10046 8250 627032815
10050 4750 -399765246
10054 9746 -162869130
10058 4238 -541064962
10062 2202 181707383
10066 1186 291639255
10070 1154 -522897229
10074 7918 -370792908
10078 950 634904668
10082 2574 -167442875
10086 3034 332461176
10090 9666 -921521002
10094 6046 -17597342
10098 8422 -276372468
10102 314 885812102
10106 2682 134071650
10110 4686 693172644
10114 10046 931748100
10118 8194 -919256683
10122 5258 -960546719
10126 5186 123996065
10130 7962 -172657979
10134 5738 -910515169
10138 9494 -202897500
10142 1314 619386797
10146 7566 139509701
10150 7850 307715944
10154 2258 -600793736
10158 8474 537572858
10162 3946 712662749
10166 5634 -348868476
10170 9226 -932402172
10174 538 -444732727
10178 8118 -973043409
10182 6734 145441418
10186 7158 -113143950
10190 5774 845646902
10194 8594 -708594202
10198 3046 270848722
10202 4882 -925691274
10206 2818 -633685635
10210 3906 -281323557
10214 9958 720940798
10218 8930 378742259
10222 9750 339704532
10226 2290 -10143664
10230 9362 -330832680
10234 4354 -76578383
10238 2286 123391931
10242 5190 -196598510
10246 1214 -849652422
10250 2478 -635353336
10254 3298 84785273
10258 1534 43863634
10262 894 -662030745
10266 5146 -484263243
10270 1238 -417235832
10274 4506 981396729
10278 4282 541729067
10282 8862 -177245736
10286 3602 -722307490
10290 8394 795478919
10294 9666 -340453172
10298 3710 -264918321
10302 6030 457405263
10306 1338 960114682
10310 3434 -765336487
10314 2210 -731364842
10318 2762 460544768
10322 2062 -467539053
10326 7274 -868469497
10330 4510 -593019211
10334 114 -629535597
10338 4642 965634234
10342 6026 -848885953
10346 694 901072564
10350 2798 -256145536
10354 5902 947033955
10358 2326 -956081327
10362 3970 837564472
10366 7182 -163216789
10370 8258 -883705034
10374 3478 -681970395
10378 1138 -149017742
10382 754 251452900
10386 4266 191397179
10390 8446 -441097723
10394 7882 737888112
10398 7034 -433558355
10402 4946 800909523
10406 3718 -624035960
10410 5610 764837117
10414 4390 157295111
10418 8234 -987773511
10422 2174 434970579
10426 9246 381657200
10430 2850 -107614644
10434 6114 368053321
10438 8258 959676964
10442 1694 -535084333
10446 1262 -603287378
10450 6690 898727094
10454 7310 759646511
10458 4194 -355784620
10462 5814 -726961688
10466 7686 522415254
10470 7518 -867874196
10474 5274 -247877768
10478 82 557348807
10482 9830 521991692
10486 1958 514072399
10490 3678 -830177962
10494 5250 -21883322
10498 9386 777375263
10502 7722 456906858
10506 4562 477730478
10510 2466 -419284163
10514 1002 555686712
10518 3786 490370622
10522 230 -187815110
10526 8838 940717278
10530 4042 748294177
10534 8158 862710076
10538 1646 -538828623
10542 154 750404279
10546 8546 -953787841
10550 8074 725226815
10554 5942 -887886545
10558 6414 910721248
10562 1770 -634025172
10566 2514 -802182394
10570 290 389393337
10574 5430 -530764227
10578 6094 704918145
10582 3514 -174665981
10586 8134 -911447944
10590 2822 536995505
10594 7998 918004759
10598 7666 -995149974
10602 1878 -333002513
10606 7586 -683667311
10610 5138 572256775
10614 3650 445110707
10618 3754 466028752
10622 10206 -264916407
10626 8782 -29665693
10630 8818 -609786243
10634 2034 437170996
10638 326 752541563
10642 9158 799586855
10646 6150 -897460821
10650 7242 687744590
10654 154 -572731763
10658 7202 206688469
10662 3762 336511984
10666 10602 837416355
10670 9614 -17173869
10674 9870 -553597099
10678 58 637305428
10682 214 912058066
10686 834 57387216
10690 4186 -494072856
10694 8222 -154411973
10698 2798 -786767793
10702 9514 226872211
10706 1578 768765511
10710 5978 329939403
10714 5818 193783959
10718 5766 167263375
10722 4958 -639847948
10726 6014 -449118401
10730 1358 -455045309
10734 466 526373677
10738 6434 -346158314
10742 9942 447721744
10746 6490 -446617841
10750 3202 781203115
10754 3938 -389948440
10758 7006 -363823444
10762 7390 -564948489
10766 6242 286341524
10770 8414 -382010100
10774 610 -147664542
10778 7658 -720009103
10782 9610 118562517
10786 8042 -247638012
10790 1958 670120249
10794 5970 -775297
10798 2618 -673077054
10802 6738 830676331
10806 5382 639301744
10810 2134 769883714
10814 762 178166839
10818 6090 661597934
10822 6942 -132510198
10826 974 15560836
10830 6170 -380043597
10834 210 342435811
10838 10562 -953907861
10842 9398 412801129
10846 8162 -186345150
10850 8490 94911238
10854 9506 -130611826
10858 2606 410267418
10862 486 -21361559
10866 9114 461568681
10870 2902 315259469
10874 6970 261712062
10878 422 557272673
10882 1418 411821874
10886 3846 -452740598
10890 9862 529841510
10894 1502 -958093669
10898 7098 102192943
10902 7590 -721302894
10906 10266 -664311910
10910 9094 -612975039
10914 7846 -898352720
10918 3178 -764427091
10922 2494 343716699
10926 118 -37815616
10930 3358 -900352409
10934 5498 -74065821
10938 3054 967618832
10942 10378 782014696
10946 478 -503669022
10950 4618 914869115
10954 8946 191894645
10958 3718 770485861
10962 8786 -274001567
10966 7390 222945645
10970 4762 665397557
10974 9302 858698529
10978 1310 -792135014
10982 10598 -181021459
10986 2594 182792608
10990 8882 324331459
10994 634 667726571
10998 4742 797776311
11002 9334 512279018
11006 6858 157181608
11010 8002 617173354
11014 10642 -218979688
11018 3366 -276544068
11022 570 87386008
11026 3186 -712405874
11030 8858 762196522
11034 634 90652340
11038 8646 210888090
11042 162 -38468759
11046 8630 704664267
11050 3430 -510451120
11054 10442 614349132
11058 4174 283349361
11062 5366 724338688
11066 2734 -206932506
11070 4182 609704826
11074 5566 -91052565
11078 2474 -219275194
11082 6838 690065366
11086 5778 -706705343
11090 5394 564741223
11094 6798 -401036810
11098 2522 616036171
11102 8242 44877115
11106 8346 -592514967
11110 10290 -706340089
11114 4430 476601440
11118 8354 -939988239
11122 5194 -883324072
11126 8458 -57000808
11130 10870 671792871
11134 10154 -57217797
11138 1554 552959858
11142 10886 781813550
11146 9206 -198106418
11150 7410 781594560
11154 3174 289114715
11158 5862 -197447118
11162 1982 716695669
11166 11050 -229673237
11170 990 -32748026
11174 1038 970155521
11178 9618 -720312669
11182 4666 -293611349
11186 6510 -68264719
11190 4506 884834156
11194 1622 897356545
11198 6182 -986707072
11202 11118 -258827304
11206 7846 -858648730
11210 5914 682083783
11214 5114 -727991654
11218 462 421571411
11222 2114 97784348
11226 8154 612711374
11230 5398 -495290165
11234 3990 -434966563
11238 2998 -203469142
11242 1634 -690050623
11246 10766 -178636780
11250 2058 953958831
11254 5822 -256757217
11258 9646 -867621260
11262 7914 553110921
11266 4006 926151504
11270 1330 -893003329
11274 1062 380939180
11278 3906 -601703428
11282 10902 -69614717
11286 6854 -465960530
11290 6198 -203751751
11294 11062 139967995
11298 10094 -80251859
11302 7466 -746565123
11306 66 -708610726
11310 3538 613815336
11314 6950 -281294471
11318 7250 491328227
11322 5874 -37855353
11326 1946 154737438
11330 1746 -880474915
11334 8154 24352772
11338 2898 770426596
11342 2110 804435848
11346 898 -219738136
11350 7178 -112855881
11354 4026 997063202
11358 4110 85595187
11362 906 -527697725
11366 1994 -853922117
11370 7906 -560432469
11374 8242 -93825404
11378 10822 -696837647
11382 11274 7831221
11386 8966 -202013483
11390 1802 -768481306
11394 1714 -130366870
11398 4182 365302963
11402 1282 -453993969
11406 11198 665036667
11410 9998 -358343332
11414 6142 112703517
11418 8414 -844293903
11422 9962 118117735
11426 7226 -941827730
11430 4554 210736387
11434 6054 -990113290
11438 10486 -700624863
11442 106 590732028
11446 822 -159785292
11450 1070 -771011280
11454 8542 889263560
11458 11018 541872879
11462 774 -414306968
11466 3674 -249800917
11470 9690 212992734
11474 2002 71957947
11478 11442 157640922
11482 11086 408499452
11486 6046 -247933178
11490 7802 84230418
11494 402 600105794
11498 6506 -154770141
11502 10306 847270650
11506 4810 583235907
11510 1938 961615841
11514 4790 281779294
11518 2850 472298059
11522 3502 123685953
11526 7886 473288312
11530 5650 -756611892
11534 9826 -997471589
11538 1506 487127536
11542 7826 370408023
11546 1786 693534266
11550 2558 -297863015
11554 1786 -364009937
11558 9778 689129476
11562 4810 -605325255
11566 6178 23090122
11570 7690 -918228175
11574 11482 532296799
11578 5870 532446570
11582 2326 -390859641
11586 3466 -286145068
11590 9666 56671451
11594 9102 262915749
11598 6902 590296073
11602 5786 389399818
11606 7170 334599617
11610 3690 893249805
11614 6334 166526983
11618 2162 752971196
11622 6126 -529815013
11626 4618 993858344
11630 3490 -711795116
11634 7014 -756129543
11638 1678 310284652
11642 5582 778261085
11646 9238 -99960553
11650 7134 -266444863
11654 7026 -517487098
11658 10342 136695841
11662 11626 873230164
11666 6638 718233
11670 862 908898336
11674 11034 612007285
11678 9182 643010846
11682 1174 -327897471
11686 1446 -66936884
11690 4502 119501508
11694 5278 747330448
11698 9690 -89301709
11702 7430 370216868
11706 4366 -98656465
11710 8642 -53703468
11714 82 60979990
11718 5342 -975741324
11722 5602 167065442
11726 3846 950861773
11730 10614 299359768
11734 6310 980906882
11738 5570 937571102
11742 6906 610849049
11746 5922 -59874015
11750 5190 -212714
11754 8494 -522972947
11758 7526 -690730246
11762 4642 -38350473
11766 3774 945651908
11770 8066 737124478
11774 4010 292352269
11778 10498 708078388
11782 702 -354548173
11786 8566 -284663024
11790 6334 -530892302
11794 10474 -948187713
11798 514 135146447
11802 8074 -190857419
11806 9590 311608430
11810 3406 458191211
11814 2630 176519963
11818 402 -152125599
11822 2042 29894987
11826 9558 -917056842
11830 4578 -991341963
11834 1906 -895256792
11838 966 -15491363
11842 1910 753690574
11846 8398 477548915
11850 7626 -427502428
11854 5902 168935519
11858 78 -673737878
11862 6354 113219192
11866 6618 -727229512
11870 10442 -432105525
11874 8230 961534051
11878 6850 -28045348
11882 8818 -698313676
11886 7074 -810990220
11890 1558 -785286778
11894 9582 609609965
11898 4782 453108427
11902 50 307767798
11906 8718 627794032
11910 4542 981360151
11914 5406 -752862795
11918 6634 -355593962
11922 2702 -541003187
11926 11678 -842254817
11930 9610 -697966935
11934 4398 566642646
11938 11066 569156028
11942 2066 993405165
11946 2402 -790528979
11950 11126 586094372
11954 7086 893827628
11958 2498 -489743776
11962 7954 -378247351
11966 8626 -41413156
11970 3250 -572835383
11974 4514 385268860
11978 4706 -632903645
11982 638 -832399231
11986 8694 -203777318
11990 8458 -277541353
11994 9574 -141946389
11998 4190 980992512
12002 11902 -61167536
12006 9838 -513951884
12010 7922 -848599318
12014 2234 -238052550
12018 590 -674905482
12022 11354 -284771358
12026 3906 83426076
12030 6390 278034726
12034 6262 -486445721
12038 10174 970280432
12042 7310 325046394
12046 6510 576639095
12050 6834 -910826095
12054 9926 -1290819
12058 2110 -298591997
12062 11174 88538882
12066 2170 -774239093
12070 170 110310736
12074 4838 -275547217
12078 6374 730535493
12082 11950 249993664
12086 6050 -259035859
12090 226 -737290741
12094 4122 -28165247
12098 6718 -79971236
12102 790 -501321511
12106 9674 -881311286
12110 8642 496650077
12114 4282 346606920
12118 3066 813040689
12122 4802 589228294
12126 8130 -235313208
12130 10918 -211114864
12134 7346 -319371721
12138 3030 -6304255
12142 11518 457414167
12146 1598 282484270
12150 598 -479390647
12154 398 362954130
12158 2574 -38386259
12162 5082 -520505242
12166 1698 -658802285
12170 1438 -500366972
12174 382 -131522173
12178 2718 -588874878
12182 2770 875470131
12186 11774 231836825
12190 10854 389485469
12194 12054 785157764
12198 1706 876457760
12202 4974 285209743
12206 6146 -556832425
12210 2762 457539315
12214 3914 -703998505
12218 12098 388201001
12222 8026 888803208
12226 3930 173889009
12230 8530 981480311
12234 930 -518999617
12238 4058 -851953101
12242 5602 408268849
12246 8522 -235816395
12250 10158 -951304968
12254 9574 -301954889
12258 10082 580686014
12262 10946 -349047040
12266 10410 -153911482
12270 7510 755991824
12274 1758 -728847947
12278 3038 188028453
12282 4954 -526474333
12286 1710 -455888836
12290 9378 346288995
12294 11654 287712411
12298 8190 -73929661
12302 762 -873882035
12306 9194 415914244
12310 5226 772126016
12314 486 -309138510
12318 2038 -466320474
12322 2606 126314620
12326 530 529714225
12330 6786 -529770532
12334 2730 608600056
12338 4386 -941478593
12342 9254 678030823
12346 1926 -368280778
12350 1378 -100770346
12354 5950 160798501
12358 5666 -626593681
12362 5102 -57117489
12366 1942 -887414818
12370 2538 -341580269
12374 4466 812279664
12378 10906 153365120
12382 9626 960830111
12386 6010 479508337
12390 4322 -240231762
12394 230 -792674397
12398 258 944664998
12402 4902 513525740
12406 7442 238414224
12410 3038 608178717
12414 5426 -868137740
12418 5882 453258399
12422 2794 -189539668
12426 11662 91824345
12430 3018 693075326
12434 5190 -345357995
12438 58 681105111
12442 9786 -859088107
12446 6250 -592684431
12450 162 724702470
12454 6050 -285505090
12458 9778 -106048316
12462 2966 134856829
12466 3022 -76745601
12470 7194 -295102902
12474 10410 17515808
12478 7038 25702447
12482 6798 951818417
12486 7358 223889395
12490 10642 965847691
12494 1698 729147949
12498 2146 -391388817
12502 850 73487493
12506 10390 -218114713
12510 3898 438310355
12514 1402 715741415
12518 5782 -148328460
12522 9530 947694815
12526 3150 -678057147
12530 7026 866393891
12534 8546 -360486875
12538 6170 491235128
12542 1930 996035046
12546 7306 412688945
12550 6422 -558013541
12554 1702 -624504808
12558 158 825440707
12562 3198 -948900365
12566 12322 564841925
12570 6974 -246716927
12574 1622 718377529
12578 10242 -446171638
12582 3510 -285742503
12586 6082 700362124
12590 2878 -751462985
12594 10230 -401429608
12598 8326 574684078
12602 4702 153899673
12606 4406 802202710
12610 2034 73083822
12614 9446 271746961
12618 11730 98645181
12622 3582 -998363639
12626 9878 893291412
12630 6770 211038864
12634 154 -522298344
12638 3094 -596676947
12642 1478 869625237
12646 11718 -104232409
12650 4986 -382177262
12654 7046 800837472
12658 238 -58652955
12662 4962 -240849422
12666 3574 -796880659
12670 5542 -183128990
12674 7310 366420342
12678 9446 -625604727
12682 2442 -911383317
12686 8490 904492661
12690 11814 637711688
12694 2426 606755966
12698 2310 -226383212
12702 12374 -108210677
12706 11838 267621656
12710 3922 -349946438
12714 8818 -137799090
12718 11358 883892183
12722 9506 -283916401
12726 858 -181862513
12730 11410 -271865310
12734 7054 678008026
12738 10622 -925096665
12742 1030 877533395
12746 8754 -38733772
12750 5206 992216186
12754 4886 -324528154
12758 1290 293563628
12762 7126 -845832612
12766 5254 -350378616
12770 11174 -634261751
12774 11946 -201394081
12778 4922 -564060236
12782 110 614945709
12786 5170 627744136
12790 206 599964859
12794 4114 -825383980
12798 4498 -417480641
12802 6086 -888424013
12806 12678 761199136
12810 10678 -785593242
12814 10674 -534104135
12818 10802 -538254453
12822 6310 -254405555
12826 12514 166010137
12830 234 104259544
12834 626 -173692833
12838 1266 78480616
12842 8394 367292767
12846 4482 783071310
12850 6694 580441259
12854 8254 -211123860
12858 11026 878722089
12862 2218 -912946240
12866 3642 -663200170
12870 7170 592490638
12874 9094 -927087499
12878 3570 905133655
12882 2814 -286120799
12886 4602 684321647
12890 818 -777876178
12894 7278 -998196940
12898 2118 -906745134
12902 4966 -36327687
12906 5218 938824096
12910 6570 358972133
12914 10250 -613950308
12918 8658 -165784039
12922 11914 79485337
12926 11958 947628515
12930 11274 365196809
12934 4902 -850199227
12938 5354 393659113
12942 12854 380517533
12946 9342 222829250
12950 7702 906700759
12954 5410 -444512581
12958 962 344684387
12962 7934 606517147
12966 9894 123463741
12970 154 -227936533
12974 446 -127759811
12978 10070 -500033138
12982 1986 -222750498
12986 3126 -293959245
12990 5674 56469168
12994 8726 478643012
12998 2406 8474658
13002 702 -181344710
13006 1510 -750087959
13010 350 -594349960
13014 11054 23084556
13018 11542 -182359266
13022 12790 792711988
13026 4750 320030920
13030 7882 -226334455
13034 2654 855471199
13038 11130 -673384634
13042 4806 -379223953
13046 2886 -735123288
13050 1762 -542662043
13054 4414 937772273
13058 12174 -513177305
13062 12954 680921308
13066 8154 906098547
13070 2926 785533990
13074 3498 -930708124
13078 7082 539065039
13082 11006 -507919965
13086 11730 -841137373
13090 10578 -382939748
13094 9734 403738937
13098 4558 883245297
13102 9034 776747707
13106 9786 -793095317
13110 12842 255689957
13114 1146 -773375207
13118 4126 -628309424
13122 10966 -410370879
13126 1202 -835087807
13130 1958 -28020146
13134 7518 -286354889
13138 7602 592704022
13142 890 -62682052
13146 4062 -890686096
13150 4118 95323830
13154 398 -7222238
13158 8130 -3585767
13162 4614 833874004
13166 1506 355275135
13170 13070 662760188
13174 5770 -128862753
13178 10082 832659607
13182 9734 700222872
13186 3574 796473056
13190 6634 -830819780
13194 11514 -580989722
13198 8502 735941259
13202 7954 -98812978
13206 10302 -54467631
13210 842 -927183059
13214 18 -118244155
13218 1070 -104571927
13222 734 863661911
13226 11630 946611624
13230 4794 -477749046
13234 8274 -702417934
13238 9650 58104133
13242 1362 -771431905
13246 1730 625102801
13250 1622 -583051966
13254 8922 -20277154
13258 9918 -115426897
13262 11714 -972589418
13266 3690 -368736186
13270 1802 502055482
13274 10342 -999441662
13278 10566 306837436
13282 10994 -650910924
13286 12850 129632379
13290 10434 -689610242
13294 11098 -676574474
13298 8674 -418127473
13302 10290 -493859900
13306 4458 299265219
13310 7554 -841785006
13314 10150 856347041
13318 46 894400690
13322 4978 957574432
13326 3138 990918256
13330 8414 -941597868
13334 4702 -21930889
13338 226 -518093097
13342 3038 -499369269
13346 4538 -489863956
13350 1006 127051824
13354 4446 677406582
13358 714 -510065366
13362 11122 434921567
13366 1590 670648343
13370 5722 -122097607
13374 4314 580452724
13378 9922 -966653521
13382 690 567225427
13386 7214 270847571
13390 4486 178013723
13394 12978 96746698
13398 2350 531557470
13402 5370 -599793093
13406 9910 -134574026
13410 11330 805421510
13414 10758 -667906317
13418 7298 -17703642
13422 12678 455996884
13426 1910 196841743
13430 11866 197320259
13434 7602 -529370443
13438 806 260605000
13442 706 -214924185
13446 5590 961746591
13450 8298 720840898
13454 12942 997399292
13458 5278 -459553231
13462 3358 -181384505
13466 7630 -139377324
13470 4358 875179973
13474 3378 -528120316
13478 6010 -726967102
13482 5346 -506142322
13486 5878 -750678949
13490 5238 -193409018
13494 1306 996338569
13498 7622 -68838065
13502 1862 -27952925
13506 5794 437725389
13510 4166 161813582
13514 1214 -315566615
13518 6862 -548635458
13522 6422 592682135
13526 1886 51576507
13530 814 119189907
13534 2518 -841611435
13538 12626 416431877
13542 10010 -818924917
13546 1402 -830244356
13550 3582 -570004373
13554 4386 -218524106
13558 246 743782934
13562 6714 498254240
13566 2550 753113295
13570 2482 376771961
13574 318 -531910743
13578 4946 429814987
13582 8330 -329771521
13586 2738 589368213
13590 12750 535487670
13594 10322 57173285
13598 3390 -301606589
13602 4174 996170867
13606 4582 -12838541
13610 470 788144976
13614 6290 838309651
13618 3734 302525438
13622 3982 -258886631
13626 8450 941284889
13630 5934 406235122
13634 5290 -170012609
13638 9506 -281530136
13642 474 666847982
13646 8190 46699882
13650 4422 -67308920
13654 3418 535325095
13658 9806 826491
13662 10106 738709808
13666 8534 -76500584
13670 1410 46214963
13674 13174 -657131695
13678 582 -463365188
13682 13154 -678785932
13686 454 287432026
13690 5946 714044679
13694 12326 794422940
13698 3110 115372817
13702 9914 -12376154
13706 11390 559497615
13710 11518 450062338
13714 5206 310107185
13718 12594 -912069052
13722 3058 958595851
13726 11826 -290283190
13730 4086 -370221445
13734 10834 -14980563
13738 11578 -231114170
13742 9058 -714999319
13746 8334 -337341520
13750 6346 99854389
13754 5410 -845250200
13758 12734 -392765442
13762 11254 -369804931
13766 10206 228173643
13770 12102 -80636917
13774 7754 860553671
13778 9650 295974341
13782 12558 799942379
13786 10926 -226384134
13790 5754 -583087290
13794 5330 -66578261
13798 13486 -167103788
13802 4882 -48719672
13806 10422 -652384959
13810 1722 -147772461
13814 12134 -322550077
13818 8954 -850948788
13822 6750 107410272
13826 13762 440654752
13830 4910 -753446851
13834 7126 -806259847
13838 8146 -707614388
13842 1034 -972464054
13846 11386 -540579584
13850 12394 283645396
13854 118 -201153348
13858 4262 -526808498
13862 9058 -777696959
13866 1678 -130719308
13870 2262 -809630227
13874 9826 -870204419
13878 3846 -935659333
13882 1206 -69149211
13886 13386 394543916
13890 1906 -345877234
13894 8862 43567276
13898 11638 -722437518
13902 8662 578608632
13906 6174 -570052249
13910 12270 652941655
13914 3902 193494747
13918 514 -634372553
13922 1502 -233758832
13926 7694 98624408
13930 4578 791538399
13934 7450 440748486
13938 3714 340733612
13942 2174 -71783137
13946 10162 47761630
13950 5054 241748660
13954 3094 226190493
13958 13290 -734092921
13962 9514 -683946158
13966 9466 496896530
13970 1962 71081877
13974 7342 -173760026
13978 5962 42978087
13982 12118 695156261
13986 10286 490280358
13990 3454 -710135289
13994 3126 -565901075
13998 9822 -411184227
14002 11990 -826308737
14006 10618 388898970
14010 11842 -936070506
14014 7554 443421419
14018 574 -97363691
14022 12470 201497591
14026 13010 96070962
14030 12706 -181075053
14034 10622 735972570
14038 10682 -574244774
14042 3630 -492128700
14046 4534 -53955156
14050 8466 475077584
14054 6418 -455781361
14058 11586 729235927
14062 8770 -553651772
14066 13898 596698194
14070 10014 520984656
14074 7798 -843384562
14078 758 -617391449
14082 8482 -251368362
14086 10642 -686290855
14090 13086 819483393
14094 10318 -54982208
14098 11410 627213032
14102 13626 254759959
14106 2190 -876221641
14110 8822 512557725
14114 11394 -103763644
14118 2170 -237066616
14122 1802 568344092
14126 274 53428980
14130 12534 -604545262
14134 10374 -844878832
14138 9402 -684060890
14142 1366 318626268
14146 6190 -560860189
14150 230 117084938
14154 3678 -677215639
14158 9814 -952861502
14162 9362 559915709
14166 10590 952527890
14170 9186 538423322
14174 14114 -217628827
14178 2230 576916116
14182 7918 -548997271
14186 13710 -622472779
14190 9406 -607309794
14194 510 -37171036
14198 606 810168043
14202 4774 323496287
14206 11122 -297830470
14210 3598 -717832362
14214 13230 -622365362
14218 7762 -122073072
14222 4478 -627152327
14226 3726 800177727
14230 11678 -934495404
14234 12698 -528468675
14238 9374 -156909048
14242 5878 -302836111
14246 3946 -441471797
14250 970 -499034403
14254 8826 -712942983
14258 7898 46656464
14262 5782 93670492
14266 1690 160871397
14270 13846 -933847225
14274 1862 539885228
14278 2274 234110648
14282 5894 762253239
14286 7150 -381441090
14290 8790 314745225
14294 2594 -595480002
14298 6006 -360408702
14302 4918 434593101
14306 14078 -536193652
14310 5222 323127748
14314 10854 112664562
14318 9862 995690545
14322 4802 -357123293
14326 12694 -989720969
14330 11790 925939466
14334 4402 631749171
14338 11802 -229194687
14342 10518 506868618
14346 11870 -242228183
14350 10814 -442435305
14354 3314 -713034563
14358 7302 212367395
14362 13150 525790282
14366 13578 316947400
14370 14154 -349913492
14374 1346 -15401471
14378 3990 -314721739
14382 1518 -600410641
14386 4454 -532754117
14390 9218 -380681403
14394 9326 -988721358
14398 2282 -434906177
14402 9378 -299339178
14406 634 39855800
14410 4658 140804277
14414 9950 89416858
14418 9418 705838531
14422 2070 383469031
14426 8642 160264489
14430 4266 -943328531
14434 4814 404746467
14438 2646 -72170867
14442 14022 177532580
14446 7626 -350304122
14450 12958 479123265
14454 4826 770704862
14458 8102 549485870
14462 3890 901651786
14466 9846 591339525
14470 10042 353810430
14474 7774 -83744889
14478 7370 457467227
14482 8258 740838437
14486 10410 -353421004
14490 3342 -566814304
14494 4802 -770111535
14498 5398 -582366750
14502 13174 -780302126
14506 12874 -977319443
14510 214 -496363668
14514 11398 -699422954
14518 4850 -76654964
14522 5942 -364416383
14526 13850 -437869027
14530 2062 250028388
14534 12318 842329549
14538 4826 -876541490
14542 14134 -199916777
14546 10206 780780608
14550 8370 480826003
14554 734 683685115
14558 2898 802615961
14562 9434 -280472918
14566 5338 549050116
14570 1466 384408710
14574 2578 -704740279
14578 12134 -702096947
14582 326 65657521
14586 3634 22970930
14590 6314 866805611
14594 6530 -723268199
14598 9502 -229873397
14602 8110 234521443
14606 10030 -554691837
14610 3666 105645054
14614 13582 598181198
14618 13178 723936363
14622 5494 -173887268
14626 13102 -75030926
14630 1902 580545197
14634 1302 -681514253
14638 3802 160003694
14642 10630 290301786
14646 10674 250714565
14650 6570 715222504
14654 3658 555814968
14658 10050 -835595302
14662 5514 760784691
14666 11646 769793571
14670 2170 187903205
14674 7678 34446155
14678 11094 845938118
14682 2022 360252051
14686 11826 -836599417
14690 8118 556712733
14694 3654 -469720364
14698 10674 -586244861
14702 7118 69281337
14706 2342 -444100498
14710 11302 -687147219
14714 2182 -983118093
14718 8314 -463998086
14722 12562 79111663
14726 9690 -665436961
14730 6866 -571295978
14734 914 -112330974
14738 9182 -692667158
14742 758 783828368
14746 13170 13742020
14750 6610 -558285733
14754 12730 989249265
14758 9214 34806004
14762 7078 378390141
14766 3942 989412934
14770 758 -64595939
14774 6554 -175482265
14778 9078 865656114
14782 5218 -704775537
14786 2294 -224798476
14790 3058 887144547
14794 10158 246761814
14798 4994 758014764
14802 11906 794221709
14806 14622 486760605
14810 8074 974887896
14814 12446 -542891506
14818 10978 -473695895
14822 402 -593440529
14826 4382 -694028414
14830 14610 445559155
14834 4898 -543819324
14838 834 -365017441
14842 10686 -700709900
14846 6510 -549659647
14850 8286 -491476800
14854 5086 -419281064
14858 5678 -933045329
14862 9710 351402371
14866 6414 523030685
14870 7930 -728008608
14874 14690 -12382006
14878 10158 -386403530
14882 8946 -165403134
14886 2918 902677403
14890 186 341523595
14894 6746 -57844393
14898 11698 -772750028
14902 14174 745368417
14906 5150 -675655310
14910 13538 275929148
14914 5010 55377352
14918 10562 -714154225
14922 8878 -866654585
14926 11394 -799175181
14930 12914 -693147329
14934 9770 234795895
14938 7090 -116847711
14942 190 -485341780
14946 13366 156159979
14950 13714 741343540
14954 14642 852689688
14958 11854 -811526457
14962 14330 -450623519
14966 1274 -228554450
14970 14098 -666512435
14974 9918 629587915
14978 14710 -791348787
14982 4810 -456290847
14986 6638 939319578
14990 266 -689464224
14994 11758 606351844
14998 4750 -478945365
15002 6066 800689934
15006 9642 424730747
15010 9306 -497089285
15014 1222 -732295430
15018 3334 430392478
15022 418 -851465682
15026 5918 231838373
15030 4550 -421175482
15034 6782 -923233138
15038 7874 514033447
15042 8678 819291544
15046 8630 -114114099
15050 5626 214612837
15054 9162 164699449
15058 7466 6200669
15062 13682 102810742
15066 4422 -572318468
15070 14606 164480354
15074 8614 219050368
15078 12406 854940601
15082 3222 -40350063
15086 10370 71289763
15090 14146 956718272
15094 9810 65857869
15098 3610 539101039
15102 122 -750509201
15106 14582 766002898
15110 6878 564686568
15114 9634 -149819711
15118 6414 -546865429
15122 10494 369999448
15126 7926 866798068
15130 11930 414445748
15134 3110 915412331
15138 3054 961723938
15142 11386 14206507
15146 8218 857490786
15150 546 -616618423
15154 3522 -579432832
15158 5778 810874829
15162 12834 824185523
15166 2178 -156621064
15170 7486 5846832
15174 230 -229452452
15178 11302 -221146084
15182 5338 103996167
15186 9290 903869990
15190 2022 -241332986
15194 13174 916679563
15198 6002 -547525692
15202 5558 -142456571
15206 14854 649583368
15210 12838 360132012
15214 3682 -725141309
15218 8474 -901530098
15222 8202 465383314
15226 4954 -379108348
15230 3554 504674263
15234 4946 -308365882
15238 10542 -315370495
15242 7826 498010679
15246 6130 -158513023
15250 526 -713290349
15254 11630 -786064638
15258 12966 759458821
15262 458 -254052801
15266 4510 -142156944
15270 12362 -580756701
15274 342 500752566
15278 10554 977170415
15282 14578 166195827
15286 1618 899084500
15290 2918 181218894
15294 5842 768541014
15298 13954 494210661
15302 7258 -188455744
15306 10582 130151047
15310 5166 -392739496
15314 8082 217006749
15318 15214 -666455370
15322 4074 -297677930
15326 4754 -966516454
15330 1502 -928816368
15334 10890 -781665320
15338 12262 850480650
15342 414 965847979
15346 12710 66088515
15350 1670 185683047
15354 4526 -18804624
15358 2174 643506526
15362 7838 47840047
15366 3802 -442299072
15370 9442 -575783647
15374 5506 -870620689
15378 10818 -216708827
15382 2654 149289013
15386 5710 -838702039
15390 12414 -135048786
15394 7802 -949204326
15398 12146 421468876
15402 1962 967649552
15406 12518 542773251
15410 5322 -824882556
15414 6466 111371626
15418 5814 -412054197
15422 4542 655981761
15426 1054 650044216
15430 15138 322149704
15434 1510 -251061571
15438 450 344443415
15442 15298 445371409
15446 10822 417787964
15450 4814 -83694703
15454 8314 952336264
15458 3998 69346908
15462 13070 -991775446
15466 2922 504384648
15470 13162 -63099547
15474 10614 664478483
15478 1094 -237034584
15482 5010 -87462804
15486 2414 -407550717
15490 1502 -391049126
15494 5662 153867454
15498 9782 885383612
15502 8518 553404749
15506 7754 551405421
15510 1250 -792311136
15514 1970 -950646948
15518 4594 -379417271
15522 8982 -828113440
15526 14854 -354983605
15530 9878 610816074
15534 2698 724401376
15538 7802 -653802326
15542 10906 -903225719
15546 9226 243631550
15550 5194 165865066
15554 3562 -791430724
15558 7582 -15439662
15562 2930 -3320519
15566 9806 -837735519
15570 13446 460436177
15574 3346 766403642
15578 14110 -113904451
15582 13882 -748528336
15586 15066 328694770
15590 5874 -964233217
15594 14398 -711676885
15598 12370 776868028
15602 8202 817847721
15606 5630 -396084215
15610 858 -502920829
15614 9518 -566481763
15618 13930 136497018
15622 4814 239122571
15626 10722 -931702813
15630 13578 817479908
15634 10506 -440439068
15638 12638 -2175386
15642 6922 -268803636
15646 2786 -102248867
15650 10242 403741649
15654 12486 144368078
15658 2546 696997173
15662 8702 -466918672
15666 13858 -567778853
15670 3570 -716857962
15674 10582 -82299136
15678 9562 -495684369
15682 3854 -809740325
15686 15090 -697873464
15690 4542 354407608
15694 378 -698667163
15698 1038 -901314229
15702 6974 -203638948
15706 3074 -219405688
15710 8442 551507158
15714 8326 -984497883
15718 10566 -461514321
15722 3270 -881964648
15726 662 -233094740
15730 10254 878137996
15734 3886 -134320062
15738 9858 21021111
15742 2434 756070436
15746 7374 -329774811
15750 13978 242737134
15754 3890 -738673821
15758 8342 715481395
15762 12826 709943969
15766 14190 829287374
15770 7910 -678147829
15774 8622 885023841
15778 8402 -957159055
15782 13878 -344199710
15786 13070 -753378137
15790 12102 -842331191
15794 10654 187238589
15798 11982 -751319430
15802 14938 -833984025
15806 3754 -445113840
15810 12014 664177298
15814 7810 242255840
15818 3354 464411664
15822 15330 -562652107
15826 7286 -628704183
15830 8886 -257301163
15834 6238 -381521942
15838 11766 -125579630
15842 8050 -6681213
15846 11782 537528869
15850 13482 986635691
15854 8626 -914172424
15858 1846 -645578538
15862 9106 891724419
15866 6934 863413295
15870 474 -317640472
15874 9102 -40881683
15878 746 787366327
15882 2286 -790189201
15886 790 -148576053
15890 10830 -379641514
15894 2586 -765112202
15898 6014 579756105
15902 10814 572768652
15906 14190 98474009
15910 2706 567174534
15914 14794 -424950775
15918 3118 -883210051
15922 13678 769084816
15926 14914 -803618440
15930 13546 -420642285
15934 13194 108619605
15938 14402 867092545
15942 11022 894489017
15946 14694 -791770921
15950 15278 966934119
15954 13470 -344208152
15958 10430 786436184
15962 8682 362832257
15966 11658 773673156
15970 15398 -80630434
15974 10986 353558010
15978 1214 549039151
15982 8942 366583587
15986 5846 -414803569
15990 10654 -21399656
15994 13254 792625549
15998 12306 -826174057
16002 3898 -611228382
16006 10486 -98086721
16010 8986 -916307747
16014 8374 97492108
16018 10702 21556414
16022 15542 505038504
16026 13334 -620510051
16030 12478 807378743
16034 12406 108933923
16038 15522 364960245
16042 13634 -572432340
16046 4462 872033031
16050 5966 -351379286
16054 13034 -577092412
16058 6162 884729647
16062 3782 287922031
16066 3930 575779107
16070 15210 -98224080
16074 3534 257671495
16078 12894 -820094332
16082 4550 -454731412
16086 14378 927708110
16090 2798 995609119
16094 9946 391548470
16098 5174 264688253
16102 2226 -741054179
16106 7934 172838422
16110 5190 -977511563
16114 13010 490359252
16118 2694 -435839738
16122 13462 51796157
16126 4206 300734757
16130 4446 -182832661
16134 6926 -125375803
16138 3646 453971771
16142 13418 560173749
16146 4286 49400258
16150 506 -789659167
16154 2150 722384529
16158 10170 -265144649
16162 846 189408086
16166 590 371951479
16170 2138 711999871
16174 4582 682859851
16178 9838 448276026
16182 1094 -598667645
16186 1094 -114654898
16190 15254 -492413180
16194 12866 -901965890
16198 4590 -887077934
16202 3562 -888863331
16206 5002 181757148
16210 4370 -477712376
16214 10602 110035597
16218 11738 885165705
16222 2462 91200693
16226 14898 693983499
16230 650 -490062104
16234 3326 379770792
16238 5718 409639871
16242 8086 -526836944
16246 7354 214183237
16250 8218 -146963678
16254 22 -378899067
16258 16158 -941444063
16262 8234 -264127372
16266 11938 -719786625
16270 6914 831949530
16274 11950 -678354481
16278 4598 291218887
16282 2674 352090638
16286 5878 57839009
16290 9390 -343547475
16294 9254 409850948
16298 7574 723294439
16302 8014 -75080599
16306 4938 157887625
16310 14970 360127925
16314 4618 -761739122
16318 13414 844972109
16322 9118 -632860809
16326 10006 384318921
16330 13458 -861558831
16334 2326 466186301
16338 3346 -527351392
16342 1794 197294219
16346 13682 894006573
16350 14842 707584744
16354 11246 -507844631
16358 15074 26248846
16362 15206 -190979291
16366 16314 919811629
16370 11614 -957123346
16374 10094 476026010
16378 4858 778105956
16382 15674 63082303
16386 2290 -865534530
16390 5870 -955177126
16394 3994 373808219
16398 14470 471492247
16402 3526 -859850572
16406 2138 -173387964
16410 11066 -520919792
16414 12390 -370612135
16418 12702 -501527454
16422 1606 107128199
16426 5902 292162130
16430 9318 687528012
16434 10058 -291023902
16438 14634 146544081
16442 7978 606686374
16446 4946 -348148440
16450 5082 322557716
16454 15226 -27564050
16458 14106 -428426389
16462 4002 -741285742
16466 8190 113990277
16470 13114 -913609861
16474 16346 -580828975
16478 9998 -623565351
16482 11490 -502425771
16486 1478 -89392163
16490 15570 -341872553
16494 7834 787220592
16498 15810 -942897326
16502 12086 -227927434
16506 6866 174732389
16510 3766 671432750
16514 3282 227344902
16518 2174 695066471
16522 598 -862250068
16526 12882 275765329
16530 6450 803864373
16534 8058 -976825908
16538 14798 -634966553
16542 7894 406780628
16546 8114 -716553734
16550 8778 582812582
16554 10778 -789981181
16558 3170 -259593963
16562 11770 36912840
16566 16310 -524461455
16570 15702 -465513412
16574 4574 -16447106
16578 750 586320408
16582 1442 565619725
16586 9118 827177853
16590 4258 -926687995
16594 5030 565295304
16598 15594 -129447119
16602 246 -158298102
16606 13410 -989077995
16610 9782 -70261356
16614 1706 -687516205
16618 1462 962129299
16622 10774 -919506096
16626 2462 677635422
16630 4218 -824212569
16634 1746 -274023848
16638 3966 637427118
16642 1450 -603969266
16646 2166 -747016738
16650 4346 -223145832
16654 9890 -492719512
16658 14710 -870817822
16662 16202 -456860858
16666 13542 -354205941
16670 12110 751357899
16674 1930 -560850817
16678 16642 455966937
16682 16498 968043791
16686 2710 -213822840
16690 9618 -410277159
16694 15558 68381097
16698 6606 -840829547
16702 3610 604001089
16706 7094 -164027751
16710 4606 -411621965
16714 15246 181546943
16718 4978 -211602427
16722 11426 -568780233
16726 16282 740278112
16730 14922 165083743
16734 7626 -152313298
16738 2170 603649691
16742 2178 122493033
16746 5650 -819216856
16750 11770 -998401588
16754 15654 -171993525
16758 4346 673692604
16762 12426 -800006434
16766 110 -630811035
16770 522 721998784
16774 15378 -513423341
16778 6298 187193139
16782 2474 -726291709
16786 3802 613737424
16790 3430 -23138988
16794 6074 256490262
16798 126 139223285
16802 9142 -857655628
16806 8042 419489083
16810 7942 544352596
16814 8206 951594407
16818 15122 -436328975
16822 12414 -90366645
16826 6862 -426142347
16830 16358 -540974691
16834 14654 371615507
16838 12042 -771220313
16842 4138 107541897
16846 5634 896658671
16850 6502 -862209707
16854 614 642487811
16858 2694 -82127794
16862 9642 856793497
16866 142 -430695091
16870 7066 -378716994
16874 5062 596239947
16878 13290 162410281
16882 1906 -265506148
16886 3066 853348457
16890 8990 -474306421
16894 12342 819259192
16898 3154 399947657
16902 1894 -886829582
16906 15914 -752960749
16910 1002 944126962
16914 11502 53678545
16918 13590 389749161
16922 10114 157169488
16926 1966 930749990
16930 16106 -756847327
16934 1494 686349470
16938 4846 513102438
16942 14314 342205331
16946 2070 -145711911
16950 186 112227123
16954 10910 332285417
16958 10610 87286340
16962 12226 -980831408
16966 3578 670346055
16970 11146 269805824
16974 3934 990654484
16978 16954 -439022605
16982 6246 -10201003
16986 1954 -24502153
16990 8914 -845902688
16994 6470 -41813534
16998 3258 391376209
17002 10234 -58412880
17006 12558 -963931192
17010 2902 332285460
17014 8898 -816139634
17018 15030 -131021953
17022 8202 -313393596
17026 7662 -676003706
17030 10606 598829283
17034 3486 -528353334
17038 13766 829142210
17042 11062 -786557702
17046 9390 -768350949
17050 8322 -180796806
17054 15674 137659214
17058 5270 -920736622
17062 3322 -788256505
17066 15390 -314532643
17070 7602 595103475
17074 6630 440853742
17078 15246 917259279
17082 1790 -617312694
17086 6626 -556562984
17090 7630 -755240481
17094 2990 -476545601
17098 2622 235015695
17102 11958 57339530
17106 11758 838559851
17110 1390 -774459639
17114 6434 -875198285
17118 9818 -122321268
17122 14890 277920320
17126 8486 -445965237
17130 12638 -364266504
17134 12806 910304286
17138 9818 467777023
17142 16222 370916089
17146 3394 -495723268
17150 10130 -393528903
17154 2754 629385739
17158 1350 -684593249
17162 2538 158617590
17166 14194 -972000422
17170 16578 -871737888
17174 15922 974168545
17178 5786 599417451
17182 7502 537971562
17186 4942 -349111455
17190 10454 -800443480
17194 10650 57483167
17198 6254 699492704
17202 2270 910071341
17206 15426 -770107217
17210 6442 950475355
17214 16998 -164704665
17218 4690 513458871
17222 12926 795547810
17226 106 -364889415
17230 6826 -175997949
17234 10650 -406551421
17238 10554 -366526446
17242 6970 -608631278
17246 1142 -616710697
17250 12942 -980672210
17254 9078 -262281755
17258 14902 510928195
17262 6270 521349733
17266 14426 -664033329
17270 1118 -76694146
17274 2594 -999736513
17278 7418 -328944578
17282 7258 716260179
17286 17050 -469699663
17290 11002 364057235
17294 8234 501723124
17298 14518 515206673
17302 6418 427857360
17306 15238 43741483
17310 12210 458585517
17314 8418 389326775
17318 15978 350127404
17322 6926 808988202
17326 4746 464528933
17330 3170 -905967687
17334 4282 28683248
17338 7406 -996933649
17342 7498 189282534
17346 1606 -530248913
17350 7418 -927160111
17354 10142 -960052743
17358 11782 -356162909
17362 8694 575157653
17366 16466 -460645434
17370 9074 -959851092
17374 10978 498667062
17378 4610 827044801
17382 12126 368331232
17386 16358 -466946298
17390 16714 210832699
17394 5182 -150082428
17398 12970 -639942553
17402 5902 285858338
17406 17086 -467981943
17410 8142 627101385
17414 17154 -749178535
17418 8882 -322363586
17422 16254 13813207
17426 17398 959499248
17430 15450 757706954
17434 12590 -348844766
17438 11206 644420184
17442 10686 805412479
17446 13610 -533883113
17450 16042 -752878656
17454 142 -885567762
17458 2750 511438338
17462 7894 975947406
17466 314 958354455
17470 17274 -766181302
17474 9854 -394117485
17478 14898 -54663273
17482 550 286724300
17486 6410 845603148
17490 9638 460131998
17494 2482 -469454898
17498 13818 -554530224
17502 11330 -180767288
17506 13154 -597670614
17510 9562 776653617
17514 2570 963416805
17518 11782 958059372
17522 10150 -661225395
17526 2534 -99876388
17530 1998 -728467464
17534 7086 -729436017
17538 3394 199466397
17542 4250 -879776371
17546 11114 659602885
17550 14194 880226814
17554 11418 127522831
17558 15470 657605702
17562 13030 -918749102
17566 15918 933970292
17570 5650 562095175
17574 2298 721438767
17578 5106 327179001
17582 14930 -799407207
17586 13762 -862196570
17590 126 -287743625
17594 11334 961000563
17598 9706 913327001
17602 86 294123332
17606 6446 422813426
17610 5986 44391241
17614 9090 974343045
17618 6194 -40247603
17622 13186 105213141
17626 15070 134665005
17630 846 712775692
17634 870 121954660
17638 8542 845163141
17642 17602 -784585632
17646 16494 -330098819
17650 15158 -438483
17654 9722 661065643
17658 17190 144475826
17662 8182 804299791
17666 14274 -932025112
17670 6950 814452709
17674 16038 -473826505
17678 10138 -445670903
17682 15986 -398244940
17686 13110 -255358017
17690 3134 -312272251
17694 10946 983606086
17698 3894 -619182256
17702 438 335757196
17706 9402 -74826570
17710 9430 -773905776
17714 16718 -37611115
17718 7658 -510715184
17722 3330 619027292
17726 11322 -354514475
17730 10642 838041591
17734 6822 313815711
17738 10702 434090547
17742 1014 658385126
17746 5158 428688188
17750 5386 203346660
17754 17366 -183266368
17758 8930 -167060143
17762 4474 -48158047
17766 194 676395888
17770 17134 376450511
17774 1974 -744458596
17778 3782 -259289099
17782 17682 848579322
17786 16394 802219683
17790 3322 -206405592
17794 16998 237613968
17798 11602 302252650
17802 9898 -194154362
17806 6118 -350655268
17810 9750 -269727814
17814 3234 -515039432
17818 3998 655874881
17822 16626 186285915
17826 11818 456321840
17830 16258 -774420970
17834 4350 -50776474
17838 3938 210987676
17842 16014 911134487
17846 8638 -762275217
17850 10822 106931257
17854 1254 -133565100
17858 12274 298168789
17862 14186 635424443
17866 17106 587355589
17870 9374 -832023614
17874 886 -454942626
17878 4666 -729538846
17882 2914 -549594198
17886 7178 -510226043
17890 582 -490255368
17894 10306 -355538864
17898 15654 672966755
17902 17166 -979634539
17906 2970 -541028513
17910 3522 -847193826
17914 14090 -587610203
17918 14518 167681500
17922 6358 -329206977
17926 618 953166205
17930 12858 -790959555
17934 15122 356723068
17938 6766 -311494389
17942 5542 -161734418
17946 17646 -205739136
17950 8706 971445750
17954 5010 -828370834
17958 14298 488201251
17962 2710 -123630844
17966 11674 -537338679
17970 14486 -87486105
17974 15874 -51259908
17978 5382 -863945598
17982 3218 625348242
17986 15730 827659910
17990 10134 178413866
17994 13910 -970331473
17998 6234 -273450595
18002 11030 -895514728
18006 9198 407969925
18010 4330 953980016
18014 14490 643182245
18018 2126 -676582247
18022 10474 -490182611
18026 382 372638285
18030 10210 309928289
18034 8554 95671423
18038 10746 829067333
18042 10078 -110780416
18046 12358 406462358
18050 2950 -427135920
18054 9094 -901475257
18058 9242 -744649091
18062 1058 489120171
18066 5194 320710362
18070 3094 320390097
18074 11434 776200416
18078 14250 -853544303
18082 1834 491005242
18086 16910 -636736650
18090 7162 -847818195
18094 12414 -611868737
18098 5286 740813663
18102 17182 419369973
18106 5018 159173338
18110 8514 -290318595
18114 14370 109932294
18118 298 -698290495
18122 9694 529443426
18126 2362 601248785
18130 8186 -703231213
18134 12742 161902395
18138 13558 -851051638
18142 6122 347777645
18146 10310 886903932
18150 14022 -258410308
18154 13222 -788646453
18158 10578 -645625029
18162 14814 702258580
18166 13598 -139034310
18170 4330 972651871
18174 7826 872880473
18178 9726 845665888
18182 9238 -975375398
18186 1858 -888625809
18190 1186 362732461
18194 9202 100197511
18198 5130 175512746
18202 2482 -947754771
18206 11002 39952896
18210 10966 -309411829
18214 5414 -121473658
18218 10850 661868824
18222 1570 -986376798
18226 11938 -906153268
18230 13234 150654996
18234 17942 -9237673
18238 1986 514484945
18242 11490 -160171201
18246 15274 64164
18250 16102 458451294
18254 2766 -467964650
18258 12126 124456400
18262 2854 -29011536
18266 7846 306567733
18270 9590 109785771
18274 4162 -318418017
18278 11266 -637500630
18282 9278 751828339
18286 10498 658571142
18290 13150 -328393520
18294 17306 485546919
18298 6830 248762548
18302 4354 -377318105
18306 10598 256473991
18310 15138 655888059
18314 18026 109911573
18318 5478 -400354381
18322 5126 -937232812
18326 11146 -884681988
18330 9838 -103455861
18334 17842 746532595
18338 6194 -714989342
18342 14882 870586909
18346 8494 601718159
18350 13282 382295737
18354 18302 -865161643
18358 9870 862757671
18362 5870 37976061
18366 4898 -878485046
18370 8678 -31347271
18374 2930 -458674118
18378 9046 -844738037
18382 8802 519812283
18386 626 843793909
18390 7810 -870133193
18394 12422 -839196365
18398 2710 518572378
18402 8530 983767061
18406 17418 302877955
18410 2774 865560297
18414 15086 75688789
18418 16018 335118153
18422 390 859731001
18426 10770 429891416
18430 1614 23015042
18434 8186 -351106199
18438 12446 538630409
18442 4986 25364394
18446 1350 251080782
18450 10514 -882733360
18454 8694 -322614370
18458 4502 723681800
18462 11974 479768470
18466 17530 387094129
18470 4654 -274366918
18474 1230 -4081192
18478 17478 -138599599
18482 16222 278891295
18486 1422 545435487
18490 13794 -761946945
18494 9286 605793436
18498 17750 -273755690
18502 15086 927252443
18506 5658 23455245
18510 4170 -765921514
18514 11606 -129197967
18518 2026 -946087065
18522 16610 -391138437
18526 10674 588859631
18530 5022 913633936
18534 3278 -99199395
18538 15702 615123846
18542 15722 645277379
18546 8322 -402246475
18550 4318 848046867
18554 3586 146005679
18558 3074 552661163
18562 6290 -265962537
18566 2358 -22286431
18570 6570 722527604
18574 17410 -976208913
18578 16166 -340055483
18582 2378 20301069
18586 12794 42691762
18590 3402 -433806216
18594 3554 -139499954
18598 18474 363237100
18602 12474 916183866
18606 16226 330404301
18610 10994 -590746197
18614 2970 -407596441
18618 6702 -682349829
18622 9398 953183085
18626 15086 724688309
18630 7358 756958190
18634 15602 41624070
18638 8910 717952204
18642 16338 -173777007
18646 2462 561942963
18650 6146 -445466079
18654 15430 -151981876
18658 4534 -159050906
18662 7746 -477816963
18666 12594 58249474
18670 13446 -585185461
18674 8054 183590573
18678 8442 173550077
18682 4426 -532691537
18686 8686 -323789320
18690 9210 819090924
18694 9698 634962949
18698 8214 562452257
18702 9130 390081574
18706 7910 882742109
18710 7242 -711868896
18714 4874 -194622325
18718 12838 -657388256
18722 16922 -724189057
18726 16430 138267910
18730 14098 482989607
18734 17482 552979243
18738 17938 883198689
18742 870 778453595
18746 4090 498158734
18750 13346 704808920
18754 12330 143684196
18758 16462 -493201574
18762 12802 -675842242
18766 1442 -167622772
18770 15326 496071241
18774 6718 236470846
18778 11126 -15699832
18782 8354 731413086
18786 18762 -741632163
18790 3422 -989057620
18794 16634 457039592
18798 4542 -313902460
18802 5718 819457055
18806 17878 729620110
18810 11710 635120157
18814 7310 444330651
18818 13346 -368027996
18822 11222 -741719106
18826 2530 -373752220
18830 17114 874065614
18834 5542 329683911
18838 6078 655704621
18842 5990 455863128
18846 12674 872302112
18850 8930 -1145546
18854 1594 849694867
18858 12154 703294827
18862 11398 819094234
18866 15706 104437339
18870 3698 -769992519
18874 1494 -30129029
18878 6794 -855114559
18882 17810 -869117763
18886 12382 963251204
18890 6678 -533332698
18894 18418 419927023
18898 10270 -110659821
18902 15090 -351362627
18906 15418 -520160957
18910 17046 392330291
18914 14430 640361144
18918 14862 -147516301
18922 14110 192136996
18926 18190 -559621896
18930 14862 245515946
18934 7702 -962720257
18938 2430 -203904483
18942 17982 5441201
18946 4226 313631930
18950 4406 567715619
18954 13322 514947940
18958 9782 -364427389
18962 10714 852891840
18966 7518 -192837690
18970 12106 466562249
18974 17558 295146615
18978 18942 739376458
18982 11270 961535608
18986 17178 838348968
18990 13386 319224886
18994 10630 -734075195
18998 9446 121681230
19002 6262 -86241186
19006 7910 631463193
19010 4498 -209178075
19014 16122 -360979554
19018 9006 -117593426
19022 9082 -151240942
19026 17014 -91011032
19030 4686 88761741
19034 2322 980038714
19038 14738 -265703980
19042 15878 -858914356
19046 7922 -493643308
19050 13018 -945145923
19054 18586 502247201
19058 17106 -738487674
19062 10594 -516538595
19066 6338 100780225
19070 16030 -697501905
19074 12654 -282423044
19078 13202 347505775
19082 5686 -691534401
19086 10794 -183278594
19090 802 -713681774
19094 15926 -362355377
19098 4718 587759400
19102 2938 -910086042
19106 110 -663169456
19110 13146 616981600
19114 18354 27279912
19118 3978 255961382
19122 15158 -466205071
19126 10286 -159255428
19130 7986 -553074651
19134 13586 205954758
19138 15790 -92521308
19142 7238 -845100283
19146 4262 -176899332
19150 1742 121918890
19154 10218 -272727070
19158 13962 810204284
19162 18450 383643220
19166 1838 540155567
19170 11458 558233626
19174 4586 102316038
19178 746 -777497662
19182 2842 -424521535
19186 11626 -977876116
19190 17026 -281764929
19194 18662 -866128182
19198 17226 -947074565
19202 4270 22418777
19206 3518 671945742
19210 4398 -385233959
19214 11694 -506215839
19218 19150 81830623
19222 8674 332107088
19226 10938 -65742175
19230 12458 -725160141
19234 1598 542236983
19238 7486 -994774750
19242 16150 832069994
19246 6450 -593491592
19250 7370 -475363545
19254 7354 425430768
19258 242 -742184541
19262 12814 -823696302
19266 3710 -181012965
19270 670 85800923
19274 16346 825691919
19278 15046 -641655756
19282 4742 886175037
19286 2814 -501470520
19290 8050 33397407
19294 3558 833663936
19298 18190 -862175292
19302 5590 -553642277
19306 1830 -271919768
19310 13290 462524940
19314 18618 953166844
19318 19262 587731517
19322 10122 859561619
19326 15610 -592132561
19330 13566 -486170440
19334 15370 228842347
19338 15798 -120471727
19342 3934 342309376
19346 12870 445268891
19350 7338 237174018
19354 2938 795646315
19358 18442 257255590
19362 12342 21081902
19366 11666 410846898
19370 17590 167337085
19374 4894 103606063
19378 4338 33743968
19382 4362 666957635
19386 12582 371095737
19390 13550 -98984294
19394 4870 197750448
19398 9510 142550053
19402 15982 -588154560
19406 19250 -801603810
19410 1442 980140338
19414 1234 796707653
19418 8882 81763233
19422 4450 -747074769
19426 18466 -988107233
19430 4842 162197401
19434 8190 -644619692
19438 6990 872786376
19442 3790 602990463
19446 6870 787102617
19450 14574 348873743
19454 7770 -644795906
19458 5942 -226945498
19462 6986 -175549070
19466 16730 -443165763
19470 7326 628345945
19474 9238 -683182654
19478 14154 714781596
19482 3410 440393282
19486 3986 -959084571
19490 866 683520434
19494 12034 -373397241
19498 18758 40731777
19502 18506 -919486414
19506 1374 -505530792
19510 4990 464473096
19514 9250 628260
19518 2510 -718257827
19522 14082 -509566473
19526 6790 90234480
19530 13606 -636540465
19534 2002 -455764775
19538 11214 -646585137
19542 9470 538845321
19546 7206 -400283570
19550 5402 -254337778
19554 18898 464274862
19558 6006 -490473221
19562 1978 -16397587
19566 1106 -80580745
19570 18634 133937791
19574 10130 580571378
19578 8726 888265092
19582 19546 -70956285
19586 8890 -174067966
19590 19542 833829002
19594 12730 568972682
19598 3894 880846405
19602 15446 -5090622
19606 10098 -259856767
19610 16298 403410593
19614 17970 139845391
19618 1138 -483565391
19622 12526 677023568
19626 19190 293923366
19630 10138 -526798234
19634 8682 846186172
19638 7302 437634854
19642 5762 152397663
19646 6014 360304405
19650 290 350084936
19654 16426 -197450711
19658 8058 -560489605
19662 6314 696596522
19666 10834 -383410762
19670 14366 92605779
19674 12446 -796937023
19678 5594 -508772074
19682 19494 -333122382
19686 4110 212437205
19690 3214 340887764
19694 15866 -595250123
19698 10810 782241203
19702 6382 132513808
19706 14534 110922398
19710 5226 -920275369
19714 17894 -77226601
19718 1162 851963814
19722 5466 -915566099
19726 15446 -69018903
19730 6798 369420043
19734 3018 -316873817
19738 7562 528021751
19742 282 -870622842
19746 11554 759546287
19750 19734 -119064424
19754 11446 972222785
19758 14714 -118782476
19762 4046 505127127
19766 5142 -433397393
19770 3414 932727297
19774 1230 73801098
19778 18482 610721848
19782 17754 -950652378
19786 17602 -428952719
19790 13958 143968777
19794 7662 712524416
19798 890 -956851951
19802 7322 506613045
19806 6586 990170660
19810 3982 227372993
19814 16902 267454763
19818 7846 -377507644
19822 15866 -241603541
19826 10662 758717733
19830 16066 -626842174
19834 16670 -707559779
19838 12338 541379527
19842 19222 558631465
19846 12842 -351582980
19850 14554 -721618552
19854 17150 505844461
19858 8874 -902011627
19862 16206 384746846
19866 12394 -607376761
19870 11498 -15738729
19874 16786 -833546669
19878 7634 764298466
19882 530 971594290
19886 13806 788310710
19890 19450 -381183102
19894 10338 337353339
19898 2 -94997795
19902 18450 -123400349
19906 14106 463530140
19910 1706 452425960
19914 19194 552915822
19918 4642 -386234387
19922 9170 99313386
19926 2474 441880812
19930 1178 473585808
19934 17490 -877484976
19938 14410 -800451926
19942 18918 497479267
19946 9582 680246255
19950 6506 -496934101
19954 17754 834260341
19958 2558 456555159
19962 15050 437474833
19966 16222 -94383068
19970 19510 684099659
19974 13802 -612664548
19978 5102 -550732633
19982 3910 -498020074
19986 19322 -446275431
19990 5114 -716269014
19994 14486 -99216507
19998 3694 135648454
7 3 221912399
11 7 926201007
15 7 957124976
19 7 -484918932
23 7 356224213
27 19 -568613389
31 19 106498092
35 31 219245801
39 15 478413706
43 3 -87617671
47 19 -219658577
51 27 -672740856
55 39 -206939970
59 43 -113782050
63 39 -720903209
67 35 126116065
71 51 -761822119
75 63 549001743
79 59 246186601
83 71 880973901
87 39 715488230
91 19 -887737348
95 39 -959587254
99 39 -21423084
103 15 -316602137
107 75 -936106024
111 91 -349992540
115 59 -628810093
119 75 138048054
123 39 -914927219
127 3 180620357
131 3 -440563415
135 27 -112197617
139 63 331661941
143 7 785329836
147 23 833630198
151 99 274816150
155 3 -767946074
159 107 973706825
163 51 -313666477
167 139 -42908534
171 123 468193440
175 3 -412018525
179 111 -852096826
183 75 -616968792
187 83 975101906
191 11 173070845
195 119 -734396821
199 191 298114348
203 159 -460787790
207 27 154854423
211 191 849961758
215 183 482802384
219 123 -987282589
223 91 496332736
227 63 156262384
231 43 -594699940
235 3 -15590894
239 119 628213028
243 203 219204611
247 219 627977767
251 163 628832286
255 135 893420739
259 107 -585775005
263 203 590990571
267 11 -290993057
271 215 394035749
275 159 193837678
279 7 -476464788
283 123 244394271
287 115 -534103654
291 67 857874095
295 215 -890435802
299 67 -559929090
303 43 535410275
307 3 154186685
311 251 -644959682
315 107 -742260716
319 27 -548757955
323 111 -574231389
327 291 891031888
331 235 -676574141
335 83 -800824103
339 127 -846923626
343 119 -443516705
347 283 763078054
351 135 203171028
355 235 89696292
359 175 814324
363 335 506510273
367 27 19947974
371 11 879388231
375 175 762607951
379 295 -590440170
383 143 714534544
387 307 -237192441
391 379 974787070
395 11 -30846826
399 207 -133988898
403 199 -930232712
407 143 391686589
411 195 -393678202
415 387 -615475954
419 327 499415272
423 43 -285941426
427 71 -202943239
431 279 -484053728
435 147 896271160
439 223 -409427209
443 319 -490096284
447 187 160567479
451 67 -679678623
455 183 415683626
459 91 -999806629
463 219 810642976
467 183 142879721
471 459 -485889339
475 167 -639809539
479 303 380519705
483 455 -233795759
487 195 -612937139
491 411 -249108876
495 471 -972174210
499 263 -669496843
503 407 -129045260
507 83 -197396408
511 351 431338838
515 83 -205239732
519 343 990381106
523 167 -840435818
527 395 -931984892
531 499 678508578
535 207 675796182
539 447 893310311
543 147 -232123311
547 371 -393467352
551 519 896643390
555 15 170315025
559 363 697359112
563 31 -814150868
567 251 2077001
571 115 -308375883
575 191 823813179
579 387 345126890
583 267 426305622
587 267 888730657
591 339 815415418
595 423 914679623
599 503 -333590413
603 155 384541323
607 15 539714055
611 263 -942825427
615 519 571547563
619 87 -201528640
623 535 341740617
627 379 -959833293
631 595 -448654400
635 167 631921336
639 523 14723337
643 319 857272456
647 67 320140261
651 411 -447218063
655 31 -531848951
659 447 953402946
663 379 -838417991
667 483 -918335393
671 395 -504654050
675 131 922739129
679 603 -952220701
683 411 -479149101
687 311 -186052206
691 639 45471088
695 475 522221853
699 531 700422381
703 203 -82216656
707 487 -699272991
711 683 810149622
715 75 -472053967
719 699 827283872
723 283 -655007507
727 323 331772309
731 627 901220068
735 407 56389279
739 599 642721838
743 51 -352656370
747 643 -209074503
751 419 -157828872
755 3 -498339186
759 131 748439171
763 263 -291937002
767 247 -890728437
771 291 -563244290
775 395 376619900
779 363 534926159
783 451 -167557117
787 487 -449023728
791 611 -249014667
795 223 -241065315
799 683 -237355435
803 567 507091507
807 275 -944204743
811 607 18992790
815 15 -199800153
819 115 137295210
823 643 870090242
827 227 702978825
831 227 -76833994
835 591 264340768
839 147 527792739
843 303 369345793
847 823 -263604757
851 727 -396964458
855 363 -938356510
859 427 -129379175
863 471 -717190447
867 427 -86427616
871 587 -201006150
875 223 239578149
879 627 838490479
883 735 -240621858
887 691 578139302
891 291 -665917904
895 347 599273050
899 463 248173215
903 755 321256386
907 715 233110378
911 839 -721054504
915 439 995051870
919 219 895722540
923 383 -216301526
927 811 -953078245
931 891 109128218
935 495 643075203
939 91 -869734136
943 607 97590542
947 491 -846819524
951 459 381360525
955 327 -455339285
959 471 620306678
963 243 833129313
967 715 329805083
971 915 -937076932
975 411 563819199
979 415 706097453
983 91 671346291
987 591 138547740
991 267 -500504678
995 75 946559448
999 875 5454325
1003 303 -115728226
1007 459 -645944475
1011 291 -902627721
1015 659 -193194787
1019 755 -194388591
1023 675 726770692
1027 203 430879164
1031 407 381271912
1035 43 -56167883
1039 71 533810835
1043 835 -855151737
1047 871 928379016
1051 71 639988446
1055 899 -220826416
1059 343 -518123245
1063 463 -555767358
1067 687 316121638
1071 223 -920474462
1075 151 824198331
1079 251 -422434740
1083 547 995034734
1087 831 -731241237
1091 415 269223717
1095 711 -405728123
1099 583 555511346
1103 1003 -77062887
1107 959 -219926003
1111 759 -908875331
1115 759 888692501
1119 979 -768284378
1123 315 -638082152
1127 643 -441312018
1131 859 -948798302
1135 1003 -289635891
1139 183 -668783072
1143 299 694426621
1147 1051 -504747501
1151 1127 -340776635
1155 1087 62298502
1159 1127 303892639
1163 831 711031790
1167 1063 97446983
1171 651 511572449
1175 991 500307114
1179 991 716190254
1183 803 348163726
1187 547 494781246
1191 455 -888403479
1195 519 -611163805
1199 727 -450070532
1203 247 433912422
1207 139 81645120
1211 47 927220982
1215 587 624971205
1219 451 -254874548
1223 271 964382872
1227 1207 31527871
1231 867 -774591799
1235 951 988263879
1239 1083 85110846
1243 1203 843974707
1247 559 364355819
1251 1183 -705545464
1255 215 -602784438
1259 947 138327229
1263 715 437866453
1267 327 -79730468
1271 683 20082299
1275 287 -529889981
1279 1123 -871243770
1283 1259 -687668403
1287 135 -945518410
1291 807 867050283
1295 139 568798712
1299 1019 -785511039
1303 1223 633607618
1307 163 239121981
1311 1271 -261611201
1315 139 9940564
1319 1003 522327633
1323 1107 -254476247
1327 1135 -847604574
1331 963 -552509680
1335 1207 -747508407
1339 707 487609919
1343 691 787244013
1347 55 -543717591
1351 1147 -144173758
1355 1055 477261655
1359 1015 100043567
1363 923 -417446910
1367 319 451546828
1371 331 -213059095
1375 927 -562529222
1379 567 609537758
1383 95 779208861
1387 699 -322179267
1391 299 -648878622
1395 407 144314069
1399 767 484300328
1403 155 -882275525
1407 1047 569734157
1411 775 -778122773
1415 1411 -961917215
1419 111 -461703122
1423 711 202133404
1427 939 385068164
1431 487 -614872848
1435 1239 1536926
1439 1087 -915651611
1443 655 -250255556
1447 1099 622023171
1451 1283 739930657
1455 431 -540416584
1459 395 672611668
1463 1151 -526812470
1467 1067 886178376
1471 331 -935568072
1475 963 658737945
1479 739 -355603720
1483 1219 -812247019
1487 647 -184567212
1491 807 443560708
1495 1147 496510929
1499 563 440557108
1503 1295 939046436
1507 1235 829888958
1511 503 803315984
1515 1087 438861219
1519 811 -499145720
1523 847 687707717
1527 847 -783779836
1531 307 -499845247
1535 887 486875913
1539 743 918012181
1543 799 775869601
1547 371 724328778
1551 383 -855172187
1555 1351 149582912
1559 1271 503768885
1563 115 890380143
1567 1107 -734904427
1571 295 204944958
1575 707 -702274741
1579 27 949613379
1583 1219 390759085
1587 131 545086853
1591 1327 622717165
1595 1567 -372139421
1599 763 666287280
1603 475 955752987
1607 1579 -782007925
1611 583 -449053182
1615 483 924142797
1619 551 165245788
1623 851 655859625
1627 1187 983683236
1631 1279 755147963
1635 1335 135365796
1639 219 -399857462
1643 955 71237227
1647 583 147096886
1651 59 613693704
1655 1071 767870085
1659 1155 362856247
1663 471 188200622
1667 295 -974989598
1671 1319 -193540511
1675 1599 618288675
1679 315 -648738644
1683 955 -881192577
1687 1347 712260991
1691 1655 -357478211
1695 867 -374881571
1699 1107 583107611
1703 1319 -40089215
1707 711 -413150645
1711 1427 -436795214
1715 579 100275087
1719 1635 330508466
1723 115 589808610
1727 1623 907999658
1731 1727 -19069524
1735 707 -649545501
1739 1419 -893940332
1743 443 -502114899
1747 239 503395266
1751 343 -424642474
1755 915 228201274
1759 131 864095250
1763 47 938556237
1767 543 -923668107
1771 719 340967126
1775 135 552084448
1779 1103 563066143
1783 883 -618698379
1787 1199 528869606
1791 335 290362779
1795 747 -75525994
1799 1347 207759956
1803 999 613184468
1807 791 -979377584
1811 167 -386132280
1815 323 -964582826
1819 163 489506928
1823 999 754964245
1827 139 422475394
1831 1159 238509571
1835 1131 -640656866
1839 1351 618187741
1843 1831 810202981
1847 519 728286986
1851 1791 760982247
1855 1067 888911299
1859 47 364616416
1863 1563 160827393
1867 275 -664072856
1871 139 908087467
1875 231 -17697851
1879 43 521319007
1883 1331 370784685
1887 1507 -26987946
1891 1531 -846835485
1895 1307 -232812412
1899 71 967048050
1903 1483 -516352526
1907 1459 -425000152
1911 259 -249025495
1915 1195 236575231
1919 827 10831017
1923 867 514319777
1927 947 -338097160
1931 267 782143924
1935 1151 -144173299
1939 39 558037667
1943 1467 -723442069
1947 499 624601962
1951 1131 -869414689
1955 1055 -144170869
1959 43 -548543121
1963 815 -117085793
1967 1287 -990759961
1971 1315 -963374261
1975 827 -344252939
1979 783 -777046616
1983 1939 457368667
1987 231 -648483610
1991 1651 422879254
1995 1119 815985885
1999 1643 -855111907
2003 15 -24849339
2007 7 370594926
2011 455 441251838
2015 703 754452651
2019 171 -591832755
2023 967 216012001
2027 639 -997777695
2031 627 480731006
2035 419 -300691195
2039 607 653494424
2043 75 82700875
2047 1467 332616855
2051 1743 847842424
2055 1611 881792645
2059 1511 257519914
2063 1459 -895147643
2067 679 952018381
2071 1079 -766846409
2075 971 905988252
2079 1247 -124715798
2083 971 -390268619
2087 1919 103501213
2091 139 -386346656
2095 1859 -771732260
2099 1419 176029832
2103 355 -671263740
2107 491 -178345065
2111 799 849168561
2115 1495 -674465938
2119 1323 -345158387
2123 123 626806927
2127 615 582599434
2131 1151 -915301177
2135 183 773479358
2139 303 -558430144
2143 1035 -759200886
2147 1251 -923161375
2151 579 392172596
2155 395 -978931683
2159 467 -798259458
2163 1919 -596327235
2167 1451 17924605
2171 643 76263055
2175 327 -12133116
2179 1383 108648493
2183 1075 -378397004
2187 1091 94024871
2191 1559 972677934
2195 1251 485902742
2199 1079 -247747516
2203 159 -204118861
2207 207 -747831903
2211 1011 647896139
2215 1043 -597176137
2219 2131 598574587
2223 795 -159045096
2227 515 -83363555
2231 695 758834544
2235 735 1596240
2239 503 357266801
2243 255 538971155
2247 1803 -231314143
2251 1027 -23857224
2255 2135 -43038103
2259 1759 -13895415
2263 1655 -134131227
2267 2111 -137802620
2271 1723 -666198700
2275 1567 -909954098
2279 67 305147590
2283 2275 -392590063
2287 1319 -556634261
2291 2159 -651655617
2295 431 -386008740
2299 335 149679594
2303 1575 -952725765
2307 1347 616886802
2311 1791 852503509
2315 1899 450326972
2319 2295 -922393270
2323 1135 -689585525
2327 2079 -809935557
2331 1187 -981047793
2335 2199 -428768407
2339 447 389891480
2343 1655 914786950
2347 2039 -378997063
2351 2311 657924082
2355 703 320375222
2359 2123 -119386713
2363 231 872655842
2367 2123 -441955296
2371 1423 936723730
2375 2019 -515748814
2379 2347 -484126776
2383 1315 -895851483
2387 1103 733106764
2391 1147 -568108940
2395 571 -48833063
2399 2095 -303139815
2403 447 -354415886
2407 2311 173580152
2411 2139 755399540
2415 1431 -851148815
2419 1527 394776220
2423 1059 981911878
2427 187 373701430
2431 183 700407795
2435 623 -121888669
2439 1967 805319578
2443 1803 566636195
2447 2019 972827303
2451 567 -218425475
2455 531 -830231453
2459 1475 -436268439
2463 723 421232584
2467 2423 -797971668
2471 975 714195279
2475 111 20005414
2479 2079 -345197472
2483 1411 654260172
2487 703 935747863
2491 2171 33196435
2495 2039 -588934368
2499 2311 -827138215
2503 35 -466611994
2507 623 475059626
2511 1507 -737342535
2515 647 675238958
2519 899 846654012
2523 2219 58336158
2527 91 492880355
2531 499 280732163
2535 407 894492738
2539 875 638874580
2543 1051 -786755784
2547 1955 209252839
2551 1327 -814674084
2555 2191 486078097
2559 943 -855395662
2563 791 23969843
2567 395 224043320
2571 415 945292890
2575 555 -974843483
2579 1043 -298860840
2583 1171 103781645
2587 1387 -844290824
2591 355 327318106
2595 1831 -165504010
2599 2027 742563325
2603 2415 664668387
2607 2395 -106128437
2611 1175 345031980
2615 259 474606756
2619 1419 -41466382
2623 2591 905423306
2627 1835 503413743
2631 1747 -609216000
2635 2279 615781395
2639 471 -500698866
2643 1155 -692777215
2647 2031 -555153802
2651 239 -380865867
2655 907 -523085659
2659 1127 -766087351
2663 1667 238605419
2667 2179 -640274954
2671 1091 -649148369
2675 2231 72837011
2679 2119 -382965412
2683 1459 -480769826
2687 311 996599810
2691 155 -471184807
2695 2147 -978766388
2699 2267 -69637823
2703 823 -683025178
2707 2363 704189841
2711 2103 -915990256
2715 1235 -208778745
2719 2499 565073678
2723 319 206630469
2727 2091 -708923770
2731 1359 -975215327
2735 591 279343602
2739 2351 475915893
2743 379 777434238
2747 2047 446448211
2751 291 138546400
2755 1983 966667013
2759 375 -490092424
2763 1219 955773917
2767 1459 -760840941
2771 2595 -375801050
2775 587 89377113
2779 1487 701859773
2783 383 -967377149
2787 2619 -745053148
2791 2175 -955161754
2795 1955 -810134983
2799 2063 889269938
2803 1583 -970512899
2807 1579 945810868
2811 1123 719142283
2815 67 -966738036
2819 2279 -844436885
2823 439 462190969
2827 1383 310411029
2831 2751 -890478694
2835 779 -1092572
2839 315 301904273
2843 1147 220666472
2847 2239 -581699448
2851 19 977811218
2855 1067 -701620369
2859 391 -551327531
2863 2395 -698257060
2867 1323 -305077782
2871 591 554953579
2875 1819 284618395
2879 1971 -525901174
2883 1391 790887118
2887 2143 -284636019
2891 239 -990451447
2895 383 654111139
2899 1667 462171368
2903 2663 -373850862
2907 1743 -68614670
2911 2219 890313922
2915 755 -643808212
2919 739 811136959
2923 1475 -587088484
2927 427 -219225569
2931 2003 -62739441
2935 867 660573814
2939 2847 530627670
2943 2659 -346503622
2947 419 147503413
2951 2387 -118420541
2955 87 574628760
2959 1043 -1975687
2963 839 -223003952
2967 1079 -318016051
2971 2051 923261475
2975 1247 551943355
2979 1435 -642362075
2983 1287 -888114872
2987 367 -144806951
2991 627 -119892359
2995 1311 51154555
2999 627 214020347
3003 943 -411052034
3007 599 -189054532
3011 1743 -913905600
3015 2607 -685018124
3019 2619 -428243969
3023 2667 -416689943
3027 1923 84444312
3031 1579 966213205
3035 1227 165864895
3039 1375 -698424600
3043 431 396737653
3047 1251 -980301030
3051 1875 365823378
3055 1939 638162788
3059 2547 -64180402
3063 3047 300952047
3067 255 802491794
3071 883 -990083507
3075 2507 -668132433
3079 11 918563663
3083 363 779600686
3087 1335 -511519550
3091 1895 -17532194
3095 755 978867246
3099 2283 654249564
3103 1459 -75127232
3107 2307 481470868
3111 1175 -389984284
3115 1495 471906152
3119 1795 74576412
3123 151 -791036621
3127 2847 678021705
3131 2991 -594367582
3135 2211 -806817614
3139 1399 -400746452
3143 1495 528039472
3147 451 941812940
3151 447 -134863996
3155 2203 -116812219
3159 671 461931837
3163 1583 -37869754
3167 719 -680024780
3171 2247 -95656139
3175 1003 -104925812
3179 3067 664567535
3183 2951 744325059
3187 535 118211714
3191 1835 411174939
3195 1283 -277654133
3199 2359 648000625
3203 3139 -858104464
3207 567 -786189713
3211 367 -294034980
3215 2083 679807600
3219 1439 870355618
3223 1699 -627132190
3227 1183 -406201219
3231 3071 906316756
3235 855 -356812353
3239 2503 -624166748
3243 647 -770040289
3247 2867 -600714157
3251 3159 -322482805
3255 1963 -366312587
3259 3079 -39002262
3263 1835 -455439130
3267 239 -931819180
3271 179 -307420434
3275 1847 -64415181
3279 571 -238675998
3283 2955 123721991
3287 935 -628552201
3291 163 759811267
3295 1995 -753675384
3299 3115 720283462
3303 3115 251187886
3307 295 819331605
3311 123 -613718817
3315 1207 403246349
3319 771 80447063
3323 143 13490202
3327 863 -347716177
3331 2151 -925845258
3335 479 154032393
3339 2799 142088628
3343 2607 3301818
3347 2415 566162834
3351 2055 601970929
3355 2759 -386789872
3359 2607 -633003011
3363 1691 -109300377
3367 2239 683679594
3371 339 250157901
3375 1907 241715086
3379 311 371142047
3383 2063 -102066116
3387 447 -97234569
3391 3175 535262441
3395 399 -663871543
3399 83 874200479
3403 291 -961423177
3407 2863 -79549808
3411 895 -667395365
3415 2823 -600240107
3419 779 939587823
3423 859 -303437909
3427 2919 403580257
3431 2027 -444367843
3435 3095 -960970876
3439 2491 -17466470
3443 1843 286969234
3447 1779 323302016
3451 1699 475218229
3455 2123 -310112374
3459 1811 321359085
3463 1823 -450434292
3467 207 239479147
3471 2059 -441269204
3475 3363 517559345
3479 2807 -224368330
3483 991 -417400694
3487 731 643467464
3491 555 -560500784
3495 3199 -234150712
3499 335 -927627103
3503 2631 808270756
3507 907 -613975758
3511 2015 -896912930
3515 1463 987992575
3519 143 -708130626
3523 651 620905123
3527 1431 -872862072
3531 3491 -67026492
3535 2271 -625197731
3539 3383 910287282
3543 1771 932755161
3547 1423 613278165
3551 155 -962844755
3555 2091 -78166351
3559 3223 -166514908
3563 1875 -855145006
3567 63 93217114
3571 1163 -514834558
3575 3051 -381653819
3579 487 -937713883
3583 3199 -831108101
3587 1231 696141642
3591 1135 532286488
3595 2319 -991167753
3599 231 -646057759
3603 1283 -313995393
3607 2431 -452757658
3611 923 258758783
3615 1567 653597111
3619 1599 957939247
3623 2935 -194692374
3627 3367 243873517
3631 803 -854865181
3635 1807 575197201
3639 159 -381053582
3643 2099 -815193374
3647 3055 -143423646
3651 3427 -799090882
3655 531 478752566
3659 3043 295460298
3663 539 -858093548
3667 1655 -325176256
3671 1343 216754734
3675 1075 785658313
3679 2239 -394970659
3683 1347 78047095
3687 619 -335493233
3691 1371 764061121
3695 3403 12990267
3699 1895 -622813023
3703 3475 -516441211
3707 1479 230769784
3711 1187 843125736
3715 2839 311517820
3719 2103 -397763891
3723 2395 893463767
3727 1047 -270624410
3731 1627 447769004
3735 2963 60067389
3739 871 568144127
3743 3171 421290315
3747 35 -721522910
3751 1291 -943592079
3755 2087 60783832
3759 123 3325986
3763 3151 -608756514
3767 2675 845994819
3771 2543 -218131824
3775 1067 -48147456
3779 2695 453230705
3783 2943 -921248472
3787 435 27333928
3791 331 527157346
3795 1759 534554778
3799 1947 -934563328
3803 2479 -559528078
3807 3059 566830337
3811 3071 -452581408
3815 971 858312809
3819 2275 103736185
3823 2759 505192228
3827 523 -457487990
3831 2107 -709837002
3835 1099 -622799552
3839 1875 -313945162
3843 1723 -167940017
3847 2363 -344417058
3851 3491 620742946
3855 2203 -400314927
3859 451 542099853
3863 703 -585987805
3867 419 -554150774
3871 3827 44425579
3875 3667 770629229
3879 339 958216361
3883 2499 -58977410
3887 3219 -299930650
3891 1807 914751494
3895 3175 516544224
3899 1143 -313122112
3903 3359 -315423116
3907 2335 -58104390
3911 3667 -800765299
3915 3903 892998637
3919 3219 435604354
3923 2363 11472551
3927 179 -938861760
3931 1415 445917339
3935 2615 664818036
3939 3199 -247087374
3943 1043 141779760
3947 1483 -677458587
3951 3939 6133400
3955 115 -557054395
3959 1419 365708097
3963 999 70067174
3967 2419 -171398975
3971 555 -267212942
3975 487 -773082961
3979 407 -554320015
3983 143 -42585561
3987 2839 -553831380
3991 3503 -685692688
3995 1679 -583801662
3999 3243 -195103433
4003 3599 -698374160
4007 1995 -829618319
4011 1919 333721832
4015 2419 918253088
4019 1691 -511874478
4023 2943 879760325
4027 1667 -71143900
4031 2591 -183041323
4035 1427 562934351
4039 2319 655372960
4043 3155 -813893779
4047 1855 75696948
4051 235 212426189
4055 679 711553396
4059 3351 -125094480
4063 3891 -915979965
4067 2039 -360015133
4071 4003 319193278
4075 819 -806965464
4079 1431 -753190879
4083 979 471084924
4087 1215 -375160186
4091 203 750192052
4095 1483 -444901577
4099 2023 -577673120
4103 987 121184729
4107 3619 917071110
4111 3171 -982013793
4115 3071 743955907
4119 1915 -721064095
4123 299 249941993
4127 2731 630180916
4131 1407 -624986000
4135 1103 -562572993
4139 483 -264175895
4143 195 -20630010
4147 2227 548389573
4151 2587 -862168047
4155 1811 696486491
4159 1935 331944048
4163 1979 44081748
4167 2267 -463937322
4171 1475 -56930403
4175 3307 -22707583
4179 763 206360708
4183 35 -313969474
4187 2399 965042998
4191 391 399962241
4195 1947 508313974
4199 951 -470313154
4203 1487 -119323495
4207 1719 -65204248
4211 3507 -864618389
4215 1955 537555148
4219 679 747282903
4223 611 -542157840
4227 83 261092025
4231 1987 943471403
4235 3939 -996401184
4239 31 -724558801
4243 3099 -881423218
4247 1251 -20377845
4251 2239 630335321
4255 2747 -679989142
4259 559 -969745035
4263 23 -740197797
4267 2939 600507193
4271 1063 -932137345
4275 1263 -13012662
4279 2163 -585909679
4283 1451 -615579056
4287 219 -106059077
4291 1595 257682604
4295 2579 836891856
4299 3039 -399288067
4303 1731 623724636
4307 263 -684808605
4311 543 61743428
4315 979 -368216652
4319 2151 30105260
4323 1455 667742012
4327 3563 53651754
4331 1391 937403523
4335 2415 697266815
4339 399 916035882
4343 3979 642849749
4347 907 -916329056
4351 3727 713015524
4355 3363 230936209
4359 847 650910835
4363 1435 436884185
4367 3907 -541252799
4371 3563 -709391023
4375 4019 130987254
4379 2031 682668238
4383 4267 -953362844
4387 3143 31297344
4391 3855 51174817
4395 3279 -747729984
4399 1483 212247297
4403 539 324925108
4407 3479 319563106
4411 4183 580847521
4415 451 301943146
4419 775 -325863692
4423 2059 57861415
4427 3995 -665233470
4431 3915 -829183216
4435 1031 -284198225
4439 2207 575756841
4443 4091 781797254
4447 1439 277215217
4451 2463 -149464445
4455 2819 -776875434
4459 3499 -268286154
4463 2471 -829974041
4467 2407 659370260
4471 827 512919127
4475 523 907382958
4479 2631 -436490224
4483 1711 355349883
4487 1811 417167461
4491 4391 -945136998
4495 2547 962591940
4499 3855 -600294141
4503 3115 269682358
4507 1643 -297574296
4511 135 -60572515
4515 1343 510922541
4519 1375 79071763
4523 1223 -872408481
4527 3751 -967279038
4531 4243 745296935
4535 919 -3432727
4539 2103 -178541662
4543 4195 -338920149
4547 2003 -844727461
4551 1243 175051876
4555 247 998945157
4559 4263 91691126
4563 3191 -959782901
4567 2759 935382793
4571 4251 -406504721
4575 3735 28498826
4579 1295 -397130295
4583 3851 -520984838
4587 95 -479170182
4591 3839 -427305925
4595 2255 -137629465
4599 1311 -423532986
4603 175 179840059
4607 3739 -89547959
4611 1551 428541041
4615 4327 -832688231
4619 963 859732414
4623 2399 -496755249
4627 3587 685090157
4631 3895 114380478
4635 2215 306912100
4639 2719 790829031
4643 1979 -48767979
4647 4075 -647871468
4651 1351 -811385032
4655 1831 289095545
4659 3223 -37352012
4663 2135 -247913312
4667 4267 -280187823
4671 2615 -761511476
4675 1311 907654789
4679 1159 -943772153
4683 3663 16897003
4687 2119 310512670
4691 59 -779468360
4695 1203 -268073447
4699 3151 48330196
4703 4203 546780911
4707 3483 542142828
4711 959 -410606035
4715 931 -4567943
4719 2235 228907003
4723 1983 -489782148
4727 7 -700560815
4731 731 -826677860
4735 2535 -929484719
4739 1915 272331283
4743 423 44107060
4747 2255 546630122
4751 4659 -386273116
4755 887 404025048
4759 2423 -195724704
4763 3927 -944854894
4767 2547 685314523
4771 3415 -21686137
4775 4599 -825508757
4779 2543 711292517
4783 4451 -998902092
4787 355 -447887240
4791 2851 403556090
4795 351 -588416057
4799 783 272004046
4803 2255 -655200528
4807 2531 315211565
4811 3675 -921420941
4815 1859 -444046469
4819 419 -152364102
4823 4607 278036592
4827 139 -725966650
4831 2311 -64384628
4835 3107 868962008
4839 3451 -21135622
4843 1123 -921862055
4847 2887 -387888359
4851 3955 -342163049
4855 1511 201485438
4859 3995 286932567
4863 39 436184553
4867 4863 -178774470
4871 311 668820040
4875 43 970110852
4879 1335 -756590675
4883 1975 688267664
4887 1239 388650213
4891 951 795359801
4895 2871 581842551
4899 3179 -191689819
4903 1727 -184438877
4907 15 700331781
4911 2383 -904774985
4915 3755 -397543106
4919 3991 48520245
4923 2911 -684667358
4927 1995 971474934
4931 3439 863654587
4935 3099 -628636439
4939 2855 34687209
4943 3627 -895829724
4947 3703 105996703
4951 1999 -885029958
4955 1799 244457180
4959 943 352175516
4963 1647 -295204440
4967 3447 75505318
4971 7 662437545
4975 599 327909318
4979 3859 -918000829
4983 307 -877260474
4987 1959 -948554255
4991 755 84086036
4995 2303 651009602
4999 1311 -826873195
5003 731 -433243346
5007 967 -259198071
5011 3175 -841271877
5015 3439 -651736458
5019 671 -102394766
5023 1099 127140100
5027 4051 887159436
5031 2387 767460509
5035 3739 -230274038
5039 1539 331536335
5043 171 -174893986
5047 4471 -970018386
5051 3679 657223920
5055 1823 -930906598
5059 3491 -130483589
5063 1347 -148380349
5067 1399 904110373
5071 3415 -731765114
5075 3539 419682704
5079 443 -757006620
5083 4499 -23239862
5087 1395 -730520189
5091 399 -747891255
5095 2191 -606048485
5099 511 412100011
5103 4987 199258824
5107 2103 -876822566
5111 1995 -710638155
5115 843 286007607
5119 2483 -336451171
5123 315 -535210419
5127 95 500384292
5131 4771 505419597
5135 167 -449534875
5139 1775 903860367
5143 3683 619894758
5147 4847 -788573814
5151 4099 939000716
5155 731 510638077
5159 4695 446467790
5163 4151 857103611
5167 1351 151850669
5171 1059 480458352
5175 607 -458490792
5179 1243 -594513087
5183 2959 151424782
5187 1375 29205476
5191 1687 -274429991
5195 3179 -481288179
5199 3591 -183521543
5203 3823 -463546751
5207 4187 507187772
5211 3791 -547178968
5215 4603 464506934
5219 3223 458147046
5223 1451 -360162716
5227 4647 640746270
5231 2951 -832871102
5235 3207 -660513948
5239 3455 -886096683
5243 3279 761546236
5247 3751 -222124610
5251 1631 850378797
5255 4831 988215646
5259 2359 667824357
5263 5155 -198446352
5267 4315 -541806512
5271 4375 74441900
5275 5135 -728394347
5279 4323 807190293
5283 2503 -644975825
5287 4175 -839962400
5291 615 -488873551
5295 3211 -755750908
5299 2647 935471254
5303 2719 -651978955
5307 3699 -665824185
5311 699 873078360
5315 3759 -94769637
5319 3063 -280088511
5323 67 -329451165
5327 259 -501630758
5331 1571 -393951728
5335 2439 814530321
5339 3411 -746986915
5343 331 811050997
5347 1559 101951002
5351 539 43538411
5355 3703 198890803
5359 963 229169312
5363 359 888349694
5367 4843 790143899
5371 4663 898656603
5375 4895 -933135840
5379 2071 833994459
5383 3895 718931844
5387 739 816251102
5391 651 142342831
5395 195 -129268442
5399 735 57052890
5403 343 294805942
5407 1319 -113568536
5411 1535 250906160
5415 2919 761809170
5419 3467 -129445093
5423 499 89427999
5427 4403 927571425
5431 2675 -695292966
5435 2379 455931757
5439 3507 370273355
5443 419 -11803458
5447 3171 -987715449
5451 1479 732145647
5455 3027 903370559
5459 4651 465106032
5463 107 445707428
5467 2607 153742931
5471 2639 579938966
5475 411 859509168
5479 1675 691997279
5483 3339 -461897356
5487 4807 634143876
5491 4375 454681207
5495 1523 104661264
5499 4747 -335061138
5503 819 -435486001
5507 4159 653542964
5511 907 -867948050
5515 3719 -567216087
5519 1983 530173337
5523 2867 304242705
5527 2507 180723019
5531 4907 -17184512
5535 4015 -868022744
5539 5023 -454598840
5543 375 886030023
5547 5411 -28897586
5551 4291 136228231
5555 783 -299312906
5559 3995 418378411
5563 5203 875453737
5567 2875 -127811154
5571 3747 -105835734
5575 3983 748065825
5579 2803 18957314
5583 4299 -789552773
5587 915 -681383791
5591 959 225599425
5595 2319 -106866700
5599 3395 216079450
5603 3647 370196399
5607 5323 -809942288
5611 4563 -469874070
5615 787 968835052
5619 1647 206898822
5623 5391 -846546096
5627 1303 -994459536
5631 2375 427150404
5635 1363 414290927
5639 2755 853785715
5643 987 282554793
5647 1367 -610647756
5651 1851 940726737
5655 2739 -29869949
5659 1887 919141680
5663 5095 -167001725
5667 1967 -116094311
5671 4763 -142370227
5675 4315 -635181516
5679 1551 -28199410
5683 2127 -741575485
5687 4423 994774276
5691 2643 290146576
5695 291 393391854
5699 1967 -184185744
5703 4647 395991396
5707 115 -158387157
5711 2631 -481349348
5715 4331 277263647
5719 379 802838660
5723 1891 276394132
5727 4595 713999000
5731 847 715434185
5735 4239 -108824283
5739 5395 113601958
5743 2035 -765589804
5747 3083 -298304989
5751 3227 -570035720
5755 2143 -344885866
5759 4843 -401448979
5763 191 -860826439
5767 679 151602457
5771 479 -164347257
5775 2907 -696135001
5779 3091 -247801500
5783 1431 -969725319
5787 3087 -784795235
5791 3595 -337137299
5795 4299 -997460385
5799 2211 19864178
5803 899 454424422
5807 3995 996160318
5811 3859 513734525
5815 1647 875700428
5819 715 764621515
5823 3811 -204974229
5827 2607 741339512
5831 11 -647261925
5835 4791 437842292
5839 1783 372206384
5843 5163 -290434914
5847 4411 -166482291
5851 2699 880265433
5855 5303 545746048
5859 5323 522272934
5863 2751 910765197
5867 3615 491315268
5871 575 904216220
5875 5051 -333592264
5879 1399 -728030905
5883 2939 658567009
5887 1739 -369137219
5891 87 877067850
5895 1247 625579789
5899 5319 338846838
5903 2779 579864704
5907 4103 -685486437
5911 4243 -290105650
5915 4759 -719772457
5919 1043 8406002
5923 5531 -497386397
5927 2331 -888943717
5931 4627 810028839
5935 5511 -637745057
5939 5619 633632345
5943 3687 562131361
5947 4939 82215356
5951 1843 769847601
5955 4571 -234214319
5959 2743 -652969623
5963 2555 -597568529
5967 4867 548111507
5971 3579 581582743
5975 1163 -314657785
5979 335 296973989
5983 631 -930563949
5987 4487 -68871154
5991 5319 -691920331
5995 963 769329234
5999 771 -590113440
6003 5167 -916654263
6007 891 -867128538
6011 5439 -463685276
6015 2359 524672516
6019 5627 694668972
6023 3055 703158078
6027 507 -223995471
6031 4531 35692315
6035 1063 -773391073
6039 499 -561031810
6043 1615 -300249729
6047 1527 982003349
6051 3867 402096183
6055 3083 -842201116
6059 5283 106807124
6063 579 400457136
6067 5731 418034718
6071 1895 121508635
6075 2675 931029769
6079 1991 -490815389
6083 2791 -910290351
6087 1263 -860035023
6091 1699 -542502625
6095 3559 185887730
6099 4491 -153656727
6103 1291 318069181
6107 4791 233357260
6111 187 117178021
6115 3591 -426273139
6119 507 -869591908
6123 1775 84753112
6127 5731 286720814
6131 67 -499148058
6135 991 473016132
6139 4387 910706521
6143 5015 -108800203
6147 3639 459543387
6151 1503 -953056396
6155 5783 79300461
6159 3363 -471969720
6163 3655 793848294
6167 3411 -476209540
6171 107 209957410
6175 4363 -546058037
6179 2295 960749233
6183 2643 -371522054
6187 5999 -552978438
6191 4919 965359825
6195 5043 886976295
6199 1207 -93356647
6203 751 -771540339
6207 4323 580278256
6211 219 240113744
6215 3211 648796541
6219 5063 678003410
6223 227 -276327827
6227 3795 -768778097
6231 4095 -456464511
6235 291 -113680747
6239 847 400680409
6243 4687 525770908
6247 1563 -720956951
6251 3531 590946088
6255 5747 553470005
6259 5399 -572022689
6263 3579 -361808830
6267 1723 -771334306
6271 4715 -582378549
6275 6215 -737589191
6279 1435 831523066
6283 711 -342327193
6287 2723 -111091384
6291 5819 -652747376
6295 5119 -662912907
6299 4763 -161060181
6303 1927 -778892817
6307 3479 -500776647
6311 2151 -590780097
6315 3455 -588618796
6319 603 114698357
6323 2239 -702136894
6327 5975 64777348
6331 1003 -644193788
6335 1603 -634093784
6339 1587 630471136
6343 979 43468045
6347 4235 582406914
6351 75 136622461
6355 5487 404467118
6359 1599 -806063479
6363 5839 -253990795
6367 2943 -507915977
6371 711 112712568
6375 1079 330088030
6379 895 -566750622
6383 4603 233233303
6387 4295 173601928
6391 2287 -442958903
6395 2195 28805396
6399 3155 21843676
6403 4643 -12999639
6407 2755 473344852
6411 2419 -232973556
6415 2863 -76260912
6419 3563 -878300589
6423 4811 -620438177
6427 551 -360056648
6431 3179 -984729966
6435 2699 749222583
6439 3307 239009651
6443 5399 -751759829
6447 1079 882731489
6451 1763 772014768
6455 95 786399706
6459 791 -107783215
6463 2635 314182347
6467 6239 300437322
6471 5327 727211069
6475 5843 -563190751
6479 963 -888118930
6483 2367 -25440413
6487 191 -468089048
6491 3643 999162860
6495 775 -344488710
6499 4407 486321765
6503 3803 591327678
6507 1623 16167769
6511 1075 540303610
6515 3611 597338071
6519 3135 -697242775
6523 39 350011993
6527 2551 -242864141
6531 131 953675866
6535 5675 -349150543
6539 2975 493612310
6543 1051 -675658773
6547 1879 873574303
6551 299 918646277
6555 1651 -230993725
6559 2819 -897139960
6563 5739 754647770
6567 5219 -388696941
6571 3147 -647253080
6575 1791 -696768017
6579 1855 -720318340
6583 3351 465180457
6587 723 -217189231
6591 3279 -120724593
6595 5895 -637725771
6599 6567 720467995
6603 3939 -622686924
6607 5435 891816828
6611 3707 -996408013
6615 4363 -553163188
6619 3087 807255925
6623 6059 887259080
6627 2015 322733092
6631 459 893437976
6635 2871 -39930743
6639 2235 578442348
6643 5215 -767932941
6647 5087 276793487
6651 4959 785546178
6655 3427 225020618
6659 6579 -976315780
6663 955 -945396249
6667 2775 -9521706
6671 2063 861741204
6675 6503 -52460031
6679 5015 -857698916
6683 2351 -278109641
6687 1591 226959244
6691 2807 54952133
6695 995 -19708192
6699 343 439895520
6703 3079 -967621928
6707 5615 37162828
6711 3371 -295477120
6715 3691 -600241336
6719 1899 -660000973
6723 403 -93781535
6727 1939 -878119280
6731 3723 533991229
6735 591 -189545939
6739 5403 236456807
6743 5031 -677108880
6747 5499 -66664372
6751 3039 49252181
6755 4783 -416147104
6759 3247 154455277
6763 2431 -417210247
6767 1519 -752192862
6771 5015 930559733
6775 4179 -343659537
6779 4451 908936289
6783 1291 -598442074
6787 255 360839504
6791 3759 255228988
6795 3319 783047744
6799 3739 77479672
6803 575 807154843
6807 4571 435537670
6811 1583 -806400103
6815 603 -554715023
6819 1283 398165629
6823 4715 369542456
6827 635 573947132
6831 3707 516480874
6835 4987 -413048201
6839 2151 -586033292
6843 5303 600420221
6847 2515 -730834919
6851 4583 26671185
6855 3715 -740805662
6859 6143 264202761
6863 4631 -171021384
6867 5015 735786419
6871 6659 -954928913
6875 6343 659360329
6879 6563 386401329
6883 275 267512123
6887 4871 -759749922
6891 2471 -422147571
6895 999 -268283547
6899 5903 152675029
6903 1039 -739286403
6907 727 -299717004
6911 3583 -120983616
6915 555 -736302334
6919 4087 -609981475
6923 59 -2505320
6927 519 -459410965
6931 211 33603618
6935 2995 -265112551
6939 6307 -837471539
6943 5227 -471762026
6947 19 -196410747
6951 3319 -920973881
6955 3815 479532414
6959 2971 339608523
6963 4239 -492440259
6967 555 -253151827
6971 1235 935311255
6975 1399 133312375
6979 2467 235895234
6983 5783 592385251
6987 2675 392589443
6991 3559 186012548
6995 3215 -312541226
6999 203 675178289
7003 2123 147045996
7007 6467 324551289
7011 5879 9903805
7015 3271 -9814623
7019 2627 -126230748
7023 1351 -449411388
7027 3751 286497510
7031 1599 -433275057
7035 4199 55844548
7039 3459 865791598
7043 243 329907561
7047 627 -821018423
7051 3979 33358526
7055 5071 973092497
7059 3955 612078016
7063 2623 432057614
7067 5435 423905909
7071 99 668552826
7075 1143 -813415240
7079 1807 -111086789
7083 1155 -334488687
7087 5675 -351882520
7091 2391 539997931
7095 4255 -207593519
7099 2847 -852094460
7103 867 -726698410
7107 3075 -981263294
7111 3027 426165624
7115 1467 -645172651
7119 7071 -483982865
7123 4599 589018312
7127 4607 851435214
7131 5811 -24478226
7135 5423 -570471904
7139 3263 561874660
7143 4715 431225169
7147 5083 -57281847
7151 3991 53219507
7155 423 495667261
7159 2087 -113698328
7163 1799 309106648
7167 3095 -438743254
7171 4315 -390240998
7175 1579 806423411
7179 347 -81298831
7183 3007 -472586539
7187 5427 -574663243
7191 2239 -648887634
7195 3867 -505231122
7199 2119 738526757
7203 3711 -280516677
7207 4335 -331083926
7211 3015 -680149629
7215 4439 -660146954
7219 2687 -746108204
7223 5475 -204947092
7227 3747 738466558
7231 6439 -90043576
7235 3963 970313182
7239 579 -639983736
7243 5815 -614583399
7247 5355 969855614
7251 4379 21391115
7255 6419 793318382
7259 1587 -654479614
7263 5659 832449981
7267 5335 -346467702
7271 2743 -768106201
7275 5291 -566627631
7279 6771 650751571
7283 4763 44007339
7287 6267 -187970202
7291 4247 -206509892
7295 6175 -937306115
7299 2391 -371114252
7303 3735 960551803
7307 5383 -281537258
7311 6827 553892528
7315 7223 -955430995
7319 2183 -79567213
7323 687 -67666464
7327 3395 -276770804
7331 3475 -978942754
7335 6291 -104630231
7339 6959 -307152436
7343 4339 -927048028
7347 359 -635678495
7351 5267 325560365
7355 4819 -523914087
7359 3255 -455910534
7363 6003 -543260327
7367 6619 -459796570
7371 1883 694203147
7375 403 128055033
7379 2039 141329642
7383 1551 -665234087
7387 7235 -969794933
7391 4935 -982803651
7395 6555 421283194
7399 4939 -149355215
7403 6279 -491671784
7407 827 -466967220
7411 7215 924913424
7415 1155 -127892529
7419 3255 78730101
7423 5687 196826217
7427 4319 -898128764
7431 859 -475044764
7435 1783 387193644
7439 4411 -266249075
7443 2619 427059579
7447 6543 772067197
7451 6895 605758694
7455 2403 -650487830
7459 1159 7953209
7463 4751 422128193
7467 4211 797686358
7471 5191 563299907
7475 5863 -364423660
7479 4503 -421621644
7483 511 798903603
7487 1963 228953284
7491 2451 836954562
7495 3923 968678222
7499 6487 94305592
7503 1383 289891832
7507 6683 569929003
7511 4591 -919361989
7515 2119 156341293
7519 3159 -115436045
7523 3071 -674557374
7527 2559 723272485
7531 5387 -171506844
7535 4259 -542552828
7539 7303 -406828588
7543 7171 552329714
7547 6099 -723015474
7551 6655 -10462696
7555 2287 -103703015
7559 5823 304635017
7563 5491 -832804090
7567 1027 -382714980
7571 51 485779866
7575 7491 35542297
7579 3703 -105945047
7583 1827 688809432
7587 3299 -588663524
7591 6895 443113753
7595 6795 -220163613
7599 2871 432986811
7603 4255 -244469984
7607 5251 -25391241
7611 1427 -51880728
7615 7495 709613273
7619 4775 -529148413
7623 6623 632912405
7627 5243 -541306006
7631 4115 688834926
7635 4731 591162388
7639 6575 458533595
7643 4399 816752359
7647 619 607583172
7651 7483 -870594031
7655 2391 263843098
7659 2447 -631767042
7663 5635 290380780
7667 5951 -704326005
7671 5087 786979601
7675 3247 -508980292
7679 415 -284420462
7683 5115 -43315377
7687 2307 807764540
7691 3623 -173234903
7695 1391 617080850
7699 775 608987309
7703 2543 72031218
7707 2831 -739937391
7711 2223 -513734891
7715 2403 687250860
7719 6759 783202684
7723 4615 299837577
7727 2815 288621890
7731 519 -887676488
7735 7555 565725324
7739 4215 481115011
7743 2919 652580781
7747 7231 67861406
7751 1403 880087371
7755 2939 -656405544
7759 3775 593961050
7763 1095 -831884525
7767 1071 -574039951
7771 5803 10282637
7775 3311 417760748
7779 2371 575370643
7783 7431 796048830
7787 363 -980534677
7791 751 95994937
7795 963 -515780007
7799 4707 270940012
7803 15 588821827
7807 5559 299133835
7811 59 916819464
7815 4431 471921655
7819 3651 -335091793
7823 6963 329708260
7827 371 878107912
7831 251 240458975
7835 6379 -464281457
7839 3331 -75570058
7843 4547 -48261306
7847 2151 -776414500
7851 175 551607299
7855 6847 889284286
7859 1727 -691465701
7863 2515 730543242
7867 7067 -180194560
7871 7583 -914368282
7875 6327 -916828765
7879 5359 777775649
7883 1315 280868407
7887 2707 955572045
7891 3587 -386897315
7895 3751 507901340
7899 4215 -345203210
7903 3547 -69280505
7907 4947 792958706
7911 2871 915992253
7915 5299 866930933
7919 3251 -870459058
7923 2251 516427785
7927 4483 542576520
7931 4307 -237602559
7935 2451 201356961
7939 7859 606885278
7943 7479 -197856663
7947 1327 356677343
7951 3279 -115017346
7955 3443 667525248
7959 3267 112164456
7963 2779 -17584358
7967 7743 172040808
7971 5147 326545156
7975 2035 -387644696
7979 819 913779743
7983 2783 332276530
7987 7375 348067181
7991 4003 760695315
7995 6991 918097212
7999 5999 170993950
8003 6719 -599296407
8007 1535 230716605
8011 2575 639441724
8015 7595 -502195365
8019 1027 -810662027
8023 6807 -489792168
8027 355 -893634350
8031 4359 820190308
8035 4451 577643557
8039 5363 974902432
8043 1571 -985153110
8047 3863 -402135133
8051 5439 877225132
8055 3331 28564755
8059 5115 -195552599
8063 3551 999784081
8067 1547 694494054
8071 3315 32140108
8075 1355 764997154
8079 7359 663432008
8083 7323 -326575892
8087 3907 -756536512
8091 7979 -816366531
8095 3683 -580448457
8099 7371 -115420580
8103 5179 -810956771
8107 2519 -911970039
8111 8031 -619260994
8115 5191 -885167994
8119 6079 -224842063
8123 1323 -406593888
8127 931 -337246320
8131 5315 -34260183
8135 6871 431503212
8139 7587 637244853
8143 3375 942607407
8147 855 -254662301
8151 2179 -754687151
8155 2471 -567664889
8159 4651 54005639
8163 3335 405806716
8167 5711 993938646
8171 2411 712010181
8175 5503 348404084
8179 1375 -283374656
8183 2235 975671865
8187 4539 225108586
8191 4543 -15746893
8195 1267 290982840
8199 3523 -864044487
8203 2787 269783951
8207 35 -346193184
8211 6959 934635617
8215 95 219436057
8219 5727 916583046
8223 4463 932181617
8227 2635 640128066
8231 4563 451628124
8235 2055 -253137427
8239 6927 -353464683
8243 3327 -487152568
8247 3003 954299594
8251 2811 -414045421
8255 8227 -390141531
8259 2767 225277867
8263 6895 -292946405
8267 5039 345867681
8271 6211 -437611025
8275 2639 684342329
8279 7867 -639222740
8283 6647 926836266
8287 2511 295252341
8291 5067 333502932
8295 299 180828228
8299 8059 -750805538
8303 3023 445246762
8307 6119 -363189090
8311 8247 -737150891
8315 1079 800136445
8319 2299 -30520589
8323 6051 -10441871
8327 7163 121999634
8331 7279 -806849544
8335 3275 97069625
8339 1187 -877285470
8343 5939 405044264
8347 951 -5495839
8351 3331 983721249
8355 4803 -764447099
8359 375 170626100
8363 6975 -114437011
8367 6647 213611510
8371 1435 742211919
8375 4303 566700585
8379 8151 -775592383
8383 3575 173942028
8387 2939 -271536472
8391 5071 718403338
8395 2295 866170883
8399 3511 -752720528
8403 8299 362513908
8407 3999 -273934699
8411 1671 -12073835
8415 2935 416180467
8419 7035 -809034293
8423 3967 -913385374
8427 4227 -486045051
8431 2451 620083794
8435 1703 -836494210
8439 2443 72089309
8443 2899 451907384
8447 6183 -983118651
8451 3499 -19484403
8455 7747 156320324
8459 4107 -36362141
8463 2583 995497083
8467 7047 357537242
8471 1179 315814968
8475 4823 801108740
8479 1083 -130580003
8483 1427 162947708
8487 2959 217158637
8491 7167 -947171908
8495 6511 -784995942
8499 1031 -294332734
8503 2515 -615795079
8507 751 698429752
8511 7827 170180510
8515 5591 -286132392
8519 3395 -500717577
8523 8235 -724028109
8527 4115 141229499
8531 4827 748182157
8535 5371 426425991
8539 7795 -962114076
8543 4207 86867158
8547 3971 -4549583
8551 2903 -54244707
8555 5179 -724412976
8559 4779 659870447
8563 4055 364180380
8567 4635 254246193
8571 879 -635700585
8575 6903 732833632
8579 5691 465784380
8583 2331 -11250413
8587 5791 -319750062
8591 1171 -347298879
8595 6319 77849941
8599 5767 -77633533
8603 1379 -131641619
8607 6567 -668783420
8611 1111 -516792756
8615 2095 196452816
8619 3167 -226462071
8623 2035 775298749
8627 7403 621338457
8631 5715 476997868
8635 3055 -13585759
8639 7923 33873384
8643 5943 -130626118
8647 7711 -490912655
8651 7531 551108905
8655 5931 355020946
8659 431 -157029342
8663 7383 286473151
8667 2395 994051822
8671 7571 362894280
8675 4455 278758635
8679 2171 898580585
8683 683 771182543
8687 315 786658711
8691 3727 45030727
8695 1899 667164382
8699 8319 841194081
8703 2295 419710370
8707 2995 -581315100
8711 5711 83587621
8715 1567 804647393
8719 7339 591777896
8723 3555 -132362023
8727 3011 -333832572
8731 1459 -186068942
8735 2147 -284961054
8739 3923 976094784
8743 2035 229517423
8747 7511 570009366
8751 2367 587051101
8755 1039 -813004348
8759 1911 537416228
8763 1371 971885141
8767 7787 -247730002
8771 7955 -221145322
8775 3179 -144726759
8779 2995 988598368
8783 3427 -57079722
8787 8555 -486781989
8791 6331 361099272
8795 6319 697715725
8799 5171 949932759
8803 6263 -88654978
8807 5319 -360950733
8811 691 461396939
8815 771 -975075269
8819 655 -892076860
8823 2439 -878171544
8827 5147 -375100666
8831 6931 28152215
8835 7247 34309124
8839 1339 -73971758
8843 5459 71603116
8847 2543 37895053
8851 7695 67063066
8855 2747 -988509788
8859 1291 -460749904
8863 223 402391823
8867 5523 -104757948
8871 5679 214509241
8875 4535 987748503
8879 3055 516935329
8883 823 359249640
8887 6723 -511843937
8891 2031 -930072942
8895 5455 952140062
8899 2063 -241763113
8903 2579 -571814286
8907 231 135675241
8911 4839 3782211
8915 1267 27818875
8919 7179 -870948841
8923 6999 -14486009
8927 8063 -284063483
8931 6723 167133460
8935 3631 280344433
8939 2567 355224326
8943 5599 -991277128
8947 3915 164080589
8951 4815 10218166
8955 6135 -179168127
8959 4463 467420494
8963 3947 908783347
8967 6519 -949652239
8971 2691 250362759
8975 715 895275976
8979 2343 -380378810
8983 7103 589681476
8987 1939 -298424084
8991 1787 284214511
8995 1847 -203946112
8999 4003 824116797
9003 859 586402529
9007 739 -352669675
9011 1311 894543697
9015 3875 -299825176
9019 2955 -661909513
9023 4519 206325214
9027 8471 674384637
9031 1095 -51563526
9035 3967 -105983205
9039 4919 -327304856
9043 2763 -116869965
9047 4543 348704195
9051 2331 -910427591
9055 2967 560313337
9059 1215 -135399703
9063 4931 -255655025
9067 7311 713789512
9071 5511 -709890588
9075 4827 -822610807
9079 3787 -693425253
9083 2647 -130068278
9087 8007 -300366467
9091 8391 -169864307
9095 6487 -594669248
9099 6655 -604790517
9103 3619 354572266
9107 723 -912560948
9111 2219 -71952579
9115 4983 42883621
9119 4975 655235931
9123 511 455007413
9127 1503 -87598202
9131 5111 -170298648
9135 7199 650144285
9139 6639 -829229013
9143 83 -290416770
9147 2823 449941396
9151 8943 695508958
9155 6811 -723709887
9159 7415 -764475795
9163 1147 -868174488
9167 8819 155646671
9171 1331 347914238
9175 7411 -144002779
9179 8055 365270125
9183 8859 492630198
9187 8699 -679318883
9191 8451 607992821
9195 6427 -894156558
9199 1859 760072756
9203 667 415731460
9207 2115 -325911720
9211 5263 515596834
9215 2507 494513552
9219 4971 984388186
9223 4363 565610877
9227 8979 241096384
9231 6083 -38263615
9235 7151 -767096769
9239 5471 172496115
9243 811 681694702
9247 1291 -530542627
9251 2867 705083835
9255 7611 47223441
9259 8147 233944465
9263 8027 817456903
9267 3259 -689737684
9271 8715 -726033962
9275 3067 274056032
9279 7419 261132472
9283 1763 631285083
9287 8191 43647738
9291 2875 165765722
9295 9107 345833020
9299 5015 -853557565
9303 5879 -4651185
9307 2167 21085700
9311 8375 -733420824
9315 5163 -741996766
9319 4127 871635721
9323 2519 -988850262
9327 2647 -437247179
9331 2123 757449832
9335 1107 -839489069
9339 675 -557962982
9343 5111 387833113
9347 1875 -569180243
9351 8875 -736265780
9355 2211 -462833223
9359 5751 -96043074
9363 3859 -317184272
9367 3911 -618313958
9371 3563 -545731747
9375 1363 -23250209
9379 4507 759866965
9383 3915 -734344045
9387 8519 -452330503
9391 5851 174295237
9395 451 335486252
9399 7859 -949356404
9403 6947 -784003827
9407 7583 28491378
9411 8911 213210692
9415 6311 690767
9419 7143 595752397
9423 8763 -260391303
9427 7063 921145943
9431 8295 -430873024
9435 5671 -715227554
9439 6563 86206633
9443 5583 -798091002
9447 1735 -865167567
9451 1787 -722740755
9455 6255 437176585
9459 1687 -959218222
9463 3143 -889377085
9467 4443 -610568767
9471 8071 858473584
9475 8227 -86332676
9479 6655 -398424576
9483 5699 936407270
9487 7731 286060749
9491 8619 -378133395
9495 7331 317711277
9499 5239 -965973115
9503 687 -866699323
9507 1679 314376110
9511 9135 -226002188
9515 2251 -303222033
9519 8331 334493737
9523 6451 -429372130
9527 5855 -644580025
9531 495 -923791554
9535 3567 -644008276
9539 4435 142458972
9543 103 -632238466
9547 7443 -260021058
9551 9007 -556874022
9555 2227 -988525837
9559 6483 179571686
9563 4355 362334346
9567 7055 576828268
9571 7583 -70495161
9575 3163 -224651783
9579 3507 -229933680
9583 1099 -667358946
9587 4291 454076093
9591 395 146804504
9595 4971 -159932224
9599 4151 -424113181
9603 1151 7801292
9607 9035 741003949
9611 515 647277892
9615 199 864524762
9619 6563 -256834715
9623 9175 -746995967
9627 1479 428907576
9631 439 999705766
9635 1695 -621938945
9639 2919 404675007
9643 3215 272371007
9647 2023 -83090793
9651 7179 465473605
9655 1755 -689515889
9659 327 -889158279
9663 5755 914809978
9667 303 -14133783
9671 7055 633981291
9675 4891 189456636
9679 5031 794188759
9683 2399 -747181699
9687 9463 388760839
9691 3963 -576130531
9695 5779 399054209
9699 1911 185543951
9703 355 -309306344
9707 7019 -967254701
9711 1379 -378372818
9715 4951 134847265
9719 287 284668842
9723 2519 -902784548
9727 7735 -361866679
9731 5535 181110339
9735 1699 357251843
9739 1739 247505396
9743 4535 147933162
9747 3363 -418539035
9751 107 -245936119
9755 6175 181771375
9759 19 514016756
9763 859 -681747849
9767 4791 -900421692
9771 7063 747909255
9775 9095 136925847
9779 1927 185294741
9783 1851 292357627
9787 9699 204112508
9791 1839 178342058
9795 4899 827619900
9799 5139 -427583533
9803 2987 -16026680
9807 3415 51977070
9811 3583 -949086293
9815 515 575841241
9819 6015 -752135306
9823 8367 409959636
9827 3303 215639309
9831 8739 581484729
9835 5779 150205581
9839 7411 -259943876
9843 6443 42194659
9847 1295 -365621664
9851 7711 -800371979
9855 351 -698372647
9859 8223 -221940742
9863 667 -510137425
9867 7595 -545852770
9871 5903 864526238
9875 8391 522564920
9879 8235 -324447781
9883 8419 656985111
9887 6679 -604176688
9891 8443 -913970519
9895 8979 -226668951
9899 9511 -167602164
9903 9723 -956360374
9907 4531 -176812869
9911 627 -648551789
9915 6715 -500579728
9919 5311 840367181
9923 7927 751834922
9927 1339 15195091
9931 4103 199655445
9935 179 845676575
9939 2459 442045922
9943 811 850169175
9947 1991 692021491
9951 8551 -79833960
9955 8731 597321481
9959 4687 -165377548
9963 2723 -281093145
9967 1871 -738338610
9971 4479 -919526649
9975 6763 74350248
9979 5199 -656743711
9983 2399 543654279
9987 7599 -329843459
9991 6899 -921975591
9995 443 -843521885
9999 9667 -513937405
10003 7839 889723313
10007 3647 278822202
10011 4987 730038794
10015 6887 754488225
10019 2603 -816969614
10023 527 689432715
10027 9435 -169961055
10031 6831 970973491
10035 2279 725530674
10039 2275 741620197
10043 6743 706397015
10047 683 81737392
10051 8031 -231720753
10055 5647 478341221
10059 1679 812396217
10063 8083 -76826795
10067 5659 -472299083
10071 5959 132432446
10075 8499 313807754
10079 9099 -957632304
10083 5319 -966822363
10087 5623 -973079719
10091 7199 384943522
10095 539 670470861
10099 7299 -98644678
10103 7859 -709144207
10107 7715 -244020411
10111 9339 570168254
10115 1115 -892421583
10119 2995 330960608
10123 5163 665027572
10127 895 420943110
10131 6359 -700484465
10135 9907 -833592507
10139 8807 -229803912
10143 3615 453016191
10147 4999 -966358198
10151 4031 -224521792
10155 1939 -37165492
10159 7031 -991108819
10163 7067 -75005212
10167 9763 -630889744
10171 8535 511791803
10175 9787 618365504
10179 6587 919621848
10183 3611 -189882104
10187 9759 729302672
10191 4027 -775223117
10195 1547 -42435416
10199 9243 -829522552
10203 1467 -390782863
10207 211 940627413
10211 3211 -961527549
10215 831 435764048
10219 8623 -646864796
10223 7231 968989465
10227 2723 982065101
10231 9767 243118805
10235 1055 427553934
10239 5491 587350086
10243 7591 222063020
10247 6775 696550703
10251 9255 539253015
10255 1231 541619555
10259 9627 196872438
10263 5379 -315478712
10267 10027 -325042433
10271 3927 308465095
10275 8627 -723765483
10279 2079 676591911
10283 7707 999957931
10287 5799 -839802675
10291 5319 728509537
10295 5627 325940187
10299 5151 -14062921
10303 5047 -308600062
10307 2579 -620869448
10311 311 -989666972
10315 5279 46921109
10319 783 -755986571
10323 6763 316970602
10327 9563 -500601659
10331 6667 -340982070
10335 3091 310117931
10339 3123 -757528707
10343 8679 102962945
10347 3859 113059211
10351 1359 173319461
10355 7711 981061755
10359 10299 -172863496
10363 155 -778616787
10367 6075 -62529194
10371 23 841308928
10375 9031 -21460896
10379 791 -963957560
10383 3323 241484008
10387 10067 -386951721
10391 9399 -815758866
10395 1127 228850181
10399 9175 -447103823
10403 7823 287710382
10407 8327 -92322592
10411 1219 -99382604
10415 3447 650151184
10419 475 -960380616
10423 5887 -600669507
10427 375 -234501430
10431 2099 -422093846
10435 319 -305037416
10439 6043 961825363
10443 3283 -890079942
10447 2239 908114272
10451 2699 -658432922
10455 8455 -702049741
10459 3563 402102965
10463 3827 -162500843
10467 859 845730174
10471 6983 908239995
10475 4903 -840075466
10479 8219 299733408
10483 2795 -431539581
10487 9975 982921838
10491 551 -621274094
10495 6855 348942821
10499 307 -772241492
10503 6415 -804958169
10507 8519 -498049601
10511 9039 908963195
10515 10271 -896277277
10519 1395 -813956503
10523 8659 915004956
10527 10391 -522831806
10531 223 581336082
10535 4987 901563999
10539 1963 -7424212
10543 271 -129799548
10547 2727 -373485732
10551 9971 476107383
10555 4575 761534236
10559 6851 309167629
10563 8627 925847298
10567 10503 -231896309
10571 5115 -443855481
10575 8779 -854506286
10579 2915 61278542
10583 479 214077381
10587 275 840329693
10591 3807 555688814
10595 2571 220704761
10599 10115 565035309
10603 4959 960721699
10607 3247 -758854756
10611 5503 -82159106
10615 9815 -105927783
10619 6427 26227726
10623 1503 551234264
10627 4903 -541605055
10631 5963 348889615
10635 8203 664029603
10639 9543 -970416328
10643 9407 -402888560
10647 5255 -919900998
10651 3687 -388745290
10655 6247 -491935818
10659 1731 -868254943
10663 4227 -344240111
10667 1323 -376450975
10671 383 449463992
10675 9515 -404308070
10679 10019 850627118
10683 2775 -964911466
10687 6143 946537217
10691 2327 -517864384
10695 6947 838253837
10699 9487 729908337
10703 7535 -309184425
10707 4819 -276908966
10711 5727 -72964564
10715 1019 -876557175
10719 2271 -220566114
10723 1579 246388798
10727 6699 -686011314
10731 1059 617314621
10735 1511 122602857
10739 1831 -495649077
10743 9831 -378976635
10747 10071 890006960
10751 603 -60935607
10755 8011 999415959
10759 9195 428891871
10763 6939 -490297398
10767 3571 -578978554
10771 5359 668228924
10775 4551 84505796
10779 9075 187968549
10783 10295 -120254477
10787 1775 -832467035
10791 6951 805267132
10795 2287 -785027108
10799 6051 816354506
10803 9543 -488328722
10807 1607 232719642
10811 8343 -786592964
10815 1199 -350778049
10819 695 604566214
10823 3859 398081631
10827 415 32346539
10831 5571 683034605
10835 7847 -433716999
10839 1119 -868447380
10843 1027 902051046
10847 9143 -843166647
10851 8803 -535695116
10855 1171 -805115310
10859 3883 -302953233
10863 9079 -703239443
10867 4611 -633839999
10871 243 538868540
10875 7363 218703548
10879 779 100209328
10883 2351 -264275701
10887 8235 -771879576
10891 1075 -344425535
10895 9307 89490811
10899 1007 -588128573
10903 10771 -141594598
10907 5199 -944757427
10911 10035 878554354
10915 7527 -552142032
10919 3715 845298985
10923 5511 -505601475
10927 9735 485689517
10931 5087 -751373335
10935 7407 198491298
10939 7483 -944497907
10943 3079 -298222125
10947 1111 -270878445
10951 9955 -835793358
10955 1175 77037664
10959 10055 65046112
10963 2111 769438134
10967 6395 698167056
10971 6731 -312773238
10975 5091 -206842813
10979 8635 -103757939
10983 8367 -917302814
10987 8091 576114228
10991 7651 744247734
10995 623 478767240
10999 9999 14570405
11003 9907 2477400
11007 475 133229979
11011 4807 -138957472
11015 2379 932157795
11019 1067 99564260
11023 9743 -67868504
11027 10835 -6074868
11031 5407 88362128
11035 371 220929007
11039 8695 -480598417
11043 9875 -61062061
11047 1755 940199678
11051 6107 33384749
11055 11 947855112
11059 7263 -810068679
11063 7595 -459811553
11067 6683 -368118330
11071 831 450717613
11075 4747 -664934125
11079 1179 -874166221
11083 9363 -734508948
11087 10035 -688567069
11091 4887 -734552466
11095 1811 307532156
11099 6983 -732859459
11103 3567 -311078659
11107 3143 48543187
11111 3791 -28220796
11115 8563 -638684089
11119 4427 857955845
11123 8767 331757106
11127 10063 -388763268
11131 3875 -753105405
11135 2227 370931428
11139 6039 943281526
11143 695 529501839
11147 5319 -136669202
11151 2463 400764665
11155 10663 546088100
11159 10295 838937626
11163 1675 -587196290
11167 1043 922186071
11171 3887 853678605
11175 7435 -643288003
11179 2835 835645457
11183 2307 344921646
11187 619 -284276761
11191 5379 488253295
11195 10283 637105356
11199 3915 -4545212
11203 10507 -170202204
11207 1599 -643963991
11211 7455 116050316
11215 8359 -770809154
11219 10735 115622991
11223 2943 -213774897
11227 10895 244876007
11231 2303 -592847478
11235 1571 38858558
11239 855 -170298365
11243 9079 -749150587
11247 8683 -574629134
11251 4819 367032522
11255 1355 -935886355
11259 3063 -409490440
11263 6839 296376993
11267 9371 -374661582
11271 8707 391788842
11275 4855 977095001
11279 9843 -344473035
11283 10507 -319857265
11287 11043 -932064561
11291 5715 731736222
11295 8867 -16919235
11299 6783 29442458
11303 2615 911388404
11307 7547 46262554
11311 8915 -226802380
11315 7407 768121208
11319 483 -434751218
11323 3883 -953794677
11327 5291 -14154003
11331 7975 397363365
11335 9951 161392621
11339 815 -744972039
11343 1515 536840815
11347 8971 -570595562
11351 9007 -995005630
11355 887 -654055589
11359 1339 -886526220
11363 1447 -422499698
11367 3559 -424515505
11371 4215 875132307
11375 7943 -61367576
11379 2455 -958306593
11383 5539 -82634112
11387 8907 -649015459
11391 10487 -612565817
11395 3163 428823047
11399 6151 78758483
11403 263 -873399736
11407 2671 818616230
11411 10675 795178050
11415 7535 202483912
11419 1559 303551148
11423 10051 -830604621
11427 5955 343702535
11431 9667 -493189870
11435 2007 -441400593
11439 4191 -376927263
11443 7423 -268498422
11447 10911 102563720
11451 1707 -644343368
11455 8035 -192791337
11459 4543 -497310431
11463 11379 -760400258
11467 10711 167475739
11471 9207 610560939
11475 6451 743244186
11479 10183 -565536523
11483 10227 -679214071
11487 9843 -411712712
11491 6999 973969018
11495 3195 120666032
11499 2555 -118047836
11503 11079 -770619278
11507 4183 115039042
11511 9511 -606258667
11515 10463 54699012
11519 10779 51782526
11523 5519 -592938776
11527 39 -437133778
11531 3147 -766485823
11535 3979 424644211
11539 463 -890175907
11543 8575 706417063
11547 9135 -175164076
11551 939 313810221
11555 3795 868435625
11559 1599 -136381372
11563 5971 333410054
11567 7527 100895347
11571 1739 431840346
11575 767 372284503
11579 2267 -553321536
11583 2059 -633101353
11587 7271 391496442
11591 579 750880158
11595 1759 972495663
11599 2303 35942900
11603 4647 -139232323
11607 8319 -408237538
11611 6191 937283620
11615 10815 -649752665
11619 9619 -432583958
11623 2659 920603756
11627 8267 568888982
11631 7903 -165470917
11635 11447 -276166480
11639 4859 -856060019
11643 3263 -830323015
11647 11595 62262264
11651 11619 612912796
11655 8879 274602258
11659 4247 -714855830
11663 2119 -870629416
11667 2151 625862623
11671 607 282818345
11675 351 -655913224
11679 4319 -940552480
11683 1415 -822223763
11687 2047 -265437620
11691 1687 -891569287
11695 3559 -526720331
11699 1559 -167917210
11703 491 -678998815
11707 4959 102123173
11711 6091 227336773
11715 4099 -229535682
11719 3759 -714959857
11723 43 300021581
11727 7863 332209129
11731 8587 -850601544
11735 8507 -622928533
11739 2559 -538430902
11743 6419 828812439
11747 4039 -742145142
11751 6127 -610477022
11755 7423 744861834
11759 3095 125526733
11763 3755 840902086
11767 6531 -897975783
11771 579 -402849114
11775 7151 63082297
11779 7211 792281871
11783 3951 -775441593
11787 2695 719666194
11791 1767 299220734
11795 1491 479199402
11799 6483 390404684
11803 9787 -637573504
11807 9083 480036689
11811 8551 -439359684
11815 7527 960015609
11819 10139 146887674
11823 2087 755255219
11827 3979 -70157346
11831 59 895721039
11835 11 178146681
11839 10867 -522080773
11843 2191 531129947
11847 6663 -544722532
11851 3447 -68816326
11855 11639 882897554
11859 3043 28847843
11863 5071 413997729
11867 6831 891400706
11871 10007 495622149
11875 327 -493196209
11879 8355 -415207105
11883 503 65295822
11887 4175 973509904
11891 7247 62443570
11895 8635 589206515
11899 6667 942611968
11903 9999 -15529257
11907 3127 894823486
11911 7175 -916065709
11915 3787 -553406775
11919 8527 97364166
11923 11767 898198400
11927 2279 -508643792
11931 11711 2957957
11935 6419 170973684
11939 7787 -677051966
11943 7507 -872462374
11947 11547 493540790
11951 3115 -265409827
11955 4167 602053103
11959 9787 -744907280
11963 2047 288880747
11967 2839 -853879699
11971 1415 -728307909
11975 3663 -36752359
11979 9163 515641880
11983 5239 603068399
11987 1043 790114895
11991 3015 -421497198
11995 7383 -595212276
11999 5619 793066570
12003 5795 -837940140
12007 6259 -826867180
12011 6019 -63978187
12015 819 444702911
12019 6059 555490448
12023 11131 67150861
12027 11159 -849367036
12031 5751 -981820282
12035 4467 -603908819
12039 4539 62397759
12043 647 249002688
12047 6923 988115644
12051 1459 84567216
12055 6283 33836361
12059 771 429442378
12063 4603 346644688
12067 1295 616315390
12071 7083 288848950
12075 1931 -178326483
12079 9387 -657332038
12083 3407 -442868860
12087 5095 624774675
12091 3127 303582651
12095 8819 -442239954
12099 1923 -803373594
12103 10283 575569167
12107 3375 896280388
12111 1135 -549576671
12115 183 -373909248
12119 10143 -973892089
12123 4887 988406148
12127 7231 -468915244
12131 1827 193965068
12135 2627 -126787522
12139 9739 475766723
12143 8567 -744585005
12147 4915 -938686417
12151 11459 935693533
12155 6691 276190649
12159 7135 507383899
12163 2451 565463133
12167 8803 -381715950
12171 5467 974107170
12175 9447 -386997407
12179 3327 -427650139
12183 767 -446441494
12187 5727 -739182769
12191 1959 510217722
12195 4119 -36345814
12199 4303 -754120889
12203 3587 305731878
12207 8299 -878561489
12211 10439 -951043367
12215 10255 -498118738
12219 447 332601848
12223 6331 782593071
12227 7499 -502669837
12231 4803 -318659814
12235 10139 -160485257
12239 9595 -129127284
12243 5799 374009752
12247 7611 -513222591
12251 11663 -728545880
12255 11155 729891208
12259 1067 -722295279
12263 4511 721502543
12267 5651 -552159424
12271 9875 -186865008
12275 4307 681576562
12279 4907 546952364
12283 10411 431359468
12287 715 654559455
12291 6027 -458410222
12295 9527 -830828614
12299 1787 470617437
12303 9339 -492442268
12307 3143 921419307
12311 12111 804418830
12315 11755 -325667314
12319 443 -931650535
12323 9859 791746904
12327 3623 -633566220
12331 7127 -187559254
12335 2575 -952282737
12339 7383 192330430
12343 8563 -293229013
12347 10707 -904151857
12351 11863 704830795
12355 7643 -867363106
12359 9111 24579640
12363 1627 497429886
12367 4407 735142078
12371 10611 -645121820
12375 8247 740789921
12379 10039 177495230
12383 10639 -12312613
12387 2515 597702330
12391 12115 -888108061
12395 2887 -675968804
12399 9895 -359250182
12403 5823 -613094630
12407 5127 851599889
12411 7855 428764919
12415 5727 -551647999
12419 11967 -916749559
12423 11383 553781469
12427 3843 697046406
12431 10575 902108302
12435 10795 725603409
12439 5131 189736100
12443 8415 145566976
12447 8403 -830477861
12451 7207 618213021
12455 4851 857012545
12459 12243 -607948596
12463 235 418250506
12467 12047 506830426
12471 5103 -42808353
12475 8235 881531791
12479 3503 -930607193
12483 3751 -299435577
12487 7415 962388927
12491 11795 510478203
12495 10979 569745433
12499 11655 -817456983
12503 4995 215588835
12507 9815 97396510
12511 9331 953480486
12515 7175 435348162
12519 803 862283529
12523 6603 -580150214
12527 547 -14795433
12531 3299 230182302
12535 7939 244426006
12539 12211 -490941431
12543 12359 372500292
12547 10231 -45742541
12551 6903 540159890
12555 4047 527476043
12559 10815 -268275142
12563 2651 -918217044
12567 7903 -614840512
12571 7795 676777839
12575 9563 101920355
12579 12283 -387578748
12583 11787 874908225
12587 3183 480331512
12591 4179 -72132421
12595 2211 483933968
12599 151 -8431481
12603 6183 133832103
12607 6963 44312661
12611 7135 177300595
12615 12107 -642246755
12619 2243 -629143936
12623 2675 587588235
12627 39 432844740
12631 379 -805583949
12635 12411 -244399325
12639 12511 408255497
12643 10431 -491819312
12647 6883 261808814
12651 4931 -858068016
12655 10735 -12160091
12659 4747 -817005186
12663 11907 -539352787
12667 4871 -308588664
12671 10355 367592163
12675 2611 738350081
12679 6119 -484976930
12683 11851 -733216844
12687 6303 9748539
12691 3699 162027680
12695 4475 805288929
12699 4167 86000181
12703 7043 -270154262
12707 10791 -420205339
12711 5319 -412657717
12715 6691 563999481
12719 10371 668665368
12723 4215 -412912028
12727 10347 540242005
12731 3211 -575742142
12735 8227 505360089
12739 9907 -412813131
12743 1595 965975091
12747 7079 -162567382
12751 1795 -311751133
12755 3095 503982478
12759 9643 485238745
12763 8707 -223134252
12767 6743 707904639
12771 8903 -360051701
12775 2343 -800773221
12779 1003 840256646
12783 5795 -103517171
12787 7983 996805163
12791 5939 -923566583
12795 6531 -758588470
12799 12119 -224141527
12803 5243 -978733740
12807 5891 -368420604
12811 12003 455034953
12815 11763 -503729658
12819 5723 46895605
12823 8559 -86105658
12827 1019 814124736
12831 1567 852515283
12835 3099 436677054
12839 5923 -557816422
12843 4083 -992747326
12847 139 -742113291
12851 1015 -285680411
12855 10223 107639972
12859 7395 -664072307
12863 8971 508260380
12867 9723 -475521641
12871 5235 -218638415
12875 3791 -517375324
12879 11587 477108281
12883 1227 371435414
12887 11483 -322036274
12891 3239 -597941753
12895 355 945220786
12899 9071 476697032
12903 8103 149513146
12907 1979 -985437737
12911 1519 -925523569
12915 6667 -669156536
12919 5531 -804964206
12923 4743 137020816
12927 9983 -446443767
12931 9343 877327110
12935 10679 -289473732
12939 12211 -642556064
12943 11387 626826586
12947 7183 746241735
12951 8879 -30580074
12955 1547 -448981251
12959 6459 -82286152
12963 2107 312290180
12967 8979 -299361664
12971 6379 -895894399
12975 6599 -316492359
12979 3595 -806504716
12983 5495 -445643038
12987 5607 332932767
12991 12687 -870063054
12995 5803 719766988
12999 2063 396185587
13003 3971 420532894
13007 3931 722715345
13011 11747 -33279089
13015 9303 177331051
13019 8879 626032581
13023 5847 -74732690
13027 4187 59972274
13031 12403 -563667773
13035 2143 -993473521
13039 6207 -935648206
13043 8703 -275546601
13047 1027 -677953128
13051 4883 -924544203
13055 12819 380953323
13059 4247 -622047569
13063 2967 -869622483
13067 11563 -197018327
13071 12251 -744404927
13075 287 521274047
13079 9503 -135003784
13083 3975 863092634
13087 11227 520686300
13091 12435 -111955154
13095 12563 -772635563
13099 11799 869880209
13103 2363 -737132160
13107 3711 247908873
13111 10447 -439443044
13115 11283 -145053965
13119 10027 -784323190
13123 11491 -506154899
13127 5307 -414859834
13131 2091 725284897
13135 12059 57399375
13139 7895 297664230
13143 1367 -292499881
13147 4891 -336472222
13151 2319 655546062
13155 9611 487044812
13159 1467 -758054869
13163 55 -374336707
13167 12039 789254085
13171 12635 -925701859
13175 5947 280055668
13179 7323 373386968
13183 4011 140423234
13187 3235 -465955757
13191 3539 417399143
13195 7595 142122258
13199 7775 -14177429
13203 3223 457298850
13207 12687 98314056
13211 8859 849648991
13215 8603 -699323877
13219 7327 -116959130
13223 5839 -42755454
13227 13039 926891982
13231 4051 -297381775
13235 5015 933440426
13239 1455 -504151233
13243 3895 -860437926
13247 3939 255201671
13251 3507 -557135899
13255 6251 -609001070
13259 12707 447781955
13263 9471 179794341
13267 4163 -696297968
13271 59 373725946
13275 5831 898658997
13279 7843 105398084
13283 4803 42363174
13287 6183 949569347
13291 3547 940018342
13295 6647 693913426
13299 10851 213293547
13303 10911 217844793
13307 7331 -540620731
13311 10919 -567435963
13315 9455 354536525
13319 4575 -114335768
13323 12587 -803089271
13327 7147 982593355
13331 11347 568784038
13335 9331 151390679
13339 11003 836761734
13343 5055 -832459455
13347 10223 263833999
13351 5403 424007463
13355 10959 59115890
13359 11999 958891938
13363 2675 -621915677
13367 10183 548213259
13371 12223 -537276281
13375 10139 180890360
13379 215 778829322
13383 11611 945429030
13387 11875 -796044791
13391 6991 -325471081
13395 2063 662405303
13399 3479 375759191
13403 3667 -124322959
13407 4587 -134793872
13411 9655 -769878569
13415 8835 981007482
13419 8047 -803619966
13423 4535 -697763966
13427 2883 -975454098
13431 4787 192503915
13435 1819 -875768484
13439 3123 -10749558
13443 12083 839761718
13447 7111 944505786
13451 907 970969418
13455 9251 -653474765
13459 8035 -446617779
13463 8519 -756131696
13467 7999 418980274
13471 547 638349042
13475 6703 677845646
13479 4043 412001221
13483 3479 839063027
13487 5751 143806476
13491 8523 -902477961
13495 12207 762666460
13499 12547 -670806473
13503 12691 118033985
13507 11235 578432394
13511 5935 121964598
13515 5303 -89950153
13519 1319 832544558
13523 5875 239203034
13527 4863 781485692
13531 6839 327505632
13535 11959 58241573
13539 7383 8594286
13543 13423 493844556
13547 13319 -551216796
13551 7227 621055198
13555 243 -853751820
13559 6963 418851664
13563 4495 -37036839
13567 891 180919740
13571 12867 -508008218
13575 9155 207908602
13579 4487 767857894
13583 12879 -961893130
13587 7123 523227940
13591 3975 115969442
13595 12855 -315579684
13599 9735 -482379442
13603 8907 -333845016
13607 8451 -110968096
13611 11255 -790881590
13615 12323 -138701995
13619 4827 56844674
13623 7755 -238372380
13627 1835 -421209223
13631 9595 237585623
13635 7563 -363645091
13639 3007 108611465
13643 8643 674711980
13647 943 331699574
13651 12851 -442189854
13655 11443 980403512
13659 3619 -15690246
13663 10163 427438585
13667 9599 507219432
13671 4551 173326517
13675 4443 776722380
13679 783 -109862541
13683 12979 396859376
13687 1055 -965336525
13691 6707 -121643770
13695 3655 -940591051
13699 13135 480410128
13703 9795 -928151980
13707 1463 -916078031
13711 251 -719697773
13715 11771 181691971
13719 9895 -528271457
13723 4551 630877941
13727 647 197213695
13731 12679 192067504
13735 10655 209652342
13739 195 -56314923
13743 11279 -25066479
13747 6283 -33710972
13751 7167 -159930402
13755 3891 879826525
13759 4167 -946595859
13763 4667 783727048
13767 11527 906142201
13771 10403 371297136
13775 9147 523721602
13779 11227 213657347
13783 13143 315737137
13787 9599 -131981266
13791 5443 901609319
13795 5691 -654284387
13799 4135 -837025426
13803 1603 -740105133
13807 11515 877652926
13811 11087 -289896627
13815 8023 -484739884
13819 2019 -349102260
13823 575 92038871
13827 9067 407882474
13831 7959 -59495626
13835 7227 220595452
13839 1775 641573286
13843 359 328633217
13847 6703 -953880072
13851 5611 581860186
13855 1283 -925226049
13859 6515 184852777
13863 3991 578574962
13867 13563 -668835031
13871 5167 -450646975
13875 13303 483241737
13879 5387 293749414
13883 3995 -963215946
13887 4679 -45237419
13891 8263 315480234
13895 2563 -554126531
13899 8303 874478977
13903 13231 211028266
13907 6727 -815324957
13911 191 -322881750
13915 575 483163423
13919 3203 22404036
13923 10403 -824385308
13927 7999 344194967
13931 2667 164928664
13935 5931 649934858
13939 5763 -1799574
13943 5363 994703639
13947 3811 727233708
13951 5403 301263010
13955 8639 -825621814
13959 7675 -447680152
13963 9827 630044263
13967 9983 871504173
13971 5459 -802234788
13975 7559 -19877669
13979 13663 -346226030
13983 3015 -789711277
13987 9715 -851363867
13991 811 164423347
13995 27 -529926068
13999 6203 727245839
14003 5335 -397293520
14007 9479 -965419120
14011 1827 -241573651
14015 9591 -180310326
14019 12219 834117376
14023 3723 -715472569
14027 699 560838339
14031 12471 -111157086
14035 291 8738254
14039 12599 -805915311
14043 12127 42560032
14047 4503 -886898027
14051 2935 -551524566
14055 1023 -325972807
14059 8823 -110032226
14063 1807 672765678
14067 13543 -521261236
14071 367 215012281
14075 1019 -210637914
14079 1975 -350060230
14083 4475 -749084840
14087 6255 -842563498
14091 4319 -76427716
14095 4863 350672676
14099 12367 466866807
14103 9723 -954634440
14107 4515 589897774
14111 4427 247715743
14115 2143 592500500
14119 5455 292102257
14123 13047 -753106175
14127 10503 38094889
14131 4955 -27269115
14135 5703 -661991195
14139 1031 857708727
14143 9983 660677557
14147 6259 -452451048
14151 12091 -851768521
14155 13135 -458140122
14159 11883 96034265
14163 10103 -128461714
14167 1263 934588880
14171 9879 -976151717
14175 9435 -99789729
14179 11903 -848385449
14183 9867 768927880
14187 7159 -939270325
14191 6767 -598769741
14195 4147 -970447750
14199 6907 -849410664
14203 2815 248897720
14207 8299 907335308
14211 11447 208634917
14215 195 -252278457
14219 10135 -297237614
14223 11895 -353538009
14227 13063 850539310
14231 6847 401847694
14235 11839 659797743
14239 923 201975053
14243 2063 543715171
14247 13915 -496016822
14251 11355 353242001
14255 8299 122152016
14259 399 825400025
14263 5647 628011111
14267 13279 422374625
14271 8711 -842216064
14275 9771 675281716
14279 9083 468123494
14283 5671 988085657
14287 2471 -562319498
14291 12675 -844870991
14295 11487 31043516
14299 9455 33980404
14303 123 -449076322
14307 2863 141283454
14311 13703 -694646216
14315 12191 -332820624
14319 8163 -828677776
14323 4503 -560210447
14327 13367 -446259788
14331 8103 -813882711
14335 11531 -248433666
14339 13179 906150123
14343 12775 558659723
14347 5323 -641092742
14351 547 -360689931
14355 6939 68596448
14359 1147 321339129
14363 3755 928539727
14367 3983 -249164311
14371 13323 614874447
14375 14143 -168654568
14379 12683 198718513
14383 10451 34958437
14387 13391 -740839553
14391 2055 812094534
14395 13739 -417141413
14399 6383 -983031083
14403 943 -747542915
14407 2511 -565312404
14411 1215 990308156
14415 3271 -870477268
14419 7347 358916002
14423 6319 -780772468
14427 539 -703025581
14431 6287 494149772
14435 10843 486953844
14439 7939 927492293
14443 7983 -111721110
14447 10239 -93989554
14451 4135 480908043
14455 6119 -383516314
14459 3847 235714202
14463 1107 740539701
14467 5963 172337280
14471 4875 593601440
14475 2651 -902405853
14479 3375 -380374596
14483 6239 469765981
14487 4667 -94226853
14491 7983 -282921020
14495 4855 467129413
14499 1079 492378527
14503 7371 -871155066
14507 7623 128941796
14511 4671 70720124
14515 8883 950727203
14519 12823 161625552
14523 13583 727490426
14527 1447 67419024
14531 955 -4107482
14535 11367 -782750597
14539 1719 -762768528
14543 13395 36914643
14547 6179 470638766
14551 7947 213142898
14555 7171 -863788752
14559 7219 -36414992
14563 5179 798193318
14567 703 943792698
14571 11359 -605694774
14575 6851 500129214
14579 10963 957171672
14583 12771 -73332241
14587 763 743089638
14591 7359 -676984313
14595 5203 251848109
14599 6231 -889382820
14603 3719 304385215
14607 4595 2515123
14611 2795 540120670
14615 8547 -203975204
14619 12711 -550749133
14623 1143 879009432
14627 11111 541353423
14631 13599 796831139
14635 12311 992155546
14639 11411 -304114020
14643 3823 961825323
14647 12979 -938188390
14651 13579 -701604030
14655 5187 872428421
14659 12075 261553659
14663 5347 73386853
14667 13711 521989136
14671 13495 -2484258
14675 4455 218422361
14679 6391 207229068
14683 6187 710028200
14687 11211 -182816574
14691 4511 -675591848
14695 10671 438173962
14699 6903 676454961
14703 8087 447937893
14707 8639 -185230896
14711 3671 286845223
14715 9583 -504341370
14719 10631 -679446402
14723 12779 -748489430
14727 4963 853940878
14731 12883 -747401941
14735 8931 -594303885
14739 9751 437847305
14743 323 -823243750
14747 10727 -828622627
14751 8223 -51788806
14755 12899 366651415
14759 2959 43386402
14763 9763 -24582032
14767 5787 727325290
14771 13055 179739742
14775 7295 16773466
14779 5279 832584059
14783 1163 380157299
14787 13163 -692556383
14791 339 -818455972
14795 8135 -968226126
14799 3019 -933821675
14803 11071 -406955996
14807 6079 -830070564
14811 10623 -620049088
14815 14531 667209879
14819 10287 -845838582
14823 6815 -15867449
14827 9219 -275147711
14831 11255 -889763685
14835 10375 -813693942
14839 11599 800911436
14843 12087 -902664459
14847 13235 395411349
14851 12355 117534423
14855 8283 375627261
14859 275 -547034448
14863 2979 102990634
14867 4939 290366335
14871 8611 -658246838
14875 14171 -717493220
14879 13887 -666199959
14883 8251 -856045093
14887 10359 -835804778
14891 5407 -437569229
14895 3327 -404348536
14899 12895 -212074755
14903 1767 -672571431
14907 4863 -338982753
14911 11887 -999241410
14915 1579 881431990
14919 3455 -736941217
14923 8967 -455111371
14927 9103 761780159
14931 1875 557637389
14935 10231 -346436559
14939 14451 26200926
14943 10567 -246214615
14947 12659 855495831
14951 1451 -818821077
14955 14891 -815580929
14959 5287 597735273
14963 11627 -943999113
14967 10183 -215745864
14971 4519 951698895
14975 7207 584992169
14979 10947 -706508815
14983 13991 -936160083
14987 10719 639031827
14991 11687 301993187
14995 2987 -687471017
14999 7943 -462525849
15003 6755 -531747132
15007 13143 -74898610
15011 619 -230537449
15015 9479 88712224
15019 14879 970772560
15023 9419 199613716
15027 371 349786294
15031 10031 -452484176
15035 7571 269029731
15039 4151 360230313
15043 12815 -988050432
15047 9959 683438668
15051 6563 887885210
15055 9007 -846930909
15059 2775 911092598
15063 10059 585102326
15067 3759 860370877
15071 2927 417506252
15075 8407 -424072253
15079 14379 -339363769
15083 13163 24767415
15087 4875 -378516039
15091 9887 961737621
15095 2091 -654831472
15099 13507 -125266547
15103 2519 862473479
15107 11743 -685165158
15111 11655 -66622770
15115 1415 -631046361
15119 11243 -830214641
15123 13547 793218533
15127 10899 532250313
15131 8019 -804911243
15135 6871 -239971983
15139 14075 -291985554
15143 10407 -333560838
15147 1675 205442828
15151 1811 -631428374
15155 2323 637181187
15159 515 -145968621
15163 7191 905390988
15167 7643 -798998803
15171 2511 -8216392
15175 14595 976387783
15179 12827 -712140195
15183 7479 -778629586
15187 195 88828800
15191 10487 -873536857
15195 12055 485083194
15199 8379 663454370
15203 14935 -834396884
15207 7511 -722965665
15211 2859 329997008
15215 807 -485888673
15219 2395 201917630
15223 8595 44107601
15227 12295 876623314
15231 13935 757621517
15235 14183 357215323
15239 6483 465853406
15243 3011 -752054009
15247 9355 150367246
15251 1175 845653703
15255 4191 -730656705
15259 11191 551692050
15263 14687 -258763680
15267 9987 -920512027
15271 5759 -17771151
15275 5875 -564600133
15279 14983 -535886732
15283 2783 -476057928
15287 14159 631483218
15291 14927 -582614513
15295 13743 434224081
15299 5543 175733451
15303 5403 701358887
15307 13515 -617751649
15311 13683 -686640539
15315 9619 -815085251
15319 1911 -193802275
15323 1063 313375289
15327 583 294003247
15331 4791 -339242482
15335 5887 -463198226
15339 11247 841243
15343 15019 283820575
15347 4579 -574994306
15351 5315 238334830
15355 14491 301166960
15359 8787 798303279
15363 10043 -670602100
15367 12591 166341602
15371 9407 -538510381
15375 15191 577515697
15379 3951 -710901592
15383 4795 965791226
15387 7187 -337830666
15391 7735 -974146901
15395 3803 -192970600
15399 5175 582189356
15403 7227 112237945
15407 14563 409386884
15411 955 94721740
15415 7503 -671228947
15419 14559 169336075
15423 7167 897057404
15427 3511 8645221
15431 3171 -548615864
15435 11503 783519518
15439 8331 811941581
15443 10643 -964207435
15447 6467 -13209799
15451 12079 883487191
15455 12979 -759243001
15459 6899 475830464
15463 14139 -832745548
15467 13755 -344919883
15471 8191 421585265
15475 12855 -746214733
15479 2219 -813489647
15483 12211 -714333970
15487 7767 11249572
15491 579 762969973
15495 8379 304405725
15499 11623 208955406
15503 5787 872394796
15507 4323 175463489
15511 11147 -515902261
15515 13787 291206524
15519 1791 300902986
15523 14919 953098787
15527 5683 105162735
15531 12559 816453239
15535 7755 -417511817
15539 9063 495705884
15543 6127 -377235064
15547 8447 899743210
15551 13335 329350971
15555 2855 634958728
15559 1119 -329574879
15563 631 -947216141
15567 2219 -622818871
15571 12823 625865566
15575 8935 440801906
15579 14483 -637597336
15583 11015 288006866
15587 10727 312722586
15591 8315 794985619
15595 1435 -731056484
15599 1939 -891398671
15603 14591 251965343
15607 10515 -904949280
15611 8951 592798673
15615 2391 983667542
15619 14783 -590129571
15623 14975 682500278
15627 15539 -687806492
15631 6083 -285652235
15635 5339 244280317
15639 8155 501296564
15643 8503 662774909
15647 2927 -187253873
15651 5275 -215386654
15655 1443 427347865
15659 14167 -287514059
15663 5139 -645133393
15667 11611 618616215
15671 7431 -999627764
15675 667 -642291061
15679 14879 -512155078
15683 10551 395179470
15687 2591 35254392
15691 8143 -442792756
15695 10855 724033454
15699 23 -90908506
15703 695 732243690
15707 13027 281229283
15711 11447 -660715003
15715 3011 -606976362
15719 3767 -139761083
15723 5463 128818551
15727 11503 114502540
15731 1555 -870787793
15735 11219 -203690544
15739 14003 239586429
15743 11783 -895251134
15747 14975 -710050482
15751 13667 -949662424
15755 5107 449002489
15759 11075 -719847542
15763 12063 -370765993
15767 3091 718070643
15771 10099 -21745896
15775 11003 354707405
15779 1615 178631915
15783 2499 -537499275
15787 7811 -762312168
15791 7447 227087813
15795 15547 536320000
15799 10251 -830933889
15803 15375 510527168
15807 6187 -459194652
15811 3903 422419220
15815 4591 334961042
15819 13987 675932137
15823 11651 571106085
15827 11471 378169611
15831 1459 625078198
15835 5939 -512125332
15839 13663 139770530
15843 5235 -251515468
15847 13335 29512996
15851 2235 -498086637
15855 6579 55988114
15859 13075 830284000
15863 13887 676821438
15867 2555 627685912
15871 6759 661491647
15875 5967 240972608
15879 11059 -234677152
15883 9219 -148207184
15887 9835 515780476
15891 2591 -5941689
15895 12055 -966233460
15899 10243 -177549744
15903 14711 489852515
15907 13455 -278454493
15911 5759 581739098
15915 7899 803413464
15919 1635 -98714586
15923 5467 565324620
15927 12171 -974552688
15931 11911 770525532
15935 15779 48570346
15939 6567 -797683920
15943 2195 634665732
15947 9451 744386732
15951 6883 859757971
15955 11411 -786702694
15959 6847 -912703927
15963 8771 149686140
15967 7815 248084141
15971 9503 -867298884
15975 12291 -103612650
15979 1835 845088889
15983 1259 872072935
15987 12547 -400376380
15991 8839 -986629840
15995 4759 -152744190
15999 15559 992427856
16003 2683 512061014
16007 8079 -722913163
16011 59 286151572
16015 6139 -448503630
16019 13171 -827495304
16023 2187 871636196
16027 10739 -800014492
16031 1447 -499606098
16035 6939 -910638561
16039 3919 -408004058
16043 12163 678267516
16047 4223 -142368209
16051 15371 365500117
16055 1583 275071343
16059 6567 96645085
16063 5795 891097051
16067 3519 475421564
16071 9659 -961300722
16075 14263 -265086544
16079 9043 -474942457
16083 10931 651508621
16087 6095 926259005
16091 987 -70977301
16095 9091 -412477106
16099 9779 -427394836
16103 7551 501206158
16107 12699 56864611
16111 11511 935693458
16115 2763 -379066148
16119 491 496413643
16123 10931 -742727016
16127 12335 -121165664
16131 8055 72948742
16135 1231 397997957
16139 3207 -396515387
16143 12003 -852569511
16147 13763 197520109
16151 655 363355289
16155 1427 760917117
16159 1007 491029427
16163 12335 -678567472
16167 4295 -452303127
16171 13991 58764375
16175 787 230715733
16179 6995 -237686650
16183 12943 348598173
16187 4619 -32773295
16191 3387 -685841049
16195 9047 -860249712
16199 6291 -583137987
16203 3107 -437860173
16207 11907 -358764294
16211 8183 924685993
16215 3683 752617911
16219 2127 -839565318
16223 13103 192243327
16227 10647 -830272634
16231 1651 556062906
16235 12291 930469005
16239 5851 -354267752
16243 15379 577718163
16247 2115 -836637074
16251 14395 79058551
16255 4903 720655129
16259 1683 -926694428
16263 10411 269065655
16267 5439 45200092
16271 12047 -725100121
16275 8483 -910277634
16279 4351 -590596978
16283 3935 -820930878
16287 5539 586091188
16291 12459 -563333243
16295 11447 384790925
16299 3539 -555929008
16303 115 -128309120
16307 1935 -368008003
16311 13115 35285133
16315 1715 807659251
16319 9123 955921389
16323 6459 986451463
16327 4687 -952769480
16331 9607 -668983566
16335 8379 780843570
16339 14131 -887411840
16343 15659 887235595
16347 15623 -455674725
16351 8159 -441097421
16355 10803 -813512424
16359 6987 75115340
16363 6999 54492694
16367 13839 -160365989
16371 14203 439458971
16375 4639 186745141
16379 9847 -475191491
16383 15131 298485544
16387 9847 136855840
16391 14795 -173778692
16395 5755 -771958000
16399 6335 -522515061
16403 13007 -387050746
16407 1543 -203609326
16411 519 16277076
16415 2807 912680779
16419 15235 925460288
16423 12175 -480402476
16427 11827 -813119943
16431 10507 727031970
16435 7407 114887257
16439 4735 -503610299
16443 10079 -643712607
16447 13471 78580237
16451 4303 435171777
16455 8739 818368722
16459 15831 813440401
16463 12743 -21611741
16467 15951 130194752
16471 2987 -311054522
16475 8171 199321283
16479 11075 -635406829
16483 13963 625095642
16487 9475 -741796625
16491 10471 560140521
16495 9623 -885648194
16499 395 -689428254
16503 8887 -176048612
16507 14191 129794871
16511 10895 940167133
16515 15671 644010980
16519 7923 694267757
16523 13359 981500444
16527 14547 -327531583
16531 11175 -214382581
16535 6007 936203769
16539 323 -953179128
16543 8651 -928594959
16547 7179 -23702455
16551 1451 749369734
16555 14759 -486172916
16559 12115 892563944
16563 14171 353584425
16567 15499 450967757
16571 143 953469893
16575 7599 211438936
16579 15671 91606851
16583 10683 770411064
16587 2703 703539865
16591 6159 748630150
16595 11923 679860365
16599 2155 18563180
16603 715 172349289
16607 5975 -961296796
16611 3723 -447203919
16615 11655 736285289
16619 7795 199696391
16623 6899 139317109
16627 4331 253728311
16631 2439 377230168
16635 9363 27289890
16639 5491 529131853
16643 15387 -650735745
16647 11495 -890823216
16651 2711 -639425826
16655 11895 405391166
16659 15239 256952118
16663 519 -344849299
16667 10899 75923731
16671 9135 -36526699
16675 4507 -270135588
16679 12603 802139065
16683 6835 841141412
16687 12087 -497847904
16691 3367 -54925743
16695 2591 283422243
16699 8371 714435831
16703 971 -949068787
16707 3547 -557225251
16711 6143 -364541435
16715 11307 759269527
16719 14147 -30818688
16723 8671 162396590
16727 11839 749543169
16731 8971 759249626
16735 6399 606686821
16739 11975 971382574
16743 6163 -332959107
16747 4539 -557839992
16751 14631 120420732
16755 12911 512889680
16759 6751 -508893225
16763 16315 212987091
16767 16019 -7370762
16771 10551 460721378
16775 1031 -164181569
16779 8763 -885473714
16783 6607 -118118428
16787 8583 -28343022
16791 5331 -83255280
16795 27 504557561
16799 11935 572151582
16803 4451 686992452
16807 1187 -904372361
16811 4483 374545179
16815 15575 829547407
16819 12075 627828716
16823 13835 212172811
16827 16691 -338517394
16831 3467 -342510880
16835 9247 -455568418
16839 8875 190031426
16843 10387 714693147
16847 3755 -10340189
16851 16847 957406421
16855 12255 125754449
16859 1231 561047711
16863 8475 -394732058
16867 2659 788657171
16871 15039 -491628443
16875 9911 685900459
16879 7463 905254062
16883 12163 -541857350
16887 11743 -450649320
16891 5131 -892641822
16895 163 291424400
16899 7919 -798379730
16903 11163 -892054357
16907 3571 -111504354
16911 591 885990224
16915 13407 -832769400
16919 4779 -340786189
16923 10471 629861181
16927 9811 -723073573
16931 5119 53460520
16935 1955 560029416
16939 14535 729111496
16943 13203 825882216
16947 2599 806274767
16951 7751 -429367817
16955 51 42752435
16959 11635 -578094403
16963 4331 463785655
16967 6279 -22626151
16971 5487 -118093230
16975 11363 -37125350
16979 11099 -765196396
16983 6291 -819983314
16987 7999 -926699808
16991 9271 -911545025
16995 5211 -103709510
16999 679 842292209
17003 1547 -154742569
17007 1187 -306849288
17011 5471 65847252
17015 16999 -986637090
17019 267 -485537287
17023 6243 -530414433
17027 14395 -861673815
17031 983 -874218221
17035 7423 515858272
17039 2447 981913381
17043 13247 -712654264
17047 9291 -94523472
17051 291 -466121742
17055 7431 -746109775
17059 2859 -633048478
17063 12007 885603589
17067 8171 -622484715
17071 15815 676368339
17075 6815 184721850
17079 2803 546882584
17083 15387 -772634319
17087 7207 -169749584
17091 6367 701762232
17095 10311 745385299
17099 5095 -735115145
17103 3707 -703805907
17107 9403 207204014
17111 6143 -192411524
17115 10515 711983444
17119 3807 -293696525
17123 1019 -95391534
17127 467 900779143
17131 8043 -417540373
17135 10727 478416366
17139 9595 -114651041
17143 7827 -152050868
17147 1183 -42182240
17151 13691 977855806
17155 3575 -599749826
17159 9051 -939154717
17163 867 -124375367
17167 5087 -34225327
17171 13363 -504528529
17175 1247 749767520
17179 4055 235837456
17183 5391 -697197076
17187 14827 75918339
17191 2947 654308438
17195 2407 545178919
17199 7767 -557426652
17203 6747 777083068
17207 13431 403478848
17211 2599 -474541565
17215 1259 -31511106
17219 8467 -310541605
17223 1127 887389677
17227 16267 429218471
17231 5795 865661788
17235 6475 128816784
17239 10075 137804252
17243 10363 185924517
17247 6135 -807571253
17251 12087 462648558
17255 12887 785250571
17259 5247 350039356
17263 14775 -747732662
17267 5271 116910956
17271 15927 982748775
17275 13127 -732612672
17279 11267 -40378763
17283 16723 -906208741
17287 11267 -615678917
17291 17263 264800447
17295 4003 685837556
17299 13743 -535016948
17303 17115 -479836428
17307 8723 -295726542
17311 17227 -550908732
17315 13571 745584803
17319 8847 330040979
17323 15975 -825242588
17327 10907 206729435
17331 15923 357725128
17335 5407 46152361
17339 12419 186090753
17343 8891 156068944
17347 12879 941949252
17351 11 -89008465
17355 10091 -220806922
17359 8215 -593532312
17363 7059 -593709997
17367 14427 950085671
17371 13835 901904218
17375 3143 202389550
17379 143 -401263313
17383 12047 -376255592
17387 7683 -277011594
17391 1255 161933084
17395 5319 -234433967
17399 5411 903429540
17403 14215 212251986
17407 2359 -523071244
17411 13823 -616682525
17415 7487 113459034
17419 9087 -612288128
17423 1515 -394910580
17427 9607 -337457687
17431 1927 -747702133
17435 11067 429805630
17439 13551 504884799
17443 13223 295582972
17447 1667 398961553
17451 14247 690926506
17455 6655 -738493962
17459 16419 337337970
17463 439 -640849475
17467 2087 -736659026
17471 9839 450498292
17475 2815 -59727819
17479 3315 590962450
17483 8467 381375275
17487 14435 -175491355
17491 6627 571997760
17495 8227 -463954682
17499 667 679133774
17503 8103 145757877
17507 9011 -343099992
17511 9023 640088838
17515 5847 611609498
17519 13303 -662329021
17523 16203 -306280653
17527 2319 941515731
17531 17083 -994639466
17535 7891 739559697
17539 11727 766863680
17543 4683 674507991
17547 10499 802930449
17551 12979 -212914774
17555 3191 -391155452
17559 12387 645189627
17563 5755 10227519
17567 16179 813860242
17571 14679 465230616
17575 10039 -985067875
17579 1351 -803543682
17583 727 895389262
17587 571 -565022778
17591 15295 576015459
17595 16719 183529572
17599 147 553489437
17603 10527 -891194880
17607 7851 817103743
17611 10019 449363363
17615 9303 694007918
17619 14591 609344025
17623 6811 673466493
17627 14499 -913550117
17631 14123 -902114810
17635 1927 266789629
17639 11715 -96568755
17643 12051 -400467111
17647 11375 -251001208
17651 15619 593249216
17655 12151 436599201
17659 13455 824889778
17663 14307 795058207
17667 13659 -972861064
17671 2351 -720651278
17675 17003 -950844935
17679 6463 -463222707
17683 5483 28354729
17687 12835 658253510
17691 435 942170464
17695 11695 599284588
17699 15603 -818870434
17703 8159 -21338817
17707 1495 -429404602
17711 14007 -784451675
17715 6491 919355093
17719 6411 -979453265
17723 11463 -211672903
17727 13275 424800879
17731 14771 956995108
17735 16283 224398466
17739 11175 297066677
17743 15383 -737710003
17747 14491 -593428968
17751 9203 -230376837
17755 11219 826772716
17759 2431 793304819
17763 2427 -402234949
17767 4315 -857812460
17771 11711 -997941760
17775 6407 654508303
17779 12531 -802112917
17783 9347 66469992
17787 7815 -185275499
17791 16947 -8551577
17795 1379 -172770937
17799 13871 608136364
17803 1307 -925313616
17807 16827 993403967
17811 1727 516607343
17815 12799 -542098123
17819 8827 993607968
17823 3919 -28337522
17827 2019 157857237
17831 1123 -24278945
17835 7643 856743928
17839 355 896444523
17843 983 -247378034
17847 3635 428547255
17851 15087 -940857550
17855 9699 394788124
17859 4527 748034756
17863 3567 -298629261
17867 17715 910964864
17871 9903 966509360
17875 4371 319564074
17879 15055 392030338
17883 16939 -242292055
17887 13679 389069121
17891 13199 -568375861
17895 13071 -281504222
17899 2915 -377649204
17903 12439 887681076
17907 15183 491549159
17911 12191 359674525
17915 13883 -214113535
17919 159 -7620765
17923 17799 -909686023
17927 7895 -743649132
17931 3187 318578934
17935 10431 239701732
17939 14751 -151788819
17943 11551 305288954
17947 9107 295543087
17951 11563 410015209
17955 17931 -234204565
17959 3551 48271404
17963 2959 -481734087
17967 7339 -497416917
17971 1495 -360215832
17975 6239 257278238
17979 4827 -569879581
17983 4503 -177646483
17987 2519 534364608
17991 15103 715225290
17995 9247 -704589189
17999 17723 199523361
18003 4675 -779347560
18007 12095 578953161
18011 11759 -576251272
18015 17223 930684818
18019 16011 -527625398
18023 15523 563680648
18027 10959 -318712350
18031 2263 -230411348
18035 16571 -638256322
18039 11595 429499749
18043 1663 -328082520
18047 5951 732923530
18051 11603 749858229
18055 10251 326601983
18059 15811 -156260054
18063 11127 244173467
18067 6159 836439121
18071 8675 -518503698
18075 9415 31954924
18079 2875 -743911058
18083 16655 208872518
18087 16083 208928945
18091 8139 73000286
18095 10927 690394092
18099 17611 -617413320
18103 12911 693688753
18107 3019 367784299
18111 1627 591114078
18115 2651 -298495199
18119 17307 989053208
18123 15003 969430841
18127 9007 -486341481
18131 10163 824057270
18135 17291 437593341
18139 135 529008313
18143 4575 -652649534
18147 8595 298752151
18151 10819 784485320
18155 3895 -115473473
18159 15379 924810630
18163 3507 -45600041
18167 4183 -992781397
18171 8243 684833364
18175 10095 437070200
18179 6011 612110300
18183 4687 3351440
18187 5199 -41650090
18191 15199 -470698826
18195 11167 -353307376
18199 739 586198029
18203 15035 461061879
18207 5627 388562683
18211 3991 576037584
18215 6379 -548577527
18219 7951 -518263938
18223 16831 122160272
18227 15635 654717999
18231 10067 -399834876
18235 3379 791696845
18239 4791 483133140
18243 5079 64770811
18247 10739 -715694955
18251 11 -133184876
18255 5771 102417898
18259 12787 307677893
18263 14891 730622915
18267 12219 -771893247
18271 12179 -697262336
18275 15527 -9758716
18279 4107 963272131
18283 16771 -224835948
18287 16675 459661021
18291 15527 172786495
18295 3687 847006690
18299 4139 -955673815
18303 13759 -685712308
18307 10271 -200868966
18311 4263 283184603
18315 3139 984134429
18319 3623 -59818992
18323 13575 701800131
18327 8511 946895973
18331 1351 30719774
18335 14763 -734695105
18339 7235 -648886696
18343 6451 -8146377
18347 5959 -739876273
18351 14095 834908830
18355 6367 -35043999
18359 17183 827749067
18363 955 704161607
18367 5411 -875115142
18371 147 -343939740
18375 13715 -284380678
18379 3315 -397858111
18383 14319 -390308016
18387 5855 966459481
18391 12399 194664122
18395 251 -452905864
18399 3327 95888041
18403 5411 359902349
18407 5327 -513719479
18411 5731 -386215036
18415 8443 865820240
18419 11435 262022978
18423 12007 -68087094
18427 10939 -296963202
18431 11295 786588680
18435 1103 783176667
18439 1907 501940099
18443 9023 31484603
18447 5947 -897423576
18451 15263 -460927385
18455 9291 489510450
18459 6799 -252908424
18463 13187 -235196516
18467 17827 521635508
18471 6283 -853032180
18475 17323 397697502
18479 8387 139237192
18483 13187 -57899597
18487 15675 -372597875
18491 4631 -634072993
18495 5687 -873910600
18499 11111 -404277474
18503 11903 -301420210
18507 17903 649854238
18511 4479 -377358193
18515 3555 442465135
18519 4519 617698572
18523 467 434546270
18527 17539 702857202
18531 15711 186623410
18535 1407 863147459
18539 2171 937497460
18543 7911 -362536384
18547 11447 915415955
18551 8223 546648353
18555 3419 -277880291
18559 15883 746815382
18563 1635 -170999364
18567 16507 277858124
18571 1571 64216453
18575 16863 197642859
18579 4007 683362627
18583 13319 -352934031
18587 8163 -230911018
18591 9575 -454139001
18595 14455 -508933464
18599 1463 -311934123
18603 3303 -225723040
18607 17503 -76872267
18611 17671 770493480
18615 1999 700208741
18619 6523 819178683
18623 2499 204124942
18627 10527 505420089
18631 4535 -892041607
18635 16831 -984808378
18639 13467 -330328182
18643 16659 162137287
18647 5467 597671945
18651 567 112156552
18655 18543 945580692
18659 3755 -179218417
18663 14743 71960441
18667 7003 772625424
18671 8979 -46462854
18675 9379 -201796147
18679 1571 -40552421
18683 2363 -284605095
18687 1419 585339846
18691 17423 563000197
18695 12675 98964297
18699 13863 208580861
18703 15983 -861930649
18707 9015 760153479
18711 6291 840569189
18715 16211 527156353
18719 14455 -511077620
18723 18623 -133147881
18727 13559 -391845661
18731 15831 934535597
18735 3191 98098151
18739 11167 -510199076
18743 7747 -442800975
18747 8263 -417560826
18751 2227 787386732
18755 8303 675028354
18759 15851 419819682
18763 14439 -342289551
18767 2403 532273835
18771 12883 81898209
18775 8251 -531118401
18779 9215 -831713456
18783 8595 251944017
18787 7239 661515782
18791 3495 730962075
18795 15479 67085218
18799 11743 701338865
18803 7975 -147067790
18807 12903 165721725
18811 11267 440003062
18815 3759 -720855851
18819 3391 -595239745
18823 7079 135999461
18827 4831 295471540
18831 1819 146135876
18835 18227 -377448885
18839 10987 -458027470
18843 18131 -908350043
18847 18619 410208702
18851 8579 326035969
18855 18711 -539996301
18859 17227 700585701
18863 3459 933276160
18867 14335 142185226
18871 2347 -10402364
18875 4167 424056326
18879 8859 -970450233
18883 17067 -944689587
18887 12315 -205800717
18891 1003 80031011
18895 1287 -43639876
18899 15275 122558587
18903 2339 -88230076
18907 7583 -470155656
18911 3455 -488471074
18915 9515 -325836213
18919 14211 -697261047
18923 4155 753936444
18927 12615 575913523
18931 2751 64971510
18935 2835 319669524
18939 5483 -972533801
18943 7771 267909876
18947 18867 153889111
18951 10895 -597978768
18955 2079 820321265
18959 10987 -14971904
18963 11379 -904619267
18967 687 847109470
18971 15111 141441624
18975 9699 -210382274
18979 7523 -100076185
18983 6091 368194179
18987 17767 177731922
18991 331 -21604533
18995 17655 227692713
18999 10483 659740073
19003 10383 879159256
19007 1711 148569046
19011 1375 -922591346
19015 7787 -161103793
19019 1999 78287545
19023 10579 -828538143
19027 18867 350161519
19031 2959 317214720
19035 12903 -888147505
19039 5479 341903190
19043 12735 -567310241
19047 1331 -668735998
19051 15579 -204726165
19055 10463 80657247
19059 6743 -857281492
19063 10435 -493463778
19067 8179 -838065905
19071 11911 -260437231
19075 12479 630536091
19079 10919 411650766
19083 14043 -284052339
19087 1903 -515562144
19091 16631 451510235
19095 17943 795496582
19099 123 955566167
19103 16935 686863503
19107 3179 155058676
19111 15515 -96937301
19115 16271 -819695848
19119 9079 706123229
19123 3075 -874967452
19127 3643 573814244
19131 2451 26411935
19135 17467 -419610918
19139 4055 -978175115
19143 6795 428475151
19147 9715 681951936
19151 16707 92239682
19155 15819 744468336
19159 259 935976083
19163 9399 253989644
19167 2715 -92337693
19171 14255 -287873524
19175 18287 -908249442
19179 10743 -530603492
19183 10571 832770488
19187 2311 637412050
19191 15831 -182020825
19195 4611 233895346
19199 7483 31063605
19203 7995 350176596
19207 3959 -455171614
19211 12451 -14302763
19215 2003 312068836
19219 8655 80365128
19223 6795 -659771889
19227 12947 -283104050
19231 17959 68258979
19235 15439 152166486
19239 13519 719869968
19243 15283 149635555
19247 12223 506693460
19251 18771 -72601370
19255 2987 -711952514
19259 8799 -111412803
19263 6595 408504565
19267 2991 -50903169
19271 2171 -421105283
19275 6739 -752031220
19279 11807 -402042449
19283 13351 -530895007
19287 13095 320204830
19291 4595 -231351106
19295 11415 -222207501
19299 11815 -471836604
19303 2667 621488342
19307 18395 296123598
19311 12523 -641989571
19315 7775 -799592166
19319 6707 135050599
19323 10811 558977722
19327 2187 -540536374
19331 11707 56700692
19335 2887 807736892
19339 6175 -594577456
19343 18919 -778048203
19347 11779 -786605974
19351 16315 -577460504
19355 11107 22202799
19359 7019 145140119
19363 2207 584982753
19367 14059 -327011804
19371 18159 219859739
19375 11191 -207378041
19379 1863 127680863
19383 2935 559991007
19387 10247 83192572
19391 18507 474218300
19395 13935 385633026
19399 4355 -968015617
19403 9671 916054237
19407 6039 79292188
19411 19051 -796073894
19415 1339 -589389622
19419 10867 -276859613
19423 17275 -926243485
19427 11243 410204023
19431 11127 -430773229
19435 8387 -948065962
19439 6419 779412828
19443 8707 295134051
19447 19435 756769420
19451 9039 871641471
19455 10415 5666447
19459 19359 -828968367
19463 16187 335993791
19467 12607 382214386
19471 12831 542616456
19475 1503 -203544762
19479 3519 -51949726
19483 17247 540358238
19487 1487 -956782710
19491 11019 798265271
19495 1527 -431274230
19499 8351 666528922
19503 11011 471592482
19507 10767 66218674
19511 5439 -718017529
19515 17867 738281261
19519 6783 -790131446
19523 2031 544098463
19527 3347 -594255813
19531 5615 -549204068
19535 10963 263190829
19539 3683 684926393
19543 18503 -706000656
19547 10255 444739920
19551 12671 430134866
19555 7651 -381906740
19559 8711 -557541241
19563 18679 -204794910
19567 15367 -797620004
19571 8311 150736414
19575 8571 -540947505
19579 6915 21674269
19583 5231 806208495
19587 4427 -964604377
19591 7179 -39554981
19595 19367 78765652
19599 1003 -42868623
19603 5131 -72291965
19607 9807 -938127891
19611 9207 -636570976
19615 15363 -41791052
19619 7599 -554494916
19623 9623 -721547242
19627 14459 884179119
19631 16647 -476450731
19635 8223 549039260
19639 5767 -568036533
19643 663 522739925
19647 6123 217767463
19651 7547 960521822
19655 10771 592417383
19659 11259 -125579526
19663 12247 -630516087
19667 2119 875189565
19671 11167 838865684
19675 5167 951713079
19679 7267 581161561
19683 14895 214812782
19687 2775 -437922654
19691 1275 89811946
19695 1383 782522568
19699 10655 -973075238
19703 6707 395100736
19707 9383 -428308474
19711 5403 -134739548
19715 16151 -178533185
19719 13963 -452089534
19723 6867 -481715798
19727 13487 -768953377
19731 17939 -529493963
19735 2307 -540726445
19739 931 367656399
19743 9139 -94631887
19747 17911 540329377
19751 2439 569161657
19755 13255 -335279231
19759 14179 180891755
19763 1711 -434493653
19767 6059 -603358897
19771 191 -811410118
19775 5295 -542347141
19779 9011 510117028
19783 7623 -716190946
19787 1315 980795896
19791 7127 -120738206
19795 8011 -802010392
19799 8263 -568615820
19803 9811 -29533205
19807 1847 -880304060
19811 11319 442369741
19815 3523 450041755
19819 14211 -147777424
19823 15119 -267351042
19827 19203 165275883
19831 14823 63342767
19835 18607 563449569
19839 13707 -253464115
19843 19747 366729944
19847 10271 -483067445
19851 7319 764704484
19855 5751 401794419
19859 18023 -207567416
19863 14183 819662639
19867 16159 -320433188
19871 18747 188841591
19875 12923 527366657
19879 11459 633899561
19883 11243 -589030408
19887 507 603671330
19891 15123 217316332
19895 13591 -876020084
19899 10123 -671031007
19903 6723 -697154035
19907 15563 91906518
19911 14839 8996179
19915 11119 -330291694
19919 12171 2415159
19923 11683 840897617
19927 14503 -227409355
19931 3279 833549313
19935 6531 952046121
19939 18763 -160200730
19943 15395 -369514133
19947 5411 754487468
19951 11087 -694719448
19955 2763 584553021
19959 10975 -867000973
19963 9959 -686362404
19967 5051 -413781061
19971 5507 610632845
19975 5639 -209684190
19979 2395 -82193439
19983 19635 -385938113
19987 15179 154816784
19991 4851 -89249729
19995 14575 35938535
19999 17423 -364327366
1421 10245 -260109352
6838 5278 -608772808
2548 13596 790288441
11777 4649 149157484
2 12702 18268
2 11632 3208
2 7595 12292
2 9343 16300
2 12802 9982
2 18292 3488
2 4140 1834
2 11624 19070
2 2120 6294
2 16941 14266
2 10525 8403
2 655 10087
2 17753 9351
2 5541 18362
2 6876 14801
2 6716 16696
2 18314 14058
2 3688 200
2 9140 1728
2 9853 2596
2 14408 5762
2 2332 5185
2 1708 12608
2 11067 1004
2 15480 4033
2 17102 4172
2 3535 15868
2 12201 18661
2 19955 15013
2 3801 17667
2 18682 16951
2 16845 14832
2 12121 16390
2 10704 3399
2 12043 9563
2 14504 12055
2 8636 16666
2 11857 19976
2 10149 14217
2 6911 12550
2 520 19440
2 19821 9457
2 6986 10443
2 15578 15251
2 14623 349
2 19399 6138
2 10390 17815
2 1518 17593
2 18682 6054
2 10728 8453
2 671 17609
2 11168 11912
2 8584 3848
2 1938 15639
2 10632 6180
2 329 8328
2 11652 7436
2 19867 8339
2 17722 17799
2 15171 6478
2 5945 15662
2 5240 17585
2 19045 16304
2 2641 9804
2 16869 19824
2 17524 12833
2 5126 619
2 5103 9439
2 18736 14785
2 16166 7276
2 1858 15877
2 812 12789
2 18106 12162
2 12539 5736
2 10693 16534
2 3119 10443
2 11166 2198
2 12749 12517
2 14948 10780
2 1039 3775
2 12660 2155
2 7418 5208
2 15404 18793
2 17955 14979
2 12870 18584
2 8465 8002
2 14178 7392
2 13416 8709
2 11484 7074
2 9508 8280
2 8144 6053
2 10886 19513
2 954 3024
2 2682 11774
2 16544 4952
2 17031 16245
2 13795 1347
2 10927 12724
2 7036 11528
2 4135 2816
2 1007 7377
2 8741 6345
2 9642 8443
2 16274 9394
2 1014 17613
2 6775 6441
2 19965 18976
2 12821 4888
2 12705 10410
2 14579 5231
2 8178 19010
2 5826 10155
2 5016 9787
2 275 16593
2 5928 15156
2 15846 206
2 16136 3464
2 7551 17823
2 2108 11890
2 1105 8998
2 12532 19135
2 3237 6427
2 1003 19473
2 158 1651
2 8451 17853
2 17346 2946
2 17175 5700
2 4845 15024
2 1929 10578
2 15851 13736
2 8898 7602
2 16866 3798
2 4285 15082
2 4779 15572
2 137 3912
2 12 16911
2 18732 2673
2 16509 19042
2 9995 18555
2 8598 12743
2 13502 1764
2 4752 13518
2 12028 4510
2 3288 2490
2 19904 6642
2 13541 17729
2 15194 6476
2 1438 7642
2 15320 738
2 18732 10687
2 9754 6935
2 1629 9661
2 14410 586
2 387 12871
2 6709 17737
2 4330 17409
2 9631 11473
2 774 6058
2 7966 15630
2 975 11758
2 3009 9463
2 16968 461
2 6396 5018
2 10392 3447
2 10282 13938
2 14767 15304
2 8119 7390
2 1533 4827
2 17616 12355
2 4682 4101
2 15029 17429
2 7386 9683
2 13608 10072
2 19439 2191
2 10992 7303
2 3274 8550
2 11004 3818
2 17825 14523
2 7309 5870
2 17199 5061
2 5510 5053
2 8963 18610
2 2699 12534
2 13508 6228
2 15353 11347
2 7778 5746
2 6410 6416
2 13378 15082
2 18364 6210
2 9870 1059
2 6807 15854
2 11570 7041
2 3205 17947
2 5118 4835
2 4338 12588
2 17888 5305
2 4935 14625
2 324 5387
2 14591 18439
2 9361 4734
2 6822 2685
2 14113 15093
2 14390 4713
2 17535 2273
2 13789 5693
2 2170 5008
2 6202 762
2 9244 12078
2 14362 750
2 14619 13279
2 3734 8539
2 17548 10421
2 4780 11224
2 7815 14401
2 4993 3125
2 4450 3276
2 3504 3557
2 9277 17429
2 15477 13775
2 8554 4727
2 18143 5399
2 17869 15837
2 11996 5372
2 15701 15458
2 11731 19350
2 3537 5253
2 6835 10016
2 12229 8347
2 13963 3690
2 12419 12721
2 14038 16068
2 2078 5191
2 5011 16960
2 18299 4260
2 13096 6401
2 13326 18212
2 16107 14664
2 201 10176
2 14929 2190
2 2529 5223
2 16886 5636
2 12621 7175
2 14188 1323
2 9564 17262
2 5747 17682
2 4421 10687
2 5255 11111
2 13914 5851
2 66 15555
2 11576 3509
2 15249 7705
2 10534 17538
2 9479 13898
2 19322 1344
2 12418 9329
2 1233 2083
2 11619 12767
2 17907 1900
2 4121 16364
2 1763 8734
2 2820 16679
2 3134 13813
2 18813 9989
2 12199 6478
2 18235 17613
2 17491 5933
2 3037 15568
2 3605 5134
2 16462 4491
2 14002 13924
2 13015 6733
2 2546 7423
2 2365 11157
2 19418 6180
2 1321 1773
2 9418 17319
2 5052 15354
2 16543 2342
2 5717 1196
2 19094 3284
2 2120 4736
2 352 11955
2 17441 1670
2 11584 14259
2 6835 9289
2 11950 15870
2 2356 19363
2 11297 3356
2 1480 14114
2 4074 5547
2 5047 12479
2 19749 6991
2 3841 3485
2 5304 11005
2 94 6617
2 16168 2135
2 5381 1544
2 10552 8394
2 14777 6270
2 18254 12406
2 19132 2027
2 1935 14948
2 9081 15030
2 16343 6777
2 5965 16537
2 19522 19793
2 13840 1650
2 10484 10459
2 18532 14920
2 1979 7420
2 8222 13535
2 13200 16679
2 12376 18305
2 4800 8588
2 6686 9500
2 1855 18442
2 860 6118
2 10011 10179
2 12437 1107
2 14671 9058
2 13408 14851
2 19800 1040
2 6595 11539
2 11647 14200
2 6229 13937
2 1596 17706
2 14297 13197
2 16910 2940
2 18047 11402
2 11103 19747
2 1422 10227
2 3264 15264
2 5667 9635
2 9968 15242
2 11953 6543
2 15574 16951
2 12188 6211
2 671 3897
2 665 12097
2 12353 19489
2 8642 14276
2 1392 2714
2 13779 9321
2 3245 1452
2 9995 11992
2 3732 15830
2 1199 3932
2 5197 5134
2 11461 7600
2 9557 11396
2 3415 19385
2 11766 17476
2 12254 13654
2 875 7467
2 18572 11107
2 5037 4024
2 14732 4222
2 2355 10069
2 1969 670
2 16308 6675
2 11751 6100
2 18434 6507
2 115 10498
2 19015 14610
2 17998 15787
2 10769 4839
2 9357 356
2 18743 1349
2 18195 10997
2 17469 13661
2 8886 14463
2 16602 19441
2 8212 18461
2 10700 1795
2 15598 13409
2 126 15381
2 9974 1473
2 1511 13628
2 6099 3151
2 16062 2926
2 17343 9329
2 1455 16152
2 6202 11297
2 1681 11656
2 4692 6909
2 362 12794
2 6280 4204
2 1642 17794
2 6270 15011
2 19456 17715
2 15681 15009
2 14529 19107
2 18357 6501
2 3378 4650
2 7222 4616
2 16676 11499
2 7413 4884
2 14411 3399
2 12530 3795
2 10572 3507
2 13864 6445
2 6534 6209
2 19938 5405
2 9201 14816
2 15983 18373
2 6243 14156
2 5931 280
2 9733 12190
2 16805 1331
2 8356 1948
2 16237 13380
2 4134 5810
2 17962 7969
2 3906 12044
2 10077 3347
2 5094 1605
2 10739 4026
2 4101 1182
2 7823 2658
2 1066 19818
2 9285 8849
2 11568 19011
2 895 15710
2 535 13329
2 8103 8083
2 7948 14999
2 4526 12729
2 16975 6302
2 15999 18965
2 9780 10818
2 19620 627
2 2931 1926
2 15565 13628
2 6445 3291
2 1359 5428
2 8222 6277
2 12156 6009
2 12445 1382
2 468 8087
2 17187 7371
2 2599 13932
2 14028 5871
2 3850 11730
2 14752 18394
2 6579 2100
2 8621 7427
2 6143 16919
2 18427 16447
2 12860 313
2 6901 15538
2 13922 2448
2 1300 15281
2 3762 17628
2 437 7130
2 3155 19977
2 13190 18694
2 17272 8194
2 4782 11640
2 12029 17237
2 18293 9353
2 17703 17681
2 10241 3132
2 17083 2872
2 363 19995
2 2952 6133
2 10842 18141
2 17857 18603
2 5362 4458
2 8636 5307
2 17106 11933
2 6228 3620
2 18151 5203
2 10790 7719
2 15335 2024
2 5465 1231
2 7733 3337
2 19960 19600
2 13561 11330
2 6196 8109
2 10438 3166
2 5304 1756
2 9018 10479
2 5772 12724
2 19142 3164
2 7046 16130
2 8689 7154
2 5719 1510
2 5190 10484
2 16391 2038
2 5938 18560
2 12184 4945
2 13673 4817
2 6796 18994
2 2933 537
2 14356 13070
2 15956 18179
2 16234 8833
2 1032 17327
2 2603 9203
2 10259 6701
2 7090 10022
2 701 7685
2 2203 11148
2 18528 10227
2 9820 4179
2 11053 9988
2 12604 4363
2 19240 11679
2 17646 5257
2 9095 14574
2 18951 2144
2 10970 1200
2 17548 3723
2 15807 7305
2 8827 8527
2 15401 11208
2 14244 8162
2 18035 15552
2 1432 6398
2 15754 4293
2 10042 4339
2 15158 19177
2 15371 2677
2 15813 17848
2 2877 5937
2 4164 15861
2 470 18000
2 19625 1880
2 13508 14983
2 9397 16591
2 4618 12919
2 7075 17481
2 17813 7424
2 1439 11634
2 12785 3005
2 9009 10230
2 11027 1033
2 7393 6226
2 5657 10133
2 8731 17675
2 17555 6813
2 15696 3781
2 17801 10101
2 9969 5189
2 540 12933
2 11471 7075
2 18002 7414
2 3070 6287
2 13464 9657
2 3363 4619
2 8554 8674
2 5319 13639
2 13718 16147
2 2886 7428
2 9868 3359
2 16544 945
2 15445 10056
2 14960 12406
2 3222 6189
2 8173 9165
2 4151 5924
2 4011 10035
2 3520 19058
2 5454 18478
2 4305 8738
2 5896 7370
2 2446 1717
2 2570 11412
2 18864 18331
2 10528 19519
2 15123 13520
2 1157 11641
2 1002 18331
2 355 7853
2 2557 2166
2 12180 15195
2 7454 7122
2 10637 10505
2 15652 12213
2 5123 14450
2 8971 3867
2 19124 714
2 5925 10096
2 19915 5799
2 1028 17074
2 6782 3332
2 14679 15510
2 8760 12764
2 5019 744
2 1249 10294
2 12898 18101
2 12480 12990
2 8585 15546
2 9679 856
2 13494 5211
2 18070 12511
2 9339 12094
2 621 6065
2 9677 5813
2 6545 1577
2 17212 14729
2 19390 15849
2 6618 7354
2 14641 15410
2 16332 15219
2 15062 15766
2 6454 4530
2 18706 4269
2 8168 18480
2 7180 7114
2 8604 14887
2 7480 2810
2 6387 4852
2 13994 16655
2 5368 18340
2 14946 14137
2 8534 10302
2 4266 14262
2 19098 11800
2 15106 11474
2 18295 11830
2 13166 2578
2 8496 5946
2 9054 11654
2 8098 7227
2 3770 596
2 11851 18786
2 11435 4684
2 19984 13156
2 6992 9250
2 8005 368
2 218 1669
2 11156 10979
2 9744 12510
2 767 13644
2 14339 3193
2 6211 7660
2 6416 14309
2 3779 10640
2 8362 16843
2 17906 7693
2 5020 7321
2 8238 8901
2 12649 917
2 14942 6683
2 6934 3711
2 7186 2159
2 8103 5386
2 5928 5653
2 1777 14033
2 16091 8054
2 14232 7403
2 4722 5873
2 19927 14567
2 5437 3961
2 10075 17218
2 1727 4389
2 5105 18043
2 12114 727
2 955 14866
2 10448 12246
2 10318 12903
2 17234 15028
2 18159 6072
2 15622 19696
2 17000 15967
2 11706 10403
2 12673 8358
2 9091 19379
2 15100 2938
2 7676 1205
2 14615 6100
2 15811 19271
2 17307 18189
2 19300 19221
2 5142 3715
2 14122 18914
2 3830 7823
2 18425 18040
2 19820 13317
2 1052 961
2 7210 19141
2 16677 19967
2 9728 903
2 3660 17475
2 8519 11460
2 8613 2493
2 7166 17433
2 4776 10127
2 7074 12612
2 19396 3579
2 12383 14001
2 13223 14642
2 5609 14419
2 9621 1808
2 8937 1471
2 7916 3550
2 10922 2694
2 10844 8966
2 1354 4459
2 145 17175
2 3270 2340
2 5610 6829
2 15836 16137
2 9673 1748
2 16949 6354
2 7883 17105
2 18888 9894
2 10085 8492
2 6090 7042
2 1757 8747
2 9757 10965
2 9657 7821
2 1028 699
2 5301 18154
2 18926 13632
2 11310 5466
2 2040 364
2 7230 18485
2 18486 9194
2 6684 17147
2 9703 3379
2 6534 15338
2 6192 15476
2 13750 17666
2 19414 10754
2 8253 1287
2 11499 1601
2 18649 4853
2 3810 11167
2 1914 15774
2 4742 16996
2 5422 7156
2 18279 3991
2 10072 8628
2 15615 14971
2 19184 16921
2 16277 10502
2 5898 4293
2 18087 1566
2 1069 14766
2 13517 1331
2 3537 10022
2 11322 6361
2 15681 12290
2 15615 11526
2 1937 10518
2 3273 8341
2 13191 5060
2 3129 19977
2 16751 1378
2 16146 12372
2 15843 11098
2 10020 369
2 17156 13445
2 11746 11700
2 6090 17164
2 16541 240
2 7090 19215
2 10085 1656
2 3603 8902
2 15812 17062
2 4180 10466
2 10057 13379
2 424 14595
2 12146 17659
2 18063 3862
2 16280 2014
2 17586 13132
2 6842 1370
2 14696 11328
2 15141 4436
2 8593 3143
2 14176 15302
2 12958 12042
2 9038 18928
2 5917 3992
2 1359 3651
2 3343 14524
2 14445 1630
2 9972 16482
2 11071 512
2 2520 19184
2 4706 15532
2 5385 2958
2 17065 8402
2 11164 18012
2 1626 2857
2 5005 1962
2 7493 14047
2 12738 2404
2 3782 814
2 1751 17645
2 3290 6549
2 17439 3559
2 1986 10833
2 7468 4362
2 1298 8396
2 16089 14926
2 15607 17979
2 6420 2648
2 19945 7088
2 4052 8049
2 11228 13879
2 2158 13596
2 6687 2827
2 5477 11743
2 6273 17944
2 3666 10351
2 41 14507
2 5771 8995
2 4829 10585
2 13315 966
2 17194 11876
2 15458 6262
2 6083 3979
2 3034 18085
2 12739 12198
2 9598 1053
2 15477 4094
2 11047 9317
2 12129 3251
2 2552 2098
2 10535 5774
2 10326 19054
2 15831 131
2 5957 5139
2 8935 15604
2 17542 3530
2 13085 19254
2 14059 9260
2 9363 3041
2 4293 9584
2 16439 626
2 4551 600
2 2643 16392
2 14779 19353
2 8587 19435
2 14648 19667
2 1429 13473
2 6562 8506
2 2770 9214
2 14635 80
2 4266 7664
2 13533 1565
2 8626 16482
2 12070 18955
2 11491 10173
2 10128 1108
2 13491 6922
2 11646 18493
2 17920 476
2 5858 12378
2 2596 16516
2 2108 15257
2 629 12037
2 8729 4188
2 8714 5489
2 18894 18381
2 4326 14599
2 14212 14989
2 9604 7566
2 7412 7877
2 14962 7094
2 12171 15772
2 6167 14970
2 11749 4790
2 7450 6023
2 6512 7209
2 6542 3610
2 15009 5177
2 11850 15973
2 4546 18611
2 8146 8016
2 413 4191
2 19374 15733
2 3666 16219
2 1387 395
2 7241 16837
2 14380 5067
2 11679 3015
2 12305 10179
2 19036 3679
2 7858 5206
2 6809 10294
2 2759 10518
2 164 2262
2 1775 7005
2 11534 6447
2 17114 6017
2 12528 19680
2 12379 7097
2 7165 16212
2 4451 11958
2 9272 1276
2 3598 11381
2 17554 13131
2 16493 889
2 17458 4089
2 4420 13019
2 9024 17236
2 12534 4854
2 9427 7872
2 15364 15641
2 17657 6458
2 12887 9818
2 2321 13270
2 17473 16675
2 14269 8956
2 18473 11060
2 6519 11789
2 12695 15367
2 11411 18070
2 10183 10307
2 18527 19669
2 8440 13643
2 2627 1850
2 3401 9403
2 7116 6280
2 16205 8604
2 7447 7124
2 4225 9240
2 8360 16375
2 5013 15975
2 12441 4702
2 17361 1967
2 1496 5462
2 14386 16393
2 4252 7746
2 1837 469
2 7180 19044
2 7255 5393
2 12500 17861
2 7149 4697
2 2053 7609
2 14911 5026
2 9771 12935
2 19102 8022
2 18734 11619
2 13553 18122
2 12589 15290
2 13092 17103
2 19383 18940
2 16171 16015
2 10075 1972
2 16002 18614
2 7710 8964
2 15105 5146
2 6338 10150
2 8794 8779
2 10433 6165
2 5101 8705
2 187 3812
2 416 14853
2 11492 13885
2 6984 16127
2 11918 19604
2 9694 11193
2 2473 16249
2 14881 11253
2 11201 10105
2 6485 17859
2 16564 7977
2 11761 3262
2 2901 1650
2 16123 17049
2 19218 3255
2 2414 16632
2 7314 12578
2 8529 1096
2 8684 2093
2 7964 10875
2 19369 19910
2 15035 14077
2 19304 5191
2 3369 17850
2 7618 2721
2 19042 12732
2 16488 4843
2 8815 16025
2 9546 7966
2 5149 14142
2 6482 4405
2 18005 18494
2 12253 3089
2 5119 19973
2 10754 9747
2 10411 8971
2 14700 9110
2 2505 11355
2 18964 1009
2 2220 16514
2 9661 597
2 465 12522
2 13865 3236
2 18395 9154
2 17230 4172
2 8920 1200
2 2641 13200
2 7771 18229
2 6809 4463
2 4610 7144
2 19379 15448
2 2352 96
2 10411 14619
2 9822 7194
2 15685 15323
2 16964 12867
2 19047 4370
2 14272 13153
2 3563 2957
2 13696 13891
2 14359 19344
2 15003 17101
2 6687 11245
2 14023 5625
2 13449 15688
2 9947 5561
2 10320 9207
2 7872 18466
2 934 5819
2 4512 1957
2 17702 18795
2 2463 775
2 7532 16912
2 19765 19763
2 13326 12270
2 11853 2930
2 4723 9696
2 17845 9365
2 1304 19916
2 4383 14846
2 1007 3954
2 7650 7003
2 15578 5724
2 5453 14798
2 17068 10437
2 7628 9120
2 4450 15042
2 13746 4797
2 18188 7239
2 16462 6620
2 10620 10972
2 3814 12632
2 15163 11955
2 13152 3630
2 4521 11658
2 13701 15340
2 14271 16731
2 11367 13907
2 6898 9158
2 6457 13135
2 1649 3820
2 17204 16703
2 13712 266
2 4597 3318
2 5004 11868
2 13554 15124
2 11829 9555
2 8028 9919
2 6193 4467
2 299 3211
2 8304 1830
2 7296 10934
2 8477 3485
2 7988 3206
2 2620 221
2 11673 11144
2 17733 7875
2 3363 6859
2 17580 977
2 18825 19975
2 16710 11938
2 9360 8097
2 14114 10781
2 972 4945
2 7367 3731
2 8702 14116
2 6375 17354
2 15948 14344
2 10807 16761
2 5565 13878
2 8723 9
2 13123 7492
2 327 9806
2 10752 19958
2 263 11034
2 2860 10799
2 10543 4906
2 18206 18040
2 5914 3865
2 18613 13363
2 17873 1251
2 7236 3119
2 14810 16332
2 11532 7688
2 8874 15501
2 15061 19585
2 16191 653
2 17637 16167
2 5936 11817
2 17806 6384
2 11608 8452
2 14513 16689
2 17754 19170
2 10925 19782
2 1768 4449
2 5527 9554
2 586 19386
2 18245 8030
2 17627 4836
2 78 3826
2 6140 17875
2 10714 100
2 8123 1511
2 964 5106
2 15003 17172
2 1891 15127
2 18885 18858
2 9971 6885
2 14543 1115
2 15985 17052
2 4056 8213
2 6081 11290
2 17659 7416
2 8288 19189
2 8504 2551
2 3892 11375
2 19063 10807
2 7641 3032
2 11730 15098
2 13261 16532
2 8029 16475
2 19282 19563
2 4408 14727
2 8739 13236
2 5253 16218
2 5873 1152
2 1841 2035
2 19866 13515
2 14571 1667
2 13746 10769
2 19249 2515
2 12510 129
2 2154 7183
2 7434 7521
2 16658 13606
2 12499 14682
2 19444 10184
2 13416 1168
2 4402 19610
2 5505 9817
2 17953 7056
2 13850 9062
2 5129 14203
2 14888 19586
2 16522 12900
2 16103 10772
2 17768 14832
2 12385 13638
2 18406 4743
2 10132 718
2 11202 9527
2 2394 3011
2 2514 5249
2 8547 12045
2 12438 6181
2 6784 3858
2 5812 14018
2 14832 90
2 17045 10505
2 2649 13783
2 16253 16629
2 17626 4878
2 10677 3019
2 9280 17178
2 8069 3138
2 1399 4615
2 11479 1128
2 3121 2019
2 17398 139
2 6772 10885
2 10984 14059
2 9086 7805
2 19350 16297
2 17220 18406
2 8394 6359
2 968 9830
2 19119 981
2 1169 9429
2 15541 7756
2 13971 16551
2 7945 9288
2 5116 2747
2 19473 3614
2 14657 4919
2 4594 19785
2 9812 15744
2 14291 10889
2 12864 18718
2 14052 6178
2 15552 9385
2 12683 10219
2 10538 1562
2 6721 15999
2 13173 2264
2 14915 14236
2 10236 19971
2 1781 7966
2 315 14213
2 11574 1977
2 16843 18065
2 10863 19742
2 1671 16573
2 15049 12306
2 18827 8831
2 14465 3939
2 5067 2575
2 10788 4167
2 8031 1522
2 8631 1887
2 18153 11265
2 12570 8464
2 3761 16381
2 10295 15135
2 12398 3061
2 13212 10195
2 17872 10078
2 19078 1569
2 13101 7750
2 16396 12778
2 15109 5983
2 6447 10205
2 18882 9466
2 15063 18721
2 4214 13719
2 4056 15605
2 2899 13597
2 1370 4204
2 2519 2660
2 19067 16506
2 947 9304
2 16085 18014
2 13277 18698
2 9052 13662
2 16310 1024
2 7906 19484
2 15100 18705
2 14897 2519
2 19390 12136
2 7552 9224
2 4946 1386
2 17262 19190
2 16859 6401
2 901 1340
2 13316 6390
2 15479 6655
2 16507 4005
2 2178 16004
2 12977 2359
2 14182 324
2 19042 19276
2 2049 5227
2 5957 19200
2 2004 7609
2 8289 9381
2 14584 15252
2 5861 18253
2 15934 10365
2 3538 18861
2 1680 19877
2 2887 17424
2 18642 3966
2 16530 11771
2 1398 13202
2 19642 18753
2 8059 7530
2 16782 2417
2 7156 10338
2 1902 9280
2 14590 14895
2 14083 18044
2 12700 18470
2 13436 9751
2 12599 1945
2 12984 17593
2 5123 10746
2 11077 14696
2 12371 17318
2 4086 10575
2 1402 3130
2 6158 4746
2 13144 954
2 2720 3080
2 3437 13030
2 4470 19402
2 2025 16328
2 3198 2301
2 5499 9240
2 16300 13497
2 15673 5882
2 15492 18740
2 4972 15477
2 11196 19083
2 19408 7069
2 18340 6179
2 15361 6704
2 7830 2907
2 2000 3108
2 5950 12296
2 4976 6467
2 4317 12150
2 716 1237
2 16777 8061
2 13958 7974
2 10952 15921
2 1137 2712
2 4054 6565
2 9957 1717
2 10710 15838
2 1889 804
2 1373 9866
2 3764 1476
2 1532 18978
2 17794 14812
2 1147 14647
2 5493 10114
2 17205 4354
2 15606 19230
2 9439 5938
2 8772 287
2 14973 15064
2 108 89
2 3874 17529
2 13995 18319
2 15536 4946
2 16960 13108
2 6288 6447
2 9212 12518
2 5913 16490
2 11833 1530
2 11573 835
2 3486 93
2 11789 3602
2 16550 11165
2 4741 6186
2 17986 10136
2 11922 11734
2 2859 10649
2 15453 10424
2 19851 19466
2 14989 13542
2 9961 3560
2 13676 3806
2 9720 19343
2 15611 15558
2 17870 17957
2 3478 13475
2 10962 5711
2 10108 15815
2 7767 19544
2 956 6956
2 1804 17243
2 15893 18901
2 4127 8131
2 19379 11138
2 12693 18590
2 9405 9746
2 8571 2667
2 5248 14334
2 4366 9300
2 9657 17814
2 11329 11815
2 18866 5370
2 16717 7776
2 18233 18412
2 16340 16490
2 8141 10451
2 12355 11301
2 10527 6597
2 12878 5233
2 723 6822
2 19146 232
2 18185 5527
2 15128 10463
2 121 5677
2 557 907
2 17214 3422
2 3543 10986
2 12752 1189
2 17993 2442
2 14626 13233
2 13966 7344
2 13108 17782
2 18 9549
2 3879 10038
2 5847 18700
2 18494 17315
2 5209 13347
2 9847 13608
2 3372 19119
2 12613 7663
2 14386 6226
2 1957 1679
2 588 2893
2 16931 753
2 10991 17307
2 3096 19465
2 5702 18324
2 10746 1042
2 8925 16021
2 17540 12409
2 17754 18790
2 1191 12028
2 15440 17104
2 10422 12488
2 2048 10047
2 11624 4436
2 12285 8902
2 13275 18064
2 1399 13112
2 16461 5973
2 3150 3339
2 16173 15890
2 9743 5759
2 3002 1009
2 4321 18363
2 11208 2286
2 213 8972
2 19733 14095
2 14382 3959
2 18407 11703
2 1899 5796
2 11222 2851
2 16829 16217
2 16790 7649
2 13818 10701
2 978 13554
2 1070 19163
2 5200 17431
2 751 3793
2 15790 1811
2 210 16704
2 1011 7516
2 10654 9715
2 6259 5243
2 13178 3956
2 3625 5461
2 5030 7720
2 874 18278
2 12877 1118
2 13742 10088
2 1937 19239
2 4380 9465
2 5269 7899
2 11688 9708
2 11109 6912
2 845 17471
2 10581 1948
2 8388 17846
2 9511 14122
2 1557 18503
2 5551 2053
2 11553 1858
2 18123 11767
2 16370 12360
2 1418 8752
2 13869 7348
2 4304 14949
2 14324 12818
2 7852 8609
2 1149 17253
2 12154 5164
2 15653 386
2 3414 5326
2 8508 19528
2 7994 16976
2 4505 14965
2 18593 19705
2 18099 5240
2 1464 2171
2 14879 2854
2 16690 15803
2 9034 10467
2 1981 12600
2 18082 4787
2 9133 7341
2 14667 19485
2 14668 17175
2 5380 16074
2 7698 14588
2 5438 7371
2 494 4891
2 14026 6011
2 19760 4014
2 6307 16643
2 3317 8457
2 2399 16266
2 3041 3557
2 16910 9367
2 2978 5141
2 8324 15127
2 17419 15045
2 2926 4502
2 8620 594
2 11236 5062
2 10847 13335
2 19414 19954
2 9599 16286
2 10975 18548
2 13723 8582
2 4643 18194
2 19585 13745
2 4339 13080
2 1562 9653
2 7629 15535
2 19745 15851
2 8242 19375
2 5064 14443
2 7419 4205
2 4868 19712
2 17189 13602
2 8654 16206
2 5482 10520
2 19078 11340
2 9898 1637
2 16858 366
2 15287 15301
2 14243 17344
2 10562 1444
2 3142 5126
2 7832 11788
2 18283 16048
2 177 8718
2 3451 15116
2 13008 16195
2 16803 19024
2 13461 15734
2 9143 5961
2 96 4862
2 7230 13733
2 14031 6754
2 17500 891
2 14780 554
2 7231 15521
2 13652 13082
2 3846 18200
2 11194 4041
2 9458 7859
2 7638 1358
2 19681 12478
2 16684 19262
2 4615 9642
2 12566 9244
2 484 15739
2 18607 17171
2 13720 632
2 13886 12019
2 5352 9555
2 8674 3000
2 598 16575
2 7847 2799
2 17246 5573
2 6911 13674
2 15043 9550
2 14908 2995
2 15012 1673
2 875 3137
2 15054 5170
2 14485 4451
2 12195 12818
2 6518 19799
2 9870 6755
2 13173 12716
2 1877 17736
2 3722 5412
2 13101 5345
2 6104 16394
2 13975 1473
2 2553 4146
2 15138 9969
2 7331 11574
2 4089 12274
2 16481 13146
2 17439 11941
2 8009 2692
2 14364 6018
2 10610 12991
2 12057 15849
2 17921 3027
2 7937 12332
2 2217 6768
2 18311 5537
2 10126 8783
2 14348 14054
2 8398 9081
2 10660 14471
2 3559 10318
2 12954 12728
2 17826 13815
2 9782 19216
2 4458 12260
2 18256 17880
2 5535 16989
2 7707 17494
2 9372 3013
2 16704 6838
2 4429 9627
2 4465 1764
2 6184 16889
2 8946 18756
2 4433 8022
2 11887 15364
2 7143 1196
2 12954 7760
2 16318 11415
2 14498 7331
2 12434 9462
2 991 18209
2 2489 15931
2 15234 13675
2 19144 12695
2 1253 17206
2 2752 4065
2 15632 12454
2 13077 19593
2 14433 12329
2 2148 2221
2 10564 17542
2 14512 18634
2 7689 4338
2 10256 2957
2 1935 14460
2 17788 13009
2 2551 6798
2 13143 5393
2 1841 4509
2 12396 10583
2 16552 17717
2 10517 4664
2 10455 7825
2 10930 7075
2 13036 19048
2 13061 8716
2 12716 10773
2 14613 18855
2 27 7383
2 2040 16510
2 2198 18594
2 156 12335
2 18178 2720
2 7564 19313
2 1452 4648
2 12297 7257
2 14536 4486
2 6624 5796
2 3932 6327
2 1987 14958
2 15672 11355
2 18578 395
2 7623 2111
2 18071 16537
2 9146 15322
2 15794 9196
2 2005 7115
2 18631 5869
2 13399 13928
2 7427 12820
2 15677 2709
2 8633 455
2 1703 14967
2 12161 17386
2 15009 8036
2 12607 4798
2 16443 3064
2 19850 11724
2 19427 17862
2 18493 5273
2 16832 12439
2 6696 16284
2 11293 10484
2 19067 7010
2 3253 12884
2 13257 12506
2 12999 6246
2 3585 1739
2 19637 7913
2 13047 12282
2 5452 12019
2 5128 653
2 13161 18476
2 11806 12414
2 7974 19870
2 1105 5539
2 4986 12341
2 14136 17245
2 6132 18371
2 11090 9423
2 2491 14704
2 18990 14556
2 6475 11860
2 7505 16941
2 19618 18663
2 10488 2058
2 16109 16851
2 1726 4423
2 9291 2843
2 19460 13194
2 10650 11420
2 11956 18408
2 10614 10023
2 16548 4965
2 17555 14978
2 12392 5486
2 16162 18942
2 84 9311
2 19615 388
2 2979 9034
2 18200 15159
2 1201 6881
2 11903 9408
2 3502 27
2 4024 9993
2 12264 19711
2 16286 10789
2 3238 9585
2 421 3608
2 15659 462
2 8252 13202
2 563 14883
2 15205 11850
2 10586 12419
2 18418 6025
2 15794 9955
2 10370 821
2 10392 16686
2 16034 7235
2 15532 612
2 13693 5088
2 4329 18101
2 7544 18850
2 19615 18256
2 18142 17366
2 992 17504
2 12657 16476
2 4269 13138
2 1425 3772
2 14292 10057
2 16611 2850
2 13606 5390
2 10923 16270
2 15610 11538
2 18459 5586
2 1997 7115
2 13325 11571
2 1673 4590
2 13076 12769
2 12682 1112
2 7502 13880
2 4873 3385
2 19732 9736
2 7764 8418
2 1054 14144
2 2099 19770
2 5153 7132
2 7183 11768
2 3533 11903
2 18325 12954
2 13795 7655
2 15249 1611
2 5081 9846
2 7776 12002
2 14393 11677
2 4112 12644
2 17689 6253
2 18705 1164
2 2935 4291
2 9723 3734
2 17434 10172
2 8864 279
2 10589 2087
2 15244 10238
2 9685 17854
2 8914 10434
2 9891 5231
2 8078 13790
2 6220 4663
2 12884 869
2 19748 2824
2 11299 5150
2 17178 16996
2 16848 8822
2 16884 272
2 3827 9463
2 2982 8072
2 15507 16656
2 11110 2436
2 11008 2678
2 11169 10373
2 5181 7364
2 3070 6180
2 11149 1209
2 15601 12086
2 14454 500
2 5291 14616
2 16441 180
2 17297 6582
2 17430 13152
2 16291 16177
2 1868 12132
2 12820 19326
2 10305 15651
2 4608 9976
2 17491 636
2 3769 5167
2 6723 3221
2 17164 18563
2 4867 11974
2 14379 10123
2 15323 2249
2 16002 6206
2 13838 16198
2 7268 18586
2 537 5107
2 4027 3807
2 13535 12168
2 3247 16878
2 18532 15726
2 17980 3408
2 5902 10733
2 7344 3714
2 2447 10977
2 1105 15165
2 4450 19882
2 15762 5502
2 10872 18257
2 14233 13252
2 4097 12620
2 18382 17385
2 14157 19875
2 10521 7242
2 16707 63
2 1088 6457
2 5119 13933
2 19914 4720
2 6858 15611
2 5370 9446
2 16798 116
2 15283 12780
2 5505 18017
2 3847 5905
2 6664 13467
2 10368 13942
2 19260 4409
2 7091 8846
2 19279 1336
2 14834 19626
2 14944 13114
2 7038 10330
2 16026 1478
2 699 4446
2 5574 1673
2 12822 5256
2 18581 7720
2 3944 3071
2 19413 11228
2 3616 3156
2 806 19915
2 4044 19242
2 12397 17947
2 17085 7485
2 16219 17317
2 4330 11967
2 80 2263
2 12613 15045
2 5975 8991
2 12128 615
2 6257 9104
2 2681 11163
2 2548 13869
2 15577 1913
2 17941 19871
2 9446 19827
2 537 13306
2 6604 15221
2 824 3192
2 5960 17401
2 8131 12400
2 1745 15109
2 2260 1616
2 4948 17434
2 3555 3363
2 10559 6773
2 8597 4664
2 7661 13831
2 12600 17425
2 467 8051
2 17475 13722
2 1763 8769
2 2178 9709
2 1677 743
2 9876 2321
2 7361 11096
2 14705 15403
2 12730 14111
2 17824 2317
2 2451 8136
2 1810 1275
2 16237 1763
2 1419 4288
2 10896 10405
2 15197 15965
2 13378 6015
2 7809 10001
2 3372 1455
2 19104 13410
2 3411 2688
2 778 1790
2 18107 14778
2 8302 7510
2 6389 19587
2 5169 12509
2 3723 11454
2 13124 18940
2 250 16571
2 14014 6662
2 15275 10046
2 1071 10027
2 16889 8087
2 12563 11677
2 4287 509
2 6687 16716
2 16461 15355
2 17309 9329
2 13424 1462
2 15234 2904
2 1956 10677
2 10946 14040
2 10589 15093
2 9271 16357
2 1160 6109
2 8067 10510
2 2066 5816
2 12289 1436
2 8216 2404
2 13869 11557
2 7101 18891
2 8287 16000
2 15567 12372
2 9582 7474
2 1523 8347
2 8803 10003
2 8654 18719
2 2213 3462
2 17245 15850
2 10081 15881
2 12856 19192
2 11966 2017
2 8522 16526
2 19066 2925
2 5523 18623
2 7800 1827
2 8432 447
2 3861 10473
2 19784 18073
2 12618 104
2 7120 7987
2 12810 3377
2 18579 11803
2 14132 11173
2 287 18978
2 10265 13227
2 17780 7778
2 4481 4536
2 17487 9807
2 7062 4079
2 9115 18165
2 19319 17324
2 6539 18381
2 2730 15497
2 12153 4239
2 13842 7149
2 4315 6081
2 18429 3616
2 9246 13175
2 6324 6345
2 1624 8293
2 14918 8247
2 15042 497
2 12905 19861
2 8508 19584
2 7705 17520
2 18681 1556
2 19755 1281
2 5961 19616
2 16735 18573
2 17455 225
2 17541 13159
2 8886 14384
2 16292 5998
2 19303 19009
2 17706 3740
2 11912 3870
2 132 10095
2 11775 12706
2 2807 14794
2 16041 3166
2 547 16207
2 15049 9478
2 15081 16515
2 7590 8310
2 12499 18157
2 18137 521
2 17746 12725
2 1589 674
2 5267 19904
2 14850 3998
2 17456 12018
2 8680 567
2 3285 12859
2 4431 6095
2 6202 18957
2 16704 11138
2 14857 2164
2 14218 5931
2 4363 7874
2 13340 13413
2 15776 605
2 9467 12839
2 7277 19879
2 11825 5724
2 14296 597
2 4890 8915
2 12689 16423
2 18657 16211
2 8421 9817
2 14410 17359
2 14867 2511
2 7082 1442
2 14149 18279
2 4638 8354
2 4389 5800
2 3241 7194
2 17782 2314
2 4763 3184
2 7399 18630
2 1298 12474
2 11581 11325
2 14776 1616
2 5382 4634
2 16121 8307
2 567 15169
2 18022 18629
2 5209 17653
2 10837 5945
2 14002 6022
2 17655 7880
2 2865 10582
2 4979 2627
2 17062 9693
2 16600 15569
2 4670 14412
2 2850 8679
2 12943 7894
2 4700 7540
2 8397 19157
2 6309 13968
2 2767 1428
2 9166 3748
2 18170 17809
2 10408 3676
2 12530 2147
2 13147 19022
2 10951 9392
2 11850 3796
2 16780 18287
2 4543 11984
2 4773 7552
2 2321 11150
2 14206 1739
2 16337 7931
2 5595 7813
2 5960 10560
2 17685 7395
2 1203 751
2 990 19057
2 5091 6047
2 18100 927
2 14208 19576
2 13860 5772
2 4229 4790
2 13386 4740
2 19034 15323
2 1188 2882
2 10294 7279
2 17538 14607
2 13286 15419
2 16963 5000
2 16527 7601
2 16805 3405
2 14546 76
2 2827 7323
2 6872 5567
2 12195 7
2 5536 10570
2 6587 11183
2 2672 437
2 1768 14412
2 6390 1591
2 14704 4332
2 7410 18851
2 11619 11981
2 5881 17690
2 5004 10230
2 3089 16661
2 15516 16722
2 5898 19554
2 1797 15245
2 10893 18217
2 5667 6704
2 2339 7261
2 14235 2867
2 12603 14328
2 14330 1931
2 9649 742
2 847 16635
2 15727 5133
2 14314 6034
2 8728 17424
2 9318 14555
2 6262 15854
2 14867 15995
2 13498 15986
2 15845 17028
2 13134 10645
2 9574 7801
2 16756 19291
2 9476 17817
2 14311 10088
2 18478 5940
2 18193 1044
2 14977 9579
2 14550 16431
2 17881 115
2 16188 18263
2 17945 5245
2 4056 3637
2 4879 15080
2 15988 2746
2 335 885
2 16060 4049
2 8445 16077
2 12904 11879
2 5205 1070
2 9173 17745
2 6847 18794
2 11704 1881
2 17373 9356
2 11235 19225
2 12202 10140
2 4723 3916
2 2353 8452
2 9589 16599
2 866 11417
2 2075 10259
2 16937 18201
2 8626 7236
2 11893 13372
2 19164 10364
2 18623 16811
2 12824 12064
2 12432 12440
2 32 12740
2 9216 11844
2 5482 15102
2 5935 7894
2 18601 12827
2 8665 12664
2 5218 13234
2 9981 9477
2 18369 17423
2 3296 12762
2 19062 4358
2 15221 10083
2 8464 15038
2 13502 15848
2 11309 2915
2 15932 14481
2 8323 2914
2 8059 12452
2 15426 4912
2 15735 8057
2 5115 6354
2 15788 13554
2 1021 7757
2 16308 7518
2 3692 7166
2 14749 8540
2 3668 17848
2 18583 7643
2 9461 1972
2 9908 2254
2 2713 3801
2 3587 3384
2 12577 11782
2 6383 16439
2 1605 19961
2 7826 10201
2 11485 14858
2 17608 6266
2 13562 2074
2 15721 19635
2 42 9198
2 19920 4869
2 17973 8167
2 13202 2537
2 15748 8279
2 16941 9561
2 4790 13621
2 3685 16887
2 18784 14784
2 12076 10728
2 16827 5341
2 4150 9317
2 9532 11737
2 13782 5486
2 13455 10552
2 3259 13167
2 19249 5635
2 5479 1814
2 15236 12697
2 17439 16331
2 9935 5031
2 6764 8569
2 13930 15113
2 1915 17260
2 9468 15034
2 9155 19136
2 6988 894
2 4166 8895
2 17121 1693
2 2740 13227
2 233 10715
2 19937 12418
2 5359 7293
2 3946 11999
2 6040 1911
2 12387 16022
2 6648 17449
2 982 12308
2 7144 329
2 18650 13384
2 11498 2339
2 7777 5912
2 7783 5384
2 2157 3371
2 4218 12094
2 5011 17335
2 4368 11144
2 6020 2854
2 4955 15780
2 6137 6640
2 11116 18681
2 10325 2294
2 15493 10533
2 11003 4674
2 6849 9257
2 6203 8741
2 4418 1598
2 2062 17165
2 6645 47
2 4447 18216
2 8571 11214
2 12192 4710
2 4725 19437
2 95 2587
2 17743 6316
2 6168 18575
2 12781 4106
2 5334 4910
2 5009 11582
2 3931 16257
2 12606 4855
2 4510 4162
2 8192 6282
2 3277 16031
2 5257 10923
2 19280 13357
2 18694 18887
2 14595 11428
2 10853 15171
2 4214 2398
2 7296 7183
2 7228 14211
2 8269 7852
2 9515 19457
2 18491 7259
2 16690 16728
2 12365 4871
2 7832 14468
2 4065 2991
2 3403 663
2 14567 15546
2 4120 965
2 5913 1914
2 3481 304
2 15038 11153
2 15502 2688
2 19914 13685
2 11277 17585
2 3659 19517
2 6256 6713
2 5927 9847
2 17000 8391
2 14037 8393
2 18170 18584
2 9127 10464
2 12742 15644
2 7539 786
2 898 17504
2 16605 18154
2 10594 9502
2 13987 9185
2 11261 18894
2 4481 632
2 11225 4956
2 19515 118
2 18584 7963
2 3033 8218
2 6627 10566
2 15503 9216
2 11007 2524
2 17245 2262
2 7674 4835
2 17104 7218
2 1985 10041
2 18736 5070
2 4197 9867
2 11169 17008
2 4120 3342
2 2415 16751
2 15101 10383
2 4948 17632
2 16987 18965
2 17305 13067
2 504 1652
2 16180 13339
2 10396 14982
2 13681 325
2 2361 18343
2 1796 16876
2 4918 8563
2 14864 4187
2 742 19234
2 11631 15864
2 2072 5928
2 7249 7088
2 5414 13588
2 17169 12980
2 19055 16832
2 15131 9407
2 3695 14537
2 3239 9531
2 16738 668
2 15270 2709
2 16929 11637
2 2697 5997
2 1889 14768
2 7487 941
2 14789 3993
2 7089 3280
2 6258 6821
2 3411 17005
2 1641 11241
2 17853 4517
2 10558 2002
2 19750 5358
2 9437 18569
2 6050 18202
2 11946 17741
2 14975 16694
2 8548 17482
2 5058 13258
2 13621 1327
2 7806 19878
2 1063 18024
2 17217 6707
2 6254 11369
2 1570 15642
2 19102 14927
2 4634 4771
2 1327 4627
2 4010 9750
2 13081 9566
2 11231 8441
2 4383 14306
2 18020 11561
2 7216 10192
2 12451 12997
2 7749 3590
2 11099 1357
2 6397 3390
2 9458 2556
2 13139 14982
2 6695 5532
2 16324 5449
2 15506 10888
2 12097 16282
2 4102 13008
2 13966 14983
2 13844 7262
2 16260 3038
2 18305 10882
2 17551 6608
2 17719 9588
2 4575 8841
2 11911 13236
2 1376 1925
2 10530 4368
2 8046 5187
2 6579 9466
2 1579 218
2 11955 10158
2 7910 5842
2 19811 5235
2 18010 13050
2 7970 17508
2 17675 1551
2 12007 9783
2 17905 8577
2 14794 1346
2 14680 9727
2 2731 2977
2 3765 12874
2 110 7282
2 13497 16309
2 11002 6185
2 14478 7805
2 14726 16453
2 8437 353
2 4889 11948
2 8967 18785
2 17928 13274
2 530 19444
2 18145 3829
2 13126 10980
2 7239 5631
2 1245 15738
2 5522 1766
2 11191 2303
2 9596 4544
2 4498 19157
2 2648 8927
2 6751 7193
2 15626 12129
2 1933 18310
2 728 19123
2 7260 2928
2 12970 18139
2 17565 17763
2 12159 15949
2 1019 2661
2 6998 9538
2 5373 13684
2 14740 2306
2 18169 4282
2 13521 13665
2 5664 5938
2 12928 7516
2 4455 4975
2 12728 5639
2 10861 4325
2 1782 5220
2 14329 6162
2 9806 8314
2 3437 4943
2 8147 16735
2 3040 2467
2 11086 9087
2 16190 4980
2 5038 18965
2 4640 5539
2 6699 7281
2 9991 3575
2 15217 7494
2 11867 7419
2 346 18036
2 8513 12549
2 299 19807
2 5613 8049
2 2781 13832
2 6849 15585
2 2003 1047
2 9429 6080
2 10401 1419
2 4527 10854
2 17234 8061
2 2806 6181
2 10515 18719
2 11715 6306
2 9917 11934
2 11112 19161
2 1055 17383
2 10204 6350
2 4433 15650
2 19805 12231
2 11648 12385
2 3147 9220
2 11482 10546
2 7982 16979
2 3984 8262
2 4580 11039
2 17222 12479
2 18089 4751
2 18544 3097
2 10026 9472
2 2116 476
2 16727 8345
2 6445 8222
2 18350 18479
2 19719 3540
2 5738 15152
2 4359 16196
2 5674 837
2 6138 8726
2 18863 17143
2 13096 5891
2 8235 5085
2 11460 12944
2 12473 14598
2 18876 3153
2 16581 5950
2 10513 17400
2 1593 1328
2 760 3220
2 12892 11734
2 598 13327
2 14965 14028
2 8357 16404
2 4403 8177
2 4750 3517
2 14803 10369
2 1023 5474
2 15553 8137
2 16249 4091
2 3106 11940
2 11005 8135
2 18307 5568
2 16019 8883
2 13391 4222
2 16087 4324
2 7743 15371
2 14373 3351
2 949 2789
2 14042 6027
2 7097 2566
2 1473 19869
2 14080 14905
2 1861 9094
2 14681 11582
2 8856 8604
2 8728 3406
2 19012 11560
2 2711 17662
2 984 12154
2 17752 13601
2 1204 7101
2 2304 13644
2 12410 13005
2 7278 11110
2 7007 731
2 4664 8529
2 13179 6412
2 4651 6977
2 4483 8393
2 4429 9698
2 12419 1367
2 2483 3841
2 5355 836
2 19316 18607
2 8947 1982
2 7292 117
2 2985 1240
2 10237 1234
2 16241 6406
2 10297 12835
2 17196 8690
2 17034 18555
2 6043 266
2 16938 4170
2 5527 4348
2 213 9578
2 3071 11783
2 16809 11818
2 12103 7715
2 1923 6630
2 19231 1923
2 5180 17858
2 911 16165
2 14036 14446
2 11526 4181
2 1784 272
2 14562 3113
2 18297 11543
2 6791 18919
2 16288 8912
2 6421 11630
2 19356 4224
2 13599 5463
2 8458 1785
2 10056 5978
2 10372 19327
2 13738 17766
2 5309 6419
2 8080 11502
2 7681 8113
2 12567 1446
2 6356 14828
2 13548 7168
2 4573 16705
2 10581 2380
2 3160 9686
2 4841 18889
2 12200 6743
2 14592 1729
2 830 1508
2 7199 3618
2 9914 16214
2 2276 16131
2 10067 11842
2 19731 19626
2 18225 8569
2 293 14997
2 13964 16003
2 13149 1538
2 3964 17698
2 3084 7655
2 13567 16949
2 13296 572
2 3916 3607
2 2023 16953
2 2725 11490
2 8253 6536
2 19004 15379
2 18308 13035
2 16997 9134
2 4611 18498
2 2696 2306
2 12142 12474
2 13559 7970
2 4411 1648
2 17585 19227
2 14795 10726
2 8353 3564
2 17474 4310
2 8945 16297
2 13810 1440
2 58 12397
2 11539 14084
2 10243 8156
2 10185 1485
2 9778 4358
2 8247 991
2 8998 11181
2 18953 11376
2 5678 8808
2 10099 16447
2 8082 1931
2 11896 105
2 1427 15908
2 7339 7071
2 14776 568
2 4709 3818
2 6056 18273
2 13612 18375
2 13957 17106
2 11214 10337
2 10038 1964
2 17896 3068
2 18764 9399
2 16090 8624
2 8553 11724
2 5788 2346
2 4370 4430
2 3451 18325
2 11215 14596
2 1756 2763
2 16185 6555
2 18099 15161
2 2243 4417
2 12458 7971
2 3499 10130
2 12279 6958
2 10517 1102
2 7235 6149
2 19797 2621
2 8413 7286
2 12648 6111
2 11146 5171
2 11596 17357
2 6887 6995
2 13213 2014
2 19534 1495
2 1411 16286
2 2391 8874
2 3775 2660
2 6127 8635
2 19838 8657
2 14971 14403
2 3595 7206
2 16481 13065
2 1497 14337
2 17511 15829
2 8002 2085
2 5746 5571
2 14516 14050
2 11360 5579
2 12901 8516
2 15852 2628
2 5826 12744
2 19424 12981
2 10083 9859
2 4049 16585
2 10045 19832
2 14899 1210
2 16377 3658
2 5252 17060
2 2529 2635
2 2559 19302
2 16268 7666
2 1655 11001
2 2084 15616
2 12906 5275
2 15296 5250
2 15008 9213
2 6764 1953
2 12256 18876
2 12074 2033
2 17037 8634
2 5097 16919
2 10194 9971
2 8806 4845
2 18941 13801
2 15738 19816
2 5098 1256
2 3030 17704
2 13215 131
2 4623 651
2 10441 5580
2 17687 9513
2 2512 10023
2 15456 13662
2 2744 11798
2 7217 2832
2 7471 11689
2 11012 9270
2 2966 5842
2 19287 4841
2 1677 9608
2 375 7140
2 2497 14681
2 10364 743
2 18603 9996
2 11631 10453
2 17139 3467
2 15426 19953
2 7864 316
2 7630 8298
2 11431 3937
2 11160 14412
2 8314 13956
2 16997 3119
2 17719 13624
2 6154 17798
2 2164 10176
2 6330 19557
2 5729 10831
2 19041 6775
2 6626 5581
2 5140 9228
2 1134 2269
2 11766 6592
2 9112 18961
2 15841 11438
2 6299 6568
2 988 5347
2 13269 135
2 15336 11983
2 12750 14649
2 16688 13356
2 2366 18471
2 7102 3098
2 6653 17879
2 6284 11500
2 16825 19282
2 8159 8415
2 15232 3987
2 9077 15104
2 8818 6430
2 5567 5748
2 8386 11015
2 9188 14848
2 7602 5368
2 6117 18193
2 13254 13434
2 18560 8323
2 2409 13864
2 7743 1960
2 1473 3728
2 9321 4728
2 6890 902
2 19439 4325
2 2175 15628
2 3646 72
2 3684 14826
2 10120 3530
2 1167 18047
2 4893 109
2 19930 19608
2 16849 2175
2 222 16326
2 12836 10660
2 8838 2150
2 6009 6573
2 14346 10189
2 12049 1568
2 7299 14417
2 18456 19668
2 7722 11980
2 5481 3926
2 13187 403
2 9456 8959
2 15851 2561
2 14997 17689
2 6838 559
2 1375 5263
2 144 13446
2 161 12443
2 19466 10374
2 7719 11566
2 16615 10647
2 14040 2494
2 12806 3390
2 19344 1496
2 5634 4600
2 1856 1741
2 2398 12587
2 14985 10367
2 10790 5441
2 1831 2505
2 11362 5235
2 3691 11472
2 7256 4113
2 10964 11897
2 8014 19787
2 11635 10722
2 13542 3360
2 6922 577
2 17857 10943
2 3850 19529
2 212 871
2 14395 9774
2 13327 6702
2 12447 14815
2 10597 11260
2 17311 10372
2 4370 270
2 12376 11740
2 3351 1746
2 7944 15995
2 1020 10964
2 3909 18029
2 13917 19634
2 7191 6784
2 5220 1930
2 9612 12037
2 7660 10111
2 17206 8338
2 983 17557
2 8854 3495
2 11122 10519
2 16783 17053
2 7802 11210
2 10796 788
2 9964 6408
2 10820 18457
2 19241 4494
2 6171 19939
2 12773 2657
2 9000 15883
2 14107 10203
2 3943 2705
2 11188 3846
2 11248 14088
2 15395 14927
2 5018 17259
2 16664 31
2 13518 14180
2 10738 18701
2 18041 1835
2 12104 3954
2 7455 9897
2 19914 19285
2 15097 4448
2 7970 5639
2 19420 4065
2 5014 5664
2 13572 5795
2 11709 12526
2 19883 5839
2 14159 19670
2 8472 8986
2 11033 12737
2 8059 2703
2 7701 1886
2 17155 2248
2 7867 551
2 11294 2141
2 14828 3196
2 7688 6885
2 14905 12319
2 15633 3624
2 2424 909
2 100 10252
2 13236 1904
2 17865 6027
2 10706 1893
2 4021 3906
2 2507 7725
2 18353 11429
2 2284 3372
2 10853 17171
2 2277 9334
2 12090 4712
2 18416 18383
2 13733 15047
2 5058 6299
2 6669 15397
2 10219 12164
2 7696 13714
2 19987 6549
2 462 19468
2 3626 17467
2 19402 18169
2 12019 7826
2 828 12995
2 17782 10890
2 16870 1938
2 18848 10927
2 330 7946
2 18098 17876
2 18452 3274
2 8602 15988
2 4849 3956
2 12429 624
2 10464 19798
2 10742 18177
2 13017 3629
2 9001 9282
2 19512 11272
2 7481 2487
2 4301 12173
2 10287 6128
2 4287 8006
2 12330 14190
2 14785 8183
2 14673 18048
2 17765 7129
2 10796 2607
2 11829 11507
2 10115 9383
2 6311 8761
2 11768 11956
2 19712 3679
2 19068 8144
2 6416 19405
2 11179 1577
2 149 10718
2 3710 16521
2 13997 13032
2 14906 16240
2 18526 13426
2 7576 5631
2 18869 44
2 13445 16783
2 19225 19967
2 16779 11988
2 11391 10933
2 5899 1353
2 8970 17119
2 16331 11651
2 11269 10560
2 590 19391
2 1531 7273
2 5969 4974
2 18117 12294
2 4655 9123
2 14770 13014
2 2390 7326
2 19146 1240
2 9884 10262
2 17770 10510
2 8953 12690
2 4022 8933
2 4150 13684
2 8511 8318
2 2566 10227
2 9440 13800
2 776 8734
2 18216 7755
2 15838 6580
2 1222 6608
2 5471 851
2 14194 10893
2 1723 16407
2 16137 15617
2 5274 9793
2 16029 19533
2 5155 17412
2 11640 14598
2 16927 9421
2 17690 15240
2 16636 14313
2 11058 16042
2 17576 19882
2 2042 16601
2 17219 10888
2 3543 16131
2 5579 3746
2 1874 10128
2 16860 11558
2 6984 4181
2 9917 19633
2 4095 5164
2 13 13345
2 6255 2381
2 7188 2046
2 2388 3784
2 8144 19889
2 8069 12759
2 9908 1764
2 1106 757
2 1728 7802
2 15844 10505
2 7779 5947
2 2458 13292
2 8069 1441
2 14566 2676
2 3100 8018
2 12439 5056
2 18046 16280
2 891 17705
2 6911 3688
2 15858 271
2 10743 1538
2 12350 5869
2 6279 15626
2 6874 19485
2 15171 14034
2 10069 8476
2 1890 18196
2 13210 18074
2 1640 13180
2 19406 18285
2 18268 13258
2 18726 12856
2 2752 13701
2 4867 12112
2 11573 11571
2 15897 16697
2 5673 7605
2 16653 15116
2 1113 8554
2 13190 12876
2 6565 7058
2 14404 5024
2 5661 12254
2 12081 15457
2 7328 13770
2 13160 3294
2 10328 16467
2 12609 3544
2 2326 2386
2 5009 4025
2 17378 5425
2 12836 11374
2 5216 1295
2 300 3946
2 7427 13341
2 18269 1034
2 9175 3059
2 2844 17358
2 15764 11329
2 12133 11342
2 18398 15364
2 4305 4815
2 5478 2729
2 7723 18978
2 3532 11782
2 821 17733
2 11065 6175
2 7312 16152
2 18859 13794
2 19748 11717
2 1034 17901
2 17570 9314
2 13412 4562
2 15898 9998
2 140 4736
2 10962 5280
2 6320 19454
2 4443 7837
2 17769 18317
2 1249 4560
2 5211 7685
2 11785 8179
2 7064 11233
2 10 14721
2 2746 10951
2 12429 8456
2 613 5609
2 2373 15632
2 10982 2863
2 11122 18750
2 14758 6855
2 13577 11031
2 8036 17326
2 13121 13338
2 2761 3436
2 14208 3090
2 10840 12832
2 1711 4999
2 15606 16641
2 14946 8741
2 1294 2341
2 6934 10859
2 16913 12371
2 11682 1426
2 3781 16186
2 6433 7902
2 2453 1347
2 13348 8191
2 8 19629
2 18333 4882
2 9219 15546
2 17811 6330
2 17936 14736
2 13723 12297
2 11445 7074
2 8641 4428
2 6571 12739
2 6750 7915
2 5205 546
2 7888 19327
2 11731 17746
2 205 5390
2 4647 12509
2 16647 14044
2 14715 10015
2 712 1523
2 14433 12250
2 10740 12100
2 9510 18577
2 19319 13858
2 7341 18648
2 9126 17820
2 7765 6769
2 721 13324
2 10292 16838
2 11080 2660
2 6801 15187
2 4593 3385
2 18252 10139
2 3662 16011
2 14570 6144
2 6476 9283
2 7107 11398
2 12693 8322
2 6102 5472
2 11973 7217
2 2095 3799
2 18052 6664
2 959 11076
2 15038 8966
2 7653 2600
2 18604 1201
2 381 7732
2 17098 7994
2 4772 12132
2 728 18251
2 2404 11555
2 6859 1773
2 227 10825
2 14153 9929
2 12540 10137
2 3357 13738
2 807 7995
2 11337 353
2 2783 3503
2 6326 19604
2 14621 17964
2 18548 5569
2 18418 11122
2 16098 15993
2 11013 3213
2 468 13833
2 72 4832
2 6342 17271
2 12976 17078
2 380 11921
2 11178 18996
2 3293 1326
2 10069 2520
2 10487 4203
2 1373 10302
2 3895 7523
2 16061 3563
2 13044 4902
2 4908 6687
2 14615 13832
2 7446 9354
2 1818 14871
2 18267 11917
2 10830 5214
2 12373 1306
2 17035 615
2 17403 5035
2 7477 14912
2 3572 4830
2 18881 501
2 15648 4976
2 6442 3736
2 18918 11534
2 516 1057
2 4704 6403
2 4614 11473
2 5654 11055
2 18795 14810
2 2496 2473
2 8519 2465
2 10447 16943
2 5319 1770
2 9676 2677
2 9426 11862
2 1113 14777
2 9428 7248
2 9336 11300
2 17673 9349
2 15905 4825
2 10684 14947
2 2780 7803
2 12667 891
2 2290 12206
2 15690 17495
2 18377 411
2 17555 3308
2 19463 17501
2 12582 16525
2 18727 2007
2 2202 18212
2 137 12378
2 11744 2847
2 18700 11595
2 2467 8766
2 14689 9074
2 11095 15919
2 10021 18419
2 2342 635
2 7779 8623
2 7264 3350
2 12453 4455
2 8917 15327
2 14240 18052
2 13953 7814
2 2973 4108
2 3288 19504
2 3874 6427
2 19067 5627
2 11687 10502
2 10331 6140
2 6809 12418
2 6855 10875
2 7688 6462
2 14691 15288
2 333 831
2 10105 2877
2 1363 5391
2 8004 4721
2 2071 8554
2 5415 4214
2 1741 19942
2 13668 13712
2 2810 3917
2 2730 8883
2 4357 15939
2 14903 10539
2 854 17314
2 9294 13681
2 16213 17224
2 17378 12140
2 6364 10496
2 11615 14741
2 13531 16645
2 13387 11194
2 10336 8268
2 16437 5705
2 2769 19561
2 18681 14534
2 17232 7258
2 4485 8815
2 10811 19317
2 5131 14807
2 518 13722
2 6805 5986
2 8363 18789
2 2133 10060
2 12221 2376
2 519 2611
2 17017 15038
2 13753 17153
2 17586 14581
2 3236 14189
2 4780 380
2 19569 17039
2 14574 3002
2 18501 6030
2 2092 4344
2 5948 16322
2 4903 18638
2 11991 6278
2 19986 14895
2 19964 4231
2 11911 10370
2 19455 14646
2 14974 13845
2 13082 18236
2 1709 2865
2 1866 370
2 15183 18562
2 10881 11696
2 19933 3874
2 11681 1877
2 18274 16201
2 9395 15816
2 19364 14823
2 14956 11194
2 6169 5897
2 16212 10723
2 6052 2440
2 656 16264
2 4746 19112
2 3341 93
2 4426 2026
2 11032 2549
2 11649 2375
2 8351 10461
2 2439 9597
2 7103 16607
2 12630 16553
2 14812 17201
2 7436 12920
2 6063 2141
2 19233 15164
2 702 6413
2 6229 19609
2 1460 3714
2 13705 9131
2 14575 7606
2 10184 11658
2 9563 10413
2 1315 7279
2 3455 8226
2 12393 6799
2 1066 6807
2 3573 539
2 18102 7085
2 6438 13426
2 3608 18240
2 16064 19056
2 18343 14269
2 4387 991
2 12357 2380
2 9309 13100
2 7577 3379
2 3892 17109
2 9820 9303
2 13787 14251
2 1239 8932
2 12338 10769
2 10968 15561
2 12311 9724
2 7055 9693
2 8112 6960
2 8024 7368
2 5807 8402
2 4104 1588
2 3183 14427
2 15246 18044
2 19655 14112
2 17896 18616
2 6839 2423
2 7958 11604
2 2607 11625
2 7830 16154
2 220 18671
2 18382 12597
2 2801 12118
2 729 6043
2 677 8736
2 19352 15766
2 13280 16242
2 7438 12560
2 377 4871
2 16212 12603
2 15553 19345
2 10542 12312
2 14360 633
2 15109 9554
2 8569 10006
2 4767 16024
2 19156 10606
2 1519 6313
2 16398 692
2 10748 8574
2 19343 9767
2 7516 7347
2 14730 8412
2 16151 3917
2 6323 4076
2 17869 6277
2 10562 18515
2 17488 15356
2 15084 142
2 18484 5279
2 4017 5122
2 7063 17956
2 8609 7720
2 13068 6426
2 17436 12420
2 7881 4289
2 12428 11772
2 19848 4384
2 17633 3951
2 14888 12111
2 17606 5594
2 9048 15711
2 19860 18669
2 12395 1123
2 11543 4929
2 3232 12752
2 9720 8754
2 3582 10304
2 6658 13245
2 5955 17777
2 16443 7513
2 14069 16498
2 1848 10986
2 5688 16162
2 11150 14519
2 5293 11170
2 19546 3193
2 6346 18207
2 2172 581
2 18509 17169
2 14774 19217
2 10427 14546
2 578 16658
2 6777 9754
2 3876 11706
2 19819 14645
2 4632 18287
2 17068 3682
2 3149 3678
2 2148 15933
2 3377 16335
2 14780 3421
2 12221 5693
2 16683 5305
2 7703 18438
2 15911 6406
2 18804 2143
2 13004 11343
2 7374 13189
2 6360 4703
2 14153 4699
2 19945 1573
2 1930 18214
2 144 17469
2 4509 14893
2 19953 2555
2 5928 5694
2 676 12663
2 17225 10668
2 19406 586
2 4276 14290
2 4480 6982
2 3393 6150
2 18975 18981
2 1631 10574
2 17186 1087
2 10901 14902
2 10367 4784
2 19249 1850
2 2587 8476
2 17291 9418
2 4945 1374
2 18653 8913
2 11652 12892
2 11054 13383
2 3474 12095
2 5545 2753
2 2527 15821
2 2718 18906
2 19392 19368
2 13259 10795
2 12834 474
2 14373 19605
2 8211 10659
2 158 1994
2 9101 12949
2 10725 16418
2 8000 18475
2 4087 11143
2 19431 6377
2 14012 1637
2 11284 2757
2 12226 11014
2 18775 3214
2 6840 55
2 15251 6520
2 18322 18767
2 195 1107
2 1993 1110
2 17934 10176
2 10729 10697
2 10739 10502
2 19856 11510
2 16112 12482
2 11435 8650
2 17106 9178
2 13854 13497
2 897 14573
2 15525 19078
2 5318 13265
2 14179 2035
2 14438 6103
2 1098 14112
2 13067 5387
2 17311 6702
2 19632 8649
2 8328 19164
2 16762 6398
2 14462 10320
2 1612 19880
2 8854 11817
2 12881 8178
2 17775 11544
2 6257 10746
2 12263 17676
2 12039 17532
2 12727 16128
2 16869 2694
2 14140 18527
2 14738 18583
2 9122 19498
2 9451 4474
2 5552 74
2 13029 14824
2 2092 8229
2 14690 14743
2 1352 5310
2 6264 10776
2 14643 10380
2 8344 11932
2 9821 10360
2 10938 9884
2 4555 8149
2 13882 5354
2 3739 11463
2 14491 19048
2 15157 10475
2 14319 11627
2 14668 2834
2 18609 12557
2 19600 10479
2 9228 8149
2 8654 11224
2 19535 1822
2 15512 2162
2 332 10900
2 14952 9377
2 3544 6551
2 11231 14597
2 12556 5756
2 5025 7017
2 4106 15555
2 1156 3953
2 18620 10295
2 18026 15235
2 8268 8201
2 19212 5503
2 15508 3952
2 4920 8595
2 14625 8643
2 8434 7050
2 16469 3047
2 9909 6908
2 14706 19446
2 13424 9974
2 9732 7994
2 7291 12420
2 2682 2764
2 16440 18084
2 17158 2838
2 12386 11932
2 16924 7733
2 13687 9529
2 10745 11809
2 2364 18522
2 16135 1699
2 12213 5643
2 5871 15601
2 16909 2063
2 14492 608
2 14294 17018
2 172 1841
2 8372 9946
2 8618 19846
2 13662 10103
2 3257 16774
2 18807 5514
2 17596 19840
2 6888 11656
2 6497 12130
2 8406 1666
2 9894 12608
2 16730 17354
2 3047 4331
2 13839 6021
2 1706 11067
2 19975 2251
2 4043 15397
2 2220 18910
2 6943 15348
2 5436 5867
2 6669 7086
2 15473 1143
2 1884 12420
2 15489 3350
2 8154 1641
2 3502 1253
2 15206 6589
2 19886 6013
2 987 14427
2 14866 5536
2 15017 3684
2 16295 11984
2 12338 3525
2 12958 17122
2 17520 18045
2 657 12282
2 9966 16324
2 13198 14715
2 12406 3595
2 724 18115
2 12398 18744
2 1872 15403
2 1789 5302
2 5642 15594
2 5792 8979
2 7873 17344
2 13539 13987
2 19427 3294
2 6491 2482
2 3597 1911
2 3209 13757
2 4908 10214
2 3723 19890
2 11203 8629
2 5156 11418
2 8548 4189
2 15843 5664
2 7808 5212
2 14060 335
2 10948 10968
2 8919 7959
2 10188 15245
2 14233 19102
2 12926 6751
2 17168 4436
2 504 10658
2 18289 15414
2 19701 483
2 13536 9295
2 547 5836
2 14824 16367
2 19055 4256
2 9596 5835
2 6550 19478
2 2913 15702
2 12081 18838
2 10503 583
2 1042 5549
2 14881 13362
2 8387 9791
2 9560 649
2 9144 8475
2 18260 18210
2 9132 1469
2 10091 1177
2 8567 16364
2 13870 6750
2 2242 5897
2 14654 19584
2 12513 11730
2 10147 15504
2 15822 6623
2 2787 7909
2 15443 17545
2 8630 14082
2 3979 1851
2 4158 4385
2 17171 7365
2 347 9501
2 11970 12148
2 5069 18438
2 11478 18482
2 2259 11884
2 10779 9332
2 993 5903
2 17450 1595
2 1081 16912
2 6360 18903
2 9856 877
2 17203 10933
2 988 1769
2 8565 10073
2 4396 10171
2 7056 19619
2 15551 12952
2 9513 15572
2 11090 18576
2 10022 13049
2 4373 2396
2 6501 6531
2 955 2300
2 5903 7715
2 13524 11928
2 7928 4413
2 15497 11231
2 14500 10376
2 366 9873
2 6518 4695
2 12764 5527
2 4227 18139
2 19435 19650
2 7884 12128
2 7096 14624
2 10002 9175
2 14970 15095
2 5119 897
2 4142 5227
2 2159 9833
2 4692 19300
2 18347 13423
2 12148 19130
2 19551 19023
2 895 7526
2 15878 19817
2 11318 11728
2 10164 4631
2 9369 4685
2 1807 16579
2 17323 5404
2 2835 7997
2 7903 1825
2 15932 15852
2 8480 2719
2 18546 5187
2 2993 1078
2 1106 4692
2 14062 2467
2 12064 8956
2 1814 15947
2 6083 967
2 15828 185
2 16658 1945
2 17371 4518
2 3292 462
2 10570 11863
2 13529 1227
2 11749 6194
2 13095 19161
2 9488 16269
2 8892 1156
2 7375 4830
2 10604 14578
2 15687 6708
2 1621 6141
2 8425 1936
2 19638 14439
2 19259 5368
2 4138 12267
2 2928 18562
2 1076 13698
2 4420 10599
2 17151 14329
2 414 3743
2 11744 4744
2 14432 1461
2 119 11743
2 11581 6552
2 18592 14715
2 5154 8529
2 4368 13559
2 4694 8793
2 4756 2741
2 14700 15827
2 10575 14816
2 1058 481
2 380 16578
2 17441 6780
2 11614 17309
2 11123 17501
2 9462 6571
2 12080 11256
2 15753 18856
2 673 19261
2 7416 11686
2 11667 11728
2 3574 11930
2 11510 11129
2 9483 16297
2 3652 2716
2 648 576
2 9679 11965
2 19049 14484
2 19783 16358
2 6727 9569
2 2186 6666
2 17282 5618
2 19090 5240
2 10419 1599
2 13928 15031
2 6892 18168
2 4245 4873
2 2942 10303
2 15368 14281
2 1770 9364
2 19712 240
2 18645 2046
2 18229 16934
2 12349 17631
2 12745 17565
2 3636 10553
2 5482 6483
2 6106 15860
2 12180 14386
2 12119 13371
2 12905 8781
2 3249 13776
2 18764 14345
2 16820 16302
2 11654 4529
2 18575 12286
2 8742 8567
2 12471 11409
2 8727 16454
2 17250 9111
2 612 5462
2 18289 13221
2 18566 19439
2 16788 7899
2 9782 14832
2 15431 5205
2 9432 10561
2 8256 18069
2 14628 17425
2 19299 13429
2 11696 11972
2 5500 11274
2 19908 10633
2 11936 327
2 14644 15808
2 17075 14085
2 17213 7169
2 2877 6391
2 11710 5214
2 12144 731
2 15393 3056
2 17559 18943
2 18071 10554
2 15857 9062
2 4467 1963
2 8014 333
2 15195 19024
2 1942 1735
2 13379 16169
2 13220 16379
2 4227 19257
2 11302 342
2 1160 6809
2 1638 11552
2 11530 9314
2 18590 15066
2 306 13896
2 5229 8049
2 12228 4020
2 19984 7772
2 13703 18845
2 15505 12995
2 11956 4906
2 13849 13830
2 1577 8422
2 9109 18031
2 12032 2963
2 18787 3064
2 6074 13360
2 14729 88
2 15283 7333
2 13564 10317
2 14411 18608
2 9325 578
2 6907 2937
2 18469 8909
2 1649 7233
2 7183 12982
2 2352 4806
2 16165 18462
2 4440 17157
2 19755 1482
2 13838 10843
2 11310 3846
2 538 524
2 6276 11777
2 12333 13615
2 1884 5690
2 3206 15687
2 2159 1332
2 13087 3278
2 9086 9277
2 19637 16240
2 14857 3463
2 2854 11159
2 4206 10283
2 2797 12942
2 616 15275
2 7083 100
2 13145 18566
2 5946 816
2 4551 1199
2 3260 13510
2 68 4188
2 7971 1372
2 15765 4344
2 2604 6858
2 8928 17349
2 7565 10660
2 18688 14332
2 119 4782
2 1887 18618
2 9604 16596
2 10040 8000
2 69 13798
2 7057 7856
2 5798 5864
2 527 14260
2 6390 1969
2 15185 15410
2 11880 5191
2 16308 18453
2 11728 7657
2 9479 9775
2 7799 1727
2 3269 257
2 15441 10119
2 19810 828
2 3923 13983
2 15106 11263
2 17960 18575
2 12941 6969
2 19478 6638
2 9565 3233
2 16573 11670
2 8298 19264
2 12105 16478
2 9039 14854
2 13518 6236
2 4923 17738
2 15024 17192
2 4343 798
2 2542 15163
2 19898 10275
2 10276 13315
2 15753 13811
2 1154 2540
2 16683 15962
2 19645 8047
2 16070 8222
2 12910 19666
2 10675 1339
2 15843 7909
2 17256 2087
2 7683 9091
2 6479 17580
2 7898 18397
2 17366 10889
2 7370 11273
2 256 14750
2 17982 12958
2 9176 5071
2 262 17744
2 7793 12928
2 6498 5903
2 12472 8070
2 1026 16970
2 13067 6734
2 14347 306
2 14702 12975
2 6564 8677
2 7680 15641
2 11621 17461
2 8045 5159
2 19701 17086
2 12003 6054
2 12519 19422
2 6118 6566
2 9959 745
2 16013 10662
2 15233 7194
2 18987 18101
2 12866 13346
2 15387 10555
2 1913 17442
2 16026 944
2 18734 6128
2 12955 10164
2 18891 19942
2 3260 14415
2 4702 17587
2 2024 17902
2 7091 5460
2 975 13406
2 8267 7895
2 4393 5836
2 1627 10605
2 10169 13233
2 17889 10865
2 18194 2108
2 546 18503
2 11753 597
2 18920 693
2 496 10639
2 5211 17236
2 16257 8798
2 12370 16994
2 17178 16812
2 1865 10228
2 15123 12550
2 19784 5561
2 17700 14263
2 18349 17672
2 10572 10317
2 19067 15517
2 10822 18485
2 19466 12966
2 14291 3844
2 11116 16667
2 12307 6427
2 6292 1523
2 5540 12515
2 8824 18183
2 14757 2650
2 15698 1203
2 5538 14096
2 6012 5411
2 19071 10416
2 6043 6414
2 7686 13137
2 12341 7220
2 15388 7956
2 7521 17593
2 5511 19172
2 8221 9888
2 19516 8632
2 3081 10165
2 1953 19488
2 8969 17446
2 18421 18810
2 5299 2549
2 14885 9572
2 5068 313
2 17575 9598
2 8231 3957
2 12689 9176
2 9490 15740
2 10808 2949
2 14309 17317
2 6997 18919
2 1727 3615
2 6380 955
2 15758 13146
2 14091 11055
2 13347 6200
2 8214 774
2 5358 772
2 14188 18990
2 7210 7563
2 16537 16095
2 10908 11726
2 6263 87
2 15145 18496
2 8165 8074
2 10988 16187
2 3585 8966
2 14568 8576
2 14660 4004
2 8862 14457
2 11633 2166
2 13654 18966
2 17818 19589
2 14977 6210
2 9313 19401
2 3946 12611
2 15177 16055
2 17577 4910
2 19984 3285
2 8821 10749
2 11586 18791
2 4612 5317
2 17811 9985
2 211 4474
2 1276 2350
2 19946 19760
2 12812 1274
2 12343 7571
2 823 627
2 7921 2399
2 13987 1650
2 14730 842
2 4847 6248
2 4939 19542
2 2982 17667
2 13853 6281
2 735 13001
2 4951 14885
2 344 6355
2 16578 5283
2 5787 15914
2 10619 18745
2 14711 1893
2 15493 11922
2 13880 2984
2 5137 8726
2 18709 14826
2 4038 669
2 5210 2532
2 1334 2444
2 11325 17491
2 8126 8362
2 3995 10771
2 18447 19497
2 3663 3430
2 3744 9815
2 13636 1377
2 9008 8391
2 5920 5701
2 7886 13581
2 9337 19121
2 1813 10663
2 14659 10355
2 18539 14260
2 19630 16870
2 19991 15091
2 10338 18092
2 15363 3164
2 68 18907
2 1945 16930
2 15366 3306
2 779 3447
2 17064 12694
2 2084 431
2 486 14575
2 13059 10528
2 3278 6696
2 5945 9912
2 19251 4321
2 5765 877
2 14686 16526
2 6972 14500
2 15296 10737
2 9560 3875
2 8025 1532
2 6126 1485
2 17422 16478
2 12193 18984
2 4910 16487
2 1944 13474
2 3604 18630
2 3569 901
2 16645 5518
2 950 13518
2 12001 15267
2 15591 14014
2 4727 14192
2 7113 18217
2 7297 19757
2 8167 11870
2 18489 18583
2 3505 8320
2 2335 16410
2 3055 12629
2 12846 2539
2 13441 3133
2 12737 4814
2 4690 902
2 14685 463
2 822 19403
2 7344 7763
2 4248 141
2 16431 907
2 18878 7266
2 10614 15847
2 16524 1954
2 3246 15283
2 5961 9852
2 11623 12726
2 5481 6196
2 17378 12027
2 15428 12642
2 16438 7664
2 10480 19386
2 5298 19122
2 5984 18981
2 2578 17414
2 9604 17331
2 1266 5398
2 12227 12260
2 5135 6875
2 3057 10051
2 15935 18832
2 12781 2230
2 10775 6060
2 7669 18717
2 13467 14276
2 10470 15684
2 1281 257
2 4316 10243
2 389 19947
2 18258 1189
2 8022 19732
2 14072 11074
2 9594 15480
2 1341 13426
2 850 15818
2 12930 13583
2 14526 3754
2 779 5636
2 14196 14747
2 15663 13350
2 9320 2235
2 7288 2193
2 3422 19838
2 6144 492
2 13122 16420
2 12399 9788
2 6548 2861
2 1523 15186
2 3269 7791
2 2110 1494
2 18935 4504
2 10994 9013
2 4086 4376
2 9688 1155
2 13268 1887
2 3638 5251
2 7048 19689
2 12552 19878
2 12180 56
2 19561 1311
2 13612 9141
2 8422 15366
2 19677 11719
2 10850 16194
2 7782 19608
2 6518 13059
2 251 12671
2 8607 13383
2 17838 5149
2 12850 326
2 18385 15022
2 13314 9009
2 11160 16696
2 16462 15553
2 16692 13025
2 15423 9092
2 7596 5622
2 9102 19298
2 17777 18870
2 8097 15645
2 18519 18073
2 6057 18158
2 5002 6722
2 7776 19591
2 18505 8863
2 13298 8944
2 1392 10257
2 1265 12637
2 8318 18864
2 18846 10896
2 7623 13123
2 13298 833
2 10349 334
2 9402 1058
2 19915 3489
2 3218 9430
2 11820 13653
2 8936 16118
2 2928 15032
2 14124 2741
2 12852 2523
2 10107 14451
2 1990 13484
2 9941 14865
2 1640 6247
2 7744 3908
2 8654 7454
2 7469 19963
2 16802 15920
2 10865 287
2 12203 16273
2 502 9203
2 12529 19408
2 3655 140
2 7571 18663
2 1981 13830
2 14981 10559
2 7040 16097
2 15808 15200
2 13062 4667
2 8466 13478
2 14416 9462
2 12372 14485
2 15184 6673
2 495 11962
2 19103 16017
2 1777 15475
2 19406 13621
2 5905 1927
2 17082 6611
2 5247 1658
2 19423 5883
2 23 9606
2 9631 12307
2 12377 19037
2 3289 11557
2 18264 10331
2 8480 14138
2 11984 5880
2 10192 16737
2 5492 10163
2 8146 613
2 10126 5032
2 15186 16321
2 1013 5068
2 8242 8232
2 19321 16948
2 5324 12609
2 19517 18727
2 9432 3845
2 10804 17708
2 10729 460
2 1219 5236
2 7827 1039
2 12111 17006
2 1809 5344
2 19388 11118
2 1383 15925
2 13026 15418
2 3863 11986
2 15261 2618
2 5679 4037
2 11021 10802
2 19898 17664
2 4586 7820
2 11712 6703
2 18847 9631
2 4768 8563
2 17701 9290
2 10051 2959
2 13712 4457
2 18118 9661
2 16454 8792
2 1813 5009
2 5701 15761
2 14251 5838
2 17582 12980
2 19780 14878
2 15478 17485
2 1565 4433
2 12755 6471
2 19762 7946
2 2488 15700
2 6112 11136
2 3777 10517
2 5171 19924
2 19453 16207
2 8246 14987
2 18905 10446
2 12592 6229
2 19998 8097
2 14766 9265
2 14214 14276
2 13291 9157
2 399 15142
2 11826 3514
2 1659 18071
2 17075 15167
2 1919 18362
2 7903 18814
2 6351 7383
2 3675 15925
2 2240 6024
2 15967 3464
2 6351 17471
2 15552 13477
2 5970 11373
2 17388 3977
2 4121 9625
2 19221 2806
2 10091 16316
2 1460 5941
2 14398 17926
2 10070 201
2 8739 15577
2 18319 12911
2 5345 3075
2 3722 7347
2 19783 6392
2 11210 14040
2 5506 16580
2 621 9610
2 15899 9138
2 11605 2610
2 5566 1167
2 14937 11731
2 13657 11505
2 19448 5826
2 18607 16743
2 16301 10361
2 14364 6365
2 10734 17844
2 8796 1172
2 10966 10336
2 19943 3900
2 10736 7171
2 17580 18854
2 6718 17603
2 4254 6186
2 7448 11096
2 17069 4198
2 17911 16403
2 15947 10225
2 19052 9224
2 17622 2894
2 13588 15031
2 2410 7862
2 10350 18220
2 2113 18819
2 7408 18719
2 16237 9115
2 18508 812
2 6952 12261
2 14205 6901
2 19017 19445
2 13065 13022
2 5258 12207
2 11178 1357
2 2300 9115
2 15947 16779
2 8387 13906
2 16319 11052
2 19879 2326
2 2104 9059
2 15230 3335
2 5390 1390
2 19090 4346
2 1584 17193
2 12456 7264
2 11264 16854
2 9966 5968
2 16942 2079
2 12738 16234
2 12471 13495
2 8452 6986
2 13862 337
2 15441 2490
2 17333 6715
2 4907 17867
2 8808 451
2 17510 17032
2 18682 18364
2 14915 8985
2 3626 11676
2 6871 7146
2 16074 17621
2 3349 2490
2 5031 9843
2 7751 11733
2 10718 1822
2 13695 11929
2 14805 12763
2 698 2010
2 4993 5372
2 7396 2003
2 19288 7337
2 3647 537
2 2020 19894
2 16976 5632
2 5878 11581
2 14968 13212
2 19319 2572
2 15366 17721
2 19051 5999
2 18850 13470
2 5088 3806
2 14157 3908
2 137 19673
2 15061 19198
2 12859 15202
2 8270 3521
2 7784 9532
2 14352 4829
2 13553 19125
2 14389 19432
2 12474 14086
2 1379 232
2 1632 15952
2 10598 14066
2 9834 7592
2 9102 14822
2 9902 4805
2 9867 5797
2 5904 2926
2 10666 15405
2 3400 2100
2 2586 8267
2 8400 12500
2 17907 16089
2 19670 2597
2 2253 8240
2 18201 9029
2 8224 16456
2 13384 5804
2 4730 19841
2 15652 488
2 8493 12222
2 5841 9711
2 18161 7367
2 11819 15308
2 6253 11121
2 15893 12461
2 16847 2045
2 987 15516
2 3135 9621
2 6218 2891
2 2999 2395
2 13568 19060
2 15956 6012
2 15208 18537
2 4880 17917
2 12861 13102
2 18630 529
2 96 2528
2 4630 14776
2 12426 19235
2 2618 11975
2 4611 8055
2 19231 7034
2 10737 1227
2 7483 1033
2 941 18387
2 9157 4502
2 16911 17962
2 3353 5547
2 12450 19922
2 3692 8024
2 1929 11598
2 1931 12418
2 16927 5732
2 16070 1872
2 5944 15276
2 18978 10026
2 10895 9516
2 19320 6095
2 19024 17129
2 8678 822
2 6605 14054
2 8150 7823
2 5565 13113
2 13924 14962
2 14370 4382
2 15733 4494
2 7071 10781
2 19888 2490
2 5001 3798
2 5062 11363
2 8752 1472
2 3486 11810
2 667 2857
2 5771 6906
2 4919 3695
2 1542 13304
2 6255 9246
2 19247 10545
2 11838 15452
2 16540 19573
2 2841 11365
2 11063 14370
2 5335 4738
2 13457 2569
2 19425 11476
2 8824 14404
2 3227 18386
2 3073 2719
2 17922 9298
2 4333 14005
2 3062 15458
2 14649 13344
2 14319 10295
2 15343 4150
2 5838 14099
2 3650 12914
2 345 15704
2 2814 13469
2 12377 10980
2 9092 9236
2 6173 19456
2 1889 491
2 9779 454
2 17048 8649
2 15645 11318
2 19480 11061
2 14524 10910
2 15248 1140
2 6743 7215
2 14090 12731
2 16786 1697
2 16760 9244
2 17258 9961
2 18577 351
2 5634 13425
2 5189 14606
2 6440 17441
2 2110 11499
2 13249 5158
2 10230 4431
2 15867 15397
2 14940 13881
2 14904 17224
2 10986 10026
2 11392 14572
2 16839 19534
2 7130 274
2 17786 16815
2 10368 7407
2 5156 14028
2 913 16564
2 719 12865
2 14404 15989
2 1475 9695
2 6489 8667
2 5048 12243
2 14158 8330
2 140 7569
2 14821 4185
2 2909 1107
2 10225 9408
2 1921 8652
2 13944 1851
2 18496 15732
2 16085 6649
2 16568 18668
2 16047 10011
2 6669 11160
2 11869 4220
2 17507 11429
2 13211 7708
2 4876 8226
2 4963 11368
2 14138 12772
2 10407 17322
2 4607 15746
2 3706 2114
2 18460 7759
2 12171 16944
2 434 9120
2 17525 12839
2 12668 9963
2 6439 15536
2 2856 19198
2 17727 15941
2 10568 8668
2 19739 5081
2 3377 6627
2 1828 6519
2 16814 9020
2 7359 19302
2 10370 17535
2 15759 10992
2 664 19399
2 8308 6182
2 172 6609
2 11950 9355
2 16964 7381
2 11894 1923
2 17985 3070
2 3495 12408
2 4322 19279
2 13433 19711
2 12375 15391
2 1504 14711
2 3880 1533
2 19129 7609
2 18205 422
2 11403 1369
2 8218 3542
2 16914 14226
2 10929 14239
2 18206 2812
2 3911 462
2 19085 1776
2 17447 16307
2 6757 15074
2 13800 12327
2 18452 11908
2 8735 10544
2 10469 6406
2 7410 19179
2 4122 19162
2 884 17668
2 14197 15995
2 1675 5607
2 4058 16905
2 8833 12126
2 7545 18677
2 4863 17011
2 9518 2589
2 16926 2382
2 1427 7778
2 715 1463
2 7724 184
2 15844 17824
2 9758 12022
2 4314 11677
2 1661 10394
2 13765 7463
2 6146 11651
2 18772 12537
2 4478 15072
2 4302 7332
2 9444 16412
2 17037 4570
2 4046 8364
2 9628 11220
2 12467 15646
2 11162 13761
2 17475 9130
2 19653 674
2 631 3909
2 19357 12207
2 8057 15635
2 9 15329
2 3367 647
2 10803 7647
2 6200 474
2 11895 12109
2 19315 15335
2 10640 9581
2 15637 19821
2 374 2707
2 18277 14688
2 11342 13951
2 7174 6785
2 5745 6543
2 18703 10449
2 12224 17323
2 16344 15095
2 17682 13156
2 10661 15412
2 10482 5665
2 10683 15157
2 7105 6516
2 3424 2308
2 12151 11525
2 14061 3832
2 10742 15531
2 4628 13869
2 1881 18636
2 6670 17043
2 6096 10814
2 3390 4947
2 14243 15165
2 17730 10900
2 16456 17082
2 10354 9885
2 6917 19435
2 10458 10746
2 16932 8207
2 12071 4787
2 18755 9258
2 18562 4387
2 4865 13548
2 1422 15206
2 15260 5462
2 5102 9064
2 15524 5669
2 11130 7625
2 15710 15827
2 4394 13916
2 17674 2566
2 70 16628
2 19466 9200
2 7423 9369
2 13740 15467
2 16004 11837
2 7406 17022
2 8826 2827
2 13394 18088
2 11754 19729
2 13002 124
2 4736 15497
2 2710 3308
2 9064 7431
2 17989 2595
2 17634 13527
2 1603 8036
2 523 6163
2 13095 8698
2 12519 8231
2 931 15109
2 8651 18058
2 5516 14559
2 1243 11928
2 2782 14117
2 2301 7471
2 3896 11040
2 2411 14814
2 16945 17683
2 13670 11656
2 16574 13859
2 8494 16702
2 14983 2677
2 10513 13096
2 4620 18271
2 16540 9207
2 7673 7315
2 5247 3014
2 1422 15189
2 11328 7386
2 11655 10466
2 18032 14458
2 19180 14012
2 7391 15308
2 18397 5464
2 17558 14793
2 10723 403
2 3118 12739
2 6964 3501
2 4821 10998
2 11686 17924
2 14707 19919
2 12872 12352
2 14338 13744
2 4517 1218
2 19571 2844
2 6171 3359
2 9481 8143
2 8086 2472
2 13988 8965
2 2059 5508
2 14442 4252
2 7189 7824
2 6729 11106
2 15289 7721
2 862 8966
2 8631 14444
2 5250 16649
2 12274 13494
2 18416 18350
2 14500 8445
2 13258 5908
2 5665 17485
2 6250 12469
2 14333 8688
2 2209 12969
2 8613 5864
2 1374 12514
2 4286 18734
2 14783 6548
2 827 19150
2 8218 7006
2 18970 898
2 18897 8457
2 1135 18176
2 13804 17316
2 5368 6395
2 17142 15124
2 1861 4085
2 763 10224
2 13217 11221
2 6734 252
2 16973 7212
2 5858 3824
2 18604 13745
2 14515 4843
2 18372 12612
2 19151 5268
2 18981 11525
2 19409 9354
2 5017 15181
2 6382 19842
2 1326 4362
2 6341 2015
2 12239 2928
2 4221 12809
2 1694 12439
2 4173 12622
2 3631 9496
2 19744 794
2 13848 3585
2 19348 16622
2 7919 13711
2 9113 1894
2 16657 11342
2 7129 17277
2 6206 53
2 8191 8557
2 4862 15631
2 19326 155
2 11123 420
2 7705 1928
2 834 4237
2 8472 18533
2 3402 4597
2 11444 6882
2 8984 7344
2 7082 5936
2 11935 4546
2 18309 16108
2 1823 16420
2 15623 3480
2 14444 1650
2 8365 19417
2 3638 12831
2 6876 6865
2 16666 7495
2 1951 15327
2 13033 15365
2 7629 573
2 17178 7912
2 3374 5325
2 10465 19612
2 2032 5536
2 18036 10711
2 11273 12751
2 1525 16506
2 6765 17355
2 16229 6560
2 619 16255
2 19067 11172
2 9185 3957
2 13924 18969
2 3011 421
2 9281 12538
2 1269 6025
2 5159 2950
2 698 10313
2 9195 9767
2 1857 4623
2 14090 10840
2 19461 10398
2 16228 4822
2 12879 2121
2 12373 17969
2 2275 12547
2 2978 14098
2 11845 12845
2 7234 6541
2 19692 16797
2 14615 6317
2 871 13169
2 16676 10453
2 8548 16951
2 335 14713
2 7100 2419
2 13577 18531
2 4434 14931
2 11213 15970
2 2401 12832
2 18543 2573
2 10747 6190
2 2365 16452
2 3517 2734
2 8922 10055
2 1185 14427
2 11145 15301
2 16697 10293
2 6271 19923
2 16274 16297
2 19640 19101
2 18251 12185
2 11495 4691
2 7243 14584
2 8621 6995
2 10918 3480
2 18557 11136
2 4173 7056
2 16024 14605
2 4546 17051
2 15531 9639
2 6344 7431
2 10952 204
2 1174 7814
2 12035 4064
2 6205 1719
2 9277 1772
2 13624 6562
2 4963 15377
2 4658 14318
2 12605 13098
2 16636 15857
2 15241 2612
2 17581 5250
2 15592 7062
2 17219 13650
2 16443 11064
2 7532 19468
2 2285 6590
2 16317 19536
2 17341 5680
2 1988 261
2 1686 1763
2 17244 455
2 17775 9612
2 6209 2221
2 14916 5616
2 6484 16908
2 3915 16243
2 16156 13454
2 2181 14491
2 2609 6417
2 11452 19677
2 6902 11328
2 6987 17858
2 6219 14625
2 15535 2400
2 3622 996
2 2761 3709
2 3746 14892
2 5945 19118
2 11729 17405
2 449 762
2 4965 2195
2 7293 6518
2 10114 13747
2 1106 18049
2 7149 19727
2 5349 19118
2 11014 9159
2 8887 13065
2 18063 10640
2 1509 17285
2 18839 2290
2 11463 18248
2 16711 7349
2 10869 10061
2 12669 12324
2 6836 1987
2 2835 14933
2 15814 2807
2 4130 8847
2 16799 17528
2 18065 9864
2 2688 9540
2 265 19369
2 6253 10929
2 15437 15497
2 3682 4682
2 3186 10866
2 15863 17168
2 14136 2328
2 11665 9220
2 19878 7961
2 590 7107
2 3 14875
2 17550 16602
2 2048 17910
2 18840 16288
2 9822 11643
2 1792 17232
2 14691 18390
2 18064 11049
2 16884 7509
2 10684 11651
2 10237 3628
2 17983 11721
2 6607 14518
2 13436 5051
2 8014 18884
2 6272 14722
2 17269 6516
2 13155 6082
2 9047 4051
2 9080 19510
2 3764 10919
2 7583 5574
2 25 16578
2 15058 10720
2 17145 10158
2 12465 4311
2 8806 14984
2 10084 3294
2 13065 19124
2 9844 17196
2 4355 10744
2 4427 4251
2 10412 17462
2 7332 2458
2 9570 12698
2 10357 14084
2 11058 1132
2 9493 19680
2 15486 5865
2 17013 3326
2 1268 11441
2 19379 7810
2 145 15089
2 6838 14269
2 3032 19929
2 4123 1928
2 4877 9422
2 1449 7178
2 12242 18409
2 2822 456
2 11588 3545
2 9962 3203
2 1381 15167
2 9322 12192
2 13242 18417
2 7353 17578
2 13029 12697
2 11757 16081
2 1373 14756
2 9341 16636
2 8096 10449
2 3816 5462
2 908 9814
2 8541 2
2 9428 6774
2 14299 19410
2 17455 615
2 7236 10930
2 619 18035
2 5193 18802
2 14838 15667
2 8287 6588
2 6831 6814
2 68 12030
2 1832 10006
2 13053 1568
2 19864 4537
2 2022 13948
2 1567 7109
2 12756 13858
2 12710 422
2 3921 6906
2 10395 2266
2 14815 13067
2 10212 13266
2 5997 2782
2 6360 7738
2 5718 12284
2 15846 7825
2 1114 15691
2 8967 10112
2 10355 477
2 4580 18617
2 11084 3537
2 18932 15463
2 15224 3391
2 13274 9099
2 7259 8971
2 15588 9021
2 19797 17093
2 9310 13785
2 17348 573
2 15674 12892
2 2564 17722
2 16564 14979
2 8543 9291
2 19051 2751
2 4294 2224
2 13467 19924
2 14793 17893
2 4675 9912
2 9485 1508
2 11120 14653
2 18201 3064
2 10201 3621
2 7451 15477
2 12976 15525
2 9099 755
2 19365 16059
2 15692 12999
2 529 2171
2 17462 9331
2 10043 579
2 10201 6644
2 8630 18633
2 5747 10022
2 6541 1542
2 17154 13687
2 11445 10277
2 1816 15258
2 19419 3215
2 12530 14656
2 8927 594
2 8787 18320
2 8876 15202
2 8279 6684
2 14356 8431
2 7875 16182
2 15075 6088
2 3155 8874
2 1050 19427
2 6129 12844
2 1594 17720
2 6716 13245
2 19997 7337
2 1749 10973
2 12400 4164
2 6052 133
2 15322 8990
2 10825 17400
2 5161 16833
2 505 6340
2 14720 3453
2 8838 10913
2 13096 13542
2 12569 2776
2 1067 9030
2 11145 13533
2 5030 3878
2 2473 18306
2 11785 13493
2 8470 7292
2 3015 8114
2 17833 17133
2 3249 6051
2 7174 2646
2 15418 6951
2 18074 928
2 12953 6868
2 10252 3081
2 675 7253
2 5149 14837
2 9415 13440
2 13300 11455
2 14744 11072
2 13018 19288
2 18023 15720
2 17463 18116
2 7777 10835
2 18046 14841
2 6489 3204
2 14985 7590
2 18276 2723
2 12311 10667
2 3461 10652
2 8932 9497
2 2238 11179
2 16584 3294
2 12555 16125
2 4222 13263
2 7631 17825
2 7020 13611
2 11983 17259
2 3067 16101
2 18626 19984
2 12299 11843
2 5939 16705
2 8324 6834
2 16078 10567
2 10049 15427
2 17539 4158
2 11444 13822
2 11205 1008
2 9893 14427
2 15541 7168
2 2819 5446
2 19905 14511
2 18689 8482
2 7798 5334
2 8340 13280
2 19584 14924
2 2066 6400
2 7834 3898
2 18523 3825
2 11207 11275
2 1846 1817
2 10137 7578
2 4198 6972
2 9268 19308
2 9836 18983
2 13047 3900
2 4028 10471
2 966 16548
2 17479 19592
2 4781 11499
2 8426 18433
2 15824 13183
2 2982 15892
2 2948 18480
2 7559 172
2 10068 526
2 3605 12722
2 10900 2593
2 14994 12287
2 7880 10840
2 1180 10769
2 10644 13684
2 14892 10322
2 12753 9197
2 15488 1213
2 11102 10585
2 10805 2979
2 7153 8570
2 8000 9702
2 6882 16414
2 11839 7891
2 19865 7205
2 5739 8348
2 14572 4723
2 2832 5744
2 17416 9728
2 11363 2552
2 16723 10192
2 4407 10366
2 12699 3857
2 570 3921
2 11656 9020
2 9851 12753
2 9798 16342
2 15819 6256
2 8792 19878
2 1956 3489
2 13986 4951
2 16771 13073
2 7938 1855
2 16080 12921
2 17781 2724
2 16852 14655
2 13976 12896
2 4085 1423
2 5122 6878
2 2245 14750
2 3257 12024
2 15179 2873
2 2196 17473
2 5032 3489
2 12419 8939
2 5959 16943
2 14212 1357
2 5005 3450
2 12693 8756
2 10433 9470
2 16662 10296
2 6425 19431
2 4025 733
2 6613 11529
2 13740 9376
2 13590 10953
2 5809 11024
2 7824 2322
2 19423 16128
2 10419 8193
2 9289 4413
2 9275 10568
2 7385 1558
2 18704 17260
2 19446 8800
2 11307 5855
2 19757 2307
2 19 16056
2 7387 8756
2 7186 7532
2 6181 2324
2 14475 4476
2 15902 5580
2 12209 3637
2 4627 4490
2 5472 10044
2 469 3388
2 19132 16633
2 3393 702
2 4124 19759
2 4924 14324
2 7523 8715
2 6936 16042
2 15692 15214
2 1735 19508
2 19199 3691
2 7168 2573
2 6746 16599
2 19338 4675
2 821 9920
2 11033 7331
2 13498 10264
2 3100 16410
2 8558 12021
2 15428 13956
2 14824 6555
2 19688 1360
2 15490 13578
2 15982 15006
2 18641 6839
2 12921 16507
2 2123 1377
2 2689 16808
2 7343 12748
2 5598 9648
2 6185 13801
2 7042 4945
2 1401 17066
2 6267 8984
2 16134 18825
2 17764 14366
2 15213 11870
2 3666 17813
2 5624 14340
2 7374 10431
2 7044 4823
2 6459 5856
2 11694 17617
2 13102 11379
2 6593 2272
2 9786 7685
2 11579 18858
2 8635 19121
2 9376 1754
2 13018 9132
2 3104 5709
2 16243 577
2 11441 17083
2 13681 9807
2 14594 6362
2 2253 446
2 7600 6241
2 3608 13444
2 7572 17657
2 8426 14910
2 8286 11166
2 2677 229
2 8380 8238
2 5094 745
2 18110 15843
2 19132 1566
2 4085 2673
2 9375 239
2 5412 5175
2 7012 18748
2 16566 15762
2 19585 17427
2 19777 16192
2 9086 10838
2 5403 11692
2 7895 12877
2 12257 13136
2 3285 6050
2 14100 9112
2 10704 16674
2 13373 10875
2 17219 17551
2 19159 1319
2 11727 10127
2 11132 16847
2 19910 14643
2 13862 1290
2 5390 17452
2 19171 16670
2 14904 732
2 6691 7291
2 8256 2514
2 6259 18090
2 14453 18788
2 6993 9208
2 6313 10592
2 4860 2084
2 3356 2475
2 3209 18089
2 6754 19986
2 2305 4453
2 5880 7638
2 11627 12423
2 11308 8724
2 7859 16872
2 8134 11826
2 1961 1724
2 9586 12187
2 7437 7678
2 12081 4932
2 6619 17990
2 18842 200
2 5859 13965
2 6776 11972
2 6552 318
2 14657 12960
2 15120 13001
2 11245 21
2 4343 11823
2 720 15088
2 8670 18260
2 7672 9665
2 19763 2107
2 3036 11198
2 16282 5716
2 1927 19260
2 13421 8753
2 12828 18970
2 13892 19656
2 2728 19969
2 12678 8357
2 2461 10291
2 18667 14848
2 7285 14302
2 11452 15569
2 11625 18730
2 11180 7901
2 19630 18562
2 4237 16128
2 12038 16276
2 2832 1783
2 3516 16779
2 6942 5868
2 15440 18674
2 18640 8463
2 3846 14485
2 14534 2817
2 6326 9951
2 19072 11090
2 6201 4735
2 11459 16852
2 3799 667
2 4597 19184
2 8188 4505
2 2432 12779
2 14005 16649
2 17935 7886
2 13438 11106
2 15366 16484
2 9153 6668
2 13138 12720
2 15845 12526
2 696 3377
2 11106 19868
2 13452 14763
2 18348 19858
2 14948 13153
2 13969 2784
2 6649 3782
2 10140 15495
2 16579 14914
2 18609 6264
2 16788 10253
2 10281 6841
2 11058 13308
2 6600 9920
2 12718 14301
2 12665 7253
2 5399 8932
2 17277 3401
2 12464 5953
2 8350 603
2 17862 11651
2 7753 4816
2 10349 10818
2 11653 14117
2 6126 3729
2 15437 4761
2 17462 18630
2 19287 5078
2 6802 994
2 713 17851
2 1344 8002
2 19520 7434
2 15272 10677
2 11343 1400
2 18511 16099
2 19365 14952
2 14939 8763
2 711 10354
2 18632 14632
2 2036 11108
2 14656 7774
2 1673 10868
2 16421 6815
2 10527 18153
2 11942 14041
2 15021 18805
2 10645 12675
2 19607 6715
2 13909 14566
2 10695 9208
2 17711 16439
2 9167 3399
2 5684 2734
2 7739 7382
2 6806 7985
2 533 10028
2 2831 5909
2 12358 14233
2 4322 13773
2 2560 15801
2 6916 3755
2 10084 532
2 14442 2564
2 4050 9725
2 10609 5602
2 1232 3610
2 6302 5447
2 8695 7844
2 10139 9368
2 11520 12534
2 10538 4074
2 13486 16255
2 16683 162
2 908 18175
2 9998 14787
2 14591 12814
2 18968 4241
2 12624 13211
2 3121 10082
2 4171 2609
2 9998 16988
2 17265 12533
2 17598 630
2 4358 10269
2 14117 1837
2 13842 11760
2 17103 4266
2 3513 3163
2 9598 3753
2 6653 1375
2 144 18243
2 18024 5810
2 13014 12172
2 1769 19279
2 12299 1989
2 9427 3326
2 16297 16783
2 1591 6020
2 4357 15156
2 16187 17139
2 19989 19870
2 7834 11279
2 1540 6571
2 12293 15656
2 14492 13448
2 15758 1010
2 14734 17109
2 3755 3186
2 8173 15399
2 18797 8678
2 6536 16719
2 4369 11347
2 13176 11795
2 63 8776
2 15109 1798
2 4977 2158
2 14402 15195
2 19909 16793
2 16387 7462
2 11984 5644
2 3472 6732
2 2516 5893
2 1911 5850
2 4984 2760
2 8455 14762
2 16330 18255
2 6953 2316
2 16687 9404
2 9237 10860
2 13236 8942
2 1704 6744
2 18413 14458
2 17800 3722
2 11021 3441
2 14607 17878
2 13271 12458
2 15887 17397
2 5022 2225
2 19077 3314
2 755 18326
2 4157 2540
2 10000 9807
2 2670 3365
2 4098 19189
2 13232 638
2 9423 9520
2 18278 3984
2 10925 11727
2 7806 311
2 4026 1855
2 9271 6895
2 15163 13077
2 18412 19210
2 15997 2353
2 9887 10563
2 332 4181
2 5771 17309
2 18620 13122
2 384 12262
2 17137 14416
2 14552 12815
2 9799 12570
2 18385 9127
2 8829 11867
2 6520 13746
2 13053 10285
2 24 6838
2 5912 14811
2 14633 14502
2 9586 6492
2 9727 8607
2 14708 17625
2 7328 8242
2 18196 7431
2 10847 2503
2 17763 15674
2 6010 19006
2 16613 11315
2 1146 10121
2 16395 9043
2 13976 11804
2 6824 2745
2 11813 9263
2 5195 1881
2 18903 17691
2 2218 8035
2 1680 16089
2 19362 2447
2 3350 1118
2 7032 17025
2 2310 454
2 2770 14650
2 11507 6799
2 15483 18951
2 18974 3215
2 10612 659
2 14276 5543
2 5623 10587
2 2696 5819
2 6787 9135
2 11650 11080
2 359 5336
2 13215 19685
2 18524 18802
2 176 10620
2 4309 13442
2 9353 17625
2 17667 592
2 2612 6768
2 1651 7643
2 5903 5868
2 3746 2897
2 13418 14255
2 17113 10239
2 6726 16453
2 17590 12326
2 91 4264
2 9532 15277
2 7584 11541
2 9673 1010
2 9525 5103
2 2666 6779
2 19857 16445
2 9340 591
2 4620 12466
2 3834 6439
2 14179 16482
2 208 10842
2 1893 6943
2 16969 13962
2 12246 12985
2 2448 8902
2 11837 15983
2 1569 14440
2 4244 15671
2 18883 12452
2 4038 9494
2 18657 6960
2 18019 19833
2 1806 2945
2 12242 12012
2 11072 16552
2 14178 17743
2 6498 7678
2 16611 10111
2 892 17239
2 10906 5387
2 12694 2576
2 17359 1627
2 12799 17565
2 8431 4037
2 2820 5393
2 15375 13118
2 12179 8131
2 8647 1709
2 12824 18642
2 196 3156
2 10921 4436
2 11153 8430
2 2546 14602
2 8276 3019
2 5620 18946
2 16576 6973
2 15192 15384
2 14611 15129
2 3593 12796
2 10934 13050
2 7703 13170
2 11663 1092
2 11905 18509
2 6658 2771
2 12328 17600
2 4964 18719
2 435 15040
2 7088 4860
2 13357 14544
2 17428 7520
2 14947 6653
2 10726 7587
2 9356 18944
2 3876 7894
2 18784 19925
2 11127 17897
2 19994 11185
2 15633 18813
2 1602 18919
2 4802 778
2 8324 4464
2 14627 18944
2 1967 13659
2 3144 18147
2 16627 18850
2 17722 178
2 17072 12307
2 5111 4777
2 13469 16672
2 18365 8216
2 2532 11995
2 10776 14385
2 3540 11378
2 10075 13901
2 1167 14424
2 18311 4623
2 7565 2519
2 16653 3834
2 9593 7114
2 9304 17508
2 13829 15701
2 17719 10112
2 9890 3849
2 8749 15842
2 10149 19822
2 18196 10050
2 13528 10222
2 14738 2426
2 12501 6856
2 19133 9777
2 5551 5294
2 8735 44
2 15745 13806
2 4738 11683
2 10366 3351
2 282 13697
2 741 13844
2 13860 12969
2 11108 12005
2 12760 2784
2 8819 735
2 1428 12290
2 16931 17072
2 3959 12238
2 8879 9283
2 15031 18555
2 16139 13525
2 4370 2938
2 7815 13032
2 19582 3465
2 14621 2826
2 9763 18660
2 17947 16470
2 18274 9761
2 16144 8461
2 7765 6891
2 8300 5523
2 16570 18582
2 6447 19094
2 3023 4899
2 4961 5451
2 15997 4472
2 3318 11120
2 9395 505
2 14596 4810
2 7413 16915
2 16471 12038
2 13355 9863
2 6686 1333
2 2837 16782
2 18508 1244
2 13818 5805
2 17918 983
2 15921 5746
2 7718 3929
2 1688 7169
2 2029 3359
2 18526 16818
2 209 9181
2 12780 16916
2 15765 17463
2 5444 11287
2 16159 10340
2 3147 8861
2 5816 15873
2 4102 8054
2 15464 16957
2 12377 5974
2 19926 495
2 13510 14222
2 16966 7671
2 17507 8704
2 2703 2997
2 2151 6822
2 17687 130
2 4983 9362
2 12747 4657
2 10060 17883
2 7440 6761
2 2056 17779
2 7496 15011
2 224 108
2 11042 15068
2 17806 2970
2 10594 10745
2 5161 8137
2 3237 8910
2 5200 15112
2 8122 1853
2 13474 14543
2 13043 697
2 14876 424
2 14212 5566
2 2779 15234
2 15062 14017
2 19628 4969
2 13475 11057
2 9780 84
2 12370 19415
2 2191 13403
2 6915 13383
2 6631 19665
2 5789 1517
2 12923 8512
2 18046 14207
2 2782 80
2 15379 13613
2 3555 10336
2 10232 19890
2 14733 5135
2 10651 5715
2 3428 11150
2 18248 16626
2 7186 2063
2 13192 19209
2 11100 7326
2 2217 822
2 6309 1023
2 12229 7535
2 11038 9481
2 7855 1201
2 1475 11475
2 4763 18758
2 3753 10027
2 8184 12496
2 9873 16764
2 5072 9543
2 10539 6997
2 8557 3565
2 12065 19971
2 14622 13804
2 9670 12123
2 12762 15272
2 19121 7666
2 1750 1912
2 79 18906
2 7167 18186
2 12462 12973
2 12770 6921
2 15109 1906
2 3680 108
2 7827 6428
2 17158 16190
2 10045 12911
2 10795 7643
2 19407 16742
2 10568 6225
2 8869 6449
2 2108 5546
2 16169 4346
2 15013 718
2 5836 6772
2 5722 13796
2 6483 7319
2 12671 15945
2 18055 18644
2 12522 11146
2 6716 15785
2 17031 11293
2 2365 13140
2 19690 5380
2 1164 1473
2 13518 12757
2 10023 3675
2 11486 12878
2 5680 1006
2 19430 876
2 800 19180
2 6414 15329
2 1118 9565
2 12145 14209
2 11320 4602
2 12776 6352
2 8460 700
2 16946 8261
2 13658 13628
2 17958 10308
2 7566 11586
2 14209 11466
2 7110 16656
2 13493 1905
2 7030 19295
2 1968 19129
2 7235 12798
2 5645 9089
2 4035 6446
2 10764 18891
2 13306 10809
2 11918 6429
2 3299 18458
2 520 16060
2 10466 1527
2 17082 266
2 3832 5855
2 15031 11017
2 602 1474
2 11603 5170
2 3568 4629
2 4901 18878
2 11904 18676
2 14279 12181
2 18184 5149
2 6053 9287
2 10089 10237
2 3677 11156
2 9124 1343
2 17512 13681
2 4650 19069
2 8344 5826
2 12773 18909
2 18310 10309
2 2360 6919
2 5897 19281
2 17485 17938
2 4304 852
2 513 5740
2 15276 17006
2 16041 13950
2 6591 13695
2 7114 6542
2 2328 14686
2 7962 13699
2 10030 13116
2 6747 175
2 10126 8564
2 19845 4965
2 15342 19931
2 12940 4505
2 2734 4535
2 18490 18843
2 2299 10998
2 8944 7235
2 12246 19471
2 2231 19427
2 17932 9478
2 18125 19721
2 7782 17506
2 14845 8996
2 16657 6180
2 10725 469
2 205 15043
2 14454 11859
2 10478 19791
2 10991 3867
2 4685 6479
2 14727 6958
2 10487 10886
2 11178 18271
2 1741 4952
2 19738 1947
2 17244 9111
2 12926 2870
2 6984 13000
2 13514 2072
2 12546 14212
2 5336 4390
2 8585 4748
2 19908 730
2 4823 12627
2 18115 5982
2 16608 12526
2 11601 19908
2 4247 15931
2 7615 7727
2 9946 19194
2 16683 16165
2 16679 4796
2 14232 19444
2 3648 2065
2 8811 9154
2 9187 12622
2 18843 7770
2 11574 19762
2 16110 11714
2 8116 6956
2 10751 2794
2 666 10134
2 17860 6082
2 14508 9134
2 14076 8563
2 9787 1238
2 6077 17006
2 11219 5316
2 13674 621
2 11079 6909
2 15005 11288
2 2661 885
2 10709 18422
2 2827 7991
2 18187 8280
2 2750 1076
2 599 14104
2 19558 13710
2 10321 8281
2 1300 1189
2 19516 16144
2 16441 10435
2 19874 7993
2 11045 6839
2 1987 11143
2 10766 9037
2 10327 7620
2 1473 11578
2 1596 7130
2 11505 8756
2 10153 4560
2 4966 7177
2 15518 886
2 19590 18005
2 13705 7289
2 14991 13333
2 159 19040
2 5129 6342
2 7326 3162
2 997 5297
2 16572 18542
2 10111 18835
2 4663 954
2 5210 4957
2 12778 648
2 5835 5975
2 1435 6721
2 4203 11166
2 499 4721
2 102 19362
2 16347 18600
2 10296 16047
2 358 13615
2 14736 2318
2 1665 10884
2 16239 16762
2 1196 9648
2 9939 791
2 9533 10255
2 4617 5131
2 6538 1933
2 5614 17870
2 19754 16164
2 2914 1724
2 11207 17729
2 17668 9851
2 5633 9373
2 15366 18325
2 575 11059
2 17501 15087
2 2995 13939
2 12008 8746
2 7822 726
2 17351 5475
2 12557 15726
2 2491 912
2 19454 18986
2 5268 18008
2 10824 15802
2 7678 6682
2 15922 12509
2 12656 667
2 16220 13009
2 8401 759
2 7208 13767
2 16119 8391
2 6007 19943
2 11841 940
2 5538 10616
2 3250 702
2 4611 3844
2 18859 13381
2 10235 16641
2 7035 17842
2 14388 19551
2 71 12136
2 2311 9972
2 2778 8609
2 15672 16138
2 14394 2478
2 6820 17817
2 14677 14048
2 4868 612
2 11657 13320
2 6306 12958
2 6671 5987
2 15359 15894
2 10303 10008
2 13631 11630
2 7024 4117
2 15053 594
2 11744 10180
2 12333 16581
2 19794 7791
2 10291 9907
2 5233 5392
2 14633 3391
2 15001 6459
2 4788 13012
2 8897 4255
2 16505 679
2 10996 19303
2 18925 6242
2 5055 5588
2 9156 8713
2 17971 11518
2 6826 18071
2 7460 17675
2 6951 10950
2 5982 10158
2 4194 13935
2 5962 178
2 15647 13770
2 8322 7587
2 9647 11765
2 18654 9866
2 1589 4401
2 9763 17037
2 16726 16850
2 1379 10025
2 6852 18648
2 4275 18653
2 803 16348
2 15099 730
2 18643 12546
2 16338 7380
2 5459 7695
2 18202 3073
2 11971 6894
2 5583 7931
2 5024 13874
2 729 11997
2 11914 17246
2 2132 2689
2 2748 1216
2 7841 3950
2 12216 2761
2 2100 5709
2 18549 14317
2 17456 13800
2 11083 14020
2 14330 1285
2 9922 14374
2 3447 4495
2 3780 12548
2 11867 11133
2 19085 16702
2 3887 984
2 18122 13246
2 15749 4287
2 18599 12740
2 15433 6468
2 5583 4362
2 19821 6610
2 128 18551
2 8508 4477
2 4334 6692
2 9972 17759
2 19926 10339
2 12328 15047
2 13166 17193
2 17167 12695
2 2913 18019
2 4465 18740
2 19701 7432
2 6537 2029
2 1763 6055
2 3110 12945
2 16624 13384
2 2273 19984
2 12539 3550
2 9832 17964
2 5809 11634
2 2570 7996
2 19174 15304
2 4795 13270
2 9078 1224
2 12109 3821
2 14604 17603
2 16857 15030
2 19831 11254
2 14078 8116
2 1178 5894
2 15470 8770
2 1742 10501
2 17278 1089
2 5843 4679
2 19106 16773
2 16098 12069
2 13025 10063
2 19763 14438
2 8639 4056
2 11174 19067
2 14490 14299
2 9070 3792
2 10830 4071
2 13489 9591
2 10763 5648
2 5886 12513
2 17143 4094
2 2806 4231
2 13574 12383
2 3925 15794
2 13694 10777
2 18598 19502
2 7617 2641
2 6470 5117
2 4136 7268
2 5879 12574
2 3196 19148
2 3694 5403
2 18636 12194
2 9480 6885
2 19547 11991
2 10804 7945
2 4641 15843
2 3780 5506
2 8369 14281
2 8814 15985
2 3564 18057
2 13698 10930
2 4142 12610
2 5314 9035
2 17162 2104
2 12913 13063
2 2893 10827
2 2255 5904
2 14653 7790
2 8142 14477
2 8153 12243
2 16569 17716
2 8022 4913
2 3053 14680
2 4827 5425
2 6532 2449
2 5030 16910
2 5674 4668
2 9491 12113
2 3134 9438
2 8915 17636
2 9684 1323
2 6767 12651
2 459 16518
2 18102 13598
2 2306 17014
2 15801 8266
2 12408 7302
2 4125 1353
2 10852 3191
2 1468 4725
2 8466 6916
2 14806 2020
2 15707 15347
2 16281 19564
2 17340 9961
2 7229 8435
2 6678 7739
2 13631 11528
2 5881 6265
2 8660 90
2 1859 5283
2 5550 17480
2 15500 6076
2 18627 8661
2 12894 12155
2 13347 16390
2 1969 6377
2 3335 445
2 1759 8412
2 8088 6906
2 12889 16978
2 18044 4584
2 17940 589
2 17111 5633
2 4128 14290
2 17350 3373
2 10221 11473
2 7550 15837
2 9830 4889
2 4817 12055
2 19560 19145
2 6821 6966
2 16774 11649
2 17259 9164
2 2203 2137
2 5056 13796
2 12538 13772
2 15161 10346
2 4782 5847
2 9364 14533
2 16207 2303
2 8584 16798
2 17973 13738
2 12925 1985
2 17273 6796
2 2081 15407
2 6899 18766
2 11451 817
2 2758 9778
2 16296 14697
2 6903 4094
2 11195 17591
2 10593 14777
2 16672 15683
2 8200 3374
2 11796 12401
2 17297 2676
2 15950 5700
2 65 10543
2 13239 1979
2 3009 3777
2 4781 17378
2 6761 11432
2 11895 9102
2 455 134
2 5061 5786
2 3684 13386
2 11642 10875
2 836 7278
2 17658 11964
2 10853 849
2 18468 8555
2 11275 1109
2 57 11288
2 9078 15491
2 5724 19063
2 466 6827
2 4015 11673
2 266 9257
2 5973 2304
2 16960 11388
2 13759 3124
2 18024 9451
2 1186 4710
2 2187 11511
2 12548 6397
2 11067 8079
2 4658 530
2 12636 8469
2 6137 2409
2 17667 8478
2 3935 2983
2 18343 2125
2 7340 3934
2 10528 10509
2 14291 8001
2 5257 15038
2 577 5334
2 17768 12731
2 18295 16967
2 15964 9853
2 17890 11532
2 13706 16772
2 15032 12519
2 13992 11515
2 18600 15891
2 492 5183
2 2770 14039
2 14668 11133
2 2421 12030
2 6649 11884
2 11081 19319
2 608 12602
2 6725 16245
2 19104 19862
2 111 16772
2 7368 17414
2 9935 10452
2 9221 14551
2 7639 6274
2 1477 2159
2 2507 13298
2 7252 15590
2 6183 18682
2 17814 7591
2 1243 5071
2 10842 1980
2 6831 4851
2 19250 5966
2 9687 14870
2 16106 14357
2 6306 7548
2 19701 1377
2 15238 5459
2 7355 5427
2 8687 16759
2 11127 9402
2 6513 3639
2 3273 11822
2 3187 1366
2 14247 6795
2 13030 5231
2 18701 8759
2 3860 18263
2 4592 19196
2 10530 7354
2 15013 2907
2 2749 5968
2 14396 1928
2 40 4547
2 1129 2385
2 5372 2691
2 15647 4846
2 8755 4585
2 14813 5011
2 14222 6455
2 2603 17601
2 12380 10985
2 9963 2437
2 19703 17507
2 17295 14588
2 6417 18193
2 17365 18508
2 17513 13681
2 1535 12378
2 5349 4534
2 8266 3513
2 13338 17416
2 16919 4898
2 1098 10816
2 19789 4436
2 15858 5019
2 8316 10453
2 5583 587
2 18354 2279
2 16977 12772
2 6121 2963
2 787 3183
2 13483 7867
2 16152 1536
2 3909 6194
2 12113 6833
2 8610 4
2 16156 11412
2 6329 14312
2 12648 4284
2 1132 5615
2 19057 11278
2 6045 3073
2 11397 16948
2 19083 3371
2 16446 14633
2 9293 11035
2 12925 2857
2 9968 4602
2 2902 11449
2 8883 11569
2 15886 13435
2 9468 10923
2 10450 2536
2 4196 19547
2 6782 9923
2 19544 16815
2 13308 16019
2 19340 11703
2 2949 8307
2 6347 14730
2 15493 16224
2 9100 13311
2 4620 13398
2 10707 3633
2 17461 6558
2 19304 16942
2 8172 9204
2 5855 5761
2 4623 1514
2 19668 1272
2 19546 360
2 6553 3688
2 18907 1003
2 6000 1804
2 8590 4145
2 16325 12048
2 4541 10379
2 19917 18554
2 12975 17953
2 8200 12447
2 5731 14863
2 4876 11
2 4902 18561
2 12370 1497
2 5979 13599
2 12087 5423
2 13649 16788
2 12075 16408
2 6224 1439
2 6244 8683
2 15148 5374
2 17167 1644
2 18123 4333
2 10576 14443
2 6607 15609
2 4725 3303
2 10207 9207
2 7699 17081
2 17423 16813
2 480 13616
2 5672 12007
2 15609 7778
2 4365 6747
2 6366 6141
2 13382 8181
2 13637 17360
2 4519 19153
2 6519 5280
2 6271 2717
2 6630 5720
2 15425 2270
2 6556 11906
2 19811 10544
2 19171 7460
2 17118 4282
2 3530 7691
2 16001 9778
2 5110 9073
2 10379 6316
2 2843 4379
2 14120 18912
2 2834 13148
2 8549 10414
2 18616 4735
2 7012 11383
2 15393 5461
2 16893 14435
2 973 3480
2 11960 16591
2 2990 7902
2 678 13786
2 4090 14779
2 3633 416
2 4480 5825
2 1478 12228
2 16848 3478
2 8221 18514
2 14965 5563
2 11749 18999
2 18842 6800
2 12115 17827
2 11864 8540
2 12091 10971
2 4917 15271
2 17265 13600
2 7490 3934
2 19136 6155
2 3585 12704
2 6140 13097
2 2023 4108
2 2585 16174
2 17053 17037
2 10545 19538
2 10649 19523
2 18812 7954
2 1425 8928
2 16925 3368
2 1711 15547
2 17218 8876
2 10743 19647
2 11261 18370
2 9103 1438
2 13064 16261
2 19887 10773
2 16280 14701
2 3654 4126
2 13108 7972
2 11645 10617
2 15992 3688
2 100 15793
2 2888 6254
2 7222 2857
2 8266 16146
2 7005 10458
2 4706 3318
2 11562 1123
2 19195 16232
2 1619 6489
2 12479 19325
2 14151 4299
2 18481 8195
2 6753 11340
2 14906 6088
2 13117 18506
2 12800 1575
2 6665 3006
2 19624 19202
2 17999 10721
2 18667 16742
2 5316 16996
2 15133 635
2 13796 15988
2 12545 1080
2 5152 815
2 18131 11819
2 11411 17125
2 13029 17215
2 12520 7088
2 9360 14227
2 17777 3607
2 8045 1027
2 1375 17936
2 8803 19889
2 2904 13994
2 7478 17545
2 14328 4960
2 1375 10085
2 11023 8658
2 1038 13042
2 16841 10405
2 16934 17926
2 1920 4271
2 17522 9366
2 1798 12816
2 12122 14695
2 17968 13958
2 7951 8998
2 18730 9625
2 9428 17752
2 15778 16850
2 1802 14216
2 9575 3606
2 8672 12158
2 4045 10563
2 19671 19635
2 4310 4894
2 3761 14296
2 7016 9225
2 19799 15536
2 14275 10535
2 12446 14226
2 8400 5288
2 6842 7021
2 13365 6816
2 13881 52
2 13632 7196
2 3786 6941
2 10321 1934
2 9251 18516
2 12584 10430
2 18960 17365
2 3972 6483
2 377 15089
2 13105 16412
2 8767 16919
2 6668 12270
2 2838 16316
2 11758 4761
2 12572 5240
2 19957 1720
2 1504 5151
2 15803 3706
2 8832 9048
2 18665 5760
2 19802 1496
2 14107 18456
2 18220 15792
2 6530 17032
2 14125 3246
2 8049 17256
2 9387 9232
2 13984 4862
2 3397 14719
2 17805 1691
2 6395 18762
2 5154 6973
2 326 14363
2 5666 138
2 8829 13917
2 7650 13101
2 11198 7379
2 13843 7275
2 9511 9361
2 7636 8398
2 2604 7725
2 15785 14916
2 15576 6537
2 1336 8151
2 14963 7062
2 19495 8485
2 3158 12522
2 10731 17784
2 648 4188
2 4368 2640
2 8421 1197
2 18464 14499
2 18328 8911
2 4184 17166
2 19322 392
2 14210 4633
2 7978 16759
2 11938 12336
2 14383 8992
2 7577 12160
2 2520 11413
2 19920 15930
2 16484 1957
2 16000 4911
2 8912 2483
2 3138 9728
2 14679 1434
2 12977 17799
2 7844 17750
2 5003 19806
2 2934 15444
2 9599 3749
2 2122 19889
2 7724 7919
2 1776 15031
2 14745 14685
2 19191 8206
2 15446 8291
2 6593 14463
2 15350 13129
2 18177 12472
2 3491 1328
2 10575 4033
2 15379 6802
2 7387 12167
2 12172 14058
2 9951 6022
2 13011 14963
2 17921 7336
2 12752 10208
2 2820 9139
2 16165 736
2 11867 2203
2 12264 2203
2 5580 5207
2 11501 19284
2 2624 19100
2 12460 15174
2 17260 4378
2 816 8820
2 2019 17341
2 15959 10944
2 15909 14543
2 10637 13374
2 17377 6653
2 12855 6447
2 18222 16956
2 12579 5173
2 19009 4427
2 6930 7033
2 3789 10536
2 12065 19280
2 16874 15429
2 15518 7119
2 17659 17933
2 4076 6656
2 19775 2343
2 2050 15805
2 16170 16302
2 15271 17649
2 18342 2060
2 7730 19603
2 8646 11690
2 19034 16801
2 1301 4990
2 13864 4298
2 1918 13690
2 13433 9028
2 15598 13883
2 3998 9052
2 5431 19771
2 19384 8353
2 17613 19554
2 4330 8709
2 523 10116
2 8798 8310
2 9359 14468
2 18528 14354
2 11614 365
2 3756 1552
2 14217 15931
2 7359 11001
2 13511 15147
2 3020 17496
2 3062 18921
2 12801 14729
2 18275 2044
2 13708 14919
2 10832 19665
2 11892 8064
2 17853 9443
2 1743 6056
2 1424 11939
2 10968 16027
2 16214 1175
2 6776 13504
2 5466 12726
2 11471 16134
2 3400 15839
2 3483 13282
2 13331 1170
2 15206 13532
2 15523 11619
2 7391 16214
2 8950 19379
2 1161 11409
2 3156 6125
2 4179 2380
2 18198 11729
2 13342 5107
2 15079 5080
2 1266 105
2 940 9639
2 828 7352
2 9444 3408
2 10874 1870
2 3802 9271
2 15208 8226
2 7560 4602
2 14346 18614
2 17312 10805
2 5329 6251
2 19391 3727
2 12293 1214
2 249 12621
2 2399 12227
2 5023 9323
2 4158 16078
2 5438 3406
2 19562 17800
2 13384 6091
2 3063 839
2 3995 572
2 11306 12900
2 2668 455
2 11880 8039
2 287 8470
2 3120 15861
2 7603 16996
2 19238 7632
2 16335 6769
2 421 19577
2 14059 5352
2 11962 11219
2 15092 2571
2 15309 15027
2 4904 6442
2 18591 3394
2 18936 9028
2 3139 11233
2 5436 2515
2 9826 11775
2 12423 14422
2 3180 15682
2 11146 6273
2 10750 10141
2 7398 11305
2 5806 12181
2 16007 356
2 8409 13328
2 5979 19441
2 13457 5178
2 14726 6014
2 1405 14689
2 8514 14822
2 3310 19026
2 4661 6436
2 8942 10927
2 143 17711
2 14915 15879
2 347 1430
2 3620 8860
2 9287 14139
2 10767 10920
2 4177 12605
2 4894 5611
2 14696 7563
2 12307 2824
2 7641 10160
2 3753 4851
2 18194 16069
2 13566 18985
2 16298 5090
2 14264 4640
2 1428 8536
2 2245 12480
2 5640 19049
2 4848 13023
2 15201 2578
2 3649 19311
2 4229 5092
2 5358 18162
2 1496 8030
2 58 16620
2 15630 14820
2 16264 18327
2 8891 19015
2 15165 8506
2 9559 17839
2 10905 16492
2 12245 1762
2 7883 15372
2 5690 16003
2 4506 3555
2 11953 5922
2 2603 1731
2 1550 16607
2 9486 16457
2 268 5749
2 8422 9891
2 6056 11273
2 12037 18506
2 1636 537
2 9153 17407
2 8411 2254
2 19684 4133
2 6855 14054
2 5592 8350
2 4319 7762
2 12725 16691
2 11743 11690
2 2560 9550
2 19232 13543
2 2423 2144
2 10253 9748
2 4264 12036
2 1693 11309
2 15063 19474
2 2814 6050
2 458 840
2 7912 19215
2 12925 4378
2 14297 3980
2 8838 18938
2 5222 15795
2 17710 13405
2 11854 10407
2 1243 17198
2 13083 9975
2 4129 5340
2 9483 7081
2 10977 14809
2 13979 367
2 6004 1774
2 5649 14968
2 8404 15967
2 3452 19588
2 7979 13380
2 11617 16863
2 4736 6180
2 2544 10823
2 3268 12018
2 4594 4250
2 16455 16630
2 10285 10125
2 19596 11796
2 15185 12831
2 4468 8516
2 6747 10498
2 11268 660
2 5679 16921
2 92 6803
2 17706 13648
2 16534 19388
2 1990 7498
2 8750 12552
2 7620 6283
2 8319 7885
2 7188 6828
2 10383 1955
2 13912 3000
2 4411 10322
2 14972 3906
2 12000 9021
2 10569 16329
2 12930 19596
2 7234 2925
2 6392 8592
2 15521 13345
2 17746 9996
2 2346 7439
2 3071 17011
2 12807 5355
2 3168 5111
2 9490 9823
2 8914 16084
2 16886 9780
2 18646 12540
2 14429 19808
2 9250 14854
2 17309 1779
2 16987 10481
2 11611 16928
2 18125 15408
2 19145 15190
2 4144 1779
2 4857 15428
2 11526 11221
2 14898 17640
2 5884 11212
2 7563 1052
2 19267 13358
2 3793 10807
2 289 14838
2 13659 18409
2 16411 17314
2 12911 19537
2 14883 19440
2 14249 12741
2 18654 8761
2 9861 4019
2 16971 7640
2 8379 3945
2 16272 10979
2 4629 6287
2 11056 1460
2 10785 7143
2 2078 2512
2 13747 10283
2 9521 14686
2 14854 7396
2 5515 17612
2 2521 402
2 435 9226
2 1004 2202
2 15254 16629
2 1683 15846
2 11740 3053
2 1859 5517
2 16760 5201
2 6165 4577
2 8607 11563
2 10960 4866
2 17283 6943
2 3536 5693
2 13675 19098
2 11750 17531
2 7433 10558
2 10607 12238
2 8751 8009
2 6243 5305
2 18521 6504
2 5152 15334
2 18905 8632
2 11056 19427
2 8800 9478
2 15824 2073
2 12468 16493
2 16277 6048
2 14709 12773
2 15281 12118
2 16386 2678
2 5298 16420
2 9319 5281
2 2726 15334
2 12118 9830
2 712 5035
2 15010 18359
2 17187 19854
2 5958 16540
2 9454 11262
2 16507 18271
2 17696 15093
2 5190 5184
2 18511 10826
2 2508 10011
2 1239 9893
2 19659 1093
2 3010 8438
2 6703 10757
2 3657 4998
2 15634 19745
2 1626 19732
2 6849 13781
2 4024 10376
2 11989 7526
2 5810 19636
2 9293 16899
2 18617 10304
2 12599 17774
2 3183 3714
2 700 5074
2 5059 14676
2 8535 8699
2 14793 11279
2 6849 19815
2 10501 1895
2 3524 2176
2 17190 17298
2 6621 5576
2 13988 15803
2 606 3993
2 13564 8056
2 18264 12505
2 70 16692
2 10005 12801
2 15973 19375
2 18843 9950
2 16198 8523
2 8517 15415
2 18720 11797
2 15803 17461
2 4214 18659
2 1912 1119
2 6072 8722
2 453 3247
2 4088 16844
2 11853 13769
2 19862 8833
2 19754 4752
2 4686 17867
2 13856 12962
2 12430 162
2 12041 14445
2 1452 7123
2 18989 9961
2 11730 4355
2 14709 9128
2 14837 7700
2 9887 1691
2 17310 5616
2 10403 65
2 3240 15236
2 11954 15930
2 770 6161
2 18000 7368
2 12786 6438
2 10503 1806
2 7452 13891
2 10799 15598
2 3113 19995
2 14575 14979
2 16728 6858
2 19123 13510
2 15068 9248
2 1953 15291
2 7142 5838
2 1511 4485
2 11776 1346
2 7963 970
2 318 9908
2 6953 18806
2 19983 6696
2 2395 2040
2 2508 1752
2 15662 19986
2 1268 4049
2 9179 1609
2 7038 8770
2 76 14756
2 12841 1868
2 19528 3270
2 7510 11375
2 1406 18355
2 969 11101
2 9455 4535
2 16743 15907
2 16962 19531
2 1723 17415
2 7088 5410
2 4976 11356
2 1996 8298
2 7011 10991
2 8015 14829
2 6238 1548
2 9799 16378
2 18593 11556
2 15029 2461
2 436 12
2 12420 2329
2 9776 2186
2 5646 17378
2 3191 8510
2 17920 8273
2 9730 4492
2 3170 3952
2 12334 16969
2 3915 3119
2 9263 16865
2 14471 11055
2 5839 2355
2 332 14524
2 9720 6026
2 16001 10542
2 14315 11502
2 2915 1603
2 8789 5259
2 10956 8231
2 6232 7097
2 16935 16200
2 14440 8175
2 13998 1256
2 13812 9430
2 6566 19307
2 15955 7385
2 5161 679
2 13240 6285
2 8549 14572
2 13126 8071
2 6996 15424
2 5411 13845
2 2364 14487
2 4837 18941
2 12261 1995
2 12198 1332
2 17588 6423
2 725 14229
2 15803 13230
2 9815 6192
2 13802 19717
2 3934 3940
2 10184 7890
2 17123 8674
2 9375 10299
2 7201 10101
2 5392 7147
2 13059 17989
2 11725 10919
2 3445 39
2 7244 5566
2 11283 2138
2 14920 2828
2 3686 3111
2 5741 12401
2 1542 7464
2 1793 14776
2 14185 17088
2 19674 11815
2 11727 13369
2 2992 675
2 1267 6467
2 14544 18385
2 8632 10406
2 11460 17886
2 8816 18996
2 361 11726
2 8886 14268
2 4921 9980
2 7335 11517
2 11573 19460
2 10128 5427
2 8318 10416
2 8079 11572
2 1176 13271
2 12174 13261
2 19225 9318
2 9972 11578
2 7724 1978
2 5847 16249
2 19718 7116
2 14019 7123
2 3406 8423
2 16763 16607
2 1268 3052
2 9835 14052
2 5952 9382
2 10114 9439
2 16509 3012
2 19317 3234
2 5172 8811
2 9581 19423
2 518 8698
2 16498 16958
2 16219 17252
2 2927 18093
2 18618 3469
2 19958 6204
2 17381 10881
2 15 3748
2 7360 18045
2 3187 5100
2 14968 14277
2 1198 15529
2 17114 3033
2 19391 14733
2 2089 18400
2 2236 4533
2 7396 15592
2 14439 10728
2 214 5116
2 19314 15636
2 11903 17291
2 13069 19311
2 15298 14498
2 14203 16728
2 16178 17836
2 12080 15616
2 17704 6111
2 16870 9108
2 18104 4095
2 19805 5921
2 2524 10931
2 11258 12542
2 15755 12342
2 12515 10912
2 12292 9736
2 12410 11216
2 9674 7507
2 19753 4154
2 16904 9868
2 3948 14270
2 1493 17659
2 10555 745
2 3333 14976
2 16895 12616
2 13193 1814
2 10325 18385
2 16162 9972
2 7193 11655
2 1474 11231
2 13208 5789
2 181 9002
2 16626 7056
2 3154 15007
2 6691 315
2 8453 1003
2 18878 15086
2 7018 14184
2 13043 11737
2 7661 4675
2 13671 7955
2 15640 17824
2 13750 3147
2 4270 13009
2 19773 14
2 19306 1843
2 12412 19155
2 9578 18163
2 2417 8168
2 1425 9106
2 8580 786
2 1943 16595
2 11578 1988
2 13883 19210
2 18788 15419
2 8978 17134
2 7636 6264
2 12853 19424
2 7663 7791
2 3782 5603
2 16348 13733
2 6544 9829
2 17317 16393
2 19775 8683
2 9874 763
2 12623 2595
2 16330 18646
2 7655 4660
2 16512 8993
2 6354 17176
2 3888 2173
2 611 1661
2 4888 1464
2 2162 1460
2 18646 3163
2 3307 11572
2 8593 16817
2 277 16254
2 9816 15456
2 37 4067
2 949 3115
2 670 11355
2 16774 4757
2 14563 3596
2 18247 16050
2 10729 2414
2 12235 8622
2 7621 16747
2 2943 5885
2 17066 1390
2 976 18161
2 1749 13005
2 2584 12285
2 14901 14172
2 7996 18363
2 2550 17693
2 9122 1320
2 3124 16674
2 15273 5422
2 19604 13596
2 957 4244
2 2057 13244
2 11602 3333
2 3931 11799
2 9747 16620
2 8642 5857
2 7429 6582
2 17920 15569
2 3493 1856
2 3787 19194
2 15735 10806
2 16657 13347
2 9916 6568
2 5840 13148
2 12528 7576
2 7439 7677
2 1522 10777
2 14380 8901
2 13542 34
2 15346 18596
2 9878 6560
2 120 8593
2 13228 17260
2 3685 15695
2 14529 873
2 13424 2177
2 1218 14875
2 1702 11097
2 6001 5156
2 13085 1195
2 12223 7261
2 4573 12357
2 3254 748
2 6661 6613
2 331 2035
2 2151 14718
2 4741 6834
2 2041 16674
2 7094 6270
2 12746 13088
2 755 2646
2 11587 8046
2 19842 11162
2 14631 5914
2 17855 19686
2 7439 13592
2 13186 19442
2 12264 10674
2 9822 16999
2 6921 4933
2 4403 9812
2 19134 17513
2 11971 11835
2 18815 14524
2 6065 337
2 7708 16224
2 19100 53
2 14940 12289
2 1720 12788
2 16090 6375
2 14166 4067
2 3776 13245
2 10316 6903
2 16479 13451
2 6662 13308
2 5503 18079
2 3385 5863
2 18950 2820
2 2650 2178
2 15486 11137
2 8869 13937
2 5718 2037
2 4360 18314
2 7588 1296
2 8682 18637
2 5369 649
2 2850 11181
2 3661 17347
2 19571 4603
2 17660 10655
2 6222 10982
2 10622 11363
2 11956 5430
2 11002 9169
2 13827 10322
2 7420 4684
2 9902 9069
2 18633 13869
2 10573 4678
2 12591 1381
2 15209 17759
2 9355 14356
2 7381 2599
2 10005 2011
2 4172 7934
2 17048 1942
2 5491 11821
2 11832 4395
2 10272 3559
2 9400 2773
2 3637 453
2 12112 11603
2 11307 12433
2 11441 7047
2 8475 19699
2 11233 4504
2 514 15615
2 17952 11343
2 14739 17753
2 16244 14648
2 3151 5855
2 4398 11939
2 6826 7251
2 8926 2915
2 1578 4943
2 4971 8588
2 19775 14545
2 7360 5925
2 10059 15251
2 4970 1195
2 3716 19627
2 19496 472
2 16700 15598
2 2910 12214
2 3493 16113
2 18780 19017
2 15425 10847
2 9670 8460
2 15754 7912
2 6892 16578
2 11825 18187
2 373 3524
2 4105 6480
2 5664 6072
2 3109 8297
2 14430 12212
2 10807 5965
2 19479 992
2 5451 5367
2 7848 9451
2 9155 18395
2 15018 918
2 3823 7133
2 2394 12129
2 4013 15452
2 6740 6096
2 7785 4722
2 3683 13181
2 18918 19298
2 18931 8757
2 7873 9022
2 9673 8801
2 12020 12345
2 8272 7839
2 2553 9369
2 13837 1504
2 17982 9786
2 11265 11889
2 3308 808
2 17858 3264
2 3423 13710
2 15950 9647
2 1641 16737
2 11759 15213
2 10975 3020
2 16342 1297
2 4445 3154
2 16068 18043
2 15897 16442
2 4698 19592
2 19003 16812
2 10458 8554
2 11827 16038
2 9958 11780
2 19059 3110
2 19368 6407
2 14533 10235
2 265 17203
2 8530 15986
2 7859 18790
2 7613 10666
2 9417 14897
2 12789 3588
2 4611 7561
2 9175 8860
2 5548 9763
2 1337 7804
2 4133 11700
2 11382 8125
2 435 13490
2 247 5436
2 10223 4106
2 3441 7005
2 1763 18076
2 12369 6815
2 17816 10074
2 9255 14927
2 1575 3362
2 15624 1857
2 13757 14113
2 6638 10326
2 7514 17234
2 10975 10854
2 2067 613
2 12955 18814
2 12941 11765
2 15014 10269
2 12479 11669
2 3301 11126
2 4689 14619
2 16267 15260
2 14625 11491
2 10803 6874
2 6171 2836
2 18857 7791
2 13700 2961
2 15333 6756
2 7449 3787
2 8689 9876
2 10317 10754
2 13837 16394
2 10123 7235
2 148 19588
2 17176 15123
2 5800 2015
2 8086 7001
2 14574 19127
2 16221 10768
2 16774 6393
2 2237 5498
2 19855 3371
2 41 13168
2 9939 12313
2 15011 11361
2 17489 4276
2 1530 10827
2 10376 13426
2 13399 19669
2 8552 12624
2 614 13696
2 15396 8649
2 17325 14532
2 8128 10152
2 1480 9053
2 12841 19880
2 2311 8421
2 15691 10540
2 1804 5174
2 10530 16155
2 2915 17297
2 439 3535
2 8281 19677
2 17249 4773
2 16930 13442
2 6902 18794
2 16429 12077
2 1104 1596
2 17989 5982
2 1449 17305
2 11114 1668
2 1241 15894
2 2672 9506
2 12331 5238
2 1332 5317
2 16413 5295
2 17616 5396
2 16633 16210
2 3636 1652
2 15272 10685
2 3124 14408
2 17947 12288
2 11136 18360
2 2382 10105
2 9823 6873
2 18205 6130
2 4953 7262
2 12872 8221
2 10769 6734
2 16811 5177
2 3897 9534
2 9911 8655
2 1164 7471
2 10939 18856
2 17832 13710
2 18232 9596
2 5334 1247
2 5279 15306
2 711 5656
2 3626 10519
2 17537 16851
2 7880 1699
2 17126 11691
2 6357 1706
2 9671 18151
2 3778 19164
2 9167 5010
2 9063 2945
2 6473 6204
2 9308 7849
2 16944 7626
2 5046 5747
2 11800 5774
2 7319 12444
2 6802 13470
2 10826 2081
2 9475 2307
2 14024 16098
2 14208 3808
2 7502 11528
2 19202 2462
2 2867 7949
2 18439 19208
2 881 719
2 2825 6759
2 17156 6530
2 7276 135
2 5050 4374
2 4750 17478
2 12796 18871
2 17850 13849
2 19972 5960
2 13506 16306
2 9396 15702
2 13879 11119
2 17789 1281
2 13665 3249
2 1075 13005
2 13832 12398
2 3888 8061
2 1825 16148
2 15791 694
2 1605 8066
2 10966 13362
2 19880 15285
2 17522 3813
2 14385 19408
2 17599 8114
2 4561 90
2 7955 10452
2 4857 11792
2 6902 10704
2 5717 19419
2 2535 15250
2 17219 19704
2 15966 10197
2 9474 16194
2 17996 12580
2 322 1288
2 14375 488
2 7916 13389
2 15402 1992
2 6353 14603
2 2443 8363
2 5862 17649
2 11629 16042
2 9037 9305
2 2158 8920
2 13176 11541
2 6993 10573
2 2537 4436
2 19693 18589
2 15617 6959
2 16563 9935
2 4552 7362
2 5701 5035
2 12587 7527
2 5345 876
2 7779 14759
2 15014 8255
2 10278 14587
2 17473 7033
2 19871 17135
2 8563 7192
2 5089 18645
2 10037 7385
2 17758 14765
2 214 16642
2 19390 19335
2 16095 15167
2 6579 15758
2 1348 4659
2 5360 4297
2 17402 3425
2 14075 14890
2 18926 14720
2 16945 6746
2 12395 1544
2 7326 16631
2 16250 4640
2 16398 2871
2 16549 17493
2 11956 6597
2 11059 16445
2 18981 7140
2 3960 3323
2 7685 17880
2 1990 18123
2 9353 15278
2 6283 15929
2 7238 15280
2 10699 14143
2 3713 3975
2 16115 8921
2 2626 3282
2 2515 14559
2 9809 6699
2 3474 5269
2 1858 15305
2 15287 10785
2 19520 7086
2 5638 11876
2 12037 11257
2 1978 335
2 2297 16457
2 2643 14081
2 10022 19134
2 4483 10509
2 15188 17628
2 12396 9648
2 3653 1444
2 19630 6163
2 19528 14893
2 4806 2473
2 13726 14852
2 13848 6196
2 2866 1086
2 2104 12740
2 15096 9869
2 2253 16176
2 7396 17517
2 14118 6403
2 11206 4810
2 12329 14501
2 3171 2048
2 15625 14912
2 9879 16595
2 6460 5283
2 210 17618
2 13028 689
2 16920 6128
2 6212 7611
2 819 12403
2 13819 10401
2 15367 18097
2 6033 118
2 7373 5750
2 13893 4384
2 14460 498
2 6971 19173
2 17960 3828
2 7305 14853
2 17186 20
2 12468 3320
2 7824 1174
2 16690 13651
2 13636 1237
2 14844 15268
2 15523 18979
2 17964 16362
2 5124 2766
2 19607 8010
2 2134 16597
2 16748 18732
2 7077 7283
2 7603 19084
2 18300 6803
2 14773 10912
2 3488 19228
2 4197 2968
2 179 13245
2 16714 19381
2 3507 12095
2 15742 576
2 5244 11263
2 10154 10576
2 2686 13446
2 15250 7703
2 6442 14237
2 4001 16599
2 19160 16784
2 10305 1516
2 7825 16658
2 17225 18590
2 8344 16386
2 16636 7368
2 2175 15882
2 19868 10890
2 18532 3096
2 11457 17636
2 8645 1508
2 12398 4879
2 12923 7149
2 5738 19933
2 15547 2738
2 5600 17501
2 9241 3057
2 13288 13742
2 1009 4732
2 9813 6408
2 6174 10064
2 3516 3199
2 9772 4848
2 1932 9968
2 8885 4751
2 13914 17635
2 3037 2094
2 1039 3305
2 11393 7210
2 3389 17701
2 19779 15153
2 13118 443
2 3254 18699
2 18483 2033
2 7448 18216
2 1381 17038
2 9696 11326
2 12317 70
2 17671 1443
2 18907 1305
2 9196 7425
2 2690 19104
2 15574 3955
2 14569 3784
2 18700 12421
2 8405 12469
2 1847 1570
2 16727 8099
2 4811 7332
2 2584 11933
2 16052 17763
2 15469 15415
2 6326 3386
2 15775 10640
2 15332 2590
2 5892 7453
2 14038 6901
2 11850 2827
2 4007 2829
2 459 16975
2 18452 19874
2 8764 9646
2 16453 15564
2 16058 570
2 4610 16586
2 5810 9195
2 18918 12990
2 19004 11900
2 18454 11346
2 3473 4294
2 19271 19222
2 5001 9274
2 13162 3974
2 16719 11310
2 4667 942
2 14728 9393
2 11974 13223
2 2324 16189
2 1920 19136
2 7417 18363
2 3487 421
2 14502 19970
2 11504 4723
2 14348 2499
2 14344 17655
2 3579 10294
2 7874 8987
2 11863 12767
2 1281 2641
2 13040 3880
2 13084 611
2 2410 3336
2 9766 17363
2 3173 18923
2 5602 14572
2 16654 10228
2 19193 15494
2 13126 3333
2 17506 2197
2 4692 591
2 97 5402
2 5915 18721
2 2764 18422
2 18200 18110
2 15474 11523
2 648 15077
2 4800 2303
2 5917 18271
2 3799 17281
2 2341 16020
2 10471 1012
2 11710 12022
2 1856 10189
2 12507 13524
2 11523 15850
2 15293 16208
2 570 12146
2 5067 8952
2 11255 17691
2 19959 7910
2 9089 3260
2 8607 7081
2 11062 2836
2 8415 6525
2 19402 1793
2 7134 2931
2 4382 15334
2 3210 19902
2 3983 7670
2 8911 7482
2 11029 12564
2 15412 2328
2 18529 14386
2 1441 8182
2 19003 9432
2 512 8933
2 18192 9353
2 5069 14508
2 974 18984
2 7356 5008
2 979 17064
2 18150 19925
2 5773 13525
2 13555 10262
2 8561 12079
2 4104 8335
2 13018 3512
2 13330 18110
2 15720 5282
2 10545 7321
2 13854 6897
2 8150 1271
2 3704 14540
2 9500 18976
2 11075 15133
2 18939 19335
2 10681 446
2 2010 16038
2 10378 19744
2 7451 10984
2 6896 6480
2 14222 18899
2 5502 13163
2 2543 5646
2 17547 14493
2 15590 8721
2 10917 2357
2 18291 1492
2 8444 16839
2 8971 11231
2 6483 14825
2 11500 9364
2 17251 18327
2 11410 11371
2 14642 3411
2 18265 9799
2 3005 16886
2 18564 4384
2 4251 5480
2 404 5886
2 11164 9990
2 7576 13907
2 11389 17588
2 250 13980
2 12829 7947
2 3808 11397
2 18229 9435
2 1387 6971
2 758 8971
2 6133 5239
2 12889 15447
2 14437 17325
2 9577 18228
2 18229 48
2 5305 5652
2 14950 2521
2 5681 6547
2 14781 2335
2 7030 862
2 13369 7128
2 19409 2760
2 15551 6089
2 9283 3598
2 6302 15397
2 4097 9708
2 3889 8448
2 18158 8635
2 17105 1353
2 16737 2929
2 13872 16958
2 1417 4965
2 11244 16352
2 16117 4687
2 4055 10943
2 11585 19835
2 4215 13560
2 12822 11723
2 18925 15063
2 15570 1829
2 8789 3829
2 4804 5052
2 14656 12713
2 6266 1753
2 3685 13924
2 12941 19479
2 16833 9394
2 9863 9079
2 5292 8371
2 13356 13529
2 8909 6315
2 18934 336
2 10745 10555
2 14730 9581
2 1935 17294
2 342 18600
2 15544 2186
2 3018 5740
2 16794 8763
2 8914 6536
2 5456 5788
2 14430 8815
2 1620 11559
2 17899 15650
2 10597 13257
2 3730 4501
2 10918 17641
2 7317 14027
2 6787 414
2 9972 14201
2 11341 10480
2 2602 12620
2 11466 17206
2 5839 9710
2 13965 10113
2 8334 7151
2 5785 10328
2 9785 10924
2 18857 14134
2 402 19345
2 3714 18603
2 9151 15980
2 2171 17487
2 17429 2498
2 1368 19144
2 18427 15089
2 3443 10575
2 12025 11950
2 6744 5203
2 13890 19788
2 15520 4897
2 4510 19556
2 11522 17131
2 4056 13744
2 13855 1157
2 14540 6147
2 16719 13468
2 1044 11486
2 930 10016
2 14767 9201
2 16584 18593
2 11187 1831
2 868 750
2 7104 10496
2 1144 18787
2 17529 75
2 9884 611
2 11982 13441
2 1981 10504
2 11519 10770
2 17529 12698
2 5809 17332
2 645 11506
2 9100 4593
2 6528 10771
2 15573 9037
2 16175 1032
2 1277 9266
2 9680 42
2 710 6918
2 12505 12849
2 18086 10559
2 16933 18388
2 7693 10221
2 8044 8434
2 13900 13164
2 1126 13267
2 18621 17073
2 8885 8022
2 15414 14964
2 6700 3225
2 13709 18362
2 9540 3964
2 16853 7321
2 13081 10082
2 17377 8590
2 14956 15247
2 4675 11692
2 10100 19211
2 16372 6990
2 2693 2654
2 14462 110
2 7945 17831
2 12610 1781
2 7008 7681
2 19817 17061
2 10282 10569
2 17157 2573
2 6517 2707
2 10425 14643
2 11563 608
2 12188 5056
2 9155 17745
2 19204 9085
2 6553 9861
2 9949 8782
2 10932 14737
2 366 11524
2 18133 14104
2 2517 1114
2 18720 12348
2 7404 9619
2 12182 14543
2 19554 1411
2 9716 9068
2 3587 10855
2 15453 15580
2 4036 10152
2 7695 19694
2 1605 16203
2 3985 5469
2 17352 281
2 12101 17708
2 17811 8367
2 14048 5672
2 9781 658
2 14897 264
2 4599 2139
2 16158 10080
2 1762 13329
2 3883 19548
2 17316 2299
2 7437 8479
2 11246 12773
2 12463 11409
2 5396 16028
2 15141 8519
2 3467 9854
2 3070 8042
2 6045 12447
2 1572 17506
2 438 4096
2 16861 11359
2 10914 14229
2 6383 18025
2 5317 3886
2 3040 9897
2 19319 17776
2 3639 17182
2 13676 12681
2 12219 2133
2 11735 13548
2 1192 3184
2 5682 18623
2 18001 8207
2 2196 17994
2 18608 15992
2 14341 2064
2 1822 5762
2 15730 18830
2 13109 19079
2 15934 17879
2 14063 12902
2 6281 5215
2 3970 6216
2 18568 15247
2 19680 18046
2 19895 13945
2 3676 857
2 11323 12067
2 8358 12458
2 11225 5188
2 9946 7872
2 18837 13667
2 11495 18044
2 14387 3900
2 16466 117
2 14192 32
2 1137 13486
2 4900 18627
2 4245 10835
2 5013 13766
2 5932 14744
2 1689 3630
2 9045 18553
2 5202 11979
2 930 11135
2 15617 2715
2 18552 19851
2 2906 11784
2 6319 17667
2 10503 18086
2 19788 1090
2 6944 15761
2 2941 9368
2 12115 10821
2 4934 8091
2 11667 11613
2 15779 8930
2 18667 19828
2 19288 1999
2 12699 2578
2 18203 2686
2 5913 9160
2 4299 13974
2 9338 11843
2 12338 16069
2 5650 15238
2 1821 13171
2 15431 3364
2 7599 9762
2 9914 15675
2 12840 10334
2 568 5272
2 9270 9369
2 1805 10079
2 6397 8437
2 5056 5268
2 11024 17782
2 19791 15411
2 2842 5545
2 10232 12404
2 1531 8333
2 11264 16191
2 1446 12416
2 5208 17435
2 8514 8497
2 15953 980
2 2109 10235
2 10342 12295
2 16516 14101
2 17589 15248
2 6252 15851
2 19293 17710
2 13073 6252
2 1706 10787
2 11558 15212
2 17866 18017
2 13661 15066
2 14128 3979
2 10835 13246
2 14156 13879
2 11376 17700
2 5312 2968
2 3639 9882
2 3263 19362
2 12180 12042
2 4789 4464
2 15454 8666
2 18679 14978
2 8993 9700
2 7879 18994
2 57 6750
2 5955 17779
2 6767 17738
2 19927 19973
2 16017 18701
2 14474 3397
2 930 15047
2 17498 12350
2 6067 12947
2 16285 12884
2 16376 9620
2 10680 9920
2 4703 4497
2 2046 11007
2 4710 1268
2 9137 1238
2 7562 15331
2 1104 7997
2 9895 15408
2 6677 5848
2 19737 1376
2 359 6152
2 18931 12714
2 18546 12221
2 5067 7013
2 1496 13169
2 14152 4109
2 17405 8638
2 13242 2560
2 3373 14367
2 11871 8899
2 19247 4251
2 11174 6011
2 18155 1319
2 15491 15098
2 4856 6430
2 3374 14936
2 18987 5125
2 13278 1432
2 5688 11994
2 16107 6799
2 9907 4432
2 8630 19517
2 10473 12776
2 18360 3318
2 961 10711
2 13311 7726
2 4864 19535
2 5030 4428
2 15148 15809
2 11529 3824
2 5546 16365
2 16246 9854
2 2113 10513
2 16054 10191
2 11157 19956
2 14103 15976
2 14072 8772
2 8484 10994
2 19092 3561
2 16702 15190
2 5637 16853
2 11121 8798
2 14890 16678
2 3052 11816
2 5737 13333
2 7659 11177
2 18915 18330
2 10337 11032
2 3055 3912
2 19741 312
2 19029 17206
2 17200 1850
2 12994 13622
2 5004 11852
2 3991 4789
2 12735 6374
2 14772 6499
2 8501 19389
2 17397 10998
2 17695 597
2 10654 4782
2 3572 12487
2 5308 1241
2 9040 16158
2 3543 6977
2 18965 17424
2 14523 17750
2 9075 18776
2 7154 8115
2 17504 14140
2 19721 8814
2 9081 13711
2 17458 6386
2 14097 14194
2 6806 3297
2 2589 17029
2 16138 14427
2 6417 5409
2 10889 10219
2 15956 19826
2 15686 2987
2 12355 803
2 6031 10204
2 12096 4433
2 3433 141
2 5880 9630
2 1942 10402
2 17554 11694
2 11894 379
2 402 7724
2 7843 18426
2 4630 13915
2 3515 17096
2 7169 294
2 13270 14012
2 12383 13016
2 10144 3593
2 658 11288
2 3792 12002
2 19183 12460
2 13479 11376
2 5777 16672
2 11024 3984
2 8446 6561
2 19473 11413
2 6156 12701
2 12420 19605
2 14706 16998
2 15333 7786
2 4848 13698
2 753 1253
2 3328 180
2 6509 1715
2 13593 17189
2 652 10975
2 11203 16413
2 244 16581
2 8693 2429
2 18334 18088
2 371 7315
2 8723 10461
2 7132 3146
2 17914 11430
2 1933 9741
2 19624 15269
2 6501 16946
2 18180 3123
2 2251 8463
2 11017 13342
2 18336 4970
2 5774 9828
2 19228 3445
2 5422 19079
2 18491 9009
2 4354 15527
2 12927 12836
2 13533 17467
2 13661 8108
2 19714 16061
2 2212 12651
2 14789 15156
2 19584 5578
2 17911 2247
2 10632 18126
2 10778 8274
2 10102 9768
2 12235 17933
2 2382 19904
2 9205 17465
2 3259 16209
2 17053 12839
2 15615 4400
2 9520 5222
2 15569 19707
2 2636 2925
2 10471 6201
2 19974 5124
2 14266 14834
2 7239 4851
2 16270 363
2 3426 16422
2 15350 13830
2 1197 15848
2 9128 2515
2 15948 13407
2 305 2612
2 1056 6473
2 12904 4614
2 12195 4188
2 2162 10655
2 7080 3337
2 16075 19480
2 1520 9845
2 683 3058
2 7278 19038
2 16598 6783
2 10173 12937
2 19960 16825
2 18928 15076
2 13264 1406
2 18171 7148
2 4190 8056
2 2905 2659
2 13364 507
2 2385 13951
2 6123 711
2 16135 14673
2 11082 7794
2 15902 16848
2 2249 13290
2 2570 2447
2 17475 3808
2 14007 7194
2 14696 7897
2 11390 15049
2 12464 14703
2 14178 9613
2 14118 2051
2 6579 2366
2 3982 15171
2 22 19061
2 3380 14514
2 17292 3469
2 2304 2996
2 15839 17267
2 10519 8145
2 12139 8776
2 17654 18772
2 5313 16609
2 967 4817
2 1182 18082
2 9193 5603
2 15217 18845
2 9795 10808
2 14548 2196
2 1170 3911
2 10712 15735
2 5744 15043
2 9828 15976
2 757 7374
2 2531 4751
2 575 14926
2 429 2273
2 9826 3913
2 19391 14553
2 3268 3458
2 4799 18724
2 332 19265
2 7502 3877
2 108 19521
2 11404 9352
2 12842 12420
2 16174 5378
2 14451 13525
2 2758 5962
2 6135 11631
2 8897 18086
2 14325 5782
2 12909 17979
2 11820 2842
2 15954 2491
2 5055 12795
2 10055 15216
2 17120 17591
2 8962 16866
2 3775 18798
2 1736 10075
2 14789 9199
2 6451 1413
2 1264 12429
2 5883 3043
2 9248 9909
2 12932 9882
2 10681 8251
2 4536 6578
2 12832 1351
2 804 2957
2 7868 17341
2 13236 12118
2 3109 12571
2 12366 6977
2 6054 13046
2 9112 17486
2 8406 4319
2 1299 15225
2 938 17758
2 5060 12678
2 12587 19537
2 2176 82
2 10390 3060
2 18479 15327
2 4312 5982
2 19966 1156
2 2599 19221
2 14504 17585
2 961 2765
2 3573 13555
2 4525 9192
2 11190 12215
2 11319 1473
2 7940 5226
2 6116 18230
2 17813 662
2 1401 9670
2 7551 13065
2 4453 6776
2 2674 10972
2 19879 14895
2 19573 1448
2 13681 15570
2 11562 3429
2 1999 16299
2 15246 4153
2 7029 4046
2 38 16996
2 19767 17749
2 11756 2276
2 13113 8883
2 17297 19430
2 10459 14948
2 14460 17985
2 16115 4225
2 4544 15990
2 6343 19366
2 1541 1640
2 3348 13706
2 14658 18180
2 4473 14713
2 18883 3392
2 1160 5666
2 13734 2445
2 18087 10336
2 6307 538
2 17332 6072
2 2061 16774
2 19971 14712
2 17053 14205
2 2878 3830
2 16340 15544
2 15776 4716
2 2658 18184
2 8423 19314
2 16668 19109
2 9867 14965
2 4318 18515
2 10428 7924
2 16869 19937
2 17891 11702
2 18495 8204
2 16566 4952
2 16034 17647
2 4346 9018
2 11500 13715
2 6677 3696
2 6032 17184
2 3942 6461
2 16918 16499
2 4548 6374
2 6401 10568
2 4931 19951
2 5747 6030
2 11973 8362
2 11839 11932
2 8348 171
2 667 18589
2 9489 16479
2 8711 11118
2 17383 5997
2 10214 14924
2 11920 3402
2 3632 12000
2 13886 11782
2 15394 18804
2 17431 610
2 5640 2296
2 5651 10395
2 14357 10880
2 1011 16038
2 16423 1791
2 18992 18124
2 2557 2211
2 3490 16549
2 13656 13281
2 1995 3595
2 10439 16357
2 13044 19795
2 16862 9914
2 8236 695
2 245 10146
2 56 16988
2 942 12716
2 19984 6871
2 15433 4611
2 15825 15332
2 11003 2665
2 18946 10566
2 14410 7654
2 8617 6720
2 17234 10044
2 138 971
2 17645 16227
2 2598 9478
2 8275 5432
2 12896 6439
2 19286 18411
2 4846 10910
2 7858 11508
2 18486 15558
2 10442 7999
2 13606 3688
2 10757 7413
2 9431 8580
2 18828 12178
2 5282 19195
2 18347 19800
2 32 10479
2 9356 5294
2 6163 4914
2 4076 4841
2 97 19488
2 17051 302
2 382 18385
2 3543 14589
2 5143 3495
2 3338 7152
2 17125 10655
2 1919 15788
2 7334 19396
2 842 18256
2 9441 9351
2 12599 14997
2 15524 18913
2 6847 19125
2 17989 16317
2 16841 12383
2 8135 11292
2 6867 8639
2 11108 8262
2 19551 15567
2 10076 6119
2 18757 11452
2 18484 3941
2 10774 11853
2 18097 14897
2 6322 3248
2 1635 13896
2 17922 13573
2 13587 9457
2 18014 662
2 10827 2261
2 8479 6812
2 2020 5056
2 4141 8972
2 3198 12662
2 11823 7664
2 19472 12607
2 6092 9630
2 17642 5686
2 7727 3975
2 13402 10329
2 2118 12288
2 17902 5354
2 3600 431
2 7189 7592
2 4344 8902
2 1924 2124
2 11905 19569
2 15550 5042
2 12805 12041
2 15699 11804
2 9938 8787
2 14325 1902
2 18506 8851
2 13487 8006
2 14297 5593
2 13963 16092
2 11740 1792
2 18797 15876
2 12368 15697
2 18702 16385
2 19545 18099
2 9433 11162
2 18335 1683
2 10844 4960
2 19509 3765
2 19665 16705
2 5707 13197
2 2775 19946
2 9007 12480
2 5768 19916
2 9943 5590
2 8226 13059
2 4115 6665
2 813 1501
2 19247 150
2 3232 9087
2 14017 12259
2 12744 2267
2 13337 19311
2 13156 4653
2 15502 5036
2 14456 11739
2 19243 12949
2 12776 5673
2 410 14046
2 14284 18495
2 6755 19720
2 12452 16887
2 18646 8423
2 6333 12522
2 13923 14474
2 586 11718
2 10530 7463
2 14981 18633
2 16002 5213
2 13138 6865
2 9603 15598
2 9402 17352
2 18257 16393
2 8355 4794
2 3126 1156
2 16591 17530
2 17221 1630
2 19464 16764
2 14898 10395
2 16071 3846
2 19636 15490
2 4577 857
2 4412 4217
2 18582 3288
2 9713 12525
2 10775 16525
2 2051 8620
2 16459 10853
2 9736 12378
2 6398 11768
2 8211 8630
2 11890 1199
2 14007 3928
2 18801 17517
2 2851 8014
2 14857 10613
2 3734 9425
2 14318 2631
2 3390 14294
2 17068 6735
2 1961 6484
2 3316 3325
2 2413 12808
2 14708 10920
2 16843 8942
2 19862 666
2 9068 4020
2 6028 14415
2 19693 1906
2 10491 14994
2 15729 1677
2 19360 9448
2 9957 13364
2 2471 11070
2 15807 11371
2 6039 16437
2 13278 4364
2 16359 798
2 6632 7534
2 10866 12838
2 6918 18533
2 15650 382
2 8124 19731
2 8168 18723
2 10433 18108
2 4062 13674
2 7979 1850
2 15878 7629
2 12051 7923
2 9868 19339
2 4995 9283
2 12093 5485
2 11193 8693
2 12104 7574
2 201 8578
2 14427 16150
2 9944 15160
2 5705 9024
2 7753 8064
2 14721 8461
2 4677 1369
2 14050 13119
2 15061 440
2 18128 12943
2 18043 3645
2 6350 5250
2 13939 17398
2 11607 16721
2 1498 11935
2 19740 755
2 2568 3263
2 11169 8291
2 9975 13712
2 18350 15369
2 16602 18492
2 13808 13034
2 16349 4691
2 10168 7361
2 8273 16308
2 14748 2752
2 135 6518
2 15340 11059
2 17804 19621
2 14150 16340
2 16022 10049
2 15367 19285
2 7726 9381
2 11248 11564
2 2204 19801
2 10701 11600
2 2099 16517
2 19470 4526
2 14736 13012
2 13155 7421
2 9814 16958
2 10350 4716
2 12053 13830
2 12696 3566
2 5436 10892
2 12615 6068
2 7178 6663
2 10407 17365
2 6136 13399
2 1815 10751
2 6131 8870
2 13293 14743
2 11779 1416
2 9988 12856
2 16994 18732
2 14304 13967
2 13732 1780
2 11909 11523
2 1361 14251
2 4225 1537
2 13041 19803
2 1714 12701
2 9258 11890
2 19728 12254
2 14415 15981
2 13700 13405
2 9092 2031
2 7476 7989
2 8390 12603
2 13489 16896
2 17228 15307
2 2873 8635
2 12038 6887
2 6510 6944
2 16332 5052
2 8141 4647
2 18469 13742
2 6259 15184
2 14794 8132
2 18945 7479
2 5225 3446
2 6422 16663
2 7173 17048
2 2530 12898
2 10217 9497
2 16356 19307
2 6140 49
2 4518 16998
2 19705 3613
2 19722 1111
2 9166 8574
2 19623 5400
2 9930 15810
2 14545 18572
2 19901 4209
2 16318 7225
2 8021 8066
2 6562 3956
2 2114 8239
2 7095 4358
2 16969 9833
2 8495 1984
2 16699 4076
2 1145 839
2 16510 4112
2 9747 13855
2 5316 13027
2 15846 10810
2 14670 12056
2 7689 15906
2 1722 2147
2 6968 6655
2 7562 12455
2 17401 15421
2 17706 11199
2 8876 6081
2 5945 3442
2 11358 14582
2 11023 13444
2 10775 17243
2 16112 18243
2 5474 12615
2 1005 11690
2 10624 2583
2 18650 13493
2 13690 2405
2 3318 11174
2 6089 12356
2 4685 4815
2 8229 2798
2 1701 6507
2 11559 18242
2 16869 3205
2 8764 2339
2 2576 14762
2 5673 16320
2 18496 13673
2 16847 9659
2 14095 5749
2 13200 17459
2 3209 9444
2 17964 1109
2 8215 11660
2 1179 12743
2 5385 4216
2 5615 7709
2 14574 13446
2 8673 2234
2 2667 1720
2 16442 16089
2 9328 6083
2 8037 7430
2 12608 17365
2 2155 5873
2 18418 17531
2 13629 10099
2 15662 6793
2 9615 12399
2 6316 9995
2 4608 17197
2 2283 15127
2 18023 8023
2 1513 7779
2 11774 9920
2 14510 15860
2 17358 5248
2 15945 12454
2 3368 8369
2 17947 10786
2 11622 18977
2 4000 6088
2 6178 5189
2 9443 13578
2 10355 4863
2 5370 19811
2 9349 19807
2 9988 12179
2 16598 18020
2 13720 9649
2 18086 3217
2 4446 11153
2 7550 19295
2 1124 16661
2 16614 15964
2 2757 17562
2 4309 15491
2 7672 7820
2 10744 17237
2 5236 5652
2 17352 18887
2 13108 13472
2 16001 3511
2 3835 6533
2 17935 8288
2 14161 9177
2 12622 13229
2 13697 10312
2 19015 15416
2 12819 3280
2 13372 16404
2 3642 1132
2 19513 19988
2 6967 12315
2 3046 14531
2 1960 1703
2 18619 13400
2 10040 17374
2 18777 14348
2 5111 1001
2 14533 13237
2 19796 16568
2 16541 7973
2 1136 14
2 1265 16696
2 9885 12250
2 17259 4510
2 15979 4618
2 18398 14075
2 14243 7874
2 2750 5988
2 18590 14368
2 5219 18144
2 6598 14566
2 15644 18180
2 11655 13428
2 16151 1577
2 16535 5642
2 1899 19586
2 18944 10583
2 5635 10233
2 15472 11850
2 5965 10474
2 9379 5978
2 43 18357
2 8489 10746
2 11632 3956
2 8729 13743
2 747 3129
2 5529 3563
2 12707 12107
2 13446 12954
2 8275 11808
2 14403 8603
2 5278 17462
2 14582 8346
2 6922 190
2 19607 12366
2 15325 15703
2 8317 13021
2 19240 5388
2 16284 12413
2 1772 9348
2 10981 10978
2 17338 8669
2 15501 8008
2 1393 10926
2 1320 3858
2 6735 193
2 13020 1916
2 2767 58
2 6187 4381
2 13840 5653
2 11647 17172
2 5128 9692
2 5122 4618
2 13412 16993
2 1191 1332
2 19509 4834
2 14672 590
2 5711 13160
2 1742 9418
2 8230 15296
2 6368 18229
2 2178 8594
2 5100 12195
2 9198 14354
2 13676 14367
2 14679 10194
2 12741 19681
2 11873 3294
2 17840 2234
2 18812 4279
2 13011 58
2 17806 4259
2 4224 5184
2 6616 11180
2 1689 5762
2 9509 16610
2 16430 11778
2 5069 7549
2 2391 4021
2 18645 14555
2 9345 587
2 19353 8229
2 9206 14100
2 15668 4085
2 1310 12039
2 10957 9461
2 13237 10697
2 9605 8948
2 18874 4856
2 18243 6280
2 12889 679
2 6695 14728
2 17924 8257
2 12530 7110
2 11239 15867
2 8151 11672
2 9453 15729
2 3665 8008
2 858 17926
2 1911 12915
2 8739 3445
2 12359 4030
2 11556 18328
2 12843 2353
2 9469 8056
2 10632 610
2 383 6143
2 9595 136
2 9681 2701
2 6257 17036
2 18924 10660
2 9968 8646
2 2488 591
2 9446 17532
2 4261 6080
2 16421 19713
2 10289 12803
2 5810 1057
2 18876 1715
2 6592 18924
2 1162 17316
2 16219 17643
2 12280 13630
2 9992 9984
2 1952 8909
2 7930 4485
2 11286 16131
2 8454 6594
2 7473 13562
2 3473 3512
2 11963 6462
2 6760 14888
2 3336 16114
2 8124 11304
2 11160 5001
2 13381 365
2 6643 4943
2 18195 16108
2 16082 12119
2 11799 15721
2 9248 5852
2 1168 11241
2 16466 1663
2 13496 18572
2 580 12165
2 7137 14300
2 16896 13653
2 18951 12716
2 13164 6668
2 15331 8505
2 14226 17217
2 10899 11932
2 15063 13606
2 13072 10792
2 17521 14437
2 9698 16477
2 1695 3419
2 16454 9360
2 2033 3172
2 19747 17531
2 6514 19038
2 7353 1335
2 19739 895
2 176 1544
2 2394 4693
2 11206 19098
2 8506 4296
2 16605 7719
2 18347 17215
2 14628 954
2 4257 18475
2 6574 1592
2 13176 3826
2 996 5601
2 1301 12569
2 15656 6566
2 15697 1076
2 8247 14150
2 15449 10954
2 19301 3054
2 13160 19396
2 2184 4547
2 17894 16251
2 8115 8564
2 18317 1428
2 8333 8765
2 16833 16943
2 17221 4756
2 8821 8419
2 19968 16164
2 6319 5477
2 8443 11080
2 9918 15838
2 6490 861
2 4885 107
2 6213 14584
2 1891 952
2 7082 10375
2 2102 16122
2 19675 6457
2 12783 1104
2 1863 10112
2 1656 4123
2 9692 2740
2 16242 14462
2 11883 4047
2 13438 365
2 9852 11113
2 14439 9346
2 13314 12871
2 6445 10929
2 15666 12533
2 2747 9844
2 19218 13381
2 14429 18245
2 12313 6745
2 16760 16391
2 6308 6364
2 7223 4896
2 6301 13582
2 3362 5845
2 6603 4942
2 19356 15547
2 3723 13837
2 5938 11944
2 7084 6672
2 17337 7504
2 19540 6143
2 17977 16098
2 3056 822
2 4496 16776
2 3776 17554
2 2808 13290
2 1625 8280
2 10638 1522
2 17658 9889
2 14594 14818
2 13770 8604
2 2700 18812
2 5811 5441
2 19255 16628
2 4112 16643
2 6135 19137
2 5992 11398
2 4288 14645
2 7381 19147
2 1889 7272
2 2341 16296
2 5008 16044
2 14670 11280
2 7719 17737
2 12046 9617
2 5807 2693
2 15227 17131
2 6690 18137
2 13709 17592
2 10021 12458
2 8575 7471
2 13676 13778
2 11468 5666
2 8987 19359
2 19936 12237
2 11192 19216
2 13909 14630
2 620 10797
2 18155 1235
2 4715 17616
2 1687 4408
2 9949 8410
2 15551 16140
2 1840 11009
2 6614 13548
2 150 9673
2 16829 1585
2 2336 16234
2 9924 16641
2 3698 10626
2 12859 16966
2 7073 9109
2 2816 17014
2 11734 4035
2 12473 12255
2 669 5103
2 19022 19621
2 8726 197
2 15822 8610
2 10757 9439
2 4992 12404
2 1884 5523
2 2885 8868
2 16723 3272
2 6576 3171
2 9322 17522
2 11858 18684
2 17195 11591
2 19050 15350
2 880 914
2 15691 4485
2 10860 16694
2 10932 16556
2 4197 18158
2 4491 17275
2 14196 10994
2 15066 18398
2 6350 1217
2 7474 13257
2 1115 12264
2 16053 3499
2 11167 6957
2 5284 8276
2 593 3160
2 11010 4101
2 514 15357
2 13533 8065
2 10913 18808
2 19548 4411
2 9753 388
2 6314 5676
2 5100 9554
2 19766 11856
2 16762 13980
2 17250 7355
2 6561 11392
2 11000 18220
2 2767 4754
2 3526 17876
2 1043 14794
2 2683 13092
2 11822 9680
2 11680 6474
2 16628 8673
2 13748 1120
2 183 16651
2 11383 8312
2 9280 15551
2 9385 6869
2 5063 14935
2 1318 9981
2 3211 11510
2 4865 1120
2 7507 3585
2 13076 18995
2 19971 2708
2 5174 16399
2 11513 1167
2 9354 11182
2 13638 5675
2 3930 17884
2 10058 7876
2 12621 287
2 16213 9549
2 6864 13334
2 2585 16605
2 7272 4362
2 10525 17270
2 10915 14836
2 15906 2421
2 8387 19743
2 10639 9260
2 1131 6539
2 11360 3348
2 18810 10926
2 11178 14315
2 10909 612
2 15524 43
2 450 11751
2 636 4652
2 5606 18871
2 16818 7310
2 15053 11926
2 14287 7801
2 6868 17659
2 12323 3169
2 3298 1844
2 9527 14486
2 8373 8900
2 15120 3350
2 17550 12101
2 11378 19955
2 12256 12489
2 4172 7100
2 17086 6742
2 1661 9098
2 12276 11052
2 5538 5614
2 7091 17319
2 12594 989
2 10325 8396
2 4560 7578
2 12126 16219
2 5462 7866
2 18322 9295
2 8619 6911
2 17863 839
2 467 4363
2 5739 19818
2 14427 133
2 2120 11681
2 6882 1088
2 14165 13713
2 18180 12335
2 7395 19903
2 10151 1452
2 15227 19432
2 18107 15876
2 4786 18713
2 8329 14704
2 15563 3103
2 16043 3976
2 5494 1701
2 13419 12305
2 13659 14799
2 16516 17846
2 12683 4872
2 16868 11986
2 12160 7992
2 233 4623
2 7321 18891
2 504 8449
2 17254 15596
2 10415 7205
2 10955 14568
2 12929 13048
2 5829 18327
2 14518 18704
2 4079 14349
2 1771 18438
2 1747 7030
2 8262 18626
2 1635 2364
2 19278 14861
2 17815 10338
2 11707 10077
2 12378 18773
2 12174 13063
2 4412 17174
2 5325 9519
2 7389 12117
2 8520 19423
2 14593 2615
2 9173 18857
2 2191 5166
2 18126 3898
2 6780 18101
2 14211 1710
2 649 15478
2 4695 6426
2 733 18688
2 15888 10906
2 18430 3094
2 8168 2059
2 8492 14048
2 2612 13
2 2270 14761
2 14874 11846
2 16620 12586
2 18753 9510
2 16933 10129
2 16634 18757
2 383 18031
2 13919 9447
2 534 2972
2 3434 16234
2 9148 1696
2 7738 5112
2 18544 13544
2 14071 1992
2 3942 11720
2 3601 11929
2 5940 3820
2 11411 10403
2 10428 13039
2 7889 8578
2 8266 11570
2 438 3456
2 846 15113
2 12159 18485
2 4986 14117
2 1773 14323
2 11836 6872
2 6306 16757
2 4612 4499
2 2786 12056
2 4762 18925
2 3846 14509
2 16331 15915
2 18251 2005
2 16713 6957
2 14222 12483
2 17281 8044
2 6297 5478
2 16513 16058
2 3738 3567
2 10936 2015
2 15348 5836
2 17480 3771
2 5399 5525
2 1513 19321
2 19523 3929
2 4724 19113
2 19309 2511
2 347 3195
2 15971 4577
2 7317 19169
2 10986 13359
2 5005 8341
2 7230 18479
2 10768 14448
2 6133 1924
2 16147 8216
2 16615 19697
2 13081 18855
2 4088 750
2 13666 8995
2 9333 5149
2 4919 3654
2 12567 16313
2 3533 6992
2 19251 1652
2 9896 17437
2 9567 4206
2 17377 10858
2 786 18663
2 15467 18580
2 14146 13395
2 10974 1103
2 11941 13240
2 7053 691
2 2678 9663
2 11181 15866
2 7252 15500
2 10340 10379
2 4630 10942
2 2819 18917
2 9434 4139
2 14939 10312
2 14752 10177
2 18171 6478
2 3280 12426
2 9023 284
2 9129 13519
2 17307 8277
2 17025 7193
2 4141 11808
2 3636 1997
2 2678 14171
2 3281 13940
2 14761 15146
2 16197 1140
2 486 15392
2 8594 10568
2 16616 16964
2 9563 7015
2 16129 18062
2 10323 7505
2 4180 19076
2 5270 13549
2 15536 6939
2 12033 13699
2 7762 8284
2 15713 5203
2 3916 17854
2 14325 10678
2 6761 13217
2 10537 7241
2 12342 18905
2 9327 14005
2 7928 1490
2 14215 7338
2 9942 18686
2 11151 13887
2 13965 5543
2 4930 19174
2 11583 3458
2 3731 7026
2 18312 12310
2 9936 19411
2 19567 17945
2 19571 5054
2 5728 8949
2 2391 10967
2 22 18655
2 5014 18524
2 14640 3055
2 13894 7420
2 6033 17180
2 13617 19005
2 4065 18902
2 17653 9433
2 8077 16873
2 9185 6247
2 3169 1917
2 18460 2809
2 15634 16230
2 6025 11387
2 4405 16332
2 4671 14187
2 13696 5473
2 7816 15741
2 6920 12146
2 18581 13993
2 7105 14336
2 19505 5568
2 2907 5968
2 9653 3573
2 9560 716
2 16521 7308
2 14096 4058
2 10556 14836
2 16161 4636
2 19220 14934
2 5711 15762
2 11348 8917
2 10414 8579
2 8342 8704
2 429 7191
2 5716 17540
2 18236 12858
2 7852 18042
2 11764 14408
2 13078 13912
2 12577 15506
2 19217 10015
2 16259 2721
2 13844 12738
2 15098 11664
2 8661 10623
2 7791 14595
2 6865 14074
2 6592 14734
2 14668 3040
2 7818 9937
2 2262 10696
2 4319 19593
2 1847 14479
2 19584 8878
2 954 15849
2 16026 94
2 18214 10896
2 13642 9819
2 18014 7627
2 16428 3254
2 7062 6892
2 4890 47
2 18601 16327
2 2855 19476
2 10942 1487
2 5003 15293
2 11632 16354
2 17596 15792
2 19516 16129
2 4528 15514
2 12332 10670
2 8059 860
2 9792 12207
2 7108 15765
2 12635 14774
2 11378 14647
2 12873 14702
2 4219 4796
2 8918 3555
2 18127 18399
2 4324 6687
2 10221 19589
2 17953 11676
2 15414 18664
2 19886 19371
2 14408 3946
2 5158 583
2 4287 16658
2 19563 19218
2 13439 16488
2 9270 18793
2 5872 7360
2 170 9238
2 547 1115
2 747 13575
2 15711 18081
2 2160 13695
2 16774 2964
2 10754 8531
2 17569 1240
2 3643 12509
2 11040 12426
2 4270 1606
2 7950 14147
2 7013 7099
2 6990 4470
2 16247 17658
2 16847 6867
2 13404 800
2 3883 5097
2 19530 6747
2 15949 8023
2 289 9207
2 11898 18935
2 6566 11157
2 12175 14526
2 6922 16743
2 1812 4149
2 15844 6728
2 5435 3791
2 19617 9310
2 10013 13771
2 6249 11957
2 3785 4044
2 1605 161
2 12568 1795
2 19652 9886
2 942 7989
2 775 18898
2 10015 5298
2 15914 18165
2 4689 14980
2 14645 10922
2 6703 5776
2 19773 5833
2 3916 10310
2 11144 13718
2 15596 3088
2 3631 16919
2 18149 16263
2 2782 11371
2 13986 8353
2 12530 9703
2 16738 441
2 1760 15446
2 4532 12796
2 14622 15414
2 1366 18114
2 989 17441
2 5140 1872
2 17183 17172
2 19578 11676
2 462 7406
2 17278 13474
2 3204 8678
2 13828 7126
2 14623 6034
2 4900 17616
2 15916 9092
2 11172 5352
2 10076 7677
2 14235 13108
2 1101 45
2 14493 3096
2 16987 6477
2 4239 525
2 4248 15039
2 7340 5097
2 17259 6900
2 5108 18082
2 5977 19565
2 1844 6627
2 11615 4263
2 3233 14860
2 4047 4044
2 11867 2702
2 19210 12721
2 17540 530
2 18161 9521
2 2610 14655
2 11261 7580
2 14477 12084
2 16386 8898
2 12591 2144
2 673 6744
2 10756 4344
2 17179 11890
2 18682 19910
2 7796 9753
2 18620 1940
2 7327 19510
2 17253 19918
2 17367 2916
2 6251 9968
2 5200 14722
2 7641 1416
2 1414 18944
2 367 6843
2 19621 15947
2 5123 1661
2 10678 3790
2 1080 16372
2 4737 9348
2 5079 16536
2 10709 9387
2 8635 13133
2 10396 2220
2 5903 7796
2 14712 18941
2 11437 10561
2 7311 690
2 1171 2576
2 17357 3324
2 8472 15729
2 4973 15276
2 7376 15117
2 15147 9085
2 960 12840
2 647 17036
2 11554 14319
2 7277 7156
2 9460 8343
2 19279 8450
2 2386 16480
2 4448 1873
2 19744 11659
2 19744 5122
2 15417 568
2 1038 19009
2 154 18449
2 16372 18988
2 6361 12571
2 18851 385
2 5481 4672
2 19274 8325
2 12057 16883
2 15408 12766
2 16929 18615
2 3473 8121
2 2256 4842
2 17275 7742
2 2545 11031
2 6836 11472
2 14368 162
2 8493 12414
2 6253 6733
2 843 17829
2 3638 2057
2 17710 14151
2 5414 18336
2 274 12810
2 944 11304
2 18497 6658
2 14278 18303
2 7518 19337
2 2987 799
2 5208 16748
2 9978 3890
2 5284 7172
2 10957 18802
2 12833 2346
2 4722 1541
2 7586 16415
2 14707 11795
2 15033 4395
2 16139 1429
2 1144 16138
2 16734 5240
2 6935 14092
2 15608 1852
2 4441 10163
2 10354 734
2 12183 8888
2 18104 3789
2 11398 1017
2 12286 10028
2 12786 15316
2 14390 1859
2 6939 6402
2 16602 7836
2 3709 3694
2 2814 18638
2 1718 16812
2 3514 3028
2 2249 19163
2 17181 11458
2 3779 9078
2 13716 13414
2 10216 10548
2 5569 10373
2 15552 13520
2 4404 5759
2 16142 16773
2 12040 12946
2 14683 11819
2 7707 11008
2 11993 16231
2 17071 13421
2 13025 13226
2 16971 6350
2 6030 14599
2 6282 479
2 491 17641
2 5688 13339
2 2699 1841
2 11640 13508
2 8176 2589
2 5992 9003
2 5389 7746
2 10402 3426
2 10509 10628
2 13033 13538
2 4125 13745
2 15223 13680
2 10149 4676
2 10357 16214
2 6872 8053
2 12480 9984
2 4368 6123
2 10965 1229
2 1747 18481
2 14008 1403
2 5344 11713
2 12340 2772
2 2113 18323
2 6955 15783
2 8040 8595
2 18232 17398
2 12310 12470
2 8070 16100
2 18634 3011
2 12961 2785
2 3438 9598
2 11073 2367
2 17304 9239
2 11923 14734
2 9676 2378
2 18964 3753
2 19290 5778
2 19375 10614
2 2212 18296
2 2620 7940
2 13730 17565
2 4309 11130
2 3466 16194
2 1556 1474
2 10078 10792
2 17201 19228
2 7805 4018
2 12342 942
2 12096 14341
2 158 8525
2 1271 8916
2 6559 14230
2 8906 13541
2 5570 2850
2 19483 15401
2 7875 4799
2 6989 1425
2 4485 8406
2 17572 11448
2 19630 2123
2 11741 5576
2 2142 4724
2 11342 4042
2 14695 13452
2 19595 15784
2 6929 10899
2 2809 19928
2 4465 8878
2 17918 4492
2 4564 17452
2 9553 230
2 14311 19472
2 16209 3570
2 14448 47
2 12320 12558
2 16058 12224
2 421 10223
2 18103 19540
2 12980 10435
2 1286 17343
2 3696 8344
2 15573 9119
2 14031 19984
2 18182 3630
2 6017 15810
2 18523 13993
2 8525 3585
2 12288 7145
2 6062 10579
2 8568 19884
2 4148 12923
2 17993 2999
2 13400 12243
2 1107 8595
2 8035 15419
2 6449 17858
2 6347 888
2 10668 476
2 12336 19681
2 12375 17094
2 6185 7227
2 13696 1283
2 1893 12753
2 9483 17438
2 7623 8761
2 1906 3383
2 13505 12360
2 17763 10882
2 19504 2443
2 12303 6844
2 16650 10370
2 5703 8726
2 12338 8181
2 4062 1849
2 2685 15443
2 15169 19620
2 1981 1638
2 14746 11633
2 18968 16635
2 7423 18870
2 7906 16891
2 10138 9577
2 10506 10159
2 14404 18134
2 19025 10068
2 11668 16591
2 9332 1507
2 7334 11482
2 8169 2347
2 13823 7049
2 3148 17333
2 7552 1035
2 11874 15466
2 813 19896
2 6166 15155
2 5736 9591
2 9925 9434
2 3937 5706
2 5999 17231
2 4241 8036
2 8844 6809
2 7612 13622
2 12428 1837
2 12746 6512
2 13050 15647
2 6034 5082
2 15591 14902
2 18903 10005
2 5541 1656
2 4656 12929
2 16119 16470
2 13152 656
2 7307 11649
2 1532 19122
2 1718 2513
2 19050 6410
2 14758 14094
2 11500 7326
2 6879 7538
2 18885 7723
2 19773 7183
2 902 6808
2 9300 9627
2 1862 16152
2 8842 4538
2 15898 19113
2 6783 15913
2 15456 8717
2 8394 6743
2 4376 17556
2 10260 11820
2 11976 19239
2 8742 8516
2 4969 12604
2 16322 14560
2 975 17189
2 18865 14312
2 17450 5760
2 17208 18913
2 15858 1833
2 8705 12107
2 18327 11852
2 16565 7654
2 13596 7397
2 13196 18827
2 1663 1268
2 17557 18305
2 12277 16399
2 7088 13819
2 15595 14306
2 355 18504
2 14503 15542
2 14324 14304
2 10154 6811
2 10022 14715
2 2731 8685
2 18365 5952
2 6684 333
2 4661 11843
2 13575 19841
2 2884 19986
2 13323 7841
2 19324 19896
2 15149 8815
2 6632 2467
2 12560 10405
2 925 2148
2 9344 11318
2 12915 17547
2 5446 15758
2 15628 19208
2 10760 12525
2 3162 19170
2 624 17080
2 2966 10359
2 12272 13440
2 4333 16786
2 12519 7230
2 1484 12251
2 3627 19362
2 15139 18299
2 6896 5798
2 10074 1050
2 18008 15281
2 14527 14361
2 13611 12408
2 10758 720
2 16309 8308
2 12913 2350
2 12127 2563
2 17268 5066
2 5042 9559
2 17439 19752
2 19402 6574
2 15637 18941
2 6194 18239
2 17178 4403
2 2403 11292
2 14271 19652
2 7386 12346
2 3047 19488
2 12660 2559
2 2117 4126
2 16150 5062
2 13113 11963
2 15358 17732
2 10974 3449
2 10323 18135
2 2346 11921
2 16158 10263
2 4031 19495
2 13822 9191
2 18466 17171
2 11287 1842
2 13259 4331
2 18577 18062
2 8716 10275
2 10814 10877
2 12754 7408
2 15049 1931
2 18460 2300
2 7915 12673
2 16040 17519
2 1043 18985
2 17142 1725
2 15354 18460
2 14824 17563
2 4353 13342
2 10222 1142
2 11084 6533
2 11298 6399
2 11207 15666
2 17941 11687
2 10267 3927
2 15111 17611
2 8160 19218
2 1390 14465
2 19025 11701
2 7042 12728
2 12225 9410
2 7345 1159
2 11202 2325
2 367 7413
2 4187 16772
2 14077 15058
2 6280 859
2 7272 3494
2 2403 4542
2 9125 17022
2 12398 13230
2 693 5119
2 9123 696
2 5994 1419
2 10358 8737
2 2682 14547
2 3005 14516
2 19832 16966
2 6434 15391
2 14781 4820
2 8699 9606
2 16986 1052
2 3072 15422
2 14791 12182
2 83 1647
2 3403 2596
2 10133 9333
2 16056 748
2 56 18811
2 18581 10073
2 1252 7398
2 5783 11891
2 15833 2769
2 14801 11777
2 1484 7484
2 11535 477
2 7493 15085
2 17943 955
2 7402 3212
2 14826 7471
2 16734 2430
2 15420 3742
2 6904 18363
2 17646 15745
2 16211 3132
2 1950 6469
2 6302 15163
2 11809 14985
2 18528 11424
2 4465 10153
2 1386 4806
2 19221 19114
2 17400 9825
2 14295 19908
2 17317 7299
2 1773 14140
2 14445 18547
2 13703 2274
2 15377 19551
2 19172 16734
2 7268 14719
2 4392 12543
2 2195 14875
2 7060 10251
2 4261 13452
2 3508 12577
2 7261 904
2 17652 1363
2 13771 2569
2 17792 6187
2 11073 6852
2 8203 10076
2 3908 16832
2 6098 11210
2 19709 1914
2 1117 4944
2 18067 9359
2 212 2416
2 16683 7677
2 13541 15797
2 3472 16509
2 8350 7287
2 15488 2317
2 16229 15442
2 5155 7811
2 2633 9775
2 16402 5532
2 7711 7840
2 7043 4821
2 5919 4567
2 6127 8621
2 10460 8471
2 13306 9537
2 8044 9409
2 12266 15847
2 14160 12725
2 708 5173
2 1303 14987
2 5844 2872
2 3137 12831
2 27 3952
2 11719 8962
2 15398 10850
2 7324 19451
2 7614 6617
2 16101 6247
2 3099 5810
2 6448 9874
2 6584 19281
2 3861 9021
2 8676 9741
2 13042 3211
2 1561 19464
2 5153 9763
2 14282 11555
2 9772 17733
2 5841 15204
2 18795 10298
2 12602 12763
2 19980 6647
2 3260 16663
2 960 7673
2 8400 14057
2 18536 15885
2 14208 10347
2 3739 5342
2 9835 14663
2 810 11213
2 3822 14603
2 12775 3025
2 1475 3131
2 7917 7051
2 8883 4272
2 1240 13806
2 12142 5040
2 5384 19170
2 2665 18705
2 7516 3452
2 16298 9427
2 3601 7956
2 11028 9356
2 5716 16432
2 4318 6680
2 11849 2564
2 13204 4027
2 19980 336
2 211 12067
2 8083 15307
2 821 20
2 13727 18503
2 16018 7034
2 10178 4537
2 15382 3958
2 17211 2983
2 4378 19657
2 3832 1684
2 19376 8568
2 19445 19747
2 6749 2490
2 18977 8513
2 19540 16732
2 1483 14069
2 14446 14220
2 17837 3713
2 18543 13302
2 6439 13722
2 9519 14953
2 11664 17569
2 7524 2447
2 18823 19736
2 14287 1749
2 5627 9980
2 4338 10173
2 17605 15126
2 7930 3510
2 13008 10031
2 19902 16461
2 451 2080
2 1934 13997
2 1 10900
2 8241 11750
2 17358 18852
2 19451 6813
2 8727 8745
2 8759 2840
2 5561 5259
2 19100 18386
2 5912 15248
2 8099 6163
2 11720 12551
2 19272 4252
2 5370 17200
2 18064 18972
2 5474 19256
2 4695 17239
2 3402 11895
2 9924 13599
2 2852 2626
2 19136 626
2 15636 7863
2 1730 19288
2 19990 1217
2 9330 12561
2 19356 1006
2 5316 5587
2 886 13229
2 7728 9295
2 12151 14540
2 1668 15589
2 6759 2072
2 10510 17973
2 2116 18918
2 19347 9695
2 4336 11466
2 18724 12155
2 12234 9204
2 12610 16675
2 260 15916
2 4585 16713
2 9121 5822
2 14345 2787
2 9022 18284
2 7895 15931
2 17015 10971
2 15757 4409
2 18980 12357
2 6844 18541
2 4144 5224
2 4289 4683
2 8548 19607
2 5159 19643
2 10946 1483
2 14641 15649
2 6329 17132
2 2980 19681
2 12243 343
2 1195 13270
2 18718 16388
2 17199 488
2 19081 18180
2 15356 12369
2 9315 14983
2 13917 4707
2 14359 1706
2 9113 17837
2 12034 4827
2 19925 1395
2 2963 9233
2 3202 8143
2 18687 16747
2 1300 6926
2 13233 16906
2 4173 5886
2 10913 825
2 9332 18009
2 7046 8638
2 8465 2895
2 7084 12848
2 7806 3367
2 2020 5620
2 4910 18830
2 7222 14809
2 4308 1737
2 5981 1548
2 11286 12432
2 6900 5183
2 8765 70
2 12765 4884
2 4195 9668
2 17354 17253
2 6431 18357
2 7787 14575
2 7258 15664
2 13882 15180
2 11513 13958
2 19262 8486
2 1012 16669
2 17288 3640
2 6102 16634
2 18967 12364
2 5064 9802
2 12745 12020
2 14194 8560
2 17776 9347
2 18914 13125
2 18166 17723
2 894 3357
2 420 6703
2 18909 1960
2 17901 19433
2 13055 6051
2 8297 11221
2 11356 18274
2 18933 15980
2 2306 13422
2 5304 10836
2 7714 2409
2 11128 11801
2 17993 14060
2 11545 9264
2 15808 5325
2 434 2048
2 12366 6339
2 14626 3878
2 3088 6574
2 18994 14216
2 10228 17556
2 14045 8842
2 9012 12472
2 12761 6311
2 3260 4267
2 5792 2343
2 8588 8391
2 18671 12887
2 3515 10714
2 4727 15259
2 18038 2478
2 11846 13604
2 14327 16811
2 7067 6441
2 7815 18017
2 13660 10755
2 3379 636
2 10713 15107
2 11971 3623
2 7601 5304
2 15465 18055
2 12861 12287
2 5344 3720
2 19025 6063
2 16808 4391
2 7993 11611
2 8082 13345
2 5048 19581
2 3534 13382
2 19151 1807
2 6475 4620
2 4954 12622
2 17004 17522
2 10244 19031
2 8306 19039
2 15836 8837
2 143 1705
2 11991 4156
2 3734 5320
2 4778 8594
2 4977 4732
2 7606 11893
2 8275 4651
2 11022 16181
2 1883 10218
2 8769 6498
2 13589 16169
2 10897 16122
2 3396 4076
2 6623 7707
2 465 4450
2 9286 5473
2 6713 11165
2 16667 3316
2 11084 6886
2 11357 12596
2 10628 673
2 4200 3841
2 18157 14466
2 11890 18090
2 5980 3537
2 7960 11748
2 17698 5072
2 2164 14549
2 7846 7049
2 12670 12862
2 14378 14593
2 3644 15012
2 5056 18379
2 14211 19898
2 19635 4867
2 7881 2005
2 18709 13754
2 6358 14856
2 973 19915
2 7773 19813
2 7523 18789
2 3219 5197
2 498 784
2 6545 14251
2 17941 99
2 9254 941
2 17345 11301
2 1916 7297
2 18884 16844
2 7742 19925
2 10308 4891
2 16927 2205
2 8077 1900
2 75 16055
2 17064 3214
2 11132 1226
2 13584 19365
2 4408 4611
2 934 16949
2 10385 13295
2 2879 1512
2 9881 14194
2 16197 17521
2 13737 860
2 19019 19928
2 12637 4426
2 12386 9796
2 8917 14998
2 12143 10389
2 4817 6781
2 5537 5863
2 3498 17533
2 1009 11934
2 5662 12456
2 6112 8437
2 10121 902
2 14066 19189
2 15015 2367
2 10965 6035
2 1347 5559
2 7117 8431
2 11118 13179
2 18885 11094
2 6469 2984
2 5532 3455
2 9652 5516
2 8938 5144
2 16488 4002
2 9279 8377
2 3288 6542
2 13755 8292
2 207 11653
2 12701 16641
2 8069 3026
2 12973 9542
2 15535 7322
2 6393 2065
2 17569 2460
2 7285 13639
2 14521 1382
2 17289 3043
2 12626 12656
2 19511 5226
2 19178 9098
2 16569 1998
2 11294 8084
2 14582 4267
2 19398 2348
2 2258 1499
2 11119 74
2 14341 6311
2 16218 16143
2 14889 33
2 2123 2585
2 19231 553
2 348 14909
2 16619 15809
2 14071 14472
2 3354 8373
2 13455 11781
2 7194 16401
2 17762 15276
2 10925 19681
2 3789 19995
2 5454 4130
2 11028 2157
2 4128 15765
2 1883 1221
2 978 19097
2 19333 15620
2 5329 19441
2 8614 16751
2 14280 4936
2 9112 17000
2 11729 8308
2 5851 11733
2 18732 2450
2 10019 14669
2 8715 664
2 4354 11797
2 1822 3998
2 5681 13170
2 8680 16710
2 11729 17187
2 12642 19084
2 12635 9098
2 9478 3022
2 14292 13471
2 12969 5977
2 13799 16351
2 12086 280
2 2877 14454
2 19468 13990
2 11244 2526
2 16594 15399
2 16395 16263
2 10806 19734
2 12647 5510
2 7744 7709
2 10816 14736
2 12794 10001
2 11294 5035
2 7752 9041
2 8865 14256
2 1128 7979
2 7648 9380
2 7 2980
2 18552 5537
2 10237 3670
2 18427 17058
2 19117 2770
2 3908 5974
2 11560 2259
2 10646 13082
2 14836 11874
2 12913 16672
2 6989 10225
2 3675 14821
2 5493 16363
2 4393 8533
2 11728 17191
2 12811 611
2 5883 7142
2 4379 13246
2 13028 10903
2 15147 18066
2 19905 8824
2 13170 2992
2 10702 15955
2 515 18727
2 11744 3980
2 13002 11642
2 16219 18904
2 9553 9361
2 1205 4916
2 15819 13237
2 2457 16480
2 10026 15543
2 15014 14779
2 9744 7711
2 11497 9313
2 10503 5467
2 1909 2574
2 16164 539
2 4512 767
2 16293 17382
2 57 5687
2 917 11015
2 12588 9299
2 7076 8076
2 16082 3065
2 13536 8707
2 4335 15918
2 12818 10220
2 11462 9544
2 4442 14736
2 10567 19642
2 1331 1613
2 14457 1761
2 6365 14477
2 9841 10549
2 5720 11713
2 7179 16718
2 10662 5563
2 4232 15018
2 10997 19723
2 19010 4409
2 16731 18253
2 11051 12073
2 8069 10689
2 19956 633
2 15808 2565
2 5904 7739
2 3027 10485
2 3214 6885
2 1349 12043
2 13198 15857
2 7392 10677
2 6255 15603
2 1289 1136
2 19731 14343
2 8503 9124
2 17628 8745
2 18009 38
2 1173 19374
2 2188 3617
2 3965 10762
2 2807 17430
2 10396 9479
2 14817 11976
2 19845 13434
2 9873 18155
2 19540 9399
2 12042 4529
2 8025 17437
2 14481 5571
2 15449 9823
2 10450 14166
2 13147 11334
2 11666 9380
2 12192 6371
2 18155 5849
2 6306 17807
2 13410 3248
2 9223 3922
2 5892 3073
2 15998 14198
2 1812 303
2 5599 658
2 10002 3391
2 9601 7925
2 7069 8412
2 2983 14615
2 1689 16847
2 1531 9724
2 17261 4828
2 2346 3358
2 14575 10692
2 4152 11659
2 16450 14214
2 14106 13852
2 17418 8308
2 12444 1989
2 13061 16869
2 3288 15954
2 12156 7397
2 8562 5003
2 15781 2744
2 7105 722
2 11562 11104
2 13268 14735
2 16705 11071
2 18039 17734
2 1177 12598
2 15601 19204
2 14475 13613
2 5721 1513
2 15035 7441
2 18324 13944
2 19232 16586
2 6155 974
2 16712 14858
2 8212 473
2 4894 16567
2 4918 16982
2 19897 16998
2 4580 9953
2 15816 3576
2 996 9259
2 12123 1544
2 5661 5770
2 5085 5789
2 10211 1104
2 16301 1713
2 19681 18712
2 11356 8123
2 17807 11038
2 8445 12580
2 4137 6328
2 971 6911
2 1015 508
2 5630 12342
2 9754 10474
2 14769 18151
2 8901 3417
2 18262 10616
2 4233 19958
2 5765 18980
2 4950 15748
2 13459 9979
2 2906 6454
2 3033 6387
2 5805 4212
2 16877 4403
2 18404 19442
2 2667 88
2 5741 16571
2 14729 468
2 7136 13503
2 19882 18001
2 19692 7132
2 4310 15128
2 1338 10557
2 3058 18294
2 17084 7059
2 18054 19579
2 6342 11355
2 16982 16194
2 9731 9332
2 11722 12816
2 3809 2865
2 16895 18232
2 10277 17084
2 6315 1184
2 4485 19877
2 18467 16695
2 2915 12768
2 6929 4045
2 16118 13395
2 15855 9303
2 18229 5074
2 7360 5215
2 13087 12622
2 19690 4863
2 18472 8920
2 9929 901
2 3351 13239
2 14014 13009
2 8650 9109
2 8262 16035
2 16604 3869
2 19012 12904
2 15306 3525
2 15970 7630
2 6066 14951
2 10076 10436
2 2586 12741
2 6795 18499
2 8534 13127
2 3527 19985
2 6929 2669
2 3783 12839
2 12149 7979
2 12049 17348
2 17682 4348
2 9074 4368
2 6474 5019
2 7287 15743
2 16637 10660
2 6824 13244
2 16602 18795
2 37 7777
2 6345 12529
2 13283 14121
2 9939 12956
2 12986 9135
2 6782 15734
2 18773 15143
2 16203 312
2 8424 14568
2 3857 8659
2 8667 9651
2 16036 5438
2 9075 6328
2 3564 1108
2 10425 15527
2 6092 6846
2 3572 3579
2 7996 908
2 4389 12071
2 4915 18854
2 8915 4096
2 18781 10351
2 15075 11418
2 11759 4509
2 9972 9432
2 8309 9433
2 15242 15613
2 17918 12842
2 13606 1699
2 7540 6912
2 16443 10174
2 14343 1272
2 9851 14823
2 1906 7156
2 9591 7012
2 4835 16966
2 595 616
2 14017 1729
2 18878 18614
2 8377 5496
2 4723 11471
2 6484 8883
2 2502 10139
2 15063 9326
2 10438 1887
2 7881 15
2 19277 4821
2 5003 12465
2 5423 6002
2 1156 17028
2 8029 6281
2 16672 3687
2 14696 45
2 652 1121
2 18010 17407
2 7127 17323
2 5370 887
2 5238 11027
2 7165 16282
2 3030 8869
2 15694 1677
2 18491 15829
2 5898 10372
2 8441 12130
2 5670 17228
2 3391 3242
2 4383 17420
2 1744 17617
2 14744 5493
2 11742 9501
2 9941 10166
2 4727 11036
2 13092 19219
2 13036 1695
2 18147 12177
2 5596 7715
2 15409 19561
2 4587 13645
2 7934 8953
2 4948 3595
2 16172 12222
2 8125 680
2 8722 18448
2 5489 15175
2 1919 5903
2 12715 5028
2 7097 11248
2 7769 5577
2 11338 6317
2 19709 9804
2 15423 15585
2 14682 2100
2 13878 14557
2 10107 2370
2 5994 16882
2 16532 8317
2 655 10448
2 15732 13762
2 6171 13012
2 15678 12323
2 13441 14269
2 17169 2671
2 18019 6292
2 12539 11058
2 19677 11232
2 14831 1134
2 10895 8602
2 4526 17987
2 11762 19711
2 6780 2491
2 7685 4217
2 6760 15017
2 8447 4941
2 19387 5126
2 8207 6189
2 11870 19443
2 10351 5873
2 1566 15724
2 17267 1974
2 18417 4231
2 5778 11814
2 2372 6214
2 17404 17273
2 9293 2274
2 3068 10278
2 18371 15290
2 16502 11987
2 15277 11204
2 7987 4926
2 15484 2630
2 4008 16795
2 12588 2371
2 19822 1231
2 3779 462
2 207 4639
2 10209 13581
2 18423 10637
2 18743 10081
2 7675 9340
2 5807 5074
2 18918 14832
2 7012 7733
2 598 15472
2 18122 16679
2 1723 6270
2 3951 3448
2 14301 4805
2 2834 6059
2 17252 17067
2 8735 8318
2 12246 3783
2 9776 3552
2 2797 392
2 958 19476
2 8264 2066
2 5286 19054
2 10383 7976
2 8855 2231
2 10734 5317
2 19879 10170
2 2525 17661
2 4078 5959
2 14373 15084
2 16236 563
2 12250 19350
2 15905 12307
2 18385 14991
2 10437 16422
2 7617 9893
2 10015 19176
2 12342 12304
2 7677 3043
2 4164 748
2 8139 5665
2 4854 16731
2 18873 4412
2 11611 11962
2 7783 14596
2 17341 9404
2 15447 8213
2 19113 17110
2 19240 8075
2 18341 4827
2 14873 3070
2 1972 15390
2 2984 408
2 10324 4041
2 11556 7720
2 12919 12580
2 10000 14438
2 1838 506
2 13730 10316
2 8487 7210
2 12767 12530
2 2156 15903
2 1538 17274
2 4229 12494
2 19159 11446
2 14988 6595
2 15130 11261
2 18847 1324
2 9022 13736
2 16396 10581
2 13906 11776
2 486 11209
2 8661 15668
2 17 867
2 19822 18343
2 121 919
2 6609 3153
2 2330 19970
2 11369 1465
2 8241 1908
2 19872 15236
2 10714 17243
2 19899 9230
2 5659 15765
2 2921 18744
2 1128 12931
2 17263 389
2 10756 3261
2 9095 15483
2 16714 7525
2 5708 4197
2 7161 16590
2 3115 5036
2 4966 4234
2 13811 686
2 16384 13768
2 7474 8022
2 12048 19463
2 259 10809
2 15067 16560
2 2212 14452
2 16299 8530
2 3565 9926
2 10181 15036
2 16027 9612
2 8806 10263
2 17649 13053
2 16343 16142
2 19486 4419
2 18970 15620
2 8354 15955
2 18085 11559
2 19343 7643
2 12331 15169
2 7657 18964
2 1917 15732
2 18405 1559
2 11858 14308
2 16447 5263
2 13551 11847
2 12446 5619
2 4670 4848
2 11244 8222
2 2546 11140
2 12702 4638
2 9009 5075
2 6439 7148
2 7081 3185
2 16255 12976
2 7819 19249
2 7170 19836
2 1937 16531
2 7743 3151
2 10263 4693
2 5014 14245
2 16181 17941
2 18919 12984
2 17994 10507
2 2223 10270
2 16587 8509
2 6484 5350
2 13730 15299
2 19809 13703
2 4686 2328
2 16622 14741
2 19118 9694
2 17777 13082
2 1879 8257
2 19960 4933
2 4541 12419
2 13527 3659
2 11049 14393
2 16983 10137
2 12253 15221
2 5148 17790
2 19514 15460
2 14608 3957
2 3279 2610
2 14043 1253
2 7649 551
2 15185 13935
2 14005 15034
2 1949 2408
2 10286 18920
2 10116 8744
2 11874 17700
2 2485 4619
2 462 17517
2 256 15497
2 9991 8632
2 3310 17862
2 18265 172
2 9772 17794
2 7732 4925
2 4019 18657
2 5646 12828
2 15390 16650
2 4111 13389
2 935 2122
2 1143 6847
2 5992 16642
2 19604 17238
2 7556 17614
2 2683 6415
2 18001 16467
2 17972 12729
2 15083 17908
2 2515 901
2 7693 12563
2 18020 19805
2 13167 14831
2 7034 3893
2 19683 5410
2 8302 2477
2 11822 9882
2 12225 3122
2 9908 17165
2 2740 2103
2 18961 16588
2 18112 18737
2 13804 11916
2 2901 2349
2 11211 14972
2 19108 9081
2 751 3983
2 889 17996
2 11993 12230
2 6626 1508
2 6102 14057
2 12358 8123
2 1564 15334
2 12572 10783
2 18416 11196
2 18621 12287
2 15493 2208
2 7027 9431
2 634 11701
2 18432 18537
2 13984 10118
2 3058 13412
2 928 6011
2 8760 12471
2 9964 7220
2 19100 9234
2 15203 15985
2 17294 2838
2 16303 8514
2 10278 12315
2 1573 18962
2 954 8484
2 19254 8203
2 8462 18045
2 8585 1249
2 10161 8446
2 4766 348
2 2642 13277
2 4327 14009
2 16711 4092
2 11763 5276
2 6222 18423
2 4098 8914
2 8001 12653
2 9090 8620
2 17411 440
2 5131 11936
2 1403 6710
2 4928 17698
2 4247 16130
2 19393 2335
2 7949 5788
2 7282 3533
2 12423 1787
2 1744 3537
2 3926 17740
2 1236 19219
2 12701 16331
2 2936 3976
2 850 1509
2 9682 6660
2 18518 12941
2 8089 1157
2 1217 1719
2 12404 8132
2 4851 14721
2 6935 6897
2 8031 15316
2 15338 11842
2 6521 1163
2 11523 7205
2 2744 11313
2 12845 9050
2 6398 2239
2 15140 19574
2 7115 16439
2 6587 9337
2 19455 10385
2 5216 5372
2 10104 5405
2 15559 3084
2 5848 1282
2 1298 10186
2 16902 15779
2 17617 9809
2 13632 12085
2 9677 13702
2 17581 4212
2 2323 13569
2 18208 249
2 1157 610
2 11227 15980
2 7497 17822
2 17644 6638
2 14714 12938
2 14272 7566
2 6221 896
2 19721 9506
2 3715 6193
2 14211 14238
2 5087 6049
2 11072 14101
2 16630 19793
2 9095 16751
2 13127 15629
2 2809 15380
2 10919 8865
2 17249 6021
2 13952 5446
2 29 7461
2 10213 3730
2 7543 11325
2 16262 3513
2 136 19358
2 487 17688
2 4053 15400
2 9503 19801
2 2828 13575
2 360 11561
2 17973 15262
2 5395 18862
2 1960 14938
2 4628 4096
2 3922 12324
2 19416 4396
2 4144 12921
2 15490 18920
2 5181 481
2 4965 17358
2 7490 4730
2 1244 17978
2 9511 7449
2 1547 17997
2 4407 18166
2 9060 7763
2 9329 290
2 10126 8092
2 2855 5504
2 9628 13482
2 8281 2203
2 12473 1397
2 3350 5008
2 18095 8067
2 3565 17576
2 16503 16137
2 17786 15609
2 14682 1328
2 12739 10495
2 19621 5928
2 18937 3535
2 16313 10994
2 5128 10827
2 9950 8805
2 8531 8926
2 10327 7328
2 1547 242
2 4709 1832
2 6455 17966
2 4510 18158
2 1123 15688
2 15205 14805
2 5051 19069
2 17590 11225
2 6201 4745
2 18159 3358
2 9046 6057
2 4538 8529
2 184 14125
2 4628 10090
2 7571 15267
2 9667 3877
2 7229 5939
2 14837 13284
2 6665 15218
2 18724 18044
2 12051 14419
2 15558 7564
2 5247 14426
2 14543 6663
2 3903 4827
2 9976 18917
2 12361 12892
2 7104 7051
2 7701 10454
2 7244 1195
2 19798 4831
2 16992 4992
2 76 12896
2 3586 9993
2 18097 12986
2 11434 4094
2 10460 14140
2 19505 15236
2 19434 9954
2 2791 19100
2 7022 5219
2 4523 7484
2 10641 1946
2 589 15638
2 17622 4189
2 14633 6032
2 5300 14046
2 11007 10164
2 3147 13494
2 15442 7743
2 15976 8561
2 11091 16608
2 5591 8875
2 13716 15828
2 8342 11267
2 7035 12663
2 15314 3535
2 7358 4269
2 13184 11453
2 9162 6127
2 10081 7020
2 4076 18152
2 562 13738
2 14658 11213
2 2793 6542
2 15416 2919
2 12257 4039
2 19039 12558
2 520 570
2 5415 16448
2 15950 16198
2 9662 7117
2 3481 14757
2 6706 12052
2 5543 9231
2 8873 10465
2 19361 15352
2 3231 5841
2 19062 446
2 11491 18790
2 6627 12785
2 13077 8335
2 17681 6534
2 9347 15309
2 2887 10999
2 8209 6932
2 13800 17011
2 6590 6702
2 16880 15412
2 10504 8993
2 16240 12234
2 1736 2682
2 16083 19979
2 1867 7523
2 17027 12853
2 1799 15738
2 10300 279
2 13365 7597
2 19575 15578
2 12880 16204
2 19781 13398
2 116 4036
2 2520 15411
2 11064 15291
2 3411 3686
2 1755 16856
2 12389 4011
2 11419 8017
2 17291 5316
2 18763 16236
2 1980 15138
2 12517 10408
2 14802 2322
2 3117 6700
2 14405 4651
2 15921 11841
2 19329 13477
2 19206 5220
2 597 10661
2 7784 559
2 13621 11749
2 12642 19913
2 4169 5949
2 12981 19307
2 14766 15145
2 246 4796
2 232 3830
2 2163 15237
2 14385 7976
2 4808 833
2 177 15975
2 18328 8412
2 12431 9317
2 12796 16530
2 7382 19186
2 12390 19878
2 8611 13913
2 13687 10776
2 19931 219
2 2172 12985
2 18760 5929
2 9952 3190
2 13523 11657
2 17130 1774
2 14326 19214
2 2192 18448
2 19271 666
2 18142 15327
2 11734 4972
2 7966 5113
2 557 5907
2 5505 19948
2 14669 17513
2 3590 2135
2 10792 16989
2 5811 4417
2 19318 11053
2 16554 7106
2 8580 17186
2 19343 6066
2 13397 15992
2 15008 2360
2 5253 4393
2 18876 5650
2 14601 10015
2 18597 1093
2 6540 3418
2 2841 10181
2 14656 16940
2 5422 19463
2 12503 11097
2 832 896
2 15783 11779
2 2093 18334
2 1365 12098
2 3564 7085
2 4406 10736
2 5876 10817
2 4351 3335
2 10338 16892
2 9882 3173
2 12427 12208
2 9307 17663
2 4036 12253
2 1940 18646
2 5699 17831
2 12103 1445
2 5752 88
2 16678 11188
2 15064 11766
2 11643 3209
2 18343 15687
2 18413 19153
2 5724 11902
2 18380 11422
2 6345 14864
2 19715 14429
2 15547 5855
2 15188 9208
2 7381 5269
2 12723 19637
2 2678 18883
2 19291 10623
2 9860 769
2 12264 5805
2 8383 6485
2 16739 11014
2 14947 14296
2 12513 16758
2 4365 5076
2 11733 16019
2 6734 2720
2 13185 18427
2 19957 18695
2 10139 5045
2 15363 16944
2 4353 9065
2 5679 10994
2 14143 4096
2 7854 19582
2 11569 9667
2 2513 16830
2 11700 18655
2 7610 10050
2 16144 2163
2 7844 6620
2 8182 13499
2 760 17212
2 3393 11978
2 169 2164
2 6821 17515
2 10674 18778
2 11637 1124
2 8206 6979
2 18355 17107
2 2343 7036
2 14584 3262
2 17696 776
2 2325 806
2 12137 1436
2 1129 15878
2 11673 6502
2 16440 4985
2 19433 2666
2 2187 5691
2 7048 18145
2 725 7504
2 16984 15938
2 19165 18884
2 6561 11435
2 19393 19187
2 14989 3027
2 12189 12847
2 9907 399
2 13293 7810
2 13419 684
2 9306 15062
2 19082 6721
2 880 9445
2 6307 1502
2 7537 18554
2 12320 7943
2 7653 18031
2 19182 6434
2 1384 19570
2 2703 7936
2 17012 6669
2 12642 19982
2 1049 5743
2 5364 16807
2 7720 9235
2 18026 11416
2 12887 7267
2 19328 6626
2 5100 16300
2 8786 5671
2 17252 17353
2 18532 5387
2 2668 14594
2 14642 12139
2 16621 5730
2 18825 18302
2 9252 126
2 14932 6693
2 18367 8533
2 2649 17494
2 871 9602
2 13423 7491
2 959 5958
2 17673 19685
2 4041 18702
2 8967 4759
2 6600 15786
2 15396 14374
2 10025 5835
2 6315 5725
2 15168 13260
2 306 331
2 17914 9471
2 6407 14587
2 608 15421
2 1143 256
2 19242 910
2 15345 16812
2 14454 16551
2 18746 16639
2 13998 2574
2 2585 4562
2 9688 6207
2 9971 14328
2 14945 4429
2 2582 898
2 8281 15352
2 15970 18332
2 17919 15372
2 5025 11071
2 5567 18100
2 6788 14931
2 16787 2325
2 18335 4178
2 14661 1979
2 16565 18979
2 18451 19148
2 6568 8550
2 19766 8010
2 15011 17559
2 6247 17212
2 2370 4490
2 4472 19234
2 71 3721
2 13347 5345
2 13443 12875
2 15106 7503
2 14246 18132
2 3384 9130
2 3024 9004
2 12539 14369
2 18051 15353
2 16719 9631
2 17244 8592
2 10588 11462
2 7998 3515
2 19722 13484
2 10472 13415
2 15267 14517
2 4349 8145
2 5360 14477
2 18139 10051
2 7244 19960
2 7719 15266
2 13448 4919
2 9265 13327
2 13894 778
2 4947 1678
2 18713 18974
2 9193 17471
2 7670 19196
2 9985 11336
2 17049 14005
2 6339 11816
2 3415 14750
2 18247 13399
2 5137 10748
2 19557 10268
2 15456 6966
2 17801 9910
2 3034 178
2 14617 16370
2 6847 8243
2 15610 2240
2 18383 19298
2 8333 6249
2 2433 17078
2 13739 8439
2 1589 14839
2 19860 15253
2 1553 13010
2 10591 10256
2 6395 14637
2 13105 5802
2 7374 7137
2 2282 17839
2 12073 11127
2 15762 8896
2 16666 7388
2 16709 17022
2 3200 17306
2 4421 4574
2 16946 7750
2 9016 3353
2 1973 18727
2 11229 9062
2 7375 2952
2 17130 4094
2 442 5268
2 18320 9349
2 19678 18882
2 11925 1864
2 8207 61
2 14907 10900
2 11294 10008
2 7415 12076
2 10688 14101
2 15659 16798
2 19730 9571
2 10936 12717
2 19340 13869
2 5966 16179
2 9657 17051
2 16282 17224
2 423 11926
2 13986 8534
2 17429 11839
2 17246 15010
2 12917 11299
2 17844 15279
2 3439 11299
2 19479 15284
2 3046 3717
2 5275 15913
2 13316 15222
2 3325 6558
2 976 18883
2 6687 13552
2 4583 19908
2 12623 2598
2 16359 15685
2 16605 18145
2 11259 19142
2 5714 5697
2 17403 5080
2 173 11986
2 17633 9533
2 115 2381
2 4405 3053
2 10207 16221
2 2923 13258
2 5074 7383
2 13359 16732
2 17306 7826
2 18303 17263
2 6797 2237
2 11543 5420
2 18294 6392
2 15752 68
2 9302 17567
2 15828 1281
2 19155 11652
2 13000 16994
2 6481 18729
2 974 230
2 19894 8671
2 6669 16568
2 2116 13830
2 3878 205
2 15051 4904
2 1117 16499
2 12130 6099
2 11134 13405
2 18711 8677
2 14681 1296
2 19363 17352
2 482 12048
2 11875 16990
2 4781 2586
2 5161 17085
2 4817 2262
2 9587 19735
2 4394 18994
2 1940 687
2 19982 701
2 6229 206
2 17772 983
2 12017 11031
2 11051 105
2 10412 12491
2 19383 6230
2 11246 14931
2 17278 14477
2 8975 1587
2 14672 12955
2 7436 3697
2 2961 6285
2 73 1384
2 2938 17370
2 19509 11049
2 2371 15313
2 945 8299
2 8130 11621
2 12774 18943
2 6524 8365
2 1181 15535
2 8109 2934
2 17751 11628
2 2029 14138
2 17802 2740
2 19521 13889
2 15822 15172
2 19202 7408
2 6404 14580
2 2680 10590
2 3016 6667
2 10856 5823
2 7835 11850
2 5056 18696
2 11791 15084
2 17361 6003
2 8777 6764
2 15284 7475
2 15550 7901
2 17304 10017
2 13687 13148
2 4364 11616
2 16442 3401
2 6030 11623
2 10258 2521
2 11071 15425
2 19650 7410
2 175 2552
2 4771 13211
2 7615 6888
2 2650 19236
2 1229 11528
2 13150 19522
2 9136 14243
2 11820 2039
2 1770 3415
2 6711 19814
2 16300 16278
2 18766 405
2 11953 13156
2 7367 16420
2 1970 5812
2 13444 12289
2 8912 10753
2 6030 7984
2 16212 11194
2 3637 15909
2 10807 5998
2 16961 12283
2 12922 11769
2 17826 4776
2 11146 7825
2 627 5603
2 18013 11074
2 19824 10132
2 2053 10527
2 13022 13485
2 2042 646
2 15469 16003
2 3549 10326
2 14149 16587
2 10817 16151
2 19466 2099
2 9388 17880
2 5740 11550
2 376 3433
2 13638 118
2 8802 11205
2 13178 10844
2 9313 16612
2 7568 326
2 7693 13489
2 16044 17920
2 12090 18686
2 8612 13135
2 158 15488
2 12995 10558
2 8044 19931
2 6136 1123
2 5342 10870
2 13177 17163
2 14074 13628
2 9326 9148
2 7430 6109
2 15123 9906
2 9652 5109
2 1195 15416
2 16892 6249
2 5074 15856
2 16853 5028
2 2149 18077
2 12028 7805
2 12735 35
2 1669 19645
2 15891 4076
2 12924 17793
2 8292 13631
2 15695 6004
2 18804 18952
2 4687 15688
2 2114 3299
2 6365 13496
2 19345 12229
2 16714 4973
2 5315 15469
2 17841 17074
2 19998 2303
2 19422 18249
2 6488 11568
2 14091 14667
2 18102 9988
2 16276 15123
2 5774 16330
2 7223 10587
2 8868 3848
2 9568 13449
2 3392 3270
2 71 7539
2 19275 8515
2 4370 16004
2 209 18642
2 12813 930
2 2649 12582
2 18045 11387
2 3911 19855
2 18530 15773
2 17767 8670
2 8100 10000
2 1767 2969
2 18668 4848
2 13965 8778
2 10314 522
2 6524 16670
2 7352 1300
2 7161 18097
2 19358 10645
2 5636 9700
2 19588 3413
2 6128 10741
2 14298 15512
2 698 5977
2 12441 3037
2 18249 18192
2 19207 17206
2 19989 15223
2 5179 9821
2 19685 2883
2 15553 14824
2 4239 4405
2 7694 4591
2 18845 6819
2 441 15796
2 17342 2986
2 7224 10928
2 10116 13454
2 4498 9945
2 10644 13082
2 7139 17149
2 6951 11037
2 1455 8354
2 1080 19056
2 6428 9623
2 4041 13118
2 13467 143
2 19541 16093
2 11141 12459
2 10342 7589
2 7410 15741
2 16390 16685
2 18395 5544
2 7253 8238
2 6340 6316
2 14266 8175
2 9348 19366
2 11157 9299
2 13492 2231
2 19664 10629
2 7345 1935
2 360 15358
2 6355 19784
2 18879 16231
2 3617 4666
2 15148 9059
2 4932 13437
2 15625 4774
2 10233 914
2 15203 14799
2 6439 8460
2 18146 644
2 741 6799
2 7656 11939
2 16122 8141
2 10423 5861
2 15016 6343
2 6988 1064
2 8335 3686
2 13146 11040
2 2856 18083
2 461 6274
2 16579 1352
2 10341 11327
2 16745 5278
2 15413 10463
2 2704 12762
2 1448 11943
2 14670 13411
2 15316 1884
2 17857 17932
2 19123 11769
2 7025 2986
2 16497 101
2 17169 19441
2 4544 19647
2 8893 12926
2 4324 13978
2 11668 19680
2 19455 13079
2 5880 12360
2 11443 4966
2 11260 18045
2 8755 10258
2 3045 15920
2 12224 5336
2 13384 7755
2 19627 8035
2 6548 9785
2 7313 19160
2 15801 15190
2 16196 7393
2 16023 1277
2 15104 8954
2 5793 4113
2 11204 12534
2 2473 13085
2 1139 7547
2 16995 14702
2 16361 3480
2 3683 4168
2 13280 18172
2 18860 7718
2 2282 3566
2 10733 10284
2 2790 18736
2 8316 10164
2 2935 11868
2 3893 12942
2 18023 5573
2 11775 4688
2 6897 2279
2 15932 19578
2 4218 2608
2 3069 15820
2 18071 18743
2 19315 10162
2 2535 6577
2 9876 18593
2 4936 919
2 15007 1332
2 3760 633
2 10889 17168
2 360 8143
2 15494 9638
2 11762 2735
2 4635 16834
2 13676 18614
2 8567 5696
2 13345 11343
2 8906 484
2 6480 7310
2 7646 10247
2 18856 10462
2 528 1550
2 15477 14043
2 5682 9962
2 18926 16374
2 18154 17650
2 8531 3716
2 4863 5371
2 18338 10486
2 12315 11302
2 18960 15757
2 6165 17519
2 7477 13338
2 1465 3052
2 13637 297
2 19827 10432
2 7464 12889
2 12784 14180
2 805 6027
2 945 9127
2 6629 9639
2 12496 2493
2 14237 9552
2 16357 18967
2 4924 6802
2 17954 7393
2 3821 4502
2 18735 9696
2 6567 18679
2 10918 12970
2 8838 18684
2 6782 16106
2 4128 12596
2 8755 19030
2 1734 9405
2 14190 14119
2 2251 16667
2 17027 12733
2 12280 18261
2 6093 15210
2 13366 13521
2 1521 3201
2 14281 12599
2 12764 11710
2 4944 19752
2 9419 2975
2 16709 3929
2 4349 8846
2 19817 2583
2 11485 6935
2 6924 18287
2 10032 16898
2 11572 18121
2 8491 18753
2 1737 11908
2 6708 11630
2 11665 16451
2 3009 14268
2 1192 414
2 14223 7923
2 5494 10896
2 17504 17611
2 4293 6831
2 13075 2874
2 19441 16716
2 10784 3663
2 3519 15071
2 19865 17533
2 13664 8691
2 13172 2618
2 10529 17298
2 3990 15112
2 3297 7495
2 805 15119
2 2659 4780
2 3714 12305
2 4575 17000
2 3101 9103
2 628 1993
2 232 4343
2 15435 9352
2 11505 4480
2 8314 19791
2 17535 9831
2 17343 3916
2 12794 19310
2 18900 19168
2 6243 12812
2 19112 10818
2 14334 9193
2 17829 2975
2 17543 12732
2 15206 5248
2 1401 15977
2 3080 4489
2 1473 11747
2 7190 13719
2 13558 19913
2 7384 18119
2 8060 3124
2 19047 11707
2 1118 17786
2 1385 19889
2 16045 1436
2 10316 13296
2 7785 16705
2 9383 11919
2 1665 13462
2 8097 1928
2 11456 16133
2 17832 8841
2 907 8731
2 14458 7166
2 15510 18248
2 10187 4825
2 10521 3369
2 16465 5886
2 275 12802
2 1840 13768
2 12668 2671
2 6534 12371
2 15561 12069
2 2691 1937
2 2282 19075
2 16537 16876
2 10537 12586
2 1506 11390
2 11165 14274
2 3376 7252
2 5585 13176
2 17299 17991
2 2729 15777
2 10858 2978
2 770 5280
2 6619 14044
2 15247 4191
2 11906 4360
2 6711 8252
2 7056 3549
2 19774 187
2 10624 4954
2 12140 15920
2 880 12377
2 4742 15289
2 7222 9916
2 8905 19890
2 12277 6038
2 1624 6846
2 13698 5033
2 5494 13010
2 14369 4003
2 18776 679
2 4308 11605
2 14454 264
2 5643 5411
2 8767 12661
2 3639 18545
2 12982 8014
2 14439 8930
2 1228 6735
2 14741 7020
2 5809 8560
2 6769 12431
2 15877 12081
2 4155 3828
2 14230 1859
2 18047 13389
2 17089 5707
2 14015 1239
2 6405 8713
2 11599 11651
2 16016 17934
2 18317 2717
2 3826 4934
2 8179 5145
2 14632 372
2 16655 14186
2 11842 16848
2 10431 9628
2 9261 3987
2 19294 10312
2 18524 8838
2 14776 17014
2 2652 11304
2 16646 15010
2 11090 5793
2 13795 6190
2 4101 12763
2 1993 7599
2 9563 7599
2 19977 18111
2 16113 17944
2 6918 550
2 5159 4202
2 10268 12615
2 1553 19759
2 15339 17355
2 13027 496
2 14868 14225
2 1400 2332
2 5774 6219
2 8135 6820
2 3999 8888
2 13695 10271
2 2243 3652
2 3554 2829
2 10181 3733
2 2716 16206
2 2082 7736
2 9869 15828
2 18849 12412
2 983 983
2 6056 9983
2 9419 6683
2 8621 18899
2 4189 15627
2 2568 927
2 7947 12526
2 18081 5865
2 18681 12180
2 11916 18351
2 7484 16150
2 12449 8719
2 14355 749
2 13818 18134
2 8246 4767
2 2326 9535
2 12643 8442
2 10022 2869
2 14108 1193
2 271 6784
2 14315 13318
2 12278 13454
2 7664 10398
2 15545 18098
2 11978 8058
2 5073 6051
2 891 14800
2 12393 3767
2 17972 14760
2 3307 1310
2 16115 2453
2 11591 15307
2 16759 5971
2 10053 15014
2 7852 3464
2 16391 3835
2 15333 19152
2 13777 12771
2 1519 11225
2 13704 14093
2 15886 7108
2 11358 19741
2 3826 17710
2 11839 3589
2 5572 15216
2 3062 11821
2 9847 15899
2 15579 16306
2 11423 17787
2 8857 13784
2 15689 8089
2 485 9280
2 19159 9654
2 19609 16823
2 4156 11241
2 10663 17524
2 7976 47
2 5343 19368
2 3853 8802
2 19279 3518
2 6942 14717
2 5423 2717
2 12656 11902
2 3548 8340
2 19368 16734
2 13853 11994
2 6226 2780
2 12155 18648
2 17765 6809
2 3930 7399
2 18501 19223
2 9270 1850
2 3926 18914
2 6478 556
2 14710 15869
2 19762 1864
2 18154 651
2 7234 6344
2 13103 17731
2 838 12070
2 6326 393
2 16796 13157
2 6480 19869
2 17147 5849
2 15754 15321
2 10382 17770
2 13382 3288
2 13500 3762
2 10249 418
2 18026 11232
2 13153 7755
2 12825 3487
2 57 4805
2 18455 17606
2 988 5453
2 19862 10119
2 11863 10616
2 1078 9688
2 5331 4699
2 6941 14748
2 391 16605
2 8330 4790
2 13070 12508
2 6335 14285
2 6106 12368
2 12231 6801
2 5773 3221
2 16891 14246
2 19397 17179
2 7966 219
2 4192 17316
2 1924 5009
2 11323 14484
2 6692 7761
2 8790 4398
2 3626 18837
2 2165 9210
2 3300 9316
2 17161 19357
2 6238 19961
2 12759 4140
2 7035 16080
2 18441 17594
2 8264 9632
2 18364 16485
2 2167 12601
2 16962 19432
2 9058 10508
2 19635 15304
2 11778 18638
2 397 15856
2 10937 1348
2 16339 13106
2 8289 4211
2 9689 7528
2 13479 12976
2 11909 4340
2 15990 12804
2 3470 7013
2 19272 18713
2 7956 7041
2 13334 311
2 6740 10063
2 7191 11149
2 17668 12066
2 1719 2508
2 14266 6271
2 13714 7319
2 2918 10535
2 4240 5064
2 13350 12003
2 7653 12119
2 8680 249
2 17974 3731
2 14311 10109
2 971 6953
2 9505 17992
2 17476 1903
2 14241 18153
2 741 7551
2 5576 16802
2 12949 10037
2 4588 4743
2 506 12349
2 7870 12325
2 12884 162
2 17818 1380
2 18420 3733
2 18038 14272
2 5763 15238
2 3905 5277
2 3872 5287
2 4426 2110
2 16119 5225
2 3864 18560
2 18975 6857
2 11118 10743
2 14029 4505
2 10298 11601
2 16661 228
2 8809 16581
2 19808 743
2 9842 2178
2 6723 12608
2 19868 12749
2 6785 7866
2 14289 17103
2 9787 323
2 4860 19458
2 11958 3595
2 1090 8098
2 3800 19884
2 15714 2118
2 17823 7124
2 18646 5218
2 127 9475
2 3432 8177
2 16302 19404
2 8443 5267
2 2313 8513
2 2699 17594
2 1066 14244
2 12010 5
2 4182 15946
2 1698 1534
2 3796 6586
2 4876 19802
2 4959 19010
2 643 19098
2 8620 10883
2 4999 14180
2 16199 5137
2 1854 18172
2 6812 19407
2 19611 8018
2 6622 18797
2 11714 5121
2 3727 11986
2 9017 6656
2 9465 4459
2 16249 3135
2 7304 19117
2 8785 493
2 5690 6883
2 17250 19037
2 7327 14607
2 12839 15519
2 18271 10948
2 11660 5679
2 19579 7066
2 15164 12170
2 3334 8895
2 8910 16972
2 14084 15270
2 3588 3561
2 630 19709
2 4983 2934
2 19353 3370
2 17225 18164
2 14610 2499
2 11582 15947
2 4539 9874
2 10520 3167
2 5952 10987
2 19592 10725
2 10536 2079
2 9460 1145
2 2121 14073
2 19947 19103
2 9853 18054
2 5619 15997
2 4673 2326
2 12263 5396
2 18669 12561
2 5222 4776
2 12050 18780
2 1250 224
2 14604 19726
2 2074 17897
2 16968 17018
2 7393 13958
2 16666 10273
2 220 3231
2 3925 2006
2 13977 8140
2 16475 13727
2 10061 8139
2 11451 8474
2 983 9660
2 8838 16939
2 16938 14903
2 1180 10356
2 5804 10897
2 17955 2463
2 1892 17237
2 11249 2558
2 6897 14902
2 16277 1767
2 15907 15822
2 8781 8379
2 3125 5473
2 8701 5668
2 5944 8686
2 8205 8936
2 7264 16541
2 13058 11414
2 19913 18358
2 16826 4450
2 19561 1287
2 13254 16464
2 10263 798
2 15867 13800
2 10939 14115
2 17832 5777
2 18104 11506
2 4636 5295
2 17003 6782
2 8893 10515
2 10965 9684
2 4585 1102
2 1421 16844
2 2657 518
2 14928 1968
2 5137 17689
2 16180 5335
2 6172 3792
2 12012 15807
2 19489 1565
2 10557 19359
2 8858 15437
2 2842 19287
2 12385 17154
2 4030 7591
2 14056 16968
2 7690 11415
2 15121 18789
2 1745 18700
2 12909 1781
2 1157 1058
2 354 3852
2 8612 19140
2 17172 15468
2 3005 14513
2 5012 3036
2 16023 18067
2 11889 5641
2 17448 976
2 9924 15070
2 2553 11815
2 2724 17894
2 4194 3122
2 9606 12571
2 12120 18438
2 17060 16095
2 13863 13606
2 13616 4462
2 11825 8317
2 16487 1733
2 12555 19301
2 17023 12103
2 1970 7810
2 431 18381
2 6819 1502
2 18690 5896
2 15294 12933
2 3463 2457
2 5673 2217
2 3882 7015
2 7558 1326
2 4674 8699
2 8558 18057
2 14599 869
2 11457 968
2 1889 7509
2 3071 12024
2 18083 18815
2 18195 6553
2 812 7246
2 6312 15393
2 9360 3407
2 13576 4380
2 8151 4651
2 6920 1878
2 2393 10896
2 14613 6672
2 12803 13624
2 2564 14994
2 6301 4118
2 6649 19658
2 17468 17061
2 18977 9977
2 18942 14712
2 17673 15261
2 17011 16752
2 12854 3696
2 1518 9784
2 4590 4694
2 9375 12158
2 15457 7158
2 3049 11029
2 12847 18894
2 6206 981
2 14914 10341
2 16787 6755
2 13592 9085
2 8636 1456
2 4153 15928
2 6254 14726
2 14650 16054
2 15859 13587
2 12765 3397
2 9299 13186
2 2429 12645
2 17233 5684
2 14690 4348
2 462 5898
2 9778 18252
2 3085 9464
2 5700 13080
2 9448 10860
2 9796 5711
2 15111 12444
2 7954 12892
2 13328 10947
2 6638 218
2 3002 18238
2 7445 6285
2 17058 5605
2 19513 2849
2 217 11594
2 8757 619
2 634 11745
2 6706 6047
2 8122 19526
2 13458 1753
2 17664 802
2 10142 14988
2 6613 16113
2 1301 6852
2 14907 18734
2 251 12371
2 9213 19417
2 10290 8366
2 2380 801
2 19397 5453
2 16352 19853
2 9845 19497
2 13093 9014
2 2583 8880
2 14709 19871
2 544 18343
2 14522 14203
2 896 5185
2 15293 3013
2 15835 5989
2 2378 13109
2 16910 18187
2 7251 6772
2 10724 6345
2 19948 19372
2 4170 16494
2 18163 15925
2 17685 3966
2 18573 5640
2 14719 14403
2 17865 5870
2 16713 16421
2 5507 2182
2 2277 11065
2 4453 13699
2 2613 10750
2 1229 5324
2 624 4582
2 17589 3940
2 11700 11509
2 3273 16480
2 15376 4342
2 3211 11463
2 275 18536
2 19531 4461
2 18210 14554
2 11706 14519
2 16118 12934
2 10601 10162
2 8086 9121
2 16554 215
2 15667 13580
2 11637 18834
2 3275 10574
2 12606 13055
2 11360 16688
2 16125 3273
2 6073 9761
2 2460 4874
2 18233 17744
2 18238 11639
2 18306 2523
2 444 8734
2 4274 18469
2 4972 6180
2 14557 9486
2 3502 15625
2 11160 6386
2 16099 6865
2 14463 6636
2 14508 5226
2 18058 3599
2 9358 5817
2 8070 3088
2 8363 17256
2 2540 15577
2 19294 5734
2 6684 14643
2 3586 4832
2 16436 18662
2 17914 4694
2 11785 18374
2 7288 474
2 7813 2926
2 14176 15111
2 6085 7723
2 15224 4804
2 15421 671
2 17141 6404
2 16427 9844
2 13781 12802
2 10572 16355
2 4186 17737
2 18088 9985
2 17732 3266
2 2973 13047
2 12406 2207
2 17696 320
2 13399 7946
2 842 11151
2 13156 4994
2 9926 10709
2 7622 10242
2 16954 7970
2 2518 5986
2 8191 7748
2 17823 13093
2 12233 12433
2 17960 19724
2 18906 17828
2 235 3537
2 12068 19764
2 5283 13689
2 12506 13941
2 11059 8069
2 8213 18070
2 16720 3615
2 1178 18088
2 14202 7067
2 10488 19316
2 18060 436
2 13048 8907
2 17963 17479
2 4978 15511
2 5339 15024
2 14074 15062
2 16946 14289
2 19893 1481
2 3745 10662
2 14933 13966
2 17442 11840
2 9725 10353
2 15129 12710
2 9525 19286
2 18875 11518
2 11436 3056
2 10361 7563
2 1969 1130
2 18655 9991
2 4099 13937
2 17982 6679
2 12958 2927
2 1014 8105
2 15281 19231
2 12295 8071
2 17637 13932
2 13484 5425
2 780 12152
2 1570 19813
2 6537 2367
2 14204 10076
2 4168 8195
2 10167 11705
2 7331 13570
2 8972 17775
2 6143 13728
2 1585 10488
2 19737 12045
2 3190 8634
2 16037 13254
2 10985 9641
2 895 10637
2 7636 6017
2 8802 3841
2 9433 8860
2 11857 17966
2 13930 20
2 12266 19772
2 10295 8074
2 9447 12395
2 457 7501
2 7775 11829
2 8288 2822
2 7416 16571
2 6613 798
2 184 15471
2 14546 8536
2 2520 10433
2 452 3800
2 18799 2762
2 14387 15202
2 9180 13968
2 9020 17183
2 16137 19447
2 7426 5428
2 10710 9223
2 11364 11887
2 14758 2667
2 7902 5176
2 8128 2554
2 1319 3424
2 16702 8365
2 19621 15892
2 1998 19674
2 123 12959
2 4273 6087
2 19530 1757
2 19294 15638
2 11535 376
2 12019 16865
2 8855 14098
2 12307 6354
2 17780 16586
2 16681 13874
2 6533 16270
2 18756 10048
2 15127 17158
2 11683 18570
2 4822 13231
2 2198 5740
2 11699 5914
2 10625 2358
2 1099 5976
2 9241 13102
2 8371 9800
2 6043 5380
2 15360 1036
2 14425 2744
2 19152 6525
2 799 9576
2 3334 13743
2 11044 10033
2 11813 18051
2 8772 7636
2 7313 10183
2 10046 15497
2 3103 112
2 5040 15087
2 1825 190
2 7714 10333
2 5335 19019
2 3684 2687
2 8147 15698
2 2720 5943
2 13624 5421
2 13865 6967
2 1158 17757
2 11692 13631
2 17452 11351
2 5927 15858
2 17304 3716
2 3103 9781
2 18899 2521
2 19517 15613
2 9695 7417
2 17230 10350
2 6481 2729
2 13506 13050
2 19172 15199
2 9125 18069
2 9400 13426
2 12577 9422
2 16861 4451
2 3123 7306
2 16086 4910
2 13887 4569
2 11545 11957
2 2321 17855
2 14539 3461
2 3247 15143
2 10049 4382
2 19899 10365
2 15265 19784
2 10691 1987
2 3824 9607
2 9305 18130
2 19138 16732
2 18275 13476
2 2121 1593
2 1389 12255
2 570 897
2 7040 10695
2 15180 1236
2 17927 15856
2 11813 2487
2 7333 15883
2 10384 14567
2 5047 8374
2 10707 549
2 5597 18076
2 4646 13293
2 10508 6760
2 1471 19877
2 18708 18883
2 13231 5148
2 19387 9003
2 11685 6915
2 12565 3201
2 10197 2377
2 4275 11231
2 18576 12523
2 2620 12258
2 17518 4441
2 12589 18660
2 1116 1427
2 17692 10235
2 7066 6140
2 556 12222
2 4087 8988
2 14565 8752
2 5642 18919
2 10464 3269
2 13027 18903
2 2078 8821
2 16275 14014
2 8670 4245
2 4832 13944
2 12334 16120
2 5117 10831
2 4744 5185
2 12456 10652
2 6574 10400
2 18821 12123
2 15011 2966
2 8045 5018
2 19706 3684
2 18972 6953
2 2692 7193
2 13906 2448
2 16752 17618
2 12489 12159
2 6874 11078
2 4791 3242
2 857 7457
2 8060 4442
2 12582 2224
2 16312 8990
2 2158 14452
2 717 17427
2 12989 12802
2 7341 15775
2 11122 1517
2 4460 9597
2 18636 9779
2 17022 16342
2 509 8437
2 11633 4628
2 611 17998
2 1264 6855
2 15369 4592
2 15606 3592
2 14554 12955
2 9165 6887
2 9169 9127
2 6005 18666
2 180 7442
2 14148 3135
2 13204 13844
2 5116 1809
2 883 9317
2 5610 5809
2 19881 10970
2 12031 4803
2 2803 16774
2 10367 3491
2 14481 17563
2 17879 7451
2 11257 5200
2 8219 12440
2 1356 6643
2 3495 19714
2 3415 11258
2 10743 5827
2 7841 8083
2 3992 15278
2 2392 11735
2 16260 19869
2 9102 10120
2 16764 16126
2 17197 8948
2 16852 13670
2 16649 316
2 16964 14428
2 6440 11516
2 3155 293
2 3114 3370
2 13412 18662
2 6632 4196
2 10680 17923
2 226 14929
2 13465 8310
2 3959 51
2 4392 9228
2 6191 11692
2 553 14954
2 12940 17684
2 164 11060
2 12694 14257
2 8358 4493
2 16381 4330
2 10313 3211
2 2745 16871
2 5543 14063
2 2672 19090
2 15101 9228
2 1980 4958
2 3131 13388
2 16705 8455
2 10920 4541
2 8302 7673
2 11624 5167
2 3653 13959
2 14767 15650
2 19258 761
2 2554 14591
2 6428 5155
2 14025 608
2 18490 6662
2 17955 2381
2 10783 14634
2 1678 5556
2 6530 9784
2 17845 4852
2 3906 4121
2 10786 4991
2 4992 13691
2 2616 13262
2 5873 6322
2 5660 5727
2 16808 15199
2 16373 13006
2 9045 12470
2 7669 14780
2 19036 8887
2 6937 11676
2 5620 9596
2 11612 13812
2 11183 18921
2 9580 2874
2 13938 4027
2 14213 10320
2 6476 18359
2 3464 1880
2 4271 4592
2 13328 2366
2 13688 6569
2 1524 17041
2 7639 16886
2 19377 16885
2 3404 19801
2 1002 4854
2 10060 9829
2 18145 16765
2 14359 10094
2 11332 10337
2 10868 11261
2 6197 4788
2 9945 4796
2 9408 10881
2 112 17767
2 14187 15920
2 16235 17051
2 18772 11108
2 19709 16845
2 9915 10726
2 5544 1662
2 7043 14043
2 1192 16017
2 9309 18321
2 10140 7062
2 3727 17224
2 5207 7511
2 12649 19611
2 9689 8099
2 2549 11284
2 1195 12705
2 4908 17517
2 1124 244
2 17977 12395
2 9254 13994
2 15619 4007
2 4857 1861
2 3262 3331
2 11733 16958
2 10784 1171
2 9795 7766
2 336 12096
2 5426 5790
2 1158 2561
2 5949 2106
2 4808 19866
2 11735 3680
2 14368 6896
2 9355 506
2 5315 13536
2 3960 135
2 19872 11509
2 18334 10764
2 8951 7401
2 16772 11419
2 17420 16156
2 11768 6370
2 10095 15174
2 1078 2103
2 2697 5746
2 1553 5218
2 8836 13926
2 4497 6407
2 15108 19893
2 10027 1993
2 15645 1156
2 11783 5832
2 10537 9883
2 10995 13088
2 2685 15329
2 19553 10178
2 15206 10112
2 19008 17389
2 5131 17577
2 10682 3733
2 2422 17175
2 13609 3857
2 4056 19403
2 9305 16954
2 18957 15649
2 10101 6554
2 14664 14210
2 18813 4848
2 1252 7663
2 11964 14393
2 12052 537
2 15678 12031
2 19940 15221
2 13264 6700
2 16185 19731
2 11799 11902
2 3392 17128
2 15993 12565
2 16480 19031
2 12897 6352
2 13741 19404
2 19718 12549
2 10932 15613
2 18491 19933
2 15077 17680
2 7158 8220
2 1050 9793
2 1585 15863
2 17906 19934
2 12668 16875
2 19101 8385
2 16999 4983
2 3815 4045
2 7057 4664
2 14768 19728
2 9395 6742
2 11363 12298
2 19529 17947
2 12357 4400
2 14807 5795
2 6722 7706
2 18676 19325
2 8236 5079
2 6523 13983
2 14585 1086
2 4430 14110
2 13714 13159
2 12227 16290
2 7350 8445
2 9303 2222
2 1308 11649
2 14525 16175
2 9375 9454
2 12215 18989
2 3418 9601
2 16970 7917
2 3449 19769
2 15557 7252
2 217 3167
2 232 7728
2 8514 15753
2 19365 8228
2 542 2307
2 17214 7728
2 16526 9848
2 14883 4983
2 2145 2335
2 13858 18176
2 15990 8861
2 5493 16315
2 15016 10729
2 9557 13419
2 1707 6220
2 14935 19578
2 19766 10846
2 16469 16535
2 8749 5659
2 11667 14208
2 12612 6197
2 11555 19437
2 9512 10753
2 5478 11684
2 1299 17142
2 2399 7130
2 7111 1827
2 18804 2771
2 19364 9393
2 5720 17219
2 7316 14891
2 16958 444
2 4312 15025
2 2813 13501
2 2406 9594
2 12797 15870
2 19511 7968
2 2399 10663
2 5756 11553
2 477 3244
2 1999 10997
2 2615 493
2 6380 16860
2 16133 1771
2 10431 13459
2 18183 17330
2 9367 10013
2 8953 719
2 16384 7958
2 5928 2045
2 11330 17468
2 14338 19459
2 16659 13280
2 5172 9682
2 3365 17391
2 15116 7319
2 6156 9869
2 14607 16508
2 12374 625
2 2475 18364
2 13324 9461
2 12064 16231
2 3694 12133
2 5712 10346
2 9200 2241
2 4428 4760
2 7027 2437
2 2883 17343
2 3209 16884
2 7852 5786
2 15781 11373
2 1527 9755
2 16525 152
2 13371 13898
2 4920 6095
2 18398 9443
2 16216 8289
2 16483 2393
2 8297 10365
2 19185 18223
2 11225 7767
2 10194 12605
2 15783 19678
2 11323 11172
2 10989 18402
2 10892 12244
2 2461 9927
2 4852 19361
2 10936 9567
2 8882 12673
2 11570 6398
2 6904 14151
2 626 19267
2 9597 8991
2 1161 12612
2 10016 2314
2 13175 8368
2 4844 8384
2 1768 4044
2 15434 17478
2 17597 11337
2 14527 17098
2 14229 1279
2 2795 9579
2 12462 3774
2 9282 3079
2 2679 5365
2 17857 9222
2 19277 16058
2 10997 15515
2 11835 588
2 5168 5402
2 5704 6309
2 14203 33
2 11482 10200
2 9368 385
2 6909 11144
2 4250 14202
2 11323 7737
2 15201 15356
2 13352 12118
2 8687 11864
2 12275 1452
2 16198 6805
2 9935 19320
2 16203 2130
2 15997 7955
2 12500 2105
2 12512 1288
2 6908 1494
2 7174 13994
2 13561 6174
2 16876 13017
2 15038 10384
2 14287 16579
2 17549 4851
2 18817 10549
2 1237 12726
2 18782 3147
2 2055 8763
2 6733 16766
2 14975 15817
2 19874 7912
2 12913 8389
2 15180 1832
2 11866 6390
2 9999 7999
2 18440 959
2 848 11479
2 9566 5291
2 8053 17416
2 5134 19647
2 675 12094
2 4529 17926
2 16728 9279
2 4094 14862
2 6077 16565
2 19450 10678
2 10357 18943
2 18439 11000
2 11131 3151
2 8509 6254
2 1022 4488
2 6408 1814
2 6029 5489
2 8722 18587
2 19049 8578
2 13537 3060
2 273 12928
2 4878 7617
2 10743 6900
2 14515 6665
2 8543 2600
2 18517 4371
2 8650 5730
2 14712 11714
2 19033 8537
2 2810 1806
2 18568 14305
2 12528 14010
2 5653 19339
2 14672 8916
2 16856 10301
2 1250 13375
2 8581 9203
2 18302 14717
2 5249 13758
2 5020 14190
2 739 16269
2 7830 5146
2 13324 3459
2 5187 14242
2 1789 14327
2 3305 7426
2 1390 19308
2 8956 10159
2 16881 1731
2 8459 1465
2 14987 3544
2 1901 1380
2 19682 13451
2 1392 14643
2 7779 4047
2 12856 12430
2 3558 2696
2 17174 17242
2 293 12703
2 12529 4497
2 8962 19405
2 16781 6632
2 19868 2509
2 18967 821
2 5508 11673
2 13756 6693
2 13924 3717
2 15062 17332
2 814 4682
2 18076 9014
2 3630 11699
2 7487 1792
2 7275 15182
2 15122 3805
2 7743 14135
2 2566 13451
2 5731 6073
2 12381 8772
2 18867 13705
2 11740 2152
2 1094 11644
2 13196 13160
2 8876 19614
2 13230 8223
2 15003 5212
2 15353 9699
2 3453 15899
2 16009 10106
2 7652 1464
2 517 6176
2 15616 14345
2 898 3558
2 19355 5431
2 12675 15320
2 2690 14509
2 5625 1947
2 19088 4984
2 2378 15189
2 19817 18054
2 18096 15433
2 10424 15298
2 5168 11336
2 10237 9594
2 14148 600
2 13990 15542
2 7205 4265
2 9938 5718
2 16117 18179
2 6429 6646
2 14030 19971
2 15020 10437
2 3708 17213
2 12449 1242
2 12550 7247
2 1066 12660
2 1739 11743
2 557 4005
2 8225 18573
2 10138 6918
2 395 12566
2 16754 999
2 9761 4450
2 5587 189
2 16172 17747
2 15363 19165
2 6131 15333
2 18508 15728
2 2353 18656
2 8314 12283
2 6491 7063
2 18710 19494
2 6675 7831
2 18205 1809
2 6119 13477
2 18030 4878
2 13169 2517
2 17591 1810
2 2586 6596
2 18792 17817
2 2898 16835
2 8540 2404
2 19623 5083
2 14851 5119
2 2623 7852
2 14771 2158
2 6792 10295
2 6223 17919
2 4811 3116
2 15757 8668
2 14473 7389
2 6437 12642
2 17248 13903
2 5084 16770
2 12374 2604
2 17995 11099
2 15270 2766
2 14308 16924
2 7352 3406
2 12470 15272
2 3367 7806
2 17455 3714
2 17596 17573
2 2367 8359
2 11803 1698
2 11571 4524
2 15006 4861
2 9555 17733
2 9276 14473
2 6741 9935
2 11571 15922
2 11955 4594
2 3996 9759
2 8942 4765
2 7903 18126
2 16100 3065
2 2267 6918
2 13469 16581
2 9544 18422
2 13351 18536
2 4420 15458
2 10310 11537
2 18192 3198
2 3476 3952
2 288 9461
2 4485 17716
2 3044 18153
2 4499 10633
2 16896 14861
2 16452 7035
2 15749 5642
2 19301 13831
2 3999 19920
2 8969 7411
2 6768 5386
2 9689 10813
2 11511 10067
2 9729 5184
2 11817 13239
2 12272 18483
2 6135 6423
2 19197 2843
2 18285 1165
2 14236 16483
2 18629 10556
2 5875 19674
2 10510 12802
2 13559 13253
2 16727 12774
2 7196 7120
2 3899 18475
2 17470 1586
2 19618 15150
2 568 13668
2 12272 7949
2 14795 10610
2 18140 14031
2 12891 10915
2 3491 8543
2 1985 5367
2 691 17680
2 6427 4622
2 6010 19202
2 2757 6435
2 13456 16986
2 10011 8832
2 19270 13920
2 1127 12714
2 18392 12219
2 5100 10369
2 10485 8923
2 15326 16498
2 2564 5190
2 13422 7246
2 7158 12826
2 14477 7430
2 1421 5054
2 11751 4682
2 9926 19003
2 16045 2072
2 13957 5502
2 12048 14166
2 16607 17919
2 10960 15848
2 43 13825
2 15546 1413
2 3307 5237
2 8480 12684
2 6210 17681
2 15954 18621
2 17869 15414
2 10487 5267
2 16764 5547
2 14984 15038
2 17147 8191
2 15535 19629
2 14309 11241
2 11957 10127
2 111 19917
2 15868 14287
2 4735 7009
2 8554 13335
2 19054 6735
2 5830 10217
2 814 10582
2 9387 13000
2 8236 2486
2 8280 16141
2 5346 13508
2 15983 701
2 9978 15058
2 10311 17598
2 18578 11756
2 5161 18308
2 15362 18402
2 18817 19703
2 8209 2784
2 6786 19683
2 7509 8146
2 18436 3140
2 17553 2276
2 10374 16955
2 7230 6331
2 17420 11660
2 6562 9335
2 10421 8169
2 6753 19349
2 19266 16305
2 11313 19613
2 1811 5054
2 19218 16447
2 4380 12677
2 18203 7067
2 7390 9840
2 19909 17017
2 10823 12631
2 16075 6293
2 18195 2331
2 1771 15102
2 11410 15621
2 12867 12386
2 16052 15628
2 79 4932
2 7818 13534
2 16962 11341
2 13039 5911
2 9025 5623
2 13417 8514
2 15878 5493
2 6236 3873
2 12116 1059
2 2586 19005
2 6181 5953
2 14069 17299
2 2274 10556
2 3481 10734
2 8041 17863
2 8404 2030
2 19146 19640
2 9598 19005
2 14489 11014
2 3656 12957
2 17632 3391
2 2605 16041
2 10419 17169
2 1008 3107
2 13651 14515
2 18685 6533
2 10148 1183
2 4871 818
2 14239 5693
2 2347 9773
2 11817 14508
2 16776 18562
2 8208 5659
2 16485 18147
2 11806 16841
2 8866 15805
2 9380 11886
2 10585 8386
2 8987 6045
2 14618 5240
2 9108 10586
2 15363 8863
2 6139 3233
2 11211 1478
2 6261 6203
2 1632 6437
2 8008 17516
2 12626 7867
2 4137 18432
2 14593 1494
2 10165 9278
2 18753 7972
2 12686 12517
2 16998 17047
2 7095 19722
2 6174 10727
2 3685 6804
2 18220 13063
2 2487 4481
2 1401 17143
2 14518 2224
2 17131 15464
2 14843 748
2 18256 16628
2 14336 19120
2 4957 3055
2 451 10389
2 10794 5816
2 2693 6063
2 3226 4573
2 15400 9121
2 19675 9915
2 14591 317
2 19406 11262
2 14085 14216
2 16894 6367
2 2211 9890
2 600 9865
2 13108 19458
2 14979 11688
2 4779 3572
2 14341 17379
2 18065 19800
2 10739 17350
2 17330 1228
2 15828 11126
2 12583 12339
2 11264 19747
2 9444 4153
2 17057 4868
2 4806 18357
2 2883 12100
2 17631 11869
2 7611 6512
2 11531 7045
2 5304 10313
2 17762 11508
2 8326 12359
2 10356 19270
2 5499 8372
2 2197 14608
2 14805 9064
2 17867 15874
2 13265 1571
2 978 7357
2 5174 6904
2 1550 10192
2 15161 14174
2 15979 15248
2 18870 4764
2 10526 12293
2 6567 16399
2 19825 17285
2 2209 6700
2 9438 17967
2 6020 15053
2 9876 12289
2 2263 15885
2 10938 19629
2 15626 13138
2 18938 19534
2 264 11620
2 7932 5704
2 294 6925
2 4750 19885
2 6933 7570
2 3461 15783
2 3805 11013
2 678 13820
2 11745 8537
2 17333 17148
2 5789 3667
2 16070 9850
2 14400 11091
2 12 14682
2 15157 2382
2 8611 13694
2 551 1954
2 13440 7160
2 7165 11996
2 19693 13333
2 7272 7013
2 1959 9132
2 5036 4957
2 3047 10343
2 4947 7085
2 15208 13222
2 16783 691
2 5632 9466
2 15701 16917
2 2759 9722
2 6793 4100
2 10232 9992
2 3065 1141
2 9793 7542
2 1606 4078
2 16553 11423
2 3915 4625
2 14005 8627
2 19327 7824
2 1493 4102
2 447 17204
2 6874 15848
2 5724 1131
2 19103 16825
2 1926 12841
2 18649 1566
2 8582 11797
2 4392 18133
2 11523 9233
2 6729 11147
2 10713 12648
2 14705 1702
2 2391 15898
2 14602 8247
2 1189 16916
2 7597 4554
2 3218 11467
2 1431 5497
2 16374 12980
2 3847 4879
2 19993 7594
2 221 11399
2 14382 6524
2 14497 19758
2 10714 13927
2 16857 7761
2 18127 3280
2 4761 13633
2 6615 5447
2 3994 2259
2 1178 2282
2 14467 10093
2 7866 3481
2 12412 12902
2 4542 19782
2 18100 16187
2 15028 6885
2 16849 7003
2 6904 5155
2 18089 508
2 11219 9319
2 2427 17818
2 19224 16478
2 983 16222
2 16067 9645
2 9819 19493
2 14286 9841
2 15557 887
2 12644 18071
2 11861 8405
2 11201 5799
2 18295 14840
2 10287 13212
2 10339 10974
2 8137 6788
2 691 5786
2 10852 213
2 14638 14828
2 11296 4483
2 18453 15021
2 9454 2433
2 4598 879
2 4744 7297
2 16420 14956
2 14451 8810
2 12328 1153
2 8737 13784
2 3349 6671
2 1688 2978
2 6911 16270
2 7640 15217
2 16342 3850
2 631 2624
2 7752 7920
2 8651 18209
2 13450 13510
2 17363 16362
2 10519 397
2 7093 2837
2 4059 2850
2 14646 1985
2 1279 2375
2 5619 2575
2 18252 3968
2 12879 4121
2 2535 16174
2 13062 19204
2 8643 19887
2 326 2154
2 14820 70
2 19454 5839
2 11557 4749
2 5534 8977
2 16964 17138
2 16765 8141
2 2223 87
2 13362 4805
2 5257 11347
2 5928 4956
2 4292 10697
2 4959 16720
2 731 6606
2 18574 13875
2 3634 16610
2 12400 9678
2 17138 8316
2 12833 3953
2 694 6534
2 12345 16334
2 16446 8285
2 2050 4809
2 3093 5168
2 10472 7195
2 13765 10728
2 10975 8184
2 18802 1931
2 8075 3371
2 14087 18610
2 10498 18422
2 19193 13288
2 404 6870
2 15416 3943
2 6597 18162
2 4863 13610
2 222 8280
2 5474 4812
2 5706 14039
2 8023 18057
2 5570 738
2 14671 17249
2 7953 18874
2 19439 1547
2 10165 19858
2 11365 2409
2 13050 7481
2 18478 6956
2 5322 12159
2 13404 15116
2 14343 19138
2 17091 17866
2 15738 4196
2 404 15988
2 10243 1164
2 3664 16921
2 11184 11670
2 16504 8649
2 4464 12711
2 18047 4598
2 2341 16095
2 4670 4287
2 1225 9035
2 7905 15989
2 13166 17434
2 13633 18456
2 5892 9141
2 10713 121
2 11465 841
2 4641 17159
2 6132 12036
2 12871 4840
2 10921 5451
2 6946 17091
2 11571 15971
2 14432 13805
2 8636 11366
2 3268 3506
2 16050 411
2 10699 14833
2 15551 18941
2 908 17160
2 18296 19962
2 17654 13181
2 16455 15107
2 10660 10643
2 1066 1472
2 19193 5115
2 8535 18607
2 1427 14917
2 38 5829
2 7386 3989
2 14833 7784
2 262 15556
2 13145 7028
2 2715 16633
2 16378 445
2 8544 14176
2 6826 9642
2 10583 17681
2 8424 3959
2 10653 12665
2 15691 4921
2 4762 13455
2 13764 15797
2 7925 19983
2 17040 17591
2 18474 18547
2 14718 19946
2 4427 2870
2 13848 2518
2 17670 17281
2 10392 2331
2 14801 6289
2 12960 955
2 9151 2971
2 1149 15850
2 8397 8536
2 17114 14578
2 748 14291
2 17218 4521
2 6300 594
2 2197 4047
2 11942 3566
2 8969 503
2 18114 4098
2 18553 1139
2 12004 18139
2 1604 2798
2 17116 15373
2 388 12698
2 12848 5039
2 5729 19938
2 7049 11598
2 13880 10638
2 17117 12981
2 9831 8458
2 3563 9750
2 2982 15151
2 19661 6880
2 7625 18845
2 13719 7
2 13307 15900
2 7079 15081
2 1403 13897
2 972 3167
2 18103 12699
2 5685 9997
2 3550 3769
2 845 6998
2 16450 10521
2 4407 16680
2 12163 9700
2 12206 1378
2 14471 279
2 16157 10590
2 13646 16960
2 687 14452
2 19440 11799
2 14154 897
2 4437 18315
2 3368 370
2 788 10866
2 567 3667
2 15489 6765
2 6312 10149
2 10764 4808
2 15951 11338
2 8846 5061
2 16896 12958
2 10533 17759
2 7981 17910
2 9136 9541
2 10676 1504
2 1997 4041
2 4462 542
2 370 9862
2 8968 10504
2 15803 13995
2 2406 2489
2 3825 12840
2 7584 5082
2 6345 3547
2 10012 9130
2 5759 907
2 9518 15519
2 2682 18941
2 10767 5304
2 6259 4507
2 6410 17912
2 15365 15384
2 1650 8652
2 5779 18875
2 2321 478
2 9410 18940
2 374 1867
2 8397 15193
2 13725 14094
2 18610 5401
2 4222 10177
2 16543 18714
2 6709 8114
2 7863 3047
2 16947 18696
2 13474 10002
2 110 16489
2 14429 9671
2 10190 262
2 15979 17717
2 301 16490
2 7521 15827
2 13641 6934
2 6649 15041
2 670 7726
2 19852 11848
2 9369 10388
2 11696 2565
2 13409 14013
2 13927 10805
2 9049 7000
2 16130 13163
2 19012 4305
2 16773 5218
2 11068 12841
2 18655 9903
2 14399 5534
2 12610 6947
2 5966 1902
2 14935 8231
2 6934 19455
2 12204 8637
2 17108 10787
2 8037 15006
2 16894 17846
2 9886 17771
2 14435 2864
2 17743 578
2 16066 18007
2 5333 7303
2 13757 6911
2 19776 18786
2 4574 2500
2 14342 14624
2 8113 12259
2 831 18777
2 3101 6881
2 10597 701
2 6443 6177
2 4217 10578
2 18680 11068
2 9713 4800
2 9335 9399
2 9475 6354
2 9186 12379
2 4677 5615
2 7472 97
2 10321 270
2 6428 15022
2 8363 9130
2 16970 18300
2 4076 10991
2 283 12628
2 7778 5929
2 3414 19775
2 1058 7034
2 12200 6222
2 16647 9130
2 16985 18028
2 12547 16880
2 667 14527
2 16881 16232
2 15932 12949
2 7764 13542
2 19794 5613
2 2924 2006
2 1340 9237
2 17854 16915
2 16238 5772
2 134 6055
2 19893 14862
2 16376 8731
2 7504 11957
2 13650 4383
2 12481 6111
2 14666 14711
2 18229 12858
2 10194 5619
2 19616 13598
2 5488 12910
2 12331 6971
2 10155 19407
2 2186 5849
2 10676 9886
2 14266 15654
2 1687 7492
2 6826 19119
2 14890 9456
2 16696 9158
2 17604 8306
2 9715 10134
2 3773 15225
2 14335 13193
2 14184 1854
2 13242 1283
2 15882 7874
2 19957 4678
2 1863 12538
2 7692 6594
2 6341 18465
2 10614 13405
2 4612 11367
2 12417 3014
2 14453 586
2 18767 7333
2 10993 2139
2 11275 6894
2 7563 8687
2 19089 15845
2 9649 298
2 6353 2928
2 15745 4548
2 10439 9682
2 10254 5179
2 14985 2947
2 3739 5268
2 8965 17351
2 14078 15235
2 2045 17521
2 14207 8476
2 10453 16917
2 19833 13369
2 685 17348
2 4744 19057
2 14308 4093
2 10460 6150
2 19187 5839
2 8296 16955
2 5873 14338
2 12690 4276
2 17214 18425
2 1415 14350
2 1555 17262
2 30 7346
2 4294 13588
2 2072 14425
2 12423 17065
2 10583 12970
2 4438 2709
2 11109 6181
2 11229 17587
2 11625 12002
2 10797 17411
2 11331 9570
2 6134 6323
2 1668 8247
2 1956 5867
2 5150 6531
2 5937 1001
2 16765 14175
2 11214 7731
2 395 3058
2 15041 590
2 14093 19480
2 5252 16545
2 13437 18834
2 15597 5267
2 5052 10970
2 18584 17439
2 9096 17829
2 2011 3554
2 9605 13061
2 14056 3177
2 5258 11516
2 18052 18935
2 1588 19009
2 8832 19280
2 5440 14172
2 3460 7171
2 3143 16098
2 17590 18112
2 12134 5001
2 14578 17670
2 17700 16468
2 10687 5557
2 8156 10951
2 12874 11327
2 6752 7087
2 5837 10633
2 16072 10651
2 298 17231
2 10903 18871
2 12523 12513
2 10825 5101
2 6107 12642
2 16767 19117
2 18428 11758
2 2856 7216
2 4840 4929
2 15857 1908
2 15937 12248
2 6496 14312
2 10296 12496
2 16483 5668
2 14091 7959
2 13241 2945
2 2550 7487
2 10902 11404
2 8407 12117
2 10895 15035
2 10003 11458
2 10951 12495
2 6705 4646
2 11235 12437
2 5600 6107
2 12449 8284
2 7719 8249
2 1576 17947
2 11094 19891
2 17666 4985
2 1305 4370
2 17669 11592
2 4911 17194
2 7654 11449
2 6477 4012
2 3060 19853
2 18878 1994
2 7085 14686
2 7957 16899
2 1159 2748
2 997 13833
2 6589 12601
2 19722 9502
2 10081 11687
2 17439 15009
2 13995 12757
2 19491 4028
2 19098 1802
2 12690 6164
2 1836 1224
2 4584 18899
2 140 10418
2 17645 18944
2 11647 1242
2 9889 1064
2 13096 12439
2 13032 18315
2 18247 4591
2 12743 7679
2 9967 9102
2 17443 13203
2 6444 6196
2 6170 12807
2 12065 3498
2 5872 18384
2 3375 8131
2 15611 4544
2 8332 14499
2 14268 8668
2 14408 9063
2 274 9774
2 12753 15579
2 7754 9854
2 6104 1796
2 4774 18227
2 18071 14374
2 15440 2871
2 9170 4101
2 15734 16815
2 6396 1261
2 14321 15988
2 261 5851
2 15141 6245
2 4654 15241
2 13071 10242
2 13138 11765
2 12776 11859
2 10314 19117
2 11199 17719
2 8485 18090
2 15879 10235
2 14380 10497
2 12771 17534
2 361 5941
2 2625 14921
2 14231 12281
2 657 15757
2 18473 11637
2 5825 614
2 11514 17325
2 5894 1003
2 1968 18479
2 13014 6824
2 1417 10233
2 7975 13793
2 18992 7270
2 8872 18455
2 1890 100
2 2718 18606
2 18555 7456
2 19983 18718
2 19829 7568
2 622 11769
2 16006 17782
2 5608 1418
2 14328 9224
2 5345 8068
2 12997 1328
2 7276 3521
2 810 16593
2 14983 5984
2 2151 5468
2 9445 9007
2 15376 10662
2 3199 18198
2 5113 972
2 2641 14249
2 2747 1386
2 1525 13428
2 14590 9008
2 19355 1651
2 13901 10840
2 15847 15246
2 16333 16904
2 8514 14418
2 18859 1206
2 17836 15231
2 166 12517
2 8526 16479
2 7132 9952
2 8428 18516
2 1441 14113
2 405 668
2 1754 13807
2 14820 1084
2 13320 602
2 17841 18823
2 401 6314
2 264 203
2 17792 5457
2 2596 2177
2 18226 19559
2 19027 8707
2 5056 14072
2 15760 15780
2 16537 1467
2 8914 16689
2 17199 13820
2 7902 11796
2 6832 2907
2 9254 9134
2 12657 888
2 17203 2314
2 2027 7190
2 7253 10674
2 14643 1927
2 11987 16895
2 9026 13575
2 16357 10213
2 12166 13632
2 2027 17923
2 5 8912
2 1375 1356
2 15377 853
2 16764 7148
2 1576 1483
2 10660 5754
2 2079 15481
2 2733 3382
2 7597 3033
2 19202 12102
2 333 9790
2 18693 3775
2 11753 19796
2 7395 13716
2 16248 15981
2 13946 3951
2 10173 5975
2 2145 13058
2 10405 3065
2 6463 3658
2 8944 5103
2 14224 15396
2 11465 7378
2 15408 8631
2 18510 3022
2 6402 13311
2 263 16375
2 6436 4191
2 18242 11553
2 8659 14100
2 6382 12160
2 767 19966
2 19547 9411
2 10822 19160
2 11658 14711
2 4759 18546
2 18999 9658
2 3181 6574
2 14398 18044
2 7197 14538
2 14530 14834
2 6296 7596
2 2660 13640
2 246 2726
2 8075 16519
2 17885 2234
2 10459 10923
2 12106 15138
2 14956 17294
2 2975 5198
2 17732 10237
2 9859 19442
2 8386 7316
2 16414 1602
2 14021 9436
2 14113 13255
2 17035 3282
2 4642 406
2 7561 7893
2 16921 3148
2 13473 15731
2 6684 17756
2 17041 89
2 13417 5232
2 8731 15172
2 4510 15583
2 12710 14789
2 19850 12992
2 5735 15967
2 4345 7815
2 10721 14258
2 13283 6322
2 15466 8628
2 13493 10638
2 14043 2833
2 4444 6101
2 2950 4900
2 9672 17680
2 13411 3850
2 6430 2052
2 5859 19475
2 5879 4122
2 9088 8545
2 11424 13671
2 2801 2948
2 6756 6084
2 747 19245
2 2930 17403
2 12547 2642
2 16701 18957
2 14005 13512
2 10896 15802
2 7031 16932
2 3965 15798
2 19757 14092
2 19637 19842
2 2105 18716
2 2677 4336
2 10761 9192
2 7801 16981
2 6608 4304
2 18163 13821
2 2479 17024
2 18312 6219
2 7993 17708
2 11734 15370
2 7907 17391
2 5529 17624
2 3713 4825
2 13871 5158
2 14117 12316
2 17726 17904
2 1333 14379
2 16660 15133
2 8369 15783
2 6097 13659
2 17636 12723
2 6652 2760
2 6623 5964
2 4115 4898
2 8548 8188
2 1778 12583
2 15519 3609
2 4977 10778
2 19153 3257
2 10900 17635
2 4755 9478
2 12370 18056
2 16375 14312
2 3431 16995
2 13501 16697
2 4775 15393
2 11839 8397
2 10715 6426
2 3790 18566
2 8556 7807
2 14064 2389
2 17550 871
2 3889 11178
2 3986 6023
2 3611 13929
2 15374 5564
2 9676 9703
2 2374 18774
2 7127 12621
2 2720 12078
2 2509 18359
2 3856 8782
2 6236 14459
2 6514 5329
2 6890 16609
2 10574 2642
2 5466 6857
2 15555 11356
2 3474 15778
2 11293 2494
2 1469 18293
2 4070 6792
2 124 8427
2 7099 9089
2 19717 6077
2 11174 11963
2 5634 6342
2 14476 6901
2 14966 12572
2 19689 2189
2 14811 14828
2 545 4250
2 16269 3283
2 14706 15278
2 16425 10893
2 182 13063
2 5507 1352
2 10151 19699
2 462 1980
2 3604 3459
2 11780 15484
2 4496 2763
2 16816 14280
2 17149 174
2 1736 15803
2 9965 7432
2 13537 12050
2 18754 9129
2 16854 14540
2 9985 10049
2 12616 7930
2 14115 7697
2 19178 5
2 13516 12453
2 11341 6685
2 9535 16774
2 19734 5455
2 4882 17608
2 2368 608
2 12252 10516
2 19628 408
2 19822 4260
2 5537 18681
2 5678 14844
2 9583 16227
2 17045 5618
2 11233 8833
2 2925 10013
2 544 12334
2 6827 5293
2 15891 6123
2 8935 12358
2 17102 7656
2 10548 18427
2 14876 6625
2 12450 18282
2 16388 716
2 7938 1517
2 16125 5006
2 16706 12695
2 12475 13927
2 19197 13648
2 2711 7814
2 8428 3866
2 17243 12749
2 18589 11922
2 7654 2473
2 11278 13151
2 1143 18837
2 7007 13507
2 12243 7710
2 12419 17307
2 18023 6082
2 13402 574
2 16026 17750
2 7092 3075
2 10657 5456
2 4718 11803
2 17903 1733
2 16734 276
2 7069 16919
2 12992 13616
2 11044 4066
2 13083 8309
2 1120 8795
2 9652 2357
2 19768 2453
2 6498 14
2 19143 16828
2 9333 6891
2 10657 17058
2 12905 9418
2 14367 19218
2 16799 15511
2 10080 12352
2 10423 17212
2 18535 14574
2 801 10957
2 15379 9765
2 7604 9265
2 9843 11455
2 17935 12306
2 8259 18406
2 16671 2550
2 18652 4842
2 1760 12187
2 13706 6092
2 15073 6976
2 8785 10950
2 5546 10297
2 1215 6813
2 7873 9430
2 379 15848
2 15523 6462
2 13744 14860
2 19377 19954
2 1816 9169
2 8094 776
2 17873 1098
2 5489 7675
2 6824 13472
2 1197 8661
2 17846 17184
2 3409 802
2 17437 17998
2 7809 12597
2 12058 14111
2 8577 11027
2 10710 559
2 4661 11142
2 19294 18638
2 7432 12084
2 2379 13486
2 7551 15004
2 15119 2833
2 7178 15288
2 10843 11030
2 4830 14720
2 1665 13180
2 4805 19806
2 17431 13973
2 3435 6989
2 10029 16813
2 8395 8273
2 7191 4027
2 5340 12239
2 18333 19987
2 15838 12127
2 8853 3002
2 4181 12045
2 4940 19405
2 13712 17176
2 17145 17884
2 14675 10820
2 3304 12039
2 5129 11232
2 12513 9852
2 18097 12460
2 8055 3721
2 1011 10652
2 12879 10399
2 4169 3352
2 13843 11032
2 1313 4650
2 3112 9117
2 10132 12359
2 2735 16905
2 4674 2182
2 10489 6226
2 12665 16195
2 4942 11503
2 14248 19472
2 15598 4043
2 8008 7085
2 5379 9409
2 4024 1803
2 11719 732
2 14997 9879
2 1321 5761
2 625 3475
2 4051 5288
2 1507 11200
2 14664 14983
2 10852 17844
2 10832 1259
2 2022 5562
2 16697 12466
2 7810 349
2 4008 12232
2 3064 10607
2 8272 13462
2 19375 5807
2 17805 17325
2 12663 11426
2 13984 16633
2 15618 2567
2 8312 6766
2 10523 4319
2 59 5845
2 11992 5147
2 12770 19123
2 11412 14149
2 19779 14779
2 11536 327
2 4407 13463
2 161 14969
2 6850 18610
2 15902 3250
2 15080 3789
2 18140 11729
2 6152 11716
2 9280 10614
2 13586 1203
2 12302 6395
2 6401 11909
2 18745 12093
2 13375 2817
2 14677 1919
2 7618 11640
2 248 7530
2 7249 8617
2 14406 15101
2 4101 9122
2 9012 10223
2 17704 7711
2 7011 7282
2 13611 15529
2 1093 16969
2 2915 18777
2 16337 16587
2 4413 5168
2 17775 13642
2 1708 5656
2 12048 5316
2 5648 7929
2 661 14693
2 8688 1506
2 7493 2376
2 13472 13104
2 17706 4787
2 19954 14932
2 2930 15155
2 4664 705
2 10175 19586
2 1780 8817
2 10707 18083
2 9794 15259
2 11312 3921
2 18118 11329
2 18346 7302
2 2924 7778
2 6922 18126
2 13402 6435
2 250 19172
2 19052 13352
2 7182 13539
2 15034 11258
2 15944 13837
2 9236 5824
2 5488 17682
2 424 16508
2 19851 1904
2 5880 13711
2 6923 2541
2 17350 13991
2 229 5890
2 10865 10073
2 18728 12841
2 19448 1623
2 5020 19732
2 3590 12986
2 1956 14944
2 923 4258
2 13564 19735
2 2971 17440
2 16561 14475
2 3408 18382
2 7637 12557
2 18039 25
2 1643 1433
2 7024 2479
2 7248 15576
2 4357 18746
2 12306 11987
2 3712 10588
2 11401 5582
2 16421 9070
2 4083 13838
2 17920 15984
2 3475 9919
2 6326 12106
2 13307 17298
2 12053 19626
2 12331 8918
2 14617 17685
2 16486 19652
2 19811 8398
2 13944 9368
2 3313 19480
2 14206 9483
2 6450 12815
2 7758 7325
2 10009 11281
2 16550 6915
2 11012 12245
2 12531 3200
2 3685 5502
2 19858 6131
2 13797 6615
2 15734 18237
2 6509 18848
2 8510 5344
2 10350 10757
2 10387 6752
2 10304 3555
2 18371 3444
2 8500 14543
2 6001 17362
2 14014 19240
2 14239 1261
2 302 1268
2 104 3285
2 5627 5996
2 12650 13717
2 913 7825
2 4999 5512
2 9701 16887
2 2447 2160
2 12207 2170
2 2653 2047
2 3458 10808
2 9053 12672
2 7585 16246
2 2182 11313
2 12615 12849
2 5956 2048
2 15627 16664
2 3115 9903
2 17230 5660
2 4654 18173
2 5691 9309
2 18956 11157
2 6348 1546
2 5667 8980
2 3107 10909
2 17256 2553
2 13687 4135
2 2443 1387
2 17049 9416
2 813 6636
2 9424 4957
2 11089 5524
2 13089 13564
2 5970 183
2 15857 11698
2 13373 7444
2 9440 609
2 1596 17760
2 11552 16444
2 64 19960
2 6705 3092
2 13210 7581
2 18631 160
2 308 10485
2 4221 10281
2 1830 19168
2 14734 9959
2 2303 6157
2 11421 1520
2 1450 4378
2 6014 15017
2 19713 3720
2 11135 18963
2 727 7903
2 19199 9995
2 4811 12970
2 19198 18984
2 4771 18646
2 12908 3149
2 1702 1495
2 8440 19919
2 12120 419
2 11152 6679
2 19236 5875
2 10355 16076
2 6415 14627
2 3625 7257
2 3997 16360
2 9608 13991
2 15961 5343
2 18756 9942
2 212 6929
2 5708 12452
2 11120 13779
2 8310 627
2 9116 1748
2 8262 17886
2 626 854
2 1640 16264
2 18805 4540
2 10693 10621
2 511 17157
2 4189 4715
2 9984 14482
2 1722 9297
2 4658 2011
2 15739 11473
2 1670 4537
2 8072 7769
2 6658 13223
2 19489 9653
2 12321 19886
2 3466 18611
2 17267 6683
2 3408 250
2 4494 17327
2 10230 6049
2 10700 2384
2 7254 1500
2 16743 12389
2 8176 8301
2 1272 13152
2 19959 11366
2 18328 15528
2 17432 135
2 12212 7554
2 2365 18025
2 5684 8901
2 3566 12640
2 12323 19954
2 3220 5055
2 7349 9360
2 15537 17663
2 3756 397
2 10575 16610
2 15084 16829
2 2645 16170
2 15885 949
2 19769 1765
2 15779 9399
2 12809 173
2 11670 12794
2 13162 15122
2 18448 8287
2 11549 6438
2 4516 1144
2 4373 15621
2 10209 7224
2 238 6298
2 19602 351
2 1729 6727
2 6843 3798
2 3222 13735
2 36 4434
2 3459 11834
2 2241 6944
2 11605 3728
2 11418 17676
2 15159 4054
2 16352 16754
2 16880 14892
2 18365 6279
2 11112 7448
2 16314 5618
2 1273 11113
2 13230 6291
2 15696 7162
2 15924 6547
2 13316 15535
2 12010 16809
2 12073 4591
2 2871 18384
2 12071 6994
2 12741 8821
2 15959 15639
2 17542 1141
2 6455 1092
2 11604 10950
2 4690 6232
2 4784 4090
2 4746 10967
2 935 12086
2 7419 10788
2 6804 10224
2 14590 18848
2 9560 15130
2 13873 9740
2 18588 4850
2 15222 9234
2 937 18146
2 12934 7011
2 6920 14521
2 9737 19406
2 3178 14283
2 2381 5456
2 2760 19377
2 2347 8411
2 19454 15533
2 4040 5396
2 10557 11837
2 2629 19031
2 16444 17901
2 167 13111
2 14664 2306
2 999 5779
2 11872 10048
2 19470 19046
2 9507 15553
2 4887 5806
2 9888 13038
2 18839 13350
2 4877 9247
2 17811 6187
2 13267 2746
2 13976 19044
2 10237 15898
2 6713 4242
2 5277 9595
2 19043 4080
2 1272 16671
2 5863 3210
2 12089 12950
2 17881 18514
2 918 6747
2 4462 9753
2 12577 19198
2 8718 4968
2 9596 5877
2 8385 14360
2 2885 8548
2 8138 3297
2 11413 3564
2 19714 7582
2 12324 284
2 12392 13063
2 8508 10431
2 13050 2300
2 8922 11691
2 17909 2984
2 6067 19411
2 7964 4865
2 11701 8812
2 2604 15367
2 16779 13760
2 4295 3344
2 16998 17684
2 5189 966
2 18190 13676
2 7513 18397
2 4279 9598
2 2937 5370
2 5480 6597
2 473 10549
2 7042 14847
2 10782 1677
2 1826 16161
2 15046 145
2 3100 6249
2 14363 18449
2 6484 15147
2 16314 5248
2 7475 13859
2 6126 14835
2 19916 19993
2 7702 15577
2 6528 9633
2 5973 5788
2 7675 11356
2 8800 8786
2 11542 10927
2 11305 11344
2 2626 8577
2 16703 15377
2 2708 14629
2 4983 5600
2 16454 16876
2 17247 18964
2 7950 10402
2 14706 5347
2 2866 17535
2 6378 1033
2 11742 13589
2 14671 1329
2 15490 3378
2 19168 12932
2 17350 8800
2 13229 15324
2 11255 10782
2 19972 2827
2 7531 19212
2 11053 19279
2 3306 13504
2 13728 16826
2 14904 19888
2 6012 3148
2 9555 15473
2 8491 13128
2 1198 8835
2 9324 2722
2 6616 9881
2 10382 10110
2 15571 2248
2 6835 6257
2 11184 16111
2 17060 1707
2 12966 3460
2 12556 6284
2 7095 663
2 10906 13865
2 16700 7880
2 9424 14213
2 14050 17879
2 12828 9362
2 12662 11843
2 861 12707
2 13175 9541
2 13985 14627
2 385 12646
2 4758 1488
2 17968 1450
2 7067 11331
2 2125 6217
2 10380 18762
2 18703 12488
2 5577 13931
2 14287 7157
2 19570 14852
2 1413 538
2 13494 11196
2 13481 3909
2 17733 9267
2 5152 12425
2 15691 10417
2 12212 7761
2 12002 5344
2 1205 3860
2 17281 12884
2 5218 17809
2 4451 11945
2 17212 11151
2 12713 13486
2 2472 19944
2 656 6047
2 10141 5241
2 10533 7037
2 3066 9401
2 10708 6912
2 9577 2841
2 18496 8989
2 16996 1261
2 9085 13304
2 1541 866
2 16045 8541
2 10865 4268
2 10939 3093
2 805 17616
2 15111 12492
2 18054 15300
2 13448 3977
2 8976 325
2 17699 17223
2 19529 5786
2 969 8772
2 19704 16052
2 6860 1925
2 19286 2307
2 14743 13320
2 13390 2281
2 13 12568
2 14405 14034
2 14913 16344
2 14956 11532
2 9524 338
2 600 3653
2 1531 3452
2 18914 10567
2 6413 9236
2 13629 11081
2 4541 12579
2 16290 9918
2 5525 12641
2 18731 5779
2 17113 10745
2 4986 4773
2 5731 2104
2 11513 6877
2 5024 15232
2 19371 17137
2 6957 10122
2 14479 15318
2 7640 781
2 377 17347
2 11969 5969
2 11141 11371
2 2294 4398
2 2339 17048
2 9086 6247
2 11436 240
2 7904 11073
2 7068 14430
2 7274 1403
2 10893 10289
2 5006 11212
2 8425 10575
2 12874 19271
2 8898 10044
2 2455 8058
2 13375 6244
2 2479 11349
2 379 17032
2 3868 3296
2 3599 14710
2 15828 13349
2 19516 14180
2 14386 1109
2 12364 13937
2 14092 15660
2 2987 18381
2 18236 19044
2 13620 18989
2 1650 14808
2 17777 8990
2 6528 13498
2 9953 2076
2 12443 17484
2 10416 10936
2 10240 2802
2 16156 14059
2 18819 14946
2 4917 16381
2 1135 8770
2 510 19279
2 17358 3318
2 19659 10521
2 8970 5813
2 11107 18598
2 15091 11737
2 11232 17635
2 4823 16176
2 1706 8248
2 16357 14028
2 13050 15575
2 10188 1743
2 61 15458
2 6268 17692
2 5381 7389
2 9596 2694
2 1273 1460
2 6259 13581
2 6140 925
2 17215 15421
2 8748 9481
2 15483 11054
2 1638 1328
2 9803 8856
2 19246 6821
2 11999 17829
2 7865 8120
2 18249 2669
2 2480 2866
2 2874 14610
2 2365 7276
2 17121 2050
2 16618 379
2 13818 14285
2 8828 19825
2 8123 17769
2 13322 1564
2 3504 19528
2 19208 14930
2 7401 10962
2 18566 12623
2 11739 15141
2 8063 11795
2 15436 3542
2 18221 18897
2 3112 13228
2 18569 4670
2 13711 668
2 1017 10363
2 12259 8690
2 18599 2957
2 5443 14676
2 1511 7614
2 1297 4726
2 7646 16698
2 14378 6384
2 16457 13089
2 9104 13543
2 905 11287
2 7681 8239
2 19203 11835
2 19260 9953
2 16601 3041
2 19531 15247
2 12555 1260
2 14140 2057
2 15390 8114
2 16568 8747
2 12290 3642
2 4241 1299
2 7531 9485
2 4446 16492
2 6364 9970
2 18409 4552
2 17726 1299
2 11128 7895
2 19442 18136
2 16922 15077
2 18694 19223
2 3524 12821
2 7638 1093
2 5379 1565
2 13390 3913
2 19703 2802
2 2016 6263
2 14979 15105
2 10969 8234
2 1388 11146
2 1676 2619
2 19791 2396
2 7369 15077
2 6842 10112
2 9862 8597
2 3248 6021
2 15931 17217
2 17418 4177
2 8870 2068
2 3593 12202
2 16139 16547
2 18446 18448
2 10699 3804
2 8766 9632
2 4858 6447
2 7850 1590
2 16745 11959
2 11617 6283
2 5370 6746
2 7254 17433
2 724 389
2 13183 312
2 7261 16121
2 18247 18308
2 16887 1676
2 9807 5666
2 17257 7165
2 16151 10848
2 19020 17299
2 11979 5268
2 3458 5596
2 18879 374
2 4020 15476
2 9702 14601
2 4908 17125
2 19016 3602
2 14743 9211
2 4432 448
2 16204 19617
2 1909 4958
2 15404 18125
2 15042 18437
2 10473 13776
2 12524 19470
2 14298 19876
2 7781 15424
2 6269 12252
2 16821 12794
2 17428 12385
2 16246 7812
2 13516 9566
2 1830 19105
2 19995 17319
2 13991 2629
2 16512 8651
2 15099 2124
2 16382 2536
2 16857 1076
2 8797 18511
2 8535 8740
2 6397 5804
2 412 15972
2 3512 15217
2 4068 8563
2 12097 11421
2 12167 6151
2 11984 14585
2 1158 1482
2 7387 7738
2 15523 3937
2 9293 9973
2 6936 6863
2 16089 17677
2 13297 8857
2 16747 7594
2 17900 18577
2 5852 8064
2 14179 16498
2 1374 10272
2 9451 13963
2 13059 13987
2 6617 5663
2 220 12546
2 8374 17851
2 9938 18548
2 16520 4312
2 74 1610
2 7861 11458
2 7401 4989
2 6783 3481
2 6746 18435
2 19903 17451
2 16059 16603
2 19134 11084
2 16105 5441
2 15549 18168
2 6778 17
2 11896 9759
2 3886 3341
2 3350 16116
2 7794 11013
2 10527 13707
2 19686 7287
2 8307 15021
2 16485 18290
2 839 11869
2 11307 16052
2 8734 9371
2 7272 4865
2 18649 6656
2 13328 19666
2 11281 13167
2 13138 7451
2 14723 12318
2 8270 14036
2 12849 4584
2 14202 13608
2 15689 5410
2 4082 13743
2 5557 19356
2 14069 16719
2 4465 14997
2 13318 16553
2 2371 10241
2 6211 12165
2 11334 17879
2 4775 17055
2 14234 1001
2 3653 12702
2 1621 14711
2 14896 10103
2 6188 2386
2 11126 10208
2 14062 8852
2 4404 9684
2 14042 11599
2 8353 17200
2 6562 46
2 9177 9910
2 16561 8827
2 303 11896
2 7457 6605
2 5981 17263
2 14065 18732
2 14692 14636
2 2826 6316
2 4991 7797
2 13087 3970
2 665 13209
2 11198 16149
2 1674 17621
2 16501 16356
2 3635 7878
2 8496 7674
2 7497 8958
2 4527 15103
2 4130 1396
2 9107 4474
2 14356 3005
2 426 17594
2 1486 19620
2 2297 3318
2 178 16895
2 9753 32
2 14906 11332
2 9435 7827
2 5251 12158
2 15091 18230
2 11776 3777
2 4497 3218
2 416 1294
2 9864 18025
2 7001 11625
2 544 1287
2 14630 11722
2 18123 6995
2 3819 4178
2 7563 2926
2 18901 8680
2 17438 5872
2 6605 5690
2 1677 9533
2 12226 5496
2 8012 11739
2 10396 16423
2 6154 15141
2 18472 3529
2 13846 5377
2 4242 4355
2 10989 5954
2 15808 14087
2 4592 7606
2 3037 13961
2 17619 17975
2 13271 14057
2 8314 16056
2 1417 11979
2 11839 13477
2 6274 13918
2 6508 7657
2 8850 8786
2 10955 11893
2 9813 13209
2 3321 5300
2 5126 6431
2 8331 7318
2 18943 16772
2 6958 2145
2 10396 8054
2 16764 399
2 18811 3377
2 9261 17079
2 10623 4190
2 2199 15301
2 15263 17364
2 19305 17624
2 1941 10928
2 1748 19882
2 5137 10583
2 6944 3761
2 3471 14684
2 12690 17499
2 17497 13977
2 16723 12245
2 13741 10674
2 9231 14920
2 11080 19216
2 667 12636
2 16709 8095
2 9115 3388
2 14437 3131
2 7167 18914
2 8460 18278
2 6162 19756
2 9408 851
2 13154 11080
2 18539 6158
2 916 8304
2 17936 4249
2 6402 7850
2 19877 11569
2 15242 17359
2 3818 5462
2 4526 9567
2 8413 13387
2 10851 11749
2 17507 18121
2 14524 13935
2 3319 9538
2 15668 4621
2 269 11068
2 450 14494
2 8671 5103
2 9845 18867
2 19471 19933
2 12054 5519
2 5112 7929
2 5776 16609
2 18006 1430
2 16678 18183
2 15402 3479
2 14177 17619
2 2031 11254
2 15399 3658
2 16072 14872
2 9318 14254
2 4256 19101
2 1662 18569
2 1144 15843
2 16501 6340
2 18291 19431
2 12937 13020
2 5629 17095
2 13422 9255
2 7445 10486
2 2283 19185
2 6429 11997
2 16345 5584
2 11757 14982
2 3439 7433
2 2245 18230
2 8342 6073
2 5209 3080
2 10656 15525
2 7930 4086
2 16493 3178
2 17426 11066
2 5362 12971
2 2147 3571
2 7750 9395
2 6374 12330
2 6291 7301
2 139 3114
2 17102 17318
2 14843 9540
2 7873 19487
2 11034 13535
2 994 6538
2 12171 2616
2 4280 11119
2 16374 3924
2 6802 12572
2 2306 335
2 10622 19483
2 423 14617
2 4450 18474
2 2091 10850
2 10847 15028
2 11624 5773
2 1242 5032
2 1666 4751
2 521 17109
2 18289 5990
2 2965 14266
2 1075 7522
2 17261 11666
2 12326 2829
2 13094 18818
2 10000 18091
2 15043 17704
2 10770 2430
2 18727 10663
2 1130 11497
2 13690 18489
2 13102 4391
2 9579 14624
2 9535 16077
2 13801 6068
2 16266 7953
2 16794 1136
2 3338 16114
2 14783 6814
2 9528 15169
2 8066 10369
2 551 18892
2 673 9427
2 12014 103
2 2394 15699
2 901 17620
2 14976 8767
2 14635 6964
2 7053 5489
2 508 3050
2 2896 19100
2 11105 2023
2 4540 14026
2 4612 1401
2 13281 8548
2 14744 4073
2 9239 16187
2 8450 6856
2 11304 17738
2 5795 4725
2 7446 15328
2 9305 15386
2 5247 12447
2 1002 13510
2 12282 8687
2 11062 6269
2 8209 11630
2 3349 2002
2 8311 415
2 15131 1960
2 17514 4323
2 9791 5740
2 9823 9336
2 19160 5906
2 1504 13937
2 3082 15141
2 2504 1169
2 12659 13223
2 18280 6074
2 17156 1354
2 16952 8585
2 8348 13134
2 11025 18587
2 3379 12453
2 2764 11188
2 3925 13187
2 16912 3398
2 11264 5216
2 5693 14227
2 125 13878
2 10295 14940
2 9792 19683
2 2318 11149
2 2454 15055
2 7127 1163
2 15289 7969
2 16199 2937
2 16810 19861
2 1543 7218
2 10022 15128
2 3928 11313
2 10828 4414
2 1374 4721
2 1783 4972
2 6677 1965
2 15019 7650
2 17490 16506
2 9200 12777
2 4389 2026
2 7357 16291
2 125 873
2 13835 14757
2 3158 14613
2 7842 1282
2 4759 14963
2 6194 9512
2 13493 18544
2 16898 3871
2 5312 10692
2 7173 2490
2 1838 6443
2 5131 17056
2 17790 1235
2 18821 16850
2 10073 16283
2 6025 843
2 12960 8719
2 4939 1346
2 16558 176
2 19662 5035
2 9709 15541
2 19733 3771
2 2328 1225
2 12282 13254
2 2525 11789
2 11078 10854
2 5023 8350
2 19158 522
2 13314 13043
2 3957 6226
2 16798 3353
2 11067 1339
2 11191 14177
2 5839 11229
2 502 14137
2 16433 12051
2 10735 10309
2 17067 14828
2 1736 19712
2 12376 10575
2 12235 14688
2 14775 18140
2 940 10173
2 8528 19736
2 15371 9159
2 546 1126
2 12793 10188
2 4380 16723
2 19080 18832
2 5420 4837
2 12471 12349
2 17720 2779
2 9230 11938
2 12235 9004
2 3020 12887
2 13504 16366
2 13002 7697
2 6021 12513
2 6531 4966
2 2742 10183
2 5642 15974
2 15786 19362
2 7826 10544
2 391 7270
2 19472 10860
2 7181 14198
2 18668 5552
2 13668 467
2 2181 19698
2 9461 14743
2 618 11896
2 19610 7163
2 7567 18674
2 14424 3335
2 19286 19035
2 11076 9660
2 8082 14462
2 6033 12072
2 17159 2375
2 15640 16055
2 11875 11877
2 15063 10790
2 96 11998
2 11053 8236
2 4583 1535
2 16916 11277
2 10997 2404
2 17963 9142
2 4004 13597
2 17087 1657
2 3246 10895
2 6279 16094
2 4861 6068
2 17189 3607
2 6595 6517
2 3557 15648
2 12264 6762
2 5355 8777
2 8712 15663
2 2255 16238
2 12896 15685
2 17062 12848
2 13665 19004
2 16747 19782
2 17268 663
2 17934 2507
2 5107 14059
2 19048 3959
2 12539 2970
2 9322 17391
2 15203 4832
2 13524 7616
2 17862 14817
2 2591 6795
2 16312 16902
2 10779 10351
2 11594 702
2 1310 6555
2 18244 4532
2 18270 17512
2 3300 2419
2 16164 11963
2 12137 12722
2 4642 11249
2 11601 17485
2 6960 1616
2 1536 13176
2 12196 14716
2 15582 9611
2 9233 15703
2 11703 8816
2 12769 3238
2 13699 1168
2 16944 9068
2 18606 16284
2 15902 12825
2 9924 11924
2 14723 19232
2 14453 2499
2 18537 19139
2 11554 14992
2 2406 10337
2 3422 2757
2 13878 12854
2 1774 4264
2 4886 16465
2 7168 4540
2 11871 12528
2 4366 7213
2 2509 15465
2 15309 3160
2 12050 18123
2 793 5470
2 12977 17982
2 3586 8911
2 547 17294
2 12629 16840
2 12886 1454
2 13711 12705
2 13305 9400
2 8442 13916
2 15572 17507
2 35 13501
2 7042 16183
2 19301 2586
2 5997 11115
2 7514 7591
2 16825 6759
2 720 16622
2 9989 3695
2 18895 15686
2 11652 14085
2 16582 15205
2 19916 17915
2 8011 13537
2 4319 6901
2 2161 18448
2 15694 6385
2 7812 2667
2 11072 19759
2 13514 19669
2 10048 14042
2 12676 17706
2 11703 18544
2 234 7795
2 257 19042
2 10704 13193
2 17267 13205
2 6747 16950
2 5121 14542
2 7626 7445
2 1729 7928
2 13983 4069
2 17348 11752
2 14912 17714
2 1095 2629
2 17115 11599
2 9311 6042
2 7556 9132
2 16020 6471
2 14848 11874
2 6448 5288
2 15187 6656
2 14546 4115
2 14531 13529
2 9294 6289
2 6809 1404
2 4255 1114
2 1171 14062
2 3271 595
2 18599 311
2 16158 577
2 6631 3067
2 12495 7005
2 11453 14971
2 5385 8925
2 12733 17639
2 3995 5531
2 19560 5851
2 19371 1071
2 7367 2504
2 10528 13016
2 18248 4361
2 5962 16583
2 14642 906
2 2684 2122
2 12408 1925
2 10615 13129
2 814 3195
2 7600 3103
2 587 9632
2 12311 18126
2 9292 16350
2 5393 4130
2 14926 2995
2 7981 13411
2 8277 1269
2 18923 16032
2 12019 8287
2 200 18767
2 7192 6935
2 14862 5151
2 2603 15633
2 16149 8516
2 18677 18776
2 19019 955
2 4566 12206
2 5977 4320
2 1066 6722
2 14834 19920
2 17579 2194
2 13857 8532
2 7858 4697
2 4298 13165
2 2625 10712
2 3942 10063
2 16856 6996
2 11470 5053
2 1596 11253
2 14021 5877
2 6509 10020
2 12820 4517
2 3027 5956
2 13329 17046
2 2571 16593
2 19241 6224
2 11171 4748
2 13235 6026
2 6018 14938
2 15544 12216
2 16284 4931
2 6278 14111
2 6090 3605
2 12070 10518
2 1852 12986
2 18629 10249
2 15196 17400
2 15294 13781
2 11147 4935
2 2403 652
2 19664 12526
2 13673 9851
2 3486 5929
2 12709 15362
2 3191 17045
2 10647 19529
2 12879 19006
2 6998 11552
2 9542 7385
2 7310 7044
2 18050 2597
2 9303 15232
2 10328 18084
2 17588 2147
2 13860 19909
2 10880 10870
2 1663 5244
2 17140 3307
2 8 15029
2 17970 6245
2 5600 731
2 5310 11987
2 1518 3490
2 7722 1883
2 3461 13463
2 19519 1140
2 3622 17348
2 10150 1621
2 267 19907
2 12288 4876
2 1739 17651
2 1432 10944
2 18680 6169
2 18686 10885
2 15924 6426
2 4239 17324
2 3383 12836
2 17405 10413
2 10250 6081
2 16553 10829
2 443 4895
2 6068 12113
2 16959 13382
2 9841 13784
2 13631 6916
2 3406 15035
2 2314 17185
2 14269 18669
2 9420 13960
2 13917 17272
2 11345 12293
2 1422 5437
2 13467 17296
2 18618 19622
2 1216 18494
2 16077 5761
2 1992 12753
2 18061 14186
2 18286 8443
2 2752 2083
2 11596 16325
2 2770 13138
2 15747 7565
2 17610 4804
2 14238 3497
2 11066 5391
2 13873 11441
2 2297 4998
2 1162 15402
2 15714 18605
2 17974 5092
2 19592 5133
2 15678 8639
2 2967 4888
2 12220 8249
2 12593 15064
2 5446 18562
2 8011 7428
2 14513 19073
2 4728 13732
2 6668 17076
2 4524 4215
2 8044 2874
2 5333 8762
2 859 8747
2 16756 7011
2 7548 8990
2 1167 9971
2 18270 10755
2 624 10974
2 5603 13712
2 19406 7926
2 10884 12914
2 8829 9925
2 12238 13080
2 8148 1855
2 17676 12187
2 9030 2427
2 13549 17605
2 10642 11902
2 12681 17030
2 19612 1325
2 11568 17190
2 4132 6981
2 13357 8989
2 11969 10347
2 6544 8649
2 9593 9648
2 11442 10209
2 15828 19742
2 10216 432
2 11994 13824
2 12772 16021
2 3964 13326
2 12626 717
2 19347 2833
2 17347 10711
2 3615 4105
2 18127 8947
2 10954 5411
2 18254 1965
2 17939 1987
2 5004 12906
2 8841 19573
2 6944 5764
2 16576 18754
2 16497 19801
2 17305 3611
2 4306 1185
2 10576 14282
2 256 5565
2 17897 1681
2 16177 5099
2 4583 744
2 18838 12610
2 19920 3569
2 439 7642
2 2621 7429
2 4621 15188
2 14378 16869
2 10135 13945
2 221 11186
2 18733 13573
2 12349 2921
2 2552 18699
2 15015 2769
2 15237 15842
2 9944 11052
2 4100 19236
2 16032 2880
2 17835 8746
2 10358 16788
2 7282 9949
2 11222 9739
2 9414 2778
2 2227 2884
2 2256 4547
2 13131 10817
2 14016 9775
2 19529 13734
2 15719 13912
2 5579 19958
2 9901 2069
2 4977 15925
2 19673 8149
2 13799 1613
2 7125 1041
2 14193 8600
2 13011 16560
2 5554 8569
2 10715 7979
2 18102 2003
2 11529 3396
2 13905 7774
2 8271 3687
2 8561 10840
2 5561 11418
2 18447 17892
2 8883 9973
2 16779 19121
2 9051 1574
2 9854 11406
2 10091 8167
2 4967 3805
2 4679 7915
2 13330 212
2 14108 16694
2 423 12134
2 8814 1180
2 8816 11078
2 6794 18457
2 11360 18901
2 8886 14409
2 14998 2914
2 2360 8421
2 4916 8415
2 11088 14206
2 18886 17089
2 908 14501
2 13385 16410
2 12013 3649
2 1629 9877
2 15754 572
2 4943 8428
2 3850 18359
2 3041 17572
2 8930 15529
2 934 10784
2 8505 18963
2 12007 15384
2 5566 4418
2 14564 17231
2 14425 16107
2 5910 4518
2 7923 7989
2 1791 11204
2 11061 6250
2 16717 1735
2 12820 4346
2 6209 13618
2 13882 734
2 12093 13021
2 5689 15661
2 11826 12503
2 11868 1824
2 106 880
2 12514 873
2 6322 10063
2 5886 2748
2 1389 17757
2 4588 11376
2 7610 13951
2 6430 10287
2 17469 3105
2 19866 488
2 13703 19024
2 9265 5978
2 14109 19790
2 7785 6758
2 3114 10216
2 11867 9686
2 8074 1586
2 17042 12816
2 14036 16779
2 1073 16233
2 4178 18985
2 14582 18059
2 415 199
2 11545 15864
2 2031 10331
2 10005 8855
2 11646 14383
2 13993 10898
2 14184 2736
2 11031 17206
2 1506 19168
2 9412 14829
2 19960 4379
2 828 13507
2 10850 11838
2 7619 8633
2 4434 16380
2 13344 7605
2 19480 17216
2 14386 4310
2 1875 18182
2 7355 10720
2 7536 12105
2 8203 12069
2 18153 18944
2 14917 7203
2 12357 3593
2 7229 9156
2 12740 5035
2 302 13569
2 7931 4998
2 14214 17853
2 688 19039
2 16827 6817
2 7133 16194
2 6964 19643
2 7180 3203
2 14939 17742
2 2207 8583
2 3632 8904
2 8357 5128
2 19997 7079
2 9495 9142
2 624 1905
2 117 13037
2 16744 9287
2 15191 6793
2 5717 12626
2 13537 3308
2 618 15564
2 1211 887
2 14259 13775
2 2103 16261
2 1465 2936
2 5438 8327
2 5529 11934
2 4953 9539
2 17906 11906
2 15532 18796
2 9614 11732
2 2695 12528
2 8634 15508
2 11532 546
2 11181 17453
2 19542 12035
2 4252 13912
2 12046 8060
2 521 19429
2 11409 17800
2 13365 11886
2 10344 19588
2 7426 2287
2 14657 7941
2 17923 14958
2 2767 185
2 19993 11437
2 2601 8054
2 14857 9783
2 7020 12138
2 13124 4353
2 854 8522
2 14237 15649
2 17029 70
2 11051 11840
2 10385 16212
2 962 13190
2 700 12566
2 9658 13176
2 8562 2112
2 17010 11017
2 8170 1207
2 5784 12909
2 11992 10263
2 8748 8482
2 16505 703
2 14401 19853
2 14932 13104
2 2897 16075
2 16458 8875
2 4562 10692
2 635 12845
2 15622 12648
2 18734 15911
2 13709 9554
2 1694 10174
2 3670 6192
2 7871 2918
2 12388 13403
2 6591 2566
2 1239 17039
2 11297 3899
2 16591 10574
2 6181 11565
2 6530 13379
2 7089 1097
2 17701 9123
2 18249 18505
2 3185 2204
2 15478 4799
2 16928 15328
2 5573 9332
2 6979 18960
2 1143 9686
2 10683 17052
2 556 19627
2 8202 9332
2 16892 5607
2 2703 9371
2 17416 103
2 2834 12759
2 19988 19386
2 10121 2625
2 10535 96
2 2269 19058
2 4553 12482
2 3993 15856
2 8869 11454
2 11659 9206
2 16931 16429
2 4700 13227
2 2885 18071
2 19838 6826
2 2604 5737
2 15563 2832
2 18737 10329
2 9714 19297
2 915 19234
2 3995 10373
2 9770 10724
2 8504 1688
2 14553 17595
2 7184 13943
2 8053 9168
2 13419 12420
2 4194 14761
2 14929 18743
2 7399 12284
2 3921 1490
2 1163 6491
2 425 16600
2 3171 13679
2 10600 17497
2 12629 3806
2 4267 502
2 8049 5782
2 13809 4990
2 51 5297
2 3439 10380
2 4340 18681
2 1287 15344
2 1534 8187
2 2239 6327
2 13879 8677
2 1426 1471
2 8058 10705
2 14377 5734
2 5577 17812
2 18264 72
2 13268 2542
2 1948 19342
2 3227 19482
2 2710 10267
2 12188 11690
2 16706 1414
2 10891 8588
2 2320 10045
2 7615 4078
2 12737 7098
2 19410 965
2 819 11731
2 14453 12221
2 3085 17609
2 19431 17698
2 14542 4874
2 13369 7641
2 200 10946
2 11855 19191
2 17978 1806
2 13546 8175
2 2531 2670
2 7941 6338
2 5239 7472
2 5324 2527
2 12118 3789
2 11513 15691
2 19187 17666
2 13648 2335
2 5769 11511
2 16622 614
2 5389 1103
2 8348 227
2 637 13792
2 5232 19728
2 13 9427
2 9721 4221
2 1269 14869
2 16325 6985
2 16681 11163
2 14808 9
2 271 7935
2 16485 14689
2 3067 3262
2 5551 4582
2 15473 17245
2 1299 6850
2 4667 14650
2 8417 18795
2 9489 19066
2 3250 18195
2 4579 13430
2 11115 736
2 2909 8769
2 3489 17436
2 6718 5677
2 789 10032
2 4115 7417
2 14502 16158
2 11030 3252
2 5037 18679
2 19447 2901
2 5025 4718
2 13942 17213
2 8603 7385
2 3683 15971
2 9935 13831
2 12784 12835
2 4486 4335
2 5371 3586
2 14774 16762
2 16836 1119
2 12561 9736
2 13555 15529
2 6667 17912
2 2972 10896
2 5912 7544
2 7951 12464
2 5377 5761
2 14796 19463
2 10092 9189
2 12249 12305
2 13194 6970
2 7127 17152
2 135 19075
2 16590 11679
2 14887 14929
2 19997 8352
2 15121 10282
2 5060 14695
2 9728 7688
2 17418 4068
2 10800 773
2 5624 11266
2 7639 4966
2 18784 912
2 4842 621
2 4765 6173
2 15544 7018
2 10793 17679
2 8471 13436
2 13908 12003
2 13252 96
2 4913 2649
2 2689 1495
2 5941 13892
2 11666 13949
2 19509 9636
2 15139 507
2 4287 7770
2 14624 3165
2 10003 17046
2 5769 3694
2 18362 3933
2 3135 5548
2 8052 12733
2 6839 2642
2 5901 12054
2 16069 3485
2 19941 18960
2 18325 8205
2 5935 2880
2 5008 11635
2 6293 15449
2 1844 1053
2 5253 17744
2 11622 10611
2 8093 64
2 12370 6035
2 11198 1515
2 4046 5662
2 15713 2766
2 11545 847
2 14804 19184
2 10240 5229
2 9730 4879
2 10210 7279
2 3413 9373
2 9682 1949
2 8452 13852
2 19055 19252
2 9291 11749
2 18809 17109
2 19393 11872
2 19622 14422
2 15696 11395
2 15851 11622
2 2960 3333
2 7663 13711
2 10884 10724
2 181 8553
2 8037 10466
2 18661 19076
2 17528 10256
2 6159 16521
2 14159 15765
2 1776 7394
2 17477 4070
2 9611 10709
2 11192 19537
2 13014 13973
2 216 15473
2 2802 18762
2 13528 7393
2 19040 14890
2 3261 12440
2 18972 1035
2 9823 707
2 3810 8067
2 18682 8734
2 3192 5531
2 9167 10354
2 9253 3781
2 12943 10905
2 12191 15931
2 7377 18944
2 7896 5312
2 14687 17207
2 6245 4294
2 5434 8169
2 4750 11729
2 17040 9766
2 12666 14064
2 10085 17399
2 13643 1496
2 18361 599
2 10491 14650
2 9588 1036
2 19642 763
2 7270 940
2 2191 7785
2 563 16747
2 18759 18062
2 7128 16194
2 16166 11499
2 616 13087
2 5877 5175
2 13924 14675
2 3976 6348
2 16930 4900
2 4086 16392
2 14423 2146
2 10436 63
2 17391 11882
2 5155 3166
2 18579 1967
2 1842 1657
2 9046 9071
2 13666 5402
2 16851 5791
2 3149 3339
2 9866 3161
2 17955 5627
2 8401 8793
2 12042 7501
2 5247 11222
2 8363 3903
2 14112 9753
2 19113 13432
2 17723 5143
2 7472 3755
2 9970 17667
2 15077 8130
2 16159 18922
2 18083 1936
2 19012 12603
2 15015 15854
2 2403 5743
2 7113 18056
2 11822 5698
2 4678 17694
2 9818 11919
2 3092 14147
2 15657 8226
2 7831 4489
2 14902 13837
2 15374 11626
2 14065 1363
2 19964 12399
2 8304 15481
2 15292 17475
2 11080 7436
2 5645 11211
2 7370 13381
2 14767 8555
2 17396 6543
2 7165 681
2 9526 14981
2 18662 7690
2 13363 2814
2 838 6803
2 351 11812
2 5270 14213
2 13769 3085
2 19780 6148
2 8136 15532
2 19447 5241
2 4857 12344
2 17044 13894
2 11694 9827
2 6984 268
2 436 15221
2 19343 10706
2 13850 7851
2 10555 18444
2 3742 11554
2 1011 8840
2 2827 15991
2 7591 3361
2 1473 9881
2 8445 1278
2 4294 16178
2 10627 5402
2 3662 4424
2 7862 6252
2 6855 9166
2 12308 1725
2 10853 1489
2 250 761
2 13140 11356
2 11034 12142
2 5555 1291
2 12431 9810
2 13492 4465
2 9999 10430
2 10977 12925
2 219 1568
2 230 9075
2 6099 8242
2 12695 16621
2 2317 6114
2 19971 11130
2 16719 7376
2 4522 17763
2 9579 5587
2 12011 12286
2 10000 10463
2 15729 8844
2 5670 9225
2 9607 12602
2 19531 16092
2 4839 8457
2 14754 10351
2 7650 9708
2 2765 15025
2 18900 7518
2 807 17294
2 19290 11429
2 17249 12762
2 17446 15999
2 5276 9784
2 9813 4174
2 11587 2297
2 11724 7898
2 9133 18953
2 5429 6416
2 19975 8287
2 19832 18871
2 15048 2785
2 16742 1907
2 18195 18307
2 18021 12125
2 8545 676
2 5182 11258
2 413 143
2 3117 3160
2 3889 5074
2 19533 16993
2 10673 19469
2 11652 5850
2 15767 18271
2 8734 16025
2 19996 10876
2 18779 9507
2 6194 1539
2 11263 15988
2 14969 850
2 5182 3125
2 8599 11568
2 5386 11793
2 3834 18652
2 19642 19747
2 9861 9836
2 14348 2938
2 3766 14605
2 14606 18900
2 11849 10816
2 14844 17097
2 17181 3897
2 14624 7553
2 7000 18965
2 12400 19735
2 18369 587
2 19450 1943
2 4174 4573
2 8636 12089
2 14237 2757
2 2805 9956
2 5016 5100
2 6123 9207
2 17517 14388
2 17506 7772
2 4226 18811
2 12449 18343
2 19624 3219
2 2317 9563
2 8509 263
2 1379 9446
2 16350 6002
2 16605 1081
2 10467 16155
2 4501 8984
2 7265 2261
2 8324 18
2 10311 14767
2 11071 15566
2 10294 15339
2 18589 13160
2 15854 16718
2 18706 8836
2 9944 479
2 501 10344
2 886 5748
2 5284 10081
2 7136 2053
2 7495 14407
2 18371 4939
2 2833 18500
2 15491 3649
2 3814 9375
2 19411 9532
2 6769 910
2 16035 7273
2 9161 19964
2 10487 173
2 6392 10512
2 10354 4176
2 7902 15125
2 17875 17385
2 18901 3815
2 8239 9540
2 12716 18710
2 3257 10354
2 14309 14430
2 18920 13771
2 17706 7747
2 18234 2486
2 16625 9465
2 19379 485
2 11472 9725
2 8090 7649
2 9028 15477
2 2024 10688
2 4384 5665
2 3857 4831
2 717 6145
2 7832 19858
2 15355 9273
2 15512 5641
2 4990 18006
2 2480 16595
2 14137 17424
2 4394 12168
2 6265 1104
2 7093 17790
2 1566 1663
2 4621 15576
2 3045 14118
2 16060 5640
2 5447 14536
2 12417 8618
2 9769 12204
2 12561 5533
2 9879 18451
2 16936 7744
2 2673 8394
2 10530 13849
2 1684 4703
2 18538 922
2 4332 1819
2 19027 5956
2 11363 37
2 4353 12078
2 7876 1082
2 19675 9593
2 17935 4003
2 4327 892
2 3894 316
2 5799 15834
2 18070 10919
2 7304 1202
2 18033 14050
2 2193 19030
2 11522 1928
2 2554 4388
2 2853 14223
2 6611 11247
2 7925 6018
2 16350 2208
2 6688 13968
2 4987 9689
2 14323 4312
2 4571 1384
2 16447 517
2 1359 8710
2 5512 12718
2 14505 9709
2 2796 16329
2 11597 5905
2 14624 10876
2 7060 16504
2 1863 13088
2 14919 9623
2 12969 8024
2 1715 11890
2 1405 14528
2 9267 3108
2 2510 17051
2 17556 14612
2 12107 17997
2 6135 11301
2 18250 8203
2 14706 8470
2 10285 17467
2 1714 12745
2 16604 19125
2 2717 5202
2 4264 7113
2 2630 13326
2 2117 15283
2 8321 7919
2 15767 17797
2 2046 12471
2 14537 4356
2 13645 5172
2 17025 18004
2 16129 12133
2 13122 10582
2 7487 12536
2 1948 11409
2 1387 12474
2 15882 6850
2 19703 5458
2 9890 5441
2 18971 8768
2 6185 9331
2 15487 12043
2 13067 18629
2 10370 18608
2 1721 13909
2 12154 4228
2 6076 3711
2 18334 4781
2 16274 8587
2 17756 15599
2 5568 14783
2 19171 11722
2 7906 4674
2 2122 13185
2 6508 6869
2 10092 12975
2 10834 6037
2 13371 18081
2 19409 18309
2 13151 4075
2 2953 3000
2 3435 12790
2 15788 15148
2 14379 11909
2 15982 13012
2 9924 12289
2 194 10492
2 1292 10852
2 2036 8847
2 7474 7862
2 10491 10254
2 13616 4765
2 19464 1971
2 5970 11781
2 10172 17116
2 13114 5339
2 17780 13710
2 14797 4775
2 390 3863
2 11438 11237
2 9052 2886
2 7690 9189
2 14323 15721
2 17753 856
2 2071 15946
2 14277 9593
2 14055 6
2 4806 10530
2 19205 12151
2 18659 14513
2 9732 2558
2 13148 17365
2 12258 8876
2 2793 3177
2 4432 4042
2 14990 16105
2 2637 16001
2 4333 8173
2 13433 19369
2 9931 2861
2 4603 14602
2 9433 16378
2 16447 19407
2 10683 5440
2 1547 1713
2 9439 884
2 18598 2312
2 9200 11822
2 8147 8671
2 11477 13900
2 4577 14500
2 3382 1581
2 7792 13324
2 18439 16114
2 18944 17089
2 3007 2662
2 7562 1502
2 3246 4137
2 4137 15633
2 16078 1006
2 16071 7028
2 2284 13133
2 5089 3977
2 6731 12364
2 11672 18745
2 4096 3790
2 4335 9916
2 18987 19070
2 4928 17971
2 8708 18431
2 10642 9398
2 1155 6422
2 4052 18957
2 6284 2959
2 13728 13344
2 15004 10925
2 7474 12887
2 1045 3167
2 17619 17777
2 3341 3217
2 5337 9605
2 11398 17305
2 6270 17916
2 10134 4455
2 13621 7972
2 13947 18339
2 5223 6688
2 9176 5357
2 6082 16447
2 7563 10145
2 12166 17784
2 4766 1398
2 9517 2538
2 8187 19845
2 6752 17613
2 2218 13929
2 17625 3672
2 1571 13131
2 1714 5005
2 8590 2063
2 17498 11256
2 13244 13007
2 17387 12454
2 19775 3837
2 11686 1839
2 11739 8591
2 19737 16910
2 1183 13226
2 11535 14414
2 7518 17494
2 4878 7179
2 16027 7449
2 17835 3323
2 13704 12665
2 10961 13247
2 10898 2358
2 592 6341
2 10876 10506
2 3606 7337
2 12735 19157
2 15699 15783
2 12818 19799
2 15768 1552
2 13641 7805
2 17239 15798
2 2729 7740
2 17304 11351
2 18292 5117
2 2014 2734
2 18546 2603
2 19076 7956
2 19458 15163
2 19604 7263
2 7371 18419
2 18720 2578
2 7588 12849
2 13915 10836
2 9976 6811
2 1207 7466
2 18143 2087
2 6570 8174
2 15712 1143
2 1863 604
2 17506 9521
2 4950 3377
2 15472 15052
2 13192 11499
2 17815 2861
2 3187 15640
2 17392 3909
2 4648 8072
2 18750 5792
2 4384 14049
2 7853 5394
2 988 19741
2 17820 17343
2 4018 7052
2 1325 8146
2 2600 5396
2 3466 16903
2 11909 12948
2 9801 6063
2 14514 7191
2 6051 7000
2 2292 8505
2 19153 5135
2 17056 5725
2 3801 3799
2 5281 14540
2 9451 6115
2 3057 2092
2 9025 18146
2 11718 7726
2 5616 18475
2 15545 9805
2 17651 19016
2 7385 13624
2 17560 7556
2 11893 10068
2 16053 12977
2 12821 2198
2 10682 11792
2 7300 7535
2 2564 1742
2 15062 1646
2 8718 4873
2 1472 3650
2 19363 16736
2 4428 6920
2 8315 6550
2 4260 15184
2 4591 11114
2 14859 6568
2 13210 9565
2 7213 8971
2 5005 4879
2 88 1772
2 11696 19184
2 1755 19509
2 13887 619
2 18838 10337
2 2849 2807
2 4309 3221
2 2696 18650
2 2025 13036
2 11736 16789
2 3465 15239
2 4447 5666
2 8935 1562
2 10072 1024
2 19799 5219
2 2568 3366
2 18501 7586
2 9195 487
2 2447 7865
2 8862 16503
2 1291 2749
2 7371 5559
2 11007 2105
2 4957 15920
2 5025 19461
2 13199 1814
2 1522 7774
2 19943 10097
2 15783 16503
2 15278 816
2 13389 11598
2 11202 5495
2 15915 9094
2 10550 19317
2 6559 19062
2 7078 15788
2 4417 17593
2 11194 7345
2 17043 11085
2 1364 16206
2 34 9126
2 14804 2253
2 12875 7632
2 3962 3818
2 11706 8022
2 16684 1641
2 9752 12738
2 19733 7635
2 9497 7837
2 7669 9765
2 18156 13874
2 17314 71
2 370 2711
2 14665 4163
2 3278 10553
2 4319 17739
2 2326 12272
2 9010 17040
2 15046 18539
2 4954 895
2 2485 9624
2 17251 3288
2 9025 9363
2 917 19477
2 11072 3612
2 17683 5066
2 3052 19210
2 9962 6877
2 190 13483
2 2955 9278
2 1408 3350
2 3987 3330
2 15391 14265
2 10417 13566
2 6383 9683
2 7568 10932
2 9719 19786
2 8343 494
2 18600 16038
2 12214 11094
2 11512 10184
2 11149 18870
2 14427 9679
2 11475 680
2 3744 1181
2 18304 8915
2 14687 8705
2 19746 9241
2 8302 15561
2 17080 15202
2 5242 3917
2 18281 1122
2 3333 16373
2 9706 19538
2 7652 13830
2 7242 5757
2 13632 2049
2 19425 19889
2 4102 16291
2 13584 17123
2 12968 12831
2 11637 10853
2 16183 15143
2 16871 14238
2 13540 8593
2 19279 5379
2 9874 14234
2 4132 19860
2 13454 15082
2 14090 3802
2 2890 8514
2 8098 17701
2 5618 10344
2 4914 4488
2 18800 2936
2 2318 2743
2 3481 13515
2 10305 8865
2 10617 17856
2 18032 10044
2 12922 4414
2 13646 17591
2 16105 3707
2 1178 16327
2 4762 13589
2 10301 11067
2 19869 12754
2 2152 12610
2 13557 10330
2 12311 3414
2 646 4768
2 10292 7040
2 3291 5372
2 18080 1204
2 5632 14582
2 7127 4115
2 18624 4410
2 7644 17562
2 19345 15277
2 7337 3171
2 18859 4493
2 15753 14135
2 15983 19791
2 14890 5279
2 10065 11538
2 18978 19896
2 17177 13316
2 18071 5257
2 5846 4691
2 19641 4791
2 11066 13012
2 19590 17318
2 19232 14140
2 5825 3698
2 3698 8675
2 16206 16793
2 3580 10353
2 8021 6621
2 9498 11212
2 4134 8685
2 19850 10611
2 2909 727
2 6957 17796
2 12671 15977
2 4073 8740
2 11206 17690
2 19003 12388
2 19717 7561
2 16221 14546
2 8773 13369
2 16781 7085
2 10889 14084
2 176 2647
2 3137 4469
2 9654 1459
2 15739 3036
2 8156 14748
2 6315 18507
2 4807 14774
2 10421 4032
2 7815 18683
2 11184 5578
2 19715 8108
2 7072 4162
2 484 11005
2 1334 13335
2 16345 11101
2 6114 16538
2 10503 7729
2 2071 1844
2 3670 8637
2 8308 13060
2 2645 906
2 11107 5814
2 15795 2275
2 14053 3798
2 5598 11859
2 13593 7235
2 5915 8233
2 5346 1464
2 5076 12345
2 5904 13262
2 8070 8502
2 9889 19659
2 15491 2249
2 5413 5821
2 14012 1415
2 11916 9027
2 119 2619
2 9183 15802
2 4754 3187
2 4890 1673
2 9184 16625
2 18263 16660
2 15372 11651
2 14739 944
2 5301 6033
2 17105 5112
2 19085 10757
2 17491 575
2 9071 9107
2 15674 15419
2 4200 359
2 7949 7105
2 18572 14701
2 2824 9258
2 1731 10433
2 15486 13592
2 15286 4674
2 17986 15663
2 8208 18874
2 12601 7560
2 3209 18481
2 17368 13731
2 11230 5298
2 4624 16176
2 13709 5685
2 525 18608
2 16007 5915
2 17582 7642
2 7615 3010
2 16755 3560
2 7752 13628
2 19719 9680
2 4998 1952
2 16347 14384
2 16636 16140
2 8993 12319
2 18964 9087
2 7627 11275
2 16152 16558
2 16541 16937
2 17405 2499
2 2598 16755
2 13195 13195
2 16458 3630
2 15483 8162
2 3199 12183
2 1693 9575
2 3162 9400
2 12827 18840
2 11382 13019
2 17038 12283
2 4875 2051
2 16560 9010
2 11017 6992
2 10270 8928
2 3967 14835
2 6891 5340
2 8228 4344
2 16751 12331
2 17391 5480
2 12385 10007
2 7935 158
2 9147 8075
2 11664 481
2 10914 9316
2 6986 13041
2 10765 17727
2 19364 18355
2 2803 7119
2 9810 17673
2 19187 1732
2 5126 1402
2 1340 9980
2 17951 5711
2 3167 1756
2 11394 16356
2 13703 17077
2 7820 17820
2 15865 19075
2 17901 10048
2 3976 4043
2 12364 16554
2 12036 13833
2 19139 15031
2 4722 18887
2 19181 8034
2 17932 3721
2 15066 10284
2 475 7767
2 18769 9111
2 12047 829
2 566 14453
2 5680 19683
2 12286 1888
2 9949 17268
2 11475 14715
2 181 4896
2 278 13508
2 10197 2389
2 2245 13814
2 7428 9345
2 13030 6714
2 11701 17041
2 522 14718
2 8350 3666
2 17632 9924
2 15918 10287
2 1869 16132
2 1210 4282
2 9564 9261
2 12844 10524
2 11581 9147
2 16379 1006
2 7163 15308
2 14213 18246
2 16647 3459
2 12997 11796
2 14508 17292
2 4791 11209
2 5712 8201
2 19983 305
2 216 13624
2 8631 17861
2 8942 16703
2 3987 7638
2 11036 2227
2 5387 16819
2 19994 1635
2 4716 12681
2 1609 14843
2 6115 12504
2 4709 8959
2 5715 14666
2 18201 6595
2 10522 16892
2 969 17626
2 17539 19654
2 13083 7422
2 12796 15632
2 14265 5559
2 1641 8366
2 15613 16875
2 2622 6885
2 6002 7353
2 7420 4020
2 9113 7123
2 15838 1943
2 6225 14924
2 12127 2556
2 16401 16207
2 4029 6705
2 7060 3590
2 2279 18345
2 14535 2763
2 12738 12536
2 2342 10493
2 10773 7378
2 12637 9118
2 11703 16235
2 9863 17885
2 7494 18017
2 5154 4925
2 3739 8124
2 19771 13932
2 18075 6169
2 683 12998
2 14845 12739
2 19868 19928
2 11660 4899
2 19598 13482
2 14606 12008
2 2665 12436
2 9242 13049
2 9697 4843
2 17394 8226
2 12583 4726
2 17589 18131
2 17410 13676
2 16285 14721
2 2221 6544
2 16925 16352
2 13104 10071
2 2935 19262
2 2763 13911
2 15337 10644
2 6434 8405
2 16391 6634
2 12099 1570
2 11778 12697
2 9940 6997
2 14266 12882
2 14167 6885
2 6339 13677
2 19594 18362
2 11198 19030
2 12126 16368
2 11732 2917
2 8406 7784
2 2330 2464
2 11906 1845
2 7780 14421
2 19365 15417
2 12807 1577
2 12045 11842
2 7292 17721
2 892 6037
2 5421 3320
2 10351 18545
2 8238 18791
2 5142 15805
2 9285 12489
2 13453 9378
2 10622 18125
2 3293 9873
2 7593 10381
2 9340 1044
2 3230 13160
2 18632 12741
2 18167 3292
2 11066 19491
2 16338 4661
2 11034 13853
2 3403 14501
2 275 8055
2 14805 12349
2 12291 6831
2 14914 19272
2 4444 10888
2 4556 14684
2 6550 6074
2 6606 15785
2 1129 18932
2 4675 5296
2 19487 12859
2 8835 16023
2 9503 3814
2 4935 12755
2 11346 5360
2 13198 1824
2 15320 5656
2 735 3168
2 17984 11579
2 1992 7647
2 8311 10835
2 5983 6837
2 4603 9266
2 14992 715
2 19203 7230
2 19336 14623
2 9610 18458
2 2068 10875
2 8254 7700
2 11329 5512
2 16123 12953
2 2762 16556
2 6166 16049
2 17690 19179
2 4707 17193
2 13297 3835
2 17672 161
2 7048 9313
2 13327 13654
2 10840 16873
2 10027 12412
2 621 7581
2 12285 13404
2 12363 13588
2 14882 15220
2 13725 18405
2 16501 18236
2 16257 1328
2 6654 10767
2 14401 9335
2 1118 1757
2 1818 3775
2 14617 3002
2 12407 2541
2 668 10799
2 15421 19115
2 19495 1839
2 10436 13386
2 10701 14865
2 13520 1265
2 11271 5665
2 7204 2222
2 16558 5065
2 13637 618
2 17377 996
2 19445 17068
2 12476 19369
2 5857 79
2 10443 3676
2 1490 19995
2 11830 2334
2 15296 11038
2 19382 13803
2 8641 16306
2 17428 2177
2 16569 448
2 12048 474
2 18915 6972
2 979 19518
2 16892 10316
2 18961 14088
2 2043 15236
2 1840 8740
2 3146 11803
2 5842 13114
2 6403 15384
2 12150 3375
2 18548 7918
2 14175 16672
2 8503 18628
2 3052 2195
2 10750 491
2 17910 14620
2 4380 367
2 12707 14270
2 8263 1143
2 10023 3649
2 14207 11040
2 12678 9188
2 14490 3334
2 7716 9143
2 2351 8401
2 5137 8652
2 10130 10354
2 13679 17594
2 13683 12731
2 12230 965
2 15452 12438
2 10692 14138
2 3543 10322
2 15494 17743
2 5217 1528
2 531 17596
2 4180 18644
2 14410 886
2 4900 19983
2 10413 12395
2 6787 11209
2 5255 12868
2 3712 13305
2 13310 7149
2 16018 10270
2 4375 19957
2 13110 18053
2 5196 17577
2 6439 12494
2 6060 11587
2 16229 7277
2 15184 11799
2 1527 5002
2 6164 17487
2 15247 11126
2 14171 16350
2 10412 4555
2 18329 17234
2 17557 16400
2 18459 8794
2 15321 12520
2 9592 18125
2 2106 3877
2 16969 10376
2 13294 3628
2 8740 19393
2 16217 5177
2 17708 6217
2 15119 11189
2 9049 3814
2 16859 8693
2 1803 5085
2 19410 14455
2 18252 18615
2 2882 14519
2 13138 299
2 18267 12383
2 10691 7647
2 13640 16416
2 6992 1784
2 16846 18142
2 15349 1742
2 3647 14334
2 1788 1312
2 16937 18505
2 17940 16521
2 14354 6211
2 15313 12063
2 12977 3570
2 9702 15406
2 1164 17232
2 423 14083
2 12885 6662
2 8081 18064
2 8180 8294
2 9215 3434
2 15988 4052
2 7973 6443
2 17338 6813
2 18505 17149
2 4260 14310
2 2642 10786
2 19969 6116
2 17772 15310
2 14375 15052
2 12093 1424
2 7317 1349
2 13631 12095
2 1680 12022
2 13247 7978
2 12696 11023
2 13878 13947
2 1788 15261
2 18452 12101
2 15139 6811
2 4552 6900
2 7663 19436
2 9130 11739
2 10323 2082
2 19418 16672
2 1903 10482
2 3735 2616
2 3047 15810
2 13556 19975
2 14526 19138
2 3189 5843
2 3448 10925
2 16609 16430
2 7978 5761
2 2818 9028
2 6607 9431
2 4187 9069
2 4404 2703
2 1441 19919
2 19257 1057
2 17890 10202
2 13168 1014
2 11954 2539
2 3565 15755
2 7692 11802
2 19494 4691
2 10714 6659
2 534 1804
2 14468 18046
2 12000 8819
2 16604 12390
2 13688 2708
2 11264 11451
2 7416 2488
2 10083 14647
2 2249 13227
2 18172 17472
2 12554 19187
2 11115 1292
2 11446 19044
2 6109 10871
2 3419 2815
2 19858 5592
2 9078 11430
2 13791 4987
2 2777 18160
2 9165 15951
2 15643 5762
2 19198 10110
2 18208 10584
2 13908 3321
2 12639 7778
2 5405 12501
2 18401 12468
2 7398 1222
2 5105 15362
2 1246 1444
2 6159 8422
2 2768 443
2 14791 10621
2 4197 13954
2 889 12135
2 19265 18383
2 10410 1135
2 4479 18142
2 15634 11506
2 13209 9448
2 15666 15985
2 2303 3973
2 17927 1686
2 17003 16500
2 16001 3050
2 17998 4338
2 19058 267
2 5535 10247
2 19888 11902
2 14900 5366
2 12378 457
2 3886 11352
2 17933 3603
2 12355 1580
2 3347 8181
2 11922 3191
2 14655 18524
2 10477 13435
2 3257 10667
2 4350 18033
2 315 17839
2 17840 5518
2 13428 4506
2 7060 14259
2 14426 13069
2 1412 14226
2 4328 9905
2 15248 16100
2 4315 14732
2 12490 14283
2 12884 14482
2 18501 19303
2 5774 3108
2 7326 4548
2 15264 3251
2 14709 15923
2 17652 2063
2 5769 4274
2 11948 16228
2 14873 18564
2 3308 14969
2 10606 17211
2 13062 18191
2 5543 9373
2 13552 19990
2 12966 938
2 13201 16259
2 18537 7202
2 10142 5503
2 12421 1692
2 3534 3819
2 5400 18861
2 7031 2312
2 13034 6477
2 10401 16759
2 8003 10016
2 5916 7560
2 8619 5507
2 19548 1606
2 12953 2144
2 7608 3270
2 9724 12103
2 715 18378
2 13228 16291
2 12519 6458
2 9549 10273
2 16569 5634
2 11355 544
2 2744 8197
2 15858 8901
2 10242 5972
2 7033 4274
2 15556 14195
2 14400 8901
2 16819 2417
2 12175 4382
2 7883 13249
2 18195 8565
2 10050 17676
2 11335 11051
2 17464 19217
2 12883 5208
2 13287 11666
2 16556 3865
2 3153 6632
2 2316 10621
2 14257 7217
2 143 3019
2 14779 4484
2 5588 6599
2 7887 15073
2 11608 15764
2 19251 5916
2 10722 4235
2 16356 2521
2 17339 14531
2 8857 9925
2 5445 18564
2 2956 8025
2 10442 4680
2 1159 1328
2 10094 6580
2 15997 17474
2 14144 5843
2 11259 15357
2 6365 19022
2 10644 13205
2 13253 3696
2 10306 8694
2 16793 10174
2 17315 18870
2 12050 14967
2 651 10119
2 15019 7257
2 3043 10337
2 14926 6843
2 11413 19447
2 19957 7659
2 10270 12668
2 11399 16767
2 9054 7772
2 11902 4091
2 3652 6788
2 10018 17500
2 11309 4728
2 13967 9538
2 16054 14880
2 19690 7
2 5873 13993
2 16446 10115
2 1910 14852
2 1672 1607
2 4546 15449
2 9358 15004
2 4286 508
2 14477 16069
2 15944 11702
2 17496 962
2 3010 9705
2 11063 16774
2 9979 10692
2 1854 18907
2 5525 15554
2 3 8073
2 6060 15413
2 2055 6282
2 2801 5095
2 10538 18363
2 2269 3940
2 13403 2074
2 17420 1293
2 4637 439
2 13816 4491
2 4342 1487
2 8978 14531
2 6439 4052
2 16394 6077
2 5504 9178
2 7469 17257
2 12802 4775
2 6726 17763
2 7576 6049
2 9320 42
2 5765 14558
2 17496 4973
2 5879 16595
2 8772 12134
2 16983 4303
2 18817 2683
2 13205 15386
2 12081 15076
2 5127 3247
2 15561 6410
2 899 11097
2 54 19257
2 1664 8096
2 6190 19912
2 19124 18572
2 16499 5895
2 11917 3191
2 9421 6099
2 12727 7103
2 17199 9682
2 9323 5761
2 16076 13483
2 19945 7547
2 9511 15588
2 17290 16099
2 10340 18003
2 3635 1268
2 15439 5580
2 1862 19359
2 9814 5526
2 15150 19590
2 10226 12733
2 15352 2023
2 13172 15447
2 16833 15519
2 9389 8754
2 11852 15173
2 16367 3942
2 13011 4711
2 9690 4739
2 3796 11373
2 19503 14880
2 18074 6374
2 15001 5572
2 17375 15611
2 7148 18113
2 3098 17005
2 13947 13440
2 13082 13572
2 15099 1791
2 1934 3648
2 4372 15215
2 4740 7240
2 4212 14175
2 11177 5942
2 17361 17409
2 8199 17940
2 15527 13175
2 15999 8329
2 689 1312
2 7808 11341
2 12246 13571
2 14233 11219
2 11258 3053
2 2058 8657
2 4929 13194
2 19958 10037
2 2205 11266
2 7139 12038
2 6042 7344
2 11310 12102
2 15782 14194
2 11593 14699
2 5061 6853
2 1488 13554
2 5550 7280
2 689 3460
2 1998 5987
2 1982 45
2 13742 16269
2 5959 4961
2 1838 9743
2 19641 3187
2 19149 448
2 15605 250
2 4299 11835
2 2791 4726
2 5273 3461
2 14012 17972
2 2765 7181
2 14872 10478
2 2453 16096
2 14384 8668
2 19227 15412
2 19824 2254
2 19851 11203
2 2056 16479
2 4512 17729
2 1214 5493
2 18578 16237
2 3263 6929
2 7788 12015
2 14350 13177
2 14632 17493
2 4962 631
2 13893 13020
2 14484 2392
2 2279 12703
2 18472 13134
2 18660 5360
2 6430 13897
2 1974 12477
2 17204 11927
2 7148 12607
2 7253 19539
2 14072 29
2 14637 13720
2 6481 17653
2 5373 4580
2 13193 11455
2 13780 2986
2 10568 2840
2 17236 14309
2 1382 10088
2 17092 12533
2 9264 11393
2 13617 18493
2 7763 1027
2 473 19779
2 4379 4467
2 14316 16964
2 2846 18299
2 77 15860
2 6910 7231
2 12935 19312
2 9194 13858
2 12580 14633
2 19176 18961
2 2031 2344
2 5012 815
2 3664 2843
2 5214 11904
2 12765 6164
2 17497 15661
2 17697 2352
2 6874 15713
2 8375 12484
2 7594 7483
2 17650 3526
2 16349 14860
2 1149 6862
2 6473 1954
2 4071 8132
2 1399 1101
2 855 12597
2 13953 431
2 3974 6240
2 16550 12577
2 10242 15864
2 7577 18790
2 12859 14309
2 775 15790
2 11769 7825
2 1591 11902
2 3029 19454
2 290 9178
2 13766 5006
2 16896 16718
2 11912 8823
2 14877 5895
2 9969 17515
2 16133 19371
2 6472 7617
2 8625 18592
2 1104 7009
2 17101 14378
2 120 10826
2 17942 4245
2 3370 17278
2 4044 13191
2 18923 18492
2 3175 11469
2 6293 6701
2 14223 14341
2 7610 7479
2 16565 18387
2 3354 12367
2 6042 3915
2 4874 19935
2 12672 3558
2 19829 12000
2 7795 14184
2 353 16062
2 1722 18987
2 18846 5544
2 12105 4373
2 13819 17807
2 5374 16507
2 1657 18203
2 983 18762
2 19464 14831
2 19407 9004
2 9200 19014
2 11761 7742
2 13303 2698
2 7818 14681
2 7552 3403
2 6600 19934
2 18216 16409
2 19390 14884
2 12747 15710
2 12772 18276
2 351 3773
2 2862 1891
2 6041 8257
2 1921 16092
2 16927 9540
2 4700 6146
2 11289 749
2 202 9275
2 380 13301
2 17987 9476
2 14160 14401
2 11818 7238
2 7248 5346
2 9446 8282
2 5174 5614
2 13042 9306
2 13566 18265
2 10651 13250
2 15816 4137
2 11687 8995
2 9882 16166
2 18235 15217
2 7755 3237
2 10717 178
2 19521 17692
2 5839 11245
2 11265 14064
2 6925 6128
2 4726 17419
2 15437 73
2 19686 15982
2 5527 10514
2 12944 17131
2 7182 7974
2 10874 9320
2 5955 10257
2 2029 10177
2 10309 7864
2 3858 19604
2 5421 6592
2 508 7584
2 12612 18971
2 18815 18859
2 4039 17147
2 14239 15396
2 8919 19318
2 8942 6318
2 14566 7369
2 15539 1991
2 13731 9910
2 10958 5804
2 12683 5356
2 2194 14395
2 9065 7851
2 5731 4295
2 6624 6835
2 4622 15633
2 6512 6549
2 10812 6813
2 2092 15264
2 18673 6969
2 5396 1014
2 4476 1794
2 11387 1053
2 15680 2916
2 10550 9201
2 7822 10942
2 17904 8149
2 11476 17221
2 14720 6171
2 8356 2249
2 9229 9746
2 11129 10684
2 5690 65
2 13257 4072
2 645 11429
2 19351 11738
2 16594 14955
2 18623 17212
2 19129 16278
2 2451 7175
2 7684 17437
2 3737 19449
2 16326 18991
2 585 16687
2 3512 14677
2 4574 19900
2 6285 12612
2 3666 3714
2 3120 10289
2 15716 5865
2 3102 13410
2 12467 17278
2 13306 16008
2 7636 10591
2 17341 15864
2 16876 4339
2 19929 17141
2 17171 4848
2 6597 6534
2 1891 6553
2 3553 2778
2 7519 14287
2 13281 8186
2 10690 17989
2 6708 9255
2 7206 10148
2 12285 6867
2 3757 12882
2 18054 13645
2 16655 17070
2 15152 16384
2 2445 16081
2 10537 2613
2 7711 15571
2 18347 16450
2 18266 4833
2 115 7452
2 1848 8351
2 11426 9828
2 4943 19842
2 9902 6834
2 14268 18763
2 17724 5540
2 78 7386
2 19233 18931
2 5212 9294
2 12097 18530
2 2646 14505
2 14053 16752
2 4823 3516
2 8474 15827
2 11957 18287
2 15541 1146
2 1335 17467
2 19915 11346
2 6045 10838
2 4247 17894
2 18524 15135
2 10114 10555
2 11580 10071
2 6285 6805
2 8059 3064
2 12390 17525
2 56 3938
2 18174 16353
2 18198 7084
2 8731 14372
2 6474 8971
2 18197 7493
2 1082 1935
2 19374 4278
2 954 19669
2 3425 17605
2 19258 4873
2 2950 6584
2 4646 17269
2 6891 17558
2 13986 8923
2 7994 800
2 7843 6946
2 10435 5513
2 14131 19987
2 13367 3926
2 7277 10934
2 19847 1346
2 12919 8871
2 12422 3809
2 5998 19853
2 6605 5904
2 14444 9004
2 5168 17380
2 1249 3794
2 13685 19107
2 8070 6465
2 14530 14111
2 16976 17125
2 12546 13419
2 8333 10616
2 19985 7587
2 10890 3857
2 1172 17899
2 14385 9985
2 12661 10559
2 15589 12742
2 3378 376
2 15264 4287
2 7091 18416
2 10075 6231
2 8131 14521
2 14513 14074
2 1218 3724
2 6520 18740
2 14527 7330
2 18043 4439
2 11894 6079
2 11507 2440
2 5002 14539
2 12229 18735
2 11923 14060
2 526 19987
2 3022 16820
2 2675 15376
2 19820 15919
2 4055 7347
2 13631 9447
2 10080 14941
2 15986 12283
2 3649 5654
2 964 697
2 16202 2472
2 9976 12605
2 2098 12749
2 3075 8819
2 5538 9525
2 8084 6781
2 4561 19718
2 10244 18083
2 19504 17337
2 15416 15148
2 5051 19772
2 5970 5193
2 920 11816
2 1059 4163
2 361 17369
2 16997 1855
2 9370 1131
2 4364 4145
2 14567 14280
2 18989 16320
2 17248 7624
2 2922 11549
2 14936 517
2 11973 15594
2 17834 13420
2 12248 17574
2 1639 18898
2 10887 9787
2 4769 16155
2 5657 13199
2 3498 14029
2 17791 78
2 5422 14802
2 338 19280
2 5675 6143
2 16869 17644
2 12358 6482
2 15788 11196
2 18335 14976
2 19833 798
2 9958 9054
2 1080 18450
2 1204 13253
2 5817 7230
2 13884 1568
2 11329 6365
2 730 16519
2 9651 15995
2 16660 8443
2 2809 17493
2 6175 2477
2 2996 2418
2 11671 7006
2 16689 4704
2 411 7355
2 7568 7875
2 13991 17630
2 12568 4870
2 5273 5881
2 14236 384
2 16100 9686
2 3926 1538
2 1677 14086
2 2411 16085
2 6309 5548
2 1250 18994
2 12615 15848
2 9733 1862
2 17001 7117
2 19778 3109
2 11645 13530
2 12615 5334
2 12095 8456
2 18118 12743
2 14155 19475
2 8724 15593
2 1397 1669
2 4397 15447
2 7874 6016
2 4550 17618
2 9101 11607
2 979 7804
2 1233 6914
2 1143 9867
2 5548 8365
2 19005 17600
2 15736 6631
2 14011 12632
2 19107 2983
2 18051 15894
2 5738 8475
2 2187 10890
2 3356 18552
2 9660 1257
2 17678 18008
2 10361 8185
2 18601 3902
2 7142 8334
2 1046 8470
2 12826 11742
2 13413 11615
2 16965 11790
2 407 6452
2 17551 11020
2 7053 17899
2 9870 6400
2 11631 258
2 12594 7514
2 18103 486
2 2805 2064
2 7935 12117
2 15583 8618
2 16449 5145
2 1898 8625
2 10202 172
2 14267 5121
2 19253 19794
2 1940 15092
2 1530 18031
2 13698 10814
2 8986 11078
2 6062 16407
2 1449 12735
2 10939 13738
2 15324 15071
2 5951 18178
2 16748 18161
2 11838 15449
2 11368 11952
2 18505 13428
2 14617 11804
2 1127 8933
2 1067 19552
2 6365 8415
2 9531 2992
2 9160 2588
2 16127 7043
2 13094 4365
2 9372 19943
2 6309 4694
2 19238 3837
2 2782 18943
2 9833 838
2 14627 15579
2 7510 4491
2 14536 11761
2 19706 1924
2 8404 3461
2 8894 11892
2 19545 16919
2 16681 14786
2 13943 631
2 1871 15469
2 15957 765
2 17701 16602
2 9185 11706
2 298 4798
2 6488 17488
2 7793 7416
2 2307 3178
2 7848 434
2 19341 4282
2 14721 6505
2 7109 9069
2 12050 13398
2 375 3901
2 6426 1169
2 17476 12447
2 14790 15098
2 270 13639
2 1615 13936
2 6307 3327
2 6163 13043
2 7862 13202
2 15170 10084
2 9097 2906
2 17342 2184
2 2864 5121
2 18408 11114
2 14660 3924
2 10394 17658
2 13581 16146
2 13712 18869
2 3355 4629
2 19106 16220
2 6944 3857
2 14372 18504
2 15388 10349
2 18499 17939
2 19007 684
2 12211 7484
2 4778 7692
2 14922 5543
2 13335 18823
2 672 10526
2 5017 7937
2 18921 14060
2 16968 4391
2 5547 16294
2 12935 12708
2 14967 5478
2 17953 5580
2 17255 3201
2 18293 1133
2 15228 4339
2 3149 3480
2 6275 9108
2 9146 3081
2 4717 9285
2 9262 4085
2 4647 16837
2 1030 2118
2 15055 16790
2 9910 13983
2 9633 7424
2 161 3371
2 1423 17695
2 10128 3317
2 3946 17863
2 18973 12349
2 18858 2186
2 10478 18103
2 7377 12500
2 5951 6853
2 9994 16970
2 13734 13806
2 19331 2957
2 19119 12229
2 2228 11113
2 19032 13900
2 18271 12380
2 14380 2084
2 16262 11146
2 18529 520
2 16077 19463
2 12613 10906
2 10149 7761
2 9568 6224
2 5973 11355
2 10298 9618
2 13179 13441
2 6598 15057
2 3404 17076
2 6018 12760
2 11335 7173
2 4959 10793
2 16700 19591
2 11752 17777
2 10078 16845
2 6568 19423
2 16511 11396
2 18429 17562
2 3589 2425
2 17531 403
2 9047 4531
2 886 18171
2 19070 642
2 6074 4442
2 2460 16965
2 19588 16589
2 10776 19894
2 3876 16603
2 13348 9004
2 12940 10248
2 7000 5121
2 3857 12916
2 18766 13250
2 1308 11060
2 693 5870
2 1687 5695
2 12305 10356
2 2901 18146
2 19670 6112
2 14314 2995
2 902 4964
2 17419 15043
2 18965 6713
2 13704 19278
2 4121 4235
2 10812 12830
2 19117 19319
2 18789 422
2 3311 14112
2 1167 7890
2 1518 18330
2 4680 18452
2 18004 13998
2 17823 5484
2 16537 2913
2 5021 16501
2 200 9261
2 17351 10685
2 6454 3521
2 562 7602
2 5704 5161
2 3832 4047
2 2061 5566
2 13881 17061
2 12082 3982
2 1953 9705
2 17409 13837
2 14604 2407
2 15787 971
2 12192 11783
2 15880 912
2 10809 6151
2 19561 17778
2 393 6168
2 15415 1467
2 11836 12591
2 11947 5458
2 8774 10392
2 19806 11064
2 9897 13440
2 11783 4404
2 11020 18775
2 18212 15837
2 15431 18483
2 11863 19317
2 866 1015
2 2927 6461
2 12638 9913
2 8315 3070
2 17470 13836
2 17289 1976
2 14956 10158
2 17205 4266
2 4073 15830
2 819 13882
2 4242 9129
2 1614 19280
2 3104 13817
2 5536 5438
2 2316 15783
2 18574 1905
2 17655 12378
2 13854 4658
2 14146 7769
2 3106 11531
2 12390 15055
2 11527 4888
2 16703 3489
2 13319 8367
2 7090 14311
2 7597 14344
2 12360 14596
2 19999 11558
2 11516 14934
2 12311 8147
2 10301 11667
2 11937 13810
2 8694 1934
2 17550 517
2 8354 6743
2 13316 1587
2 12959 13044
2 9665 10283
2 10484 7426
2 7753 17556
2 6849 7569
2 18244 8529
2 911 8948
2 5573 9221
2 16387 7914
2 6995 9650
2 1524 4742
2 11056 9157
2 19749 4301
2 8922 11317
2 7902 2505
2 4324 17942
2 17923 13944
2 14197 9117
2 16707 10810
2 13712 15219
2 7579 19385
2 17248 9591
2 4404 6285
2 11599 8150
2 7652 8055
2 16093 12151
2 1738 15234
2 12909 17348
2 15001 19570
2 2279 4555
2 3642 1942
2 2610 1640
2 10405 4037
2 1943 16783
2 4024 14982
2 295 13493
2 2854 14704
2 14986 19973
2 14971 12323
2 13756 14257
2 7837 19544
2 8872 16273
2 17383 13065
2 4879 2032
2 3821 14012
2 17909 8921
2 17224 5682
2 4703 114
2 8836 1420
2 12624 10200
2 11037 12050
2 17565 7589
2 10607 11680
2 6798 11677
2 16977 3884
2 11434 14034
2 5902 5175
2 3602 15876
2 4683 14219
2 18789 16321
2 3148 1030
2 10751 11213
2 4344 14915
2 14241 19138
2 7374 3104
2 19885 3834
2 10493 16021
2 3124 2933
2 6459 11798
2 2521 3494
2 2784 7012
2 15363 17242
2 7086 7535
2 11631 16700
2 11667 19016
2 1884 11883
2 5760 2527
2 3403 12946
2 11450 7400
2 10753 8345
2 8517 3550
2 16351 3407
2 13678 17558
2 16515 1584
2 12518 17845
2 5615 3299
2 16705 13600
2 9091 3827
2 12749 1974
2 18039 10874
2 7379 8995
2 10659 10753
2 12812 2178
2 12512 1206
2 3849 8156
2 3893 15427
2 19035 10480
2 14445 3032
2 13573 18151
2 13738 3809
2 7852 10019
2 3298 5754
2 18082 12749
2 1434 17482
2 2715 18291
2 9905 18853
2 16508 4352
2 19259 3765
2 11363 15352
2 3519 10350
2 10095 8044
2 14941 14574
2 6209 16837
2 11611 4249
2 10367 15105
2 2421 16787
2 16393 15274
2 14980 17687
2 14488 19037
2 10700 15980
2 17378 13458
2 6696 1412
2 3765 15959
2 1178 2523
2 17586 7873
2 2098 12786
2 7290 16326
2 2976 16291
2 505 13686
2 9471 9177
2 16917 19974
2 3676 15677
2 17308 17515
2 18196 16725
2 18737 18191
2 2500 14193
2 18439 2400
2 10902 16859
2 6604 16398
2 12019 7433
2 18858 6528
2 9390 6546
2 1107 19845
2 9570 9352
2 2481 16001
2 3458 10268
2 8812 2727
2 19915 1316
2 13979 14782
2 11381 9867
2 12315 2212
2 18896 18450
2 1958 18078
2 5664 8174
2 15214 8084
2 5371 16283
2 11488 11167
2 6853 9368
2 11277 18969
2 5299 18890
2 17101 6762
2 5404 11167
2 4681 4285
2 19539 10108
2 19788 8630
2 13761 9111
2 8243 6908
2 13497 6592
2 5957 13085
2 13815 2072
2 13599 3784
2 16683 6535
2 12233 2192
2 13424 19978
2 5911 16522
2 2870 18070
2 14007 16911
2 13844 9835
2 11255 7277
2 13502 7994
2 1609 1278
2 6603 13430
2 19592 3355
2 5216 15225
2 12565 11514
2 7855 12704
2 11467 9713
2 7642 11713
2 8987 18387
2 19540 5511
2 11729 6131
2 3777 1594
2 2141 14495
2 4258 4852
2 14034 12205
2 3271 2815
2 4305 13527
2 4826 19754
2 4533 14794
2 12715 19344
2 6100 5963
2 19984 16138
2 13368 7898
2 7239 13914
2 14998 10086
2 6806 9644
2 3127 1266
2 6461 4332
2 19639 19948
2 728 6216
2 7181 5941
2 3358 8084
2 15950 4349
2 9878 19456
2 11545 15194
2 2562 7138
2 7351 30
2 4011 2647
2 7665 6019
2 19837 16205
2 12271 14603
2 538 14503
2 5093 7969
2 5044 6380
2 4774 15790
2 7253 1466
2 19586 16271
2 3338 16801
2 14488 13500
2 15426 12465
2 7929 19880
2 16449 18152
2 2275 12018
2 17078 4242
2 17196 18593
2 8784 13897
2 5878 10741
2 3406 8087
2 14209 14168
2 1877 3654
2 11264 19425
2 13888 19284
2 3366 18455
2 8099 1075
2 7355 1628
2 3591 18428
2 14589 10910
2 4993 6862
2 7436 16373
2 3577 4925
2 7737 6503
2 19957 11177
2 11523 9410
2 1691 918
2 13416 14465
2 1590 3229
2 10667 2475
2 16817 589
2 14529 16602
2 18096 3077
2 12842 6730
2 2494 7180
2 519 2535
2 9039 4405
2 13309 9586
2 8339 13785
2 9646 15109
2 16713 6096
2 7523 7983
2 9035 15022
2 3875 7069
2 11897 2854
2 3553 3949
2 7042 15471
2 11033 6766
2 15462 16377
2 228 3273
2 11370 1338
2 7085 13361
2 12341 15205
2 14718 19069
2 697 13895
2 2010 9961
2 13084 3476
2 8385 15286
2 1141 5830
2 5100 9549
2 15404 5092
2 2285 4369
2 6558 11084
2 19474 16065
2 2431 14435
2 18644 9925
2 5197 12950
2 10061 3970
2 4645 4695
2 17132 18162
2 12935 2445
2 4675 15941
2 2933 5152
2 17916 18562
2 3044 9157
2 15142 19711
2 2705 10481
2 10711 13369
2 13496 466
2 18489 4909
2 6773 19896
2 10265 6370
2 6748 6842
2 7183 2825
2 17984 11957
2 16113 8776
2 13706 4302
2 320 4888
2 5419 2683
2 10788 14006
2 8038 7574
2 18861 7301
2 15863 3703
2 4109 5532
2 19541 13330
2 18584 239
2 7385 7000
2 10349 7364
2 16384 5129
2 10788 3431
2 13670 18997
2 576 7459
2 5572 13673
2 5259 12419
2 18242 4478
2 3617 91
2 12275 9442
2 15361 9485
2 17968 17266
2 4566 14909
2 11469 14806
2 7368 15464
2 9790 15761
2 17809 13609
2 19522 15604
2 1994 5152
2 9470 16305
2 1150 16990
2 10479 10570
2 319 7772
2 11210 18860
2 17135 14439
2 19777 1001
2 9124 11602
2 16012 11582
2 10983 17412
2 6777 11070
2 69 4616
2 4447 2236
2 1725 6405
2 19622 13802
2 14950 9586
2 13442 17384
2 6108 6969
2 8220 5655
2 11942 6162
2 6925 11414
2 6107 6628
2 16280 10621
2 10166 15764
2 17432 7249
2 16978 9719
2 19048 19721
2 17266 5924
2 19355 15344
2 4063 19444
2 17826 8635
2 16871 17839
2 8011 17627
2 1347 17411
2 8364 2023
2 7712 11718
2 4237 18286
2 1997 4639
2 2563 17432
2 16023 2453
2 17294 16470
2 2229 14068
2 2101 12666
2 19761 804
2 7294 19417
2 553 4368
2 15374 11960
2 5737 2384
2 4388 17064
2 8838 18439
2 3284 15920
2 19586 15474
2 13284 6447
2 6515 3264
2 16408 7034
2 641 14204
2 1174 12185
2 4098 13834
2 8461 8699
2 14528 11675
2 1513 14702
2 8110 8597
2 2099 10902
2 12737 9148
2 3631 18804
2 445 10204
2 12488 11413
2 12103 18693
2 201 15231
2 13254 9432
2 1055 13589
2 17764 1216
2 15555 17733
2 1387 17776
2 18478 14540
2 19163 8912
2 13052 9202
2 1272 6168
2 14187 9769
2 4018 13161
2 1514 10585
2 11150 5760
2 17430 10431
2 463 6499
2 17263 801
2 3401 4506
2 17027 15643
2 9266 3402
2 19599 19879
2 984 5485
2 5899 8316
2 16564 19144
2 15782 17402
2 14282 3667
2 11356 7307
2 11161 4934
2 12018 18538
2 88 17771
2 14887 5519
2 4056 9773
2 9153 1371
2 1511 3051
2 16731 12589
2 15308 11548
2 4211 18734
2 6271 9303
2 17112 1754
2 10560 7959
2 4232 7653
2 7333 4240
2 12017 4156
2 19839 1030
2 19904 2937
2 3554 7636
2 8821 16829
2 16172 3046
2 13453 13009
2 4405 12276
2 12252 13185
2 8375 1790
2 17027 824
2 12341 8629
2 9936 6804
2 2739 11014
2 10669 6865
2 13820 18539
2 184 13217
2 15670 11952
2 12994 9774
2 4841 10692
2 15003 12413
2 132 19805
2 9941 9461
2 9299 17888
2 3687 6292
2 16039 1521
2 12860 14767
2 15767 9743
2 5169 16027
2 2545 8292
2 3539 6902
2 12069 9020
2 8319 14345
2 11925 1705
2 17914 2312
2 3951 12081
2 17654 1244
2 13849 1743
2 19026 2410
2 131 7021
2 494 6603
2 9406 11096
2 2148 12146
2 2789 8936
2 5326 4826
2 15201 7785
2 8482 2758
2 14907 14159
2 1918 10884
2 7876 15250
2 5995 800
2 16307 15901
2 3400 10410
2 15676 5271
2 17046 19333
2 5452 8314
2 19165 5891
2 1846 2529
2 36 963
2 2752 10269
2 19008 1524
2 11195 6418
2 18003 9083
2 5266 8955
2 1236 1859
2 267 12060
2 13137 8518
2 17077 2310
2 14406 11091
2 13128 871
2 7502 2841
2 1921 9398
2 8950 7418
2 4750 18747
2 3979 8075
2 26 7928
2 8664 14427
2 5497 2974
2 15829 17370
2 16389 18342
2 9886 15211
2 13488 72
2 15333 2942
2 10015 14179
2 11090 6612
2 3420 15386
2 16927 9574
2 17335 12998
2 15973 7460
2 2313 8720
2 14497 10791
2 4163 176
2 6495 12025
2 4665 4188
2 16237 19870
2 6681 8416
2 11303 6327
2 8137 4351
2 17699 12989
2 229 10779
2 13004 19947
2 18047 5517
2 15734 1345
2 2700 9738
2 4197 11469
2 16576 14548
2 11884 10467
2 17093 15210
2 3636 699
2 11741 17049
2 17827 788
2 3352 8774
2 12566 12401
2 13665 9664
2 5904 13851
2 19281 14413
2 4768 16347
2 5853 1750
2 1578 17275
2 5488 13196
2 10583 16655
2 27 816
2 4630 16946
2 613 14287
2 10858 19482
2 8901 2007
2 18076 4377
2 15551 9545
2 7596 11819
2 12212 17219
2 11278 14267
2 3715 3545
2 3874 13362
2 3348 9400
2 3269 12593
2 13259 19809
2 7189 12387
2 3321 16700
2 8102 7423
2 728 3856
2 11349 14079
2 17428 16961
2 9759 480
2 17857 17834
2 10061 12609
2 5812 6307
2 9687 9250
2 18468 9130
2 4511 4792
2 11280 18978
2 5543 10919
2 17958 17590
2 11376 16690
2 7041 7453
2 16449 10473
2 12427 405
2 6662 11833
2 19056 19254
2 19558 16988
2 9821 1201
2 17678 8828
2 8083 2209
2 15564 16343
2 19158 15933
2 3114 12256
2 1336 11555
2 8157 14054
2 7945 4242
2 5724 8861
2 14084 3598
2 16285 5703
2 9501 1321
2 16849 18538
2 889 15197
2 14404 17153
2 10229 18904
2 12085 6175
2 12863 5163
2 3464 12818
2 13197 18758
2 7600 2779
2 11647 1522
2 18416 19492
2 11600 6139
2 6064 17938
2 10640 2591
2 15240 8767
2 9970 16310
2 14656 7200
2 14747 16729
2 9116 2701
2 8659 11549
2 16560 673
2 1425 19670
2 7832 13905
2 2569 13414
2 6920 13850
2 13466 3040
2 12428 14430
2 6029 14461
2 4406 1645
2 736 19279
2 18727 5361
2 4578 2413
2 19790 6109
2 18849 9613
2 11645 1283
2 6336 6994
2 993 11533
2 3883 13728
2 4186 13705
2 17851 10933
2 7295 8635
2 1746 720
2 5049 19108
2 13112 11392
2 4809 9158
2 8589 1499
2 12136 5510
2 1530 16504
2 128 15285
2 4646 420
2 17547 19657
2 19264 907
2 11937 15369
2 18438 11309
