555254403
-1
553700099
-1
529226178
511348968
-1
582737775
-1
678614292
679289633
-1
-1
500218692
-1
722980212
639756660
-1
551065726
-1
684731834
658669358
782411560
574865649
641255692
755018091
-1
542014797
-1
835975393
735807453
684385510
-1
758868665
596965864
-1
728758518
616332829
508410100
-1
726129417
-1
533421733
545332376
547048754
654804542
778067240
652779726
544276006
620401039
894990305
569291750
723568877
-1
473414828
592673528
809944368
514199744
-1
-1
-1
566395173
594352319
551150980
588376726
621491151
592002054
-1
739042340
860588296
-1
724016401
524975972
767462125
-1
-1
543191744
602801986
710503158
638622437
-1
529226178
692605823
552603318
483217292
531978732
717235551
-1
495241580
-1
-1
-1
495241580
-1
-1
-1
634970075
-1
549580669
536253405
474092627
-1
713166839
793077326
534414242
-1
552127445
523585534
687725193
-1
825852105
633604787
-1
-1
601363736
-1
619310176
-1
629383817
589850209
564640901
879606246
-1
-1
506414666
-1
-1
628331456
586579166
-1
-1
789690070
549580669
527175947
-1
-1
767103630
594827345
595696875
523321510
692404788
544276006
-1
540482299
792881759
-1
662576796
550874147
-1
691009922
534925896
552127445
678005193
-1
-1
570395123
720906627
-1
534414242
601363736
-1
-1
-1
565791240
-1
612635121
-1
659112738
634608580
630408345
826488737
-1
-1
-1
540482299
646858045
588435825
706669598
566699767
549580669
739070400
668942912
-1
577878998
792309869
705352199
-1
551164378
595709188
533421733
716828556
639756660
534414242
811769764
634658306
594352319
-1
-1
773366950
-1
-1
-1
534414242
-1
883890588
-1
520570340
870938289
732316631
-1
-1
551150980
-1
495152887
534414242
526814252
-1
-1
800938978
-1
576072250
781213906
501909339
-1
824192081
549562905
748590212
-1
536253405
551190854
698975328
-1
728833267
-1
807053809
-1
534414242
791084047
620401039
503283404
594827345
559551318
541994127
747795845
690741772
868454413
-1
-1
-1
591157475
512361248
-1
-1
-1
549580669
582411097
462582881
555339685
529226178
626401696
479907276
722980212
873907831
569929929
620227342
533421733
-1
882598335
738772467
-1
-1
-1
568507483
761954398
-1
552127445
527175947
-1
569609311
944282655
722980212
-1
758128548
-1
479907276
702404213
-1
462582881
539471413
716768355
-1
696779429
-1
501671733
548404283
-1
534414242
653037885
936863473
-1
549580669
-1
606745445
-1
796921158
608976439
-1
544276006
832806220
-1
827366834
589850209
533421733
535815552
688929806
570765676
642039099
529226178
-1
716857383
737750974
922302543
688352665
-1
-1
473414828
599946744
-1
-1
-1
448450351
653037885
605019474
535815552
728731870
539621015
506414666
-1
-1
-1
568741807
-1
607763024
539236671
540482299
594352319
550334648
-1
-1
547067875
684358941
625448787
797201141
502788110
615330656
-1
716768355
634462558
-1
-1
568914169
451763792
507132015
592393337
-1
-1
566733984
-1
-1
545775913
627198745
587011456
575915134
556695757
688352665
559551318
551164378
599773427
-1
-1
597502475
-1
847159061
620401039
660219558
534414242
611263002
-1
689835233
-1
611263002
544276006
-1
-1
-1
551150980
536253405
764801670
-1
579674426
684968490
-1
-1
604146187
-1
-1
-1
-1
-1
-1
658529672
-1
592847181
534414242
586347626
536253405
714666490
-1
461387604
-1
474684559
550874147
618042423
-1
-1
955108727
-1
766217223
552127445
544276006
-1
-1
651611783
636316966
-1
-1
-1
-1
-1
625682380
629140521
553956501
583752723
-1
529226178
490459848
635321048
-1
-1
589850209
894088343
529226178
485800602
549856793
914362225
709598913
730778520
-1
559551318
-1
772985595
567590296
723229528
545916528
-1
-1
-1
735271873
624148610
521375907
615673976
-1
-1
-1
529226178
536253405
-1
620227342
575233339
460869984
790523373
864928825
534414242
736378728
-1
588376726
643019541
810386578
625361973
651611783
633966570
740563626
495035073
544987558
527175947
607049595
596878098
684731834
-1
-1
-1
425938178
670737440
767462125
582411097
599732595
-1
742060977
-1
473414828
-1
534414242
-1
624641604
-1
569929929
824284518
-1
716768355
637750559
605422944
544276006
562873909
-1
573520060
-1
516626620
506414666
670706161
503025570
621614541
632398819
534414242
576509246
-1
-1
688929806
-1
521442936
-1
594827345
583752723
533421733
604146187
615330656
-1
570765676
-1
-1
-1
541836477
732778042
651160065
534414242
-1
738772467
-1
-1
573520060
657694746
531978732
578439334
606505221
466541860
-1
613201272
487442300
788698669
467312932
-1
-1
-1
527175947
-1
-1
599732595
-1
661135395
-1
-1
615330656
641728157
-1
-1
575233339
456058193
691949248
398993090
536253405
483437641
-1
578051353
770343089
536253405
612985923
670435205
-1
-1
-1
654561202
-1
-1
536995781
689310772
448450351
-1
-1
-1
-1
-1
608757471
573225156
539471413
799206214
777416611
837183088
752634962
611263002
501909339
716857383
708109836
-1
-1
654256888
728731870
581378426
425938178
-1
648616819
-1
-1
-1
-1
616632621
-1
655423868
615330656
684491255
-1
-1
-1
514199744
878970073
-1
-1
-1
-1
830170160
464179502
559920491
534414242
726136969
648746617
-1
-1
-1
779712000
-1
-1
580600639
501010064
-1
-1
651387821
565791240
812681631
-1
536253405
724012717
669886318
612777644
529226178
-1
-1
-1
-1
586602221
-1
586936814
691949248
-1
-1
643986032
658953770
-1
724153088
-1
-1
711198522
692800487
663849878
-1
-1
527175947
-1
549580669
-1
702689004
692230982
655801527
-1
553887879
591157475
-1
590929468
805847090
-1
651031952
524493397
-1
564640901
448450351
565067779
599549556
-1
651413660
568741807
-1
766794999
601363736
658107372
955108727
544276006
742004194
-1
769852134
502392118
-1
634757784
-1
-1
794231245
508410100
-1
-1
-1
507132015
-1
615038930
712687090
-1
535815552
720410441
-1
-1
-1
591529759
-1
578439334
535815552
549856793
515613819
635515486
-1
-1
-1
-1
545388059
782740484
-1
-1
805965238
587358940
591974367
644323552
835975393
635306144
604146187
-1
851695692
624853236
-1
763476805
594352319
-1
716768355
661135395
658953770
565791240
-1
-1
698473273
-1
577086541
728497734
824284518
615330656
508410100
-1
535815552
559551318
534414242
-1
-1
533421733
518487848
-1
835643873
544276006
591419699
527175947
761892230
594827345
-1
648746617
-1
548913858
-1
619310176
581713039
529226178
578854993
671116136
-1
620229458
-1
872748199
807580627
723181061
757513392
538242170
-1
890451993
552127445
773633491
565791240
639139727
678805460
513586251
-1
-1
529226178
864939566
-1
-1
604146187
659777368
570626686
-1
528826535
-1
762623370
544276006
597226172
823781290
820019825
-1
889311118
552127445
-1
554208903
-1
495241580
570626686
519120990
-1
601470455
774694668
-1
595557981
-1
620401039
-1
565791240
-1
-1
-1
539941591
689799885
727990648
815093389
-1
-1
-1
462878869
527175947
759855716
-1
510035157
742581064
529226178
-1
-1
756729206
582411097
-1
484478226
-1
-1
589372969
-1
-1
535815552
622234579
635990279
682239842
503183113
-1
529226178
782003431
-1
-1
465783132
-1
-1
-1
619914436
540482299
-1
628331456
543372945
-1
535069606
-1
605580866
-1
-1
573520060
-1
544276006
-1
-1
-1
577025163
-1
-1
661061264
-1
-1
556695757
-1
669110215
527175947
812639243
538366632
535815552
-1
720782121
829264446
541895480
539471413
-1
-1
-1
615405134
689835233
-1
611263002
584658688
474877417
529226178
540482299
748415414
-1
614617596
536470086
612985923
-1
-1
597071369
-1
620401039
799403548
636386816
659282870
-1
-1
-1
535815552
665994284
-1
-1
473414828
-1
597546373
635029595
534414242
599773427
554300813
565026409
614617596
594352319
547395939
-1
743226294
-1
675205274
-1
549856793
465094418
485800602
-1
-1
-1
632819895
-1
-1
738535251
469721926
-1
523585534
-1
-1
564640901
495241580
-1
853355394
534414242
714886770
-1
-1
455206128
-1
-1
671945457
700324214
559551318
-1
-1
702404213
-1
533421733
625448787
786750899
704971091
577714443
-1
-1
503025570
888944784
710700944
553700099
-1
549856793
-1
534414242
-1
-1
659777368
512777897
-1
436208227
591974367
-1
540482299
778832025
899085046
604146187
809944368
573520060
606505221
529226178
728990517
523585534
-1
518487848
564640901
242880949
-1
582411097
602598345
578439334
606404210
646484084
-1
-1
506414666
-1
-1
-1
-1
808151864
579052865
597802240
-1
950449833
534414242
716828556
743392466
570693208
571827435
495241580
-1
594352319
573520060
630180795
534414242
-1
651042471
636386816
591974367
425413593
-1
519120990
534414242
-1
697892282
534414242
782003431
680662802
536470086
-1
692230982
535815552
846726420
-1
-1
564640901
529226178
553700099
-1
-1
-1
-1
490459848
790942598
566548859
685275460
565791240
-1
685034576
-1
-1
-1
-1
743705543
551190854
591157475
-1
-1
514684366
517508944
565791240
850111247
594352319
448450351
-1
721314683
533421733
589372969
-1
534414242
735314069
748390506
532301154
636108914
664632247
-1
560672396
-1
-1
559317867
635515486
520570340
-1
-1
535815552
536253405
537902659
635990279
775063293
624952997
-1
604332102
-1
536253405
-1
-1
565791240
534414242
-1
588376726
-1
593847375
749510476
531834784
541895480
607423427
715283454
533421733
644454394
495241580
892382121
563505738
495658578
490419428
-1
539471413
593694288
590484170
-1
527091099
-1
529226178
540482299
-1
-1
-1
562873909
570626686
495380281
-1
521942589
580092217
-1
569520411
534414242
676788273
769307871
-1
-1
534414242
528826535
650018295
720906627
747560325
-1
539471413
-1
-1
-1
716768355
-1
760672283
501909339
584658688
-1
679132233
560881422
591157475
761517523
642039099
737750974
-1
-1
632398819
698498543
536253405
669886318
-1
615330656
797305164
-1
590484170
809184337
544276006
-1
578854993
-1
813960750
-1
-1
674651975
-1
-1
622444911
552127445
-1
688591498
-1
-1
668215208
-1
761597526
876381975
-1
589372969
669610181
531834784
535815552
-1
-1
834867131
-1
-1
579331816
-1
564574383
559876015
-1
-1
565791240
-1
506414666
-1
598408050
-1
800715005
-1
-1
-1
536995781
-1
594352319
-1
677938547
669520149
586885486
542807800
688209644
-1
704925431
-1
-1
490459848
898328900
-1
575233339
-1
659112738
-1
-1
-1
-1
-1
549580669
656724893
794577991
-1
597226172
696524829
553995750
-1
719430880
-1
-1
548337312
610759556
866620437
600012323
600899898
499685524
-1
573520060
622432366
-1
-1
523585534
-1
544276006
-1
575821926
658953770
634656369
824622264
-1
534414242
706122776
571668995
-1
-1
573520060
595709188
-1
560660054
521942589
763957904
-1
643019541
-1
-1
-1
681093005
565791240
-1
-1
-1
-1
726176350
527175947
-1
-1
534414242
679816489
570830038
-1
849010536
-1
534414242
529226178
575821926
-1
-1
-1
724012717
-1
624242410
610811787
-1
-1
-1
513580714
599773427
-1
-1
-1
706669598
549580669
568507483
810277683
-1
-1
567759517
-1
-1
702404213
647116949
614970604
615330656
625448787
494279242
552127445
612985923
495241580
-1
596505073
539471413
-1
-1
-1
-1
-1
-1
813324093
624641604
551164378
638679731
-1
-1
612483581
651387821
-1
678150883
527175947
-1
596952373
-1
-1
-1
568741807
-1
-1
-1
529226178
533286696
826506647
571315663
570665431
-1
683818978
-1
-1
832925615
-1
475289641
-1
-1
-1
570626686
524534849
549660218
594352319
719782865
635321048
599732595
763491600
767462125
650329530
569929929
766217223
590484170
552127445
748314428
697892282
604146187
-1
-1
916065215
529214032
-1
534414242
-1
-1
-1
587011456
708548765
-1
820708374
485800602
-1
506414666
-1
539471413
646769677
553995750
-1
-1
644323552
571963723
-1
553054054
-1
644323212
761899173
540482299
-1
504221304
551164378
-1
700673946
-1
594352319
-1
539471413
567759517
529226178
669886318
809944368
520955158
-1
462582881
565791240
449462550
-1
-1
529226178
529226178
790450199
495241580
-1
-1
-1
-1
490459848
650804558
-1
688276062
864400269
-1
-1
479907276
-1
529226178
-1
652537625
536362113
579703241
507145362
-1
594352319
520302275
555339685
-1
473414828
-1
495241580
824192081
554208903
515613819
580923050
539728779
636419592
-1
-1
-1
-1
597226172
502392118
530755065
551065726
-1
529226178
797201141
917748770
490459848
553956501
-1
532398180
587516918
-1
586579166
533820189
-1
-1
541895480
815577063
582411097
744786252
632398819
-1
-1
-1
429987575
542024653
-1
795587733
555660415
898845920
-1
542144362
-1
563567769
594827345
747560325
529226178
-1
565230204
588376726
527091099
840282247
630393401
524493397
617690531
-1
601363736
647116949
-1
-1
-1
714780340
773337797
536253405
822484818
543536347
503408771
578439334
-1
611243350
811146752
-1
-1
611759159
549580669
878267004
594642129
-1
707437942
536253405
-1
429913237
-1
-1
619899423
794231245
-1
489381179
900000703
533421733
583135050
743011825
-1
-1
-1
462582881
-1
-1
615330656
593694288
-1
637746922
-1
448450351
548913858
683028820
500146013
420349632
588435825
607049595
536253405
-1
-1
724586230
-1
607049595
-1
549854646
506414666
-1
762576237
762623370
534414242
572450142
-1
-1
630858772
-1
593503552
-1
-1
599732595
-1
594827345
-1
-1
910740013
987206515
-1
-1
598408050
737727268
565791240
-1
-1
662051919
599608958
-1
543191744
600253153
-1
589372969
-1
810567951
671982896
-1
564321202
553956501
-1
-1
862428636
914467428
543372945
-1
820708374
619899423
564836143
-1
728758518
-1
591010338
-1
592002054
529226178
786750899
-1
-1
562873909
713594758
722980212
531324737
-1
670518407
630393401
-1
-1
585210919
559876015
-1
-1
839526250
-1
477071211
843523559
-1
529226178
-1
553700099
-1
536253405
549856793
702404213
604146187
582447062
810567951
-1
-1
506414666
600899898
553700099
-1
-1
529226178
-1
820019825
599549556
589064558
-1
601363736
713569890
679136577
661135395
-1
545775913
624853236
-1
-1
-1
473414828
-1
-1
495241580
553995750
-1
509632589
553887879
666405004
477237638
-1
589850209
619899423
658576774
486811351
-1
566699767
-1
-1
-1
722028744
-1
-1
-1
552127445
529226178
608365723
583945587
-1
538277595
529226178
503025570
658953770
-1
565067779
698975328
506414666
776500505
540482299
550762702
-1
544987558
-1
685816523
538002203
-1
-1
527175947
535815552
485800602
662576796
560672396
495241580
796131353
-1
630180795
-1
667193423
-1
531834784
-1
540482299
-1
532590126
667652671
763542331
-1
-1
778405231
589850209
654007848
-1
699567711
527175947
-1
578439334
-1
657532648
903464890
592847181
-1
-1
577878998
-1
544987558
615038930
696352656
-1
688279016
671073082
533421733
-1
615038930
534414242
923819000
635990279
632018705
-1
688158309
-1
433392211
955108727
-1
-1
567036674
-1
-1
534414242
-1
-1
575821926
583159825
554577432
676753240
-1
570626686
-1
-1
506414666
-1
-1
-1
536253405
465783132
515613819
-1
-1
-1
544276006
651635593
669610181
800903612
870128421
638706697
638682380
615405134
-1
665324967
-1
922302543
724016401
576072250
696028739
594352319
622716704
-1
-1
-1
594827345
479907276
529226178
-1
-1
-1
595557981
766404125
824192081
774702285
-1
-1
515613819
672560591
593572453
-1
615306038
744786252
544276006
741748504
460486554
-1
-1
916065215
536253405
783359694
651031952
480881132
667193423
658779088
527175947
635029595
527091099
744786252
-1
-1
-1
658380175
536253405
820708374
-1
-1
450736214
-1
587595139
684731834
-1
558873641
529226178
529226178
-1
824284518
606505221
614617596
638622437
551150980
552127445
567759517
540482299
719898626
-1
-1
-1
709152096
-1
657265969
-1
595557981
390482773
632691417
-1
606505221
632897284
805965238
-1
850346104
792309869
597502475
553700099
519120990
661807064
916065215
624641604
-1
-1
-1
559551318
541895480
-1
683508617
667245778
704014122
-1
795587733
650018295
624641604
-1
477557836
539621015
534414242
-1
-1
865767271
-1
935596604
540482299
533421733
-1
632398819
607080386
564321202
577714443
536995781
-1
566452107
695327693
773563002
-1
670557198
671073082
564577566
766404125
599773427
594827345
547067735
706429349
647818359
477856040
527175947
570626686
593344377
-1
-1
608522058
900610398
-1
-1
810567951
495241580
554208903
534414242
575388990
467312932
-1
-1
530755065
-1
647116949
923307904
527091099
580600639
-1
-1
549580669
-1
558018794
-1
-1
541994127
495241580
-1
-1
-1
864928825
-1
-1
-1
597226172
-1
578439334
720782121
594642129
467312932
534414242
527175947
786654474
-1
-1
543536347
-1
-1
-1
617572257
498847679
-1
583915146
-1
503536484
-1
591157475
-1
773563002
-1
619899423
-1
-1
542205855
-1
565791240
-1
-1
729513826
549580669
696827114
575821926
692696837
556045965
-1
589850209
890827340
484683991
604146187
-1
-1
536995781
489381179
573556549
-1
531978732
669886318
-1
627198745
512777897
594827345
-1
565791240
512777897
-1
588376726
-1
711997562
597226172
897519414
786492794
719470210
534414242
-1
676849832
490572174
592847181
-1
-1
-1
-1
470627675
-1
578395823
550334648
-1
601363736
-1
530755065
544987558
670373301
683028820
-1
-1
495241580
579703241
-1
-1
858651413
690898928
-1
-1
693011986
-1
-1
659112738
528826535
-1
628912832
465783132
549580669
527091099
575233339
-1
644458337
443574048
619899423
544276006
-1
-1
-1
-1
675551678
527175947
551065726
503025570
599608958
551164378
506414666
-1
-1
617639134
480513387
793209032
864928825
535815552
-1
-1
-1
-1
800052174
462582881
820708374
536490057
-1
-1
-1
-1
-1
535205935
-1
722576627
536362113
653794838
-1
632043212
620401039
961402043
-1
-1
862432922
599941962
544276006
-1
538366632
551164378
529226178
-1
-1
582737775
613418349
-1
692734321
578395823
612940671
615125847
553956501
-1
-1
-1
-1
-1
-1
-1
761687534
623461137
547067735
-1
573520060
565791240
723295917
551065726
744786252
-1
729514361
-1
640212297
-1
628138826
527175947
-1
-1
418280578
823275338
652900904
-1
740563626
553887879
565791240
947403628
550334648
-1
-1
-1
614617596
-1
535815552
594352319
635321048
529226178
-1
551815023
534414242
721506099
524798128
536253405
-1
722980212
-1
632551797
568741807
577284335
834253044
-1
-1
722980212
-1
789598351
660508141
549503617
582411097
685275460
597226172
529226178
-1
594352319
679132233
-1
-1
-1
-1
551065726
873795431
587516918
-1
578439334
549986095
589850209
597226172
603233503
534414242
-1
-1
698103489
651031952
563049235
670706161
770148174
744697055
-1
-1
-1
879922725
479907276
792309869
-1
747119235
-1
565791240
529226178
714886770
-1
-1
575458686
474092627
648746617
624641604
810567951
546681707
-1
617572257
492125144
589850209
683508617
551164378
636895429
579703241
-1
599549556
594352319
713594758
536253405
535815552
782740484
658576774
632897284
-1
688209644
716828556
-1
-1
558884534
594352319
-1
573520060
547395939
542807800
-1
485800602
637347700
-1
609655973
529226178
597071369
589372969
-1
-1
-1
534414242
594352319
556695757
527175947
604146187
789939711
908536118
554846374
570758984
490459848
597226172
-1
697156056
753493500
-1
606339931
848956243
716828556
758425084
-1
498782461
-1
754811948
544987558
527175947
539722151
586099244
536253405
619310176
553496579
-1
591157475
527175947
544987558
-1
-1
462582881
565230204
710840834
-1
713101515
-1
-1
-1
-1
588376726
449462550
780721395
812320980
-1
538242170
717225081
720782121
551150980
619927129
-1
-1
-1
534414242
-1
842326053
559317867
553184731
-1
540482299
710523681
661728842
498847679
589850209
-1
562873909
616390749
568741807
464563694
591157475
536470086
555339685
502788110
535927747
-1
776396147
719881985
579165495
710503158
720410441
473414828
539471413
556695757
-1
589372969
536253405
-1
723831374
905584342
678005193
-1
-1
562873909
-1
-1
535815552
-1
645562192
573520060
502788110
-1
544276006
570626686
-1
561812484
698103489
532590126
-1
586213401
644323212
-1
593694288
739070400
508410100
-1
763542331
-1
-1
651849811
-1
534414242
559551318
580600639
639139727
695163086
560672396
565791240
773563002
484683991
-1
788746141
588435825
-1
597226172
553956501
-1
726176350
570626686
660570356
637941730
553700099
-1
554577432
583135050
-1
527175947
550763490
529226178
506414666
-1
-1
528852292
-1
824192081
646769677
646484084
-1
527091099
593694288
540482299
515613819
-1
-1
-1
449462550
788995453
-1
521442936
-1
658953770
624534938
638682380
-1
539607846
609831415
690648871
578051353
-1
-1
-1
572450142
584674619
-1
702404213
-1
-1
589850209
699538398
-1
533421733
-1
529226178
659112738
690895680
638679731
-1
520570340
576701822
-1
506414666
824622264
510476344
-1
-1
737753836
588376726
-1
334416259
-1
710880769
601363736
499599904
585984373
569929929
-1
473729339
-1
544276006
647376882
565791240
788698669
-1
-1
568741807
529226178
495241580
-1
855064583
-1
626817474
551065726
524402789
684731834
-1
737753836
638103445
638622437
855875279
-1
-1
865841313
-1
544107752
665282357
888221794
588376726
622716704
549856793
-1
-1
604146187
749038215
916065215
549580669
-1
560488487
-1
-1
596965864
-1
557595769
503408771
508410100
560672396
601363736
-1
490459848
-1
-1
635321048
-1
739584905
559876015
534414242
556363014
790942598
545332376
821289210
-1
712263903
445476017
634608580
731137054
580600639
591157475
758128548
-1
-1
788698669
536253405
646223057
534414242
-1
-1
-1
-1
551760204
747154584
-1
651031952
-1
594742513
506414666
498782461
594827345
807854960
434197796
523585534
-1
-1
-1
-1
588376726
-1
-1
473414828
-1
544107752
520570340
-1
-1
795551384
559876015
-1
657489579
-1
742004194
734806377
630353284
898006070
664476575
495241580
506414666
544276006
604754922
802260602
692605823
-1
-1
840525867
786647123
-1
592847181
-1
-1
-1
534414242
553700099
-1
552127445
-1
690898928
-1
831624178
621563351
671073082
670706161
543372945
679579220
-1
-1
543191744
-1
506414666
-1
918497797
783359694
795303904
532590126
646484084
535815552
615590711
-1
-1
593694288
-1
640801667
527175947
773468335
-1
-1
898006070
-1
462582881
588376726
769487561
501820107
514118351
604146187
-1
-1
-1
-1
535815552
740728827
-1
693295476
560672396
679579220
607171044
-1
-1
606871034
603689900
624853236
529226178
683230188
662139727
553956501
-1
593703940
-1
-1
648746617
-1
-1
934043057
-1
-1
627688770
641255692
558696318
555533208
555186491
521942589
658107372
594827345
-1
-1
878598997
-1
-1
-1
628912832
619899423
873795431
812920328
-1
594352319
523585534
777680515
554208903
534414242
615125847
808794109
-1
536253405
-1
-1
536362113
-1
-1
671981618
742878354
-1
-1
-1
-1
-1
751974152
562873909
-1
495241580
-1
-1
562873909
648746617
-1
535815552
539471413
512449338
636386816
-1
-1
-1
-1
533286696
524493397
-1
-1
532824154
624641604
588376726
-1
-1
711722513
501916773
-1
-1
-1
-1
504604032
-1
553956501
638622437
-1
658953770
760333054
788935617
448450351
651343781
507769056
773231268
434180037
660219558
-1
-1
442791448
651559081
-1
937307164
553700099
-1
774702285
698395006
646484084
-1
-1
582411097
473414828
783764091
529226178
-1
-1
-1
552127445
658107372
553603689
-1
-1
-1
-1
499864288
-1
523585534
670046928
-1
694913988
-1
-1
591157475
-1
769429884
568741807
-1
536253405
-1
646723974
722576627
507132015
575821926
575458686
525391770
538334374
-1
-1
527175947
553995750
-1
-1
507542190
527175947
550334648
539607846
479661898
-1
539236671
-1
553700099
559876015
649870154
627013487
543372945
864928825
-1
559551318
-1
689835233
529226178
-1
-1
-1
723831374
-1
-1
473414828
638191701
-1
-1
552127445
-1
749014712
908422471
594827345
-1
-1
635029595
737753836
449462550
531978732
-1
-1
-1
562873909
-1
-1
570626686
747154584
588376726
905584342
536253405
527175947
-1
536253405
-1
-1
696341233
536253405
-1
552127445
861015541
529226178
-1
-1
799961513
540482299
-1
673563326
536253405
-1
782003431
-1
689881488
-1
592393337
-1
817515330
622661072
-1
780721395
-1
670046928
-1
-1
-1
529226178
573520060
-1
-1
-1
-1
-1
-1
838794304
596251977
567943150
568741807
535815552
-1
937410682
-1
-1
874202540
594827345
589064558
620401039
-1
-1
-1
549580669
446360105
566733984
-1
-1
774702285
534414242
568507483
-1
536253405
793802719
611263002
607049595
651042471
-1
642039099
-1
647638399
534414242
534414242
-1
646769677
-1
555339685
-1
-1
870489113
568741807
-1
575233339
527175947
594827345
635430910
-1
-1
535815552
612483581
533475555
603874702
552127445
-1
-1
811769764
583499183
709262312
-1
-1
561358755
567827437
-1
-1
570143506
606505221
742963178
611263002
719470210
-1
566699767
615330656
-1
-1
536253405
592147833
-1
535815552
-1
-1
570758984
535815552
-1
-1
587489330
-1
562803498
-1
-1
740728827
495241580
-1
-1
-1
556695757
747498213
-1
-1
-1
722859294
948000279
-1
-1
575233339
634905501
-1
789939711
644454394
858858855
655296159
637941730
-1
821848155
-1
-1
-1
705914371
-1
952959256
767462125
572450142
448450351
556045965
532301154
-1
737027226
720750198
594827345
543191744
-1
635990279
-1
641728157
-1
-1
658953770
658953770
-1
-1
553956501
-1
-1
-1
-1
-1
571443240
-1
742343025
-1
529226178
586873725
527175947
553054054
-1
-1
771479866
536253405
-1
712188183
-1
593503552
-1
348021472
540482299
602801986
598509048
-1
706122776
521942589
648746617
617572257
554577432
594827345
-1
-1
781109959
657489579
504713018
611263002
-1
495241580
782202447
879606246
810567951
-1
615038930
909303107
630757966
773563002
-1
594827345
762858841
536253405
583752723
573520060
564321202
484683991
665994284
557048334
901545020
505749618
594827345
573520060
621491151
544276006
567759517
734802234
527175947
511849336
610589199
-1
-1
-1
634658306
-1
626401696
720817975
619310176
-1
767103630
-1
540482299
-1
553956501
-1
536470086
-1
-1
527091099
565791240
482925478
-1
-1
-1
-1
567759517
-1
597226172
-1
498847679
-1
-1
-1
-1
570765676
657489579
603458699
495241580
-1
506414666
693295476
-1
577714443
-1
-1
-1
-1
844547227
556695757
536253405
-1
494669131
528079974
820019825
-1
570626686
647116949
-1
-1
578439334
521942589
685275460
553514053
588376726
-1
556045965
595052537
-1
723181061
692605823
865841313
-1
-1
689623327
-1
604146187
-1
809952315
572450142
559876015
-1
541836477
-1
593503552
594827345
-1
536253405
-1
826800254
536253405
553900462
-1
642039099
602856510
550874147
-1
-1
-1
-1
834649224
611712731
592906497
837183088
853505559
-1
726176350
-1
594352319
575821926
-1
-1
684731834
-1
584658688
-1
539236671
-1
-1
594352319
539471413
-1
540482299
-1
630589787
589850209
490692182
-1
-1
642514361
529226178
551065726
758128548
-1
-1
-1
-1
542003980
565791240
654430027
665994284
570626686
601363736
878721445
489849826
521375907
529226178
722980212
897868832
634634756
484643582
-1
693259987
658953770
529226178
561749777
-1
-1
873907831
539471413
536470086
560672396
-1
-1
746929647
495241580
625448787
-1
-1
-1
559551318
-1
484683991
888221794
556695757
651387821
-1
636108914
-1
716768355
-1
544987558
637941730
564321202
-1
748043035
842681869
-1
596878098
-1
594827345
879922725
-1
-1
521942589
540482299
-1
517153507
632018705
508410100
-1
473414828
569929929
550334648
-1
-1
625448787
448450351
-1
529226178
-1
534414242
-1
925110085
568515547
-1
553956501
479907276
559551318
481851278
556778432
619321006
534414242
-1
-1
-1
-1
571315663
592931722
517073488
535815552
560488487
471107605
832994840
-1
-1
-1
-1
615330656
-1
836391260
506414666
-1
578439334
554208903
-1
604471194
535815552
-1
534414242
494279242
-1
-1
658079820
573520060
569929929
669886318
654430027
730778520
559876015
551164378
599941962
-1
-1
611263002
517076627
-1
795082182
535815552
540482299
495241580
-1
-1
-1
559551318
638589438
579703241
-1
953334912
565791240
-1
-1
499685524
597599103
740420598
-1
-1
574301735
-1
-1
-1
-1
-1
602856510
624641604
-1
484683991
-1
552127445
819275425
-1
-1
552127445
597071369
560672396
589850209
527111888
543372945
-1
-1
720752495
527175947
863733150
-1
742001436
792261204
570626686
-1
772743058
-1
722576627
622111852
529226178
-1
594352319
533421733
-1
898006070
668701841
594827345
549580669
562873909
-1
918513305
507145362
-1
824192081
552127445
-1
612635121
589850209
525367005
-1
-1
-1
698176100
928641253
-1
495241580
-1
-1
592906497
633427338
553953356
688352665
506288891
-1
527175947
-1
508410100
-1
-1
-1
-1
534414242
507132015
704952586
-1
555339685
492005237
604706185
776434858
676849832
527175947
587516918
644130432
-1
606871034
550334648
-1
-1
617232805
-1
667193423
837664639
573520060
529226178
711370354
724586230
-1
462582881
527175947
-1
689300089
-1
467312932
-1
551511340
-1
689799885
-1
587011456
534414242
659446262
570693208
676854314
890451993
661135395
779445765
553054054
557048334
-1
-1
544987558
501671733
638679731
-1
539471413
-1
-1
600973384
620401039
600528990
599732595
605311264
587489330
-1
-1
594742513
589372969
-1
716768355
573520060
630408345
850807666
594352319
834705636
-1
492005237
-1
-1
750095022
651559081
766184802
-1
532590126
596251977
711610986
614313459
549856793
536253405
-1
780721395
837869205
580015611
-1
-1
555979923
-1
592673528
529226178
336613167
-1
-1
-1
484683991
558884534
-1
624985486
-1
539471413
654419585
611263002
-1
617232805
-1
869079926
513610341
544276006
795303904
-1
847881352
536253405
534414242
-1
646484084
-1
634970075
585583955
-1
-1
-1
473414828
-1
508410100
-1
545332376
542358093
575821926
550334648
-1
765678397
-1
755018091
558625004
481640497
527175947
580600639
765682789
877255308
-1
723831374
897868832
544213526
-1
-1
529226178
-1
635306144
534414242
622716704
688352665
611263002
-1
-1
573520060
536253405
-1
-1
620401039
710840834
710840834
-1
598013637
553956501
-1
582510850
-1
973320701
510476344
534414242
-1
-1
573520060
536362113
-1
567827437
-1
-1
696774140
527175947
786053145
507145362
684454497
616332829
532301154
-1
737750974
490459848
588351985
519672099
-1
855847136
-1
599773427
734806377
794812821
-1
532590126
497788906
-1
-1
-1
552127445
-1
552127445
589850209
-1
-1
539471413
527175947
589850209
502825559
827543975
-1
-1
532301154
-1
-1
673952517
592847181
638985347
-1
578395823
-1
582411097
-1
557048334
549856793
570163743
-1
612020439
-1
737750974
630353284
-1
539471413
685275460
-1
-1
529226178
503408771
645297723
889311118
545714797
735271873
-1
947403628
695980908
660219558
-1
615986245
-1
-1
615405134
-1
826800254
-1
-1
-1
549854646
887971771
585210919
-1
564898938
678708046
612635121
523585534
638622437
536470086
699567711
-1
468154883
720069297
551164378
-1
-1
688352665
714886770
544276006
573520060
695327693
-1
495241580
559317867
711198522
575821926
630180795
508841166
611263002
685392876
552127445
847047711
-1
636386816
534414242
568741807
594830356
869079926
-1
-1
-1
-1
547802203
654561202
-1
529226178
503025570
-1
893920570
-1
-1
-1
585210919
-1
-1
570834344
635990279
-1
-1
740563626
692605823
620401039
888925882
-1
-1
593385656
-1
-1
-1
560672396
-1
630858772
-1
671154390
529226178
-1
594352319
-1
-1
-1
-1
620401039
630180795
500218692
-1
745715867
-1
-1
552603318
956574792
539471413
594352319
506414666
-1
589850209
-1
553956501
679122766
575233339
444658424
578439334
-1
-1
-1
733683478
738503737
-1
-1
534414242
584514719
-1
-1
-1
665994284
529226178
495241580
568741807
-1
623923625
578439334
749016465
653794838
-1
-1
448450351
-1
568741807
575821926
709152096
786832255
548404283
-1
-1
569929929
-1
712263903
-1
782044149
914163928
529226178
-1
-1
706669598
737014481
560488487
554300813
-1
527091099
641651878
714440151
-1
534414242
774306595
-1
537902659
-1
562873909
-1
539471413
-1
534414242
-1
-1
506414666
541895480
-1
-1
-1
501567311
691949248
755647682
773563002
-1
-1
-1
622578149
-1
534414242
750095022
-1
-1
-1
615125847
517015910
540482299
720782121
492377924
-1
751233946
512777897
589372969
-1
532398180
495241580
506414666
621491151
-1
-1
624985486
-1
678708046
773083141
529226178
555339685
565791240
830181988
615877159
594827345
712990194
495241580
589850209
548913858
549856793
812681631
-1
-1
-1
-1
672560591
874502950
624641604
539471413
679132233
499666307
716857383
-1
-1
606871034
765682789
529226178
-1
460869984
877255308
-1
596904345
-1
-1
699567711
473414828
805965238
-1
722980212
588351985
534414242
-1
-1
-1
-1
611263002
590580639
527175947
591157475
613592300
695368853
-1
-1
-1
853669911
-1
670518407
552127445
810567951
767930159
-1
905584342
-1
-1
-1
-1
-1
587011456
-1
-1
545471000
-1
662414798
-1
501671733
-1
-1
-1
774782351
881043699
595504618
578439334
615816539
-1
905584342
759474054
-1
-1
-1
791850559
632801791
693295476
-1
-1
503321728
589372969
-1
589850209
612985923
-1
-1
615330656
543191744
-1
494279242
-1
-1
-1
531324737
-1
-1
-1
-1
-1
-1
-1
503183113
553054054
-1
-1
709152096
609353444
-1
606505221
530517247
-1
809952315
-1
740821802
-1
-1
728264895
769792126
644412367
527175947
536253405
479907276
527175947
-1
530047469
587516918
-1
752634962
534414242
-1
792261204
-1
804341262
615405134
-1
536253405
-1
576072250
-1
732724811
742343025
736858101
616391501
-1
-1
-1
728264895
628468724
883743404
617120716
-1
516626620
833108581
-1
-1
753191148
542024653
615038930
-1
-1
908519480
648149877
557260202
-1
-1
956574792
529226178
-1
-1
-1
-1
518425481
-1
479907276
507542190
685764919
536253405
737639849
827284513
-1
-1
594827345
-1
670247123
720782121
534414242
-1
-1
-1
737753836
678818333
624641604
-1
484683991
678991878
-1
468154883
529226178
758868665
-1
-1
-1
-1
557048334
613418349
-1
633966570
737750974
844547227
-1
690765861
-1
687616610
-1
-1
-1
853669911
531978732
661135395
449462550
-1
647638399
699567711
-1
630408345
-1
604774727
-1
569406200
587011456
555350797
-1
-1
-1
578439334
-1
-1
654794268
-1
591157475
495658578
553956501
-1
-1
629140521
473414828
529226178
560660054
607423427
-1
501567311
-1
-1
-1
535815552
688086701
552776788
583752723
-1
-1
582411097
667193423
-1
-1
434180037
425938178
786331052
620401039
-1
578439334
660497962
529226178
-1
597502475
636386816
589850209
-1
-1
608159086
-1
711610986
-1
594352319
-1
536995781
-1
678005193
544987558
579703241
-1
-1
635321048
529226178
-1
-1
619899423
-1
-1
555339685
669110215
699626552
-1
594352319
448450351
495241580
555979923
-1
495241580
746263346
632313903
-1
502489261
-1
528928218
688352665
705381242
405594545
-1
840282247
870418310
-1
474092627
675077818
606871034
594827345
-1
529226178
-1
597957997
609753931
580562959
-1
747119235
-1
-1
534414242
535815552
568741807
-1
482574505
-1
583915146
-1
637941730
535205935
607171044
630353284
641735860
-1
-1
605580866
529226178
529226178
734806377
-1
-1
548136107
850891244
-1
644323552
490459848
-1
688086701
506414666
-1
547067735
-1
549580669
689799885
665994284
-1
532818093
-1
569929929
-1
-1
578854993
914163928
634757784
744786252
-1
529226178
767103630
-1
578799014
752350206
635704663
-1
567827437
-1
-1
-1
553054054
567827437
-1
658576774
558884534
448234404
470103394
-1
646223057
-1
554300813
-1
675205274
637941730
906008081
-1
-1
-1
486811351
659112738
685257002
749016465
-1
-1
597226172
-1
800715005
616332829
-1
794878860
529226178
589850209
484683991
-1
-1
549856793
549854646
791063681
834362146
494279242
506414666
570626686
-1
597599103
-1
533421733
-1
506414666
540471813
554208903
729132038
495241580
-1
517076627
495658578
-1
541994127
532705728
535815552
529226178
532301154
-1
-1
-1
617639134
585210919
560660054
-1
847159061
820708374
489381179
-1
-1
554300813
606505221
-1
570626686
-1
665994284
-1
762913704
-1
813960750
588376726
619927129
551065726
588351985
-1
433392211
800926676
-1
-1
-1
762576237
564321202
551540900
-1
477071211
678614292
536253405
495241580
-1
-1
-1
506414666
-1
568741807
534414242
-1
611973895
529226178
630408345
617120716
-1
-1
473414828
619310176
-1
679289633
-1
784120373
636386816
-1
639756660
-1
-1
600528990
516664884
-1
-1
-1
-1
-1
-1
-1
617690531
-1
-1
477242112
-1
-1
-1
615405134
728990517
-1
565230204
790323961
-1
568741807
568507483
597226172
-1
762399047
-1
539236671
-1
588376726
601363736
-1
569929929
622716704
478055800
535205935
502788110
503025570
713024979
604548575
535815552
647116949
-1
-1
560672396
-1
601470455
565026409
638622437
700374564
-1
-1
-1
534414242
-1
-1
-1
624641604
697843365
-1
582737775
620401039
-1
-1
-1
-1
708814105
-1
573520060
567759517
489381179
799352923
551708256
-1
517153507
591157475
-1
721180415
868454413
559551318
-1
682952030
-1
-1
625448787
-1
-1
839852260
534414242
-1
589850209
782003431
-1
593503552
604146187
580562959
552652743
506414666
-1
619117998
-1
528566233
535815552
571315663
558625004
549856793
722980212
579032362
737373119
536362113
667187399
910740013
549562905
598738208
-1
611484490
-1
722980212
668590187
495241580
615405134
506999879
-1
-1
557048334
495241580
-1
-1
-1
539471413
-1
567432977
-1
-1
512777897
-1
-1
533421733
513580714
683818978
535815552
-1
-1
-1
560796601
507132015
495241580
-1
783905657
-1
-1
698975328
-1
536470086
691949248
-1
506414666
499638864
550334648
672478151
-1
817479482
-1
-1
795587733
527175947
503025570
-1
495241580
485800602
625448787
700374564
698498543
-1
790323961
-1
539471413
-1
631661030
544276006
799600860
-1
-1
575821926
-1
687499155
-1
594352319
-1
-1
-1
-1
-1
-1
473414828
-1
-1
602862075
785227367
534530184
641255692
869079926
583752723
-1
700579512
671624346
506414666
534414242
671887603
-1
724016401
-1
-1
647638399
495241580
-1
653916679
553496579
824192081
536253405
761517523
767582261
-1
757711295
535815552
-1
782003431
646900749
943328512
-1
820727988
534414242
723181061
551065726
-1
540471813
724012717
-1
721526089
492280307
-1
696524829
-1
-1
495241580
620401039
565251094
674508090
-1
-1
-1
731497014
710696277
-1
594352319
-1
-1
628383148
615405134
535815552
523493934
532818093
795551384
-1
700673946
640822716
-1
810567951
912920947
-1
737750974
550762702
-1
-1
-1
722041601
600243934
544276006
541895480
232063383
551164378
-1
810719116
-1
-1
571315663
599773427
-1
567759517
-1
-1
762679659
752634962
-1
747154584
782003431
-1
-1
502489261
-1
809184337
606745445
615330656
608040082
512777897
-1
599549556
-1
719881985
587516918
-1
886947866
553700099
573245865
-1
719898626
606745445
564026698
562605114
594827345
529226178
624615038
-1
698498543
533421733
-1
448450351
-1
-1
632398819
536253405
540482299
-1
579630064
-1
586347626
547067735
541895480
-1
512777897
499666307
-1
564640901
671073082
646223057
-1
-1
599773427
564321202
-1
843631656
552909923
-1
587516918
-1
-1
651413660
484683991
579343593
-1
549856793
559876015
662967389
696787373
-1
506414666
-1
597502475
565791240
531978732
629598139
655554501
648281054
-1
-1
669886318
544276006
517076627
714440151
589850209
-1
543191744
573520060
675205274
-1
-1
-1
-1
553514053
534414242
535815552
527175947
-1
613418349
782476652
-1
446953055
691641487
521442936
733271142
535815552
630858772
-1
551164378
638191701
558696318
-1
-1
683818978
-1
529226178
724230532
-1
-1
551164378
611263002
619310176
536253405
594352319
-1
-1
552127445
-1
-1
580600639
551511340
628902819
527952898
-1
540482299
561812484
-1
565791240
606871034
529226178
-1
632398819
529226178
842338084
-1
-1
634775704
-1
-1
565791240
558696318
687587927
663065341
588435825
539431282
-1
670002400
589850209
506414666
834609570
-1
565791240
682520554
608365723
567827437
495241580
589372969
557048334
580600639
594827345
812639243
781214518
-1
630180795
535815552
529226178
-1
-1
-1
-1
-1
783359694
-1
-1
-1
-1
588376726
-1
-1
495241580
-1
509788746
539211066
541994127
-1
-1
699778750
863417418
606871034
-1
474877417
-1
568507483
-1
-1
-1
551304689
588376726
410154174
830170160
810277683
-1
-1
633433625
-1
572785553
672345908
551065726
688352665
604146187
-1
-1
578439334
755206680
-1
658576774
-1
-1
507132015
644897597
-1
641714619
-1
-1
-1
-1
532590126
658991063
-1
591157475
619899423
529226178
535205935
-1
485800602
589850209
534414242
-1
529226178
506414666
811769764
-1
-1
539471413
747541547
-1
690528736
553956501
-1
774702285
598306522
568741807
-1
538242170
613418349
-1
594396386
571188990
-1
-1
-1
570834344
672738589
-1
-1
671306746
763567832
584658688
553054054
-1
544276006
-1
-1
-1
-1
-1
-1
-1
795082182
534414242
593503552
582411097
658179826
669654031
-1
-1
-1
560672396
477242112
597957997
-1
661135395
588435825
589374597
573520060
-1
-1
500496969
550874147
495241580
575388990
702430315
792881759
645297723
-1
-1
529226178
-1
639905629
554208903
508410100
742412563
536253405
550314274
553698594
557883197
947403628
-1
553887879
843508847
649002886
678708046
-1
535815552
-1
-1
761597526
529226178
529226178
-1
554208903
568507483
-1
-1
588435825
-1
660508141
-1
-1
686013931
-1
623461137
558625004
588351985
-1
-1
-1
602186226
557048334
621545251
527175947
568695585
606745445
-1
-1
-1
626086548
575821926
-1
761597526
589850209
643832017
819676384
753066213
-1
-1
-1
-1
591157475
696827114
536253405
556045965
624641604
-1
-1
495241580
552603318
-1
578038506
-1
-1
560672396
-1
-1
659510656
788389924
-1
896528714
529226178
-1
-1
509225512
523585534
570461752
-1
-1
527175947
-1
669886318
646667582
-1
-1
594352319
615405134
589850209
667193423
-1
-1
546588855
565877834
742001436
467405010
545332376
645479207
714440151
725592749
843631656
534414242
553956501
553956501
602862075
589850209
742343025
-1
617572257
560660054
589850209
865503001
560672396
838611319
711370354
711839835
-1
592847181
-1
845379925
847159061
862154666
550334648
763543060
536253405
536253405
542489465
571647591
-1
-1
-1
932733669
527175947
495241580
567827437
-1
-1
-1
-1
-1
558696318
562873909
851472005
560672396
531978732
-1
-1
534414242
-1
521942589
473414828
-1
-1
-1
-1
-1
544987558
710840834
594352319
-1
641391100
-1
-1
-1
410303491
545332376
559876015
-1
-1
824073216
-1
-1
914163928
534414242
698436384
-1
506414666
527175947
671073082
552127445
-1
573520060
565791240
795328110
535815552
474391416
692696837
544276006
-1
-1
634608580
615330656
-1
-1
617572257
602801986
506414666
571315663
-1
494606203
599877066
-1
647638399
-1
594352319
-1
-1
506999879
618871687
-1
-1
664113181
592847181
632398819
-1
588435825
868454415
821889251
549580669
-1
622465452
-1
592673528
732778042
625448787
726176350
874202540
-1
539471413
531978732
831957930
-1
559876015
558884534
544987558
500035274
-1
-1
769307871
669610181
659112738
637462525
529226178
-1
545332376
736378728
-1
608691995
604332102
629547985
607049595
697892282
991819651
-1
-1
571315663
-1
627198745
-1
635515486
718044609
571315663
-1
626401696
-1
-1
-1
533419669
789939711
-1
503408771
352284257
492726131
-1
-1
809184337
-1
-1
-1
588376726
667193423
495241580
567287419
722980212
666979582
-1
589850209
586424492
-1
654561202
-1
-1
570693208
486500497
550878766
-1
-1
752634962
-1
-1
570693208
-1
549580669
473729339
579323160
670737440
-1
-1
850541093
688352665
-1
570200017
-1
-1
568741807
521338668
-1
529226178
-1
539471413
635515486
709152096
-1
479907276
495241580
527175947
667324767
756846976
-1
-1
596878098
507653080
-1
-1
724012717
-1
495241580
434197796
564321202
-1
729514361
748590212
-1
545471000
524402789
529226178
712990194
758128548
-1
769307871
586602221
558625004
-1
-1
458677802
527175947
668213447
604146187
-1
526814252
568741807
711610986
-1
-1
812639243
-1
766407374
528826535
453478011
572712232
867342020
552127445
568741807
-1
630408345
-1
-1
826800254
754710330
554202193
611263002
635321048
688276062
-1
-1
-1
-1
641927304
551065726
791855679
-1
-1
534414242
-1
666979582
-1
661343730
809952315
732778042
-1
-1
-1
-1
-1
-1
-1
-1
-1
639801443
605311264
541994127
-1
-1
534414242
-1
551150980
571006276
-1
-1
-1
651387821
-1
599549556
556045965
-1
560480927
-1
-1
-1
529927087
-1
-1
530038191
520302275
599773427
-1
535815552
-1
506414666
-1
556045965
470055737
592931722
-1
742004194
495241580
873795431
473729339
694306941
-1
-1
599549556
527175947
575233339
632398819
674651975
564640901
521942589
527175947
-1
552603318
529226178
620401039
720803391
549854646
549891391
-1
-1
548913858
565148506
-1
684627159
-1
742581064
828222941
616767811
529226178
531978732
633433625
776434858
575821926
-1
592393337
786647123
-1
580600639
-1
561812484
-1
597226172
-1
552287555
738788179
689623327
682396223
698498543
594352319
-1
606871034
712263903
477071211
-1
507145362
904326416
-1
553956501
-1
592847181
434180037
685037298
573520060
592002054
576773997
-1
534414242
-1
-1
-1
506414666
591157475
-1
-1
-1
495241580
-1
853669911
556695757
460486554
584674619
-1
-1
800856722
-1
551164378
549580669
874775826
829264446
-1
645479207
697712502
-1
-1
-1
736568038
-1
553054054
-1
-1
696162501
685269434
722980212
-1
914163928
-1
587045861
-1
638243518
535815552
615306038
697892282
-1
-1
-1
749510476
-1
565067779
738503737
441407977
558625004
591157475
739584905
-1
-1
-1
-1
-1
521942589
619914436
603577062
-1
553956501
645286317
-1
579396382
641735860
-1
-1
-1
568741807
-1
-1
-1
584658688
-1
501820107
-1
580388975
536253405
-1
625448787
529226178
864928825
620227342
473414828
813100272
744786252
811625597
-1
-1
735807453
767287124
-1
694303286
578439334
583950565
646223057
-1
-1
-1
595504618
570693208
617256095
796131353
851555382
850346104
611864020
543191744
-1
479907276
744994765
548913858
529226178
527175947
429203228
617572257
599191725
578439334
553956501
507132015
550334648
588376726
691949248
556045965
520873018
545332376
687557453
-1
575821926
587489330
559551318
-1
553700099
-1
-1
803765870
551551316
539471413
-1
716828556
615330656
-1
-1
705143663
683245126
-1
580600639
-1
-1
641927304
553700099
-1
748397985
519120990
-1
-1
-1
549856793
732778362
-1
-1
-1
529226178
648616819
-1
-1
753066213
-1
-1
-1
-1
-1
-1
564321202
-1
-1
-1
593572453
-1
-1
824622264
-1
543372945
529226178
593694288
615405134
682393500
730303964
495241580
585210919
-1
795328110
600567098
698507223
-1
-1
-1
527091099
-1
565316043
738495145
506414666
539471413
607763024
536253405
844046958
712687090
578439334
619310176
828436382
529226178
883743404
-1
611864020
-1
636386816
-1
529226178
682393500
551540900
484683991
594352319
702404213
-1
534414242
538277595
495241580
529226178
-1
-1
-1
784144701
724153088
796921158
727699935
-1
554208903
536253405
-1
594827345
730778520
485800602
-1
570461752
767930159
588376726
-1
689300089
-1
578439334
678899146
-1
627586068
-1
894577865
-1
589850209
651160065
834867131
543191744
544987558
-1
-1
526814252
-1
662084403
553496579
-1
597226172
708246601
653916679
720154934
567827437
600308513
-1
-1
-1
547395939
600899898
-1
565791240
-1
791526507
521338668
-1
591974367
780878614
-1
-1
592673528
-1
468364353
-1
-1
769429884
534414242
534414242
-1
558884534
-1
576072250
-1
805965238
-1
593694288
-1
550874147
662576796
658953770
-1
483081033
609655973
539471413
-1
-1
485959045
552127445
530057350
-1
896981881
-1
484683991
-1
536253405
838794304
578439334
495241580
597957997
552127445
580600639
-1
-1
506833358
573520060
-1
575889552
571827435
963816313
-1
-1
-1
671073082
560796601
-1
547972382
-1
-1
-1
242011676
713594758
659910312
-1
570626686
-1
594352319
-1
552127445
536253405
760359153
688487278
572450142
448450351
568741807
-1
-1
524654917
-1
624641604
506288891
507132015
-1
588351985
-1
-1
-1
642383132
-1
870518659
-1
594352319
550878766
474092627
-1
565791240
821289210
-1
-1
-1
533421733
533421733
720803391
-1
564640901
753859981
-1
-1
695163086
870766049
662139727
529226178
676849832
-1
555660415
523585534
558696318
-1
-1
545332376
651611783
475306617
506414666
786331052
557048334
-1
688276062
771398243
541674298
624641604
636953859
646223057
-1
-1
-1
-1
-1
533286696
726822357
573520060
720803391
710840834
479907276
632398819
-1
599773427
-1
597071369
535815552
-1
635321048
633433625
554577432
-1
-1
597599103
495241580
594827345
564640901
-1
-1
890038443
604146187
550763490
-1
549580669
544276006
722980212
534414242
582411097
746120900
700374564
-1
565791240
741748504
968369993
612296049
-1
724016401
536362113
729904296
604706185
535815552
636386816
637303508
554300813
575388990
-1
-1
588376726
565251094
739584905
592147833
823275338
659910312
565791240
-1
810567951
589372969
-1
-1
594352319
594352319
-1
594642129
714886770
765678397
-1
606122168
800715005
783041834
653037885
786680417
545332376
906008081
792017900
-1
-1
589850209
-1
571315663
-1
581377618
861015541
-1
-1
-1
-1
646484084
544276006
817479482
694004828
-1
620401039
-1
724016401
-1
-1
798507342
654804542
462582881
-1
527175947
-1
-1
616332829
524975972
567759517
-1
535815552
541895480
572450142
-1
704971091
551065726
529226178
669886318
625448787
702404213
536253405
609118538
551164378
469372492
586424492
-1
494279242
431350342
-1
-1
-1
-1
761597526
529226178
554208903
-1
671982896
668701841
748043035
782740484
596251977
529226178
-1
-1
553956501
698498543
576587783
701996989
564321202
733257477
-1
584658688
-1
-1
-1
-1
-1
-1
-1
589850209
-1
-1
507653080
554300813
-1
531358666
-1
-1
-1
-1
937307164
619349118
549854646
-1
-1
-1
656102415
543912623
900624202
685275460
919311721
-1
651031952
540482299
580600639
812432054
569929929
-1
-1
853669911
568741807
-1
-1
559317867
-1
611263002
534414242
-1
-1
-1
523585534
-1
-1
462138019
540482299
580600639
-1
458266321
512777897
-1
698498543
618445404
601363736
565791240
624242410
914163928
820517066
-1
-1
864722019
-1
828143175
651031952
-1
630858772
564640901
-1
-1
544276006
462582881
-1
-1
-1
544276006
-1
-1
553054054
707399866
539471413
-1
632897284
-1
648149877
594827345
-1
692983325
539471413
632210833
732778042
614306140
-1
-1
594352319
-1
634656369
-1
567759517
-1
695327693
-1
850346104
807432253
506414666
-1
826238521
-1
636108914
593874980
-1
786500994
583807253
-1
670518407
580600639
-1
532754163
-1
652973207
521338668
607049595
-1
-1
720782121
-1
-1
594682304
548337312
540155110
568741807
-1
-1
534414242
639756660
599549556
531834784
553887879
658107372
-1
-1
608691995
-1
638097466
604146187
549580669
-1
554208903
-1
622444911
-1
-1
589372969
530755065
639512691
-1
628138826
-1
-1
771773358
596878098
535815552
544276006
596878098
744786252
593874980
632398819
565791240
625448787
-1
-1
699836778
-1
573520060
-1
-1
-1
-1
502489261
-1
555339685
624641604
-1
-1
658468371
-1
659910312
647116949
-1
-1
541836477
813324093
523321510
593694288
-1
-1
-1
437915691
616577648
651031952
-1
730303964
544276006
529927087
604146187
637941730
588435825
732778362
593694288
-1
385610989
742001436
-1
-1
571963723
588376726
-1
557662104
707365564
589927815
451270816
684968490
726176350
-1
-1
589850209
652039673
553956501
588376726
611263002
436208227
529226178
-1
672560591
654007848
599549556
-1
-1
-1
837664639
793077326
794878860
535815552
661135395
693295476
-1
-1
791048370
528566233
-1
-1
-1
534414242
534414242
529226178
529226178
506414666
-1
534414242
-1
730303964
839072672
-1
-1
-1
553956501
573520060
569148699
-1
578439334
582510850
462582881
-1
659112738
501010064
682393500
-1
624641604
635321048
544276006
-1
536253405
495241580
-1
552127445
-1
534414242
728264895
490572174
-1
-1
722164963
658673411
539471413
699626552
-1
568741807
565791240
507132015
-1
601363736
534414242
551065726
878598997
434180037
527175947
549580669
739584905
747638522
580600639
-1
578395823
686100566
658953770
882598335
667193423
529226178
560600598
527175947
-1
688937715
-1
-1
-1
-1
-1
540482299
527175947
664435165
-1
-1
-1
779592943
-1
-1
805965238
599773427
-1
-1
721314683
790323961
-1
-1
-1
774782351
638861824
594352319
571315663
-1
-1
-1
527175947
820708374
-1
-1
-1
742001436
550334648
-1
565791240
-1
761597526
636386816
448450351
-1
582411097
-1
620401039
833108581
678522815
490692182
582411097
861015541
-1
495241580
594352319
721526089
622716704
661061264
-1
-1
536253405
662576796
619602801
-1
700377716
-1
-1
510000847
-1
785227367
754547127
-1
-1
706466870
-1
615330656
-1
571315663
507049014
580466196
-1
531358666
607423427
-1
659510656
551322000
-1
519120990
559551318
434180037
890137516
479907276
-1
681015540
-1
652238198
-1
643088343
-1
752261093
824192081
610811787
573512262
533421733
-1
769792126
544107752
544276006
-1
-1
597226172
579630064
698473273
-1
-1
-1
671073082
568741807
820522024
641714619
746317209
-1
521442936
635990279
527091099
594062642
633966570
581377618
531834784
800576147
627586068
631261002
669610181
-1
-1
534414242
599773427
745165216
757425829
-1
573898430
-1
506414666
648616819
572369741
-1
-1
568741807
495241580
636362455
539728779
-1
587011456
-1
593503552
544276006
589372969
-1
-1
643019541
612483581
-1
630393401
596878098
-1
-1
-1
-1
-1
740357647
639896347
673563326
-1
-1
553887879
-1
-1
-1
-1
-1
732778042
434180037
-1
667193423
521942589
-1
615405134
479907276
647116949
670046928
-1
521338668
553956501
534414242
-1
630589787
619753663
594352319
606222531
744786252
507132015
-1
552127445
781109959
527091099
-1
-1
-1
-1
575233339
-1
-1
-1
-1
-1
636386816
723181061
629598139
-1
714440151
712990194
-1
607049595
-1
477104457
745923784
-1
-1
835643873
557883197
685392876
651031952
578395823
358225149
750470821
553956501
-1
-1
551164378
730303964
-1
-1
-1
-1
553887879
534414242
591157475
550334648
744786252
-1
-1
553995750
596878098
-1
-1
-1
695327693
-1
476871040
588376726
655296159
772298386
-1
764933123
685257002
535815552
632767239
547295692
667245778
539471413
805371527
507132015
782003431
-1
510035157
594352319
589850209
531944892
-1
615330656
-1
-1
641888849
307154930
741748504
690741772
-1
651559081
737027226
-1
545332376
-1
-1
550874147
-1
637941730
539471413
573520060
553900462
676854314
619310176
646667582
-1
-1
-1
-1
526561174
534414242
679289633
-1
-1
588322452
624641604
734305917
-1
485959045
-1
611263002
-1
534414242
536253405
-1
-1
615330656
597071369
742004194
-1
579032362
782003431
-1
-1
-1
578439334
531358666
-1
-1
887481145
490459848
-1
762623370
689799885
-1
635321048
498782461
560672396
-1
576550556
567827437
529226178
619310176
-1
-1
492377924
-1
593344377
795038667
-1
534414242
527175947
693295476
-1
723181061
728264895
565829770
-1
-1
653916679
541895480
-1
535815552
-1
-1
710215367
529226178
797305164
490692182
565251094
682395660
787498519
679731694
-1
698043937
575500669
-1
-1
-1
791345372
-1
-1
495241580
-1
552401574
-1
626953930
447003281
619899423
504532190
479907276
533475555
-1
720803391
619899423
877255308
529226178
536253405
696322019
-1
513580714
604332102
611263002
-1
524654917
-1
490459848
797305164
-1
-1
571315663
688929806
534414242
-1
622716704
594827345
658953770
-1
598306522
586885486
607423427
501909339
523321510
-1
-1
-1
-1
555350797
-1
679132233
536253405
612985923
536253405
562873909
535815552
536253405
592931722
-1
-1
-1
710880769
-1
529226178
720782121
624641604
-1
578565297
-1
565791240
553054054
536253405
701207930
799352923
527175947
619899423
640358473
594352319
557048334
534414242
622816355
548913858
850557743
507132015
529226178
-1
722980212
-1
786832255
721526089
568507483
756846976
533421733
905584342
757711295
521442936
-1
-1
-1
-1
-1
820489339
550878766
594352319
-1
535815552
-1
619310176
-1
-1
-1
-1
-1
620401039
-1
612985923
-1
654568168
799961513
-1
624985486
-1
508841166
597226172
-1
599732595
536253405
-1
-1
818222802
559317867
569732147
529226178
556457967
851472005
712687090
-1
597226172
725808292
568741807
874268442
689290114
-1
678188317
680662802
725225104
565791240
658179826
547802203
671349462
553956501
-1
-1
616390749
-1
-1
-1
536253405
748030922
-1
-1
495241580
710523681
917678705
-1
-1
638161663
-1
779848184
514199744
-1
-1
585583955
758362049
883034041
535815552
602598345
-1
-1
-1
-1
536253405
549854646
-1
-1
-1
-1
-1
529226178
480881132
619899423
674977066
473414828
-1
800926676
589850209
-1
-1
562873909
469099020
748043035
-1
670820124
-1
-1
538366632
724809526
629988905
554208903
870938289
802705172
-1
-1
-1
557048334
724016401
719430880
599773427
540482299
-1
-1
-1
611263002
558884534
594827345
749016465
-1
529226178
-1
-1
590258790
-1
883890588
640801667
698473273
473414828
799961513
580600639
-1
650804558
544276006
594827345
593703940
-1
681015540
506414666
570626686
-1
-1
459146367
625823316
534414242
-1
639139727
598918904
816238734
-1
535815552
-1
-1
-1
722518925
-1
539471413
897984663
551164378
830170160
-1
-1
742806191
694913988
855369423
592931722
-1
748739073
550878766
-1
-1
576485635
625448787
-1
549070979
722980212
578439334
774234423
598738208
578038506
555350797
548913858
573556549
-1
795587733
613418349
-1
557048334
490459848
621786602
536253405
529226178
531834784
756729206
-1
606871034
597226172
652035550
-1
-1
-1
527175947
-1
-1
645610459
616390749
615038930
559551318
519120990
-1
535815552
-1
534414242
728990517
729132038
652537625
821566525
-1
-1
591157475
495241580
722576627
-1
-1
594352319
560465535
592847181
599877066
-1
-1
-1
-1
-1
471839608
-1
560465535
-1
495241580
-1
812920328
-1
594827345
-1
425938178
589850209
-1
-1
-1
-1
-1
810350072
490459848
870776934
511849336
579674426
544276006
-1
520719934
532824154
-1
-1
529226178
-1
-1
624641604
-1
-1
473414828
589850209
-1
585984373
-1
462582881
-1
691621848
619310176
593385656
-1
-1
-1
-1
-1
845379925
515613819
574244883
-1
538002203
-1
-1
565067779
-1
625448787
545714797
504301615
717335152
-1
653502917
-1
594352319
741748504
-1
544276006
690895680
-1
-1
658107372
730303964
412708304
634814376
774702285
-1
-1
-1
-1
-1
769283196
811769764
641927304
-1
722518925
500334357
-1
-1
-1
-1
784095805
468154883
657489579
470055737
483217292
561749777
-1
716857383
-1
619310176
-1
588376726
638622437
-1
554300813
-1
625055061
-1
508410100
473414828
-1
-1
636108914
532705728
515071899
495241580
573225156
574301735
670046928
692983325
545332376
797205031
-1
603577062
-1
615330656
840525867
-1
590256488
720282050
644323552
-1
-1
544107752
689300089
-1
598509048
527175947
532590126
556045965
589850209
529226178
539471413
551164378
554846374
-1
601363736
742004194
670737440
-1
597226172
539471413
572785553
517153507
829264446
547049883
744786252
683028820
535815552
620401039
-1
529226178
-1
536253405
536253405
-1
-1
-1
544987558
534414242
502825559
-1
485800602
527175947
448450351
535795041
-1
792309869
570626686
752350206
535205935
-1
610811787
599549556
565791240
685275460
560672396
588376726
564640901
724153088
784030167
-1
628679189
-1
658953770
669815634
540482299
-1
529226178
657489579
589372969
500578302
724586230
-1
600308513
535815552
603233503
-1
699967322
786832255
670709128
744216489
-1
594827345
-1
-1
733683478
-1
529226178
533475555
-1
-1
736510901
565791240
-1
-1
541994127
527175947
616743650
-1
899085046
544276006
621333928
-1
774306595
661135395
-1
544334877
603233112
770451409
567827437
582510850
-1
597226172
598110623
-1
597226172
624853236
-1
533421733
585210919
-1
-1
671174233
-1
-1
535815552
560660054
766218347
844287020
670435205
-1
-1
539471413
462582881
535815552
568741807
-1
-1
544987558
615306038
-1
-1
692605823
543372945
578046151
900624202
-1
-1
722518925
-1
607080386
-1
638161663
495241580
-1
529226178
-1
744994765
604146187
597599103
562255078
646484084
517060648
692403610
-1
-1
477242112
-1
742004194
604146187
534414242
689310772
-1
638126904
-1
606745445
570693208
580600639
567287419
-1
638622437
567827437
-1
664402769
-1
744786252
470055737
-1
515613819
667565191
589850209
667931638
552127445
544987558
-1
506414666
484683991
535815552
648746617
-1
596878098
767661676
-1
-1
632105647
560672396
531978732
663849878
-1
690895680
529226178
-1
706122776
647116949
697536835
535815552
-1
529226178
534414242
-1
-1
562873909
579674426
589850209
-1
434180037
529226178
484643582
619321006
529226178
848368688
638589438
729132038
-1
802019670
972072586
-1
570786480
-1
542014797
553956501
-1
-1
894990305
-1
544987558
-1
376032397
514574460
-1
-1
-1
779694325
594352319
545332376
650329530
498818123
-1
-1
612985923
467952847
555707016
861979867
640358473
722980212
604835530
406256008
-1
-1
666038206
-1
658107372
-1
-1
749016465
594352319
527175947
576574905
514500307
696524829
771235699
578439334
748043035
501671733
-1
539471413
-1
584579830
-1
-1
529226178
651343781
527175947
-1
533419669
828591051
612985923
809184337
506414666
-1
-1
881918109
-1
783905657
678614292
767287124
-1
540482299
-1
606505221
-1
638622437
638097466
667193423
-1
742004194
748043035
-1
627392579
485959045
-1
599773427
551065726
593874980
-1
-1
624641604
-1
798507342
-1
-1
-1
690767656
786832255
506414666
534414242
-1
549856793
582411097
559551318
-1
-1
552127445
-1
545332376
646769677
-1
-1
-1
769307871
-1
540482299
565067779
615330656
-1
517992837
641367940
-1
573520060
-1
-1
-1
573520060
536253405
-1
506414666
508410100
-1
538366632
-1
600012323
613999958
698473273
-1
559551318
449462550
615038930
565791240
716828556
-1
-1
601363736
515613819
629598139
-1
764933123
590484170
614617596
451270816
529226178
521942589
776434858
602801986
-1
739584905
572972399
565230204
-1
-1
506414666
567036674
-1
712188183
-1
-1
594827345
552127445
-1
552127445
-1
533421733
-1
540482299
754811948
609330659
815093389
725834768
594352319
804883478
557519963
559551318
-1
734363780
577714443
536253405
-1
636386816
-1
864939566
560672396
-1
-1
801695087
689799885
-1
628912832
670737440
572972399
-1
473414828
-1
875197292
696844066
630353284
587489330
-1
-1
-1
746809162
621491151
-1
559797763
467312932
797201141
-1
591157475
-1
599773427
481848967
470055737
-1
-1
-1
-1
528826535
596952373
688487278
-1
649870154
535205935
794179644
-1
742004194
534414242
-1
773231268
-1
594742513
514242174
593385656
-1
-1
-1
619899423
787601929
553956501
-1
-1
589064558
784120373
477237638
-1
821869789
549856793
-1
515613819
729504167
-1
539471413
611264657
719430880
-1
-1
-1
702689004
485800602
540471813
-1
652945833
-1
-1
568741807
589850209
-1
-1
450635510
588351985
-1
795551384
556045965
-1
575821926
-1
651031952
794384399
589850209
-1
588376726
669610181
602862075
901438666
555533208
-1
688352665
473414828
495380281
-1
529226178
-1
-1
585210919
-1
577086541
-1
-1
534414242
549856793
544987558
540833813
532590126
-1
696322019
711610986
580600639
-1
-1
594742513
572450142
479661898
507132015
776396147
-1
-1
-1
-1
744114101
589850209
523585534
552127445
676849832
626086548
-1
529226178
-1
617690531
879922725
-1
-1
-1
-1
559317867
527175947
-1
-1
535795041
-1
651635593
776434858
782411560
603704688
592147833
602862075
-1
556045965
486811351
490459848
535815552
630858772
617572257
-1
549856793
-1
600423534
578799014
751233946
-1
840525867
-1
-1
506414666
617599529
721526089
512777897
635321048
506741096
838794304
-1
-1
-1
-1
529226178
-1
539236671
-1
593694288
448450351
593503552
-1
606745445
-1
561749777
676785173
713101515
560672396
783041834
-1
588921259
-1
-1
-1
552392141
635990279
615125847
769487561
605171856
534414242
621491151
659910312
529226178
429047080
854707190
545471000
-1
-1
-1
538242170
548913858
-1
505749618
-1
-1
615330656
-1
674277671
782411560
575500669
695038285
583135050
618073527
756814251
-1
-1
742060977
-1
-1
772681768
-1
588376726
576072250
-1
540482299
-1
786575329
-1
599946744
581829370
625448787
-1
474458980
507132015
616816094
601363736
-1
-1
-1
-1
599773427
694306941
636316966
-1
792017900
629783350
553038069
-1
-1
495241580
501909339
658953770
617639134
570626686
-1
-1
-1
612985923
-1
552127445
567759517
565791240
508841166
782308196
623493081
782003431
539471413
-1
-1
-1
697892282
573520060
-1
659112738
599773427
-1
817724046
-1
594352319
579674426
-1
532705728
495241580
-1
534414242
495241580
-1
736510901
-1
-1
-1
-1
567369124
-1
449462550
684731834
-1
567827437
710880769
-1
589850209
624534938
-1
602801986
464563694
568741807
-1
694306941
553700099
826488737
591974367
477557836
529226178
619899423
534414242
-1
656102415
724586230
720803391
-1
824192081
-1
-1
-1
535815552
620745967
630353284
-1
708548765
-1
536253405
670002400
611263002
-1
674277671
539236671
817320736
519120990
-1
736858101
553956501
737750974
639896347
658107372
-1
662200222
-1
474092627
644897597
624641604
824622264
599773427
-1
643019541
512777897
-1
-1
743011825
807854960
-1
-1
780133408
589850209
-1
529226178
-1
634656369
594352319
-1
642039099
619310176
551164378
552127445
582510850
606505221
-1
-1
-1
572450142
652537625
532590126
573520060
-1
779445765
554208903
553956501
527175947
553956501
630226774
529214032
541895480
-1
544987558
730778520
536253405
667193423
-1
656102415
-1
813378455
494279242
-1
820522024
699869685
683890424
722005979
-1
539471413
531978732
689570233
636386816
642514361
-1
534925896
507868606
622716704
531978732
-1
730464838
-1
510476344
788040858
-1
722576627
610759556
607423427
644323552
539471413
-1
571315663
-1
616390749
522987289
638985347
565829770
-1
-1
528826535
603968099
671272142
-1
-1
553956501
676703549
-1
560672396
538242170
-1
-1
470055737
-1
-1
534414242
529226178
823984319
534414242
752634962
805965238
699778750
-1
606745445
-1
573520060
502788110
551065726
-1
608159086
560695254
661276825
442791448
-1
489381179
630589787
-1
495241580
893920570
-1
-1
633604787
538242170
-1
536253405
622301817
-1
-1
-1
670046928
-1
742060977
682783998
529226178
613455943
698176100
-1
-1
-1
553038069
-1
-1
809952315
549856793
-1
-1
-1
582411097
534414242
506414666
589372969
925110085
-1
665994284
826238521
-1
-1
-1
-1
562873909
-1
-1
711610986
-1
540482299
553700099
655223857
675523368
-1
596965864
508410100
-1
-1
436208227
-1
-1
600567098
536451031
-1
871447113
670373301
562873909
-1
791850559
721940470
551164378
-1
533421733
531834784
633695365
575821926
534414242
-1
529226178
-1
495241580
-1
-1
602321912
736378728
662414798
529226178
818222802
709598913
-1
622111852
669110215
-1
722980212
564898938
-1
588376726
541836477
597226172
617538334
-1
-1
638985347
553700099
578439334
-1
-1
700179921
817479482
657489579
568507483
610811787
-1
-1
602856510
-1
571443240
733683478
608159086
529226178
746437589
580600639
649940580
-1
-1
-1
-1
-1
-1
613269005
558625004
-1
-1
529226178
610632841
-1
-1
773366950
594352319
593694288
-1
535815552
529226178
-1
553054054
448450351
-1
533421733
527175947
-1
544276006
-1
638985347
-1
564836143
553995750
-1
-1
534414242
658953770
-1
506414666
570693208
-1
678805460
-1
652537625
645297723
571315663
573520060
534414242
-1
597226172
-1
799352923
636386816
582411097
473414828
556045965
620401039
535815552
630353284
658991063
940022883
-1
527175947
-1
484683991
610589199
-1
-1
-1
669520149
665148748
-1
-1
742004194
-1
952316429
599549556
694105528
560310183
-1
532824154
630408345
-1
-1
726176350
597502475
662576796
732316631
577086541
594827345
632210833
-1
-1
620401039
-1
693649169
544276006
536995781
482389918
570626686
575233339
631661030
627392579
-1
643471991
-1
767103630
565791240
825821671
-1
-1
535815552
551164378
-1
809184337
-1
593503552
748314428
-1
509272656
-1
891905324
-1
949113127
685257002
-1
608365723
-1
-1
-1
-1
326681082
-1
-1
495241580
529226178
712990194
507049014
591157475
-1
-1
-1
477071211
643471991
-1
-1
535815552
634656369
571315663
527091099
773563002
-1
604146187
535815552
-1
-1
-1
706669598
-1
632398819
503408771
-1
611712731
722576627
460486554
-1
691621848
544488336
589850209
533421733
765678397
-1
-1
-1
-1
704971091
553700099
-1
-1
-1
585210919
716932886
-1
692734321
507132015
527175947
-1
551065726
591974367
597546373
553956501
630353284
565791240
628905741
-1
569047198
580600639
-1
662414798
-1
-1
492125144
620401039
-1
533421733
817851094
566699767
697150644
651849811
-1
560672396
579396382
-1
-1
529226178
-1
705914371
820708374
598110623
568741807
-1
479907276
565251094
599732595
544276006
506414666
481711826
732778042
668213447
-1
588376726
592152020
621491151
529226178
824622264
-1
744994765
599773427
760333054
-1
594352319
778405231
530730933
553956501
-1
521442936
-1
778005495
792261204
-1
-1
474092627
-1
536253405
-1
531978732
-1
-1
-1
628935662
-1
-1
-1
793765247
785400339
-1
-1
-1
-1
565877834
569929929
-1
534414242
-1
536253405
-1
535815552
545332376
-1
639139727
-1
-1
484683991
-1
630589787
535069606
756729206
587637845
563784867
504532190
653846871
564321202
578439334
-1
-1
776434858
558884534
-1
-1
619602801
-1
-1
-1
-1
660222315
527091099
490921579
562873909
-1
596952373
-1
641651878
767509145
540482299
-1
-1
593847375
-1
795328110
-1
-1
534414242
-1
-1
527175947
533421733
688929806
586314765
670046928
462582881
-1
666979582
736510901
670002400
495241580
602321912
-1
555339685
630402267
873795431
643019541
529226178
599732595
-1
547067735
671073082
-1
-1
-1
817851094
-1
-1
564321202
808151864
683028820
477237638
-1
764022721
-1
588376726
-1
-1
-1
532705728
-1
631661030
-1
531978732
569929929
570626686
571827435
-1
495241580
743705543
-1
529226178
473414828
550762702
553956501
616743650
722980212
901238400
584674619
535815552
613418349
733449245
683028820
724586230
582447062
-1
562873909
-1
-1
783359694
539728779
-1
601363736
527091099
647638399
856985225
-1
729514361
462138019
543730411
-1
565791240
-1
-1
-1
615405134
-1
580600639
-1
-1
557538738
621103494
554208903
-1
-1
-1
-1
-1
-1
589850209
527175947
594352319
907275619
636386816
553700099
-1
452342356
-1
723295917
-1
-1
758868665
599732595
793077326
-1
654354227
520570340
-1
870938289
737789921
-1
529226178
522977663
688086701
549867083
495241580
704701540
-1
535205935
629598139
594827345
906344959
-1
716857383
506414666
-1
710840834
725592749
769921731
594396386
-1
-1
826488737
-1
726270895
-1
597957997
-1
-1
749510476
468319295
-1
658953770
532824154
560881422
801856576
-1
-1
594827345
597599103
-1
-1
527175947
539728779
-1
772298386
-1
583950565
599549556
597226172
-1
650164480
665324967
-1
604706185
533421733
628912832
565791240
528852292
554208903
813513525
559876015
-1
527175947
-1
906845113
549856793
724012717
-1
583752723
-1
570693208
-1
-1
-1
-1
540482299
689799885
626086548
594827345
-1
643292807
688086701
-1
-1
585984373
630353284
-1
625823316
534414242
742004194
-1
619310176
617232805
535815552
-1
602321912
559876015
467312932
568507483
-1
-1
-1
628250664
557048334
-1
535815552
536253405
649940580
519120990
589850209
-1
593271082
669010413
597226172
-1
539471413
-1
553956501
608976439
535815552
861611030
-1
638622437
501671733
559551318
-1
-1
540482299
564898938
878721445
527175947
-1
-1
-1
611263002
535815552
701207930
570115672
-1
-1
-1
-1
549580669
-1
-1
522987289
-1
590258790
613592300
-1
-1
-1
462582881
624148610
850346104
536253405
-1
480881132
-1
-1
570626686
586099244
752634962
-1
-1
598110623
553956501
498788317
532705728
-1
559876015
-1
792309869
615038930
-1
568741807
-1
551708256
530755065
-1
614045315
534414242
-1
-1
565067779
692696837
498782461
-1
-1
693295476
553956501
757513392
757975518
563784867
663849878
-1
502788110
-1
507132015
535815552
702262116
503408771
534414242
849198143
559317867
-1
761899173
-1
527175947
-1
586649482
639756660
681547656
637941730
-1
-1
642039099
838794304
672560591
-1
569929929
725225104
671982896
919624815
539471413
832994840
489672258
-1
566699767
599191725
-1
596878098
-1
868376003
529226178
-1
-1
624641604
-1
-1
-1
-1
-1
-1
804192997
740563626
-1
739070400
720069297
-1
905810817
560672396
634972062
-1
532590126
684968490
559209016
824192081
678005193
-1
470055737
-1
544276006
562873909
679132233
730245342
390482773
507132015
586936814
-1
-1
-1
-1
528826535
-1
-1
589850209
549580669
591157475
593874980
495241580
624641604
-1
597071369
549856793
-1
506414666
529226178
-1
803024455
-1
710174814
-1
612296049
-1
589850209
-1
-1
-1
-1
-1
635415117
-1
-1
617599529
679395324
-1
-1
728264895
436208227
589850209
535815552
-1
689799885
535069606
578439334
-1
688487278
527175947
534414242
-1
-1
-1
615125847
-1
635321048
-1
747560325
-1
-1
-1
-1
495241580
553956501
-1
619418728
604146187
551164378
862132569
-1
-1
559551318
822818295
722980212
583945587
-1
-1
-1
494279242
539539210
570626686
-1
646223057
-1
-1
872748199
688929806
-1
-1
536253405
-1
-1
543191744
-1
565791240
479907276
624641604
-1
764022721
604146187
-1
603689900
-1
536470086
566699767
762623370
506414666
506414666
600023422
594827345
824192081
837869205
-1
598950743
503408771
565791240
889111445
544987558
-1
575233339
-1
-1
544987558
-1
520570340
-1
543191744
549856793
692605823
728264895
-1
-1
632398819
565791240
527091099
-1
-1
-1
467952847
-1
367473519
-1
591974367
752634962
473414828
490921579
578439334
-1
513353393
643169153
556045965
-1
611263002
-1
554208903
-1
419820914
501010064
-1
654561202
914362225
588376726
-1
581713039
578439334
-1
734806377
485800602
-1
-1
792753346
659910312
638622437
560672396
594827345
-1
682952030
578439334
803099106
551132561
-1
544276006
501671733
-1
714886770
811625597
551164378
-1
-1
554577432
-1
656020714
687214328
564321202
578439334
-1
774702285
-1
-1
529226178
765678397
632398819
620401039
552776788
648506543
-1
594352319
548913858
840282247
479907276
-1
651343781
685275460
-1
-1
-1
-1
-1
679132233
-1
597957997
445025796
-1
562873909
-1
765666612
594352319
683232275
-1
737753836
544276006
-1
425938178
482925478
-1
-1
578439334
560672396
656724893
580600639
709458428
968373182
619685928
615330656
744994765
773563002
-1
495241580
554208903
753859981
847658232
623372278
-1
558625004
497788906
-1
734140707
578439334
-1
622716704
793209032
688929806
508410100
568741807
527015595
672560591
696322019
689300089
589850209
554208903
648616819
594742513
-1
549679328
774702285
-1
-1
722980212
723609771
576223535
625448787
628679189
-1
597226172
507132015
-1
527175947
-1
-1
-1
-1
-1
544276006
568741807
-1
896981881
804697821
-1
747119235
674200769
556045965
792327512
529226178
-1
605422944
757210222
670002400
604706185
-1
-1
-1
-1
-1
-1
624641604
570834344
766905393
-1
761899173
-1
534414242
-1
-1
-1
520652099
-1
594352319
510476344
-1
824284518
529226178
-1
552909923
672560591
696779429
596952373
761517523
538277595
868822266
586423361
-1
561358755
521942589
573520060
-1
590484170
606505221
737753836
710696277
-1
-1
670002400
-1
495241580
800980177
679731694
530755065
643019541
565791240
710880769
591157475
547395939
593694288
-1
749014712
-1
653916679
-1
523585534
786647123
751068475
-1
513117481
-1
570396194
544987558
-1
716828556
524798128
-1
-1
-1
-1
629140521
-1
924953235
699492087
-1
559876015
671349462
534414242
-1
540482299
-1
670518407
540482299
475289641
535815552
594827345
531324737
624853236
587968038
614970604
-1
682783998
878721445
571315663
594352319
743755482
425996228
560672396
573520060
551229216
625448787
572785553
616577648
722041601
-1
568741807
-1
539471413
-1
826800254
-1
671887603
-1
694913988
695038285
-1
479907276
553995750
635990279
521942589
783905657
-1
-1
568741807
-1
565791240
564321202
-1
761597526
-1
-1
-1
562873909
713024979
527091099
-1
-1
-1
699567711
-1
701207930
-1
844287020
570693208
658953770
535815552
654568168
529045200
549856793
-1
-1
495241580
538277595
-1
725834768
-1
-1
-1
-1
782044149
540482299
544276006
641391100
549856793
616816094
591157475
601363736
870776934
594352319
539471413
-1
722125740
-1
599773427
678614292
479907276
462582881
-1
770148174
468154883
-1
-1
531978732
689623327
551065726
-1
553700099
659112738
-1
669610181
672345908
-1
495241580
529226178
-1
-1
606871034
669388411
-1
661135395
619899423
-1
-1
-1
-1
-1
930208057
513197033
506414666
506414666
-1
544276006
675523368
611263002
589372969
-1
695163086
682396223
-1
-1
622716704
-1
553900462
604146187
564640901
-1
-1
623085494
571006276
535815552
685592109
591157475
857440117
-1
-1
696028739
608365723
625448787
484683991
473729339
-1
-1
644323552
-1
-1
588376726
594352319
580015611
-1
-1
-1
756729206
797582363
-1
527091099
911915205
529226178
589372969
693816352
-1
-1
799961513
-1
-1
533421733
-1
571006276
913569999
660909836
-1
489381179
538277595
501671733
613418349
553956501
761069882
532754163
796131353
-1
-1
595696875
506414666
553054054
550334648
-1
-1
820517066
401987204
654804542
-1
-1
-1
508410100
-1
539471413
-1
-1
607171044
-1
-1
597071369
-1
597071369
-1
822484818
658179826
553514053
809952315
576072250
-1
-1
-1
-1
564640901
464408691
534414242
-1
535205935
305830691
535815552
-1
-1
521597765
835434279
-1
589064558
-1
534414242
-1
-1
-1
-1
606745445
547295692
579165495
587045861
750095022
804409157
-1
-1
828597668
-1
591974367
529226178
938050537
-1
534414242
553956501
543191744
671981618
-1
653037885
557701835
565791240
533421733
482340683
824192081
535815552
565791240
900610398
837869205
604332102
-1
-1
-1
495241580
594827345
597226172
586873725
553956501
-1
627586068
-1
569929929
554816079
748314428
-1
621491151
589850209
-1
-1
844892806
-1
558884534
529226178
-1
-1
-1
850807666
-1
527175947
-1
-1
534414242
691708715
637941730
-1
-1
-1
-1
580600639
696322019
591649364
-1
620401039
563505738
674084885
-1
545733060
-1
689881488
809952315
565791240
585210919
-1
740959507
-1
449462550
762453844
634970075
571315663
550762702
596878098
526814252
953334912
580600639
-1
534414242
610563352
-1
578439334
764333125
659112738
800938978
-1
592732135
559876015
-1
495241580
758128548
944282655
462582881
578439334
-1
-1
-1
-1
507049014
622419903
544276006
-1
-1
722980212
429041445
582411097
-1
745751939
-1
-1
669886318
-1
937307164
553782754
-1
637941730
617975707
-1
-1
898006070
786492794
455206128
-1
-1
529226178
669886318
654205422
-1
889079950
-1
-1
539253979
708814105
-1
-1
531834784
628902819
-1
601363736
-1
550762702
597298816
597599103
518487848
584277093
863029856
-1
589850209
-1
613664916
-1
811840055
-1
565791240
533475555
-1
539471413
579052865
559551318
-1
-1
-1
598509048
749016465
-1
668701841
-1
782003431
594827345
-1
-1
673952517
-1
484643582
554816079
526615475
552127445
495241580
521942589
675205274
-1
-1
-1
-1
578439334
625448787
-1
692696837
539471413
-1
552127445
615405134
531978732
534414242
-1
568695585
495241580
523585534
905584342
534414242
573520060
-1
635198790
533421733
-1
667187399
495241580
592906497
686802854
630353284
611973895
-1
582737775
598361002
-1
597226172
-1
495152887
-1
506414666
507132015
588376726
716828556
-1
594827345
740563626
-1
595557981
894825797
752634962
-1
670046928
-1
-1
-1
687499155
901545020
640320528
855847136
548913858
-1
-1
592701405
490459848
-1
-1
697150644
782202447
615405134
544276006
508410100
-1
-1
560672396
-1
763957904
-1
602598345
559876015
-1
915510161
-1
-1
708194209
-1
506414666
-1
573520060
-1
582411097
672487796
741984459
734806377
549856793
-1
-1
554208903
770412279
-1
-1
-1
533475555
558625004
456058193
-1
-1
758425084
606505221
758128548
-1
566699767
649940580
914163928
-1
-1
619914436
-1
-1
571315663
544276006
-1
616332829
542144362
641391100
535815552
535205935
-1
688929806
527175947
-1
534414242
549867083
811769764
507132015
659112738
-1
-1
552127445
-1
536253405
-1
639905629
795038667
-1
568507483
-1
-1
657489579
-1
-1
536253405
720752495
620401039
555376045
-1
-1
-1
462582881
596965864
490459848
-1
495241580
580923050
566699767
644897597
-1
777792286
564321202
757513392
534414242
573236188
-1
582678125
796921158
606505221
552127445
-1
632897284
-1
544276006
-1
-1
737750974
-1
772743058
-1
580600639
578439334
-1
-1
534414242
534925896
629140521
-1
670518407
578439334
521942589
-1
544276006
-1
-1
-1
911915205
-1
624641604
560695254
614617596
-1
536362113
543191744
505820582
-1
-1
-1
760359153
-1
-1
925110085
689943993
529226178
-1
592906497
724922270
-1
712990194
-1
-1
-1
761892230
-1
-1
536253405
-1
-1
694791857
648746617
-1
605171856
570834344
-1
559317867
-1
550462658
450635510
-1
916065215
670046928
-1
544276006
-1
-1
529226178
607528830
539728779
-1
534414242
624985486
558336603
635306144
858858855
-1
-1
-1
600474731
534414242
-1
589850209
589064558
-1
692878119
-1
581710280
688819226
529226178
467312932
512777897
716768355
-1
-1
465094418
-1
575980162
-1
479907276
581021057
750095022
617639134
-1
625448787
667193423
-1
-1
495241580
549856793
-1
396211121
-1
536253405
-1
-1
558656832
448450351
-1
-1
-1
-1
529226178
-1
575233339
570786480
553956501
-1
-1
713029887
-1
570626686
527175947
692696837
-1
529226178
553496579
-1
700608994
-1
534414242
529226178
-1
-1
552127445
805965238
536253405
-1
733257477
805965238
528852292
-1
579165495
-1
696322019
-1
678382390
602862075
-1
553700099
-1
498650179
-1
583915146
-1
624641604
644323552
-1
-1
567036674
734806377
529226178
671981618
678005193
495241580
-1
495241580
490459848
825852105
595709188
596878098
-1
-1
721527102
702404213
495241580
594827345
-1
664402769
539471413
638622437
485959045
536253405
-1
-1
-1
615125847
-1
495241580
616332829
743755482
549856793
800715005
629875525
773563002
534414242
-1
501909339
540482299
759855716
-1
-1
-1
529226178
-1
558922673
559551318
735591101
-1
612985923
-1
-1
-1
606222531
774771484
-1
535815552
624641604
-1
630858772
731918028
543191744
744747839
-1
-1
620401039
534414242
854502556
535815552
601363736
692605823
503025570
859323499
-1
-1
500275680
-1
506414666
473414828
616332829
-1
-1
596878098
616739130
-1
470103394
539471413
-1
634356765
-1
-1
-1
648746617
-1
607904114
-1
956006928
484683991
528852292
-1
582411097
503025570
679816489
536253405
540482299
736071077
463375505
734806377
894825797
620401039
-1
698473273
-1
-1
-1
529226178
-1
536253405
439914751
-1
570626686
-1
-1
534414242
635990279
-1
565791240
-1
-1
-1
710880769
-1
-1
-1
580388975
536776083
-1
589850209
711997562
679520384
-1
553956501
667565191
-1
672997685
842899597
-1
-1
-1
-1
620401039
-1
-1
638191701
-1
-1
-1
591157475
-1
-1
644912048
-1
-1
910356722
597165695
529226178
752703241
759626984
-1
-1
524975972
-1
-1
-1
799961513
658953770
-1
729514361
-1
448450351
571827435
-1
797205031
824192081
666214179
-1
815093389
834362146
651343781
-1
-1
567759517
795587733
-1
534425200
-1
535815552
-1
706429349
567287419
-1
719477926
-1
682952030
957784909
594830356
601363736
-1
551164378
-1
857274894
585210919
-1
683890424
611263002
-1
-1
555350797
-1
734305917
485959045
828222941
726176350
580388975
-1
-1
-1
506999879
549854646
846545533
633108907
529226178
-1
772985595
482503794
553956501
565791240
606222531
502489261
-1
-1
-1
501909339
696322019
-1
695038285
-1
-1
-1
549854646
877255308
551164378
823171747
549856793
-1
-1
-1
534414242
612940671
-1
-1
567827437
779483200
602137131
-1
534414242
565791240
684358941
-1
495241580
-1
560672396
568694531
840282247
582678125
649284347
-1
653499328
-1
508631498
-1
-1
-1
519120990
-1
-1
-1
-1
818222802
671349462
-1
-1
608365723
-1
-1
718993438
536253405
523585534
541895480
712263903
-1
-1
783905657
527175947
719477926
-1
710523681
-1
-1
-1
651042471
545332376
575821926
683028820
635198790
721314683
-1
606505221
573520060
499638864
635376740
659112738
693295476
689881488
483217292
559317867
-1
714085701
-1
527091099
686013931
-1
801393725
-1
613418349
742343025
-1
600797315
604146187
473414828
538277595
-1
581713039
-1
-1
695163086
615330656
562393461
955108727
-1
568741807
632767239
635321048
746623435
737014481
566699767
594352319
597071369
505556234
573009239
-1
716828556
750977263
761954398
604706185
474877417
-1
-1
498847679
-1
-1
-1
-1
850807666
752350206
765678397
529226178
534414242
722028744
520570340
618042423
470055737
-1
619310176
599732595
-1
-1
-1
808151864
580600639
662414798
-1
888221794
-1
-1
710696277
-1
551551316
-1
616637909
535815552
-1
594352319
629385105
-1
-1
825852105
570758984
-1
-1
658179826
-1
602942314
612020439
771973119
682393500
594396386
445280869
653916679
679816489
654007848
640678779
733257477
495241580
-1
495241580
820767107
587142812
-1
823275338
594352319
508410100
-1
-1
-1
-1
-1
-1
638622437
596251977
575821926
-1
-1
-1
-1
-1
-1
-1
-1
771973119
712263903
-1
-1
-1
536470086
-1
-1
-1
641255692
617120716
613455943
536253405
513850545
-1
630408345
-1
-1
-1
551065726
-1
679132233
628282872
549856793
814990432
-1
-1
808151864
-1
-1
535815552
739062826
-1
-1
575388990
559551318
620227342
-1
594352319
-1
611954382
699778750
-1
-1
549580669
-1
-1
-1
-1
567287419
591974367
761166595
597493737
-1
521942589
535815552
-1
-1
619899423
716857383
599941962
630408345
-1
638622437
-1
509801255
-1
-1
916065215
-1
534414242
459146367
609753931
481640497
793209032
615330656
418051223
832219170
570626686
-1
621491151
612985923
506414666
635321048
503408771
776396147
-1
-1
-1
559876015
-1
575233339
620401039
-1
-1
-1
-1
698103489
-1
696322019
594827345
-1
-1
641927304
508631498
536253405
587516918
704406503
536253405
529226178
788698669
-1
568741807
507769056
-1
490459848
-1
429913237
658380175
631661030
-1
609827190
842367940
615038930
652537625
529226178
748538834
535205935
616390749
-1
-1
667324767
588376726
569929929
711287549
600253153
697065191
772985595
-1
-1
489672258
-1
-1
527175947
473414828
-1
526561174
-1
775713062
716413935
632101318
-1
629598139
554208903
527175947
-1
543191744
-1
773231268
-1
670002400
820708374
542358093
-1
844892806
-1
-1
-1
591157475
-1
914163928
-1
-1
614197714
-1
-1
541994127
-1
569929929
662414798
534414242
540482299
789939711
-1
534414242
-1
-1
-1
573520060
-1
569929929
-1
-1
696322019
-1
672061859
659910312
-1
519381304
-1
599549556
-1
-1
714886770
-1
-1
479907276
-1
749758229
-1
780133408
-1
828143175
-1
815093389
701996989
765464937
529226178
622716704
-1
544987558
803024455
-1
788698669
-1
699567711
598738208
637941730
-1
450635510
-1
-1
606505221
568694531
-1
549856793
539253979
-1
545787801
-1
-1
544213526
594352319
-1
448776451
610579166
549856793
651849811
638191701
797305164
540482299
921076075
-1
-1
774234423
906008081
599732595
-1
-1
-1
728833267
652238198
-1
784719782
-1
550762702
-1
544276006
-1
-1
527091099
589850209
117768126
-1
-1
594827345
906975982
854728425
622716704
-1
-1
791855679
-1
736302515
536253405
-1
630408345
-1
485959045
-1
653794838
539236671
-1
565251094
595709188
-1
-1
-1
578439334
529226178
578565297
-1
563057521
638589438
727548801
-1
-1
527091099
-1
715283454
615405134
539236671
-1
-1
746629098
-1
699778750
533421733
696352656
-1
-1
-1
700591832
632691417
614306140
545332376
-1
586602221
588376726
-1
831160299
703794010
519120990
565791240
638679731
-1
-1
-1
-1
-1
653037885
523144636
-1
-1
620401039
-1
733257477
-1
-1
508410100
589850209
-1
-1
-1
588435825
544276006
-1
-1
570693208
855847136
536362113
612527656
642249344
-1
-1
578439334
617098254
671982896
667193423
469639790
529226178
604146187
-1
584658688
-1
615038930
597502475
582411097
615038930
528852292
-1
617639134
739584905
-1
673911141
-1
529226178
527175947
710840834
-1
832994840
-1
835975393
-1
547802203
-1
-1
557048334
508410100
433302528
-1
-1
671692472
-1
-1
594352319
529226178
844593079
-1
-1
589372969
473414828
529226178
769307871
451495762
855941879
543191744
-1
-1
589850209
-1
-1
732609947
630180795
746629098
714419320
722980212
-1
624641604
495241580
-1
533475555
766218347
916065215
529226178
-1
627198745
800938978
624641604
528852292
-1
-1
645647996
684385510
529226178
-1
-1
-1
526468282
-1
987049843
527175947
726176350
-1
-1
570693208
590484170
-1
675205274
-1
-1
594827345
752634962
722980212
-1
595557981
484683991
604706185
-1
-1
-1
745165216
609655973
635321048
565791240
616816094
571443240
534414242
-1
724141622
648281054
674084885
519666344
-1
691621848
-1
539471413
-1
532301154
546726650
756729206
741033493
529226178
578799014
536776083
675121783
658380175
839526250
693295476
537115521
578439334
641651878
667193423
-1
-1
-1
951384692
645562192
527175947
889111445
625468784
521942589
690648871
-1
553956501
544276006
-1
882699677
-1
694613762
501909339
906054237
-1
678962380
-1
594352319
913035620
883702589
-1
540940432
-1
498818123
622716704
773563002
527175947
615125847
-1
-1
-1
-1
633966570
551164378
578439334
597226172
536253405
-1
-1
445878313
588351985
-1
540482299
464245678
573520060
521442936
-1
-1
540482299
819676384
635996383
-1
774702285
-1
534414242
-1
640187147
641714619
637941730
774234423
834649224
742004194
788305497
581377618
-1
-1
-1
825821671
840282247
689881488
662414798
571205608
-1
530047469
565791240
864543569
673619701
-1
578439334
476871040
539471413
888221794
799961513
682395660
544276006
567432977
526798443
534414242
544276006
669610181
597389478
588376726
-1
-1
756729206
-1
507132015
767462125
-1
606871034
553700099
-1
722026816
-1
769307871
-1
-1
626086548
-1
896528714
529226178
-1
-1
580600639
638622437
568741807
358225149
-1
-1
-1
671537667
539471413
565791240
-1
-1
-1
752375492
567759517
625448787
563784867
-1
829264446
534414242
-1
688251523
-1
562873909
-1
-1
832994840
943328512
482574505
-1
650804558
507132015
539471413
-1
-1
-1
-1
762576237
690850155
527175947
527175947
651031952
-1
-1
658953770
553995750
-1
-1
610589199
-1
556241044
486811351
662408848
543191744
-1
522940005
-1
-1
615405134
762858841
837869205
615306038
701060893
-1
701326671
-1
571188990
-1
521942589
-1
-1
543191744
-1
651611783
669886318
636108914
527175947
580923050
658375729
-1
767287124
550874147
-1
495658578
536253405
820522024
617572257
-1
543912623
684385510
-1
-1
565791240
-1
-1
578439334
575915134
-1
-1
589850209
-1
823275338
-1
586602221
-1
-1
621491151
532590126
-1
684385510
699778750
-1
857440117
559317867
594352319
534414242
508410100
555339685
527175947
-1
676785173
-1
-1
558625004
-1
615405134
783890352
625361973
534414242
720906627
-1
544276006
580600639
652537625
495241580
645297723
791850559
617975707
-1
773563002
-1
545332376
-1
578439334
662414798
530755065
622800408
654794268
-1
540482299
446401868
534414242
-1
-1
782476652
495241580
532590126
-1
573520060
619899423
592147833
540482299
-1
-1
591974367
723295917
696322019
579396382
-1
634608580
578439334
677205675
506414666
468154883
473414828
536253405
712263903
575388990
788851194
-1
567560390
-1
483437641
-1
901545020
575233339
-1
675364275
617572257
467350846
647116949
-1
557048334
710840834
-1
-1
-1
-1
582678125
-1
710840834
-1
701221492
684814727
660833592
527175947
550878766
547048754
-1
-1
482574505
725225104
592931722
672478151
788036959
533421733
-1
-1
490459848
-1
-1
-1
529226178
501010064
-1
695327693
-1
705141820
429913237
562873909
544987558
490692182
601363736
-1
-1
748043035
506833358
-1
-1
-1
-1
-1
720817975
442791448
-1
-1
752934214
811421156
684482192
593694288
606505221
-1
776396147
678522815
-1
-1
539471413
587489330
-1
850346104
689300089
648746617
679132233
-1
-1
594827345
-1
-1
560672396
503408771
552127445
-1
578439334
541836477
568741807
-1
531834784
528826535
529226178
795038667
-1
738092898
-1
527175947
618871687
594827345
539236671
425938178
-1
702404213
578439334
-1
602862075
474353574
594352319
529226178
720282050
-1
-1
-1
516707920
578439334
599549556
-1
737753836
-1
635649441
688158309
735807453
556457967
521442936
693816352
-1
631661030
769878634
-1
578038506
-1
-1
521884801
678636190
618527624
521942589
658107372
571958851
571668995
473414828
765682789
-1
529226178
688352665
507132015
-1
699778750
611954382
-1
750095022
597957997
-1
756005941
722980212
579165495
553700099
-1
529226178
-1
553700099
689881488
-1
-1
705914371
-1
539539210
529226178
-1
547395939
545332376
-1
-1
888944784
534414242
-1
612985923
-1
529226178
495241580
604146187
646769677
604146187
-1
480013013
-1
494387163
-1
673970506
732609947
-1
863479504
625852146
963816313
600797315
781109959
-1
485800602
-1
-1
-1
-1
-1
635515486
729514361
-1
-1
-1
580600639
-1
628912832
529226178
-1
-1
562873909
599549556
573520060
-1
484683991
-1
-1
527175947
615405134
489381179
635990279
527175947
666800303
-1
659910312
594352319
549856793
544276006
535205935
-1
594352319
632398819
-1
834253044
-1
586602221
536253405
-1
448450351
-1
484683991
-1
-1
-1
748043035
-1
551065726
-1
-1
-1
620401039
755647682
-1
-1
641391100
649870154
883743404
-1
-1
-1
553956501
519139955
547067735
625448787
527175947
566548859
662576796
-1
673911141
-1
-1
499864288
733564364
591974367
625448787
839526250
-1
688929806
630353284
615330656
495241580
-1
535815552
490459848
788544276
-1
536253405
595557981
638706697
528852292
-1
-1
592931722
-1
632398819
765666612
553700099
597226172
-1
582510850
675192566
-1
612483581
791855679
702404213
738772467
-1
799961513
615125847
615330656
658600622
753066213
692696837
544276006
651387821
575980162
-1
580600639
500496969
535815552
615038930
-1
614306140
565791240
474877417
-1
551065726
354950840
558625004
544987558
579165495
-1
551540900
-1
550874147
567287419
604706185
914362225
429203228
-1
622716704
-1
630353284
629140521
624641604
-1
537326569
694791857
-1
625448787
-1
-1
753661861
559551318
500146013
616390749
-1
527175947
547802203
594352319
527175947
500496969
545326191
-1
606505221
-1
858858855
534414242
534414242
497805086
670046928
-1
533421733
839237127
-1
523585534
742004194
691203348
794985291
529226178
535815552
615330656
-1
550874147
-1
614306140
587011456
536867979
532705728
697455983
769429884
536253405
-1
540482299
-1
-1
-1
-1
-1
538002203
688352665
-1
553956501
536253405
894825797
606774329
-1
688352665
658107372
-1
630408345
548461198
-1
-1
641728157
544107752
-1
554208903
-1
687587927
542238072
-1
-1
532824154
-1
588351985
-1
-1
658953770
476871040
573192330
-1
725834768
-1
529226178
688352665
620227342
765678397
531978732
560660054
-1
536253405
-1
413910065
-1
533286696
604706185
562513899
495241580
534414242
689799885
728264895
-1
-1
-1
589064558
503183113
665282357
549580669
-1
565791240
628282872
754547127
610811787
567287419
651031952
-1
687420073
516626620
625008542
505749618
-1
527091099
-1
580562959
567977697
813513525
539351250
614306140
534414242
610563352
467312932
-1
-1
-1
623353258
566699767
604706185
729250276
498788317
-1
-1
742004194
861966625
594827345
539471413
700377716
496303073
-1
672345908
-1
629301559
-1
584658688
549580669
-1
556695757
-1
-1
544636590
575921339
589850209
-1
631661030
580600639
-1
-1
-1
712577116
-1
604146187
568750481
529226178
559876015
-1
-1
783764091
501671733
905810817
531834784
-1
503025570
613106444
732609947
485959045
639139727
-1
693606197
-1
-1
-1
-1
-1
-1
508410100
-1
-1
720782121
743705543
-1
558679735
729514361
594827345
-1
-1
-1
765926134
631661030
532398180
529226178
-1
541994127
540482299
-1
594827345
-1
717760690
-1
573520060
-1
-1
630353284
589850209
800052174
-1
556695757
-1
-1
-1
543191744
500218692
-1
549580669
-1
783359694
-1
-1
630180795
-1
-1
553700099
-1
587516918
615330656
-1
555909608
598361002
-1
-1
669886318
767885719
473414828
611512417
-1
-1
786832255
-1
-1
534414242
594352319
-1
534414242
-1
-1
-1
527175947
615038930
698885025
628912832
578439334
-1
583752723
553995750
527175947
535815552
-1
653916679
596251977
614306140
-1
534414242
-1
651031952
791048370
-1
536362113
-1
696322019
-1
594352319
529226178
559551318
555186491
665111299
802260602
-1
580600639
826800254
-1
565791240
-1
-1
-1
501671733
572471437
-1
-1
-1
608159086
636108914
627586068
-1
820727988
628250664
849198143
-1
761517523
-1
-1
-1
486811351
-1
433302528
746929647
530765212
630408345
939529114
474632664
539471413
556045965
-1
810567951
-1
737748466
-1
599549556
-1
730464838
-1
-1
689300089
-1
674200769
540482299
551164378
716828556
-1
594827345
769429884
507145362
565791240
758868665
699567711
597226172
-1
478343064
503183113
636386816
535795041
464245678
-1
567827437
736443953
565791240
-1
714757351
527175947
-1
594827345
624641604
800938978
-1
670002400
-1
-1
511348968
692696837
661343730
-1
722980212
-1
552127445
817001004
611263002
495241580
599549556
-1
-1
-1
-1
-1
-1
638243518
-1
894088343
-1
-1
-1
-1
700673946
500496969
611263002
-1
501909339
-1
-1
596878098
-1
539236671
765678397
529226178
535815552
-1
544276006
-1
544276006
664402769
538912638
-1
557509096
-1
-1
548548053
617639134
761954398
555339685
-1
529226178
-1
565251094
-1
588435825
-1
741778600
-1
559317867
-1
795551384
765682789
-1
619310176
811769764
566699767
-1
442791448
573520060
-1
539607846
594352319
-1
-1
798140111
508410100
664375899
-1
620227342
495241580
529551015
585210919
728497734
619899423
-1
723492860
-1
578439334
594352319
-1
-1
713024979
539471413
474092627
-1
-1
517076627
-1
-1
885477997
582411097
-1
560672396
495658578
-1
750131345
630858772
589372969
716768355
-1
619899423
684385510
-1
638622437
594827345
-1
-1
-1
759626984
617639134
-1
-1
535815552
896981881
-1
585210919
-1
619310176
539236671
696352656
608691995
716857383
-1
-1
-1
532590126
-1
602137131
-1
536253405
467984204
615306038
621491151
-1
534414242
531324737
688929806
724586230
545326191
-1
608159086
-1
606122168
-1
503408771
-1
565791240
723609771
580600639
-1
711997562
549854646
-1
-1
639756660
534414242
503024832
613418349
686582991
-1
617639134
534414242
-1
-1
765464937
867489587
549580669
740233719
492725761
-1
-1
-1
527175947
573520060
-1
565791240
-1
-1
-1
597226172
-1
714757351
495241580
-1
-1
-1
765678397
658953770
-1
-1
-1
544987558
-1
851472005
527175947
-1
616816094
473414828
-1
-1
565791240
808475149
689300089
745819692
-1
520719934
-1
-1
477071211
-1
542358093
557553701
744994765
529226178
-1
-1
651559081
688158309
495241580
-1
-1
571315663
565230204
615306038
540482299
544276006
710189882
-1
-1
-1
-1
582649024
740420598
770148174
-1
689799885
535815552
679132233
490459848
617572257
642514361
-1
632313903
644897597
805371527
-1
549856793
-1
565791240
956006928
-1
645562192
-1
473414828
528826535
548337312
635990279
529226178
-1
634658306
-1
589850209
-1
434180037
-1
-1
676849832
602598345
-1
553956501
791526507
535815552
-1
527175947
554208903
524654917
737027226
660879075
-1
772681768
648746617
523585534
618066482
-1
588376726
-1
495241580
-1
-1
-1
-1
553956501
724586230
-1
-1
534414242
570765676
-1
-1
-1
747638522
-1
-1
-1
458677802
873795431
534414242
-1
-1
565791240
-1
534414242
-1
535795041
731137054
-1
-1
553956501
554208903
-1
720923587
-1
659008574
527175947
-1
-1
535815552
695327693
743164510
-1
683508617
581713039
565791240
495152887
568695585
909275360
498557428
-1
544276006
527175947
769817584
699492087
-1
531834784
484643582
-1
-1
-1
-1
578038506
646484084
-1
-1
-1
601363736
824565877
-1
-1
-1
639896347
752634962
-1
589850209
-1
-1
565791240
546681707
699538398
615330656
-1
-1
-1
597345280
909817480
-1
820727988
630402267
587516918
614313459
503408771
-1
-1
-1
580600639
468154883
-1
-1
570693208
460486554
-1
583945587
894825797
-1
-1
-1
-1
497303889
854389001
527091099
612296049
669010413
-1
593611959
528852292
792380785
774306595
-1
530765212
679122766
-1
536253405
552861718
-1
583752723
595709188
-1
571963723
688125688
583135050
524871488
582235030
-1
-1
620599383
684385510
506414666
-1
501671733
508410100
-1
600528990
573520060
-1
589374597
-1
599941962
987206515
-1
711722513
604146187
-1
485800602
630408345
634634756
558696318
-1
535815552
-1
512777897
-1
875350611
503025570
-1
660949654
-1
-1
-1
615330656
-1
-1
523476707
-1
711360115
562873909
-1
716768355
619589199
536253405
594827345
635306144
-1
-1
506414666
-1
777976506
-1
588376726
578439334
607049595
-1
501671733
-1
594352319
-1
447329928
594827345
-1
-1
-1
498557428
658953770
568741807
-1
-1
567759517
635029595
552127445
536253405
507145362
538242170
-1
-1
-1
565791240
765678397
535815552
-1
-1
-1
-1
529551015
551065726
-1
738608103
551548993
-1
-1
549867083
559551318
679731694
535815552
568741807
703366824
584658688
-1
595504618
767103630
-1
434180037
601363736
-1
-1
580600639
-1
622419903
543055895
-1
-1
484478226
641255692
-1
-1
529226178
583945587
668077018
572972399
-1
739042340
442791448
575233339
619899423
570693208
743705543
619927129
748043035
609118538
597599103
594827345
792309869
-1
539471413
523585534
742581064
709376135
842892872
584658688
-1
-1
594352319
642039099
-1
-1
817479482
-1
-1
527175947
-1
565791240
-1
599773427
-1
-1
594352319
-1
653538701
523585534
837664639
-1
536470086
582411097
639896347
578439334
638679731
-1
535205935
701987775
-1
-1
523585534
616332829
-1
467952847
589850209
683028820
769307871
553956501
-1
539471413
-1
-1
615330656
646769677
858858855
-1
681547656
594352319
-1
515093627
580600639
619927129
617572257
746365425
639139727
477997695
635515486
824622264
583135050
-1
528852292
649002886
-1
523585534
589372969
559551318
736378728
-1
-1
820517066
690648871
596814513
672910101
-1
-1
568081106
-1
672061859
-1
-1
-1
-1
579703241
-1
-1
817851094
615405134
881043699
-1
601363736
756729206
498847679
633412445
-1
-1
-1
688352665
557048334
809944368
534414242
-1
495241580
529226178
535815552
-1
553956501
554208903
691916679
653037885
-1
615038930
536253405
594352319
564640901
635990279
-1
-1
528566233
-1
749510476
523585534
805847090
670706161
567827437
538318874
534414242
620745967
534414242
-1
-1
565791240
782740484
604146187
823409601
-1
-1
711360115
-1
916065215
722980212
-1
544276006
589850209
483437641
-1
-1
629140521
-1
549854646
-1
-1
534414242
-1
536701798
537331319
-1
687616610
-1
-1
542807800
-1
585984373
573236188
-1
-1
-1
594352319
639139727
-1
799900940
568741807
749016465
533421733
-1
620401039
-1
812920328
649940580
594827345
-1
544276006
507132015
535815552
552127445
805965238
416128000
752634962
-1
583752723
753066213
654755436
708246601
635515486
529226178
778005495
849218169
-1
549856793
553887879
-1
616758399
553995750
589850209
445476017
573520060
495241580
549083798
-1
828222941
517638231
-1
-1
683245126
-1
498818123
654804542
554208903
-1
572450142
535815552
-1
641728157
956574792
672478151
758868665
629598139
-1
554208903
666405004
539471413
-1
-1
924191396
495658578
-1
-1
-1
-1
-1
-1
-1
532398180
-1
626661208
575233339
-1
534414242
-1
573520060
703772583
-1
678845460
642514361
-1
490459848
-1
-1
720752495
527111888
871277974
767509145
-1
527091099
-1
620401039
588435825
798599456
-1
905584342
565791240
716491790
462582881
-1
-1
611263002
535815552
-1
-1
-1
-1
545714797
729514361
-1
794231245
482340683
473414828
578016973
806650459
590484170
-1
603233112
495241580
-1
-1
-1
-1
710174814
-1
528826535
-1
591157475
603458699
737015898
710097787
594742513
739584905
622716704
662568674
636895429
538478112
-1
722980212
701207930
549503617
783041834
594107666
-1
-1
534414242
862432922
-1
621022079
-1
879922725
696596133
706669598
529226178
589372969
768451115
635306144
-1
702404213
482574505
947403628
821848155
552127445
-1
-1
-1
589850209
-1
580600639
710840834
860588296
-1
659112738
589374597
-1
-1
-1
638161663
625990708
-1
-1
636386816
579396382
696322019
527175947
-1
473729339
503408771
533421733
-1
-1
-1
671073082
649284347
-1
551164378
-1
536253405
-1
638103445
580923050
619310176
780441612
597071369
840525867
499685524
662084403
810550529
754547127
580600639
598013637
611263002
-1
613418349
725808292
474092627
-1
536776083
594352319
-1
536253405
-1
702430315
-1
-1
761899173
484683991
577449304
688487278
-1
-1
-1
589372969
615405134
794912294
-1
492005237
-1
-1
-1
664375899
676572031
-1
-1
-1
568741807
667931638
-1
-1
-1
635306144
-1
636849647
-1
824192081
-1
-1
626086548
-1
632767239
745440137
594827345
-1
706908970
-1
-1
-1
573520060
544213526
688352665
506414666
-1
517153507
653794838
431130486
-1
-1
-1
-1
-1
594352319
-1
646484084
600603271
670860448
-1
568741807
-1
526468282
536253405
648746617
-1
704925431
-1
661934014
-1
-1
527175947
721263397
533421733
594352319
858858855
-1
-1
-1
494279242
-1
512741420
582411097
633412445
699538398
-1
641927304
555748971
624534938
723568877
534414242
535795041
599773427
-1
-1
570395123
575821926
-1
535815552
914362225
505749618
842367940
594352319
541216568
-1
529226178
506414666
-1
540482299
597226172
589372969
506414666
521442936
-1
654608100
-1
809944368
643019541
631966308
689881488
-1
554208903
529226178
571315663
-1
-1
-1
570626686
-1
682205543
-1
-1
670737440
814990432
814146076
632313903
661207647
719782865
-1
534414242
697892282
738772467
-1
-1
764022721
506414666
534414242
553700099
529226178
535815552
612020439
637941730
627198745
-1
-1
801695087
566699767
-1
538478112
-1
-1
742001436
514210707
649002886
779834131
594352319
560672396
646769677
-1
-1
605422944
-1
527091099
-1
-1
-1
-1
535815552
536253405
-1
589372969
609353444
570786480
-1
544276006
684627159
-1
-1
568695585
-1
-1
577932427
-1
-1
478343064
529226178
495241580
600899898
-1
-1
-1
-1
575550291
-1
722518925
-1
-1
570626686
632210833
506414666
682393500
-1
850891244
-1
467312932
750095022
672345908
616714766
517076627
500146013
-1
603233503
580562959
557701835
553995750
-1
500535186
619685928
646484084
722041601
547067735
-1
744234710
632691417
573520060
500218692
544107752
688209644
720817975
756846976
-1
-1
723568877
671349462
-1
-1
638985347
529226178
586602221
-1
-1
-1
-1
-1
559551318
671312948
-1
-1
549580669
588376726
-1
-1
630180795
861611030
531978732
636386816
-1
546681707
955108727
-1
-1
-1
710840834
630757966
704971091
-1
648746617
573520060
729504167
575821926
-1
-1
597957997
521942589
-1
-1
-1
532590126
553700099
-1
-1
792327512
-1
-1
-1
495241580
-1
502788110
-1
-1
535815552
-1
753191148
646769677
602278754
-1
576509246
-1
-1
648616819
534414242
667931638
650804558
625208598
668942912
900610398
-1
-1
-1
-1
589850209
535815552
-1
559876015
792881759
-1
-1
688929806
779592943
-1
534414242
559551318
559876015
557048334
671982896
540482299
762913704
-1
506414666
615314672
552127445
-1
567759517
594827345
-1
-1
-1
535815552
809096707
-1
536253405
597546373
-1
-1
-1
823409601
630408345
542024653
529226178
-1
857423730
-1
-1
919399938
659112738
479907276
-1
-1
-1
-1
-1
-1
-1
-1
576072250
527175947
-1
694105528
737825760
697536835
-1
573898430
529226178
609753931
604332102
764497850
587045861
652973207
-1
720410441
-1
686582991
625448787
720065262
-1
-1
625448787
769429884
-1
-1
-1
-1
-1
-1
-1
-1
-1
553956501
614306140
534414242
-1
594827345
617120716
739584905
-1
-1
712757420
541994127
549856793
-1
524654917
799352923
-1
552127445
696322019
729250276
578854993
534414242
808151864
558884534
-1
539471413
580600639
-1
700377716
587011456
-1
-1
884057527
604146187
-1
601363736
-1
914362225
534414242
536253405
-1
-1
521442936
860588296
-1
559551318
885477997
-1
528826535
527175947
467371346
737031740
658107372
-1
824284518
-1
-1
-1
-1
597957997
-1
-1
558696318
790323961
545332376
-1
-1
-1
659112738
-1
837869205
582510850
529226178
-1
-1
-1
814990432
-1
-1
812681631
-1
-1
-1
470055737
571315663
620401039
693886040
-1
486811351
638622437
594827345
637941730
-1
-1
640801667
573520060
529214032
-1
-1
-1
562873909
-1
760333054
-1
862557047
832436925
514332245
796921158
-1
-1
483211046
540482299
711198522
-1
589372969
-1
611569756
506414666
-1
-1
640678779
-1
582678125
910096716
591010338
598738208
648746617
-1
524975972
-1
593503552
529226178
-1
-1
-1
-1
897519414
-1
866462022
591157475
-1
-1
684731834
-1
624641604
792166509
527091099
578439334
-1
-1
-1
611864020
679122766
623833396
733564364
-1
553700099
653846871
-1
-1
764790128
630353284
-1
-1
534414242
-1
714666490
808475149
495241580
642039099
489381179
527111888
589850209
596965864
-1
-1
507145362
614101567
-1
730778520
736378728
-1
-1
870128421
568741807
786680417
-1
-1
485800602
484683991
635990279
-1
-1
529226178
611476699
811769764
-1
565791240
495241580
653920344
586885486
879902130
415172145
-1
-1
-1
-1
-1
594827345
-1
536867979
633412445
671073082
-1
529551015
-1
820522024
630402267
540482299
-1
593503552
-1
-1
748043035
693259987
536253405
-1
624641604
955108727
-1
539236671
-1
559876015
-1
544276006
-1
527175947
-1
-1
539471413
591157475
-1
507132015
638622437
625448787
536253405
875495800
654430027
-1
555339685
549580669
773633491
655974515
900169901
751974152
665404593
575233339
-1
-1
802890540
795587733
664928146
589372969
667193423
-1
498788317
-1
552127445
529226178
-1
572427344
712263903
634656369
-1
554300813
635306144
529226178
-1
885293260
712653889
580600639
671306746
536253405
718158618
506414666
720410441
565251094
-1
788698669
667193423
-1
625448787
611712731
659112738
485959045
580923050
529226178
-1
-1
-1
733257477
-1
589850209
-1
594827345
540482299
569929929
591157475
860643958
-1
-1
789690070
-1
-1
620401039
-1
-1
624242410
-1
611263002
587516918
652035550
-1
594827345
749014712
469639790
549856793
501909339
448450351
707631693
-1
596904345
539471413
-1
-1
612985923
-1
672345908
494279242
594352319
484683991
-1
495241580
-1
501010064
774702285
554208903
-1
-1
765682789
704014122
554577432
534414242
550874147
621951652
-1
635515486
-1
-1
713717444
580600639
914163928
-1
548548053
720752495
540482299
527091099
464408691
910740013
661061264
-1
-1
549580669
527111888
543191744
-1
598210227
-1
-1
-1
-1
589850209
-1
593503552
850346104
-1
-1
833685358
-1
-1
529226178
611973895
738503737
535795041
-1
-1
-1
-1
479907276
567827437
-1
-1
-1
553956501
554208903
638111193
634757784
527175947
-1
597226172
901778171
579674426
-1
670247123
904724044
744114101
741748504
-1
820767107
-1
-1
524402789
551164378
533286696
495241580
467312932
-1
740563626
594178399
527175947
-1
450635510
678899146
552909923
615231613
682395660
-1
562873909
791048370
-1
661207647
532398180
-1
-1
688929806
-1
-1
529226178
-1
783753401
643019541
913035620
554846374
-1
456271342
-1
-1
-1
-1
-1
559876015
600243934
672061859
710840834
-1
635990279
625448787
767103630
-1
-1
-1
-1
713569890
495241580
553054054
567487870
834362146
539728779
-1
596965864
-1
-1
933154753
-1
684968490
-1
682393500
-1
692983325
485800602
569929929
-1
-1
744234710
635990279
663849878
-1
-1
529226178
549580669
-1
495241580
-1
639139727
-1
-1
749758229
831957930
481851278
753066213
553956501
933327685
564898938
-1
597370098
678614292
460824376
-1
617039448
-1
-1
-1
687557453
-1
607904114
861537343
606871034
833185653
539471413
621009886
659510656
-1
689799885
870020299
-1
842892872
495241580
-1
799900940
-1
539211066
658953770
690895680
-1
-1
646484084
520570340
480881132
713569890
-1
-1
591157475
-1
540482299
-1
761597526
-1
842326053
-1
795543174
-1
-1
651031952
570758984
862209952
655296159
-1
507910112
534414242
495241580
604146187
622716704
508410100
-1
-1
-1
637941730
495241580
607049595
556363014
-1
636108914
503408771
527175947
594352319
539471413
-1
616332829
-1
638191701
-1
-1
757395345
-1
-1
-1
643832017
-1
662200222
660508141
-1
520570340
558696318
-1
-1
-1
688929806
-1
-1
-1
562873909
-1
539471413
572471437
611263002
-1
761954398
535815552
-1
544987558
615638957
555339685
-1
-1
-1
-1
-1
677205675
507542190
-1
460486554
554208903
551164378
519120990
501010064
544276006
-1
556695757
696774140
-1
-1
-1
549854646
709598913
-1
-1
630427857
-1
594062642
708814105
-1
-1
527175947
797305164
569929929
529226178
870128421
-1
630589787
842397966
545332376
536253405
824192081
-1
-1
-1
501993863
508410100
529226178
-1
542365787
-1
535815552
618042423
527091099
-1
830482271
748314428
-1
535815552
526814252
-1
539275610
602801986
532590126
-1
529226178
733255943
-1
-1
549580669
536253405
774782351
604146187
-1
621491151
-1
-1
519120990
553054054
544987558
-1
620227342
547067735
544276006
-1
-1
737750974
889111445
619899423
-1
925110085
632313903
693638768
599608958
498788317
-1
556778432
-1
688352665
-1
614617596
670706161
688086701
-1
761899173
-1
683232275
-1
549580669
840282247
-1
594352319
613418349
700179921
780668658
-1
467857054
792309869
654985566
527175947
610053530
595709188
-1
611263002
631661030
658529672
761052101
527091099
556045965
-1
535386817
-1
604332102
553700099
-1
615405134
565791240
674508090
-1
604332102
637941730
-1
-1
669886318
690820820
-1
552298882
-1
677938547
533421733
465783132
-1
638622437
-1
570626686
558884534
548136107
570626686
461387604
-1
-1
540482299
637746922
-1
698103489
-1
589372969
548461198
529226178
473414828
-1
-1
-1
651031952
-1
769283196
616390749
-1
-1
585343886
-1
714886770
593271082
-1
780860342
570626686
713391774
570693208
536253405
536253405
658107372
556695757
566733984
568741807
-1
302804475
-1
547802203
614313459
594396386
649958676
556457967
-1
-1
723609771
589374597
-1
699567711
-1
622659448
-1
705384833
533475555
582411097
596904345
649940580
-1
693606197
509632589
554208903
-1
534414242
783359694
648746617
-1
361837673
-1
630589787
-1
535815552
560796601
-1
-1
736568038
615330656
658953770
-1
571368343
-1
-1
-1
-1
658953770
683136461
837869205
-1
-1
732885637
-1
658953770
599732595
765678397
597226172
-1
745715867
506414666
-1
-1
-1
733257477
619914436
-1
599773427
-1
-1
-1
688352665
578439334
536253405
667193423
-1
-1
540482299
645297723
936607711
944282655
573520060
626086548
649958676
816645939
-1
575233339
-1
740821802
-1
-1
835975393
544276006
529226178
839526250
775063293
570758984
725051359
-1
-1
-1
732437699
-1
-1
-1
565067779
720752495
-1
534414242
449462550
534414242
-1
633966570
-1
658953770
666800303
621009886
-1
529226178
-1
553496579
632398819
692696837
-1
-1
-1
-1
657489579
-1
658107372
-1
540482299
-1
580092217
-1
559551318
-1
-1
640320528
826747113
536362113
605624894
-1
-1
449462550
-1
669610181
-1
477557836
631306403
736510901
-1
570626686
622716704
-1
-1
744786252
801856576
448450351
-1
527175947
621103494
-1
-1
-1
581853601
704816568
-1
-1
-1
-1
-1
562873909
536253405
-1
-1
-1
534414242
860588296
688929806
582678125
534414242
701326671
-1
547067735
550878766
593385656
751260238
738772467
669622589
573520060
724586230
521942589
632767239
676572031
552127445
480881132
836391260
607127004
956574792
-1
-1
-1
667193423
580600639
743705543
-1
772298386
-1
557048334
553956501
-1
592732135
652537625
620401039
-1
935002875
674651975
-1
650713121
529226178
594352319
-1
-1
521942589
527091099
918398903
722427789
671480765
592931722
705352199
662414798
737014481
594352319
516398313
-1
669886318
536253405
624641604
552127445
752830937
534414242
735126831
864543569
-1
710840834
490611795
-1
639237182
565791240
-1
-1
-1
-1
851472005
728264895
-1
591157475
541994127
-1
-1
-1
-1
580600639
722518925
544987558
547395939
-1
720159026
812639243
-1
-1
698885025
697150644
588435825
539236671
641927304
752934214
539471413
-1
-1
-1
-1
308381245
-1
597988031
644323552
-1
570626686
-1
648746617
534414242
605171856
542807800
-1
-1
553700099
-1
589199820
661033299
-1
527091099
769792126
534414242
748590212
593874980
635029595
534414242
540482299
-1
-1
527175947
582510850
578439334
582411097
670737440
630858772
-1
485959045
-1
628935662
536253405
-1
547067735
597957997
-1
683890424
-1
-1
636476767
652537625
-1
-1
589850209
-1
-1
602862075
689570233
535815552
536253405
636386816
506414666
574301735
-1
-1
763491600
495241580
614617596
503408771
607049595
553956501
-1
530047469
573225156
597226172
604146187
594352319
663849878
671073082
502788110
-1
533421733
736652822
-1
547067735
562873909
-1
831465748
568507483
584619047
534414242
635306144
685275460
-1
658179826
737750974
708814105
-1
-1
619914436
-1
881555351
752634962
619927129
-1
598738208
929759094
873278720
571315663
555660415
513610341
737750974
-1
-1
646201154
-1
498782461
669110215
575458686
549867083
574301735
565791240
573520060
-1
-1
-1
611712731
-1
586649482
-1
-1
-1
652537625
666979582
674200769
630180795
-1
-1
-1
-1
-1
-1
-1
529226178
786500994
630180795
-1
580562959
-1
527175947
-1
-1
-1
569929929
742806191
770451409
566452107
533421733
568741807
536253405
-1
-1
644412367
-1
-1
-1
615405134
559551318
894990305
576773997
484683991
710840834
553956501
-1
594352319
675192566
615330656
-1
-1
678005193
-1
119173550
-1
-1
708109836
574082708
-1
513580714
651031952
826488737
-1
575821926
568592220
-1
589850209
732316631
-1
953334912
669654031
-1
636362455
644323552
448450351
-1
549916316
-1
-1
539607846
667193423
-1
594396386
873795431
587516918
599941962
549856793
688352665
539667996
800980177
-1
-1
-1
-1
557048334
-1
-1
-1
-1
-1
-1
507132015
545775913
534414242
568741807
544276006
552127445
673224607
528826535
549562905
-1
538334374
685489750
591157475
820767107
-1
524975972
621022079
-1
796921158
-1
588376726
521884801
638589438
588376726
570830038
635321048
539471413
-1
-1
477242112
710523681
683508617
568695585
840282247
710840834
-1
575269802
619349118
673843996
587011456
568741807
909105990
888242016
541994127
-1
-1
529226178
529226178
554208903
615405134
820708374
539728779
740233719
691949248
-1
530517247
530755065
685275460
598509048
575915134
-1
565791240
480881132
544987558
-1
-1
-1
632313903
-1
-1
760672283
-1
906008081
730303964
-1
506414666
740632892
-1
-1
-1
578439334
782476652
-1
-1
429386297
529226178
-1
754547127
535815552
533421733
-1
-1
654180557
-1
-1
-1
679122766
821848155
580600639
-1
598509048
-1
805965238
534414242
864928825
544276006
-1
-1
842338084
552127445
612020439
534414242
786245906
-1
-1
553956501
612985923
-1
482574505
-1
-1
-1
-1
602321912
-1
394273202
-1
799961513
-1
534414242
-1
790942598
506414666
-1
-1
579904329
-1
-1
581710280
484643582
-1
-1
667193423
-1
-1
-1
784120373
527175947
553054054
837183088
-1
559876015
592906497
900346185
646769677
-1
-1
-1
548913858
-1
611264657
527091099
-1
564321202
-1
495241580
587489330
-1
616816094
594352319
-1
-1
495338821
551150980
-1
506414666
729132038
-1
721314683
628282872
-1
589064558
684385510
865865306
-1
-1
-1
486811351
588376726
506414666
590484170
495241580
-1
-1
-1
486811351
744114101
-1
690741772
-1
720967391
-1
903464890
604146187
540482299
529226178
630427857
-1
467312932
667193423
667193423
791681233
469721926
-1
555339685
733668984
588376726
-1
-1
757641505
506414666
670002400
748043035
560672396
594742513
-1
-1
551164378
-1
684385510
568741807
553054054
916065215
-1
529045200
-1
679731694
-1
549856793
660943041
531834784
549580669
-1
-1
679132233
606122168
-1
495035073
567759517
562873909
550878766
578439334
-1
646223057
-1
534414242
527175947
532590126
-1
-1
-1
580600639
620401039
474458980
-1
-1
559551318
615330656
544276006
723568877
580600639
-1
562873909
-1
507132015
-1
743705543
583807253
723609771
568741807
486811351
589850209
-1
-1
-1
-1
-1
536253405
534414242
-1
615816539
450635510
-1
-1
716828556
-1
-1
544276006
-1
-1
503025570
-1
552127445
565791240
631403010
847779893
565791240
658107372
565791240
593503552
624641604
774702285
748043035
805847090
766404125
-1
688929806
-1
-1
-1
-1
-1
519120990
534414242
808475149
-1
-1
-1
-1
518425481
-1
599732595
-1
536253405
529226178
532398180
521597765
-1
-1
-1
663849878
495241580
761517523
544987558
658107372
597226172
544987558
544987558
-1
560796601
529226178
-1
-1
460869984
529226178
695038285
815842029
599773427
604146187
624641604
591157475
676849832
-1
-1
334416259
594352319
-1
-1
669622589
-1
786824663
-1
-1
902820809
534414242
-1
956574792
638985347
616332829
775178992
565791240
-1
-1
499864288
712990194
-1
-1
-1
589850209
635321048
-1
599732595
588376726
-1
788270032
582411097
793802719
506414666
842338084
469721926
-1
591157475
-1
882485264
551065726
535815552
886055483
-1
-1
-1
-1
545332376
570626686
719784817
-1
688086701
539471413
565274598
-1
662051919
622716704
-1
547067735
699783245
-1
706069009
-1
543191744
497978487
607049595
720803391
671981618
-1
477071211
533421733
544276006
529226178
-1
-1
831465748
573898430
702404213
-1
582411097
531324737
570626686
-1
-1
715483672
-1
565382245
-1
447150641
542358093
-1
539471413
-1
580600639
-1
-1
-1
565067779
580600639
820708374
-1
534414242
-1
-1
823626450
744994765
451270816
-1
567369124
-1
616390749
-1
652310979
895562985
722576627
-1
574000522
578439334
534414242
565791240
-1
575233339
774782351
653538701
696524829
534414242
511118115
597502475
658107372
653794838
-1
758128548
556045965
-1
669010413
669886318
483217292
502788110
-1
-1
620401039
782731673
-1
648746617
712188183
544987558
522977663
544107752
544987558
-1
-1
-1
643019541
630226774
-1
-1
538334374
589958833
565756718
819676384
473414828
625448787
684968490
854249652
533421733
509225512
-1
597226172
-1
-1
-1
-1
535815552
563505738
553054054
-1
562393461
-1
578439334
535815552
850346104
-1
589850209
724724332
430234033
-1
-1
535815552
639756660
-1
689300089
529226178
795038667
568741807
-1
745588970
-1
611263002
-1
579396382
767930159
-1
661550373
-1
-1
772053696
495241580
527175947
-1
506414666
511348968
530765212
358225149
539471413
-1
533421733
634356765
573520060
658107372
-1
-1
-1
739584905
619495823
631883897
553995750
-1
688352665
633830896
529226178
565791240
-1
-1
680879573
-1
826920477
448450351
-1
580600639
-1
597226172
720752495
624641604
713391774
646900749
-1
495241580
553995750
611263002
548153284
-1
-1
613418349
-1
721537792
564577566
555350797
800903612
624641604
539471413
-1
928641253
668213447
594742513
-1
786500994
972110239
591419699
805965238
552136558
-1
733257477
536253405
-1
617975707
625990708
545332376
478343064
-1
663849878
870128421
-1
772985595
-1
551540900
-1
-1
668701841
682520554
568741807
-1
552127445
589850209
-1
490459848
688352665
591157475
535815552
-1
675077818
-1
-1
811421156
611263002
534414242
-1
562873909
670046928
523585534
-1
-1
-1
606745445
534414242
-1
578038506
611263002
565791240
-1
698103489
536253405
-1
750131345
-1
-1
532705728
477242112
-1
881587893
-1
495241580
724586230
611263002
721344198
-1
597226172
495241580
738503737
608691995
-1
520652099
625448787
-1
724230532
531978732
-1
658107372
-1
-1
554208903
484683991
723568877
536253405
588351985
834253044
-1
788341873
658953770
-1
786500994
554577432
615038930
503408771
762913704
617034036
570693208
758438243
534414242
-1
-1
617120716
615330656
747638522
782003431
906526676
670518407
552127445
-1
-1
547067735
734305917
-1
-1
563842009
-1
554208903
820517066
-1
682945403
565791240
571414201
532955318
-1
495241580
-1
-1
-1
425938178
636849647
733819465
596952373
615125847
589850209
-1
-1
603968099
506414666
-1
782003431
738772467
-1
595709188
625448787
557048334
689799885
-1
670709128
-1
-1
805965238
786500994
665360714
-1
539728779
-1
-1
630408345
-1
580923050
536253405
425938178
699778750
539471413
-1
568515547
616390749
-1
727597985
-1
541216568
788698669
-1
-1
-1
-1
625468784
-1
792309869
508631498
589850209
676016539
800938978
506414666
742004194
597226172
-1
529226178
-1
-1
-1
474632664
873795431
-1
770451409
594830356
722980212
-1
521338668
-1
658953770
544276006
571315663
-1
652537625
-1
628250664
720817975
-1
-1
-1
535815552
521597765
535205935
654956265
529226178
555339685
-1
646484084
-1
539728779
864928825
506414666
736510901
675077818
-1
688819226
661135395
905584342
539471413
-1
-1
713166839
506414666
-1
507132015
724586230
535815552
663849878
698498543
667304122
-1
672560591
-1
578439334
524975972
604900196
-1
589372969
-1
508410100
693886040
-1
-1
825134666
529226178
479907276
652071562
742004194
683028820
467405010
844547227
724016401
-1
-1
617927596
621009886
-1
858858855
553038069
-1
521942589
574301735
-1
913035620
473414828
624534938
-1
744786252
-1
556695757
-1
-1
579165495
871121754
744234710
-1
-1
534414242
473838254
-1
712990194
-1
508410100
602321912
-1
-1
562873909
-1
-1
541216568
553700099
597226172
-1
728264895
492125144
786094368
529226178
-1
600567098
568741807
540482299
536362113
566699767
-1
729514361
-1
-1
679122766
-1
564063121
-1
-1
847779893
-1
685275460
-1
747154584
601363736
535815552
-1
643292807
749795843
668701841
-1
667193423
582411097
490459848
612020439
-1
786053145
600308513
577798565
722980212
-1
574244883
-1
-1
540482299
592931722
654354306
-1
587516918
-1
-1
506414666
544107752
648746617
-1
-1
-1
480881132
-1
533286696
605422944
535815552
552776788
579323160
514199744
890451993
603233503
575233339
535815552
701207930
-1
-1
-1
552127445
-1
-1
-1
506414666
534414242
529226178
540833813
619899423
-1
-1
667197271
-1
-1
864543569
550454382
-1
646858045
778748749
625448787
-1
-1
506414666
-1
531834784
597226172
-1
744285604
570395123
752830937
-1
649002886
-1
762576237
543191744
580600639
536776083
906526676
-1
-1
534414242
-1
607707568
-1
779592943
820019825
865865306
448450351
671349462
-1
542489465
-1
594352319
-1
589850209
-1
755206680
-1
711360115
635376740
539471413
574865649
749016465
655532914
527175947
659910312
-1
550023228
670518407
750691508
-1
757711295
578439334
534414242
844593079
598408050
502788110
-1
782740484
767462125
-1
593694288
-1
821848155
752634962
627392579
490611795
-1
-1
534414242
646484084
789690070
-1
-1
582411097
507049014
559551318
573520060
-1
495241580
536253405
644323552
527175947
648345021
712990194
539236671
521442936
-1
538002203
556241044
-1
751568338
656102415
-1
-1
594827345
508410100
565791240
534414242
675192566
-1
-1
607049595
-1
529226178
510035157
659800323
433975595
611263002
615330656
644653381
506414666
654804542
-1
565067779
688251523
575233339
589372969
742441540
498438399
506288891
-1
-1
688929806
705914371
552127445
635029595
-1
539471413
620401039
495241580
617120716
531834784
-1
578565297
851084740
550878766
523585534
-1
552127445
630408345
560881422
635321048
817479482
-1
584658688
-1
474092627
-1
-1
606222531
-1
-1
-1
-1
-1
535815552
592906497
-1
632125644
-1
666202794
511849336
549856793
710840834
-1
-1
796131353
603233503
595557981
454467146
531978732
581282885
450635510
553496579
484643582
-1
-1
-1
-1
712990194
604332102
-1
-1
730778520
539728779
-1
888221794
552127445
630589787
655223857
505749618
-1
810567951
-1
495241580
678005193
-1
666979582
506288891
607049595
-1
529226178
569929929
-1
524654917
567759517
758128548
641714619
-1
746135800
-1
716828556
476871040
670557198
-1
473729339
458025163
700673946
723568877
658107372
539471413
597165695
502498865
-1
716828556
494279242
-1
558884534
637941730
622301817
-1
583752723
-1
867297785
724586230
-1
-1
-1
-1
-1
-1
-1
-1
636316966
545332376
501820107
-1
-1
-1
638985347
-1
535815552
529226178
621470745
534414242
-1
535815552
-1
633412445
-1
473414828
527175947
589850209
540482299
594827345
-1
-1
617572257
495241580
-1
553956501
935596604
544276006
536253405
503408771
535815552
-1
740563626
-1
558884534
-1
-1
529226178
495241580
554577432
555339685
769179859
801695087
-1
-1
579165495
667245778
666405004
-1
535815552
467952847
-1
495241580
623372278
539471413
501010064
-1
549856793
825134666
569929929
-1
648746617
534414242
622000720
692605823
619310176
-1
494279242
552136558
720532544
594352319
629385105
562873909
-1
511849336
835244792
-1
535815552
812639243
-1
617034036
589850209
707365564
-1
506414666
745819692
-1
-1
644897597
579630064
-1
850346104
695038285
565791240
-1
-1
805965238
622716704
-1
453478011
498441992
-1
536253405
863479504
-1
-1
558336603
532590126
502788110
506414666
709267257
-1
648746617
722980212
512777897
594827345
604332102
736386689
-1
559472107
684385510
584619047
-1
606871034
774782351
676238784
766218347
670737440
529764538
-1
870128421
700579512
800715005
-1
-1
573520060
-1
596965864
620745967
987206515
-1
-1
500146013
-1
-1
508631498
700608994
594352319
-1
-1
-1
819297496
748397985
542220697
-1
597226172
788305497
763476805
720159026
-1
670373301
552127445
503408771
-1
749510476
597071369
708498019
-1
513117481
736510901
-1
615330656
506414666
666405004
-1
608365723
523585534
528826535
-1
-1
-1
569929929
-1
737049426
776396147
-1
473414828
905810817
678005193
658953770
802890540
660570356
634634756
-1
616714766
514332245
479907276
-1
-1
-1
651031952
-1
543191744
811769764
534414242
591157475
-1
-1
-1
625361973
-1
-1
788270032
536253405
-1
721314683
-1
-1
534414242
-1
606122168
-1
612985923
-1
708696566
-1
570786480
534414242
-1
746629098
-1
574865649
-1
-1
-1
630180795
495241580
-1
-1
584944079
-1
609074726
790942598
672738589
624853236
596965864
-1
555660415
571188990
751568338
574301735
-1
568695585
554208903
529226178
448450351
-1
564836143
-1
495241580
647376882
543730411
786680417
-1
547067875
636386816
-1
564640901
646484084
804409157
534414242
534414242
616743650
552127445
-1
-1
-1
580092217
-1
-1
701996989
754614757
837664639
569929929
-1
-1
599773427
-1
672345908
610238043
725152642
-1
786500994
688279016
536253405
-1
621067138
632313903
539471413
440626000
-1
553496579
-1
-1
-1
-1
-1
-1
580600639
-1
813960750
506414666
831465748
724586230
485800602
-1
689828758
533421733
642383132
-1
-1
536834978
-1
873795431
545332376
-1
660452505
814471768
689300089
-1
-1
737027226
507132015
521442936
649284347
529226178
683028820
594352319
589372969
686013931
425938178
-1
594827345
-1
551164378
-1
506414666
-1
640320528
750095022
599732595
549856793
570626686
650804558
615306038
-1
-1
-1
-1
556695757
484683991
-1
714085701
568741807
567036674
-1
840525867
606222531
611264657
-1
-1
473414828
528826535
672560591
-1
820489339
622111852
-1
719430880
-1
-1
575821926
672560591
-1
-1
599608958
-1
-1
-1
696352656
507132015
-1
-1
-1
519120990
670713728
-1
-1
617690531
637347700
-1
-1
-1
535815552
689300089
-1
-1
565067779
-1
-1
808582809
-1
536253405
723609771
558336603
646484084
-1
-1
632148761
-1
554208903
636316966
-1
592931722
-1
-1
840282247
-1
550546890
-1
635990279
-1
649002886
-1
589850209
623461137
774306595
710880769
552136558
763840996
582411097
594827345
656392887
-1
-1
589850209
473523480
-1
-1
-1
-1
-1
594827345
670046928
613418349
612985923
552909923
-1
-1
-1
-1
-1
534414242
529226178
764022721
529226178
693295476
-1
-1
543191744
737750974
600797315
830792031
597345280
659112738
600603271
-1
615306038
658375729
870938289
630408345
834123444
-1
652537625
506414666
-1
-1
495241580
-1
549916316
-1
-1
-1
539446313
910096716
-1
-1
553956501
555339685
772985595
658953770
529226178
-1
-1
506414666
-1
495241580
689799885
567827437
714100310
-1
-1
868454413
-1
694954988
-1
584658688
527175947
615405134
714085701
-1
643019541
611263002
502788110
490419428
642039099
503408771
487537983
670373301
-1
-1
490611795
533765063
782740484
730778520
764333125
-1
-1
-1
-1
-1
586649482
651559081
-1
-1
-1
536253405
671480765
818222802
-1
674200769
-1
-1
-1
696322019
-1
-1
-1
809952315
541895480
-1
-1
-1
550762702
503408771
611263002
748590212
536253405
575388990
-1
560672396
448450351
555339685
663849878
810567951
599549556
534414242
693295476
587489330
713594758
-1
-1
591157475
-1
588376726
-1
-1
565791240
-1
936607711
665994284
692774485
578439334
-1
-1
-1
-1
-1
595709188
-1
530755065
814990432
658953770
-1
697892282
732437699
846416515
628902819
-1
429913237
810567951
-1
479907276
589850209
520719934
-1
-1
513117481
675077818
-1
588021661
-1
-1
673952517
575233339
630589787
597226172
690898928
533421733
561749777
671116136
-1
-1
599732595
914370808
602321912
-1
586602221
669010413
-1
898006070
850346104
549856793
492726131
607049595
634468085
-1
638622437
628282872
640005523
828436382
669610181
529226178
802705172
539471413
635515486
486500497
-1
646484084
-1
-1
501671733
607171044
-1
-1
573520060
-1
786500994
564574383
473414828
-1
593694288
688352665
-1
564898938
-1
-1
582411097
599191725
835605235
578395823
-1
-1
615038930
610579166
-1
-1
800805387
517836081
627586068
611263002
602137131
617572257
-1
-1
665640923
753066213
-1
675523368
-1
615038930
560796601
722980212
-1
796131353
529226178
495241580
883774497
914163928
478938548
-1
565791240
-1
-1
-1
624641604
-1
-1
-1
484643582
516707920
565791240
599732595
-1
736652822
-1
754547127
599773427
-1
615405134
554208903
751897246
694613762
588376726
632767239
-1
-1
-1
748043035
558922673
556045965
-1
-1
506414666
-1
490611795
-1
571958851
658953770
544107752
-1
529226178
552127445
549854646
728264895
-1
-1
565791240
530755065
-1
-1
864928825
475019014
622419903
-1
778832025
540482299
560672396
866620437
542205855
633150712
-1
-1
737373119
529226178
635321048
495241580
473414828
651387821
-1
616758399
805965238
695067005
-1
-1
-1
503025570
778438723
-1
-1
-1
627392579
495241580
615330656
625448787
644912048
638161663
-1
-1
-1
-1
565791240
661033299
568741807
661276825
-1
-1
593874980
536253405
716768355
-1
-1
-1
578439334
635306144
473414828
604332102
-1
599549556
-1
-1
-1
-1
689310772
670002400
464219350
524654917
787498519
-1
527175947
-1
-1
578439334
-1
535815552
549856793
-1
786094368
817479482
-1
764333125
-1
-1
-1
495241580
758868665
-1
506414666
521442936
-1
533421733
-1
523585534
699651809
559876015
529226178
684731834
-1
484683991
597165695
531978732
732778042
534414242
-1
478055800
527175947
-1
604146187
-1
630589787
565791240
809952315
624242410
-1
-1
564640901
495241580
-1
536253405
527091099
-1
-1
744234710
-1
587584396
594352319
-1
480881132
-1
467405010
-1
542205855
-1
573520060
-1
-1
658079820
599549556
552603318
558884534
-1
606339931
-1
528631148
833223842
588376726
553956501
529226178
527175947
594827345
646769677
534414242
550874147
593096928
535815552
575233339
570626686
-1
-1
639756660
727990648
632421694
744234710
-1
540482299
-1
-1
-1
-1
505202236
-1
680879573
573520060
-1
583915146
-1
586602221
526814252
613269005
-1
-1
-1
606122168
-1
706669598
541836477
877255308
622661072
-1
-1
928641253
580148318
599051534
-1
614101567
-1
-1
853669911
-1
556695757
589850209
-1
506414666
-1
544276006
-1
753066213
456058193
658107372
597546373
523321510
828660063
-1
-1
622716704
679395324
-1
591974367
490880036
-1
587584396
536253405
-1
799961513
534414242
-1
535815552
694173218
606745445
533421733
536253405
565791240
551065726
-1
673911141
-1
506414666
-1
-1
-1
486811351
558625004
580600639
536253405
584658688
720154934
-1
575388990
541895480
594352319
635990279
-1
667193423
-1
-1
754904460
-1
-1
722980212
-1
-1
-1
722576627
-1
-1
547067735
589850209
594352319
669110215
-1
-1
878721445
-1
516293552
559551318
-1
551540900
-1
-1
769429884
-1
715483672
531944892
506414666
737748466
-1
638622437
616390749
729132038
529226178
-1
644912048
-1
570143506
535815552
745715867
549856793
670860448
699280146
-1
658953770
531574578
-1
596251977
-1
-1
650105616
-1
544987558
-1
-1
-1
599191725
543191744
573520060
570693208
547295692
404198985
-1
562091265
603233503
-1
-1
544276006
599773427
468154883
477545524
-1
-1
767930159
689799885
688352665
-1
565791240
484683991
685275460
594827345
-1
800715005
-1
700377716
-1
534121424
-1
611263002
563356482
-1
658107372
628282872
-1
-1
-1
626086548
-1
-1
-1
-1
-1
482574505
-1
501567311
-1
544276006
479907276
-1
550334648
-1
-1
746060376
554577432
686582991
527175947
553900462
593503552
530755065
-1
565791240
-1
-1
557048334
-1
529226178
620401039
639896347
552909923
481640497
635990279
602801986
-1
-1
675523368
-1
483217292
-1
523476707
-1
-1
-1
-1
690548650
814990432
670706161
-1
714886770
-1
-1
842397966
-1
-1
507542190
791850559
656020714
580600639
824622264
539471413
588376726
600899898
554577432
615306038
-1
723455124
-1
544276006
-1
489163071
-1
-1
506414666
534414242
-1
713024979
619117998
683890424
553956501
-1
668701841
-1
670046928
578439334
-1
536776083
611263002
-1
632313903
627840639
-1
610759556
551229216
-1
-1
576509246
-1
-1
594352319
534414242
-1
-1
-1
527175947
-1
-1
580923050
-1
665282357
540482299
-1
628138826
589850209
594742513
708246601
793209032
-1
553038069
716491790
588376726
-1
689799885
529226178
507132015
-1
-1
651031952
563138031
-1
534414242
732437699
762576237
552127445
-1
-1
-1
-1
529226178
682945403
530755065
671116136
829109356
-1
535815552
501010064
565251094
928641253
696352656
-1
868764995
594352319
536253405
-1
688352665
-1
622111852
591157475
-1
584658688
-1
-1
-1
519120990
600797315
-1
700179921
527175947
619914436
-1
578439334
810386578
701207930
888221794
630180795
611263002
-1
624641604
-1
573520060
-1
639139727
534414242
473414828
590258790
569929929
-1
-1
774702285
554208903
665640923
-1
578439334
-1
708548765
-1
551548993
589850209
867723534
666202794
-1
615405134
-1
633412445
534414242
-1
-1
661961356
-1
646484084
414329529
-1
-1
-1
-1
484683991
591157475
-1
-1
578439334
571315663
556045965
508410100
-1
501671733
588322452
-1
-1
944282655
671981618
596965864
-1
687214328
450635510
633966570
635109996
824441043
495241580
535815552
724016401
-1
-1
566426573
-1
-1
512777897
473414828
-1
-1
620401039
684385510
-1
809952315
631661030
-1
697483232
529226178
-1
508410100
668215208
-1
-1
628331456
-1
-1
-1
536253405
-1
561358755
-1
578439334
805946522
643292807
-1
-1
-1
506414666
651611783
568741807
-1
568741807
-1
506414666
507132015
575821926
570626686
667193423
641714619
670860448
440626000
503414659
582510850
-1
588435825
540482299
577932427
619914436
696352656
-1
-1
628331456
524798128
-1
544276006
-1
540482299
627392579
-1
582411097
583248561
733227955
801105311
-1
-1
737639849
529226178
-1
-1
-1
-1
505828799
670002400
591157475
534414242
531978732
-1
616637909
632421694
724016401
527175947
630408345
693649169
467312932
-1
570665431
-1
704971091
-1
849010536
-1
531834784
-1
609074726
-1
786094368
-1
529226178
-1
-1
508841166
-1
770451409
-1
786500994
705914371
578439334
555339685
549679328
794577991
-1
-1
690898928
593694288
541216568
-1
568741807
513580714
535815552
569929929
844593079
719823154
529226178
706122776
-1
-1
-1
614617596
-1
-1
669886318
646484084
515613819
541895480
519381304
611263002
-1
-1
888221794
-1
535815552
779592943
484683991
685034576
557048334
600012323
-1
556695757
763840996
657532648
-1
794384399
-1
684731834
538912638
578439334
-1
630408345
-1
-1
535815552
-1
615038930
521442936
602801986
531834784
533421733
-1
-1
-1
554208903
-1
616743650
-1
549891391
559876015
-1
-1
793077326
710189882
544987558
597226172
529226178
514210707
530517247
-1
552127445
-1
606505221
-1
527091099
591991375
729504167
710880769
606745445
-1
639801443
551540900
820708374
645479207
-1
595557981
850891244
536253405
-1
540482299
599549556
714886770
792017900
-1
503408771
-1
-1
850346104
495241580
-1
-1
-1
711614633
688158309
-1
-1
-1
-1
-1
573898430
-1
766218347
490459848
572972399
594107666
-1
615405134
557400525
-1
512361248
588376726
515262160
567590296
565791240
799961513
-1
630353284
748397985
-1
555748971
-1
-1
588376726
618135857
-1
567036674
567590296
495241580
-1
765682789
-1
630180795
541895480
625990708
795082182
503408771
552909923
-1
-1
552127445
616390749
-1
-1
829594295
660219558
589850209
-1
529226178
-1
425938178
651031952
-1
782740484
-1
795038667
-1
580600639
551065726
480881132
782476652
484683991
-1
624472644
-1
703691818
534414242
773927642
-1
611263002
-1
507132015
529226178
-1
577714443
536253405
549856793
568741807
591157475
-1
-1
-1
586423361
-1
449462550
782507971
-1
-1
573245865
566699767
534414242
-1
637282371
-1
577298378
590484170
-1
452822404
861966625
-1
-1
507461377
475464984
-1
-1
-1
-1
-1
594827345
-1
-1
479907276
-1
-1
639756660
-1
-1
589850209
-1
636386816
-1
644653381
551164378
-1
692983325
-1
-1
529226178
-1
535815552
641367940
553956501
-1
-1
594827345
-1
532818093
-1
551164378
-1
671073082
-1
-1
810208367
590539295
716857383
599608958
648616819
658079820
544987558
861015541
-1
-1
-1
-1
568694531
-1
564321202
-1
-1
548136107
-1
554208903
-1
540482299
597165695
684491255
565791240
-1
885293260
-1
578439334
761318420
710097787
601363736
531978732
-1
536253405
565067779
696352656
-1
559876015
689686221
786094368
-1
943624549
-1
619899423
-1
480881132
622111852
-1
646484084
648746617
-1
-1
-1
532590126
-1
-1
534414242
-1
-1
774234423
638191701
602598345
-1
606871034
-1
-1
-1
615330656
599773427
751568338
-1
607171044
527175947
-1
535815552
-1
-1
-1
-1
611263002
670046928
-1
535815552
549856793
620227342
616758399
-1
-1
534414242
712592040
533421733
650713121
553995750
699869685
671174233
819297496
-1
594352319
-1
539471413
479907276
-1
534414242
-1
608159086
914563684
567287419
-1
684385510
602942314
932292972
651031952
634658306
583159825
-1
-1
678614292
-1
540482299
795038667
-1
-1
536253405
-1
490611795
-1
578565297
722576627
532705728
668356641
684385510
-1
635649441
-1
549580669
507132015
523585534
752830937
604146187
544276006
-1
511849336
573520060
619899423
467371346
570765676
-1
611263002
539275610
-1
-1
-1
527175947
691146468
539471413
495241580
489381179
539236671
723940749
802098951
553887879
592906497
-1
611476699
604146187
568741807
880124853
492726131
-1
905584342
485800602
582411097
-1
495241580
553956501
765755492
484683991
702404213
-1
-1
-1
467312932
-1
554300813
565791240
599608958
580562959
663442035
567759517
563784867
-1
539471413
-1
-1
358024827
-1
651635593
653307799
597493737
686013931
-1
-1
-1
573520060
639139727
-1
-1
678188317
-1
552127445
-1
-1
483217292
662223747
658079820
590484170
869079926
622000720
667193423
-1
-1
409055589
-1
-1
597599103
565791240
554208903
685275460
648746617
686060360
-1
-1
-1
565791240
-1
737753836
618445404
594352319
595557981
-1
-1
-1
-1
834705636
583135050
539607846
-1
628383148
806649905
536253405
749378660
591157475
-1
-1
632801791
930208057
811769764
569929929
599773427
809184337
-1
710700944
-1
-1
768472019
553956501
733257477
906008081
-1
541045242
444275869
-1
-1
588021661
562873909
901238400
-1
601363736
620401039
495241580
589850209
527175947
-1
564574383
708148149
712990194
-1
-1
533421733
-1
702063284
449462550
536995781
604332102
-1
506999879
527175947
-1
-1
439288300
660222315
-1
-1
617120716
429913237
598408050
606871034
539471413
536253405
630353284
-1
663849878
805169343
-1
-1
-1
589850209
597165695
-1
536253405
587516918
589064558
506414666
-1
485800602
527175947
593503552
661033299
-1
594800412
495241580
506414666
683136461
449462550
536253405
-1
671116136
-1
-1
-1
-1
-1
-1
-1
-1
565791240
663849878
535815552
-1
763652473
654354227
-1
495241580
-1
578565297
-1
789690070
-1
-1
553700099
535815552
685275460
-1
534414242
753664204
-1
692696837
-1
685592109
-1
-1
495241580
573520060
747498213
570626686
551150980
699626552
565912518
-1
555339685
717760690
-1
575233339
-1
-1
706669598
712577116
-1
-1
529226178
638191701
495241580
664383173
897519414
786500994
-1
-1
-1
-1
565791240
527175947
-1
-1
592847181
-1
589372969
-1
729616488
635990279
-1
-1
535815552
594827345
763476805
632101318
-1
576916956
714085701
900624202
-1
534414242
527175947
-1
811625597
688352665
535205935
-1
644130432
602321912
613592300
611263002
539471413
-1
615306038
535815552
615405134
722859294
534414242
495241580
939587888
531978732
523585534
-1
-1
624641604
610053530
630180795
-1
-1
615330822
529226178
-1
-1
536253405
770044535
536776083
628902819
573520060
-1
536451031
519120990
-1
-1
433392211
557442117
-1
597226172
-1
612841741
-1
-1
554208903
695327693
-1
559088460
765294809
560672396
-1
529226178
779445765
754811948
831465748
-1
591974367
-1
495152887
749795843
781109959
-1
691621848
-1
688929806
463375505
630408345
728497734
578439334
-1
674277671
575915134
495241580
-1
534414242
564321202
-1
810567951
608691995
-1
700374564
616332829
-1
559551318
-1
682952030
638622437
460824376
905584342
784095805
563049235
508410100
-1
-1
-1
763543060
541994127
701386030
539471413
686013931
795543174
495241580
566548859
-1
-1
-1
568741807
-1
-1
529226178
724155464
834362146
-1
722980212
-1
554208903
531834784
-1
837664639
-1
478343064
594352319
-1
564321202
621563351
531834784
511348968
-1
-1
-1
570626686
-1
-1
-1
-1
480881132
661343730
694379265
600797315
845379925
549580669
-1
489381179
-1
-1
744786252
-1
743011825
533421733
820489339
-1
484683991
529226178
565026409
593724272
-1
-1
551164378
535815552
-1
516626620
506414666
-1
728497734
529226178
579674426
-1
573236188
683818978
547469252
508410100
594827345
805191818
565791240
-1
544276006
-1
-1
704925431
-1
594352319
565067779
723295917
-1
878598997
-1
-1
636386816
551065726
588376726
-1
811568120
529226178
-1
711610986
665282357
480513387
565251094
-1
626086548
565912518
-1
549580669
-1
-1
-1
589372969
529226178
734806377
535815552
-1
-1
-1
579703241
-1
570395123
821869789
569245512
800715005
-1
-1
667193423
-1
888088012
550762702
-1
-1
672560591
594352319
670046928
-1
-1
808794109
593503552
549856793
-1
-1
832480255
693606197
527175947
-1
536253405
-1
473414828
-1
534414242
565791240
582411097
594827345
619602801
506414666
534414242
570693208
-1
760506096
534823630
697536835
529226178
619899423
720817975
616390749
678708046
589850209
909021812
-1
-1
-1
596878098
-1
-1
-1
-1
560672396
752634962
536253405
592847181
539471413
621563351
-1
535815552
-1
-1
467952847
796131353
-1
624641604
527091099
-1
782003431
539471413
662568674
544276006
-1
723295917
744786252
-1
532590126
-1
559876015
506414666
-1
-1
714419320
556457967
520570340
530730933
-1
553700099
565791240
692046212
-1
536253405
593503552
-1
-1
-1
639756660
-1
-1
-1
794912294
538912638
527175947
737014481
614617596
-1
609655973
774702285
-1
569291750
-1
-1
856940726
-1
-1
568741807
-1
-1
579703241
556695757
604471194
635321048
529226178
-1
-1
702404213
599773427
-1
540482299
-1
-1
-1
665360714
601363736
905584342
-1
689300089
-1
722576627
527091099
676849832
473414828
-1
484683991
604332102
542205855
-1
693886040
-1
648746617
651031952
-1
-1
752934214
724865685
858875065
597599103
688929806
791345372
604146187
-1
-1
758438243
-1
-1
-1
782003431
589850209
-1
-1
551164378
568507483
-1
552127445
539471413
587011456
527175947
-1
-1
580148318
-1
-1
529226178
-1
818203257
-1
-1
765710742
792327512
575388990
-1
-1
-1
-1
-1
-1
-1
877255308
594352319
823275338
-1
658107372
-1
818222802
715827676
540482299
-1
716828556
648311799
536253405
769283196
710880769
638560028
536253405
612483581
521942589
-1
535815552
-1
712577116
-1
578051353
508410100
588376726
-1
559528710
545332376
-1
-1
-1
-1
710880769
632819895
527175947
-1
554164748
766905393
702404213
552127445
591060557
-1
616758399
-1
-1
-1
573520060
672560591
611263002
740563626
735591101
760359153
579396382
888221794
529226178
507132015
477071211
630858772
850628313
-1
795038667
534414242
529226178
-1
573520060
672910101
688929806
567590296
485800602
-1
688251523
494212393
599191725
575915134
-1
-1
579396382
-1
515613819
629598139
-1
565251094
-1
-1
-1
495241580
-1
535795041
-1
547067735
-1
-1
685037298
529226178
549856793
-1
639656313
611263002
-1
565791240
894825797
559920491
763542331
671312948
717604238
583752723
-1
658107372
737373119
567487870
728731870
611476699
540482299
557048334
-1
804341262
-1
-1
636386816
-1
660879075
671981618
-1
630226774
580600639
918470389
543191744
-1
-1
-1
529226178
-1
748043035
570626686
494279242
553956501
782476652
-1
434197796
541994127
937307164
536253405
535815552
479907276
573520060
652973207
594827345
594827345
534414242
-1
594396386
621470745
630427857
716857383
679132233
-1
-1
-1
740728827
-1
-1
740563626
506414666
544276006
553956501
755332634
-1
601363736
654561202
-1
611973895
644912048
712577116
651387821
632398819
-1
-1
-1
-1
-1
658576774
-1
-1
591974367
587011456
-1
578439334
620227342
595557981
613443401
-1
556045965
589064558
-1
606745445
873795431
725489584
553956501
-1
769283196
947403628
650164480
543496329
586885486
-1
552127445
535815552
638622437
594352319
-1
615306038
930208057
-1
-1
448450351
-1
508410100
569929929
677603464
-1
442801558
-1
461256333
-1
733683478
529226178
506414666
-1
-1
-1
624641604
-1
619310176
672061859
-1
589013505
-1
-1
612483581
589850209
630408345
632043212
655532914
-1
749038215
578038506
556695757
766651400
-1
-1
565791240
-1
611263002
533421733
473414828
-1
-1
551164378
-1
-1
-1
527091099
-1
-1
507132015
710880769
535205935
510035157
532301154
652310979
510476344
-1
-1
594682304
550762702
-1
-1
-1
-1
692605823
495241580
568741807
534414242
591419699
512777897
594352319
611263002
581111503
535274215
-1
584674619
-1
469271757
-1
638161663
602052469
622716704
-1
-1
-1
534414242
507132015
541994127
723056463
-1
701996989
-1
-1
-1
555087592
898006070
689310772
622444911
557394203
824192081
-1
594682304
558336603
527091099
615038930
658107372
905810817
850891244
-1
578395823
552392141
721506099
-1
-1
-1
565791240
527091099
-1
-1
559317867
536253405
535815552
-1
-1
706669598
528566233
449462550
-1
772743058
745751939
923022811
694899066
529226178
-1
-1
791048370
756903861
723568877
552909923
-1
567036674
731918028
729132038
529226178
612985923
531978732
774702285
544276006
-1
-1
545332376
593503552
495241580
658953770
-1
690850155
568741807
534414242
-1
-1
553887879
-1
495241580
600012323
448450351
529226178
-1
-1
607049595
-1
541895480
-1
431130486
643019541
-1
484643582
-1
-1
-1
-1
-1
-1
-1
545332376
-1
-1
632101318
518323271
-1
495241580
-1
627392579
-1
625448787
810567951
534414242
658669358
-1
544488336
824622264
-1
-1
602801986
672345908
-1
-1
-1
691641487
-1
560672396
-1
820293212
-1
-1
529226178
613443401
783905657
589850209
526816113
-1
722980212
-1
490459848
-1
697309967
581668368
545332376
579396382
568741807
-1
-1
-1
-1
700673946
544987558
-1
-1
-1
544987558
738120669
736510901
-1
-1
-1
747638522
722980212
605580866
656724893
646484084
-1
-1
688352665
565791240
465748282
-1
-1
593874980
519120990
528826535
-1
-1
-1
473414828
-1
-1
602321912
-1
560660054
801695087
612985923
711614633
-1
703008207
542358093
-1
-1
-1
671073082
-1
-1
575458686
648746617
-1
792753346
527091099
524975972
-1
540482299
536253405
570626686
697892282
763480783
-1
679579220
453282158
-1
624641604
-1
534414242
619310176
510476344
-1
553700099
647638399
658179826
655223857
508410100
-1
604146187
-1
-1
-1
-1
-1
-1
-1
-1
-1
709152096
613443401
610437826
596251977
746437589
855164171
594352319
723229528
750095022
536362113
573520060
712188183
-1
549891391
786152728
-1
870489113
-1
591974367
-1
615405134
-1
551065726
495241580
627226313
-1
554208903
-1
580600639
-1
553956501
779483200
534414242
700579512
-1
594827345
-1
-1
-1
-1
529226178
-1
533421733
559551318
-1
630180795
570665431
-1
503408771
560672396
-1
529226178
647116949
570626686
-1
616332829
528852292
516398313
549854646
553956501
539471413
669110215
558336603
635990279
606745445
602862075
851472005
-1
-1
-1
809944368
-1
-1
506414666
906373995
594352319
-1
565230204
630393401
554914436
594827345
-1
763567832
-1
-1
548548053
-1
766184802
581858539
551275009
658953770
587489330
-1
-1
535815552
850807666
-1
-1
529226178
598509048
613418349
-1
-1
-1
638522473
602137131
812639243
540021584
-1
573520060
-1
691949248
-1
-1
773231268
805965238
682393500
529226178
523585534
726176350
508410100
-1
-1
791850559
599732595
646223057
-1
534414242
647638399
-1
-1
-1
652596525
-1
527175947
619310176
-1
-1
553054054
527175947
-1
540482299
540482299
-1
-1
-1
721546001
-1
-1
554208903
-1
534414242
732437699
809815352
552127445
477104457
-1
943328512
580600639
-1
-1
768472019
-1
473414828
-1
473414828
588376726
765955301
536867979
-1
596965864
560660054
-1
-1
558884534
-1
527175947
529226178
602856510
565791240
615405134
615330656
604754922
578439334
-1
-1
-1
-1
547067735
661592293
-1
710840834
630408345
-1
705914371
531978732
-1
812320980
685592109
545332376
786053145
607528830
784719782
667193423
-1
723539354
691949248
607164315
-1
568741807
894825797
-1
602149821
-1
-1
-1
-1
825821671
650105616
436208227
622111852
529226178
-1
646667582
792328300
-1
-1
556045965
549562905
-1
539621015
593694288
679731694
-1
495658578
-1
433392211
658953770
-1
-1
-1
833223842
-1
539728779
744413631
-1
551065726
895384037
668942912
615330656
593572453
-1
535815552
684385510
-1
-1
630353284
811625597
-1
589850209
-1
490572174
-1
529507082
-1
-1
769878634
549580669
570626686
595557981
501909339
506414666
636895429
616632621
-1
713594758
-1
578439334
532955318
-1
556695757
-1
-1
-1
824622264
782476652
580600639
615405134
-1
716768355
-1
934197741
-1
543191744
594352319
624641604
606505221
737753836
567827437
547067735
612483581
-1
606505221
-1
738608103
622716704
507049014
594396386
-1
506414666
720608311
529226178
517482798
669210640
536253405
-1
-1
436208227
-1
-1
-1
551164378
658953770
597226172
-1
719881985
612985923
536487557
506414666
468154883
810567951
529226178
558625004
495241580
-1
711370354
540482299
535815552
-1
482574505
638934664
-1
646484084
-1
825852105
-1
713101515
448450351
571443240
-1
545332376
-1
-1
732778042
713569890
-1
565791240
527175947
725592749
-1
824622264
695842193
-1
612483581
-1
508410100
544276006
628282872
-1
810567951
-1
-1
520570340
536470086
-1
-1
634462558
-1
