20000 20000 20000
1182 10407 -1000000000
9624 10598 1000000000
9152 12005 -1000000000
8184 14035 1000000000
1276 11592 -1000000000
4041 19542 1000000000
725 18300 -1000000000
9510 14530 1000000000
7664 13562 -1000000000
2659 18663 1000000000
8531 14139 -1000000000
9325 13639 1000000000
5874 17090 -1000000000
9484 15708 1000000000
6459 12430 -1000000000
3438 11462 1000000000
6688 13504 -1000000000
8524 12609 1000000000
463 18080 -1000000000
7356 18454 1000000000
7777 12888 -1000000000
2036 10871 1000000000
1041 14542 -1000000000
1560 18186 1000000000
1821 19509 -1000000000
853 13396 1000000000
8303 11402 -1000000000
2198 13045 1000000000
9165 10196 -1000000000
4623 17416 1000000000
8805 19270 -1000000000
6799 19791 1000000000
2024 11728 -1000000000
991 16448 1000000000
2254 18993 -1000000000
4352 19162 1000000000
3462 15857 -1000000000
9276 12448 1000000000
783 15726 -1000000000
2317 10322 1000000000
5543 17185 -1000000000
1164 11795 1000000000
3081 14170 -1000000000
2064 14174 1000000000
9653 12022 -1000000000
9344 17079 1000000000
7383 14332 -1000000000
1401 16023 1000000000
5033 14203 -1000000000
8236 12213 1000000000
8921 15201 -1000000000
1837 10817 1000000000
867 14270 -1000000000
5006 19584 1000000000
2326 10829 -1000000000
3588 17289 1000000000
1459 12800 -1000000000
1951 18730 1000000000
8887 11622 -1000000000
4156 13287 1000000000
4439 15010 -1000000000
3172 18671 1000000000
8599 11826 -1000000000
10000 12528 1000000000
9179 17703 -1000000000
6557 19173 1000000000
923 18993 -1000000000
2991 14353 1000000000
6477 17351 -1000000000
6884 15578 1000000000
7706 14526 -1000000000
966 17918 1000000000
7491 17547 -1000000000
9286 16388 1000000000
3487 13432 -1000000000
7814 17365 1000000000
4047 15971 -1000000000
5071 12632 1000000000
7058 10217 -1000000000
4761 12570 1000000000
3028 18275 -1000000000
1262 14353 1000000000
4156 19926 -1000000000
6780 14267 1000000000
1792 18935 -1000000000
3336 16971 1000000000
1170 13398 -1000000000
4018 18503 1000000000
2527 16093 -1000000000
14 10506 1000000000
2733 13798 -1000000000
4193 16952 1000000000
4033 10772 -1000000000
8852 18796 1000000000
1027 13663 -1000000000
7925 17565 1000000000
1658 11941 -1000000000
5826 10508 1000000000
5593 18702 -1000000000
2558 16985 1000000000
2488 17756 -1000000000
8028 17477 1000000000
6991 13980 -1000000000
3306 13221 1000000000
6822 15568 -1000000000
9205 10038 1000000000
851 14480 -1000000000
9638 13517 1000000000
6735 15458 -1000000000
602 10569 1000000000
1494 15815 -1000000000
1086 12121 1000000000
2098 14437 -1000000000
8450 15304 1000000000
4227 15148 -1000000000
1691 10834 1000000000
471 13407 -1000000000
6499 18789 1000000000
8887 13999 -1000000000
6903 19969 1000000000
3032 16915 -1000000000
1368 11209 1000000000
1559 13426 -1000000000
726 19057 1000000000
8082 14271 -1000000000
737 17084 1000000000
5833 14495 -1000000000
8996 10667 1000000000
6112 17178 -1000000000
8984 16269 1000000000
7652 16164 -1000000000
6183 14155 1000000000
7048 14048 -1000000000
6717 15289 1000000000
9962 15852 -1000000000
8053 15272 1000000000
8497 17818 -1000000000
1355 19268 1000000000
1519 13891 -1000000000
9883 17166 1000000000
6097 11721 -1000000000
5066 18949 1000000000
9562 11470 -1000000000
3495 15837 1000000000
8511 13198 -1000000000
6781 14658 1000000000
4191 16055 -1000000000
8268 15247 1000000000
7774 13885 -1000000000
6334 10477 1000000000
8531 17584 -1000000000
3753 11902 1000000000
5385 15630 -1000000000
9632 16510 1000000000
6919 16310 -1000000000
5673 13918 1000000000
5376 17977 -1000000000
8826 10510 1000000000
3261 12949 -1000000000
6140 11654 1000000000
507 17456 -1000000000
2498 19282 1000000000
4164 13126 -1000000000
4367 16676 1000000000
6803 19372 -1000000000
811 13015 1000000000
3728 11565 -1000000000
9014 10123 1000000000
9870 19651 -1000000000
992 14791 1000000000
3335 10743 -1000000000
2390 11751 1000000000
6238 12442 -1000000000
283 12431 1000000000
5467 12071 -1000000000
7295 19303 1000000000
9733 19142 -1000000000
5450 12738 1000000000
9070 14361 -1000000000
1810 15520 1000000000
4379 14688 -1000000000
3258 15739 1000000000
7788 17240 -1000000000
9302 10231 1000000000
1551 11301 -1000000000
9564 12041 1000000000
839 14812 -1000000000
8281 12081 1000000000
5495 11913 -1000000000
1336 11871 1000000000
7756 16082 -1000000000
8310 10071 1000000000
3422 15911 -1000000000
9299 16887 1000000000
4171 13054 -1000000000
9467 12500 1000000000
7404 18141 -1000000000
5038 16708 1000000000
664 12807 -1000000000
9434 16127 1000000000
3810 16331 -1000000000
9031 10852 1000000000
2950 11423 -1000000000
838 12264 1000000000
5061 18304 -1000000000
7068 14299 1000000000
110 17399 -1000000000
4242 10297 1000000000
832 10164 -1000000000
7598 10158 1000000000
9403 19021 -1000000000
4917 12439 1000000000
5666 18522 -1000000000
801 14456 1000000000
6366 10970 -1000000000
8376 14782 1000000000
6152 14192 -1000000000
4665 10796 1000000000
4410 10370 -1000000000
9356 17114 1000000000
5638 14010 -1000000000
830 17779 1000000000
539 17947 -1000000000
6499 17683 1000000000
3860 17977 -1000000000
9246 19273 1000000000
1170 12805 -1000000000
4739 11602 1000000000
4550 18522 -1000000000
5377 19549 1000000000
836 11558 -1000000000
4652 10549 1000000000
5649 10830 -1000000000
1460 18532 1000000000
1368 17994 -1000000000
1417 19213 1000000000
3905 18394 -1000000000
3320 19001 1000000000
1891 18373 -1000000000
939 12301 1000000000
9054 19869 -1000000000
5188 17831 1000000000
4630 10113 -1000000000
5878 12945 1000000000
4987 18350 -1000000000
5656 17869 1000000000
4606 13809 -1000000000
4980 16712 1000000000
948 13014 -1000000000
3500 13653 1000000000
1599 15084 -1000000000
509 17150 1000000000
3528 11702 -1000000000
1008 14016 1000000000
1192 10790 -1000000000
6034 17226 1000000000
4594 10370 -1000000000
1688 13845 1000000000
978 19527 -1000000000
7567 12854 1000000000
9523 15831 -1000000000
6262 16104 1000000000
1812 19214 -1000000000
7885 12620 1000000000
1377 17823 -1000000000
4730 16250 1000000000
9166 19273 -1000000000
3820 15476 1000000000
3335 13487 -1000000000
4823 18374 1000000000
657 18435 -1000000000
9612 17904 1000000000
3902 10023 -1000000000
8555 14650 1000000000
9628 10109 -1000000000
4634 12715 1000000000
9947 10458 -1000000000
8934 19685 1000000000
3492 19089 -1000000000
4812 16740 1000000000
3353 13341 -1000000000
6353 19278 1000000000
7636 19269 -1000000000
1570 18914 1000000000
673 17682 -1000000000
8220 10788 1000000000
6439 19568 -1000000000
401 13995 1000000000
9334 12876 -1000000000
7341 13428 1000000000
3589 19123 -1000000000
1477 15896 1000000000
3637 19510 -1000000000
8692 10014 1000000000
3399 14894 -1000000000
2899 15735 1000000000
2020 17414 -1000000000
3126 19085 1000000000
578 14565 -1000000000
7890 11722 1000000000
3889 16763 -1000000000
5764 11329 1000000000
1491 17575 -1000000000
2785 16467 1000000000
8559 17876 -1000000000
2214 13080 1000000000
175 19173 -1000000000
3276 10255 1000000000
5092 12814 -1000000000
9221 13023 1000000000
2125 12376 -1000000000
4864 10161 1000000000
8496 11016 -1000000000
3407 11977 1000000000
6593 15359 -1000000000
6492 14527 1000000000
292 18751 -1000000000
3213 10363 1000000000
3994 14236 -1000000000
9517 14480 1000000000
8174 16699 -1000000000
6029 18091 1000000000
1640 14723 -1000000000
2326 16231 1000000000
904 16867 -1000000000
688 18620 1000000000
6214 10787 -1000000000
5140 19069 1000000000
9795 10446 -1000000000
9728 10017 1000000000
1847 13115 -1000000000
8703 13694 1000000000
7294 12001 -1000000000
8414 15923 1000000000
8731 17472 -1000000000
825 11163 1000000000
2583 19579 -1000000000
1157 16096 1000000000
9895 19579 -1000000000
1108 17909 1000000000
3827 14872 -1000000000
2971 12523 1000000000
352 17391 -1000000000
9231 12008 1000000000
2394 14718 -1000000000
2251 16741 1000000000
584 11118 -1000000000
9535 19780 1000000000
153 18854 -1000000000
2136 17909 1000000000
7366 12369 -1000000000
3246 19483 1000000000
3231 13616 -1000000000
6353 16335 1000000000
7023 13067 -1000000000
1540 16496 1000000000
9750 17878 -1000000000
1465 14049 1000000000
6299 18339 -1000000000
9210 12078 1000000000
701 15889 -1000000000
40 13700 1000000000
9738 11861 -1000000000
6044 14399 1000000000
3094 18380 -1000000000
6652 14496 1000000000
3042 13208 -1000000000
9487 10708 1000000000
8344 13047 -1000000000
6028 10607 1000000000
7403 15756 -1000000000
6784 13072 1000000000
7011 16077 -1000000000
2699 14790 1000000000
6161 19638 -1000000000
9021 10910 1000000000
824 14391 -1000000000
9207 16371 1000000000
3104 17595 -1000000000
8198 15235 1000000000
5100 12660 -1000000000
2445 10695 1000000000
1619 14313 -1000000000
6417 13602 1000000000
9386 11184 -1000000000
8001 11581 1000000000
6293 12805 -1000000000
7386 13303 1000000000
3897 12222 -1000000000
1365 12322 1000000000
6826 14349 -1000000000
556 12940 1000000000
139 11633 -1000000000
5635 16131 1000000000
8563 11306 -1000000000
2328 11008 1000000000
1393 15181 -1000000000
9985 18010 1000000000
9450 11211 -1000000000
2740 17905 1000000000
2702 12778 -1000000000
2743 13191 1000000000
1050 15070 -1000000000
2334 13253 1000000000
529 18162 -1000000000
4390 17681 1000000000
2426 11043 -1000000000
2365 17077 1000000000
7731 11226 -1000000000
2546 18981 1000000000
997 17764 -1000000000
3288 15613 1000000000
1416 15674 -1000000000
2821 17319 1000000000
2396 15277 -1000000000
5995 17099 1000000000
6671 16839 -1000000000
7304 10164 1000000000
6178 15448 -1000000000
8372 18112 1000000000
3803 19185 -1000000000
1208 13376 1000000000
3841 14642 -1000000000
7237 14286 1000000000
6591 17348 -1000000000
2898 16150 1000000000
7427 10929 -1000000000
3597 16500 1000000000
5366 12714 -1000000000
1187 19897 1000000000
147 14843 -1000000000
2853 11019 1000000000
528 19280 -1000000000
8768 11689 1000000000
2020 15151 -1000000000
1680 11625 1000000000
4749 16127 -1000000000
9547 18034 1000000000
4348 18518 -1000000000
5846 11065 1000000000
5390 15967 -1000000000
9505 10089 1000000000
9316 13657 -1000000000
9634 11879 1000000000
3209 15239 -1000000000
1742 13392 1000000000
3762 13916 -1000000000
5473 15988 1000000000
3314 14802 -1000000000
9492 15509 1000000000
5926 17065 -1000000000
8202 12949 1000000000
8578 17230 -1000000000
125 19863 1000000000
1875 17168 -1000000000
1690 11603 1000000000
3857 17584 -1000000000
5636 15169 1000000000
78 17355 -1000000000
670 18003 1000000000
7751 15570 -1000000000
5132 18811 1000000000
2237 16990 -1000000000
6393 15881 1000000000
6569 11108 -1000000000
2275 11627 1000000000
9926 13428 -1000000000
480 16433 1000000000
3704 13667 -1000000000
4670 19209 1000000000
7832 13485 -1000000000
563 13356 1000000000
4667 18873 -1000000000
326 14740 1000000000
9489 10217 -1000000000
9856 11358 1000000000
9142 11782 -1000000000
2575 15944 1000000000
3195 10622 -1000000000
3898 19866 1000000000
3559 14792 -1000000000
5791 15645 1000000000
6153 18774 -1000000000
4980 13551 1000000000
329 14237 -1000000000
6080 10857 1000000000
9137 11725 -1000000000
9026 14413 1000000000
6786 11885 -1000000000
6756 16368 1000000000
7295 18761 -1000000000
1088 16397 1000000000
7644 18235 -1000000000
7264 15561 1000000000
3436 14883 -1000000000
7899 16151 1000000000
1609 10988 -1000000000
7257 19418 1000000000
651 17813 -1000000000
7615 10350 1000000000
4427 19435 -1000000000
2043 18565 1000000000
123 17094 -1000000000
1217 18010 1000000000
4916 16744 -1000000000
2246 14815 1000000000
1448 11457 -1000000000
6438 12002 1000000000
1311 17073 -1000000000
2347 15939 1000000000
7101 14273 -1000000000
7657 16587 1000000000
9832 11560 -1000000000
411 10341 1000000000
5559 18755 -1000000000
8815 16731 1000000000
3290 10745 -1000000000
6718 17596 1000000000
4292 15457 -1000000000
8803 10567 1000000000
2466 14085 -1000000000
170 13937 1000000000
6262 11198 -1000000000
6523 16301 1000000000
1648 16821 -1000000000
1896 19390 1000000000
7340 10390 -1000000000
1712 16887 1000000000
2763 19934 -1000000000
4787 10887 1000000000
8425 13610 -1000000000
3441 18538 1000000000
9149 19259 -1000000000
5478 13312 1000000000
4602 17272 -1000000000
4281 12841 1000000000
4586 13101 -1000000000
8855 13808 1000000000
4281 11971 -1000000000
7094 17189 1000000000
8228 18995 -1000000000
5582 11855 1000000000
748 15821 -1000000000
2799 10337 1000000000
8318 19107 -1000000000
6444 11897 1000000000
3939 18293 -1000000000
8758 14490 1000000000
4138 15385 -1000000000
282 10682 1000000000
3227 16904 -1000000000
5727 17241 1000000000
6007 18099 -1000000000
9410 16159 1000000000
7201 16136 -1000000000
6233 18779 1000000000
5894 11981 -1000000000
5161 13109 1000000000
5664 16284 -1000000000
8952 13321 1000000000
2531 14853 -1000000000
4691 12156 1000000000
2394 11739 -1000000000
9802 16047 1000000000
2933 11521 -1000000000
3596 11935 1000000000
7746 19198 -1000000000
4600 18858 1000000000
4518 15907 -1000000000
6541 17115 1000000000
4951 16776 -1000000000
4643 10633 1000000000
8801 12659 -1000000000
1524 18272 1000000000
8997 12332 -1000000000
343 16269 1000000000
8213 17930 -1000000000
6728 11992 1000000000
9352 13153 -1000000000
6106 18253 1000000000
3 17172 -1000000000
3546 13823 1000000000
3676 12798 -1000000000
6314 15904 1000000000
3626 13282 -1000000000
3401 16663 1000000000
7024 11400 -1000000000
9671 11216 1000000000
161 17440 -1000000000
7415 14564 1000000000
8474 13411 -1000000000
2959 19783 1000000000
2396 18297 -1000000000
4837 18824 1000000000
2462 17055 -1000000000
2475 10521 1000000000
7642 10616 -1000000000
4951 18803 1000000000
2374 19360 -1000000000
3458 18696 1000000000
7694 16805 -1000000000
2344 15013 1000000000
8366 12568 -1000000000
2627 16323 1000000000
1118 14484 -1000000000
3073 16063 1000000000
5454 13316 -1000000000
5824 14191 1000000000
4464 12596 -1000000000
2436 18171 1000000000
8939 19816 -1000000000
7039 17123 1000000000
7758 19837 -1000000000
1438 16080 1000000000
4870 16572 -1000000000
1527 19695 1000000000
3982 11969 -1000000000
1145 15033 1000000000
411 16798 -1000000000
1374 11437 1000000000
8472 15945 -1000000000
6826 12011 1000000000
4714 17080 -1000000000
2959 14271 1000000000
5043 19799 -1000000000
3536 11359 1000000000
2776 19794 -1000000000
3034 17795 1000000000
4991 12031 -1000000000
8195 18236 1000000000
7368 16526 -1000000000
4902 19230 1000000000
4317 18415 -1000000000
8329 18262 1000000000
3084 12397 -1000000000
1449 12778 1000000000
1108 10352 -1000000000
2612 15391 1000000000
7783 11512 -1000000000
6276 11832 1000000000
2802 14667 -1000000000
9820 19073 1000000000
7051 18225 -1000000000
4211 17524 1000000000
2933 17455 -1000000000
8312 12206 1000000000
664 17348 -1000000000
71 16172 1000000000
9910 13431 -1000000000
3077 16975 1000000000
1064 14810 -1000000000
4260 11002 1000000000
1470 11740 -1000000000
6776 15407 1000000000
2628 10372 -1000000000
8106 11471 1000000000
8619 10800 -1000000000
8441 11132 1000000000
290 14325 -1000000000
9099 14248 1000000000
3161 13883 -1000000000
354 12746 1000000000
8653 14229 -1000000000
8690 19420 1000000000
80 14272 -1000000000
673 12473 1000000000
7996 18599 -1000000000
930 12771 1000000000
4380 15772 -1000000000
6617 12185 1000000000
7369 19686 -1000000000
6919 10200 1000000000
4814 18132 -1000000000
7345 13607 1000000000
9084 19151 -1000000000
7093 13409 1000000000
7252 16757 -1000000000
1139 14353 1000000000
4112 10078 -1000000000
9405 17899 1000000000
3691 11836 -1000000000
1549 16788 1000000000
5015 18829 -1000000000
6380 13407 1000000000
4409 15317 -1000000000
6187 16429 1000000000
6229 12111 -1000000000
4707 19003 1000000000
7820 12336 -1000000000
6738 13789 1000000000
3657 13790 -1000000000
4623 19773 1000000000
3612 16604 -1000000000
1600 13661 1000000000
2694 14209 -1000000000
9507 19419 1000000000
5986 17651 -1000000000
9133 18228 1000000000
3578 17183 -1000000000
8617 11733 1000000000
9234 19885 -1000000000
1633 19493 1000000000
7371 11016 -1000000000
2447 13398 1000000000
4720 19600 -1000000000
8856 16157 1000000000
6290 15245 -1000000000
2870 14811 1000000000
7966 16094 -1000000000
1698 12256 1000000000
9995 10849 -1000000000
1661 19925 1000000000
5063 19901 -1000000000
3315 18335 1000000000
9464 17802 -1000000000
3309 11658 1000000000
1585 12656 -1000000000
9131 19105 1000000000
5788 15006 -1000000000
3111 13010 1000000000
8815 16332 -1000000000
5969 15546 1000000000
9393 19289 -1000000000
8017 13711 1000000000
7760 19064 -1000000000
4045 13348 1000000000
8338 12699 -1000000000
7029 12796 1000000000
4181 14001 -1000000000
4690 16338 1000000000
5912 18163 -1000000000
7846 18799 1000000000
3632 12177 -1000000000
9680 14953 1000000000
9363 18545 -1000000000
8899 11235 1000000000
2632 11563 -1000000000
555 10996 1000000000
5156 15377 -1000000000
1163 16544 1000000000
1004 11517 -1000000000
3706 12421 1000000000
4707 17741 -1000000000
2291 12595 1000000000
2754 18683 -1000000000
5000 13885 1000000000
7387 16488 -1000000000
9046 14468 1000000000
3721 17628 -1000000000
7046 17110 1000000000
8849 17672 -1000000000
9307 16578 1000000000
9293 19840 -1000000000
4887 10221 1000000000
9375 14038 -1000000000
7268 18910 1000000000
959 18246 -1000000000
4321 14713 1000000000
3300 16609 -1000000000
3102 13241 1000000000
8412 10914 -1000000000
8356 12813 1000000000
7164 15357 -1000000000
6051 12204 1000000000
6437 17877 -1000000000
337 12781 1000000000
4808 13899 -1000000000
5526 15694 1000000000
2067 14632 -1000000000
4752 10361 1000000000
5578 14175 -1000000000
5162 18706 1000000000
1137 13138 -1000000000
7244 13685 1000000000
7408 18378 -1000000000
2451 16010 1000000000
7230 11157 -1000000000
4666 17605 1000000000
6978 11895 -1000000000
5494 15962 1000000000
2148 18050 -1000000000
2168 17039 1000000000
4899 11560 -1000000000
2908 11430 1000000000
4111 16540 -1000000000
4794 19917 1000000000
5595 13974 -1000000000
4303 18332 1000000000
6673 14659 -1000000000
4461 14936 1000000000
2783 10243 -1000000000
5866 15598 1000000000
1137 11025 -1000000000
6908 16247 1000000000
8677 11997 -1000000000
8631 11558 1000000000
4455 12412 -1000000000
4700 17247 1000000000
4363 10973 -1000000000
1136 19814 1000000000
3130 13891 -1000000000
5569 15168 1000000000
6040 11990 -1000000000
590 15776 1000000000
5024 13823 -1000000000
9799 14974 1000000000
7292 18186 -1000000000
7738 19186 1000000000
2288 16827 -1000000000
6278 18601 1000000000
7008 10765 -1000000000
7462 17804 1000000000
8055 12442 -1000000000
2061 16896 1000000000
1681 19527 -1000000000
181 10130 1000000000
2741 18592 -1000000000
6180 17218 1000000000
3204 12389 -1000000000
2249 11829 1000000000
5380 16982 -1000000000
9972 12512 1000000000
3528 14994 -1000000000
586 12086 1000000000
1012 11199 -1000000000
3544 15724 1000000000
2922 18492 -1000000000
2014 14802 1000000000
1502 11823 -1000000000
6701 19626 1000000000
9727 18277 -1000000000
6451 13010 1000000000
4506 18540 -1000000000
1415 14478 1000000000
6070 11540 -1000000000
3208 19057 1000000000
6308 13578 -1000000000
6913 19504 1000000000
2993 19646 -1000000000
1710 19606 1000000000
6150 11299 -1000000000
2805 17683 1000000000
5006 16734 -1000000000
1966 14230 1000000000
2280 16862 -1000000000
109 14555 1000000000
5387 15800 -1000000000
5286 18843 1000000000
1798 12131 -1000000000
3314 10410 1000000000
2633 10901 -1000000000
6508 18543 1000000000
9974 16857 -1000000000
3380 16403 1000000000
1640 13538 -1000000000
5856 13798 1000000000
9668 11184 -1000000000
2298 17182 1000000000
6301 10325 -1000000000
8058 13778 1000000000
9658 10538 -1000000000
5148 17881 1000000000
6761 16104 -1000000000
3246 16202 1000000000
771 17255 -1000000000
3450 12254 1000000000
2468 16879 -1000000000
9499 15102 1000000000
9607 14307 -1000000000
4316 19949 1000000000
5908 13099 -1000000000
2237 13379 1000000000
9599 18154 -1000000000
6952 16587 1000000000
4879 18669 -1000000000
7425 13052 1000000000
5556 11235 -1000000000
8098 10105 1000000000
180 13441 -1000000000
1901 13791 1000000000
4817 12141 -1000000000
4201 17775 1000000000
8722 10832 -1000000000
9757 17438 1000000000
6301 16723 -1000000000
4325 15957 1000000000
7719 10947 -1000000000
9668 10009 1000000000
1919 11016 -1000000000
4581 17196 1000000000
9647 15279 -1000000000
1263 19116 1000000000
6435 15735 -1000000000
9595 12847 1000000000
2908 18305 -1000000000
8609 13415 1000000000
6922 14109 -1000000000
4683 16321 1000000000
2090 13046 -1000000000
7162 16713 1000000000
6019 18246 -1000000000
8771 19922 1000000000
5932 16015 -1000000000
285 10291 1000000000
5167 13299 -1000000000
1500 16070 1000000000
5170 15175 -1000000000
8062 18994 1000000000
3600 13582 -1000000000
297 13759 1000000000
3328 11636 -1000000000
9747 13158 1000000000
3992 16038 -1000000000
9359 13960 1000000000
7289 18933 -1000000000
679 10725 1000000000
1887 16071 -1000000000
6099 14726 1000000000
4586 11565 -1000000000
2286 11110 1000000000
1563 15470 -1000000000
2437 13055 1000000000
5395 14519 -1000000000
3868 17330 1000000000
3727 10690 -1000000000
614 13448 1000000000
7611 18086 -1000000000
3567 16340 1000000000
750 10998 -1000000000
4212 16391 1000000000
8298 13033 -1000000000
750 14967 1000000000
3121 13049 -1000000000
547 13140 1000000000
6294 10814 -1000000000
7353 16595 1000000000
5545 11649 -1000000000
3021 11098 1000000000
6061 11370 -1000000000
3705 19405 1000000000
7633 13230 -1000000000
9452 13111 1000000000
2142 15104 -1000000000
3866 17099 1000000000
7187 12080 -1000000000
7897 10820 1000000000
3914 12278 -1000000000
8627 14048 1000000000
1151 13598 -1000000000
5211 19505 1000000000
6719 17153 -1000000000
1249 18315 1000000000
727 12721 -1000000000
3582 15834 1000000000
7999 10448 -1000000000
2099 10241 1000000000
2865 13107 -1000000000
9801 13307 1000000000
8066 13120 -1000000000
404 14055 1000000000
2095 11193 -1000000000
1229 10815 1000000000
5346 14021 -1000000000
2327 15552 1000000000
5172 13575 -1000000000
7256 19758 1000000000
4580 10853 -1000000000
8161 15422 1000000000
9856 19501 -1000000000
4244 19364 1000000000
5133 18553 -1000000000
4994 15250 1000000000
8092 19709 -1000000000
904 12582 1000000000
5174 12968 -1000000000
3187 15420 1000000000
965 17844 -1000000000
9524 17520 1000000000
9401 15571 -1000000000
27 18460 1000000000
4624 11390 -1000000000
6733 11842 1000000000
5408 17564 -1000000000
2361 10184 1000000000
8704 18523 -1000000000
9885 11275 1000000000
6992 16597 -1000000000
9356 10139 1000000000
2073 17139 -1000000000
8540 10292 1000000000
1509 13006 -1000000000
1473 18117 1000000000
8927 17006 -1000000000
4480 11061 1000000000
1809 17852 -1000000000
446 15034 1000000000
9741 15322 -1000000000
8635 10936 1000000000
6582 11235 -1000000000
9730 17440 1000000000
4779 10589 -1000000000
8174 16913 1000000000
4284 16638 -1000000000
1823 14975 1000000000
8973 19130 -1000000000
2326 18342 1000000000
3171 14459 -1000000000
5112 19227 1000000000
309 18772 -1000000000
9803 17361 1000000000
4832 11876 -1000000000
5488 13261 1000000000
464 15135 -1000000000
7589 15744 1000000000
411 16407 -1000000000
537 13182 1000000000
247 18396 -1000000000
4347 18691 1000000000
7044 17555 -1000000000
8221 18598 1000000000
1926 16153 -1000000000
6755 11349 1000000000
4075 13098 -1000000000
2365 19801 1000000000
4410 14205 -1000000000
3241 10796 1000000000
976 17509 -1000000000
2983 19058 1000000000
4091 12820 -1000000000
5604 18965 1000000000
9796 10032 -1000000000
7817 10921 1000000000
4195 12645 -1000000000
4635 17404 1000000000
6335 15487 -1000000000
6008 11954 1000000000
8378 17429 -1000000000
3293 15871 1000000000
1968 10978 -1000000000
3273 12802 1000000000
4732 15393 -1000000000
1013 16753 1000000000
3236 13598 -1000000000
622 16573 1000000000
9990 14434 -1000000000
658 13909 1000000000
159 14038 -1000000000
6358 17478 1000000000
5984 18257 -1000000000
4537 11320 1000000000
6821 15931 -1000000000
4115 17593 1000000000
5774 16624 -1000000000
6376 13516 1000000000
4059 12739 -1000000000
5605 18868 1000000000
6821 19762 -1000000000
1945 16269 1000000000
771 10030 -1000000000
8525 11051 1000000000
4164 17174 -1000000000
9930 11827 1000000000
2296 14449 -1000000000
8827 12340 1000000000
9791 15803 -1000000000
6403 16563 1000000000
3206 19745 -1000000000
2434 16820 1000000000
8786 12871 -1000000000
5206 10706 1000000000
266 15397 -1000000000
9230 15712 1000000000
5591 11197 -1000000000
6841 13865 1000000000
2319 17845 -1000000000
7743 18975 1000000000
1980 13448 -1000000000
3239 15308 1000000000
1302 16906 -1000000000
4783 15829 1000000000
5681 18956 -1000000000
2177 14311 1000000000
5192 11208 -1000000000
678 15017 1000000000
2501 15016 -1000000000
9489 13625 1000000000
5697 16953 -1000000000
1896 16976 1000000000
512 18135 -1000000000
666 18371 1000000000
6264 12342 -1000000000
934 12229 1000000000
996 10852 -1000000000
5697 11970 1000000000
5398 10762 -1000000000
3611 15649 1000000000
7846 10053 -1000000000
5351 16950 1000000000
7658 13206 -1000000000
1984 19662 1000000000
5349 16654 -1000000000
5604 15928 1000000000
3492 12900 -1000000000
9556 19643 1000000000
4684 17701 -1000000000
2923 16941 1000000000
1577 11638 -1000000000
1782 15192 1000000000
5550 14076 -1000000000
831 13510 1000000000
3776 17346 -1000000000
5786 19983 1000000000
9302 13959 -1000000000
8499 13209 1000000000
3744 10214 -1000000000
3549 15894 1000000000
5504 19588 -1000000000
2937 11728 1000000000
2835 10895 -1000000000
5053 15829 1000000000
5654 12999 -1000000000
6566 14794 1000000000
6983 17782 -1000000000
1619 18027 1000000000
3235 13525 -1000000000
3755 17728 1000000000
8335 14034 -1000000000
4734 13995 1000000000
9971 16773 -1000000000
4104 18367 1000000000
1723 19953 -1000000000
8256 17316 1000000000
9253 13211 -1000000000
9526 13575 1000000000
8664 14148 -1000000000
7587 10152 1000000000
2241 12392 -1000000000
976 14141 1000000000
5677 18302 -1000000000
4808 13154 1000000000
3366 16752 -1000000000
2043 19067 1000000000
5384 12703 -1000000000
7502 18449 1000000000
8847 10813 -1000000000
2260 18102 1000000000
6481 13581 -1000000000
7545 17553 1000000000
3936 16042 -1000000000
5220 14404 1000000000
2339 18048 -1000000000
5151 14594 1000000000
9181 14314 -1000000000
6587 18683 1000000000
3412 13251 -1000000000
6316 10355 1000000000
9701 13934 -1000000000
6245 15273 1000000000
4240 18521 -1000000000
8894 11721 1000000000
3900 11454 -1000000000
2171 19450 1000000000
3317 15028 -1000000000
1551 17890 1000000000
4891 17455 -1000000000
7629 18550 1000000000
3849 14562 -1000000000
6833 15322 1000000000
9180 16963 -1000000000
1371 17206 1000000000
3488 14062 -1000000000
6726 12032 1000000000
2677 10177 -1000000000
1454 11620 1000000000
1354 15579 -1000000000
7941 19466 1000000000
4727 14620 -1000000000
5505 19773 1000000000
9517 15579 -1000000000
1913 12092 1000000000
3363 15126 -1000000000
7937 10381 1000000000
9424 18477 -1000000000
9492 13508 1000000000
7819 13623 -1000000000
267 15582 1000000000
6550 15461 -1000000000
3751 17643 1000000000
5551 16645 -1000000000
4103 11779 1000000000
3374 13405 -1000000000
4611 16828 1000000000
5233 11539 -1000000000
5044 18758 1000000000
5563 11884 -1000000000
6864 19480 1000000000
8185 19582 -1000000000
2081 18326 1000000000
307 12867 -1000000000
5741 13753 1000000000
5236 19289 -1000000000
7784 18278 1000000000
3980 15936 -1000000000
7664 14590 1000000000
1013 10400 -1000000000
8875 16708 1000000000
6196 10108 -1000000000
2461 16670 1000000000
984 12167 -1000000000
5548 10069 1000000000
1362 19910 -1000000000
6097 14892 1000000000
3031 12088 -1000000000
5393 16570 1000000000
7600 15140 -1000000000
6434 17860 1000000000
7292 17749 -1000000000
6971 18605 1000000000
7634 12158 -1000000000
3229 17948 1000000000
7114 12422 -1000000000
1861 12688 1000000000
2954 17064 -1000000000
3307 17871 1000000000
1449 14753 -1000000000
2635 12585 1000000000
6981 15365 -1000000000
1216 15447 1000000000
3415 19545 -1000000000
7531 18385 1000000000
1887 14482 -1000000000
6320 10497 1000000000
8471 19618 -1000000000
8308 19484 1000000000
1918 17996 -1000000000
9558 11828 1000000000
6164 17093 -1000000000
4279 16407 1000000000
4500 16712 -1000000000
4946 15338 1000000000
3348 19379 -1000000000
2233 14617 1000000000
198 11782 -1000000000
3041 17678 1000000000
4068 15031 -1000000000
8880 16761 1000000000
368 14319 -1000000000
9518 12861 1000000000
975 11461 -1000000000
538 17208 1000000000
8515 19980 -1000000000
2312 10830 1000000000
8803 16190 -1000000000
3920 12062 1000000000
744 19728 -1000000000
3483 16034 1000000000
9568 12869 -1000000000
4227 15504 1000000000
6179 14952 -1000000000
3448 13590 1000000000
9934 11646 -1000000000
7081 16555 1000000000
3824 13507 -1000000000
1234 12006 1000000000
3158 14413 -1000000000
5021 12968 1000000000
7177 16668 -1000000000
6586 19212 1000000000
9882 14345 -1000000000
268 11244 1000000000
4588 17299 -1000000000
7911 13500 1000000000
2399 10338 -1000000000
5586 10431 1000000000
8480 12402 -1000000000
711 12290 1000000000
8592 14120 -1000000000
3599 12270 1000000000
3820 14941 -1000000000
5060 13683 1000000000
6183 15533 -1000000000
2424 10533 1000000000
3312 17870 -1000000000
3491 15653 1000000000
3009 14657 -1000000000
6929 11762 1000000000
6622 19835 -1000000000
7971 10709 1000000000
3189 13930 -1000000000
716 18294 1000000000
9377 14820 -1000000000
3009 16863 1000000000
3551 12732 -1000000000
5240 12737 1000000000
8978 18008 -1000000000
9894 14466 1000000000
2636 15317 -1000000000
799 11818 1000000000
1041 16620 -1000000000
4220 16916 1000000000
8213 17588 -1000000000
3605 11097 1000000000
515 19218 -1000000000
246 11493 1000000000
396 12802 -1000000000
4584 18597 1000000000
616 13569 -1000000000
9074 13992 1000000000
6520 11811 -1000000000
1052 17202 1000000000
6694 16605 -1000000000
4940 13575 1000000000
4088 12847 -1000000000
3076 13460 1000000000
4093 16550 -1000000000
4437 18052 1000000000
945 19743 -1000000000
3968 13871 1000000000
9239 11374 -1000000000
3545 16134 1000000000
5246 18508 -1000000000
7491 11093 1000000000
4192 18279 -1000000000
8093 18783 1000000000
9643 19968 -1000000000
1604 14140 1000000000
9187 14060 -1000000000
8464 15431 1000000000
4923 12560 -1000000000
2507 16936 1000000000
9843 15211 -1000000000
6343 15106 1000000000
8496 16588 -1000000000
1452 15023 1000000000
9738 16920 -1000000000
8878 17294 1000000000
6903 13444 -1000000000
3482 13552 1000000000
9094 12596 -1000000000
9428 11979 1000000000
3334 16540 -1000000000
2397 10378 1000000000
4354 15139 -1000000000
6018 12128 1000000000
9576 12875 -1000000000
3103 10885 1000000000
6438 19989 -1000000000
8715 14739 1000000000
7206 17639 -1000000000
8622 18058 1000000000
9398 15473 -1000000000
128 13113 1000000000
3466 11351 -1000000000
401 16670 1000000000
2222 13681 -1000000000
1642 16273 1000000000
8291 18034 -1000000000
2729 18178 1000000000
394 14650 -1000000000
8033 12992 1000000000
8892 19154 -1000000000
787 19957 1000000000
7692 19073 -1000000000
2390 16002 1000000000
573 17083 -1000000000
7550 12765 1000000000
3906 11521 -1000000000
6386 18951 1000000000
9083 12538 -1000000000
7769 18119 1000000000
1745 14484 -1000000000
1061 13010 1000000000
4019 12155 -1000000000
7942 11997 1000000000
2297 19856 -1000000000
229 11541 1000000000
2086 19551 -1000000000
1642 18940 1000000000
828 19555 -1000000000
824 17114 1000000000
581 11868 -1000000000
4536 10807 1000000000
2472 17291 -1000000000
7486 19506 1000000000
9607 16636 -1000000000
6509 15094 1000000000
1076 12803 -1000000000
7925 18488 1000000000
3719 17991 -1000000000
5919 15065 1000000000
2555 19133 -1000000000
541 10208 1000000000
2565 10926 -1000000000
1725 13229 1000000000
6085 19633 -1000000000
5418 15948 1000000000
9512 12918 -1000000000
9266 17825 1000000000
7131 16769 -1000000000
2900 13003 1000000000
2096 11526 -1000000000
1128 15570 1000000000
2256 17963 -1000000000
9179 19172 1000000000
94 12582 -1000000000
4054 19487 1000000000
9451 12406 -1000000000
1381 16057 1000000000
8586 11546 -1000000000
1537 14694 1000000000
2252 18393 -1000000000
5722 11659 1000000000
1577 12054 -1000000000
3143 11617 1000000000
3608 14693 -1000000000
9560 14712 1000000000
8303 14959 -1000000000
8620 18361 1000000000
4324 18283 -1000000000
7535 15831 1000000000
6481 11848 -1000000000
9023 11377 1000000000
1243 13124 -1000000000
264 11647 1000000000
9655 14433 -1000000000
3113 12500 1000000000
7427 17627 -1000000000
2198 19869 1000000000
9631 14437 -1000000000
7062 11673 1000000000
825 17620 -1000000000
4417 11588 1000000000
5897 11082 -1000000000
9327 15682 1000000000
3819 18069 -1000000000
9251 10524 1000000000
1241 15721 -1000000000
3236 18472 1000000000
2175 13041 -1000000000
719 16917 1000000000
7129 13012 -1000000000
416 10672 1000000000
5529 19471 -1000000000
1467 10849 1000000000
7211 16495 -1000000000
5270 12620 1000000000
8846 16251 -1000000000
8987 12598 1000000000
120 14583 -1000000000
943 12047 1000000000
2556 10557 -1000000000
6599 19674 1000000000
1219 18925 -1000000000
5007 14527 1000000000
5652 13121 -1000000000
7949 13993 1000000000
3452 11385 -1000000000
8605 18846 1000000000
3426 14422 -1000000000
2285 14405 1000000000
7137 10858 -1000000000
8647 10186 1000000000
2061 10800 -1000000000
9005 19112 1000000000
3694 11200 -1000000000
3506 19176 1000000000
9047 13403 -1000000000
7885 16533 1000000000
2728 19290 -1000000000
8973 16800 1000000000
4176 10606 -1000000000
7122 12716 1000000000
1081 10066 -1000000000
3562 15626 1000000000
4875 10214 -1000000000
4084 11860 1000000000
2067 13892 -1000000000
4111 10361 1000000000
3205 18467 -1000000000
3573 11147 1000000000
5917 12274 -1000000000
627 14539 1000000000
4684 17317 -1000000000
9263 11051 1000000000
8672 17964 -1000000000
1351 11721 1000000000
6303 17188 -1000000000
6486 16605 1000000000
9338 10539 -1000000000
5775 10647 1000000000
6821 15889 -1000000000
3383 16786 1000000000
9748 19226 -1000000000
28 19507 1000000000
9139 17139 -1000000000
5205 13127 1000000000
9560 14939 -1000000000
2318 14214 1000000000
7826 11262 -1000000000
9490 14492 1000000000
2689 10044 -1000000000
7345 12200 1000000000
1253 11445 -1000000000
5437 19145 1000000000
7796 19085 -1000000000
2795 18519 1000000000
3004 11756 -1000000000
3350 12580 1000000000
6120 19813 -1000000000
3273 16022 1000000000
134 14732 -1000000000
8170 15618 1000000000
8042 11516 -1000000000
1159 15925 1000000000
1174 17881 -1000000000
9084 14690 1000000000
7386 18163 -1000000000
1167 11831 1000000000
1114 16711 -1000000000
359 13966 1000000000
869 15026 -1000000000
8194 11316 1000000000
6402 11644 -1000000000
9112 19658 1000000000
9926 10379 -1000000000
3290 13939 1000000000
4773 10104 -1000000000
8663 10697 1000000000
5436 15202 -1000000000
1914 18135 1000000000
3990 13278 -1000000000
9304 12987 1000000000
3923 13967 -1000000000
1019 18369 1000000000
2688 13636 -1000000000
4444 12801 1000000000
8673 18283 -1000000000
163 19024 1000000000
7762 16070 -1000000000
9579 19372 1000000000
9497 16189 -1000000000
3786 18605 1000000000
1400 16134 -1000000000
7122 10773 1000000000
4277 12336 -1000000000
6607 16332 1000000000
816 13010 -1000000000
2579 16939 1000000000
8897 15890 -1000000000
7020 13946 1000000000
1677 19902 -1000000000
3125 12962 1000000000
3157 13212 -1000000000
5970 16885 1000000000
2227 15006 -1000000000
9315 18979 1000000000
5276 19817 -1000000000
6763 18815 1000000000
6979 11326 -1000000000
6724 13365 1000000000
4137 14805 -1000000000
9623 10169 1000000000
2482 12829 -1000000000
4743 16431 1000000000
4700 12991 -1000000000
5583 10128 1000000000
2864 17149 -1000000000
1917 12321 1000000000
2601 16666 -1000000000
387 14097 1000000000
537 13861 -1000000000
5669 19835 1000000000
5327 19219 -1000000000
5755 10994 1000000000
4925 17913 -1000000000
8075 17076 1000000000
5193 17778 -1000000000
6952 17861 1000000000
734 16857 -1000000000
3167 14704 1000000000
5345 19693 -1000000000
6704 10652 1000000000
1818 12008 -1000000000
4162 18481 1000000000
5794 14435 -1000000000
8734 17325 1000000000
8280 19055 -1000000000
5850 15577 1000000000
1114 19930 -1000000000
4314 17553 1000000000
4182 17675 -1000000000
2874 12967 1000000000
8031 17521 -1000000000
7447 17661 1000000000
8330 19712 -1000000000
1113 13838 1000000000
4897 10652 -1000000000
7196 11302 1000000000
5977 19404 -1000000000
3331 12896 1000000000
4351 17950 -1000000000
4269 14002 1000000000
4314 12887 -1000000000
1428 10943 1000000000
6919 15550 -1000000000
4950 18948 1000000000
3289 13157 -1000000000
7090 18010 1000000000
6938 17173 -1000000000
7892 16855 1000000000
9506 19615 -1000000000
5430 16887 1000000000
9189 19725 -1000000000
1173 11540 1000000000
6173 14193 -1000000000
814 16137 1000000000
5309 16316 -1000000000
7992 17256 1000000000
5501 10607 -1000000000
839 13000 1000000000
4635 14195 -1000000000
9270 10675 1000000000
2152 11508 -1000000000
6305 10835 1000000000
5755 13215 -1000000000
3473 11590 1000000000
2956 13874 -1000000000
4274 11202 1000000000
3098 15527 -1000000000
1613 14921 1000000000
576 11782 -1000000000
4646 17739 1000000000
4092 10242 -1000000000
5745 17455 1000000000
1208 10925 -1000000000
5038 10906 1000000000
6985 18693 -1000000000
2323 10596 1000000000
5829 19490 -1000000000
6026 17889 1000000000
5336 14066 -1000000000
5589 18962 1000000000
2442 17164 -1000000000
9254 14530 1000000000
1360 17218 -1000000000
6207 16521 1000000000
7794 12070 -1000000000
1532 13554 1000000000
2746 17101 -1000000000
6168 19225 1000000000
7716 18641 -1000000000
6425 18822 1000000000
6598 17491 -1000000000
6706 17670 1000000000
2935 14374 -1000000000
2161 19925 1000000000
1940 19664 -1000000000
7631 12781 1000000000
3164 19337 -1000000000
3062 16582 1000000000
261 12853 -1000000000
6593 11154 1000000000
2259 15031 -1000000000
3547 10954 1000000000
3427 10407 -1000000000
4647 19316 1000000000
3179 14446 -1000000000
7472 18783 1000000000
3672 13933 -1000000000
2785 11121 1000000000
7069 17794 -1000000000
5071 17319 1000000000
4966 11638 -1000000000
1344 13659 1000000000
8704 16174 -1000000000
858 17546 1000000000
9944 18888 -1000000000
669 15629 1000000000
8762 17089 -1000000000
1871 15583 1000000000
2072 10835 -1000000000
101 16970 1000000000
7564 18600 -1000000000
6336 17832 1000000000
4679 12197 -1000000000
1324 13915 1000000000
927 16280 -1000000000
6328 10361 1000000000
8026 17851 -1000000000
2889 11449 1000000000
3549 18031 -1000000000
4622 14986 1000000000
1504 18718 -1000000000
7749 12431 1000000000
3608 11435 -1000000000
5573 18394 1000000000
2140 16659 -1000000000
4595 13348 1000000000
1006 19173 -1000000000
579 10851 1000000000
5343 19474 -1000000000
4097 11984 1000000000
2693 16208 -1000000000
7327 19691 1000000000
2368 14704 -1000000000
6605 19767 1000000000
8634 11312 -1000000000
1688 17392 1000000000
9899 18631 -1000000000
3505 17268 1000000000
7811 10943 -1000000000
7879 19124 1000000000
9128 14266 -1000000000
3187 13726 1000000000
632 19775 -1000000000
9015 16423 1000000000
1277 11910 -1000000000
3657 16770 1000000000
3556 18754 -1000000000
877 16920 1000000000
4283 18106 -1000000000
4918 10884 1000000000
3536 17537 -1000000000
2867 14155 1000000000
4145 13772 -1000000000
7331 16238 1000000000
1911 14693 -1000000000
9596 17914 1000000000
8203 16748 -1000000000
2768 11249 1000000000
8416 17327 -1000000000
3924 13096 1000000000
1698 10778 -1000000000
5259 13274 1000000000
7283 18937 -1000000000
5670 18484 1000000000
7019 18968 -1000000000
182 16205 1000000000
2429 15946 -1000000000
1614 16303 1000000000
9581 10081 -1000000000
1387 14212 1000000000
4468 14710 -1000000000
6194 17583 1000000000
8541 19642 -1000000000
9504 12507 1000000000
2184 17491 -1000000000
3797 10795 1000000000
6212 15524 -1000000000
5764 18218 1000000000
9257 17363 -1000000000
6357 18341 1000000000
5868 17286 -1000000000
1044 17083 1000000000
5618 15706 -1000000000
552 10792 1000000000
6484 17034 -1000000000
217 15042 1000000000
4874 13661 -1000000000
8261 12367 1000000000
5678 12406 -1000000000
6542 17126 1000000000
2828 17011 -1000000000
984 16501 1000000000
1438 10631 -1000000000
7871 13170 1000000000
5228 14968 -1000000000
3360 18172 1000000000
424 12804 -1000000000
1704 18018 1000000000
9994 10090 -1000000000
190 17389 1000000000
7432 14341 -1000000000
4366 16362 1000000000
2283 17717 -1000000000
8192 11774 1000000000
8005 10052 -1000000000
2349 16617 1000000000
4515 18480 -1000000000
3748 14555 1000000000
7752 11221 -1000000000
6499 11043 1000000000
2942 11206 -1000000000
4607 15732 1000000000
6622 19281 -1000000000
6481 12555 1000000000
1278 19070 -1000000000
2990 13470 1000000000
2065 14268 -1000000000
6523 10403 1000000000
404 14928 -1000000000
6947 13328 1000000000
7586 10350 -1000000000
42 16658 1000000000
5706 10917 -1000000000
7951 14293 1000000000
7086 15383 -1000000000
6277 14904 1000000000
681 11327 -1000000000
6239 18474 1000000000
6366 17077 -1000000000
3661 13946 1000000000
6698 12762 -1000000000
4255 19773 1000000000
713 17588 -1000000000
7973 18338 1000000000
8708 15962 -1000000000
6583 18612 1000000000
5617 19312 -1000000000
2927 13513 1000000000
4202 12070 -1000000000
7081 10179 1000000000
9126 16001 -1000000000
1279 19376 1000000000
284 12285 -1000000000
905 11754 1000000000
2019 10157 -1000000000
1553 19627 1000000000
4903 11227 -1000000000
4204 17582 1000000000
3859 15924 -1000000000
814 15485 1000000000
9720 14486 -1000000000
6658 15780 1000000000
287 13585 -1000000000
5526 12004 1000000000
2673 18599 -1000000000
5581 11072 1000000000
6194 11489 -1000000000
9318 15966 1000000000
6336 14874 -1000000000
6660 11105 1000000000
8087 12678 -1000000000
7120 16047 1000000000
185 19510 -1000000000
4871 10217 1000000000
6650 15659 -1000000000
8255 15096 1000000000
2645 18345 -1000000000
438 17370 1000000000
8912 18301 -1000000000
2462 15116 1000000000
11 13000 -1000000000
400 10375 1000000000
1459 17965 -1000000000
4444 15079 1000000000
3741 11413 -1000000000
94 15577 1000000000
1461 16472 -1000000000
4323 19232 1000000000
3671 15072 -1000000000
6652 18328 1000000000
2828 14647 -1000000000
28 11836 1000000000
4402 19689 -1000000000
1737 16839 1000000000
9010 10709 -1000000000
8164 19292 1000000000
5930 13424 -1000000000
6966 13192 1000000000
8751 14720 -1000000000
1837 18283 1000000000
4929 11143 -1000000000
7991 18622 1000000000
208 10400 -1000000000
3945 13666 1000000000
9257 10999 -1000000000
7112 18310 1000000000
2759 17812 -1000000000
8561 13089 1000000000
9636 13444 -1000000000
654 16734 1000000000
9582 14866 -1000000000
1885 17778 1000000000
1394 17671 -1000000000
4815 15625 1000000000
1184 13773 -1000000000
1578 11297 1000000000
6757 17086 -1000000000
4166 18210 1000000000
6871 10046 -1000000000
9928 15310 1000000000
7532 12451 -1000000000
6626 17846 1000000000
2138 16050 -1000000000
6849 18300 1000000000
942 17949 -1000000000
2729 15552 1000000000
628 15887 -1000000000
3010 10471 1000000000
8598 15705 -1000000000
5301 17388 1000000000
3322 11040 -1000000000
8802 13830 1000000000
8029 16153 -1000000000
9663 10144 1000000000
7167 11460 -1000000000
9465 15916 1000000000
2801 10068 -1000000000
4914 15666 1000000000
8752 18307 -1000000000
6742 12054 1000000000
1219 14600 -1000000000
4152 16330 1000000000
2163 12149 -1000000000
5688 17398 1000000000
8445 12086 -1000000000
1982 12804 1000000000
7645 16575 -1000000000
3955 12508 1000000000
8366 13492 -1000000000
4272 17520 1000000000
2256 18872 -1000000000
6460 13715 1000000000
9221 17621 -1000000000
324 12089 1000000000
5132 16895 -1000000000
6175 14433 1000000000
7523 11734 -1000000000
9077 19734 1000000000
983 15705 -1000000000
2227 10997 1000000000
6397 13327 -1000000000
2006 13831 1000000000
1177 14766 -1000000000
5384 19348 1000000000
3708 14732 -1000000000
2887 13402 1000000000
4558 17145 -1000000000
8162 13302 1000000000
7886 13357 -1000000000
1338 10763 1000000000
4724 15751 -1000000000
9865 18302 1000000000
4673 18431 -1000000000
1741 15480 1000000000
9572 10780 -1000000000
4204 11935 1000000000
372 18553 -1000000000
9700 13125 1000000000
6739 17693 -1000000000
8738 14288 1000000000
471 12912 -1000000000
3500 12031 1000000000
859 14305 -1000000000
2925 12489 1000000000
6101 13832 -1000000000
8500 18364 1000000000
1316 11181 -1000000000
1272 14843 1000000000
3314 14710 -1000000000
5812 13283 1000000000
8562 14392 -1000000000
551 12587 1000000000
5411 14910 -1000000000
7418 10692 1000000000
5974 12904 -1000000000
430 16575 1000000000
940 18088 -1000000000
985 14737 1000000000
9362 19014 -1000000000
9228 13368 1000000000
2380 10444 -1000000000
7819 11753 1000000000
5722 11255 -1000000000
9149 11432 1000000000
4772 14890 -1000000000
9138 18406 1000000000
2076 11667 -1000000000
9792 10544 1000000000
6022 14141 -1000000000
3531 17342 1000000000
6150 16103 -1000000000
4199 19646 1000000000
8968 19938 -1000000000
4413 18531 1000000000
8058 10932 -1000000000
4057 18839 1000000000
7199 14550 -1000000000
3163 15118 1000000000
5106 17118 -1000000000
3918 16918 1000000000
8460 18370 -1000000000
836 19366 1000000000
3533 10816 -1000000000
7015 13604 1000000000
2078 19970 -1000000000
4595 15696 1000000000
1277 11935 -1000000000
741 18257 1000000000
7791 15170 -1000000000
6904 14423 1000000000
2022 15905 -1000000000
3776 17663 1000000000
8814 13674 -1000000000
226 15768 1000000000
7056 10486 -1000000000
3619 16587 1000000000
7796 18150 -1000000000
2775 11257 1000000000
2556 13565 -1000000000
7353 10267 1000000000
8279 11889 -1000000000
5131 10537 1000000000
6266 14716 -1000000000
4503 16098 1000000000
6347 17185 -1000000000
7250 18491 1000000000
5866 18471 -1000000000
6764 10432 1000000000
3875 15163 -1000000000
340 15560 1000000000
2595 12698 -1000000000
1405 11258 1000000000
7962 19520 -1000000000
850 15830 1000000000
7237 17439 -1000000000
9354 10231 1000000000
5054 10420 -1000000000
5915 12309 1000000000
1694 17081 -1000000000
8964 13953 1000000000
7540 13340 -1000000000
839 10205 1000000000
7389 11103 -1000000000
9433 15315 1000000000
6238 12766 -1000000000
3963 17694 1000000000
8576 19857 -1000000000
201 13590 1000000000
31 11503 -1000000000
9757 13308 1000000000
113 16867 -1000000000
1832 16217 1000000000
380 13269 -1000000000
6469 14571 1000000000
4468 14073 -1000000000
4364 13352 1000000000
4875 11597 -1000000000
5715 11202 1000000000
7759 17891 -1000000000
3407 10003 1000000000
3348 13465 -1000000000
731 19642 1000000000
6808 12613 -1000000000
2625 11881 1000000000
5892 17003 -1000000000
5044 10282 1000000000
2239 19950 -1000000000
7724 17453 1000000000
7897 17457 -1000000000
9057 14895 1000000000
6993 12929 -1000000000
6941 16192 1000000000
774 17757 -1000000000
5968 13481 1000000000
8822 12405 -1000000000
3434 12632 1000000000
3741 19211 -1000000000
1879 19933 1000000000
8899 11847 -1000000000
2040 12088 1000000000
175 12029 -1000000000
2509 13340 1000000000
7102 10951 -1000000000
9792 19762 1000000000
8063 17750 -1000000000
9451 15116 1000000000
6096 13110 -1000000000
4109 10522 1000000000
6117 14440 -1000000000
7193 18086 1000000000
8517 10983 -1000000000
2029 11727 1000000000
9087 14006 -1000000000
7570 10684 1000000000
8260 12823 -1000000000
6031 12303 1000000000
2037 12372 -1000000000
1628 18905 1000000000
1983 18706 -1000000000
5497 16621 1000000000
9132 11188 -1000000000
4534 11228 1000000000
3356 14680 -1000000000
6753 10413 1000000000
2963 19499 -1000000000
3404 11153 1000000000
4061 18734 -1000000000
5197 11751 1000000000
3007 13793 -1000000000
4534 10644 1000000000
1968 17823 -1000000000
5481 18121 1000000000
1538 16546 -1000000000
7110 17753 1000000000
1371 11601 -1000000000
6807 10116 1000000000
1470 14098 -1000000000
3879 16515 1000000000
3083 17287 -1000000000
1680 17637 1000000000
6878 10572 -1000000000
6715 13552 1000000000
7290 12472 -1000000000
352 10556 1000000000
8184 12770 -1000000000
4268 13832 1000000000
7901 12794 -1000000000
5739 18260 1000000000
9631 14631 -1000000000
9318 18414 1000000000
7204 17227 -1000000000
4207 13218 1000000000
8108 14872 -1000000000
8961 18633 1000000000
2099 19967 -1000000000
6109 14053 1000000000
745 18155 -1000000000
7978 15765 1000000000
9550 18186 -1000000000
7823 15886 1000000000
3173 15943 -1000000000
9876 12798 1000000000
8417 15101 -1000000000
4466 11691 1000000000
7271 17751 -1000000000
6959 16954 1000000000
6275 17377 -1000000000
1650 10715 1000000000
526 16104 -1000000000
1296 11905 1000000000
4320 18773 -1000000000
1366 13264 1000000000
7264 13773 -1000000000
6330 13239 1000000000
8704 14762 -1000000000
6378 10812 1000000000
2771 14135 -1000000000
7921 13691 1000000000
5080 12387 -1000000000
5187 16796 1000000000
1005 10196 -1000000000
5222 10452 1000000000
1444 12918 -1000000000
4655 10815 1000000000
1369 18517 -1000000000
7158 19487 1000000000
4122 18951 -1000000000
4812 16618 1000000000
2872 17754 -1000000000
1756 14529 1000000000
9275 13860 -1000000000
2173 15219 1000000000
9342 13244 -1000000000
9125 18603 1000000000
7791 17259 -1000000000
1602 11033 1000000000
6952 15669 -1000000000
6431 16062 1000000000
8097 17643 -1000000000
4325 19000 1000000000
4663 18169 -1000000000
7324 18509 1000000000
481 13759 -1000000000
6510 18681 1000000000
8039 13744 -1000000000
6948 11083 1000000000
206 13551 -1000000000
4665 18684 1000000000
3055 13187 -1000000000
4658 10970 1000000000
4559 19390 -1000000000
3143 19825 1000000000
4690 18184 -1000000000
4666 16055 1000000000
6985 11164 -1000000000
6240 11777 1000000000
8496 17057 -1000000000
9162 16752 1000000000
9586 15622 -1000000000
1760 11644 1000000000
7298 11038 -1000000000
3242 15721 1000000000
4703 12233 -1000000000
1718 12196 1000000000
7862 17662 -1000000000
874 15995 1000000000
2801 17131 -1000000000
9341 19834 1000000000
3681 16320 -1000000000
9068 19977 1000000000
3744 12157 -1000000000
4246 11632 1000000000
5709 16700 -1000000000
6877 12427 1000000000
2585 12871 -1000000000
7091 11657 1000000000
1847 10225 -1000000000
9501 18337 1000000000
5422 15484 -1000000000
7449 11342 1000000000
8790 15184 -1000000000
8619 12696 1000000000
5099 16881 -1000000000
7776 11389 1000000000
1470 18886 -1000000000
9815 10166 1000000000
8023 15143 -1000000000
3348 15532 1000000000
3779 16747 -1000000000
6059 17465 1000000000
4283 14495 -1000000000
9388 12646 1000000000
1616 17816 -1000000000
9375 18763 1000000000
7195 15629 -1000000000
3406 11121 1000000000
7971 11359 -1000000000
169 12099 1000000000
9188 10407 -1000000000
5737 14810 1000000000
6128 13965 -1000000000
2820 16592 1000000000
6053 11747 -1000000000
9659 14632 1000000000
8568 10087 -1000000000
7532 17369 1000000000
1249 10774 -1000000000
1074 18672 1000000000
7580 11469 -1000000000
9115 11736 1000000000
4047 16602 -1000000000
9907 12063 1000000000
5948 15058 -1000000000
8389 19772 1000000000
9911 11600 -1000000000
5145 17587 1000000000
1140 19716 -1000000000
6307 10538 1000000000
961 19384 -1000000000
4691 16175 1000000000
5460 19239 -1000000000
998 17570 1000000000
275 11154 -1000000000
4842 17441 1000000000
5132 16319 -1000000000
3590 14641 1000000000
9752 11827 -1000000000
8602 19051 1000000000
8179 19631 -1000000000
2535 17059 1000000000
8695 13749 -1000000000
5760 17015 1000000000
7056 15747 -1000000000
5604 14541 1000000000
5622 16793 -1000000000
8262 13663 1000000000
1985 18092 -1000000000
7439 16105 1000000000
9861 15343 -1000000000
1324 16201 1000000000
6922 10793 -1000000000
4109 16143 1000000000
6559 17296 -1000000000
5955 18368 1000000000
377 11816 -1000000000
5658 10956 1000000000
5634 11529 -1000000000
8814 18841 1000000000
38 15833 -1000000000
1813 11039 1000000000
1827 18667 -1000000000
3067 11960 1000000000
7118 14179 -1000000000
6252 14517 1000000000
7043 16776 -1000000000
1226 17045 1000000000
6188 19647 -1000000000
5723 13708 1000000000
3375 11586 -1000000000
3780 15306 1000000000
1119 17845 -1000000000
9043 14337 1000000000
6734 11828 -1000000000
2393 19156 1000000000
4992 11425 -1000000000
6959 16396 1000000000
6579 19521 -1000000000
5695 18070 1000000000
3929 10705 -1000000000
9723 16209 1000000000
5099 15464 -1000000000
2529 16399 1000000000
2421 14787 -1000000000
6553 12155 1000000000
2346 13307 -1000000000
3028 19333 1000000000
7607 11912 -1000000000
3273 19652 1000000000
4593 16241 -1000000000
8469 11170 1000000000
2778 10131 -1000000000
7938 14293 1000000000
1062 13251 -1000000000
845 13839 1000000000
9618 19431 -1000000000
1190 10655 1000000000
3406 15235 -1000000000
4400 14587 1000000000
980 17019 -1000000000
6020 17789 1000000000
9757 18625 -1000000000
4539 16666 1000000000
7879 13078 -1000000000
9243 11289 1000000000
2356 15947 -1000000000
3002 10979 1000000000
6405 13448 -1000000000
5380 18487 1000000000
206 18041 -1000000000
7586 18653 1000000000
4890 18828 -1000000000
8562 10814 1000000000
8759 18791 -1000000000
3497 10395 1000000000
8269 10897 -1000000000
8791 16658 1000000000
8515 10614 -1000000000
4889 14114 1000000000
1353 10930 -1000000000
8790 12111 1000000000
7405 12074 -1000000000
2402 10714 1000000000
2294 18844 -1000000000
1260 16753 1000000000
3870 11095 -1000000000
94 16135 1000000000
8080 10841 -1000000000
2762 13676 1000000000
4896 18364 -1000000000
8436 10751 1000000000
3871 12070 -1000000000
1242 12809 1000000000
7275 19752 -1000000000
163 15043 1000000000
3640 13302 -1000000000
6777 19556 1000000000
6460 12006 -1000000000
7718 10335 1000000000
5188 13901 -1000000000
1412 10517 1000000000
909 13157 -1000000000
6 10784 1000000000
2042 14928 -1000000000
8311 13534 1000000000
9430 17190 -1000000000
9251 14501 1000000000
3456 19916 -1000000000
8437 17082 1000000000
3775 15947 -1000000000
3212 18490 1000000000
2627 15474 -1000000000
2009 13134 1000000000
682 12194 -1000000000
999 17741 1000000000
1193 17963 -1000000000
3693 10054 1000000000
3758 18590 -1000000000
669 16633 1000000000
3218 15958 -1000000000
6226 16713 1000000000
7590 17399 -1000000000
848 14588 1000000000
6705 12144 -1000000000
2718 11903 1000000000
8945 11096 -1000000000
6416 15091 1000000000
4031 11356 -1000000000
8031 16630 1000000000
3355 19015 -1000000000
9 18141 1000000000
2842 10422 -1000000000
8121 14583 1000000000
8183 17704 -1000000000
9303 14860 1000000000
1196 10742 -1000000000
644 13524 1000000000
82 11249 -1000000000
5290 17304 1000000000
2329 10270 -1000000000
8234 17600 1000000000
465 18177 -1000000000
4571 13256 1000000000
3625 10258 -1000000000
8424 15091 1000000000
958 16348 -1000000000
2475 19575 1000000000
3963 19136 -1000000000
7965 17926 1000000000
9661 15454 -1000000000
1257 18634 1000000000
5158 19191 -1000000000
1838 16252 1000000000
3511 14235 -1000000000
6702 18523 1000000000
1034 10334 -1000000000
3671 12576 1000000000
5200 11738 -1000000000
3123 12837 1000000000
4302 15320 -1000000000
6334 11751 1000000000
8093 10074 -1000000000
8794 15934 1000000000
5872 19696 -1000000000
6925 13548 1000000000
5689 14463 -1000000000
9495 10334 1000000000
6904 16305 -1000000000
8630 19511 1000000000
3377 13323 -1000000000
7446 12181 1000000000
9256 17030 -1000000000
3424 12857 1000000000
8062 16434 -1000000000
1458 16283 1000000000
1103 13869 -1000000000
6720 13381 1000000000
1243 13476 -1000000000
152 19354 1000000000
7460 11308 -1000000000
4618 18156 1000000000
8202 10527 -1000000000
9172 18149 1000000000
4755 11076 -1000000000
1099 15756 1000000000
8584 16244 -1000000000
9612 16284 1000000000
6306 17759 -1000000000
972 11543 1000000000
5134 14588 -1000000000
1100 19089 1000000000
8028 14448 -1000000000
4829 15975 1000000000
7784 15016 -1000000000
6239 13430 1000000000
4668 16205 -1000000000
9200 15552 1000000000
4517 12430 -1000000000
5855 10103 1000000000
8821 12858 -1000000000
3853 14974 1000000000
5562 19634 -1000000000
4197 11553 1000000000
5307 14414 -1000000000
920 19990 1000000000
2599 11822 -1000000000
4674 12251 1000000000
4808 17009 -1000000000
7207 18536 1000000000
4347 12737 -1000000000
4333 19271 1000000000
8315 16259 -1000000000
4308 13519 1000000000
7707 13470 -1000000000
3769 17594 1000000000
7131 11096 -1000000000
1679 15917 1000000000
9873 11918 -1000000000
6245 13405 1000000000
6683 12849 -1000000000
8363 19087 1000000000
2271 11396 -1000000000
986 12942 1000000000
4 15740 -1000000000
3485 12257 1000000000
6056 17411 -1000000000
6796 10604 1000000000
6786 10937 -1000000000
8242 17232 1000000000
7710 16374 -1000000000
4447 16715 1000000000
8288 10414 -1000000000
8065 12112 1000000000
9648 16531 -1000000000
7738 19961 1000000000
8416 15107 -1000000000
1740 15389 1000000000
7863 12536 -1000000000
9705 14361 1000000000
5588 11230 -1000000000
7185 11100 1000000000
8965 15006 -1000000000
330 18425 1000000000
8796 15856 -1000000000
3463 11051 1000000000
3974 10576 -1000000000
5108 14238 1000000000
944 13095 -1000000000
8851 12443 1000000000
8408 14814 -1000000000
1378 17396 1000000000
3211 14575 -1000000000
8991 18046 1000000000
5068 13302 -1000000000
900 19645 1000000000
6118 19007 -1000000000
7821 10561 1000000000
455 16607 -1000000000
7476 14160 1000000000
3609 16740 -1000000000
32 18821 1000000000
7931 11238 -1000000000
5281 17888 1000000000
1021 10336 -1000000000
1866 14807 1000000000
3363 13196 -1000000000
3172 15372 1000000000
4681 16646 -1000000000
2973 10593 1000000000
2180 11812 -1000000000
2443 16604 1000000000
5455 17673 -1000000000
4582 13094 1000000000
9427 12837 -1000000000
7928 10382 1000000000
8545 14074 -1000000000
3769 18629 1000000000
5264 16883 -1000000000
5414 17417 1000000000
3166 13427 -1000000000
5537 18528 1000000000
8066 11003 -1000000000
8480 11820 1000000000
5333 16765 -1000000000
4062 16770 1000000000
3518 12143 -1000000000
1372 11966 1000000000
1959 12338 -1000000000
5925 12557 1000000000
9839 11607 -1000000000
6866 14067 1000000000
3942 15578 -1000000000
3827 10315 1000000000
7994 11470 -1000000000
3505 16425 1000000000
605 13006 -1000000000
9045 15166 1000000000
3304 10650 -1000000000
5763 10147 1000000000
9416 13924 -1000000000
9268 17776 1000000000
7320 15613 -1000000000
2971 11148 1000000000
570 17459 -1000000000
3194 14485 1000000000
1728 17430 -1000000000
921 14029 1000000000
1724 13024 -1000000000
7569 11727 1000000000
904 10560 -1000000000
9427 18626 1000000000
2107 18552 -1000000000
2551 11686 1000000000
6474 16203 -1000000000
7161 12597 1000000000
5975 12177 -1000000000
9745 19124 1000000000
470 12313 -1000000000
2412 15097 1000000000
6557 19014 -1000000000
4513 13270 1000000000
7838 12430 -1000000000
1601 13388 1000000000
4074 13672 -1000000000
5416 19505 1000000000
3551 13825 -1000000000
4636 11382 1000000000
4097 15354 -1000000000
4459 18498 1000000000
3482 19782 -1000000000
7277 12254 1000000000
8414 13935 -1000000000
6114 15979 1000000000
6345 10171 -1000000000
8351 13132 1000000000
6433 14373 -1000000000
4254 10857 1000000000
6269 16696 -1000000000
146 10136 1000000000
1337 17313 -1000000000
5534 19123 1000000000
2025 13023 -1000000000
6182 15219 1000000000
9498 18570 -1000000000
5593 15686 1000000000
4079 14523 -1000000000
4737 14952 1000000000
8261 12731 -1000000000
1563 14387 1000000000
6820 12544 -1000000000
879 11905 1000000000
9597 16525 -1000000000
6829 10777 1000000000
5476 13515 -1000000000
3466 18240 1000000000
9059 11189 -1000000000
1310 19427 1000000000
3503 19271 -1000000000
7923 11299 1000000000
3666 11465 -1000000000
7194 15017 1000000000
6339 12260 -1000000000
2676 12578 1000000000
1525 15184 -1000000000
3936 19373 1000000000
5322 19039 -1000000000
3282 13765 1000000000
1617 12430 -1000000000
3078 10461 1000000000
1236 12248 -1000000000
1674 12945 1000000000
3918 19632 -1000000000
5157 11287 1000000000
6238 18684 -1000000000
6807 15523 1000000000
3668 16470 -1000000000
5671 10546 1000000000
5296 16600 -1000000000
6275 19077 1000000000
5114 10755 -1000000000
9587 10267 1000000000
9140 15497 -1000000000
6330 10408 1000000000
2627 14410 -1000000000
6726 13158 1000000000
1370 18910 -1000000000
584 18163 1000000000
5040 13912 -1000000000
1273 19278 1000000000
6364 14803 -1000000000
9410 17057 1000000000
6993 17021 -1000000000
6656 13144 1000000000
9948 11277 -1000000000
8665 16285 1000000000
6819 17944 -1000000000
5870 17526 1000000000
6752 17324 -1000000000
6690 10112 1000000000
143 18537 -1000000000
2407 15095 1000000000
565 14487 -1000000000
5083 17374 1000000000
7014 11308 -1000000000
6349 14025 1000000000
5866 17571 -1000000000
8130 17475 1000000000
168 17475 -1000000000
3511 16811 1000000000
3164 14193 -1000000000
1814 17178 1000000000
5120 11188 -1000000000
2375 18336 1000000000
2199 12954 -1000000000
2573 11146 1000000000
2374 10350 -1000000000
1160 14679 1000000000
3062 12375 -1000000000
6420 17714 1000000000
8989 18493 -1000000000
4938 15531 1000000000
8587 17948 -1000000000
3572 18355 1000000000
2943 14878 -1000000000
2631 17324 1000000000
948 11092 -1000000000
7147 19784 1000000000
2132 17413 -1000000000
4442 14002 1000000000
4603 15981 -1000000000
8329 18892 1000000000
6976 19616 -1000000000
9555 15099 1000000000
1101 19116 -1000000000
7478 19156 1000000000
6936 19889 -1000000000
1460 13836 1000000000
3744 17277 -1000000000
3461 12522 1000000000
1598 16970 -1000000000
9664 10678 1000000000
9517 19512 -1000000000
9103 13542 1000000000
2346 10985 -1000000000
3484 12259 1000000000
9850 18437 -1000000000
8760 18455 1000000000
1305 10517 -1000000000
3525 16823 1000000000
6104 13318 -1000000000
1634 14856 1000000000
5114 16682 -1000000000
5361 10991 1000000000
6576 16341 -1000000000
7530 13290 1000000000
960 18735 -1000000000
7089 16477 1000000000
5743 11469 -1000000000
8457 17447 1000000000
5692 14471 -1000000000
9695 13757 1000000000
7521 11566 -1000000000
8996 16427 1000000000
4102 15557 -1000000000
434 11481 1000000000
2359 16421 -1000000000
8226 11230 1000000000
6793 19015 -1000000000
3573 14015 1000000000
6129 19964 -1000000000
7189 15673 1000000000
1005 14785 -1000000000
3583 18607 1000000000
8536 19593 -1000000000
2098 11069 1000000000
8773 12276 -1000000000
7873 18487 1000000000
1980 16542 -1000000000
2939 18719 1000000000
1838 11834 -1000000000
7207 14103 1000000000
7893 17214 -1000000000
8710 12789 1000000000
2525 18680 -1000000000
1409 17358 1000000000
6692 13826 -1000000000
2455 18492 1000000000
2182 16332 -1000000000
1953 19507 1000000000
1932 15520 -1000000000
9309 16820 1000000000
9748 17365 -1000000000
5084 11220 1000000000
5396 12509 -1000000000
9144 13164 1000000000
4409 14113 -1000000000
3014 12635 1000000000
9963 10788 -1000000000
6203 10220 1000000000
1337 10137 -1000000000
10000 13053 1000000000
3583 19352 -1000000000
7823 18059 1000000000
7559 19159 -1000000000
4015 10110 1000000000
1769 13838 -1000000000
9020 14843 1000000000
7141 15780 -1000000000
3651 12211 1000000000
1492 16356 -1000000000
7439 15356 1000000000
5547 17311 -1000000000
7807 16130 1000000000
6184 16519 -1000000000
7018 12732 1000000000
7550 17640 -1000000000
9672 19183 1000000000
2009 10245 -1000000000
7470 18053 1000000000
7047 12678 -1000000000
7157 16571 1000000000
8954 18305 -1000000000
4127 11384 1000000000
9333 12027 -1000000000
2913 10658 1000000000
843 15436 -1000000000
1728 19315 1000000000
7976 10615 -1000000000
3440 16457 1000000000
9418 19029 -1000000000
9927 14182 1000000000
2167 11802 -1000000000
4153 13470 1000000000
9547 15093 -1000000000
4534 17369 1000000000
2761 13795 -1000000000
5199 11108 1000000000
9140 15026 -1000000000
9402 11766 1000000000
173 14638 -1000000000
6006 17163 1000000000
2551 16103 -1000000000
8610 19962 1000000000
1154 13006 -1000000000
2230 10291 1000000000
4155 17184 -1000000000
3335 16134 1000000000
450 17414 -1000000000
1178 17643 1000000000
6704 12447 -1000000000
6859 19011 1000000000
6297 15941 -1000000000
3460 18110 1000000000
8162 12270 -1000000000
6760 17393 1000000000
7703 12437 -1000000000
345 12884 1000000000
6307 13722 -1000000000
4119 10511 1000000000
1589 11248 -1000000000
766 15989 1000000000
3336 19146 -1000000000
8934 14064 1000000000
8735 11326 -1000000000
8466 19136 1000000000
8561 15258 -1000000000
5676 14420 1000000000
3787 17085 -1000000000
3025 14523 1000000000
2956 18182 -1000000000
8633 12689 1000000000
9600 18185 -1000000000
7290 18515 1000000000
4100 16655 -1000000000
7531 19192 1000000000
6348 11552 -1000000000
9783 10277 1000000000
9963 16555 -1000000000
6992 18476 1000000000
7869 10131 -1000000000
893 18077 1000000000
3467 13046 -1000000000
7025 10018 1000000000
5313 14179 -1000000000
4958 14951 1000000000
985 12097 -1000000000
8072 10435 1000000000
1124 13174 -1000000000
9138 17080 1000000000
4912 15754 -1000000000
4303 10363 1000000000
7019 14266 -1000000000
4306 17180 1000000000
8434 13589 -1000000000
5245 14202 1000000000
6354 17554 -1000000000
5867 17693 1000000000
1899 10730 -1000000000
1871 16326 1000000000
3371 10370 -1000000000
230 18555 1000000000
6941 11494 -1000000000
2740 17491 1000000000
6395 11156 -1000000000
2958 14390 1000000000
5761 19926 -1000000000
8333 10964 1000000000
9057 13075 -1000000000
1750 16473 1000000000
1842 15792 -1000000000
9350 17454 1000000000
3355 13211 -1000000000
8730 18296 1000000000
1654 18653 -1000000000
9070 16284 1000000000
6143 18118 -1000000000
6610 14158 1000000000
6993 19386 -1000000000
6000 14881 1000000000
2073 17462 -1000000000
1044 12967 1000000000
7101 10012 -1000000000
8851 17756 1000000000
8868 12608 -1000000000
2190 10911 1000000000
4883 13719 -1000000000
6700 18840 1000000000
7050 18611 -1000000000
4088 14939 1000000000
4315 16568 -1000000000
8104 18655 1000000000
6751 15422 -1000000000
1500 18815 1000000000
825 18119 -1000000000
994 18344 1000000000
4138 12885 -1000000000
4112 16741 1000000000
8252 10480 -1000000000
4424 18131 1000000000
4075 14147 -1000000000
6984 19345 1000000000
159 14522 -1000000000
4263 13571 1000000000
9002 19964 -1000000000
465 17343 1000000000
8370 15280 -1000000000
685 12556 1000000000
9932 10854 -1000000000
4781 19438 1000000000
6840 18758 -1000000000
7165 13956 1000000000
3049 15221 -1000000000
2942 11457 1000000000
171 10364 -1000000000
1700 17260 1000000000
5179 13647 -1000000000
9049 19316 1000000000
1284 12765 -1000000000
8995 18947 1000000000
4982 14238 -1000000000
611 16423 1000000000
328 17991 -1000000000
3673 11113 1000000000
2725 14945 -1000000000
8902 15527 1000000000
2071 17471 -1000000000
2730 15624 1000000000
9900 10281 -1000000000
9985 16849 1000000000
2093 13115 -1000000000
2950 14288 1000000000
7348 18787 -1000000000
4587 18935 1000000000
441 11933 -1000000000
8322 17223 1000000000
188 11576 -1000000000
7405 11577 1000000000
5920 19120 -1000000000
9850 17635 1000000000
2707 13648 -1000000000
8577 15433 1000000000
3728 18966 -1000000000
7464 19023 1000000000
9607 10414 -1000000000
6306 19388 1000000000
5057 11876 -1000000000
6698 15677 1000000000
5427 17409 -1000000000
2738 14311 1000000000
6363 13667 -1000000000
6187 14087 1000000000
4562 16383 -1000000000
4945 11800 1000000000
9995 11254 -1000000000
7439 15592 1000000000
1838 10579 -1000000000
1271 19243 1000000000
4679 14719 -1000000000
957 17665 1000000000
8812 12335 -1000000000
1398 19715 1000000000
1654 14234 -1000000000
6993 17334 1000000000
7585 15602 -1000000000
8085 18655 1000000000
7785 15069 -1000000000
5574 16941 1000000000
6677 17567 -1000000000
7676 12614 1000000000
4808 12834 -1000000000
2066 18504 1000000000
5710 16526 -1000000000
7533 10938 1000000000
1388 17271 -1000000000
3875 12020 1000000000
8764 14049 -1000000000
7226 14471 1000000000
1937 19981 -1000000000
7260 16860 1000000000
269 17167 -1000000000
8747 19403 1000000000
3912 11921 -1000000000
4780 10238 1000000000
1865 17827 -1000000000
2744 13651 1000000000
8428 10229 -1000000000
1897 17339 1000000000
8262 16668 -1000000000
4298 12511 1000000000
7975 12840 -1000000000
7621 15767 1000000000
1850 12979 -1000000000
9138 11601 1000000000
6057 15584 -1000000000
4889 13121 1000000000
7597 11957 -1000000000
9206 15040 1000000000
800 17101 -1000000000
8519 16873 1000000000
7055 11355 -1000000000
9247 15669 1000000000
4409 10961 -1000000000
4491 17449 1000000000
8666 19974 -1000000000
9207 16759 1000000000
7715 15905 -1000000000
3347 10789 1000000000
208 10783 -1000000000
6710 12917 1000000000
7187 19466 -1000000000
522 18850 1000000000
9814 15428 -1000000000
7908 14307 1000000000
3544 19417 -1000000000
4560 11918 1000000000
8991 15897 -1000000000
8343 11626 1000000000
9140 17779 -1000000000
3852 19085 1000000000
7805 18815 -1000000000
8196 18675 1000000000
8661 14652 -1000000000
8480 14785 1000000000
9959 11508 -1000000000
1373 14129 1000000000
6461 14315 -1000000000
7796 17728 1000000000
7186 17356 -1000000000
987 16512 1000000000
8429 19367 -1000000000
103 19785 1000000000
5597 13323 -1000000000
4006 12094 1000000000
9062 16313 -1000000000
5922 11871 1000000000
9156 13154 -1000000000
9684 12741 1000000000
5730 16113 -1000000000
4406 11981 1000000000
2432 13665 -1000000000
7727 15640 1000000000
892 16873 -1000000000
3926 16785 1000000000
4205 15395 -1000000000
2425 17593 1000000000
4620 11162 -1000000000
1760 17158 1000000000
4541 15072 -1000000000
1582 19429 1000000000
9613 17230 -1000000000
7963 18514 1000000000
4171 17404 -1000000000
8357 19399 1000000000
2829 14852 -1000000000
6875 15671 1000000000
6294 14968 -1000000000
2020 15571 1000000000
5415 19841 -1000000000
2911 16695 1000000000
7520 17204 -1000000000
9285 18860 1000000000
4049 18423 -1000000000
3298 11815 1000000000
8376 13079 -1000000000
8499 15647 1000000000
9239 15528 -1000000000
1294 18866 1000000000
456 17798 -1000000000
8987 19025 1000000000
4035 18235 -1000000000
475 11868 1000000000
1739 15528 -1000000000
8557 11432 1000000000
4589 15681 -1000000000
8186 17011 1000000000
6277 13752 -1000000000
670 18158 1000000000
6242 16760 -1000000000
8044 17861 1000000000
8061 12600 -1000000000
7669 13477 1000000000
4190 13072 -1000000000
188 16456 1000000000
5858 10678 -1000000000
7075 12219 1000000000
9588 14050 -1000000000
9048 14621 1000000000
9050 18511 -1000000000
1521 11918 1000000000
55 15489 -1000000000
3698 19569 1000000000
401 19021 -1000000000
3068 18118 1000000000
122 14747 -1000000000
6334 15853 1000000000
3984 10234 -1000000000
5529 18131 1000000000
2169 12906 -1000000000
5864 17518 1000000000
1655 13457 -1000000000
1507 18673 1000000000
6593 11985 -1000000000
7768 19882 1000000000
9616 12933 -1000000000
5991 10326 1000000000
6168 15737 -1000000000
5603 19775 1000000000
3485 10742 -1000000000
6203 17010 1000000000
554 15847 -1000000000
7345 13802 1000000000
6404 14176 -1000000000
5769 15523 1000000000
1005 11771 -1000000000
926 14924 1000000000
8339 18975 -1000000000
5389 18010 1000000000
5804 11181 -1000000000
928 16555 1000000000
2106 13000 -1000000000
3237 10324 1000000000
2022 17160 -1000000000
6363 17366 1000000000
6589 16829 -1000000000
383 17434 1000000000
1475 10841 -1000000000
349 16585 1000000000
2457 13162 -1000000000
9946 18282 1000000000
6719 14047 -1000000000
8204 15456 1000000000
2970 14219 -1000000000
1086 15179 1000000000
8385 17391 -1000000000
1203 12577 1000000000
20 11130 -1000000000
5760 19939 1000000000
9467 12483 -1000000000
4061 14865 1000000000
3174 15594 -1000000000
4119 11537 1000000000
6056 10378 -1000000000
3395 11557 1000000000
9118 16014 -1000000000
6600 12828 1000000000
9246 13671 -1000000000
8258 15260 1000000000
607 11278 -1000000000
3150 13235 1000000000
7894 19232 -1000000000
3625 15973 1000000000
5409 19073 -1000000000
3302 18099 1000000000
7453 14181 -1000000000
2388 18662 1000000000
2481 19718 -1000000000
1720 11495 1000000000
1333 16490 -1000000000
7541 18002 1000000000
6731 15177 -1000000000
62 18024 1000000000
4856 19071 -1000000000
3465 12312 1000000000
1149 16155 -1000000000
187 19270 1000000000
5794 13951 -1000000000
3634 10602 1000000000
9459 11451 -1000000000
9544 16084 1000000000
8197 10869 -1000000000
5787 14838 1000000000
605 16292 -1000000000
109 14671 1000000000
5067 11623 -1000000000
8872 11011 1000000000
3022 17099 -1000000000
4686 10231 1000000000
3753 15026 -1000000000
133 15914 1000000000
6611 16569 -1000000000
7440 15063 1000000000
8159 14654 -1000000000
9432 10796 1000000000
8523 17704 -1000000000
2257 15579 1000000000
7717 12798 -1000000000
7527 19691 1000000000
1232 11038 -1000000000
8316 12254 1000000000
3382 13010 -1000000000
2045 13412 1000000000
1878 13758 -1000000000
6512 11438 1000000000
4286 15932 -1000000000
4673 12760 1000000000
3706 14971 -1000000000
2732 11720 1000000000
5961 11668 -1000000000
6915 13846 1000000000
5848 12196 -1000000000
8298 16375 1000000000
1433 19587 -1000000000
5193 15766 1000000000
3584 16017 -1000000000
4043 10975 1000000000
8033 15804 -1000000000
5279 16990 1000000000
2579 16951 -1000000000
5151 11650 1000000000
9046 14983 -1000000000
4072 11354 1000000000
8091 17720 -1000000000
7005 18447 1000000000
1014 11504 -1000000000
3830 10385 1000000000
3520 15684 -1000000000
6752 15858 1000000000
3099 14064 -1000000000
9947 17235 1000000000
7842 18400 -1000000000
2857 14158 1000000000
873 10894 -1000000000
4900 16214 1000000000
7698 11274 -1000000000
8460 18617 1000000000
4970 13185 -1000000000
3741 14290 1000000000
5250 15321 -1000000000
6392 10314 1000000000
4712 14126 -1000000000
5352 11387 1000000000
1621 14156 -1000000000
3060 16860 1000000000
2222 12324 -1000000000
1698 11126 1000000000
7853 19857 -1000000000
3629 11448 1000000000
5690 15598 -1000000000
8380 18648 1000000000
6409 16679 -1000000000
9148 19947 1000000000
890 19975 -1000000000
9941 19887 1000000000
6578 13789 -1000000000
2585 18530 1000000000
6378 19620 -1000000000
9259 17475 1000000000
9070 18401 -1000000000
8315 11090 1000000000
9107 14800 -1000000000
6464 15760 1000000000
7588 12446 -1000000000
3954 11567 1000000000
4727 10883 -1000000000
7047 18689 1000000000
2380 18842 -1000000000
8226 16136 1000000000
1321 10318 -1000000000
5449 19118 1000000000
362 15371 -1000000000
1296 17074 1000000000
9276 16031 -1000000000
5557 14720 1000000000
8399 13362 -1000000000
1125 11409 1000000000
8851 10182 -1000000000
4516 10901 1000000000
4547 18620 -1000000000
1366 19150 1000000000
6319 17704 -1000000000
6746 11519 1000000000
6559 17482 -1000000000
27 18702 1000000000
2425 14609 -1000000000
4749 10152 1000000000
9577 14094 -1000000000
1139 17960 1000000000
898 17897 -1000000000
2373 13944 1000000000
8714 18257 -1000000000
9609 18565 1000000000
543 10072 -1000000000
7442 11836 1000000000
7833 15487 -1000000000
2215 11619 1000000000
9714 18252 -1000000000
4203 15965 1000000000
7369 12552 -1000000000
2156 12041 1000000000
6954 18755 -1000000000
5298 12633 1000000000
6527 15168 -1000000000
1880 10510 1000000000
5063 16238 -1000000000
7764 10628 1000000000
9664 12735 -1000000000
9457 13313 1000000000
299 15016 -1000000000
7294 15159 1000000000
889 13434 -1000000000
6483 11413 1000000000
6314 18784 -1000000000
6832 17908 1000000000
8977 14350 -1000000000
8122 12537 1000000000
7052 19321 -1000000000
5681 14558 1000000000
3216 16756 -1000000000
5818 16643 1000000000
7334 15238 -1000000000
357 13332 1000000000
7086 18325 -1000000000
1654 12297 1000000000
1074 15160 -1000000000
7226 13557 1000000000
5120 11251 -1000000000
5162 13336 1000000000
8016 18396 -1000000000
4616 15034 1000000000
4560 15650 -1000000000
6266 18134 1000000000
2005 10427 -1000000000
2003 17124 1000000000
2511 12494 -1000000000
3206 19544 1000000000
1335 16761 -1000000000
5445 16895 1000000000
5591 14200 -1000000000
5935 19017 1000000000
909 18308 -1000000000
5614 12545 1000000000
4692 12855 -1000000000
6365 18654 1000000000
1466 14807 -1000000000
5636 13786 1000000000
4659 16442 -1000000000
3509 14711 1000000000
7125 11242 -1000000000
2135 19563 1000000000
2818 11059 -1000000000
6074 11942 1000000000
2787 12830 -1000000000
476 13954 1000000000
2003 16368 -1000000000
891 19786 1000000000
9933 13909 -1000000000
1534 14952 1000000000
9924 10664 -1000000000
1604 10231 1000000000
7279 16292 -1000000000
4282 19802 1000000000
4622 16225 -1000000000
2377 10807 1000000000
5513 15633 -1000000000
4053 19946 1000000000
2945 11749 -1000000000
3240 11169 1000000000
1701 18712 -1000000000
4206 19670 1000000000
2122 18008 -1000000000
2126 14411 1000000000
6663 10923 -1000000000
2464 16852 1000000000
8293 11007 -1000000000
1492 19821 1000000000
6631 14056 -1000000000
3530 10616 1000000000
7367 18383 -1000000000
8165 12411 1000000000
120 19445 -1000000000
3560 17048 1000000000
1368 16809 -1000000000
1913 13674 1000000000
4465 16166 -1000000000
4253 10561 1000000000
4380 10944 -1000000000
9971 17876 1000000000
9946 11600 -1000000000
1239 12223 1000000000
3306 12112 -1000000000
132 18412 1000000000
610 17219 -1000000000
6721 14670 1000000000
6512 14428 -1000000000
1173 15952 1000000000
9637 13648 -1000000000
6338 19386 1000000000
4883 19503 -1000000000
4232 16734 1000000000
4839 11105 -1000000000
9854 12200 1000000000
40 12374 -1000000000
8018 15778 1000000000
8075 18929 -1000000000
4460 14833 1000000000
397 13909 -1000000000
6445 14061 1000000000
5930 14086 -1000000000
6171 15170 1000000000
8874 15427 -1000000000
1868 15307 1000000000
2098 17314 -1000000000
957 16909 1000000000
8781 18674 -1000000000
9622 14200 1000000000
3023 14304 -1000000000
1989 15541 1000000000
8146 10358 -1000000000
3294 15548 1000000000
4122 18056 -1000000000
8743 14187 1000000000
8004 10096 -1000000000
7793 19057 1000000000
3064 10620 -1000000000
1651 15264 1000000000
9820 12651 -1000000000
3910 16338 1000000000
9816 10498 -1000000000
347 12517 1000000000
3094 18068 -1000000000
4514 12643 1000000000
6255 16365 -1000000000
8333 11370 1000000000
9886 10606 -1000000000
956 14904 1000000000
1281 11441 -1000000000
7224 15585 1000000000
8104 10246 -1000000000
4801 12319 1000000000
2984 16247 -1000000000
2439 15862 1000000000
4613 16933 -1000000000
8693 11873 1000000000
3753 19115 -1000000000
4032 13053 1000000000
7257 18122 -1000000000
7689 19430 1000000000
5565 17766 -1000000000
9375 12828 1000000000
8678 10047 -1000000000
4 14318 1000000000
5503 11913 -1000000000
8621 15209 1000000000
1161 13906 -1000000000
4397 12858 1000000000
9112 13837 -1000000000
7653 19468 1000000000
9462 16402 -1000000000
2485 16340 1000000000
6889 18704 -1000000000
2153 14810 1000000000
8857 10292 -1000000000
4372 10639 1000000000
5652 12738 -1000000000
5895 12924 1000000000
3844 19103 -1000000000
8639 12704 1000000000
8817 18046 -1000000000
2246 13596 1000000000
4526 15402 -1000000000
7114 15199 1000000000
2387 19854 -1000000000
2367 11261 1000000000
6222 15488 -1000000000
3165 17114 1000000000
3810 12786 -1000000000
5318 14886 1000000000
1911 17061 -1000000000
5519 14613 1000000000
2647 11732 -1000000000
9879 10236 1000000000
2238 13317 -1000000000
1362 12717 1000000000
7695 16184 -1000000000
6317 14407 1000000000
7224 12837 -1000000000
7348 17641 1000000000
6211 10890 -1000000000
670 17850 1000000000
8823 18078 -1000000000
9809 10646 1000000000
2405 16941 -1000000000
4214 11821 1000000000
2541 10044 -1000000000
9284 13793 1000000000
2872 18510 -1000000000
4969 18861 1000000000
4346 17783 -1000000000
6832 10899 1000000000
1465 11255 -1000000000
8527 16007 1000000000
138 10928 -1000000000
6101 14217 1000000000
9633 17083 -1000000000
6235 11486 1000000000
3043 13501 -1000000000
2209 16048 1000000000
1179 11172 -1000000000
6524 16678 1000000000
303 16677 -1000000000
8099 17704 1000000000
5251 18881 -1000000000
4595 15569 1000000000
7630 10393 -1000000000
4055 10391 1000000000
5139 10140 -1000000000
9386 14366 1000000000
304 17312 -1000000000
8135 13746 1000000000
7682 10189 -1000000000
237 16792 1000000000
4461 15188 -1000000000
5699 14516 1000000000
6701 17452 -1000000000
8342 17811 1000000000
6614 19601 -1000000000
1589 19480 1000000000
6312 11095 -1000000000
6038 15415 1000000000
8578 14117 -1000000000
6283 15401 1000000000
6147 14315 -1000000000
6454 16182 1000000000
1004 16287 -1000000000
5699 17706 1000000000
2502 19873 -1000000000
9493 10293 1000000000
1258 19938 -1000000000
4794 13999 1000000000
4060 13267 -1000000000
4856 18698 1000000000
8628 12092 -1000000000
1206 13403 1000000000
8604 18536 -1000000000
1960 15685 1000000000
7275 18413 -1000000000
4164 17296 1000000000
6560 15440 -1000000000
139 17658 1000000000
6723 13201 -1000000000
843 16627 1000000000
2266 18342 -1000000000
8384 13575 1000000000
7948 14818 -1000000000
3889 11419 1000000000
3063 12093 -1000000000
4581 12337 1000000000
8945 17871 -1000000000
1318 16778 1000000000
152 16962 -1000000000
4430 15573 1000000000
7041 19075 -1000000000
428 14253 1000000000
1830 14211 -1000000000
1378 18759 1000000000
2090 16856 -1000000000
3510 11946 1000000000
2890 15927 -1000000000
5116 10440 1000000000
6161 10279 -1000000000
7669 10018 1000000000
7724 10854 -1000000000
7447 12531 1000000000
9795 16351 -1000000000
3558 11132 1000000000
4804 15187 -1000000000
1711 15333 1000000000
3134 15122 -1000000000
8391 11744 1000000000
3155 12377 -1000000000
3827 19646 1000000000
1189 18199 -1000000000
4466 19373 1000000000
6019 18807 -1000000000
3854 19123 1000000000
5464 17013 -1000000000
7969 14308 1000000000
4317 17580 -1000000000
9340 15443 1000000000
2556 18166 -1000000000
6515 18432 1000000000
2287 17985 -1000000000
8918 19555 1000000000
7965 19929 -1000000000
847 18912 1000000000
9606 10975 -1000000000
8061 10981 1000000000
4644 11953 -1000000000
4241 11208 1000000000
8574 15950 -1000000000
4968 14472 1000000000
5810 15258 -1000000000
5854 19907 1000000000
6523 17077 -1000000000
9397 19052 1000000000
8028 17596 -1000000000
5934 16115 1000000000
9705 17264 -1000000000
9556 19745 1000000000
8231 16290 -1000000000
9430 14709 1000000000
3051 13295 -1000000000
902 10731 1000000000
2189 18280 -1000000000
3475 10410 1000000000
9091 12511 -1000000000
3698 15784 1000000000
154 12232 -1000000000
4036 11261 1000000000
3650 14661 -1000000000
4423 15606 1000000000
1396 10349 -1000000000
5378 17574 1000000000
2356 16374 -1000000000
3495 16849 1000000000
4289 10346 -1000000000
8255 15813 1000000000
8495 16302 -1000000000
5835 13451 1000000000
3633 11823 -1000000000
9028 17932 1000000000
440 12125 -1000000000
1440 11880 1000000000
3513 19117 -1000000000
3909 19067 1000000000
8940 12123 -1000000000
9034 14990 1000000000
9092 11510 -1000000000
9849 17807 1000000000
6242 16035 -1000000000
5934 15157 1000000000
8647 12340 -1000000000
3601 16772 1000000000
295 12531 -1000000000
477 11824 1000000000
4873 19716 -1000000000
5918 11360 1000000000
4162 19988 -1000000000
4 14221 1000000000
345 12197 -1000000000
9796 12610 1000000000
9153 12973 -1000000000
4496 17627 1000000000
4407 11895 -1000000000
7846 11597 1000000000
7670 14267 -1000000000
5903 14871 1000000000
790 10568 -1000000000
6704 14388 1000000000
1381 15673 -1000000000
7956 14104 1000000000
5144 16595 -1000000000
378 17076 1000000000
4894 19476 -1000000000
7216 17321 1000000000
9257 13076 -1000000000
5434 11693 1000000000
1793 12777 -1000000000
7704 17471 1000000000
7334 16472 -1000000000
727 13970 1000000000
8282 18612 -1000000000
2352 18253 1000000000
1645 13800 -1000000000
7841 10194 1000000000
3380 11103 -1000000000
8125 16192 1000000000
1916 19626 -1000000000
3009 15494 1000000000
3878 15391 -1000000000
2427 16741 1000000000
1716 18232 -1000000000
5209 17320 1000000000
2548 12024 -1000000000
4879 18684 1000000000
100 10597 -1000000000
784 10241 1000000000
4555 14161 -1000000000
4724 19980 1000000000
5023 19930 -1000000000
376 18892 1000000000
8756 19167 -1000000000
4548 15607 1000000000
9616 15940 -1000000000
5917 14448 1000000000
9308 18855 -1000000000
5574 13656 1000000000
8187 11309 -1000000000
8842 11236 1000000000
9946 10893 -1000000000
3572 17772 1000000000
444 10174 -1000000000
29 15023 1000000000
4516 11597 -1000000000
3921 13847 1000000000
624 11029 -1000000000
5934 17749 1000000000
7523 15699 -1000000000
9831 10361 1000000000
4422 15265 -1000000000
8068 10622 1000000000
6576 15785 -1000000000
5273 14692 1000000000
7202 17149 -1000000000
3823 10441 1000000000
3776 16658 -1000000000
4130 14796 1000000000
6925 10098 -1000000000
3284 14911 1000000000
1012 11875 -1000000000
1382 13102 1000000000
8106 11680 -1000000000
889 13849 1000000000
7687 11446 -1000000000
7456 13608 1000000000
3043 10353 -1000000000
5036 14552 1000000000
1088 10510 -1000000000
8598 13989 1000000000
8769 19333 -1000000000
2269 10653 1000000000
1746 18497 -1000000000
2405 18955 1000000000
2607 17341 -1000000000
6739 14848 1000000000
3905 14640 -1000000000
7768 18640 1000000000
4209 11532 -1000000000
5673 14990 1000000000
175 18551 -1000000000
8946 11812 1000000000
4744 19648 -1000000000
1112 17860 1000000000
940 17597 -1000000000
7921 12160 1000000000
1337 15092 -1000000000
5194 16526 1000000000
1950 17935 -1000000000
1741 11783 1000000000
6231 10040 -1000000000
6451 19763 1000000000
6408 10026 -1000000000
3020 17508 1000000000
3426 15090 -1000000000
3364 15886 1000000000
7639 19872 -1000000000
4491 16139 1000000000
3040 16608 -1000000000
4004 19001 1000000000
925 11953 -1000000000
2759 16971 1000000000
1271 13933 -1000000000
8489 12592 1000000000
2196 19805 -1000000000
8447 12707 1000000000
6697 19795 -1000000000
2211 18803 1000000000
514 13684 -1000000000
7160 13887 1000000000
2950 12019 -1000000000
2672 16418 1000000000
8644 19947 -1000000000
732 16169 1000000000
3306 16207 -1000000000
3750 10320 1000000000
9034 19842 -1000000000
7951 18339 1000000000
3898 11899 -1000000000
7534 10074 1000000000
6476 13555 -1000000000
3657 12761 1000000000
9481 17315 -1000000000
9604 16586 1000000000
5421 11543 -1000000000
7656 14068 1000000000
4453 17586 -1000000000
1457 15534 1000000000
2442 10158 -1000000000
9031 14495 1000000000
4322 12222 -1000000000
4027 10773 1000000000
1018 12063 -1000000000
6589 16588 1000000000
1628 14873 -1000000000
8201 18235 1000000000
3675 12442 -1000000000
4917 14535 1000000000
6365 17371 -1000000000
10000 17733 1000000000
7863 18959 -1000000000
8108 12408 1000000000
870 14705 -1000000000
1479 16286 1000000000
8389 14679 -1000000000
3906 13479 1000000000
1488 19365 -1000000000
8141 19141 1000000000
2453 19367 -1000000000
7757 10159 1000000000
1950 15445 -1000000000
2846 18353 1000000000
3607 15843 -1000000000
6475 13787 1000000000
5248 17110 -1000000000
5098 11218 1000000000
4774 18828 -1000000000
2014 16237 1000000000
5812 15642 -1000000000
3826 19988 1000000000
9700 12018 -1000000000
8825 13991 1000000000
8541 14571 -1000000000
5107 16559 1000000000
1787 18383 -1000000000
3293 18463 1000000000
3625 14333 -1000000000
4285 12179 1000000000
5138 16136 -1000000000
8927 10887 1000000000
9552 10236 -1000000000
9011 15786 1000000000
6912 19839 -1000000000
8707 18903 1000000000
919 19250 -1000000000
2670 18138 1000000000
2628 10685 -1000000000
5490 11397 1000000000
6503 11369 -1000000000
9480 12914 1000000000
4844 19672 -1000000000
9815 14725 1000000000
3324 12076 -1000000000
6567 17777 1000000000
475 18557 -1000000000
9568 14709 1000000000
1011 10701 -1000000000
7928 16278 1000000000
7560 11894 -1000000000
5321 17691 1000000000
8564 10116 -1000000000
8024 13023 1000000000
3464 11793 -1000000000
545 18122 1000000000
5764 16608 -1000000000
2655 15562 1000000000
1970 16381 -1000000000
2762 13537 1000000000
5627 17450 -1000000000
6770 11229 1000000000
6243 12327 -1000000000
9257 14818 1000000000
2101 16800 -1000000000
5219 19126 1000000000
2081 14162 -1000000000
3935 10103 1000000000
3527 11824 -1000000000
2033 14623 1000000000
2999 18643 -1000000000
1512 14789 1000000000
4962 19915 -1000000000
4575 18967 1000000000
2100 19932 -1000000000
9397 19308 1000000000
2560 11642 -1000000000
376 13620 1000000000
3139 17558 -1000000000
8500 17412 1000000000
6865 19463 -1000000000
1396 19487 1000000000
8180 17885 -1000000000
7965 13503 1000000000
6885 13884 -1000000000
2451 19581 1000000000
4316 14436 -1000000000
2307 11632 1000000000
9018 14697 -1000000000
1231 17129 1000000000
6390 17995 -1000000000
5448 14973 1000000000
6108 13001 -1000000000
8997 13893 1000000000
2779 12081 -1000000000
3454 15739 1000000000
9368 15363 -1000000000
6501 19741 1000000000
408 17840 -1000000000
3640 13657 1000000000
7430 16943 -1000000000
9449 11174 1000000000
2174 16661 -1000000000
9767 10464 1000000000
7010 17950 -1000000000
2928 11779 1000000000
7973 16580 -1000000000
2429 13267 1000000000
2053 13075 -1000000000
2976 11648 1000000000
5169 17368 -1000000000
1526 18104 1000000000
9629 10680 -1000000000
4648 13603 1000000000
9356 18411 -1000000000
1598 11114 1000000000
6560 16393 -1000000000
5469 15636 1000000000
7071 11376 -1000000000
48 16213 1000000000
2252 13161 -1000000000
8215 19476 1000000000
8994 11787 -1000000000
2973 14329 1000000000
8508 11876 -1000000000
6787 17850 1000000000
3285 17339 -1000000000
1317 17351 1000000000
2963 12464 -1000000000
5034 19697 1000000000
1601 18594 -1000000000
1046 10482 1000000000
6678 10635 -1000000000
7482 12303 1000000000
3638 14918 -1000000000
7920 11544 1000000000
5777 18214 -1000000000
8467 13320 1000000000
4502 18096 -1000000000
47 17968 1000000000
983 14735 -1000000000
697 19562 1000000000
7051 10845 -1000000000
844 17280 1000000000
164 12666 -1000000000
7741 10889 1000000000
8065 15698 -1000000000
8715 13193 1000000000
6746 13338 -1000000000
5517 10686 1000000000
1480 18511 -1000000000
6468 11146 1000000000
1902 12535 -1000000000
6897 16189 1000000000
7274 16582 -1000000000
4024 15322 1000000000
3604 19794 -1000000000
72 18623 1000000000
1566 14892 -1000000000
2586 12888 1000000000
1052 16122 -1000000000
8517 19828 1000000000
9620 18565 -1000000000
310 19606 1000000000
5830 14876 -1000000000
108 14507 1000000000
7208 14106 -1000000000
5072 13733 1000000000
8474 10621 -1000000000
6551 18051 1000000000
729 14167 -1000000000
2856 18859 1000000000
7970 19240 -1000000000
1102 14862 1000000000
4431 18874 -1000000000
4859 11742 1000000000
4483 19290 -1000000000
8502 12849 1000000000
3297 13053 -1000000000
1164 11282 1000000000
4395 12327 -1000000000
9226 10466 1000000000
8501 19296 -1000000000
1192 13592 1000000000
7054 17841 -1000000000
2916 19985 1000000000
9629 18526 -1000000000
1344 10788 1000000000
4805 12963 -1000000000
6827 19073 1000000000
7147 18598 -1000000000
9944 15429 1000000000
9961 10394 -1000000000
7651 10664 1000000000
3638 13218 -1000000000
7625 16090 1000000000
6390 12252 -1000000000
7012 13407 1000000000
1642 12479 -1000000000
5021 16432 1000000000
7061 17960 -1000000000
808 18789 1000000000
8401 16740 -1000000000
4591 13169 1000000000
6389 13581 -1000000000
6910 12079 1000000000
4549 14181 -1000000000
1233 16990 1000000000
1259 11368 -1000000000
5551 19622 1000000000
8364 12567 -1000000000
6508 14978 1000000000
4304 14627 -1000000000
7645 12304 1000000000
6119 19993 -1000000000
1550 17248 1000000000
9039 11578 -1000000000
9910 14481 1000000000
8334 13323 -1000000000
1192 13872 1000000000
9723 16604 -1000000000
8029 16022 1000000000
1338 18164 -1000000000
2843 10522 1000000000
4771 11621 -1000000000
1094 16750 1000000000
3567 16524 -1000000000
9730 17970 1000000000
2645 18667 -1000000000
2745 12597 1000000000
5716 12761 -1000000000
90 11937 1000000000
1857 12016 -1000000000
8924 19627 1000000000
5183 18949 -1000000000
2650 11578 1000000000
6118 16040 -1000000000
4735 18233 1000000000
3976 13730 -1000000000
7508 15328 1000000000
5756 16407 -1000000000
8004 13326 1000000000
5717 19801 -1000000000
2875 16140 1000000000
8888 19778 -1000000000
7565 14898 1000000000
7009 11755 -1000000000
5294 11860 1000000000
2630 19601 -1000000000
8039 15337 1000000000
1368 13497 -1000000000
1191 13729 1000000000
9688 11174 -1000000000
191 14783 1000000000
1123 17980 -1000000000
6966 19139 1000000000
7523 19055 -1000000000
8321 17440 1000000000
7255 17273 -1000000000
5210 14196 1000000000
6694 18886 -1000000000
1558 11400 1000000000
2738 19931 -1000000000
3592 14364 1000000000
5353 12651 -1000000000
5169 14771 1000000000
7691 18269 -1000000000
7612 12272 1000000000
1752 18947 -1000000000
6673 15189 1000000000
5368 16729 -1000000000
2168 15950 1000000000
9808 16033 -1000000000
8299 14548 1000000000
3651 19652 -1000000000
2850 13950 1000000000
6624 14198 -1000000000
776 14668 1000000000
360 13023 -1000000000
5899 10646 1000000000
9717 10772 -1000000000
7797 11630 1000000000
943 11767 -1000000000
1935 11571 1000000000
3188 16300 -1000000000
701 14933 1000000000
4242 14138 -1000000000
943 14524 1000000000
9776 19024 -1000000000
9018 16997 1000000000
2510 19199 -1000000000
8418 18368 1000000000
5301 12337 -1000000000
2802 19023 1000000000
2790 12302 -1000000000
2592 12270 1000000000
5534 13081 -1000000000
6822 17765 1000000000
8534 10860 -1000000000
8873 11595 1000000000
7807 10998 -1000000000
1237 16091 1000000000
6999 17641 -1000000000
3339 18851 1000000000
9088 11996 -1000000000
6814 10118 1000000000
2921 19228 -1000000000
2273 12559 1000000000
8972 11293 -1000000000
1275 17852 1000000000
5254 12694 -1000000000
384 14507 1000000000
4460 15022 -1000000000
3064 10373 1000000000
1288 15714 -1000000000
7107 11886 1000000000
4617 10753 -1000000000
7800 17941 1000000000
6137 16118 -1000000000
1197 13847 1000000000
6269 17583 -1000000000
6774 17000 1000000000
2624 14322 -1000000000
5840 16516 1000000000
9077 18030 -1000000000
6770 11009 1000000000
2222 15942 -1000000000
7736 19588 1000000000
4979 16702 -1000000000
6836 10384 1000000000
2970 17930 -1000000000
7167 14869 1000000000
3035 17712 -1000000000
8826 11136 1000000000
5981 19823 -1000000000
5649 10803 1000000000
1307 17471 -1000000000
3826 14803 1000000000
3089 18024 -1000000000
275 14401 1000000000
6430 14870 -1000000000
5413 10694 1000000000
7019 12291 -1000000000
2053 12866 1000000000
5374 13928 -1000000000
3889 13620 1000000000
5832 16367 -1000000000
3307 16145 1000000000
4801 19797 -1000000000
2657 15826 1000000000
9800 19331 -1000000000
213 10728 1000000000
5668 10071 -1000000000
7129 10476 1000000000
8764 12977 -1000000000
1576 18303 1000000000
6385 19421 -1000000000
6445 16485 1000000000
6098 15944 -1000000000
9547 19272 1000000000
6942 17668 -1000000000
7469 11996 1000000000
192 16921 -1000000000
7645 10422 1000000000
779 15691 -1000000000
3194 11682 1000000000
3068 10274 -1000000000
3574 16820 1000000000
2106 18107 -1000000000
6487 16375 1000000000
6488 18103 -1000000000
6171 11903 1000000000
4931 13544 -1000000000
8880 19292 1000000000
491 14090 -1000000000
3708 17848 1000000000
8583 11129 -1000000000
1319 15772 1000000000
2117 14984 -1000000000
9858 19396 1000000000
8188 12498 -1000000000
9651 10355 1000000000
5826 10573 -1000000000
1440 11387 1000000000
1142 10149 -1000000000
4108 13669 1000000000
4794 16313 -1000000000
2002 15928 1000000000
8870 14295 -1000000000
9206 16478 1000000000
4530 19923 -1000000000
5342 19327 1000000000
8198 13994 -1000000000
5142 10978 1000000000
3486 12769 -1000000000
208 15329 1000000000
1625 17741 -1000000000
9355 11042 1000000000
9754 16060 -1000000000
9380 13225 1000000000
2621 15513 -1000000000
9095 14602 1000000000
608 14838 -1000000000
5152 18661 1000000000
3996 13318 -1000000000
325 10700 1000000000
3275 19014 -1000000000
3285 10317 1000000000
9303 15875 -1000000000
6454 13179 1000000000
9025 15560 -1000000000
5291 10351 1000000000
9655 18607 -1000000000
1426 12522 1000000000
722 10287 -1000000000
6133 14273 1000000000
4253 18360 -1000000000
2691 14402 1000000000
7521 16597 -1000000000
7904 19011 1000000000
4722 13412 -1000000000
6575 16299 1000000000
3600 13729 -1000000000
7314 17955 1000000000
8547 19837 -1000000000
7398 17186 1000000000
4166 11824 -1000000000
3910 15812 1000000000
6037 13127 -1000000000
6249 15042 1000000000
5530 15307 -1000000000
2168 14618 1000000000
7219 13227 -1000000000
4644 16453 1000000000
637 19322 -1000000000
2183 10485 1000000000
8583 17640 -1000000000
9522 13257 1000000000
900 15203 -1000000000
1685 15931 1000000000
1171 19242 -1000000000
5437 15599 1000000000
302 12311 -1000000000
4637 18645 1000000000
1844 11067 -1000000000
9872 19127 1000000000
3012 18193 -1000000000
8794 13799 1000000000
3563 15956 -1000000000
1658 15126 1000000000
7269 18678 -1000000000
3089 19140 1000000000
8689 12396 -1000000000
2193 19903 1000000000
7226 17295 -1000000000
257 12004 1000000000
9909 11620 -1000000000
2484 14893 1000000000
9378 17669 -1000000000
2711 19982 1000000000
3857 14196 -1000000000
836 10489 1000000000
4147 12370 -1000000000
4637 11968 1000000000
7882 11069 -1000000000
4815 15693 1000000000
4857 16638 -1000000000
422 16013 1000000000
1859 15118 -1000000000
9875 17931 1000000000
8445 10501 -1000000000
8530 18620 1000000000
3405 12383 -1000000000
4958 11913 1000000000
439 12711 -1000000000
1912 17404 1000000000
2703 11176 -1000000000
8024 17802 1000000000
5281 18839 -1000000000
5196 14884 1000000000
195 13883 -1000000000
4202 18906 1000000000
6739 10848 -1000000000
1831 17128 1000000000
1570 18993 -1000000000
3116 18545 1000000000
5237 19800 -1000000000
4320 19742 1000000000
7784 15889 -1000000000
1003 19751 1000000000
445 18046 -1000000000
8402 17234 1000000000
6548 13604 -1000000000
4973 17736 1000000000
1991 12203 -1000000000
8643 15845 1000000000
2766 17382 -1000000000
2584 19238 1000000000
1043 16291 -1000000000
9951 10615 1000000000
6316 17155 -1000000000
8344 15304 1000000000
7487 11022 -1000000000
6703 19292 1000000000
511 18852 -1000000000
8257 14827 1000000000
4131 13796 -1000000000
2324 16602 1000000000
9296 11141 -1000000000
1301 12426 1000000000
2197 13755 -1000000000
4840 19566 1000000000
6210 15905 -1000000000
8843 18299 1000000000
7576 11425 -1000000000
1542 11274 1000000000
9293 14938 -1000000000
7226 16579 1000000000
7805 11948 -1000000000
5547 19096 1000000000
9524 13571 -1000000000
4133 11418 1000000000
3984 11769 -1000000000
6059 10249 1000000000
15 16280 -1000000000
9521 18103 1000000000
8637 17503 -1000000000
1339 17618 1000000000
5587 12075 -1000000000
2374 18910 1000000000
2847 19721 -1000000000
2545 14255 1000000000
7767 11085 -1000000000
7581 10394 1000000000
2738 15153 -1000000000
7568 11857 1000000000
5945 10657 -1000000000
3846 12323 1000000000
5294 18419 -1000000000
3639 14895 1000000000
3154 14339 -1000000000
2517 16735 1000000000
7573 13237 -1000000000
2227 19198 1000000000
8413 13171 -1000000000
9640 16312 1000000000
5513 10453 -1000000000
5865 17993 1000000000
5564 13023 -1000000000
5250 18855 1000000000
6372 17698 -1000000000
8087 13723 1000000000
5321 11579 -1000000000
5564 14844 1000000000
8222 11721 -1000000000
8426 14642 1000000000
5120 16042 -1000000000
458 19795 1000000000
5599 19089 -1000000000
181 18440 1000000000
4465 15892 -1000000000
3945 18503 1000000000
590 17763 -1000000000
7568 16989 1000000000
7421 12061 -1000000000
5111 18109 1000000000
5863 14702 -1000000000
7024 16843 1000000000
2434 12470 -1000000000
1961 14135 1000000000
7103 14846 -1000000000
3596 12176 1000000000
102 14734 -1000000000
4626 18283 1000000000
966 13797 -1000000000
7293 17733 1000000000
2100 15259 -1000000000
101 12056 1000000000
2140 17074 -1000000000
8949 10505 1000000000
4315 17772 -1000000000
9371 14957 1000000000
2349 15606 -1000000000
914 12567 1000000000
7728 11274 -1000000000
3305 17351 1000000000
9637 19822 -1000000000
9424 11858 1000000000
6473 13833 -1000000000
9605 10490 1000000000
4703 18041 -1000000000
1568 13144 1000000000
4007 17167 -1000000000
4269 15248 1000000000
7196 14046 -1000000000
6430 18557 1000000000
8331 10801 -1000000000
803 10887 1000000000
9322 17995 -1000000000
8194 12112 1000000000
5450 13824 -1000000000
5724 18551 1000000000
6194 14548 -1000000000
7469 18131 1000000000
1041 14518 -1000000000
5420 16171 1000000000
9483 16537 -1000000000
5819 16827 1000000000
5231 14512 -1000000000
784 10120 1000000000
8517 14892 -1000000000
1294 15647 1000000000
1231 18292 -1000000000
5401 17331 1000000000
1706 13716 -1000000000
2036 17157 1000000000
2832 16201 -1000000000
2157 19410 1000000000
4027 12627 -1000000000
4025 12603 1000000000
9805 17262 -1000000000
3588 16501 1000000000
8381 17795 -1000000000
1682 17572 1000000000
6372 17195 -1000000000
2235 10379 1000000000
1346 10730 -1000000000
8158 10103 1000000000
6789 19788 -1000000000
3937 18836 1000000000
3595 16398 -1000000000
727 12845 1000000000
6417 16806 -1000000000
9863 13027 1000000000
333 14728 -1000000000
4135 13813 1000000000
8253 15438 -1000000000
7631 10181 1000000000
5436 12291 -1000000000
7475 13488 1000000000
3976 19335 -1000000000
2030 17289 1000000000
3557 12498 -1000000000
5019 19249 1000000000
5067 12275 -1000000000
1507 11569 1000000000
2025 19738 -1000000000
88 18952 1000000000
6050 14276 -1000000000
3641 13907 1000000000
512 19965 -1000000000
9969 13506 1000000000
7089 12896 -1000000000
5589 11767 1000000000
8630 18681 -1000000000
3025 18206 1000000000
4157 17082 -1000000000
661 19569 1000000000
4722 13394 -1000000000
8884 11917 1000000000
5734 17242 -1000000000
6323 12614 1000000000
5510 14651 -1000000000
2644 10093 1000000000
4134 11060 -1000000000
6741 14985 1000000000
7865 15339 -1000000000
7248 16229 1000000000
5612 18463 -1000000000
6781 10726 1000000000
2594 16367 -1000000000
2414 14846 1000000000
7738 19240 -1000000000
9984 19644 1000000000
2956 15500 -1000000000
4637 16937 1000000000
3785 13840 -1000000000
655 14474 1000000000
8113 17367 -1000000000
4707 15495 1000000000
8589 18544 -1000000000
8511 19756 1000000000
8287 11222 -1000000000
2217 19193 1000000000
7413 15957 -1000000000
4260 14693 1000000000
3119 19207 -1000000000
1318 10941 1000000000
6658 14871 -1000000000
7543 11125 1000000000
800 12837 -1000000000
7732 10077 1000000000
2103 11999 -1000000000
5383 19240 1000000000
1629 10956 -1000000000
6478 15546 1000000000
2692 10982 -1000000000
9206 16846 1000000000
1314 12227 -1000000000
317 12846 1000000000
7006 12805 -1000000000
8652 12070 1000000000
7974 13915 -1000000000
7363 10458 1000000000
2693 17319 -1000000000
9266 10772 1000000000
8632 11442 -1000000000
1161 12590 1000000000
1634 13882 -1000000000
9732 13246 1000000000
2607 18819 -1000000000
8126 11725 1000000000
9073 17438 -1000000000
6575 10773 1000000000
1514 19273 -1000000000
9291 17000 1000000000
6738 16309 -1000000000
8983 12724 1000000000
5165 17890 -1000000000
8681 17701 1000000000
9909 14291 -1000000000
7522 14759 1000000000
782 13417 -1000000000
3475 11245 1000000000
77 17035 -1000000000
7206 19160 1000000000
7062 11166 -1000000000
9893 11788 1000000000
5834 18253 -1000000000
5627 13031 1000000000
709 18951 -1000000000
7531 10745 1000000000
1388 14773 -1000000000
9767 16882 1000000000
7280 12626 -1000000000
8245 14259 1000000000
6650 17717 -1000000000
1279 15535 1000000000
1630 12094 -1000000000
1560 12805 1000000000
2026 12029 -1000000000
9132 12787 1000000000
2867 19714 -1000000000
3756 18306 1000000000
1263 15692 -1000000000
2792 18955 1000000000
3828 15018 -1000000000
2694 17043 1000000000
5491 10326 -1000000000
476 11321 1000000000
4113 15233 -1000000000
6964 19558 1000000000
7685 12556 -1000000000
5828 16938 1000000000
3843 13560 -1000000000
4765 11123 1000000000
4779 11011 -1000000000
6601 17526 1000000000
9259 12198 -1000000000
3757 13662 1000000000
1441 14564 -1000000000
6829 12275 1000000000
9385 18226 -1000000000
9364 15728 1000000000
5496 11767 -1000000000
5556 15384 1000000000
9461 15001 -1000000000
6148 11144 1000000000
1456 18826 -1000000000
4224 13547 1000000000
1524 15670 -1000000000
643 10160 1000000000
6649 10992 -1000000000
8352 13138 1000000000
4154 12050 -1000000000
6241 10240 1000000000
943 18977 -1000000000
9941 11394 1000000000
3348 12761 -1000000000
5118 10378 1000000000
6315 12212 -1000000000
1578 11450 1000000000
7069 10936 -1000000000
4596 15677 1000000000
4855 14011 -1000000000
7441 12742 1000000000
7245 11343 -1000000000
8754 14051 1000000000
1708 16950 -1000000000
236 16041 1000000000
3232 13109 -1000000000
9427 18334 1000000000
9034 15888 -1000000000
8863 17414 1000000000
2515 18299 -1000000000
2961 10326 1000000000
4823 13350 -1000000000
4596 12729 1000000000
8131 16549 -1000000000
3492 16829 1000000000
3482 10183 -1000000000
4614 15600 1000000000
9241 17868 -1000000000
3697 16668 1000000000
9172 16512 -1000000000
1464 15496 1000000000
2932 15094 -1000000000
5792 14856 1000000000
6003 14487 -1000000000
8649 14460 1000000000
289 11254 -1000000000
8149 12383 1000000000
6216 17417 -1000000000
7955 14347 1000000000
6701 12418 -1000000000
1511 10277 1000000000
1570 13860 -1000000000
3222 11974 1000000000
6757 10923 -1000000000
850 10555 1000000000
8849 17224 -1000000000
8979 15260 1000000000
6421 16694 -1000000000
7404 13730 1000000000
7090 17493 -1000000000
3162 16610 1000000000
1315 17986 -1000000000
1239 16568 1000000000
9457 14778 -1000000000
4020 19351 1000000000
5042 16188 -1000000000
2173 19723 1000000000
3182 16442 -1000000000
741 17393 1000000000
485 13982 -1000000000
9066 15818 1000000000
8012 18065 -1000000000
40 11337 1000000000
6510 14129 -1000000000
5755 19566 1000000000
2944 10799 -1000000000
1272 15920 1000000000
3937 10962 -1000000000
3010 15092 1000000000
3636 13743 -1000000000
5449 17521 1000000000
6769 14424 -1000000000
5132 18955 1000000000
6317 12345 -1000000000
3972 16357 1000000000
2210 16779 -1000000000
5108 15988 1000000000
213 10009 -1000000000
2896 16929 1000000000
8744 11541 -1000000000
3215 14344 1000000000
2301 12706 -1000000000
5720 12463 1000000000
8421 19083 -1000000000
6838 17946 1000000000
2571 18150 -1000000000
6527 10937 1000000000
1266 19050 -1000000000
7716 15044 1000000000
1625 15781 -1000000000
2314 17046 1000000000
1728 17493 -1000000000
8817 17561 1000000000
4270 13777 -1000000000
7525 11596 1000000000
5347 11518 -1000000000
9023 13016 1000000000
9697 19889 -1000000000
5124 15115 1000000000
9627 16257 -1000000000
7451 16848 1000000000
7969 11643 -1000000000
8697 16090 1000000000
1268 19003 -1000000000
3383 14514 1000000000
2682 18707 -1000000000
2070 11840 1000000000
4408 17472 -1000000000
3373 12034 1000000000
9621 14419 -1000000000
1053 18860 1000000000
9305 11720 -1000000000
5473 10883 1000000000
6729 13744 -1000000000
4248 15807 1000000000
3458 14178 -1000000000
1569 18014 1000000000
9319 13314 -1000000000
2327 11402 1000000000
2015 19985 -1000000000
438 10835 1000000000
7724 16467 -1000000000
3018 19221 1000000000
2688 10232 -1000000000
2064 13683 1000000000
8541 11838 -1000000000
6175 11596 1000000000
6086 17361 -1000000000
413 17431 1000000000
5403 14684 -1000000000
2076 18296 1000000000
5342 16299 -1000000000
2580 11791 1000000000
1627 12054 -1000000000
6523 14032 1000000000
264 10745 -1000000000
1117 13332 1000000000
6161 10903 -1000000000
9709 13195 1000000000
8520 11268 -1000000000
9385 17833 1000000000
2951 14705 -1000000000
8728 18618 1000000000
6544 15349 -1000000000
7238 17521 1000000000
2276 13307 -1000000000
9007 18085 1000000000
4259 15969 -1000000000
5757 17078 1000000000
417 15087 -1000000000
4103 18017 1000000000
7932 17642 -1000000000
8800 18019 1000000000
5403 16268 -1000000000
8875 17068 1000000000
7141 18350 -1000000000
7601 18585 1000000000
232 14448 -1000000000
2110 10986 1000000000
4365 15204 -1000000000
4590 14711 1000000000
2373 18714 -1000000000
3501 15291 1000000000
6754 12800 -1000000000
4125 17694 1000000000
4348 12514 -1000000000
4521 19979 1000000000
6441 15985 -1000000000
2994 12927 1000000000
5858 13524 -1000000000
8950 13413 1000000000
986 12256 -1000000000
9097 15051 1000000000
5729 11725 -1000000000
8986 12560 1000000000
8682 11082 -1000000000
1990 13511 1000000000
9115 12244 -1000000000
6110 14816 1000000000
2165 12970 -1000000000
5553 15628 1000000000
6970 12075 -1000000000
3535 15900 1000000000
6565 11934 -1000000000
9466 14756 1000000000
5533 18078 -1000000000
7883 14020 1000000000
808 16105 -1000000000
105 11728 1000000000
4052 15439 -1000000000
344 14192 1000000000
1394 11429 -1000000000
8650 10825 1000000000
3295 12321 -1000000000
7812 11176 1000000000
8885 17089 -1000000000
623 10250 1000000000
89 10455 -1000000000
3950 11002 1000000000
7710 17910 -1000000000
4722 15323 1000000000
6373 14068 -1000000000
1445 12687 1000000000
2767 18958 -1000000000
4605 16260 1000000000
2436 12009 -1000000000
2584 14054 1000000000
6292 16435 -1000000000
5084 11124 1000000000
2487 13161 -1000000000
8324 12942 1000000000
4494 16931 -1000000000
7314 13099 1000000000
3511 19891 -1000000000
394 18553 1000000000
1193 13558 -1000000000
8723 16860 1000000000
7194 11685 -1000000000
872 15381 1000000000
2697 12157 -1000000000
4569 12299 1000000000
4583 16263 -1000000000
9463 14678 1000000000
7686 12171 -1000000000
3096 13777 1000000000
6688 11077 -1000000000
6482 13762 1000000000
7298 15735 -1000000000
6217 11535 1000000000
6854 14566 -1000000000
5528 17928 1000000000
8924 19147 -1000000000
3471 13461 1000000000
7650 16176 -1000000000
6747 14683 1000000000
5284 19342 -1000000000
4761 17813 1000000000
9495 15461 -1000000000
9343 13179 1000000000
1317 15410 -1000000000
6853 11195 1000000000
6060 15856 -1000000000
8156 17467 1000000000
6025 11350 -1000000000
5241 11250 1000000000
9181 18195 -1000000000
327 14311 1000000000
2473 18197 -1000000000
3968 11879 1000000000
1277 16292 -1000000000
2301 14429 1000000000
463 17201 -1000000000
5644 18706 1000000000
6574 18794 -1000000000
621 12899 1000000000
7310 19743 -1000000000
6450 16159 1000000000
4177 15843 -1000000000
4217 18728 1000000000
279 11155 -1000000000
4506 17439 1000000000
9271 18732 -1000000000
4 11337 1000000000
5434 16670 -1000000000
9198 15433 1000000000
147 14167 -1000000000
6171 12732 1000000000
3892 17957 -1000000000
7608 13887 1000000000
4342 17217 -1000000000
7760 11951 1000000000
8952 14062 -1000000000
6875 13301 1000000000
9497 17807 -1000000000
2161 14093 1000000000
3545 15036 -1000000000
4205 16217 1000000000
9421 16132 -1000000000
2573 19569 1000000000
4515 14389 -1000000000
2263 16708 1000000000
1764 11736 -1000000000
5453 10935 1000000000
4413 18125 -1000000000
4664 17805 1000000000
948 16960 -1000000000
1768 19324 1000000000
8805 10077 -1000000000
6682 10804 1000000000
9877 13696 -1000000000
5708 15398 1000000000
533 17103 -1000000000
2491 17910 1000000000
7200 13462 -1000000000
5131 17838 1000000000
14 13980 -1000000000
6667 16542 1000000000
6339 12074 -1000000000
9332 17796 1000000000
1110 17511 -1000000000
614 19182 1000000000
8091 19851 -1000000000
9827 15034 1000000000
540 11839 -1000000000
1340 18900 1000000000
804 16868 -1000000000
2496 18446 1000000000
3623 16007 -1000000000
2912 16190 1000000000
6189 15592 -1000000000
3849 12184 1000000000
575 17016 -1000000000
4057 16837 1000000000
7330 16879 -1000000000
3813 16385 1000000000
3873 11985 -1000000000
9403 15781 1000000000
8041 10639 -1000000000
2183 12860 1000000000
301 11511 -1000000000
7470 15435 1000000000
8052 17018 -1000000000
7313 10561 1000000000
9917 13938 -1000000000
7009 11140 1000000000
1338 18361 -1000000000
814 14749 1000000000
4482 11001 -1000000000
2134 10732 1000000000
5164 17268 -1000000000
6520 16895 1000000000
4967 15271 -1000000000
7621 11832 1000000000
7827 15083 -1000000000
8195 16591 1000000000
7205 16447 -1000000000
9480 18029 1000000000
4138 16872 -1000000000
8186 13227 1000000000
1368 19770 -1000000000
6067 10665 1000000000
920 12695 -1000000000
8214 16469 1000000000
2545 15950 -1000000000
582 15590 1000000000
2462 10915 -1000000000
6601 13201 1000000000
7798 19321 -1000000000
9961 12976 1000000000
4685 15802 -1000000000
3699 19416 1000000000
5336 16976 -1000000000
2360 11339 1000000000
3231 10833 -1000000000
1575 11136 1000000000
3998 18982 -1000000000
9203 12818 1000000000
2711 13048 -1000000000
8814 14232 1000000000
9126 19325 -1000000000
1685 17014 1000000000
437 19352 -1000000000
5501 11668 1000000000
9902 16459 -1000000000
9228 15988 1000000000
7079 13688 -1000000000
8401 12871 1000000000
8381 19839 -1000000000
1307 17999 1000000000
8601 15878 -1000000000
6220 11715 1000000000
3268 18974 -1000000000
8885 10166 1000000000
8024 13353 -1000000000
1379 14322 1000000000
1379 19323 -1000000000
3460 15191 1000000000
7632 11761 -1000000000
2732 17417 1000000000
9389 10935 -1000000000
3491 18805 1000000000
4300 16950 -1000000000
1783 14305 1000000000
3262 18806 -1000000000
1911 10546 1000000000
2460 17422 -1000000000
6059 15105 1000000000
5366 17512 -1000000000
7263 16846 1000000000
273 13789 -1000000000
5792 16304 1000000000
2242 19810 -1000000000
5344 10998 1000000000
4568 19105 -1000000000
9496 14271 1000000000
7148 17470 -1000000000
6910 13543 1000000000
2025 10909 -1000000000
4213 10084 1000000000
4494 17896 -1000000000
7360 15304 1000000000
2979 14680 -1000000000
9514 12437 1000000000
4001 13504 -1000000000
7036 11507 1000000000
2566 15394 -1000000000
8529 13226 1000000000
1301 13973 -1000000000
4590 19118 1000000000
9179 17668 -1000000000
4726 10697 1000000000
5944 15508 -1000000000
2708 17271 1000000000
8007 10021 -1000000000
117 10340 1000000000
3591 14847 -1000000000
2294 10346 1000000000
8420 11937 -1000000000
9283 17374 1000000000
4057 11969 -1000000000
7819 14535 1000000000
3666 13005 -1000000000
6906 16616 1000000000
589 15395 -1000000000
9147 16431 1000000000
3159 12975 -1000000000
4254 14348 1000000000
721 17471 -1000000000
7470 15953 1000000000
1404 17821 -1000000000
7008 15262 1000000000
5050 13055 -1000000000
7069 12252 1000000000
4704 12646 -1000000000
4391 14845 1000000000
525 19292 -1000000000
585 13264 1000000000
4270 17858 -1000000000
9185 19361 1000000000
5390 15019 -1000000000
7458 16579 1000000000
1595 18528 -1000000000
92 11041 1000000000
3411 10514 -1000000000
2216 10617 1000000000
3945 13236 -1000000000
8650 15079 1000000000
9042 18535 -1000000000
5508 17777 1000000000
7769 19397 -1000000000
2050 18622 1000000000
2709 12593 -1000000000
5900 10493 1000000000
2631 13183 -1000000000
4435 10058 1000000000
8619 15264 -1000000000
346 18347 1000000000
6987 19370 -1000000000
2740 18269 1000000000
4728 19450 -1000000000
200 11706 1000000000
6841 16547 -1000000000
973 18570 1000000000
4535 13436 -1000000000
7538 10107 1000000000
8503 15770 -1000000000
5966 10113 1000000000
610 14114 -1000000000
1106 17354 1000000000
9200 10097 -1000000000
2326 11831 1000000000
6615 14854 -1000000000
7150 15049 1000000000
8826 13478 -1000000000
1382 10766 1000000000
9503 13665 -1000000000
5153 11464 1000000000
7512 18863 -1000000000
1657 18545 1000000000
8933 15650 -1000000000
567 16408 1000000000
8631 17736 -1000000000
3487 14688 1000000000
2919 17406 -1000000000
2302 16075 1000000000
1683 19739 -1000000000
5764 12942 1000000000
6662 11960 -1000000000
6900 17302 1000000000
2711 12963 -1000000000
9260 12673 1000000000
9403 15633 -1000000000
143 14184 1000000000
1925 13494 -1000000000
315 13174 1000000000
4907 10887 -1000000000
8530 13487 1000000000
4829 13565 -1000000000
1015 10747 1000000000
7647 18242 -1000000000
7891 19438 1000000000
6839 19570 -1000000000
1022 17222 1000000000
2266 16774 -1000000000
8717 13709 1000000000
1798 12280 -1000000000
4363 11112 1000000000
4752 15064 -1000000000
2253 14825 1000000000
9229 11581 -1000000000
8874 16610 1000000000
4124 15706 -1000000000
8682 10600 1000000000
2738 12889 -1000000000
3812 15352 1000000000
3279 11612 -1000000000
6031 12925 1000000000
1943 14760 -1000000000
9624 12764 1000000000
4747 13745 -1000000000
7047 10342 1000000000
7228 11092 -1000000000
2711 12383 1000000000
7575 17429 -1000000000
7444 14618 1000000000
5234 12538 -1000000000
5250 17176 1000000000
6971 18527 -1000000000
5768 10689 1000000000
9076 16834 -1000000000
5170 19303 1000000000
7472 15042 -1000000000
4253 18923 1000000000
5687 11090 -1000000000
5360 19184 1000000000
830 11741 -1000000000
9046 17916 1000000000
1719 12323 -1000000000
8701 13552 1000000000
6220 13979 -1000000000
3653 17753 1000000000
1609 13424 -1000000000
5160 16689 1000000000
5925 13812 -1000000000
7086 17879 1000000000
1442 12315 -1000000000
1728 12759 1000000000
4556 15693 -1000000000
2885 16479 1000000000
5763 19091 -1000000000
1896 16159 1000000000
9265 16765 -1000000000
5787 17134 1000000000
268 10504 -1000000000
7326 18600 1000000000
6555 19180 -1000000000
6205 19636 1000000000
8442 19778 -1000000000
9281 18437 1000000000
3413 14406 -1000000000
9780 18524 1000000000
171 12181 -1000000000
5707 19180 1000000000
3234 10292 -1000000000
1307 14844 1000000000
3691 11411 -1000000000
8202 13340 1000000000
5905 15239 -1000000000
3327 11413 1000000000
5797 17348 -1000000000
4066 10038 1000000000
1873 16651 -1000000000
8028 19611 1000000000
1588 13848 -1000000000
7870 12594 1000000000
9949 15882 -1000000000
194 17505 1000000000
8158 18533 -1000000000
7593 17016 1000000000
9039 18780 -1000000000
455 15304 1000000000
2604 14911 -1000000000
3194 18335 1000000000
1625 12414 -1000000000
1256 13789 1000000000
8163 18976 -1000000000
8849 13029 1000000000
1642 18590 -1000000000
9753 19792 1000000000
4014 10940 -1000000000
4117 12798 1000000000
9215 18096 -1000000000
3762 16003 1000000000
5973 15057 -1000000000
6843 13912 1000000000
2757 11667 -1000000000
245 17829 1000000000
2535 13988 -1000000000
6661 14089 1000000000
824 10281 -1000000000
5148 15573 1000000000
6990 19948 -1000000000
8812 14746 1000000000
2186 17157 -1000000000
354 14263 1000000000
5186 15028 -1000000000
5918 17755 1000000000
8838 19790 -1000000000
5081 11116 1000000000
1022 11153 -1000000000
6430 18005 1000000000
9677 18468 -1000000000
4446 14241 1000000000
4633 15319 -1000000000
1742 15344 1000000000
6597 15953 -1000000000
4064 16013 1000000000
1185 19054 -1000000000
5580 12954 1000000000
3742 16478 -1000000000
3484 11554 1000000000
3089 19880 -1000000000
4049 11006 1000000000
6669 12150 -1000000000
5887 11610 1000000000
8689 16075 -1000000000
9128 11529 1000000000
252 15828 -1000000000
9182 18760 1000000000
4845 12268 -1000000000
198 17732 1000000000
3690 15654 -1000000000
463 14621 1000000000
243 12442 -1000000000
267 12786 1000000000
851 18503 -1000000000
774 11183 1000000000
9656 19949 -1000000000
8742 11112 1000000000
9604 18051 -1000000000
5458 10932 1000000000
2823 12273 -1000000000
4533 11511 1000000000
5217 12220 -1000000000
3306 17316 1000000000
9688 13089 -1000000000
6429 10917 1000000000
2116 12487 -1000000000
8315 18678 1000000000
72 18537 -1000000000
3918 10060 1000000000
5290 14475 -1000000000
4636 15196 1000000000
4645 15158 -1000000000
6275 16084 1000000000
3652 19101 -1000000000
2443 10365 1000000000
1732 10091 -1000000000
1442 12045 1000000000
1712 18474 -1000000000
6777 14717 1000000000
8232 11535 -1000000000
9783 11094 1000000000
8294 12722 -1000000000
3564 17029 1000000000
3471 18409 -1000000000
416 16956 1000000000
7831 14357 -1000000000
1549 10092 1000000000
2919 14065 -1000000000
173 18679 1000000000
9398 15001 -1000000000
130 13297 1000000000
5020 16838 -1000000000
9258 10232 1000000000
4364 18384 -1000000000
3524 15081 1000000000
2360 16466 -1000000000
8842 12397 1000000000
7892 14156 -1000000000
1395 15144 1000000000
108 19515 -1000000000
7972 10121 1000000000
6498 16422 -1000000000
9468 16376 1000000000
5792 15834 -1000000000
4720 14645 1000000000
2557 15302 -1000000000
7846 15536 1000000000
5500 19942 -1000000000
7194 18919 1000000000
6977 16669 -1000000000
6493 17325 1000000000
5109 16997 -1000000000
556 16476 1000000000
1970 13345 -1000000000
4610 16242 1000000000
2666 14985 -1000000000
994 18565 1000000000
9212 17106 -1000000000
8367 15087 1000000000
6265 18764 -1000000000
7090 12878 1000000000
7947 15345 -1000000000
3672 14575 1000000000
9458 13370 -1000000000
3669 14776 1000000000
7117 18718 -1000000000
1404 12007 1000000000
3581 15075 -1000000000
1295 10650 1000000000
7006 14346 -1000000000
8547 15796 1000000000
736 15442 -1000000000
1264 14888 1000000000
6271 10110 -1000000000
8989 15451 1000000000
6894 13301 -1000000000
7896 14864 1000000000
8067 12604 -1000000000
6825 12239 1000000000
5293 14784 -1000000000
3675 16964 1000000000
6859 19711 -1000000000
3142 15734 1000000000
3696 13147 -1000000000
6136 13522 1000000000
6947 19174 -1000000000
1514 14281 1000000000
4968 13102 -1000000000
912 11801 1000000000
1348 17777 -1000000000
2414 14324 1000000000
9711 14303 -1000000000
3093 16576 1000000000
2312 15776 -1000000000
9966 10129 1000000000
1423 12973 -1000000000
426 11320 1000000000
152 14754 -1000000000
4400 15363 1000000000
5805 12387 -1000000000
5848 14731 1000000000
687 15851 -1000000000
1904 18912 1000000000
1662 10341 -1000000000
2489 12154 1000000000
4130 19278 -1000000000
3885 15189 1000000000
1658 18173 -1000000000
5904 18308 1000000000
2672 18538 -1000000000
3426 18072 1000000000
4930 10191 -1000000000
951 16421 1000000000
7493 15281 -1000000000
7322 16897 1000000000
5401 12813 -1000000000
188 15776 1000000000
8542 18968 -1000000000
9237 18073 1000000000
1734 12560 -1000000000
5366 19314 1000000000
1371 13232 -1000000000
2632 18524 1000000000
8283 19405 -1000000000
1997 18421 1000000000
1154 12787 -1000000000
2820 16232 1000000000
2017 18802 -1000000000
317 19869 1000000000
274 15036 -1000000000
8858 13593 1000000000
2633 18805 -1000000000
2238 17878 1000000000
4562 11076 -1000000000
50 13891 1000000000
4823 19338 -1000000000
8627 17954 1000000000
560 14898 -1000000000
6589 18859 1000000000
8573 17740 -1000000000
9382 19229 1000000000
5026 14964 -1000000000
3816 18177 1000000000
1091 14334 -1000000000
4181 19312 1000000000
2142 14827 -1000000000
1255 10516 1000000000
4529 19322 -1000000000
3385 17518 1000000000
3561 10797 -1000000000
1895 14464 1000000000
2255 17218 -1000000000
7968 11156 1000000000
6776 15917 -1000000000
6644 12839 1000000000
4676 12152 -1000000000
8553 10911 1000000000
882 17578 -1000000000
2881 16541 1000000000
5861 19761 -1000000000
7943 11645 1000000000
9457 17254 -1000000000
3450 17766 1000000000
4783 16852 -1000000000
7904 14405 1000000000
3531 10996 -1000000000
2410 16390 1000000000
2645 19900 -1000000000
1536 10633 1000000000
5259 13943 -1000000000
5800 18512 1000000000
8863 14590 -1000000000
7941 14623 1000000000
7768 15164 -1000000000
2561 19243 1000000000
207 14947 -1000000000
8792 14681 1000000000
5130 17537 -1000000000
4061 19599 1000000000
228 17456 -1000000000
1891 16273 1000000000
440 13243 -1000000000
8845 11763 1000000000
1361 17679 -1000000000
7929 11907 1000000000
1594 13781 -1000000000
9549 12628 1000000000
5468 12745 -1000000000
5517 10054 1000000000
3733 14315 -1000000000
898 10821 1000000000
3852 17100 -1000000000
5077 12462 1000000000
1755 10593 -1000000000
4891 10438 1000000000
4038 13076 -1000000000
4171 11897 1000000000
2462 13231 -1000000000
2520 15675 1000000000
4932 13109 -1000000000
2046 17999 1000000000
3331 18836 -1000000000
6258 17603 1000000000
9558 12371 -1000000000
228 14147 1000000000
3527 10196 -1000000000
9821 15401 1000000000
2200 10246 -1000000000
2238 19482 1000000000
1396 13726 -1000000000
3857 14766 1000000000
8696 18236 -1000000000
4996 12392 1000000000
4035 17215 -1000000000
4921 18532 1000000000
5645 15640 -1000000000
5370 15506 1000000000
5276 12505 -1000000000
2609 12735 1000000000
3385 13979 -1000000000
5066 15365 1000000000
8845 15483 -1000000000
816 18998 1000000000
3360 19900 -1000000000
8829 15188 1000000000
7545 12592 -1000000000
9441 14634 1000000000
2354 17771 -1000000000
9742 13015 1000000000
1293 15521 -1000000000
6286 16536 1000000000
9744 16676 -1000000000
2009 19340 1000000000
964 15680 -1000000000
8076 10659 1000000000
4785 14118 -1000000000
9550 10428 1000000000
3104 12699 -1000000000
9463 13878 1000000000
2393 10011 -1000000000
5515 12219 1000000000
672 15962 -1000000000
6537 11759 1000000000
7883 14410 -1000000000
5016 11348 1000000000
872 16789 -1000000000
7660 11235 1000000000
6385 13336 -1000000000
5469 13551 1000000000
9504 16273 -1000000000
2271 14997 1000000000
2308 12852 -1000000000
1896 11431 1000000000
6775 13160 -1000000000
1577 16626 1000000000
7775 10489 -1000000000
3490 16960 1000000000
1140 14816 -1000000000
8372 10240 1000000000
6124 18040 -1000000000
6782 11054 1000000000
7717 18991 -1000000000
8828 15673 1000000000
9250 11260 -1000000000
1968 16209 1000000000
5917 13337 -1000000000
2935 13006 1000000000
4357 18575 -1000000000
5502 12888 1000000000
6903 11135 -1000000000
6084 13705 1000000000
6146 10555 -1000000000
5422 16022 1000000000
3910 16875 -1000000000
5003 18261 1000000000
8312 12056 -1000000000
5057 14517 1000000000
6919 17657 -1000000000
4738 18510 1000000000
1543 16421 -1000000000
6050 10624 1000000000
7377 16864 -1000000000
9307 12264 1000000000
7797 17670 -1000000000
9671 13028 1000000000
9707 16726 -1000000000
4233 15904 1000000000
790 10355 -1000000000
6199 12197 1000000000
6222 18010 -1000000000
2995 16357 1000000000
6845 18631 -1000000000
6942 10170 1000000000
9745 13457 -1000000000
3768 19028 1000000000
4768 18271 -1000000000
4158 14958 1000000000
4257 18470 -1000000000
4714 14181 1000000000
7325 17091 -1000000000
5205 13785 1000000000
1532 13454 -1000000000
3682 13504 1000000000
6893 17387 -1000000000
8586 17403 1000000000
9078 12877 -1000000000
716 10499 1000000000
2079 18757 -1000000000
7905 19875 1000000000
472 14182 -1000000000
4701 12549 1000000000
9485 12544 -1000000000
2052 17172 1000000000
5285 13513 -1000000000
9056 14161 1000000000
6477 18861 -1000000000
4822 16211 1000000000
4755 15694 -1000000000
4570 13794 1000000000
9016 13377 -1000000000
5697 18068 1000000000
6105 14482 -1000000000
1416 14451 1000000000
7885 16106 -1000000000
3805 17628 1000000000
7993 13780 -1000000000
7428 15287 1000000000
398 19845 -1000000000
2214 14743 1000000000
1295 17162 -1000000000
20 16562 1000000000
2936 17721 -1000000000
9320 15648 1000000000
3522 15623 -1000000000
4069 19161 1000000000
2170 15887 -1000000000
879 15974 1000000000
523 19655 -1000000000
9556 19049 1000000000
2087 14492 -1000000000
9441 18664 1000000000
3661 15589 -1000000000
9028 10759 1000000000
1361 11390 -1000000000
3963 18748 1000000000
81 10201 -1000000000
767 15183 1000000000
2471 11956 -1000000000
930 10675 1000000000
9495 15086 -1000000000
6709 18440 1000000000
2600 15294 -1000000000
455 17743 1000000000
5391 12943 -1000000000
6440 10095 1000000000
4007 19228 -1000000000
4178 18893 1000000000
6711 15869 -1000000000
7497 17998 1000000000
2570 18358 -1000000000
7332 19161 1000000000
774 10759 -1000000000
6548 19420 1000000000
3772 15955 -1000000000
9004 10874 1000000000
8420 16017 -1000000000
1273 12936 1000000000
434 18113 -1000000000
9052 19865 1000000000
9376 19245 -1000000000
5786 14865 1000000000
9347 19868 -1000000000
256 13049 1000000000
8375 12092 -1000000000
7182 16306 1000000000
1983 12475 -1000000000
4994 10881 1000000000
6924 12861 -1000000000
5005 15168 1000000000
9953 11751 -1000000000
2156 17404 1000000000
3276 10083 -1000000000
5032 19576 1000000000
8664 10816 -1000000000
972 18290 1000000000
6659 11317 -1000000000
1827 17924 1000000000
1967 12707 -1000000000
1032 14054 1000000000
4366 12616 -1000000000
340 12974 1000000000
7467 14318 -1000000000
4877 10207 1000000000
6707 15055 -1000000000
7869 11739 1000000000
282 16102 -1000000000
5165 16854 1000000000
1397 15103 -1000000000
8969 16209 1000000000
4970 15070 -1000000000
9878 13288 1000000000
4387 11231 -1000000000
8019 14492 1000000000
8574 11486 -1000000000
2428 16621 1000000000
2902 15094 -1000000000
5636 11211 1000000000
6597 11595 -1000000000
7944 10178 1000000000
3223 16418 -1000000000
2837 17125 1000000000
1393 12313 -1000000000
7733 10805 1000000000
6327 10002 -1000000000
6008 17052 1000000000
9445 18584 -1000000000
6910 14958 1000000000
7621 16472 -1000000000
2529 13657 1000000000
6306 12810 -1000000000
6487 12850 1000000000
5359 14535 -1000000000
888 15928 1000000000
1750 17897 -1000000000
7170 16759 1000000000
6177 19244 -1000000000
9261 19587 1000000000
7715 12527 -1000000000
6051 14916 1000000000
9995 19998 -1000000000
7701 11123 1000000000
6034 18835 -1000000000
9414 14864 1000000000
7766 16659 -1000000000
3764 12416 1000000000
9875 11029 -1000000000
3302 15383 1000000000
3006 18566 -1000000000
5583 18170 1000000000
1053 19613 -1000000000
2736 16659 1000000000
5424 16436 -1000000000
6649 12261 1000000000
6817 17909 -1000000000
6082 17442 1000000000
3906 17342 -1000000000
1632 14707 1000000000
7158 12679 -1000000000
7382 17413 1000000000
8739 18382 -1000000000
4428 13191 1000000000
4498 15299 -1000000000
5481 15664 1000000000
4381 15916 -1000000000
3254 18833 1000000000
9347 19822 -1000000000
8897 18640 1000000000
5060 12216 -1000000000
171 19642 1000000000
3601 16014 -1000000000
7512 13502 1000000000
8487 16808 -1000000000
7570 14202 1000000000
8252 14025 -1000000000
2578 11083 1000000000
5125 12520 -1000000000
1305 10845 1000000000
216 12400 -1000000000
1456 10291 1000000000
2874 15121 -1000000000
7398 18243 1000000000
1516 13826 -1000000000
3853 11479 1000000000
5265 12562 -1000000000
5159 19216 1000000000
8541 18036 -1000000000
1956 18124 1000000000
2968 12994 -1000000000
8685 13839 1000000000
9728 16339 -1000000000
3066 10802 1000000000
6851 12058 -1000000000
8767 18155 1000000000
9448 19533 -1000000000
7776 18223 1000000000
3521 12014 -1000000000
868 18638 1000000000
1313 17583 -1000000000
2382 11494 1000000000
8087 13712 -1000000000
689 19679 1000000000
6944 19098 -1000000000
5436 11837 1000000000
1460 16863 -1000000000
3114 11075 1000000000
2446 13843 -1000000000
4789 11620 1000000000
6722 19471 -1000000000
126 18996 1000000000
9841 13857 -1000000000
1808 18241 1000000000
9353 17789 -1000000000
4004 14009 1000000000
6624 15475 -1000000000
390 11133 1000000000
555 15317 -1000000000
5817 13621 1000000000
8964 15976 -1000000000
13 18569 1000000000
4550 14729 -1000000000
5040 16229 1000000000
2484 16162 -1000000000
7884 19673 1000000000
8856 19108 -1000000000
8072 16069 1000000000
8402 13382 -1000000000
5972 12388 1000000000
8974 14427 -1000000000
1772 16869 1000000000
6129 17404 -1000000000
5 18693 1000000000
3311 13421 -1000000000
9336 19906 1000000000
9144 13691 -1000000000
1882 16793 1000000000
313 18763 -1000000000
4461 15279 1000000000
9751 16988 -1000000000
3886 18969 1000000000
3531 18930 -1000000000
7253 16611 1000000000
5458 19033 -1000000000
148 10841 1000000000
4530 16381 -1000000000
6218 11003 1000000000
179 16651 -1000000000
8107 14145 1000000000
843 15447 -1000000000
535 16992 1000000000
8394 18158 -1000000000
5460 15659 1000000000
5013 16372 -1000000000
2673 15024 1000000000
2876 17922 -1000000000
703 19872 1000000000
5506 11487 -1000000000
5341 18359 1000000000
7448 10494 -1000000000
4785 19035 1000000000
9044 17222 -1000000000
9930 19069 1000000000
145 11761 -1000000000
9541 14423 1000000000
6862 19946 -1000000000
4913 12218 1000000000
4372 18204 -1000000000
2462 11529 1000000000
7440 14875 -1000000000
8880 18598 1000000000
1264 19951 -1000000000
1677 11979 1000000000
581 16435 -1000000000
286 11507 1000000000
4032 14463 -1000000000
2211 12243 1000000000
1224 15996 -1000000000
6658 10586 1000000000
8365 15418 -1000000000
9614 10286 1000000000
6330 13456 -1000000000
6311 14112 1000000000
4161 13423 -1000000000
2210 12122 1000000000
7921 17512 -1000000000
992 12222 1000000000
2564 17977 -1000000000
7545 18991 1000000000
519 11312 -1000000000
6848 13535 1000000000
7073 18105 -1000000000
8929 11356 1000000000
8069 18303 -1000000000
5399 18585 1000000000
1859 12817 -1000000000
7847 15321 1000000000
8388 14938 -1000000000
2072 14710 1000000000
2458 10271 -1000000000
9032 15165 1000000000
1303 16695 -1000000000
2967 19120 1000000000
6576 15172 -1000000000
2606 16131 1000000000
2567 15115 -1000000000
6162 16885 1000000000
7134 12014 -1000000000
864 14714 1000000000
5904 15908 -1000000000
8253 18069 1000000000
6553 13762 -1000000000
9810 16917 1000000000
4339 11442 -1000000000
382 12785 1000000000
3533 12026 -1000000000
3551 10395 1000000000
1569 11741 -1000000000
8761 11225 1000000000
5658 10607 -1000000000
5164 11872 1000000000
2791 12190 -1000000000
5767 17914 1000000000
8262 17446 -1000000000
672 12312 1000000000
6688 13526 -1000000000
8921 13892 1000000000
6566 17469 -1000000000
9950 11956 1000000000
3733 14264 -1000000000
6270 18311 1000000000
5375 13443 -1000000000
1978 15856 1000000000
132 18729 -1000000000
3911 17358 1000000000
9017 16214 -1000000000
1769 13058 1000000000
1193 12267 -1000000000
2781 11162 1000000000
3945 18606 -1000000000
5249 10003 1000000000
9518 11158 -1000000000
118 15101 1000000000
9344 10647 -1000000000
6554 18126 1000000000
6448 19827 -1000000000
8296 18510 1000000000
5681 13995 -1000000000
3979 12645 1000000000
2417 16860 -1000000000
5319 10643 1000000000
7762 11869 -1000000000
2597 15843 1000000000
4606 19798 -1000000000
8655 13445 1000000000
6657 14847 -1000000000
9062 11231 1000000000
9765 11790 -1000000000
2928 14260 1000000000
8321 15233 -1000000000
5138 16490 1000000000
2847 10993 -1000000000
6255 11560 1000000000
1883 13983 -1000000000
7905 10497 1000000000
1855 15772 -1000000000
2380 19197 1000000000
5897 16261 -1000000000
5892 11310 1000000000
1138 13840 -1000000000
192 12473 1000000000
7693 14315 -1000000000
5031 16374 1000000000
3030 11984 -1000000000
7092 13099 1000000000
8015 15493 -1000000000
6509 14457 1000000000
4793 14869 -1000000000
6006 12186 1000000000
3305 17483 -1000000000
8466 19728 1000000000
9912 13613 -1000000000
4598 15151 1000000000
1172 10240 -1000000000
3456 12423 1000000000
1125 12285 -1000000000
1838 10877 1000000000
1504 10353 -1000000000
8697 18062 1000000000
3636 16650 -1000000000
6202 17838 1000000000
313 16861 -1000000000
5373 12777 1000000000
4292 19933 -1000000000
1302 17163 1000000000
3641 11126 -1000000000
6844 17845 1000000000
1798 17416 -1000000000
7373 11110 1000000000
9936 10251 -1000000000
8271 18718 1000000000
6623 16907 -1000000000
8627 13026 1000000000
4593 14325 -1000000000
9697 14261 1000000000
276 13924 -1000000000
8140 17870 1000000000
6255 11571 -1000000000
2901 10897 1000000000
7896 16856 -1000000000
7849 18439 1000000000
3589 18685 -1000000000
848 13061 1000000000
6121 16849 -1000000000
5826 16857 1000000000
1196 15913 -1000000000
6162 10760 1000000000
4799 14814 -1000000000
183 14552 1000000000
4999 14926 -1000000000
297 17745 1000000000
5729 17613 -1000000000
9195 19212 1000000000
584 13365 -1000000000
2915 16670 1000000000
7288 19828 -1000000000
6510 14333 1000000000
6829 17525 -1000000000
2519 18301 1000000000
4922 13435 -1000000000
9100 11632 1000000000
5461 13115 -1000000000
7991 11071 1000000000
5733 16487 -1000000000
8385 16427 1000000000
7538 11896 -1000000000
2544 16738 1000000000
7567 15975 -1000000000
8232 18076 1000000000
5417 11998 -1000000000
6778 17021 1000000000
7030 11938 -1000000000
860 14977 1000000000
3112 11511 -1000000000
1399 16285 1000000000
536 16521 -1000000000
5271 17073 1000000000
3850 12277 -1000000000
7533 11730 1000000000
3849 19119 -1000000000
3434 15271 1000000000
5490 19006 -1000000000
2885 13114 1000000000
9674 13483 -1000000000
5572 15182 1000000000
2925 13930 -1000000000
4780 17296 1000000000
497 16925 -1000000000
1156 12354 1000000000
5255 10063 -1000000000
5380 19881 1000000000
4746 18428 -1000000000
3949 18827 1000000000
5678 18387 -1000000000
3318 15028 1000000000
288 18050 -1000000000
9985 19557 1000000000
5192 18579 -1000000000
9264 15774 1000000000
5113 12436 -1000000000
3855 10030 1000000000
6309 13892 -1000000000
6593 17382 1000000000
4439 11898 -1000000000
145 16045 1000000000
1635 18104 -1000000000
4533 13914 1000000000
9773 13173 -1000000000
7536 15801 1000000000
9656 10215 -1000000000
9856 18067 1000000000
2385 12632 -1000000000
2158 18888 1000000000
8760 13833 -1000000000
3879 13972 1000000000
4146 12639 -1000000000
4285 11379 1000000000
2630 13947 -1000000000
3786 13887 1000000000
2978 12678 -1000000000
7944 11614 1000000000
2083 16229 -1000000000
4635 11035 1000000000
5235 11985 -1000000000
2347 17638 1000000000
97 19578 -1000000000
9973 11118 1000000000
7925 19815 -1000000000
1689 14858 1000000000
7242 16556 -1000000000
6667 18967 1000000000
8085 10665 -1000000000
9104 13235 1000000000
6544 17848 -1000000000
5891 16652 1000000000
1068 13981 -1000000000
7821 10161 1000000000
8830 18656 -1000000000
28 18455 1000000000
6544 14681 -1000000000
7025 18747 1000000000
4451 18958 -1000000000
433 10204 1000000000
6844 19642 -1000000000
2721 13706 1000000000
1566 11598 -1000000000
6878 16897 1000000000
6380 16302 -1000000000
7159 12380 1000000000
2131 12893 -1000000000
2074 19675 1000000000
5563 16623 -1000000000
784 14920 1000000000
1566 14749 -1000000000
6347 19701 1000000000
2257 19438 -1000000000
3611 13085 1000000000
5495 12079 -1000000000
8126 14083 1000000000
58 11489 -1000000000
1012 18899 1000000000
6284 18453 -1000000000
1985 16162 1000000000
8145 19507 -1000000000
8118 19235 1000000000
970 16389 -1000000000
4588 17968 1000000000
4717 18783 -1000000000
4913 13495 1000000000
1957 17288 -1000000000
4337 17362 1000000000
1606 11114 -1000000000
878 10124 1000000000
4218 16555 -1000000000
1108 16511 1000000000
1813 19088 -1000000000
323 11352 1000000000
4092 17811 -1000000000
1567 19942 1000000000
4791 16826 -1000000000
9283 10760 1000000000
3693 14360 -1000000000
1388 13497 1000000000
1237 13997 -1000000000
9691 19843 1000000000
8545 17164 -1000000000
4661 12592 1000000000
1266 18998 -1000000000
6745 18427 1000000000
743 19754 -1000000000
237 19161 1000000000
5408 15546 -1000000000
1864 17958 1000000000
1126 16999 -1000000000
2802 17953 1000000000
176 19382 -1000000000
7480 12935 1000000000
3703 10666 -1000000000
9038 19471 1000000000
2405 18361 -1000000000
8529 10445 1000000000
8813 19768 -1000000000
5462 13656 1000000000
4681 11062 -1000000000
2990 16127 1000000000
8967 11219 -1000000000
5205 15926 1000000000
7483 17494 -1000000000
1302 10958 1000000000
9625 15522 -1000000000
7080 10964 1000000000
9591 17030 -1000000000
3968 15931 1000000000
6389 18133 -1000000000
9076 10312 1000000000
4986 10255 -1000000000
8695 17940 1000000000
6059 15663 -1000000000
4960 14295 1000000000
7671 19755 -1000000000
4564 11791 1000000000
2492 17863 -1000000000
7032 17690 1000000000
961 19718 -1000000000
6335 17143 1000000000
7812 10842 -1000000000
1292 15494 1000000000
1072 13949 -1000000000
4950 12525 1000000000
5221 18686 -1000000000
2117 11909 1000000000
5739 13070 -1000000000
6785 14639 1000000000
2808 17005 -1000000000
2072 17619 1000000000
3597 16556 -1000000000
6030 17380 1000000000
8394 11305 -1000000000
6617 11538 1000000000
7417 11749 -1000000000
9601 18560 1000000000
7466 12887 -1000000000
9804 14065 1000000000
3577 17700 -1000000000
9190 13353 1000000000
8171 18406 -1000000000
3368 14489 1000000000
3599 19837 -1000000000
7874 19116 1000000000
4289 17135 -1000000000
8592 18072 1000000000
5898 11503 -1000000000
6541 18904 1000000000
2906 15592 -1000000000
1083 13251 1000000000
645 19511 -1000000000
6360 17387 1000000000
7992 16311 -1000000000
3521 11484 1000000000
3218 10526 -1000000000
2312 13080 1000000000
7378 10378 -1000000000
4995 11042 1000000000
2829 19413 -1000000000
7396 13080 1000000000
5598 14571 -1000000000
1558 13252 1000000000
9227 14395 -1000000000
818 10926 1000000000
9170 12027 -1000000000
369 16746 1000000000
6307 19321 -1000000000
8410 19790 1000000000
885 12459 -1000000000
6681 12038 1000000000
7883 18469 -1000000000
785 10862 1000000000
540 10721 -1000000000
7469 19032 1000000000
597 15223 -1000000000
682 16863 1000000000
2661 11669 -1000000000
5802 16622 1000000000
988 14379 -1000000000
1779 11799 1000000000
5099 16837 -1000000000
6199 19872 1000000000
6794 12541 -1000000000
6976 12305 1000000000
543 19452 -1000000000
2989 12065 1000000000
6206 14389 -1000000000
3405 15631 1000000000
1824 15530 -1000000000
8352 10762 1000000000
5220 16285 -1000000000
3758 16531 1000000000
5251 17417 -1000000000
2324 10585 1000000000
66 18966 -1000000000
2987 11228 1000000000
5451 15174 -1000000000
4067 14014 1000000000
2765 16150 -1000000000
3825 15492 1000000000
9812 10931 -1000000000
3616 16594 1000000000
1250 12418 -1000000000
9148 17438 1000000000
2523 18249 -1000000000
9539 13929 1000000000
6455 16477 -1000000000
2723 16848 1000000000
5867 16844 -1000000000
425 18666 1000000000
9434 10945 -1000000000
1248 15568 1000000000
5331 12403 -1000000000
2810 10294 1000000000
3896 15068 -1000000000
9384 13337 1000000000
8582 18092 -1000000000
5013 19347 1000000000
1691 16302 -1000000000
772 17862 1000000000
9851 11729 -1000000000
6034 14484 1000000000
4533 10418 -1000000000
8411 15746 1000000000
5862 19703 -1000000000
6087 10187 1000000000
2014 11090 -1000000000
6664 16773 1000000000
4774 13602 -1000000000
1802 16525 1000000000
471 18530 -1000000000
5744 14355 1000000000
2968 18629 -1000000000
4725 15213 1000000000
7821 11412 -1000000000
3072 11831 1000000000
8622 19543 -1000000000
3720 12825 1000000000
8021 10611 -1000000000
3397 17717 1000000000
4250 19843 -1000000000
1738 10014 1000000000
1494 17207 -1000000000
4393 19490 1000000000
6811 13913 -1000000000
3376 17678 1000000000
9268 19813 -1000000000
8716 14577 1000000000
6983 10980 -1000000000
3291 14870 1000000000
4812 15319 -1000000000
5317 19886 1000000000
5209 17095 -1000000000
4603 14393 1000000000
81 17178 -1000000000
7368 13142 1000000000
5471 11567 -1000000000
2395 13567 1000000000
995 16546 -1000000000
6125 19723 1000000000
9009 16741 -1000000000
3822 15850 1000000000
2289 11379 -1000000000
5663 14764 1000000000
4724 12532 -1000000000
9331 19452 1000000000
7268 11857 -1000000000
3097 16420 1000000000
9116 18393 -1000000000
5467 10806 1000000000
6062 14382 -1000000000
8548 12576 1000000000
5834 13278 -1000000000
3387 11277 1000000000
824 15203 -1000000000
1895 12984 1000000000
8612 12611 -1000000000
7776 12480 1000000000
8153 19652 -1000000000
8443 18697 1000000000
9174 18319 -1000000000
2069 13286 1000000000
4228 14971 -1000000000
8875 19109 1000000000
9754 10089 -1000000000
8577 17866 1000000000
6749 12896 -1000000000
6159 14681 1000000000
4202 15022 -1000000000
9888 13722 1000000000
4437 10037 -1000000000
2662 14327 1000000000
4672 11785 -1000000000
8218 15682 1000000000
6346 18892 -1000000000
2411 14919 1000000000
7085 18353 -1000000000
1965 18904 1000000000
6740 11678 -1000000000
8683 14678 1000000000
4532 18112 -1000000000
1624 19868 1000000000
4543 15280 -1000000000
8233 19224 1000000000
6914 17082 -1000000000
1246 15456 1000000000
2385 15437 -1000000000
7747 15910 1000000000
9386 13056 -1000000000
5058 10668 1000000000
6669 19704 -1000000000
4142 10750 1000000000
6679 12870 -1000000000
937 13428 1000000000
323 15173 -1000000000
8712 12518 1000000000
1045 16872 -1000000000
4229 12603 1000000000
7723 18136 -1000000000
6792 18712 1000000000
9315 16856 -1000000000
6427 12663 1000000000
5785 12358 -1000000000
4938 19314 1000000000
6425 12972 -1000000000
6477 19049 1000000000
872 12080 -1000000000
9590 11938 1000000000
1825 17049 -1000000000
8007 10500 1000000000
191 19368 -1000000000
4305 18815 1000000000
9959 18851 -1000000000
9599 11282 1000000000
435 19118 -1000000000
8952 17174 1000000000
3567 13181 -1000000000
8991 13459 1000000000
1978 14450 -1000000000
1463 19940 1000000000
7766 17920 -1000000000
3432 16216 1000000000
4911 18016 -1000000000
2372 15838 1000000000
5759 17196 -1000000000
4288 11720 1000000000
2095 10722 -1000000000
3988 19569 1000000000
5369 19305 -1000000000
3363 16140 1000000000
7969 12554 -1000000000
179 17681 1000000000
6804 16431 -1000000000
6380 14570 1000000000
9619 18502 -1000000000
4336 11569 1000000000
1565 18016 -1000000000
4726 12531 1000000000
685 11662 -1000000000
2422 15967 1000000000
1631 18983 -1000000000
3818 17496 1000000000
3424 10965 -1000000000
5690 10960 1000000000
2541 16347 -1000000000
7083 16818 1000000000
7930 18547 -1000000000
5341 12540 1000000000
7150 18572 -1000000000
4228 15634 1000000000
6865 11511 -1000000000
2242 11705 1000000000
4333 13499 -1000000000
903 12850 1000000000
6440 13430 -1000000000
7329 10690 1000000000
662 15479 -1000000000
1968 19510 1000000000
5738 16861 -1000000000
1260 16066 1000000000
5833 10562 -1000000000
4030 11139 1000000000
4585 12207 -1000000000
2978 10158 1000000000
7418 19978 -1000000000
6961 15187 1000000000
2009 14812 -1000000000
9629 10759 1000000000
4047 19599 -1000000000
8235 11843 1000000000
4805 12937 -1000000000
9424 10677 1000000000
7813 13267 -1000000000
2499 11161 1000000000
6790 10848 -1000000000
3409 12460 1000000000
5917 15298 -1000000000
1030 10318 1000000000
3606 10327 -1000000000
157 18337 1000000000
7018 15554 -1000000000
8125 16753 1000000000
2507 13424 -1000000000
4709 13556 1000000000
4431 12201 -1000000000
7891 15258 1000000000
1447 16213 -1000000000
3743 12217 1000000000
7096 15762 -1000000000
2931 12083 1000000000
8169 14131 -1000000000
8748 10168 1000000000
7796 14239 -1000000000
8515 16413 1000000000
4885 16604 -1000000000
704 10128 1000000000
5579 12273 -1000000000
8483 19990 1000000000
390 10616 -1000000000
897 11750 1000000000
429 15236 -1000000000
8466 12026 1000000000
8877 17289 -1000000000
3790 15286 1000000000
6239 14696 -1000000000
2933 17360 1000000000
2337 19517 -1000000000
5444 11558 1000000000
8693 13536 -1000000000
669 13376 1000000000
4606 11095 -1000000000
6954 12765 1000000000
2990 14886 -1000000000
5143 19067 1000000000
311 19928 -1000000000
9223 19256 1000000000
2502 13763 -1000000000
5762 17316 1000000000
29 10930 -1000000000
5902 16720 1000000000
3812 19983 -1000000000
1480 19540 1000000000
5148 15596 -1000000000
3240 11415 1000000000
2395 18790 -1000000000
1286 14256 1000000000
9826 10489 -1000000000
1373 10255 1000000000
9400 19560 -1000000000
7329 19639 1000000000
5318 15529 -1000000000
2873 12676 1000000000
4968 15268 -1000000000
8052 15250 1000000000
4914 19819 -1000000000
2254 12474 1000000000
2801 13395 -1000000000
7673 13576 1000000000
3549 12527 -1000000000
6286 17684 1000000000
7181 17252 -1000000000
7714 10584 1000000000
7069 10309 -1000000000
936 10074 1000000000
9857 11786 -1000000000
8271 18108 1000000000
1557 12885 -1000000000
4745 19836 1000000000
4005 19899 -1000000000
6126 19673 1000000000
2270 19928 -1000000000
1107 18044 1000000000
3262 16325 -1000000000
4846 14012 1000000000
7907 16049 -1000000000
9179 14346 1000000000
1416 18409 -1000000000
5268 17968 1000000000
7434 12310 -1000000000
4085 19570 1000000000
6639 16462 -1000000000
6159 18046 1000000000
5753 12122 -1000000000
3459 14504 1000000000
5673 18003 -1000000000
3875 12244 1000000000
2501 16609 -1000000000
7061 14157 1000000000
8376 10841 -1000000000
520 19869 1000000000
1179 14576 -1000000000
3411 14981 1000000000
6705 10559 -1000000000
100 19484 1000000000
7757 17777 -1000000000
7871 15812 1000000000
9984 18545 -1000000000
6592 18787 1000000000
8768 13813 -1000000000
4588 18041 1000000000
9165 16352 -1000000000
9271 16040 1000000000
9978 12080 -1000000000
4408 18225 1000000000
5484 17135 -1000000000
7526 10070 1000000000
4952 13895 -1000000000
7580 12899 1000000000
8834 10743 -1000000000
5299 13077 1000000000
8181 15514 -1000000000
6788 10348 1000000000
5067 13245 -1000000000
6028 16560 1000000000
9284 13219 -1000000000
6010 16263 1000000000
3464 13340 -1000000000
4510 12596 1000000000
7018 10995 -1000000000
537 16783 1000000000
3142 12443 -1000000000
7058 11659 1000000000
3124 15850 -1000000000
3074 12170 1000000000
7926 16699 -1000000000
9960 19517 1000000000
4152 17450 -1000000000
7392 15286 1000000000
1510 19806 -1000000000
620 11487 1000000000
6761 16224 -1000000000
9766 14318 1000000000
7455 14806 -1000000000
4284 17305 1000000000
730 17577 -1000000000
9289 15432 1000000000
6013 13849 -1000000000
8151 10104 1000000000
9278 15700 -1000000000
2438 18815 1000000000
3521 10756 -1000000000
7642 12807 1000000000
4357 19481 -1000000000
8712 15184 1000000000
3992 11752 -1000000000
311 17289 1000000000
2948 18492 -1000000000
9487 16528 1000000000
5753 11700 -1000000000
6167 16959 1000000000
3001 15173 -1000000000
876 19102 1000000000
3208 17639 -1000000000
5132 10433 1000000000
5440 14205 -1000000000
8831 12539 1000000000
6309 19434 -1000000000
7220 11071 1000000000
7263 19706 -1000000000
3259 12780 1000000000
6104 15359 -1000000000
8141 19701 1000000000
1699 12134 -1000000000
8030 19141 1000000000
3978 15320 -1000000000
9050 15428 1000000000
9624 11551 -1000000000
2832 12113 1000000000
7718 13482 -1000000000
7389 12135 1000000000
28 12738 -1000000000
5162 10985 1000000000
1280 15684 -1000000000
2317 11390 1000000000
7183 17613 -1000000000
1926 14369 1000000000
2088 13303 -1000000000
3832 16779 1000000000
4764 17401 -1000000000
22 15812 1000000000
3010 14862 -1000000000
7190 10166 1000000000
8895 14750 -1000000000
6079 13209 1000000000
3037 17574 -1000000000
8242 14671 1000000000
5577 13445 -1000000000
5314 15719 1000000000
6510 16411 -1000000000
5866 18761 1000000000
1413 10420 -1000000000
4945 16820 1000000000
3735 12488 -1000000000
7733 19986 1000000000
6601 18470 -1000000000
7005 10120 1000000000
1678 15144 -1000000000
3462 12729 1000000000
7373 19734 -1000000000
1010 18898 1000000000
3365 10010 -1000000000
33 10148 1000000000
9532 16758 -1000000000
245 10044 1000000000
6556 12290 -1000000000
9668 16642 1000000000
8504 12714 -1000000000
8707 11300 1000000000
6281 19484 -1000000000
2370 19081 1000000000
1076 11984 -1000000000
9753 11771 1000000000
8510 15126 -1000000000
8866 14359 1000000000
5174 14830 -1000000000
6436 15457 1000000000
314 18743 -1000000000
6924 18599 1000000000
7814 14025 -1000000000
7371 17877 1000000000
8898 19877 -1000000000
1158 13211 1000000000
2111 13564 -1000000000
9556 19554 1000000000
8785 18465 -1000000000
366 17287 1000000000
5367 11184 -1000000000
5374 15515 1000000000
7118 19144 -1000000000
9568 12712 1000000000
2639 18319 -1000000000
5690 12605 1000000000
8651 14319 -1000000000
3361 19097 1000000000
151 13812 -1000000000
4647 14493 1000000000
4995 19041 -1000000000
4554 17264 1000000000
4963 16614 -1000000000
1948 10489 1000000000
8773 10813 -1000000000
5785 17698 1000000000
4827 12914 -1000000000
5460 15683 1000000000
2135 12870 -1000000000
631 17500 1000000000
4275 14789 -1000000000
1473 12766 1000000000
1400 11289 -1000000000
5279 17235 1000000000
140 16563 -1000000000
6506 10663 1000000000
1923 14317 -1000000000
4951 15001 1000000000
8078 14211 -1000000000
283 14969 1000000000
760 12190 -1000000000
1440 14834 1000000000
393 17195 -1000000000
9946 13855 1000000000
8393 17216 -1000000000
7207 13461 1000000000
278 13374 -1000000000
1537 16091 1000000000
1517 10325 -1000000000
8147 15557 1000000000
1885 12374 -1000000000
5570 13088 1000000000
332 14599 -1000000000
5288 15167 1000000000
8487 17454 -1000000000
9783 17347 1000000000
9940 18369 -1000000000
316 10067 1000000000
3034 13245 -1000000000
8169 10660 1000000000
2148 16895 -1000000000
510 14343 1000000000
6624 17229 -1000000000
7455 10580 1000000000
5277 15143 -1000000000
6090 17258 1000000000
6386 17157 -1000000000
5271 19819 1000000000
8079 12013 -1000000000
949 15233 1000000000
3552 10732 -1000000000
8309 14108 1000000000
3190 17351 -1000000000
108 15715 1000000000
5450 15081 -1000000000
7899 13620 1000000000
3519 17910 -1000000000
740 14890 1000000000
2083 15249 -1000000000
3665 14640 1000000000
2439 13306 -1000000000
387 18438 1000000000
8121 19715 -1000000000
1354 16879 1000000000
6949 19341 -1000000000
5020 17184 1000000000
5633 16065 -1000000000
3215 10327 1000000000
6173 17977 -1000000000
9286 11789 1000000000
4498 19829 -1000000000
9259 11564 1000000000
2327 12762 -1000000000
4879 16024 1000000000
1028 17124 -1000000000
5444 19972 1000000000
2354 13800 -1000000000
1758 15966 1000000000
243 18616 -1000000000
4595 17325 1000000000
5790 14516 -1000000000
3738 13279 1000000000
8406 18575 -1000000000
8047 16250 1000000000
3695 17253 -1000000000
2345 12625 1000000000
1782 10741 -1000000000
10000 18944 1000000000
5971 13360 -1000000000
3110 11752 1000000000
5230 10844 -1000000000
7366 13499 1000000000
9241 16815 -1000000000
3318 10898 1000000000
3681 14185 -1000000000
2817 16029 1000000000
9391 13504 -1000000000
9388 17859 1000000000
7980 16723 -1000000000
8460 13640 1000000000
7505 15087 -1000000000
3936 10268 1000000000
4154 11573 -1000000000
2225 13321 1000000000
2166 16133 -1000000000
517 16247 1000000000
9982 10666 -1000000000
8265 15606 1000000000
5522 16976 -1000000000
7698 13697 1000000000
585 11970 -1000000000
5976 13271 1000000000
4268 14309 -1000000000
3578 12372 1000000000
9424 17194 -1000000000
8449 15372 1000000000
4977 16787 -1000000000
1424 15849 1000000000
3926 16892 -1000000000
1525 17146 1000000000
587 15195 -1000000000
4274 15028 1000000000
1182 13616 -1000000000
7191 15360 1000000000
6175 14924 -1000000000
3945 15626 1000000000
7040 17246 -1000000000
6603 15367 1000000000
3737 18871 -1000000000
3471 12877 1000000000
5457 11492 -1000000000
9433 13160 1000000000
4589 15146 -1000000000
8998 19749 1000000000
186 11068 -1000000000
194 15365 1000000000
9447 10915 -1000000000
6647 16727 1000000000
9799 14853 -1000000000
457 17864 1000000000
7852 12883 -1000000000
9204 18672 1000000000
3601 15673 -1000000000
1891 17423 1000000000
636 11909 -1000000000
5948 10212 1000000000
9518 12093 -1000000000
1969 13301 1000000000
5019 19027 -1000000000
2926 16251 1000000000
9242 14467 -1000000000
6840 12834 1000000000
810 19399 -1000000000
5386 19006 1000000000
5314 15693 -1000000000
8810 11845 1000000000
8393 19840 -1000000000
1611 13995 1000000000
881 12429 -1000000000
7326 11703 1000000000
1398 13915 -1000000000
146 11174 1000000000
3784 13570 -1000000000
1259 17133 1000000000
5388 18754 -1000000000
5461 10795 1000000000
1069 12279 -1000000000
3889 17192 1000000000
5961 10871 -1000000000
4851 18447 1000000000
4630 18705 -1000000000
1249 16056 1000000000
5377 12513 -1000000000
7760 18853 1000000000
2149 15339 -1000000000
8920 19742 1000000000
6148 19812 -1000000000
7242 19749 1000000000
689 10112 -1000000000
6014 12750 1000000000
5928 19840 -1000000000
668 13526 1000000000
1410 11260 -1000000000
2428 12406 1000000000
4453 12371 -1000000000
8085 14430 1000000000
8235 15841 -1000000000
7142 19208 1000000000
5404 16434 -1000000000
6883 14008 1000000000
3227 11166 -1000000000
8301 11252 1000000000
9191 17257 -1000000000
5748 15772 1000000000
5130 18025 -1000000000
3827 11028 1000000000
118 11239 -1000000000
6430 14221 1000000000
7564 17905 -1000000000
8447 16154 1000000000
6386 12744 -1000000000
8350 12469 1000000000
257 19970 -1000000000
2007 10958 1000000000
4414 11813 -1000000000
2752 18633 1000000000
9075 16396 -1000000000
6945 17184 1000000000
8772 19482 -1000000000
9480 14773 1000000000
9914 10962 -1000000000
6373 16971 1000000000
9530 15985 -1000000000
9105 11818 1000000000
6897 11727 -1000000000
8434 18718 1000000000
4284 10166 -1000000000
5520 13317 1000000000
3762 19882 -1000000000
475 10243 1000000000
2013 10575 -1000000000
4415 11973 1000000000
9513 17952 -1000000000
43 14216 1000000000
4831 16391 -1000000000
1594 11992 1000000000
9441 11215 -1000000000
6146 14369 1000000000
5242 18997 -1000000000
8975 10193 1000000000
9406 15838 -1000000000
6187 19933 1000000000
3972 14262 -1000000000
5333 19218 1000000000
1643 13269 -1000000000
4516 16146 1000000000
7444 13156 -1000000000
8394 12969 1000000000
9082 11533 -1000000000
364 14796 1000000000
6293 19859 -1000000000
2972 18344 1000000000
3564 14244 -1000000000
3478 16327 1000000000
8814 15968 -1000000000
3799 13539 1000000000
4686 10559 -1000000000
4485 17939 1000000000
9039 18551 -1000000000
7756 17072 1000000000
3430 14994 -1000000000
6776 12692 1000000000
1741 10809 -1000000000
7632 11727 1000000000
3406 10227 -1000000000
2564 15410 1000000000
5820 17015 -1000000000
6935 15809 1000000000
2806 15999 -1000000000
461 16150 1000000000
572 12925 -1000000000
9189 17766 1000000000
5800 16692 -1000000000
345 17594 1000000000
7782 18844 -1000000000
75 11243 1000000000
3184 17418 -1000000000
8735 12093 1000000000
3971 17457 -1000000000
1673 18538 1000000000
8114 14431 -1000000000
2834 11662 1000000000
4472 16297 -1000000000
5307 19741 1000000000
3121 13684 -1000000000
6938 19815 1000000000
3151 19870 -1000000000
4937 12756 1000000000
7961 19446 -1000000000
3798 15845 1000000000
908 15657 -1000000000
4084 17472 1000000000
8692 10585 -1000000000
7853 13094 1000000000
7258 18469 -1000000000
8389 10742 1000000000
461 11812 -1000000000
6099 10366 1000000000
2043 14663 -1000000000
6409 16822 1000000000
1236 19199 -1000000000
7294 10426 1000000000
9042 14117 -1000000000
4828 19329 1000000000
3237 17368 -1000000000
3507 10234 1000000000
8587 19200 -1000000000
8451 15895 1000000000
7244 16254 -1000000000
2179 12173 1000000000
5613 12399 -1000000000
3280 19356 1000000000
2819 11028 -1000000000
5882 18241 1000000000
316 15494 -1000000000
4211 14927 1000000000
6634 12527 -1000000000
1210 16631 1000000000
9706 15603 -1000000000
8742 16651 1000000000
808 18399 -1000000000
945 15677 1000000000
3439 10625 -1000000000
9519 16434 1000000000
6199 13113 -1000000000
7149 17070 1000000000
7216 18255 -1000000000
8483 19285 1000000000
8111 17145 -1000000000
8692 18635 1000000000
9771 19987 -1000000000
8722 15199 1000000000
1008 13532 -1000000000
6809 15030 1000000000
8766 11926 -1000000000
6823 12528 1000000000
2824 13468 -1000000000
4468 15543 1000000000
783 13240 -1000000000
3072 17536 1000000000
4490 19547 -1000000000
661 14604 1000000000
7295 19224 -1000000000
1598 19595 1000000000
5963 19290 -1000000000
201 16299 1000000000
2675 13824 -1000000000
3349 14121 1000000000
7808 12365 -1000000000
9749 11564 1000000000
6283 15727 -1000000000
9002 12057 1000000000
3529 18258 -1000000000
8003 11796 1000000000
3044 17449 -1000000000
6203 18506 1000000000
6876 14231 -1000000000
6124 10271 1000000000
3673 18378 -1000000000
7588 12749 1000000000
5846 19300 -1000000000
8569 10407 1000000000
4033 18640 -1000000000
165 14395 1000000000
3552 17456 -1000000000
8683 12135 1000000000
8720 17339 -1000000000
1695 15566 1000000000
8926 11605 -1000000000
4778 14515 1000000000
3689 14795 -1000000000
5170 17626 1000000000
8310 18401 -1000000000
1154 10052 1000000000
3425 14601 -1000000000
9611 10668 1000000000
2058 11611 -1000000000
1764 19783 1000000000
3849 15668 -1000000000
1518 14976 1000000000
7901 17285 -1000000000
5741 18108 1000000000
1559 11545 -1000000000
3227 15979 1000000000
5107 16297 -1000000000
2330 16904 1000000000
2339 12325 -1000000000
6243 13054 1000000000
8951 16820 -1000000000
3304 10796 1000000000
8487 15537 -1000000000
339 12553 1000000000
6149 14234 -1000000000
8446 12168 1000000000
7316 16239 -1000000000
1363 15826 1000000000
5908 18099 -1000000000
1040 13436 1000000000
1590 11463 -1000000000
4505 15755 1000000000
9615 14263 -1000000000
8678 14802 1000000000
6219 18537 -1000000000
655 19978 1000000000
7396 18523 -1000000000
9137 13278 1000000000
6792 15743 -1000000000
5466 12046 1000000000
1282 11016 -1000000000
1064 14481 1000000000
313 17097 -1000000000
4860 12519 1000000000
8177 19345 -1000000000
5777 10925 1000000000
4164 15019 -1000000000
1279 12157 1000000000
5042 11028 -1000000000
2616 17525 1000000000
8282 17025 -1000000000
8252 17676 1000000000
6061 10442 -1000000000
1995 17149 1000000000
2417 19100 -1000000000
5202 12342 1000000000
1460 17468 -1000000000
1717 13472 1000000000
606 11282 -1000000000
9216 19787 1000000000
3912 14699 -1000000000
3295 13349 1000000000
3371 11067 -1000000000
2941 19881 1000000000
4394 18953 -1000000000
1695 18254 1000000000
2739 17121 -1000000000
9335 11147 1000000000
577 15677 -1000000000
3513 17749 1000000000
2979 17395 -1000000000
4446 18925 1000000000
5958 17555 -1000000000
5949 16638 1000000000
2983 18228 -1000000000
8563 12479 1000000000
4349 12673 -1000000000
7819 14239 1000000000
4453 13927 -1000000000
4977 18632 1000000000
5912 12632 -1000000000
5504 12320 1000000000
1067 14972 -1000000000
7783 14587 1000000000
1649 13073 -1000000000
5603 15002 1000000000
6697 17067 -1000000000
3816 18916 1000000000
7922 14519 -1000000000
7409 14464 1000000000
1879 18270 -1000000000
6813 15507 1000000000
6952 15071 -1000000000
8690 17474 1000000000
5275 15368 -1000000000
1112 14560 1000000000
3132 17457 -1000000000
5470 10158 1000000000
5256 17739 -1000000000
7428 13958 1000000000
7794 12466 -1000000000
9493 18113 1000000000
8385 15134 -1000000000
9425 14285 1000000000
5623 13265 -1000000000
6804 12576 1000000000
9078 15235 -1000000000
9726 19695 1000000000
6382 11015 -1000000000
312 19478 1000000000
8721 12149 -1000000000
3211 17666 1000000000
6290 15805 -1000000000
8798 11850 1000000000
9964 18574 -1000000000
2012 16122 1000000000
7938 18879 -1000000000
3170 18859 1000000000
1170 13262 -1000000000
5165 13732 1000000000
508 11868 -1000000000
7586 18148 1000000000
974 17405 -1000000000
8629 12315 1000000000
6256 19564 -1000000000
413 18707 1000000000
4933 12814 -1000000000
175 10262 1000000000
4288 19597 -1000000000
3139 10262 1000000000
6571 16148 -1000000000
456 17626 1000000000
9230 15830 -1000000000
949 13318 1000000000
9058 19594 -1000000000
1477 17405 1000000000
5546 18477 -1000000000
734 17599 1000000000
5870 10758 -1000000000
3047 12711 1000000000
5490 11980 -1000000000
2838 11355 1000000000
2202 10271 -1000000000
2042 13968 1000000000
4159 10856 -1000000000
5011 17129 1000000000
5983 16422 -1000000000
1312 14037 1000000000
4611 19011 -1000000000
9725 16188 1000000000
3113 12552 -1000000000
4503 11513 1000000000
6090 13467 -1000000000
9814 19243 1000000000
8114 10088 -1000000000
2841 10143 1000000000
4609 14651 -1000000000
3539 13696 1000000000
4834 19576 -1000000000
1300 12673 1000000000
7607 14778 -1000000000
4776 16222 1000000000
1635 12582 -1000000000
990 18682 1000000000
5857 16790 -1000000000
1969 11612 1000000000
2572 13570 -1000000000
2612 16199 1000000000
6473 18185 -1000000000
5069 18875 1000000000
8661 15908 -1000000000
818 17537 1000000000
3284 13713 -1000000000
7129 13990 1000000000
8716 10428 -1000000000
4612 14389 1000000000
8053 19807 -1000000000
3465 18761 1000000000
9495 11999 -1000000000
5595 10360 1000000000
3192 16702 -1000000000
6843 14976 1000000000
6340 18328 -1000000000
5743 13303 1000000000
3812 16671 -1000000000
1182 11332 1000000000
2656 18936 -1000000000
6695 16288 1000000000
7727 13632 -1000000000
9976 10773 1000000000
6285 18229 -1000000000
7735 14524 1000000000
4828 16511 -1000000000
105 16947 1000000000
6440 16068 -1000000000
8296 14561 1000000000
4045 11400 -1000000000
8721 13144 1000000000
6958 15514 -1000000000
5122 18724 1000000000
3045 12075 -1000000000
9070 12610 1000000000
8311 11986 -1000000000
4645 11499 1000000000
186 16157 -1000000000
21 11095 1000000000
5095 18588 -1000000000
3505 17047 1000000000
7791 14424 -1000000000
1918 13531 1000000000
3661 18986 -1000000000
8872 19911 1000000000
4573 17786 -1000000000
9015 18559 1000000000
6866 17581 -1000000000
490 11524 1000000000
5301 11445 -1000000000
7125 19384 1000000000
2204 15867 -1000000000
1996 18691 1000000000
7005 17868 -1000000000
4235 16633 1000000000
8292 18240 -1000000000
8117 16204 1000000000
3030 14740 -1000000000
7534 18040 1000000000
5851 11032 -1000000000
6866 15452 1000000000
4948 14962 -1000000000
1855 12661 1000000000
7811 12637 -1000000000
7693 18034 1000000000
5595 11255 -1000000000
2845 18098 1000000000
6801 19282 -1000000000
5892 19033 1000000000
6621 11723 -1000000000
1895 14992 1000000000
5796 14207 -1000000000
4222 13246 1000000000
7449 12019 -1000000000
6171 19906 1000000000
7628 19148 -1000000000
2117 13793 1000000000
1321 13519 -1000000000
8979 13143 1000000000
8670 12405 -1000000000
3859 18128 1000000000
2780 17937 -1000000000
5438 14073 1000000000
2388 16618 -1000000000
6584 17711 1000000000
2608 16731 -1000000000
6166 13423 1000000000
6457 15625 -1000000000
6026 17846 1000000000
6822 10744 -1000000000
5153 15187 1000000000
7525 12073 -1000000000
9406 14590 1000000000
3988 11558 -1000000000
9830 14630 1000000000
4247 17669 -1000000000
6691 16050 1000000000
7002 18165 -1000000000
429 18733 1000000000
9683 11060 -1000000000
8135 13658 1000000000
8157 18047 -1000000000
7335 13601 1000000000
5942 10174 -1000000000
5205 11652 1000000000
4227 18117 -1000000000
2513 13836 1000000000
4053 12802 -1000000000
4889 14638 1000000000
3631 18879 -1000000000
3816 11750 1000000000
186 14116 -1000000000
5403 16326 1000000000
8844 15444 -1000000000
8305 10460 1000000000
2116 17318 -1000000000
9039 14871 1000000000
1850 16881 -1000000000
8307 13551 1000000000
8028 13112 -1000000000
5555 17747 1000000000
7685 10512 -1000000000
9468 14231 1000000000
1639 14630 -1000000000
236 12471 1000000000
4814 12881 -1000000000
7469 18728 1000000000
8911 19345 -1000000000
9521 11137 1000000000
9588 12228 -1000000000
2733 13252 1000000000
8929 15627 -1000000000
5738 14706 1000000000
7810 12314 -1000000000
2039 18439 1000000000
9516 18060 -1000000000
9706 10254 1000000000
6325 10717 -1000000000
6018 19463 1000000000
9965 11058 -1000000000
9357 13283 1000000000
1488 12699 -1000000000
1658 16748 1000000000
8853 15946 -1000000000
9611 18265 1000000000
5130 11506 -1000000000
3015 13457 1000000000
2506 10602 -1000000000
9737 19676 1000000000
7161 16593 -1000000000
8771 11026 1000000000
3147 11272 -1000000000
972 19536 1000000000
7641 16897 -1000000000
2442 15000 1000000000
1661 17921 -1000000000
6459 13251 1000000000
5779 18832 -1000000000
4366 17001 1000000000
5787 10498 -1000000000
4773 10301 1000000000
8042 17991 -1000000000
1207 11385 1000000000
7912 17657 -1000000000
1666 13021 1000000000
3081 15288 -1000000000
7688 10188 1000000000
4753 14599 -1000000000
1098 15445 1000000000
2957 14600 -1000000000
2469 13541 1000000000
7953 11452 -1000000000
148 19464 1000000000
8775 13541 -1000000000
3302 16839 1000000000
7037 11654 -1000000000
946 15792 1000000000
2098 19529 -1000000000
3928 14927 1000000000
9974 19754 -1000000000
3828 14815 1000000000
3576 17646 -1000000000
3079 11667 1000000000
1991 14207 -1000000000
3469 18872 1000000000
6643 11768 -1000000000
2043 15909 1000000000
4549 10489 -1000000000
9009 15818 1000000000
9140 12153 -1000000000
9500 11335 1000000000
7133 14531 -1000000000
7400 16134 1000000000
9318 14594 -1000000000
9372 10273 1000000000
6545 16097 -1000000000
4581 16037 1000000000
3826 16635 -1000000000
4405 17012 1000000000
2995 14811 -1000000000
6905 12330 1000000000
4837 14542 -1000000000
3771 19252 1000000000
6580 14567 -1000000000
49 16928 1000000000
3637 17390 -1000000000
1536 15618 1000000000
2796 17734 -1000000000
5030 17016 1000000000
6029 11083 -1000000000
3359 16995 1000000000
9764 14608 -1000000000
8723 19838 1000000000
6479 16764 -1000000000
3708 19815 1000000000
5370 11073 -1000000000
8564 10830 1000000000
5356 18508 -1000000000
9606 12433 1000000000
1994 10461 -1000000000
2677 17451 1000000000
6465 18320 -1000000000
6199 15838 1000000000
3440 16416 -1000000000
9485 13941 1000000000
2579 10956 -1000000000
5187 15760 1000000000
7449 18133 -1000000000
829 19774 1000000000
2416 11406 -1000000000
7363 17157 1000000000
7706 14889 -1000000000
9068 18318 1000000000
9491 17213 -1000000000
8157 18522 1000000000
8681 16815 -1000000000
7899 17853 1000000000
2807 14346 -1000000000
3763 18913 1000000000
5758 15244 -1000000000
4785 12915 1000000000
9844 14923 -1000000000
381 12523 1000000000
4584 11250 -1000000000
8056 11597 1000000000
9671 12688 -1000000000
6947 13329 1000000000
2580 15349 -1000000000
1440 15276 1000000000
943 17455 -1000000000
7329 15811 1000000000
6472 15283 -1000000000
6425 12332 1000000000
5864 12288 -1000000000
25 12319 1000000000
7380 17365 -1000000000
7283 15786 1000000000
1576 11527 -1000000000
1365 14458 1000000000
8638 13921 -1000000000
1252 15208 1000000000
2348 14734 -1000000000
3143 17362 1000000000
2489 19539 -1000000000
6196 16174 1000000000
1654 16980 -1000000000
7877 19789 1000000000
9010 11162 -1000000000
3562 15602 1000000000
2239 10907 -1000000000
96 11643 1000000000
3455 14191 -1000000000
158 10723 1000000000
7215 10533 -1000000000
4171 11508 1000000000
6899 17462 -1000000000
2625 16664 1000000000
2493 18927 -1000000000
8703 19738 1000000000
4755 19910 -1000000000
5848 10699 1000000000
9123 19727 -1000000000
7013 12253 1000000000
988 15735 -1000000000
6944 15306 1000000000
670 17615 -1000000000
1863 10260 1000000000
4151 16478 -1000000000
6049 11568 1000000000
5671 11587 -1000000000
1523 12408 1000000000
3282 14634 -1000000000
7232 18851 1000000000
5566 11735 -1000000000
3626 18101 1000000000
3019 17632 -1000000000
7141 12210 1000000000
9572 16802 -1000000000
9081 14993 1000000000
3540 19660 -1000000000
35 10672 1000000000
1095 18906 -1000000000
9599 14938 1000000000
1818 15307 -1000000000
6171 12519 1000000000
1163 13657 -1000000000
4854 13175 1000000000
4230 19904 -1000000000
4834 17661 1000000000
2245 14043 -1000000000
2558 11741 1000000000
3476 10151 -1000000000
7276 12431 1000000000
3042 10847 -1000000000
3736 12253 1000000000
297 16898 -1000000000
7532 19329 1000000000
6637 13090 -1000000000
1754 17579 1000000000
8408 16695 -1000000000
1262 17521 1000000000
582 14083 -1000000000
393 16879 1000000000
8279 16944 -1000000000
5097 13305 1000000000
6832 15375 -1000000000
324 16369 1000000000
5973 16757 -1000000000
5463 11501 1000000000
581 12797 -1000000000
4444 12320 1000000000
2738 15911 -1000000000
1046 19607 1000000000
4916 15084 -1000000000
884 12856 1000000000
882 14356 -1000000000
2492 17795 1000000000
8294 18929 -1000000000
9741 15065 1000000000
59 10538 -1000000000
9328 19142 1000000000
9606 19237 -1000000000
3216 17103 1000000000
752 11021 -1000000000
8092 11000 1000000000
2620 13036 -1000000000
3912 11188 1000000000
8476 16197 -1000000000
6735 14831 1000000000
7329 12453 -1000000000
5467 12235 1000000000
4476 11999 -1000000000
293 16956 1000000000
6207 19977 -1000000000
3423 16951 1000000000
3927 13923 -1000000000
7309 19878 1000000000
1785 19016 -1000000000
8805 18921 1000000000
7757 19005 -1000000000
6088 11599 1000000000
8696 10855 -1000000000
1667 15686 1000000000
7673 16974 -1000000000
6635 14811 1000000000
7500 12920 -1000000000
4340 17610 1000000000
3445 19067 -1000000000
2023 18367 1000000000
4352 11577 -1000000000
2665 10455 1000000000
6235 18233 -1000000000
8525 16502 1000000000
5566 15754 -1000000000
5249 15853 1000000000
9727 10462 -1000000000
7904 12371 1000000000
9393 10129 -1000000000
9068 10991 1000000000
8944 12613 -1000000000
6755 19735 1000000000
2381 10690 -1000000000
7819 15824 1000000000
4097 10318 -1000000000
3419 17146 1000000000
4327 13955 -1000000000
9176 19858 1000000000
9413 17052 -1000000000
1703 19963 1000000000
8671 12896 -1000000000
9967 15098 1000000000
1068 11600 -1000000000
5456 15298 1000000000
9211 19149 -1000000000
5120 16188 1000000000
1493 13217 -1000000000
4404 16027 1000000000
9325 13594 -1000000000
5023 10460 1000000000
2004 11772 -1000000000
3792 10777 1000000000
7265 14446 -1000000000
9020 11852 1000000000
9901 17950 -1000000000
4922 15019 1000000000
6814 13141 -1000000000
8462 17341 1000000000
2401 18569 -1000000000
4634 17346 1000000000
2474 13686 -1000000000
47 14262 1000000000
3235 16130 -1000000000
3972 11269 1000000000
5983 17899 -1000000000
6083 11675 1000000000
8368 19612 -1000000000
5502 14431 1000000000
6139 10684 -1000000000
4681 11435 1000000000
2512 13672 -1000000000
2376 14954 1000000000
5876 17445 -1000000000
9136 11012 1000000000
2954 14566 -1000000000
3244 17108 1000000000
3608 16481 -1000000000
367 10742 1000000000
1878 14887 -1000000000
5070 10652 1000000000
185 14239 -1000000000
8126 11757 1000000000
1788 14465 -1000000000
1170 10007 1000000000
4038 12122 -1000000000
3991 11322 1000000000
8958 11175 -1000000000
1335 12364 1000000000
5111 19931 -1000000000
3728 19532 1000000000
4700 12026 -1000000000
2377 16662 1000000000
3164 16116 -1000000000
3656 12416 1000000000
1074 14588 -1000000000
8985 14723 1000000000
9268 19551 -1000000000
8208 15542 1000000000
2560 13759 -1000000000
4334 11427 1000000000
9732 19104 -1000000000
5009 18079 1000000000
3044 10823 -1000000000
9175 14396 1000000000
9110 11316 -1000000000
3860 16997 1000000000
3753 11889 -1000000000
7570 15783 1000000000
4278 12361 -1000000000
7529 14317 1000000000
8403 17958 -1000000000
776 10634 1000000000
7826 17378 -1000000000
7669 10396 1000000000
2452 18016 -1000000000
1388 10491 1000000000
7795 12632 -1000000000
8255 15244 1000000000
5734 11637 -1000000000
6821 15192 1000000000
6570 17967 -1000000000
8360 16449 1000000000
8597 19418 -1000000000
1160 17176 1000000000
8609 18934 -1000000000
7718 15587 1000000000
3578 11863 -1000000000
5924 13699 1000000000
7151 14240 -1000000000
2279 16305 1000000000
6574 13071 -1000000000
7686 19855 1000000000
493 15885 -1000000000
7679 18608 1000000000
6774 15410 -1000000000
4015 12640 1000000000
3719 15788 -1000000000
4317 11578 1000000000
1075 18720 -1000000000
3700 13346 1000000000
9179 18053 -1000000000
236 17425 1000000000
1804 14352 -1000000000
3054 19643 1000000000
4032 13833 -1000000000
5752 18572 1000000000
1870 17554 -1000000000
3223 19548 1000000000
1909 11016 -1000000000
943 14106 1000000000
6469 18288 -1000000000
9711 13963 1000000000
9967 12278 -1000000000
890 16433 1000000000
524 14002 -1000000000
3494 11671 1000000000
3392 19420 -1000000000
5563 10580 1000000000
5762 14920 -1000000000
5660 10691 1000000000
6007 13938 -1000000000
9562 11900 1000000000
8003 13731 -1000000000
8306 15994 1000000000
530 17039 -1000000000
2293 18934 1000000000
272 14592 -1000000000
1624 10778 1000000000
2188 15335 -1000000000
6071 16163 1000000000
4683 13743 -1000000000
7126 18428 1000000000
4689 13454 -1000000000
7399 10563 1000000000
2469 10830 -1000000000
3976 12027 1000000000
2394 19336 -1000000000
1394 18792 1000000000
8144 19626 -1000000000
868 14709 1000000000
5706 15816 -1000000000
1930 19818 1000000000
7528 18908 -1000000000
3833 18262 1000000000
261 12092 -1000000000
2121 12502 1000000000
2820 16452 -1000000000
6158 14003 1000000000
8203 12825 -1000000000
473 17651 1000000000
3366 17600 -1000000000
193 12725 1000000000
8005 15810 -1000000000
9383 15620 1000000000
9503 11239 -1000000000
3054 13130 1000000000
9152 10026 -1000000000
4678 18774 1000000000
3682 19160 -1000000000
9553 15218 1000000000
329 18410 -1000000000
2906 19617 1000000000
8035 14077 -1000000000
2655 13961 1000000000
1061 10327 -1000000000
6830 10213 1000000000
577 14556 -1000000000
8449 14244 1000000000
3775 14365 -1000000000
9741 14189 1000000000
6706 15617 -1000000000
1797 16855 1000000000
7884 17232 -1000000000
6770 16005 1000000000
1304 14890 -1000000000
9688 10113 1000000000
8436 11726 -1000000000
72 10311 1000000000
1539 18943 -1000000000
620 19835 1000000000
1655 11569 -1000000000
8958 14346 1000000000
7577 16721 -1000000000
2404 11395 1000000000
7318 19664 -1000000000
1878 18423 1000000000
8939 16595 -1000000000
3246 16411 1000000000
5256 17947 -1000000000
5777 15961 1000000000
2698 15175 -1000000000
1559 17910 1000000000
535 17327 -1000000000
1397 14723 1000000000
9620 18997 -1000000000
7934 18380 1000000000
6971 18474 -1000000000
296 11556 1000000000
9794 12954 -1000000000
8003 18064 1000000000
1447 19512 -1000000000
1900 12252 1000000000
4846 11745 -1000000000
4176 16298 1000000000
8727 17025 -1000000000
4906 10628 1000000000
11 12371 -1000000000
591 10187 1000000000
210 19239 -1000000000
8622 12954 1000000000
4704 14512 -1000000000
4098 17598 1000000000
6713 11980 -1000000000
1557 12004 1000000000
1361 13645 -1000000000
2594 10938 1000000000
2668 10790 -1000000000
2043 11058 1000000000
2921 16058 -1000000000
8595 16848 1000000000
6609 13665 -1000000000
405 15889 1000000000
400 18772 -1000000000
3671 16589 1000000000
9263 11591 -1000000000
4439 18621 1000000000
3416 16956 -1000000000
9181 19727 1000000000
3790 19348 -1000000000
2929 12853 1000000000
4656 15078 -1000000000
796 18633 1000000000
2573 12685 -1000000000
791 15395 1000000000
7011 15276 -1000000000
7237 18749 1000000000
4219 16465 -1000000000
1367 14803 1000000000
539 17733 -1000000000
2246 11290 1000000000
2785 15004 -1000000000
9359 19959 1000000000
244 16225 -1000000000
7999 10043 1000000000
6744 13079 -1000000000
8626 13852 1000000000
7432 11427 -1000000000
6586 11273 1000000000
2359 16183 -1000000000
3329 16874 1000000000
3514 16620 -1000000000
402 19100 1000000000
414 13448 -1000000000
3406 15804 1000000000
918 19045 -1000000000
9768 10151 1000000000
1007 16112 -1000000000
7317 14566 1000000000
67 15169 -1000000000
3794 18804 1000000000
3003 14601 -1000000000
2017 16702 1000000000
9231 19229 -1000000000
2024 14633 1000000000
8242 11587 -1000000000
3439 11013 1000000000
7424 15137 -1000000000
1880 11789 1000000000
3686 13538 -1000000000
8809 16660 1000000000
4393 17506 -1000000000
2935 17695 1000000000
7443 18659 -1000000000
9735 12006 1000000000
7829 10975 -1000000000
5108 16037 1000000000
2334 10438 -1000000000
8342 14822 1000000000
6641 10548 -1000000000
8150 16622 1000000000
3298 11853 -1000000000
2389 16522 1000000000
9981 16421 -1000000000
4458 15843 1000000000
1432 16027 -1000000000
7853 12829 1000000000
812 10803 -1000000000
7920 19291 1000000000
8937 10536 -1000000000
156 11637 1000000000
2828 14259 -1000000000
6511 17129 1000000000
400 12649 -1000000000
3220 19645 1000000000
8122 14452 -1000000000
2271 10296 1000000000
7285 10539 -1000000000
8994 12453 1000000000
6118 18891 -1000000000
7320 19819 1000000000
1161 16023 -1000000000
5488 17969 1000000000
1369 16941 -1000000000
4497 12472 1000000000
1709 18708 -1000000000
4328 18558 1000000000
4766 13254 -1000000000
8082 17740 1000000000
4834 17286 -1000000000
2545 18678 1000000000
2271 13508 -1000000000
6647 12983 1000000000
1740 18823 -1000000000
6465 11561 1000000000
9995 16319 -1000000000
7507 10942 1000000000
241 14864 -1000000000
681 11110 1000000000
9638 19693 -1000000000
1200 10756 1000000000
1986 10461 -1000000000
3707 10070 1000000000
7719 12463 -1000000000
7966 11714 1000000000
5817 17769 -1000000000
868 18725 1000000000
1196 13783 -1000000000
6592 15872 1000000000
9836 18509 -1000000000
2731 12761 1000000000
9179 10525 -1000000000
5289 12844 1000000000
2673 14929 -1000000000
9472 13551 1000000000
9394 13814 -1000000000
6975 16316 1000000000
4510 10010 -1000000000
909 10922 1000000000
495 15681 -1000000000
4172 10979 1000000000
8703 13422 -1000000000
7578 13037 1000000000
6906 18683 -1000000000
6824 11207 1000000000
4259 10310 -1000000000
9927 12011 1000000000
9509 14346 -1000000000
7657 18980 1000000000
4466 10888 -1000000000
3134 15096 1000000000
5693 14145 -1000000000
1238 16808 1000000000
7898 18877 -1000000000
8755 13569 1000000000
4274 19872 -1000000000
1747 17185 1000000000
1009 15469 -1000000000
4375 17744 1000000000
990 13557 -1000000000
3700 15447 1000000000
5730 17707 -1000000000
2670 18363 1000000000
1460 12582 -1000000000
97 15983 1000000000
6541 10882 -1000000000
804 17321 1000000000
7159 18038 -1000000000
3972 10324 1000000000
4957 13004 -1000000000
1184 13003 1000000000
2721 10084 -1000000000
1842 16168 1000000000
2163 16091 -1000000000
9581 17736 1000000000
2575 13928 -1000000000
8778 14797 1000000000
4674 12191 -1000000000
6903 19524 1000000000
6114 15325 -1000000000
9770 18042 1000000000
4215 16522 -1000000000
5949 11534 1000000000
6594 11596 -1000000000
596 17781 1000000000
7934 10997 -1000000000
8388 18591 1000000000
8448 16277 -1000000000
8441 17435 1000000000
4340 14299 -1000000000
792 15977 1000000000
2745 17497 -1000000000
9675 11925 1000000000
9399 10403 -1000000000
3803 18876 1000000000
523 10199 -1000000000
5756 12474 1000000000
8189 17839 -1000000000
7666 13877 1000000000
6307 12682 -1000000000
3110 15831 1000000000
1016 12276 -1000000000
9915 15646 1000000000
380 14882 -1000000000
5083 13624 1000000000
8908 15469 -1000000000
8284 10328 1000000000
8549 16841 -1000000000
418 14988 1000000000
6165 12345 -1000000000
6828 11412 1000000000
7084 18764 -1000000000
9451 11566 1000000000
541 11713 -1000000000
1294 16896 1000000000
7524 15941 -1000000000
6570 19495 1000000000
7201 15381 -1000000000
2107 12250 1000000000
1562 13163 -1000000000
3433 10545 1000000000
8326 18702 -1000000000
977 14778 1000000000
9102 16277 -1000000000
6797 15777 1000000000
6966 13870 -1000000000
5529 12912 1000000000
5825 14839 -1000000000
9969 16975 1000000000
9013 14701 -1000000000
6252 14557 1000000000
9797 18620 -1000000000
4339 18474 1000000000
2659 13548 -1000000000
7766 11248 1000000000
8840 16241 -1000000000
9118 19578 1000000000
7472 14306 -1000000000
1737 19366 1000000000
2641 14152 -1000000000
3675 16340 1000000000
2930 14719 -1000000000
8268 18615 1000000000
3312 10342 -1000000000
5624 13064 1000000000
8047 13625 -1000000000
7460 17701 1000000000
9891 16225 -1000000000
9630 19394 1000000000
9810 11735 -1000000000
9636 17208 1000000000
2266 11511 -1000000000
7914 17142 1000000000
3701 17295 -1000000000
3255 10706 1000000000
2237 14717 -1000000000
5714 15054 1000000000
8158 14327 -1000000000
9970 18874 1000000000
7647 16207 -1000000000
6710 19759 1000000000
6941 12588 -1000000000
20 14849 1000000000
6241 19224 -1000000000
3476 14291 1000000000
2151 18780 -1000000000
1383 15832 1000000000
8912 10641 -1000000000
6488 19077 1000000000
6846 13654 -1000000000
4733 10809 1000000000
4184 11832 -1000000000
4990 10660 1000000000
3828 15550 -1000000000
8078 10630 1000000000
7411 16615 -1000000000
5589 13330 1000000000
7133 17513 -1000000000
3626 10311 1000000000
2827 13240 -1000000000
2792 12985 1000000000
6174 10818 -1000000000
8522 16364 1000000000
6265 11522 -1000000000
1756 18672 1000000000
2470 16069 -1000000000
6663 12142 1000000000
9687 17208 -1000000000
6569 13830 1000000000
8682 19535 -1000000000
8224 16759 1000000000
1792 11418 -1000000000
5446 12189 1000000000
1481 13973 -1000000000
1492 18310 1000000000
9935 14745 -1000000000
3601 14128 1000000000
7250 17364 -1000000000
6118 19049 1000000000
9387 10821 -1000000000
3981 15866 1000000000
1326 18755 -1000000000
1389 10843 1000000000
7510 11933 -1000000000
3612 13776 1000000000
7332 18741 -1000000000
7120 16042 1000000000
9391 14527 -1000000000
9534 12797 1000000000
5758 18228 -1000000000
7456 16620 1000000000
5068 18255 -1000000000
3892 12112 1000000000
6649 13709 -1000000000
5066 10761 1000000000
3579 11177 -1000000000
5579 18605 1000000000
5331 15365 -1000000000
3966 17655 1000000000
249 10412 -1000000000
3619 16016 1000000000
5931 16453 -1000000000
279 10904 1000000000
8093 14957 -1000000000
743 18370 1000000000
1829 15098 -1000000000
227 14170 1000000000
7282 19651 -1000000000
1291 15719 1000000000
537 11019 -1000000000
5408 10488 1000000000
2194 16815 -1000000000
7649 19944 1000000000
8383 10906 -1000000000
5271 17997 1000000000
5493 15263 -1000000000
2583 12488 1000000000
1503 13950 -1000000000
9775 12235 1000000000
3161 16716 -1000000000
9295 13563 1000000000
5300 17640 -1000000000
3888 10347 1000000000
8755 10105 -1000000000
7166 16839 1000000000
9919 12393 -1000000000
6460 16252 1000000000
3768 13305 -1000000000
6267 12141 1000000000
8477 16544 -1000000000
6282 13595 1000000000
7131 18639 -1000000000
6999 19784 1000000000
7818 13113 -1000000000
9835 14879 1000000000
9634 12520 -1000000000
5590 12744 1000000000
5560 17503 -1000000000
8811 16804 1000000000
811 11479 -1000000000
9128 18361 1000000000
2641 11956 -1000000000
1533 19939 1000000000
4404 11077 -1000000000
2437 11728 1000000000
9924 13305 -1000000000
4630 15695 1000000000
6126 18572 -1000000000
224 16150 1000000000
7180 13990 -1000000000
4659 17538 1000000000
6867 17903 -1000000000
5513 14320 1000000000
615 12738 -1000000000
6696 10030 1000000000
9644 11223 -1000000000
9589 15328 1000000000
8067 10883 -1000000000
5633 17140 1000000000
933 17714 -1000000000
3944 15757 1000000000
2479 12364 -1000000000
2457 19406 1000000000
4217 12848 -1000000000
2588 13212 1000000000
8919 16494 -1000000000
571 16396 1000000000
7430 14781 -1000000000
1475 11428 1000000000
983 11034 -1000000000
2079 16200 1000000000
1879 15254 -1000000000
630 18009 1000000000
9661 19211 -1000000000
9212 19486 1000000000
1182 14024 -1000000000
5050 16773 1000000000
2528 15284 -1000000000
1234 10302 1000000000
5922 12013 -1000000000
7578 13389 1000000000
4644 18843 -1000000000
8267 16710 1000000000
4427 12900 -1000000000
5619 18443 1000000000
5202 14922 -1000000000
7306 15118 1000000000
2738 12894 -1000000000
1125 19589 1000000000
5085 12228 -1000000000
2119 15302 1000000000
4093 17116 -1000000000
5638 10487 1000000000
7110 12127 -1000000000
1850 13221 1000000000
1664 12811 -1000000000
7261 14150 1000000000
9103 17967 -1000000000
6625 19321 1000000000
2716 18295 -1000000000
3653 19477 1000000000
3674 10434 -1000000000
8948 12151 1000000000
8585 13427 -1000000000
3193 17664 1000000000
5632 15655 -1000000000
3268 19246 1000000000
8233 11600 -1000000000
7249 16824 1000000000
1790 14893 -1000000000
3028 19745 1000000000
8424 17233 -1000000000
5764 11159 1000000000
7065 15909 -1000000000
7588 11014 1000000000
9684 16649 -1000000000
2879 11816 1000000000
205 19582 -1000000000
1451 17355 1000000000
5400 11839 -1000000000
4937 14568 1000000000
4248 11039 -1000000000
7516 13806 1000000000
1043 14084 -1000000000
7364 19715 1000000000
4832 12987 -1000000000
8202 18158 1000000000
4049 17796 -1000000000
3813 16766 1000000000
944 14018 -1000000000
3994 14554 1000000000
3531 14404 -1000000000
7403 19517 1000000000
3134 16560 -1000000000
1370 13841 1000000000
3680 11380 -1000000000
6108 16512 1000000000
2480 15675 -1000000000
4686 14590 1000000000
8732 17928 -1000000000
689 11980 1000000000
9457 12027 -1000000000
5343 13190 1000000000
9550 10461 -1000000000
6967 17127 1000000000
5242 10142 -1000000000
2505 11840 1000000000
3061 14400 -1000000000
3838 17129 1000000000
5005 19040 -1000000000
8623 12988 1000000000
317 17351 -1000000000
1883 19300 1000000000
9753 14369 -1000000000
3838 18289 1000000000
1727 17485 -1000000000
774 13532 1000000000
7162 18548 -1000000000
4005 16884 1000000000
4529 12854 -1000000000
8297 17038 1000000000
2356 11501 -1000000000
8743 14290 1000000000
8462 17980 -1000000000
172 13663 1000000000
7472 11662 -1000000000
2984 18958 1000000000
8301 17910 -1000000000
4224 15192 1000000000
5782 16564 -1000000000
8132 10218 1000000000
449 11301 -1000000000
2498 17053 1000000000
7284 15657 -1000000000
5350 11647 1000000000
3700 16141 -1000000000
4975 10946 1000000000
7494 19386 -1000000000
8541 10718 1000000000
1347 12393 -1000000000
8080 19537 1000000000
8550 16866 -1000000000
2814 12591 1000000000
8697 14098 -1000000000
2607 16659 1000000000
3780 11613 -1000000000
9341 14458 1000000000
9866 19541 -1000000000
9953 18464 1000000000
5528 14519 -1000000000
8799 15962 1000000000
2938 13093 -1000000000
3249 10292 1000000000
3773 11600 -1000000000
7214 11618 1000000000
5282 19386 -1000000000
3284 10111 1000000000
2059 18594 -1000000000
420 18868 1000000000
2366 11793 -1000000000
1913 18087 1000000000
1756 15864 -1000000000
9071 19921 1000000000
849 10977 -1000000000
9549 12502 1000000000
8983 12795 -1000000000
4636 11163 1000000000
474 10729 -1000000000
1784 14178 1000000000
6952 12408 -1000000000
28 18487 1000000000
4959 16900 -1000000000
6606 17089 1000000000
8838 14408 -1000000000
8701 11089 1000000000
3093 17657 -1000000000
3690 12125 1000000000
377 13725 -1000000000
8958 15697 1000000000
8044 16506 -1000000000
2892 15458 1000000000
4779 14900 -1000000000
4446 14770 1000000000
4527 18236 -1000000000
5594 16430 1000000000
1847 14530 -1000000000
5293 11717 1000000000
1547 17385 -1000000000
3728 18814 1000000000
754 19294 -1000000000
1722 10489 1000000000
1210 16071 -1000000000
7776 19590 1000000000
1609 18396 -1000000000
3126 15848 1000000000
3872 13167 -1000000000
4796 16123 1000000000
933 17068 -1000000000
4824 19427 1000000000
8230 17791 -1000000000
4105 18357 1000000000
6258 11292 -1000000000
3182 19478 1000000000
1583 18468 -1000000000
7215 17706 1000000000
2428 11958 -1000000000
8152 18890 1000000000
3793 14687 -1000000000
2710 11788 1000000000
3769 13588 -1000000000
9566 17231 1000000000
9977 11562 -1000000000
5433 19794 1000000000
8665 10742 -1000000000
6982 13405 1000000000
3608 17352 -1000000000
7375 11686 1000000000
1062 18889 -1000000000
6393 10901 1000000000
8142 10022 -1000000000
6776 13637 1000000000
2865 11371 -1000000000
1342 18772 1000000000
4013 15390 -1000000000
9583 18654 1000000000
7659 12177 -1000000000
9010 16248 1000000000
8749 18424 -1000000000
5865 11737 1000000000
3803 19620 -1000000000
1473 10039 1000000000
3032 11291 -1000000000
1142 13334 1000000000
6750 15842 -1000000000
2770 11424 1000000000
7322 14931 -1000000000
7256 18669 1000000000
2565 13631 -1000000000
519 10585 1000000000
858 15766 -1000000000
2711 18984 1000000000
3138 18302 -1000000000
5740 15013 1000000000
1135 15197 -1000000000
5182 17584 1000000000
3890 15477 -1000000000
8354 11123 1000000000
8089 10662 -1000000000
5071 18014 1000000000
6776 10191 -1000000000
4772 17267 1000000000
4478 12539 -1000000000
712 15956 1000000000
5426 17260 -1000000000
8297 12409 1000000000
2449 18083 -1000000000
2061 11131 1000000000
7337 17617 -1000000000
6156 11684 1000000000
6525 13832 -1000000000
2686 15589 1000000000
1677 10029 -1000000000
6403 14025 1000000000
6179 15065 -1000000000
8321 12956 1000000000
8171 12467 -1000000000
2750 17650 1000000000
7858 12307 -1000000000
8178 12859 1000000000
609 18013 -1000000000
7443 15923 1000000000
162 14276 -1000000000
539 16447 1000000000
3025 18440 -1000000000
7661 14763 1000000000
4602 16161 -1000000000
6047 15231 1000000000
4382 19158 -1000000000
3997 11574 1000000000
9554 18512 -1000000000
5064 19712 1000000000
9 11985 -1000000000
6299 12794 1000000000
1472 10863 -1000000000
7496 14782 1000000000
1117 14334 -1000000000
396 18789 1000000000
1953 14504 -1000000000
2552 14815 1000000000
258 11719 -1000000000
4638 16762 1000000000
2783 11080 -1000000000
1644 11380 1000000000
6393 18343 -1000000000
6519 13292 1000000000
6997 17413 -1000000000
9195 17561 1000000000
6063 12450 -1000000000
3541 17191 1000000000
6158 12161 -1000000000
9747 13875 1000000000
977 13360 -1000000000
6819 11374 1000000000
7416 11980 -1000000000
9223 15394 1000000000
1231 12352 -1000000000
1620 19230 1000000000
6982 17222 -1000000000
5089 13490 1000000000
8360 17020 -1000000000
9701 16758 1000000000
4865 17598 -1000000000
373 19665 1000000000
5866 11608 -1000000000
2815 11793 1000000000
9665 19804 -1000000000
7441 14026 1000000000
9881 19440 -1000000000
457 17329 1000000000
6042 13595 -1000000000
8265 15605 1000000000
7021 10771 -1000000000
1932 13252 1000000000
4251 14255 -1000000000
7230 18974 1000000000
3920 16965 -1000000000
4511 19148 1000000000
444 18364 -1000000000
7181 14030 1000000000
4930 10550 -1000000000
176 17189 1000000000
1582 11402 -1000000000
8108 18133 1000000000
7481 12037 -1000000000
7417 18734 1000000000
2219 17805 -1000000000
1797 18165 1000000000
2202 18355 -1000000000
1696 11986 1000000000
8789 18593 -1000000000
5348 16455 1000000000
4792 19113 -1000000000
9384 11075 1000000000
4500 11190 -1000000000
7196 11595 1000000000
3174 19320 -1000000000
3943 12056 1000000000
1442 16842 -1000000000
3149 17697 1000000000
2738 15952 -1000000000
7965 17347 1000000000
1511 12725 -1000000000
925 13706 1000000000
3417 15292 -1000000000
5963 10249 1000000000
4451 19674 -1000000000
9708 18625 1000000000
1519 17986 -1000000000
5668 17369 1000000000
7234 15826 -1000000000
8138 13672 1000000000
933 11373 -1000000000
2887 14117 1000000000
8324 17973 -1000000000
2722 14803 1000000000
8549 19301 -1000000000
5060 14879 1000000000
8715 17279 -1000000000
4603 11971 1000000000
3491 13571 -1000000000
7763 16263 1000000000
6644 11679 -1000000000
3552 16666 1000000000
125 10801 -1000000000
4293 11460 1000000000
9103 11298 -1000000000
502 19167 1000000000
6838 16785 -1000000000
5586 16422 1000000000
3439 17985 -1000000000
3353 13637 1000000000
7875 10181 -1000000000
917 18810 1000000000
6749 11171 -1000000000
663 17667 1000000000
5950 14538 -1000000000
1667 18692 1000000000
9144 10672 -1000000000
4419 14159 1000000000
4320 15082 -1000000000
9180 14514 1000000000
4843 10083 -1000000000
7524 16482 1000000000
287 16306 -1000000000
1501 10089 1000000000
976 19894 -1000000000
794 17488 1000000000
271 11338 -1000000000
1539 14025 1000000000
3177 16017 -1000000000
685 10267 1000000000
8676 13776 -1000000000
1703 14505 1000000000
6892 17752 -1000000000
7389 18814 1000000000
799 14413 -1000000000
7369 15044 1000000000
4972 19945 -1000000000
3155 19073 1000000000
7627 16157 -1000000000
2769 10450 1000000000
3040 17993 -1000000000
5390 15449 1000000000
4461 14590 -1000000000
7909 18419 1000000000
4310 12539 -1000000000
4351 10726 1000000000
4277 16416 -1000000000
9466 16458 1000000000
813 11815 -1000000000
4401 10443 1000000000
2619 12984 -1000000000
4997 14389 1000000000
9370 15455 -1000000000
935 19681 1000000000
1329 19675 -1000000000
6230 12249 1000000000
7901 13520 -1000000000
2424 17378 1000000000
8713 19605 -1000000000
2202 15925 1000000000
6111 14522 -1000000000
9414 17139 1000000000
6225 15598 -1000000000
2441 14796 1000000000
7118 19309 -1000000000
1952 13421 1000000000
675 14721 -1000000000
5633 12001 1000000000
8401 15394 -1000000000
2544 16328 1000000000
1913 18650 -1000000000
8997 11221 1000000000
5670 13509 -1000000000
5419 16429 1000000000
4209 18704 -1000000000
549 14224 1000000000
6618 14639 -1000000000
8244 15950 1000000000
624 10984 -1000000000
3700 15169 1000000000
5999 12472 -1000000000
1751 10560 1000000000
2681 19452 -1000000000
8192 13287 1000000000
5909 11997 -1000000000
366 17289 1000000000
1236 11572 -1000000000
9479 13716 1000000000
8709 14352 -1000000000
7250 10100 1000000000
8451 15075 -1000000000
4904 18633 1000000000
1340 14687 -1000000000
595 17798 1000000000
8846 17281 -1000000000
9461 18800 1000000000
3800 15788 -1000000000
3393 10060 1000000000
730 11079 -1000000000
1375 15630 1000000000
5250 11871 -1000000000
9627 15055 1000000000
1678 10750 -1000000000
967 15031 1000000000
422 18310 -1000000000
2357 15012 1000000000
3111 12940 -1000000000
8507 19983 1000000000
1381 14860 -1000000000
2144 14032 1000000000
28 15829 -1000000000
9835 17163 1000000000
9012 11516 -1000000000
9150 16570 1000000000
775 19167 -1000000000
1066 14307 1000000000
8477 18378 -1000000000
9729 19598 1000000000
6686 16648 -1000000000
3645 18409 1000000000
8860 16506 -1000000000
3715 16909 1000000000
9099 18710 -1000000000
9599 19432 1000000000
4010 13560 -1000000000
2833 11831 1000000000
1931 15221 -1000000000
2754 12059 1000000000
8969 13121 -1000000000
5408 15406 1000000000
2518 11397 -1000000000
5720 11488 1000000000
1490 18213 -1000000000
2972 14119 1000000000
161 14039 -1000000000
6283 17327 1000000000
5239 15874 -1000000000
5147 19133 1000000000
2330 18624 -1000000000
3622 14901 1000000000
9471 11464 -1000000000
2822 18566 1000000000
6354 12029 -1000000000
7939 16752 1000000000
367 10897 -1000000000
7357 10602 1000000000
556 13842 -1000000000
1150 15260 1000000000
3727 14209 -1000000000
3930 15207 1000000000
528 11273 -1000000000
1882 14018 1000000000
9532 11305 -1000000000
7605 18865 1000000000
6818 19490 -1000000000
5027 18224 1000000000
4654 17345 -1000000000
7956 12843 1000000000
8884 10455 -1000000000
3654 13083 1000000000
1321 11920 -1000000000
6222 14731 1000000000
9965 16279 -1000000000
4189 17050 1000000000
9235 19694 -1000000000
7037 10963 1000000000
1396 17640 -1000000000
988 15194 1000000000
6663 11452 -1000000000
774 13601 1000000000
2230 13738 -1000000000
7063 10995 1000000000
5736 16032 -1000000000
5759 13261 1000000000
9888 19530 -1000000000
9046 19758 1000000000
1039 10944 -1000000000
5850 17913 1000000000
4426 14702 -1000000000
2406 19990 1000000000
4930 18640 -1000000000
8228 11128 1000000000
4627 18369 -1000000000
1423 17943 1000000000
3919 19542 -1000000000
9824 18719 1000000000
7536 13253 -1000000000
5755 11040 1000000000
1317 18419 -1000000000
4350 17244 1000000000
7966 17643 -1000000000
4314 13609 1000000000
9379 19651 -1000000000
1115 17353 1000000000
3776 17723 -1000000000
3622 13653 1000000000
5254 19026 -1000000000
451 16168 1000000000
7661 19358 -1000000000
2277 19821 1000000000
7372 12346 -1000000000
9692 17627 1000000000
4593 12401 -1000000000
5264 10444 1000000000
9550 19280 -1000000000
7204 19480 1000000000
1658 14659 -1000000000
4563 12176 1000000000
6563 16590 -1000000000
3712 17776 1000000000
7202 12767 -1000000000
3177 16111 1000000000
638 18870 -1000000000
5131 12410 1000000000
1250 15130 -1000000000
2791 16702 1000000000
9551 16173 -1000000000
3882 12239 1000000000
82 10257 -1000000000
2811 18449 1000000000
3807 17523 -1000000000
717 11575 1000000000
6786 18666 -1000000000
8850 14557 1000000000
4882 15198 -1000000000
4365 13902 1000000000
7430 16414 -1000000000
2844 11016 1000000000
4647 11595 -1000000000
1501 19829 1000000000
9381 12913 -1000000000
3443 17524 1000000000
2877 15657 -1000000000
977 15541 1000000000
5081 17547 -1000000000
7930 19691 1000000000
3542 12384 -1000000000
2950 11866 1000000000
5934 18001 -1000000000
5551 12516 1000000000
6573 15498 -1000000000
4026 14855 1000000000
2545 18585 -1000000000
8615 18596 1000000000
1335 14673 -1000000000
5969 15529 1000000000
8735 16942 -1000000000
412 19964 1000000000
4524 11805 -1000000000
768 19418 1000000000
9417 12853 -1000000000
7853 17613 1000000000
7325 15919 -1000000000
5228 16680 1000000000
4407 12666 -1000000000
4362 19826 1000000000
1448 16969 -1000000000
2187 15134 1000000000
709 19294 -1000000000
2606 12248 1000000000
8717 11677 -1000000000
3662 14744 1000000000
4367 14587 -1000000000
5351 19510 1000000000
2339 10069 -1000000000
5211 13665 1000000000
3553 10919 -1000000000
2797 14330 1000000000
3489 19377 -1000000000
8874 14111 1000000000
6398 11549 -1000000000
9938 17561 1000000000
7946 19858 -1000000000
5835 16032 1000000000
6563 19105 -1000000000
112 16989 1000000000
4746 16375 -1000000000
7701 10854 1000000000
484 16712 -1000000000
4578 17672 1000000000
3638 15049 -1000000000
2099 12302 1000000000
9758 15429 -1000000000
1717 11754 1000000000
3489 17581 -1000000000
9113 19178 1000000000
5723 14636 -1000000000
1523 15770 1000000000
2492 18246 -1000000000
4517 11586 1000000000
9179 15882 -1000000000
7081 14947 1000000000
9375 19323 -1000000000
1777 18590 1000000000
1067 18511 -1000000000
1704 14459 1000000000
1964 18583 -1000000000
1087 10226 1000000000
6434 15992 -1000000000
9103 10959 1000000000
213 14464 -1000000000
6099 14500 1000000000
9282 16756 -1000000000
890 15699 1000000000
3544 11044 -1000000000
2573 16492 1000000000
4379 17998 -1000000000
8078 12822 1000000000
2504 12159 -1000000000
3732 19436 1000000000
8934 12297 -1000000000
7283 17170 1000000000
6940 19697 -1000000000
788 17336 1000000000
2667 17181 -1000000000
9610 16444 1000000000
6857 14546 -1000000000
3413 15323 1000000000
2879 19248 -1000000000
944 18768 1000000000
264 18696 -1000000000
630 16124 1000000000
2815 18782 -1000000000
9423 19128 1000000000
998 19751 -1000000000
1417 12014 1000000000
8413 19459 -1000000000
704 11560 1000000000
9920 11303 -1000000000
9433 17511 1000000000
1180 14351 -1000000000
48 13183 1000000000
5018 17404 -1000000000
1076 13857 1000000000
966 15849 -1000000000
7897 10910 1000000000
3286 11206 -1000000000
5988 13587 1000000000
726 16729 -1000000000
2544 13254 1000000000
1149 15938 -1000000000
1521 14226 1000000000
1665 19055 -1000000000
3645 16783 1000000000
365 12678 -1000000000
4958 19229 1000000000
6387 15543 -1000000000
6568 10366 1000000000
4582 14877 -1000000000
2181 13537 1000000000
1648 15035 -1000000000
4436 15151 1000000000
8312 12814 -1000000000
638 13370 1000000000
4376 18158 -1000000000
1064 19569 1000000000
5047 16323 -1000000000
9783 10036 1000000000
7823 13642 -1000000000
8849 17168 1000000000
889 13852 -1000000000
4306 13923 1000000000
8276 13110 -1000000000
6495 11968 1000000000
3674 10125 -1000000000
1598 10826 1000000000
3711 10510 -1000000000
9882 10096 1000000000
2624 13214 -1000000000
1716 12819 1000000000
144 16814 -1000000000
4954 11458 1000000000
8872 18942 -1000000000
515 13215 1000000000
6970 17241 -1000000000
2153 16914 1000000000
2486 14774 -1000000000
3975 18138 1000000000
1821 10519 -1000000000
7781 17119 1000000000
8806 18395 -1000000000
3811 11733 1000000000
8573 14949 -1000000000
4888 13950 1000000000
2909 15949 -1000000000
4981 17153 1000000000
499 11107 -1000000000
628 18142 1000000000
9929 18962 -1000000000
4022 18136 1000000000
6660 19303 -1000000000
8195 11748 1000000000
8281 14223 -1000000000
1811 14597 1000000000
2580 15793 -1000000000
1101 15180 1000000000
1778 15123 -1000000000
9787 12347 1000000000
6461 12406 -1000000000
3350 16637 1000000000
5631 14949 -1000000000
3169 11969 1000000000
8723 12203 -1000000000
8144 15332 1000000000
9392 11624 -1000000000
3044 10250 1000000000
7441 10033 -1000000000
1042 11845 1000000000
8739 11516 -1000000000
755 12897 1000000000
1358 19542 -1000000000
6826 17708 1000000000
5788 19878 -1000000000
2491 17744 1000000000
958 10308 -1000000000
156 15825 1000000000
6594 14967 -1000000000
3103 16150 1000000000
3454 15092 -1000000000
7683 11370 1000000000
8926 18913 -1000000000
2378 11561 1000000000
419 14352 -1000000000
8905 11685 1000000000
2366 13515 -1000000000
8095 18948 1000000000
6998 10903 -1000000000
2532 12035 1000000000
3080 12047 -1000000000
7669 11930 1000000000
5148 18249 -1000000000
2614 18311 1000000000
4798 12453 -1000000000
8970 12765 1000000000
6195 10176 -1000000000
4975 18211 1000000000
9537 13585 -1000000000
1334 15814 1000000000
102 18115 -1000000000
7350 11053 1000000000
55 18827 -1000000000
260 17299 1000000000
3428 14603 -1000000000
6958 16854 1000000000
8063 11451 -1000000000
5666 16584 1000000000
2343 13989 -1000000000
9565 10657 1000000000
2446 17169 -1000000000
6687 12388 1000000000
1888 14449 -1000000000
1131 11548 1000000000
8626 16930 -1000000000
3627 11115 1000000000
1099 13776 -1000000000
9293 12016 1000000000
3935 15861 -1000000000
9543 19878 1000000000
4538 13186 -1000000000
752 15734 1000000000
1117 17670 -1000000000
1782 12189 1000000000
7191 17248 -1000000000
616 13626 1000000000
6048 12122 -1000000000
449 10917 1000000000
2602 16357 -1000000000
3873 18015 1000000000
9608 17330 -1000000000
3114 11400 1000000000
2584 18486 -1000000000
2538 15845 1000000000
5421 13857 -1000000000
2447 15195 1000000000
3033 13029 -1000000000
9836 13985 1000000000
6249 19088 -1000000000
3186 16351 1000000000
5839 18934 -1000000000
8427 16299 1000000000
2737 14011 -1000000000
1395 15391 1000000000
7958 13293 -1000000000
8312 10898 1000000000
8871 18716 -1000000000
3154 17523 1000000000
245 10017 -1000000000
7453 13106 1000000000
2832 10501 -1000000000
1644 15996 1000000000
5463 17475 -1000000000
8176 12402 1000000000
2676 18793 -1000000000
4227 11468 1000000000
4573 15805 -1000000000
1088 10637 1000000000
5823 17474 -1000000000
6405 17178 1000000000
1921 11219 -1000000000
4194 19545 1000000000
4422 19825 -1000000000
8714 18435 1000000000
419 15190 -1000000000
1473 12438 1000000000
176 11562 -1000000000
5681 19768 1000000000
4832 19375 -1000000000
1241 10074 1000000000
5050 13214 -1000000000
2579 13228 1000000000
7510 19935 -1000000000
7097 18841 1000000000
1775 16065 -1000000000
8773 16625 1000000000
3583 13426 -1000000000
7364 12368 1000000000
3157 17592 -1000000000
6945 16210 1000000000
870 13494 -1000000000
5273 18785 1000000000
5139 12137 -1000000000
2691 15781 1000000000
3821 18713 -1000000000
1807 18896 1000000000
9276 19099 -1000000000
146 14736 1000000000
437 13017 -1000000000
2082 17683 1000000000
894 13300 -1000000000
8459 14459 1000000000
9524 16668 -1000000000
6787 19074 1000000000
3342 14059 -1000000000
4248 16962 1000000000
6469 12413 -1000000000
5536 16784 1000000000
4082 10064 -1000000000
8222 10111 1000000000
7657 18114 -1000000000
8460 11026 1000000000
7504 10017 -1000000000
9545 14359 1000000000
9016 18023 -1000000000
1195 13646 1000000000
7075 14705 -1000000000
2751 12884 1000000000
6681 13413 -1000000000
3390 19163 1000000000
8816 16113 -1000000000
7822 16749 1000000000
5837 15808 -1000000000
2698 10043 1000000000
9022 11597 -1000000000
1502 19379 1000000000
593 13747 -1000000000
8175 14413 1000000000
7139 11359 -1000000000
4160 19991 1000000000
8487 18255 -1000000000
7852 15551 1000000000
4882 12721 -1000000000
639 12185 1000000000
6923 15440 -1000000000
7843 14680 1000000000
1658 14298 -1000000000
4760 17694 1000000000
2766 11029 -1000000000
1571 11252 1000000000
3730 15135 -1000000000
439 10212 1000000000
9742 19769 -1000000000
7265 17383 1000000000
9052 13370 -1000000000
910 14422 1000000000
6748 10073 -1000000000
7259 12868 1000000000
3176 14259 -1000000000
2786 19236 1000000000
8054 10888 -1000000000
4090 10534 1000000000
3591 10432 -1000000000
8174 16481 1000000000
1536 18926 -1000000000
3827 10699 1000000000
8033 15613 -1000000000
2815 10509 1000000000
9504 11873 -1000000000
4982 12897 1000000000
2297 18575 -1000000000
559 19586 1000000000
1321 12858 -1000000000
7472 10186 1000000000
3462 11828 -1000000000
1668 16166 1000000000
542 17884 -1000000000
2080 19976 1000000000
6419 17757 -1000000000
8350 17965 1000000000
1696 17719 -1000000000
2317 17532 1000000000
3975 17833 -1000000000
6112 15911 1000000000
6336 10058 -1000000000
9263 13842 1000000000
5986 17007 -1000000000
8938 11660 1000000000
3149 16863 -1000000000
1390 13485 1000000000
978 17433 -1000000000
2222 17097 1000000000
9119 11254 -1000000000
1131 13349 1000000000
4226 18492 -1000000000
4480 19743 1000000000
6180 18295 -1000000000
5726 15746 1000000000
1812 19423 -1000000000
1677 15868 1000000000
5655 10080 -1000000000
7369 13419 1000000000
244 13390 -1000000000
5979 15230 1000000000
2344 14434 -1000000000
930 10251 1000000000
3671 10734 -1000000000
3605 16172 1000000000
1713 14871 -1000000000
1822 16401 1000000000
7351 13557 -1000000000
4865 19099 1000000000
7934 14978 -1000000000
5822 19550 1000000000
7839 15111 -1000000000
6999 19899 1000000000
3803 11952 -1000000000
4205 19679 1000000000
9086 13277 -1000000000
2821 10335 1000000000
7574 16049 -1000000000
6915 18568 1000000000
7585 17711 -1000000000
5100 17976 1000000000
7101 17502 -1000000000
2372 16420 1000000000
9516 16491 -1000000000
7537 16542 1000000000
3415 14137 -1000000000
1090 12441 1000000000
8195 18499 -1000000000
962 13176 1000000000
3102 19447 -1000000000
3191 18539 1000000000
4260 17514 -1000000000
1978 11432 1000000000
4870 10218 -1000000000
5944 12474 1000000000
2136 19533 -1000000000
9667 16313 1000000000
9169 17795 -1000000000
5584 16161 1000000000
9494 15194 -1000000000
9196 12256 1000000000
3697 18448 -1000000000
13 17171 1000000000
2960 12938 -1000000000
7734 13800 1000000000
9221 14951 -1000000000
6791 18551 1000000000
9914 16550 -1000000000
607 18979 1000000000
5456 14882 -1000000000
627 12633 1000000000
5989 12459 -1000000000
2945 14894 1000000000
2678 11064 -1000000000
5077 14354 1000000000
4429 11930 -1000000000
2439 13962 1000000000
2972 19789 -1000000000
5254 11470 1000000000
9666 19955 -1000000000
6496 12918 1000000000
3830 16501 -1000000000
9373 18441 1000000000
2293 13695 -1000000000
3738 13399 1000000000
8753 18605 -1000000000
452 19868 1000000000
850 12597 -1000000000
4950 11498 1000000000
2514 18095 -1000000000
6225 15985 1000000000
111 14229 -1000000000
2437 12418 1000000000
7386 11374 -1000000000
1152 17844 1000000000
1955 13340 -1000000000
7157 12446 1000000000
6609 16909 -1000000000
9586 13283 1000000000
856 16316 -1000000000
499 13511 1000000000
2851 17314 -1000000000
2142 19768 1000000000
342 14672 -1000000000
1441 17312 1000000000
4993 17857 -1000000000
9587 13654 1000000000
8356 19363 -1000000000
6889 16129 1000000000
4070 12317 -1000000000
4676 18792 1000000000
6493 19859 -1000000000
2309 16983 1000000000
6562 19685 -1000000000
9431 16898 1000000000
4739 12102 -1000000000
707 10390 1000000000
6396 10007 -1000000000
330 19663 1000000000
6013 18163 -1000000000
4109 14225 1000000000
4966 14303 -1000000000
9017 12497 1000000000
6623 12776 -1000000000
2081 13159 1000000000
9009 11772 -1000000000
152 13206 1000000000
4231 17389 -1000000000
9199 17805 1000000000
5629 18997 -1000000000
3515 17025 1000000000
7387 11015 -1000000000
3655 17887 1000000000
9837 15718 -1000000000
1450 19804 1000000000
7466 18496 -1000000000
2641 13646 1000000000
1239 16209 -1000000000
9300 13847 1000000000
4778 18899 -1000000000
8357 13205 1000000000
1378 16689 -1000000000
3355 18855 1000000000
7127 15549 -1000000000
2889 12632 1000000000
7759 16660 -1000000000
477 15291 1000000000
8047 11190 -1000000000
4823 16430 1000000000
9107 19961 -1000000000
8211 10266 1000000000
8997 17794 -1000000000
4164 12289 1000000000
2064 15847 -1000000000
6337 11896 1000000000
7714 17647 -1000000000
5376 13161 1000000000
2204 15987 -1000000000
1650 13947 1000000000
1092 19909 -1000000000
7970 17171 1000000000
2795 18050 -1000000000
8845 13475 1000000000
6704 13431 -1000000000
5344 15113 1000000000
2357 13757 -1000000000
7351 19316 1000000000
575 19018 -1000000000
272 17977 1000000000
6248 18624 -1000000000
658 10684 1000000000
3893 11340 -1000000000
9914 12645 1000000000
320 19575 -1000000000
3250 10972 1000000000
2215 18268 -1000000000
6484 11413 1000000000
1794 17188 -1000000000
1816 11907 1000000000
4309 16006 -1000000000
1619 15838 1000000000
3882 17802 -1000000000
7889 15935 1000000000
4113 19919 -1000000000
5629 15622 1000000000
933 11269 -1000000000
9463 12718 1000000000
354 13708 -1000000000
1124 14718 1000000000
9876 17367 -1000000000
6327 18946 1000000000
3110 17862 -1000000000
7137 16920 1000000000
4502 19952 -1000000000
4529 11462 1000000000
6269 14017 -1000000000
4571 18960 1000000000
9857 12101 -1000000000
7511 18545 1000000000
6425 15188 -1000000000
2519 10959 1000000000
2224 19096 -1000000000
1969 16254 1000000000
9991 17063 -1000000000
8407 17724 1000000000
9992 11326 -1000000000
3708 13754 1000000000
1603 12090 -1000000000
4703 16809 1000000000
1257 15693 -1000000000
4954 13515 1000000000
9513 15761 -1000000000
4581 16217 1000000000
2456 16722 -1000000000
2698 18101 1000000000
6552 17344 -1000000000
6716 14785 1000000000
4561 14855 -1000000000
9683 16635 1000000000
2256 15726 -1000000000
7755 14023 1000000000
572 19153 -1000000000
3217 11285 1000000000
3622 18723 -1000000000
6621 16098 1000000000
2367 14618 -1000000000
3748 18603 1000000000
2207 13803 -1000000000
4712 10476 1000000000
9685 10707 -1000000000
7695 18240 1000000000
9749 15217 -1000000000
3338 14082 1000000000
5766 17160 -1000000000
829 16438 1000000000
7173 10260 -1000000000
9844 10531 1000000000
212 13781 -1000000000
2378 19845 1000000000
2486 16995 -1000000000
6286 13441 1000000000
598 17682 -1000000000
8467 15250 1000000000
4505 13753 -1000000000
5174 15351 1000000000
6217 11379 -1000000000
9873 10634 1000000000
5258 18203 -1000000000
954 12039 1000000000
4697 11701 -1000000000
5012 12550 1000000000
6536 13324 -1000000000
1007 10130 1000000000
9795 18598 -1000000000
2835 18538 1000000000
8746 15698 -1000000000
8904 15984 1000000000
7247 19400 -1000000000
5193 11788 1000000000
617 12462 -1000000000
332 14257 1000000000
2067 16504 -1000000000
2909 16261 1000000000
3660 19413 -1000000000
6932 13088 1000000000
5171 12914 -1000000000
7161 16954 1000000000
4302 10573 -1000000000
7270 12370 1000000000
6807 10737 -1000000000
1060 18042 1000000000
9213 17113 -1000000000
4385 18312 1000000000
1394 12881 -1000000000
9448 11748 1000000000
1708 14638 -1000000000
7925 18898 1000000000
4389 14199 -1000000000
9613 19181 1000000000
1563 17853 -1000000000
7292 14566 1000000000
8926 18100 -1000000000
5119 16231 1000000000
617 11296 -1000000000
3551 19938 1000000000
280 11580 -1000000000
2561 13762 1000000000
2386 14928 -1000000000
543 10243 1000000000
509 12683 -1000000000
8278 15100 1000000000
9737 15666 -1000000000
9267 18066 1000000000
2741 14528 -1000000000
1052 15907 1000000000
5157 18072 -1000000000
2805 15381 1000000000
4194 15174 -1000000000
2795 12423 1000000000
1009 14185 -1000000000
1235 12528 1000000000
7747 12770 -1000000000
5919 19377 1000000000
5554 12522 -1000000000
8097 11837 1000000000
4518 15686 -1000000000
155 16242 1000000000
8434 10265 -1000000000
6775 14702 1000000000
2583 15418 -1000000000
59 12795 1000000000
3418 18933 -1000000000
7093 13753 1000000000
3440 19634 -1000000000
2696 16622 1000000000
1592 17367 -1000000000
7300 19515 1000000000
6692 12569 -1000000000
5730 16553 1000000000
4355 18149 -1000000000
3124 10447 1000000000
5699 19898 -1000000000
9174 16032 1000000000
9115 10032 -1000000000
7017 16811 1000000000
2320 11106 -1000000000
8557 11942 1000000000
574 15048 -1000000000
4821 18289 1000000000
7282 11957 -1000000000
3255 13772 1000000000
4067 11392 -1000000000
2268 11066 1000000000
4296 13003 -1000000000
3395 10801 1000000000
2709 10818 -1000000000
3963 16325 1000000000
8615 16470 -1000000000
3594 10778 1000000000
6195 18699 -1000000000
9970 18447 1000000000
3578 16577 -1000000000
5399 15090 1000000000
2735 18764 -1000000000
5731 15659 1000000000
6872 11483 -1000000000
2120 11434 1000000000
635 10142 -1000000000
4635 16244 1000000000
5103 13631 -1000000000
621 13968 1000000000
1533 15598 -1000000000
3000 13454 1000000000
3661 18901 -1000000000
2837 17061 1000000000
2554 17632 -1000000000
1625 13729 1000000000
5472 17181 -1000000000
7666 14762 1000000000
9014 18958 -1000000000
7044 10792 1000000000
40 15745 -1000000000
3241 11128 1000000000
4991 15850 -1000000000
9461 18076 1000000000
8177 19121 -1000000000
1861 14017 1000000000
4929 13490 -1000000000
3034 12277 1000000000
4387 11876 -1000000000
8624 12029 1000000000
5658 14821 -1000000000
2502 11701 1000000000
5352 12412 -1000000000
8849 13021 1000000000
1811 14473 -1000000000
6225 15971 1000000000
4748 15962 -1000000000
8536 12555 1000000000
317 16739 -1000000000
2919 13817 1000000000
2373 15355 -1000000000
7635 13072 1000000000
7192 19976 -1000000000
8332 15176 1000000000
7629 16106 -1000000000
832 11462 1000000000
2141 19522 -1000000000
213 19430 1000000000
6677 18898 -1000000000
6715 18165 1000000000
1534 11641 -1000000000
3817 10067 1000000000
4991 13897 -1000000000
698 19357 1000000000
4596 19055 -1000000000
503 18014 1000000000
8614 13200 -1000000000
6732 19368 1000000000
6496 16747 -1000000000
5805 17701 1000000000
2318 18223 -1000000000
2503 15843 1000000000
8794 17358 -1000000000
9395 17800 1000000000
6066 10445 -1000000000
7018 12199 1000000000
798 17090 -1000000000
2341 14157 1000000000
2115 17762 -1000000000
4295 15545 1000000000
7194 13259 -1000000000
6538 15724 1000000000
6354 14670 -1000000000
7079 11409 1000000000
1777 13191 -1000000000
127 10332 1000000000
9965 14080 -1000000000
6514 13348 1000000000
382 14896 -1000000000
942 18204 1000000000
6099 19697 -1000000000
9107 11001 1000000000
2471 17678 -1000000000
2675 18072 1000000000
1944 16511 -1000000000
7538 16814 1000000000
7849 15940 -1000000000
4268 13463 1000000000
2083 13651 -1000000000
161 18650 1000000000
8122 15777 -1000000000
7131 16279 1000000000
1742 19141 -1000000000
3719 11787 1000000000
4650 12740 -1000000000
9211 17307 1000000000
5574 17662 -1000000000
1269 16687 1000000000
2068 10117 -1000000000
6443 11069 1000000000
8245 11368 -1000000000
1337 12687 1000000000
1870 18694 -1000000000
637 13401 1000000000
7462 10125 -1000000000
4713 12323 1000000000
4477 14779 -1000000000
3932 19095 1000000000
9465 15674 -1000000000
9728 17183 1000000000
6397 12293 -1000000000
9507 14733 1000000000
8876 15539 -1000000000
6050 13835 1000000000
696 19055 -1000000000
7957 17774 1000000000
3432 12476 -1000000000
9064 15918 1000000000
6124 15793 -1000000000
3790 17601 1000000000
6240 10918 -1000000000
7975 14634 1000000000
4845 10907 -1000000000
82 19926 1000000000
5704 13186 -1000000000
2272 12060 1000000000
1200 14480 -1000000000
8792 14315 1000000000
6884 11686 -1000000000
2250 12863 1000000000
36 19632 -1000000000
2569 15836 1000000000
2183 13122 -1000000000
3704 18778 1000000000
8195 10695 -1000000000
7936 19719 1000000000
1334 11666 -1000000000
1354 17333 1000000000
5782 18596 -1000000000
6373 19596 1000000000
5235 14450 -1000000000
7718 16916 1000000000
9362 13619 -1000000000
296 15284 1000000000
2501 10337 -1000000000
4869 12357 1000000000
151 16113 -1000000000
105 10736 1000000000
3284 10275 -1000000000
8785 11984 1000000000
2772 17396 -1000000000
2940 11019 1000000000
4818 18825 -1000000000
3972 16394 1000000000
6329 15279 -1000000000
1440 18208 1000000000
7654 14194 -1000000000
1 16620 1000000000
3857 14407 -1000000000
6606 12239 1000000000
5673 19137 -1000000000
7855 18825 1000000000
143 19380 -1000000000
576 16822 1000000000
1086 13503 -1000000000
9583 16897 1000000000
7921 14177 -1000000000
1834 11662 1000000000
3408 17399 -1000000000
8679 14996 1000000000
5627 15738 -1000000000
2575 17739 1000000000
6999 11693 -1000000000
1965 14730 1000000000
3003 19924 -1000000000
8169 10152 1000000000
6958 15236 -1000000000
8819 14576 1000000000
6836 16212 -1000000000
8165 16764 1000000000
1830 17063 -1000000000
3299 12591 1000000000
2007 15517 -1000000000
4015 12442 1000000000
4790 13213 -1000000000
4382 19433 1000000000
4404 14684 -1000000000
4462 18849 1000000000
3753 12627 -1000000000
2042 16577 1000000000
5822 16344 -1000000000
4016 12695 1000000000
2503 13490 -1000000000
5067 10751 1000000000
396 12272 -1000000000
5908 15463 1000000000
4609 12872 -1000000000
2272 13371 1000000000
9982 12026 -1000000000
8945 16561 1000000000
7363 19632 -1000000000
4060 10927 1000000000
9770 14544 -1000000000
136 18128 1000000000
8513 17691 -1000000000
3501 19919 1000000000
643 16549 -1000000000
4556 10025 1000000000
8002 11958 -1000000000
1536 11402 1000000000
3627 14471 -1000000000
9212 10849 1000000000
9661 11333 -1000000000
8010 14318 1000000000
1184 16152 -1000000000
6887 17962 1000000000
7650 11956 -1000000000
900 10929 1000000000
1289 16830 -1000000000
2520 13848 1000000000
4765 16074 -1000000000
2087 14276 1000000000
1198 12134 -1000000000
2887 17085 1000000000
1359 13334 -1000000000
8073 17409 1000000000
6146 10998 -1000000000
2838 16197 1000000000
4810 18960 -1000000000
5161 15607 1000000000
800 16801 -1000000000
7920 19008 1000000000
1935 15490 -1000000000
9905 12222 1000000000
8363 14927 -1000000000
6257 10193 1000000000
6842 11106 -1000000000
9118 13310 1000000000
2304 16260 -1000000000
3918 10767 1000000000
4016 16191 -1000000000
9430 12429 1000000000
9392 13550 -1000000000
9572 15008 1000000000
2715 14240 -1000000000
8295 10193 1000000000
6567 12574 -1000000000
8669 13877 1000000000
679 10812 -1000000000
7087 13093 1000000000
6323 13110 -1000000000
5457 13973 1000000000
8938 15390 -1000000000
9667 19355 1000000000
8379 14581 -1000000000
6616 19583 1000000000
8388 11467 -1000000000
4932 16689 1000000000
7335 12241 -1000000000
9354 12506 1000000000
8515 13817 -1000000000
7084 15639 1000000000
7291 10452 -1000000000
1273 16711 1000000000
85 12879 -1000000000
1404 15584 1000000000
5925 12312 -1000000000
9595 13176 1000000000
9265 14176 -1000000000
6504 14975 1000000000
2668 18234 -1000000000
4613 10686 1000000000
9083 15302 -1000000000
6696 12951 1000000000
2796 10247 -1000000000
6202 13356 1000000000
6615 18663 -1000000000
4491 12597 1000000000
632 17524 -1000000000
7935 12495 1000000000
4198 17885 -1000000000
3188 17210 1000000000
1722 19510 -1000000000
8131 17466 1000000000
5733 14875 -1000000000
9704 15890 1000000000
2464 10949 -1000000000
7625 12808 1000000000
3850 14837 -1000000000
3080 10483 1000000000
6489 18617 -1000000000
550 14752 1000000000
9948 11565 -1000000000
8592 11296 1000000000
8652 11823 -1000000000
1636 13557 1000000000
9233 16383 -1000000000
3700 12589 1000000000
4259 13900 -1000000000
9147 18838 1000000000
9961 13618 -1000000000
2274 19067 1000000000
3725 13486 -1000000000
2183 12055 1000000000
341 12011 -1000000000
7417 13729 1000000000
2973 19032 -1000000000
1354 17990 1000000000
7502 12372 -1000000000
6907 15574 1000000000
4729 17744 -1000000000
6088 17062 1000000000
6522 13386 -1000000000
3429 11284 1000000000
2665 11384 -1000000000
9983 11589 1000000000
1341 13546 -1000000000
6175 17636 1000000000
3017 16611 -1000000000
721 18782 1000000000
1769 19155 -1000000000
9227 17580 1000000000
7798 17132 -1000000000
7096 11278 1000000000
8580 11145 -1000000000
1393 17692 1000000000
5266 16493 -1000000000
889 11400 1000000000
8376 17882 -1000000000
8967 19676 1000000000
3318 13704 -1000000000
2314 19693 1000000000
5226 10493 -1000000000
2534 16728 1000000000
8661 12335 -1000000000
8292 17457 1000000000
2846 10586 -1000000000
2905 18018 1000000000
4431 13433 -1000000000
8334 19257 1000000000
7117 12782 -1000000000
926 13781 1000000000
635 15083 -1000000000
397 18693 1000000000
6890 14279 -1000000000
9652 17424 1000000000
3389 10005 -1000000000
2007 18433 1000000000
1614 15403 -1000000000
4560 13394 1000000000
8729 13448 -1000000000
8998 19795 1000000000
5048 18670 -1000000000
6494 10297 1000000000
1046 17835 -1000000000
1251 12587 1000000000
886 10318 -1000000000
9536 18343 1000000000
3760 17701 -1000000000
9290 18180 1000000000
2849 18914 -1000000000
8420 12160 1000000000
7749 18798 -1000000000
7086 17251 1000000000
2187 12067 -1000000000
9906 16309 1000000000
19 10329 -1000000000
1732 11018 1000000000
1592 11931 -1000000000
4047 10579 1000000000
6555 11238 -1000000000
1218 17736 1000000000
339 18643 -1000000000
8597 15862 1000000000
8946 18515 -1000000000
6535 16580 1000000000
5396 11823 -1000000000
8898 15069 1000000000
7877 11268 -1000000000
43 13274 1000000000
7090 14568 -1000000000
7943 16668 1000000000
8864 11821 -1000000000
5497 10401 1000000000
2341 10192 -1000000000
1931 19378 1000000000
3390 14286 -1000000000
5739 10645 1000000000
3468 17383 -1000000000
9555 12255 1000000000
4637 13473 -1000000000
8935 17505 1000000000
9683 11915 -1000000000
9095 16113 1000000000
9461 15052 -1000000000
8676 17783 1000000000
460 12890 -1000000000
6939 10582 1000000000
799 10319 -1000000000
6003 13878 1000000000
5741 19101 -1000000000
5625 12076 1000000000
6101 16111 -1000000000
3339 10840 1000000000
3705 13884 -1000000000
4216 11344 1000000000
7359 10338 -1000000000
9454 18709 1000000000
4643 16166 -1000000000
6185 18210 1000000000
3366 14006 -1000000000
1669 18200 1000000000
9870 11321 -1000000000
2258 16186 1000000000
3559 10107 -1000000000
318 12294 1000000000
9552 13858 -1000000000
1246 15379 1000000000
6428 10041 -1000000000
7611 11481 1000000000
6639 19520 -1000000000
9544 15713 1000000000
4419 17222 -1000000000
353 18750 1000000000
2527 18520 -1000000000
3391 11467 1000000000
729 13870 -1000000000
2815 10462 1000000000
8546 12169 -1000000000
9552 14397 1000000000
3169 16438 -1000000000
6639 13895 1000000000
4768 14316 -1000000000
1932 15781 1000000000
8880 13031 -1000000000
3096 18351 1000000000
1231 17327 -1000000000
3016 11099 1000000000
7700 17060 -1000000000
4435 18105 1000000000
721 12580 -1000000000
7066 15531 1000000000
204 10399 -1000000000
5478 12956 1000000000
339 10959 -1000000000
3446 14090 1000000000
6242 19768 -1000000000
565 13752 1000000000
1327 13569 -1000000000
4723 10334 1000000000
3082 13376 -1000000000
4756 17073 1000000000
4471 13374 -1000000000
9997 12533 1000000000
9088 11257 -1000000000
7660 17944 1000000000
3334 12630 -1000000000
5596 18687 1000000000
9451 17123 -1000000000
6244 11072 1000000000
7190 10758 -1000000000
3047 10474 1000000000
7285 17439 -1000000000
5951 11367 1000000000
2591 11529 -1000000000
6899 18597 1000000000
5342 18221 -1000000000
7634 17630 1000000000
6682 17547 -1000000000
2410 12924 1000000000
4972 15804 -1000000000
5915 17125 1000000000
8404 12928 -1000000000
5949 16131 1000000000
7544 15260 -1000000000
3603 14835 1000000000
5 11044 -1000000000
5618 18688 1000000000
4202 18660 -1000000000
4948 13629 1000000000
7861 16899 -1000000000
428 17643 1000000000
3523 11047 -1000000000
1370 16844 1000000000
7397 19190 -1000000000
2443 18285 1000000000
6213 19451 -1000000000
822 17189 1000000000
5644 16090 -1000000000
1031 17405 1000000000
5716 19795 -1000000000
5404 13125 1000000000
6115 12976 -1000000000
4361 13234 1000000000
3166 13183 -1000000000
545 12515 1000000000
183 18364 -1000000000
4207 18507 1000000000
6473 13665 -1000000000
4080 14843 1000000000
5349 11194 -1000000000
8359 11408 1000000000
71 15268 -1000000000
5785 11232 1000000000
7950 18826 -1000000000
4687 15539 1000000000
8047 18305 -1000000000
3187 14206 1000000000
6118 16754 -1000000000
799 14959 1000000000
9257 18303 -1000000000
8313 16061 1000000000
8647 12083 -1000000000
6753 16326 1000000000
3442 13353 -1000000000
8676 14399 1000000000
7492 19516 -1000000000
31 14656 1000000000
3869 19764 -1000000000
2270 18800 1000000000
5285 18329 -1000000000
712 13148 1000000000
6737 19249 -1000000000
6367 11424 1000000000
6680 17035 -1000000000
6044 12167 1000000000
7479 11939 -1000000000
1143 12013 1000000000
8802 17144 -1000000000
5224 10690 1000000000
4210 19736 -1000000000
2105 15317 1000000000
4905 16287 -1000000000
8465 14882 1000000000
6046 12443 -1000000000
9437 13383 1000000000
9220 18225 -1000000000
2874 19248 1000000000
1136 13779 -1000000000
822 11661 1000000000
5235 11671 -1000000000
8226 15131 1000000000
1183 15735 -1000000000
2720 14323 1000000000
3067 18923 -1000000000
8927 10403 1000000000
9043 16258 -1000000000
824 13311 1000000000
8829 13178 -1000000000
594 16832 1000000000
4847 14772 -1000000000
7440 12367 1000000000
634 18025 -1000000000
5670 15706 1000000000
2486 10350 -1000000000
2358 11559 1000000000
9273 11220 -1000000000
573 11082 1000000000
3807 14558 -1000000000
8594 18509 1000000000
8970 17968 -1000000000
367 18003 1000000000
3098 11292 -1000000000
7373 17089 1000000000
7188 18424 -1000000000
6179 16377 1000000000
432 16919 -1000000000
8045 13058 1000000000
8788 15645 -1000000000
7740 12045 1000000000
8368 12104 -1000000000
3876 12862 1000000000
1585 16253 -1000000000
2992 15271 1000000000
5787 14877 -1000000000
4314 10401 1000000000
3181 13069 -1000000000
330 11132 1000000000
8434 19283 -1000000000
211 19552 1000000000
8038 13937 -1000000000
9560 16206 1000000000
7670 12231 -1000000000
4987 15404 1000000000
8959 17418 -1000000000
5429 12163 1000000000
929 10517 -1000000000
4279 15520 1000000000
1769 13725 -1000000000
5895 11311 1000000000
5390 16723 -1000000000
655 12995 1000000000
8260 10245 -1000000000
9375 19639 1000000000
2935 18848 -1000000000
9607 15758 1000000000
6514 19332 -1000000000
2746 18641 1000000000
8151 17429 -1000000000
39 19584 1000000000
1482 15556 -1000000000
4757 18767 1000000000
4104 10635 -1000000000
2690 14701 1000000000
6401 15352 -1000000000
6679 16000 1000000000
8842 11238 -1000000000
5760 19327 1000000000
9264 16069 -1000000000
8439 16691 1000000000
9532 10774 -1000000000
4943 19449 1000000000
4046 13665 -1000000000
9243 19335 1000000000
4060 11043 -1000000000
5073 19590 1000000000
2252 11267 -1000000000
626 14880 1000000000
7844 10332 -1000000000
443 11081 1000000000
7374 12850 -1000000000
5734 16329 1000000000
5485 15804 -1000000000
7387 11137 1000000000
6043 13137 -1000000000
2641 16961 1000000000
8682 18315 -1000000000
621 11481 1000000000
1246 11318 -1000000000
4382 14244 1000000000
1560 13563 -1000000000
2267 16706 1000000000
2488 11657 -1000000000
2641 18742 1000000000
3587 12200 -1000000000
4133 14799 1000000000
5741 18547 -1000000000
3132 18526 1000000000
6698 12343 -1000000000
9418 14265 1000000000
7241 16816 -1000000000
7185 10357 1000000000
5952 17017 -1000000000
4704 12851 1000000000
8499 11469 -1000000000
8036 10952 1000000000
9880 11694 -1000000000
9996 17150 1000000000
1981 16878 -1000000000
6922 17491 1000000000
4897 13454 -1000000000
8640 15146 1000000000
5832 19889 -1000000000
569 19526 1000000000
912 12370 -1000000000
8522 12310 1000000000
3811 14948 -1000000000
1941 17400 1000000000
4632 11680 -1000000000
5430 18019 1000000000
9684 13804 -1000000000
6296 11757 1000000000
6884 12902 -1000000000
1238 18599 1000000000
7370 10540 -1000000000
4615 14112 1000000000
1841 16962 -1000000000
8373 12649 1000000000
8610 14279 -1000000000
3018 13566 1000000000
2234 16058 -1000000000
5436 14469 1000000000
2681 14826 -1000000000
627 10060 1000000000
3422 15525 -1000000000
1462 11876 1000000000
1411 17690 -1000000000
310 10413 1000000000
1890 17995 -1000000000
7979 12994 1000000000
7169 11351 -1000000000
6577 14024 1000000000
6001 19334 -1000000000
6880 12418 1000000000
67 17975 -1000000000
6758 12233 1000000000
3479 12759 -1000000000
6944 10642 1000000000
6400 11283 -1000000000
8185 16536 1000000000
878 18408 -1000000000
9389 16139 1000000000
9128 12170 -1000000000
7056 12034 1000000000
8786 12387 -1000000000
6281 15159 1000000000
5777 12076 -1000000000
1486 15737 1000000000
9752 19244 -1000000000
462 18841 1000000000
183 12291 -1000000000
3251 12310 1000000000
95 15741 -1000000000
8245 12636 1000000000
5894 14743 -1000000000
9272 18598 1000000000
3583 11761 -1000000000
8198 14119 1000000000
5934 11316 -1000000000
7441 10386 1000000000
4508 17686 -1000000000
2662 11218 1000000000
1988 17898 -1000000000
8466 13885 1000000000
3225 10504 -1000000000
4140 13723 1000000000
5581 12520 -1000000000
7176 18161 1000000000
3457 13636 -1000000000
7191 14394 1000000000
4574 11525 -1000000000
1620 18050 1000000000
278 16658 -1000000000
7535 15541 1000000000
6691 11923 -1000000000
4023 13577 1000000000
7983 14910 -1000000000
3651 15993 1000000000
5307 13661 -1000000000
7170 17643 1000000000
8236 16518 -1000000000
8617 16300 1000000000
8483 12588 -1000000000
1239 17041 1000000000
4151 16410 -1000000000
7679 12909 1000000000
6916 16298 -1000000000
4686 13731 1000000000
1157 12433 -1000000000
8747 10319 1000000000
4164 19053 -1000000000
7831 17253 1000000000
8433 14733 -1000000000
9887 15067 1000000000
1058 17950 -1000000000
9234 13023 1000000000
4924 16377 -1000000000
7700 14196 1000000000
4145 14659 -1000000000
1698 16627 1000000000
1515 15060 -1000000000
4008 13736 1000000000
1275 11156 -1000000000
7462 19253 1000000000
9405 16390 -1000000000
8810 10505 1000000000
7371 12048 -1000000000
5606 18784 1000000000
3714 10779 -1000000000
4910 12558 1000000000
9624 12910 -1000000000
1821 10177 1000000000
7429 16674 -1000000000
4350 17597 1000000000
1200 11960 -1000000000
1364 19038 1000000000
9780 18643 -1000000000
336 15244 1000000000
3538 10907 -1000000000
1687 18645 1000000000
5549 14725 -1000000000
502 15182 1000000000
137 10572 -1000000000
7203 18861 1000000000
9642 10895 -1000000000
9600 14183 1000000000
1386 18365 -1000000000
1218 18440 1000000000
7373 19036 -1000000000
7107 17130 1000000000
8255 11251 -1000000000
8857 12505 1000000000
6404 15514 -1000000000
490 12421 1000000000
1325 18383 -1000000000
2439 19357 1000000000
5457 19949 -1000000000
4959 11831 1000000000
4234 17600 -1000000000
2781 13959 1000000000
7819 17292 -1000000000
801 12693 1000000000
9212 19493 -1000000000
4372 16968 1000000000
2838 17004 -1000000000
4982 15321 1000000000
8171 12758 -1000000000
1764 10311 1000000000
5333 18636 -1000000000
1976 14345 1000000000
1865 16933 -1000000000
7589 19426 1000000000
3591 18297 -1000000000
4541 17596 1000000000
6285 11529 -1000000000
535 19330 1000000000
3850 10352 -1000000000
8400 13944 1000000000
6473 11508 -1000000000
5434 13203 1000000000
8472 18150 -1000000000
1495 19313 1000000000
7742 11003 -1000000000
2723 16905 1000000000
9402 18132 -1000000000
1161 15180 1000000000
14 18938 -1000000000
8415 14906 1000000000
5002 13235 -1000000000
8808 12163 1000000000
4043 10914 -1000000000
9053 10239 1000000000
3683 16056 -1000000000
3408 18231 1000000000
2122 11483 -1000000000
3806 12730 1000000000
1100 15060 -1000000000
2457 10386 1000000000
1346 10488 -1000000000
2915 17587 1000000000
7219 10279 -1000000000
1220 16125 1000000000
9680 18288 -1000000000
5510 12733 1000000000
3103 13527 -1000000000
1844 13569 1000000000
9846 15906 -1000000000
7904 19767 1000000000
3575 14933 -1000000000
1157 15399 1000000000
8619 18740 -1000000000
5148 13837 1000000000
9769 12265 -1000000000
6778 13257 1000000000
2782 15149 -1000000000
9318 10624 1000000000
7365 16511 -1000000000
3223 16142 1000000000
1713 11852 -1000000000
9311 15704 1000000000
7587 13815 -1000000000
7750 18076 1000000000
5875 15161 -1000000000
6634 12594 1000000000
1964 15343 -1000000000
5499 17939 1000000000
6198 18751 -1000000000
5131 15414 1000000000
6260 12960 -1000000000
6545 10470 1000000000
812 19378 -1000000000
8718 11929 1000000000
6179 15654 -1000000000
774 16141 1000000000
7104 14122 -1000000000
8470 11323 1000000000
4612 18937 -1000000000
8161 10420 1000000000
2320 13305 -1000000000
8133 15479 1000000000
4299 15571 -1000000000
2484 11087 1000000000
9787 14304 -1000000000
9368 15629 1000000000
5103 19808 -1000000000
7211 17180 1000000000
290 14551 -1000000000
9580 12553 1000000000
6069 18228 -1000000000
4941 18342 1000000000
9597 10309 -1000000000
3861 15554 1000000000
69 13163 -1000000000
7345 16072 1000000000
6073 13870 -1000000000
1459 16935 1000000000
5756 13811 -1000000000
7904 12989 1000000000
9651 11316 -1000000000
373 18228 1000000000
5823 18519 -1000000000
4330 12932 1000000000
4346 14658 -1000000000
7893 14702 1000000000
1670 11585 -1000000000
5516 11787 1000000000
3497 14238 -1000000000
6662 10950 1000000000
3278 18625 -1000000000
7504 16968 1000000000
6068 10074 -1000000000
1044 16132 1000000000
4963 10494 -1000000000
1438 12539 1000000000
7664 16370 -1000000000
7262 12278 1000000000
3407 10131 -1000000000
9315 17765 1000000000
5726 14415 -1000000000
1180 14179 1000000000
5612 16870 -1000000000
3896 15780 1000000000
4712 18158 -1000000000
4424 17582 1000000000
2808 14384 -1000000000
6786 15432 1000000000
9138 10097 -1000000000
3030 15831 1000000000
3645 18625 -1000000000
5846 18979 1000000000
3261 17431 -1000000000
7186 17958 1000000000
2600 12123 -1000000000
9646 18718 1000000000
922 11914 -1000000000
2191 14217 1000000000
3726 18250 -1000000000
7732 18417 1000000000
1314 10020 -1000000000
180 14531 1000000000
4683 11536 -1000000000
1856 14148 1000000000
4147 13500 -1000000000
9279 10340 1000000000
9352 15099 -1000000000
497 14490 1000000000
1242 16455 -1000000000
390 17534 1000000000
6150 11152 -1000000000
6449 15523 1000000000
8917 14074 -1000000000
27 17615 1000000000
6225 13182 -1000000000
4609 18442 1000000000
4978 14630 -1000000000
472 12404 1000000000
7144 19616 -1000000000
9309 19140 1000000000
1733 19035 -1000000000
6435 12948 1000000000
6378 12402 -1000000000
9571 17033 1000000000
4056 13690 -1000000000
4144 17097 1000000000
5771 13050 -1000000000
1034 18149 1000000000
4973 13532 -1000000000
6101 19371 1000000000
7835 16993 -1000000000
3263 10653 1000000000
3111 18485 -1000000000
1556 15241 1000000000
7478 18458 -1000000000
280 19239 1000000000
7098 18476 -1000000000
5314 13535 1000000000
3500 19534 -1000000000
9106 18770 1000000000
1127 14842 -1000000000
9547 13051 1000000000
2318 18324 -1000000000
8796 10876 1000000000
1635 11853 -1000000000
2006 19689 1000000000
8708 11257 -1000000000
1211 19189 1000000000
1650 16576 -1000000000
3134 11163 1000000000
9285 19045 -1000000000
64 18933 1000000000
149 14320 -1000000000
5132 17646 1000000000
4225 10150 -1000000000
9539 13878 1000000000
1379 18805 -1000000000
3363 12583 1000000000
2231 14704 -1000000000
5516 17668 1000000000
1264 17920 -1000000000
7274 13163 1000000000
6806 15420 -1000000000
841 19181 1000000000
9112 13039 -1000000000
8132 11552 1000000000
578 15060 -1000000000
2652 11669 1000000000
1822 10204 -1000000000
94 10525 1000000000
1472 19182 -1000000000
8248 11985 1000000000
2819 10410 -1000000000
3931 16782 1000000000
8482 10629 -1000000000
3779 18076 1000000000
8000 14517 -1000000000
320 10598 1000000000
6075 10587 -1000000000
3269 10738 1000000000
1826 14591 -1000000000
9801 13269 1000000000
1265 17838 -1000000000
7152 13254 1000000000
1870 14263 -1000000000
7979 13947 1000000000
3404 12098 -1000000000
378 11388 1000000000
6403 15810 -1000000000
7421 17321 1000000000
6917 17591 -1000000000
7122 18156 1000000000
9853 10388 -1000000000
4526 12223 1000000000
282 13180 -1000000000
5652 10079 1000000000
1737 14219 -1000000000
7149 19625 1000000000
7856 17675 -1000000000
4032 14287 1000000000
3929 15493 -1000000000
5382 17864 1000000000
1346 10109 -1000000000
6943 12680 1000000000
4595 15929 -1000000000
7576 17885 1000000000
7783 18220 -1000000000
4924 18351 1000000000
6065 16689 -1000000000
1391 10697 1000000000
3197 18998 -1000000000
2908 19075 1000000000
6580 15388 -1000000000
5204 13812 1000000000
157 17099 -1000000000
6054 18976 1000000000
3864 11327 -1000000000
3891 15669 1000000000
5640 12785 -1000000000
1003 10716 1000000000
7792 13498 -1000000000
6690 15715 1000000000
329 15914 -1000000000
8974 15015 1000000000
1034 15623 -1000000000
4212 16753 1000000000
4980 16720 -1000000000
4708 16227 1000000000
6589 11257 -1000000000
264 19237 1000000000
9949 15479 -1000000000
3219 19279 1000000000
7180 17201 -1000000000
6862 15294 1000000000
7348 12660 -1000000000
5830 12791 1000000000
1845 17143 -1000000000
2130 10650 1000000000
1661 14769 -1000000000
6581 11388 1000000000
6966 16117 -1000000000
3212 13261 1000000000
3246 13401 -1000000000
4181 11286 1000000000
106 11413 -1000000000
1059 12927 1000000000
8488 10192 -1000000000
6638 17184 1000000000
3069 15989 -1000000000
2161 11774 1000000000
5494 19020 -1000000000
3136 18203 1000000000
702 18673 -1000000000
790 11370 1000000000
5272 14328 -1000000000
5347 18195 1000000000
4761 14216 -1000000000
8637 12303 1000000000
9821 13498 -1000000000
5490 16333 1000000000
8390 13633 -1000000000
7602 13336 1000000000
5699 19142 -1000000000
1416 10552 1000000000
4905 16609 -1000000000
4082 18409 1000000000
6061 10219 -1000000000
3583 13094 1000000000
1676 17501 -1000000000
2249 16605 1000000000
5601 19492 -1000000000
684 11184 1000000000
4871 13994 -1000000000
3806 13973 1000000000
5369 11377 -1000000000
750 12984 1000000000
9669 14599 -1000000000
4900 11367 1000000000
1263 17409 -1000000000
3407 10791 1000000000
8203 16137 -1000000000
8607 10136 1000000000
7405 10179 -1000000000
223 18475 1000000000
6324 17793 -1000000000
2313 11940 1000000000
8687 13043 -1000000000
4324 18312 1000000000
6084 19291 -1000000000
6685 17055 1000000000
5982 11852 -1000000000
5556 15914 1000000000
1310 18800 -1000000000
2442 18849 1000000000
3877 18201 -1000000000
3720 11000 1000000000
6582 12722 -1000000000
8892 18884 1000000000
7724 14010 -1000000000
4192 18121 1000000000
5383 12657 -1000000000
6025 18407 1000000000
9724 12919 -1000000000
3277 19819 1000000000
3592 10294 -1000000000
4994 14273 1000000000
4158 12229 -1000000000
492 14686 1000000000
8091 19762 -1000000000
4712 14305 1000000000
4961 18543 -1000000000
9440 18939 1000000000
6290 19541 -1000000000
2191 12156 1000000000
5566 11066 -1000000000
3150 14583 1000000000
7590 10468 -1000000000
6455 10113 1000000000
6143 18200 -1000000000
8539 12851 1000000000
423 19687 -1000000000
825 17974 1000000000
4387 16331 -1000000000
1089 18072 1000000000
9665 16081 -1000000000
523 11869 1000000000
960 12487 -1000000000
6501 14090 1000000000
495 18625 -1000000000
4344 13751 1000000000
5838 18318 -1000000000
1315 18894 1000000000
5062 12371 -1000000000
8083 18889 1000000000
1294 13259 -1000000000
6581 18127 1000000000
3810 18278 -1000000000
3295 13900 1000000000
5459 14883 -1000000000
1236 11244 1000000000
2615 11448 -1000000000
9980 11639 1000000000
4595 11659 -1000000000
2733 14733 1000000000
5913 14972 -1000000000
7221 17875 1000000000
1601 15348 -1000000000
6575 18720 1000000000
1588 19806 -1000000000
3961 14492 1000000000
9094 12023 -1000000000
8098 19189 1000000000
4584 19793 -1000000000
7172 15447 1000000000
3868 19808 -1000000000
8342 15312 1000000000
8731 13200 -1000000000
1841 11309 1000000000
4984 12230 -1000000000
1997 16107 1000000000
9613 10516 -1000000000
3335 13353 1000000000
3925 19861 -1000000000
2535 11669 1000000000
5369 17180 -1000000000
7419 12251 1000000000
7443 18435 -1000000000
2667 11549 1000000000
7948 11973 -1000000000
1682 15391 1000000000
4658 13797 -1000000000
167 16969 1000000000
7418 10372 -1000000000
8036 11967 1000000000
3451 10587 -1000000000
792 10798 1000000000
4376 12798 -1000000000
6780 13972 1000000000
3124 15275 -1000000000
3844 10410 1000000000
6610 16572 -1000000000
2840 16293 1000000000
4320 18236 -1000000000
2841 13399 1000000000
5975 16563 -1000000000
5330 16267 1000000000
6786 14663 -1000000000
7904 11561 1000000000
2190 11039 -1000000000
9964 15214 1000000000
7128 10226 -1000000000
2216 14733 1000000000
8417 19332 -1000000000
5131 10601 1000000000
8030 11544 -1000000000
8553 11701 1000000000
3195 13800 -1000000000
1667 16842 1000000000
3902 10496 -1000000000
403 10548 1000000000
6816 11418 -1000000000
4202 17014 1000000000
5863 14960 -1000000000
8489 16839 1000000000
4190 10557 -1000000000
5327 18987 1000000000
9360 12508 -1000000000
3952 15718 1000000000
7391 13316 -1000000000
6461 17160 1000000000
6790 13853 -1000000000
3396 14162 1000000000
4297 19988 -1000000000
6293 13476 1000000000
7969 10841 -1000000000
5242 13479 1000000000
9670 18566 -1000000000
8003 11914 1000000000
5577 17902 -1000000000
2700 19166 1000000000
2960 10134 -1000000000
3971 10164 1000000000
6769 14169 -1000000000
1779 14484 1000000000
8912 16708 -1000000000
7130 17899 1000000000
8702 14327 -1000000000
5203 16066 1000000000
8887 18975 -1000000000
7236 18152 1000000000
4498 17569 -1000000000
5195 14524 1000000000
7591 15577 -1000000000
8388 13158 1000000000
4135 12293 -1000000000
4291 10847 1000000000
4827 19211 -1000000000
1467 19364 1000000000
480 16018 -1000000000
8824 19012 1000000000
5407 18653 -1000000000
8516 16360 1000000000
1966 15315 -1000000000
8581 12021 1000000000
9537 10011 -1000000000
4779 10035 1000000000
7251 12987 -1000000000
5376 19054 1000000000
2519 18138 -1000000000
1235 13505 1000000000
5124 19847 -1000000000
9218 18567 1000000000
4953 15522 -1000000000
6201 18154 1000000000
4598 11053 -1000000000
8624 19243 1000000000
1053 10485 -1000000000
8238 16793 1000000000
3670 19754 -1000000000
5667 13775 1000000000
2367 18571 -1000000000
7787 10975 1000000000
6494 14694 -1000000000
3171 15952 1000000000
2798 11982 -1000000000
7768 17445 1000000000
8201 13880 -1000000000
7899 13251 1000000000
4912 12771 -1000000000
7248 19211 1000000000
4575 15682 -1000000000
4076 14129 1000000000
9368 17328 -1000000000
1069 14036 1000000000
9436 12466 -1000000000
6814 14393 1000000000
9504 12536 -1000000000
8528 11802 1000000000
7194 16628 -1000000000
9154 18212 1000000000
773 17037 -1000000000
5411 14057 1000000000
9120 17056 -1000000000
5222 18259 1000000000
163 10217 -1000000000
2915 12087 1000000000
3864 19423 -1000000000
6834 10769 1000000000
152 13702 -1000000000
8572 12496 1000000000
2115 19793 -1000000000
4331 19271 1000000000
7963 12102 -1000000000
5755 12244 1000000000
4319 19352 -1000000000
8005 10274 1000000000
9092 18299 -1000000000
2384 12458 1000000000
4136 16909 -1000000000
686 10919 1000000000
8581 19764 -1000000000
3630 17591 1000000000
964 17365 -1000000000
5447 15862 1000000000
654 10509 -1000000000
2312 12166 1000000000
8961 13908 -1000000000
7531 12183 1000000000
7833 18004 -1000000000
1930 12642 1000000000
687 17867 -1000000000
8526 11623 1000000000
8675 12975 -1000000000
7363 17763 1000000000
9548 15598 -1000000000
6686 10744 1000000000
227 12004 -1000000000
9247 14301 1000000000
7759 17030 -1000000000
5422 10154 1000000000
1821 12156 -1000000000
6057 12598 1000000000
2074 14136 -1000000000
8833 15185 1000000000
9837 12239 -1000000000
2920 13294 1000000000
2994 12120 -1000000000
5713 18720 1000000000
9282 12923 -1000000000
6541 10546 1000000000
2027 13820 -1000000000
8724 16843 1000000000
9690 10628 -1000000000
9786 11662 1000000000
8044 14891 -1000000000
5220 13440 1000000000
4706 17735 -1000000000
9509 16449 1000000000
9884 11948 -1000000000
3755 15125 1000000000
3619 17455 -1000000000
917 17592 1000000000
1595 14655 -1000000000
7937 17395 1000000000
8033 13450 -1000000000
8855 19970 1000000000
8321 14864 -1000000000
8561 19209 1000000000
4573 10376 -1000000000
7152 17836 1000000000
253 12406 -1000000000
38 15247 1000000000
2254 13899 -1000000000
1932 17877 1000000000
3764 10649 -1000000000
8553 18408 1000000000
1021 10498 -1000000000
2393 19379 1000000000
859 10890 -1000000000
9727 13266 1000000000
9097 14253 -1000000000
5757 11611 1000000000
3051 18010 -1000000000
7591 13691 1000000000
9 10954 -1000000000
7183 17904 1000000000
9441 16373 -1000000000
1554 18845 1000000000
789 18553 -1000000000
8989 17463 1000000000
7868 16985 -1000000000
3699 11071 1000000000
4222 19794 -1000000000
2291 10970 1000000000
5488 16470 -1000000000
8919 11967 1000000000
8713 17548 -1000000000
3079 16428 1000000000
3790 14727 -1000000000
3295 19578 1000000000
5464 15766 -1000000000
5656 17007 1000000000
2058 18026 -1000000000
1739 18003 1000000000
3468 18437 -1000000000
158 10885 1000000000
4827 10972 -1000000000
9748 11113 1000000000
3752 19927 -1000000000
7596 11215 1000000000
7750 10345 -1000000000
520 16814 1000000000
3979 14347 -1000000000
4248 11781 1000000000
3088 19601 -1000000000
2430 11647 1000000000
813 17826 -1000000000
1586 11923 1000000000
5995 18021 -1000000000
620 18009 1000000000
3927 15177 -1000000000
9948 14445 1000000000
9014 14425 -1000000000
559 16291 1000000000
4403 11960 -1000000000
8819 17350 1000000000
9037 14117 -1000000000
6869 15912 1000000000
7096 15473 -1000000000
2435 14835 1000000000
3746 14961 -1000000000
3302 18497 1000000000
16 10654 -1000000000
9825 18046 1000000000
7579 11894 -1000000000
4337 12297 1000000000
3121 12888 -1000000000
3492 17563 1000000000
8350 16053 -1000000000
3911 13966 1000000000
1561 15626 -1000000000
9025 15249 1000000000
3677 17930 -1000000000
9538 16862 1000000000
9017 15370 -1000000000
5960 18495 1000000000
8994 19984 -1000000000
4540 10659 1000000000
9578 16257 -1000000000
4462 16614 1000000000
3899 14175 -1000000000
5557 17787 1000000000
1592 15703 -1000000000
2700 19431 1000000000
4 12037 -1000000000
8033 15524 1000000000
8140 19623 -1000000000
2125 15048 1000000000
414 19045 -1000000000
5884 15201 1000000000
7409 14408 -1000000000
3159 16921 1000000000
3744 15771 -1000000000
9010 12156 1000000000
6199 14611 -1000000000
7487 11091 1000000000
7761 12254 -1000000000
9921 16472 1000000000
3291 19678 -1000000000
1441 17037 1000000000
7405 15164 -1000000000
1764 17088 1000000000
3617 16779 -1000000000
9186 12069 1000000000
9804 17813 -1000000000
2700 14146 1000000000
9227 10135 -1000000000
3856 15135 1000000000
9861 14842 -1000000000
4547 18805 1000000000
3609 12097 -1000000000
9882 13936 1000000000
6690 15769 -1000000000
2602 16075 1000000000
851 13037 -1000000000
4393 19795 1000000000
1385 14845 -1000000000
6985 17449 1000000000
4460 14256 -1000000000
1390 11593 1000000000
9492 13017 -1000000000
8519 15053 1000000000
3510 12479 -1000000000
2348 10750 1000000000
1122 19729 -1000000000
3119 16367 1000000000
231 12979 -1000000000
4138 14010 1000000000
1272 12900 -1000000000
8935 12282 1000000000
5985 14557 -1000000000
6796 13956 1000000000
7276 14910 -1000000000
6595 16618 1000000000
5296 16652 -1000000000
7683 12168 1000000000
4306 11731 -1000000000
9903 16735 1000000000
1206 18226 -1000000000
577 10934 1000000000
1424 18705 -1000000000
290 18121 1000000000
1636 10858 -1000000000
3242 15605 1000000000
6620 16834 -1000000000
6645 16619 1000000000
5711 15967 -1000000000
850 18648 1000000000
413 16749 -1000000000
4629 19298 1000000000
8994 19855 -1000000000
4357 14008 1000000000
3062 14362 -1000000000
1235 12105 1000000000
1454 13361 -1000000000
682 16870 1000000000
6982 10359 -1000000000
7103 14902 1000000000
9324 13421 -1000000000
8093 16097 1000000000
5368 11982 -1000000000
2041 11567 1000000000
6467 14625 -1000000000
1695 11519 1000000000
9275 13228 -1000000000
537 12335 1000000000
7569 18398 -1000000000
3375 13636 1000000000
7780 16829 -1000000000
4020 19248 1000000000
7295 10686 -1000000000
59 15531 1000000000
7541 18101 -1000000000
8484 16823 1000000000
8909 11069 -1000000000
3355 18061 1000000000
6669 16534 -1000000000
1040 17156 1000000000
22 15856 -1000000000
9082 13134 1000000000
7329 14053 -1000000000
9873 14646 1000000000
6 14685 -1000000000
8733 15705 1000000000
7382 12932 -1000000000
9471 18256 1000000000
2683 18098 -1000000000
4873 15697 1000000000
2892 15150 -1000000000
4807 16410 1000000000
9227 17804 -1000000000
5010 15532 1000000000
6736 15439 -1000000000
2342 10004 1000000000
2615 13471 -1000000000
6516 19076 1000000000
9778 10226 -1000000000
5921 17805 1000000000
6984 14792 -1000000000
5030 16133 1000000000
8354 10600 -1000000000
8965 13962 1000000000
5164 15248 -1000000000
9117 10415 1000000000
4295 11164 -1000000000
694 18908 1000000000
7020 10902 -1000000000
9510 18141 1000000000
8187 17785 -1000000000
3316 10716 1000000000
1265 16766 -1000000000
8433 19983 1000000000
1372 13914 -1000000000
4683 17907 1000000000
3131 11587 -1000000000
2998 10695 1000000000
5641 17904 -1000000000
2572 11463 1000000000
5347 13036 -1000000000
8869 15116 1000000000
244 11017 -1000000000
3354 15419 1000000000
7609 13696 -1000000000
787 15327 1000000000
5169 14839 -1000000000
8519 15409 1000000000
5027 14592 -1000000000
1030 19144 1000000000
1688 12211 -1000000000
2257 13708 1000000000
3876 10140 -1000000000
1086 19475 1000000000
9979 15334 -1000000000
7912 14604 1000000000
6983 16759 -1000000000
3954 17063 1000000000
899 11220 -1000000000
7744 14870 1000000000
4642 14360 -1000000000
6461 15647 1000000000
9945 19984 -1000000000
8564 17518 1000000000
1938 15774 -1000000000
5200 12919 1000000000
7972 15748 -1000000000
6849 15415 1000000000
2223 17106 -1000000000
9017 17322 1000000000
1938 17124 -1000000000
9581 13967 1000000000
468 16370 -1000000000
4748 13135 1000000000
6104 10643 -1000000000
8097 17061 1000000000
7035 13504 -1000000000
3581 15592 1000000000
7969 18726 -1000000000
6414 19751 1000000000
7461 16040 -1000000000
8924 18141 1000000000
8056 17729 -1000000000
7827 11153 1000000000
3309 19970 -1000000000
8571 10737 1000000000
9483 15727 -1000000000
81 12158 1000000000
9621 11391 -1000000000
8550 18259 1000000000
1881 18270 -1000000000
3092 14016 1000000000
4538 19208 -1000000000
6253 19187 1000000000
346 14713 -1000000000
6376 18658 1000000000
7336 10748 -1000000000
6143 17885 1000000000
7228 17163 -1000000000
1270 14595 1000000000
1170 19054 -1000000000
2506 12718 1000000000
8391 13816 -1000000000
2319 10573 1000000000
1653 12833 -1000000000
3106 12405 1000000000
7698 12437 -1000000000
2725 10159 1000000000
5310 16503 -1000000000
74 15958 1000000000
624 15787 -1000000000
9323 11899 1000000000
5773 14255 -1000000000
7670 19294 1000000000
7030 12748 -1000000000
9750 15663 1000000000
4692 19181 -1000000000
2039 15236 1000000000
6840 12942 -1000000000
7984 17022 1000000000
7818 10571 -1000000000
3417 16090 1000000000
698 13747 -1000000000
8987 12484 1000000000
1533 17552 -1000000000
5162 17224 1000000000
357 14751 -1000000000
5382 14189 1000000000
9662 17393 -1000000000
5418 12582 1000000000
2623 19318 -1000000000
6783 19296 1000000000
5015 17642 -1000000000
6484 14287 1000000000
9132 11078 -1000000000
1962 14121 1000000000
5947 12110 -1000000000
3130 11813 1000000000
6065 10149 -1000000000
1485 10315 1000000000
9024 10473 -1000000000
6551 13227 1000000000
5847 10116 -1000000000
5263 14772 1000000000
4210 17442 -1000000000
4958 16482 1000000000
3468 11219 -1000000000
9711 19596 1000000000
9120 18045 -1000000000
9318 17911 1000000000
4596 11556 -1000000000
9669 12258 1000000000
6075 15630 -1000000000
7997 11182 1000000000
569 10254 -1000000000
5344 10598 1000000000
1407 15699 -1000000000
7261 16528 1000000000
5672 14167 -1000000000
6695 11290 1000000000
9742 12582 -1000000000
1912 16554 1000000000
7454 17912 -1000000000
3356 16784 1000000000
8747 13261 -1000000000
7231 19999 1000000000
3169 15005 -1000000000
214 12167 1000000000
9190 19085 -1000000000
6965 11097 1000000000
5060 11573 -1000000000
9842 14914 1000000000
4499 15640 -1000000000
2053 10743 1000000000
3676 19178 -1000000000
5576 16288 1000000000
3136 19146 -1000000000
8063 18978 1000000000
9574 16436 -1000000000
9575 14050 1000000000
6808 12097 -1000000000
2116 16389 1000000000
2021 16490 -1000000000
1864 19421 1000000000
949 15877 -1000000000
9422 16578 1000000000
54 18883 -1000000000
1691 18463 1000000000
6218 19367 -1000000000
53 10947 1000000000
4258 15454 -1000000000
2714 15366 1000000000
4308 15193 -1000000000
3914 10030 1000000000
9566 10032 -1000000000
8087 15995 1000000000
4561 17642 -1000000000
8201 17469 1000000000
8216 12645 -1000000000
1241 13175 1000000000
5147 19899 -1000000000
4443 10822 1000000000
6298 18587 -1000000000
7866 15903 1000000000
523 18101 -1000000000
9079 18247 1000000000
6669 14140 -1000000000
4952 19567 1000000000
6884 10748 -1000000000
4353 15720 1000000000
2693 18464 -1000000000
8469 17163 1000000000
1534 10064 -1000000000
9368 14061 1000000000
273 16008 -1000000000
9921 15733 1000000000
8483 18084 -1000000000
862 13920 1000000000
7203 11593 -1000000000
1004 15640 1000000000
5997 17545 -1000000000
2088 13902 1000000000
9880 13812 -1000000000
2336 16633 1000000000
8259 12729 -1000000000
7051 19771 1000000000
2207 18640 -1000000000
2114 10795 1000000000
3752 11030 -1000000000
8252 15312 1000000000
4388 17854 -1000000000
9684 15817 1000000000
4017 13047 -1000000000
478 12699 1000000000
2970 12643 -1000000000
4388 17466 1000000000
5282 10758 -1000000000
9113 13062 1000000000
9730 16559 -1000000000
4075 11367 1000000000
161 13553 -1000000000
1173 16707 1000000000
8472 13513 -1000000000
2044 11046 1000000000
3434 14580 -1000000000
8597 19475 1000000000
4384 15910 -1000000000
651 14194 1000000000
4468 13282 -1000000000
1236 18347 1000000000
9944 15705 -1000000000
3294 14654 1000000000
9981 14216 -1000000000
4389 16741 1000000000
5688 18342 -1000000000
5180 18884 1000000000
7153 10068 -1000000000
7683 19512 1000000000
1393 12760 -1000000000
9749 12330 1000000000
1085 12010 -1000000000
7079 18319 1000000000
4920 12567 -1000000000
4539 15509 1000000000
243 11286 -1000000000
5190 13641 1000000000
280 15530 -1000000000
118 15382 1000000000
3314 13174 -1000000000
3607 17518 1000000000
826 16349 -1000000000
1678 18964 1000000000
1697 14301 -1000000000
8900 12188 1000000000
9855 12025 -1000000000
7396 16389 1000000000
4939 17435 -1000000000
2236 17239 1000000000
708 10238 -1000000000
8066 17929 1000000000
6647 13353 -1000000000
1172 12626 1000000000
6481 15888 -1000000000
8767 17348 1000000000
1081 13586 -1000000000
2504 13837 1000000000
267 10045 -1000000000
8420 10154 1000000000
1852 19696 -1000000000
7002 12256 1000000000
178 15080 -1000000000
7477 17811 1000000000
8753 12485 -1000000000
8873 14183 1000000000
9105 18460 -1000000000
4301 13175 1000000000
9126 11701 -1000000000
833 14174 1000000000
6577 16968 -1000000000
4269 19131 1000000000
4973 14856 -1000000000
8397 17718 1000000000
3476 15354 -1000000000
6073 18062 1000000000
2333 11174 -1000000000
431 13395 1000000000
4405 10559 -1000000000
7933 14565 1000000000
442 11875 -1000000000
4670 15237 1000000000
5892 17265 -1000000000
5398 12735 1000000000
3586 13930 -1000000000
527 15944 1000000000
221 10026 -1000000000
4352 16479 1000000000
1565 15508 -1000000000
3759 12718 1000000000
7065 15670 -1000000000
4128 13315 1000000000
5302 11002 -1000000000
8987 12600 1000000000
5691 11167 -1000000000
5086 16952 1000000000
4073 15077 -1000000000
2517 10578 1000000000
4233 15777 -1000000000
4048 14908 1000000000
6535 17757 -1000000000
9338 18739 1000000000
7183 12819 -1000000000
4413 11791 1000000000
3719 17418 -1000000000
915 14042 1000000000
7437 12945 -1000000000
5332 11679 1000000000
9983 18622 -1000000000
6285 12520 1000000000
1695 19943 -1000000000
1998 14396 1000000000
5478 17458 -1000000000
9282 11346 1000000000
1300 16133 -1000000000
9691 12802 1000000000
8619 12490 -1000000000
1767 10521 1000000000
8232 16916 -1000000000
8605 13219 1000000000
5590 14093 -1000000000
6901 15331 1000000000
6838 11054 -1000000000
5975 17363 1000000000
1238 19189 -1000000000
8776 15713 1000000000
5684 11321 -1000000000
3620 19940 1000000000
8224 16277 -1000000000
3037 15349 1000000000
6003 16988 -1000000000
1249 14064 1000000000
9995 19851 -1000000000
9380 15145 1000000000
3717 11204 -1000000000
7531 10195 1000000000
9178 10290 -1000000000
7145 14782 1000000000
2952 16617 -1000000000
2899 16706 1000000000
9883 15546 -1000000000
5737 11370 1000000000
5453 18756 -1000000000
8607 15775 1000000000
910 15683 -1000000000
3288 12464 1000000000
6096 13055 -1000000000
6109 10520 1000000000
523 14011 -1000000000
2681 10954 1000000000
9038 18709 -1000000000
9039 17276 1000000000
156 14529 -1000000000
7989 15086 1000000000
7260 17351 -1000000000
6869 16428 1000000000
4575 18913 -1000000000
9117 18503 1000000000
7127 17722 -1000000000
644 19974 1000000000
7066 10503 -1000000000
5418 12936 1000000000
9614 18091 -1000000000
8484 18337 1000000000
2005 17787 -1000000000
6060 16609 1000000000
9903 19779 -1000000000
7919 13281 1000000000
2192 18478 -1000000000
4614 15113 1000000000
402 18326 -1000000000
390 14085 1000000000
3354 11833 -1000000000
5597 11889 1000000000
482 11094 -1000000000
9689 13924 1000000000
4195 10758 -1000000000
6081 15270 1000000000
1749 14912 -1000000000
3324 13638 1000000000
3584 12900 -1000000000
3931 13058 1000000000
9658 18955 -1000000000
7520 13918 1000000000
3723 19642 -1000000000
7253 18311 1000000000
1951 13715 -1000000000
4110 16409 1000000000
5273 15399 -1000000000
2804 12924 1000000000
2005 12663 -1000000000
5714 13681 1000000000
749 16683 -1000000000
3375 13188 1000000000
2597 14224 -1000000000
2347 15295 1000000000
5024 11985 -1000000000
7719 12635 1000000000
8267 13591 -1000000000
1237 11647 1000000000
5157 12671 -1000000000
9319 18868 1000000000
777 11063 -1000000000
4104 12836 1000000000
687 19470 -1000000000
5498 16289 1000000000
1931 11389 -1000000000
1556 11256 1000000000
7527 10065 -1000000000
937 14288 1000000000
9177 13373 -1000000000
7052 14162 1000000000
3111 11160 -1000000000
7527 17625 1000000000
359 17641 -1000000000
3601 13855 1000000000
9996 14841 -1000000000
8740 10994 1000000000
874 13755 -1000000000
7436 11138 1000000000
4922 12850 -1000000000
9062 19839 1000000000
6207 14279 -1000000000
1213 14781 1000000000
7138 13623 -1000000000
4409 13456 1000000000
1600 10987 -1000000000
4645 15094 1000000000
3015 15109 -1000000000
2000 12649 1000000000
9350 18057 -1000000000
415 10400 1000000000
4717 18185 -1000000000
8907 13620 1000000000
4563 11267 -1000000000
9968 14915 1000000000
6155 19829 -1000000000
8182 16282 1000000000
7171 10412 -1000000000
5901 12062 1000000000
9673 12246 -1000000000
7464 10795 1000000000
7891 17058 -1000000000
7880 11683 1000000000
1705 16233 -1000000000
7506 14592 1000000000
6919 16901 -1000000000
9150 19144 1000000000
7732 13350 -1000000000
335 16070 1000000000
8392 16951 -1000000000
1606 19496 1000000000
6222 19004 -1000000000
3224 14074 1000000000
961 11412 -1000000000
9887 14951 1000000000
726 13416 -1000000000
6098 18963 1000000000
6737 12546 -1000000000
1050 18783 1000000000
9624 19547 -1000000000
7913 11888 1000000000
3045 11655 -1000000000
4945 16705 1000000000
5996 10080 -1000000000
3978 11630 1000000000
9238 17625 -1000000000
6774 19578 1000000000
3747 18181 -1000000000
3005 19200 1000000000
9477 17090 -1000000000
6548 10350 1000000000
474 11335 -1000000000
1120 11012 1000000000
3623 10981 -1000000000
7275 17101 1000000000
8770 19747 -1000000000
3042 19471 1000000000
1021 10261 -1000000000
6542 19359 1000000000
7128 12939 -1000000000
4894 16132 1000000000
6365 13024 -1000000000
9087 14337 1000000000
4064 19629 -1000000000
4112 10410 1000000000
5921 10171 -1000000000
8860 17607 1000000000
6419 17062 -1000000000
577 17364 1000000000
9447 16303 -1000000000
1183 16417 1000000000
9782 11856 -1000000000
1885 19790 1000000000
7584 19751 -1000000000
7506 17694 1000000000
2462 14258 -1000000000
6204 15676 1000000000
7659 14088 -1000000000
2315 14239 1000000000
915 12399 -1000000000
2869 12584 1000000000
3368 18587 -1000000000
8015 12414 1000000000
1052 11536 -1000000000
4631 17334 1000000000
8021 10254 -1000000000
1971 11806 1000000000
9707 14281 -1000000000
1358 17126 1000000000
9712 12543 -1000000000
9456 16952 1000000000
1075 17482 -1000000000
1644 17143 1000000000
8294 15708 -1000000000
5687 16900 1000000000
1583 15499 -1000000000
4162 16020 1000000000
8651 10509 -1000000000
5808 16477 1000000000
4805 11301 -1000000000
995 14226 1000000000
406 11192 -1000000000
5206 10057 1000000000
2297 18003 -1000000000
7100 17016 1000000000
1567 12773 -1000000000
216 12584 1000000000
8369 16762 -1000000000
5144 17636 1000000000
7517 12357 -1000000000
6263 14222 1000000000
1322 17979 -1000000000
4877 18755 1000000000
9954 16974 -1000000000
1575 14385 1000000000
126 17536 -1000000000
3044 18912 1000000000
2853 10662 -1000000000
9067 14481 1000000000
3713 19665 -1000000000
5764 15120 1000000000
4681 19639 -1000000000
2473 19596 1000000000
1951 10078 -1000000000
9530 10758 1000000000
5783 18459 -1000000000
387 19098 1000000000
5227 18857 -1000000000
1887 17910 1000000000
3775 19898 -1000000000
5585 10725 1000000000
7651 16749 -1000000000
4991 12845 1000000000
5555 12278 -1000000000
9550 15524 1000000000
8607 19389 -1000000000
249 10965 1000000000
8445 19849 -1000000000
848 12711 1000000000
5412 10978 -1000000000
4344 12065 1000000000
8651 10940 -1000000000
9796 18044 1000000000
6274 17749 -1000000000
723 12284 1000000000
295 16217 -1000000000
3236 13623 1000000000
7749 18108 -1000000000
4011 14851 1000000000
8578 17785 -1000000000
9212 16954 1000000000
6170 13722 -1000000000
1806 14140 1000000000
307 11431 -1000000000
8320 16287 1000000000
1132 18394 -1000000000
1656 10503 1000000000
4038 15563 -1000000000
1 13790 1000000000
6799 19043 -1000000000
4128 19876 1000000000
6020 18918 -1000000000
7771 19576 1000000000
7167 15726 -1000000000
7864 12102 1000000000
1004 17543 -1000000000
843 19051 1000000000
6715 18736 -1000000000
4545 11866 1000000000
180 14293 -1000000000
7509 16887 1000000000
3919 15797 -1000000000
1051 10141 1000000000
3545 10650 -1000000000
6066 16775 1000000000
5164 16828 -1000000000
3498 15381 1000000000
6672 11449 -1000000000
4298 14314 1000000000
4043 11783 -1000000000
7138 13551 1000000000
9705 14772 -1000000000
947 12094 1000000000
9906 17865 -1000000000
2006 14768 1000000000
9202 17416 -1000000000
218 15747 1000000000
46 10963 -1000000000
784 13520 1000000000
2005 17492 -1000000000
6496 16100 1000000000
8218 11880 -1000000000
8851 14873 1000000000
4784 12833 -1000000000
8867 18092 1000000000
7829 19221 -1000000000
1256 14614 1000000000
6910 12786 -1000000000
616 13391 1000000000
921 17446 -1000000000
9243 13322 1000000000
118 18807 -1000000000
654 14186 1000000000
1711 18952 -1000000000
4346 13530 1000000000
8573 17222 -1000000000
6731 13865 1000000000
8742 11413 -1000000000
5638 17793 1000000000
5755 17921 -1000000000
6500 15713 1000000000
8257 19781 -1000000000
7839 15475 1000000000
7507 15406 -1000000000
5996 19682 1000000000
9338 17781 -1000000000
1403 19605 1000000000
3570 11871 -1000000000
1084 19351 1000000000
9109 19588 -1000000000
1779 18707 1000000000
9478 12976 -1000000000
7308 13285 1000000000
5376 14192 -1000000000
7089 11588 1000000000
7082 14812 -1000000000
2377 12060 1000000000
6491 19468 -1000000000
2652 12388 1000000000
2401 14850 -1000000000
15 18836 1000000000
6641 15006 -1000000000
3519 14425 1000000000
3244 18369 -1000000000
4182 11157 1000000000
5889 15721 -1000000000
8056 13080 1000000000
5292 11704 -1000000000
5445 17395 1000000000
2046 19786 -1000000000
2596 19875 1000000000
1175 14535 -1000000000
5249 19241 1000000000
2592 18946 -1000000000
9766 11455 1000000000
2755 16140 -1000000000
157 17699 1000000000
8980 18241 -1000000000
2617 17930 1000000000
2041 16983 -1000000000
8368 12448 1000000000
8257 18386 -1000000000
9433 17437 1000000000
3499 13073 -1000000000
5200 12518 1000000000
8250 12613 -1000000000
4596 17760 1000000000
4958 17697 -1000000000
3841 14731 1000000000
2480 10272 -1000000000
6990 15378 1000000000
4557 16456 -1000000000
5292 10592 1000000000
5273 16319 -1000000000
3531 16228 1000000000
5622 10865 -1000000000
5663 18455 1000000000
8090 18542 -1000000000
1549 18556 1000000000
9287 18939 -1000000000
1969 11911 1000000000
8704 14378 -1000000000
7339 14250 1000000000
2420 11305 -1000000000
5589 17039 1000000000
1050 14643 -1000000000
7224 18088 1000000000
4808 11332 -1000000000
8397 13730 1000000000
9607 18590 -1000000000
4368 14477 1000000000
5164 17002 -1000000000
8636 16580 1000000000
8003 17839 -1000000000
9168 12773 1000000000
5027 19945 -1000000000
1533 12361 1000000000
1141 17621 -1000000000
2993 19091 1000000000
4571 13865 -1000000000
1418 18842 1000000000
7907 15001 -1000000000
9017 19859 1000000000
5946 13421 -1000000000
8029 15210 1000000000
2508 15473 -1000000000
4407 13669 1000000000
556 19265 -1000000000
3975 10160 1000000000
7463 10891 -1000000000
6780 15297 1000000000
9611 16313 -1000000000
3607 16065 1000000000
5550 15212 -1000000000
9692 18465 1000000000
7742 16935 -1000000000
866 17433 1000000000
1961 10558 -1000000000
6117 16271 1000000000
3484 17663 -1000000000
1078 10196 1000000000
563 11748 -1000000000
5879 17979 1000000000
379 18142 -1000000000
3734 19844 1000000000
402 18581 -1000000000
1054 13080 1000000000
1445 10600 -1000000000
8840 13261 1000000000
2523 15427 -1000000000
2772 12096 1000000000
2848 14450 -1000000000
9416 17962 1000000000
4159 12581 -1000000000
5140 12117 1000000000
6737 12254 -1000000000
735 18148 1000000000
5345 19481 -1000000000
5133 12686 1000000000
6195 11569 -1000000000
3339 18992 1000000000
7357 11890 -1000000000
241 12081 1000000000
2380 13102 -1000000000
6472 16906 1000000000
2418 14627 -1000000000
8633 16163 1000000000
9349 13893 -1000000000
8118 19458 1000000000
6436 18345 -1000000000
7095 16668 1000000000
5257 12132 -1000000000
1749 11325 1000000000
8426 11086 -1000000000
3232 13643 1000000000
7965 19464 -1000000000
4483 17352 1000000000
4472 18585 -1000000000
6309 13867 1000000000
665 18892 -1000000000
4849 11551 1000000000
2219 16908 -1000000000
984 14655 1000000000
3948 15059 -1000000000
3522 17556 1000000000
9994 16961 -1000000000
909 17782 1000000000
5794 13246 -1000000000
5887 19172 1000000000
4473 17012 -1000000000
2562 19613 1000000000
4712 12323 -1000000000
7237 16371 1000000000
1218 13687 -1000000000
7842 12604 1000000000
7550 15899 -1000000000
7902 15311 1000000000
8529 19379 -1000000000
2263 11964 1000000000
216 15930 -1000000000
1642 19577 1000000000
6196 18270 -1000000000
4580 12520 1000000000
4757 14074 -1000000000
2984 15322 1000000000
1928 16136 -1000000000
2208 19361 1000000000
2972 15723 -1000000000
2372 13277 1000000000
3577 18370 -1000000000
3170 17333 1000000000
3289 14697 -1000000000
2471 12983 1000000000
6455 19939 -1000000000
9086 13794 1000000000
9735 19914 -1000000000
1918 12981 1000000000
453 10539 -1000000000
3844 16794 1000000000
2867 11740 -1000000000
7141 12389 1000000000
7382 17656 -1000000000
7538 11549 1000000000
2029 19176 -1000000000
5432 10890 1000000000
6981 13131 -1000000000
5150 14088 1000000000
2980 17106 -1000000000
1816 16921 1000000000
5845 14011 -1000000000
3290 11580 1000000000
1421 17815 -1000000000
8086 15626 1000000000
4534 12114 -1000000000
9649 13708 1000000000
4107 16335 -1000000000
4200 14456 1000000000
4640 14985 -1000000000
2314 11352 1000000000
4961 12613 -1000000000
5997 16874 1000000000
8112 12794 -1000000000
2117 14285 1000000000
853 14036 -1000000000
6029 12157 1000000000
8709 16777 -1000000000
8268 17412 1000000000
8922 17542 -1000000000
2008 13920 1000000000
9804 11096 -1000000000
1217 14147 1000000000
1578 10642 -1000000000
1426 18789 1000000000
7242 13969 -1000000000
6557 16655 1000000000
7096 14683 -1000000000
3838 11413 1000000000
3416 19154 -1000000000
7129 12298 1000000000
9799 13518 -1000000000
8736 10032 1000000000
1839 12190 -1000000000
2806 11247 1000000000
8752 12938 -1000000000
4817 17480 1000000000
5839 13606 -1000000000
8079 11974 1000000000
4663 10524 -1000000000
8517 14080 1000000000
3985 17345 -1000000000
1297 15460 1000000000
2896 19560 -1000000000
2147 19749 1000000000
5138 10250 -1000000000
4300 16791 1000000000
8185 18426 -1000000000
5902 14722 1000000000
1584 18016 -1000000000
3927 15704 1000000000
9448 17995 -1000000000
134 13357 1000000000
6917 11877 -1000000000
8735 14619 1000000000
1097 10369 -1000000000
77 19680 1000000000
612 13849 -1000000000
5145 12486 1000000000
4439 18601 -1000000000
1215 16127 1000000000
6267 18033 -1000000000
3195 17229 1000000000
8719 10476 -1000000000
2700 18983 1000000000
6382 19465 -1000000000
8080 10457 1000000000
1013 12840 -1000000000
4208 12407 1000000000
8123 13507 -1000000000
442 11057 1000000000
7655 11734 -1000000000
4851 11320 1000000000
8729 10225 -1000000000
8975 11738 1000000000
8092 12278 -1000000000
9195 10443 1000000000
5431 11407 -1000000000
43 10409 1000000000
7044 10817 -1000000000
7092 12608 1000000000
5819 16502 -1000000000
3174 17814 1000000000
1550 12226 -1000000000
3834 10620 1000000000
7198 11511 -1000000000
1667 15071 1000000000
1818 15051 -1000000000
3479 19327 1000000000
9445 16100 -1000000000
2064 14793 1000000000
4621 11552 -1000000000
5420 15550 1000000000
1521 12913 -1000000000
1783 14980 1000000000
1570 12818 -1000000000
7122 13412 1000000000
5159 10380 -1000000000
5301 19943 1000000000
9083 15620 -1000000000
1064 12404 1000000000
8154 14694 -1000000000
6676 10875 1000000000
3637 15003 -1000000000
4867 16329 1000000000
3278 13278 -1000000000
3111 14409 1000000000
1455 15784 -1000000000
4743 19523 1000000000
7623 17464 -1000000000
8256 11098 1000000000
2451 12065 -1000000000
9338 18663 1000000000
3165 16501 -1000000000
8176 12537 1000000000
3487 16595 -1000000000
8709 11830 1000000000
5162 14067 -1000000000
2773 19542 1000000000
3431 15848 -1000000000
9145 14014 1000000000
2039 15746 -1000000000
224 19787 1000000000
5719 16495 -1000000000
8572 11105 1000000000
5319 13474 -1000000000
7534 15131 1000000000
7293 14349 -1000000000
9118 16555 1000000000
1608 16708 -1000000000
3241 16159 1000000000
4954 16626 -1000000000
8736 18116 1000000000
4583 17188 -1000000000
9886 17934 1000000000
6323 15699 -1000000000
4496 10425 1000000000
2164 19022 -1000000000
3439 11318 1000000000
4959 14933 -1000000000
9422 11397 1000000000
946 18635 -1000000000
260 11211 1000000000
3835 16533 -1000000000
7874 12616 1000000000
6938 13392 -1000000000
6374 11662 1000000000
6658 11515 -1000000000
5782 15902 1000000000
7139 11211 -1000000000
4111 15165 1000000000
1739 18813 -1000000000
2553 17208 1000000000
9812 16253 -1000000000
9747 12895 1000000000
9654 10281 -1000000000
126 13523 1000000000
1431 18057 -1000000000
5287 18361 1000000000
3026 12332 -1000000000
7981 10171 1000000000
6893 12954 -1000000000
8167 17212 1000000000
2026 13444 -1000000000
2862 11324 1000000000
1124 14995 -1000000000
2985 13687 1000000000
246 13244 -1000000000
1696 11793 1000000000
5330 14036 -1000000000
8318 12617 1000000000
9157 17134 -1000000000
9633 14266 1000000000
2187 14076 -1000000000
1589 16742 1000000000
1364 19341 -1000000000
25 11172 1000000000
1657 14679 -1000000000
5771 18372 1000000000
9386 15385 -1000000000
7259 16993 1000000000
3297 12777 -1000000000
5135 15921 1000000000
98 19355 -1000000000
6217 13949 1000000000
6106 11075 -1000000000
7665 11967 1000000000
6804 10153 -1000000000
7804 13478 1000000000
910 12875 -1000000000
4698 12530 1000000000
8025 14134 -1000000000
4825 17419 1000000000
2520 15226 -1000000000
2426 11036 1000000000
326 12654 -1000000000
4363 16675 1000000000
8541 19030 -1000000000
834 12782 1000000000
7817 11393 -1000000000
243 18994 1000000000
458 14952 -1000000000
8340 11511 1000000000
6 10211 -1000000000
8270 18186 1000000000
1686 16525 -1000000000
4654 15036 1000000000
5138 18173 -1000000000
8288 14888 1000000000
2932 10774 -1000000000
4509 10580 1000000000
612 14337 -1000000000
3542 12293 1000000000
9210 10115 -1000000000
3169 15577 1000000000
4452 19446 -1000000000
9019 13955 1000000000
2616 15551 -1000000000
8286 18053 1000000000
1218 18578 -1000000000
6017 17724 1000000000
9783 19549 -1000000000
5249 15764 1000000000
9960 12269 -1000000000
8085 16388 1000000000
6843 14191 -1000000000
584 12919 1000000000
3632 13722 -1000000000
3171 16596 1000000000
5857 13481 -1000000000
9238 16086 1000000000
6794 14236 -1000000000
3453 12759 1000000000
3060 15613 -1000000000
4269 13425 1000000000
4844 16061 -1000000000
7631 13477 1000000000
4920 13828 -1000000000
5228 14034 1000000000
1153 11847 -1000000000
1222 19433 1000000000
346 15372 -1000000000
6747 17894 1000000000
4585 12159 -1000000000
3693 11119 1000000000
275 11542 -1000000000
9472 11201 1000000000
6613 12512 -1000000000
5041 19975 1000000000
9415 18135 -1000000000
6798 17961 1000000000
5841 12973 -1000000000
4989 13033 1000000000
3716 10905 -1000000000
53 17980 1000000000
4440 15850 -1000000000
9450 16730 1000000000
1073 16790 -1000000000
9593 10755 1000000000
9064 12869 -1000000000
4046 12951 1000000000
8992 11330 -1000000000
5995 16171 1000000000
3153 17372 -1000000000
4238 18087 1000000000
3254 11259 -1000000000
6327 11418 1000000000
2576 16965 -1000000000
4965 19298 1000000000
6046 19562 -1000000000
6865 19584 1000000000
4004 13636 -1000000000
6061 12594 1000000000
3342 18731 -1000000000
1632 15738 1000000000
1600 13989 -1000000000
8079 18773 1000000000
8046 15331 -1000000000
4829 13435 1000000000
2800 14029 -1000000000
5101 10080 1000000000
3818 11741 -1000000000
1164 17623 1000000000
665 13313 -1000000000
9102 15817 1000000000
3139 17106 -1000000000
4544 15399 1000000000
9572 13231 -1000000000
4548 13800 1000000000
6745 10436 -1000000000
6446 10224 1000000000
7143 17580 -1000000000
2780 11413 1000000000
682 14617 -1000000000
8439 19357 1000000000
2982 19011 -1000000000
7342 16811 1000000000
6948 19633 -1000000000
9409 16605 1000000000
3753 13043 -1000000000
7662 11896 1000000000
335 10440 -1000000000
9406 18222 1000000000
4667 10794 -1000000000
2190 19937 1000000000
901 17166 -1000000000
1740 13909 1000000000
5048 18123 -1000000000
8211 10855 1000000000
482 16907 -1000000000
2187 13178 1000000000
682 18289 -1000000000
1961 10618 1000000000
9519 10921 -1000000000
4577 14851 1000000000
5647 11364 -1000000000
1447 10466 1000000000
8950 19938 -1000000000
6291 15313 1000000000
4702 17665 -1000000000
9604 17758 1000000000
1154 17989 -1000000000
9293 13246 1000000000
364 17849 -1000000000
3900 13296 1000000000
2758 13811 -1000000000
1852 12668 1000000000
3828 12500 -1000000000
9493 16812 1000000000
9737 18065 -1000000000
9416 15418 1000000000
3100 14179 -1000000000
3233 15145 1000000000
9794 19709 -1000000000
538 10544 1000000000
6050 13937 -1000000000
3624 19267 1000000000
2485 19016 -1000000000
6597 12889 1000000000
9468 19560 -1000000000
480 15842 1000000000
5872 17782 -1000000000
9220 13811 1000000000
3735 17861 -1000000000
8817 18479 1000000000
4276 14267 -1000000000
732 12977 1000000000
5080 10601 -1000000000
4097 16394 1000000000
1595 18160 -1000000000
5508 17225 1000000000
3271 15335 -1000000000
4952 15829 1000000000
1158 18717 -1000000000
4081 10989 1000000000
3690 15363 -1000000000
7422 17369 1000000000
3856 13614 -1000000000
5383 18086 1000000000
5733 19737 -1000000000
3629 13854 1000000000
5020 15213 -1000000000
5471 15315 1000000000
6567 18193 -1000000000
3466 12883 1000000000
4699 11242 -1000000000
5053 18371 1000000000
6376 13782 -1000000000
6709 11955 1000000000
7076 18987 -1000000000
1417 10426 1000000000
1165 12468 -1000000000
4685 18830 1000000000
2437 18799 -1000000000
4885 19142 1000000000
557 11479 -1000000000
8428 17025 1000000000
1372 15414 -1000000000
9565 19461 1000000000
2210 13258 -1000000000
1463 18001 1000000000
6740 19345 -1000000000
7676 14255 1000000000
4221 14126 -1000000000
7186 15266 1000000000
6544 19248 -1000000000
3942 12426 1000000000
3289 14520 -1000000000
7628 17938 1000000000
4261 16387 -1000000000
8607 19988 1000000000
6783 11365 -1000000000
3360 16943 1000000000
6201 10226 -1000000000
511 12139 1000000000
1473 19921 -1000000000
7538 16817 1000000000
918 13232 -1000000000
5219 16291 1000000000
9177 10555 -1000000000
1270 10475 1000000000
8482 13428 -1000000000
6869 13384 1000000000
1926 18883 -1000000000
6215 19343 1000000000
7797 18536 -1000000000
6188 12060 1000000000
8495 16728 -1000000000
4552 16108 1000000000
5922 10108 -1000000000
1539 10918 1000000000
7348 17721 -1000000000
6753 12267 1000000000
9356 11929 -1000000000
6840 19391 1000000000
3556 13145 -1000000000
6296 17843 1000000000
8487 12744 -1000000000
977 15689 1000000000
9580 19476 -1000000000
1622 12226 1000000000
4578 18909 -1000000000
3209 14633 1000000000
6042 12127 -1000000000
5452 11347 1000000000
1166 19511 -1000000000
6295 15406 1000000000
7924 16588 -1000000000
2665 13356 1000000000
5331 14032 -1000000000
4689 16696 1000000000
5768 10844 -1000000000
5400 16644 1000000000
1488 14696 -1000000000
9438 14358 1000000000
5522 12063 -1000000000
3342 11420 1000000000
2395 11052 -1000000000
4621 12961 1000000000
9401 16045 -1000000000
4808 13035 1000000000
1646 11574 -1000000000
92 17076 1000000000
7917 12719 -1000000000
5667 15189 1000000000
3901 14304 -1000000000
1624 16351 1000000000
5259 13918 -1000000000
6589 10356 1000000000
3940 14274 -1000000000
9733 15601 1000000000
5948 11890 -1000000000
2344 16158 1000000000
9335 12111 -1000000000
751 11203 1000000000
2185 16633 -1000000000
7545 10744 1000000000
6024 14349 -1000000000
2348 15409 1000000000
5309 18365 -1000000000
9082 14388 1000000000
6141 14935 -1000000000
2390 12132 1000000000
383 10419 -1000000000
1178 13212 1000000000
6501 15013 -1000000000
5813 15579 1000000000
2449 11327 -1000000000
3285 15151 1000000000
5028 19106 -1000000000
7019 15614 1000000000
4088 19566 -1000000000
5820 11881 1000000000
7032 16699 -1000000000
209 19881 1000000000
6495 18966 -1000000000
446 16600 1000000000
8854 18113 -1000000000
4869 16764 1000000000
3324 13857 -1000000000
900 11898 1000000000
4936 12998 -1000000000
7409 16917 1000000000
8312 10232 -1000000000
9557 11868 1000000000
8914 14466 -1000000000
1197 16962 1000000000
8839 11993 -1000000000
1685 18760 1000000000
3274 19855 -1000000000
563 17694 1000000000
1091 10010 -1000000000
7575 17021 1000000000
5034 17825 -1000000000
6291 16339 1000000000
903 10080 -1000000000
1384 16346 1000000000
2763 16217 -1000000000
7670 13341 1000000000
202 15633 -1000000000
1650 12665 1000000000
2516 11214 -1000000000
1816 19383 1000000000
1596 12339 -1000000000
1482 10867 1000000000
6097 12012 -1000000000
2359 14563 1000000000
8180 13366 -1000000000
9595 11827 1000000000
6442 14035 -1000000000
150 17389 1000000000
3641 11185 -1000000000
9750 15297 1000000000
413 15171 -1000000000
6653 15023 1000000000
8034 15983 -1000000000
7692 12026 1000000000
2519 13989 -1000000000
6231 13568 1000000000
7498 19820 -1000000000
3036 14938 1000000000
9045 18619 -1000000000
3878 18587 1000000000
9008 15609 -1000000000
4269 10369 1000000000
5170 15508 -1000000000
5497 14041 1000000000
149 18438 -1000000000
6013 10507 1000000000
9811 10671 -1000000000
2278 13105 1000000000
5703 11506 -1000000000
3153 15990 1000000000
6778 19022 -1000000000
4065 18483 1000000000
6129 15666 -1000000000
4721 13376 1000000000
8057 13959 -1000000000
445 11536 1000000000
2359 16759 -1000000000
5217 18305 1000000000
7025 13932 -1000000000
4067 15123 1000000000
3265 10613 -1000000000
8131 11968 1000000000
2550 11843 -1000000000
952 16065 1000000000
4204 19425 -1000000000
75 16803 1000000000
3360 13007 -1000000000
8079 13952 1000000000
8625 12220 -1000000000
3677 19906 1000000000
2198 14565 -1000000000
9247 19422 1000000000
4280 18308 -1000000000
7651 15245 1000000000
775 17504 -1000000000
9652 17353 1000000000
166 11544 -1000000000
3503 18938 1000000000
7750 18002 -1000000000
1699 17539 1000000000
4055 16253 -1000000000
5954 10331 1000000000
6619 13345 -1000000000
9582 13868 1000000000
895 16153 -1000000000
8890 18643 1000000000
6598 10024 -1000000000
1284 10004 1000000000
196 19975 -1000000000
1000 17131 1000000000
2663 15675 -1000000000
876 13596 1000000000
17 19729 -1000000000
8281 16042 1000000000
1581 14897 -1000000000
3387 11815 1000000000
7905 12613 -1000000000
1347 11929 1000000000
7075 17908 -1000000000
6547 16293 1000000000
2795 10315 -1000000000
3752 10574 1000000000
75 15805 -1000000000
9306 18332 1000000000
4641 11298 -1000000000
9289 17255 1000000000
4315 13379 -1000000000
8278 17493 1000000000
2731 12193 -1000000000
1090 13241 1000000000
2264 13928 -1000000000
1973 11677 1000000000
1147 13241 -1000000000
4857 11623 1000000000
9713 16511 -1000000000
6796 16346 1000000000
665 18384 -1000000000
6710 18244 1000000000
1570 19845 -1000000000
9184 17930 1000000000
4609 14633 -1000000000
2545 10130 1000000000
3173 15741 -1000000000
2711 11829 1000000000
4963 13912 -1000000000
5322 10017 1000000000
5744 11498 -1000000000
4791 13466 1000000000
7406 15103 -1000000000
7032 13774 1000000000
4143 12802 -1000000000
3912 11166 1000000000
4055 14815 -1000000000
3680 14083 1000000000
9359 13598 -1000000000
2664 14749 1000000000
6760 13720 -1000000000
6646 13402 1000000000
63 19849 -1000000000
7915 10899 1000000000
1318 17093 -1000000000
1299 12382 1000000000
8610 11434 -1000000000
8143 17023 1000000000
8083 10664 -1000000000
4639 18058 1000000000
2311 13374 -1000000000
4619 16100 1000000000
5953 18815 -1000000000
9575 16010 1000000000
8967 14683 -1000000000
5567 17807 1000000000
6449 13189 -1000000000
326 17086 1000000000
9798 14578 -1000000000
1415 19267 1000000000
4032 10684 -1000000000
8700 17300 1000000000
4852 19986 -1000000000
915 15659 1000000000
2895 13070 -1000000000
3895 11436 1000000000
2884 15216 -1000000000
5536 12379 1000000000
19 15548 -1000000000
8832 15983 1000000000
4255 17735 -1000000000
5378 16454 1000000000
3274 13283 -1000000000
2230 11291 1000000000
289 11538 -1000000000
9907 13527 1000000000
7999 19720 -1000000000
2160 18669 1000000000
4994 17689 -1000000000
3852 19963 1000000000
1004 11590 -1000000000
5618 13068 1000000000
1325 13553 -1000000000
4839 14905 1000000000
2338 18935 -1000000000
9003 19729 1000000000
4334 19412 -1000000000
5400 11039 1000000000
4847 12971 -1000000000
5047 13025 1000000000
359 10463 -1000000000
5245 17854 1000000000
4238 14416 -1000000000
7908 14931 1000000000
3750 13944 -1000000000
337 16561 1000000000
7001 19728 -1000000000
1354 19652 1000000000
9089 16674 -1000000000
1233 13245 1000000000
5414 18730 -1000000000
4439 19388 1000000000
5739 12817 -1000000000
234 19977 1000000000
4176 17101 -1000000000
8067 12368 1000000000
2739 14215 -1000000000
1041 15897 1000000000
7649 15939 -1000000000
1548 10154 1000000000
6382 18243 -1000000000
8426 13121 1000000000
3399 18186 -1000000000
7387 15510 1000000000
5294 11939 -1000000000
516 15302 1000000000
8960 14177 -1000000000
8724 12569 1000000000
6813 19061 -1000000000
3812 13073 1000000000
4926 17562 -1000000000
6056 11726 1000000000
4623 19538 -1000000000
1703 14338 1000000000
446 19539 -1000000000
6116 13499 1000000000
4887 15947 -1000000000
8697 18827 1000000000
604 18684 -1000000000
3828 15815 1000000000
2633 10927 -1000000000
1137 12491 1000000000
3625 14229 -1000000000
2382 13177 1000000000
9962 10540 -1000000000
9949 13033 1000000000
4474 17367 -1000000000
9055 19607 1000000000
6644 15852 -1000000000
9084 11228 1000000000
4853 19075 -1000000000
8264 11738 1000000000
9733 19854 -1000000000
1958 13988 1000000000
9313 19943 -1000000000
2708 12024 1000000000
8744 18571 -1000000000
859 16515 1000000000
5193 13204 -1000000000
215 10772 1000000000
2634 19585 -1000000000
6293 16875 1000000000
2000 16771 -1000000000
8614 10896 1000000000
3762 18052 -1000000000
6504 18697 1000000000
9319 19562 -1000000000
9685 15692 1000000000
2867 17263 -1000000000
5973 16808 1000000000
1424 11506 -1000000000
5355 15925 1000000000
7398 17194 -1000000000
708 15879 1000000000
896 11774 -1000000000
8930 11005 1000000000
8535 13268 -1000000000
5753 14707 1000000000
6315 12187 -1000000000
5169 10985 1000000000
9722 14014 -1000000000
1517 16734 1000000000
2152 13013 -1000000000
129 14916 1000000000
5020 12458 -1000000000
3158 15381 1000000000
9002 11321 -1000000000
3240 16770 1000000000
5944 15028 -1000000000
43 19210 1000000000
8654 10560 -1000000000
6556 19404 1000000000
8368 10286 -1000000000
5671 17135 1000000000
8053 17465 -1000000000
4228 16169 1000000000
2437 11534 -1000000000
6421 12911 1000000000
7236 12275 -1000000000
3747 19342 1000000000
5647 17927 -1000000000
4611 14076 1000000000
4840 10006 -1000000000
4606 10737 1000000000
1856 11951 -1000000000
1637 15901 1000000000
2255 17036 -1000000000
2596 11766 1000000000
7592 10588 -1000000000
8508 13789 1000000000
5190 17275 -1000000000
788 13259 1000000000
6099 10982 -1000000000
2285 18546 1000000000
8264 15680 -1000000000
2642 15165 1000000000
3998 11847 -1000000000
7676 10084 1000000000
6602 10166 -1000000000
4659 18810 1000000000
3314 19604 -1000000000
199 14748 1000000000
8622 15690 -1000000000
1909 13774 1000000000
8337 11352 -1000000000
1783 10919 1000000000
3052 13110 -1000000000
7802 17426 1000000000
633 11259 -1000000000
4954 17826 1000000000
9947 12523 -1000000000
6824 18365 1000000000
3396 12621 -1000000000
8175 15757 1000000000
3941 10827 -1000000000
2009 19609 1000000000
8796 10314 -1000000000
3199 13717 1000000000
5231 12994 -1000000000
6323 11995 1000000000
323 12703 -1000000000
8913 11279 1000000000
8893 19129 -1000000000
3450 12512 1000000000
1446 14731 -1000000000
6502 11641 1000000000
3215 14605 -1000000000
9425 19978 1000000000
5722 10115 -1000000000
9320 15699 1000000000
2716 13907 -1000000000
2472 16947 1000000000
9119 14431 -1000000000
6063 15011 1000000000
695 14312 -1000000000
2438 11360 1000000000
7074 17207 -1000000000
3064 10526 1000000000
5492 13673 -1000000000
7026 12963 1000000000
6795 16147 -1000000000
4817 10808 1000000000
9295 13468 -1000000000
6927 10533 1000000000
9241 14670 -1000000000
9585 17108 1000000000
3475 17790 -1000000000
5497 16129 1000000000
5630 11862 -1000000000
4364 11843 1000000000
9720 12346 -1000000000
2672 10617 1000000000
300 14805 -1000000000
6131 15337 1000000000
9431 16176 -1000000000
6763 13882 1000000000
476 18816 -1000000000
9960 18841 1000000000
403 13152 -1000000000
9202 14660 1000000000
7010 10039 -1000000000
8534 17490 1000000000
5421 11150 -1000000000
4366 13191 1000000000
5113 15152 -1000000000
9228 16826 1000000000
4628 19335 -1000000000
4288 18750 1000000000
8082 11306 -1000000000
1182 17578 1000000000
1833 18224 -1000000000
196 17417 1000000000
135 17652 -1000000000
8572 17611 1000000000
931 11493 -1000000000
3655 10990 1000000000
3670 10398 -1000000000
2136 12262 1000000000
2193 10827 -1000000000
9163 18765 1000000000
8135 10643 -1000000000
3847 11994 1000000000
9009 14582 -1000000000
6725 19931 1000000000
3319 15143 -1000000000
3913 19360 1000000000
9716 17703 -1000000000
8637 17631 1000000000
9189 10411 -1000000000
2077 16429 1000000000
2914 11399 -1000000000
3350 14178 1000000000
9762 15402 -1000000000
7707 11468 1000000000
4511 11289 -1000000000
8213 18372 1000000000
6050 18353 -1000000000
6652 19697 1000000000
464 18920 -1000000000
6414 12153 1000000000
515 16029 -1000000000
1002 19110 1000000000
8291 13991 -1000000000
8433 13204 1000000000
9722 14820 -1000000000
607 18655 1000000000
2860 12269 -1000000000
5057 16095 1000000000
7314 18606 -1000000000
7668 16738 1000000000
7356 18254 -1000000000
4188 18950 1000000000
5789 17702 -1000000000
3411 19385 1000000000
7228 12216 -1000000000
7450 13590 1000000000
4459 15509 -1000000000
6292 19788 1000000000
498 19256 -1000000000
7814 10612 1000000000
4153 14386 -1000000000
6949 11270 1000000000
8862 17327 -1000000000
1892 12739 1000000000
1151 12336 -1000000000
6154 12837 1000000000
2469 10563 -1000000000
8512 19021 1000000000
8706 19025 -1000000000
8138 17565 1000000000
5118 17198 -1000000000
3051 19210 1000000000
2672 18155 -1000000000
7220 10432 1000000000
8398 17823 -1000000000
8688 19739 1000000000
1498 18081 -1000000000
4020 17697 1000000000
7440 16793 -1000000000
2108 13614 1000000000
6111 11421 -1000000000
1559 13509 1000000000
6756 15851 -1000000000
9330 16207 1000000000
7125 15434 -1000000000
2754 18414 1000000000
4546 16213 -1000000000
8867 12041 1000000000
5141 11138 -1000000000
7637 18736 1000000000
23 12212 -1000000000
6172 18278 1000000000
3020 12615 -1000000000
727 10268 1000000000
1733 12798 -1000000000
4256 12918 1000000000
4070 15243 -1000000000
9153 17036 1000000000
1849 15624 -1000000000
3263 16950 1000000000
1326 12505 -1000000000
7413 17178 1000000000
139 16865 -1000000000
4098 13751 1000000000
6006 17587 -1000000000
1785 15343 1000000000
3180 13982 -1000000000
5541 13462 1000000000
2600 11797 -1000000000
3395 10944 1000000000
7615 13679 -1000000000
477 13929 1000000000
4995 11252 -1000000000
8252 11680 1000000000
1293 13898 -1000000000
9694 11044 1000000000
5477 13176 -1000000000
3669 13800 1000000000
4510 13446 -1000000000
6765 11451 1000000000
3848 19133 -1000000000
2292 18600 1000000000
747 11035 -1000000000
794 15986 1000000000
3850 19621 -1000000000
8769 17597 1000000000
1988 15944 -1000000000
2006 14457 1000000000
645 11836 -1000000000
7480 13525 1000000000
8867 16954 -1000000000
3868 14474 1000000000
6117 11128 -1000000000
8823 10761 1000000000
4335 15482 -1000000000
7944 19079 1000000000
3142 11810 -1000000000
8087 18040 1000000000
3487 12008 -1000000000
3070 18235 1000000000
2563 16228 -1000000000
8461 17945 1000000000
1703 19117 -1000000000
418 10317 1000000000
6659 14185 -1000000000
9867 12641 1000000000
5817 18834 -1000000000
6913 16713 1000000000
7169 16879 -1000000000
9620 19075 1000000000
1972 14694 -1000000000
1446 15814 1000000000
1364 14248 -1000000000
1589 10493 1000000000
3898 12141 -1000000000
2348 13913 1000000000
3449 19498 -1000000000
7088 13118 1000000000
838 12866 -1000000000
3465 13383 1000000000
2963 16662 -1000000000
6378 11020 1000000000
4641 16475 -1000000000
1372 12741 1000000000
1880 10141 -1000000000
5395 11237 1000000000
1213 15588 -1000000000
3746 15081 1000000000
1417 13750 -1000000000
9769 13211 1000000000
3497 15235 -1000000000
2756 19508 1000000000
3962 12263 -1000000000
9475 14954 1000000000
5134 19434 -1000000000
699 19007 1000000000
2321 17763 -1000000000
8137 13101 1000000000
8289 12266 -1000000000
6163 11917 1000000000
8688 13566 -1000000000
4164 16768 1000000000
857 10141 -1000000000
7354 19729 1000000000
783 17368 -1000000000
6620 17721 1000000000
5329 14479 -1000000000
925 14833 1000000000
9225 16446 -1000000000
2314 12588 1000000000
8217 11915 -1000000000
4840 18295 1000000000
5475 17440 -1000000000
4943 13047 1000000000
4646 10142 -1000000000
2842 10049 1000000000
167 13990 -1000000000
4436 18184 1000000000
7882 19853 -1000000000
6573 15086 1000000000
2651 13910 -1000000000
735 14153 1000000000
8201 10154 -1000000000
6746 16013 1000000000
6845 17889 -1000000000
989 14243 1000000000
3514 16711 -1000000000
2715 15141 1000000000
8677 12963 -1000000000
8159 15777 1000000000
1878 12184 -1000000000
4396 11754 1000000000
2552 16534 -1000000000
8053 11739 1000000000
2970 16223 -1000000000
8956 14178 1000000000
125 13783 -1000000000
4242 19641 1000000000
9583 17263 -1000000000
902 15582 1000000000
6469 12903 -1000000000
3955 17392 1000000000
5345 14742 -1000000000
4648 12010 1000000000
9653 10208 -1000000000
388 15997 1000000000
709 15664 -1000000000
4924 16349 1000000000
8322 16170 -1000000000
5906 13487 1000000000
3188 17109 -1000000000
717 17351 1000000000
7028 13200 -1000000000
714 14819 1000000000
7262 19821 -1000000000
9472 14254 1000000000
1485 12274 -1000000000
7802 11582 1000000000
2227 19223 -1000000000
7742 17427 1000000000
7679 12125 -1000000000
1294 14701 1000000000
8955 11247 -1000000000
4318 12025 1000000000
4213 10350 -1000000000
5123 14901 1000000000
8844 17864 -1000000000
2029 17650 1000000000
3780 11374 -1000000000
8679 12921 1000000000
736 18366 -1000000000
1847 11300 1000000000
3876 15350 -1000000000
1599 12577 1000000000
9708 13316 -1000000000
6285 18458 1000000000
7523 17693 -1000000000
7418 19014 1000000000
8622 10540 -1000000000
9259 16160 1000000000
2927 10674 -1000000000
584 17747 1000000000
836 16951 -1000000000
6880 10504 1000000000
3751 13158 -1000000000
8816 16179 1000000000
2212 14604 -1000000000
7861 17445 1000000000
2717 18438 -1000000000
4789 11280 1000000000
541 13044 -1000000000
7560 13515 1000000000
1741 16136 -1000000000
6294 18242 1000000000
691 13217 -1000000000
5156 12842 1000000000
5064 16138 -1000000000
4560 10409 1000000000
6299 15373 -1000000000
1341 16269 1000000000
40 13503 -1000000000
3300 14517 1000000000
1826 10513 -1000000000
5706 14560 1000000000
3826 10432 -1000000000
4831 13025 1000000000
5543 16161 -1000000000
6543 16735 1000000000
5835 19296 -1000000000
6449 19534 1000000000
4846 15724 -1000000000
8775 10109 1000000000
3675 16158 -1000000000
2569 15908 1000000000
2585 17269 -1000000000
3299 13926 1000000000
5572 13169 -1000000000
9384 13353 1000000000
4176 10836 -1000000000
6646 19632 1000000000
5531 10410 -1000000000
5299 10969 1000000000
1368 15069 -1000000000
9328 16884 1000000000
7090 13658 -1000000000
5203 11533 1000000000
7673 18605 -1000000000
7258 19567 1000000000
464 14765 -1000000000
3533 11902 1000000000
6196 11509 -1000000000
6950 15148 1000000000
1843 11525 -1000000000
4461 12844 1000000000
2298 17990 -1000000000
8338 15471 1000000000
6836 13644 -1000000000
6796 16448 1000000000
4200 18588 -1000000000
2932 16513 1000000000
8615 15114 -1000000000
2020 10056 1000000000
7877 12237 -1000000000
363 16241 1000000000
9982 17197 -1000000000
4334 13252 1000000000
4267 18917 -1000000000
522 18638 1000000000
1069 13242 -1000000000
5502 12592 1000000000
639 10501 -1000000000
7474 19216 1000000000
4515 13937 -1000000000
4412 19899 1000000000
3382 10733 -1000000000
2778 16743 1000000000
1457 11171 -1000000000
664 18682 1000000000
713 17848 -1000000000
8171 18559 1000000000
7554 10271 -1000000000
608 16767 1000000000
4306 12651 -1000000000
428 12871 1000000000
9919 17558 -1000000000
6689 18223 1000000000
1901 10531 -1000000000
896 16557 1000000000
3049 13950 -1000000000
983 10792 1000000000
7096 19113 -1000000000
5502 10665 1000000000
9694 17557 -1000000000
5652 15281 1000000000
4681 15571 -1000000000
6656 15815 1000000000
4008 18146 -1000000000
1951 12637 1000000000
9593 11662 -1000000000
2044 11877 1000000000
69 11566 -1000000000
4447 17982 1000000000
3919 19648 -1000000000
48 14123 1000000000
4050 19932 -1000000000
2909 13271 1000000000
8844 18665 -1000000000
9134 16775 1000000000
5326 16604 -1000000000
5613 15197 1000000000
9602 10407 -1000000000
8757 13357 1000000000
9842 10660 -1000000000
4152 13556 1000000000
2832 11623 -1000000000
9597 12453 1000000000
6475 16550 -1000000000
6918 17712 1000000000
1401 15752 -1000000000
4510 14855 1000000000
592 19862 -1000000000
6726 19106 1000000000
6182 11098 -1000000000
1403 15332 1000000000
7688 11344 -1000000000
5090 11190 1000000000
3717 11189 -1000000000
148 16916 1000000000
9649 18933 -1000000000
7571 14654 1000000000
2350 13993 -1000000000
8451 19297 1000000000
8623 10869 -1000000000
1493 12530 1000000000
3229 13867 -1000000000
7264 19607 1000000000
2765 17307 -1000000000
5181 11313 1000000000
2793 14050 -1000000000
4345 17981 1000000000
712 14664 -1000000000
4077 18185 1000000000
4309 11087 -1000000000
4697 19207 1000000000
377 17737 -1000000000
2484 10238 1000000000
8511 12924 -1000000000
9835 13390 1000000000
7529 10780 -1000000000
4582 11702 1000000000
9658 12215 -1000000000
2109 18331 1000000000
7214 19131 -1000000000
3536 19189 1000000000
1823 14349 -1000000000
2899 16098 1000000000
659 15599 -1000000000
4558 14046 1000000000
1634 15886 -1000000000
9685 14892 1000000000
1733 12180 -1000000000
8654 12110 1000000000
428 12762 -1000000000
9554 11019 1000000000
8900 14878 -1000000000
3716 16763 1000000000
2564 15301 -1000000000
6632 10024 1000000000
994 18545 -1000000000
345 16193 1000000000
8562 19792 -1000000000
4978 15498 1000000000
8119 14939 -1000000000
8523 18386 1000000000
4551 12093 -1000000000
493 18085 1000000000
9294 11185 -1000000000
656 11289 1000000000
2296 12508 -1000000000
8862 17038 1000000000
5805 14494 -1000000000
6167 17151 1000000000
6804 14197 -1000000000
9782 11074 1000000000
2866 18394 -1000000000
1461 16365 1000000000
2434 14885 -1000000000
84 19479 1000000000
7603 14702 -1000000000
9072 17078 1000000000
1082 13665 -1000000000
8845 18675 1000000000
1278 19714 -1000000000
5925 12979 1000000000
7593 10301 -1000000000
2063 10074 1000000000
7391 14659 -1000000000
2678 10318 1000000000
9144 10920 -1000000000
2466 18405 1000000000
462 13588 -1000000000
211 11802 1000000000
3199 13911 -1000000000
4729 12414 1000000000
7875 12672 -1000000000
9114 17365 1000000000
5884 13542 -1000000000
2976 13251 1000000000
5249 12761 -1000000000
8334 11792 1000000000
133 13397 -1000000000
7515 11749 1000000000
2 19426 -1000000000
7802 17573 1000000000
9500 12061 -1000000000
3625 13920 1000000000
4431 16861 -1000000000
6668 13798 1000000000
4020 14636 -1000000000
4702 17367 1000000000
6560 11636 -1000000000
9698 17306 1000000000
3024 10810 -1000000000
6572 13451 1000000000
1967 10985 -1000000000
6659 13358 1000000000
7578 12362 -1000000000
1265 10621 1000000000
1199 16566 -1000000000
8194 19995 1000000000
3988 17296 -1000000000
4984 11074 1000000000
6178 15572 -1000000000
1434 10978 1000000000
3147 17698 -1000000000
9551 18497 1000000000
5273 10293 -1000000000
7256 10568 1000000000
7931 13609 -1000000000
2223 15504 1000000000
9223 17660 -1000000000
1039 13691 1000000000
6428 16430 -1000000000
1542 10814 1000000000
7007 16583 -1000000000
1995 13877 1000000000
9752 17042 -1000000000
3423 11913 1000000000
2976 12236 -1000000000
9695 17569 1000000000
3483 17527 -1000000000
2301 17730 1000000000
9258 12963 -1000000000
5591 14408 1000000000
3868 11958 -1000000000
965 11608 1000000000
1498 12923 -1000000000
2804 12825 1000000000
5967 19296 -1000000000
6448 19119 1000000000
6407 11647 -1000000000
5042 13226 1000000000
1035 16537 -1000000000
2739 13792 1000000000
1837 19535 -1000000000
4900 18713 1000000000
5688 12645 -1000000000
9609 13171 1000000000
4909 13561 -1000000000
8440 14917 1000000000
3282 18590 -1000000000
6745 16556 1000000000
2290 12021 -1000000000
133 19976 1000000000
7430 11641 -1000000000
3408 11637 1000000000
5280 12671 -1000000000
2112 16326 1000000000
4585 18778 -1000000000
6555 14244 1000000000
7189 13317 -1000000000
4368 14677 1000000000
8829 10191 -1000000000
3510 13316 1000000000
542 12167 -1000000000
2937 18383 1000000000
6912 15374 -1000000000
9996 15775 1000000000
3428 15061 -1000000000
6797 15787 1000000000
1104 15118 -1000000000
1348 12640 1000000000
2923 15873 -1000000000
7251 15573 1000000000
5382 15481 -1000000000
4645 14245 1000000000
7583 17609 -1000000000
4059 14192 1000000000
1443 10006 -1000000000
2952 19372 1000000000
5101 16887 -1000000000
3358 11325 1000000000
6990 12285 -1000000000
301 16553 1000000000
7322 16297 -1000000000
2796 11389 1000000000
5522 19217 -1000000000
2921 16033 1000000000
6623 12219 -1000000000
1028 19179 1000000000
4787 16989 -1000000000
7912 11858 1000000000
8678 14574 -1000000000
251 15794 1000000000
9103 15745 -1000000000
7140 10996 1000000000
5962 19252 -1000000000
2707 10803 1000000000
6907 16803 -1000000000
5405 17206 1000000000
7677 14227 -1000000000
6248 11556 1000000000
3802 17117 -1000000000
1086 19090 1000000000
6626 16135 -1000000000
9939 12648 1000000000
7876 17349 -1000000000
4076 13022 1000000000
6124 13927 -1000000000
7951 14634 1000000000
9986 13675 -1000000000
6366 11907 1000000000
1600 12544 -1000000000
6008 16922 1000000000
398 12602 -1000000000
1204 12501 1000000000
1994 16961 -1000000000
4618 16426 1000000000
6564 11791 -1000000000
6630 18543 1000000000
2860 14564 -1000000000
1972 18494 1000000000
4239 16840 -1000000000
9148 11737 1000000000
2773 19789 -1000000000
1524 16359 1000000000
5724 16549 -1000000000
4100 13123 1000000000
5020 10599 -1000000000
5949 17831 1000000000
1090 12919 -1000000000
273 15749 1000000000
4008 13965 -1000000000
3945 15279 1000000000
1857 10538 -1000000000
8619 14865 1000000000
484 17733 -1000000000
4647 16914 1000000000
5976 12955 -1000000000
2815 15311 1000000000
1340 18987 -1000000000
4855 15069 1000000000
7302 18855 -1000000000
1591 18950 1000000000
1822 18918 -1000000000
6222 11730 1000000000
1074 14688 -1000000000
7116 19071 1000000000
1922 16628 -1000000000
5306 10359 1000000000
1598 17189 -1000000000
3725 10814 1000000000
5693 16651 -1000000000
2133 17610 1000000000
5774 17148 -1000000000
7044 18844 1000000000
5835 19696 -1000000000
2083 11568 1000000000
6417 18381 -1000000000
4274 17167 1000000000
3585 18595 -1000000000
8210 19114 1000000000
3348 13157 -1000000000
1756 13042 1000000000
8191 11165 -1000000000
4492 13227 1000000000
2582 17501 -1000000000
3314 17004 1000000000
8452 15498 -1000000000
2836 10031 1000000000
4295 16903 -1000000000
2358 17295 1000000000
3658 17158 -1000000000
2763 16724 1000000000
3580 12241 -1000000000
274 19896 1000000000
6216 17832 -1000000000
9756 14949 1000000000
8194 11313 -1000000000
27 14962 1000000000
7488 18470 -1000000000
9384 18245 1000000000
4084 16963 -1000000000
3580 17621 1000000000
1688 11609 -1000000000
7482 18192 1000000000
4661 18811 -1000000000
5577 10695 1000000000
6762 11303 -1000000000
9801 13943 1000000000
5859 16085 -1000000000
4922 17812 1000000000
2190 15451 -1000000000
700 13971 1000000000
8179 12284 -1000000000
9677 19698 1000000000
1489 10704 -1000000000
7675 14154 1000000000
6320 14297 -1000000000
8331 13845 1000000000
1281 16363 -1000000000
7676 18692 1000000000
8865 14184 -1000000000
5118 16598 1000000000
7136 13359 -1000000000
8011 16518 1000000000
5430 11648 -1000000000
7333 16221 1000000000
822 17451 -1000000000
766 17325 1000000000
19 14250 -1000000000
6942 17172 1000000000
9791 14153 -1000000000
4257 10378 1000000000
7519 11061 -1000000000
9490 13869 1000000000
6744 16031 -1000000000
9988 13280 1000000000
710 17174 -1000000000
5374 14228 1000000000
519 16331 -1000000000
6006 11576 1000000000
4093 17285 -1000000000
3748 10634 1000000000
6296 16649 -1000000000
9832 11054 1000000000
4333 16445 -1000000000
1930 16180 1000000000
5581 19276 -1000000000
3579 15066 1000000000
8824 11621 -1000000000
7352 11368 1000000000
6946 19921 -1000000000
4579 19978 1000000000
8299 11859 -1000000000
6669 16566 1000000000
8403 17583 -1000000000
6334 19681 1000000000
5668 13392 -1000000000
9377 13097 1000000000
3680 14159 -1000000000
9094 12797 1000000000
5072 13765 -1000000000
7879 11972 1000000000
4023 14252 -1000000000
6985 15891 1000000000
4194 12092 -1000000000
6933 18579 1000000000
4381 11997 -1000000000
3362 13030 1000000000
5705 16686 -1000000000
2642 17873 1000000000
6948 16855 -1000000000
1545 11657 1000000000
9689 12617 -1000000000
5487 13895 1000000000
3211 17448 -1000000000
7083 18483 1000000000
7204 19866 -1000000000
1405 15603 1000000000
7314 18021 -1000000000
2557 11599 1000000000
5835 12923 -1000000000
3501 15549 1000000000
1090 10251 -1000000000
4439 10401 1000000000
6583 14594 -1000000000
5273 15346 1000000000
7218 17003 -1000000000
679 18096 1000000000
957 19675 -1000000000
2963 11612 1000000000
8557 15341 -1000000000
1835 14764 1000000000
7186 14819 -1000000000
5741 18645 1000000000
9583 13466 -1000000000
1505 12356 1000000000
1961 19715 -1000000000
8776 17664 1000000000
2290 16599 -1000000000
7558 18462 1000000000
4078 12202 -1000000000
8575 16194 1000000000
8571 12359 -1000000000
9628 14105 1000000000
1047 12744 -1000000000
6008 16600 1000000000
8716 16320 -1000000000
7092 13926 1000000000
4763 18544 -1000000000
7010 10892 1000000000
7105 14638 -1000000000
7942 18402 1000000000
4269 13584 -1000000000
8962 12361 1000000000
3266 18573 -1000000000
2742 19549 1000000000
2718 17940 -1000000000
5519 18275 1000000000
5629 18946 -1000000000
6903 16264 1000000000
9514 17238 -1000000000
9359 18361 1000000000
4914 13605 -1000000000
4407 14542 1000000000
9045 11253 -1000000000
2223 18639 1000000000
6301 10065 -1000000000
1358 12638 1000000000
4604 19355 -1000000000
3899 18238 1000000000
5405 16361 -1000000000
1291 10673 1000000000
6017 14098 -1000000000
9039 15777 1000000000
5637 16479 -1000000000
3023 12112 1000000000
6466 11430 -1000000000
7213 11164 1000000000
4697 15186 -1000000000
367 19774 1000000000
7747 11339 -1000000000
4196 13145 1000000000
6463 18885 -1000000000
3683 16212 1000000000
6512 19377 -1000000000
9350 10214 1000000000
6789 12380 -1000000000
7181 12588 1000000000
3327 12410 -1000000000
3256 19419 1000000000
8359 17056 -1000000000
6757 18854 1000000000
92 18917 -1000000000
2143 13973 1000000000
8693 18104 -1000000000
9787 19210 1000000000
4670 15786 -1000000000
7044 13997 1000000000
3291 19273 -1000000000
3107 11347 1000000000
3998 14953 -1000000000
775 15146 1000000000
9733 11476 -1000000000
9801 10663 1000000000
8698 15518 -1000000000
8242 14956 1000000000
3522 11596 -1000000000
6602 11749 1000000000
5253 15803 -1000000000
4971 16913 1000000000
2818 12716 -1000000000
897 10683 1000000000
9189 18237 -1000000000
1639 17615 1000000000
7472 15468 -1000000000
2187 11041 1000000000
1816 17161 -1000000000
6068 19240 1000000000
4696 10276 -1000000000
6911 18404 1000000000
5917 11205 -1000000000
264 12419 1000000000
2807 10471 -1000000000
1244 11133 1000000000
2851 18314 -1000000000
2376 10480 1000000000
4795 12217 -1000000000
8985 16565 1000000000
9297 18373 -1000000000
4093 10140 1000000000
6006 17324 -1000000000
8267 13440 1000000000
1870 13805 -1000000000
615 16440 1000000000
8633 12925 -1000000000
4782 16210 1000000000
189 19371 -1000000000
9640 13935 1000000000
3787 11096 -1000000000
9003 14837 1000000000
3170 18864 -1000000000
9130 19932 1000000000
4370 19236 -1000000000
3297 15992 1000000000
7210 15895 -1000000000
6180 17525 1000000000
6009 10973 -1000000000
8574 17792 1000000000
2844 17439 -1000000000
8219 11060 1000000000
1126 17109 -1000000000
9659 19438 1000000000
684 18003 -1000000000
3349 12210 1000000000
7989 13981 -1000000000
1273 17435 1000000000
4518 19619 -1000000000
9274 11658 1000000000
6702 12973 -1000000000
913 14221 1000000000
9535 10967 -1000000000
7011 10778 1000000000
2881 17374 -1000000000
928 16072 1000000000
6587 19780 -1000000000
4546 15667 1000000000
8671 10978 -1000000000
2985 14332 1000000000
5602 14622 -1000000000
5568 10269 1000000000
2063 11297 -1000000000
4604 19191 1000000000
4853 11577 -1000000000
3892 19497 1000000000
2315 14652 -1000000000
5276 18579 1000000000
6637 14781 -1000000000
6484 11675 1000000000
2694 15072 -1000000000
578 15995 1000000000
6538 19602 -1000000000
9803 19902 1000000000
3507 15766 -1000000000
6396 19262 1000000000
685 18306 -1000000000
1203 12939 1000000000
5313 14034 -1000000000
5746 17651 1000000000
921 12673 -1000000000
4295 10030 1000000000
1924 18725 -1000000000
6969 11881 1000000000
6089 14024 -1000000000
5567 14271 1000000000
9422 15281 -1000000000
3248 13449 1000000000
5650 14429 -1000000000
4795 18853 1000000000
1899 19306 -1000000000
8953 16838 1000000000
2177 11085 -1000000000
1492 18166 1000000000
5534 10838 -1000000000
67 18065 1000000000
5181 12312 -1000000000
3151 13415 1000000000
5407 18941 -1000000000
6567 18888 1000000000
9497 17254 -1000000000
6231 10917 1000000000
440 19050 -1000000000
3934 17084 1000000000
4512 13704 -1000000000
4218 15790 1000000000
2533 18165 -1000000000
5716 12868 1000000000
5305 13193 -1000000000
9012 12736 1000000000
5805 17756 -1000000000
2371 14156 1000000000
8758 19439 -1000000000
3730 12091 1000000000
633 10956 -1000000000
1366 19348 1000000000
8121 12402 -1000000000
5441 15700 1000000000
285 17410 -1000000000
6375 18547 1000000000
3136 10572 -1000000000
6486 13150 1000000000
7755 14969 -1000000000
2161 17449 1000000000
6134 15241 -1000000000
5536 13770 1000000000
9499 19661 -1000000000
9888 18900 1000000000
3461 13070 -1000000000
7840 19811 1000000000
9493 16693 -1000000000
7752 17224 1000000000
4207 11158 -1000000000
8965 19887 1000000000
8891 14253 -1000000000
7355 18475 1000000000
423 14364 -1000000000
8773 17024 1000000000
9178 10427 -1000000000
6743 12516 1000000000
5707 13676 -1000000000
584 17308 1000000000
126 16517 -1000000000
756 10456 1000000000
1077 17091 -1000000000
9022 14254 1000000000
9405 19860 -1000000000
9814 16493 1000000000
5517 16179 -1000000000
1962 10331 1000000000
2157 19987 -1000000000
2839 19433 1000000000
6530 17345 -1000000000
8894 18998 1000000000
8050 14666 -1000000000
8756 12520 1000000000
5502 13825 -1000000000
7943 17484 1000000000
2689 13121 -1000000000
3453 19434 1000000000
2309 14078 -1000000000
7193 14975 1000000000
506 16008 -1000000000
6173 14446 1000000000
3512 17228 -1000000000
9560 17282 1000000000
6788 16501 -1000000000
97 14911 1000000000
678 11624 -1000000000
8846 10012 1000000000
2629 19781 -1000000000
1626 15922 1000000000
1498 12207 -1000000000
3184 14043 1000000000
3740 11685 -1000000000
3347 11749 1000000000
5300 19723 -1000000000
7811 19158 1000000000
2486 13024 -1000000000
9251 10123 1000000000
8694 12355 -1000000000
5285 11475 1000000000
8586 19690 -1000000000
4079 12409 1000000000
3587 12623 -1000000000
7299 15490 1000000000
1669 17944 -1000000000
3677 15627 1000000000
1972 15020 -1000000000
8982 16407 1000000000
692 18504 -1000000000
8176 19326 1000000000
5055 19573 -1000000000
9865 12624 1000000000
8146 16981 -1000000000
1144 14654 1000000000
3837 11701 -1000000000
3256 16827 1000000000
7213 17290 -1000000000
7472 19107 1000000000
8538 13857 -1000000000
748 17868 1000000000
3482 17852 -1000000000
767 16963 1000000000
426 10001 -1000000000
4581 18637 1000000000
3059 10880 -1000000000
471 14249 1000000000
8469 15471 -1000000000
4363 17420 1000000000
3791 19837 -1000000000
1075 10197 1000000000
8682 17936 -1000000000
8995 14204 1000000000
2221 17079 -1000000000
3537 17278 1000000000
344 19232 -1000000000
8117 17506 1000000000
9730 17218 -1000000000
5725 10558 1000000000
275 10900 -1000000000
1144 15070 1000000000
2203 10600 -1000000000
85 13629 1000000000
9368 17043 -1000000000
7565 12378 1000000000
1864 19513 -1000000000
621 12932 1000000000
6629 19319 -1000000000
5210 13327 1000000000
5014 14353 -1000000000
2403 17449 1000000000
9809 11288 -1000000000
9629 17158 1000000000
7785 19745 -1000000000
9274 19877 1000000000
5710 17153 -1000000000
7191 11891 1000000000
5020 10251 -1000000000
8334 19859 1000000000
4493 16314 -1000000000
3432 13940 1000000000
1584 10354 -1000000000
4792 19095 1000000000
8708 16945 -1000000000
1373 16632 1000000000
1734 18469 -1000000000
4145 11996 1000000000
4901 19970 -1000000000
9229 17230 1000000000
4415 13333 -1000000000
8338 10253 1000000000
6083 14185 -1000000000
6733 11051 1000000000
4618 17425 -1000000000
490 18655 1000000000
6880 15836 -1000000000
4144 17692 1000000000
671 18457 -1000000000
8558 11664 1000000000
3699 18752 -1000000000
4480 10132 1000000000
5941 15305 -1000000000
1301 17478 1000000000
4750 13705 -1000000000
3860 11573 1000000000
7515 15659 -1000000000
8702 14334 1000000000
4976 18217 -1000000000
5210 13892 1000000000
3148 10331 -1000000000
7054 19931 1000000000
2997 17266 -1000000000
8753 15374 1000000000
8481 14098 -1000000000
5634 17454 1000000000
937 19475 -1000000000
6937 12937 1000000000
7611 18152 -1000000000
4072 15014 1000000000
400 15686 -1000000000
9360 12122 1000000000
8143 17876 -1000000000
651 12728 1000000000
9305 13844 -1000000000
8478 12517 1000000000
5424 11107 -1000000000
8188 11563 1000000000
371 16127 -1000000000
8237 15947 1000000000
4033 13317 -1000000000
1341 11290 1000000000
653 16230 -1000000000
5629 11241 1000000000
5962 14287 -1000000000
4589 17042 1000000000
7678 16957 -1000000000
3648 18895 1000000000
8412 18288 -1000000000
5393 12660 1000000000
636 14735 -1000000000
4158 12662 1000000000
8772 10679 -1000000000
1747 16804 1000000000
4238 19741 -1000000000
8000 10479 1000000000
958 17238 -1000000000
5453 14963 1000000000
9384 13823 -1000000000
8861 15289 1000000000
8116 12745 -1000000000
3780 15784 1000000000
9547 15866 -1000000000
5576 10100 1000000000
7135 18215 -1000000000
5786 17220 1000000000
4000 18680 -1000000000
983 11555 1000000000
2597 12597 -1000000000
4351 15367 1000000000
4635 16980 -1000000000
918 13767 1000000000
2308 16240 -1000000000
8103 10651 1000000000
2875 11590 -1000000000
4027 15487 1000000000
5210 11066 -1000000000
6284 13156 1000000000
2566 15871 -1000000000
751 17884 1000000000
2137 16958 -1000000000
2767 11593 1000000000
5304 13229 -1000000000
7155 14595 1000000000
7246 12357 -1000000000
4180 13179 1000000000
5264 19641 -1000000000
1992 10252 1000000000
5494 12928 -1000000000
6743 16845 1000000000
4265 16834 -1000000000
2940 16038 1000000000
2564 10309 -1000000000
3593 16754 1000000000
1786 12265 -1000000000
8745 19149 1000000000
4895 16617 -1000000000
9211 17924 1000000000
7250 19027 -1000000000
801 13482 1000000000
2746 17438 -1000000000
1458 15125 1000000000
2140 14470 -1000000000
9129 10632 1000000000
6081 13259 -1000000000
4570 14214 1000000000
6610 10161 -1000000000
751 14031 1000000000
7916 19208 -1000000000
5625 18654 1000000000
2896 14446 -1000000000
5590 18846 1000000000
4296 14157 -1000000000
3741 13437 1000000000
3149 18144 -1000000000
6231 14012 1000000000
275 12567 -1000000000
5354 10020 1000000000
2921 17981 -1000000000
2671 11433 1000000000
7372 14412 -1000000000
2619 12923 1000000000
6976 17201 -1000000000
9714 13094 1000000000
4258 19919 -1000000000
363 15241 1000000000
34 17001 -1000000000
1556 17645 1000000000
8448 16520 -1000000000
4620 17223 1000000000
6767 16032 -1000000000
2848 16480 1000000000
2262 19021 -1000000000
2618 16527 1000000000
5000 14401 -1000000000
6530 15248 1000000000
1937 15387 -1000000000
1962 14751 1000000000
7980 13913 -1000000000
1655 16386 1000000000
7644 19205 -1000000000
9352 18433 1000000000
3573 10665 -1000000000
3966 11409 1000000000
8699 10085 -1000000000
7202 12644 1000000000
3546 14078 -1000000000
9787 10255 1000000000
7591 15509 -1000000000
1868 17104 1000000000
2777 17306 -1000000000
1759 17523 1000000000
7786 13708 -1000000000
6962 19786 1000000000
1314 14762 -1000000000
8114 19483 1000000000
3032 18556 -1000000000
3651 11640 1000000000
8778 14260 -1000000000
1840 14301 1000000000
916 15941 -1000000000
4646 17083 1000000000
212 16294 -1000000000
9043 18861 1000000000
9407 10899 -1000000000
3081 10145 1000000000
7036 19557 -1000000000
9873 16027 1000000000
9777 14720 -1000000000
5055 19754 1000000000
9066 15767 -1000000000
1082 18049 1000000000
367 15499 -1000000000
1795 13058 1000000000
9973 15840 -1000000000
3246 17963 1000000000
2300 13194 -1000000000
1130 14832 1000000000
8793 15595 -1000000000
4195 19982 1000000000
9633 18013 -1000000000
7883 13610 1000000000
5991 15185 -1000000000
4504 17259 1000000000
8988 11296 -1000000000
5843 14853 1000000000
3985 12097 -1000000000
2974 17727 1000000000
493 17603 -1000000000
4282 11336 1000000000
1411 10875 -1000000000
6906 16141 1000000000
9872 14302 -1000000000
314 16087 1000000000
7232 17545 -1000000000
2799 17473 1000000000
3083 14216 -1000000000
236 12440 1000000000
7503 16164 -1000000000
3239 12723 1000000000
5278 16474 -1000000000
4613 16327 1000000000
9686 15649 -1000000000
3811 17285 1000000000
3481 15292 -1000000000
3528 11575 1000000000
6622 11248 -1000000000
8866 17266 1000000000
2840 17109 -1000000000
6151 10963 1000000000
1341 19752 -1000000000
535 10681 1000000000
747 13843 -1000000000
8955 14074 1000000000
7626 12724 -1000000000
8607 16072 1000000000
9759 10975 -1000000000
6756 11508 1000000000
526 13751 -1000000000
4771 12612 1000000000
5615 11725 -1000000000
5729 15376 1000000000
3679 19585 -1000000000
1322 13499 1000000000
857 18947 -1000000000
9527 12038 1000000000
5390 16801 -1000000000
3741 10422 1000000000
8830 16069 -1000000000
5186 15253 1000000000
7242 10448 -1000000000
8507 18234 1000000000
1588 11732 -1000000000
431 14128 1000000000
8146 10748 -1000000000
2545 14494 1000000000
9581 12154 -1000000000
4503 14511 1000000000
7004 11582 -1000000000
4893 14380 1000000000
5512 16548 -1000000000
5391 14393 1000000000
2882 17861 -1000000000
3040 17280 1000000000
5377 12609 -1000000000
809 13088 1000000000
6881 15848 -1000000000
1740 11229 1000000000
3243 17920 -1000000000
2437 18292 1000000000
8714 13219 -1000000000
8319 18028 1000000000
6250 11660 -1000000000
9522 15014 1000000000
3692 11405 -1000000000
1992 19135 1000000000
8840 11882 -1000000000
7411 15349 1000000000
8224 10066 -1000000000
2764 18681 1000000000
7590 18467 -1000000000
8903 17035 1000000000
2371 17588 -1000000000
149 16341 1000000000
2182 10498 -1000000000
6378 12389 1000000000
5374 12435 -1000000000
7676 12962 1000000000
5758 16860 -1000000000
2089 17558 1000000000
9706 17049 -1000000000
9260 15076 1000000000
947 19365 -1000000000
5268 12124 1000000000
1550 17240 -1000000000
4295 11911 1000000000
4589 10159 -1000000000
4641 10853 1000000000
8671 14333 -1000000000
981 17699 1000000000
9337 11223 -1000000000
1718 10016 1000000000
9410 19966 -1000000000
5323 17849 1000000000
7255 18408 -1000000000
5095 13539 1000000000
7962 15877 -1000000000
4280 10417 1000000000
9345 19755 -1000000000
2259 17683 1000000000
4349 13820 -1000000000
368 19509 1000000000
9371 18154 -1000000000
5128 15470 1000000000
3438 19927 -1000000000
1411 14487 1000000000
2013 16832 -1000000000
4245 15973 1000000000
3415 17201 -1000000000
8437 15374 1000000000
5697 19299 -1000000000
4572 14301 1000000000
387 16804 -1000000000
8366 15188 1000000000
136 19268 -1000000000
6522 19327 1000000000
224 10094 -1000000000
3836 15320 1000000000
6551 10235 -1000000000
8263 11407 1000000000
9827 18733 -1000000000
4264 11982 1000000000
7918 19317 -1000000000
6926 17616 1000000000
4026 19644 -1000000000
1143 18049 1000000000
3997 11017 -1000000000
7331 17653 1000000000
6217 13261 -1000000000
8433 14296 1000000000
2915 12510 -1000000000
1281 14046 1000000000
7769 12481 -1000000000
4571 12288 1000000000
9546 15904 -1000000000
3099 16289 1000000000
530 18871 -1000000000
3023 17446 1000000000
1008 12414 -1000000000
6412 13435 1000000000
1121 16375 -1000000000
7658 19154 1000000000
6553 11405 -1000000000
1049 13207 1000000000
4346 12617 -1000000000
2189 17631 1000000000
5686 15286 -1000000000
1076 17955 1000000000
8390 13498 -1000000000
3816 11011 1000000000
5053 18083 -1000000000
4471 15256 1000000000
9262 18804 -1000000000
4852 16215 1000000000
8011 14455 -1000000000
4298 14407 1000000000
4851 12792 -1000000000
8640 15503 1000000000
4646 19884 -1000000000
173 13722 1000000000
6903 16667 -1000000000
2103 11877 1000000000
5004 18347 -1000000000
2203 18062 1000000000
4682 11588 -1000000000
2393 17109 1000000000
1842 19410 -1000000000
8558 13588 1000000000
5451 12138 -1000000000
5096 15833 1000000000
3827 13732 -1000000000
3561 14293 1000000000
2422 10764 -1000000000
5386 12764 1000000000
5372 13927 -1000000000
597 12295 1000000000
9443 17544 -1000000000
374 12112 1000000000
7406 13020 -1000000000
6327 15072 1000000000
5676 13088 -1000000000
5003 11421 1000000000
5383 19000 -1000000000
9318 13396 1000000000
45 17850 -1000000000
5603 17877 1000000000
7020 10357 -1000000000
3125 17266 1000000000
3526 14413 -1000000000
8658 15230 1000000000
9069 18608 -1000000000
5171 15216 1000000000
730 12845 -1000000000
8897 13854 1000000000
8418 17395 -1000000000
9879 14803 1000000000
490 17652 -1000000000
6266 13164 1000000000
3625 11059 -1000000000
7154 12979 1000000000
1083 16815 -1000000000
192 17793 1000000000
5004 14894 -1000000000
4470 12094 1000000000
9085 19970 -1000000000
3794 13906 1000000000
7800 16095 -1000000000
3579 14064 1000000000
8729 17319 -1000000000
4499 18200 1000000000
2655 17268 -1000000000
4697 15745 1000000000
2463 14217 -1000000000
1195 10369 1000000000
5474 13129 -1000000000
8434 16821 1000000000
4256 19024 -1000000000
6020 10359 1000000000
7249 19284 -1000000000
6278 13204 1000000000
3341 18567 -1000000000
1661 19518 1000000000
8044 11350 -1000000000
8569 11967 1000000000
3709 12903 -1000000000
6669 16319 1000000000
8105 17467 -1000000000
8172 14279 1000000000
6188 10260 -1000000000
1929 16926 1000000000
5668 18817 -1000000000
5144 16859 1000000000
6956 13695 -1000000000
8553 15143 1000000000
3588 14846 -1000000000
1342 16689 1000000000
9224 18603 -1000000000
6933 10111 1000000000
4839 15069 -1000000000
2950 10845 1000000000
6074 12787 -1000000000
9709 12758 1000000000
2632 13293 -1000000000
3357 10894 1000000000
5919 12231 -1000000000
9743 13809 1000000000
2210 19682 -1000000000
4997 17939 1000000000
1848 11308 -1000000000
2982 19835 1000000000
3863 19495 -1000000000
4398 16207 1000000000
4627 17681 -1000000000
3476 12444 1000000000
2032 17660 -1000000000
7782 13165 1000000000
3112 10858 -1000000000
2885 14642 1000000000
6925 18919 -1000000000
7612 13381 1000000000
4919 11203 -1000000000
8505 11228 1000000000
4675 17062 -1000000000
713 17902 1000000000
3825 16478 -1000000000
6419 11439 1000000000
9827 11092 -1000000000
6520 19722 1000000000
3803 16272 -1000000000
7263 15665 1000000000
968 15045 -1000000000
9278 16136 1000000000
6578 16694 -1000000000
3069 14001 1000000000
1411 18201 -1000000000
3033 19557 1000000000
3535 14433 -1000000000
2561 13689 1000000000
1923 18094 -1000000000
7588 13648 1000000000
6340 17824 -1000000000
9507 18147 1000000000
296 10107 -1000000000
5300 19924 1000000000
9933 19608 -1000000000
5743 18712 1000000000
6889 19416 -1000000000
1056 11009 1000000000
9583 17640 -1000000000
5523 11538 1000000000
7481 11751 -1000000000
3328 10871 1000000000
3073 13407 -1000000000
7174 10502 1000000000
8559 17733 -1000000000
2799 16397 1000000000
9521 13177 -1000000000
862 19754 1000000000
7601 10097 -1000000000
4387 10459 1000000000
3961 15357 -1000000000
9728 12812 1000000000
5715 11184 -1000000000
6656 10232 1000000000
1797 12011 -1000000000
7855 16100 1000000000
669 16362 -1000000000
6838 13576 1000000000
3507 11178 -1000000000
8383 17523 1000000000
7317 17601 -1000000000
2097 19274 1000000000
9695 17368 -1000000000
8974 10025 1000000000
9497 18716 -1000000000
4299 16960 1000000000
2138 17536 -1000000000
5961 19782 1000000000
6610 17528 -1000000000
2393 16413 1000000000
579 17316 -1000000000
7349 14974 1000000000
6619 13830 -1000000000
8124 10222 1000000000
8988 16411 -1000000000
2116 13957 1000000000
1637 19726 -1000000000
9908 19910 1000000000
9173 17187 -1000000000
231 15145 1000000000
9138 11343 -1000000000
281 16144 1000000000
5063 13889 -1000000000
2888 18508 1000000000
9746 17510 -1000000000
2843 11297 1000000000
4970 17666 -1000000000
9753 11186 1000000000
8562 17037 -1000000000
669 19530 1000000000
3584 19112 -1000000000
1419 19960 1000000000
2404 15331 -1000000000
3733 14206 1000000000
6559 15090 -1000000000
7962 14015 1000000000
7828 11836 -1000000000
9063 16303 1000000000
9800 12914 -1000000000
9180 16114 1000000000
4622 17872 -1000000000
2161 17150 1000000000
2435 10964 -1000000000
8323 18815 1000000000
9799 13061 -1000000000
5167 13891 1000000000
6659 14171 -1000000000
7491 12675 1000000000
2422 17833 -1000000000
9246 10539 1000000000
2608 12413 -1000000000
2103 15340 1000000000
8817 12783 -1000000000
4796 18700 1000000000
7268 12358 -1000000000
4600 15668 1000000000
1390 14410 -1000000000
7040 14069 1000000000
3230 11796 -1000000000
2862 19396 1000000000
7008 11789 -1000000000
2891 11680 1000000000
936 19363 -1000000000
9472 15319 1000000000
9390 16271 -1000000000
2834 16676 1000000000
2949 14229 -1000000000
1613 18562 1000000000
3324 19895 -1000000000
9427 18050 1000000000
728 11882 -1000000000
7579 11382 1000000000
4298 13343 -1000000000
7117 15124 1000000000
9177 19830 -1000000000
8697 16552 1000000000
3411 10566 -1000000000
9902 10961 1000000000
412 15668 -1000000000
7180 18115 1000000000
1878 19885 -1000000000
7084 10700 1000000000
211 13416 -1000000000
9159 19911 1000000000
51 19564 -1000000000
9025 10714 1000000000
6874 10062 -1000000000
969 18358 1000000000
5332 15743 -1000000000
6462 12732 1000000000
5115 14595 -1000000000
2885 16601 1000000000
7130 19248 -1000000000
5088 10434 1000000000
7542 12265 -1000000000
9008 19083 1000000000
6832 12316 -1000000000
1518 18678 1000000000
9072 14633 -1000000000
3903 12252 1000000000
3834 15051 -1000000000
4764 18125 1000000000
1036 12462 -1000000000
3452 14168 1000000000
7172 18882 -1000000000
2160 19932 1000000000
6719 18822 -1000000000
740 11021 1000000000
6369 18249 -1000000000
6466 10064 1000000000
3110 15542 -1000000000
9078 13656 1000000000
7791 11382 -1000000000
3265 10076 1000000000
2836 15029 -1000000000
7394 14266 1000000000
9615 19374 -1000000000
5313 17732 1000000000
412 10687 -1000000000
1941 10731 1000000000
8965 16009 -1000000000
6672 16369 1000000000
8288 11335 -1000000000
7558 17315 1000000000
5928 15374 -1000000000
8336 12494 1000000000
7657 12904 -1000000000
6996 15208 1000000000
8354 11547 -1000000000
3619 15276 1000000000
7044 18950 -1000000000
4391 11954 1000000000
9181 11118 -1000000000
5167 16017 1000000000
6754 18896 -1000000000
6887 16298 1000000000
1712 11901 -1000000000
2381 15130 1000000000
2226 16763 -1000000000
1830 17002 1000000000
3896 10346 -1000000000
4377 11404 1000000000
4896 13799 -1000000000
9017 13180 1000000000
4200 19798 -1000000000
7422 18392 1000000000
5414 18688 -1000000000
9637 19692 1000000000
2234 18471 -1000000000
4565 10082 1000000000
8333 17709 -1000000000
2607 19120 1000000000
4976 13261 -1000000000
7615 13039 1000000000
8245 17276 -1000000000
8668 19858 1000000000
3341 11342 -1000000000
5427 15901 1000000000
5352 13796 -1000000000
1240 11889 1000000000
3221 13289 -1000000000
6567 11687 1000000000
6234 11623 -1000000000
6309 15007 1000000000
9026 19815 -1000000000
494 12399 1000000000
6103 18732 -1000000000
9012 13246 1000000000
5212 15373 -1000000000
4249 12440 1000000000
1811 12371 -1000000000
1315 13356 1000000000
3727 13373 -1000000000
236 19348 1000000000
6039 11540 -1000000000
5789 19220 1000000000
2154 19980 -1000000000
1389 17486 1000000000
3103 18312 -1000000000
1374 15960 1000000000
5155 19047 -1000000000
7855 16289 1000000000
2307 18555 -1000000000
7137 11112 1000000000
4470 13655 -1000000000
9137 17408 1000000000
3296 12031 -1000000000
7298 18739 1000000000
1866 17741 -1000000000
8946 10271 1000000000
6022 10977 -1000000000
281 11155 1000000000
5836 15309 -1000000000
6840 10552 1000000000
391 17488 -1000000000
5903 10716 1000000000
9238 15275 -1000000000
1865 16211 1000000000
3539 14077 -1000000000
5784 17336 1000000000
1753 15088 -1000000000
3181 17526 1000000000
7247 13459 -1000000000
2624 10933 1000000000
411 11340 -1000000000
829 14033 1000000000
3668 19864 -1000000000
3212 10113 1000000000
6274 14991 -1000000000
5445 17088 1000000000
4207 12658 -1000000000
4454 19864 1000000000
1954 11504 -1000000000
6097 13437 1000000000
3786 19940 -1000000000
1709 15542 1000000000
641 16634 -1000000000
6958 18821 1000000000
2312 18703 -1000000000
8987 19428 1000000000
9089 12693 -1000000000
1295 18838 1000000000
1645 11342 -1000000000
4685 10194 1000000000
3388 15611 -1000000000
3701 11153 1000000000
9557 17896 -1000000000
5159 11006 1000000000
2003 12793 -1000000000
1329 14922 1000000000
8843 17100 -1000000000
608 11205 1000000000
574 11360 -1000000000
2477 14545 1000000000
7930 11026 -1000000000
8712 15357 1000000000
7234 15772 -1000000000
322 11007 1000000000
5348 17207 -1000000000
9171 10010 1000000000
690 15135 -1000000000
5201 15467 1000000000
9149 14334 -1000000000
572 18920 1000000000
7756 10278 -1000000000
7648 10732 1000000000
2518 15640 -1000000000
201 15692 1000000000
6739 19080 -1000000000
6152 13919 1000000000
5886 10797 -1000000000
7724 14846 1000000000
8348 10018 -1000000000
3629 12527 1000000000
6692 14667 -1000000000
8039 13909 1000000000
9499 17078 -1000000000
8169 18117 1000000000
8663 19683 -1000000000
8020 15293 1000000000
874 13448 -1000000000
5277 10297 1000000000
4607 18388 -1000000000
6951 18856 1000000000
9952 10513 -1000000000
1798 17563 1000000000
2306 10182 -1000000000
1613 14092 1000000000
5598 10309 -1000000000
9623 14360 1000000000
7844 19855 -1000000000
2180 19704 1000000000
7260 19054 -1000000000
7600 17225 1000000000
7572 17560 -1000000000
1088 11928 1000000000
6739 18792 -1000000000
3806 16075 1000000000
1291 19847 -1000000000
6265 16141 1000000000
4340 14244 -1000000000
643 18454 1000000000
1648 16323 -1000000000
8599 12650 1000000000
8292 15673 -1000000000
395 11280 1000000000
6397 18800 -1000000000
8050 11161 1000000000
7285 17664 -1000000000
3993 14541 1000000000
5778 11091 -1000000000
8681 15953 1000000000
8772 19648 -1000000000
6879 11547 1000000000
4733 10051 -1000000000
2205 18385 1000000000
9933 17746 -1000000000
3199 11280 1000000000
1617 12975 -1000000000
3179 10751 1000000000
525 18843 -1000000000
7463 19104 1000000000
8775 16588 -1000000000
4227 16055 1000000000
7005 11311 -1000000000
9435 18235 1000000000
2859 14580 -1000000000
6112 15302 1000000000
6574 16303 -1000000000
2788 16668 1000000000
4580 19405 -1000000000
8740 16550 1000000000
9033 13169 -1000000000
9004 16252 1000000000
8795 19049 -1000000000
4768 18537 1000000000
473 14393 -1000000000
5472 11710 1000000000
5468 14380 -1000000000
4198 17527 1000000000
942 15837 -1000000000
624 15901 1000000000
9252 16527 -1000000000
6876 10717 1000000000
3625 16059 -1000000000
3797 17839 1000000000
282 15032 -1000000000
933 13692 1000000000
4341 10757 -1000000000
63 11011 1000000000
7972 16378 -1000000000
9688 19207 1000000000
3424 10036 -1000000000
3387 12858 1000000000
8872 13918 -1000000000
7473 19549 1000000000
1729 10129 -1000000000
427 19459 1000000000
9818 17636 -1000000000
3429 12495 1000000000
8349 14552 -1000000000
2606 16092 1000000000
4420 17308 -1000000000
6425 17965 1000000000
2272 14683 -1000000000
1102 15545 1000000000
4787 10600 -1000000000
3179 17331 1000000000
7492 11376 -1000000000
5195 11658 1000000000
8142 10193 -1000000000
6132 13188 1000000000
7322 13614 -1000000000
5839 12724 1000000000
8668 13004 -1000000000
6767 19904 1000000000
4989 17293 -1000000000
5716 18920 1000000000
374 14872 -1000000000
1910 19235 1000000000
2614 14534 -1000000000
9633 10354 1000000000
3672 12245 -1000000000
709 19870 1000000000
5998 15825 -1000000000
1714 11372 1000000000
6873 18455 -1000000000
5249 14228 1000000000
4528 17346 -1000000000
1264 10712 1000000000
2701 16962 -1000000000
6660 16216 1000000000
3605 11291 -1000000000
7553 13564 1000000000
935 16588 -1000000000
5938 16951 1000000000
2462 14339 -1000000000
3671 10565 1000000000
7762 12553 -1000000000
4627 17274 1000000000
2454 10359 -1000000000
9508 11210 1000000000
4104 14478 -1000000000
8307 14611 1000000000
4017 12054 -1000000000
9010 14307 1000000000
1912 15157 -1000000000
1155 18816 1000000000
7746 17623 -1000000000
7963 11660 1000000000
3301 17889 -1000000000
8416 13262 1000000000
9230 17544 -1000000000
8921 17336 1000000000
2671 13612 -1000000000
6999 19761 1000000000
2255 10485 -1000000000
1164 14521 1000000000
8429 17261 -1000000000
533 13567 1000000000
5393 19300 -1000000000
228 10346 1000000000
5114 15641 -1000000000
4385 14152 1000000000
7760 16311 -1000000000
9478 13421 1000000000
6331 17851 -1000000000
6065 12188 1000000000
3450 12103 -1000000000
7410 10443 1000000000
4047 19272 -1000000000
435 17249 1000000000
3377 13331 -1000000000
2695 12352 1000000000
7716 13154 -1000000000
7301 14244 1000000000
6124 15165 -1000000000
2536 14332 1000000000
7217 14900 -1000000000
2646 15353 1000000000
6653 17615 -1000000000
7933 10334 1000000000
611 19989 -1000000000
9250 11155 1000000000
2483 13638 -1000000000
5694 12890 1000000000
9288 10591 -1000000000
1450 13325 1000000000
1379 10533 -1000000000
843 13975 1000000000
8563 16071 -1000000000
9786 15052 1000000000
9560 15419 -1000000000
7052 19542 1000000000
9908 10225 -1000000000
8490 19816 1000000000
4969 17290 -1000000000
5228 15692 1000000000
9296 19065 -1000000000
4627 12405 1000000000
1582 14705 -1000000000
9228 17405 1000000000
3297 14030 -1000000000
5765 17560 1000000000
6745 19615 -1000000000
2666 18835 1000000000
6779 19804 -1000000000
1079 13854 1000000000
8192 12386 -1000000000
1651 16559 1000000000
7898 10934 -1000000000
5792 16566 1000000000
186 13197 -1000000000
3109 13845 1000000000
9252 13138 -1000000000
7902 11242 1000000000
5673 19679 -1000000000
4330 14601 1000000000
4384 19220 -1000000000
6911 19753 1000000000
808 15418 -1000000000
7347 17335 1000000000
4043 13230 -1000000000
6981 10906 1000000000
8832 14922 -1000000000
3368 11735 1000000000
9769 14596 -1000000000
3255 13711 1000000000
3353 19163 -1000000000
8454 12834 1000000000
2201 18032 -1000000000
9085 15952 1000000000
7169 13139 -1000000000
7036 15147 1000000000
7201 15845 -1000000000
1108 18615 1000000000
5799 10035 -1000000000
2549 11232 1000000000
3135 15306 -1000000000
337 16779 1000000000
3738 11166 -1000000000
1710 12273 1000000000
6404 18992 -1000000000
4120 18910 1000000000
3652 15029 -1000000000
9030 10357 1000000000
9844 13276 -1000000000
8042 12741 1000000000
5502 14578 -1000000000
5844 13265 1000000000
1229 14986 -1000000000
4199 17787 1000000000
5542 19538 -1000000000
4070 17315 1000000000
3013 15545 -1000000000
7703 18083 1000000000
8137 16810 -1000000000
8730 10780 1000000000
1083 10462 -1000000000
58 15484 1000000000
9662 17659 -1000000000
4077 16087 1000000000
5442 18180 -1000000000
5745 17671 1000000000
9295 11464 -1000000000
7809 10149 1000000000
2777 14183 -1000000000
5140 19220 1000000000
9166 12795 -1000000000
2968 10807 1000000000
1368 13926 -1000000000
5815 15767 1000000000
6825 11403 -1000000000
6109 16747 1000000000
4916 17159 -1000000000
4856 19457 1000000000
102 10887 -1000000000
803 14300 1000000000
2170 11387 -1000000000
6927 11207 1000000000
6510 16962 -1000000000
3573 11117 1000000000
348 18795 -1000000000
8887 17875 1000000000
1432 12588 -1000000000
6956 12164 1000000000
7873 11859 -1000000000
610 16112 1000000000
4348 16848 -1000000000
3615 11564 1000000000
3750 13156 -1000000000
9196 18247 1000000000
9002 11691 -1000000000
6822 10845 1000000000
581 12134 -1000000000
5047 11064 1000000000
1252 13439 -1000000000
5671 14575 1000000000
6650 19639 -1000000000
6271 14260 1000000000
8128 19140 -1000000000
3694 18203 1000000000
4703 19487 -1000000000
5345 12073 1000000000
4784 12053 -1000000000
6355 16382 1000000000
3411 10662 -1000000000
8157 17932 1000000000
2429 19764 -1000000000
7690 15037 1000000000
4269 18971 -1000000000
2400 11303 1000000000
9066 12124 -1000000000
4318 14891 1000000000
8741 16361 -1000000000
4018 19981 1000000000
2499 16856 -1000000000
6653 18664 1000000000
673 12591 -1000000000
1883 10895 1000000000
9572 10831 -1000000000
2365 12170 1000000000
5572 10953 -1000000000
2392 14392 1000000000
566 14006 -1000000000
6352 14470 1000000000
4345 10512 -1000000000
9137 19374 1000000000
4093 13646 -1000000000
8464 13501 1000000000
3842 16243 -1000000000
838 12197 1000000000
5479 19575 -1000000000
7880 15951 1000000000
2209 13076 -1000000000
8665 18580 1000000000
7021 15887 -1000000000
6654 10912 1000000000
4351 19130 -1000000000
4486 11601 1000000000
2400 12149 -1000000000
9110 12038 1000000000
2053 11338 -1000000000
2861 12076 1000000000
5764 15006 -1000000000
8142 13194 1000000000
7315 14963 -1000000000
659 10612 1000000000
4517 13933 -1000000000
9225 15829 1000000000
9653 10740 -1000000000
895 19645 1000000000
8278 12697 -1000000000
3763 11832 1000000000
5048 13336 -1000000000
8760 11656 1000000000
9110 17823 -1000000000
1287 16863 1000000000
3885 16505 -1000000000
2048 10429 1000000000
8048 16964 -1000000000
4451 11014 1000000000
989 13784 -1000000000
7248 14965 1000000000
1775 10676 -1000000000
7286 13318 1000000000
8400 19335 -1000000000
8715 14807 1000000000
648 15226 -1000000000
3001 17425 1000000000
2157 12262 -1000000000
4078 11809 1000000000
6724 13259 -1000000000
7273 14109 1000000000
6230 14344 -1000000000
8 13312 1000000000
1599 13675 -1000000000
9844 15897 1000000000
7979 11727 -1000000000
6657 18151 1000000000
2220 15572 -1000000000
6494 18758 1000000000
2553 11034 -1000000000
5960 14268 1000000000
2128 10540 -1000000000
8974 13811 1000000000
5963 13931 -1000000000
6357 12929 1000000000
2107 11208 -1000000000
2785 11183 1000000000
3157 19750 -1000000000
2161 11262 1000000000
6559 17339 -1000000000
2087 12420 1000000000
7693 16007 -1000000000
801 13354 1000000000
4939 16754 -1000000000
4959 11898 1000000000
8323 17969 -1000000000
2789 14028 1000000000
7829 14292 -1000000000
1868 18495 1000000000
6902 17073 -1000000000
1762 19944 1000000000
7443 11376 -1000000000
2219 17100 1000000000
1604 16781 -1000000000
8591 12333 1000000000
8041 12850 -1000000000
9847 17733 1000000000
9015 11653 -1000000000
8805 18245 1000000000
5332 19489 -1000000000
7544 18637 1000000000
4719 14428 -1000000000
9280 11825 1000000000
4923 16949 -1000000000
2785 17503 1000000000
5855 10167 -1000000000
6967 12794 1000000000
1351 15510 -1000000000
2780 11838 1000000000
1538 14577 -1000000000
3677 12955 1000000000
223 15880 -1000000000
8794 14403 1000000000
6900 15566 -1000000000
2793 19142 1000000000
6415 15424 -1000000000
1793 17306 1000000000
9432 18168 -1000000000
6720 14421 1000000000
3871 13873 -1000000000
4777 14217 1000000000
5845 11800 -1000000000
3233 16800 1000000000
1353 15330 -1000000000
5995 11643 1000000000
481 15235 -1000000000
7389 16191 1000000000
7740 15976 -1000000000
1539 14412 1000000000
6168 15513 -1000000000
4932 19084 1000000000
6747 19770 -1000000000
5369 12284 1000000000
540 19081 -1000000000
8728 15394 1000000000
6580 19591 -1000000000
2661 13439 1000000000
6920 19220 -1000000000
7008 19041 1000000000
262 19836 -1000000000
1985 14795 1000000000
139 12172 -1000000000
5006 19089 1000000000
5550 13490 -1000000000
3568 14964 1000000000
9217 14054 -1000000000
8438 16893 1000000000
860 18300 -1000000000
3209 12142 1000000000
4589 17186 -1000000000
5635 13490 1000000000
6147 12982 -1000000000
3479 18605 1000000000
5047 16307 -1000000000
3693 16659 1000000000
4918 11202 -1000000000
665 15024 1000000000
1516 16657 -1000000000
8821 19857 1000000000
3937 15020 -1000000000
4180 17686 1000000000
4089 14378 -1000000000
9658 16997 1000000000
7604 16289 -1000000000
1927 17918 1000000000
6684 17891 -1000000000
8304 12998 1000000000
5204 17060 -1000000000
2780 10763 1000000000
3876 10964 -1000000000
3207 10369 1000000000
4656 19844 -1000000000
3485 15336 1000000000
9932 16808 -1000000000
7037 11693 1000000000
700 12147 -1000000000
6431 18122 1000000000
8850 12221 -1000000000
5531 16111 1000000000
6656 19502 -1000000000
4016 17114 1000000000
9654 10986 -1000000000
7850 18359 1000000000
7157 16081 -1000000000
737 17262 1000000000
7010 19955 -1000000000
293 10362 1000000000
8272 18789 -1000000000
2623 15202 1000000000
1700 16942 -1000000000
240 13337 1000000000
7627 19214 -1000000000
5430 11251 1000000000
7568 13883 -1000000000
4218 11241 1000000000
8040 19860 -1000000000
821 15055 1000000000
606 13720 -1000000000
6269 15019 1000000000
2596 11155 -1000000000
1253 19103 1000000000
2569 19871 -1000000000
7778 18166 1000000000
54 17323 -1000000000
4982 15770 1000000000
3565 12928 -1000000000
662 16897 1000000000
2245 13086 -1000000000
5649 17256 1000000000
1909 13918 -1000000000
4753 10231 1000000000
8658 16700 -1000000000
6249 16186 1000000000
7768 13843 -1000000000
6400 16190 1000000000
6108 11239 -1000000000
6155 12755 1000000000
272 19987 -1000000000
82 18985 1000000000
6215 17673 -1000000000
2029 11973 1000000000
11 16842 -1000000000
115 19299 1000000000
7382 16245 -1000000000
9928 12295 1000000000
8121 13006 -1000000000
7235 11472 1000000000
4929 15052 -1000000000
8577 14597 1000000000
6478 17682 -1000000000
2504 11115 1000000000
8563 15145 -1000000000
2054 12072 1000000000
9184 15264 -1000000000
6460 17208 1000000000
2701 18874 -1000000000
9215 15955 1000000000
7870 14914 -1000000000
1292 19166 1000000000
4638 17402 -1000000000
1792 11221 1000000000
5524 13341 -1000000000
5847 15484 1000000000
92 18299 -1000000000
4390 17671 1000000000
7170 16986 -1000000000
40 15669 1000000000
2352 15149 -1000000000
4252 16204 1000000000
9701 17309 -1000000000
3975 13829 1000000000
417 14930 -1000000000
1703 17041 1000000000
3246 19563 -1000000000
6515 16165 1000000000
3956 17847 -1000000000
3089 16774 1000000000
6686 13260 -1000000000
3213 14626 1000000000
4481 16084 -1000000000
7365 16617 1000000000
2357 17614 -1000000000
1650 15383 1000000000
7298 12577 -1000000000
9410 16948 1000000000
4275 13306 -1000000000
3365 15508 1000000000
9957 11479 -1000000000
6482 10436 1000000000
4368 14132 -1000000000
9834 18239 1000000000
7173 13930 -1000000000
4662 17345 1000000000
1028 13995 -1000000000
4078 14042 1000000000
8885 18342 -1000000000
7272 13254 1000000000
5239 13826 -1000000000
1287 17676 1000000000
7209 10285 -1000000000
7693 10390 1000000000
9152 17781 -1000000000
7941 16591 1000000000
1552 17466 -1000000000
9484 17528 1000000000
8110 17447 -1000000000
2627 10847 1000000000
4667 16191 -1000000000
99 15298 1000000000
3909 13319 -1000000000
8321 15626 1000000000
4234 15028 -1000000000
3766 13997 1000000000
3489 17694 -1000000000
913 17472 1000000000
2681 15074 -1000000000
8409 16141 1000000000
4003 11397 -1000000000
4793 18795 1000000000
7966 17508 -1000000000
2594 16701 1000000000
8474 16075 -1000000000
9231 19086 1000000000
9931 10612 -1000000000
1994 16244 1000000000
5485 12994 -1000000000
6611 12522 1000000000
8260 16683 -1000000000
5470 14996 1000000000
2146 12176 -1000000000
5959 10949 1000000000
6414 12037 -1000000000
2681 12771 1000000000
907 18792 -1000000000
3577 10503 1000000000
8414 17979 -1000000000
5816 16912 1000000000
3988 10804 -1000000000
9400 11060 1000000000
5287 13297 -1000000000
2572 13533 1000000000
845 11839 -1000000000
1956 16856 1000000000
1924 12735 -1000000000
7261 10032 1000000000
4473 18963 -1000000000
1469 13226 1000000000
1537 15311 -1000000000
5945 17348 1000000000
6305 19665 -1000000000
4387 15545 1000000000
9201 15014 -1000000000
8919 11105 1000000000
6856 10901 -1000000000
2173 18885 1000000000
2974 12760 -1000000000
1315 12808 1000000000
6538 16045 -1000000000
4654 17362 1000000000
5866 17295 -1000000000
710 12045 1000000000
5976 12106 -1000000000
282 13216 1000000000
5365 16032 -1000000000
3534 19419 1000000000
8720 16401 -1000000000
1182 15247 1000000000
3963 15531 -1000000000
4762 11737 1000000000
9433 16703 -1000000000
9996 16143 1000000000
6854 12520 -1000000000
2207 12582 1000000000
3147 12338 -1000000000
2417 12567 1000000000
2623 19979 -1000000000
3001 19461 1000000000
5874 18593 -1000000000
3858 12527 1000000000
7750 18430 -1000000000
9121 16557 1000000000
8531 15926 -1000000000
3884 15967 1000000000
1010 15754 -1000000000
3947 10648 1000000000
54 12474 -1000000000
1416 17494 1000000000
5101 14671 -1000000000
2139 18389 1000000000
788 19185 -1000000000
5462 11917 1000000000
5973 11890 -1000000000
3151 11443 1000000000
9746 13124 -1000000000
942 14465 1000000000
4471 13476 -1000000000
666 18270 1000000000
945 10342 -1000000000
3524 14922 1000000000
419 15593 -1000000000
2005 13640 1000000000
9026 14366 -1000000000
6440 16644 1000000000
8566 19621 -1000000000
4673 12161 1000000000
6434 10300 -1000000000
2854 15220 1000000000
1818 18875 -1000000000
4377 13206 1000000000
9110 19816 -1000000000
6106 17961 1000000000
2183 17075 -1000000000
3094 19024 1000000000
8916 14585 -1000000000
5532 11374 1000000000
3528 19109 -1000000000
659 10974 1000000000
704 19222 -1000000000
9456 18903 1000000000
3527 17188 -1000000000
216 13504 1000000000
4154 18446 -1000000000
2482 19231 1000000000
6758 16599 -1000000000
5539 11632 1000000000
4068 17076 -1000000000
7779 19097 1000000000
7034 13848 -1000000000
3161 13162 1000000000
1671 15414 -1000000000
8883 14605 1000000000
2904 15248 -1000000000
4172 12363 1000000000
2610 10262 -1000000000
6771 19528 1000000000
4264 19176 -1000000000
7629 19417 1000000000
9140 10664 -1000000000
3005 13123 1000000000
9643 15459 -1000000000
7375 14667 1000000000
4820 16595 -1000000000
3662 10658 1000000000
6488 17998 -1000000000
3931 11288 1000000000
3873 16507 -1000000000
9753 17040 1000000000
4709 10991 -1000000000
3329 15226 1000000000
1872 10306 -1000000000
1292 11470 1000000000
4402 14530 -1000000000
5240 16963 1000000000
3675 18967 -1000000000
9064 10385 1000000000
6909 11761 -1000000000
8605 19860 1000000000
5136 10935 -1000000000
4977 11232 1000000000
281 18382 -1000000000
8118 17122 1000000000
5887 14986 -1000000000
8317 18343 1000000000
498 17734 -1000000000
7223 14860 1000000000
6909 17444 -1000000000
3635 13068 1000000000
1205 19798 -1000000000
8455 15902 1000000000
2549 18842 -1000000000
5928 18585 1000000000
2315 19566 -1000000000
724 14137 1000000000
2153 11285 -1000000000
7755 18720 1000000000
9987 16263 -1000000000
207 13072 1000000000
3759 11747 -1000000000
2217 10672 1000000000
1505 13225 -1000000000
7717 17027 1000000000
8909 16832 -1000000000
3108 11525 1000000000
3735 13411 -1000000000
2220 14037 1000000000
537 18928 -1000000000
9 12235 1000000000
8038 10764 -1000000000
5512 13813 1000000000
6017 18188 -1000000000
1259 18569 1000000000
5409 17783 -1000000000
5581 13555 1000000000
2421 19813 -1000000000
6658 13688 1000000000
25 13758 -1000000000
1534 14433 1000000000
2687 14699 -1000000000
3139 17022 1000000000
6522 17543 -1000000000
1999 16367 1000000000
6868 12545 -1000000000
2766 13643 1000000000
8511 13499 -1000000000
2271 16239 1000000000
2274 19943 -1000000000
2346 12633 1000000000
8403 16470 -1000000000
6705 16912 1000000000
5730 11962 -1000000000
1187 12318 1000000000
8721 12197 -1000000000
2091 16949 1000000000
8759 16708 -1000000000
518 18317 1000000000
7578 10906 -1000000000
7659 13897 1000000000
1540 18319 -1000000000
665 12562 1000000000
4939 10905 -1000000000
8965 15261 1000000000
2580 13357 -1000000000
2226 13840 1000000000
1269 16380 -1000000000
3767 17477 1000000000
2686 15134 -1000000000
8161 19940 1000000000
1452 10367 -1000000000
1457 13670 1000000000
5951 17948 -1000000000
7298 16465 1000000000
9751 18788 -1000000000
7842 18075 1000000000
3870 19834 -1000000000
3286 13276 1000000000
6647 18511 -1000000000
7795 11893 1000000000
5267 12352 -1000000000
6202 12289 1000000000
7093 13369 -1000000000
1520 10352 1000000000
9005 10441 -1000000000
3711 11835 1000000000
1028 11894 -1000000000
9538 14525 1000000000
9755 13285 -1000000000
4831 15496 1000000000
2388 19374 -1000000000
2085 14861 1000000000
8357 16099 -1000000000
8984 10091 1000000000
1009 10453 -1000000000
8991 15178 1000000000
842 18408 -1000000000
8138 16544 1000000000
3434 17213 -1000000000
6511 16966 1000000000
3997 16665 -1000000000
1429 14910 1000000000
9104 17404 -1000000000
8260 10478 1000000000
9811 19644 -1000000000
6314 16091 1000000000
5839 18529 -1000000000
2889 13244 1000000000
7336 14344 -1000000000
7771 12515 1000000000
335 15840 -1000000000
3044 18908 1000000000
9885 17577 -1000000000
9128 12571 1000000000
757 18920 -1000000000
5416 15029 1000000000
1231 17558 -1000000000
7867 10071 1000000000
2202 10645 -1000000000
2601 11165 1000000000
8266 17307 -1000000000
6794 14646 1000000000
8937 18149 -1000000000
2373 12206 1000000000
5645 19758 -1000000000
6590 10597 1000000000
617 10546 -1000000000
530 14616 1000000000
656 13472 -1000000000
4887 19891 1000000000
1432 18571 -1000000000
6890 10139 1000000000
3419 15235 -1000000000
8744 10713 1000000000
694 18329 -1000000000
6130 19458 1000000000
2324 14498 -1000000000
6552 15528 1000000000
456 17074 -1000000000
3354 18426 1000000000
8100 17395 -1000000000
5342 11960 1000000000
916 17637 -1000000000
3092 17027 1000000000
9870 15789 -1000000000
212 17359 1000000000
6861 11628 -1000000000
1965 13756 1000000000
3242 16518 -1000000000
3780 19859 1000000000
556 16532 -1000000000
1562 19881 1000000000
5255 15653 -1000000000
9975 16689 1000000000
6813 12715 -1000000000
8743 12210 1000000000
3159 15246 -1000000000
3093 15134 1000000000
3553 14285 -1000000000
3 11469 1000000000
9725 11466 -1000000000
4989 12100 1000000000
2526 11752 -1000000000
3454 14552 1000000000
1312 17858 -1000000000
8571 11435 1000000000
584 17796 -1000000000
2571 14464 1000000000
6309 18676 -1000000000
5859 12895 1000000000
6604 18329 -1000000000
8694 12358 1000000000
1268 16738 -1000000000
5320 18813 1000000000
8261 12899 -1000000000
4382 15769 1000000000
9358 15440 -1000000000
9033 11456 1000000000
8888 18502 -1000000000
2321 13647 1000000000
6670 14950 -1000000000
8212 11805 1000000000
859 18737 -1000000000
3463 19812 1000000000
8875 14189 -1000000000
586 14476 1000000000
5805 16780 -1000000000
1435 17065 1000000000
1793 19917 -1000000000
2919 18612 1000000000
5513 13661 -1000000000
5093 19787 1000000000
6359 17257 -1000000000
6686 11895 1000000000
1825 18954 -1000000000
4700 12461 1000000000
4220 18281 -1000000000
6316 14979 1000000000
5181 11058 -1000000000
7941 13207 1000000000
8887 18671 -1000000000
9177 14267 1000000000
3109 13751 -1000000000
4306 17771 1000000000
9285 17963 -1000000000
911 19458 1000000000
8090 17611 -1000000000
5210 10452 1000000000
1062 13648 -1000000000
242 12854 1000000000
957 10936 -1000000000
2358 19106 1000000000
9897 14879 -1000000000
4801 10470 1000000000
5145 11452 -1000000000
8072 13846 1000000000
1705 18173 -1000000000
9521 14652 1000000000
9079 10045 -1000000000
9680 10630 1000000000
2201 11114 -1000000000
6969 18173 1000000000
746 18404 -1000000000
9640 18498 1000000000
7785 13835 -1000000000
3850 17800 1000000000
7264 11337 -1000000000
3705 11825 1000000000
8712 16293 -1000000000
2501 18295 1000000000
4678 16983 -1000000000
3486 18245 1000000000
6230 15920 -1000000000
7470 19332 1000000000
2314 15713 -1000000000
5774 12993 1000000000
2592 19311 -1000000000
4148 13424 1000000000
9280 14925 -1000000000
5852 18814 1000000000
7990 12877 -1000000000
5184 13608 1000000000
3073 15638 -1000000000
9094 11190 1000000000
1879 13653 -1000000000
3852 12874 1000000000
1172 11903 -1000000000
4066 18418 1000000000
2488 17446 -1000000000
4442 17644 1000000000
9506 13501 -1000000000
2939 13428 1000000000
7494 12987 -1000000000
4514 16545 1000000000
2224 19281 -1000000000
4873 13375 1000000000
4654 15333 -1000000000
6094 18420 1000000000
3552 11094 -1000000000
1306 15919 1000000000
737 15029 -1000000000
5443 15170 1000000000
5182 10526 -1000000000
2196 11284 1000000000
9835 10487 -1000000000
8191 14916 1000000000
8225 10257 -1000000000
3399 15116 1000000000
7146 14921 -1000000000
9663 16552 1000000000
9408 17505 -1000000000
9861 10599 1000000000
4732 16528 -1000000000
7044 14900 1000000000
4146 18241 -1000000000
8994 17048 1000000000
6036 18029 -1000000000
1351 15914 1000000000
8203 17875 -1000000000
9456 16663 1000000000
8764 11394 -1000000000
6523 18256 1000000000
2663 19333 -1000000000
3700 12642 1000000000
6842 17381 -1000000000
7202 10808 1000000000
7861 10958 -1000000000
1024 15731 1000000000
8801 18083 -1000000000
5084 12568 1000000000
2958 13895 -1000000000
8859 19138 1000000000
8635 13564 -1000000000
3499 12339 1000000000
4014 18115 -1000000000
1725 18516 1000000000
4248 19639 -1000000000
5187 15832 1000000000
3186 16317 -1000000000
3546 10859 1000000000
791 12455 -1000000000
2310 16948 1000000000
6092 12500 -1000000000
7537 14233 1000000000
8753 14640 -1000000000
1722 10912 1000000000
8905 12288 -1000000000
4234 19959 1000000000
3380 18471 -1000000000
2683 10959 1000000000
3055 12348 -1000000000
4497 16067 1000000000
9634 15217 -1000000000
7912 15227 1000000000
3472 18481 -1000000000
5967 18865 1000000000
7435 10007 -1000000000
1050 12821 1000000000
4482 17817 -1000000000
1948 14811 1000000000
6385 10585 -1000000000
5893 16545 1000000000
9923 14383 -1000000000
1375 11063 1000000000
1662 10171 -1000000000
3198 11565 1000000000
7089 10919 -1000000000
9580 15871 1000000000
5568 18512 -1000000000
6668 18196 1000000000
6777 13258 -1000000000
7876 16907 1000000000
5864 14359 -1000000000
9664 15978 1000000000
8725 18788 -1000000000
5380 15328 1000000000
9311 13416 -1000000000
415 14789 1000000000
7645 12612 -1000000000
4098 13739 1000000000
5457 19994 -1000000000
1418 19162 1000000000
9551 17255 -1000000000
4782 13067 1000000000
630 18861 -1000000000
6207 17430 1000000000
6320 11410 -1000000000
4500 12600 1000000000
8672 12157 -1000000000
4405 19781 1000000000
2199 13293 -1000000000
5999 15760 1000000000
4112 11670 -1000000000
7284 19895 1000000000
8750 12260 -1000000000
1646 12933 1000000000
112 14174 -1000000000
7260 15688 1000000000
1166 10839 -1000000000
8545 12408 1000000000
6587 19426 -1000000000
3152 10742 1000000000
5908 14677 -1000000000
1571 18996 1000000000
3003 11339 -1000000000
7242 10264 1000000000
2332 14645 -1000000000
2173 17039 1000000000
426 17002 -1000000000
8240 11737 1000000000
5567 10776 -1000000000
9582 13910 1000000000
6483 17777 -1000000000
6313 13344 1000000000
8679 15108 -1000000000
8664 12986 1000000000
3917 10051 -1000000000
3900 15111 1000000000
7470 13113 -1000000000
3278 18463 1000000000
2852 10740 -1000000000
2060 17063 1000000000
482 18219 -1000000000
1978 15739 1000000000
961 15382 -1000000000
5650 14608 1000000000
5198 10832 -1000000000
4653 15641 1000000000
8320 12939 -1000000000
8446 15707 1000000000
796 15896 -1000000000
6883 19306 1000000000
9392 11452 -1000000000
6934 12573 1000000000
3156 17050 -1000000000
2769 15446 1000000000
4662 17372 -1000000000
295 14291 1000000000
1202 18902 -1000000000
5825 16772 1000000000
925 17485 -1000000000
5333 10222 1000000000
1527 14037 -1000000000
9892 12943 1000000000
1846 11243 -1000000000
9595 16331 1000000000
3208 15922 -1000000000
9228 15128 1000000000
3439 16988 -1000000000
4894 15951 1000000000
823 14790 -1000000000
7674 12274 1000000000
7629 19775 -1000000000
7141 11266 1000000000
3197 10204 -1000000000
9845 13453 1000000000
1883 16666 -1000000000
4075 19184 1000000000
3912 15437 -1000000000
9590 12564 1000000000
8134 12103 -1000000000
6919 17995 1000000000
8974 13383 -1000000000
3992 18870 1000000000
7731 16282 -1000000000
6782 14576 1000000000
1959 10845 -1000000000
2890 19021 1000000000
5560 18995 -1000000000
9511 18109 1000000000
579 12004 -1000000000
7989 16189 1000000000
330 17146 -1000000000
1306 15385 1000000000
4160 10214 -1000000000
9885 13960 1000000000
6768 19214 -1000000000
6325 14868 1000000000
1984 12492 -1000000000
6878 12808 1000000000
735 10514 -1000000000
6663 11167 1000000000
7239 18575 -1000000000
2195 10707 1000000000
2641 19640 -1000000000
4995 18535 1000000000
8607 16531 -1000000000
4393 14130 1000000000
8715 17337 -1000000000
8939 16616 1000000000
5458 18588 -1000000000
7607 17541 1000000000
8316 19824 -1000000000
4129 12513 1000000000
2929 15890 -1000000000
505 14590 1000000000
1815 15056 -1000000000
3944 14878 1000000000
2663 18663 -1000000000
7582 19600 1000000000
5777 10731 -1000000000
6400 17855 1000000000
1010 14341 -1000000000
4108 13336 1000000000
6375 11433 -1000000000
5213 14213 1000000000
6456 11085 -1000000000
8206 13937 1000000000
500 12050 -1000000000
1974 15088 1000000000
2633 17166 -1000000000
9618 12945 1000000000
5488 16785 -1000000000
1979 14551 1000000000
2217 13093 -1000000000
5188 15303 1000000000
9973 15163 -1000000000
3072 18145 1000000000
6579 14130 -1000000000
7753 10877 1000000000
3559 15743 -1000000000
657 18159 1000000000
3962 14156 -1000000000
5177 11475 1000000000
6234 17277 -1000000000
5702 13712 1000000000
3732 13613 -1000000000
7367 10814 1000000000
9667 17174 -1000000000
7218 10769 1000000000
8903 17827 -1000000000
3144 14187 1000000000
3156 10544 -1000000000
936 10610 1000000000
6040 14649 -1000000000
1107 18356 1000000000
998 16436 -1000000000
4488 11986 1000000000
4585 19740 -1000000000
6933 10170 1000000000
5435 13764 -1000000000
8102 12256 1000000000
215 12065 -1000000000
6511 13697 1000000000
6927 14051 -1000000000
9865 19169 1000000000
9485 19083 -1000000000
7238 19161 1000000000
2044 15687 -1000000000
1242 12677 1000000000
2872 13504 -1000000000
8321 13600 1000000000
2949 19359 -1000000000
2850 14841 1000000000
97 16843 -1000000000
8980 11486 1000000000
6156 17188 -1000000000
5165 10389 1000000000
4765 17012 -1000000000
5741 15398 1000000000
8959 13895 -1000000000
2166 18123 1000000000
5147 17012 -1000000000
2084 18016 1000000000
8337 18836 -1000000000
4721 18012 1000000000
3034 13333 -1000000000
7054 13341 1000000000
6265 11126 -1000000000
7312 16328 1000000000
1523 12443 -1000000000
5590 17451 1000000000
9862 12855 -1000000000
6609 14164 1000000000
8947 11119 -1000000000
6351 18051 1000000000
5849 10750 -1000000000
2559 16924 1000000000
4687 16450 -1000000000
2660 18467 1000000000
5543 12135 -1000000000
8219 19815 1000000000
1789 11146 -1000000000
1633 16004 1000000000
1699 16419 -1000000000
778 14430 1000000000
1904 15889 -1000000000
2041 17718 1000000000
254 12024 -1000000000
1641 17559 1000000000
2845 16136 -1000000000
2652 19463 1000000000
5336 15157 -1000000000
3515 18615 1000000000
9810 14689 -1000000000
8914 15033 1000000000
69 15394 -1000000000
1477 11976 1000000000
2769 17593 -1000000000
4240 13484 1000000000
7093 15649 -1000000000
9872 17076 1000000000
4696 16551 -1000000000
752 17487 1000000000
2022 14597 -1000000000
9139 13236 1000000000
9253 19571 -1000000000
5268 13650 1000000000
4401 11326 -1000000000
458 18017 1000000000
9853 10843 -1000000000
2438 18752 1000000000
2756 13436 -1000000000
712 13945 1000000000
4760 10153 -1000000000
9898 12300 1000000000
5688 12210 -1000000000
1034 11393 1000000000
4611 13869 -1000000000
9835 18509 1000000000
4812 14944 -1000000000
2999 15346 1000000000
2721 12685 -1000000000
4304 18420 1000000000
3763 10509 -1000000000
7889 13050 1000000000
2986 17747 -1000000000
5955 15210 1000000000
1436 18153 -1000000000
2279 16387 1000000000
945 15051 -1000000000
5123 12079 1000000000
2514 14244 -1000000000
9871 12964 1000000000
5224 18191 -1000000000
3841 14078 1000000000
6294 13451 -1000000000
6091 13551 1000000000
7739 12418 -1000000000
8839 12532 1000000000
9014 10092 -1000000000
5159 17001 1000000000
240 17367 -1000000000
3672 11073 1000000000
5213 13044 -1000000000
8079 19376 1000000000
65 17014 -1000000000
8392 18962 1000000000
9893 18680 -1000000000
6821 11771 1000000000
9675 12449 -1000000000
9868 19435 1000000000
376 14037 -1000000000
4337 13786 1000000000
9682 11328 -1000000000
6183 11690 1000000000
8104 16004 -1000000000
4093 10733 1000000000
5151 14139 -1000000000
9329 14517 1000000000
2209 10409 -1000000000
5669 10784 1000000000
7463 18864 -1000000000
5770 16174 1000000000
31 12980 -1000000000
7684 14709 1000000000
9870 18657 -1000000000
3687 18769 1000000000
2799 17972 -1000000000
160 10569 1000000000
2269 13445 -1000000000
6929 15967 1000000000
7820 14801 -1000000000
3848 13737 1000000000
7518 12366 -1000000000
4262 12784 1000000000
8825 19814 -1000000000
7356 19721 1000000000
6330 15933 -1000000000
526 14631 1000000000
7475 19705 -1000000000
7434 19807 1000000000
2795 11713 -1000000000
7071 10599 1000000000
3818 17264 -1000000000
5656 13646 1000000000
8133 15035 -1000000000
3701 14194 1000000000
9068 16900 -1000000000
3654 19661 1000000000
5577 12646 -1000000000
2351 15421 1000000000
5940 10395 -1000000000
2488 16371 1000000000
7919 11545 -1000000000
6622 18159 1000000000
127 17691 -1000000000
2479 19537 1000000000
8207 15110 -1000000000
6402 18671 1000000000
8378 11967 -1000000000
762 14332 1000000000
2673 14523 -1000000000
5939 15347 1000000000
9518 11679 -1000000000
8066 18371 1000000000
9726 19814 -1000000000
2434 18025 1000000000
2620 13379 -1000000000
7577 10328 1000000000
5539 15667 -1000000000
639 13023 1000000000
7013 12471 -1000000000
791 10998 1000000000
9340 14359 -1000000000
2280 11979 1000000000
2294 17677 -1000000000
5558 15319 1000000000
4102 14869 -1000000000
7761 11177 1000000000
481 17729 -1000000000
6436 18040 1000000000
60 17730 -1000000000
8560 13474 1000000000
5903 14981 -1000000000
1275 16950 1000000000
8407 17062 -1000000000
476 11270 1000000000
891 14470 -1000000000
1405 19832 1000000000
7410 18753 -1000000000
2740 15499 1000000000
2110 10190 -1000000000
9966 13394 1000000000
6773 12770 -1000000000
9051 14929 1000000000
607 12610 -1000000000
6480 13115 1000000000
3851 14847 -1000000000
5064 11369 1000000000
9616 10183 -1000000000
2675 12693 1000000000
3257 19322 -1000000000
5297 11498 1000000000
8801 13116 -1000000000
2870 15097 1000000000
3474 14789 -1000000000
6687 15324 1000000000
1117 14308 -1000000000
3696 17123 1000000000
354 10344 -1000000000
2247 16819 1000000000
9802 11988 -1000000000
997 17932 1000000000
3832 10634 -1000000000
1969 17674 1000000000
7721 13762 -1000000000
9874 10267 1000000000
1804 15217 -1000000000
755 13696 1000000000
8700 15408 -1000000000
5008 12977 1000000000
5170 17833 -1000000000
6871 14460 1000000000
6519 14265 -1000000000
6674 11324 1000000000
3458 18944 -1000000000
8480 18373 1000000000
4799 10721 -1000000000
8477 13328 1000000000
251 17081 -1000000000
2335 19199 1000000000
2254 16863 -1000000000
8255 16051 1000000000
8171 16498 -1000000000
8054 19091 1000000000
2771 13263 -1000000000
460 16698 1000000000
3047 18205 -1000000000
3638 10541 1000000000
6502 10749 -1000000000
4641 12766 1000000000
5333 10017 -1000000000
5931 19445 1000000000
5772 18530 -1000000000
8209 14038 1000000000
897 13085 -1000000000
2662 14243 1000000000
2980 17940 -1000000000
2541 10657 1000000000
9996 12566 -1000000000
6385 12676 1000000000
5832 14608 -1000000000
4885 18650 1000000000
2715 15615 -1000000000
8207 17523 1000000000
1029 19168 -1000000000
8396 19310 1000000000
6194 10549 -1000000000
8944 18504 1000000000
9896 12085 -1000000000
6960 14851 1000000000
8532 13848 -1000000000
8716 13442 1000000000
5135 14646 -1000000000
9243 14319 1000000000
7554 14101 -1000000000
7124 15108 1000000000
8305 19037 -1000000000
7859 15115 1000000000
6057 11723 -1000000000
4941 15819 1000000000
8961 12369 -1000000000
6113 13428 1000000000
5943 18905 -1000000000
6665 17121 1000000000
5540 15254 -1000000000
5743 17263 1000000000
9087 10838 -1000000000
2776 10589 1000000000
2745 19311 -1000000000
4515 19947 1000000000
8915 13856 -1000000000
7201 19879 1000000000
9209 19730 -1000000000
267 19847 1000000000
1404 11713 -1000000000
2393 18576 1000000000
8969 11320 -1000000000
3799 11844 1000000000
5069 19049 -1000000000
4014 18334 1000000000
7941 11906 -1000000000
5841 16800 1000000000
1644 18368 -1000000000
5293 14154 1000000000
7983 11250 -1000000000
8724 13380 1000000000
7145 16179 -1000000000
2276 15114 1000000000
4649 13381 -1000000000
3650 14848 1000000000
1119 15105 -1000000000
2031 12866 1000000000
2822 14907 -1000000000
1912 12363 1000000000
1354 10519 -1000000000
2338 10747 1000000000
7624 10843 -1000000000
3218 19501 1000000000
6628 18835 -1000000000
2896 16273 1000000000
1535 17252 -1000000000
6841 17520 1000000000
6091 14180 -1000000000
8694 12429 1000000000
3748 12104 -1000000000
9541 19903 1000000000
128 13510 -1000000000
5772 19307 1000000000
3879 14350 -1000000000
2480 17318 1000000000
3254 10036 -1000000000
6285 13259 1000000000
5274 16501 -1000000000
4318 18377 1000000000
4968 19604 -1000000000
2056 19958 1000000000
2308 15029 -1000000000
5653 14706 1000000000
2564 10549 -1000000000
9595 14667 1000000000
478 18252 -1000000000
8897 17033 1000000000
9555 14680 -1000000000
229 17381 1000000000
3497 16926 -1000000000
7844 17692 1000000000
2412 19089 -1000000000
6785 14224 1000000000
6914 12139 -1000000000
6813 16192 1000000000
114 18141 -1000000000
8828 19784 1000000000
9852 16442 -1000000000
8670 15175 1000000000
3905 11947 -1000000000
793 17036 1000000000
1403 14760 -1000000000
6082 18325 1000000000
6645 18230 -1000000000
7428 18088 1000000000
1358 10578 -1000000000
2154 16651 1000000000
9923 13981 -1000000000
424 12483 1000000000
5224 12549 -1000000000
4277 19084 1000000000
103 12431 -1000000000
5895 10031 1000000000
8340 19622 -1000000000
8644 18135 1000000000
5702 10258 -1000000000
7346 18011 1000000000
6899 12054 -1000000000
3451 10943 1000000000
2608 13108 -1000000000
8606 18619 1000000000
6922 16238 -1000000000
8911 14694 1000000000
7905 11319 -1000000000
3054 11006 1000000000
1943 16827 -1000000000
6812 14954 1000000000
9547 15245 -1000000000
6937 18633 1000000000
5173 15123 -1000000000
9596 12483 1000000000
6788 11940 -1000000000
2029 14616 1000000000
5484 17672 -1000000000
9571 11805 1000000000
8298 17007 -1000000000
6978 17866 1000000000
9897 12679 -1000000000
4684 16777 1000000000
4371 13625 -1000000000
1859 12162 1000000000
7332 11651 -1000000000
2782 17550 1000000000
5032 12668 -1000000000
2287 11688 1000000000
6196 16531 -1000000000
3275 19948 1000000000
8022 15058 -1000000000
2322 17158 1000000000
9215 15792 -1000000000
8467 11873 1000000000
8036 14058 -1000000000
7765 15734 1000000000
5328 14936 -1000000000
4079 17704 1000000000
7525 19565 -1000000000
1653 15205 1000000000
1165 11317 -1000000000
7214 17025 1000000000
4624 13653 -1000000000
406 11753 1000000000
2349 17417 -1000000000
2149 10709 1000000000
3382 16016 -1000000000
5386 11575 1000000000
5530 14307 -1000000000
9948 17055 1000000000
2791 18708 -1000000000
7535 15133 1000000000
980 13660 -1000000000
483 13033 1000000000
7402 19165 -1000000000
1187 12622 1000000000
7784 17892 -1000000000
8839 12660 1000000000
8962 17087 -1000000000
8523 12373 1000000000
2010 10589 -1000000000
216 17288 1000000000
1099 17537 -1000000000
3719 12341 1000000000
1310 13280 -1000000000
4735 15619 1000000000
3514 11567 -1000000000
7350 19037 1000000000
1785 14366 -1000000000
2496 10238 1000000000
2824 10738 -1000000000
7754 16727 1000000000
2156 10335 -1000000000
1590 11446 1000000000
8318 18665 -1000000000
9188 14886 1000000000
4320 19545 -1000000000
2133 11490 1000000000
8047 17662 -1000000000
1295 14615 1000000000
378 11153 -1000000000
9913 10561 1000000000
3737 15279 -1000000000
2864 11327 1000000000
7804 13634 -1000000000
4320 12901 1000000000
4274 17105 -1000000000
6159 13128 1000000000
6729 11738 -1000000000
3397 18681 1000000000
2692 12378 -1000000000
7771 12769 1000000000
4555 10034 -1000000000
9181 14154 1000000000
4184 10149 -1000000000
2862 11509 1000000000
5567 11900 -1000000000
1727 12579 1000000000
3621 14794 -1000000000
2279 13069 1000000000
744 19320 -1000000000
5371 12434 1000000000
9105 12542 -1000000000
1246 16107 1000000000
5906 18931 -1000000000
3316 12138 1000000000
8394 14129 -1000000000
2081 15487 1000000000
5648 10704 -1000000000
9056 14901 1000000000
587 19247 -1000000000
523 11362 1000000000
5031 19021 -1000000000
934 18347 1000000000
3791 18859 -1000000000
9724 13403 1000000000
373 16158 -1000000000
1387 16213 1000000000
3159 19601 -1000000000
8984 15349 1000000000
2084 16632 -1000000000
3014 15189 1000000000
6912 14140 -1000000000
4544 12022 1000000000
5954 11143 -1000000000
7433 10201 1000000000
639 18216 -1000000000
2238 15667 1000000000
4843 16793 -1000000000
7297 16778 1000000000
138 12576 -1000000000
680 16169 1000000000
3376 14554 -1000000000
1153 18238 1000000000
4836 17434 -1000000000
5590 19316 1000000000
1830 11940 -1000000000
6820 11777 1000000000
6335 18569 -1000000000
2805 19535 1000000000
7026 16333 -1000000000
385 10417 1000000000
5101 10582 -1000000000
9379 19290 1000000000
4128 17095 -1000000000
218 14751 1000000000
9202 18166 -1000000000
7226 10940 1000000000
7917 17469 -1000000000
6003 10424 1000000000
6986 15305 -1000000000
2517 12988 1000000000
4844 13954 -1000000000
1002 18326 1000000000
3821 17575 -1000000000
9529 14192 1000000000
688 17169 -1000000000
9339 11525 1000000000
2919 18103 -1000000000
6164 19280 1000000000
5759 11778 -1000000000
2683 10121 1000000000
3919 12409 -1000000000
3582 13318 1000000000
9377 14445 -1000000000
8981 16228 1000000000
1823 16756 -1000000000
7932 17063 1000000000
478 14169 -1000000000
3578 19224 1000000000
7138 19630 -1000000000
4047 14089 1000000000
2121 17321 -1000000000
8675 19285 1000000000
2653 19601 -1000000000
9181 18528 1000000000
730 11459 -1000000000
1697 16920 1000000000
8072 12188 -1000000000
4048 15414 1000000000
5553 15256 -1000000000
8192 17990 1000000000
6988 12360 -1000000000
2401 10198 1000000000
8302 18801 -1000000000
5946 10254 1000000000
8367 19523 -1000000000
8017 11330 1000000000
2392 15370 -1000000000
1359 17998 1000000000
9953 14684 -1000000000
3431 15242 1000000000
2199 11980 -1000000000
8123 11859 1000000000
3213 12397 -1000000000
150 11622 1000000000
3454 18881 -1000000000
4973 19005 1000000000
16 17860 -1000000000
731 10821 1000000000
6099 14794 -1000000000
4739 13665 1000000000
4189 16093 -1000000000
826 16033 1000000000
2390 14783 -1000000000
3949 18532 1000000000
2990 18340 -1000000000
3333 16785 1000000000
651 14093 -1000000000
2937 14908 1000000000
450 17429 -1000000000
6851 15534 1000000000
3067 16668 -1000000000
1543 15463 1000000000
7654 14020 -1000000000
5098 17997 1000000000
9561 12485 -1000000000
1413 16179 1000000000
154 10863 -1000000000
3573 13906 1000000000
9811 19999 -1000000000
9801 11500 1000000000
4624 17790 -1000000000
2907 13652 1000000000
7029 16579 -1000000000
8455 17808 1000000000
9179 18907 -1000000000
3103 12656 1000000000
9760 19123 -1000000000
3956 17159 1000000000
6099 16687 -1000000000
1149 12081 1000000000
93 11947 -1000000000
5215 18932 1000000000
1099 12985 -1000000000
1040 18041 1000000000
7331 18639 -1000000000
5651 16922 1000000000
7451 13548 -1000000000
8332 13773 1000000000
1804 14892 -1000000000
8989 15765 1000000000
1292 19012 -1000000000
8345 19786 1000000000
8111 10618 -1000000000
1262 13622 1000000000
7674 13500 -1000000000
7329 11319 1000000000
4513 14523 -1000000000
1591 10302 1000000000
3628 15330 -1000000000
7898 15948 1000000000
7356 19515 -1000000000
3854 15858 1000000000
2227 15824 -1000000000
5939 16004 1000000000
5739 17845 -1000000000
9023 19464 1000000000
5324 10988 -1000000000
9882 12684 1000000000
2407 14911 -1000000000
6925 18643 1000000000
9121 13162 -1000000000
1275 11099 1000000000
2592 12783 -1000000000
7458 18486 1000000000
4746 14869 -1000000000
6116 19421 1000000000
2984 17483 -1000000000
6602 19313 1000000000
3704 18138 -1000000000
5569 17458 1000000000
5027 16130 -1000000000
9123 10074 1000000000
8344 17699 -1000000000
1389 19340 1000000000
8218 18894 -1000000000
4284 16457 1000000000
4774 18677 -1000000000
4669 11695 1000000000
526 18557 -1000000000
3130 18127 1000000000
4750 15594 -1000000000
7286 15061 1000000000
1348 10811 -1000000000
4167 18025 1000000000
7005 19667 -1000000000
8226 14127 1000000000
5382 13841 -1000000000
6204 16662 1000000000
685 18101 -1000000000
1582 16445 1000000000
7106 19325 -1000000000
1468 16438 1000000000
7138 18144 -1000000000
3457 12252 1000000000
1361 17185 -1000000000
5935 15396 1000000000
2150 17524 -1000000000
9288 15886 1000000000
7260 10207 -1000000000
282 10364 1000000000
6935 12912 -1000000000
9472 19623 1000000000
7294 19908 -1000000000
8353 10209 1000000000
9956 14407 -1000000000
7120 19041 1000000000
7941 15688 -1000000000
2723 16095 1000000000
4184 17298 -1000000000
8254 18716 1000000000
5564 19854 -1000000000
7059 17556 1000000000
5462 12760 -1000000000
113 10615 1000000000
4726 11918 -1000000000
8826 12273 1000000000
2356 16882 -1000000000
4476 12768 1000000000
8892 17750 -1000000000
9099 13456 1000000000
8769 12640 -1000000000
950 19801 1000000000
5651 14723 -1000000000
6384 18470 1000000000
1211 19479 -1000000000
8004 12768 1000000000
8938 18863 -1000000000
4139 19236 1000000000
8888 14152 -1000000000
809 16542 1000000000
587 17781 -1000000000
6830 12783 1000000000
2205 17626 -1000000000
7652 18755 1000000000
2259 14500 -1000000000
4573 14385 1000000000
73 19478 -1000000000
2281 16025 1000000000
5531 12610 -1000000000
1047 15122 1000000000
3331 10629 -1000000000
9555 12621 1000000000
1956 13067 -1000000000
4499 12334 1000000000
1973 12462 -1000000000
4321 13048 1000000000
189 11604 -1000000000
4900 12339 1000000000
9430 17051 -1000000000
4159 13194 1000000000
8419 11264 -1000000000
3030 18642 1000000000
2455 11222 -1000000000
6406 16113 1000000000
5498 16695 -1000000000
7912 18020 1000000000
3776 13948 -1000000000
4317 11859 1000000000
9844 15214 -1000000000
1716 18170 1000000000
4446 11156 -1000000000
9821 12791 1000000000
5151 14729 -1000000000
6488 12957 1000000000
952 13625 -1000000000
1291 15504 1000000000
6992 17558 -1000000000
8591 18179 1000000000
2046 16433 -1000000000
7436 13211 1000000000
6246 11163 -1000000000
2127 15539 1000000000
4352 12553 -1000000000
7950 11559 1000000000
8004 19714 -1000000000
7673 16669 1000000000
7645 10468 -1000000000
602 14510 1000000000
1481 12379 -1000000000
4263 11920 1000000000
8380 17506 -1000000000
5124 19874 1000000000
6703 16049 -1000000000
2854 11431 1000000000
2007 17937 -1000000000
1931 17339 1000000000
5338 10139 -1000000000
3146 18634 1000000000
3681 11798 -1000000000
6636 19661 1000000000
4603 16031 -1000000000
8277 19092 1000000000
4199 16091 -1000000000
3964 16000 1000000000
4809 11642 -1000000000
4385 17825 1000000000
4710 16816 -1000000000
5720 16218 1000000000
9735 10501 -1000000000
4513 11034 1000000000
7263 14132 -1000000000
5185 12616 1000000000
9636 11813 -1000000000
1436 18816 1000000000
217 14165 -1000000000
2408 17857 1000000000
186 17455 -1000000000
6419 18306 1000000000
4338 11164 -1000000000
2709 15783 1000000000
2852 16979 -1000000000
4666 15626 1000000000
2668 12098 -1000000000
1826 15289 1000000000
9925 10799 -1000000000
3723 11801 1000000000
2603 15927 -1000000000
7964 19483 1000000000
6648 14906 -1000000000
8981 15944 1000000000
279 15679 -1000000000
2602 14885 1000000000
4103 11992 -1000000000
7888 11190 1000000000
1357 12789 -1000000000
795 19368 1000000000
2301 13789 -1000000000
8449 14284 1000000000
7099 19668 -1000000000
8532 16175 1000000000
2637 11331 -1000000000
4573 13976 1000000000
355 14270 -1000000000
3524 14328 1000000000
8326 18208 -1000000000
4666 17946 1000000000
6031 15380 -1000000000
5054 15809 1000000000
4082 19357 -1000000000
4526 13926 1000000000
2559 16430 -1000000000
1701 17771 1000000000
2479 12056 -1000000000
9619 15484 1000000000
1291 14512 -1000000000
1851 19055 1000000000
4269 15943 -1000000000
1459 14336 1000000000
4893 17454 -1000000000
9150 12799 1000000000
5335 14511 -1000000000
1167 14371 1000000000
1110 14064 -1000000000
2416 14872 1000000000
3757 17860 -1000000000
3273 11385 1000000000
8488 13605 -1000000000
5336 17576 1000000000
1365 16416 -1000000000
2844 10560 1000000000
8511 10399 -1000000000
2076 15251 1000000000
5963 13788 -1000000000
6384 18647 1000000000
5930 19184 -1000000000
7876 15869 1000000000
1039 12272 -1000000000
9569 13445 1000000000
7216 18575 -1000000000
3065 19852 1000000000
5144 14146 -1000000000
7780 12952 1000000000
2103 15980 -1000000000
4029 16104 1000000000
1376 13260 -1000000000
6667 16031 1000000000
751 11543 -1000000000
1697 11261 1000000000
8690 19323 -1000000000
7513 13373 1000000000
7025 10634 -1000000000
1937 11907 1000000000
4918 11239 -1000000000
1247 15274 1000000000
5968 14354 -1000000000
523 12106 1000000000
4557 11234 -1000000000
1782 10920 1000000000
5922 11131 -1000000000
7546 14858 1000000000
9830 11422 -1000000000
2037 10857 1000000000
4814 18774 -1000000000
6171 15097 1000000000
5230 13945 -1000000000
5985 14000 1000000000
7704 15439 -1000000000
2530 15572 1000000000
8486 14316 -1000000000
5626 16796 1000000000
6258 10343 -1000000000
1891 16002 1000000000
9232 10841 -1000000000
6418 18449 1000000000
8974 12810 -1000000000
4877 17340 1000000000
3027 13528 -1000000000
6821 19148 1000000000
9221 14544 -1000000000
2256 15404 1000000000
293 13275 -1000000000
5938 17164 1000000000
2129 15467 -1000000000
599 15927 1000000000
2482 11587 -1000000000
2739 14685 1000000000
8617 11073 -1000000000
1016 10537 1000000000
6318 16069 -1000000000
8537 10729 1000000000
2297 16982 -1000000000
6359 15394 1000000000
5481 12203 -1000000000
1427 14391 1000000000
2681 18282 -1000000000
9556 13033 1000000000
6541 11292 -1000000000
2597 18597 1000000000
3316 18230 -1000000000
6270 17339 1000000000
6641 11328 -1000000000
6852 16719 1000000000
1446 18092 -1000000000
4239 17414 1000000000
8462 14074 -1000000000
7229 11539 1000000000
880 15409 -1000000000
3122 14667 1000000000
2720 18635 -1000000000
5399 17431 1000000000
2877 12790 -1000000000
7443 17174 1000000000
7201 11001 -1000000000
5815 19079 1000000000
7051 15187 -1000000000
1951 13760 1000000000
6505 19615 -1000000000
1229 15182 1000000000
1143 14070 -1000000000
9027 19166 1000000000
8095 12151 -1000000000
2006 16786 1000000000
5614 18386 -1000000000
5732 15152 1000000000
9084 10236 -1000000000
9265 15637 1000000000
2940 17101 -1000000000
5062 16443 1000000000
2346 10007 -1000000000
7392 19697 1000000000
3850 17917 -1000000000
1120 12511 1000000000
1482 19205 -1000000000
163 14844 1000000000
3862 12666 -1000000000
1255 16865 1000000000
5934 11979 -1000000000
8173 19867 1000000000
9812 12452 -1000000000
7787 15387 1000000000
5629 16993 -1000000000
6629 17241 1000000000
6047 18537 -1000000000
7736 18637 1000000000
6617 17136 -1000000000
8730 10761 1000000000
1086 13512 -1000000000
1811 11643 1000000000
2177 16953 -1000000000
454 12458 1000000000
717 11132 -1000000000
9089 10736 1000000000
582 17165 -1000000000
28 16917 1000000000
8741 19403 -1000000000
7058 17732 1000000000
891 10305 -1000000000
5437 14667 1000000000
3063 12116 -1000000000
7119 12598 1000000000
4377 16883 -1000000000
616 19429 1000000000
5830 19846 -1000000000
5239 12018 1000000000
6744 12925 -1000000000
8613 14514 1000000000
6381 10646 -1000000000
3657 19288 1000000000
8278 19796 -1000000000
3187 14158 1000000000
8482 18247 -1000000000
5585 19470 1000000000
8825 17765 -1000000000
8607 16774 1000000000
123 14244 -1000000000
7565 15599 1000000000
9317 17899 -1000000000
4745 18093 1000000000
2774 18166 -1000000000
2459 18145 1000000000
2160 13603 -1000000000
1191 17321 1000000000
7328 12937 -1000000000
1212 10015 1000000000
2238 15247 -1000000000
8235 12694 1000000000
6034 10378 -1000000000
1180 14863 1000000000
1661 16700 -1000000000
2814 10058 1000000000
6179 12264 -1000000000
2466 16561 1000000000
1017 12125 -1000000000
4145 17752 1000000000
3816 19133 -1000000000
5144 19131 1000000000
8908 15772 -1000000000
9723 15339 1000000000
7302 17134 -1000000000
5780 18110 1000000000
4024 10566 -1000000000
8903 17024 1000000000
9422 16795 -1000000000
9191 19795 1000000000
5596 16404 -1000000000
2927 10275 1000000000
8445 12296 -1000000000
5836 19306 1000000000
8154 18766 -1000000000
3104 17999 1000000000
3080 11823 -1000000000
2200 12088 1000000000
2470 17525 -1000000000
9698 12469 1000000000
9320 14858 -1000000000
4093 10298 1000000000
3785 12093 -1000000000
1220 13698 1000000000
2397 19960 -1000000000
6427 13539 1000000000
5834 14144 -1000000000
2074 15129 1000000000
2930 16180 -1000000000
7146 13342 1000000000
7422 17603 -1000000000
6807 16388 1000000000
425 18503 -1000000000
8530 11706 1000000000
8464 11762 -1000000000
758 19729 1000000000
9713 14765 -1000000000
7959 15073 1000000000
7777 10756 -1000000000
6813 13241 1000000000
6398 19966 -1000000000
9871 12407 1000000000
6452 16549 -1000000000
1760 16546 1000000000
7472 18517 -1000000000
8746 16753 1000000000
94 10850 -1000000000
2128 11903 1000000000
4180 10392 -1000000000
1920 11079 1000000000
226 14597 -1000000000
985 18237 1000000000
6139 18304 -1000000000
143 13499 1000000000
5350 14402 -1000000000
4793 11914 1000000000
9834 10845 -1000000000
182 13087 1000000000
3449 12196 -1000000000
5884 10735 1000000000
2047 14389 -1000000000
1239 13067 1000000000
3943 18111 -1000000000
1923 11855 1000000000
9162 19659 -1000000000
6740 12061 1000000000
4852 17447 -1000000000
531 17982 1000000000
2929 12038 -1000000000
5159 13106 1000000000
9773 12781 -1000000000
7207 10418 1000000000
5413 10748 -1000000000
902 10335 1000000000
9184 16190 -1000000000
6417 14771 1000000000
8823 18242 -1000000000
1136 18437 1000000000
3186 17596 -1000000000
779 16945 1000000000
2651 12699 -1000000000
665 15836 1000000000
9515 12419 -1000000000
4831 14421 1000000000
3558 19213 -1000000000
5576 16231 1000000000
7322 15536 -1000000000
7929 10375 1000000000
5608 14949 -1000000000
717 17989 1000000000
2728 10320 -1000000000
5987 11743 1000000000
3218 14502 -1000000000
952 16635 1000000000
8865 18317 -1000000000
9292 14193 1000000000
219 15458 -1000000000
4372 19797 1000000000
8588 19439 -1000000000
6684 10101 1000000000
3604 12789 -1000000000
1809 12519 1000000000
2408 10440 -1000000000
6241 19418 1000000000
1045 10909 -1000000000
517 18908 1000000000
5534 13262 -1000000000
6622 10615 1000000000
8685 11851 -1000000000
2977 14820 1000000000
5608 14098 -1000000000
3402 16156 1000000000
7420 14148 -1000000000
9938 14169 1000000000
9691 17951 -1000000000
4507 10363 1000000000
9468 18683 -1000000000
8109 13091 1000000000
6093 18523 -1000000000
8739 13538 1000000000
8985 14856 -1000000000
1538 18067 1000000000
5699 13702 -1000000000
3625 17664 1000000000
6579 12448 -1000000000
3755 15711 1000000000
8745 14534 -1000000000
8827 19890 1000000000
9379 12193 -1000000000
8883 19690 1000000000
7999 16902 -1000000000
6727 14861 1000000000
3619 16681 -1000000000
1228 14139 1000000000
1049 15943 -1000000000
9235 12872 1000000000
297 14333 -1000000000
7477 16720 1000000000
3896 12074 -1000000000
1224 19372 1000000000
2730 13917 -1000000000
7134 15942 1000000000
1558 17512 -1000000000
5007 18666 1000000000
311 19372 -1000000000
9563 11104 1000000000
5730 10835 -1000000000
9939 17557 1000000000
3836 16645 -1000000000
9502 13417 1000000000
9100 10193 -1000000000
1362 18953 1000000000
876 19645 -1000000000
4818 11762 1000000000
4581 19130 -1000000000
2490 13162 1000000000
3685 17614 -1000000000
7610 12797 1000000000
7850 11693 -1000000000
5638 16147 1000000000
2696 10343 -1000000000
1956 12634 1000000000
9451 13824 -1000000000
9836 16158 1000000000
3402 13498 -1000000000
8353 15078 1000000000
5964 18979 -1000000000
7201 18982 1000000000
5406 11775 -1000000000
2625 10975 1000000000
2492 17449 -1000000000
1550 14066 1000000000
731 17873 -1000000000
5917 12948 1000000000
3040 10602 -1000000000
9740 17389 1000000000
5653 16083 -1000000000
3808 12454 1000000000
712 18847 -1000000000
5549 11410 1000000000
6617 19754 -1000000000
4745 13983 1000000000
1201 15704 -1000000000
2071 19718 1000000000
6428 11944 -1000000000
1572 12782 1000000000
424 11095 -1000000000
8743 19596 1000000000
2559 11852 -1000000000
726 16044 1000000000
1841 16508 -1000000000
4347 12319 1000000000
8217 14949 -1000000000
1702 18973 1000000000
3342 16985 -1000000000
1324 17714 1000000000
4346 19660 -1000000000
973 12646 1000000000
2341 19715 -1000000000
9192 18638 1000000000
4603 10627 -1000000000
2725 11677 1000000000
4475 14867 -1000000000
1382 18352 1000000000
6609 19599 -1000000000
3268 15866 1000000000
2793 16015 -1000000000
3650 19676 1000000000
5436 14682 -1000000000
3174 19991 1000000000
8065 10390 -1000000000
4033 17790 1000000000
3544 17023 -1000000000
8481 18312 1000000000
5479 13473 -1000000000
7762 18008 1000000000
2794 17514 -1000000000
3627 19935 1000000000
9407 19199 -1000000000
4414 12308 1000000000
9018 18808 -1000000000
390 10099 1000000000
6416 13143 -1000000000
341 10159 1000000000
5150 19435 -1000000000
5516 11178 1000000000
9005 12483 -1000000000
9198 15120 1000000000
3644 18433 -1000000000
4978 13990 1000000000
5818 15008 -1000000000
4122 10263 1000000000
4076 12592 -1000000000
3624 13564 1000000000
9688 16148 -1000000000
4141 16347 1000000000
980 10760 -1000000000
9877 14908 1000000000
2622 15330 -1000000000
6510 13277 1000000000
1688 17023 -1000000000
8332 17896 1000000000
915 19410 -1000000000
2846 12426 1000000000
6734 18731 -1000000000
9651 17270 1000000000
1454 11543 -1000000000
5864 15405 1000000000
1644 11733 -1000000000
9316 11587 1000000000
5528 19162 -1000000000
8822 17180 1000000000
3938 10940 -1000000000
7706 12140 1000000000
8485 19904 -1000000000
3326 17420 1000000000
2523 11172 -1000000000
3357 11777 1000000000
2042 12677 -1000000000
4472 11727 1000000000
9110 14608 -1000000000
8081 14289 1000000000
7451 15071 -1000000000
7279 19547 1000000000
7363 15663 -1000000000
4021 15922 1000000000
697 11426 -1000000000
1502 10436 1000000000
4638 18525 -1000000000
1223 16403 1000000000
3718 10257 -1000000000
4030 11691 1000000000
4493 18813 -1000000000
6198 16686 1000000000
5284 17392 -1000000000
3097 16645 1000000000
1131 13206 -1000000000
6439 14815 1000000000
2162 10033 -1000000000
1862 11381 1000000000
8089 14775 -1000000000
2938 19957 1000000000
7725 14805 -1000000000
4537 12584 1000000000
9781 19934 -1000000000
9968 17735 1000000000
4588 18249 -1000000000
4338 16491 1000000000
9560 14431 -1000000000
9078 12927 1000000000
6053 15477 -1000000000
2399 15874 1000000000
1713 13409 -1000000000
6270 12841 1000000000
3283 18801 -1000000000
4851 13308 1000000000
4709 16767 -1000000000
9810 14600 1000000000
5361 12939 -1000000000
9140 15518 1000000000
6190 15734 -1000000000
2133 11614 1000000000
150 17495 -1000000000
9232 16993 1000000000
7509 14244 -1000000000
3243 12914 1000000000
7016 10701 -1000000000
1247 16305 1000000000
7702 12557 -1000000000
422 18837 1000000000
1430 12996 -1000000000
1629 13959 1000000000
9178 17147 -1000000000
3564 11053 1000000000
801 17915 -1000000000
438 16640 1000000000
5547 11426 -1000000000
530 12285 1000000000
4114 11657 -1000000000
2496 10833 1000000000
6534 16097 -1000000000
8355 16095 1000000000
783 11940 -1000000000
1872 14045 1000000000
4842 15519 -1000000000
4267 10940 1000000000
9341 11018 -1000000000
7179 10721 1000000000
2513 19126 -1000000000
349 12174 1000000000
418 12158 -1000000000
708 18466 1000000000
4972 13993 -1000000000
589 10110 1000000000
9383 16298 -1000000000
7967 13441 1000000000
2097 19508 -1000000000
2851 17836 1000000000
6371 11829 -1000000000
1454 14468 1000000000
4104 18243 -1000000000
6339 13340 1000000000
8337 15235 -1000000000
7330 14617 1000000000
7346 11728 -1000000000
8111 18712 1000000000
3463 18705 -1000000000
612 12833 1000000000
1947 14983 -1000000000
7442 11767 1000000000
4959 19657 -1000000000
1779 16577 1000000000
6268 13881 -1000000000
3172 11424 1000000000
1614 19793 -1000000000
3377 13587 1000000000
1776 15288 -1000000000
8353 14366 1000000000
9615 15165 -1000000000
6689 12072 1000000000
8044 18776 -1000000000
4562 14039 1000000000
312 11683 -1000000000
4942 13437 1000000000
5800 12384 -1000000000
9982 18748 1000000000
5915 12187 -1000000000
8069 11816 1000000000
1977 12212 -1000000000
5247 13639 1000000000
9484 12876 -1000000000
3280 10196 1000000000
8113 12129 -1000000000
6603 10430 1000000000
8941 15862 -1000000000
5392 14695 1000000000
5863 14983 -1000000000
6435 12985 1000000000
4917 15206 -1000000000
3745 11486 1000000000
8545 11181 -1000000000
7056 11261 1000000000
3863 14471 -1000000000
8777 16212 1000000000
3352 13392 -1000000000
342 12665 1000000000
14 11747 -1000000000
5865 11884 1000000000
4106 19913 -1000000000
3869 12575 1000000000
8524 19075 -1000000000
2945 14350 1000000000
1701 17151 -1000000000
4850 17873 1000000000
3980 10865 -1000000000
7637 12829 1000000000
5852 15158 -1000000000
7228 14228 1000000000
1741 12037 -1000000000
9483 13102 1000000000
7341 11588 -1000000000
3678 19782 1000000000
1342 15533 -1000000000
6350 19993 1000000000
2374 11474 -1000000000
9905 16898 1000000000
5538 18142 -1000000000
8232 19238 1000000000
5320 10034 -1000000000
9128 15078 1000000000
6001 17873 -1000000000
1235 12487 1000000000
4406 16854 -1000000000
8796 13866 1000000000
9590 12600 -1000000000
6546 15994 1000000000
2404 18453 -1000000000
1686 12257 1000000000
1261 14317 -1000000000
5442 15648 1000000000
8 13654 -1000000000
4682 19107 1000000000
1018 10442 -1000000000
9292 19414 1000000000
1800 12061 -1000000000
9981 16950 1000000000
5935 10995 -1000000000
3555 12136 1000000000
7085 12248 -1000000000
9238 19496 1000000000
58 18016 -1000000000
2672 12195 1000000000
4596 17324 -1000000000
8238 16496 1000000000
8936 14400 -1000000000
4638 12608 1000000000
4571 11264 -1000000000
3161 14219 1000000000
2734 10580 -1000000000
3184 12513 1000000000
3146 16766 -1000000000
1618 18030 1000000000
4973 19768 -1000000000
984 18826 1000000000
8907 13877 -1000000000
9921 19989 1000000000
1230 13353 -1000000000
7262 14451 1000000000
6 17179 -1000000000
7961 10646 1000000000
7213 12587 -1000000000
9903 12550 1000000000
5267 14147 -1000000000
1426 16009 1000000000
6148 15766 -1000000000
5134 17416 1000000000
8962 17226 -1000000000
5475 12718 1000000000
1451 14745 -1000000000
9479 16684 1000000000
7166 13137 -1000000000
7500 12796 1000000000
513 10786 -1000000000
6091 19759 1000000000
7365 16770 -1000000000
566 17091 1000000000
801 16654 -1000000000
2390 16167 1000000000
1412 14345 -1000000000
9388 19172 1000000000
982 14489 -1000000000
7350 18680 1000000000
6588 12392 -1000000000
4309 16375 1000000000
9379 10906 -1000000000
5310 19452 1000000000
7489 11134 -1000000000
2949 13114 1000000000
478 15650 -1000000000
6318 13947 1000000000
9904 17603 -1000000000
6998 17357 1000000000
77 16972 -1000000000
753 12010 1000000000
2089 17691 -1000000000
7779 12636 1000000000
8124 19410 -1000000000
2920 17005 1000000000
3555 17985 -1000000000
5181 19212 1000000000
432 18951 -1000000000
3867 10013 1000000000
6568 15466 -1000000000
7084 10578 1000000000
3664 16379 -1000000000
1022 17889 1000000000
9079 13967 -1000000000
8156 18269 1000000000
3360 16244 -1000000000
9754 15895 1000000000
6792 13853 -1000000000
4768 17730 1000000000
2955 17491 -1000000000
7550 13211 1000000000
6773 17422 -1000000000
5553 17242 1000000000
9169 11415 -1000000000
2076 16205 1000000000
5511 18524 -1000000000
8769 18681 1000000000
5243 15752 -1000000000
1874 11483 1000000000
4344 16136 -1000000000
6616 18726 1000000000
1160 13311 -1000000000
6476 19057 1000000000
7347 14538 -1000000000
2171 15003 1000000000
6333 14444 -1000000000
1534 12446 1000000000
2144 17538 -1000000000
9930 14621 1000000000
6606 10354 -1000000000
4380 19224 1000000000
7548 10030 -1000000000
8997 19009 1000000000
2615 15431 -1000000000
4347 10135 1000000000
7608 14412 -1000000000
6225 13793 1000000000
5288 11074 -1000000000
5493 15501 1000000000
7674 11852 -1000000000
833 15027 1000000000
3330 13459 -1000000000
4716 16089 1000000000
5483 14034 -1000000000
6939 17569 1000000000
2565 14330 -1000000000
5334 13412 1000000000
1644 18194 -1000000000
6426 17017 1000000000
1266 11409 -1000000000
1447 15266 1000000000
9357 14732 -1000000000
1317 13339 1000000000
800 12756 -1000000000
5198 15195 1000000000
6590 13779 -1000000000
668 17843 1000000000
3602 10706 -1000000000
8208 12316 1000000000
8674 15107 -1000000000
3051 17709 1000000000
5349 13503 -1000000000
5195 16075 1000000000
6795 11142 -1000000000
6859 18036 1000000000
776 17163 -1000000000
1879 19558 1000000000
7446 16189 -1000000000
8907 10647 1000000000
672 12272 -1000000000
7935 13774 1000000000
9730 12521 -1000000000
7910 18695 1000000000
5380 16176 -1000000000
19 15468 1000000000
8313 18267 -1000000000
411 18269 1000000000
7736 17307 -1000000000
3268 12460 1000000000
4887 13706 -1000000000
3160 16298 1000000000
2263 17512 -1000000000
7787 11271 1000000000
1302 15257 -1000000000
7096 10071 1000000000
9753 10688 -1000000000
2434 14555 1000000000
9117 15328 -1000000000
5699 14870 1000000000
9305 14248 -1000000000
8111 18103 1000000000
7762 11520 -1000000000
8240 15500 1000000000
828 15936 -1000000000
2360 14017 1000000000
6376 17855 -1000000000
8008 17817 1000000000
6608 11781 -1000000000
4441 19611 1000000000
8787 17093 -1000000000
6512 17432 1000000000
4308 10889 -1000000000
1834 18689 1000000000
5496 11729 -1000000000
9221 14518 1000000000
340 15552 -1000000000
4623 15173 1000000000
4721 13237 -1000000000
8500 16371 1000000000
7860 11622 -1000000000
4320 13611 1000000000
3788 16085 -1000000000
6685 14823 1000000000
3287 18323 -1000000000
8089 11163 1000000000
274 15501 -1000000000
8771 11532 1000000000
1309 12255 -1000000000
9086 19075 1000000000
1330 18066 -1000000000
9723 15041 1000000000
1118 15360 -1000000000
6843 14925 1000000000
3670 14620 -1000000000
1671 13916 1000000000
2359 10016 -1000000000
6608 17513 1000000000
686 14600 -1000000000
7940 16082 1000000000
8774 11755 -1000000000
7408 18237 1000000000
3457 14667 -1000000000
8458 17204 1000000000
8090 18176 -1000000000
3375 17867 1000000000
6660 14486 -1000000000
9527 15463 1000000000
7239 14268 -1000000000
3140 10714 1000000000
1709 19559 -1000000000
3834 16240 1000000000
2991 16790 -1000000000
8054 11578 1000000000
1501 15879 -1000000000
5445 19720 1000000000
7039 15442 -1000000000
214 16966 1000000000
2052 18909 -1000000000
7127 18678 1000000000
516 10986 -1000000000
842 12353 1000000000
6308 14508 -1000000000
508 17599 1000000000
9147 17101 -1000000000
2626 15655 1000000000
9001 17948 -1000000000
5003 18459 1000000000
6801 17632 -1000000000
3658 11757 1000000000
4819 12835 -1000000000
5077 13637 1000000000
1996 10852 -1000000000
2258 19601 1000000000
5332 14889 -1000000000
8654 12154 1000000000
9585 12986 -1000000000
9380 11828 1000000000
8088 13042 -1000000000
102 10244 1000000000
8606 11199 -1000000000
5418 13167 1000000000
7288 11992 -1000000000
1438 18213 1000000000
6576 11858 -1000000000
4278 19312 1000000000
9248 14383 -1000000000
2681 12968 1000000000
8452 14549 -1000000000
8442 12060 1000000000
67 17177 -1000000000
9279 19022 1000000000
6131 10253 -1000000000
8256 17571 1000000000
7774 13866 -1000000000
3904 15408 1000000000
5878 17433 -1000000000
4494 13036 1000000000
1594 18314 -1000000000
2719 17552 1000000000
5554 15376 -1000000000
2439 15186 1000000000
5040 16213 -1000000000
3223 16424 1000000000
7913 16995 -1000000000
4218 12482 1000000000
4547 10022 -1000000000
1973 11390 1000000000
4922 10385 -1000000000
9939 13093 1000000000
6321 15387 -1000000000
9294 18837 1000000000
245 10554 -1000000000
2401 17047 1000000000
4026 19813 -1000000000
6104 12983 1000000000
3261 15911 -1000000000
6906 17246 1000000000
1487 17943 -1000000000
4094 11189 1000000000
3015 16061 -1000000000
3608 10116 1000000000
7857 16592 -1000000000
1095 16330 1000000000
1394 15133 -1000000000
7916 14954 1000000000
1439 10953 -1000000000
6048 10060 1000000000
9887 17173 -1000000000
793 10191 1000000000
2789 16867 -1000000000
3353 11392 1000000000
6140 13755 -1000000000
6712 16319 1000000000
9566 16237 -1000000000
6255 10481 1000000000
6344 14453 -1000000000
531 19639 1000000000
5211 11487 -1000000000
4484 12344 1000000000
8597 12719 -1000000000
3712 13872 1000000000
6270 16345 -1000000000
6755 14996 1000000000
1336 16570 -1000000000
9633 18432 1000000000
509 14035 -1000000000
7082 17790 1000000000
7503 19976 -1000000000
7048 11454 1000000000
2623 10795 -1000000000
4421 18727 1000000000
918 13786 -1000000000
753 10824 1000000000
6185 13738 -1000000000
4265 15146 1000000000
5922 18889 -1000000000
9313 15050 1000000000
4986 13934 -1000000000
7939 19797 1000000000
4376 16843 -1000000000
2893 16172 1000000000
2330 11674 -1000000000
5767 14209 1000000000
3714 14904 -1000000000
6897 11825 1000000000
3237 15117 -1000000000
7279 15632 1000000000
6885 12986 -1000000000
6494 18545 1000000000
6538 10012 -1000000000
3604 10963 1000000000
6787 18496 -1000000000
6862 14076 1000000000
4080 17202 -1000000000
1506 18216 1000000000
5307 11402 -1000000000
6265 16015 1000000000
7221 19154 -1000000000
1518 18374 1000000000
572 16939 -1000000000
4401 10825 1000000000
1052 13916 -1000000000
2946 15377 1000000000
7198 19305 -1000000000
5703 14568 1000000000
2509 14017 -1000000000
3356 18961 1000000000
8497 12825 -1000000000
1543 19469 1000000000
2161 17113 -1000000000
3300 16685 1000000000
8482 14442 -1000000000
1659 13408 1000000000
6744 19272 -1000000000
3918 14511 1000000000
1640 19941 -1000000000
9840 17996 1000000000
8380 13327 -1000000000
6087 13005 1000000000
2805 14697 -1000000000
2051 15535 1000000000
5558 11719 -1000000000
9738 18370 1000000000
368 18295 -1000000000
3418 10077 1000000000
1173 11217 -1000000000
3851 11917 1000000000
6816 10123 -1000000000
6309 10289 1000000000
9628 12608 -1000000000
8422 16032 1000000000
4377 18560 -1000000000
3599 11798 1000000000
4014 19870 -1000000000
201 10937 1000000000
1379 10059 -1000000000
9862 13494 1000000000
7185 16298 -1000000000
4992 16585 1000000000
5578 10633 -1000000000
8262 15521 1000000000
6514 16808 -1000000000
4538 10959 1000000000
5368 17501 -1000000000
5818 15504 1000000000
2242 18661 -1000000000
2486 10587 1000000000
3929 13630 -1000000000
6384 17491 1000000000
5321 10436 -1000000000
2023 15081 1000000000
6067 10503 -1000000000
1488 17723 1000000000
6514 16677 -1000000000
5918 13663 1000000000
7123 17372 -1000000000
998 14993 1000000000
9403 16932 -1000000000
9411 14304 1000000000
3300 10568 -1000000000
6435 10216 1000000000
7960 13091 -1000000000
6086 16977 1000000000
4186 19105 -1000000000
719 10413 1000000000
2911 17996 -1000000000
1286 17727 1000000000
5587 18405 -1000000000
6106 11921 1000000000
5376 16050 -1000000000
1203 15172 1000000000
5766 15861 -1000000000
9315 11452 1000000000
9258 14453 -1000000000
7861 16621 1000000000
9521 15689 -1000000000
8547 14438 1000000000
703 11648 -1000000000
9202 14828 1000000000
367 17283 -1000000000
8800 17054 1000000000
7588 14832 -1000000000
7548 14136 1000000000
6476 19676 -1000000000
1263 19449 1000000000
9916 19570 -1000000000
7006 16913 1000000000
7661 15159 -1000000000
9759 18612 1000000000
2904 10523 -1000000000
4105 17549 1000000000
3250 16161 -1000000000
1308 15904 1000000000
6264 13912 -1000000000
2030 10206 1000000000
8243 15938 -1000000000
1381 17082 1000000000
504 13060 -1000000000
1244 12172 1000000000
5367 18144 -1000000000
5063 13786 1000000000
9992 12472 -1000000000
7566 12534 1000000000
457 13566 -1000000000
6247 18658 1000000000
1439 11944 -1000000000
7001 18309 1000000000
9663 11588 -1000000000
6005 13110 1000000000
9595 18226 -1000000000
458 10612 1000000000
7038 18437 -1000000000
2234 17296 1000000000
9118 17703 -1000000000
8693 10608 1000000000
1496 11025 -1000000000
7082 14850 1000000000
6637 13045 -1000000000
9592 17032 1000000000
110 16288 -1000000000
2666 14963 1000000000
3598 18179 -1000000000
1003 18055 1000000000
5988 16230 -1000000000
7896 18638 1000000000
2578 12341 -1000000000
3248 14970 1000000000
7131 15466 -1000000000
5454 17893 1000000000
1383 14167 -1000000000
8228 10067 1000000000
1339 14853 -1000000000
4447 15247 1000000000
5571 16549 -1000000000
1452 10550 1000000000
4961 11872 -1000000000
3208 19865 1000000000
929 12269 -1000000000
7511 12266 1000000000
2091 15541 -1000000000
521 16871 1000000000
7447 14467 -1000000000
7996 19572 1000000000
950 13713 -1000000000
2455 13846 1000000000
7636 11622 -1000000000
3016 16167 1000000000
2459 18539 -1000000000
4281 18506 1000000000
2834 18591 -1000000000
8604 19219 1000000000
2690 11280 -1000000000
895 15861 1000000000
2168 13953 -1000000000
979 19769 1000000000
4760 15847 -1000000000
8972 10525 1000000000
5050 12825 -1000000000
4085 15027 1000000000
4661 18567 -1000000000
7108 17524 1000000000
7748 19310 -1000000000
603 10546 1000000000
9518 10156 -1000000000
8609 17147 1000000000
9518 14553 -1000000000
7068 15152 1000000000
616 13656 -1000000000
5094 17547 1000000000
4189 10580 -1000000000
7126 18194 1000000000
219 14434 -1000000000
6205 13966 1000000000
4052 19279 -1000000000
7184 14176 1000000000
7624 11779 -1000000000
9165 13733 1000000000
8296 12580 -1000000000
4386 10294 1000000000
3450 13823 -1000000000
8362 18030 1000000000
8942 16429 -1000000000
7526 12731 1000000000
6244 16268 -1000000000
9175 14213 1000000000
3026 16703 -1000000000
1717 18320 1000000000
7634 14295 -1000000000
1851 14566 1000000000
7341 12482 -1000000000
9073 10770 1000000000
364 13654 -1000000000
9914 16385 1000000000
6342 14144 -1000000000
1566 15395 1000000000
1897 16381 -1000000000
4681 15048 1000000000
2040 15491 -1000000000
7927 10479 1000000000
3760 16129 -1000000000
660 17238 1000000000
1461 16272 -1000000000
3295 19296 1000000000
7808 16993 -1000000000
2795 17280 1000000000
7031 14299 -1000000000
2659 14101 1000000000
5870 15378 -1000000000
6638 17496 1000000000
415 10110 -1000000000
3958 18301 1000000000
5690 16158 -1000000000
9791 14408 1000000000
2436 13980 -1000000000
7698 15770 1000000000
3376 17734 -1000000000
9633 18847 1000000000
505 14881 -1000000000
2106 14443 1000000000
9703 12213 -1000000000
9742 13487 1000000000
6763 11729 -1000000000
3852 10184 1000000000
481 15234 -1000000000
3466 14659 1000000000
6782 11490 -1000000000
4815 14211 1000000000
3028 16210 -1000000000
9917 15348 1000000000
3974 12164 -1000000000
3914 19745 1000000000
3819 12231 -1000000000
3636 16503 1000000000
4008 19973 -1000000000
7541 15874 1000000000
3847 16290 -1000000000
818 19421 1000000000
8413 12368 -1000000000
9499 11265 1000000000
2544 10303 -1000000000
7793 15204 1000000000
9571 11046 -1000000000
5789 15207 1000000000
3324 19774 -1000000000
7155 14245 1000000000
4932 10769 -1000000000
7903 18949 1000000000
9773 12079 -1000000000
1870 13308 1000000000
9216 16225 -1000000000
2798 18447 1000000000
4664 11176 -1000000000
3652 10013 1000000000
3610 10203 -1000000000
3047 11076 1000000000
2055 12723 -1000000000
2955 16907 1000000000
5041 13834 -1000000000
6872 13646 1000000000
7647 13656 -1000000000
5270 12713 1000000000
8918 12413 -1000000000
2129 13174 1000000000
9697 16259 -1000000000
7064 10200 1000000000
8327 13357 -1000000000
3102 14536 1000000000
2313 19067 -1000000000
2473 15372 1000000000
7727 13862 -1000000000
1955 13927 1000000000
4045 11437 -1000000000
9241 17146 1000000000
5517 18142 -1000000000
4789 14775 1000000000
9880 13487 -1000000000
4999 15723 1000000000
134 12921 -1000000000
3874 19308 1000000000
6126 19609 -1000000000
6778 13626 1000000000
6384 16835 -1000000000
5938 16182 1000000000
7761 12583 -1000000000
5063 18972 1000000000
259 13941 -1000000000
819 17738 1000000000
6889 19680 -1000000000
8845 13656 1000000000
510 16265 -1000000000
1612 17492 1000000000
7127 15723 -1000000000
3625 16790 1000000000
4152 16359 -1000000000
8092 11842 1000000000
6439 16535 -1000000000
282 18025 1000000000
9651 12031 -1000000000
5123 19137 1000000000
9884 14570 -1000000000
3209 14914 1000000000
2038 15764 -1000000000
7607 15475 1000000000
293 12250 -1000000000
4336 15333 1000000000
3041 10669 -1000000000
4537 19634 1000000000
4225 19777 -1000000000
5578 19451 1000000000
1695 10307 -1000000000
7848 10305 1000000000
2343 15623 -1000000000
2912 16027 1000000000
3452 10014 -1000000000
6276 14891 1000000000
6083 19811 -1000000000
955 14608 1000000000
1972 17466 -1000000000
4443 12671 1000000000
4018 15352 -1000000000
3315 14839 1000000000
3191 17076 -1000000000
9902 16174 1000000000
4756 19456 -1000000000
6910 12505 1000000000
9441 15329 -1000000000
8989 13452 1000000000
5116 14788 -1000000000
3866 17430 1000000000
9392 13376 -1000000000
1247 16631 1000000000
5210 14529 -1000000000
8520 10164 1000000000
8530 11069 -1000000000
2531 10811 1000000000
1488 16500 -1000000000
6586 18835 1000000000
5778 15561 -1000000000
9992 15071 1000000000
5320 12132 -1000000000
1026 10246 1000000000
7528 13802 -1000000000
4285 17698 1000000000
8953 12675 -1000000000
7016 13096 1000000000
385 18294 -1000000000
4681 14946 1000000000
7652 18859 -1000000000
5202 14422 1000000000
7906 11132 -1000000000
2000 17777 1000000000
5719 11702 -1000000000
8459 19635 1000000000
9580 12347 -1000000000
6249 11534 1000000000
1457 14045 -1000000000
8997 17840 1000000000
1125 11922 -1000000000
2041 16634 1000000000
73 10028 -1000000000
4696 14514 1000000000
5701 15071 -1000000000
2336 13012 1000000000
2212 14639 -1000000000
8443 12052 1000000000
7675 18855 -1000000000
5143 15675 1000000000
603 16158 -1000000000
8625 16222 1000000000
5936 17076 -1000000000
6602 12497 1000000000
1220 15969 -1000000000
9443 11299 1000000000
8837 16510 -1000000000
4452 11789 1000000000
4927 13627 -1000000000
8963 14013 1000000000
9077 17670 -1000000000
431 11980 1000000000
1561 16815 -1000000000
7866 11692 1000000000
9701 11198 -1000000000
758 16786 1000000000
1470 18153 -1000000000
5375 19246 1000000000
4317 18540 -1000000000
7895 11727 1000000000
6008 16856 -1000000000
163 14789 1000000000
7941 14480 -1000000000
2784 10314 1000000000
5659 17666 -1000000000
5564 12987 1000000000
6057 16225 -1000000000
7337 14447 1000000000
1748 14429 -1000000000
3095 10102 1000000000
1224 17769 -1000000000
1000 15445 1000000000
2880 19804 -1000000000
1581 12526 1000000000
333 14907 -1000000000
4532 15629 1000000000
6106 15220 -1000000000
895 11368 1000000000
4829 14135 -1000000000
4041 19043 1000000000
3595 13231 -1000000000
7360 19439 1000000000
6495 15694 -1000000000
1110 17062 1000000000
8611 10248 -1000000000
1300 17683 1000000000
5673 12592 -1000000000
1013 12897 1000000000
6022 14790 -1000000000
5067 10158 1000000000
1877 13002 -1000000000
5022 18695 1000000000
3474 17717 -1000000000
2256 14611 1000000000
9664 16614 -1000000000
5398 13355 1000000000
1217 16094 -1000000000
8889 16739 1000000000
3101 14439 -1000000000
2035 19820 1000000000
6738 19616 -1000000000
9293 15901 1000000000
3742 15026 -1000000000
6152 15862 1000000000
2782 16559 -1000000000
7552 18418 1000000000
2741 19495 -1000000000
532 14774 1000000000
701 19043 -1000000000
8870 12212 1000000000
728 12069 -1000000000
1185 18676 1000000000
4433 16552 -1000000000
1038 15428 1000000000
1641 11511 -1000000000
9761 10617 1000000000
5493 19674 -1000000000
3094 12703 1000000000
5100 15163 -1000000000
9003 15951 1000000000
3219 11172 -1000000000
5953 18845 1000000000
233 16987 -1000000000
9762 15653 1000000000
3863 15502 -1000000000
9984 10802 1000000000
1600 17308 -1000000000
6796 14302 1000000000
9876 19556 -1000000000
4850 11247 1000000000
5192 16367 -1000000000
6582 15610 1000000000
2959 17998 -1000000000
9817 19863 1000000000
9819 19335 -1000000000
6012 10971 1000000000
2425 10370 -1000000000
8482 17903 1000000000
5753 18739 -1000000000
8752 10730 1000000000
8402 15224 -1000000000
8304 15499 1000000000
1563 18796 -1000000000
7193 13906 1000000000
5814 17732 -1000000000
1361 11392 1000000000
6546 18993 -1000000000
2688 15827 1000000000
4321 13593 -1000000000
4542 14493 1000000000
960 14292 -1000000000
7944 14516 1000000000
220 10890 -1000000000
9767 16924 1000000000
4830 19544 -1000000000
5629 16149 1000000000
5852 15601 -1000000000
2695 18839 1000000000
472 10833 -1000000000
2581 13741 1000000000
7914 19472 -1000000000
4461 15242 1000000000
6058 16795 -1000000000
6568 15118 1000000000
7826 15141 -1000000000
1974 16953 1000000000
6972 15934 -1000000000
9666 18728 1000000000
6588 12740 -1000000000
9262 14075 1000000000
8579 11961 -1000000000
7067 13951 1000000000
1907 12081 -1000000000
9748 10130 1000000000
2531 16434 -1000000000
1211 14437 1000000000
8523 10017 -1000000000
390 10083 1000000000
8491 10425 -1000000000
4389 19246 1000000000
4034 17454 -1000000000
3158 13217 1000000000
3122 10018 -1000000000
4716 15663 1000000000
5823 14661 -1000000000
5767 10115 1000000000
8804 19817 -1000000000
2655 17265 1000000000
6376 18158 -1000000000
7892 15197 1000000000
5083 14479 -1000000000
4671 18854 1000000000
8386 12242 -1000000000
2580 13758 1000000000
9242 11802 -1000000000
2741 16345 1000000000
1372 13814 -1000000000
727 14603 1000000000
1773 16410 -1000000000
8787 10167 1000000000
5075 17511 -1000000000
5835 16702 1000000000
5706 11279 -1000000000
9977 16894 1000000000
7480 11101 -1000000000
9689 15385 1000000000
4344 11355 -1000000000
9182 18270 1000000000
3149 15100 -1000000000
3659 16671 1000000000
7496 16961 -1000000000
2964 17220 1000000000
2877 10960 -1000000000
3770 19825 1000000000
7330 14594 -1000000000
8593 11956 1000000000
9581 19498 -1000000000
8973 12846 1000000000
7067 10882 -1000000000
3057 12256 1000000000
5724 10090 -1000000000
7790 11386 1000000000
35 14785 -1000000000
4976 17023 1000000000
2783 11321 -1000000000
7878 11386 1000000000
7142 14382 -1000000000
4561 19773 1000000000
4952 12461 -1000000000
5079 18637 1000000000
6264 12188 -1000000000
1803 15834 1000000000
4559 16029 -1000000000
239 18805 1000000000
6542 10546 -1000000000
2856 15949 1000000000
5349 18788 -1000000000
2892 17887 1000000000
8616 11633 -1000000000
3468 12856 1000000000
9029 13774 -1000000000
278 11468 1000000000
3651 16319 -1000000000
2020 19405 1000000000
2601 14475 -1000000000
9747 13689 1000000000
1110 12748 -1000000000
9021 13295 1000000000
527 15167 -1000000000
7355 13358 1000000000
7084 17658 -1000000000
6531 15975 1000000000
1094 10145 -1000000000
8392 10924 1000000000
3697 16632 -1000000000
8399 16736 1000000000
4178 10684 -1000000000
4706 17961 1000000000
5259 16083 -1000000000
8799 16102 1000000000
3927 11548 -1000000000
8818 13950 1000000000
8280 14552 -1000000000
8675 11043 1000000000
3311 16353 -1000000000
4208 12444 1000000000
1703 14478 -1000000000
262 19307 1000000000
6573 17135 -1000000000
39 13180 1000000000
9452 19364 -1000000000
5502 18239 1000000000
9359 11560 -1000000000
9107 12895 1000000000
5455 16460 -1000000000
3030 18438 1000000000
707 19782 -1000000000
2935 19122 1000000000
1190 10881 -1000000000
4903 12020 1000000000
2238 16657 -1000000000
8547 13350 1000000000
6499 15442 -1000000000
3497 12162 1000000000
2392 12516 -1000000000
4916 15859 1000000000
2729 16290 -1000000000
1087 15961 1000000000
8817 12746 -1000000000
7534 17748 1000000000
7588 10861 -1000000000
2344 17534 1000000000
8823 13626 -1000000000
5855 11094 1000000000
5024 12387 -1000000000
2762 18237 1000000000
2229 17618 -1000000000
913 13984 1000000000
7303 14226 -1000000000
7120 10553 1000000000
5890 17004 -1000000000
8277 12256 1000000000
8788 14676 -1000000000
6535 15073 1000000000
5680 15177 -1000000000
5648 14793 1000000000
4962 15718 -1000000000
590 13789 1000000000
7057 15339 -1000000000
6707 12833 1000000000
6651 15048 -1000000000
3456 16069 1000000000
245 11270 -1000000000
6638 10444 1000000000
2304 13503 -1000000000
2506 12410 1000000000
6371 16849 -1000000000
8339 17910 1000000000
4830 15013 -1000000000
3372 14437 1000000000
3583 11705 -1000000000
7023 18010 1000000000
236 10745 -1000000000
7998 19272 1000000000
8981 11253 -1000000000
3106 15861 1000000000
2181 15401 -1000000000
3586 13293 1000000000
6206 19691 -1000000000
7126 15543 1000000000
2927 13399 -1000000000
3804 18994 1000000000
5702 17378 -1000000000
2747 15306 1000000000
5518 13497 -1000000000
7694 13898 1000000000
3985 12467 -1000000000
7955 13305 1000000000
8339 11739 -1000000000
1217 10502 1000000000
9544 10441 -1000000000
8710 12944 1000000000
3527 17964 -1000000000
5823 12687 1000000000
5568 10046 -1000000000
5309 14651 1000000000
2069 14089 -1000000000
4178 16665 1000000000
1081 14847 -1000000000
975 16853 1000000000
8550 14667 -1000000000
2068 15315 1000000000
7689 16767 -1000000000
2962 18345 1000000000
9345 13064 -1000000000
5897 11174 1000000000
458 10846 -1000000000
5914 16115 1000000000
7539 19594 -1000000000
5082 17773 1000000000
4636 15965 -1000000000
7880 11286 1000000000
9924 11829 -1000000000
1456 14941 1000000000
446 19133 -1000000000
5185 11649 1000000000
868 18552 -1000000000
8254 10090 1000000000
3029 11031 -1000000000
4096 18850 1000000000
3534 16871 -1000000000
1361 15891 1000000000
8386 13175 -1000000000
9897 12724 1000000000
4888 18721 -1000000000
2611 11332 1000000000
890 13056 -1000000000
8711 19072 1000000000
1251 13861 -1000000000
5226 13326 1000000000
9277 11675 -1000000000
9828 14692 1000000000
1121 15038 -1000000000
2505 13376 1000000000
871 18731 -1000000000
6860 10569 1000000000
3630 15022 -1000000000
8510 10543 1000000000
5304 10595 -1000000000
5697 16898 1000000000
8394 14714 -1000000000
258 12317 1000000000
5366 16671 -1000000000
398 14026 1000000000
578 14343 -1000000000
5838 11023 1000000000
7557 17090 -1000000000
9568 16969 1000000000
7571 12609 -1000000000
3162 10023 1000000000
3307 16343 -1000000000
8856 18996 1000000000
5854 17671 -1000000000
1640 19909 1000000000
3598 19077 -1000000000
7053 10684 1000000000
2482 18189 -1000000000
4276 17463 1000000000
5629 15734 -1000000000
1259 14549 1000000000
7081 11405 -1000000000
7890 13209 1000000000
5485 17263 -1000000000
9260 10865 1000000000
7183 15054 -1000000000
3647 16402 1000000000
8097 14914 -1000000000
5418 19042 1000000000
8896 14673 -1000000000
4809 14102 1000000000
7993 11046 -1000000000
1155 12056 1000000000
8112 14805 -1000000000
4394 18533 1000000000
8193 15684 -1000000000
1048 13821 1000000000
6750 11188 -1000000000
9089 14472 1000000000
6125 12321 -1000000000
2568 18816 1000000000
1845 13401 -1000000000
8540 15166 1000000000
3411 15643 -1000000000
9698 14283 1000000000
6975 10389 -1000000000
9406 16588 1000000000
1002 10622 -1000000000
1492 11277 1000000000
7924 11260 -1000000000
7003 13976 1000000000
4578 16690 -1000000000
3989 10199 1000000000
6478 19760 -1000000000
8637 12319 1000000000
8760 13533 -1000000000
7269 13992 1000000000
6286 10280 -1000000000
9037 12749 1000000000
2544 12836 -1000000000
8649 16210 1000000000
8293 16520 -1000000000
7366 14220 1000000000
7423 10089 -1000000000
5784 18291 1000000000
3246 12190 -1000000000
9302 13462 1000000000
8527 19010 -1000000000
6836 14758 1000000000
2899 16991 -1000000000
9031 16090 1000000000
9916 15013 -1000000000
6899 13688 1000000000
9583 14202 -1000000000
375 13604 1000000000
2876 10039 -1000000000
6897 12845 1000000000
8168 10859 -1000000000
1740 12474 1000000000
1935 10128 -1000000000
8700 19631 1000000000
775 18571 -1000000000
9406 12672 1000000000
858 18116 -1000000000
6470 17993 1000000000
9469 11389 -1000000000
8655 19291 1000000000
1140 10361 -1000000000
1980 14044 1000000000
9184 10289 -1000000000
5129 10423 1000000000
2349 18928 -1000000000
5248 18465 1000000000
6850 10278 -1000000000
3431 18524 1000000000
1598 15466 -1000000000
6441 15423 1000000000
5291 12914 -1000000000
6570 15408 1000000000
8249 11971 -1000000000
8891 17559 1000000000
9161 19719 -1000000000
1747 17529 1000000000
4057 19262 -1000000000
9245 17728 1000000000
3949 15349 -1000000000
8812 18139 1000000000
6553 14831 -1000000000
8236 14525 1000000000
1457 18757 -1000000000
4766 17852 1000000000
9281 14430 -1000000000
7808 10026 1000000000
4208 14031 -1000000000
3993 19429 1000000000
5187 12779 -1000000000
7211 10012 1000000000
1275 14269 -1000000000
2253 15179 1000000000
4053 14859 -1000000000
3187 16865 1000000000
6991 18327 -1000000000
4807 12413 1000000000
8135 18955 -1000000000
7324 10502 1000000000
6144 11926 -1000000000
9359 11876 1000000000
2733 14864 -1000000000
4832 16437 1000000000
7151 13211 -1000000000
5455 10607 1000000000
5076 14046 -1000000000
6099 19328 1000000000
6009 14885 -1000000000
5292 10754 1000000000
6053 15765 -1000000000
7514 13559 1000000000
2141 18272 -1000000000
2419 16866 1000000000
58 14526 -1000000000
894 13244 1000000000
4195 13485 -1000000000
5942 16394 1000000000
9462 17227 -1000000000
2009 11439 1000000000
5718 18944 -1000000000
2145 15065 1000000000
7590 19062 -1000000000
3805 15590 1000000000
6611 18391 -1000000000
8141 18357 1000000000
7616 15589 -1000000000
9139 11723 1000000000
5098 13026 -1000000000
662 10845 1000000000
8934 18693 -1000000000
957 14592 1000000000
865 15227 -1000000000
4861 12504 1000000000
8815 16066 -1000000000
3688 12824 1000000000
3304 18129 -1000000000
2698 15416 1000000000
4977 15153 -1000000000
8365 18513 1000000000
7776 11453 -1000000000
4270 19531 1000000000
3091 12247 -1000000000
99 12559 1000000000
9590 13980 -1000000000
7513 17506 1000000000
6966 16163 -1000000000
4458 14058 1000000000
8446 14677 -1000000000
4365 11528 1000000000
292 16672 -1000000000
3674 10694 1000000000
4369 15371 -1000000000
2157 19967 1000000000
5971 15068 -1000000000
5474 18388 1000000000
3872 15384 -1000000000
3807 17894 1000000000
2319 16634 -1000000000
4862 19926 1000000000
2450 10566 -1000000000
8141 13113 1000000000
8478 17223 -1000000000
8220 16110 1000000000
9113 16833 -1000000000
2940 15352 1000000000
4795 10296 -1000000000
9857 15410 1000000000
1725 14697 -1000000000
6356 19319 1000000000
5092 12930 -1000000000
1125 15158 1000000000
104 19199 -1000000000
3076 10621 1000000000
8292 12857 -1000000000
3055 16206 1000000000
2961 19259 -1000000000
2377 13652 1000000000
3283 18319 -1000000000
1572 19243 1000000000
9342 17666 -1000000000
9694 10813 1000000000
9044 16127 -1000000000
6147 16517 1000000000
2605 11209 -1000000000
7752 10148 1000000000
6016 18296 -1000000000
4892 10142 1000000000
8164 11328 -1000000000
2797 13327 1000000000
8510 10953 -1000000000
4437 19198 1000000000
5856 12293 -1000000000
3937 19762 1000000000
7935 12757 -1000000000
5324 15894 1000000000
4263 15897 -1000000000
1134 13485 1000000000
5800 13362 -1000000000
476 10151 1000000000
3594 18624 -1000000000
9842 16658 1000000000
3314 11630 -1000000000
5376 10359 1000000000
7671 18212 -1000000000
3550 18763 1000000000
2580 19980 -1000000000
347 19109 1000000000
5281 12461 -1000000000
7653 14746 1000000000
345 13430 -1000000000
6972 10597 1000000000
1890 19954 -1000000000
996 15815 1000000000
39 14192 -1000000000
7864 12410 1000000000
6453 14259 -1000000000
2980 19178 1000000000
4745 11178 -1000000000
9468 15947 1000000000
9443 11961 -1000000000
1029 11433 1000000000
9629 14639 -1000000000
7567 18448 1000000000
4054 10813 -1000000000
4356 11744 1000000000
9798 14648 -1000000000
1517 19662 1000000000
4324 17271 -1000000000
1078 16468 1000000000
8013 13108 -1000000000
9376 15795 1000000000
2542 11097 -1000000000
4472 19264 1000000000
2794 10649 -1000000000
4646 14773 1000000000
6602 15025 -1000000000
63 18636 1000000000
9020 10164 -1000000000
6268 17806 1000000000
2528 14499 -1000000000
951 15573 1000000000
8101 13868 -1000000000
4002 19533 1000000000
5262 14426 -1000000000
7587 10478 1000000000
6059 10198 -1000000000
6519 13810 1000000000
7797 15982 -1000000000
587 13455 1000000000
9489 11475 -1000000000
5765 14034 1000000000
9460 13118 -1000000000
9424 11260 1000000000
6243 13188 -1000000000
2737 17526 1000000000
6960 14095 -1000000000
8131 15199 1000000000
388 15745 -1000000000
6540 19256 1000000000
6284 14933 -1000000000
9870 13087 1000000000
1531 13241 -1000000000
8306 17390 1000000000
3100 11111 -1000000000
7159 12804 1000000000
8872 16795 -1000000000
793 15195 1000000000
4167 10950 -1000000000
8179 16494 1000000000
168 11365 -1000000000
117 17931 1000000000
4216 17279 -1000000000
8225 10765 1000000000
563 11659 -1000000000
9547 11760 1000000000
3023 19975 -1000000000
4365 19864 1000000000
4408 10098 -1000000000
972 13813 1000000000
9867 13429 -1000000000
7533 14469 1000000000
5243 12550 -1000000000
3109 14912 1000000000
2102 16374 -1000000000
5343 11188 1000000000
7781 17704 -1000000000
6489 18788 1000000000
5501 11386 -1000000000
9035 14004 1000000000
6947 17691 -1000000000
8000 13449 1000000000
1296 10434 -1000000000
3102 16346 1000000000
4623 17580 -1000000000
9951 11121 1000000000
5030 13148 -1000000000
7476 15880 1000000000
9180 16688 -1000000000
831 15639 1000000000
3650 15156 -1000000000
655 17970 1000000000
1583 10568 -1000000000
7991 17344 1000000000
4273 13472 -1000000000
4680 12521 1000000000
6611 14948 -1000000000
4967 19767 1000000000
7230 12782 -1000000000
3455 18807 1000000000
7227 17335 -1000000000
6662 11158 1000000000
8157 13167 -1000000000
4208 16245 1000000000
9474 17484 -1000000000
7867 19542 1000000000
5770 12199 -1000000000
379 17221 1000000000
443 18380 -1000000000
8146 19128 1000000000
207 11564 -1000000000
7496 12352 1000000000
4288 18966 -1000000000
4075 13500 1000000000
2127 12032 -1000000000
7120 18603 1000000000
6634 13469 -1000000000
7660 17306 1000000000
3189 18818 -1000000000
9121 14492 1000000000
1312 15856 -1000000000
3306 14983 1000000000
803 17426 -1000000000
8994 17154 1000000000
1803 17089 -1000000000
1229 17490 1000000000
4562 11541 -1000000000
5698 14345 1000000000
2626 18530 -1000000000
7 14701 1000000000
1010 15917 -1000000000
9477 10170 1000000000
4600 15690 -1000000000
427 13301 1000000000
7078 19721 -1000000000
4096 17767 1000000000
3761 18479 -1000000000
1863 16521 1000000000
517 11645 -1000000000
2471 19320 1000000000
6383 16944 -1000000000
9987 19842 1000000000
1075 16286 -1000000000
1056 14150 1000000000
2325 18096 -1000000000
1698 15245 1000000000
6951 16625 -1000000000
3590 10522 1000000000
9215 16452 -1000000000
8757 19683 1000000000
2879 15721 -1000000000
9591 18374 1000000000
7808 18876 -1000000000
488 18672 1000000000
348 16202 -1000000000
1983 14865 1000000000
4729 16038 -1000000000
4030 16430 1000000000
678 12246 -1000000000
699 13128 1000000000
432 10289 -1000000000
1216 11213 1000000000
5982 13452 -1000000000
5134 19193 1000000000
5954 11173 -1000000000
3338 11715 1000000000
6946 10369 -1000000000
2599 15261 1000000000
8909 11312 -1000000000
9855 15928 1000000000
7640 19610 -1000000000
7771 13418 1000000000
601 18863 -1000000000
9416 10795 1000000000
2486 19795 -1000000000
3051 11185 1000000000
9527 13744 -1000000000
6375 11877 1000000000
3474 11381 -1000000000
1897 19671 1000000000
8843 16431 -1000000000
4214 19910 1000000000
1182 13838 -1000000000
705 12727 1000000000
9184 10854 -1000000000
1445 12840 1000000000
6965 11392 -1000000000
7393 15939 1000000000
6137 17801 -1000000000
3201 16465 1000000000
729 19223 -1000000000
5770 17136 1000000000
1296 11739 -1000000000
4723 15922 1000000000
1487 10924 -1000000000
9277 14388 1000000000
652 12819 -1000000000
4362 11986 1000000000
910 14910 -1000000000
8959 16219 1000000000
8117 12181 -1000000000
6586 15130 1000000000
2142 19028 -1000000000
309 13598 1000000000
3289 16289 -1000000000
807 14167 1000000000
1293 19205 -1000000000
3215 11924 1000000000
1697 15604 -1000000000
2991 18588 1000000000
1359 12528 -1000000000
3008 12318 1000000000
9350 15242 -1000000000
1613 12634 1000000000
9093 14671 -1000000000
1917 18638 1000000000
5025 14360 -1000000000
5108 10619 1000000000
8606 13186 -1000000000
8308 19554 1000000000
8908 16112 -1000000000
1843 17572 1000000000
3238 18894 -1000000000
9732 11347 1000000000
4938 13663 -1000000000
1453 18646 1000000000
903 19478 -1000000000
5930 13092 1000000000
2226 12447 -1000000000
7848 15655 1000000000
1475 13373 -1000000000
3854 15509 1000000000
9086 18106 -1000000000
2282 14356 1000000000
4600 10226 -1000000000
6221 19612 1000000000
2751 14176 -1000000000
3153 14301 1000000000
4712 14181 -1000000000
9677 14473 1000000000
7239 16482 -1000000000
599 17886 1000000000
6611 11689 -1000000000
6555 10308 1000000000
2039 17981 -1000000000
7532 17731 1000000000
4139 11173 -1000000000
4512 15829 1000000000
5493 16900 -1000000000
9441 14129 1000000000
2580 10246 -1000000000
2381 16681 1000000000
4194 14157 -1000000000
2006 15421 1000000000
1754 14089 -1000000000
20 18917 1000000000
5136 12943 -1000000000
4603 17020 1000000000
2957 18425 -1000000000
5753 11659 1000000000
2864 17493 -1000000000
3932 16887 1000000000
9267 11923 -1000000000
6863 13439 1000000000
7709 16498 -1000000000
6945 16010 1000000000
5698 16159 -1000000000
9545 15305 1000000000
789 16986 -1000000000
3267 11065 1000000000
7814 17135 -1000000000
5560 12126 1000000000
7621 19069 -1000000000
3826 16236 1000000000
1012 18828 -1000000000
5172 15576 1000000000
4300 11823 -1000000000
5814 12871 1000000000
6659 14796 -1000000000
2075 16539 1000000000
5323 12507 -1000000000
2460 12310 1000000000
8117 13266 -1000000000
9884 11003 1000000000
3628 19777 -1000000000
6969 10195 1000000000
8354 15121 -1000000000
5958 11320 1000000000
2351 10326 -1000000000
4304 13053 1000000000
4710 19499 -1000000000
4444 18562 1000000000
778 17815 -1000000000
4711 13467 1000000000
2022 13486 -1000000000
7832 16217 1000000000
135 16357 -1000000000
4881 15037 1000000000
9649 13379 -1000000000
5954 11404 1000000000
228 15586 -1000000000
7090 14010 1000000000
9457 17067 -1000000000
2520 14607 1000000000
910 11366 -1000000000
256 12266 1000000000
7763 11532 -1000000000
5182 14480 1000000000
6641 15585 -1000000000
7816 19126 1000000000
7841 15064 -1000000000
3002 10606 1000000000
7458 19780 -1000000000
3854 12103 1000000000
615 10108 -1000000000
218 14346 1000000000
40 19562 -1000000000
2729 10895 1000000000
6320 19604 -1000000000
8094 14522 1000000000
40 11412 -1000000000
2054 14370 1000000000
6794 13854 -1000000000
9824 16299 1000000000
3045 12312 -1000000000
1375 11816 1000000000
8924 16941 -1000000000
356 12821 1000000000
1702 14820 -1000000000
19 10835 1000000000
9853 11400 -1000000000
4593 10577 1000000000
1054 13720 -1000000000
1903 11610 1000000000
4117 19018 -1000000000
9782 17755 1000000000
956 18966 -1000000000
5080 13007 1000000000
3044 18087 -1000000000
3747 14928 1000000000
5524 19751 -1000000000
5120 10764 1000000000
6921 16461 -1000000000
6810 11061 1000000000
3478 13866 -1000000000
7894 16430 1000000000
2175 14359 -1000000000
7686 13887 1000000000
8867 16974 -1000000000
5938 12715 1000000000
8007 18488 -1000000000
269 16099 1000000000
2063 10857 -1000000000
2054 19690 1000000000
4845 11043 -1000000000
8526 18173 1000000000
2495 16473 -1000000000
5324 10075 1000000000
8852 11646 -1000000000
8747 16380 1000000000
219 18702 -1000000000
5388 17250 1000000000
634 17020 -1000000000
8948 19972 1000000000
8320 14963 -1000000000
9115 10735 1000000000
1693 15777 -1000000000
5352 11518 1000000000
8999 14219 -1000000000
7851 18857 1000000000
9395 14627 -1000000000
1525 11703 1000000000
324 14451 -1000000000
8641 17163 1000000000
9950 17727 -1000000000
4172 12631 1000000000
6655 19333 -1000000000
1269 19071 1000000000
5096 10523 -1000000000
7178 12280 1000000000
4840 19749 -1000000000
2281 19453 1000000000
7201 14907 -1000000000
2183 14596 1000000000
8594 14750 -1000000000
7960 13472 1000000000
6228 15914 -1000000000
8352 17920 1000000000
4185 11579 -1000000000
4241 13729 1000000000
9633 12936 -1000000000
5017 11132 1000000000
5970 12113 -1000000000
1714 19225 1000000000
5106 15234 -1000000000
2655 13428 1000000000
8374 12911 -1000000000
9483 11156 1000000000
2174 18075 -1000000000
8972 14951 1000000000
7063 15623 -1000000000
5014 18516 1000000000
4414 16837 -1000000000
746 11911 1000000000
7544 14945 -1000000000
5250 16897 1000000000
8604 16966 -1000000000
9614 17360 1000000000
4071 17479 -1000000000
4341 11465 1000000000
9287 14007 -1000000000
5549 14215 1000000000
5686 11082 -1000000000
3475 15499 1000000000
6913 10947 -1000000000
3146 19680 1000000000
9605 12495 -1000000000
9539 18187 1000000000
6627 14649 -1000000000
6847 13191 1000000000
8408 12080 -1000000000
125 19946 1000000000
8930 11148 -1000000000
553 19760 1000000000
6753 13923 -1000000000
6018 12766 1000000000
4549 11314 -1000000000
73 16887 1000000000
8027 18230 -1000000000
463 13185 1000000000
4952 11035 -1000000000
3150 14042 1000000000
3437 18175 -1000000000
3133 14346 1000000000
8573 15774 -1000000000
8532 13978 1000000000
9236 13623 -1000000000
8583 19431 1000000000
4733 17567 -1000000000
3758 12320 1000000000
9713 19394 -1000000000
9661 15786 1000000000
3105 10651 -1000000000
9990 11214 1000000000
9764 15997 -1000000000
6936 19030 1000000000
1983 16621 -1000000000
7838 13874 1000000000
8385 16623 -1000000000
5647 18528 1000000000
8389 14836 -1000000000
9551 12524 1000000000
8019 11382 -1000000000
7257 18314 1000000000
4898 18945 -1000000000
8706 17479 1000000000
800 16296 -1000000000
6889 13768 1000000000
859 16873 -1000000000
8150 14326 1000000000
5991 16492 -1000000000
6649 14112 1000000000
1782 13652 -1000000000
6579 10598 1000000000
1304 15514 -1000000000
2333 13394 1000000000
2051 17945 -1000000000
2242 19862 1000000000
8321 12885 -1000000000
4622 15462 1000000000
8941 19513 -1000000000
7712 14908 1000000000
984 19210 -1000000000
4013 11292 1000000000
428 12754 -1000000000
2604 15362 1000000000
6297 10920 -1000000000
8086 15398 1000000000
371 17925 -1000000000
3950 10713 1000000000
2446 13544 -1000000000
8872 12160 1000000000
8643 14061 -1000000000
8552 10648 1000000000
4933 10708 -1000000000
3436 14247 1000000000
8689 19396 -1000000000
6665 15363 1000000000
6366 18463 -1000000000
2397 10469 1000000000
7695 13816 -1000000000
1583 13855 1000000000
3588 15244 -1000000000
2089 12621 1000000000
3616 18936 -1000000000
3913 10842 1000000000
5288 11133 -1000000000
5376 14769 1000000000
2924 19814 -1000000000
1085 12804 1000000000
6901 19819 -1000000000
849 13853 1000000000
4779 17882 -1000000000
6283 17030 1000000000
346 15380 -1000000000
255 12922 1000000000
6748 11821 -1000000000
1085 11239 1000000000
6486 12479 -1000000000
7105 18573 1000000000
4673 18602 -1000000000
8576 16630 1000000000
9468 19346 -1000000000
932 16288 1000000000
920 19949 -1000000000
507 18819 1000000000
1253 16851 -1000000000
4436 18198 1000000000
6192 13767 -1000000000
889 14982 1000000000
4485 19817 -1000000000
4702 17560 1000000000
9737 11109 -1000000000
2804 17040 1000000000
443 18404 -1000000000
2680 16863 1000000000
168 18160 -1000000000
207 16550 1000000000
5728 12413 -1000000000
2602 18287 1000000000
7268 18178 -1000000000
9183 16053 1000000000
1959 13903 -1000000000
862 10757 1000000000
5265 18175 -1000000000
7970 18109 1000000000
709 17398 -1000000000
5702 10980 1000000000
1956 18094 -1000000000
5623 11139 1000000000
7362 13446 -1000000000
6702 17535 1000000000
2461 15579 -1000000000
3888 19701 1000000000
5075 17789 -1000000000
8690 19192 1000000000
4775 10814 -1000000000
1396 19620 1000000000
4442 17161 -1000000000
5791 15592 1000000000
662 19182 -1000000000
6430 17790 1000000000
9646 10099 -1000000000
1039 19324 1000000000
4872 13894 -1000000000
6436 13184 1000000000
2361 12571 -1000000000
8949 13613 1000000000
4474 13862 -1000000000
1636 12119 1000000000
7486 17268 -1000000000
2603 10212 1000000000
7894 15961 -1000000000
2187 19172 1000000000
171 12674 -1000000000
8802 14483 1000000000
2332 17381 -1000000000
7218 17514 1000000000
598 12286 -1000000000
4472 18848 1000000000
4643 15176 -1000000000
5078 11117 1000000000
6469 14440 -1000000000
528 12696 1000000000
6718 14795 -1000000000
5604 11189 1000000000
4794 16961 -1000000000
6874 11263 1000000000
4170 10927 -1000000000
9693 10281 1000000000
9772 18105 -1000000000
993 14786 1000000000
948 16189 -1000000000
2535 15213 1000000000
9984 13006 -1000000000
1381 19765 1000000000
3114 17846 -1000000000
6406 16240 1000000000
1046 15363 -1000000000
4101 17528 1000000000
2717 15262 -1000000000
3046 19091 1000000000
4763 11739 -1000000000
4287 13248 1000000000
900 15473 -1000000000
7590 17784 1000000000
3836 17032 -1000000000
2805 11109 1000000000
5672 15713 -1000000000
5235 14375 1000000000
8867 13847 -1000000000
9163 14199 1000000000
2729 14372 -1000000000
2378 14578 1000000000
835 12500 -1000000000
8664 11625 1000000000
2946 17939 -1000000000
9462 18109 1000000000
4530 19588 -1000000000
3311 19869 1000000000
8485 14841 -1000000000
6317 19072 1000000000
6323 10470 -1000000000
1834 10624 1000000000
2589 11039 -1000000000
3989 11957 1000000000
8005 19379 -1000000000
4973 16917 1000000000
8235 18411 -1000000000
3997 10851 1000000000
3181 16013 -1000000000
9146 17874 1000000000
4618 12717 -1000000000
3345 12814 1000000000
7826 15997 -1000000000
9221 15416 1000000000
1236 19175 -1000000000
9620 18547 1000000000
9746 14323 -1000000000
2642 16073 1000000000
8055 13238 -1000000000
5027 12664 1000000000
3696 11050 -1000000000
8129 16037 1000000000
5815 10216 -1000000000
1545 10398 1000000000
1709 19439 -1000000000
3984 11977 1000000000
2781 16604 -1000000000
9877 15826 1000000000
810 15383 -1000000000
3530 17930 1000000000
1070 17490 -1000000000
8343 13513 1000000000
8866 15374 -1000000000
846 10388 1000000000
629 18289 -1000000000
4723 11280 1000000000
4801 13687 -1000000000
9028 15045 1000000000
244 15842 -1000000000
9962 11207 1000000000
6051 18387 -1000000000
6245 13543 1000000000
9699 13289 -1000000000
4855 15952 1000000000
7235 14947 -1000000000
5825 18055 1000000000
6079 10499 -1000000000
3933 16263 1000000000
605 19688 -1000000000
2282 12415 1000000000
9140 15976 -1000000000
3308 14129 1000000000
2988 12843 -1000000000
5248 13085 1000000000
1878 16400 -1000000000
142 14958 1000000000
7457 11256 -1000000000
5833 13780 1000000000
9623 15390 -1000000000
4424 19092 1000000000
7374 18805 -1000000000
560 16564 1000000000
6960 13112 -1000000000
491 16201 1000000000
3636 16865 -1000000000
6093 12288 1000000000
5037 19771 -1000000000
144 11571 1000000000
4029 11583 -1000000000
9644 16649 1000000000
6061 15845 -1000000000
4569 19489 1000000000
7944 15928 -1000000000
8361 13766 1000000000
4770 16569 -1000000000
761 10318 1000000000
8708 13694 -1000000000
8296 13521 1000000000
7628 14309 -1000000000
9326 16657 1000000000
1035 19816 -1000000000
2842 18490 1000000000
2261 19349 -1000000000
2419 11876 1000000000
3078 12663 -1000000000
6998 15863 1000000000
6727 10535 -1000000000
7617 14606 1000000000
9118 10634 -1000000000
3781 17077 1000000000
311 15616 -1000000000
4733 16332 1000000000
8626 16204 -1000000000
9251 16508 1000000000
7701 11140 -1000000000
8144 19664 1000000000
4642 10903 -1000000000
8443 16552 1000000000
2738 15527 -1000000000
1921 14793 1000000000
4036 13368 -1000000000
2513 11009 1000000000
6987 19795 -1000000000
1490 12206 1000000000
6999 18090 -1000000000
5726 12117 1000000000
2511 10539 -1000000000
7760 10049 1000000000
4200 13690 -1000000000
6765 14431 1000000000
2184 12902 -1000000000
2779 19011 1000000000
8959 16412 -1000000000
7694 14336 1000000000
7554 11381 -1000000000
2733 10497 1000000000
1499 10833 -1000000000
3907 10827 1000000000
3356 10554 -1000000000
352 15887 1000000000
4687 16079 -1000000000
7007 15829 1000000000
3528 19962 -1000000000
8370 12022 1000000000
6034 17280 -1000000000
5484 17225 1000000000
4358 12819 -1000000000
9445 12074 1000000000
4223 11330 -1000000000
8866 19064 1000000000
27 16625 -1000000000
5556 19147 1000000000
7577 16581 -1000000000
8028 13725 1000000000
6015 12783 -1000000000
8318 14585 1000000000
1800 13027 -1000000000
9189 15085 1000000000
5368 17611 -1000000000
9050 15752 1000000000
1428 11248 -1000000000
400 14811 1000000000
5434 16117 -1000000000
3346 14947 1000000000
9094 16255 -1000000000
6653 10639 1000000000
4762 10759 -1000000000
7197 17291 1000000000
5761 11872 -1000000000
2896 19831 1000000000
7251 15315 -1000000000
2223 17562 1000000000
9686 17833 -1000000000
7029 12599 1000000000
2799 17188 -1000000000
8978 11175 1000000000
2973 19090 -1000000000
6694 13033 1000000000
5502 14436 -1000000000
2004 11879 1000000000
2400 17029 -1000000000
1412 16384 1000000000
9903 12636 -1000000000
6667 14782 1000000000
842 18641 -1000000000
7194 11938 1000000000
7517 19657 -1000000000
3464 17575 1000000000
6822 12037 -1000000000
5935 12482 1000000000
250 14586 -1000000000
4432 17168 1000000000
1173 19838 -1000000000
4077 14743 1000000000
5999 17167 -1000000000
1923 11562 1000000000
3461 16029 -1000000000
9892 13858 1000000000
9753 11998 -1000000000
1223 16292 1000000000
7933 10520 -1000000000
2696 16713 1000000000
8251 16019 -1000000000
6004 14835 1000000000
1016 12907 -1000000000
7626 13169 1000000000
2856 14171 -1000000000
5735 13752 1000000000
3310 18742 -1000000000
4662 17150 1000000000
1431 17070 -1000000000
2573 16663 1000000000
2748 15028 -1000000000
7992 11684 1000000000
8830 18226 -1000000000
2149 16737 1000000000
8261 18873 -1000000000
5318 14175 1000000000
1405 11379 -1000000000
7621 11554 1000000000
8323 16477 -1000000000
9188 11973 1000000000
4402 18924 -1000000000
5476 10113 1000000000
8990 13338 -1000000000
5872 15398 1000000000
2184 12763 -1000000000
3604 12993 1000000000
4971 12580 -1000000000
6746 12670 1000000000
2538 10022 -1000000000
3935 15634 1000000000
2370 10057 -1000000000
8799 19974 1000000000
2770 13459 -1000000000
5353 10675 1000000000
7481 17156 -1000000000
5847 15899 1000000000
5770 19728 -1000000000
4938 10789 1000000000
5251 12215 -1000000000
4695 13588 1000000000
4515 18272 -1000000000
9691 13608 1000000000
2108 18792 -1000000000
4323 19417 1000000000
8440 12113 -1000000000
1363 14643 1000000000
2077 11430 -1000000000
6350 16065 1000000000
6642 14130 -1000000000
9395 10400 1000000000
2427 11299 -1000000000
7587 12421 1000000000
6927 14810 -1000000000
6227 18732 1000000000
8089 12407 -1000000000
8645 18368 1000000000
8897 15157 -1000000000
3589 14176 1000000000
3921 16052 -1000000000
446 19689 1000000000
9890 15232 -1000000000
3903 12282 1000000000
1262 11014 -1000000000
905 14061 1000000000
5324 19222 -1000000000
8293 19292 1000000000
7123 18783 -1000000000
4217 12705 1000000000
7460 11946 -1000000000
3555 12208 1000000000
8163 15135 -1000000000
676 15757 1000000000
9740 12007 -1000000000
8144 11678 1000000000
1359 13055 -1000000000
8664 19508 1000000000
7579 10226 -1000000000
8638 17671 1000000000
281 18629 -1000000000
9103 13285 1000000000
767 18649 -1000000000
796 12336 1000000000
2312 15624 -1000000000
5813 13238 1000000000
640 12623 -1000000000
2095 15996 1000000000
127 10050 -1000000000
196 12660 1000000000
5039 12404 -1000000000
5528 14483 1000000000
9532 10728 -1000000000
1833 16820 1000000000
7523 17727 -1000000000
6621 16388 1000000000
4565 10716 -1000000000
7613 17467 1000000000
8575 14260 -1000000000
4233 17096 1000000000
8570 14762 -1000000000
8778 10606 1000000000
9335 17607 -1000000000
9098 15355 1000000000
2770 15554 -1000000000
2882 12809 1000000000
1454 10340 -1000000000
3924 12432 1000000000
2862 12315 -1000000000
4427 16268 1000000000
1096 17810 -1000000000
7059 10893 1000000000
5239 14926 -1000000000
911 10065 1000000000
5587 10157 -1000000000
4607 15589 1000000000
2944 16287 -1000000000
7694 11755 1000000000
7552 19258 -1000000000
7832 19212 1000000000
9829 18023 -1000000000
2301 18454 1000000000
6953 16517 -1000000000
3616 16867 1000000000
7798 14831 -1000000000
9091 18928 1000000000
7389 11479 -1000000000
5375 10122 1000000000
4197 14721 -1000000000
8533 14473 1000000000
1993 13819 -1000000000
6881 15823 1000000000
739 14959 -1000000000
4910 14888 1000000000
6864 13892 -1000000000
972 10422 1000000000
3354 12763 -1000000000
8345 11437 1000000000
835 18687 -1000000000
3996 12958 1000000000
8229 17710 -1000000000
4934 14352 1000000000
9793 13368 -1000000000
1705 11100 1000000000
5022 13297 -1000000000
5531 18348 1000000000
2668 15530 -1000000000
3129 18743 1000000000
1068 16429 -1000000000
1673 10195 1000000000
7288 16791 -1000000000
3876 16062 1000000000
1319 12079 -1000000000
1057 13820 1000000000
7977 13743 -1000000000
7309 10368 1000000000
6455 11425 -1000000000
2851 11877 1000000000
9149 13341 -1000000000
2453 16872 1000000000
8143 16295 -1000000000
3741 17738 1000000000
3901 13907 -1000000000
2091 15172 1000000000
6706 14977 -1000000000
9768 17227 1000000000
3895 15448 -1000000000
9216 13558 1000000000
5629 13141 -1000000000
2266 14073 1000000000
9903 14776 -1000000000
3450 11140 1000000000
9733 15843 -1000000000
7038 17757 1000000000
7121 16736 -1000000000
7579 15744 1000000000
4458 14718 -1000000000
2470 19676 1000000000
6868 19401 -1000000000
5354 11731 1000000000
5500 12052 -1000000000
2238 19129 1000000000
1956 17850 -1000000000
1276 18464 1000000000
6961 15668 -1000000000
8785 10214 1000000000
8883 18153 -1000000000
4611 14712 1000000000
1282 13507 -1000000000
9744 15545 1000000000
1090 18433 -1000000000
2316 10472 1000000000
1677 15256 -1000000000
803 11051 1000000000
4430 19343 -1000000000
6053 13011 1000000000
7072 13505 -1000000000
7394 12411 1000000000
6467 10551 -1000000000
5421 10999 1000000000
457 13483 -1000000000
1477 16415 1000000000
1622 19435 -1000000000
4875 14822 1000000000
2367 16397 -1000000000
1304 12698 1000000000
9271 13928 -1000000000
1478 19249 1000000000
6529 14565 -1000000000
7398 16634 1000000000
6494 14178 -1000000000
537 17311 1000000000
2970 15692 -1000000000
4614 15704 1000000000
5003 17013 -1000000000
8345 12952 1000000000
1744 12473 -1000000000
4559 14548 1000000000
6441 17515 -1000000000
5958 11217 1000000000
33 11278 -1000000000
8833 11043 1000000000
8128 13341 -1000000000
651 13092 1000000000
2713 19675 -1000000000
2924 11727 1000000000
2474 15955 -1000000000
764 11729 1000000000
821 13478 -1000000000
6699 15846 1000000000
612 17280 -1000000000
8639 10470 1000000000
7340 17913 -1000000000
2100 14478 1000000000
6311 14754 -1000000000
9554 18446 1000000000
5260 12589 -1000000000
1233 18971 1000000000
8192 18549 -1000000000
4763 19111 1000000000
6123 12380 -1000000000
9660 16771 1000000000
4689 10032 -1000000000
679 10836 1000000000
2867 15184 -1000000000
7620 10201 1000000000
3441 13418 -1000000000
3132 12503 1000000000
8606 14227 -1000000000
1481 10253 1000000000
7508 19625 -1000000000
2777 15169 1000000000
465 10782 -1000000000
47 12954 1000000000
4013 19005 -1000000000
5735 13527 1000000000
8547 16594 -1000000000
3249 17221 1000000000
3094 13286 -1000000000
3314 18138 1000000000
8152 17147 -1000000000
5850 13559 1000000000
9919 17685 -1000000000
893 19722 1000000000
1784 12138 -1000000000
3480 11845 1000000000
1433 11276 -1000000000
289 18331 1000000000
753 16457 -1000000000
2907 11431 1000000000
4916 11671 -1000000000
7421 18012 1000000000
4384 16351 -1000000000
9801 13889 1000000000
1267 18901 -1000000000
8089 12796 1000000000
3963 12828 -1000000000
5773 12807 1000000000
8366 10957 -1000000000
30 12599 1000000000
6112 15878 -1000000000
8835 11383 1000000000
1670 15969 -1000000000
5609 10069 1000000000
9965 14714 -1000000000
8927 17802 1000000000
8460 10421 -1000000000
7447 14411 1000000000
5710 17566 -1000000000
1796 16067 1000000000
6528 19365 -1000000000
1955 12810 1000000000
4977 14338 -1000000000
397 10724 1000000000
4769 18894 -1000000000
2383 17667 1000000000
343 16351 -1000000000
1153 12505 1000000000
9386 14613 -1000000000
3032 11134 1000000000
8679 13798 -1000000000
1813 16394 1000000000
9977 13600 -1000000000
23 18130 1000000000
3591 17303 -1000000000
1357 11710 1000000000
808 19467 -1000000000
6256 16604 1000000000
9692 16762 -1000000000
5858 16016 1000000000
3801 10714 -1000000000
3229 14593 1000000000
9330 13552 -1000000000
852 17130 1000000000
9684 13701 -1000000000
8024 11758 1000000000
4884 19263 -1000000000
5972 12606 1000000000
2254 15979 -1000000000
5266 18196 1000000000
7723 13049 -1000000000
6802 15770 1000000000
8633 17869 -1000000000
2798 15613 1000000000
6191 18409 -1000000000
4253 18665 1000000000
8229 18386 -1000000000
5642 19265 1000000000
2754 17715 -1000000000
4396 14698 1000000000
6857 12517 -1000000000
1964 10067 1000000000
8941 14114 -1000000000
4948 14678 1000000000
8223 12356 -1000000000
3241 19724 1000000000
6204 17052 -1000000000
4280 17916 1000000000
1773 13184 -1000000000
9382 19310 1000000000
4176 18304 -1000000000
3151 11953 1000000000
6899 14549 -1000000000
6191 13784 1000000000
3112 17258 -1000000000
3735 13382 1000000000
7009 16596 -1000000000
843 16306 1000000000
9527 14863 -1000000000
6626 16459 1000000000
1812 13687 -1000000000
9498 12108 1000000000
1148 16479 -1000000000
4383 11774 1000000000
9242 16092 -1000000000
9509 11202 1000000000
6726 19052 -1000000000
7541 13550 1000000000
4792 10077 -1000000000
9634 12798 1000000000
1636 19935 -1000000000
8877 19867 1000000000
2511 12628 -1000000000
3627 10701 1000000000
1760 12769 -1000000000
8846 16404 1000000000
897 13963 -1000000000
1481 19217 1000000000
762 10044 -1000000000
8820 13928 1000000000
7789 11190 -1000000000
2617 10576 1000000000
4434 19405 -1000000000
8347 15063 1000000000
9058 13752 -1000000000
4715 10677 1000000000
9517 10650 -1000000000
3904 17921 1000000000
7141 12110 -1000000000
2751 19030 1000000000
50 16283 -1000000000
1687 19328 1000000000
6521 15765 -1000000000
107 16715 1000000000
9894 13840 -1000000000
3529 15816 1000000000
1537 12264 -1000000000
2440 19512 1000000000
2164 16856 -1000000000
6850 18846 1000000000
1431 15414 -1000000000
7126 18760 1000000000
7165 15681 -1000000000
9014 11570 1000000000
9929 15681 -1000000000
6844 11619 1000000000
4398 19531 -1000000000
6321 15699 1000000000
5857 15520 -1000000000
7075 16857 1000000000
4248 18473 -1000000000
5590 14788 1000000000
6294 16533 -1000000000
8380 16248 1000000000
788 14806 -1000000000
3129 14368 1000000000
8320 15796 -1000000000
2000 12833 1000000000
1416 13403 -1000000000
8278 10171 1000000000
1914 10286 -1000000000
796 19335 1000000000
7014 11598 -1000000000
372 16353 1000000000
6814 13349 -1000000000
6050 12167 1000000000
8398 17868 -1000000000
3973 14838 1000000000
389 11446 -1000000000
132 18547 1000000000
9123 10148 -1000000000
8087 18499 1000000000
7860 14744 -1000000000
1681 12372 1000000000
6105 11427 -1000000000
2593 12326 1000000000
2873 19657 -1000000000
9050 11054 1000000000
7209 10153 -1000000000
3196 18679 1000000000
8680 10355 -1000000000
783 14399 1000000000
2582 10167 -1000000000
7975 17240 1000000000
9890 14471 -1000000000
7594 18013 1000000000
3098 16961 -1000000000
9586 16784 1000000000
4038 14312 -1000000000
9477 18301 1000000000
3840 10551 -1000000000
7770 14698 1000000000
5176 15829 -1000000000
3177 18898 1000000000
3296 13161 -1000000000
5062 19072 1000000000
267 18041 -1000000000
6952 10675 1000000000
2123 18099 -1000000000
3326 16361 1000000000
3555 11674 -1000000000
5873 18545 1000000000
9200 14535 -1000000000
9362 12969 1000000000
3814 19074 -1000000000
3564 13071 1000000000
8572 18663 -1000000000
1479 11160 1000000000
9306 16006 -1000000000
2345 16136 1000000000
7427 16866 -1000000000
5253 10902 1000000000
1419 11293 -1000000000
4250 19917 1000000000
154 12885 -1000000000
9600 13733 1000000000
4636 10398 -1000000000
3433 10836 1000000000
2636 14270 -1000000000
9860 13697 1000000000
1879 10823 -1000000000
1968 13546 1000000000
9561 13552 -1000000000
8118 14527 1000000000
5268 16074 -1000000000
4896 14152 1000000000
3325 17650 -1000000000
185 14684 1000000000
912 14322 -1000000000
326 15113 1000000000
2933 19824 -1000000000
9711 12004 1000000000
5924 15411 -1000000000
852 17358 1000000000
815 10946 -1000000000
5990 17973 1000000000
8426 13607 -1000000000
8463 19954 1000000000
161 17996 -1000000000
5451 18140 1000000000
7412 17757 -1000000000
2933 13404 1000000000
7658 15496 -1000000000
3000 16916 1000000000
7940 12147 -1000000000
778 10759 1000000000
2078 12401 -1000000000
8128 11428 1000000000
3652 12000 -1000000000
8181 13455 1000000000
72 14118 -1000000000
1354 14081 1000000000
1256 13456 -1000000000
327 10775 1000000000
4454 11877 -1000000000
9474 10115 1000000000
7797 14386 -1000000000
8236 17957 1000000000
7622 11873 -1000000000
254 19256 1000000000
5671 15977 -1000000000
133 12386 1000000000
5397 16905 -1000000000
3207 15033 1000000000
4981 12144 -1000000000
8785 10553 1000000000
6943 19055 -1000000000
8606 13331 1000000000
4802 17594 -1000000000
6829 19211 1000000000
9801 16061 -1000000000
1955 13520 1000000000
3343 12434 -1000000000
7223 11428 1000000000
5603 19230 -1000000000
1970 10137 1000000000
5799 16330 -1000000000
8648 14214 1000000000
1725 12306 -1000000000
3730 12685 1000000000
6939 12668 -1000000000
9574 14474 1000000000
7798 17887 -1000000000
4369 12285 1000000000
5341 18968 -1000000000
7427 16433 1000000000
3295 19697 -1000000000
4130 14910 1000000000
7573 19154 -1000000000
7485 15562 1000000000
9866 12864 -1000000000
7144 12134 1000000000
1075 12854 -1000000000
2316 12302 1000000000
4935 18420 -1000000000
7340 14234 1000000000
6373 14688 -1000000000
2060 15875 1000000000
7448 17560 -1000000000
3636 11863 1000000000
9413 15284 -1000000000
7729 12514 1000000000
2994 10131 -1000000000
325 13162 1000000000
3994 11683 -1000000000
5443 19837 1000000000
3832 15638 -1000000000
9610 13930 1000000000
4880 10110 -1000000000
5757 18266 1000000000
5312 13405 -1000000000
6296 17361 1000000000
3250 16029 -1000000000
1188 18586 1000000000
986 10503 -1000000000
7121 14855 1000000000
397 17747 -1000000000
4526 19486 1000000000
1218 11556 -1000000000
3158 17075 1000000000
8482 16049 -1000000000
2997 13618 1000000000
8164 15715 -1000000000
6546 12990 1000000000
47 10051 -1000000000
4534 12851 1000000000
4103 12077 -1000000000
7893 13398 1000000000
1327 16946 -1000000000
8654 19086 1000000000
7948 10061 -1000000000
5496 18647 1000000000
1717 19374 -1000000000
1364 18207 1000000000
8604 12510 -1000000000
2892 15244 1000000000
7088 17378 -1000000000
4812 19342 1000000000
193 18240 -1000000000
8037 19071 1000000000
5172 14851 -1000000000
5739 12576 1000000000
5533 13849 -1000000000
7407 13549 1000000000
7911 13576 -1000000000
7277 15296 1000000000
4138 15132 -1000000000
6583 19008 1000000000
910 16799 -1000000000
1229 11061 1000000000
1080 15275 -1000000000
2999 14990 1000000000
3066 17396 -1000000000
5351 15858 1000000000
7764 15952 -1000000000
9328 17228 1000000000
2669 15251 -1000000000
3570 15020 1000000000
5878 10918 -1000000000
9042 16886 1000000000
2816 13247 -1000000000
1403 11788 1000000000
9508 15808 -1000000000
4811 16326 1000000000
2120 15337 -1000000000
209 11349 1000000000
5438 16649 -1000000000
3840 11470 1000000000
8068 15006 -1000000000
4116 17509 1000000000
8015 13716 -1000000000
2953 15530 1000000000
8368 17238 -1000000000
3210 12025 1000000000
9290 12343 -1000000000
3894 12449 1000000000
5329 10798 -1000000000
9193 11700 1000000000
7082 19499 -1000000000
9331 15745 1000000000
5420 18701 -1000000000
9591 17634 1000000000
5329 16533 -1000000000
2931 16607 1000000000
6175 15720 -1000000000
9906 13183 1000000000
5924 13770 -1000000000
3281 14976 1000000000
9037 14013 -1000000000
7704 15627 1000000000
6380 12526 -1000000000
1373 13926 1000000000
7462 19625 -1000000000
9803 16323 1000000000
2703 15579 -1000000000
2793 11750 1000000000
8012 19994 -1000000000
7667 16726 1000000000
2734 11534 -1000000000
9712 13749 1000000000
9087 10083 -1000000000
9910 13343 1000000000
4576 13687 -1000000000
3974 19514 1000000000
4926 13880 -1000000000
6891 12131 1000000000
4991 17842 -1000000000
4234 19472 1000000000
1932 15586 -1000000000
886 15554 1000000000
8585 14121 -1000000000
9923 18169 1000000000
7889 17086 -1000000000
6001 19702 1000000000
4903 18170 -1000000000
1595 10646 1000000000
922 10152 -1000000000
264 13743 1000000000
6846 17126 -1000000000
630 15167 1000000000
9386 18039 -1000000000
139 12447 1000000000
5571 18878 -1000000000
1969 16535 1000000000
8543 11517 -1000000000
9917 13317 1000000000
2549 10738 -1000000000
9583 11963 1000000000
9402 18332 -1000000000
2139 17767 1000000000
9325 13696 -1000000000
1001 18632 1000000000
2737 11849 -1000000000
1707 15408 1000000000
3134 14648 -1000000000
8563 15324 1000000000
4200 13698 -1000000000
1210 15180 1000000000
8040 16536 -1000000000
4375 12339 1000000000
585 15694 -1000000000
9282 16118 1000000000
4948 16273 -1000000000
8370 15290 1000000000
941 12251 -1000000000
8240 10437 1000000000
90 15430 -1000000000
582 17917 1000000000
5006 18436 -1000000000
7463 15887 1000000000
265 16169 -1000000000
1317 15833 1000000000
2605 19338 -1000000000
3485 19365 1000000000
1100 14592 -1000000000
4977 17914 1000000000
5319 13317 -1000000000
5670 15850 1000000000
4965 15543 -1000000000
7327 12838 1000000000
2186 15117 -1000000000
3301 12779 1000000000
1756 12710 -1000000000
8695 18326 1000000000
6980 16992 -1000000000
1229 16038 1000000000
5606 18797 -1000000000
7709 17507 1000000000
785 19592 -1000000000
3076 11494 1000000000
3049 10004 -1000000000
3629 11787 1000000000
7594 14792 -1000000000
2501 10067 1000000000
7741 11528 -1000000000
7557 14508 1000000000
8271 19081 -1000000000
2909 13015 1000000000
4003 10431 -1000000000
6929 17736 1000000000
9979 10701 -1000000000
181 12200 1000000000
1753 17408 -1000000000
6977 11163 1000000000
7580 17276 -1000000000
267 18967 1000000000
2186 17188 -1000000000
4368 10338 1000000000
7819 14196 -1000000000
7986 17684 1000000000
3978 18532 -1000000000
6268 14017 1000000000
6187 15512 -1000000000
6859 13629 1000000000
2136 18354 -1000000000
9740 12036 1000000000
5603 10676 -1000000000
4091 14778 1000000000
8364 10628 -1000000000
2432 13956 1000000000
1403 18222 -1000000000
6250 16159 1000000000
3033 15767 -1000000000
2448 13299 1000000000
519 19060 -1000000000
7645 12993 1000000000
3916 15047 -1000000000
5085 14731 1000000000
2071 17512 -1000000000
6095 11901 1000000000
7252 15382 -1000000000
708 12061 1000000000
9830 10777 -1000000000
9758 14655 1000000000
3373 12483 -1000000000
9841 14711 1000000000
5214 10064 -1000000000
2957 14923 1000000000
5051 13533 -1000000000
4628 18118 1000000000
6333 13049 -1000000000
7802 17834 1000000000
8376 15601 -1000000000
1034 19705 1000000000
6363 19233 -1000000000
6563 16795 1000000000
5413 18670 -1000000000
7662 11953 1000000000
65 10429 -1000000000
5913 11879 1000000000
8624 15530 -1000000000
7407 17807 1000000000
2484 15410 -1000000000
566 17782 1000000000
4005 16401 -1000000000
4063 15072 1000000000
9469 14808 -1000000000
9628 15701 1000000000
4549 19600 -1000000000
8401 17487 1000000000
4823 16525 -1000000000
6855 11112 1000000000
8813 10698 -1000000000
4057 18567 1000000000
7973 10323 -1000000000
2199 15412 1000000000
5788 18369 -1000000000
8366 15078 1000000000
7629 16617 -1000000000
6051 13584 1000000000
3007 14927 -1000000000
4963 15314 1000000000
2 19808 3012
2 6445 14005
1 33 1000000000
2 11644 13599
1 11191 1000000000
2 13863 8468
1 6603 1000000000
1 10543 1000000000
2 19794 4358
2 8006 5367
2 16593 13486
2 13902 19851
2 9726 15350
1 6942 1000000000
1 5496 -1000000000
1 898 -1000000000
1 14344 -1000000000
1 15336 1000000000
2 13188 7233
1 10021 -1000000000
2 17438 8093
1 6319 -1000000000
2 8666 2783
1 15263 1000000000
1 1617 -1000000000
1 10594 1000000000
2 16346 4739
2 9222 18896
1 13285 -1000000000
1 16239 -1000000000
1 3553 1000000000
1 18988 1000000000
2 14077 16058
2 18406 10427
1 7764 1000000000
2 18543 7977
1 12856 -1000000000
2 9623 1282
2 13335 11484
2 3620 3220
1 15275 -1000000000
1 7074 -1000000000
2 15034 8069
1 2485 1000000000
1 11331 -1000000000
1 11074 -1000000000
1 14426 1000000000
2 16919 9526
1 7453 -1000000000
1 17897 1000000000
1 5229 -1000000000
1 13972 -1000000000
1 7031 -1000000000
2 13710 17703
1 19170 1000000000
2 17293 13086
1 3781 -1000000000
2 19864 7470
1 13246 -1000000000
1 6552 1000000000
2 6676 1206
1 11886 -1000000000
2 11296 14594
2 17449 6439
2 4791 11242
2 16715 11052
1 6168 1000000000
2 13955 1992
2 11527 5250
1 1005 1000000000
2 5767 7897
1 8800 1000000000
1 1153 -1000000000
1 10878 1000000000
1 6494 1000000000
1 8480 -1000000000
1 3133 1000000000
2 13865 2710
1 6374 1000000000
1 10965 1000000000
1 15754 1000000000
2 619 7079
1 8435 1000000000
2 4346 2420
2 5797 1824
1 7679 1000000000
2 15698 11156
2 17982 17353
2 6064 10064
1 6438 -1000000000
1 2096 1000000000
2 10825 16525
1 17533 -1000000000
2 15276 4286
1 8564 -1000000000
1 6015 -1000000000
2 3826 15557
1 15246 1000000000
2 8436 10050
2 5980 9174
1 13894 -1000000000
2 10730 13307
1 5495 1000000000
2 4603 6452
2 18738 13763
2 12379 6028
1 2634 1000000000
1 573 1000000000
1 6172 1000000000
2 18999 7082
2 8747 1153
2 14116 1468
1 187 -1000000000
1 11003 -1000000000
2 2994 7433
1 4898 -1000000000
1 6315 -1000000000
2 9569 2472
1 1380 -1000000000
1 19036 1000000000
2 4561 9363
2 6727 11016
1 13073 -1000000000
1 16841 -1000000000
1 12589 -1000000000
1 7941 -1000000000
2 7575 7238
2 7029 723
2 19570 8235
1 18893 1000000000
1 13984 1000000000
2 4215 18338
1 8178 -1000000000
1 12481 1000000000
2 16643 12234
2 14090 10382
1 10633 -1000000000
1 11952 1000000000
2 11266 16639
2 6938 3028
2 1145 14834
2 6228 2898
2 19155 771
2 10392 9385
1 1577 -1000000000
2 15311 13445
1 11129 1000000000
1 16930 1000000000
1 18752 -1000000000
1 18100 -1000000000
2 14866 12671
1 12071 1000000000
1 13125 -1000000000
2 8495 9069
1 16839 1000000000
2 15176 5641
2 4618 3016
2 13494 3624
2 19439 2352
2 7101 4015
1 37 1000000000
1 18116 -1000000000
1 7355 -1000000000
1 6870 1000000000
2 18764 10588
1 3716 -1000000000
1 12085 1000000000
1 3208 1000000000
2 927 17101
2 19278 16278
2 3575 4132
1 15345 -1000000000
1 596 1000000000
1 11527 -1000000000
1 14121 -1000000000
2 13950 10254
1 13102 1000000000
1 3667 -1000000000
2 3738 16282
1 14984 1000000000
2 15199 11744
2 11466 13835
1 2288 1000000000
2 16965 7476
1 2994 -1000000000
2 5730 9327
1 15339 -1000000000
2 7175 6066
1 9897 -1000000000
2 12012 1677
1 17843 1000000000
2 17407 18492
2 1590 2423
1 1365 -1000000000
2 6455 3648
1 5760 -1000000000
2 19962 2012
2 12160 17097
2 6811 18031
2 3105 2081
1 11283 -1000000000
1 73 -1000000000
2 1868 12327
1 7208 -1000000000
2 19088 7395
2 15736 19555
2 4173 4075
2 394 1851
1 18994 -1000000000
1 13147 -1000000000
1 6193 -1000000000
2 14829 14437
1 4078 -1000000000
2 14805 1323
1 8525 1000000000
1 12165 1000000000
1 1603 -1000000000
2 6291 2240
2 2266 13323
1 10524 -1000000000
1 12490 -1000000000
1 16074 1000000000
1 754 1000000000
2 18355 7410
2 19496 3158
2 12356 10839
2 15010 9316
1 15941 1000000000
2 18570 14392
1 979 -1000000000
1 3910 -1000000000
1 6227 -1000000000
1 13590 -1000000000
2 1537 10048
1 10898 1000000000
2 19343 11278
2 18385 5080
2 2804 14803
1 7134 -1000000000
2 8792 5876
2 19315 15060
2 10558 15576
1 2150 -1000000000
1 14423 1000000000
1 16119 1000000000
2 16462 11985
2 6137 17537
2 11107 16502
1 12418 1000000000
1 11506 1000000000
1 7268 -1000000000
2 18401 11959
2 1124 13496
1 13183 1000000000
1 16003 -1000000000
1 2660 1000000000
1 17456 -1000000000
2 17874 10977
2 4721 7440
2 7072 7427
2 3941 1566
2 11138 11443
2 12965 19160
2 2446 15778
1 17315 1000000000
1 14410 1000000000
2 11765 16759
1 6356 1000000000
2 18313 6543
1 14700 -1000000000
1 12936 -1000000000
2 12603 17085
1 12576 -1000000000
1 4668 -1000000000
1 6984 1000000000
1 19928 -1000000000
2 6636 19531
2 10548 15097
1 5120 -1000000000
1 4746 -1000000000
2 5853 19583
1 18209 -1000000000
2 6965 15013
2 4531 2692
1 18502 1000000000
2 16704 16436
2 16962 8201
2 10668 4529
2 10334 8723
1 13862 -1000000000
1 16578 1000000000
2 7486 3562
1 14504 -1000000000
2 12043 13972
1 11191 -1000000000
1 7204 -1000000000
2 10852 19572
1 4705 -1000000000
1 12640 1000000000
1 10255 1000000000
1 10439 1000000000
2 16339 4493
2 6812 3461
1 8123 -1000000000
1 6415 1000000000
1 8008 -1000000000
1 16937 1000000000
1 5866 -1000000000
2 14270 4845
2 9858 9392
2 18822 7679
2 13230 11448
2 13633 15977
1 7287 1000000000
1 15028 1000000000
2 2904 9141
1 1351 1000000000
1 2794 -1000000000
2 12549 2316
1 13503 -1000000000
1 12690 -1000000000
1 13589 -1000000000
1 14026 -1000000000
2 17531 4342
1 16113 -1000000000
1 13591 -1000000000
2 6082 2966
2 3580 13281
1 1427 1000000000
1 15960 -1000000000
1 10773 1000000000
1 2003 -1000000000
1 1507 -1000000000
1 18972 -1000000000
1 10507 -1000000000
2 18415 10896
1 18203 1000000000
2 13190 19004
1 8299 1000000000
1 12377 -1000000000
2 1747 13396
1 12612 -1000000000
1 17583 -1000000000
1 17563 -1000000000
2 9547 2633
2 4725 19927
1 9034 1000000000
2 4489 11509
1 2851 -1000000000
2 4398 2249
1 5019 -1000000000
1 971 1000000000
2 1198 19429
1 13146 -1000000000
2 15161 12299
1 8127 -1000000000
2 6 547
2 11785 11886
2 6331 4221
2 16912 14797
1 6580 -1000000000
1 13810 1000000000
2 6198 8874
2 15891 1203
1 1517 1000000000
2 6767 12958
2 13333 16040
1 18006 1000000000
1 6616 -1000000000
1 15060 1000000000
2 4894 10065
1 16474 -1000000000
1 6469 1000000000
1 14263 1000000000
1 10438 -1000000000
2 218 16636
2 17301 5511
2 5917 14025
2 7611 2092
2 12334 6576
2 18330 17333
2 5353 15938
1 15228 -1000000000
2 5392 18578
2 5440 9429
1 10390 1000000000
1 5303 1000000000
1 14918 -1000000000
2 16017 4895
1 12523 -1000000000
1 6370 1000000000
2 5005 4955
1 11857 1000000000
2 18844 7193
2 2056 19159
2 5278 16015
1 13367 1000000000
1 14761 -1000000000
1 15321 -1000000000
1 17312 1000000000
2 18695 12508
2 8852 5183
1 277 1000000000
2 12947 50
2 15896 16136
1 14709 -1000000000
2 13288 16144
2 17063 16519
2 15313 19061
2 4966 3707
2 12777 11598
1 16225 1000000000
2 9572 17626
1 6201 1000000000
1 13788 -1000000000
1 14465 -1000000000
2 12298 8416
2 13475 12852
1 973 -1000000000
2 2177 8203
1 14026 1000000000
1 398 1000000000
1 15188 1000000000
1 2538 1000000000
2 18059 397
2 14993 18228
1 5269 1000000000
2 18415 2903
1 15249 1000000000
2 14656 8963
2 3265 14710
1 186 -1000000000
1 6000 1000000000
2 11065 796
1 5675 -1000000000
1 10308 -1000000000
1 16012 -1000000000
1 12403 -1000000000
1 12273 1000000000
1 13159 -1000000000
1 6852 -1000000000
2 12523 15406
2 4463 14726
1 12392 1000000000
1 3585 1000000000
2 19059 19798
2 4076 11133
1 18921 -1000000000
1 9155 1000000000
2 2568 19076
1 9668 1000000000
1 17055 -1000000000
1 3963 -1000000000
2 8381 19591
1 14810 1000000000
2 19063 15387
1 1083 -1000000000
2 5968 7157
1 1140 -1000000000
2 6654 14042
2 14198 4252
2 8889 2811
1 8588 1000000000
1 9865 1000000000
1 17629 -1000000000
1 7194 1000000000
1 9074 1000000000
2 10681 8301
2 16016 2644
2 17912 14762
1 3544 -1000000000
1 12388 1000000000
1 13733 -1000000000
2 8064 3540
1 1670 -1000000000
2 2684 10364
2 9259 13231
2 2856 14923
1 928 -1000000000
1 2227 1000000000
2 15829 19231
2 8711 939
2 17394 18726
2 18760 16289
2 13575 17407
1 13361 -1000000000
1 15804 1000000000
2 9579 9827
2 9066 2429
2 19866 11117
2 3822 5415
1 4096 1000000000
2 461 3113
2 6370 11780
2 14415 12879
1 3843 1000000000
2 13600 7096
1 3084 1000000000
1 2090 1000000000
2 7137 169
2 10053 821
1 7607 -1000000000
2 2849 10852
1 13844 1000000000
2 684 3907
1 19870 1000000000
1 19759 -1000000000
2 8291 9842
2 954 17018
1 7776 1000000000
1 7410 1000000000
1 19227 -1000000000
2 232 3223
1 16604 -1000000000
1 17232 1000000000
1 15185 1000000000
2 14259 1245
2 10798 396
2 19705 5304
2 10140 8711
2 7125 2889
1 1420 -1000000000
2 14602 16348
2 15474 5790
2 18886 9040
2 659 13659
1 16239 1000000000
1 14366 -1000000000
2 14407 13284
2 15561 13741
1 11437 1000000000
2 4466 9925
2 318 19040
1 2662 -1000000000
2 17508 5015
1 9991 -1000000000
1 7566 -1000000000
1 15355 1000000000
1 10188 -1000000000
2 13107 6560
1 13985 -1000000000
1 1223 -1000000000
2 4946 15322
2 6860 13673
2 18383 18099
2 8692 3224
1 16737 -1000000000
1 5803 -1000000000
2 12629 16446
2 5884 1181
2 14414 11442
1 10748 1000000000
2 13070 2493
2 2125 13250
1 16950 1000000000
2 1689 11989
2 5861 15257
2 19273 5278
1 15368 -1000000000
2 14930 6431
1 3277 -1000000000
2 19883 18939
2 19999 8115
1 7171 1000000000
2 4089 14656
2 322 594
2 40 16397
1 7718 -1000000000
1 2338 1000000000
1 2094 1000000000
1 16517 -1000000000
1 5131 -1000000000
2 14383 1471
1 10892 1000000000
1 18308 1000000000
2 821 1714
2 10365 19932
1 12326 -1000000000
2 10495 1926
1 15180 -1000000000
2 6137 19256
1 16356 1000000000
2 19398 8734
1 9781 1000000000
2 1989 405
1 10240 -1000000000
2 18837 3805
2 3220 1469
2 8712 13140
2 13470 5444
2 2551 2560
1 8535 -1000000000
1 18467 1000000000
1 6338 -1000000000
2 18543 7987
1 2143 -1000000000
2 2868 17898
1 14896 -1000000000
2 10232 1089
1 6587 1000000000
1 3830 1000000000
2 8188 6877
2 4815 7874
1 6824 1000000000
1 19661 -1000000000
2 9438 3950
2 10099 5365
1 16066 -1000000000
2 16336 7492
2 6254 19616
2 17029 9601
2 16328 18239
2 1919 5252
1 19298 1000000000
1 17027 1000000000
2 3809 17984
2 596 11292
2 3985 12640
1 17266 1000000000
1 3787 -1000000000
1 2281 -1000000000
2 3782 8880
2 10192 13475
1 13891 1000000000
2 7341 17854
2 16911 9496
2 6068 2536
1 10854 -1000000000
1 15711 -1000000000
2 5316 3218
1 8036 -1000000000
2 13006 11230
1 11651 1000000000
2 12729 12285
2 12161 19320
2 11 13579
1 8492 -1000000000
2 12435 17749
1 11299 1000000000
1 5292 1000000000
2 4867 15714
2 3298 18590
2 17660 3408
2 15875 6035
1 13319 -1000000000
2 2120 18821
2 16374 5323
1 18448 1000000000
2 19932 9407
2 328 18377
1 18694 1000000000
2 13662 19039
1 19958 1000000000
1 18748 1000000000
2 17940 1554
2 2503 14887
1 272 -1000000000
2 1441 11364
1 13364 1000000000
2 2367 10736
2 12141 2140
1 9263 1000000000
2 18923 3780
2 16647 17765
1 5423 1000000000
2 15990 13470
2 5911 13811
2 17966 13365
1 2915 -1000000000
2 7516 2107
1 18732 1000000000
1 13566 -1000000000
2 15239 9513
2 10464 12616
1 4639 -1000000000
1 8148 1000000000
2 9446 13537
1 8282 -1000000000
1 4128 -1000000000
2 14705 12780
2 8187 15762
1 10180 -1000000000
2 5797 706
2 15827 5608
1 15243 -1000000000
1 12374 1000000000
2 12702 7398
2 4700 7063
2 18724 9424
1 14093 -1000000000
2 5919 1748
1 6896 1000000000
2 11960 17855
1 1381 1000000000
1 15642 1000000000
1 7431 1000000000
2 19699 7443
1 12604 1000000000
1 895 1000000000
2 8472 1983
1 9585 1000000000
2 6347 13735
1 16146 -1000000000
2 18008 4908
1 2113 -1000000000
2 16209 10587
2 5051 17933
1 5157 1000000000
1 7735 -1000000000
2 17961 17684
1 3085 1000000000
1 2848 1000000000
1 8736 -1000000000
1 3455 1000000000
2 15079 4309
1 4158 -1000000000
1 1051 -1000000000
1 14470 -1000000000
2 5790 3476
1 2791 1000000000
1 19562 -1000000000
2 1438 13106
2 649 7744
2 1880 15503
1 9114 1000000000
2 17249 12640
1 12318 1000000000
2 5166 17799
2 18151 4764
2 10144 4212
2 5959 12898
2 8325 5852
1 6145 -1000000000
1 16743 1000000000
1 5784 -1000000000
2 677 15560
1 4872 1000000000
2 16694 9785
1 14233 1000000000
1 1934 1000000000
2 11897 11050
1 14170 -1000000000
2 4654 16681
1 5416 1000000000
1 7709 -1000000000
1 17089 1000000000
1 13967 1000000000
2 19204 17344
1 11500 1000000000
1 19994 1000000000
2 2852 1769
1 19337 -1000000000
2 18124 7963
1 714 1000000000
2 10778 4355
1 12275 1000000000
1 132 1000000000
2 15612 3410
2 6229 16486
2 1448 14855
1 17951 1000000000
1 9669 1000000000
2 11922 2108
1 710 -1000000000
2 921 7740
1 9503 -1000000000
2 14861 16541
1 1430 1000000000
2 2142 7421
2 10592 19347
2 17023 15325
2 13201 5153
1 2593 -1000000000
2 19127 11474
1 15501 -1000000000
1 4831 -1000000000
1 5056 -1000000000
2 2637 16255
2 13146 10551
2 11413 6455
2 4378 12063
2 7091 2194
2 17404 14071
2 10897 16063
2 5385 889
2 4751 3826
2 8971 5140
2 6743 15446
1 18885 1000000000
1 14361 -1000000000
2 19537 5946
1 112 1000000000
2 1359 19305
1 12816 1000000000
2 14249 8587
1 15681 1000000000
1 19919 -1000000000
2 2857 15296
1 1064 -1000000000
2 8676 1184
1 14297 1000000000
2 6007 12298
2 984 19314
2 9579 14585
2 13016 15771
1 18641 -1000000000
1 9557 -1000000000
1 10045 -1000000000
2 9173 6484
1 7596 -1000000000
1 5862 1000000000
1 16691 -1000000000
2 15819 6034
2 16363 18632
1 2062 1000000000
2 3201 11176
1 15471 1000000000
2 18141 18726
2 3051 11096
1 19669 -1000000000
2 4376 8276
2 3572 2730
1 19279 1000000000
1 15738 -1000000000
1 12490 1000000000
2 6989 90
2 3755 6132
2 6135 11677
2 2929 47
1 5658 1000000000
1 10814 1000000000
2 11524 10617
1 17507 -1000000000
2 14308 6895
2 5089 15594
2 131 555
1 1576 -1000000000
2 28 10731
1 11901 1000000000
2 7832 2403
2 7721 992
2 6109 15794
2 15242 19084
2 1914 5384
2 13532 14736
2 9662 9478
2 6363 16129
1 2011 1000000000
1 17210 -1000000000
1 12920 1000000000
2 15679 1521
2 19888 1121
1 10941 -1000000000
2 8678 9951
2 8365 11772
2 13746 8840
1 961 1000000000
2 9419 13574
2 13706 4408
2 1196 19367
1 5041 1000000000
1 3746 1000000000
1 15873 -1000000000
2 16725 4941
2 5435 17689
2 919 16311
2 12571 13590
2 3919 486
2 6837 8732
2 15576 10513
1 11724 1000000000
2 11626 16148
2 2621 19097
2 11031 3056
1 3666 1000000000
1 16693 -1000000000
1 10844 1000000000
1 622 -1000000000
1 7440 1000000000
1 10627 1000000000
2 3236 3802
2 13661 6204
2 17679 11540
2 6869 12936
1 11884 -1000000000
2 14012 19203
2 8916 10710
2 16744 14339
2 13977 5292
2 5979 15314
1 11244 1000000000
2 14288 14327
1 2998 -1000000000
2 15138 9164
2 11397 11013
1 18575 -1000000000
2 12872 2666
2 493 1447
2 7112 10738
1 18105 1000000000
2 16165 17505
2 19519 8563
1 14174 -1000000000
2 8359 13505
2 18023 8100
2 18478 19945
2 2512 5557
1 10786 -1000000000
2 4169 5012
1 14078 -1000000000
1 7994 -1000000000
1 4378 1000000000
1 8852 1000000000
2 9522 19666
1 1240 1000000000
1 16866 -1000000000
2 16592 14230
2 8569 17585
1 412 1000000000
2 11813 17162
1 11045 -1000000000
1 597 1000000000
1 15787 -1000000000
2 1385 17553
2 12117 15811
1 554 -1000000000
1 6037 1000000000
1 4163 1000000000
1 15563 1000000000
1 14200 1000000000
1 17132 1000000000
1 19689 1000000000
1 5298 1000000000
2 5625 15492
2 12755 3955
1 7352 -1000000000
2 5392 17477
1 7434 -1000000000
2 6303 15222
1 7422 1000000000
2 6419 8057
1 19835 1000000000
2 7516 2992
1 17825 -1000000000
1 18038 -1000000000
1 2634 1000000000
2 18990 9061
1 14897 1000000000
1 8971 1000000000
2 7807 16656
2 12987 1338
2 12357 12421
2 19734 4316
2 12447 9922
1 19878 1000000000
2 76 7300
1 17398 1000000000
2 3550 13858
2 4392 13183
1 3428 -1000000000
1 113 -1000000000
1 6589 -1000000000
2 5960 9862
1 12279 1000000000
1 16579 1000000000
2 8274 9450
1 4720 -1000000000
1 6145 1000000000
1 959 1000000000
1 17156 1000000000
2 13991 2037
1 18965 1000000000
2 15858 10750
1 18494 -1000000000
1 11352 -1000000000
1 10673 -1000000000
2 14345 7152
2 4806 5054
2 9248 4686
2 17400 1476
2 13241 16604
1 15286 1000000000
1 6320 1000000000
2 8600 6345
2 13421 7116
2 2671 580
2 1797 9375
2 10841 13293
2 3987 3527
2 12061 11548
2 1357 14918
1 17615 1000000000
2 16762 6133
2 11309 3380
1 11945 -1000000000
1 11036 -1000000000
2 12722 17749
1 12989 1000000000
1 10005 -1000000000
2 5551 14103
1 13459 -1000000000
1 17843 -1000000000
1 2978 -1000000000
1 752 1000000000
1 16094 -1000000000
1 13542 -1000000000
1 11500 1000000000
1 577 1000000000
1 1268 -1000000000
2 16045 18289
1 12514 1000000000
1 16201 1000000000
1 15211 -1000000000
2 5810 18188
1 16215 -1000000000
2 7866 3342
2 1618 8757
1 3931 -1000000000
1 2124 -1000000000
2 15615 14099
1 3453 -1000000000
1 15358 -1000000000
1 6238 1000000000
2 15915 2833
2 17260 19873
1 2017 1000000000
2 15164 16567
1 15149 -1000000000
1 13250 -1000000000
1 6426 -1000000000
2 12388 2031
1 8953 1000000000
2 1422 3720
1 15764 1000000000
2 18383 10595
2 16479 2647
1 691 -1000000000
2 18543 19440
2 11775 12654
1 6071 1000000000
1 2626 1000000000
1 7238 1000000000
1 18287 1000000000
2 15071 4343
1 5513 1000000000
2 12257 17701
2 15958 10432
2 15882 13398
1 9360 -1000000000
1 3795 -1000000000
2 3858 10931
2 12197 6838
1 18118 1000000000
1 8247 1000000000
2 6385 1001
1 13746 1000000000
1 2911 1000000000
1 1423 -1000000000
1 3367 1000000000
2 14907 11660
1 7233 -1000000000
1 5414 -1000000000
1 16622 1000000000
2 10235 583
2 1689 13027
1 9926 -1000000000
1 2436 -1000000000
1 2041 -1000000000
2 4887 7443
2 8193 16436
2 5350 14648
2 3 13726
2 1099 6276
1 18293 -1000000000
2 8185 11507
2 101 5450
2 9426 4090
2 19983 8868
2 18566 15644
2 6652 13537
1 10547 1000000000
2 6961 14762
1 7607 -1000000000
2 19367 19337
1 2058 -1000000000
1 6220 1000000000
1 10989 -1000000000
2 18012 8968
1 11437 1000000000
1 16761 -1000000000
1 17201 1000000000
2 6672 18680
2 7027 13765
2 1530 4223
2 1819 3088
2 5445 13215
2 14476 18981
1 19721 1000000000
1 17154 -1000000000
2 13026 15143
2 6656 6758
2 10098 1308
2 10341 2364
2 8963 10610
1 7378 1000000000
1 5611 1000000000
2 859 3268
2 2519 4184
2 12277 13255
1 12933 -1000000000
1 304 -1000000000
2 17871 18307
1 14913 -1000000000
1 3561 -1000000000
2 19419 13343
1 10766 1000000000
1 870 -1000000000
2 2423 6198
2 3944 15383
1 19145 1000000000
1 1736 1000000000
1 5839 1000000000
1 14136 -1000000000
2 6467 3633
2 3314 12788
2 7426 18055
1 4758 -1000000000
1 15288 1000000000
1 613 -1000000000
1 8768 1000000000
2 596 19953
2 7100 15382
1 16153 -1000000000
2 7875 2721
2 3620 4836
1 15919 1000000000
1 2808 1000000000
2 13516 13870
1 19370 1000000000
1 18489 1000000000
2 1291 1342
1 15623 1000000000
1 3735 -1000000000
1 9781 -1000000000
1 11810 1000000000
1 10170 -1000000000
2 5790 13785
1 3853 1000000000
1 16196 1000000000
1 1269 -1000000000
1 2158 -1000000000
2 17645 12096
2 14966 6885
1 15553 1000000000
2 5470 17196
1 13375 1000000000
1 5391 -1000000000
1 11058 1000000000
1 14133 1000000000
1 3638 -1000000000
1 7797 -1000000000
2 8387 4198
1 13919 1000000000
1 2826 -1000000000
2 17126 5587
2 5828 12274
2 18057 3132
1 19611 -1000000000
2 16751 9819
1 14876 -1000000000
1 10255 -1000000000
1 18630 -1000000000
2 5579 8583
2 7021 12426
1 3332 -1000000000
2 1117 15433
1 1608 -1000000000
2 156 17269
2 13210 879
2 17924 15419
1 7472 -1000000000
2 406 12135
1 10762 1000000000
1 12290 1000000000
1 4499 1000000000
2 11787 8927
2 16442 15352
1 6091 -1000000000
1 18449 -1000000000
2 18021 16631
1 9807 1000000000
2 669 1326
1 14102 1000000000
2 14163 11637
2 18545 11234
1 18237 1000000000
1 13881 -1000000000
2 3244 15196
2 5461 19088
1 4408 1000000000
2 8330 5085
1 2748 1000000000
2 11969 2338
1 8825 1000000000
1 17362 -1000000000
1 13037 1000000000
1 7390 1000000000
1 8952 -1000000000
1 18034 1000000000
1 16011 1000000000
1 19050 -1000000000
1 5797 -1000000000
1 16672 1000000000
2 7904 6922
1 1204 1000000000
2 5936 858
2 14068 18587
1 8315 -1000000000
1 8084 1000000000
2 4371 17162
2 9144 7850
2 11041 3525
1 1812 -1000000000
2 3138 9830
1 4445 -1000000000
1 9555 1000000000
1 18268 -1000000000
1 17549 -1000000000
2 17 1279
1 14657 -1000000000
1 12145 -1000000000
1 7798 -1000000000
1 16939 -1000000000
1 7487 -1000000000
1 8298 1000000000
2 10485 16594
1 7237 1000000000
2 13792 11389
2 16410 8746
2 13259 7662
1 16711 1000000000
1 17711 1000000000
2 10732 16506
2 10646 3394
2 17953 13551
1 4086 1000000000
2 19466 3364
2 4498 18766
1 14028 1000000000
1 6469 -1000000000
2 10234 10443
2 18806 11878
2 13110 8226
1 1742 -1000000000
2 376 11107
1 16064 -1000000000
1 13097 1000000000
2 7152 15960
1 2296 1000000000
1 18794 1000000000
2 1580 13066
2 10849 19933
2 18935 7834
1 13782 1000000000
2 13096 9237
2 3298 138
1 5889 1000000000
1 7582 -1000000000
2 5959 1283
2 2654 16503
1 387 1000000000
1 15863 -1000000000
1 3088 -1000000000
2 7145 14057
1 11026 1000000000
1 3640 -1000000000
2 19055 74
1 14610 1000000000
2 7377 19649
2 17662 12660
2 6532 10793
1 9513 -1000000000
1 18502 -1000000000
1 14698 1000000000
2 17635 9062
2 4749 18919
1 14422 1000000000
1 14044 -1000000000
1 832 -1000000000
2 16789 17957
1 17443 -1000000000
2 19219 13411
1 7283 1000000000
2 18133 13512
1 14300 -1000000000
1 18047 -1000000000
1 1589 -1000000000
1 13201 -1000000000
1 8552 1000000000
1 14537 1000000000
2 1741 2425
1 16412 -1000000000
1 12876 1000000000
1 3944 1000000000
2 4051 10052
1 14931 1000000000
1 485 -1000000000
2 10788 16639
1 4711 -1000000000
1 14112 1000000000
1 614 1000000000
1 679 1000000000
2 13663 9736
2 11147 16764
2 5430 7854
2 6584 4086
1 7006 -1000000000
1 9372 -1000000000
2 10073 185
2 16291 8051
2 4808 15837
2 1203 8938
1 3749 1000000000
1 10417 1000000000
2 6157 18289
2 10341 10159
1 4692 1000000000
1 977 -1000000000
2 16412 18115
1 9713 1000000000
2 12066 13099
2 4654 2575
2 6031 11515
2 323 7713
1 6263 1000000000
2 8783 2083
1 4607 1000000000
2 15103 12570
1 4470 -1000000000
2 8878 4966
2 17239 15021
1 16397 -1000000000
1 10410 -1000000000
1 6848 -1000000000
1 18762 -1000000000
1 2462 1000000000
1 10870 -1000000000
1 7018 1000000000
2 17365 6694
1 14130 1000000000
2 6553 2024
1 6341 -1000000000
2 7065 17602
1 18502 1000000000
1 7259 1000000000
1 13061 -1000000000
1 15628 1000000000
1 15932 -1000000000
2 10660 15893
2 19459 15708
1 2660 1000000000
2 18781 5647
1 10688 1000000000
1 17937 1000000000
1 6542 -1000000000
1 19262 -1000000000
1 766 -1000000000
1 15751 1000000000
1 17522 -1000000000
2 17836 177
2 7755 11363
2 6461 4936
1 14281 -1000000000
1 18155 1000000000
1 3245 1000000000
1 4067 1000000000
1 19186 -1000000000
1 17865 1000000000
1 16349 -1000000000
2 10374 17855
2 11615 18915
1 285 1000000000
2 2224 15419
1 16385 -1000000000
2 10685 3976
2 17570 13617
2 18639 2756
2 16811 12509
2 5250 6578
2 10120 14542
2 11385 10850
2 7253 10985
1 3919 1000000000
2 16677 1622
1 6915 -1000000000
2 6263 2651
2 8860 16316
1 11147 -1000000000
2 19746 14650
1 14422 1000000000
2 4097 7864
1 10592 -1000000000
2 19946 5894
2 9543 6751
2 12651 902
2 13039 12761
2 15554 7093
2 12172 3208
2 14450 10783
1 4452 1000000000
1 5612 1000000000
2 16788 7331
2 5941 5433
1 15413 1000000000
1 3508 1000000000
2 691 2223
1 14647 1000000000
1 16791 -1000000000
2 11808 7023
2 2156 19832
1 15728 -1000000000
2 19670 6544
2 16486 325
2 5347 19799
1 3063 1000000000
1 2743 1000000000
1 8422 -1000000000
1 2779 -1000000000
1 4994 -1000000000
1 13312 -1000000000
1 17671 -1000000000
1 14394 1000000000
2 6288 16625
2 3603 5994
1 1718 1000000000
1 9507 -1000000000
2 18371 7467
1 12894 1000000000
1 17736 1000000000
2 17126 15486
2 19062 5371
2 7991 12800
2 14297 19718
2 3517 16985
1 14046 1000000000
2 16260 12039
1 15374 1000000000
2 11809 2490
2 4321 369
2 866 18385
2 1108 8895
1 5399 1000000000
2 5937 16740
1 5695 1000000000
1 13724 1000000000
1 6968 1000000000
1 4480 -1000000000
1 13462 -1000000000
1 80 1000000000
2 3046 2729
2 16796 16977
2 13265 9128
2 3497 10045
2 11328 12392
1 2035 -1000000000
1 8250 1000000000
1 6715 1000000000
1 19315 -1000000000
1 17591 -1000000000
1 1293 1000000000
1 2321 -1000000000
1 2777 -1000000000
2 5297 6187
1 12318 1000000000
1 7010 -1000000000
2 19558 3587
1 16107 -1000000000
1 15069 1000000000
2 6752 19803
1 3242 -1000000000
1 19086 -1000000000
1 17725 -1000000000
1 6184 1000000000
1 14696 1000000000
1 3305 1000000000
1 10878 -1000000000
2 8466 15673
2 8719 11113
1 4613 1000000000
2 15694 1493
2 214 8150
2 4602 2535
2 16906 14648
2 13402 16218
1 1199 1000000000
1 8080 -1000000000
1 6487 -1000000000
2 17335 677
1 12528 -1000000000
1 13706 -1000000000
2 3855 6890
1 12459 1000000000
1 3576 1000000000
2 4858 381
2 8127 17695
1 5356 -1000000000
2 10539 19274
2 8055 3227
2 15577 11709
2 19523 812
1 19371 1000000000
1 4626 -1000000000
1 18929 1000000000
2 11225 12043
2 9077 563
2 9049 11233
2 17749 15946
1 14609 -1000000000
2 19932 6921
2 13397 423
2 19884 6646
2 19835 3790
1 12480 1000000000
2 10120 17467
2 8001 3522
2 16176 9533
2 17420 16604
2 16183 14712
2 9092 2336
1 3427 -1000000000
1 9820 -1000000000
1 19054 -1000000000
1 17608 -1000000000
2 10798 5133
2 5897 6955
1 15053 1000000000
1 289 -1000000000
1 8620 -1000000000
1 35 -1000000000
1 10530 1000000000
1 17961 1000000000
1 9045 -1000000000
2 15977 12173
2 8859 16980
1 7491 -1000000000
2 3093 1513
2 12494 18600
1 8624 -1000000000
1 15044 -1000000000
2 6485 46
1 11259 1000000000
1 7443 -1000000000
2 14182 13353
1 19136 1000000000
2 12454 5298
2 1169 14187
1 17431 -1000000000
1 3135 1000000000
1 6951 1000000000
2 13178 7608
2 19585 13241
2 1287 18424
2 5372 14875
2 5988 6365
1 1238 -1000000000
2 1592 18714
2 4492 758
1 18934 -1000000000
2 16469 3141
1 7434 -1000000000
1 2378 1000000000
2 17854 1721
2 19778 7597
1 10517 -1000000000
2 19339 16200
2 18118 5230
2 17855 17076
1 276 -1000000000
2 9508 3809
1 18482 -1000000000
2 13053 9206
2 19106 5225
2 19206 6986
1 15125 1000000000
2 16656 16821
2 9131 13091
2 13251 12580
2 19961 7586
2 7656 9159
1 14253 1000000000
1 18530 1000000000
1 16608 -1000000000
1 2069 -1000000000
2 2698 19377
2 344 15590
1 658 1000000000
1 5262 -1000000000
1 16380 -1000000000
2 4884 9141
2 17189 7618
1 18956 1000000000
2 532 13679
1 16562 1000000000
1 3925 1000000000
1 12992 1000000000
1 5168 -1000000000
2 10873 152
2 18484 2532
2 12824 9704
1 4845 -1000000000
1 13590 -1000000000
1 5089 1000000000
2 9098 14691
1 18577 1000000000
2 13935 5558
1 1939 -1000000000
2 9511 8762
2 11427 11428
2 16427 14122
2 3000 15191
1 5109 -1000000000
1 14044 -1000000000
1 8895 1000000000
1 6685 -1000000000
2 5672 16962
1 4902 -1000000000
1 9978 1000000000
2 12135 14212
1 14219 1000000000
1 4178 -1000000000
1 7247 -1000000000
2 14977 15634
1 16815 -1000000000
1 2311 1000000000
2 7079 12283
2 138 19432
1 15049 -1000000000
1 5976 -1000000000
1 190 -1000000000
1 6359 -1000000000
1 3 -1000000000
2 15338 3387
1 11877 -1000000000
2 277 13923
2 13966 6684
1 4146 1000000000
2 12369 6456
1 1962 -1000000000
1 1250 -1000000000
2 6080 6389
2 3961 10081
2 19839 6480
2 1424 13186
1 13764 1000000000
1 7457 -1000000000
1 482 -1000000000
2 4385 4706
2 13225 10370
2 5115 19179
1 13892 -1000000000
2 3652 11707
1 9416 1000000000
1 14400 -1000000000
1 18814 -1000000000
2 9844 15048
2 16270 13980
2 13557 5236
2 10125 12843
2 5932 9816
2 15447 3753
2 2277 14493
2 10765 15745
2 9516 3179
1 5062 -1000000000
1 13147 1000000000
2 3676 11434
1 13613 -1000000000
2 4712 11987
1 11915 -1000000000
2 19621 7028
1 8569 1000000000
2 7212 4063
1 12127 -1000000000
2 2296 6576
1 17134 1000000000
1 6110 -1000000000
1 5336 1000000000
2 7194 17219
1 16795 1000000000
2 6717 9817
2 19406 18158
2 863 2643
1 11385 1000000000
2 1850 14397
2 3530 5419
1 10930 1000000000
1 3852 -1000000000
2 6738 3150
2 14186 4601
1 12998 1000000000
1 8730 1000000000
1 15660 1000000000
1 9870 -1000000000
2 9047 7612
2 17959 12235
2 3694 4517
2 1731 3683
2 1819 107
1 11916 -1000000000
1 19549 -1000000000
1 477 1000000000
2 4166 3507
2 1381 13156
2 19218 2408
2 3026 2026
2 17539 2889
1 39 -1000000000
1 9273 -1000000000
2 6520 12263
1 1820 -1000000000
2 8524 18373
2 2197 18851
2 12679 5773
1 13359 -1000000000
1 5604 -1000000000
1 5204 -1000000000
2 3707 12382
1 6 -1000000000
1 4338 -1000000000
2 12686 469
1 5536 -1000000000
2 9348 16643
2 2059 18819
1 18984 -1000000000
1 5080 -1000000000
2 11941 11158
1 18524 -1000000000
2 10993 8362
1 4594 1000000000
2 8735 13478
2 14543 6071
1 13616 1000000000
1 18856 1000000000
2 9534 19232
2 2979 8113
1 7639 -1000000000
1 12335 1000000000
2 15276 12825
2 787 10212
1 11337 1000000000
1 14794 1000000000
2 16715 6049
2 1431 16227
1 11059 1000000000
1 8343 1000000000
2 4996 8189
2 11130 5483
2 18802 17221
1 14499 1000000000
1 11289 -1000000000
2 2025 1311
2 1943 13825
1 12513 -1000000000
1 7994 1000000000
1 3642 1000000000
2 6145 5725
2 16804 13317
1 19490 1000000000
1 4335 -1000000000
1 15478 -1000000000
1 12809 1000000000
1 2399 1000000000
1 13111 -1000000000
2 6256 17519
1 11328 -1000000000
2 6658 10473
1 7605 -1000000000
1 1009 1000000000
1 6440 1000000000
1 14857 -1000000000
1 1022 -1000000000
2 6837 17031
1 7588 -1000000000
2 4944 16656
2 17358 18765
1 19734 -1000000000
1 19681 1000000000
1 18706 -1000000000
2 4701 4985
1 1804 1000000000
1 17730 -1000000000
1 19789 -1000000000
1 15905 -1000000000
1 15501 -1000000000
2 8653 4739
2 13827 5031
1 4216 1000000000
1 428 -1000000000
1 16175 1000000000
1 8736 -1000000000
1 15806 -1000000000
2 6098 12249
1 1360 1000000000
2 3993 1659
2 14285 2697
1 10155 -1000000000
2 13019 11665
2 6167 9813
2 10495 18997
2 790 11584
1 3562 1000000000
2 8018 3338
1 17953 1000000000
2 1958 18001
2 5444 3288
1 5698 1000000000
2 9886 16543
1 2817 1000000000
2 18709 1261
2 697 10221
1 19791 -1000000000
1 15095 1000000000
1 8014 -1000000000
1 3490 1000000000
1 11810 -1000000000
2 17070 14354
1 11064 1000000000
1 4056 -1000000000
1 18709 1000000000
1 15557 -1000000000
1 8922 -1000000000
1 2778 1000000000
1 10253 1000000000
2 4728 18724
2 17998 18235
2 13932 16818
2 18362 18391
1 6028 1000000000
2 913 6426
2 16141 14254
2 14691 18226
1 12775 -1000000000
1 14539 -1000000000
2 12273 6591
2 2348 3832
1 17157 -1000000000
2 643 1547
1 13882 -1000000000
2 13288 2280
2 3006 18661
2 13024 18750
1 16634 1000000000
2 11557 7813
1 11442 -1000000000
2 8231 9216
2 9451 1137
2 15334 3759
1 18726 1000000000
1 15084 -1000000000
2 15607 10276
1 1681 1000000000
1 2774 1000000000
2 1225 7157
2 14436 2143
2 2211 12665
2 1289 11808
2 15697 12254
1 8609 1000000000
2 14021 1597
1 388 1000000000
2 4540 7702
1 11478 1000000000
1 2093 -1000000000
2 16030 4290
1 7207 -1000000000
1 1337 1000000000
2 13085 13532
2 10724 18574
2 7807 18631
1 7202 1000000000
1 11910 -1000000000
2 17015 18573
1 14960 1000000000
1 11605 -1000000000
1 8385 -1000000000
1 14463 -1000000000
2 16270 7516
2 12053 5810
2 2431 18805
2 7735 12455
2 2801 6451
1 2347 -1000000000
2 19568 13355
1 18765 1000000000
2 17875 2470
2 12456 13458
1 14092 -1000000000
1 9346 -1000000000
1 648 -1000000000
2 19457 19468
1 17398 1000000000
1 10593 -1000000000
1 6565 -1000000000
2 2059 1493
1 13180 -1000000000
1 5402 1000000000
1 8988 1000000000
2 1185 4008
1 11524 -1000000000
1 9131 -1000000000
2 3745 8365
1 13158 -1000000000
2 15391 2321
2 3072 13193
1 4672 -1000000000
2 6306 9342
1 13496 1000000000
2 2769 15523
2 1656 18604
1 2830 -1000000000
1 15643 -1000000000
2 174 16554
1 2175 -1000000000
2 2779 1779
1 13603 1000000000
1 17833 -1000000000
2 98 14666
2 8342 6613
2 9977 4374
2 13848 10301
2 3280 1468
1 2711 1000000000
2 15857 10334
1 16803 -1000000000
2 10197 7484
2 3379 2554
1 19733 1000000000
1 4402 1000000000
1 12366 -1000000000
2 7185 6173
2 16725 12788
2 17173 1492
1 15417 -1000000000
1 2689 -1000000000
2 18436 14524
2 19387 11543
1 5629 1000000000
1 9709 1000000000
1 5931 1000000000
2 4859 5692
1 2271 1000000000
2 5913 4319
2 4743 11673
1 7850 1000000000
2 1153 1640
1 8121 -1000000000
1 5268 -1000000000
2 714 4055
1 7372 1000000000
2 16323 19815
2 11361 8152
2 15379 19206
1 16151 1000000000
2 19740 17520
1 10726 1000000000
2 6644 13882
2 4558 3678
1 4040 1000000000
1 6637 1000000000
1 11806 1000000000
1 14764 1000000000
1 17274 -1000000000
1 4049 1000000000
2 3128 1661
2 13493 11075
2 9120 11152
2 7282 14374
1 18672 -1000000000
1 15164 1000000000
2 938 2394
2 12857 1999
1 13884 -1000000000
1 15162 -1000000000
2 18998 10983
1 15522 -1000000000
2 19972 17157
1 5716 -1000000000
2 15326 6255
1 13415 1000000000
1 15331 1000000000
1 8237 -1000000000
2 10353 13462
2 10815 12894
2 3154 1055
2 6182 15476
2 4376 302
1 18835 -1000000000
1 13736 -1000000000
1 9193 -1000000000
2 6067 8137
1 5865 1000000000
2 283 3701
1 1042 -1000000000
2 18379 1286
1 12108 1000000000
2 15031 16241
1 17258 -1000000000
2 12874 8633
2 10209 7527
2 212 3413
2 9576 9498
2 10227 14405
2 14164 17648
1 9957 1000000000
2 8236 11082
1 13350 1000000000
2 6614 13928
2 18776 14155
1 10295 1000000000
1 9631 -1000000000
2 7683 17051
2 16962 7397
1 3481 -1000000000
2 16892 12099
1 14551 1000000000
2 19026 7112
2 10161 9274
1 7840 1000000000
2 7521 15075
1 1716 1000000000
2 9963 10657
2 6487 17829
2 4859 6037
1 19643 -1000000000
2 3105 18326
1 1774 1000000000
1 5346 -1000000000
1 18000 -1000000000
1 7066 1000000000
2 13765 7590
1 17231 1000000000
2 16152 6393
2 1518 2515
2 18933 11764
1 10936 -1000000000
2 10179 12135
1 1527 -1000000000
2 11888 8188
1 9415 -1000000000
1 16472 -1000000000
2 13658 4277
1 7797 1000000000
2 10509 16286
1 6816 -1000000000
1 18597 1000000000
1 19583 -1000000000
2 16677 3637
2 5334 18865
2 8222 5393
1 10366 -1000000000
1 9824 -1000000000
1 13677 1000000000
1 16028 -1000000000
2 9769 13547
1 2801 -1000000000
2 8404 43
1 7298 -1000000000
1 8225 -1000000000
2 14421 9110
2 18485 4088
2 19487 6507
2 10698 10463
2 5800 16556
2 2937 17268
1 9421 1000000000
1 8575 1000000000
1 1424 1000000000
2 232 1919
2 19663 3895
1 12672 1000000000
1 15706 1000000000
1 19946 1000000000
2 9067 18865
2 10207 4560
1 12701 1000000000
1 12489 -1000000000
1 15039 1000000000
1 7936 1000000000
1 6234 -1000000000
1 16677 1000000000
2 2325 17264
2 5897 13045
2 11547 1621
1 12511 1000000000
1 10850 1000000000
2 16044 389
2 6411 13346
1 10046 1000000000
2 18765 348
2 9519 12244
2 19794 4523
2 2525 5343
1 15559 -1000000000
1 5247 -1000000000
2 4388 11228
1 10026 -1000000000
1 15811 1000000000
1 690 1000000000
1 3880 -1000000000
2 10570 4514
2 15492 12909
1 16511 -1000000000
1 8059 1000000000
1 8971 -1000000000
2 11113 13396
1 7612 -1000000000
1 15849 1000000000
2 9750 19106
1 2103 1000000000
2 5472 14611
2 18866 102
2 9396 13563
2 17798 8990
2 1297 492
1 15939 1000000000
1 19169 -1000000000
1 2717 1000000000
1 13302 1000000000
1 1065 -1000000000
1 3227 -1000000000
1 7687 -1000000000
2 311 14841
2 2442 16141
2 6252 10602
2 16705 17297
2 13783 11699
1 9970 1000000000
1 2818 1000000000
1 16942 1000000000
1 17478 -1000000000
1 18293 -1000000000
2 19579 18814
2 15826 13717
2 5252 18285
2 15047 13950
1 18684 -1000000000
1 10522 -1000000000
2 4416 10421
2 5726 7756
1 5235 -1000000000
2 13325 5132
1 8887 -1000000000
1 19958 -1000000000
2 11323 11364
1 5390 1000000000
2 8928 4666
2 6815 5530
2 17357 15175
1 12569 1000000000
1 679 1000000000
2 4685 10212
1 15365 1000000000
1 7548 1000000000
1 510 1000000000
1 481 -1000000000
1 2832 -1000000000
2 11496 3548
2 5851 5670
2 1668 5263
1 2068 -1000000000
2 17122 14650
1 18446 -1000000000
2 11664 9543
2 704 10767
2 918 918
2 5616 4136
2 19689 16501
1 13478 -1000000000
2 824 12973
2 11307 9886
2 2060 1571
2 17000 19208
1 14003 -1000000000
2 17593 2706
1 15209 -1000000000
2 4566 8956
1 3898 1000000000
1 6587 1000000000
2 343 3782
2 7324 14320
2 18462 3389
2 18666 5244
1 8386 -1000000000
2 8330 18592
2 8242 15549
2 3948 263
2 664 2882
2 12339 19329
1 7193 -1000000000
2 4561 4817
1 5975 1000000000
2 12477 11748
1 5464 1000000000
1 938 1000000000
1 1718 -1000000000
1 11274 1000000000
1 9152 -1000000000
1 8226 1000000000
1 5446 1000000000
2 3936 19282
1 4170 -1000000000
1 7891 -1000000000
2 15182 19941
2 7747 17485
1 16469 1000000000
2 8845 2975
1 11733 -1000000000
2 17393 13490
2 13362 17786
2 7861 19793
1 2238 1000000000
2 15670 11647
1 4993 -1000000000
1 16955 1000000000
2 10522 16833
2 19486 13061
2 2018 13538
1 5249 -1000000000
1 15629 -1000000000
1 11004 -1000000000
2 8858 16397
2 836 1649
2 19577 3854
2 16207 11841
2 13154 19562
1 15912 -1000000000
1 3463 -1000000000
2 13821 12592
1 8555 -1000000000
2 15051 17403
2 16524 17406
1 12259 1000000000
2 3717 2055
1 430 1000000000
2 6758 17823
2 7018 6330
1 2991 -1000000000
2 6300 4479
1 19052 -1000000000
1 8804 1000000000
1 15545 -1000000000
1 16289 1000000000
2 1655 17808
2 15 7679
1 8426 -1000000000
2 15012 17766
1 10877 1000000000
2 8211 12629
2 2308 11171
1 7303 1000000000
2 12284 7941
2 19422 6920
2 2358 7319
1 18137 -1000000000
2 3682 3462
1 10911 -1000000000
1 64 -1000000000
1 13054 -1000000000
2 13895 3606
2 6153 16815
1 7370 -1000000000
2 14669 7468
1 545 1000000000
2 6251 3965
1 9232 1000000000
1 11347 -1000000000
1 4665 1000000000
2 6436 16923
1 19279 1000000000
2 19919 11756
2 5052 15711
1 19882 -1000000000
1 9736 -1000000000
1 17888 -1000000000
2 13877 12976
1 4294 1000000000
2 18608 10471
1 2563 -1000000000
2 338 3668
2 15838 5824
1 1972 1000000000
1 15271 1000000000
2 6653 12350
1 18118 -1000000000
2 2010 185
2 2960 6370
2 3235 1723
1 11077 -1000000000
1 13765 1000000000
2 7418 2834
1 1560 -1000000000
2 3743 3722
2 2638 17657
1 14139 1000000000
2 1483 3319
1 5508 -1000000000
1 10860 -1000000000
1 7711 -1000000000
1 16089 1000000000
1 4667 -1000000000
2 6104 8169
2 8954 18426
2 16680 10358
1 15203 -1000000000
1 12035 -1000000000
1 14065 -1000000000
1 7262 -1000000000
1 16623 1000000000
2 16633 7786
2 16020 1842
1 3540 -1000000000
1 2221 -1000000000
2 11434 18935
2 2626 6378
1 1129 -1000000000
2 18119 4043
2 5309 2699
2 13213 18148
1 2541 -1000000000
1 19370 -1000000000
1 1305 1000000000
2 9027 12984
2 15659 9335
1 17018 -1000000000
2 2412 13108
2 19480 352
1 3974 1000000000
1 13525 1000000000
2 3375 4015
1 527 -1000000000
1 14177 1000000000
1 14321 1000000000
2 14382 3041
2 3847 2270
2 18467 296
1 11237 -1000000000
1 17994 -1000000000
2 16127 479
1 18359 1000000000
2 12072 16491
1 225 1000000000
1 3710 1000000000
1 14668 1000000000
2 566 17260
1 1286 -1000000000
1 11913 -1000000000
1 10464 1000000000
1 18167 -1000000000
2 288 18300
2 1579 8991
2 19290 16676
1 3503 1000000000
2 12508 19590
2 3506 17761
1 14138 1000000000
1 11698 -1000000000
2 12940 19508
1 14752 -1000000000
2 2904 2248
1 15124 -1000000000
1 17225 -1000000000
1 6139 1000000000
1 6764 -1000000000
1 7803 1000000000
1 14767 1000000000
1 347 -1000000000
2 13520 8816
2 2358 8568
1 14558 1000000000
1 3429 1000000000
2 16072 18808
1 2465 -1000000000
1 5452 -1000000000
1 11648 -1000000000
1 12402 -1000000000
1 1522 -1000000000
1 13622 1000000000
2 1140 9185
1 16923 1000000000
1 553 1000000000
1 9286 -1000000000
2 14009 8749
1 6551 -1000000000
1 4821 -1000000000
2 2676 10507
2 3885 17514
1 12987 -1000000000
1 16570 -1000000000
1 2912 -1000000000
1 14923 -1000000000
1 2449 -1000000000
1 8305 1000000000
2 18753 9462
2 19680 15943
1 4757 -1000000000
1 5312 -1000000000
2 13799 13468
2 17658 11935
2 14891 14229
2 15807 18228
2 17786 7915
1 3310 1000000000
2 1891 16959
1 12484 1000000000
2 11726 9385
1 13583 1000000000
2 15108 17517
1 16697 1000000000
2 5177 11843
1 2912 1000000000
1 12872 1000000000
2 12758 1197
2 5414 13231
2 6779 19821
2 19767 72
1 9725 1000000000
1 18927 1000000000
2 12592 18091
1 9657 -1000000000
1 16078 1000000000
2 13063 13284
2 13713 11141
1 3050 1000000000
1 17545 1000000000
1 1500 1000000000
2 12578 13096
2 13751 18214
1 15082 1000000000
2 15900 8538
2 9472 6119
1 6032 -1000000000
1 12107 -1000000000
1 14973 1000000000
2 18258 10154
2 9956 10112
2 3238 3858
1 8770 1000000000
2 12 3602
2 18540 6686
2 13679 6273
2 11995 379
1 18696 -1000000000
2 14619 16065
2 16707 12380
2 9991 7543
2 1632 2199
2 19264 16507
1 147 1000000000
2 9831 11465
1 18494 -1000000000
2 7524 14953
2 12530 18900
1 15897 -1000000000
2 18535 5196
2 2936 11206
1 19926 -1000000000
1 1015 -1000000000
2 19196 18565
1 16602 -1000000000
1 16678 -1000000000
1 1955 -1000000000
2 15689 13466
2 11095 14361
1 3861 -1000000000
1 19785 1000000000
1 822 -1000000000
2 10133 7083
2 10506 4947
2 9282 17522
1 3951 1000000000
2 18150 2922
1 14299 -1000000000
1 10939 1000000000
2 6623 16718
2 10286 1711
1 16419 -1000000000
1 3834 -1000000000
1 16333 -1000000000
2 14188 16168
1 8676 -1000000000
2 2985 5733
2 6108 17728
1 13997 -1000000000
1 2268 1000000000
2 13007 13441
2 16808 13017
1 3086 1000000000
1 5528 1000000000
2 13650 4582
2 16762 8834
1 16577 1000000000
2 7596 13515
1 3005 -1000000000
1 10528 1000000000
1 11810 -1000000000
1 12756 1000000000
2 7177 9447
1 18147 -1000000000
2 1014 16136
2 10051 12542
1 3987 1000000000
1 12163 1000000000
1 5093 -1000000000
2 16047 2741
1 17439 -1000000000
2 9462 14740
2 11605 4418
2 15997 7557
2 7449 6089
1 12704 -1000000000
1 12270 -1000000000
1 11452 -1000000000
1 14682 -1000000000
1 5655 -1000000000
2 1919 7752
1 13216 -1000000000
1 11560 1000000000
2 7453 18311
2 6034 6512
2 4090 7242
1 8212 -1000000000
1 8303 -1000000000
1 7094 -1000000000
2 18805 16001
1 13276 1000000000
2 12752 14764
1 17305 -1000000000
1 5020 -1000000000
2 14860 19873
2 1721 13151
1 10967 1000000000
2 8116 6480
2 10343 11441
1 11748 -1000000000
2 15265 19161
1 2674 -1000000000
2 4654 16211
2 16145 13129
2 8349 1979
1 844 -1000000000
2 14287 9964
1 3262 -1000000000
1 12036 1000000000
1 12303 1000000000
2 19786 15869
1 5645 -1000000000
1 10349 -1000000000
1 3207 -1000000000
2 3594 16877
2 7000 16862
2 19998 4607
2 15966 10149
2 17450 11602
1 11513 -1000000000
1 11416 1000000000
1 354 -1000000000
1 4526 1000000000
2 1711 3901
2 14413 9656
2 4462 477
2 11202 5278
1 1400 -1000000000
2 19980 18946
2 10153 359
1 9658 -1000000000
2 10965 18850
1 8486 1000000000
1 11437 1000000000
1 16243 1000000000
1 16431 -1000000000
1 1514 1000000000
2 9342 4920
1 1814 -1000000000
1 6736 1000000000
2 14887 12367
1 18124 -1000000000
2 16881 19204
1 4091 -1000000000
1 18112 -1000000000
1 17570 -1000000000
2 4128 14664
1 2100 -1000000000
1 16773 1000000000
2 286 6202
2 12808 5598
2 9111 18500
1 8542 -1000000000
1 532 1000000000
1 3644 -1000000000
2 10710 16483
2 15080 5612
2 8876 2605
2 2743 6977
1 7614 1000000000
1 8484 1000000000
2 11850 11999
2 15671 8882
2 11365 16383
1 10198 -1000000000
2 11395 16652
1 17945 -1000000000
1 15802 1000000000
1 1987 -1000000000
1 6035 -1000000000
2 12045 15848
1 7802 -1000000000
2 4953 1647
1 5985 -1000000000
2 11595 12820
1 2540 1000000000
2 8532 8265
2 10957 14207
2 19446 307
1 12793 1000000000
2 1164 18172
1 19382 1000000000
1 17092 -1000000000
2 10808 18704
2 16039 10961
1 10425 1000000000
1 10580 1000000000
1 3108 -1000000000
1 17694 -1000000000
2 17159 11422
1 12864 1000000000
2 2548 13685
1 14255 -1000000000
1 9572 1000000000
2 13995 14839
1 19464 -1000000000
1 18339 1000000000
1 6662 1000000000
2 19701 12364
2 2741 5919
1 15932 1000000000
2 12525 7906
1 11539 1000000000
1 7829 1000000000
1 15348 -1000000000
1 6290 1000000000
2 18548 5469
2 4722 6530
1 2877 1000000000
1 4281 -1000000000
2 7475 11570
2 1665 3719
2 18113 9489
2 783 5561
2 17173 15381
1 17010 -1000000000
1 1685 1000000000
2 12293 5541
2 14707 216
1 14153 1000000000
2 3984 13344
1 16517 -1000000000
2 15449 7480
1 8130 -1000000000
2 1179 16083
2 130 15647
1 16011 1000000000
1 5904 1000000000
1 4188 1000000000
2 14223 3898
2 1134 11084
2 2035 4556
1 16626 1000000000
2 13417 10977
1 19148 1000000000
1 1530 1000000000
2 3190 10669
2 19817 19688
2 9195 16757
2 4414 18549
1 18066 -1000000000
2 17959 858
1 18934 1000000000
2 17101 3532
1 6694 -1000000000
2 8727 10204
1 19730 1000000000
1 4915 1000000000
1 18669 1000000000
2 7948 1132
1 10104 1000000000
2 9634 11734
2 8101 15197
1 17166 -1000000000
1 1906 1000000000
1 7116 -1000000000
2 16045 17690
2 10691 16605
2 17843 7921
1 18349 1000000000
2 19318 12142
2 15752 4949
1 19992 -1000000000
2 18203 5297
1 19422 -1000000000
1 18366 1000000000
1 15961 1000000000
1 13862 -1000000000
2 10578 17593
2 5300 13021
2 3193 9081
2 18343 5705
2 3137 19260
1 2719 -1000000000
1 15919 -1000000000
1 16112 -1000000000
2 8498 2539
2 10910 9709
2 3751 16413
2 16268 12147
2 12427 14969
2 6369 1356
2 17050 13670
2 8139 6590
2 17226 7398
1 2228 1000000000
1 4944 -1000000000
1 536 1000000000
2 5714 14369
2 13726 6923
2 11038 12207
2 3480 1982
1 17788 -1000000000
1 5426 1000000000
1 12983 1000000000
2 4853 19111
1 74 -1000000000
2 4696 9072
2 13966 8551
1 17431 -1000000000
1 13100 1000000000
1 19748 -1000000000
1 1345 -1000000000
2 6979 17818
2 5706 10905
1 4937 -1000000000
1 14082 1000000000
1 17607 1000000000
1 12200 -1000000000
2 18703 2294
2 15005 16472
1 13897 1000000000
1 16581 1000000000
2 12182 14078
2 4285 19818
2 13575 7749
2 19876 19582
1 3488 -1000000000
2 8437 5360
2 16631 7534
1 582 -1000000000
2 12533 19218
1 4340 -1000000000
2 11095 6246
2 10200 15072
2 8960 828
1 2049 -1000000000
1 5226 -1000000000
2 14218 2776
2 18894 18463
1 14781 -1000000000
1 2546 1000000000
1 10205 -1000000000
2 7874 1029
2 7966 8858
1 172 -1000000000
2 11353 8097
2 3373 7836
2 338 2170
2 17256 8142
2 3736 5388
1 17800 1000000000
1 246 -1000000000
1 17470 -1000000000
1 8686 1000000000
2 19778 18732
2 19700 3048
1 6137 1000000000
2 10060 12446
1 19336 -1000000000
2 19396 17557
2 12458 19100
1 7699 1000000000
2 18370 7827
2 389 15338
1 8772 -1000000000
2 4552 3939
1 8020 -1000000000
1 7389 1000000000
1 6272 -1000000000
1 4931 -1000000000
2 7940 1628
2 5969 19652
1 7840 -1000000000
1 16726 -1000000000
1 2500 -1000000000
1 11220 1000000000
1 18213 -1000000000
2 19397 10499
1 4342 1000000000
2 6111 961
1 8446 -1000000000
1 14134 -1000000000
2 10646 7207
1 14752 -1000000000
2 4447 4862
2 13372 3850
2 5053 2411
1 4414 1000000000
2 446 13138
1 5709 1000000000
2 883 11693
1 12790 1000000000
1 2879 -1000000000
1 10491 1000000000
2 18243 8937
1 541 -1000000000
1 11300 1000000000
1 3833 -1000000000
1 15572 -1000000000
2 17530 2918
2 15548 2626
2 7454 16626
2 3536 12458
1 19471 -1000000000
2 11517 9546
1 2164 -1000000000
2 18854 19932
2 316 9104
2 3212 1703
2 19924 16039
2 13287 13564
1 5622 -1000000000
1 11414 -1000000000
2 17154 19332
1 15002 -1000000000
1 11779 1000000000
1 5081 -1000000000
1 14114 -1000000000
1 359 1000000000
2 14870 15075
2 1717 15705
2 6440 1090
2 10373 3439
1 6010 -1000000000
2 1875 17245
1 13026 1000000000
2 5044 8920
1 10501 -1000000000
1 5400 1000000000
2 4077 7492
2 12477 13212
1 2983 -1000000000
1 4968 1000000000
2 15304 17072
2 3826 7604
2 15494 6046
1 13307 -1000000000
2 18892 15127
1 7573 1000000000
2 9696 6945
1 12198 1000000000
1 5698 -1000000000
1 2811 -1000000000
2 13239 9049
1 14108 1000000000
2 6067 13985
2 15384 12180
2 11384 1685
1 8194 1000000000
1 11385 1000000000
2 16363 15008
2 3110 6176
2 2486 12480
2 4885 14568
1 6397 -1000000000
2 7369 11344
2 17996 11568
1 12051 1000000000
2 8122 6335
2 7181 19908
2 11232 8953
2 9248 2733
1 4138 -1000000000
2 9606 1
2 16116 14705
2 16383 9865
2 16708 1156
2 1673 4087
1 15463 1000000000
1 18929 -1000000000
1 3351 1000000000
2 11583 16952
2 12930 2988
1 7768 1000000000
1 10159 1000000000
1 669 1000000000
1 932 1000000000
2 10579 4911
2 4639 400
1 15537 -1000000000
2 777 14829
2 17388 10745
2 261 16583
2 14423 11160
2 17523 18261
2 10033 10305
2 1841 2885
1 5583 -1000000000
1 17113 1000000000
2 14711 5827
2 18849 19218
2 12831 6022
2 16520 5091
2 4242 14595
1 8497 -1000000000
1 17967 -1000000000
2 18726 6468
1 7939 1000000000
1 8569 1000000000
1 5831 1000000000
1 2644 1000000000
1 7866 1000000000
2 18824 8448
2 9638 8418
2 15298 14397
1 7189 -1000000000
1 1705 1000000000
2 17955 2214
2 279 15523
1 6813 1000000000
2 3564 6850
1 11145 -1000000000
1 2345 1000000000
1 12207 1000000000
2 3934 19436
1 238 -1000000000
2 4982 6766
2 3818 3676
2 9542 19695
1 13684 -1000000000
1 18383 -1000000000
2 14150 7402
1 3922 1000000000
2 17261 10667
2 9574 15758
1 11083 -1000000000
1 12965 -1000000000
2 2527 6448
1 1388 1000000000
2 7536 19855
1 8715 1000000000
2 12580 15731
2 1302 12716
2 16564 18500
2 17213 19614
1 5997 -1000000000
1 19857 -1000000000
1 18128 -1000000000
1 7192 -1000000000
1 15691 1000000000
2 5905 4900
1 7603 1000000000
2 533 3480
1 7180 -1000000000
1 10495 1000000000
1 761 1000000000
2 432 8487
1 12608 1000000000
2 2718 8124
1 10845 1000000000
2 9962 19775
2 3264 13485
1 12013 -1000000000
1 14159 -1000000000
2 9077 18286
2 19828 7284
1 16415 -1000000000
1 11537 1000000000
1 12455 -1000000000
2 5732 6173
2 19203 10476
1 18693 1000000000
2 12594 12680
2 8484 3562
1 2179 1000000000
2 1025 5521
1 19436 1000000000
1 1106 1000000000
1 7450 -1000000000
1 11406 1000000000
2 18786 19533
2 19319 10933
2 12758 11631
1 10039 1000000000
2 18703 18303
2 15740 16412
1 18551 1000000000
2 18357 3681
2 2332 14678
1 9140 -1000000000
2 9691 230
1 11641 1000000000
2 9386 11549
1 8975 -1000000000
1 2879 1000000000
2 11516 6045
1 5412 -1000000000
2 19877 1368
1 16640 1000000000
1 11544 -1000000000
1 3904 1000000000
2 4439 9811
2 2382 4437
2 17205 2490
2 17861 4272
1 14835 -1000000000
2 6674 5469
2 4066 511
2 15245 9768
1 15497 1000000000
2 17426 14079
2 6768 18836
2 16511 11397
2 584 10520
1 3004 -1000000000
2 12341 9523
1 18524 -1000000000
1 10546 -1000000000
1 14644 -1000000000
2 19221 18059
2 19591 9736
1 2493 1000000000
2 7821 5633
2 16163 10162
2 11924 19066
1 17031 1000000000
2 13893 8370
1 17763 1000000000
1 13297 -1000000000
1 3453 1000000000
2 10094 7076
1 15486 1000000000
1 14772 -1000000000
2 15039 17047
1 10656 1000000000
1 825 1000000000
1 4992 1000000000
1 9507 -1000000000
1 10580 -1000000000
1 19391 1000000000
1 656 1000000000
2 6076 9613
1 3234 -1000000000
2 8867 726
2 8089 2859
1 5774 -1000000000
2 3874 16068
1 945 -1000000000
1 19630 1000000000
2 2875 4377
2 17544 9158
2 9379 10326
2 10892 15912
1 5671 -1000000000
2 8716 16608
2 19660 1935
2 2633 6973
1 15867 -1000000000
2 16591 11919
1 10386 1000000000
2 19379 1666
2 16362 10731
2 506 13045
2 8004 8565
1 12116 -1000000000
1 10211 -1000000000
1 3132 1000000000
1 2137 1000000000
2 5206 18088
2 1834 10429
2 16109 8927
1 1446 -1000000000
1 728 1000000000
1 16004 -1000000000
1 10796 -1000000000
1 13364 1000000000
1 15226 1000000000
1 5891 -1000000000
1 19410 -1000000000
1 15643 1000000000
2 14524 12976
2 11392 14400
2 14942 5737
2 14497 10251
1 14766 1000000000
1 11395 1000000000
2 13865 5934
1 7903 -1000000000
2 5239 15347
1 19962 -1000000000
1 10283 -1000000000
1 16766 1000000000
2 14920 6272
2 19847 15060
2 9429 10708
1 10874 -1000000000
1 7639 -1000000000
1 1874 1000000000
2 17986 8831
2 18528 19110
2 7105 734
1 14172 1000000000
2 8964 17404
2 498 17182
1 18610 -1000000000
2 19205 14414
2 17845 5448
1 6808 1000000000
1 2040 -1000000000
2 2178 4120
1 12857 -1000000000
1 9482 -1000000000
1 11465 1000000000
2 2772 7841
1 14467 -1000000000
2 19751 4593
2 16577 12647
2 4734 16356
2 15005 15436
1 290 1000000000
1 10599 1000000000
2 8008 5673
1 16199 1000000000
1 491 -1000000000
2 8291 12163
1 7462 1000000000
2 5819 16047
2 8233 15218
1 14114 -1000000000
2 6109 8306
2 3259 13902
1 465 -1000000000
1 11364 1000000000
2 10339 14664
1 11066 -1000000000
1 15313 -1000000000
1 5505 1000000000
1 5798 -1000000000
1 5188 -1000000000
2 17214 7877
1 8867 -1000000000
1 6009 1000000000
1 19272 1000000000
2 18709 2490
1 18183 -1000000000
1 11425 -1000000000
2 19610 7648
1 17435 1000000000
2 17257 9273
2 6299 8927
2 4376 9336
1 800 1000000000
1 15711 1000000000
2 7013 435
1 15469 1000000000
2 11388 1746
1 2675 -1000000000
2 2495 17860
1 3579 1000000000
1 11219 1000000000
2 15229 78
2 16454 10824
1 10590 1000000000
2 8071 8093
2 551 4509
1 12455 -1000000000
2 13162 11877
1 387 1000000000
2 8608 1738
2 18270 4158
2 19470 18640
2 6214 860
2 17665 1521
2 5067 17957
1 10480 1000000000
1 1681 -1000000000
2 11799 10499
2 1770 19651
2 18170 2074
2 6829 9067
2 11070 10724
2 1684 11827
1 3857 1000000000
2 2678 7938
1 16401 -1000000000
2 613 12630
1 19722 1000000000
1 4248 1000000000
1 1624 1000000000
2 2155 5367
2 11057 307
2 9986 18879
2 6822 17734
1 3373 1000000000
2 7104 14610
2 14429 18236
1 1505 1000000000
1 10691 -1000000000
2 9461 18194
1 3402 1000000000
2 17809 14875
1 19272 1000000000
1 8794 1000000000
2 9461 19802
1 4359 1000000000
1 19520 -1000000000
1 14630 -1000000000
1 17252 -1000000000
2 6669 5672
1 5862 -1000000000
2 19584 9430
2 2049 4522
2 13000 3818
2 5625 8947
2 11285 5637
2 11080 4005
1 10836 -1000000000
2 15590 19758
1 9703 -1000000000
2 9359 15351
1 11181 -1000000000
2 18664 12204
1 8295 1000000000
1 104 1000000000
2 5321 11901
2 12380 833
1 10870 1000000000
1 6949 -1000000000
2 723 8122
2 19650 11167
2 16078 4826
2 6013 2466
1 8796 1000000000
1 10560 1000000000
2 15535 8799
1 19194 1000000000
1 19401 1000000000
2 7722 6798
2 8163 19795
1 16393 -1000000000
1 18982 1000000000
1 11138 1000000000
1 8308 -1000000000
1 16181 1000000000
1 18473 -1000000000
1 2993 1000000000
1 7783 1000000000
2 3281 13344
2 17345 10812
1 6998 1000000000
1 16862 -1000000000
2 7251 13452
2 2830 1967
2 8471 14894
1 5847 1000000000
2 1380 15507
1 8604 -1000000000
1 3620 1000000000
2 1645 11594
1 15653 -1000000000
1 10340 1000000000
1 7753 1000000000
2 3617 9635
2 12740 18202
1 12588 1000000000
1 19486 -1000000000
1 17980 1000000000
2 9236 15305
1 12034 1000000000
2 9240 19664
2 13405 8770
2 19506 9577
1 130 -1000000000
1 4221 1000000000
2 15619 10049
1 9151 -1000000000
2 5699 17017
1 5176 1000000000
1 7000 -1000000000
2 17160 17448
2 19991 7205
1 1540 -1000000000
1 4387 -1000000000
1 19380 -1000000000
2 8266 10556
1 6534 -1000000000
1 9638 -1000000000
2 18759 16389
1 15168 1000000000
2 1739 6088
1 6500 -1000000000
2 9160 6160
2 3216 16017
2 10562 19835
1 16789 -1000000000
1 11600 1000000000
1 18685 -1000000000
2 15614 10501
1 9720 -1000000000
2 17744 16387
1 15928 -1000000000
2 4902 10250
1 15898 1000000000
2 12976 432
2 12127 3897
1 16195 -1000000000
2 17773 18454
2 16488 13044
2 784 10111
1 2100 -1000000000
1 13138 -1000000000
1 8108 1000000000
2 6669 1118
1 13978 -1000000000
1 1834 -1000000000
1 4006 -1000000000
2 2982 11092
1 9417 -1000000000
2 18248 2479
2 973 16412
2 10163 7562
1 15073 -1000000000
2 17354 4093
1 15228 -1000000000
1 655 1000000000
1 2373 -1000000000
2 2158 11663
1 15673 1000000000
2 19702 1937
1 14550 -1000000000
2 9564 14329
2 12405 6963
2 1654 13857
1 11979 1000000000
1 12566 -1000000000
1 4426 -1000000000
1 14574 -1000000000
2 5117 18472
1 12370 -1000000000
2 4759 10626
2 15080 16042
1 13192 -1000000000
1 510 1000000000
1 3111 1000000000
2 12898 17334
2 17040 8630
1 3295 1000000000
1 12776 -1000000000
1 13053 -1000000000
2 18820 15542
1 8767 -1000000000
1 19445 -1000000000
2 11677 10561
2 1189 17577
2 3551 3345
2 14126 7374
1 1242 1000000000
1 5521 1000000000
2 15411 1861
2 9351 5615
1 18531 1000000000
1 2786 -1000000000
1 3109 -1000000000
1 19766 1000000000
2 12309 4612
2 13614 4126
1 14782 1000000000
2 7472 4675
2 12729 16341
1 8784 -1000000000
2 813 8015
2 8459 12099
2 18035 14412
1 13762 -1000000000
1 2941 -1000000000
1 14212 1000000000
2 17229 1395
1 8313 1000000000
1 3958 -1000000000
2 5670 10477
2 13623 5814
1 14117 1000000000
1 19434 -1000000000
1 9487 1000000000
2 754 2493
2 5262 6466
2 11120 18107
2 3362 19249
2 6794 1523
2 4702 4039
2 17284 8360
1 9552 1000000000
1 8451 1000000000
1 4561 -1000000000
2 13034 7737
1 11789 1000000000
2 15934 11645
2 3159 18748
1 774 1000000000
1 7884 1000000000
1 16869 -1000000000
1 5041 -1000000000
1 15154 1000000000
2 17964 11425
2 9903 10098
2 12338 12204
1 11625 1000000000
2 11175 18446
1 17964 -1000000000
2 19439 2378
1 7224 1000000000
2 1340 19382
1 1917 -1000000000
1 9761 1000000000
2 1248 16963
1 10516 1000000000
2 14428 14038
1 7154 1000000000
1 12874 -1000000000
1 15063 -1000000000
2 15594 12774
2 814 4759
2 5667 14871
2 19753 17490
1 6706 -1000000000
2 14433 9681
1 8917 1000000000
1 3320 -1000000000
2 3508 2196
1 2464 1000000000
2 10278 13050
1 13507 1000000000
2 10589 8237
1 15216 1000000000
1 17311 1000000000
1 434 -1000000000
2 18784 11958
2 15831 15131
2 14246 685
2 6457 310
1 14585 -1000000000
1 2853 1000000000
1 2529 -1000000000
1 2863 1000000000
2 2431 18300
2 19749 10497
2 6451 2222
2 13930 9705
1 422 1000000000
2 12586 2277
1 18256 1000000000
2 6202 8684
1 16737 1000000000
1 4420 1000000000
2 12970 2592
1 10701 1000000000
2 18566 19149
2 14564 1036
1 15824 1000000000
2 8124 5096
1 4934 1000000000
1 17731 -1000000000
1 9542 1000000000
1 10114 -1000000000
2 14384 990
1 15889 -1000000000
2 14021 13332
2 17359 18601
1 14776 -1000000000
1 7230 1000000000
1 2834 -1000000000
1 15356 -1000000000
1 9597 -1000000000
1 9528 1000000000
2 1064 7575
2 14522 7979
2 10712 3201
1 13015 -1000000000
2 13260 3606
2 9453 9687
1 7705 -1000000000
2 17252 15694
2 8042 12873
2 17637 603
1 15338 1000000000
1 728 -1000000000
1 14977 1000000000
1 18646 -1000000000
2 16391 17552
1 2667 1000000000
2 19177 16873
1 740 1000000000
1 6981 -1000000000
2 7550 6505
1 3878 -1000000000
1 17530 1000000000
2 19527 15005
2 773 12918
2 19251 6872
2 9319 17371
1 1053 -1000000000
1 3908 -1000000000
1 7074 1000000000
2 5506 6741
2 10024 8764
1 4978 -1000000000
1 14871 -1000000000
2 13134 10511
1 18287 -1000000000
2 15139 3554
1 7858 -1000000000
2 15231 17073
1 9504 1000000000
2 17417 15823
2 4977 368
2 14152 13832
2 4898 1795
2 10480 8305
1 5570 -1000000000
2 7920 15174
1 4883 1000000000
2 3772 15297
1 12173 1000000000
1 17861 -1000000000
1 16260 1000000000
1 105 -1000000000
2 16750 10362
1 4258 -1000000000
2 2207 6009
2 8212 8435
2 3781 13725
2 4782 2221
2 269 15531
2 5417 13574
1 6881 1000000000
2 9417 9688
1 7091 1000000000
1 14249 -1000000000
1 2674 1000000000
1 5284 1000000000
2 2183 1473
2 4901 10082
1 18520 1000000000
2 11103 13095
1 13736 1000000000
2 3084 3455
2 8181 12030
2 5368 9238
1 6487 -1000000000
2 8339 8613
2 12670 19190
2 19740 729
1 7432 1000000000
2 3674 11554
2 7426 18325
2 19841 11049
2 17767 8027
1 15541 1000000000
2 18749 17131
1 16811 -1000000000
1 2113 1000000000
1 7942 -1000000000
1 7988 1000000000
1 8254 1000000000
2 3000 19703
2 18041 15810
2 19068 8118
2 9091 8172
2 14081 15935
1 15103 -1000000000
1 6739 -1000000000
1 3220 1000000000
1 4210 1000000000
2 13596 9378
2 9896 18850
1 17520 1000000000
2 5645 12424
2 2615 7
2 1416 4112
1 1501 -1000000000
1 10150 -1000000000
2 14053 873
2 15096 5763
1 9356 1000000000
2 7793 15795
2 4952 9824
2 10038 14696
2 11309 19222
2 4176 19053
1 16321 -1000000000
2 11658 17844
1 6708 -1000000000
1 13935 -1000000000
2 18942 1669
2 5661 777
2 16854 9537
1 15217 1000000000
2 14183 12551
2 12688 9569
2 92 12935
2 11892 6999
2 16072 10980
1 6428 -1000000000
1 1454 -1000000000
2 3198 9942
2 18833 15186
2 18918 11007
1 17690 -1000000000
1 9119 1000000000
2 19581 4800
2 1116 19902
2 4337 19920
2 5554 15300
2 3152 16846
1 15736 1000000000
2 1841 16908
1 3061 -1000000000
2 11129 17185
1 18725 -1000000000
1 5887 -1000000000
1 13554 -1000000000
1 11582 -1000000000
2 5790 16651
2 10508 11508
2 10796 19762
2 5048 16855
2 15996 18928
2 12069 2366
2 5199 2747
2 15737 4177
1 8865 1000000000
2 9785 4964
1 1599 1000000000
2 17964 2843
2 13098 2362
2 1552 489
2 12551 15296
1 2129 1000000000
2 19162 16911
2 2152 11676
1 8223 1000000000
1 10409 -1000000000
1 18974 1000000000
2 16950 1499
1 7888 -1000000000
1 12729 -1000000000
2 3954 19326
2 4593 19928
1 14 1000000000
1 1135 1000000000
2 2222 3300
1 17518 1000000000
1 14586 -1000000000
2 14413 2723
2 7874 2216
1 8082 1000000000
2 5351 19538
2 17734 7045
2 5073 3401
2 12937 2443
1 7649 1000000000
1 13125 1000000000
1 10760 -1000000000
2 5044 18748
1 15245 -1000000000
1 13048 1000000000
2 5414 10671
2 17396 18158
1 14911 1000000000
1 8373 -1000000000
2 5235 17060
1 5600 1000000000
1 14274 -1000000000
2 11881 8497
2 10095 10685
2 9348 18950
1 18446 1000000000
1 5189 1000000000
1 12063 1000000000
1 9834 1000000000
2 17957 6414
1 16609 1000000000
1 8502 1000000000
2 17484 18497
1 15500 1000000000
2 3104 12795
2 15352 6914
1 17571 1000000000
2 9416 7230
1 8435 1000000000
2 9451 7578
2 7009 8022
1 18015 1000000000
2 15781 12695
1 10164 -1000000000
1 1396 1000000000
2 2045 13820
2 13225 8579
1 1357 1000000000
2 5140 3384
2 5500 10848
1 19017 1000000000
2 17220 5002
1 13594 1000000000
1 14338 -1000000000
2 7632 3135
1 14807 1000000000
1 16113 1000000000
2 19314 2967
2 761 13340
1 8528 1000000000
1 7471 -1000000000
2 8117 818
2 3336 18005
1 8641 -1000000000
2 3329 19546
1 3539 -1000000000
1 9568 -1000000000
2 7778 17750
2 16734 1173
2 9968 8930
1 15820 1000000000
2 32 4083
1 10631 -1000000000
1 1835 1000000000
2 17105 15525
1 1217 -1000000000
1 7285 1000000000
2 9335 3838
1 9643 -1000000000
1 9032 1000000000
2 15751 18274
2 19329 3500
2 15050 19919
2 17508 9167
1 3258 -1000000000
2 18509 19958
2 11731 10698
2 6308 18884
2 16917 3095
1 14287 1000000000
1 547 1000000000
1 4136 1000000000
1 18768 -1000000000
1 15809 1000000000
2 277 19320
1 7687 -1000000000
1 6822 1000000000
2 1999 18259
1 8432 1000000000
1 15222 1000000000
1 7453 1000000000
2 1626 3067
2 15701 7249
1 19961 -1000000000
2 793 361
1 9995 -1000000000
1 3955 1000000000
1 9089 -1000000000
2 3849 2604
2 12619 11310
1 11868 -1000000000
1 8656 -1000000000
2 12074 19235
1 4856 -1000000000
1 4156 1000000000
2 12013 4433
2 7267 12092
1 18248 -1000000000
1 2781 -1000000000
2 7488 4200
1 6520 1000000000
2 3187 5943
2 5815 18106
2 15971 17536
1 10040 1000000000
2 8019 1281
1 11764 1000000000
1 6172 -1000000000
2 16416 2571
1 8960 1000000000
1 11845 1000000000
1 7267 1000000000
2 9705 3135
1 10516 -1000000000
2 19346 599
1 1733 1000000000
2 9540 7647
1 16435 -1000000000
2 6122 10196
2 3375 7484
2 7673 3479
1 2979 1000000000
1 13709 1000000000
2 5848 14954
1 608 1000000000
2 4583 5190
2 8079 11208
2 143 5362
1 16690 -1000000000
1 11738 -1000000000
2 5404 1756
2 1857 19170
1 19665 -1000000000
2 833 6719
2 1993 3861
2 3105 9831
1 19796 -1000000000
2 7442 19800
2 6428 790
1 7188 1000000000
1 12842 1000000000
1 15672 1000000000
2 11475 19096
1 14505 -1000000000
2 18211 6626
1 17261 1000000000
1 3015 1000000000
1 17108 -1000000000
1 15125 -1000000000
2 862 14233
2 8436 2677
2 2443 9446
2 19095 6233
1 54 1000000000
1 19444 -1000000000
1 1933 -1000000000
1 10132 1000000000
1 5496 -1000000000
1 12418 -1000000000
1 5247 1000000000
1 14893 -1000000000
2 11018 11441
1 12956 1000000000
2 12423 19164
1 18691 1000000000
1 13770 -1000000000
1 5669 1000000000
1 2738 -1000000000
1 9289 1000000000
1 12471 1000000000
2 5087 1504
1 13905 -1000000000
2 6757 2325
1 11407 1000000000
1 13031 -1000000000
2 5532 8278
2 14473 4148
2 101 12528
2 16355 8523
1 13400 -1000000000
2 16064 12587
2 14105 19864
2 12608 2539
1 5854 1000000000
1 9613 -1000000000
2 4484 3243
1 8751 -1000000000
2 17133 9063
1 17139 -1000000000
1 9478 -1000000000
1 11012 -1000000000
2 1240 8415
1 6295 1000000000
1 11069 1000000000
2 16147 8450
2 14641 6976
2 666 6596
2 11521 5671
2 4264 236
1 18314 1000000000
1 16457 1000000000
2 16418 7421
1 2900 1000000000
1 11783 1000000000
1 10132 1000000000
2 342 422
1 14414 1000000000
2 5811 12977
1 11487 -1000000000
1 19536 -1000000000
1 13205 1000000000
1 16242 1000000000
2 12638 18962
2 14670 12577
2 16030 4779
1 16976 -1000000000
1 8542 1000000000
1 19666 -1000000000
2 4804 14369
1 6990 -1000000000
1 8291 -1000000000
1 2525 -1000000000
2 9071 17757
2 13585 11580
2 8067 18287
1 2736 1000000000
2 8642 12345
2 12435 11134
2 13829 17733
1 5127 1000000000
1 559 1000000000
1 10063 -1000000000
2 6691 3762
2 9735 7722
2 5409 10881
1 19347 -1000000000
2 7050 11430
2 1937 9564
2 10877 7820
2 12380 5449
2 1332 2616
1 12261 -1000000000
2 9088 3957
2 7742 15781
1 17591 1000000000
2 16640 18379
2 19036 15140
1 13046 1000000000
1 553 1000000000
2 3103 7152
2 10760 8028
2 2754 12898
2 2169 13558
2 19093 4321
1 12890 1000000000
1 172 1000000000
2 5289 6419
1 18467 -1000000000
1 18526 1000000000
2 11527 48
1 12024 -1000000000
1 14352 -1000000000
1 15001 1000000000
1 590 1000000000
1 2823 1000000000
2 8657 724
2 5189 18128
1 12859 -1000000000
2 1639 13381
2 3337 13196
1 1846 1000000000
2 17303 11920
2 19428 16638
1 15577 1000000000
2 3974 14349
2 8124 15178
1 16903 1000000000
1 10358 -1000000000
1 11974 1000000000
2 9662 566
2 13489 10370
2 2591 12142
1 9530 -1000000000
1 19400 1000000000
1 5871 -1000000000
2 15679 9292
1 17812 1000000000
2 18364 11036
2 13733 13463
1 1349 -1000000000
2 15222 12335
2 2478 4391
1 17832 1000000000
1 19368 -1000000000
2 4465 12848
1 3206 1000000000
2 9225 10461
1 18380 -1000000000
1 10839 1000000000
2 240 3736
2 13717 8257
1 1870 -1000000000
1 15434 1000000000
1 3082 1000000000
2 10511 1899
1 11587 -1000000000
2 2570 2525
2 18770 10406
2 5669 14548
2 9876 4539
2 7591 16825
2 1016 12764
1 16709 -1000000000
2 4477 9975
2 3839 11807
1 8771 -1000000000
1 13864 1000000000
2 9619 9460
2 14279 2941
2 17009 1575
1 7007 1000000000
2 620 8511
2 12756 11527
1 17897 1000000000
1 8853 -1000000000
2 4436 19204
2 4534 4398
2 12497 16445
1 3334 1000000000
2 15622 4552
2 16068 19869
1 7539 -1000000000
2 1275 7023
1 16105 -1000000000
2 14677 1203
1 13399 -1000000000
2 838 19922
1 11313 1000000000
2 14516 3752
2 19068 3729
2 2886 4147
1 2466 1000000000
1 5474 1000000000
1 13238 1000000000
1 15098 -1000000000
1 4290 -1000000000
2 15795 17548
1 14373 -1000000000
2 11873 5989
1 4318 -1000000000
2 7463 13614
2 5950 15449
1 6477 1000000000
2 15750 1794
1 4912 -1000000000
1 8649 1000000000
2 1837 16317
1 10189 -1000000000
1 15141 -1000000000
2 13850 16436
1 11245 -1000000000
2 10084 17537
2 6629 15408
1 15297 -1000000000
2 12349 662
1 7435 -1000000000
1 2315 1000000000
1 18468 1000000000
1 5231 1000000000
2 14658 10610
2 11855 9743
1 16687 -1000000000
2 12702 14690
2 15657 4383
1 13643 -1000000000
2 4372 19455
1 11883 1000000000
1 14510 -1000000000
1 19114 -1000000000
2 13004 11334
2 7711 18749
1 6681 -1000000000
2 3209 16294
1 12191 1000000000
1 14758 1000000000
2 3468 15050
2 3646 6208
1 817 1000000000
1 5139 -1000000000
1 5113 1000000000
2 4236 11972
2 11782 18227
1 15000 1000000000
1 13368 -1000000000
1 1905 1000000000
2 16472 15766
1 17850 -1000000000
2 3296 5225
2 5318 6840
2 19648 6578
1 7392 -1000000000
2 2061 4446
1 10642 1000000000
1 15028 1000000000
2 2229 3422
2 15233 6259
2 7116 15602
1 4812 1000000000
1 7595 -1000000000
1 7455 1000000000
1 6415 1000000000
1 11704 1000000000
2 17503 17355
2 7954 14928
2 5387 8098
2 9545 12333
1 4342 1000000000
2 970 4474
1 2358 1000000000
1 8122 -1000000000
1 9465 -1000000000
1 14242 1000000000
2 141 15714
2 4459 18697
2 14250 16560
2 11065 5481
2 3687 6916
2 19293 4317
1 19386 -1000000000
2 1039 7607
1 12436 1000000000
1 10215 1000000000
2 19639 15977
2 18451 9046
2 4658 11351
1 8382 1000000000
2 14112 7253
1 14202 1000000000
1 3889 1000000000
2 11638 10029
2 2865 13358
1 9545 -1000000000
1 12015 1000000000
1 7687 1000000000
2 9278 3255
2 7977 13787
2 1712 10038
1 1908 1000000000
2 19632 17860
1 13097 -1000000000
2 8948 15664
1 1227 1000000000
1 18739 1000000000
2 14112 16056
2 14309 1084
2 5732 9203
2 7966 15292
2 7540 16840
1 6186 -1000000000
2 370 145
2 9137 19725
1 6389 -1000000000
2 16148 17453
2 14617 14136
1 3614 -1000000000
2 6370 11160
1 1667 1000000000
2 5741 13885
1 805 -1000000000
2 6611 14553
1 75 -1000000000
1 12881 -1000000000
2 10320 11830
2 6526 11608
2 10282 1687
2 9878 8525
1 12343 1000000000
2 7571 13078
2 1730 282
2 13260 18222
2 13765 866
2 11886 16384
2 5065 133
2 11554 12916
1 4038 1000000000
2 13423 7887
2 1950 4014
1 690 -1000000000
2 5802 15785
2 14478 10009
2 13337 2798
1 1922 1000000000
2 15691 7743
1 16751 1000000000
1 5231 1000000000
2 6744 6927
1 15112 1000000000
2 6893 17396
1 15946 -1000000000
2 3900 16297
2 9177 17330
1 14562 1000000000
1 3733 -1000000000
1 13280 1000000000
2 14059 9213
1 11458 1000000000
2 16423 13414
1 16162 1000000000
2 7735 13270
2 1485 18793
1 16078 -1000000000
2 2162 5090
2 13862 15692
2 1959 11400
2 18738 17336
2 15233 5195
2 849 18411
2 15223 5310
1 4897 1000000000
2 14240 18796
2 13655 13715
1 3587 -1000000000
2 13926 14360
1 2145 1000000000
2 4210 13462
1 4423 -1000000000
2 14777 14023
2 488 17034
1 10933 -1000000000
1 16402 -1000000000
1 15815 -1000000000
2 18545 2523
2 7650 12594
1 18 1000000000
1 7277 1000000000
1 3098 1000000000
1 15388 1000000000
2 19462 15597
1 7218 1000000000
1 6363 1000000000
1 15222 -1000000000
1 478 1000000000
2 4557 8304
1 5868 1000000000
2 8066 19779
1 12271 -1000000000
2 12077 9523
2 4202 10217
1 3061 1000000000
1 9229 -1000000000
1 2286 -1000000000
1 16701 -1000000000
2 732 14784
2 19415 15936
2 11983 11770
2 19677 8994
2 19587 1474
2 12587 16620
2 13707 14154
1 6326 1000000000
1 3750 -1000000000
2 6185 913
1 15083 1000000000
1 3930 1000000000
2 19050 10241
2 11702 13903
1 5733 -1000000000
1 12853 -1000000000
1 10186 -1000000000
1 5389 1000000000
2 4849 7973
2 4126 1346
1 18689 1000000000
2 6378 19011
2 11547 3570
2 13708 4654
2 12788 1952
1 4607 -1000000000
1 3942 -1000000000
1 12614 -1000000000
1 18255 1000000000
1 14426 1000000000
1 3119 -1000000000
2 6861 19711
1 7759 1000000000
1 1668 1000000000
1 10510 -1000000000
2 18216 12521
1 10069 -1000000000
2 4257 18647
1 16706 1000000000
2 15124 5126
1 3598 1000000000
2 14585 187
2 19356 3023
1 19721 1000000000
1 10437 1000000000
2 489 2939
1 3406 -1000000000
2 7992 9707
2 18175 11835
1 6822 -1000000000
2 6985 12551
1 10188 1000000000
2 2664 13729
2 18053 1584
1 9259 -1000000000
1 10270 -1000000000
2 7254 9510
2 11921 6569
1 144 -1000000000
2 19397 17639
2 5513 12089
1 7461 -1000000000
2 7239 17233
2 2537 15556
2 5576 3303
2 8014 4267
2 6546 13580
1 13631 1000000000
1 19106 1000000000
2 6619 19085
1 10922 1000000000
1 10373 1000000000
1 3036 -1000000000
2 4331 1468
1 14654 -1000000000
1 18538 1000000000
1 15698 -1000000000
2 17828 19065
2 332 5954
1 9820 -1000000000
2 1736 12447
2 11023 16912
1 19327 -1000000000
2 19934 11093
1 2798 -1000000000
2 19795 9893
2 12846 14876
2 18035 5545
2 2145 10688
1 8535 -1000000000
2 10542 935
2 7223 2507
1 15967 1000000000
1 6862 1000000000
2 15992 7902
1 18850 -1000000000
2 14665 17522
2 8235 14879
1 6500 1000000000
2 5336 2243
1 5660 -1000000000
1 9871 1000000000
1 9269 -1000000000
2 5030 12121
2 10185 3713
2 12519 16136
1 8965 1000000000
2 4743 502
2 7419 5343
2 6813 18838
1 16416 1000000000
1 12427 1000000000
2 14978 5050
2 7659 7860
2 17331 16200
1 14122 1000000000
1 2036 1000000000
2 12051 1115
2 7473 15428
2 19498 16622
1 11103 -1000000000
2 11980 14348
1 15244 -1000000000
2 9871 3385
1 41 1000000000
1 18276 -1000000000
2 18355 3609
2 5585 1524
1 14323 1000000000
2 10983 1675
2 14419 4179
2 11781 15088
1 14817 -1000000000
2 18522 12544
1 17453 1000000000
1 522 1000000000
1 11796 -1000000000
2 3768 11548
1 10827 -1000000000
1 5562 1000000000
2 7445 5502
2 12219 11456
1 4111 1000000000
2 15406 345
1 9930 1000000000
1 11180 1000000000
2 4671 8030
1 19600 1000000000
1 17425 -1000000000
1 17654 1000000000
1 5321 -1000000000
1 9287 1000000000
1 15917 1000000000
1 3791 -1000000000
2 12667 12469
1 6287 -1000000000
2 9395 760
1 2039 1000000000
1 6902 1000000000
2 6007 15333
1 12464 1000000000
2 17530 7365
2 12068 16695
1 14687 -1000000000
2 7240 16323
2 6089 11983
2 17735 18737
1 15472 -1000000000
2 5441 42
2 17701 7766
2 1928 14123
2 16899 10539
2 18237 19447
1 8526 -1000000000
1 15770 1000000000
1 2377 1000000000
2 19556 10903
1 11452 -1000000000
1 4043 1000000000
1 13588 -1000000000
1 19044 -1000000000
2 273 17272
1 4075 1000000000
1 13202 1000000000
2 10269 14758
2 7912 1099
1 19921 1000000000
1 2632 1000000000
1 19865 1000000000
2 741 5825
1 3790 1000000000
2 4617 14897
1 3245 -1000000000
2 16698 2717
2 18860 12554
2 12818 1711
2 13245 18432
2 1244 4421
2 19600 14356
2 15959 12996
2 2342 9629
2 13466 3951
2 10418 4432
2 11975 7205
1 2838 -1000000000
2 2438 13035
1 9355 -1000000000
2 17753 17038
1 15191 -1000000000
2 8384 11255
2 17840 5341
2 8576 18251
1 294 1000000000
2 4274 481
1 14904 -1000000000
1 4754 -1000000000
1 4052 1000000000
1 6746 1000000000
2 18721 8755
1 1373 -1000000000
1 2087 -1000000000
1 12940 -1000000000
1 14429 1000000000
1 4787 -1000000000
1 18747 -1000000000
1 13745 -1000000000
2 6883 12138
1 4035 1000000000
2 8281 10919
1 9231 -1000000000
1 7406 -1000000000
2 9461 15041
1 5726 -1000000000
2 5121 15650
2 12831 8247
1 13721 -1000000000
1 16076 -1000000000
1 15670 -1000000000
2 1967 10836
1 5876 -1000000000
1 8105 -1000000000
2 7933 17261
2 4888 12086
2 16877 4705
2 3184 2557
1 4380 -1000000000
1 15497 -1000000000
1 2942 1000000000
2 6894 7339
2 15938 15399
1 17206 -1000000000
1 17476 1000000000
2 13172 12798
1 2484 -1000000000
1 7291 1000000000
2 5810 7525
2 6176 19811
1 19318 1000000000
1 19757 1000000000
2 11536 6212
1 2872 1000000000
1 6316 1000000000
1 14767 1000000000
1 12833 -1000000000
2 16553 37
2 4015 9631
2 4655 16174
2 9195 9326
2 9533 14382
2 16222 12387
1 13138 1000000000
1 13125 -1000000000
1 2675 -1000000000
1 14172 1000000000
2 11305 1263
2 15008 9493
2 19636 12005
2 8050 19478
1 15356 1000000000
1 9078 1000000000
1 16020 1000000000
1 16609 -1000000000
2 8489 14253
2 11404 14783
2 6086 3539
2 7482 4499
1 14560 1000000000
1 16271 1000000000
1 16654 1000000000
1 1301 1000000000
2 10630 10749
2 2439 15180
1 6357 1000000000
1 14552 1000000000
1 19205 1000000000
1 1994 -1000000000
1 12969 1000000000
2 17826 14327
1 911 1000000000
2 4362 3848
2 5305 14571
1 13181 1000000000
1 12631 1000000000
1 8361 -1000000000
1 10621 -1000000000
1 8770 -1000000000
2 13131 10941
2 5065 2939
2 14114 13111
1 9605 1000000000
2 2596 7164
2 9487 1687
2 2784 3458
2 17744 16818
2 4687 14192
1 18630 1000000000
2 12505 9621
1 16962 -1000000000
2 9027 2906
2 12780 10870
2 11147 1021
2 12361 14815
2 10205 6277
1 7308 -1000000000
1 9979 1000000000
2 16411 11511
2 13475 1590
2 6201 15850
1 8963 -1000000000
1 15464 1000000000
1 7817 -1000000000
1 1891 -1000000000
2 9065 13227
2 7994 15931
1 7843 -1000000000
2 16450 3358
2 14428 5339
1 7326 1000000000
1 17411 1000000000
2 9740 2043
2 7553 15612
2 4979 8563
2 1122 15019
1 5066 -1000000000
2 7711 8890
2 3211 19005
2 17445 553
1 12673 -1000000000
2 12137 14914
2 5180 5514
2 10023 1426
1 380 1000000000
1 16277 -1000000000
2 378 4566
2 16597 3217
2 14033 10145
2 11970 6391
1 8483 -1000000000
2 16023 7024
1 2501 -1000000000
1 17220 -1000000000
1 195 1000000000
1 4744 1000000000
1 14975 -1000000000
2 117 3817
2 14265 6573
2 3860 7334
1 11827 -1000000000
2 2127 46
1 12339 1000000000
1 10631 1000000000
2 1476 10331
1 10328 1000000000
2 10851 10564
2 14018 2205
1 19568 1000000000
1 11616 1000000000
1 7036 -1000000000
2 5476 16109
1 13561 1000000000
2 5454 1917
1 9040 -1000000000
2 9833 15562
2 558 19852
2 4479 11744
2 9609 767
1 10609 1000000000
1 8990 -1000000000
2 8159 18537
2 2637 1024
1 14295 1000000000
2 11817 13860
2 4122 2143
2 3489 8743
2 19728 8807
1 15790 -1000000000
1 17087 1000000000
2 156 10781
1 14530 1000000000
1 3677 1000000000
2 11456 5845
2 18598 10167
2 4049 3883
1 1774 1000000000
2 10671 10627
1 7841 -1000000000
1 8654 1000000000
1 7976 -1000000000
1 12693 1000000000
2 10073 11356
2 7149 13292
1 10765 1000000000
2 232 16370
2 9737 12028
1 3493 1000000000
2 2675 16941
2 11726 5359
1 6909 -1000000000
2 3906 19302
2 11279 3741
2 5561 10376
2 16520 11597
1 14433 -1000000000
2 59 11185
1 9370 1000000000
1 9351 1000000000
1 12089 1000000000
2 6602 8845
1 558 -1000000000
1 8137 -1000000000
1 15968 -1000000000
2 9616 14393
2 16256 1590
2 15342 18814
1 16847 -1000000000
2 9108 15384
1 678 1000000000
1 10282 1000000000
2 6854 16500
2 8443 7563
1 1971 -1000000000
1 13703 -1000000000
2 1448 8737
1 18348 1000000000
1 38 -1000000000
1 8508 1000000000
1 1854 -1000000000
2 3788 1335
1 10466 -1000000000
2 4886 8829
2 4960 18381
1 3460 1000000000
1 17990 -1000000000
2 10992 12173
1 7864 1000000000
1 7447 1000000000
2 5518 13029
1 14552 -1000000000
2 10264 3964
2 1162 9770
1 12914 1000000000
2 17913 200
2 2277 18852
2 9466 471
2 2812 1304
1 9772 1000000000
2 2199 2797
1 19206 1000000000
2 9036 13534
1 9696 -1000000000
1 17461 1000000000
2 17608 13167
1 16989 -1000000000
2 1055 16561
1 7440 -1000000000
2 16898 18009
2 905 16580
1 16669 -1000000000
1 9928 1000000000
1 6600 1000000000
2 10922 3917
1 12511 1000000000
2 19194 3981
2 8915 7466
2 17887 10196
1 3238 -1000000000
2 13 15714
2 9533 14384
1 2614 -1000000000
1 19345 -1000000000
2 13715 14286
2 3253 768
2 471 14549
2 11282 1757
2 19264 8188
1 15314 -1000000000
1 17107 -1000000000
1 9760 -1000000000
1 14535 -1000000000
1 18754 -1000000000
2 19542 12242
1 14609 -1000000000
2 3743 15644
1 4169 1000000000
1 13560 -1000000000
2 14118 9334
2 14230 1481
2 9359 3244
1 106 1000000000
2 6034 18826
1 1439 -1000000000
2 14254 12789
2 14802 12254
1 13143 1000000000
1 17370 -1000000000
2 3202 16141
1 15596 1000000000
1 14586 -1000000000
1 10007 -1000000000
1 2150 1000000000
2 929 10910
2 653 13241
1 17389 -1000000000
1 10134 1000000000
2 13873 3740
1 11292 1000000000
2 14821 9696
1 3080 1000000000
2 10995 18952
1 18730 -1000000000
2 16693 11768
1 8761 -1000000000
1 1999 -1000000000
1 10579 1000000000
1 2835 -1000000000
1 396 1000000000
1 6337 1000000000
2 14323 6991
2 5057 4472
1 1944 -1000000000
1 5018 1000000000
1 812 -1000000000
1 19857 -1000000000
1 6631 -1000000000
1 2447 1000000000
2 10691 12249
2 5020 12885
2 357 8745
1 13246 -1000000000
2 884 9248
2 331 3989
2 14869 18889
2 5278 5226
2 743 8733
1 3850 1000000000
1 15231 1000000000
1 13848 -1000000000
2 8123 727
2 15487 4459
1 15083 -1000000000
1 10163 -1000000000
1 5680 1000000000
2 11686 14203
1 18361 -1000000000
1 16844 1000000000
2 5784 13597
1 2456 -1000000000
2 5944 6363
1 11927 1000000000
2 7593 13697
2 9226 19353
2 19445 4119
2 9522 15131
1 17215 1000000000
1 13192 -1000000000
1 11289 -1000000000
2 15339 15104
2 19052 12786
2 16366 18785
2 4856 15626
1 14177 1000000000
2 15287 2164
1 6868 -1000000000
1 14719 -1000000000
1 11542 -1000000000
1 2628 1000000000
2 18374 1746
1 8544 -1000000000
1 12153 1000000000
2 16231 17960
1 12869 1000000000
1 6903 -1000000000
2 5493 14356
2 6787 1226
1 3055 1000000000
1 8212 -1000000000
2 14245 13900
1 1037 -1000000000
2 17163 9224
1 7234 -1000000000
2 19017 18709
2 3417 8475
2 13968 18394
1 11997 -1000000000
2 14308 12522
2 1765 4447
2 12523 18111
1 499 1000000000
1 8964 -1000000000
2 4429 12985
2 2891 104
1 16955 1000000000
2 7133 8469
1 9886 1000000000
2 10143 15634
2 19421 12109
2 17057 18707
1 19037 -1000000000
2 19242 3842
2 3108 16119
2 7695 8065
2 15325 14371
2 18433 18913
1 2749 -1000000000
2 9878 109
1 6444 1000000000
1 11484 -1000000000
2 16037 16979
2 2247 12949
1 5942 -1000000000
2 10716 18932
2 13579 2980
2 4128 1693
2 16933 17210
1 239 -1000000000
1 14932 -1000000000
1 11596 1000000000
1 17312 1000000000
2 10010 2685
1 6990 1000000000
1 18501 -1000000000
2 13465 8240
1 13328 1000000000
2 9156 15947
2 1444 16654
2 13234 17590
2 19706 10496
2 12730 5921
2 13904 9181
1 11752 -1000000000
2 16245 13784
1 19618 -1000000000
2 3503 457
2 1179 2790
2 18970 15298
2 18579 3538
1 8432 1000000000
2 9534 19550
2 11844 6207
2 18724 13570
1 13630 1000000000
2 6584 6382
2 16062 18687
1 1567 -1000000000
1 15902 -1000000000
2 10881 11529
2 6608 12638
1 1628 1000000000
2 13050 371
2 12944 7110
2 7511 437
2 6074 5844
1 18820 -1000000000
1 19451 -1000000000
1 12523 -1000000000
1 19742 1000000000
2 5191 18201
2 1940 9348
1 13700 1000000000
2 734 7752
2 796 7651
2 4551 8913
2 18496 15962
1 16282 -1000000000
2 8803 19875
2 5924 3470
2 12182 16085
2 16525 3279
2 5292 13351
1 3823 -1000000000
2 16929 8808
2 10709 16872
1 17797 -1000000000
1 10160 1000000000
2 6130 7244
2 17804 11507
1 13854 -1000000000
2 13258 4722
1 12500 -1000000000
1 8355 -1000000000
2 10756 11631
2 12942 10341
2 1358 15478
2 6669 1648
2 10017 2118
2 2374 9234
1 13570 -1000000000
1 1693 1000000000
1 3399 -1000000000
2 5228 10259
1 10014 1000000000
2 16743 18820
2 6190 3262
1 14371 -1000000000
2 8244 3424
2 10566 5015
1 7664 1000000000
2 18197 19556
2 4603 11746
1 4809 -1000000000
2 13658 1597
1 13502 -1000000000
2 5567 4404
1 5407 1000000000
2 10021 8647
2 7143 905
1 18463 -1000000000
2 3826 17928
1 6734 1000000000
2 13666 15498
2 14209 8700
1 18487 1000000000
1 12835 -1000000000
1 18051 1000000000
2 13101 10137
1 16396 -1000000000
1 11329 1000000000
1 8811 1000000000
2 13618 8019
1 10786 -1000000000
1 18959 -1000000000
1 11004 1000000000
2 4601 7458
2 3626 18571
1 5549 -1000000000
2 2418 10464
2 842 3091
1 4552 -1000000000
2 4994 5912
2 12437 13095
2 10700 19334
2 2011 15491
1 16339 1000000000
1 13832 -1000000000
1 3527 -1000000000
2 2921 16964
2 824 5042
2 2196 482
1 12529 1000000000
1 15154 -1000000000
1 17783 -1000000000
2 6023 17766
2 2040 982
1 6933 -1000000000
2 9018 12762
2 9231 2770
1 8426 1000000000
2 3914 10953
2 8976 16320
1 16719 -1000000000
2 6013 11353
1 9970 1000000000
2 17484 14778
1 19286 -1000000000
2 6639 10951
1 17601 1000000000
1 9470 1000000000
2 1959 2081
2 16675 3619
2 7874 6002
2 13753 4776
1 8732 1000000000
1 15516 -1000000000
1 6553 -1000000000
2 13730 11063
1 2745 -1000000000
2 14686 89
1 10698 -1000000000
2 5980 17456
2 3249 4091
2 14426 4966
2 17702 4363
1 7154 -1000000000
2 17643 860
1 14635 -1000000000
2 12188 11141
1 2326 1000000000
2 2325 11255
2 6149 12863
1 17080 1000000000
1 12619 -1000000000
1 5295 1000000000
1 8921 -1000000000
2 9644 15987
2 17296 5362
1 3644 -1000000000
1 5986 1000000000
2 814 1080
2 7237 18143
1 9853 -1000000000
1 8110 1000000000
2 6228 3623
1 1867 -1000000000
1 18877 -1000000000
2 10106 11233
1 9286 1000000000
1 3033 -1000000000
1 4735 1000000000
2 3797 10555
1 11599 1000000000
2 2756 2584
2 18131 12247
2 11308 16849
2 691 6702
2 8602 16463
1 19952 1000000000
1 470 1000000000
1 14784 1000000000
2 7974 3942
1 19357 1000000000
1 17781 -1000000000
2 1100 14093
1 13342 1000000000
2 1748 19267
2 18072 5866
2 9433 16377
1 17382 1000000000
2 8031 8521
2 6801 17491
1 6690 1000000000
1 8401 -1000000000
1 6949 1000000000
2 5947 3161
1 1480 -1000000000
2 17018 178
2 7095 5978
1 11022 -1000000000
2 19682 11013
1 18905 1000000000
2 18675 16407
2 15748 2110
1 11680 -1000000000
2 11196 6103
2 3916 7216
2 2031 13359
1 19721 1000000000
1 7671 -1000000000
2 4581 17521
1 7006 1000000000
1 6549 -1000000000
1 17106 1000000000
2 13499 11688
2 16880 8417
2 18171 10250
2 238 19252
1 8722 -1000000000
2 4504 4607
1 3338 1000000000
1 4068 -1000000000
1 1564 -1000000000
2 3552 2764
1 13765 1000000000
2 1781 3923
2 11871 4893
1 16402 -1000000000
1 18804 -1000000000
1 5975 1000000000
1 7661 1000000000
1 18242 -1000000000
1 8281 1000000000
2 15761 15238
2 13817 9028
1 17778 -1000000000
2 19423 5917
2 17164 9013
2 3499 6449
2 1960 14873
2 4682 8146
2 18620 16320
2 2001 15343
1 16481 -1000000000
1 16843 1000000000
1 4151 -1000000000
1 687 1000000000
2 5466 904
2 785 3439
1 2273 1000000000
2 19294 5347
1 14001 -1000000000
2 6724 2802
1 15384 -1000000000
2 8427 3382
2 12811 17697
2 14723 11123
1 17461 -1000000000
1 11067 1000000000
2 13447 12957
2 6076 4142
2 13325 10954
2 2981 12319
1 113 -1000000000
2 5095 19385
1 16737 -1000000000
1 3298 -1000000000
2 12242 15835
2 11544 5639
1 7190 -1000000000
2 11405 9001
1 17172 1000000000
2 18706 8147
2 13069 19684
2 4237 10849
2 4063 8180
1 11819 1000000000
1 10575 1000000000
2 3107 19738
1 1245 -1000000000
1 5713 -1000000000
2 17908 7521
2 722 10835
1 3729 1000000000
1 7800 1000000000
1 14995 -1000000000
2 7782 13905
1 6341 -1000000000
2 6268 7080
1 7410 1000000000
1 15222 -1000000000
2 15292 17586
1 6580 -1000000000
2 6759 17240
2 5825 11944
2 6543 18829
1 13099 -1000000000
2 5080 18673
2 6882 12398
1 12505 -1000000000
2 12878 12225
2 1758 13050
1 1939 1000000000
2 6484 11141
1 17960 1000000000
1 4975 -1000000000
2 16327 2352
1 19354 1000000000
1 13546 -1000000000
2 6929 16191
1 18588 -1000000000
2 1452 15369
1 12439 -1000000000
1 649 -1000000000
2 19384 14377
1 14140 1000000000
1 1343 -1000000000
2 2610 12436
1 5475 1000000000
1 379 1000000000
1 12913 -1000000000
1 4866 1000000000
2 5431 10308
1 6972 1000000000
2 2274 13581
1 14652 1000000000
1 19592 1000000000
2 8949 2548
1 7748 -1000000000
1 500 1000000000
2 19935 1855
1 3152 -1000000000
1 19283 1000000000
1 14947 -1000000000
2 10721 19083
1 13486 -1000000000
2 2851 3492
2 17884 12216
1 1689 -1000000000
2 9934 18612
2 2453 14746
2 1563 1139
1 9262 -1000000000
1 12981 1000000000
1 7018 1000000000
2 18055 4240
1 9150 1000000000
2 9058 9327
2 1478 6483
2 12940 16714
2 6172 7004
2 10310 15129
1 2898 1000000000
1 9009 1000000000
1 1762 1000000000
1 6700 1000000000
2 13024 16405
2 18186 18185
2 3785 6903
2 10133 7535
2 5695 10906
2 17434 17659
2 11417 553
1 7587 -1000000000
2 19340 5117
1 377 1000000000
1 8063 1000000000
1 19586 -1000000000
2 379 9892
1 16664 -1000000000
1 19412 1000000000
2 2286 19680
1 12719 -1000000000
2 11293 1267
2 9569 6322
1 9698 1000000000
1 16935 1000000000
1 12867 1000000000
2 16135 7811
2 16530 12303
1 9447 1000000000
1 2006 1000000000
1 14100 -1000000000
2 4118 19747
1 13911 1000000000
2 19105 16695
2 16100 16691
2 14689 14921
2 16196 7776
2 9798 2027
2 10916 1328
1 12555 -1000000000
1 10568 -1000000000
1 6437 1000000000
2 9712 10570
1 17716 -1000000000
2 15793 14306
2 2812 17638
2 16529 8960
1 6087 1000000000
2 5752 5791
2 15819 19978
1 15652 1000000000
2 17634 13058
2 772 15163
1 4187 -1000000000
1 5593 1000000000
1 11591 1000000000
2 15924 14765
1 10228 -1000000000
2 12088 8573
1 16922 1000000000
1 7035 1000000000
2 423 610
1 13097 1000000000
1 18928 -1000000000
1 1671 1000000000
2 13602 4899
2 10060 7555
1 3578 1000000000
1 10000 1000000000
2 2147 13457
1 5584 1000000000
2 16217 858
1 2717 1000000000
2 2518 18348
2 5438 5265
1 10479 1000000000
2 13440 8503
2 474 16081
1 8418 1000000000
1 11232 1000000000
2 4979 18117
1 3356 1000000000
1 7234 1000000000
1 12205 1000000000
1 18452 -1000000000
1 15563 -1000000000
2 19479 18313
2 156 5159
2 5658 427
1 17749 1000000000
1 4993 1000000000
1 9125 1000000000
2 7487 11229
1 17984 -1000000000
2 2810 13993
1 1424 -1000000000
1 6774 -1000000000
2 2452 2600
1 1290 1000000000
1 677 -1000000000
1 2613 1000000000
1 19093 1000000000
1 6882 -1000000000
1 15176 1000000000
2 13302 6879
2 7562 3059
1 2760 -1000000000
2 13695 17748
1 10638 -1000000000
2 19186 16409
2 14417 17201
1 19671 -1000000000
1 6475 -1000000000
2 1847 19191
2 19770 4101
1 14186 1000000000
2 17775 10992
2 2350 1537
1 15679 -1000000000
2 13279 10887
1 4353 -1000000000
1 8803 -1000000000
2 7943 2549
2 4503 11869
2 9784 9334
2 10094 6498
2 2499 13299
2 1671 4069
2 17436 440
2 3479 6761
2 18202 2194
2 7257 15301
1 6120 -1000000000
2 19901 13656
1 11864 1000000000
2 17830 13421
2 1026 12135
2 17666 8494
1 19424 -1000000000
2 12312 8795
1 9042 1000000000
2 11923 10334
1 17527 -1000000000
1 16221 -1000000000
2 13912 16953
1 17423 -1000000000
2 10345 9851
2 15549 1458
2 16925 15737
2 2753 4971
1 7983 1000000000
1 17818 -1000000000
1 15519 1000000000
2 18241 2242
2 7717 816
1 2749 1000000000
1 13274 -1000000000
2 11986 12400
2 8818 5285
2 15458 16956
1 2440 1000000000
2 5043 2599
1 3349 -1000000000
1 1949 1000000000
2 12113 15814
1 14668 -1000000000
1 2913 -1000000000
1 15261 1000000000
2 6643 12683
2 461 18511
1 5695 -1000000000
2 19123 9797
1 9943 1000000000
1 3 1000000000
2 16890 12775
1 17633 1000000000
2 15318 5080
2 5319 16142
2 1606 11742
2 352 16415
1 13826 1000000000
2 19486 15912
1 3464 -1000000000
1 4542 1000000000
1 19175 1000000000
2 11232 5129
2 8110 11950
2 16209 7106
1 7663 -1000000000
2 14865 14669
2 18999 9070
1 5078 1000000000
2 9506 14950
2 1053 17288
2 5334 15951
2 3848 4956
1 953 -1000000000
2 10390 17929
2 8014 17468
1 15325 1000000000
2 7928 12632
1 13186 -1000000000
2 17034 220
2 19082 5140
1 13678 -1000000000
1 13369 1000000000
1 10956 -1000000000
1 15499 1000000000
2 12954 14655
1 1824 1000000000
1 9741 1000000000
1 3742 1000000000
1 18318 1000000000
2 11440 19312
1 3599 1000000000
2 12476 14277
2 15246 11505
1 19285 1000000000
1 19281 1000000000
2 4499 5199
1 18335 1000000000
1 3246 -1000000000
2 19283 3360
1 8900 -1000000000
2 9630 17159
2 5726 17082
2 18004 2560
2 8867 13669
1 14170 1000000000
2 7192 8812
1 559 -1000000000
2 3818 1580
2 4261 17977
2 18591 8782
2 4582 9961
2 12773 19642
2 11542 766
1 9180 -1000000000
1 15750 -1000000000
2 2995 8547
2 14728 9466
1 3568 1000000000
1 13351 -1000000000
1 5609 -1000000000
1 16206 -1000000000
2 19950 13620
2 12927 10652
1 8179 1000000000
1 3670 1000000000
2 14957 318
1 141 -1000000000
2 16235 5840
2 4014 2747
1 6202 -1000000000
1 15558 1000000000
2 12987 4014
1 18338 -1000000000
1 4780 -1000000000
1 19429 1000000000
1 616 -1000000000
2 15183 18155
2 19483 6824
2 15512 1751
2 12503 18829
2 14720 4736
2 16397 17671
1 14847 1000000000
2 15734 465
2 15039 5368
2 3478 3754
2 1081 19009
1 555 -1000000000
1 13615 1000000000
1 10481 -1000000000
1 14665 1000000000
1 13780 -1000000000
2 11752 7966
1 15461 1000000000
2 11536 12258
2 16367 2830
1 18239 -1000000000
1 1671 1000000000
1 17664 1000000000
1 12801 1000000000
1 209 1000000000
1 12169 -1000000000
2 1921 10721
2 15701 2940
1 18046 -1000000000
1 613 -1000000000
2 13306 12120
2 7558 12681
1 1776 1000000000
2 17768 15753
1 5918 -1000000000
2 14045 12806
2 3592 4155
2 7947 5112
1 4210 -1000000000
1 6881 1000000000
1 15744 -1000000000
1 7679 1000000000
1 18050 -1000000000
2 15427 1125
1 10275 1000000000
1 12325 -1000000000
2 90 19625
1 9979 -1000000000
1 9505 -1000000000
1 808 1000000000
1 16290 1000000000
1 10332 -1000000000
1 12246 1000000000
1 2368 -1000000000
1 17831 -1000000000
1 718 1000000000
1 19714 1000000000
2 15104 19584
1 5645 1000000000
1 19267 -1000000000
1 10586 1000000000
1 5593 -1000000000
1 2062 1000000000
2 13422 16552
2 8862 147
1 11618 1000000000
1 3396 1000000000
2 17100 6766
1 2203 -1000000000
1 14839 1000000000
1 13477 -1000000000
1 10464 -1000000000
2 4595 2903
2 19157 14477
2 13937 3130
2 5721 1844
2 12184 6829
2 11268 18528
1 5444 -1000000000
2 5083 19131
1 10973 1000000000
1 18103 1000000000
1 19423 1000000000
1 3510 -1000000000
2 16498 1869
1 12575 1000000000
1 8111 -1000000000
1 8000 1000000000
2 102 942
2 12388 451
2 7191 9095
2 4543 5244
1 4964 1000000000
1 17205 -1000000000
2 10885 4860
1 1762 -1000000000
2 239 12009
1 13102 -1000000000
2 8812 11984
1 12317 1000000000
1 5290 1000000000
2 3874 7697
2 4707 5537
2 1890 12561
2 3593 2020
1 7744 1000000000
1 1554 1000000000
1 14000 1000000000
2 593 17118
2 11024 2950
2 6373 1598
1 1731 -1000000000
1 2030 -1000000000
2 18023 1883
1 9661 -1000000000
1 6157 -1000000000
2 4663 17628
2 12128 7292
1 4569 1000000000
2 1523 11508
1 4504 1000000000
2 11558 15069
1 8795 1000000000
1 16711 -1000000000
2 15687 4935
2 8918 2917
1 2965 -1000000000
2 10716 18313
1 731 -1000000000
1 9203 -1000000000
2 5513 10146
1 9244 -1000000000
2 11213 872
1 10213 -1000000000
1 240 -1000000000
2 11477 15901
2 7249 13377
1 12599 -1000000000
2 7473 12964
2 17625 1531
1 13433 1000000000
2 18202 4934
1 2720 -1000000000
2 16147 7549
2 16128 14966
1 14779 1000000000
1 8928 -1000000000
2 16134 6316
1 980 1000000000
1 16993 -1000000000
1 1690 -1000000000
1 9320 -1000000000
2 9865 10875
2 16547 10712
1 19969 -1000000000
2 10118 9278
1 2220 -1000000000
1 177 -1000000000
1 6050 -1000000000
2 16901 14143
1 11076 -1000000000
1 2767 1000000000
1 1831 1000000000
1 6690 1000000000
1 1283 1000000000
2 12845 15441
2 4609 14240
1 2849 1000000000
1 12154 -1000000000
1 17512 -1000000000
1 19342 1000000000
1 17829 1000000000
2 11692 9701
1 19288 1000000000
1 15995 1000000000
1 740 1000000000
2 19485 725
1 6156 -1000000000
1 11619 -1000000000
1 11419 -1000000000
2 13060 7874
1 15482 -1000000000
1 7832 -1000000000
1 18895 1000000000
1 7615 1000000000
1 10176 -1000000000
1 7148 1000000000
1 10696 1000000000
1 1062 -1000000000
1 2890 -1000000000
2 13289 16510
1 17477 1000000000
1 4615 1000000000
2 6045 2958
2 2914 17351
1 803 1000000000
2 4234 1963
2 15588 16939
1 12199 1000000000
1 15846 1000000000
1 9361 -1000000000
2 1214 13906
1 1254 1000000000
2 8248 13974
2 11260 3556
1 17862 -1000000000
2 3840 3756
1 15721 -1000000000
1 19399 -1000000000
2 13482 9588
2 15796 12492
1 19228 1000000000
2 2094 5188
2 6465 15275
1 12920 -1000000000
2 19323 7239
2 4102 5788
2 13563 1410
2 5733 15988
2 3093 5549
1 6366 1000000000
2 1196 1502
2 14607 18392
1 12821 -1000000000
2 10484 19567
1 17761 -1000000000
1 10791 -1000000000
1 15589 -1000000000
2 16878 1226
2 12265 19557
2 16472 12448
1 2965 1000000000
1 8336 1000000000
1 4541 1000000000
1 14616 1000000000
2 15810 16388
1 5693 -1000000000
1 11696 -1000000000
2 11289 2779
1 9307 -1000000000
1 8099 -1000000000
1 9560 1000000000
2 12414 18669
2 14239 6015
2 16273 15208
1 3082 -1000000000
2 7787 3882
2 840 6498
2 155 14273
2 13321 3974
1 1782 -1000000000
2 2230 364
2 14526 9953
1 12087 1000000000
1 8876 -1000000000
2 14703 16546
2 8066 18740
2 12172 2037
2 6637 14807
1 13118 -1000000000
2 11430 15276
1 6393 -1000000000
2 8627 389
1 6155 1000000000
1 12690 1000000000
2 16939 10444
1 15514 -1000000000
1 3361 1000000000
2 15510 10236
1 7371 -1000000000
1 116 1000000000
2 12135 16635
1 11285 -1000000000
1 9520 1000000000
2 17568 2207
2 11309 13952
1 1067 1000000000
1 5719 1000000000
2 17793 4119
1 2689 1000000000
1 11993 1000000000
1 13129 1000000000
2 16276 5406
1 1587 -1000000000
2 2558 9316
2 1896 16803
2 17737 13723
1 3606 -1000000000
1 11606 1000000000
1 8725 1000000000
1 19100 1000000000
1 14728 -1000000000
1 19382 1000000000
2 9290 10593
2 5243 17907
2 19838 14765
2 7465 12495
2 10771 18790
1 11588 -1000000000
1 999 -1000000000
2 18058 14437
1 12280 -1000000000
2 19929 14972
1 2158 -1000000000
1 13077 1000000000
1 19241 1000000000
2 14098 1801
2 12674 14287
2 4203 10002
1 3211 -1000000000
2 17010 3971
1 9835 1000000000
1 11862 1000000000
2 1474 1125
1 11681 -1000000000
1 17228 1000000000
2 2982 15794
2 1352 13411
2 10130 15410
2 8929 4700
1 12051 1000000000
1 8289 -1000000000
2 8189 5875
2 4108 5440
1 16710 -1000000000
1 7997 -1000000000
1 11057 1000000000
2 13062 1391
1 14833 -1000000000
2 19375 2277
1 3758 1000000000
2 19293 3847
2 14894 19899
2 16921 2205
2 2891 5894
2 926 5175
1 10745 -1000000000
2 13032 6235
1 10277 -1000000000
2 8702 1744
1 1336 -1000000000
2 5232 13574
1 17335 1000000000
2 19300 7329
1 18166 1000000000
2 1495 5378
1 184 1000000000
1 3820 1000000000
2 13870 16265
1 18063 -1000000000
1 10690 -1000000000
2 8014 13961
2 13255 7548
2 4558 5964
1 374 1000000000
2 13658 5662
1 16354 1000000000
1 12415 -1000000000
2 19694 19453
1 14257 1000000000
2 15508 14225
2 12188 8930
2 13850 16342
1 19028 -1000000000
2 3196 4859
2 5039 14714
2 15071 776
1 7042 1000000000
1 1575 -1000000000
2 19625 17147
1 18261 -1000000000
2 3888 17089
2 1950 6096
1 16403 -1000000000
2 6897 10088
2 2154 15488
2 16345 16263
2 11327 602
2 9704 3059
2 13365 19455
2 15201 8662
1 5815 1000000000
1 4691 1000000000
2 2242 12898
1 17958 -1000000000
2 5197 9285
2 14660 3337
2 1867 16670
1 2217 1000000000
1 8026 1000000000
2 10441 11312
2 14730 10230
2 7303 9264
1 13629 -1000000000
2 13247 17415
2 14396 9478
2 4918 14339
2 12954 11581
2 14631 7373
1 1032 -1000000000
2 1069 9856
2 18718 19241
2 18079 6707
2 13765 7591
2 1898 5340
1 3063 -1000000000
1 822 1000000000
1 11708 1000000000
2 9290 5724
1 14761 -1000000000
2 10543 17704
1 7815 -1000000000
1 17625 1000000000
1 3470 -1000000000
1 18342 -1000000000
1 3404 -1000000000
2 14186 17057
1 7541 -1000000000
2 6652 3778
1 10578 1000000000
1 6998 -1000000000
2 18047 11691
2 16948 17371
2 6923 10858
2 9678 18622
1 18343 1000000000
1 5987 1000000000
2 16541 5086
1 10327 1000000000
2 4088 6534
1 14002 -1000000000
2 2911 8670
1 16833 -1000000000
2 7665 9062
1 11963 -1000000000
2 8733 1678
2 16941 10685
1 1954 1000000000
1 8260 -1000000000
2 2667 8222
1 16939 1000000000
1 14438 -1000000000
1 13405 -1000000000
1 3991 -1000000000
1 12237 1000000000
1 14498 -1000000000
2 2458 2618
2 17373 3272
1 7013 -1000000000
1 3257 -1000000000
1 8701 1000000000
2 5655 18266
1 18978 1000000000
2 5316 12620
1 18150 1000000000
1 19726 -1000000000
1 7376 -1000000000
2 9924 8978
1 17219 -1000000000
1 17265 -1000000000
2 1109 6722
2 19528 15505
1 12150 1000000000
2 8969 13855
1 17851 -1000000000
1 4917 -1000000000
2 18599 15173
1 5002 -1000000000
1 7562 -1000000000
1 14690 -1000000000
2 19329 12227
2 8575 3487
1 12609 1000000000
1 11761 -1000000000
1 9666 -1000000000
2 10634 12625
2 16802 17802
1 17104 -1000000000
2 16862 19437
1 10421 -1000000000
1 898 -1000000000
2 17546 15576
2 5587 12034
1 11065 -1000000000
2 4210 145
1 5074 1000000000
2 14478 1131
2 15314 31
1 9243 -1000000000
1 17930 1000000000
2 5720 12375
2 17101 7134
1 5156 -1000000000
1 2341 1000000000
1 15331 1000000000
1 109 1000000000
1 7276 1000000000
2 16158 15183
2 16435 12097
1 5609 1000000000
2 2826 18827
1 14972 -1000000000
2 5775 18816
2 19662 16132
2 12782 7611
2 717 13818
1 19314 1000000000
2 14607 3380
2 11040 17213
2 12651 11786
1 14642 -1000000000
1 17166 1000000000
1 12160 -1000000000
2 18508 17025
2 4600 19867
2 9043 3121
1 13086 1000000000
2 12318 16090
1 9478 1000000000
1 19830 -1000000000
1 1900 1000000000
1 1092 -1000000000
1 6417 -1000000000
1 7185 -1000000000
1 10894 1000000000
2 19995 8128
1 7295 1000000000
1 1614 1000000000
1 1400 -1000000000
2 3601 17229
1 19705 1000000000
1 14124 1000000000
1 8904 -1000000000
1 15480 1000000000
1 443 1000000000
2 18233 2454
1 8868 1000000000
2 15058 3455
1 16663 -1000000000
1 3312 1000000000
2 11796 5863
1 11279 -1000000000
2 2878 9423
1 17851 1000000000
1 9827 1000000000
2 16986 5209
1 2779 -1000000000
1 4264 -1000000000
2 11088 17785
2 19289 7404
2 19980 7981
2 16324 17290
1 5773 1000000000
2 18024 8809
1 7673 -1000000000
2 14877 18350
2 7565 9497
1 6391 1000000000
1 10809 1000000000
2 11147 14914
1 1581 1000000000
1 2418 -1000000000
2 13027 13375
1 7936 1000000000
1 642 -1000000000
2 7261 3673
2 12445 15743
1 18820 -1000000000
1 13118 -1000000000
2 4070 18288
1 6468 1000000000
2 11571 17916
1 16285 -1000000000
1 9931 -1000000000
1 5553 1000000000
1 18893 -1000000000
1 4269 1000000000
1 13721 -1000000000
2 3365 5876
2 14955 2315
2 5813 2474
1 19841 1000000000
1 5047 1000000000
2 17328 13554
2 11616 5719
1 15542 -1000000000
2 11379 6530
1 17840 1000000000
1 4374 -1000000000
1 4885 -1000000000
1 11795 1000000000
1 11960 -1000000000
2 4942 9326
2 9302 11438
2 18894 14203
2 11961 18389
1 18656 1000000000
2 14950 15732
2 6594 2589
1 11396 -1000000000
2 3402 11130
1 9929 -1000000000
1 8849 -1000000000
2 1109 4761
2 14862 404
2 6150 291
2 3350 7497
2 3229 15133
1 17825 1000000000
1 19108 -1000000000
2 8745 17605
1 15338 1000000000
1 19904 1000000000
2 18304 2277
2 2873 8208
2 19216 915
2 8819 492
1 10796 -1000000000
2 6253 13409
1 4945 -1000000000
2 1584 5633
2 58 800
1 7845 -1000000000
2 1747 15912
2 19007 19316
2 10220 9577
2 6037 8899
1 2308 -1000000000
2 3319 1054
2 5300 12144
2 5481 4611
1 2722 1000000000
1 12860 1000000000
2 2798 12998
2 146 19773
1 10398 -1000000000
2 13439 17574
1 11329 1000000000
1 706 1000000000
1 10770 1000000000
1 3779 1000000000
2 6558 18589
2 829 3113
1 15051 -1000000000
1 13482 -1000000000
2 4717 2405
2 7816 15224
1 4935 1000000000
1 2676 -1000000000
2 542 14459
1 667 1000000000
1 15073 1000000000
2 2004 8168
2 18684 7088
2 9600 3358
1 18460 -1000000000
2 9762 15601
2 18830 7283
1 8195 -1000000000
1 4060 -1000000000
2 2217 9537
1 6022 -1000000000
2 7978 11388
1 13125 1000000000
2 1677 6878
2 19818 12084
2 9342 2200
1 7721 -1000000000
2 12314 5982
1 7277 1000000000
1 1163 -1000000000
2 2838 14461
1 8117 1000000000
2 7008 4291
2 1637 6311
1 14218 1000000000
1 3349 -1000000000
1 7993 -1000000000
1 16023 -1000000000
1 18936 1000000000
2 10873 17813
1 19801 -1000000000
2 5457 19308
2 18348 17370
2 9757 678
1 11656 -1000000000
1 13005 1000000000
1 7329 -1000000000
2 15389 3866
1 8377 -1000000000
1 11318 1000000000
1 15436 -1000000000
2 5279 12549
1 62 1000000000
1 10210 -1000000000
2 7181 6731
1 9162 1000000000
1 15022 -1000000000
1 6716 1000000000
1 750 -1000000000
2 16505 15870
1 8241 1000000000
1 12864 1000000000
2 13287 3507
1 6330 1000000000
1 4816 1000000000
2 18194 11474
1 3769 1000000000
2 8569 5537
1 6853 -1000000000
1 7042 1000000000
2 10276 8194
2 12523 6222
2 5220 13384
1 12465 -1000000000
2 1375 6307
1 13375 -1000000000
1 8219 -1000000000
1 1467 1000000000
2 19065 18233
2 3662 5635
1 17188 -1000000000
2 9697 11477
2 2581 9194
2 14285 8768
2 2392 12854
2 1691 10430
1 11688 1000000000
2 16890 15663
2 7307 9060
2 3152 19121
2 6155 3871
1 1707 1000000000
2 15096 13769
2 5662 11018
2 9458 11396
2 6454 3636
1 3889 1000000000
2 1788 8348
2 921 13176
2 11038 13504
1 8259 1000000000
1 983 1000000000
2 5394 2644
2 6281 19419
2 13309 14623
1 4906 -1000000000
1 11763 1000000000
1 852 1000000000
1 9206 1000000000
2 15723 12308
1 12131 -1000000000
2 13301 8458
2 10244 19730
2 14707 15079
2 5740 8535
2 7696 6544
1 6397 1000000000
2 7574 2588
2 15107 14404
1 875 -1000000000
2 10745 7226
2 19369 19387
2 9126 4956
1 15820 1000000000
1 6991 1000000000
2 8927 1346
1 19070 1000000000
2 3672 2625
2 6494 9270
2 15730 11935
2 6929 14511
2 14213 12330
1 305 1000000000
2 8769 1584
2 10090 8289
1 13250 1000000000
1 13068 -1000000000
2 16431 4547
1 10687 1000000000
2 4432 15694
2 19095 12106
2 15798 12877
1 9213 -1000000000
1 6564 -1000000000
2 15593 14651
1 13545 -1000000000
1 13459 -1000000000
2 18102 13950
1 2961 1000000000
2 10016 6471
1 18551 -1000000000
1 13913 1000000000
2 5944 14181
1 17273 1000000000
2 15230 9765
2 2477 5526
2 18003 18456
2 8046 12879
1 11689 -1000000000
2 7281 6632
2 9858 8797
2 11318 646
1 6518 -1000000000
1 8819 1000000000
1 19298 1000000000
1 19842 1000000000
1 15687 -1000000000
2 4587 12990
1 6621 -1000000000
1 8597 -1000000000
1 16267 1000000000
1 7752 -1000000000
1 1760 1000000000
2 17102 5600
1 17891 1000000000
1 8776 -1000000000
1 3427 1000000000
1 11685 -1000000000
2 8563 6476
2 14650 18459
1 6120 1000000000
2 14849 294
2 12830 17820
2 1293 11393
1 18324 -1000000000
2 6049 16003
1 13810 1000000000
2 18509 1093
1 10736 1000000000
2 15905 10557
1 13220 -1000000000
2 2351 18460
2 18798 3859
1 17655 1000000000
2 651 19448
2 380 14605
2 7594 10508
1 3392 -1000000000
1 18014 1000000000
2 18724 3448
1 13116 1000000000
1 6388 -1000000000
1 9003 -1000000000
2 19554 7790
2 1506 7765
1 8026 -1000000000
2 17199 3237
1 10243 1000000000
2 1621 9777
2 7720 15370
2 10120 17065
2 16435 18732
2 880 11295
2 8560 11037
2 10761 1733
2 10409 707
1 18598 -1000000000
2 12389 11038
2 15956 16298
2 7060 9730
2 19505 62
2 17001 18167
1 1764 -1000000000
1 18279 -1000000000
1 8001 -1000000000
2 13428 9270
1 2705 1000000000
1 19167 -1000000000
1 17043 1000000000
1 9517 -1000000000
2 19780 4431
1 14329 -1000000000
2 14934 2866
1 6060 -1000000000
2 15726 10185
1 3162 -1000000000
2 15132 17692
2 4265 2696
1 4879 -1000000000
2 11988 4798
2 9738 964
2 16761 13610
2 3211 9840
2 19224 9760
1 14944 -1000000000
1 9917 -1000000000
2 11813 10414
1 9519 -1000000000
1 12570 -1000000000
1 16122 -1000000000
2 10000 11130
1 7045 1000000000
1 2027 1000000000
2 10388 2899
2 8903 10149
2 19320 19133
2 18892 531
2 3702 8115
1 3598 -1000000000
2 8963 3794
2 7148 8244
1 6872 1000000000
2 16236 17656
2 8907 2290
1 132 1000000000
1 1388 -1000000000
1 19976 1000000000
1 10031 1000000000
2 14678 4738
1 12558 1000000000
2 2871 10362
1 7241 1000000000
1 13853 1000000000
2 14681 6974
1 15230 -1000000000
2 13380 15978
1 15861 1000000000
1 10807 -1000000000
2 12503 629
1 8828 -1000000000
2 3022 14377
2 4253 17641
2 5505 13814
2 1439 5436
1 116 1000000000
1 4111 -1000000000
2 17324 3423
2 1260 5785
1 15946 1000000000
2 3987 14847
2 10232 15453
2 10928 18592
1 5259 -1000000000
2 10408 15056
1 12643 1000000000
1 7857 -1000000000
1 14740 -1000000000
1 3019 1000000000
1 4585 1000000000
2 15469 6448
2 10677 16563
1 3331 1000000000
2 1578 14686
1 13415 1000000000
1 3609 -1000000000
2 4844 4389
2 7251 15334
2 7216 19265
2 11206 7295
1 82 -1000000000
2 19062 1188
2 17079 8144
2 893 8596
2 8553 18877
1 5889 1000000000
2 11355 1502
1 1719 -1000000000
1 11169 -1000000000
1 7010 1000000000
1 13093 1000000000
1 10033 1000000000
1 18860 1000000000
2 573 8578
2 8912 7644
2 19156 9480
2 13712 5258
2 17323 17253
2 18240 12128
1 1982 -1000000000
2 8569 11944
1 13657 1000000000
2 3665 5507
1 5731 1000000000
1 221 1000000000
2 14500 17204
2 19799 13330
1 12009 1000000000
2 7321 15627
2 9557 17733
2 1063 8170
1 2852 1000000000
2 6624 13511
2 9552 1542
2 16798 8266
2 18922 5942
2 17009 12290
2 17360 13948
2 18353 17724
2 7512 19627
1 18581 1000000000
1 205 -1000000000
2 1219 1015
1 7733 1000000000
1 13285 -1000000000
1 615 -1000000000
1 17838 -1000000000
2 6729 16023
2 18312 6490
1 16494 1000000000
1 5749 -1000000000
2 7016 1135
2 16656 7473
2 4655 13693
1 18345 1000000000
1 8531 1000000000
2 5589 12329
1 18739 1000000000
2 3070 12317
1 1008 1000000000
2 10204 12717
1 16114 -1000000000
2 6898 11408
2 15382 2868
1 4952 -1000000000
2 225 18574
2 2848 10804
1 14673 1000000000
2 16796 17418
1 904 1000000000
1 7710 -1000000000
1 11645 1000000000
2 17966 10338
1 13934 1000000000
2 7626 15669
2 6664 13809
1 13054 1000000000
2 8883 12827
1 1608 1000000000
2 8252 6830
2 14425 5061
1 5071 -1000000000
1 13209 1000000000
1 19733 1000000000
1 477 1000000000
2 1496 2782
2 11370 3972
2 12093 19146
1 15331 -1000000000
2 7988 6030
1 1025 -1000000000
2 13725 1015
1 3823 -1000000000
1 1142 -1000000000
1 18135 1000000000
2 12942 872
1 19880 1000000000
1 3352 1000000000
1 8662 -1000000000
1 10825 1000000000
1 15931 -1000000000
1 7715 1000000000
2 19528 5264
2 17530 5288
1 5415 -1000000000
1 15053 1000000000
1 149 1000000000
2 4421 11115
2 11357 13693
2 3784 9699
2 10195 19373
1 18134 1000000000
1 3896 -1000000000
1 13792 1000000000
2 16661 1625
1 7103 -1000000000
1 757 -1000000000
1 6768 1000000000
2 1360 1803
2 1345 8391
1 18788 1000000000
1 12999 1000000000
2 616 17946
2 16444 15420
2 8306 10904
2 1880 8861
1 11614 -1000000000
2 8746 613
1 18249 1000000000
1 544 -1000000000
2 6711 11272
2 1395 4651
1 12331 -1000000000
2 2771 17819
2 12898 16364
1 14008 -1000000000
2 9102 1736
1 11086 -1000000000
2 16409 13501
1 5417 1000000000
2 8374 15179
1 9372 -1000000000
1 6403 -1000000000
2 4447 3755
1 10701 -1000000000
1 16467 1000000000
1 2483 -1000000000
1 8496 -1000000000
1 15477 1000000000
2 16869 15158
2 19651 19547
2 2885 9343
2 4930 13505
1 8639 -1000000000
2 13653 12909
2 4173 8483
1 13442 1000000000
2 14097 5000
2 5274 17775
2 13175 114
1 2775 1000000000
2 19620 13668
2 1491 12049
2 18864 16835
1 17629 -1000000000
1 773 -1000000000
2 5 12043
1 7606 1000000000
1 175 -1000000000
1 9160 1000000000
2 13092 17330
1 12577 -1000000000
1 16621 1000000000
1 17054 -1000000000
1 3760 -1000000000
2 17098 19973
2 5848 630
1 14469 -1000000000
1 5967 -1000000000
1 14857 1000000000
2 5490 607
2 4724 8344
2 4265 10518
2 8493 17209
2 14559 15672
2 11932 5715
2 14252 14461
1 1645 -1000000000
2 740 2472
2 7915 8027
2 5982 5733
2 2608 1420
1 18442 -1000000000
1 2755 -1000000000
1 18798 -1000000000
1 2808 1000000000
2 5482 14728
2 17607 18159
1 2019 1000000000
2 19846 15982
2 1955 16957
1 19433 -1000000000
1 13640 -1000000000
1 3896 -1000000000
1 4931 -1000000000
1 1917 1000000000
2 14247 5755
2 4630 15123
2 16870 15480
2 1152 18026
1 15800 -1000000000
2 2070 9627
1 6203 1000000000
1 8921 1000000000
1 17376 1000000000
2 4445 17397
2 9143 3943
2 1989 18833
1 13067 -1000000000
2 10827 15677
1 14076 -1000000000
2 19591 14320
2 16550 16672
1 6580 -1000000000
1 13961 -1000000000
2 18619 1820
1 11416 -1000000000
2 7119 12335
2 6828 2688
2 1870 1625
2 1334 4752
2 105 8963
1 1095 1000000000
2 10009 17548
2 8557 13657
1 9964 -1000000000
1 16719 -1000000000
1 10727 -1000000000
2 17470 15452
1 6453 -1000000000
2 16896 2142
2 17527 184
1 13859 1000000000
2 4039 18308
1 11590 1000000000
2 9348 10326
1 14264 1000000000
1 14787 1000000000
1 19384 1000000000
1 9463 1000000000
2 12493 16916
2 2238 16676
1 4575 1000000000
1 7740 1000000000
2 13213 10348
2 11985 12872
2 3684 8020
1 7181 -1000000000
1 15935 1000000000
2 7812 3482
2 1464 15188
2 17393 17991
1 12196 1000000000
1 14579 -1000000000
2 18216 14528
2 3599 6446
2 13366 19550
1 507 1000000000
2 4941 4305
1 12426 1000000000
2 11753 16293
1 964 -1000000000
1 5962 -1000000000
2 10986 12252
2 10400 2529
1 2569 -1000000000
1 10457 1000000000
1 14688 -1000000000
1 14517 1000000000
2 10111 4900
2 18587 18092
1 2899 -1000000000
1 16849 1000000000
2 2760 244
2 4404 10603
1 7905 -1000000000
1 8468 1000000000
1 16251 1000000000
2 15105 6971
2 7198 9228
2 16108 5248
1 1281 -1000000000
2 8623 19225
2 12328 15879
2 9747 3508
1 17442 1000000000
2 18417 8266
1 6801 1000000000
2 3131 4742
1 19846 1000000000
2 7540 4478
1 13536 1000000000
2 14497 2639
2 8256 7091
1 7808 -1000000000
2 14754 15971
2 15603 14986
2 15351 8347
1 15473 -1000000000
1 9565 1000000000
2 3714 8406
2 208 16781
2 7123 2468
2 1039 13568
2 18215 14715
1 3215 1000000000
1 16641 1000000000
2 10447 19772
2 19857 3062
2 6007 11269
2 12384 19402
1 13757 -1000000000
1 15477 -1000000000
2 11533 8498
1 6540 1000000000
1 8912 -1000000000
1 2448 1000000000
2 13625 15776
1 16001 1000000000
1 18018 1000000000
2 2473 502
1 7160 1000000000
2 11168 4381
1 13605 1000000000
1 7329 1000000000
2 16957 8006
2 9936 9337
2 8892 19614
2 6435 6012
2 17302 9228
2 15164 18597
2 3730 9664
1 5806 1000000000
2 431 13571
1 11042 1000000000
2 4480 16699
1 11050 1000000000
1 15499 1000000000
2 12597 17161
2 3615 14843
2 8376 16843
1 6484 -1000000000
2 11674 15745
2 19199 16382
1 5915 1000000000
1 4750 -1000000000
2 9667 18270
2 11347 2377
2 16996 8712
1 10394 1000000000
2 8326 5967
2 14306 5188
2 766 5208
2 4873 8645
1 12578 1000000000
2 17134 6348
2 16704 5432
1 3552 1000000000
2 4324 17338
1 1940 -1000000000
2 8043 15491
1 9700 -1000000000
2 12115 275
1 14241 1000000000
2 5928 9964
2 3422 16149
1 8475 -1000000000
1 11598 1000000000
2 5963 16562
1 10404 -1000000000
2 7827 15067
1 6651 -1000000000
2 14621 6108
2 16788 3491
2 1644 8793
2 19781 15378
2 7051 17244
2 8060 15353
2 1570 16292
2 18665 15951
2 19915 6811
2 5100 1227
2 17278 8686
1 18656 1000000000
1 13914 1000000000
1 5513 1000000000
1 8206 1000000000
1 13334 1000000000
2 2934 14663
2 3688 18620
2 9432 13452
1 5133 -1000000000
2 8631 4643
2 18488 18234
1 780 -1000000000
2 19057 2012
2 18468 7248
2 18981 11284
1 16348 -1000000000
1 15575 1000000000
2 5433 6567
2 11618 12625
2 12370 10054
1 3283 -1000000000
2 1715 17759
1 19602 -1000000000
2 17960 6453
1 13562 1000000000
2 13013 15301
2 14916 9155
1 8274 1000000000
2 16677 15522
1 13584 1000000000
2 18990 3154
2 19067 2748
2 10450 4270
2 2445 7319
1 12796 1000000000
1 10351 -1000000000
2 569 14375
2 17994 8465
2 7113 16493
2 3379 9280
2 12466 12046
2 8411 640
1 17020 -1000000000
1 4384 -1000000000
1 14341 -1000000000
1 13009 1000000000
1 18724 1000000000
2 1466 1305
1 17990 -1000000000
2 3438 17598
2 1051 10703
1 2146 -1000000000
2 8765 7299
2 15368 11435
1 11746 -1000000000
1 16475 1000000000
2 2405 17646
1 8293 -1000000000
1 3560 1000000000
2 4278 16268
1 3549 -1000000000
2 16252 9058
2 9854 10256
2 11279 3533
1 12414 -1000000000
1 12803 1000000000
1 15113 -1000000000
2 9996 16022
1 8138 -1000000000
2 8985 5161
1 4640 -1000000000
2 19304 7862
1 13316 -1000000000
1 19911 -1000000000
1 19671 1000000000
2 17436 439
2 10264 4320
2 3735 4464
1 8377 -1000000000
2 19378 15746
1 10622 1000000000
1 8767 -1000000000
1 3860 -1000000000
2 11426 11035
2 9306 19874
2 348 1993
2 17469 18044
2 8713 3002
1 10562 -1000000000
1 2852 -1000000000
1 19716 -1000000000
1 12980 1000000000
2 14267 8122
2 13743 11013
2 11488 7918
2 5521 7653
1 17843 1000000000
1 11365 1000000000
2 1895 10711
2 11738 9711
1 5826 1000000000
2 9646 668
2 10195 1780
1 18193 1000000000
1 8419 -1000000000
2 7454 5496
1 13341 1000000000
2 7142 18901
1 9590 1000000000
2 13849 13099
1 2381 -1000000000
1 486 -1000000000
2 13171 16595
2 14764 2410
2 9810 9196
2 18825 5888
1 12048 -1000000000
1 15649 -1000000000
1 10169 1000000000
2 11497 692
1 1886 1000000000
2 15907 5020
1 973 1000000000
2 8984 3751
2 8272 17047
2 7416 13638
2 4310 1009
2 15178 6254
2 7277 16363
2 18615 19127
1 13404 1000000000
2 7559 1902
1 13199 -1000000000
2 16561 7720
2 629 5270
1 10742 -1000000000
2 11888 11917
2 10668 14932
2 19008 13848
2 12885 17369
2 11269 19067
1 14484 -1000000000
1 18086 -1000000000
1 4422 1000000000
2 8862 6197
2 11557 8359
2 1998 3729
2 12624 4042
2 10862 17798
2 14471 11137
1 3595 1000000000
1 5864 1000000000
1 62 1000000000
2 17851 17519
1 4286 -1000000000
2 17032 46
2 14324 10077
2 14765 13711
1 19318 1000000000
2 8546 14439
1 8332 -1000000000
2 10660 2930
1 14945 1000000000
1 105 1000000000
1 10144 -1000000000
1 9906 -1000000000
1 5255 1000000000
1 2879 -1000000000
1 19780 1000000000
1 2169 -1000000000
2 10646 13401
2 10179 13895
2 4664 1712
2 5536 16522
1 12635 -1000000000
2 7549 10357
1 3427 -1000000000
2 14581 16190
2 4736 16056
2 945 5095
1 12490 1000000000
1 9752 1000000000
2 11701 14211
1 10479 1000000000
1 18445 1000000000
2 4241 9357
1 16114 -1000000000
2 2857 16398
1 1742 -1000000000
2 1753 18732
2 15610 4844
1 70 -1000000000
2 12698 9142
1 18734 1000000000
1 15225 1000000000
2 12270 18670
1 17015 -1000000000
2 1147 5898
1 19272 -1000000000
1 3934 -1000000000
2 13797 8571
2 844 18363
2 4777 10910
2 5689 7094
1 15264 1000000000
1 574 1000000000
2 8810 13917
1 1486 1000000000
1 13349 -1000000000
1 2765 1000000000
1 1693 1000000000
1 15605 -1000000000
1 4779 -1000000000
2 14388 611
2 15406 18435
2 4501 8581
1 7389 -1000000000
1 12148 1000000000
1 6932 -1000000000
1 11078 -1000000000
1 15834 -1000000000
1 3095 1000000000
2 12074 5689
2 2460 18164
1 14178 1000000000
1 80 1000000000
1 16490 1000000000
1 4061 -1000000000
1 7793 1000000000
1 3560 -1000000000
1 2710 1000000000
2 10320 3475
1 7048 -1000000000
2 13879 7889
2 7509 19631
2 12745 9909
1 7160 -1000000000
2 15844 391
1 2174 1000000000
1 11632 1000000000
1 7463 1000000000
1 13647 -1000000000
2 2285 8966
1 19894 -1000000000
2 6163 930
2 17266 2780
2 6131 5953
2 5410 2505
2 15601 14576
2 8936 1318
1 8608 -1000000000
2 7769 17335
2 33 14255
2 10274 7522
1 8652 1000000000
2 5652 6756
1 14236 -1000000000
2 16056 2788
2 14044 15738
1 186 -1000000000
2 12457 5465
2 16046 2210
2 5404 8862
1 13922 1000000000
2 11708 16700
1 8721 -1000000000
2 13454 7589
1 5942 1000000000
1 15641 1000000000
2 5859 18638
2 19484 14357
1 7780 -1000000000
1 14581 -1000000000
1 18902 1000000000
1 8590 -1000000000
1 4972 1000000000
1 14509 -1000000000
2 2205 5584
2 6287 12961
1 8284 -1000000000
2 17066 7298
1 1710 1000000000
2 16925 8391
1 14460 1000000000
2 4565 4222
2 7742 866
1 12922 -1000000000
2 5798 595
1 14927 -1000000000
1 14659 -1000000000
2 3701 12896
1 12274 1000000000
2 17288 12551
1 14349 -1000000000
2 5752 632
1 7761 1000000000
2 2506 501
1 12058 -1000000000
1 1177 -1000000000
2 14968 15114
1 11637 -1000000000
2 7296 2554
1 3888 -1000000000
1 2754 1000000000
2 14533 12308
2 10474 3747
1 1552 1000000000
1 11373 -1000000000
1 16774 -1000000000
2 17396 7074
1 13967 -1000000000
1 5320 -1000000000
2 9776 2672
1 15043 -1000000000
1 12512 1000000000
1 9490 -1000000000
1 14202 1000000000
1 4260 1000000000
2 6597 8395
2 8172 463
1 3960 1000000000
1 10688 -1000000000
1 12674 -1000000000
1 10420 -1000000000
2 492 11113
2 5778 3557
2 15599 2618
1 7582 1000000000
1 3901 -1000000000
1 4861 1000000000
2 1513 4517
1 3473 1000000000
1 10347 1000000000
1 18756 -1000000000
2 37 13507
2 209 17802
2 5447 15531
1 823 -1000000000
1 11828 -1000000000
2 9654 13792
2 3652 9895
1 384 1000000000
2 14838 8203
1 3908 -1000000000
2 18776 18237
1 17413 -1000000000
1 487 -1000000000
1 14271 1000000000
1 6783 -1000000000
1 16759 -1000000000
2 3952 7783
1 9770 -1000000000
1 7372 -1000000000
1 16033 -1000000000
1 16911 -1000000000
1 3769 -1000000000
1 9755 1000000000
2 12712 13188
1 15944 -1000000000
1 7875 1000000000
2 15808 19910
2 11141 3348
1 13642 -1000000000
1 4937 1000000000
2 11211 16867
1 4162 -1000000000
1 6149 1000000000
2 5504 19898
2 11296 3323
2 1816 19352
2 9930 11777
2 16569 8768
1 497 1000000000
1 18059 -1000000000
1 11431 -1000000000
1 3188 -1000000000
1 6327 1000000000
1 438 1000000000
1 2190 1000000000
2 2335 9404
2 17442 14709
1 1790 1000000000
2 17996 5986
2 200 4427
1 13718 1000000000
1 14976 -1000000000
1 17093 1000000000
1 15945 -1000000000
2 12438 17050
1 19288 -1000000000
1 10069 -1000000000
2 2440 620
2 7671 2415
1 8609 1000000000
2 3797 8652
2 1005 8613
2 3282 1192
2 18586 10205
2 8164 8684
1 19396 -1000000000
1 15970 1000000000
2 16197 7358
2 4133 16006
1 8986 -1000000000
2 17713 1039
1 2670 -1000000000
2 17399 11343
2 7327 633
1 8847 1000000000
2 1681 8555
2 14357 19233
1 541 1000000000
2 7389 1638
2 10973 8866
1 10425 -1000000000
1 7680 1000000000
2 16276 6227
2 8517 3433
1 16395 1000000000
2 17049 12998
1 988 1000000000
2 7469 8826
2 17553 18457
2 18490 17249
1 16405 1000000000
2 2842 372
1 16767 1000000000
1 14272 1000000000
1 4438 -1000000000
1 15683 1000000000
1 5727 1000000000
1 4698 1000000000
1 3866 -1000000000
2 1650 1796
2 372 11204
2 12247 18881
1 16631 1000000000
1 324 -1000000000
1 14794 1000000000
1 12897 1000000000
1 12165 1000000000
1 16281 1000000000
2 8395 12814
2 4352 7699
2 6543 19318
1 13751 1000000000
1 8204 1000000000
1 11287 1000000000
1 12801 -1000000000
2 469 15239
2 10762 1936
2 12127 7355
1 5491 1000000000
2 19334 14073
1 2066 -1000000000
1 6628 1000000000
2 4450 17053
2 9278 2158
1 15715 1000000000
1 9370 -1000000000
1 14295 -1000000000
1 14009 1000000000
2 12661 10511
2 19502 12447
1 926 -1000000000
1 1533 -1000000000
1 3805 -1000000000
1 11105 -1000000000
1 18109 1000000000
1 546 1000000000
1 19040 1000000000
2 19949 1440
2 4432 2481
1 13146 -1000000000
2 980 1750
2 19012 90
1 1940 -1000000000
2 6344 17507
2 1300 12764
1 3010 -1000000000
2 7819 282
2 3307 1191
2 19906 7829
2 4607 1594
2 323 14829
2 18075 9597
2 5583 7744
2 4998 19793
2 18013 17016
2 19584 4651
1 533 -1000000000
1 13819 1000000000
1 8579 -1000000000
2 468 17621
1 9400 -1000000000
1 7988 1000000000
1 7609 -1000000000
2 10941 14852
2 7261 6521
2 12946 18317
2 6418 19097
1 1731 -1000000000
2 16238 12533
2 7800 3510
1 7674 -1000000000
1 17327 1000000000
2 11778 8144
2 7569 9690
1 16927 1000000000
2 6820 2287
1 3153 -1000000000
2 9639 8371
1 2300 1000000000
1 6622 1000000000
1 3516 -1000000000
2 17405 15645
2 13094 1528
2 11052 801
1 16246 1000000000
1 18654 1000000000
2 16994 19069
1 18188 1000000000
2 881 12478
1 16417 1000000000
1 13371 1000000000
1 13919 1000000000
2 5313 19517
1 9287 -1000000000
1 9357 1000000000
1 16541 -1000000000
2 19415 5101
2 12439 5750
2 1679 2489
1 15111 1000000000
1 3592 -1000000000
2 10756 6486
1 9871 -1000000000
2 9603 7834
1 9523 1000000000
1 5681 1000000000
1 640 1000000000
1 17215 1000000000
1 9690 -1000000000
2 16224 15445
1 14061 -1000000000
2 14836 5772
2 19138 3649
2 10287 2087
2 15963 9669
1 5709 1000000000
2 19685 18886
1 12283 1000000000
2 2145 11773
2 7613 17778
1 10149 1000000000
2 13339 17711
2 17862 7643
2 2142 986
1 15134 1000000000
2 11282 16753
1 11816 1000000000
2 338 16684
1 12369 -1000000000
1 3601 -1000000000
1 13801 1000000000
2 2173 9954
1 9284 1000000000
2 13559 12676
1 5577 -1000000000
1 18702 1000000000
2 13134 16895
1 10900 1000000000
2 1000 16251
1 568 -1000000000
2 1547 9986
2 6790 3474
1 2518 -1000000000
2 16491 3069
1 19022 -1000000000
2 14965 3773
1 6392 1000000000
1 1310 -1000000000
1 14686 -1000000000
1 19237 1000000000
1 10629 -1000000000
1 14272 1000000000
1 8919 -1000000000
2 12997 15402
1 12763 1000000000
1 19782 -1000000000
1 13168 -1000000000
1 6059 1000000000
2 18195 816
1 1011 -1000000000
2 9433 11248
1 2198 -1000000000
2 9005 15581
1 1386 -1000000000
2 19507 14362
1 4861 -1000000000
1 18222 1000000000
1 2944 -1000000000
1 11838 -1000000000
1 3296 -1000000000
1 4032 1000000000
2 7095 7550
2 3469 1106
2 16120 13850
1 1806 1000000000
1 15206 1000000000
1 8776 1000000000
2 969 10758
1 817 1000000000
1 4462 1000000000
1 2368 -1000000000
1 7667 1000000000
2 4357 15875
2 11805 9835
2 3586 14755
2 366 8400
2 18004 19
2 1248 3235
1 13240 -1000000000
1 2956 1000000000
1 14109 -1000000000
1 14827 1000000000
2 6837 17753
2 12024 15927
2 19638 969
1 1966 -1000000000
1 13351 -1000000000
1 1271 -1000000000
2 549 13648
2 9729 5352
2 196 15671
1 5569 1000000000
1 15999 -1000000000
1 5731 1000000000
1 15927 -1000000000
1 16437 1000000000
1 11319 -1000000000
1 6022 1000000000
1 11979 -1000000000
2 16143 5382
2 5452 11778
2 9846 4366
2 4729 16296
2 18775 1843
2 5461 16669
2 10619 16966
2 9650 13649
1 6342 1000000000
1 9240 1000000000
2 8853 4619
1 5123 -1000000000
1 3031 -1000000000
1 3210 1000000000
1 16646 -1000000000
1 14966 1000000000
2 7269 11701
2 5921 17094
1 11056 -1000000000
2 14158 18050
2 8212 14922
1 14135 -1000000000
2 3674 4560
2 19441 9055
2 17630 17021
1 13969 -1000000000
1 19313 -1000000000
2 7322 12517
2 11560 11882
2 3035 2052
1 12649 -1000000000
1 7896 -1000000000
1 9679 -1000000000
1 15553 1000000000
2 5149 11684
2 19875 1633
2 13761 11552
2 11706 6388
2 6605 14526
1 5358 1000000000
1 9411 1000000000
2 18356 12633
1 12882 1000000000
2 17441 18383
2 197 4712
2 463 4548
2 1010 18251
1 9698 1000000000
1 3433 -1000000000
2 3879 5593
2 17098 5654
1 18253 -1000000000
2 5008 10629
2 6737 6458
1 18353 -1000000000
2 15967 17470
1 16097 1000000000
2 9906 6050
1 15136 1000000000
1 16274 -1000000000
2 12834 12079
2 2925 13824
1 16404 -1000000000
2 16142 3051
1 17658 -1000000000
1 11230 -1000000000
1 12240 -1000000000
2 10988 9896
2 4010 19147
2 4560 11101
1 15510 1000000000
2 10373 4349
2 10930 15839
1 11750 -1000000000
1 3299 -1000000000
2 17735 14547
1 17504 -1000000000
1 1882 1000000000
2 12145 14306
2 14839 11282
1 2812 -1000000000
2 6279 14229
1 12420 -1000000000
1 9249 -1000000000
1 9126 1000000000
2 6573 13659
1 9632 1000000000
1 6760 -1000000000
1 12213 -1000000000
2 19151 5199
1 19362 -1000000000
1 16393 -1000000000
1 13517 -1000000000
1 18911 1000000000
1 15392 1000000000
1 10770 1000000000
2 14042 3526
2 16632 7597
1 1325 -1000000000
1 3875 -1000000000
1 17766 -1000000000
2 10954 4384
2 15431 5705
1 7773 1000000000
1 14882 -1000000000
2 317 19289
2 17269 9002
2 19473 1032
2 18678 12447
1 9504 1000000000
2 5675 4375
1 2446 1000000000
2 6195 6603
1 6167 -1000000000
2 9098 14643
2 17729 8880
1 12099 1000000000
1 13881 1000000000
1 2857 -1000000000
1 7577 -1000000000
1 2702 1000000000
2 18982 2919
2 17689 12247
2 18191 17387
2 13801 3775
1 3777 1000000000
1 16366 -1000000000
1 17887 -1000000000
2 5620 9683
1 11789 -1000000000
1 3702 -1000000000
1 8870 -1000000000
2 13021 9486
1 14821 -1000000000
2 5635 6715
1 9841 -1000000000
2 1028 14684
2 4371 264
2 1906 17688
1 16135 1000000000
1 3660 1000000000
2 4555 6029
2 2188 18585
2 11607 9277
2 15769 19738
1 18237 1000000000
2 15941 14539
2 2659 3310
2 17428 830
2 14498 11533
2 3259 18242
1 319 -1000000000
1 5490 -1000000000
2 8244 7628
2 13632 5158
2 12581 9299
2 10946 12656
1 19456 1000000000
2 2988 16745
1 13575 -1000000000
1 14806 -1000000000
1 17677 1000000000
1 19357 1000000000
2 4265 13029
1 9735 1000000000
1 19408 -1000000000
1 15931 -1000000000
1 17415 -1000000000
1 13927 1000000000
2 8291 19416
1 4745 1000000000
1 18705 -1000000000
1 6635 1000000000
2 10361 6226
2 9447 6146
1 14965 1000000000
2 3479 12179
2 9728 10500
1 172 -1000000000
2 786 11599
2 14631 17170
2 10527 11947
2 7325 1619
2 5219 18152
1 10694 -1000000000
1 16555 -1000000000
2 14920 9017
2 16177 3559
1 18665 1000000000
2 19851 19117
2 11578 5478
2 10759 6600
1 18517 -1000000000
2 3834 2161
1 4899 -1000000000
1 3180 1000000000
1 19122 1000000000
2 12257 13141
1 6173 1000000000
1 10657 -1000000000
2 5940 3841
1 3803 -1000000000
1 14961 1000000000
2 616 12164
2 12984 7908
1 10041 -1000000000
1 12418 1000000000
2 1523 5557
1 11843 1000000000
2 4134 5807
1 14179 -1000000000
1 328 1000000000
1 13086 1000000000
1 15692 -1000000000
1 10257 -1000000000
1 859 1000000000
2 5913 19409
2 6047 11627
2 18729 12280
2 4084 12686
1 2650 1000000000
2 9812 9034
2 6063 14510
2 9624 8583
1 15765 1000000000
1 15348 1000000000
2 14812 8631
2 10744 3592
1 1716 1000000000
2 19532 9659
2 7715 16168
1 18771 1000000000
2 13126 100
1 5887 -1000000000
1 7961 1000000000
2 11937 8959
2 15573 12024
2 14025 6988
1 13064 1000000000
1 3912 -1000000000
1 412 -1000000000
2 5741 3408
1 14653 1000000000
1 13198 -1000000000
2 16578 2992
2 3602 14951
1 2552 1000000000
2 17576 6972
1 12417 -1000000000
1 5045 -1000000000
2 10802 13101
2 19840 752
1 5901 1000000000
2 1919 2451
1 19407 -1000000000
1 17802 -1000000000
1 9447 1000000000
1 12224 -1000000000
2 6244 7012
2 15082 9421
2 6684 3185
2 8208 13520
1 13116 -1000000000
1 11785 -1000000000
1 19961 1000000000
2 8132 10793
1 3550 1000000000
1 13622 1000000000
1 11845 -1000000000
1 19167 1000000000
1 9401 -1000000000
1 5983 1000000000
2 2037 13262
1 17681 -1000000000
1 11623 -1000000000
1 8301 1000000000
1 10137 1000000000
2 6115 3071
1 9792 -1000000000
1 18331 1000000000
2 1850 9284
2 9809 13305
2 4776 16838
2 7755 19476
2 4777 13496
2 4449 18631
2 11853 13133
1 4303 -1000000000
2 15734 13967
2 2638 11057
2 15780 5425
1 13887 1000000000
2 16104 9141
1 6330 1000000000
2 14651 5573
2 1243 3513
1 11515 -1000000000
2 16254 4163
2 13200 7121
1 5924 -1000000000
1 745 1000000000
1 1533 -1000000000
2 16666 1958
1 11487 -1000000000
1 7018 -1000000000
2 16230 10173
2 10129 14812
2 5570 15114
1 17081 1000000000
1 14860 1000000000
2 5939 4324
1 10130 1000000000
1 17822 -1000000000
2 11346 4557
1 7343 1000000000
2 15395 1423
1 4727 -1000000000
1 5891 -1000000000
2 7078 2941
1 6259 1000000000
1 9299 1000000000
2 6310 15569
1 13627 -1000000000
1 14144 -1000000000
1 14341 1000000000
1 4471 1000000000
1 13138 -1000000000
2 18210 1087
1 7259 1000000000
1 2722 -1000000000
2 962 3363
2 2795 1160
2 840 17476
2 15356 18951
2 15867 3347
1 12157 -1000000000
1 6231 1000000000
2 14236 10192
2 19160 7686
2 17912 3980
2 5647 521
1 16150 1000000000
1 11153 1000000000
2 6519 11621
1 16231 -1000000000
2 13523 13188
2 1165 14883
2 6712 11210
1 16454 1000000000
1 15639 1000000000
1 5459 -1000000000
2 1562 4552
2 3108 7426
1 10744 -1000000000
2 1506 5264
1 14792 -1000000000
2 2062 18959
2 3878 58
2 3838 5826
2 6492 5252
2 19407 16169
2 4986 7493
2 16935 4584
1 6066 -1000000000
2 4222 952
1 7628 -1000000000
1 2965 1000000000
1 5789 -1000000000
1 16501 -1000000000
2 11711 7958
1 18180 1000000000
1 17576 1000000000
1 4245 1000000000
1 13281 -1000000000
2 13102 16274
2 12973 14113
2 7769 18539
2 11251 9361
2 1402 16144
1 18857 -1000000000
1 6953 -1000000000
1 11190 1000000000
1 1037 1000000000
2 17754 5817
1 13886 1000000000
1 5376 -1000000000
2 3439 8567
1 6522 -1000000000
2 831 14054
2 3879 16420
1 19517 1000000000
2 11473 19220
1 5643 -1000000000
2 3848 10169
1 18854 1000000000
2 17525 11351
1 19383 -1000000000
2 3241 5011
1 4391 1000000000
2 17202 12129
1 16335 -1000000000
1 9629 -1000000000
1 1244 -1000000000
1 14062 -1000000000
1 5961 1000000000
2 11495 17581
2 14463 9296
1 15204 1000000000
1 15368 -1000000000
2 2387 17505
1 15346 1000000000
2 18189 8288
2 18920 13379
2 16069 19518
1 17936 1000000000
2 8720 12549
1 19381 1000000000
1 2180 -1000000000
1 13715 -1000000000
2 3570 17601
1 3114 1000000000
2 19649 7339
2 2811 12070
2 8907 2798
1 2700 1000000000
1 13220 -1000000000
1 18524 1000000000
2 12925 15548
1 16377 -1000000000
1 2119 1000000000
2 770 10874
2 10142 923
2 14205 10270
2 11974 12738
2 6764 19332
1 2151 -1000000000
1 3323 1000000000
1 5789 -1000000000
1 6429 1000000000
1 2380 1000000000
2 1060 17847
2 16756 824
1 2869 -1000000000
2 6395 1726
2 15331 16250
2 13734 1803
2 10851 6709
1 9610 1000000000
1 12419 -1000000000
1 9940 -1000000000
2 12141 8545
2 3077 5206
2 15595 1842
2 10293 13058
1 4201 -1000000000
1 3606 -1000000000
2 16472 2838
1 14367 -1000000000
1 15006 1000000000
1 4326 1000000000
2 9715 13510
2 4096 7785
1 19995 1000000000
2 7981 6424
2 17546 11104
1 9342 -1000000000
2 18007 12521
1 13822 -1000000000
2 5313 11719
2 3861 14901
1 16744 1000000000
2 12982 16815
1 17102 1000000000
2 7984 16231
2 8177 17200
1 10381 1000000000
1 771 1000000000
2 19430 8159
2 18934 16186
2 8128 14165
1 7479 -1000000000
2 15015 972
1 19719 1000000000
2 9559 9974
2 12225 13585
2 5086 4700
1 10464 1000000000
2 9690 10974
1 4230 -1000000000
1 13530 1000000000
1 5121 1000000000
2 15355 1298
2 19334 6007
1 1323 1000000000
1 5464 1000000000
2 7253 17971
1 18938 1000000000
1 6184 -1000000000
1 10713 -1000000000
1 17185 -1000000000
2 13990 13207
2 4022 7782
1 16736 -1000000000
2 18442 1354
2 6186 8499
1 12662 -1000000000
1 13621 1000000000
1 14242 -1000000000
1 7858 1000000000
2 8806 9642
2 15834 18011
1 12776 -1000000000
1 7839 -1000000000
2 9675 11654
2 802 19244
1 11488 1000000000
1 19461 -1000000000
2 9076 2997
2 16294 19885
1 1088 1000000000
1 17346 1000000000
2 13897 10831
1 18628 -1000000000
2 19165 4967
2 8268 19852
2 3606 18587
2 8259 3964
1 12955 1000000000
2 16324 7763
1 690 -1000000000
2 12129 4256
1 2843 -1000000000
2 4037 8730
1 18120 -1000000000
2 11943 17291
1 17559 -1000000000
1 1852 -1000000000
2 8602 9692
1 16522 1000000000
1 19188 1000000000
2 18058 17133
2 12430 6694
1 12771 -1000000000
2 10036 7937
2 5441 9061
2 9327 12832
1 7417 1000000000
2 18917 771
1 12681 1000000000
1 8922 -1000000000
2 9976 8494
1 9316 -1000000000
2 15925 12927
1 17454 -1000000000
2 4632 12794
2 10475 2101
1 12083 1000000000
1 14411 1000000000
1 4705 -1000000000
2 19680 15689
2 10425 9482
1 13098 -1000000000
1 12232 -1000000000
2 18334 15166
1 13968 1000000000
1 9810 1000000000
2 10344 5205
2 12296 18939
1 18633 1000000000
1 5032 -1000000000
1 11746 -1000000000
2 1 4830
2 5706 1072
2 7490 6345
1 6498 -1000000000
2 8754 6067
2 14801 2557
2 17571 15535
2 8616 9137
2 5801 16970
2 13211 16617
2 10682 12520
1 3706 -1000000000
2 16941 18327
1 4308 1000000000
2 6155 18459
1 8477 -1000000000
1 3765 -1000000000
1 5558 1000000000
1 4079 1000000000
2 17609 15008
1 606 1000000000
2 1639 18417
2 6531 2624
1 8795 -1000000000
1 7013 -1000000000
1 10526 1000000000
2 14655 14141
1 4835 1000000000
1 12134 1000000000
1 8353 1000000000
1 144 -1000000000
1 14523 1000000000
1 808 -1000000000
2 4085 12137
1 3664 1000000000
2 17805 7670
1 17674 1000000000
1 19003 1000000000
2 960 9002
1 6092 1000000000
2 11135 2464
2 17439 16365
1 14387 1000000000
1 3519 -1000000000
2 13703 12064
2 18717 2021
2 4027 17284
2 656 16965
2 12390 10426
2 1053 8903
1 3636 -1000000000
1 19138 1000000000
2 19953 5099
2 7588 259
1 12195 1000000000
1 284 1000000000
2 8262 262
1 8464 -1000000000
1 1299 -1000000000
1 8027 -1000000000
2 12680 9583
1 19511 1000000000
1 3854 -1000000000
2 18054 5399
1 2145 1000000000
2 9203 2869
2 8671 14906
2 4827 3617
1 2983 1000000000
2 3936 19259
2 2328 1315
2 5152 19208
2 16460 12667
2 9420 5456
2 11942 16789
2 9440 11453
1 19046 -1000000000
2 9523 18219
2 17761 8168
1 10585 -1000000000
1 6597 -1000000000
2 14434 15103
1 9497 1000000000
2 6027 7179
2 12773 13500
1 1383 -1000000000
2 15896 12408
1 3520 1000000000
2 838 4836
2 5545 7089
1 6161 1000000000
2 3672 17986
2 6009 7428
1 8282 1000000000
2 526 15160
1 6650 -1000000000
2 2489 12007
2 15969 15827
1 14100 -1000000000
1 13235 1000000000
1 11161 -1000000000
2 12034 17312
1 3618 1000000000
2 12791 8444
2 1928 677
1 7363 -1000000000
1 1435 -1000000000
2 12094 14835
2 11774 14604
1 5620 1000000000
1 13388 1000000000
1 3624 1000000000
1 14825 -1000000000
2 1772 14890
2 5202 6517
1 18086 -1000000000
2 9778 863
2 18371 12788
1 10437 1000000000
1 17790 1000000000
1 9676 1000000000
1 5327 -1000000000
2 2302 10876
2 12472 10721
2 6315 8078
2 16736 9416
1 2933 1000000000
1 9016 1000000000
1 11951 -1000000000
1 4560 -1000000000
1 9191 -1000000000
1 9105 -1000000000
1 15127 1000000000
1 712 1000000000
2 17288 4123
1 3520 -1000000000
1 13920 1000000000
2 12386 11709
1 17314 1000000000
1 15205 1000000000
1 11444 1000000000
2 8616 18106
1 14948 1000000000
1 1830 -1000000000
2 212 16956
1 10463 -1000000000
1 4527 1000000000
1 7186 1000000000
1 17262 1000000000
2 12144 17356
1 2972 -1000000000
2 18853 18194
1 3559 1000000000
1 19365 1000000000
2 3017 8132
1 12199 1000000000
1 2829 -1000000000
2 9098 7213
1 16904 1000000000
2 702 18022
1 18981 1000000000
2 3592 18198
1 2738 1000000000
2 4058 10427
2 13910 11205
2 12230 18775
2 13997 8683
1 19258 1000000000
2 19321 8858
1 13367 -1000000000
2 9489 10496
1 584 1000000000
2 16373 18542
1 8701 1000000000
2 12629 19466
1 16462 1000000000
2 7419 14159
1 5421 1000000000
2 5472 286
2 19862 17055
2 15813 10916
2 3550 3549
1 4926 -1000000000
1 10842 -1000000000
1 19816 -1000000000
1 7987 1000000000
2 15199 6891
1 1359 1000000000
2 17638 3159
1 10418 1000000000
1 3392 -1000000000
2 15056 6376
1 16669 1000000000
2 18065 17760
1 15925 -1000000000
2 10567 18828
1 8731 -1000000000
2 10761 16276
2 4615 667
2 13942 9204
1 13284 1000000000
1 8711 -1000000000
1 15645 -1000000000
2 2062 19887
2 16116 3821
1 18736 1000000000
1 5664 -1000000000
1 2304 -1000000000
1 555 1000000000
2 10536 8501
2 8378 19469
1 9241 -1000000000
1 17487 -1000000000
1 2514 1000000000
2 11429 13290
2 5485 14686
2 13321 19751
1 18666 -1000000000
2 4258 11529
1 17776 -1000000000
2 8420 1688
2 7089 4660
2 5855 7415
1 2746 -1000000000
1 9285 -1000000000
1 4733 1000000000
2 16535 19477
2 12808 818
2 8653 5843
2 15648 13926
1 835 1000000000
1 827 -1000000000
1 5117 -1000000000
1 14575 1000000000
1 15148 1000000000
2 12402 7439
1 16908 1000000000
2 9975 6884
2 14312 11806
1 1303 1000000000
2 2096 7026
1 5642 -1000000000
2 17691 7242
1 18635 1000000000
1 11176 -1000000000
2 3028 3236
2 3339 15367
2 14355 1306
2 18603 18149
2 19795 14396
1 15360 1000000000
1 18599 1000000000
2 13291 1074
2 1615 6405
2 16686 16223
1 14411 -1000000000
2 3614 3357
1 11561 -1000000000
1 19436 -1000000000
2 16886 12722
1 19589 -1000000000
2 521 16642
1 11195 1000000000
2 4568 8303
2 18551 3492
1 8773 1000000000
2 18482 11685
1 17910 1000000000
2 10290 19031
2 13787 13554
1 9970 -1000000000
1 8398 1000000000
1 6236 1000000000
2 5005 11323
1 18930 1000000000
1 6622 -1000000000
2 19217 5809
1 16759 -1000000000
2 8839 8052
1 6546 -1000000000
2 16632 8603
2 3619 617
2 11797 1884
2 11475 12940
2 11858 7622
2 18291 7805
1 1859 -1000000000
1 16372 1000000000
1 13243 -1000000000
1 9176 1000000000
2 15564 9072
1 9086 1000000000
2 13058 7001
2 90 12047
2 2829 15414
2 11746 18799
2 16876 4404
1 7076 -1000000000
1 1480 1000000000
1 17520 -1000000000
1 3387 1000000000
1 18981 1000000000
1 10148 -1000000000
2 16807 14920
1 18591 -1000000000
1 14352 -1000000000
1 5511 -1000000000
2 13921 3504
2 9222 3998
2 12924 18370
1 9017 1000000000
1 6409 1000000000
2 19111 12688
2 14174 10138
1 7565 1000000000
1 4440 1000000000
1 19984 1000000000
2 7060 19367
2 10903 13941
1 10777 -1000000000
1 1646 1000000000
2 9775 9955
1 7307 -1000000000
2 6393 9407
2 6207 18434
2 14679 11651
1 9990 1000000000
2 15594 10418
1 11286 1000000000
1 15663 1000000000
2 12840 6823
1 16832 1000000000
1 18913 -1000000000
1 15474 -1000000000
1 1215 1000000000
2 17574 16951
2 11981 9366
2 15914 6024
1 3652 1000000000
2 5205 9606
1 8055 -1000000000
1 1765 1000000000
2 17503 5156
2 8021 10511
2 12884 10209
1 3327 -1000000000
1 2674 1000000000
2 10497 2683
2 9277 10383
1 15606 -1000000000
1 18246 1000000000
2 3361 2140
1 9754 -1000000000
2 15883 10565
1 1863 -1000000000
1 9927 1000000000
2 1301 19774
2 12958 2265
1 13989 1000000000
1 9777 -1000000000
2 10639 11063
2 5791 11
2 12393 9001
2 13044 4581
1 11515 1000000000
1 13226 1000000000
2 10102 12913
1 2844 1000000000
1 7846 -1000000000
2 11622 1716
1 7219 -1000000000
2 6758 8876
2 5191 18346
2 4049 15064
1 19553 -1000000000
2 16869 7912
1 3776 1000000000
1 10109 -1000000000
2 6847 7236
2 3162 6962
2 4097 8760
1 16615 1000000000
2 10702 2446
1 3767 -1000000000
2 9162 10227
2 9712 3932
1 1422 1000000000
1 1058 -1000000000
2 119 17196
2 14132 17927
1 7102 -1000000000
1 7113 1000000000
1 16547 -1000000000
1 2479 1000000000
1 7207 -1000000000
1 3043 -1000000000
2 6156 7535
1 7714 1000000000
2 10892 12949
2 16504 14474
2 18928 1576
2 17740 6356
1 701 -1000000000
1 5908 1000000000
2 4304 15333
2 13747 16707
1 5232 -1000000000
1 16945 1000000000
2 8323 12454
2 320 8602
1 3356 -1000000000
2 14416 18221
1 8182 -1000000000
1 6201 1000000000
1 19909 -1000000000
2 14275 17251
1 2294 -1000000000
1 17190 1000000000
2 18366 10366
1 16200 -1000000000
2 4105 18375
2 9579 9913
2 13130 4706
1 14323 1000000000
2 10704 16823
2 19715 3646
1 15870 -1000000000
1 6021 1000000000
1 18285 -1000000000
1 19794 1000000000
2 9953 7216
2 1184 13697
1 2399 1000000000
2 15027 963
1 8206 -1000000000
2 19904 10901
2 7048 4254
1 2787 1000000000
1 12914 1000000000
1 16025 -1000000000
1 14989 -1000000000
1 6250 1000000000
1 471 1000000000
1 13080 -1000000000
1 3242 -1000000000
2 444 6621
2 11004 19165
1 16057 1000000000
1 16581 1000000000
2 5530 5371
1 14637 1000000000
2 19775 1033
2 2930 1298
1 13371 1000000000
2 9853 4501
1 7126 1000000000
2 14524 1672
2 5439 983
1 14770 -1000000000
1 19068 -1000000000
1 41 1000000000
1 15224 -1000000000
1 4881 -1000000000
2 15505 14350
1 2273 1000000000
1 9551 1000000000
2 19546 4980
1 11811 -1000000000
2 6405 16716
2 9713 1023
1 9149 1000000000
1 7903 -1000000000
2 16412 2152
1 16591 1000000000
2 1028 3511
2 3753 10994
1 14550 1000000000
1 16550 -1000000000
1 12771 -1000000000
1 10279 -1000000000
1 9281 1000000000
2 19870 8473
1 1558 1000000000
1 15493 1000000000
1 10316 -1000000000
2 9511 10554
1 9952 -1000000000
2 2047 15192
1 17931 -1000000000
2 18066 11494
1 9701 -1000000000
2 7537 1830
1 4403 1000000000
1 1254 1000000000
1 11689 1000000000
2 16793 3058
2 1963 13590
1 16026 -1000000000
2 2144 7300
2 13999 10505
2 4081 16297
2 4382 9804
2 11199 6243
1 4109 1000000000
1 19271 1000000000
1 4361 -1000000000
2 13274 9437
2 16529 9147
2 4227 15344
1 16235 1000000000
2 14945 5848
1 7192 -1000000000
2 13840 2812
1 2413 1000000000
2 5748 18228
2 13514 4513
1 1110 -1000000000
1 4522 1000000000
1 4047 -1000000000
2 15627 11886
1 12456 -1000000000
2 16175 9949
2 5288 15636
2 10295 7633
2 5762 16235
2 4425 1365
1 5208 -1000000000
2 9716 2073
1 2134 -1000000000
1 9305 -1000000000
1 17748 1000000000
2 9224 11637
1 10882 1000000000
1 7125 -1000000000
2 11398 5437
2 1477 2129
2 9669 19092
1 19290 1000000000
1 8295 1000000000
2 11218 10708
2 1777 769
1 5830 1000000000
1 3408 1000000000
1 110 -1000000000
2 14295 8722
2 10654 3036
1 12721 -1000000000
1 10474 -1000000000
2 9443 14012
2 1453 19161
1 5995 1000000000
1 18165 -1000000000
1 7004 -1000000000
2 4325 3843
2 899 18590
2 1491 7596
1 4611 -1000000000
1 14269 -1000000000
2 9188 13151
1 15104 -1000000000
2 5775 2279
2 13962 18508
2 6204 9669
1 4610 -1000000000
1 2631 -1000000000
2 3274 2555
1 13414 1000000000
2 5258 14500
1 12773 1000000000
2 8044 19952
2 18270 8087
2 18908 10471
2 9143 6479
1 13615 1000000000
2 6702 11386
1 1643 -1000000000
2 12109 8662
1 22 -1000000000
1 3318 -1000000000
2 17574 12377
1 19619 1000000000
2 11931 17686
2 13086 11749
2 11909 19746
2 6565 4977
2 30 14403
2 11018 8008
2 14785 11324
2 14146 19247
2 17469 18503
2 2572 15586
2 9995 1620
2 18107 17658
1 15313 1000000000
1 9471 1000000000
1 12303 -1000000000
2 10019 10048
1 6285 1000000000
1 14774 1000000000
1 17825 -1000000000
1 19708 -1000000000
2 3142 17518
2 19391 6296
2 5961 57
2 2699 15420
2 10664 7281
1 11471 1000000000
1 5699 -1000000000
1 11974 1000000000
2 3079 176
2 11330 9810
1 18083 1000000000
2 10439 13205
1 19059 1000000000
1 19569 -1000000000
1 19521 -1000000000
1 18949 -1000000000
1 8869 1000000000
2 2756 10708
2 5433 9905
2 6267 995
1 3959 1000000000
2 16623 16981
1 6706 1000000000
1 12203 1000000000
2 12355 4332
1 771 -1000000000
1 3512 -1000000000
1 17256 -1000000000
1 348 -1000000000
2 14994 13103
2 18311 14978
1 13444 -1000000000
1 18805 -1000000000
1 1113 1000000000
2 2049 19899
1 5616 1000000000
2 13584 10941
1 15718 1000000000
1 9625 -1000000000
1 6673 1000000000
1 10451 1000000000
1 7378 1000000000
2 32 16708
1 5476 -1000000000
1 12037 1000000000
2 2497 14583
2 6503 16798
2 15687 10733
2 7634 2595
2 8475 5466
2 1633 3639
1 17764 1000000000
2 12535 13568
1 15547 1000000000
1 1202 1000000000
2 16343 15508
1 11313 1000000000
2 6841 88
1 16787 -1000000000
1 16652 -1000000000
2 12906 6594
1 11344 -1000000000
1 19340 1000000000
1 19066 1000000000
2 2785 10370
1 5434 1000000000
2 7727 17370
2 9461 1236
2 11159 14950
1 17392 1000000000
2 1315 2503
1 15280 1000000000
2 19788 4931
1 14788 -1000000000
1 6540 1000000000
2 15998 3169
1 6156 1000000000
1 14499 -1000000000
1 9655 -1000000000
2 18051 6631
1 1286 -1000000000
1 8866 1000000000
2 18067 1659
1 11949 -1000000000
1 7049 -1000000000
2 7084 13521
2 1026 18962
2 14680 4218
1 2322 1000000000
1 17100 1000000000
1 3142 -1000000000
1 19937 1000000000
1 13729 -1000000000
1 436 1000000000
2 3300 3834
1 6922 -1000000000
1 18378 1000000000
2 11631 12311
2 14408 3317
1 9613 -1000000000
1 6091 1000000000
2 13303 13195
2 11882 4730
2 2535 16609
1 796 -1000000000
1 8630 -1000000000
2 15767 10158
1 14133 1000000000
1 7667 -1000000000
2 1214 7793
1 10052 1000000000
2 1028 15651
1 16880 -1000000000
2 12066 9554
1 33 -1000000000
1 4146 -1000000000
1 17421 -1000000000
2 11835 9726
2 3031 7656
2 12985 2425
1 19213 1000000000
2 12885 103
1 13003 1000000000
1 11713 -1000000000
1 19864 -1000000000
1 12709 -1000000000
2 5472 1012
1 4472 -1000000000
1 8558 1000000000
2 19086 93
1 13177 -1000000000
1 13902 -1000000000
1 6072 1000000000
1 5502 -1000000000
2 5868 7860
1 4943 -1000000000
2 5657 13032
1 11511 -1000000000
1 14582 -1000000000
1 11504 1000000000
1 10144 -1000000000
1 13799 1000000000
1 14540 1000000000
1 2002 -1000000000
1 9029 1000000000
2 2572 18601
1 17224 1000000000
1 8733 1000000000
2 385 13483
2 3223 16297
2 18860 9093
2 14141 12816
1 13531 1000000000
2 12970 5097
1 6789 1000000000
2 19675 2819
2 1008 12999
1 14627 1000000000
2 11094 4570
1 8209 -1000000000
2 14078 10310
1 1964 1000000000
2 3047 2302
2 18908 4916
1 9056 1000000000
2 4541 13601
1 9022 1000000000
1 7541 -1000000000
1 6042 -1000000000
2 13387 15168
1 4383 -1000000000
1 6925 1000000000
1 9074 1000000000
1 16487 -1000000000
1 17069 1000000000
1 4860 -1000000000
1 18979 1000000000
2 15651 9095
2 11693 16908
2 8146 17933
1 16503 -1000000000
2 5992 3318
2 18155 12516
2 4318 8430
2 13340 12267
2 11346 6696
1 1146 1000000000
2 3146 383
2 16392 19703
2 7370 11653
2 9477 6338
1 4943 -1000000000
2 14414 552
2 10684 7407
2 9524 10491
1 18117 1000000000
1 13862 -1000000000
2 1550 18089
2 9820 13334
2 7750 1746
2 17675 18188
2 3718 19607
2 5177 1972
1 7487 -1000000000
2 18643 10378
2 13989 16525
1 9108 -1000000000
2 15025 1303
2 6740 7205
1 11906 1000000000
1 913 1000000000
2 811 10758
1 15257 1000000000
2 4319 2851
1 11039 1000000000
2 15719 6490
2 7239 5192
2 10572 18232
1 15230 1000000000
1 19326 -1000000000
2 19000 15060
1 11880 -1000000000
1 8520 1000000000
2 16886 16144
1 12445 1000000000
1 15024 1000000000
1 8619 -1000000000
2 17466 4425
2 9190 9105
1 10477 -1000000000
2 1092 5272
2 6589 1488
1 3991 1000000000
2 16065 3785
1 2489 -1000000000
2 5229 4892
2 18202 19342
1 8572 1000000000
2 10851 4263
2 3673 785
2 18838 7481
2 13367 8590
1 7087 -1000000000
1 4612 1000000000
2 12983 12343
2 15113 9173
1 9183 1000000000
1 1478 1000000000
2 15713 4207
2 588 67
1 15862 1000000000
1 7205 1000000000
1 14427 -1000000000
2 16597 4649
2 4718 13524
1 4406 1000000000
2 7973 16661
2 10303 10726
2 8297 10129
2 9423 15836
1 17597 1000000000
1 7999 1000000000
2 14274 3041
2 10969 7071
2 9263 2065
2 9453 9338
1 8571 -1000000000
1 10437 1000000000
1 14839 -1000000000
1 11095 1000000000
1 15648 1000000000
1 6807 -1000000000
1 8153 -1000000000
1 11502 1000000000
1 997 -1000000000
2 17479 11196
1 14787 -1000000000
1 10291 1000000000
2 12592 9087
1 8947 -1000000000
2 5626 13423
1 4450 1000000000
1 9753 1000000000
2 5791 9694
2 15939 11889
1 9303 -1000000000
2 10795 8004
2 2494 13400
2 19478 10260
1 3961 1000000000
2 17103 14418
2 10984 16130
1 7249 1000000000
2 10878 15711
1 5557 1000000000
1 12360 1000000000
1 15778 -1000000000
2 16270 18991
2 17756 5999
1 13829 1000000000
2 12079 10856
2 8030 8640
1 10217 -1000000000
1 13562 -1000000000
1 7718 -1000000000
2 9561 12896
2 19155 12353
2 6028 3102
2 1500 5737
2 10009 19395
2 17220 16154
1 19320 1000000000
1 18366 -1000000000
1 8401 1000000000
2 7778 7559
2 8004 18649
2 5835 12299
2 12452 7569
2 103 8678
2 2624 14915
2 677 14899
2 19094 7365
1 10606 1000000000
1 17658 1000000000
1 6833 1000000000
1 14646 -1000000000
2 3887 15436
1 9923 1000000000
1 1373 -1000000000
1 16722 1000000000
2 17560 15409
2 7605 8319
1 1537 1000000000
2 14893 11403
1 2974 1000000000
2 16479 17389
1 14882 -1000000000
1 16603 -1000000000
1 9161 1000000000
2 3735 11029
1 6269 1000000000
2 13408 6682
2 11140 19148
1 9313 1000000000
2 5344 12379
2 4956 4254
2 6888 11050
2 7957 12428
2 8840 16449
1 4434 -1000000000
2 3005 2912
1 12505 1000000000
2 8620 13311
2 14768 13226
2 6989 17527
2 14357 6213
2 12143 1993
2 13304 2262
1 8140 -1000000000
1 17074 -1000000000
1 13241 -1000000000
1 5983 1000000000
2 18018 18937
1 5842 1000000000
1 14643 1000000000
1 1640 -1000000000
2 11821 5730
1 4044 -1000000000
1 6543 1000000000
1 8 -1000000000
1 8413 -1000000000
1 8120 -1000000000
1 14881 1000000000
1 10912 -1000000000
1 525 1000000000
2 1940 15317
1 1232 1000000000
1 5724 1000000000
1 7340 1000000000
1 19660 1000000000
1 1329 -1000000000
1 3688 -1000000000
2 616 16022
1 828 1000000000
2 13284 14507
1 7760 1000000000
2 17722 8689
2 4471 2680
2 6120 3455
2 140 1260
2 9264 11878
1 4609 1000000000
2 11286 10783
2 12852 19979
1 19479 -1000000000
2 19116 7590
2 14962 18671
1 2915 1000000000
2 10951 16451
1 10277 -1000000000
1 18174 1000000000
2 8393 3233
2 8058 16429
1 2317 -1000000000
1 9632 -1000000000
2 4948 4725
2 850 4196
2 11733 8598
2 863 1124
1 11673 1000000000
2 5649 9819
1 185 -1000000000
2 1650 577
1 2790 1000000000
2 9747 3106
2 19493 15877
1 14003 1000000000
1 16320 -1000000000
1 17650 1000000000
1 10782 1000000000
2 19586 10604
2 7081 9983
1 13707 -1000000000
1 17150 1000000000
1 14015 1000000000
1 4940 -1000000000
2 1763 8470
1 5986 -1000000000
1 9869 1000000000
1 6771 -1000000000
1 7735 -1000000000
2 18286 771
2 5007 13321
1 18631 -1000000000
1 9010 1000000000
1 5103 -1000000000
2 17481 14560
2 2968 211
2 4331 2759
2 6788 1116
1 2624 -1000000000
1 2701 1000000000
1 6051 1000000000
2 3250 16417
2 13556 3431
1 1286 1000000000
2 10824 8018
2 11346 2687
2 4537 5840
1 11013 -1000000000
2 2902 14847
2 7329 16725
1 18134 -1000000000
2 2831 8181
1 16932 1000000000
2 14086 15230
2 13873 8540
1 10690 1000000000
1 9211 -1000000000
1 5594 1000000000
1 7151 -1000000000
1 8039 -1000000000
2 14827 731
1 17921 1000000000
1 5049 -1000000000
2 16487 14647
1 544 -1000000000
2 3742 19961
1 14955 -1000000000
2 419 7936
1 14385 -1000000000
1 10674 -1000000000
1 5937 1000000000
1 2263 -1000000000
1 13964 1000000000
1 15966 1000000000
1 4810 -1000000000
1 18477 -1000000000
2 12767 6368
2 364 3574
1 11634 1000000000
2 928 6132
2 15464 7770
1 13318 1000000000
1 2504 -1000000000
2 603 13317
1 19088 -1000000000
1 12998 -1000000000
2 17973 17115
1 11426 1000000000
2 44 9245
1 6194 -1000000000
2 4644 1228
1 12626 1000000000
1 3086 1000000000
1 18121 -1000000000
1 2344 -1000000000
2 1968 7874
1 16274 -1000000000
2 3719 4921
1 6760 1000000000
2 2054 5194
2 8014 10753
1 13493 -1000000000
2 1663 832
1 6221 1000000000
2 14088 18139
2 14237 11597
2 16449 18086
2 19529 19614
1 5295 1000000000
1 12040 1000000000
1 15747 -1000000000
2 5017 3448
2 9294 2796
2 19123 18129
1 11503 -1000000000
2 6409 4582
1 4697 1000000000
2 17243 14773
2 14520 11939
1 5922 1000000000
1 10191 -1000000000
1 5146 1000000000
2 8799 12996
1 13881 1000000000
1 2792 1000000000
2 14953 12577
2 18767 4737
1 9361 -1000000000
1 13169 1000000000
2 15349 16002
1 12174 -1000000000
1 524 1000000000
1 2866 -1000000000
1 2916 1000000000
2 3806 9645
1 6065 -1000000000
1 16469 -1000000000
2 17881 2474
1 3755 1000000000
1 7261 1000000000
1 15917 1000000000
2 11171 126
2 18431 6438
1 10189 1000000000
1 13002 1000000000
1 18371 1000000000
2 16457 10573
2 15055 13643
2 7569 12917
1 14259 -1000000000
1 11119 1000000000
2 4675 7430
2 5356 12393
1 8674 -1000000000
1 18158 1000000000
2 19914 5721
1 9361 1000000000
2 4367 10221
1 2694 -1000000000
1 7580 1000000000
2 7853 13896
1 4568 1000000000
1 13198 1000000000
1 2424 1000000000
1 14450 -1000000000
2 9213 7293
2 810 7911
2 18528 18168
2 5269 10311
2 7912 2526
2 8427 10191
1 11002 -1000000000
2 13755 2572
2 11031 13240
1 11877 1000000000
2 15825 15653
1 10070 -1000000000
2 2152 9468
1 8186 1000000000
2 4797 2484
1 1606 1000000000
1 231 -1000000000
2 3164 5992
2 1536 14497
2 13006 18724
1 6796 1000000000
1 8417 1000000000
2 16534 16296
1 291 1000000000
1 7129 1000000000
2 1924 7652
1 14773 1000000000
1 5200 1000000000
2 19488 6579
2 5791 5198
2 4119 2623
1 13506 1000000000
2 16142 17651
2 1311 6999
2 691 8658
1 11620 -1000000000
1 16986 -1000000000
1 10905 1000000000
2 7369 19846
2 174 11364
1 5072 -1000000000
1 5455 1000000000
2 12981 12602
2 17310 15087
1 19436 1000000000
1 9261 -1000000000
2 3584 13081
1 15140 -1000000000
1 5223 -1000000000
2 7954 12879
2 19448 10242
1 10760 1000000000
1 19609 1000000000
1 2937 1000000000
2 6430 1180
2 8922 14829
1 11128 1000000000
1 3147 1000000000
1 5249 -1000000000
2 16116 8733
1 15440 1000000000
1 3294 -1000000000
2 7462 15100
2 14925 4336
2 17758 1757
1 16244 -1000000000
1 19126 1000000000
2 5662 11819
2 14728 19820
2 2452 13113
2 9860 13805
2 15049 18684
1 1728 1000000000
1 18279 -1000000000
1 18897 -1000000000
2 506 19348
1 12111 -1000000000
1 17288 1000000000
2 88 3050
2 17629 19952
1 7708 1000000000
2 9120 19186
1 15213 1000000000
2 4430 14268
2 17911 13333
2 5037 8378
1 14830 1000000000
2 9639 15239
2 11901 6536
2 4387 9158
2 8905 13802
2 15155 16319
2 19739 1316
1 11359 1000000000
1 12257 -1000000000
1 9601 -1000000000
1 14964 -1000000000
1 16004 -1000000000
2 10085 14563
1 15851 -1000000000
1 16489 1000000000
1 8200 -1000000000
1 1943 -1000000000
2 10626 16556
2 12699 18640
1 8628 1000000000
1 394 -1000000000
1 4276 -1000000000
1 10763 1000000000
2 11954 1533
1 16738 -1000000000
1 11182 1000000000
2 8860 14449
1 15458 1000000000
2 1986 15433
1 12624 -1000000000
2 17698 10443
2 4611 10576
2 15912 17305
2 9185 15679
1 12989 1000000000
1 2047 1000000000
1 2344 -1000000000
1 18562 1000000000
1 2982 -1000000000
1 15894 -1000000000
1 16388 -1000000000
1 5543 -1000000000
1 6913 1000000000
2 11293 12875
2 9064 14449
2 13707 2849
2 7518 9572
2 11702 10326
2 14148 10438
1 7028 -1000000000
1 3326 -1000000000
1 12354 1000000000
1 5447 -1000000000
2 11183 19827
1 16175 1000000000
1 11047 1000000000
1 19267 1000000000
1 2156 -1000000000
2 2712 4175
1 8365 1000000000
2 12829 9588
2 49 894
2 12683 4325
2 17697 15999
1 7121 1000000000
2 4751 5854
2 445 1446
1 17915 1000000000
2 16713 6164
1 3400 -1000000000
1 3935 1000000000
2 17568 4378
1 174 -1000000000
1 13918 1000000000
1 2880 1000000000
1 9166 1000000000
2 2757 18465
1 3228 -1000000000
2 13995 17297
1 1607 1000000000
2 3538 19232
2 19864 3499
2 14134 13412
2 3834 17989
2 2160 1550
2 3778 13927
2 1398 17472
1 5172 1000000000
2 9213 11741
1 1086 -1000000000
2 2779 11361
2 3574 11748
2 5615 2580
2 15779 16092
1 12920 1000000000
2 17671 6256
2 10260 18308
2 9978 8436
2 823 11594
1 3780 1000000000
2 1179 1883
2 17550 1093
2 11097 6109
2 7927 15287
1 7126 -1000000000
2 18515 19471
1 2502 1000000000
2 5725 13955
1 618 -1000000000
1 2420 1000000000
2 10502 13856
2 10376 12456
1 11300 1000000000
1 4277 1000000000
1 12520 1000000000
1 14483 1000000000
2 11348 6321
1 17036 1000000000
1 3364 -1000000000
1 11248 1000000000
1 17384 1000000000
1 13898 -1000000000
1 4015 -1000000000
1 14079 1000000000
1 1344 1000000000
2 6605 16699
2 12848 17814
1 17462 -1000000000
2 11277 19218
1 19765 -1000000000
2 15462 12962
2 15777 16887
2 19485 15442
2 19167 14769
2 9481 10689
2 11653 2477
1 13768 1000000000
2 4443 1313
2 11542 5539
2 5730 18573
1 3216 -1000000000
2 13989 529
1 17704 -1000000000
1 7577 -1000000000
2 14634 16105
1 5692 1000000000
2 2387 15634
2 7888 17365
1 19833 -1000000000
2 11602 9303
2 18853 11224
1 11029 -1000000000
1 5436 -1000000000
1 17641 -1000000000
2 4677 16949
1 4168 -1000000000
2 895 7312
2 18605 12429
2 16447 5461
2 6463 11019
2 4539 11641
2 13696 16292
2 12262 19234
1 15675 1000000000
1 1706 -1000000000
2 16473 13455
2 12307 1102
1 1606 -1000000000
1 215 -1000000000
1 3446 -1000000000
2 13336 7461
1 12193 1000000000
1 17166 -1000000000
1 12769 -1000000000
1 10121 1000000000
1 3282 -1000000000
2 14709 17832
1 14890 -1000000000
2 5988 7130
2 5520 11189
2 12296 11386
2 719 1862
2 10287 6673
2 7860 11106
1 19045 1000000000
2 19120 16474
1 3939 -1000000000
2 9081 9575
1 16365 -1000000000
1 5524 1000000000
2 9807 14608
2 14320 17164
2 7471 5285
2 8471 14891
1 6814 1000000000
2 2374 8308
2 10250 3732
2 6269 12421
2 16858 2005
1 1354 1000000000
1 16437 -1000000000
2 17530 17542
2 1196 1666
2 13650 17331
2 12886 2581
2 12550 15392
2 12326 2462
2 13266 10435
1 5526 1000000000
2 15512 4725
1 8441 -1000000000
1 13519 1000000000
2 9802 17044
1 7307 1000000000
2 10289 10694
2 5663 2932
1 19844 1000000000
2 1166 10886
2 16006 7344
2 15926 10426
2 14803 5524
2 18700 18912
1 1642 1000000000
1 12643 1000000000
2 17899 9555
1 14988 -1000000000
1 14749 -1000000000
1 15142 1000000000
2 17531 12286
2 5015 17909
2 5288 7252
1 2118 -1000000000
2 5986 10647
1 14351 1000000000
2 11198 9998
1 231 -1000000000
1 5034 -1000000000
1 15479 1000000000
1 15981 1000000000
2 4298 8282
2 10324 15079
2 5448 8523
2 16804 9002
2 6372 13008
2 13310 2884
1 14632 1000000000
1 12928 -1000000000
2 3283 1138
2 15418 11207
1 7417 -1000000000
1 18213 -1000000000
2 19012 17195
1 11211 -1000000000
1 9921 -1000000000
1 10052 -1000000000
1 13888 -1000000000
2 7021 28
1 14232 -1000000000
2 15206 9373
2 6409 14757
2 12122 14356
2 17680 2235
1 2432 1000000000
1 9870 1000000000
1 3596 1000000000
2 10190 17343
2 8094 13880
1 2894 1000000000
2 18999 9752
2 15707 12616
1 14667 -1000000000
1 15745 1000000000
2 1458 13963
1 5308 1000000000
2 14232 14973
2 2283 9377
1 15154 -1000000000
1 5522 1000000000
1 10291 1000000000
2 12495 4401
1 15739 1000000000
2 15232 2209
2 8694 1574
2 10590 12002
2 5279 711
1 5216 1000000000
2 18147 18656
2 12304 3266
1 12988 1000000000
2 13691 9104
1 1378 1000000000
2 2977 11742
2 11800 3427
1 12049 -1000000000
1 8796 1000000000
2 12611 17687
2 18469 14013
2 8094 14277
1 16399 1000000000
1 17834 -1000000000
2 18429 14172
1 1219 1000000000
2 4412 13805
2 7460 1610
1 2757 1000000000
1 4629 1000000000
2 18745 10679
2 19661 3690
1 10132 1000000000
2 16165 7894
2 5528 16145
1 646 -1000000000
2 9969 16010
2 14533 13342
1 7452 1000000000
1 1093 1000000000
2 17470 6918
2 4816 5441
2 15797 14001
2 17023 18538
2 8046 2270
2 15374 19081
2 19699 13310
2 7995 4694
1 7067 1000000000
1 9026 -1000000000
2 3444 17905
1 15677 -1000000000
1 13121 -1000000000
2 15577 1652
1 4046 1000000000
1 3662 1000000000
2 3825 19396
1 11879 -1000000000
2 19279 4783
1 13986 -1000000000
2 17877 15578
1 19171 1000000000
2 12684 18031
2 4204 15410
2 11042 15404
1 17386 -1000000000
1 13425 1000000000
2 5770 12417
1 4526 -1000000000
2 509 3172
2 5544 4589
2 12737 11073
2 19515 14272
1 4243 1000000000
1 11245 -1000000000
2 12424 13754
1 1483 -1000000000
1 8531 -1000000000
2 16356 10342
1 4756 -1000000000
2 17309 16943
1 7128 -1000000000
1 19697 -1000000000
2 17889 740
2 7967 5270
1 19684 1000000000
1 11421 1000000000
1 18917 -1000000000
2 10392 9015
2 11401 3370
2 5898 13846
2 705 17276
2 15238 19494
1 16597 1000000000
2 14399 16280
2 2916 15717
2 1669 6196
2 45 6451
1 9805 -1000000000
2 9181 8439
2 1312 13994
1 105 1000000000
2 3797 19299
1 9671 1000000000
1 3792 -1000000000
2 15081 17587
1 13802 -1000000000
1 2522 -1000000000
2 17406 13186
2 4880 18742
1 17629 1000000000
1 19248 1000000000
1 2301 -1000000000
1 15346 -1000000000
2 7616 181
2 13614 6079
1 2572 -1000000000
2 17385 5906
1 408 1000000000
2 17594 9439
2 5916 8074
1 784 -1000000000
2 10884 7791
1 13968 -1000000000
2 7354 8642
2 4075 7559
2 10724 6092
1 1930 1000000000
2 7292 16372
2 13766 8924
2 10986 378
2 11082 13091
2 6028 13555
2 11760 5659
1 15358 1000000000
1 18240 -1000000000
1 10845 1000000000
2 1168 13185
1 14092 1000000000
1 13047 -1000000000
2 14103 6400
2 17080 11596
2 4026 6293
1 18989 -1000000000
1 4903 -1000000000
2 3407 5195
1 7854 -1000000000
1 8463 1000000000
1 4823 -1000000000
1 9060 -1000000000
1 2440 -1000000000
2 13452 10388
2 3339 11347
2 18977 8607
2 5773 9893
2 4503 11465
1 7395 -1000000000
1 14879 -1000000000
1 2541 1000000000
2 1014 17145
2 10341 16454
2 8168 9278
2 19722 529
2 1980 310
2 14159 10310
2 10628 19324
2 11921 8509
1 3426 1000000000
1 3757 -1000000000
2 2692 13746
1 3773 1000000000
2 9233 2463
2 14581 9965
2 13029 9010
1 3341 1000000000
2 5435 1130
1 8384 1000000000
1 5532 -1000000000
1 3126 -1000000000
2 5245 2567
2 10124 7722
2 19638 14499
1 990 1000000000
1 17817 1000000000
1 16881 1000000000
2 14699 13785
1 457 -1000000000
2 16984 6402
2 18393 6699
2 14187 1731
1 14742 1000000000
2 9564 12517
2 2715 2636
2 4407 13931
1 9649 1000000000
2 4507 14002
2 5237 16137
1 6226 -1000000000
2 6019 12026
1 18059 -1000000000
1 14974 -1000000000
2 11442 16920
2 5961 4896
2 1422 3257
1 12581 1000000000
2 11201 10741
2 3396 17887
2 18 4100
2 11612 19862
2 4162 11690
2 3938 16168
1 2434 -1000000000
2 7096 3551
2 15082 13548
2 8355 17536
2 18539 8080
1 13204 -1000000000
1 19713 1000000000
2 9008 4786
2 1643 7219
1 18285 -1000000000
2 14306 8155
2 3651 5399
2 8249 14141
1 7129 -1000000000
1 3929 1000000000
1 3486 1000000000
2 304 18055
1 11675 -1000000000
2 11345 8355
1 13455 1000000000
2 12542 17669
1 158 -1000000000
2 17537 1000
1 398 1000000000
1 16717 1000000000
1 13975 -1000000000
2 11137 9336
1 14193 1000000000
1 15150 -1000000000
2 8463 9036
1 18904 -1000000000
2 11429 11595
1 129 -1000000000
2 2166 9820
1 18820 -1000000000
2 7779 9959
2 17642 10305
2 17808 2297
2 5882 4797
1 17262 1000000000
2 11533 11302
1 19962 -1000000000
1 10801 -1000000000
1 18899 -1000000000
1 2377 1000000000
2 14505 16365
2 15426 789
2 7059 10698
1 5728 -1000000000
2 9494 14532
2 19350 4576
1 8565 -1000000000
2 5473 16116
2 13397 7391
2 6584 4078
2 8426 5999
2 5029 18681
1 14772 -1000000000
1 8939 -1000000000
2 2043 30
2 14843 16862
1 15001 -1000000000
2 12335 18457
1 102 -1000000000
2 1172 10336
2 6916 3746
1 18962 1000000000
2 16568 3872
1 17247 1000000000
1 17959 1000000000
1 13752 1000000000
2 7370 12361
1 12100 1000000000
2 17845 5168
1 5028 1000000000
2 5807 18241
2 9101 7696
2 14024 14819
2 11244 18417
2 14983 2811
1 13852 1000000000
1 10992 -1000000000
1 10331 -1000000000
2 1024 1013
1 18478 -1000000000
2 17090 12133
2 9038 14308
1 5244 1000000000
1 432 1000000000
2 8702 11942
1 6720 -1000000000
1 11832 -1000000000
1 3729 1000000000
2 9566 18990
2 20 13253
2 8694 835
2 16389 17921
1 13700 -1000000000
1 8757 1000000000
2 12627 15510
1 1251 1000000000
1 1388 -1000000000
1 10769 -1000000000
1 19760 1000000000
1 19604 1000000000
1 14679 -1000000000
1 1170 -1000000000
1 7957 1000000000
2 12247 10384
1 19896 1000000000
1 3226 1000000000
1 11892 -1000000000
1 1599 1000000000
1 10412 -1000000000
2 2649 2583
1 11482 1000000000
1 260 -1000000000
1 5150 -1000000000
1 3641 1000000000
2 15236 9361
1 15122 1000000000
2 2039 5038
1 15183 -1000000000
1 13562 1000000000
1 18001 1000000000
1 10034 -1000000000
1 5642 -1000000000
1 14076 1000000000
2 8564 14018
1 10464 1000000000
2 1941 3037
2 3546 14383
1 1046 -1000000000
1 12822 -1000000000
2 18367 5043
2 18137 2140
1 10795 1000000000
1 7152 1000000000
2 16108 16841
1 12363 1000000000
1 14638 -1000000000
2 3456 6129
1 15471 -1000000000
1 19149 1000000000
1 14621 1000000000
1 15306 1000000000
2 6460 11881
2 5330 12896
1 12209 1000000000
2 15459 18687
2 4080 16652
2 19128 17564
2 5468 19076
2 9939 6344
1 13461 -1000000000
1 10594 1000000000
2 14371 8807
2 3015 8485
1 4038 -1000000000
2 14089 9192
1 4033 1000000000
2 610 927
2 18826 2644
1 13504 -1000000000
1 11978 1000000000
1 19716 -1000000000
2 2964 18160
2 16736 11004
1 19839 1000000000
2 1156 6592
1 14145 1000000000
2 3257 4929
1 1604 -1000000000
2 12261 12286
2 18164 18360
2 18740 1678
1 16660 -1000000000
1 5779 1000000000
1 10967 -1000000000
2 4219 19574
2 5843 5427
1 14259 -1000000000
1 2978 1000000000
1 8758 -1000000000
2 2455 8348
1 1 -1000000000
1 8733 1000000000
2 10627 2077
2 13641 19841
2 16702 8486
2 5503 16010
2 10127 566
1 11658 1000000000
2 7177 12355
1 10238 1000000000
1 4677 1000000000
2 7757 1976
1 9823 -1000000000
2 13323 18404
1 12041 1000000000
2 2706 19887
2 12856 18578
1 889 -1000000000
1 6404 -1000000000
2 722 19011
2 11774 16321
2 3532 2974
2 2462 2926
1 7142 1000000000
1 6955 1000000000
2 13915 299
1 2447 -1000000000
1 18968 -1000000000
2 15623 17457
1 14151 -1000000000
2 18139 1002
2 9665 16031
2 11244 8810
1 11030 -1000000000
1 17154 -1000000000
1 1732 -1000000000
2 2086 8138
1 17852 1000000000
1 3335 -1000000000
1 14309 -1000000000
2 3430 3946
2 815 6872
2 7525 13921
2 1491 9148
2 15227 9052
1 6721 -1000000000
1 13346 -1000000000
2 5852 222
2 14576 9366
1 3410 1000000000
2 12497 8916
2 481 15984
2 14535 12037
1 18434 1000000000
1 15343 1000000000
2 3479 14459
1 12662 -1000000000
2 3541 5769
2 13526 14462
1 8860 1000000000
2 18974 8579
2 10968 9201
2 11859 7085
2 11021 17720
1 14026 1000000000
1 16709 -1000000000
2 990 12658
2 13089 8716
2 6409 3715
2 16268 15221
2 12234 5239
1 5025 -1000000000
1 8044 -1000000000
1 14954 1000000000
2 1887 18355
2 3292 9792
1 8445 -1000000000
2 2717 459
2 6264 19381
1 6196 1000000000
1 19583 -1000000000
2 9897 16434
2 14325 9872
2 17074 7867
2 9575 2309
2 8658 17645
2 123 7076
1 5637 -1000000000
2 14510 16115
2 6048 8600
2 11766 6256
1 2810 1000000000
1 169 1000000000
1 14477 -1000000000
1 7158 1000000000
1 13944 1000000000
1 17428 1000000000
2 11600 4976
2 13444 1089
1 15602 1000000000
1 3971 -1000000000
1 7611 -1000000000
2 2359 9159
1 1876 -1000000000
2 16467 7622
2 13061 1743
1 10447 1000000000
1 4850 -1000000000
1 993 -1000000000
2 524 9746
2 4670 10360
2 5094 9885
2 6804 3877
1 19423 1000000000
2 9627 14653
2 8400 16873
2 16149 1793
1 15559 -1000000000
1 2342 1000000000
2 5517 8493
2 15664 2675
2 8701 19856
2 1916 10557
1 4386 1000000000
1 12596 -1000000000
1 2442 1000000000
1 13115 1000000000
1 17126 1000000000
1 6776 1000000000
2 7534 12896
1 7724 -1000000000
2 15385 2325
1 12254 1000000000
2 625 5340
1 10488 -1000000000
2 1887 16247
2 5668 4986
1 14259 1000000000
1 6621 1000000000
2 17495 14998
2 937 13893
2 12598 9693
1 19445 1000000000
2 14457 5007
1 4032 -1000000000
1 3478 -1000000000
2 1393 10142
1 2169 -1000000000
2 13986 9624
2 18161 2115
2 12482 1123
1 8703 -1000000000
1 814 1000000000
1 2209 -1000000000
1 12832 -1000000000
2 15093 19721
2 14045 829
1 16953 1000000000
2 970 6537
1 13218 -1000000000
2 2683 4484
2 18218 19215
2 17268 8950
2 19045 19045
2 19396 4659
2 12763 2513
1 14013 -1000000000
2 9788 12114
2 11642 10216
1 1052 1000000000
2 13257 10825
1 14406 1000000000
2 16381 2423
1 8859 1000000000
1 124 1000000000
2 1229 5150
2 2031 13391
1 11177 -1000000000
2 12905 1752
2 19199 8222
2 4924 18593
2 16129 11891
2 16795 7547
2 19790 7120
1 18420 -1000000000
2 2077 1107
2 9870 10216
2 7432 2857
1 17068 1000000000
2 8997 19732
1 2243 -1000000000
2 1748 2918
1 9765 1000000000
1 4820 1000000000
2 18490 16669
1 49 -1000000000
1 1696 -1000000000
1 16750 -1000000000
2 8314 15765
1 10284 1000000000
1 18883 -1000000000
1 3270 -1000000000
2 252 9166
2 9830 11894
1 19151 1000000000
2 2562 7597
1 15450 -1000000000
2 8954 13867
1 1181 1000000000
1 18797 1000000000
1 13277 -1000000000
1 15974 1000000000
2 3231 19042
1 13161 -1000000000
1 14899 1000000000
1 19467 -1000000000
1 4745 -1000000000
1 653 1000000000
2 2432 1990
2 13740 17749
2 16764 18849
2 1155 3416
2 888 6597
1 10646 -1000000000
2 16969 15462
1 8375 -1000000000
2 15066 4389
2 19481 13419
2 8734 4517
2 18492 5846
2 17574 16887
2 19361 9226
2 9906 1311
1 11068 -1000000000
1 13466 -1000000000
1 18703 1000000000
2 19293 4104
2 2224 14148
2 17286 89
1 1133 1000000000
1 9528 1000000000
2 11990 9734
2 18974 18413
1 13069 -1000000000
2 13197 9342
1 19859 -1000000000
1 12295 -1000000000
2 2360 7852
1 9609 -1000000000
2 13567 2113
1 11956 1000000000
1 8634 1000000000
2 19699 19166
2 3011 18130
2 19388 3287
2 13056 9362
2 1843 16038
1 178 -1000000000
2 2443 1755
1 14630 1000000000
2 6143 12657
2 9419 17065
1 17131 -1000000000
2 9114 2971
2 4754 9514
2 18033 9686
1 3049 1000000000
2 1815 333
1 15424 -1000000000
1 7888 -1000000000
1 12760 1000000000
1 14156 1000000000
1 14922 1000000000
2 7791 11066
1 15020 1000000000
1 16200 -1000000000
1 4463 -1000000000
2 9599 5659
2 11849 10910
1 966 -1000000000
1 17731 -1000000000
1 7979 1000000000
2 11940 13787
1 1198 -1000000000
2 17456 7056
1 4322 1000000000
1 4587 1000000000
1 15195 1000000000
2 19871 14159
1 13577 1000000000
2 18195 11769
1 18584 1000000000
2 5679 17481
2 12199 7127
1 13559 -1000000000
2 18110 1555
2 14112 10312
2 7031 2934
1 12669 1000000000
1 11913 1000000000
1 14508 -1000000000
1 2912 -1000000000
1 15786 1000000000
1 4886 1000000000
2 11183 11555
2 5053 4864
2 17519 18681
1 18406 1000000000
1 2331 1000000000
1 11201 -1000000000
2 18610 15262
1 6010 -1000000000
2 4396 4127
2 6442 17444
2 799 3723
1 10079 1000000000
2 6530 6504
1 3226 -1000000000
1 10065 -1000000000
1 9423 -1000000000
2 12479 2898
2 1502 14060
2 3765 4600
1 9448 1000000000
1 600 1000000000
1 2060 1000000000
1 18581 -1000000000
2 18553 4416
1 1596 -1000000000
2 5243 406
2 19065 244
1 16867 1000000000
2 10271 17333
1 3928 -1000000000
2 1947 3542
2 19438 9658
2 4966 3552
1 1215 1000000000
1 3272 -1000000000
1 15279 -1000000000
2 169 12235
1 14547 1000000000
1 3050 -1000000000
1 15406 1000000000
1 3069 1000000000
1 17199 1000000000
1 9541 1000000000
1 5248 1000000000
2 3097 18929
1 2371 1000000000
1 18759 -1000000000
2 17517 830
2 12935 6178
2 2579 17306
1 4952 -1000000000
2 5308 492
1 13413 -1000000000
1 5296 -1000000000
1 5165 -1000000000
2 19342 15209
2 18395 5951
2 9766 2994
2 7139 13997
1 8799 -1000000000
2 12063 2295
2 11702 1730
1 18987 1000000000
1 7265 -1000000000
2 3983 585
2 17247 15633
2 5864 16133
1 8913 -1000000000
1 1439 1000000000
2 6187 4686
1 832 -1000000000
2 8032 19413
1 10469 -1000000000
1 11138 1000000000
2 19531 4486
2 7891 8132
2 18081 18202
1 10926 -1000000000
2 6417 4475
2 6627 18595
1 11413 1000000000
2 53 5190
2 9814 1268
2 9824 11627
2 9154 18019
2 6487 10905
2 8295 10508
1 6880 -1000000000
2 12994 4377
1 15655 -1000000000
1 16140 -1000000000
2 970 505
1 15755 -1000000000
2 2848 8141
1 12363 -1000000000
2 14883 16508
2 5069 9918
1 3504 1000000000
2 19825 6945
2 5117 12208
1 18781 -1000000000
1 14445 -1000000000
1 17386 -1000000000
2 13466 9730
2 14233 9673
2 3839 14058
2 18947 14145
2 18388 1421
1 10556 1000000000
1 4882 1000000000
1 19228 -1000000000
1 1271 -1000000000
1 9660 -1000000000
1 4041 -1000000000
1 15025 -1000000000
1 11143 1000000000
2 5280 10249
2 16446 4106
2 10682 18598
1 10441 1000000000
1 16552 -1000000000
2 12837 13187
1 2207 1000000000
2 1833 5925
1 19948 -1000000000
2 12607 9712
1 10352 1000000000
1 2436 -1000000000
2 17556 19170
2 7013 3863
2 16336 2764
1 11974 -1000000000
1 3272 1000000000
2 16116 6084
1 3859 1000000000
2 12780 19118
2 14105 8813
1 2274 1000000000
1 2972 1000000000
2 6581 18578
2 18124 1109
1 3071 -1000000000
2 5302 18011
2 7194 2037
2 8021 3026
2 18584 16541
1 17399 1000000000
2 3022 10775
1 15604 1000000000
1 8232 -1000000000
1 13722 -1000000000
2 8612 17795
2 5264 790
1 2348 1000000000
1 8861 1000000000
1 4553 1000000000
2 3404 16965
2 18644 473
1 17532 1000000000
2 14791 5615
1 13729 1000000000
1 14372 1000000000
2 17130 15652
1 6368 -1000000000
1 1955 1000000000
1 1956 1000000000
1 2137 -1000000000
1 4079 1000000000
1 14085 -1000000000
2 3933 12230
1 4320 -1000000000
1 1808 -1000000000
1 1570 -1000000000
2 11979 18765
1 15611 -1000000000
1 15425 -1000000000
1 18260 -1000000000
1 14881 1000000000
2 10165 5057
1 16286 -1000000000
2 6979 3309
2 15729 18339
1 8828 1000000000
2 5977 11425
1 8819 -1000000000
2 11386 19856
1 13545 -1000000000
2 8407 16264
1 5072 1000000000
1 17526 -1000000000
2 13182 2209
1 14011 1000000000
2 9311 8911
1 7102 -1000000000
2 1397 14487
2 15402 2782
2 7349 12030
1 13514 -1000000000
2 2268 13650
1 7680 1000000000
2 14216 11589
1 7030 -1000000000
2 393 17655
2 19225 629
1 15711 1000000000
1 17241 1000000000
1 19885 1000000000
1 17265 -1000000000
1 6150 1000000000
1 17894 -1000000000
1 10963 -1000000000
2 12359 2719
2 7087 17892
1 12668 -1000000000
2 10893 1666
2 419 5801
1 14302 -1000000000
1 16924 -1000000000
2 19409 348
2 10378 480
1 2188 -1000000000
1 15264 1000000000
2 18119 14545
2 10920 7721
2 4038 795
1 13858 -1000000000
2 849 614
2 4946 2080
2 6989 12720
1 12723 -1000000000
2 12959 607
2 5800 4664
2 2119 10306
1 5098 1000000000
1 17624 1000000000
2 8459 11515
1 15194 1000000000
1 1420 1000000000
1 5832 -1000000000
1 9397 -1000000000
1 17501 1000000000
2 15111 19000
1 15914 -1000000000
2 2137 15801
1 1077 1000000000
2 7482 2017
1 3786 -1000000000
1 5375 1000000000
1 18423 -1000000000
1 2517 -1000000000
1 12240 -1000000000
1 923 1000000000
1 15927 1000000000
1 3606 -1000000000
2 7349 13065
1 16100 -1000000000
2 14773 3892
2 11848 3349
1 14846 1000000000
1 12151 1000000000
2 5974 5055
1 225 -1000000000
2 14850 7687
1 2153 1000000000
1 1095 -1000000000
1 15392 1000000000
2 10673 10676
1 11035 1000000000
2 19805 16953
1 4016 1000000000
1 13218 -1000000000
2 15811 10690
2 12635 18015
2 11241 3986
1 16178 -1000000000
2 7942 17823
1 5087 1000000000
1 14495 -1000000000
1 12651 -1000000000
2 654 5183
1 1662 -1000000000
2 6333 17712
2 7451 17597
1 16761 1000000000
2 2025 4117
1 13131 1000000000
1 9119 1000000000
1 8460 1000000000
1 10407 -1000000000
1 14286 -1000000000
1 15248 1000000000
1 28 -1000000000
1 11891 1000000000
1 6147 1000000000
2 15669 13160
2 15214 19924
1 17331 -1000000000
2 6778 2220
2 16559 3948
1 13113 1000000000
2 4173 5676
2 11021 13453
2 15948 16223
1 6602 1000000000
2 8979 15688
2 19091 1620
1 8357 1000000000
1 178 -1000000000
2 13568 8638
1 17542 1000000000
1 16822 1000000000
2 14105 3122
1 9320 -1000000000
2 7064 2546
1 6916 -1000000000
2 2081 8620
1 12744 1000000000
1 2918 -1000000000
2 15432 12490
2 10675 861
2 12456 7438
2 10239 9061
2 11911 18961
2 9805 9952
1 18759 1000000000
2 2774 12777
2 13469 1756
1 2040 1000000000
1 12145 -1000000000
2 15322 1665
2 11411 14591
2 19281 9156
2 10331 11773
1 19153 -1000000000
1 4003 1000000000
2 13026 10929
2 9687 15241
1 14962 1000000000
1 3666 -1000000000
1 3505 -1000000000
2 9458 12834
2 15567 13253
1 14213 -1000000000
2 19817 9239
2 2550 10540
1 1310 -1000000000
1 3116 -1000000000
2 1598 8549
2 11144 18879
2 16279 15361
1 18591 -1000000000
1 17504 1000000000
2 4554 15785
2 11991 19860
2 12433 19848
1 14094 -1000000000
2 12099 4148
1 14279 -1000000000
1 12903 1000000000
2 4044 14061
2 3406 11399
2 16441 11327
2 9776 17496
1 12302 1000000000
1 6062 -1000000000
2 12950 16154
1 8484 -1000000000
2 12549 7075
2 5777 17015
2 17598 992
1 13938 1000000000
1 14625 1000000000
2 8541 5461
2 1136 10886
2 3695 4323
2 19513 17119
1 19321 -1000000000
2 12115 3908
1 6681 -1000000000
1 12769 -1000000000
1 17218 1000000000
2 17349 1289
2 4182 9598
2 16411 2290
2 17153 10565
1 13029 -1000000000
1 12456 -1000000000
2 14091 15680
2 19125 16198
1 11879 1000000000
1 799 -1000000000
1 2712 1000000000
2 11320 390
2 5066 18505
1 16179 -1000000000
1 7927 1000000000
2 1894 17016
2 5477 5253
2 15955 4601
2 10595 9219
2 15397 13075
1 19277 -1000000000
2 14208 7760
1 15958 1000000000
2 7190 1169
2 12227 13499
1 6743 -1000000000
2 7013 10621
2 13328 18107
1 9870 1000000000
1 19856 -1000000000
2 14954 19613
1 18047 -1000000000
1 16612 -1000000000
2 5537 7889
1 4819 1000000000
2 11065 808
2 4576 2299
2 8180 16274
1 12889 -1000000000
2 6591 8058
2 11754 10458
2 5692 3700
2 10676 11429
2 8781 17973
1 15717 -1000000000
1 6926 -1000000000
2 19568 2827
1 17692 1000000000
1 3089 1000000000
1 12008 1000000000
2 7125 11887
2 5066 18819
2 8759 2993
1 6804 1000000000
2 3034 2436
1 18744 1000000000
2 8739 18438
1 5820 -1000000000
1 6068 -1000000000
2 1776 16559
2 16367 1584
1 16726 1000000000
2 7543 13546
1 17041 -1000000000
1 7499 1000000000
2 13284 19711
2 16217 4638
2 15026 10005
1 15547 -1000000000
2 16192 3445
1 15898 1000000000
2 4201 10594
2 18634 2432
2 4749 11075
1 8820 1000000000
1 12981 1000000000
2 9132 12400
1 5159 1000000000
1 664 1000000000
2 5112 10118
2 19172 10058
2 18908 1499
2 18461 9211
2 1623 12548
2 3310 6452
1 9917 -1000000000
2 14207 18693
1 12894 1000000000
2 4265 12461
1 9318 -1000000000
1 1786 -1000000000
1 13686 -1000000000
1 3116 1000000000
1 14247 1000000000
1 3903 -1000000000
2 12498 9714
1 8996 -1000000000
2 4696 3719
1 16570 -1000000000
1 15194 1000000000
2 755 6798
1 16572 -1000000000
2 9362 19895
2 14235 12736
1 12241 1000000000
1 15208 -1000000000
1 9282 1000000000
1 266 1000000000
1 13464 -1000000000
1 3840 1000000000
2 2053 18154
1 6455 1000000000
2 15280 17408
2 4944 1515
1 19233 -1000000000
1 10834 1000000000
1 9534 -1000000000
2 18396 7172
1 10303 -1000000000
2 17326 3574
1 8103 1000000000
2 7637 7509
2 18903 18562
1 13981 -1000000000
2 9990 11998
1 532 1000000000
1 8944 1000000000
1 13436 1000000000
2 7357 4137
2 14463 7236
2 19291 13129
2 10069 4017
2 10437 6545
1 6055 -1000000000
2 16861 16147
1 6543 1000000000
1 17817 1000000000
1 3948 1000000000
2 16170 9665
2 10747 2427
2 11562 6806
1 967 -1000000000
2 2032 5228
2 18411 6643
1 13305 1000000000
2 1651 12864
1 19719 -1000000000
2 17839 3715
1 19148 1000000000
2 17227 12078
1 19274 1000000000
2 1069 8968
2 8370 12791
1 5770 -1000000000
1 5054 1000000000
1 18998 1000000000
2 14321 17918
1 8505 1000000000
2 11904 1115
1 15443 1000000000
1 8005 1000000000
1 5836 1000000000
2 5831 16190
1 2573 -1000000000
2 13193 5422
2 14278 13599
2 10756 19357
2 6777 16473
2 13181 14521
1 741 1000000000
2 12610 11399
1 6250 -1000000000
2 9985 4818
1 2130 -1000000000
2 16495 8962
1 15648 -1000000000
2 11071 12215
1 8163 -1000000000
2 10070 3735
1 1272 1000000000
2 12651 13516
2 14346 12970
1 15970 -1000000000
2 4784 5970
2 18510 11041
1 556 -1000000000
1 6397 1000000000
1 8641 1000000000
2 3280 19818
1 2279 1000000000
1 3462 1000000000
1 11475 -1000000000
2 11497 1180
2 3110 11840
1 11852 -1000000000
1 4372 -1000000000
2 19088 14404
2 4278 9071
2 5595 2968
2 13330 13051
2 1869 1388
2 77 17098
2 16133 1449
1 2963 1000000000
2 5254 2442
1 10641 1000000000
2 13269 8836
1 14464 1000000000
1 10979 -1000000000
2 10040 1177
1 18984 -1000000000
2 7914 7732
2 10646 19932
2 10797 5981
1 13035 1000000000
2 236 6760
1 17394 -1000000000
1 7329 1000000000
1 1844 -1000000000
1 11998 -1000000000
2 11445 730
1 14797 -1000000000
2 9949 16914
1 17107 -1000000000
1 13672 -1000000000
2 14167 10942
1 8575 1000000000
1 9280 1000000000
2 9991 13763
1 5664 1000000000
1 6767 1000000000
1 8858 -1000000000
2 6955 14965
2 6346 15705
2 17957 12672
2 1574 198
1 13064 1000000000
1 6337 1000000000
1 5065 -1000000000
1 10801 -1000000000
1 11195 -1000000000
2 1924 8859
1 2367 -1000000000
2 1068 4108
1 14639 -1000000000
2 8785 5464
1 14650 1000000000
2 15763 1221
1 5586 1000000000
1 7962 1000000000
2 1775 9999
2 3740 16500
2 19440 15884
2 13465 14336
2 15594 15707
2 12387 12481
2 2422 14626
2 8253 17064
1 17186 -1000000000
2 12340 18876
1 9172 1000000000
2 9383 18647
2 9352 19242
2 18596 7898
1 8300 1000000000
1 7054 1000000000
1 7719 1000000000
1 14999 1000000000
1 2927 -1000000000
1 3176 1000000000
1 12660 -1000000000
1 6680 1000000000
2 10811 10625
1 7495 1000000000
2 6260 12347
2 17003 16765
1 1299 1000000000
1 6412 -1000000000
2 8736 1878
1 18859 -1000000000
2 15862 4422
2 6197 8844
1 3818 -1000000000
2 13853 392
1 13071 1000000000
1 5086 -1000000000
2 14360 1372
2 13012 8691
2 18746 6611
2 18576 4364
2 14069 8569
1 12405 -1000000000
2 12219 9198
1 19129 -1000000000
2 17046 4559
2 4812 1398
2 10536 9575
1 619 -1000000000
1 14932 1000000000
1 7398 1000000000
1 1222 1000000000
1 7962 1000000000
2 14492 5059
1 4331 -1000000000
1 3702 1000000000
1 17746 1000000000
1 14538 1000000000
1 15095 -1000000000
1 12263 1000000000
1 6325 1000000000
2 18863 9551
2 16020 14967
1 18477 -1000000000
1 10685 1000000000
2 256 12196
2 1299 4764
2 5970 18189
1 15189 1000000000
1 18364 -1000000000
2 4617 13699
2 187 4637
2 14789 19682
1 14900 1000000000
2 9246 8181
2 12662 18419
1 19881 1000000000
2 18435 19825
2 4908 10566
1 17982 -1000000000
1 4576 -1000000000
1 8808 1000000000
2 9894 1229
1 6214 1000000000
2 18676 401
2 4445 18014
2 8493 890
1 1835 -1000000000
1 3699 1000000000
2 8495 3201
2 10894 6259
1 5192 -1000000000
1 9916 -1000000000
2 18921 13618
2 15207 14998
1 3602 1000000000
1 2710 1000000000
2 9892 11318
1 19174 1000000000
2 11779 10323
1 11011 -1000000000
2 6079 13509
1 18956 1000000000
2 14732 1545
1 12180 1000000000
2 16832 6628
1 3717 1000000000
1 15059 1000000000
2 8604 12391
2 18079 17720
2 11293 13591
2 1268 19972
2 7826 10077
1 8532 -1000000000
1 8921 1000000000
2 1038 17552
1 2288 1000000000
2 11683 17644
2 10312 2426
1 13699 -1000000000
1 2964 1000000000
2 17749 4261
2 2877 6019
2 9400 10662
2 18511 11662
1 12942 1000000000
2 19417 19966
1 8733 -1000000000
2 17244 14797
1 18628 1000000000
1 6758 1000000000
2 19028 8360
1 15497 -1000000000
1 4396 1000000000
1 2127 1000000000
2 1916 10745
2 4621 11666
1 6250 1000000000
2 7937 13799
1 17238 -1000000000
1 16580 1000000000
2 12252 19589
2 1756 10022
1 7963 1000000000
1 18461 -1000000000
1 1202 1000000000
1 4647 -1000000000
2 12188 3461
2 4276 9837
2 16116 3279
2 3393 14018
1 4297 -1000000000
1 8376 -1000000000
2 1594 17028
1 4008 -1000000000
1 16901 1000000000
1 10551 1000000000
2 2853 16342
2 500 10472
2 7631 6696
1 1046 1000000000
2 8147 12549
2 1627 13295
2 19434 8939
2 11148 14177
2 736 13668
1 8302 -1000000000
1 16357 1000000000
1 1201 -1000000000
2 16438 10369
1 11112 -1000000000
2 14566 1817
1 16164 -1000000000
2 1340 13202
2 2481 6123
2 14713 7371
1 5978 1000000000
1 6990 1000000000
1 12401 1000000000
2 16646 3316
2 8778 11371
2 9056 11293
1 1830 -1000000000
1 5297 -1000000000
1 18577 1000000000
2 10395 14917
2 14933 7331
1 10860 -1000000000
2 4673 15391
2 556 12944
2 10007 18771
2 12150 18540
2 5884 4522
2 4936 16841
2 15039 2502
1 16125 -1000000000
1 18387 -1000000000
2 2399 14448
2 16714 6702
2 3103 594
2 14310 13422
2 8534 12768
1 3636 1000000000
2 7701 13640
2 13805 17032
2 10053 16231
2 17034 6080
1 7767 1000000000
2 14887 17599
2 5267 19447
1 8618 -1000000000
1 7388 -1000000000
2 2174 10442
2 14294 7078
2 15675 15755
2 19622 5861
2 10005 5668
1 11711 1000000000
1 10149 -1000000000
1 12764 1000000000
2 17669 13817
1 3209 -1000000000
2 19525 6805
2 11106 11325
2 19430 5749
2 6232 6796
2 3668 8084
1 17647 1000000000
1 16728 -1000000000
1 4205 1000000000
2 19624 11023
2 4017 1546
2 15376 7405
2 7235 4258
1 1316 1000000000
2 12017 1325
2 571 12894
2 4606 18606
2 4412 10934
1 5829 -1000000000
2 6345 7367
1 7287 1000000000
2 18035 17454
1 13070 1000000000
1 9904 -1000000000
2 14854 4997
1 6602 -1000000000
1 5849 1000000000
2 13826 16712
1 13989 -1000000000
1 6289 -1000000000
2 16825 8579
1 340 -1000000000
1 19686 1000000000
1 4368 1000000000
1 11652 1000000000
1 19459 -1000000000
2 3213 9471
2 955 15792
2 14242 5093
2 2862 9123
2 492 171
1 10171 1000000000
2 16188 701
1 7681 -1000000000
2 19549 9680
2 5027 19028
1 5474 -1000000000
1 13030 1000000000
2 9624 1476
1 4180 1000000000
1 12405 1000000000
2 4860 16079
1 10965 1000000000
1 1572 -1000000000
1 15225 -1000000000
2 11573 4598
1 6743 1000000000
1 7574 1000000000
2 4811 363
2 6891 17535
1 321 1000000000
1 8581 1000000000
2 9727 13085
1 13863 1000000000
1 950 -1000000000
1 5581 1000000000
2 17130 19844
1 18519 -1000000000
1 6728 -1000000000
2 3587 8221
1 4932 -1000000000
2 11772 11860
2 11123 18496
1 4573 1000000000
2 17890 9931
2 461 5342
1 11093 -1000000000
1 13553 1000000000
2 1198 6994
1 11008 -1000000000
2 11671 18926
2 11981 14496
1 2156 1000000000
2 7561 18377
2 17959 7538
2 505 9032
2 1262 17050
2 1960 9847
2 8115 17451
1 2905 1000000000
1 9640 -1000000000
1 18295 1000000000
2 19851 7589
2 14486 9830
1 989 -1000000000
2 592 5802
2 6478 9358
2 15669 19619
1 1608 1000000000
2 14940 3586
2 7181 18509
2 7272 12501
2 15076 6144
2 17347 7791
1 19160 -1000000000
2 7257 7359
1 6905 -1000000000
1 16431 -1000000000
1 15330 1000000000
2 9635 16571
1 1700 -1000000000
1 6605 -1000000000
1 5874 1000000000
1 6699 -1000000000
1 14135 -1000000000
1 5298 1000000000
2 12743 14496
2 15240 15913
1 12501 -1000000000
1 8120 1000000000
2 8853 14859
2 6159 16108
1 7798 1000000000
2 5498 18961
2 1486 19750
2 14836 1416
2 3822 15608
2 4284 12298
2 7877 9442
2 8414 7242
2 2663 7351
2 405 6738
1 6809 -1000000000
1 13001 1000000000
1 18488 -1000000000
2 3948 4491
1 10540 1000000000
2 2214 7984
2 16251 18022
2 17449 10139
2 14188 15257
1 18289 1000000000
1 3401 1000000000
1 13396 1000000000
2 1097 16245
2 2636 17557
2 15692 17478
1 1111 1000000000
1 3433 -1000000000
1 7774 1000000000
2 8894 11711
1 10644 -1000000000
1 2498 1000000000
2 3005 17220
2 9660 7881
2 19523 1272
2 9559 4301
2 8519 8781
1 16671 -1000000000
1 2037 1000000000
2 12334 9797
1 10116 -1000000000
2 9445 10809
2 4769 8416
2 1183 17067
2 9256 16114
2 12922 18146
2 5579 14069
2 8831 16275
2 7590 5156
1 8323 1000000000
1 7668 1000000000
1 17520 1000000000
2 18675 1858
1 5316 -1000000000
1 13751 -1000000000
1 19195 1000000000
1 12941 -1000000000
2 18902 3548
1 8718 -1000000000
2 13906 4693
1 19071 -1000000000
2 320 5281
2 4414 2949
1 2416 1000000000
2 11659 11548
1 5692 1000000000
2 5359 5499
1 11109 -1000000000
2 17408 1321
1 11921 -1000000000
1 5828 1000000000
1 17986 1000000000
1 715 -1000000000
2 8612 3237
2 3004 474
1 12437 -1000000000
1 14045 -1000000000
2 3304 1951
1 16435 1000000000
2 8907 2712
2 11959 11944
1 13057 1000000000
2 14880 8477
2 4404 9692
2 1416 4844
2 3143 8234
1 7005 1000000000
2 3792 10526
1 7779 -1000000000
2 13965 6004
1 4498 -1000000000
2 11876 11324
2 9561 6131
1 208 -1000000000
1 2363 -1000000000
2 1356 11822
1 3610 -1000000000
1 12255 -1000000000
2 17484 1509
2 4801 9413
2 991 11592
2 13790 5428
2 16687 15058
2 3933 12495
1 9947 1000000000
1 19373 -1000000000
2 18529 688
2 449 9687
2 12906 10357
1 7543 -1000000000
2 17292 989
1 2754 -1000000000
1 5470 -1000000000
1 19336 -1000000000
1 14486 -1000000000
1 16719 1000000000
2 10819 12052
1 11550 -1000000000
2 10608 2092
1 13140 1000000000
1 19372 -1000000000
2 13117 7958
1 8257 -1000000000
1 7677 -1000000000
1 5573 1000000000
1 12307 -1000000000
1 11924 -1000000000
2 12926 10045
2 9768 16266
1 16721 -1000000000
1 3287 1000000000
2 744 2173
1 12165 -1000000000
1 8215 -1000000000
1 13812 1000000000
1 2154 -1000000000
1 19821 -1000000000
2 18577 5597
1 16779 1000000000
2 11953 13437
1 225 -1000000000
1 16728 1000000000
2 4737 10877
2 11072 10635
2 5796 2272
1 807 -1000000000
2 13113 6888
1 7233 1000000000
1 3140 1000000000
2 17633 6394
2 903 17211
2 7152 11869
1 6565 -1000000000
2 3643 4547
2 18708 17014
1 9019 1000000000
2 8908 3958
2 2134 16991
1 6242 -1000000000
1 2853 1000000000
1 4074 1000000000
1 10134 1000000000
2 2732 17354
1 8337 1000000000
2 12737 12626
2 15324 1096
1 18937 1000000000
2 14965 15915
1 13335 1000000000
2 4182 17845
1 14462 1000000000
1 13703 1000000000
2 1274 17714
1 8402 1000000000
2 18327 18329
1 1273 -1000000000
2 6579 1753
2 19426 3073
2 9510 16531
1 1326 -1000000000
1 12501 1000000000
1 8445 1000000000
2 19460 3306
2 18137 10128
2 1494 2637
2 1358 11760
2 11990 7836
1 10590 -1000000000
2 19709 9854
2 13705 19559
1 7906 -1000000000
1 9254 -1000000000
1 17097 -1000000000
2 15085 19607
2 3279 2172
1 12645 -1000000000
1 15018 -1000000000
1 14239 1000000000
2 7342 1972
1 17131 -1000000000
1 296 1000000000
2 12874 17399
2 3884 18826
1 5264 -1000000000
1 17769 1000000000
1 8497 1000000000
1 19374 -1000000000
1 8651 1000000000
2 2515 18874
1 16009 -1000000000
1 3814 1000000000
1 8295 1000000000
1 9481 1000000000
1 12475 -1000000000
1 9164 -1000000000
2 11499 9675
1 18227 -1000000000
2 9027 9059
1 18748 1000000000
1 10753 -1000000000
1 14983 1000000000
2 17059 7274
2 12492 9259
2 269 6964
2 5817 1840
2 9445 7308
2 14949 8501
1 10738 -1000000000
1 15877 -1000000000
1 17667 -1000000000
2 18104 616
2 110 19257
1 6921 1000000000
1 9875 1000000000
1 19716 1000000000
2 15132 8282
1 18942 1000000000
1 17359 -1000000000
2 15078 18905
2 2172 1501
2 7165 1630
1 7951 1000000000
1 19922 1000000000
2 1273 6661
2 19323 7157
1 880 -1000000000
1 16306 -1000000000
2 13640 342
1 6262 1000000000
2 8770 19819
1 13228 -1000000000
1 162 -1000000000
1 12436 1000000000
2 17501 14169
2 12279 15309
1 15421 1000000000
2 15032 4587
1 17675 -1000000000
2 8854 19479
2 16785 909
1 1844 1000000000
1 12085 1000000000
1 8890 -1000000000
1 12625 1000000000
2 8221 18534
2 17432 1463
1 7779 -1000000000
2 18046 10828
2 1260 14678
1 17161 1000000000
1 2974 -1000000000
2 19289 7764
1 12048 1000000000
1 5032 1000000000
2 6799 5836
2 14464 3666
2 9174 6954
2 18566 19155
1 7421 1000000000
1 18838 1000000000
1 13587 -1000000000
1 536 1000000000
1 1906 1000000000
1 15107 -1000000000
2 10874 6915
2 14162 13914
2 4276 13448
2 18763 3934
1 9990 1000000000
1 9635 -1000000000
2 2355 8702
2 1945 2759
2 4538 7464
1 18824 1000000000
1 12354 -1000000000
1 1634 1000000000
1 10469 1000000000
1 17483 1000000000
1 16824 -1000000000
2 903 966
1 9820 1000000000
1 4193 -1000000000
2 14744 4128
2 13237 6873
1 8956 1000000000
1 10039 -1000000000
1 5536 1000000000
2 14378 14820
1 15666 -1000000000
2 10482 4846
1 3580 1000000000
1 7990 -1000000000
2 14278 8404
2 9005 19905
2 3932 5164
1 8201 1000000000
2 9534 9322
1 19225 1000000000
1 13494 -1000000000
2 13732 19130
1 17128 -1000000000
2 2686 256
1 9556 -1000000000
1 13452 -1000000000
1 2898 -1000000000
2 14208 10519
1 7588 1000000000
2 7482 5100
2 16411 14499
2 8164 15869
2 5398 7937
2 11513 1349
2 14903 6459
1 15927 -1000000000
2 5902 9393
1 18990 -1000000000
2 5671 4913
2 14660 2280
2 8614 15454
2 94 19921
1 2663 1000000000
1 10145 -1000000000
2 13497 6869
2 13977 6052
1 12976 -1000000000
2 3210 14120
2 14407 4801
1 9296 1000000000
1 15553 -1000000000
2 12607 11014
2 540 12682
1 9797 1000000000
1 3270 -1000000000
1 13132 -1000000000
2 772 10033
2 10566 7117
2 15840 3704
2 5677 8962
2 1493 10995
1 15199 1000000000
1 2784 -1000000000
2 19722 1951
2 378 11268
1 15316 -1000000000
2 1462 1891
2 11546 5365
2 3634 11781
1 1783 1000000000
2 3095 10633
1 16633 -1000000000
1 18092 1000000000
2 1999 13969
2 19185 13479
2 13024 2712
2 19271 500
2 4189 4181
2 13538 2060
2 7877 2611
1 1565 -1000000000
1 2187 -1000000000
1 19333 1000000000
1 11780 -1000000000
2 8283 9647
2 16661 10046
1 8610 1000000000
2 19945 11752
2 8524 1683
1 3660 1000000000
1 19477 -1000000000
1 18138 -1000000000
1 17164 -1000000000
2 14404 5166
1 15449 -1000000000
1 6189 1000000000
1 11146 1000000000
1 10019 -1000000000
1 9802 -1000000000
1 19959 -1000000000
1 1929 -1000000000
2 898 8492
1 6270 -1000000000
1 8938 1000000000
2 1828 10523
2 17451 18288
2 17204 15329
2 7575 17589
2 5921 17264
1 4777 1000000000
2 18340 3391
1 9157 -1000000000
1 8410 1000000000
1 2574 -1000000000
1 18476 1000000000
1 7643 1000000000
2 5061 18468
2 2392 5525
1 14076 -1000000000
1 14127 -1000000000
1 3631 1000000000
2 14349 18239
1 2422 -1000000000
2 7609 10120
1 15276 1000000000
1 15400 1000000000
1 16375 1000000000
1 19327 1000000000
1 8273 1000000000
2 5607 19005
2 12364 18033
2 8645 5871
1 589 -1000000000
1 4066 -1000000000
2 7614 19187
1 16605 -1000000000
2 16671 9247
2 12137 7204
2 10246 4889
1 13750 -1000000000
2 11587 14550
2 14 7950
1 7988 -1000000000
1 11787 1000000000
2 810 4131
1 16444 1000000000
2 13057 7902
2 15886 13624
1 1150 -1000000000
2 3659 14794
1 7387 -1000000000
1 19708 -1000000000
2 15569 19546
2 5063 12294
1 17743 -1000000000
1 8960 -1000000000
1 12750 -1000000000
1 3869 -1000000000
2 13992 10615
1 18760 -1000000000
1 4053 -1000000000
2 4763 534
1 3495 -1000000000
2 2700 11937
1 17560 -1000000000
1 2152 1000000000
1 11988 1000000000
1 1793 1000000000
2 6956 6847
1 17047 1000000000
1 5154 -1000000000
1 12189 -1000000000
2 11037 4338
1 15957 -1000000000
2 1857 9239
2 9678 6968
2 10197 16464
2 15910 4754
2 14471 10584
1 9451 1000000000
1 16141 1000000000
2 9771 3221
2 13544 13007
2 899 18601
2 10624 7963
1 11060 1000000000
2 15147 17339
1 14546 1000000000
2 8301 15870
2 5940 11140
1 6391 -1000000000
1 17926 1000000000
2 12596 13497
1 9673 -1000000000
2 4059 8362
2 15397 19572
1 10432 1000000000
2 17754 9889
2 8637 15729
1 4545 -1000000000
2 10641 13970
2 6340 18776
2 9222 10696
2 19698 10824
2 11905 7092
2 4977 4344
1 19559 1000000000
1 6002 1000000000
2 1440 1695
2 3131 6447
1 17518 1000000000
2 3826 10172
1 11061 -1000000000
1 1997 1000000000
1 1465 -1000000000
2 11031 15594
1 618 1000000000
2 13266 11120
1 18910 1000000000
2 2137 5317
2 2506 1520
2 8444 8162
1 15763 -1000000000
2 15879 16896
2 9993 9183
2 17800 18863
1 11463 1000000000
1 11249 1000000000
1 6903 1000000000
1 8472 1000000000
1 17385 -1000000000
2 11488 627
1 12670 1000000000
2 1824 1770
2 13511 14874
1 8880 1000000000
2 1036 794
2 5225 5324
1 6407 -1000000000
1 19175 -1000000000
1 15551 -1000000000
1 14033 1000000000
2 1515 9573
1 15376 1000000000
1 16331 -1000000000
1 12657 1000000000
1 8930 -1000000000
2 12787 12115
2 11221 4176
1 11960 -1000000000
2 16881 748
1 15191 1000000000
1 1830 -1000000000
1 11399 1000000000
1 4397 -1000000000
2 10607 11777
1 9426 -1000000000
1 2871 -1000000000
1 9974 1000000000
2 6479 4918
1 16727 1000000000
2 9436 18991
1 7568 1000000000
1 15242 1000000000
1 5014 -1000000000
2 15275 8775
1 11117 -1000000000
2 14160 7692
1 14145 1000000000
1 13556 -1000000000
1 16935 1000000000
2 11639 18205
2 16758 4212
1 19941 1000000000
1 19745 -1000000000
2 2010 13917
2 5673 3208
1 8657 -1000000000
1 18248 -1000000000
2 11963 4665
1 9990 -1000000000
1 11678 -1000000000
1 17381 -1000000000
1 17308 -1000000000
2 12746 13302
1 6262 1000000000
2 14606 12278
2 1679 6270
2 16510 60
1 5829 1000000000
2 9427 5749
2 14899 7114
2 12035 7420
2 11344 6124
1 6864 -1000000000
1 12768 1000000000
2 1436 5462
2 13763 7445
2 489 14511
1 4185 -1000000000
1 11825 1000000000
1 7328 -1000000000
2 19329 3086
1 10262 -1000000000
1 10389 1000000000
2 17180 9413
1 12768 1000000000
1 332 1000000000
1 3569 -1000000000
1 4588 1000000000
1 2086 1000000000
2 14645 4225
1 11685 -1000000000
1 11440 -1000000000
1 12342 1000000000
2 6920 18682
2 5742 13888
1 5132 1000000000
2 14026 13421
2 11587 17782
2 5884 16340
2 18227 19166
1 7577 1000000000
1 8013 -1000000000
2 4364 14652
2 10783 1120
1 4088 1000000000
1 16223 1000000000
2 17804 10551
2 7874 567
2 16665 5288
1 580 1000000000
1 12669 -1000000000
1 17562 -1000000000
1 135 1000000000
1 13631 1000000000
1 18573 -1000000000
1 6201 1000000000
1 11703 -1000000000
1 3672 1000000000
2 13348 10112
1 8802 1000000000
1 16105 -1000000000
2 2704 10799
2 7534 16142
1 13680 -1000000000
1 999 1000000000
1 7125 -1000000000
1 5176 1000000000
1 8319 -1000000000
1 9997 -1000000000
1 1199 -1000000000
1 8864 -1000000000
2 154 8923
2 18117 13911
2 8238 11784
1 8297 -1000000000
2 19144 5359
2 14288 15284
1 9658 -1000000000
2 19840 18796
2 2299 16001
1 4351 1000000000
1 13075 -1000000000
2 14955 16154
1 239 1000000000
2 18634 11244
1 13917 -1000000000
1 5795 -1000000000
2 14376 12412
2 3123 4172
2 17233 17918
1 6413 -1000000000
1 9523 1000000000
1 17483 1000000000
1 16968 1000000000
1 14442 1000000000
1 12027 1000000000
2 4959 8838
2 9354 184
1 19060 1000000000
1 870 -1000000000
1 14650 1000000000
2 3599 10292
2 3904 6740
2 11746 12980
1 9154 -1000000000
2 9410 11178
1 903 1000000000
1 9932 -1000000000
2 14720 7282
2 4196 12555
1 8216 -1000000000
1 1598 -1000000000
2 19687 17879
2 13635 17574
2 9340 12328
1 14455 1000000000
1 12820 -1000000000
2 868 15798
2 13062 5516
1 16093 1000000000
1 4022 1000000000
2 18467 15314
1 16866 -1000000000
2 37 55
2 10988 10619
1 6288 -1000000000
2 2431 16124
1 17431 1000000000
1 17023 1000000000
1 14091 1000000000
2 19972 13731
1 5894 1000000000
2 7365 5839
2 11114 19024
2 7090 18297
1 15807 1000000000
2 1016 14287
2 9966 8584
1 69 1000000000
2 9045 15837
1 19495 1000000000
2 14690 17975
2 2276 13833
2 14402 3996
1 18304 1000000000
2 6241 10013
2 2483 10756
1 16502 1000000000
1 842 1000000000
1 12659 -1000000000
1 12972 -1000000000
2 12603 9011
2 13825 12457
2 3501 4098
1 4349 -1000000000
2 8624 17479
2 8475 10691
1 873 1000000000
1 8439 1000000000
1 5753 -1000000000
2 1251 8639
1 17317 1000000000
2 1016 7876
2 16308 16306
2 14970 5252
2 13263 3357
1 15641 -1000000000
1 5518 -1000000000
1 15694 -1000000000
1 5813 -1000000000
1 9527 -1000000000
2 15384 5784
2 7087 12331
1 18444 1000000000
2 7285 18503
2 15536 1039
1 2460 1000000000
2 19223 11590
2 7581 19221
2 17999 10834
2 6182 13343
1 7314 1000000000
2 14578 426
2 15861 3609
1 3944 -1000000000
2 12723 18159
2 8011 299
1 844 1000000000
2 17922 9424
2 7110 4272
1 11206 -1000000000
2 11203 7896
2 10416 5216
2 1838 16839
2 19067 19206
1 379 1000000000
2 9924 328
1 5113 1000000000
2 12938 11969
2 15140 5359
1 4597 -1000000000
1 7074 1000000000
1 7638 -1000000000
2 12369 11634
2 14012 5991
2 15911 18817
2 17397 7586
1 943 1000000000
2 16497 16767
2 11158 17943
2 11084 10527
2 13175 3515
2 6940 13448
1 13093 1000000000
2 8522 8895
1 5607 -1000000000
2 1844 17267
1 19651 -1000000000
2 8606 14021
2 4959 5554
2 1876 2166
2 14070 4818
1 6175 1000000000
1 9035 -1000000000
1 10900 1000000000
1 8713 1000000000
2 16144 9273
1 12222 -1000000000
2 14061 1328
1 17571 1000000000
1 18617 1000000000
1 14552 1000000000
1 4424 -1000000000
1 2769 1000000000
1 2946 -1000000000
2 12098 9699
1 714 1000000000
1 9014 1000000000
1 2699 1000000000
2 14030 5910
1 6731 -1000000000
1 4540 -1000000000
2 13339 9231
2 15413 10967
2 12716 4703
2 9188 9333
1 2825 -1000000000
1 2978 -1000000000
1 9371 1000000000
1 18305 1000000000
1 4065 1000000000
1 4374 1000000000
1 11926 -1000000000
2 5824 14234
2 12389 5948
1 4381 1000000000
1 7971 -1000000000
1 14335 -1000000000
1 475 -1000000000
1 16376 -1000000000
2 2583 2706
1 11770 -1000000000
2 11784 9992
2 17823 17922
2 8967 19734
1 16912 1000000000
2 1116 10184
1 16986 1000000000
2 2420 8194
1 7934 1000000000
2 3748 3927
2 2244 410
1 17333 -1000000000
1 5015 -1000000000
2 19782 7205
1 10784 1000000000
2 1473 5245
1 14618 1000000000
1 2129 -1000000000
1 2151 1000000000
1 12747 1000000000
2 3187 13269
1 7296 1000000000
2 18837 4664
1 13772 -1000000000
2 5154 16963
2 2036 9073
2 11260 9186
2 1445 7166
2 5835 15539
1 6190 1000000000
2 18888 15513
1 14624 -1000000000
1 3705 1000000000
2 14953 139
2 15955 178
2 11980 16651
1 7942 -1000000000
2 12930 5829
2 12699 1395
2 7766 18287
2 5068 18167
1 11613 1000000000
2 6801 19301
2 15496 629
1 15052 -1000000000
2 8134 8190
1 14320 -1000000000
1 11597 -1000000000
2 9085 5965
2 3461 914
1 15617 1000000000
1 4957 -1000000000
2 16272 835
2 19742 2067
2 2885 6636
2 12785 13922
1 4048 -1000000000
2 853 10598
2 17604 7160
2 18600 8342
2 9080 315
1 8452 1000000000
2 18415 18690
2 13450 10304
2 11845 778
2 5729 6947
1 19418 -1000000000
1 1257 -1000000000
1 17799 -1000000000
1 14586 -1000000000
2 6749 16397
2 19217 4172
2 13033 4060
2 619 9608
2 11312 12136
1 98 -1000000000
2 3623 19171
2 5980 6136
2 5162 14218
1 18538 1000000000
1 13310 -1000000000
1 6477 -1000000000
1 6310 1000000000
1 15211 -1000000000
1 4253 -1000000000
1 16032 -1000000000
2 10119 13815
2 14548 14190
2 13745 765
1 16243 -1000000000
1 5419 1000000000
1 12064 -1000000000
1 19836 -1000000000
1 7253 -1000000000
1 29 1000000000
2 8291 4047
2 9833 1838
1 18996 -1000000000
1 9778 1000000000
2 8594 13388
2 3230 16637
2 19512 5276
1 9903 1000000000
1 12113 1000000000
1 11634 -1000000000
2 17964 19389
2 16834 18342
2 9787 7413
1 11627 -1000000000
1 1843 1000000000
1 4566 -1000000000
1 14958 1000000000
1 11525 1000000000
1 2397 -1000000000
2 10906 18850
2 19589 8447
2 16697 3141
2 12479 1722
2 14205 19297
2 10016 9787
1 6566 1000000000
1 5335 -1000000000
2 606 159
2 5223 5550
2 2298 70
1 7453 -1000000000
1 13255 1000000000
2 15201 14707
1 3750 1000000000
2 19037 19413
2 19939 8636
2 2444 10253
2 13012 12024
2 5370 524
2 18024 645
1 15334 1000000000
2 9941 16021
1 7897 -1000000000
2 12635 4632
1 14735 -1000000000
1 3408 -1000000000
2 14662 10137
2 19094 8899
2 5004 10384
1 17880 -1000000000
2 10823 319
2 11323 1835
2 756 7662
2 10061 776
2 9183 4949
2 7247 9577
1 7888 1000000000
1 9085 1000000000
2 7305 5989
2 7908 2676
2 1515 1959
2 5607 9624
1 15532 1000000000
2 14044 2453
1 13226 1000000000
1 17297 1000000000
1 10007 -1000000000
1 6258 1000000000
2 19686 2841
1 8641 -1000000000
2 11200 12124
1 18484 -1000000000
2 2408 18554
1 13911 -1000000000
1 4828 1000000000
1 7940 1000000000
2 5967 15282
2 8891 6747
1 10571 1000000000
1 13275 -1000000000
1 18673 -1000000000
2 17111 16723
1 15496 -1000000000
2 11569 18479
2 16894 12925
1 13710 1000000000
2 7095 15062
2 4005 13791
1 2119 -1000000000
2 11131 12315
2 18610 18660
2 2239 9566
1 15625 -1000000000
1 16760 -1000000000
1 19820 -1000000000
1 1576 -1000000000
2 13155 1581
1 18690 -1000000000
1 7111 1000000000
1 11357 -1000000000
2 9131 8846
1 6081 -1000000000
1 19784 -1000000000
2 9907 11610
1 17733 1000000000
2 12937 19807
2 18053 15659
1 13227 -1000000000
2 9232 8986
2 16912 10124
1 5952 -1000000000
1 16713 1000000000
2 667 11118
1 15902 -1000000000
1 8261 -1000000000
1 10900 -1000000000
1 1255 1000000000
2 4412 7697
1 4795 1000000000
2 7882 8688
1 9809 -1000000000
2 2894 18014
2 10418 8981
1 8779 1000000000
2 9818 6520
1 17314 -1000000000
1 17650 -1000000000
2 14473 11043
1 11179 -1000000000
1 6893 1000000000
2 10545 3122
2 304 15126
1 10883 -1000000000
2 15237 12121
1 8733 -1000000000
2 9370 1329
2 19442 3333
2 19756 19563
1 11067 1000000000
1 9400 1000000000
1 18438 -1000000000
2 12922 12544
2 10120 19031
2 17407 8959
1 19698 -1000000000
2 13239 9278
2 6723 11904
1 18135 1000000000
2 15757 11279
2 12530 16698
2 17012 5471
1 11225 1000000000
1 5156 -1000000000
2 7783 7424
2 9216 2420
1 11029 -1000000000
2 2646 4963
1 10060 1000000000
1 17927 -1000000000
1 5318 1000000000
1 5779 1000000000
2 12372 4631
1 2930 -1000000000
2 47 18108
1 2598 1000000000
2 3557 16373
1 3259 -1000000000
1 10639 1000000000
2 152 6295
2 17106 15034
1 18317 -1000000000
2 4102 3787
1 6503 -1000000000
2 8713 12678
2 7638 3522
1 7479 1000000000
2 9610 5564
2 17355 5295
2 1646 9577
1 8511 -1000000000
2 19515 9263
2 1700 8163
1 5966 1000000000
2 12814 844
2 11049 2712
1 16198 -1000000000
2 10694 9546
1 11251 -1000000000
1 14135 -1000000000
1 17593 -1000000000
1 9465 -1000000000
2 5583 8529
1 187 -1000000000
1 4327 -1000000000
2 4305 11617
1 19631 1000000000
1 11168 -1000000000
2 10887 16450
2 2819 409
1 12463 1000000000
1 13784 -1000000000
1 9422 -1000000000
2 10841 11084
2 7846 17442
2 14298 4101
1 13817 1000000000
2 664 9301
1 862 -1000000000
1 10292 1000000000
2 2954 5327
1 13081 1000000000
2 6528 5161
2 13073 18792
1 17388 -1000000000
2 12155 12742
1 9807 1000000000
2 6442 5986
1 4627 -1000000000
1 6555 -1000000000
1 10024 -1000000000
2 13455 10451
2 19611 11128
1 4955 -1000000000
1 16586 1000000000
2 19182 3057
2 9527 3232
1 8682 -1000000000
2 12787 9822
2 7276 231
2 5824 10117
2 17558 13618
2 4273 12556
2 6871 9813
2 6535 4723
2 6270 6916
2 7323 4357
1 3892 -1000000000
1 19902 -1000000000
2 4901 3236
2 7361 8150
2 10225 4427
1 2624 -1000000000
1 11823 -1000000000
2 13638 16458
2 7105 4378
1 4208 1000000000
2 13487 6997
1 864 -1000000000
2 4903 17580
1 7957 -1000000000
1 7019 1000000000
1 16238 -1000000000
1 17981 1000000000
2 9235 14913
1 6048 1000000000
2 7787 3888
1 597 1000000000
1 2026 1000000000
2 7952 7757
1 2992 -1000000000
1 14799 1000000000
1 14826 -1000000000
2 7617 5867
1 10830 -1000000000
1 5195 -1000000000
2 7520 14141
2 3854 18820
1 15475 1000000000
2 3687 9639
2 7026 14533
2 6654 6560
1 1787 -1000000000
2 12138 12646
1 19061 1000000000
2 10358 11530
2 6512 15797
1 14143 -1000000000
1 1271 -1000000000
2 8093 6333
1 2514 1000000000
2 14515 8870
1 12902 -1000000000
2 11051 9160
2 6949 10322
2 16687 2911
2 7552 3836
1 1758 1000000000
2 589 19244
2 3332 18438
2 14931 17305
1 18646 -1000000000
2 7919 2048
2 19739 3445
1 19445 1000000000
1 19182 -1000000000
2 12990 315
1 13352 -1000000000
1 14023 -1000000000
1 5323 1000000000
1 19865 -1000000000
2 4140 19019
2 1158 15504
2 17917 9800
2 12799 12221
1 14611 1000000000
2 14701 951
2 365 596
1 12537 -1000000000
2 8350 16000
2 3566 8853
1 7987 1000000000
1 17321 -1000000000
1 14901 1000000000
1 1282 -1000000000
1 16149 -1000000000
2 11707 12823
1 1821 -1000000000
1 15592 -1000000000
2 15243 16354
2 17531 10999
1 12282 -1000000000
1 8593 -1000000000
1 10409 -1000000000
1 15967 -1000000000
1 11564 -1000000000
2 17864 6630
1 2985 -1000000000
2 4706 14698
1 18085 1000000000
1 1857 -1000000000
2 12183 19135
1 11409 1000000000
1 842 -1000000000
2 15350 11879
1 2551 -1000000000
1 2665 1000000000
2 5520 8826
1 14488 1000000000
2 12481 8075
1 15621 1000000000
2 3330 9912
1 315 1000000000
1 117 1000000000
1 4328 1000000000
1 12816 -1000000000
1 4039 -1000000000
1 4062 1000000000
2 16889 9282
2 7612 5231
2 19307 18868
2 19150 19826
1 1923 -1000000000
1 2696 1000000000
2 6563 2564
1 5563 -1000000000
2 1731 12708
1 7499 -1000000000
1 18814 -1000000000
1 12323 1000000000
2 18175 17728
1 16344 1000000000
2 16329 18577
2 12114 9217
1 4256 -1000000000
1 2126 1000000000
1 2703 -1000000000
1 9493 1000000000
2 16238 16008
2 9382 13573
2 14296 4089
1 14001 1000000000
1 18219 1000000000
2 16378 10306
2 11450 2270
2 18412 19124
2 16383 32
1 15664 -1000000000
2 1990 4043
2 5461 15500
1 9623 1000000000
1 18168 -1000000000
2 6947 14450
1 9032 -1000000000
1 19858 1000000000
2 7155 6556
2 16609 10885
2 402 19089
2 351 15817
2 11916 11327
1 1782 1000000000
1 4397 -1000000000
1 19280 -1000000000
1 15372 1000000000
2 11680 12128
1 7011 -1000000000
2 8016 4935
2 16999 4641
2 19814 4903
1 15110 -1000000000
2 14928 13911
1 5967 -1000000000
1 19539 1000000000
2 10422 1402
1 3745 1000000000
2 5505 15242
1 6946 1000000000
1 19503 -1000000000
2 9306 14132
2 17723 12303
1 19652 1000000000
1 4720 -1000000000
2 15700 4207
2 13003 7585
1 2567 1000000000
1 6003 1000000000
2 1247 5243
2 7259 14813
1 10127 -1000000000
1 2843 -1000000000
1 18799 -1000000000
1 10900 1000000000
2 12128 16594
1 6208 -1000000000
1 13655 -1000000000
1 962 1000000000
2 3702 12897
2 4139 5002
1 1010 -1000000000
1 1629 -1000000000
1 1904 1000000000
1 6202 -1000000000
1 14378 -1000000000
1 19601 -1000000000
1 2178 -1000000000
2 4813 9024
1 8041 1000000000
2 778 18059
1 4374 1000000000
1 16978 -1000000000
1 1566 1000000000
1 13937 -1000000000
2 19319 12245
1 4077 -1000000000
1 10065 -1000000000
1 12011 -1000000000
2 19384 10963
1 14639 -1000000000
2 17027 8032
1 2406 -1000000000
2 9402 7830
1 4432 -1000000000
2 19100 5249
1 1461 1000000000
1 15527 -1000000000
1 7877 1000000000
2 12109 1334
1 17258 -1000000000
1 6225 -1000000000
1 1628 -1000000000
1 6287 -1000000000
1 65 -1000000000
1 18620 -1000000000
1 16343 -1000000000
2 2221 1020
1 18111 -1000000000
1 11759 1000000000
1 7947 1000000000
2 7380 2909
1 19745 -1000000000
1 11717 1000000000
2 6321 1255
1 5073 -1000000000
1 11512 1000000000
2 1388 6005
1 5626 -1000000000
2 10708 6143
2 6947 10148
1 4302 -1000000000
2 8128 15721
1 16442 1000000000
1 5149 -1000000000
1 8922 1000000000
1 9467 -1000000000
2 11974 16204
2 13295 15497
2 9552 13156
2 19201 6187
1 5460 1000000000
1 16385 -1000000000
2 1119 12157
1 6880 -1000000000
1 5806 1000000000
1 1350 1000000000
2 1439 17065
1 12365 1000000000
1 19006 -1000000000
2 8816 6187
2 17837 2024
1 1797 1000000000
2 5186 9598
2 2347 19733
2 11175 15262
1 1561 1000000000
2 4840 7564
2 7029 10194
2 15062 13415
2 4244 4299
2 17529 12203
1 11673 1000000000
1 5589 1000000000
1 1217 1000000000
1 17244 1000000000
2 7821 17840
1 16022 1000000000
1 16941 -1000000000
1 9976 -1000000000
2 3258 11612
2 16398 11221
2 8628 1892
2 9433 2369
2 18844 2749
2 2213 7862
2 5415 11095
1 12915 1000000000
1 9453 -1000000000
1 9541 1000000000
1 1055 -1000000000
2 12648 9657
2 4144 11346
1 12316 -1000000000
2 118 8537
1 13294 -1000000000
2 12403 12637
1 1649 -1000000000
2 7965 16554
2 11448 11214
2 5437 8440
1 18743 -1000000000
2 12361 9031
2 16114 8210
2 1765 13718
2 12756 716
1 1887 1000000000
2 2532 8948
1 4086 1000000000
2 7843 549
1 16741 -1000000000
2 13475 12019
2 15315 18376
1 477 -1000000000
2 10614 9903
2 10491 1611
2 1513 7564
1 18767 1000000000
2 19590 11885
1 5981 1000000000
2 15758 1265
1 10983 -1000000000
1 16094 -1000000000
2 2966 6639
2 17831 2220
2 15865 7707
2 13280 7758
2 8519 6407
1 6441 -1000000000
2 14132 666
1 4303 -1000000000
1 16403 -1000000000
1 14211 1000000000
1 983 1000000000
1 5284 1000000000
1 8997 1000000000
1 10944 1000000000
2 1953 5664
1 17074 -1000000000
2 7792 17909
1 17279 -1000000000
2 12756 19612
2 18656 14946
1 18276 -1000000000
2 14043 16640
2 257 14249
2 14114 14362
2 19449 17971
2 14622 3986
1 12531 1000000000
2 1185 1941
1 15505 1000000000
2 9588 27
2 8519 15327
2 6803 8829
2 15355 4959
1 17735 -1000000000
1 10839 -1000000000
1 13798 1000000000
1 14030 1000000000
1 14626 -1000000000
2 12085 4938
2 9872 15388
2 5256 5537
2 18100 2645
1 15263 1000000000
1 16544 -1000000000
1 510 1000000000
1 8514 -1000000000
2 15148 14428
1 5517 1000000000
2 12219 15906
1 16574 1000000000
1 120 1000000000
1 13339 1000000000
2 17869 17946
2 19437 4078
1 19514 -1000000000
1 15573 -1000000000
2 19796 12364
1 18313 1000000000
1 10071 -1000000000
1 9070 1000000000
1 1124 -1000000000
2 2602 14007
1 12469 -1000000000
1 6063 1000000000
1 1583 -1000000000
1 5962 -1000000000
1 17763 1000000000
2 9626 12660
2 2532 16248
1 19895 1000000000
2 18072 2535
1 6680 1000000000
1 5974 1000000000
2 5083 18857
2 18731 120
1 12934 1000000000
1 17437 1000000000
2 19640 11032
2 18136 19356
1 1420 1000000000
1 3003 -1000000000
2 18505 18295
2 10615 15878
2 19537 4927
2 18144 11004
2 839 19096
2 4807 4035
1 5520 1000000000
1 5668 -1000000000
2 13893 7852
1 18361 1000000000
1 8337 1000000000
2 11985 4346
1 14846 1000000000
2 16840 19960
1 16650 1000000000
1 9115 1000000000
2 3415 15101
1 19613 -1000000000
2 17627 9363
1 6332 -1000000000
2 16978 3142
1 7926 -1000000000
1 15254 1000000000
2 19114 3318
1 12245 1000000000
2 1514 14361
1 4822 1000000000
1 19463 1000000000
2 5840 18818
1 9263 -1000000000
2 1999 1477
1 14195 1000000000
1 3974 -1000000000
1 19352 1000000000
2 5320 18065
1 8066 1000000000
1 1819 -1000000000
2 18631 8200
1 4640 1000000000
2 2976 18668
2 18485 14673
2 4635 1373
2 15770 18528
1 4997 1000000000
2 7051 9227
2 18262 9577
1 7528 1000000000
1 13926 -1000000000
2 11849 6511
2 7874 6133
1 12410 -1000000000
2 15909 13676
2 890 13974
1 15458 -1000000000
1 14478 -1000000000
1 3730 -1000000000
1 14907 -1000000000
2 19081 3392
2 9348 13170
2 16929 7124
2 13983 6700
1 13671 -1000000000
1 9102 1000000000
2 1557 11299
1 12737 -1000000000
2 2858 15464
1 4645 1000000000
1 510 1000000000
2 10431 418
2 17552 19529
1 17208 -1000000000
1 3275 -1000000000
2 260 12719
2 11757 4407
1 1787 -1000000000
1 11000 1000000000
2 17317 5115
1 15204 -1000000000
1 13568 -1000000000
1 915 1000000000
1 17049 1000000000
2 785 165
2 9696 13075
1 4431 1000000000
2 1335 10842
2 9163 4346
1 7549 1000000000
1 19068 -1000000000
2 17395 10420
2 12539 14058
2 12965 8046
1 14235 -1000000000
2 16380 16031
1 3848 -1000000000
1 8786 -1000000000
2 8693 15846
2 9883 18069
1 10262 -1000000000
2 17137 7883
1 12666 1000000000
2 18868 16503
2 19909 2063
2 18835 1723
1 5322 -1000000000
1 9119 -1000000000
1 14110 -1000000000
2 15288 2344
1 13317 1000000000
1 518 1000000000
1 11422 -1000000000
2 2610 18594
1 16233 -1000000000
1 4732 1000000000
1 15046 1000000000
1 14841 -1000000000
2 702 3149
2 10818 18583
1 15424 -1000000000
1 9327 1000000000
1 2605 1000000000
2 16050 17980
2 4697 10174
1 11224 -1000000000
1 5763 1000000000
1 5887 -1000000000
1 4881 -1000000000
1 17814 -1000000000
1 8696 -1000000000
1 211 -1000000000
2 6100 5286
2 2372 4939
1 5579 1000000000
1 15853 1000000000
1 10559 -1000000000
1 6477 1000000000
2 17236 7935
2 14289 17243
1 18080 -1000000000
1 11585 1000000000
2 12096 18455
1 18439 -1000000000
1 1193 -1000000000
1 6211 -1000000000
2 8030 19898
1 16784 1000000000
1 11070 -1000000000
1 13685 1000000000
2 5676 15881
2 6141 13537
2 18333 15684
1 13401 1000000000
1 9228 1000000000
1 12713 1000000000
1 397 1000000000
1 336 -1000000000
2 1171 16687
2 13725 14047
2 5351 4687
2 14645 17088
1 9109 -1000000000
1 6249 1000000000
1 12287 1000000000
2 16592 9751
2 16084 8382
2 18603 18257
1 11325 1000000000
1 10306 -1000000000
1 18434 1000000000
2 2161 10667
1 14920 1000000000
2 17758 11122
2 13733 16888
1 9977 -1000000000
1 12090 -1000000000
2 11466 9000
1 1378 -1000000000
2 11056 3398
2 5094 11615
2 13209 18836
1 19581 1000000000
1 19197 -1000000000
2 19848 9026
1 5216 1000000000
2 919 7407
1 13760 1000000000
2 7824 11443
2 16304 15858
1 19683 1000000000
1 5549 -1000000000
1 1516 1000000000
1 2979 1000000000
1 11290 -1000000000
2 9617 924
2 17582 6433
2 4447 4642
1 6106 1000000000
2 3599 430
1 4269 -1000000000
1 11501 1000000000
2 14481 10590
2 8508 14757
2 16888 10603
1 5829 1000000000
2 14051 18726
2 18830 7753
1 2626 -1000000000
1 12378 -1000000000
2 15203 10458
1 15821 1000000000
2 3673 6485
1 4834 1000000000
2 10343 19203
2 13150 15533
1 8913 1000000000
1 15268 1000000000
1 13631 -1000000000
1 13604 -1000000000
2 1769 9257
1 10784 1000000000
2 16961 11240
2 791 6162
2 16102 10773
1 8973 1000000000
2 10444 11956
2 16421 15815
1 190 1000000000
2 13635 12184
2 2596 19269
2 7390 15909
2 8705 3073
1 15465 -1000000000
1 7421 -1000000000
2 12498 8491
2 16406 19424
2 2838 15962
2 12283 9918
1 16031 -1000000000
1 17193 1000000000
2 11793 2609
1 6906 -1000000000
1 10404 -1000000000
2 5352 9326
1 17904 -1000000000
2 12765 6328
2 10912 5338
2 6211 14383
1 19785 1000000000
2 14698 16040
2 9924 14085
2 10757 15109
1 18942 -1000000000
1 740 1000000000
1 2709 1000000000
2 16706 3611
1 6056 -1000000000
2 11510 14656
2 9612 15763
2 1574 17036
1 14447 -1000000000
2 17374 9042
1 18577 1000000000
1 5242 1000000000
2 435 10781
2 10587 6936
2 5158 17155
2 4960 4571
1 6660 1000000000
1 8939 -1000000000
1 16791 -1000000000
1 19598 1000000000
2 11343 10572
2 7086 10537
2 1125 12229
1 10995 -1000000000
2 9668 13399
2 11991 8535
2 3732 15477
2 3293 19547
1 18522 1000000000
2 1397 10619
2 5715 4091
1 923 -1000000000
1 6647 -1000000000
1 1811 1000000000
2 16280 16294
2 4044 19863
2 15172 8622
2 1655 2630
1 15225 -1000000000
2 9475 396
1 11013 1000000000
1 5471 1000000000
1 2398 1000000000
2 18500 8619
1 2472 -1000000000
2 4737 10851
1 10970 -1000000000
1 9405 1000000000
1 13885 -1000000000
2 3624 4282
2 2528 1789
2 17063 17101
1 15124 1000000000
1 6146 -1000000000
1 10784 -1000000000
2 14631 9916
2 10320 12030
1 14420 1000000000
2 14534 18889
1 1732 1000000000
2 16745 18101
1 16240 -1000000000
1 5183 1000000000
1 11655 1000000000
2 5588 13019
1 4327 1000000000
2 14921 16808
1 1766 -1000000000
2 11652 16783
2 9813 8403
1 14207 1000000000
1 6098 1000000000
1 19966 1000000000
1 15727 -1000000000
2 6736 7150
1 4913 1000000000
2 7660 15024
1 19297 1000000000
2 10006 10427
2 10698 15008
1 2216 1000000000
2 10757 15964
2 12526 17355
1 8897 -1000000000
2 8566 17381
1 16180 1000000000
1 5118 -1000000000
1 11872 -1000000000
1 14361 -1000000000
1 8358 -1000000000
2 14104 14639
2 1497 14128
1 11859 1000000000
1 18675 -1000000000
1 3909 -1000000000
2 11622 19957
2 15183 14418
2 19756 5532
2 3168 12921
1 17291 -1000000000
1 17014 1000000000
1 18249 -1000000000
2 12662 7718
2 1023 14043
2 10660 4794
2 12112 3661
2 4786 9126
2 17544 6134
2 19998 15837
1 6797 1000000000
1 12403 1000000000
2 19928 11799
1 5117 -1000000000
1 18968 1000000000
1 15722 -1000000000
2 5518 14281
1 7741 1000000000
2 726 18837
2 1768 7820
1 17989 -1000000000
1 12827 -1000000000
2 19994 8114
1 14000 -1000000000
1 12748 1000000000
2 19761 5327
2 12392 15345
1 15795 -1000000000
1 15629 -1000000000
1 9984 1000000000
1 11955 1000000000
2 16956 10881
2 18137 9676
2 3140 12973
2 14362 17954
2 11599 1974
1 17540 1000000000
1 3419 1000000000
2 18851 7711
1 15272 -1000000000
2 1273 17286
1 11766 1000000000
1 2048 1000000000
2 13576 2743
2 16229 11758
1 3643 1000000000
1 3792 -1000000000
2 13113 16300
1 8796 -1000000000
1 7780 -1000000000
1 10068 1000000000
1 3245 -1000000000
2 15270 13900
2 18429 8367
2 1091 18016
1 15749 -1000000000
2 12111 3404
1 3123 1000000000
1 12453 1000000000
1 17842 -1000000000
1 17455 -1000000000
2 17022 10833
1 16946 -1000000000
1 1277 -1000000000
1 13995 -1000000000
2 666 12441
2 1321 18817
1 16893 -1000000000
1 12938 1000000000
2 8209 12186
1 14429 1000000000
1 13272 1000000000
2 11454 11913
2 18491 15885
2 143 19479
2 4044 1663
1 17521 -1000000000
2 4612 17338
1 12948 1000000000
2 14564 11509
1 13324 -1000000000
2 19136 449
2 4155 7391
2 18063 17143
2 7599 2340
2 18540 16996
2 18172 16978
2 13436 1189
2 19757 16393
1 11165 -1000000000
2 5963 16105
1 2520 1000000000
1 5275 1000000000
1 18806 -1000000000
2 19980 10099
1 8362 1000000000
1 11507 1000000000
1 2972 1000000000
1 18291 1000000000
2 10081 17832
2 11136 15721
2 19811 16054
1 1726 1000000000
1 19733 -1000000000
1 3129 1000000000
1 9706 -1000000000
2 6687 13592
1 10949 -1000000000
1 12141 -1000000000
1 12695 -1000000000
1 7926 -1000000000
2 19135 6804
2 15229 4107
2 1667 19133
1 14770 1000000000
2 7832 634
1 10535 -1000000000
1 11450 -1000000000
1 19434 -1000000000
1 4134 1000000000
1 5200 -1000000000
2 4479 2239
2 8580 3803
1 16191 1000000000
2 7032 5758
1 16669 -1000000000
2 1114 13646
1 16657 1000000000
1 9152 1000000000
1 529 -1000000000
1 8695 1000000000
2 2106 5479
1 10879 1000000000
2 11689 5009
2 7673 5822
2 18535 12140
2 4002 3344
1 6971 1000000000
2 5032 8231
2 6162 18775
1 18977 1000000000
1 16658 1000000000
1 14278 1000000000
2 5556 2517
1 10832 -1000000000
1 6327 1000000000
1 14457 -1000000000
1 3574 -1000000000
1 10694 1000000000
2 13781 18728
1 13900 -1000000000
1 2135 1000000000
2 14661 1412
1 8246 1000000000
1 12690 1000000000
2 14268 14923
1 4412 -1000000000
1 729 1000000000
2 11533 3730
2 5829 6791
2 17441 245
1 8208 -1000000000
1 138 1000000000
1 4882 -1000000000
1 16773 1000000000
2 14760 5952
2 11884 5985
2 19093 3593
1 8409 -1000000000
1 15839 -1000000000
2 16420 17252
2 11513 1307
2 8410 6743
2 18377 10618
1 7713 1000000000
2 4343 15567
2 8005 2339
2 13645 10059
2 10625 6404
2 5535 7293
1 16397 -1000000000
2 19375 13124
1 9682 1000000000
1 13123 1000000000
2 12821 4839
2 17627 5579
2 15884 10379
1 7687 1000000000
1 7752 1000000000
1 12291 -1000000000
1 13411 -1000000000
1 12671 1000000000
1 1411 1000000000
2 4740 4844
1 291 1000000000
1 11959 1000000000
2 13465 16100
2 2660 16832
2 1157 3038
1 17989 -1000000000
2 10115 825
1 9511 -1000000000
2 2541 5417
1 2504 1000000000
1 11418 1000000000
1 14683 -1000000000
2 3159 4671
1 19779 1000000000
2 3799 12581
2 19840 7791
2 19988 14902
2 1816 11042
2 11934 6640
1 9197 1000000000
2 6274 8529
1 12667 1000000000
1 2820 -1000000000
1 9466 -1000000000
1 11108 1000000000
2 4854 17476
1 11469 -1000000000
1 9051 1000000000
1 8224 1000000000
1 1208 -1000000000
1 13978 -1000000000
2 10801 14579
2 10210 3266
2 16085 6387
1 2851 1000000000
2 10894 9055
1 992 1000000000
1 19517 1000000000
2 16745 1812
2 17714 16305
2 10280 15588
2 12393 13930
1 13646 1000000000
1 11007 1000000000
2 3237 9563
2 12867 15775
2 12750 14531
1 16774 1000000000
2 10616 12797
1 14887 1000000000
1 73 1000000000
1 16814 1000000000
2 13943 7573
1 18794 -1000000000
2 8310 8262
1 18938 1000000000
1 12953 -1000000000
1 880 1000000000
1 1537 -1000000000
1 18775 -1000000000
2 12292 4177
2 16344 8804
1 4140 1000000000
1 15518 1000000000
2 7796 7728
1 16369 1000000000
2 3505 54
2 3163 17932
1 13820 -1000000000
2 13342 3406
1 6248 1000000000
1 6157 -1000000000
1 6789 1000000000
1 14364 1000000000
2 17216 11981
2 11472 19675
2 13716 12442
2 12889 6942
1 3698 -1000000000
2 1704 15210
2 1 1884
1 13904 -1000000000
2 1373 9885
2 8100 17378
2 8529 9738
1 3283 1000000000
1 6262 1000000000
1 4954 -1000000000
1 18221 1000000000
1 8051 1000000000
1 14930 1000000000
2 17636 12349
1 12721 1000000000
1 12318 1000000000
1 5249 1000000000
2 6972 9838
2 14056 11814
1 9427 -1000000000
1 4769 -1000000000
2 18612 13884
1 3978 1000000000
1 3330 1000000000
1 16906 -1000000000
2 12659 4714
1 18269 -1000000000
1 12144 1000000000
1 15532 -1000000000
2 16142 17530
2 13758 18794
1 12285 1000000000
2 13902 10302
2 19588 5567
2 7630 5127
1 1677 -1000000000
1 11351 -1000000000
2 18220 171
1 11912 -1000000000
1 8436 -1000000000
1 17541 1000000000
1 19360 1000000000
2 9566 2461
2 15562 7939
1 15072 -1000000000
1 14131 1000000000
1 2839 1000000000
2 11882 7667
1 8641 1000000000
1 10724 1000000000
2 397 224
1 8461 1000000000
1 9474 1000000000
1 8841 1000000000
2 13284 17442
2 9933 9841
1 2232 1000000000
2 9519 13852
2 17809 14716
1 15377 -1000000000
2 15950 18953
2 8595 5104
1 5940 1000000000
1 11709 1000000000
1 10734 -1000000000
2 16482 19851
1 5101 -1000000000
1 14211 1000000000
2 12334 13087
2 3041 17622
2 1482 3584
2 15220 7843
1 18090 -1000000000
2 4783 19097
2 17470 10970
1 1139 -1000000000
2 17085 5896
1 1613 1000000000
2 8964 9686
1 17743 -1000000000
1 12565 1000000000
1 17993 -1000000000
2 9473 4992
1 11867 1000000000
2 1881 8328
2 12295 9749
1 15511 -1000000000
2 2367 7033
2 7940 12153
1 777 1000000000
1 538 -1000000000
2 15439 9117
1 6317 -1000000000
1 4773 1000000000
2 16745 6294
1 15142 -1000000000
1 608 -1000000000
1 14256 -1000000000
2 17602 17639
1 6947 -1000000000
2 19637 1007
1 15123 -1000000000
1 5702 -1000000000
1 5718 1000000000
2 19846 17983
2 11725 18987
2 4201 17841
2 13672 2230
1 4149 1000000000
1 2727 -1000000000
2 13423 2096
2 12161 3539
2 7529 13956
2 17503 12658
1 13525 -1000000000
2 12554 10283
1 18877 -1000000000
1 12580 1000000000
2 11431 12388
2 19757 5392
1 8561 -1000000000
1 13274 1000000000
2 12144 6026
2 19007 18548
1 11129 1000000000
1 10021 -1000000000
1 19179 1000000000
1 17915 -1000000000
1 13319 1000000000
1 5212 1000000000
1 5159 -1000000000
1 12247 1000000000
1 3326 -1000000000
2 14727 2632
1 12895 -1000000000
2 18512 10701
1 17870 1000000000
1 16051 1000000000
1 14481 1000000000
1 10784 1000000000
2 2029 9023
2 1601 2430
2 3826 11240
1 10581 -1000000000
2 5819 19088
2 4916 1001
2 9674 1929
2 1035 17184
2 12509 14347
2 2772 17082
1 4785 -1000000000
1 14463 -1000000000
2 18013 10453
1 17332 1000000000
1 5322 -1000000000
1 1290 1000000000
1 2954 1000000000
1 7282 1000000000
2 6490 10651
2 13915 1254
2 17100 8570
1 12702 1000000000
1 18199 -1000000000
1 5088 1000000000
2 685 1162
2 15985 15425
2 16090 1669
2 6161 16307
2 10415 18980
1 1949 -1000000000
2 9834 14421
1 3562 -1000000000
1 10897 -1000000000
1 4450 1000000000
2 18899 7417
1 8353 -1000000000
2 6232 7149
2 8192 7066
1 3459 1000000000
2 11633 13795
1 7335 -1000000000
1 8833 1000000000
1 8422 -1000000000
1 5998 -1000000000
1 13098 1000000000
2 17440 18417
1 16788 1000000000
1 13969 -1000000000
1 2310 -1000000000
2 2478 6615
2 15492 4968
2 4408 14948
1 11589 1000000000
1 8988 1000000000
2 10567 509
1 5845 1000000000
1 15874 1000000000
2 14228 18196
2 16386 6744
1 3416 1000000000
2 3772 14054
1 4348 1000000000
1 13019 -1000000000
1 15701 1000000000
2 16702 5164
2 19172 18842
2 16846 18096
2 10665 16047
2 18652 1091
1 5698 1000000000
1 15621 1000000000
2 17660 2134
2 18707 322
1 109 1000000000
1 387 1000000000
1 1129 1000000000
1 12324 -1000000000
1 17199 -1000000000
2 1480 16480
2 18418 7332
1 14782 -1000000000
1 8318 1000000000
1 10402 1000000000
1 9867 1000000000
1 14495 -1000000000
1 2508 1000000000
1 19711 1000000000
2 4177 3652
2 18573 10896
1 1064 1000000000
1 19177 -1000000000
2 8087 13914
2 12056 17850
1 15866 -1000000000
2 12939 17790
2 637 7641
1 3769 -1000000000
2 11760 8475
2 351 912
1 15351 1000000000
1 2669 -1000000000
2 15704 13641
2 15435 6244
2 19994 13000
1 2560 1000000000
2 4486 8957
1 3534 1000000000
1 8077 1000000000
1 2199 1000000000
1 10878 -1000000000
1 4218 -1000000000
1 19441 -1000000000
2 7925 4182
2 19592 15429
2 7320 15070
2 6057 19538
1 16894 1000000000
1 5501 1000000000
1 19534 1000000000
1 17583 1000000000
2 5576 13537
2 1481 12400
1 10853 -1000000000
2 954 16050
2 5253 8412
1 1443 -1000000000
1 4228 -1000000000
1 9682 1000000000
1 17586 -1000000000
1 15320 -1000000000
1 15174 -1000000000
1 18612 -1000000000
1 16802 -1000000000
2 9795 11372
2 5792 7490
1 3347 -1000000000
2 8179 18913
2 14774 9615
2 3301 6158
2 10163 6207
2 18519 17429
2 54 6360
2 17105 10358
1 987 -1000000000
1 19207 1000000000
1 11660 -1000000000
1 17954 -1000000000
1 12766 1000000000
1 17379 -1000000000
1 8881 -1000000000
1 5205 -1000000000
1 18831 1000000000
2 5439 14434
2 7084 16052
1 325 1000000000
1 7135 1000000000
1 898 1000000000
2 8113 4602
1 3022 1000000000
1 3155 -1000000000
1 13801 1000000000
2 12826 17610
2 8576 3273
2 5070 2720
2 5337 12134
1 18378 -1000000000
2 13207 5868
1 13583 1000000000
1 5510 -1000000000
1 18652 -1000000000
2 592 18786
1 19572 1000000000
1 5464 1000000000
1 10624 1000000000
2 5649 10345
1 9832 -1000000000
2 2937 253
2 5029 11828
2 13196 2217
1 10855 -1000000000
2 18324 6584
1 790 -1000000000
1 18144 -1000000000
1 8610 1000000000
1 9552 -1000000000
1 12160 -1000000000
1 13609 1000000000
2 3228 16151
2 6082 16857
2 5810 19949
2 11744 12727
1 14512 1000000000
1 17767 1000000000
1 1018 -1000000000
2 10820 437
2 17108 11193
1 12134 -1000000000
2 16443 19864
2 4934 13058
1 19941 -1000000000
1 2235 1000000000
1 8155 -1000000000
1 4237 -1000000000
2 6121 9605
2 14666 7630
1 7606 -1000000000
2 10512 10970
1 19246 -1000000000
2 10192 130
2 3889 11504
1 9599 -1000000000
1 2553 -1000000000
2 803 10798
2 10237 2443
1 7112 -1000000000
1 1810 -1000000000
1 2540 -1000000000
1 3912 1000000000
2 16906 17844
2 10527 3909
2 7797 9324
1 3312 -1000000000
2 4104 2227
2 3985 6072
2 13357 19848
1 9099 1000000000
2 4535 131
2 9150 7302
1 14655 1000000000
2 14904 17503
2 10002 16317
2 3542 4988
2 18774 18348
1 4043 1000000000
1 14822 -1000000000
1 11286 1000000000
1 16594 -1000000000
1 18797 -1000000000
2 3442 10759
2 18062 19662
2 9885 4198
2 6508 291
1 12461 1000000000
2 4138 2087
1 14361 -1000000000
2 14564 2327
1 11472 1000000000
2 12762 900
1 8460 1000000000
1 7818 -1000000000
1 17232 1000000000
1 19012 1000000000
2 372 2427
1 3041 1000000000
1 8982 1000000000
1 14492 1000000000
1 7746 -1000000000
2 15654 10764
2 12708 2294
2 13936 19462
1 19531 1000000000
1 10008 -1000000000
2 2424 9086
2 18337 16391
2 2362 11338
2 17290 8529
2 15355 18358
1 18334 1000000000
2 6680 5614
2 5503 8919
1 13872 1000000000
1 9489 -1000000000
2 12490 4863
2 17067 16145
1 9429 -1000000000
1 7715 -1000000000
1 3298 1000000000
2 18137 5178
1 1683 -1000000000
2 4197 10749
1 7816 1000000000
2 15462 10901
2 5070 19070
1 16147 1000000000
2 653 11827
1 8851 -1000000000
2 2711 15771
2 13170 17379
1 8421 1000000000
2 6511 8076
2 8997 1574
1 7983 1000000000
1 3479 -1000000000
1 8113 -1000000000
2 19057 17404
2 15855 14657
1 14198 -1000000000
1 13734 -1000000000
2 13894 4600
2 468 2133
2 7532 18416
1 335 -1000000000
2 8531 5725
2 5727 18277
1 17387 1000000000
1 3465 1000000000
2 9951 8272
1 7455 -1000000000
1 14727 -1000000000
2 10574 16359
1 17860 1000000000
2 7040 8596
2 9520 1296
1 8192 -1000000000
1 15151 -1000000000
2 13056 11434
2 6659 19158
2 7746 3203
2 3823 12202
1 5083 -1000000000
1 10846 -1000000000
2 18898 6378
2 2490 14853
1 14065 1000000000
2 17232 1484
1 16459 -1000000000
2 12188 18561
2 7912 425
2 10681 4115
2 13628 11264
2 12493 10649
1 16204 -1000000000
2 17173 17178
1 5797 1000000000
1 10198 1000000000
2 11551 14596
2 9516 16340
1 7620 1000000000
1 6190 1000000000
1 12280 -1000000000
1 18339 -1000000000
1 11029 1000000000
2 7087 14543
1 10114 1000000000
2 19624 10906
2 17677 17946
2 4008 2179
1 9492 1000000000
2 3271 14537
1 13447 1000000000
1 13336 1000000000
1 18258 1000000000
1 18921 1000000000
1 346 1000000000
2 17339 5866
1 3880 1000000000
1 2840 1000000000
2 13898 10364
1 9277 -1000000000
1 1169 1000000000
1 87 1000000000
2 19957 8362
2 18788 3155
1 2939 -1000000000
2 4148 18870
2 17748 19688
2 6763 17610
2 12490 10785
2 18773 2756
1 5438 -1000000000
1 7011 1000000000
2 19064 11207
2 3947 10995
2 16615 16356
1 17377 -1000000000
2 18024 7829
2 974 3509
1 6821 1000000000
2 16827 2606
1 13391 -1000000000
1 6316 -1000000000
2 9128 4539
2 1693 258
2 13644 428
1 13138 1000000000
2 8272 14469
1 6314 1000000000
1 19341 1000000000
1 8207 -1000000000
2 926 11257
2 15688 1519
1 12021 1000000000
1 19432 -1000000000
2 1600 8248
2 685 18601
2 16452 8467
1 8236 -1000000000
2 11078 19110
1 19538 -1000000000
2 8178 19610
2 739 16994
1 10691 1000000000
2 5144 3138
1 6109 1000000000
2 18046 10671
2 10052 19592
1 11321 -1000000000
1 14732 -1000000000
1 114 -1000000000
1 14184 1000000000
1 15508 -1000000000
1 7708 -1000000000
2 18299 19855
1 7245 1000000000
2 961 14964
2 14120 3160
1 19867 1000000000
2 8787 1818
2 4298 16987
1 14384 1000000000
1 18859 -1000000000
2 2889 17296
1 19113 -1000000000
2 12613 1988
2 503 2906
1 17923 1000000000
2 19734 16975
1 2832 1000000000
2 14325 3722
1 19484 1000000000
2 5 1486
2 2437 9675
2 2285 6012
2 5422 1751
2 1677 12969
1 8688 1000000000
1 2705 -1000000000
2 16991 7042
1 19958 1000000000
2 18777 15098
1 981 1000000000
2 1295 11208
1 9 -1000000000
2 7267 15987
1 15454 -1000000000
2 15625 16311
1 13650 1000000000
1 4191 -1000000000
1 12840 -1000000000
2 16484 15969
2 11615 5316
2 908 4491
1 4459 1000000000
1 15622 1000000000
2 2707 2857
2 4410 14344
2 15976 2430
2 10100 7804
1 11559 1000000000
1 12907 1000000000
2 6844 13843
2 10362 14384
2 13628 2959
1 18532 1000000000
1 5888 -1000000000
1 5335 1000000000
2 12940 15954
1 4344 -1000000000
1 15602 -1000000000
1 17741 1000000000
1 2826 1000000000
2 17824 7078
2 16318 4808
2 2664 3127
2 14642 11420
2 17477 2388
2 5049 13371
2 11969 7357
2 11572 6522
2 11203 19152
1 9463 1000000000
1 1888 -1000000000
1 1862 -1000000000
2 9110 10075
2 12310 15167
1 8778 -1000000000
2 150 5405
2 11982 5771
2 10034 6334
2 9665 5822
2 3756 19438
1 908 -1000000000
1 892 1000000000
2 882 14272
1 8771 1000000000
1 16164 -1000000000
2 6675 238
1 11596 1000000000
1 4698 1000000000
2 15686 3336
2 16418 9135
1 9156 -1000000000
1 9823 -1000000000
1 18885 -1000000000
1 8040 -1000000000
1 18128 1000000000
1 15497 1000000000
1 4457 -1000000000
1 12762 -1000000000
2 15764 7283
2 16421 15846
2 5400 11819
2 6446 4268
2 12713 19091
2 7546 10764
1 12863 1000000000
1 16993 1000000000
2 9001 7678
1 8345 1000000000
1 3226 1000000000
2 9903 6534
1 13959 -1000000000
1 14911 -1000000000
1 17939 1000000000
1 12852 1000000000
1 13747 -1000000000
1 17224 -1000000000
1 3764 1000000000
1 13954 -1000000000
2 11871 4884
1 13558 -1000000000
2 6707 8601
2 12802 12351
2 1566 19994
1 19380 -1000000000
2 14851 12672
2 19998 4066
2 6129 5563
2 16604 1278
2 17069 17975
1 13622 -1000000000
1 8123 1000000000
1 5983 1000000000
1 18132 1000000000
1 19726 -1000000000
1 16467 -1000000000
2 6073 9659
2 14459 2056
1 1723 1000000000
1 9961 1000000000
2 379 1887
1 2639 -1000000000
2 17472 3297
2 10283 15600
1 14301 1000000000
1 1196 -1000000000
2 15155 13119
1 15078 -1000000000
1 7960 -1000000000
2 14659 8691
1 5815 1000000000
1 16062 1000000000
2 3796 14508
2 16215 10908
1 10069 1000000000
1 18550 1000000000
1 7362 -1000000000
2 7479 16875
2 4051 13695
1 7256 1000000000
1 5111 -1000000000
2 11175 10648
1 10339 -1000000000
2 11925 16149
2 13784 18106
2 12141 11392
1 15266 -1000000000
2 2259 2070
1 19561 1000000000
2 19999 12291
1 10193 1000000000
1 2208 1000000000
1 386 1000000000
1 5139 1000000000
1 412 1000000000
2 14666 592
1 2969 -1000000000
2 2678 12684
1 2418 -1000000000
1 1428 -1000000000
1 12737 -1000000000
2 17010 11883
2 9396 19918
2 1846 7929
1 10843 1000000000
2 2313 19743
2 19086 19766
2 4536 11075
2 4217 17209
1 16738 -1000000000
1 11531 1000000000
1 11573 1000000000
2 13776 19928
2 5382 4337
1 4067 -1000000000
1 5213 1000000000
2 13406 3301
2 775 18702
1 19111 1000000000
2 18025 4356
1 2281 1000000000
1 15466 -1000000000
2 18264 15466
2 2022 11107
1 7389 -1000000000
1 13433 1000000000
2 8676 16113
1 2306 -1000000000
1 9850 -1000000000
2 9594 3239
1 13791 1000000000
1 3855 -1000000000
2 15632 1751
1 16549 1000000000
2 4394 3087
2 2333 1113
2 12984 14154
2 1118 1712
1 17151 1000000000
1 13741 1000000000
2 11911 7219
2 6687 3688
2 15572 539
2 16164 4454
1 13468 -1000000000
2 19930 17164
1 8823 -1000000000
1 5024 1000000000
1 15230 -1000000000
1 12927 -1000000000
1 18336 -1000000000
2 893 17237
1 1942 -1000000000
2 1404 10996
1 15786 1000000000
2 15550 19600
1 5460 -1000000000
1 1879 -1000000000
2 4232 633
2 12152 1051
2 17645 5412
1 3149 -1000000000
1 7186 -1000000000
2 12915 18696
2 18781 10841
2 6215 18441
2 5262 13647
2 16468 2378
2 11376 19831
2 6214 13424
2 1773 2251
1 9446 -1000000000
1 8196 1000000000
1 3135 1000000000
1 8317 -1000000000
2 4524 7935
2 18004 13749
1 5268 -1000000000
2 13463 3910
1 19015 1000000000
1 1181 1000000000
1 14139 -1000000000
1 19193 -1000000000
1 14583 -1000000000
1 17072 -1000000000
1 12599 -1000000000
2 3395 7426
2 15496 11928
2 15474 18067
1 9442 1000000000
1 552 1000000000
1 11328 -1000000000
2 14278 12805
1 9178 1000000000
2 6372 3701
1 11956 1000000000
1 7630 -1000000000
2 14464 4399
1 575 1000000000
1 19641 1000000000
1 3649 -1000000000
2 14291 10832
1 7522 1000000000
2 8904 2130
2 8329 13667
1 5382 -1000000000
1 16333 1000000000
2 6216 9189
2 3980 7637
1 10508 1000000000
1 14338 -1000000000
2 7262 1942
1 2813 -1000000000
1 10254 -1000000000
2 15910 5245
1 3612 1000000000
2 11084 11201
1 12868 -1000000000
1 2580 1000000000
2 9572 1295
2 13607 19620
2 10991 9705
1 9493 1000000000
2 5704 15509
2 733 18830
2 9542 8627
1 2038 -1000000000
2 6667 9031
1 4175 1000000000
1 825 -1000000000
1 2097 1000000000
1 19415 1000000000
2 398 12254
1 18311 -1000000000
2 12529 18048
1 10419 -1000000000
2 13796 6494
1 9435 -1000000000
1 3743 -1000000000
2 3857 10850
2 8461 16161
2 15741 5573
1 13128 1000000000
2 5762 9626
1 16304 -1000000000
1 18664 -1000000000
2 1275 10621
2 14005 16070
2 9111 6220
2 10253 17949
2 10338 5217
1 9180 -1000000000
1 7588 -1000000000
1 8010 -1000000000
2 19793 5101
2 12532 15106
1 16694 -1000000000
2 1763 16275
2 2823 16044
2 6517 16185
2 17870 8687
1 9959 1000000000
1 13238 -1000000000
1 4198 -1000000000
2 14511 17569
1 1755 1000000000
2 797 7167
1 6503 1000000000
1 16214 -1000000000
1 13669 1000000000
2 637 17660
1 19267 -1000000000
1 1001 -1000000000
1 12923 -1000000000
2 3776 2632
1 1237 -1000000000
2 16742 5252
2 7976 10209
1 570 -1000000000
2 16697 15833
1 15951 -1000000000
1 13282 -1000000000
2 16919 4124
1 17341 1000000000
1 14558 1000000000
1 12904 -1000000000
1 4148 -1000000000
2 17425 10748
2 4797 7437
2 12011 14281
1 3453 -1000000000
1 4953 1000000000
1 6539 -1000000000
2 3654 14489
2 16203 6283
2 16889 847
1 10921 1000000000
1 14907 -1000000000
1 15278 -1000000000
2 6114 7514
2 14098 1806
2 4958 7829
2 19214 19923
1 17013 -1000000000
1 10120 -1000000000
1 4708 1000000000
1 16169 1000000000
2 17315 451
1 8089 1000000000
1 3 1000000000
1 16431 -1000000000
2 4080 7011
2 4228 15584
2 17039 3364
2 9105 891
2 2906 10528
1 15945 1000000000
2 19173 4002
1 3102 1000000000
2 8944 3045
1 15040 -1000000000
2 12035 14238
2 7501 5899
1 7357 -1000000000
1 3423 1000000000
1 11894 1000000000
1 759 1000000000
2 5122 12138
1 17319 -1000000000
2 3888 502
2 1346 14635
1 9362 1000000000
2 19111 9489
1 3955 1000000000
2 9779 17914
1 6395 1000000000
1 1238 -1000000000
2 6542 10820
2 15927 5522
1 16518 -1000000000
1 2821 -1000000000
2 16431 9590
2 4720 9092
1 8647 1000000000
2 12028 1802
2 16745 12718
1 17511 -1000000000
1 14089 1000000000
1 6535 1000000000
2 4420 13466
1 10925 1000000000
2 17761 631
1 4785 1000000000
2 8304 8250
1 17541 -1000000000
1 10844 1000000000
2 1207 10461
1 14938 1000000000
1 3113 1000000000
1 14739 -1000000000
1 6490 -1000000000
1 1921 -1000000000
2 17242 14090
2 12034 9596
1 7126 -1000000000
2 10151 9798
1 2736 1000000000
2 3348 14340
2 63 19000
1 1482 1000000000
2 11903 16070
1 508 -1000000000
2 3802 16111
1 11394 1000000000
1 13097 1000000000
1 6491 1000000000
2 8543 1157
2 19623 326
2 5752 8103
1 18189 1000000000
2 9212 11890
2 7511 2372
2 2657 6563
2 2807 12387
2 1369 5717
2 7626 10862
2 18828 15753
2 10397 7566
2 14194 10573
1 5056 1000000000
2 2354 15610
1 13508 -1000000000
1 12028 1000000000
2 8019 16322
2 5163 8595
2 16449 17779
2 3475 13044
1 8526 1000000000
1 11378 -1000000000
1 4668 1000000000
2 10217 7644
2 3656 19573
2 6768 983
2 19246 1896
2 19233 8208
1 310 -1000000000
2 4584 1332
1 1225 -1000000000
2 4781 17212
2 4505 2218
2 4348 5363
2 7267 8439
2 6193 11939
1 5774 1000000000
2 8012 9554
1 3044 -1000000000
1 4262 1000000000
2 4302 714
2 3714 19374
1 4939 -1000000000
1 1328 -1000000000
1 1824 1000000000
1 4186 -1000000000
2 18638 19462
1 4625 1000000000
2 9875 10092
2 7828 10202
1 17702 -1000000000
2 7723 3906
2 8201 16436
1 10020 1000000000
2 12439 17469
2 5349 6976
1 16928 -1000000000
1 11264 -1000000000
2 18876 8722
2 12360 2011
1 3119 1000000000
1 9039 1000000000
2 19885 8859
2 2139 12679
1 1967 1000000000
1 12917 1000000000
1 1645 1000000000
2 4239 17022
2 1310 761
2 18913 12553
1 6692 1000000000
2 3635 4566
2 18707 13722
2 15361 15504
2 14341 19680
2 19484 5378
1 19776 1000000000
1 16702 1000000000
2 789 2620
1 9719 -1000000000
2 15003 2177
1 19764 -1000000000
2 3155 3501
2 15032 5966
1 18497 -1000000000
1 6812 1000000000
1 2591 1000000000
2 16995 8286
2 9350 2613
2 10519 1830
1 2133 1000000000
1 6865 -1000000000
1 13414 1000000000
1 4211 1000000000
1 14797 1000000000
1 3509 -1000000000
2 16974 2376
1 19078 -1000000000
2 13880 7526
2 17905 15138
2 19860 7944
2 19632 2398
1 9015 1000000000
1 920 1000000000
1 7003 1000000000
2 18484 3070
1 5051 1000000000
1 3320 1000000000
1 12305 -1000000000
2 9780 9930
2 7841 14223
1 12014 1000000000
2 11081 539
1 4613 -1000000000
2 11633 16342
1 7626 1000000000
2 1838 8423
1 1339 1000000000
1 19489 1000000000
2 16589 18260
1 14515 -1000000000
1 3184 -1000000000
1 18016 -1000000000
1 11026 1000000000
1 8254 -1000000000
2 10529 3491
2 10777 7233
2 885 19083
1 10701 -1000000000
2 15515 13632
2 9691 6481
1 1409 1000000000
1 13714 1000000000
2 875 5063
2 9298 394
2 9279 428
1 14723 1000000000
2 12122 2271
1 14977 -1000000000
2 8362 14047
1 4342 -1000000000
2 7727 9818
1 11745 1000000000
1 14601 -1000000000
2 1450 3683
1 2521 1000000000
2 15291 7190
1 6669 -1000000000
2 15680 2721
2 2292 2745
1 6897 1000000000
2 8750 11058
2 19920 130
2 10342 7737
2 11671 11184
2 8459 16497
1 10235 -1000000000
2 8692 12129
2 8425 498
2 15729 12246
1 18897 1000000000
1 17098 1000000000
1 7845 1000000000
1 276 -1000000000
1 1684 -1000000000
2 11070 15670
1 19511 -1000000000
1 11928 1000000000
2 3617 4931
2 16927 771
1 10196 -1000000000
2 17907 219
2 7436 8687
2 849 7185
2 16289 4459
1 9852 -1000000000
2 565 1238
2 11408 15059
2 19492 10043
1 6661 1000000000
1 6568 1000000000
2 11066 14465
2 8936 16903
1 5686 -1000000000
2 19726 19129
1 6535 -1000000000
1 7312 -1000000000
2 15585 15497
1 3015 -1000000000
1 5119 -1000000000
2 15604 15759
1 5191 -1000000000
1 17300 -1000000000
2 16189 19952
2 10256 10385
1 10338 1000000000
1 12541 -1000000000
1 7986 -1000000000
1 6853 1000000000
1 7910 -1000000000
2 3184 11831
1 261 1000000000
2 10592 18872
2 1080 16454
1 10278 -1000000000
1 3292 -1000000000
1 753 -1000000000
2 1355 1924
2 13487 12373
1 4612 1000000000
2 15073 12539
2 711 16079
1 37 -1000000000
1 2584 1000000000
2 3072 4276
2 6562 1979
2 15807 3872
1 17405 -1000000000
1 13715 -1000000000
2 16567 9689
2 7501 5701
1 14088 1000000000
2 16013 2615
1 249 1000000000
1 17085 -1000000000
1 15756 1000000000
2 7637 8049
2 13936 3592
1 15201 -1000000000
2 574 11335
1 2955 1000000000
2 13800 5324
2 2768 951
1 7256 -1000000000
2 8210 1065
1 16110 1000000000
1 7829 1000000000
2 13431 14262
1 19511 -1000000000
1 4556 1000000000
2 14912 8939
1 14686 1000000000
1 17420 1000000000
1 195 1000000000
2 9321 16175
1 6751 -1000000000
1 4236 1000000000
1 841 -1000000000
1 19186 -1000000000
2 9995 6966
1 13377 -1000000000
1 18170 1000000000
1 5611 1000000000
2 1592 8599
2 2155 19726
2 11399 15329
1 6961 -1000000000
2 5987 12466
2 2974 5963
1 11026 1000000000
2 1077 9304
2 10527 13850
1 9621 1000000000
1 5510 -1000000000
2 11322 13838
1 2275 1000000000
2 2782 5163
1 4440 1000000000
1 7881 1000000000
1 8273 -1000000000
2 17983 5581
2 458 13981
1 4000 1000000000
1 12387 1000000000
2 12242 16471
1 1103 1000000000
1 2985 1000000000
1 6081 -1000000000
2 10661 11090
1 15065 -1000000000
1 2362 1000000000
1 12421 1000000000
2 15056 233
2 1355 7060
1 6828 1000000000
1 4990 -1000000000
1 7415 1000000000
1 6306 1000000000
1 17961 1000000000
1 11250 -1000000000
1 15635 -1000000000
2 680 9403
1 12907 1000000000
1 18742 1000000000
1 6448 1000000000
2 14678 10804
1 13414 -1000000000
2 7490 16148
1 7921 -1000000000
1 10946 -1000000000
2 13702 11733
2 13356 4874
2 67 10583
2 19201 9093
2 9196 15250
2 4955 14644
1 13607 1000000000
1 10568 1000000000
2 3932 5154
2 2277 2259
1 11827 1000000000
2 14964 2125
1 8458 1000000000
1 4129 1000000000
1 17221 1000000000
1 12396 -1000000000
1 6821 1000000000
1 12561 -1000000000
2 5380 17739
2 5547 7187
2 13103 18136
2 2421 1705
1 2029 1000000000
1 15419 1000000000
2 15578 7828
1 126 1000000000
1 998 -1000000000
1 9137 -1000000000
1 10080 1000000000
1 6045 -1000000000
2 9206 3443
1 16730 1000000000
1 12395 1000000000
2 15465 17590
1 12199 1000000000
1 19717 -1000000000
2 9116 7994
1 16813 -1000000000
2 7299 2447
1 12475 -1000000000
1 19037 1000000000
1 9412 1000000000
2 15116 16808
1 8898 -1000000000
1 9231 1000000000
2 17269 19940
1 2704 -1000000000
1 17924 1000000000
2 8087 10165
1 13209 -1000000000
2 14090 7644
1 13620 1000000000
1 3015 -1000000000
2 14505 9341
1 18551 1000000000
1 16778 1000000000
1 1397 1000000000
1 15950 -1000000000
1 7008 -1000000000
2 11888 15848
2 14691 10436
1 2249 1000000000
1 14669 -1000000000
2 16821 10883
1 16302 1000000000
1 4610 -1000000000
1 14533 1000000000
1 16867 -1000000000
2 4895 2653
2 10626 12896
1 17790 1000000000
1 18269 1000000000
2 5149 12675
2 10853 8652
2 8647 16558
1 4538 -1000000000
2 1995 5825
2 9925 16252
2 14569 7789
1 12677 -1000000000
1 17395 1000000000
2 13683 12659
2 1481 10760
2 3104 19318
2 9846 15231
2 9329 16878
2 19003 17138
1 11344 1000000000
1 16621 1000000000
1 1993 1000000000
2 15634 5630
2 4139 3703
1 14921 1000000000
2 16177 14719
2 17906 17604
2 14419 11467
2 17705 3848
1 9401 -1000000000
1 17148 -1000000000
1 11363 -1000000000
1 9820 -1000000000
2 15492 8471
1 11361 1000000000
2 13228 8901
1 17584 -1000000000
1 15466 1000000000
1 8366 1000000000
1 15713 1000000000
1 11684 -1000000000
2 15795 516
1 5879 1000000000
2 16179 8110
1 3557 -1000000000
1 11108 -1000000000
2 7023 18290
2 8751 9178
1 7657 -1000000000
2 11350 6020
1 2564 -1000000000
2 15917 12829
1 11533 1000000000
1 16548 1000000000
1 9512 1000000000
1 12878 -1000000000
1 19268 -1000000000
2 18588 13092
1 14769 -1000000000
1 3627 -1000000000
1 18252 -1000000000
2 298 10149
1 5563 1000000000
1 5841 1000000000
1 8567 1000000000
1 10410 1000000000
2 5333 12061
2 6386 17598
1 18133 -1000000000
2 3004 9897
2 2284 15831
2 17026 6251
1 13491 1000000000
2 16962 1151
1 1785 1000000000
1 8794 1000000000
2 16945 11321
1 19295 -1000000000
1 7148 1000000000
1 10300 1000000000
1 14003 1000000000
2 14361 115
2 3944 11190
1 1921 1000000000
2 1430 3745
2 7779 1158
2 10902 17966
1 10174 1000000000
2 17319 9632
2 104 16216
2 5119 13584
2 10250 18234
2 10784 17615
1 1703 1000000000
2 4351 17046
1 1677 -1000000000
2 18138 18255
2 11781 83
2 18865 19050
2 1960 936
1 5963 -1000000000
2 9523 7603
2 1231 9843
2 19106 3666
2 17800 13325
1 5363 1000000000
2 1585 19357
1 14013 -1000000000
2 12397 11889
1 4393 -1000000000
2 3127 18810
2 17225 4374
1 12901 1000000000
1 4156 1000000000
1 12974 -1000000000
2 13140 17199
1 9609 -1000000000
1 13874 1000000000
1 4777 -1000000000
2 16084 7673
1 10438 1000000000
1 16458 1000000000
2 15057 7354
2 11767 14014
2 13311 6823
1 16549 1000000000
1 3933 1000000000
2 4969 7270
2 10895 4904
1 13564 1000000000
2 7080 8352
2 19224 1278
1 16579 1000000000
1 2781 1000000000
2 19951 10027
1 9617 -1000000000
2 8086 4796
1 2297 -1000000000
1 16819 1000000000
1 7156 -1000000000
2 16864 4124
1 5849 1000000000
2 4432 5648
1 14615 -1000000000
2 5873 7433
1 2203 1000000000
2 14202 9351
2 2027 5876
1 14102 1000000000
2 16027 11768
1 2220 -1000000000
2 10536 4500
2 4802 18754
1 15915 1000000000
2 8027 2883
2 4891 16487
1 7114 1000000000
2 3686 1609
2 9452 17710
1 6154 -1000000000
1 14032 1000000000
2 16411 17635
2 16615 15012
1 18490 1000000000
1 6996 1000000000
2 14033 1431
2 18042 901
2 11659 9281
2 15964 19716
2 17531 6995
1 2574 -1000000000
2 2851 13589
1 1364 -1000000000
2 6791 12821
1 6674 1000000000
2 8460 7800
2 2528 9052
2 9804 15384
2 16238 5734
2 4384 19479
1 11964 1000000000
2 13624 10315
2 9415 4309
1 3675 -1000000000
1 14014 -1000000000
2 10624 17693
1 8172 -1000000000
2 15105 94
1 5904 -1000000000
2 760 10015
1 18342 1000000000
1 5781 1000000000
2 14253 13522
1 7659 1000000000
1 18454 1000000000
2 12680 10167
1 7446 1000000000
2 9939 8238
2 15981 9211
2 11457 10202
2 19487 6663
1 18407 -1000000000
1 7136 -1000000000
1 12691 1000000000
1 18479 1000000000
1 847 -1000000000
1 12822 -1000000000
2 10630 8500
2 15671 10373
1 6173 1000000000
1 15744 1000000000
2 11994 14449
1 4739 1000000000
2 14119 1855
2 268 6122
2 3597 10482
2 9486 16934
2 9133 11829
1 6327 1000000000
2 10652 10457
1 2054 -1000000000
1 19767 1000000000
1 18181 -1000000000
2 7510 3186
2 1568 8348
1 1090 1000000000
1 450 1000000000
2 6797 886
2 5529 14436
2 1578 15140
1 1118 1000000000
1 19520 1000000000
2 13699 16951
2 6046 3611
2 9408 4754
2 5864 9981
2 1764 3264
2 16219 6280
2 16145 7102
2 11741 9470
1 19427 1000000000
1 5515 1000000000
2 11153 961
2 11527 6394
1 13100 1000000000
1 9679 1000000000
1 6012 1000000000
2 11102 18467
2 10007 1869
2 12033 3245
1 19811 -1000000000
1 17262 1000000000
2 5135 7879
2 15499 10086
2 2409 5968
2 5207 2828
1 2881 1000000000
2 8069 4740
2 3340 8455
1 19462 1000000000
2 6977 7401
1 7377 -1000000000
2 7169 19471
1 2860 1000000000
2 12047 17023
2 9437 4132
2 10668 3881
2 13689 14789
1 10771 1000000000
2 11692 13564
1 1424 1000000000
2 534 4986
1 14119 1000000000
2 430 13746
2 6497 13564
2 11504 8071
1 8328 -1000000000
2 8235 13833
2 12914 19907
2 7850 12711
1 12057 1000000000
2 16726 15344
1 1139 -1000000000
2 18000 8773
1 11509 -1000000000
1 10248 1000000000
2 6520 7371
2 11683 12970
1 11334 1000000000
2 19392 10905
1 6165 -1000000000
2 5065 4717
1 18088 -1000000000
2 6976 14061
1 9912 -1000000000
2 12079 5128
1 13550 -1000000000
2 2620 11861
2 10732 14963
1 19851 1000000000
2 14575 15108
2 17320 13275
1 16938 1000000000
2 2192 6416
1 4374 -1000000000
2 11239 14071
1 2164 1000000000
2 13033 15438
1 7547 -1000000000
2 1181 2458
1 13940 -1000000000
2 5661 11600
1 16348 -1000000000
2 14025 18004
2 19716 12833
1 14005 -1000000000
2 19763 10309
2 4933 11247
2 4152 9182
2 3873 7556
1 11978 1000000000
1 2533 -1000000000
2 1536 11611
1 19606 -1000000000
2 4789 17568
2 9227 15067
2 11090 2064
2 12422 4069
2 12285 17192
2 13800 626
2 18628 10341
2 11476 8834
1 2309 1000000000
1 19140 -1000000000
1 13986 1000000000
2 8156 13646
1 15502 -1000000000
1 9440 -1000000000
1 1592 -1000000000
2 9174 19290
1 10167 1000000000
1 14509 1000000000
1 18228 -1000000000
2 19100 10699
1 118 -1000000000
1 12652 -1000000000
1 6056 1000000000
1 8234 -1000000000
2 16540 9994
1 17199 1000000000
2 19972 12642
2 17819 4602
2 2987 9194
2 10430 14939
1 14000 1000000000
1 8782 1000000000
1 1587 1000000000
1 17867 -1000000000
2 19543 5259
1 8685 -1000000000
1 12645 -1000000000
1 578 1000000000
2 17307 14998
2 13432 8305
1 14214 1000000000
2 14802 16523
1 10769 1000000000
1 11449 -1000000000
1 18689 -1000000000
2 1238 13266
1 13415 -1000000000
2 14080 5372
2 7004 2577
1 3246 -1000000000
1 17273 1000000000
2 13370 16018
1 13491 1000000000
2 4612 1080
1 4830 -1000000000
2 18985 811
1 15869 -1000000000
2 15384 19264
1 3846 1000000000
2 2372 3776
1 8094 1000000000
1 3628 -1000000000
1 5487 -1000000000
1 3489 -1000000000
2 19204 9844
1 11443 -1000000000
2 6116 5474
2 4793 2069
2 8977 4492
1 9369 -1000000000
2 9653 9168
2 12567 18421
2 15518 16055
2 1583 11875
2 17736 8713
2 3764 5300
2 10868 12962
1 16490 -1000000000
2 1341 17097
1 14869 -1000000000
2 5127 10381
1 13177 1000000000
1 2789 -1000000000
2 6406 14121
2 8829 18834
2 10561 1757
2 10710 9583
1 2504 -1000000000
2 13140 2669
1 8576 1000000000
2 17975 14591
2 18593 12741
2 3461 5430
2 2194 7629
1 6233 1000000000
2 15465 6106
1 4626 -1000000000
2 7568 16393
1 6132 1000000000
2 14711 17853
2 12436 8644
2 5613 4586
2 17770 2969
2 13642 14978
2 6369 17658
2 8164 13252
1 17165 1000000000
1 19106 1000000000
1 18729 1000000000
2 13056 8469
1 16577 1000000000
1 14742 -1000000000
2 5533 18091
2 1726 14653
2 9752 5195
1 18833 -1000000000
2 8631 16817
2 12417 12560
2 14856 245
2 15641 7265
2 14898 3456
1 16068 1000000000
2 18747 12497
2 9619 18494
2 5744 17771
1 12347 -1000000000
2 18094 4114
2 19957 9453
2 13250 8741
2 719 9757
2 1511 9506
1 261 1000000000
1 14020 -1000000000
1 4677 -1000000000
2 2460 2111
2 564 1910
2 15216 3991
2 1661 5631
1 3808 -1000000000
2 15995 12835
2 19948 14443
2 15295 1527
2 16090 1839
1 9804 1000000000
1 8233 -1000000000
2 8548 11594
1 3633 1000000000
1 16414 -1000000000
2 6952 6312
1 7683 -1000000000
2 7068 10147
1 12421 -1000000000
1 15179 -1000000000
1 19852 -1000000000
2 10344 1438
1 8473 -1000000000
2 1138 6738
1 5738 1000000000
2 10755 788
2 427 91
2 16603 14736
2 8886 8488
1 8062 1000000000
1 6940 1000000000
2 8183 17612
1 16046 1000000000
2 4345 4413
1 11509 -1000000000
1 11746 1000000000
1 1957 1000000000
1 6435 -1000000000
2 17995 2977
1 3961 1000000000
1 15077 -1000000000
2 16699 9982
2 14534 14592
1 1402 1000000000
1 2241 -1000000000
2 6388 8694
2 2312 2101
1 16577 1000000000
2 5951 2049
1 7680 1000000000
1 9856 -1000000000
1 9706 -1000000000
1 9456 -1000000000
2 16407 15743
2 8242 8311
1 9087 1000000000
1 5695 -1000000000
2 14684 775
1 1206 1000000000
1 8451 1000000000
1 18329 -1000000000
2 3924 6170
1 18710 -1000000000
1 16928 -1000000000
1 535 1000000000
2 16907 19603
2 6438 1137
2 13441 1588
2 7578 2776
1 15185 -1000000000
1 14347 1000000000
1 16505 1000000000
1 15525 1000000000
1 18147 -1000000000
2 11236 9967
2 17801 259
1 6645 1000000000
1 15677 1000000000
1 451 -1000000000
2 2450 10450
2 290 11682
1 14294 -1000000000
2 10754 18933
2 7478 2303
2 11049 19956
1 16065 1000000000
2 11413 2707
1 1132 -1000000000
2 1101 2608
1 4087 -1000000000
1 12138 1000000000
2 19682 13776
2 18319 5605
1 2047 1000000000
2 19600 3920
1 13344 1000000000
2 13098 18792
2 8703 853
2 8484 7827
1 13678 -1000000000
1 16806 -1000000000
2 14639 15486
2 3364 8290
1 7575 1000000000
2 6437 10832
2 6478 18002
1 2483 -1000000000
2 8570 9493
1 16088 -1000000000
2 15691 13443
2 4561 18206
2 11559 4306
2 3112 5049
1 7077 1000000000
1 16462 1000000000
2 11324 1835
2 8001 2920
2 5799 5753
2 9769 8206
2 7652 258
2 13034 19971
2 18039 13427
2 1164 3505
2 12855 5636
2 16 7541
1 9409 1000000000
2 18352 12392
1 8307 1000000000
1 7598 -1000000000
1 18896 1000000000
1 15035 -1000000000
2 15746 3096
1 13510 1000000000
2 1312 11242
2 6412 16711
2 13642 1925
1 4281 -1000000000
1 9284 -1000000000
1 18560 -1000000000
1 4400 -1000000000
2 13435 5856
2 458 1453
1 17177 1000000000
1 18574 -1000000000
1 5197 -1000000000
1 8967 1000000000
1 11409 1000000000
2 13600 8966
1 17147 1000000000
2 15220 9087
2 13936 12634
1 18559 -1000000000
1 707 -1000000000
1 14608 1000000000
2 4642 2333
1 7264 -1000000000
1 19839 1000000000
1 5290 -1000000000
1 16618 -1000000000
1 2085 1000000000
2 13105 1479
2 6055 9256
1 16835 1000000000
2 12385 13090
2 18983 13323
2 3933 11131
1 8448 -1000000000
1 13895 1000000000
2 10564 16725
1 5929 -1000000000
1 6949 -1000000000
2 18 15525
1 12860 1000000000
1 16831 1000000000
1 15873 -1000000000
2 16221 6644
2 2878 8390
1 7501 -1000000000
2 1564 18820
2 6199 10728
1 6962 1000000000
2 10711 201
1 19964 1000000000
1 7192 -1000000000
1 9637 1000000000
2 16186 17039
2 3836 8011
2 15926 17420
1 10119 1000000000
1 9656 1000000000
1 19682 1000000000
1 5568 -1000000000
2 3420 13408
2 11307 441
2 16959 8298
1 2295 -1000000000
2 12373 8986
2 10320 1832
1 12879 1000000000
2 16175 3070
1 16782 1000000000
1 17929 -1000000000
1 786 -1000000000
1 14337 -1000000000
2 3364 7096
1 1705 1000000000
2 13817 10252
1 1256 1000000000
2 9559 12616
1 19031 1000000000
1 8332 1000000000
2 2541 5596
1 12883 -1000000000
2 8788 11262
1 9682 1000000000
2 13226 14125
2 19436 11725
1 17905 1000000000
2 3151 7981
2 1548 6150
2 19004 1023
2 6580 4091
2 1215 11456
2 17806 9007
2 273 14998
2 13243 18005
1 632 1000000000
2 13304 1948
2 16437 3349
2 5796 18146
1 15854 1000000000
2 1375 2191
2 17945 19477
2 896 15310
1 13294 -1000000000
1 713 1000000000
1 17585 1000000000
2 3531 12098
2 7699 488
1 14319 1000000000
2 12749 12454
2 5382 4165
1 5334 1000000000
2 6381 18189
1 14627 1000000000
2 19501 4405
2 13055 15598
1 10713 -1000000000
2 19770 4369
2 1131 381
1 19734 -1000000000
1 15155 -1000000000
1 14484 1000000000
2 17589 3957
2 5195 17934
2 6416 601
2 13263 3511
2 18953 3653
1 8257 -1000000000
1 1078 -1000000000
2 8516 17310
2 9381 3559
1 8103 1000000000
2 11929 7856
1 432 1000000000
1 6920 -1000000000
1 18803 -1000000000
2 17310 5455
2 824 7158
2 12336 361
1 14243 1000000000
1 17778 -1000000000
1 19098 1000000000
2 14344 15081
2 16882 2416
1 9281 -1000000000
2 15002 16849
1 2631 1000000000
2 1395 10964
2 4670 9372
2 8789 152
1 16478 1000000000
1 8254 -1000000000
1 18113 -1000000000
2 17762 6168
1 2461 1000000000
1 4143 -1000000000
2 18552 11023
1 8691 1000000000
2 6204 19580
2 14056 6785
1 11699 1000000000
2 1123 6047
2 7089 6341
2 11653 16360
2 7393 9995
2 1168 1879
1 1814 -1000000000
2 6021 18411
2 6492 5804
2 6869 18027
2 11457 11068
2 15085 4884
1 17751 -1000000000
2 10249 4045
1 1954 1000000000
2 2930 10644
1 3811 -1000000000
1 6021 -1000000000
2 18132 15484
1 4980 1000000000
1 17079 1000000000
1 4391 1000000000
1 4427 1000000000
1 13551 -1000000000
2 12701 9257
2 12892 15519
1 10046 1000000000
1 8116 -1000000000
2 11572 10016
1 14737 1000000000
2 3381 9361
2 10811 14332
1 13250 1000000000
1 9103 -1000000000
1 19066 -1000000000
2 6346 3880
1 4069 1000000000
1 14867 1000000000
1 14607 1000000000
2 15187 3375
1 17063 -1000000000
2 3701 419
1 12173 1000000000
2 11819 17854
1 8052 1000000000
2 11646 14478
1 13188 1000000000
2 2773 521
1 4650 1000000000
2 11521 15214
2 9818 8651
1 19699 1000000000
2 4476 15510
2 3751 12306
2 6159 18767
2 9330 12429
1 298 1000000000
2 7894 17953
1 6321 1000000000
1 10131 -1000000000
1 7686 1000000000
1 6356 1000000000
2 17964 10980
1 17494 -1000000000
1 12426 1000000000
2 13782 9028
2 19450 15726
2 6780 1893
1 17092 1000000000
2 19442 13782
2 2549 17306
2 1329 16387
2 9117 15928
1 2344 1000000000
2 18389 13978
2 12109 2691
2 10520 15638
1 19298 -1000000000
1 10030 -1000000000
2 5031 16115
1 15834 -1000000000
2 10315 11061
1 27 1000000000
1 3197 -1000000000
2 13301 10818
1 2419 1000000000
1 4963 1000000000
1 8565 1000000000
2 19622 4767
1 13187 1000000000
1 14064 -1000000000
2 11950 9743
2 8391 10199
2 8847 15759
1 654 -1000000000
2 15797 723
1 13527 -1000000000
2 7735 22
2 17721 7844
1 13588 -1000000000
2 3620 19951
2 8157 1155
2 176 13396
2 6025 17915
2 13095 12578
2 4157 13589
2 14744 4365
2 17750 10070
1 4443 1000000000
2 14695 17429
1 13738 1000000000
2 7037 9968
2 8788 19290
1 10302 1000000000
2 12418 9717
2 17705 4458
2 11411 5615
1 6413 -1000000000
2 15895 7523
2 11262 6596
2 14668 15956
2 16750 12983
1 19949 -1000000000
1 13140 1000000000
1 7283 -1000000000
1 16574 -1000000000
1 5893 1000000000
1 7908 1000000000
1 10449 -1000000000
2 1639 19219
2 13459 13151
1 13520 -1000000000
1 4330 1000000000
2 17809 11782
1 3025 -1000000000
2 13696 932
1 14875 -1000000000
2 1693 7498
2 5565 16257
2 2084 11473
1 19902 1000000000
1 4076 1000000000
2 9364 1165
2 16191 10505
1 14031 1000000000
2 19579 3350
2 10610 9183
2 10029 19961
2 10418 19757
2 18044 14420
2 3383 6132
1 17287 1000000000
2 373 4798
2 1104 1449
1 2925 -1000000000
2 14695 10757
2 16005 10165
2 7178 7156
1 4120 1000000000
1 10653 1000000000
1 5849 -1000000000
1 2123 -1000000000
1 15544 -1000000000
1 6101 -1000000000
1 18337 -1000000000
1 13808 -1000000000
2 1490 9063
1 7472 -1000000000
2 15830 4696
2 973 18989
1 9329 -1000000000
2 18021 17186
2 9685 9955
1 15166 1000000000
1 14518 1000000000
2 13936 19972
2 18920 2873
2 11472 1931
2 19034 8094
1 2831 1000000000
2 10248 217
2 7255 3266
1 10091 1000000000
2 149 6425
1 16366 -1000000000
1 19644 -1000000000
2 12798 1916
1 881 1000000000
1 51 1000000000
2 13258 5196
2 12180 14662
1 4072 -1000000000
2 900 8877
2 14903 7575
1 9235 1000000000
1 3914 1000000000
1 6657 1000000000
2 18490 4113
2 14656 14442
2 14379 15775
2 7891 10400
1 14283 -1000000000
2 17825 8195
1 19923 1000000000
1 2842 -1000000000
1 12150 1000000000
2 11410 17875
1 2811 -1000000000
1 2134 -1000000000
1 5757 -1000000000
1 16053 1000000000
2 8428 7453
2 2715 8728
1 14625 1000000000
1 8579 1000000000
2 8870 5646
1 19317 1000000000
1 14499 -1000000000
2 15340 1613
1 11585 1000000000
1 8791 -1000000000
1 17269 -1000000000
1 15439 -1000000000
1 11853 1000000000
2 8483 12742
1 1928 -1000000000
2 9886 17730
2 19993 4815
1 6476 -1000000000
1 16093 -1000000000
1 12308 -1000000000
2 12056 16951
1 2940 1000000000
1 17919 1000000000
2 15307 15083
1 9324 -1000000000
1 12879 1000000000
1 13377 -1000000000
1 8909 1000000000
1 4020 1000000000
2 16745 6980
1 4522 -1000000000
2 447 583
1 5727 -1000000000
2 12198 9204
2 1769 10718
1 9548 -1000000000
2 4720 3924
2 18041 11667
2 17625 857
1 19462 -1000000000
2 19870 11097
2 15107 11193
2 5928 15715
2 19863 2241
1 18946 1000000000
2 4685 7543
1 1771 1000000000
1 13066 -1000000000
2 8707 5581
2 7354 16063
2 12438 16891
2 15062 1746
1 4680 1000000000
1 16278 1000000000
2 8095 8059
2 4660 16499
1 8043 1000000000
2 6540 10889
1 16480 -1000000000
1 10796 -1000000000
1 15626 -1000000000
1 4901 1000000000
1 8094 -1000000000
2 18914 15289
2 16916 275
2 3504 14882
1 4431 -1000000000
1 18138 -1000000000
1 7264 1000000000
2 16682 1631
1 7282 1000000000
1 16415 -1000000000
2 18444 16484
2 7923 15404
2 3111 5432
2 12659 3029
1 9366 -1000000000
2 12599 8703
2 19265 9738
1 8428 1000000000
1 11792 -1000000000
1 14036 -1000000000
2 18212 869
2 7610 1089
1 3732 -1000000000
1 18645 1000000000
2 16907 6556
2 225 2094
1 12643 1000000000
1 1889 -1000000000
1 7119 1000000000
1 18158 1000000000
2 4819 4125
2 10670 13479
2 9978 2128
2 10315 11158
1 19136 -1000000000
2 14040 2669
1 10104 1000000000
2 11661 6957
2 13116 8002
2 9047 11399
1 19637 -1000000000
1 18374 1000000000
1 449 1000000000
2 15329 1373
2 4048 6311
2 16511 9675
1 15460 1000000000
1 19732 -1000000000
2 15274 17205
2 14542 14340
2 677 2817
2 19696 9700
2 13769 6533
1 18817 -1000000000
2 14449 7813
2 153 12040
1 17239 -1000000000
1 10497 1000000000
1 11906 1000000000
1 15001 -1000000000
1 5081 -1000000000
2 1750 16660
2 15622 19196
1 19998 1000000000
2 18567 7415
1 12266 -1000000000
2 18786 5080
1 15454 -1000000000
2 18233 8499
2 17687 18438
1 10848 1000000000
2 1805 6964
2 18536 6682
2 4580 16094
1 19484 -1000000000
1 19983 1000000000
1 5682 -1000000000
2 11202 15596
1 16522 -1000000000
2 9392 16539
2 8052 1185
2 674 433
2 4575 8872
1 11466 1000000000
2 17214 14375
1 19245 1000000000
2 17924 7916
1 5533 1000000000
1 5591 -1000000000
2 13607 18815
2 16383 8936
2 12843 18198
2 13021 14115
2 4121 15710
1 18593 -1000000000
1 6796 -1000000000
1 9955 1000000000
2 4331 14021
2 3989 16335
1 7013 -1000000000
1 17586 -1000000000
2 6138 14398
2 4247 11325
2 6307 14040
1 12487 1000000000
2 15338 12444
2 19378 8668
1 7298 -1000000000
1 10334 -1000000000
2 2127 13258
2 4945 18196
1 18451 -1000000000
2 19591 642
2 19830 9431
1 17548 -1000000000
2 18945 14474
2 18191 12492
1 281 -1000000000
1 13415 1000000000
2 1989 13088
1 4567 -1000000000
2 6602 19178
1 19990 1000000000
2 12746 2863
2 8762 7019
1 10931 -1000000000
2 9987 10984
1 8538 1000000000
2 18915 15231
2 1436 2579
2 5846 19822
2 2445 6544
1 4370 1000000000
2 14094 7743
1 4886 -1000000000
1 1103 -1000000000
1 15219 1000000000
2 5546 702
2 5298 6338
2 1758 7312
1 3553 1000000000
2 18044 17997
2 19436 16312
2 18816 2979
2 244 313
2 14042 9259
1 8138 1000000000
2 2863 1356
1 1875 -1000000000
2 9721 16962
1 19047 1000000000
1 16772 -1000000000
1 5641 1000000000
2 5692 13284
1 8270 -1000000000
1 1336 -1000000000
1 17078 1000000000
1 7645 1000000000
2 10271 12566
1 12771 -1000000000
1 18892 1000000000
1 18516 -1000000000
1 10157 1000000000
2 13346 12502
1 2141 1000000000
1 12568 -1000000000
2 13768 13444
2 9074 11965
1 8771 1000000000
2 16731 19157
2 6567 14092
1 5257 1000000000
1 19441 1000000000
1 9246 -1000000000
1 2219 -1000000000
1 19289 1000000000
2 15700 18609
1 14364 1000000000
1 8596 -1000000000
1 4787 -1000000000
1 1228 -1000000000
2 12663 2852
2 10563 6562
1 17549 1000000000
2 10611 4523
2 19585 19705
1 11911 -1000000000
2 8743 1093
2 18163 11050
1 15358 1000000000
1 16921 1000000000
2 16385 18096
1 10104 -1000000000
1 10639 1000000000
1 7820 1000000000
2 16949 7076
1 12447 1000000000
1 12672 1000000000
1 8700 -1000000000
1 12728 -1000000000
2 4084 16769
1 17998 1000000000
2 7276 4919
2 11938 7610
2 4717 14395
1 8561 -1000000000
2 16680 5122
2 17691 2908
2 6110 11651
2 11373 6010
1 121 -1000000000
2 6259 10621
2 3602 1799
1 16916 -1000000000
1 15785 -1000000000
1 12283 1000000000
2 17615 6735
1 11470 1000000000
1 12388 -1000000000
2 3979 8193
2 355 2237
1 18014 -1000000000
2 10837 10949
1 1129 -1000000000
2 10621 1285
2 3189 3788
2 15795 15370
2 5153 18873
2 12225 16602
2 1261 14854
2 2610 332
1 19935 1000000000
2 3026 12102
1 8610 -1000000000
2 7556 16768
1 19698 1000000000
1 16063 1000000000
1 13473 1000000000
2 11111 12561
2 19222 13199
1 9176 1000000000
2 13877 5747
1 13350 -1000000000
2 2134 4388
2 7421 9654
1 18318 -1000000000
2 6426 2098
2 9166 10236
2 7598 16824
2 978 10393
1 1025 -1000000000
1 9842 -1000000000
1 19635 1000000000
2 15467 16858
2 14998 19204
2 5579 320
1 4539 1000000000
2 19598 2572
1 16376 1000000000
1 13367 1000000000
1 6033 1000000000
1 16357 -1000000000
1 3016 1000000000
1 1644 1000000000
2 7538 17158
1 8997 1000000000
2 9575 16907
2 19848 5282
2 14246 7497
1 13243 1000000000
1 9117 -1000000000
2 14491 11220
1 12693 1000000000
1 5274 -1000000000
2 7866 19422
2 1205 14316
2 17212 16559
2 7960 2043
1 15717 1000000000
1 16180 1000000000
2 19072 6797
1 15913 -1000000000
1 735 1000000000
2 13551 1295
2 13491 4654
1 16636 1000000000
2 2733 19894
2 2191 1081
1 19171 -1000000000
1 16084 -1000000000
2 8354 14439
2 2617 6251
2 18503 724
1 16450 -1000000000
1 9035 1000000000
2 11486 12257
2 5655 18646
2 5387 16226
2 19265 1647
2 16395 12523
1 16711 1000000000
1 9122 -1000000000
2 5535 4035
1 2786 -1000000000
2 11089 8665
2 8264 10902
1 17499 1000000000
1 8471 1000000000
2 19816 16561
1 9378 -1000000000
2 2319 9967
1 8931 -1000000000
2 18990 4953
2 12165 14539
2 16765 15444
2 14168 5895
1 2625 1000000000
1 11495 -1000000000
1 17456 1000000000
1 2081 1000000000
2 17102 8670
2 5430 13607
2 1155 12933
2 1020 12152
2 15812 201
1 1384 -1000000000
2 6435 8600
2 11647 13570
2 9804 6400
1 13454 1000000000
1 8688 -1000000000
1 7722 -1000000000
2 18157 9156
2 5437 16311
1 7957 1000000000
2 16148 8058
1 722 -1000000000
2 15702 16114
2 14495 1223
2 13775 2986
1 16320 -1000000000
1 8748 1000000000
2 4084 12750
2 1661 12911
2 11661 15034
1 5585 -1000000000
1 12924 1000000000
1 15408 1000000000
1 16088 1000000000
1 12065 -1000000000
2 16579 17640
2 18281 1940
2 12768 12231
2 15307 483
1 7841 1000000000
1 8479 1000000000
2 6524 6964
2 5895 463
2 6028 18503
1 13154 -1000000000
2 5733 5065
1 6557 -1000000000
2 13389 3224
1 9693 -1000000000
1 465 1000000000
1 5362 -1000000000
1 13932 1000000000
2 4080 8486
2 10313 1708
2 5803 15546
2 11625 5722
2 10679 15054
2 19 11420
2 15867 17515
2 12686 19729
2 8750 14400
1 8553 -1000000000
2 15348 3809
1 9817 1000000000
1 13949 1000000000
2 9008 6304
1 1696 1000000000
2 17889 11048
2 17785 9220
2 3029 8941
2 15916 6909
1 284 1000000000
1 2492 -1000000000
2 13686 19049
1 13856 1000000000
1 10201 -1000000000
1 4409 -1000000000
2 16537 11223
1 16623 -1000000000
2 3131 4664
1 10217 1000000000
2 17780 3257
1 12388 -1000000000
2 2821 9987
2 12732 16089
2 8540 16950
2 15671 1283
1 2747 -1000000000
2 8510 3473
2 5492 11778
1 500 -1000000000
2 12474 2226
2 9058 18620
1 5482 1000000000
2 16051 10638
2 11761 11186
1 1028 1000000000
2 14477 13015
2 2690 1128
1 3693 1000000000
1 7939 1000000000
2 19911 730
1 11924 -1000000000
2 10340 19656
2 6859 9374
1 2531 -1000000000
2 726 1202
1 11919 1000000000
2 7713 11698
1 17751 -1000000000
1 15573 -1000000000
1 19985 -1000000000
2 4874 13167
2 6934 4842
2 1347 15978
2 16663 9321
1 8280 1000000000
1 2581 -1000000000
1 182 -1000000000
2 14860 7563
1 16008 1000000000
1 13778 1000000000
2 903 9210
2 14045 7483
1 7159 1000000000
1 3214 -1000000000
1 9915 -1000000000
1 18080 -1000000000
1 8292 -1000000000
2 15619 13200
1 18841 -1000000000
1 13625 -1000000000
2 5043 3429
2 11975 11031
1 3499 -1000000000
2 16879 3988
1 10293 1000000000
2 16877 18365
1 9397 1000000000
2 12917 11549
2 15570 13620
1 3846 -1000000000
2 16439 19836
2 12350 12068
2 2245 6680
1 3573 1000000000
1 19829 1000000000
2 14199 11375
1 3696 1000000000
1 4238 1000000000
1 95 -1000000000
2 16533 6188
1 8507 -1000000000
1 12378 -1000000000
1 17909 -1000000000
2 4659 14792
2 6190 11709
1 11113 -1000000000
2 1589 9516
2 18516 1074
1 6428 -1000000000
2 10939 3985
1 6016 -1000000000
2 4808 1682
1 6131 -1000000000
1 18326 -1000000000
2 2968 16133
1 6771 1000000000
2 5776 7965
2 18718 16866
2 15824 17599
2 7983 16989
1 2366 1000000000
1 8086 1000000000
2 13300 2897
2 11146 12153
2 8868 14615
2 18846 10527
2 19996 17499
1 1798 -1000000000
2 6986 13242
2 10555 1331
2 13916 5462
2 1275 10817
2 4682 9592
1 15721 1000000000
1 14265 -1000000000
2 11927 18659
1 1937 -1000000000
2 3778 5298
1 1071 1000000000
2 12929 16827
1 790 -1000000000
2 12891 13227
1 7009 1000000000
2 4874 14711
1 14579 1000000000
1 7366 -1000000000
2 3528 2088
2 1248 19424
2 15226 17101
1 2730 1000000000
2 18795 13178
1 1065 -1000000000
2 2550 10719
1 18019 1000000000
1 12910 1000000000
2 11141 4413
2 5556 3265
1 3395 -1000000000
1 15857 -1000000000
2 10937 16952
1 8383 -1000000000
1 11165 -1000000000
1 91 1000000000
1 854 1000000000
2 15207 18768
2 3781 17890
2 13013 4715
2 3187 14398
2 16044 18643
2 4711 14347
1 17489 1000000000
1 3788 -1000000000
1 19767 -1000000000
1 10926 1000000000
2 15649 1700
1 14571 -1000000000
1 8986 -1000000000
2 18550 7001
2 16216 5118
1 15985 1000000000
1 1066 -1000000000
1 6834 1000000000
2 15198 12351
1 12613 -1000000000
2 11002 5642
1 10798 1000000000
2 19840 14191
2 15954 18093
1 11645 1000000000
2 5987 3359
2 4000 8934
1 108 -1000000000
1 964 1000000000
2 19059 4604
2 5635 15388
2 1028 17934
2 6631 1880
1 8239 -1000000000
1 4946 -1000000000
1 13988 -1000000000
2 14514 16203
2 11573 9690
1 15800 1000000000
2 8515 12347
1 12032 1000000000
1 3590 1000000000
2 13176 1305
2 1654 4739
1 12152 -1000000000
1 5206 -1000000000
1 11448 1000000000
2 9944 11187
2 9505 19513
2 14616 16375
2 10714 11455
2 13615 2026
1 2909 1000000000
2 5168 15069
1 6395 -1000000000
1 7704 1000000000
2 17028 19791
2 18096 5513
2 9474 16101
1 14490 1000000000
1 10959 1000000000
2 16579 7840
2 14082 17035
1 17773 1000000000
1 5882 -1000000000
2 15216 14890
2 14695 189
2 10621 9681
2 15442 16174
2 6935 8662
2 11108 8769
1 15299 1000000000
2 15656 6258
2 14381 9575
1 11188 1000000000
1 9335 -1000000000
1 10555 -1000000000
2 7820 16307
2 7769 14543
2 8879 10716
2 12749 7831
2 3719 19957
1 9469 -1000000000
1 8716 -1000000000
2 14650 9078
2 6203 17976
2 6247 6354
1 11298 -1000000000
1 13377 1000000000
2 2811 18660
1 4356 1000000000
1 308 1000000000
2 6392 12877
2 17991 4470
1 16903 -1000000000
2 7606 10561
2 14197 9002
1 1146 1000000000
2 18599 7411
1 8905 1000000000
2 15536 12918
1 10528 -1000000000
1 11106 -1000000000
1 11171 1000000000
1 15879 -1000000000
1 1250 -1000000000
1 18499 -1000000000
2 17652 3632
1 18774 -1000000000
1 19672 -1000000000
1 6669 1000000000
2 12475 1240
1 18595 1000000000
2 7245 5481
1 15558 -1000000000
1 1915 -1000000000
1 10518 1000000000
2 7880 19751
1 3772 -1000000000
2 3404 15677
1 11843 1000000000
2 2207 9114
2 14447 12405
2 19343 7650
1 5669 1000000000
2 8458 3329
1 12320 -1000000000
1 19683 -1000000000
2 7147 8772
1 15263 -1000000000
2 1730 10524
2 9750 5049
1 13428 1000000000
2 12199 14238
2 19183 1464
2 14697 14802
2 18380 13346
1 8699 -1000000000
2 6197 19034
2 6091 9893
2 4388 16615
1 18090 1000000000
2 9077 14741
1 11381 -1000000000
1 17140 1000000000
1 8719 1000000000
2 6777 16944
2 6069 2196
1 13041 1000000000
1 1644 1000000000
2 242 14923
1 1959 -1000000000
1 14105 1000000000
2 5258 4067
2 6608 15012
2 9304 13333
2 3340 18553
2 6327 5638
2 3909 1924
1 1841 -1000000000
2 17554 14860
2 9270 14139
1 4530 1000000000
1 10120 1000000000
2 17 2289
2 59 14070
2 291 11520
2 6702 2224
1 2950 1000000000
2 2443 5325
2 8508 1813
1 2320 1000000000
2 3183 12158
2 119 7621
1 7418 -1000000000
2 2372 9075
2 1588 3314
2 17045 18419
2 11948 1949
2 12299 14587
2 17280 3785
2 14922 4486
1 1182 -1000000000
1 1499 1000000000
2 15627 15312
1 3463 -1000000000
2 9307 13279
2 16118 5379
1 7434 -1000000000
2 10404 585
2 17222 14780
1 11882 1000000000
1 16962 -1000000000
2 3099 13186
2 11161 9346
2 5188 18009
2 835 7661
1 5399 1000000000
2 1991 2793
2 5315 18383
1 11669 -1000000000
2 4622 3427
1 6755 1000000000
1 6712 -1000000000
2 2117 1591
1 15339 1000000000
1 8858 -1000000000
1 4262 1000000000
1 8150 -1000000000
1 8599 1000000000
1 18441 1000000000
1 8317 1000000000
1 8718 -1000000000
2 2592 7314
2 7419 12303
2 10214 9247
2 8580 11356
1 7377 -1000000000
1 5876 -1000000000
1 12372 1000000000
2 18007 11857
1 8391 -1000000000
2 3876 872
1 6295 1000000000
2 13724 9373
1 3285 1000000000
2 2838 14733
1 11357 -1000000000
1 11934 1000000000
2 9100 3694
2 3390 2971
1 1007 -1000000000
2 8830 3708
1 7265 -1000000000
2 18759 13650
2 14599 4670
1 17070 -1000000000
1 10534 -1000000000
2 7131 1256
2 5524 11795
1 1245 1000000000
2 7137 7782
2 15961 5684
2 418 1122
2 6619 2621
1 14401 1000000000
1 17120 1000000000
2 16356 11429
1 17336 1000000000
2 12270 11223
2 7587 10401
2 5318 13956
2 17165 7451
1 13519 1000000000
1 17164 1000000000
2 5595 5059
2 3654 5321
2 15800 18038
1 6306 -1000000000
2 16469 9641
1 9929 1000000000
1 9444 -1000000000
2 4153 17012
2 1765 15656
1 8987 1000000000
2 3982 6256
1 19253 -1000000000
2 5231 10701
2 14424 1930
1 8573 1000000000
2 5183 720
1 4598 -1000000000
1 11004 -1000000000
1 14823 -1000000000
1 16215 -1000000000
1 891 1000000000
2 1314 12938
1 3533 1000000000
2 11820 16394
1 13185 -1000000000
1 19240 1000000000
2 5030 10064
1 7308 -1000000000
2 4505 4959
1 12810 -1000000000
1 6254 1000000000
2 5853 1849
2 7511 10597
1 14304 -1000000000
2 5197 3813
1 12682 -1000000000
2 10658 12675
1 103 1000000000
2 7325 11800
2 11744 3180
2 8234 4790
1 9111 1000000000
1 14891 1000000000
1 12781 1000000000
1 19553 1000000000
1 14783 -1000000000
1 3416 1000000000
1 6112 1000000000
1 9008 -1000000000
2 2020 16937
2 14494 16455
1 4830 -1000000000
2 13523 10449
1 19746 -1000000000
1 14502 1000000000
1 16866 1000000000
2 669 11866
2 3493 540
2 2792 14188
2 16750 9395
1 5769 1000000000
1 17407 -1000000000
2 15905 6651
2 16023 9018
2 6523 15531
1 16017 1000000000
2 10875 7735
1 1163 1000000000
2 2174 16869
1 18765 1000000000
2 16268 7529
2 8530 19894
2 10099 16470
1 7942 -1000000000
2 7103 17056
1 14179 -1000000000
1 5626 1000000000
2 8320 18468
2 17176 10441
1 19432 -1000000000
2 12843 11987
1 4523 -1000000000
1 10295 -1000000000
1 11161 1000000000
1 4239 1000000000
2 7579 5471
2 7480 15450
1 17928 1000000000
2 12953 10420
1 1534 -1000000000
1 12301 1000000000
1 15514 1000000000
2 7380 17580
2 3073 8308
1 16959 1000000000
1 16469 -1000000000
2 8078 19162
2 3698 9746
2 19539 3546
2 19649 226
2 2660 19279
2 2702 3565
1 16396 -1000000000
2 823 3897
1 14348 -1000000000
2 16091 4050
2 18300 14654
2 4630 445
2 2709 13731
1 9191 1000000000
2 5790 17947
1 16072 1000000000
1 15957 -1000000000
1 3439 1000000000
1 14830 1000000000
1 7005 1000000000
2 8455 9277
2 17542 2205
1 18842 1000000000
2 7674 6359
2 11030 1108
1 15297 1000000000
1 8682 1000000000
2 15594 2736
2 16499 19690
1 4453 -1000000000
1 9008 1000000000
2 11913 2090
1 12005 1000000000
2 13962 11129
2 13761 12361
1 19838 -1000000000
1 14934 1000000000
2 11816 13502
2 16608 6654
1 4792 -1000000000
1 18582 -1000000000
2 10935 9489
2 18021 1219
2 17337 6121
2 6745 3428
2 14373 11573
1 7917 1000000000
2 7614 10616
2 6267 6497
2 1576 12631
2 10029 2162
2 5321 7706
1 5922 -1000000000
1 18202 1000000000
2 432 16111
2 10252 13365
1 7756 -1000000000
1 9225 -1000000000
2 16704 6116
1 12314 -1000000000
1 16238 -1000000000
1 9982 -1000000000
2 11638 7138
2 16442 9547
1 2024 1000000000
2 406 2201
2 9714 15685
1 15863 -1000000000
2 12964 18746
1 8027 -1000000000
1 18097 -1000000000
1 8058 1000000000
2 2403 594
2 15828 2787
1 5205 1000000000
1 12444 -1000000000
2 440 9060
2 19343 2784
1 10502 -1000000000
1 1059 -1000000000
1 3012 -1000000000
1 8412 1000000000
2 9939 11420
1 10798 1000000000
2 5522 3895
1 66 1000000000
2 2253 10319
2 11596 10416
1 11137 -1000000000
1 15027 -1000000000
2 19700 10926
1 18868 1000000000
1 19433 -1000000000
1 11702 1000000000
2 15874 12176
1 13330 -1000000000
2 18721 14299
1 6243 -1000000000
2 1168 11109
1 4219 1000000000
2 14341 17993
1 13450 1000000000
2 7853 18273
2 4432 16779
1 7366 -1000000000
2 8226 1150
1 3359 -1000000000
1 4227 -1000000000
2 7206 18512
2 4579 376
1 7531 -1000000000
2 13785 1881
1 10436 1000000000
2 12970 783
2 11351 11530
1 16278 1000000000
2 16993 14489
1 4343 1000000000
1 4938 -1000000000
2 14389 10640
1 3015 -1000000000
2 14422 3145
1 2128 -1000000000
2 1159 6742
1 15848 -1000000000
2 19022 11057
2 3542 6159
2 12374 10248
1 16421 -1000000000
2 8392 14891
1 3979 -1000000000
2 15346 9029
2 8311 1647
1 16675 1000000000
2 9334 6490
2 1881 3413
2 855 6524
2 19255 18257
1 6264 -1000000000
2 15402 11253
2 12864 18047
1 14756 -1000000000
1 12629 1000000000
2 19007 14759
1 19158 1000000000
1 19105 1000000000
2 3905 5452
2 7995 1827
2 3842 13847
2 752 16779
2 8084 16699
2 7552 5745
1 10176 -1000000000
1 3419 1000000000
2 4665 9408
2 14890 9291
1 5469 1000000000
2 14168 13213
1 4977 -1000000000
1 235 1000000000
2 13024 11142
2 8117 13920
1 5410 -1000000000
2 7804 18531
2 9543 10364
2 19232 13714
1 2343 -1000000000
2 16134 19108
1 15133 -1000000000
1 14820 -1000000000
2 7567 12034
1 14368 -1000000000
1 11498 -1000000000
1 18819 -1000000000
1 18132 -1000000000
2 249 2788
2 1152 8265
1 16059 -1000000000
1 10341 1000000000
2 18805 19461
2 13417 15690
1 19063 1000000000
2 4224 12682
1 7887 -1000000000
2 6371 16638
2 12734 15479
2 4175 14517
1 13267 -1000000000
1 8958 -1000000000
2 11432 12078
1 9708 1000000000
1 1119 1000000000
2 8364 3168
1 17391 -1000000000
1 7024 -1000000000
2 5483 7895
2 2282 15371
1 5552 -1000000000
1 5113 1000000000
2 12150 2300
1 14130 -1000000000
1 19039 -1000000000
1 11781 1000000000
1 12924 -1000000000
1 17868 1000000000
1 7654 -1000000000
1 9358 -1000000000
1 12708 -1000000000
1 17825 -1000000000
2 13224 1410
2 5528 16371
1 17602 1000000000
1 15847 -1000000000
1 10968 -1000000000
2 10108 9703
1 8177 -1000000000
2 14571 12896
1 1650 1000000000
1 5960 -1000000000
1 11277 1000000000
1 12866 1000000000
1 19164 1000000000
2 7816 19739
2 4492 14137
1 16318 -1000000000
2 6839 16639
1 12981 1000000000
1 19337 -1000000000
1 14317 -1000000000
2 7833 19968
2 466 19934
1 16553 -1000000000
1 19152 1000000000
1 12168 1000000000
1 18227 1000000000
2 6237 1204
1 7957 1000000000
1 14247 1000000000
1 13109 1000000000
2 11901 1166
2 3253 12413
2 19717 8465
1 12135 1000000000
2 18682 5895
1 2211 1000000000
2 3123 9340
1 5838 1000000000
1 18391 1000000000
1 16020 -1000000000
1 19509 1000000000
1 12820 -1000000000
1 7348 1000000000
1 14542 -1000000000
1 1778 -1000000000
1 8934 -1000000000
1 9093 1000000000
1 6662 1000000000
2 1219 14128
1 12550 1000000000
2 18211 6555
1 10258 1000000000
2 17708 2078
1 17867 -1000000000
1 846 1000000000
1 474 -1000000000
2 15057 16414
2 8525 6306
2 19054 6650
2 3640 10836
1 3883 1000000000
2 9513 17649
1 11855 1000000000
2 12383 7468
1 12342 1000000000
1 17711 1000000000
2 13188 16553
2 1235 1968
1 11528 -1000000000
2 3997 14319
2 5092 10473
2 6731 17790
1 6659 -1000000000
1 18987 1000000000
2 9305 18088
2 2909 18467
1 15579 1000000000
1 16997 -1000000000
2 6731 16173
1 220 -1000000000
1 12886 1000000000
1 13144 1000000000
1 18969 -1000000000
2 7818 8991
1 11033 -1000000000
1 19084 -1000000000
1 4768 1000000000
2 4530 9868
1 371 -1000000000
1 4129 1000000000
2 5223 18952
1 1933 -1000000000
1 16732 -1000000000
1 16584 1000000000
2 9770 10675
2 19666 12846
2 8440 11074
2 13562 7178
1 14940 1000000000
2 1593 2241
1 9323 1000000000
1 8253 1000000000
1 16922 -1000000000
2 15999 11037
1 18463 -1000000000
2 9297 19369
1 14901 -1000000000
2 17766 1057
1 8860 -1000000000
1 19233 1000000000
2 9399 2926
1 19882 -1000000000
2 10343 979
2 4010 17766
1 18763 1000000000
2 13772 13421
1 15461 1000000000
2 3627 6281
2 13252 17498
1 17607 -1000000000
1 15926 1000000000
1 10825 1000000000
1 17754 1000000000
1 2662 1000000000
2 13201 15359
2 8729 10832
2 19991 6435
2 18278 4452
1 2632 -1000000000
1 9445 1000000000
1 4786 1000000000
1 8044 -1000000000
2 4653 1538
2 16242 13663
2 3822 7554
2 3606 17446
2 19048 10279
2 13631 15578
2 16934 17857
1 18730 -1000000000
2 3822 18209
1 4857 1000000000
1 11242 1000000000
1 17803 -1000000000
2 2713 4904
1 1195 1000000000
2 118 3014
2 14377 6461
2 16275 11435
1 2777 -1000000000
2 5011 3685
2 9010 15610
1 9689 -1000000000
2 7009 270
2 7136 14747
1 16755 -1000000000
2 612 11681
1 6347 -1000000000
2 1848 12702
2 14965 7751
2 4738 8617
1 1228 1000000000
2 9022 2275
1 16112 -1000000000
1 3622 1000000000
1 10147 1000000000
1 17424 -1000000000
1 6788 1000000000
1 19735 1000000000
1 10463 -1000000000
1 1279 -1000000000
1 9881 -1000000000
2 247 10147
1 1165 1000000000
1 1365 1000000000
1 233 1000000000
1 18424 -1000000000
1 19472 1000000000
1 12460 -1000000000
1 15767 1000000000
1 19006 -1000000000
2 14080 4438
2 2861 2211
2 3562 10515
2 8275 5826
2 8627 2624
1 14124 -1000000000
2 15722 11862
2 3047 12443
1 1742 -1000000000
1 10069 -1000000000
2 3163 9670
1 10283 1000000000
1 7449 1000000000
2 3456 10444
2 15263 5730
1 16066 1000000000
2 14823 12140
2 2233 18471
2 7273 5575
2 2659 18372
1 5454 1000000000
2 9186 16399
2 3523 16723
2 10653 17446
2 6427 11011
2 1081 14545
2 2296 9533
1 7206 -1000000000
1 17157 -1000000000
1 19038 -1000000000
1 5128 1000000000
2 15055 6115
2 1176 7582
1 4495 1000000000
1 13686 1000000000
1 16720 1000000000
1 13053 -1000000000
2 11609 903
2 5693 19413
2 2255 1507
2 3512 19796
2 7380 11193
1 9867 1000000000
1 7214 -1000000000
1 5842 1000000000
1 18682 1000000000
1 10173 1000000000
2 3232 16999
1 8288 1000000000
1 728 1000000000
2 12066 19896
1 10922 1000000000
1 179 -1000000000
1 3551 1000000000
2 7729 18404
2 13634 10617
1 12017 -1000000000
1 8097 -1000000000
2 18995 7472
1 13777 -1000000000
1 15307 1000000000
1 15602 1000000000
1 16631 -1000000000
1 6016 -1000000000
1 4006 -1000000000
1 351 1000000000
1 12280 -1000000000
2 16868 11861
1 19001 1000000000
2 11624 148
1 10350 -1000000000
1 429 1000000000
1 8024 1000000000
1 91 -1000000000
1 3534 -1000000000
1 2317 -1000000000
2 2750 13823
2 4030 17263
1 12978 1000000000
1 3317 -1000000000
2 1511 5631
1 14253 -1000000000
1 6758 -1000000000
1 1190 1000000000
1 8710 -1000000000
1 3205 -1000000000
2 15790 9127
1 13267 1000000000
2 16692 15017
2 16960 4932
1 12889 -1000000000
1 14039 -1000000000
1 3107 1000000000
1 1604 -1000000000
2 6357 5417
2 6429 8107
2 3279 10599
2 12992 11804
2 13028 1181
1 2920 -1000000000
2 12700 19358
2 9716 13363
1 11946 -1000000000
1 5448 -1000000000
1 6045 1000000000
1 14046 1000000000
1 19615 1000000000
2 8877 19239
1 10856 -1000000000
1 1038 -1000000000
2 13621 11705
1 10953 -1000000000
2 18015 3455
2 16959 12098
2 5158 3646
2 7361 15598
2 18075 14608
2 2290 14255
2 5227 15618
2 15868 1584
2 3817 2530
1 11078 -1000000000
2 1794 12288
2 14206 2364
2 6142 15211
1 8378 1000000000
2 11033 6063
2 8147 8784
2 13921 17785
2 15620 4553
2 12661 12034
2 16067 1053
2 16945 18901
2 2763 6243
2 6487 13294
1 14980 1000000000
2 13092 4065
1 8093 -1000000000
2 14763 4596
1 5452 1000000000
2 16250 5380
1 12062 1000000000
1 5323 1000000000
2 19245 19448
1 7222 -1000000000
1 11607 1000000000
2 211 4273
2 9271 5586
1 6823 1000000000
1 10110 1000000000
1 13972 1000000000
1 8587 -1000000000
1 11735 -1000000000
2 14235 17294
2 5596 11681
1 15644 1000000000
2 14747 10800
1 3043 1000000000
2 17407 11460
2 9984 18677
1 3100 1000000000
2 2827 15108
1 4096 1000000000
1 5397 -1000000000
2 5112 3260
2 3789 15168
2 2424 11604
2 2373 19326
2 4707 18965
2 16782 15229
2 468 19905
2 3530 16282
2 4182 12231
2 8683 9000
2 5458 13337
2 7876 13235
2 12422 17148
2 17761 2788
1 11558 1000000000
2 8519 524
1 18378 -1000000000
1 1187 -1000000000
2 15125 13417
2 8058 719
2 7601 12650
2 19362 6017
1 773 1000000000
1 5345 -1000000000
2 4486 4310
1 8148 -1000000000
2 17946 2406
2 7144 18523
1 4578 1000000000
2 12333 13921
1 4552 -1000000000
1 1749 1000000000
2 16335 12898
2 6209 19706
1 7071 1000000000
2 4966 11019
1 12208 1000000000
2 9761 11804
1 17342 1000000000
2 16002 2977
2 16231 9925
2 12440 16135
2 3303 12265
1 19460 -1000000000
1 8324 -1000000000
2 6079 17698
1 2991 1000000000
2 7919 15563
2 3168 3532
2 8041 18287
1 91 1000000000
2 15852 11918
1 17284 -1000000000
1 10835 1000000000
1 10299 -1000000000
1 130 -1000000000
1 5337 -1000000000
2 13634 18622
2 8207 17573
1 1636 -1000000000
1 4837 -1000000000
2 18803 3162
1 3067 -1000000000
2 7631 16674
2 505 4098
2 12704 6975
1 18072 -1000000000
2 16510 17611
1 283 -1000000000
2 9668 6490
2 1597 8653
2 9348 10222
2 13836 2986
2 12032 13677
1 16733 1000000000
2 12703 15762
2 13542 4432
1 8619 1000000000
1 3762 1000000000
2 12872 12008
2 13564 3936
2 14189 5083
2 4431 7307
1 19652 1000000000
1 1883 -1000000000
2 267 8744
1 7680 1000000000
1 14201 -1000000000
2 10212 10200
1 8001 -1000000000
1 4712 1000000000
1 6400 1000000000
1 19555 -1000000000
1 18692 -1000000000
1 16265 -1000000000
1 7728 -1000000000
2 9995 11933
2 618 17737
1 10859 -1000000000
1 11733 1000000000
1 4055 1000000000
2 12993 8108
1 8848 1000000000
1 16186 1000000000
1 19387 1000000000
1 6660 1000000000
1 6890 1000000000
1 7400 1000000000
1 369 -1000000000
1 17495 -1000000000
1 8414 1000000000
1 18092 1000000000
2 15273 17205
1 14233 1000000000
1 258 1000000000
2 16100 8498
2 737 13495
1 9088 -1000000000
2 11796 6748
2 10214 7862
1 8189 1000000000
1 14887 1000000000
2 7642 8654
1 5186 -1000000000
2 3570 5287
1 17735 1000000000
2 4970 3233
1 10188 -1000000000
2 8633 14088
1 6147 1000000000
2 14535 7659
1 12426 1000000000
1 19024 -1000000000
2 11939 7749
2 8909 14434
2 9434 2446
1 10428 1000000000
1 5528 -1000000000
2 13425 8931
1 6817 -1000000000
2 14658 6761
1 1540 1000000000
1 17711 1000000000
2 18424 15122
1 6297 1000000000
2 11358 801
1 17646 1000000000
2 18318 9827
1 2520 -1000000000
2 8904 11214
1 13691 -1000000000
2 193 1873
2 5960 9241
1 12590 1000000000
2 6343 4498
1 1977 1000000000
2 5413 4520
2 7734 5755
2 10174 17837
2 3075 4992
1 15741 1000000000
1 16317 1000000000
1 2995 1000000000
2 10937 11929
2 18273 17475
2 9625 6904
1 17122 1000000000
1 4220 -1000000000
1 4761 1000000000
1 15271 1000000000
2 3000 11948
2 16978 15945
2 16465 19490
2 15963 11095
2 7970 8304
1 3846 1000000000
1 810 1000000000
2 7264 14645
2 17395 6713
1 18886 -1000000000
1 17259 1000000000
2 1783 17921
2 8371 15831
1 14790 -1000000000
2 18280 13064
1 14500 1000000000
2 3587 1610
2 6899 2167
1 12768 1000000000
2 3652 5727
1 18893 1000000000
2 16471 2751
1 13489 1000000000
2 5423 12536
2 12277 18140
1 1413 1000000000
2 3898 16028
1 758 1000000000
1 14242 -1000000000
2 16473 11965
2 2043 12349
1 2475 1000000000
1 2630 1000000000
2 4559 3121
1 8116 1000000000
1 2130 1000000000
2 8644 16868
1 10520 1000000000
2 14046 6170
2 12164 16550
2 7045 2095
2 14264 177
2 7232 12370
1 15542 1000000000
1 14025 1000000000
2 18116 13844
2 1750 6364
2 16596 18665
1 19674 -1000000000
2 5885 17070
2 19912 2338
1 11756 1000000000
1 19893 1000000000
2 5912 6103
2 19828 8539
2 5154 3525
1 13039 1000000000
2 16164 15743
1 10805 -1000000000
1 13387 1000000000
2 9529 908
2 909 16265
2 7356 8912
1 14628 -1000000000
2 8374 13513
2 15961 15728
1 19749 -1000000000
2 4843 9661
1 106 1000000000
1 7364 -1000000000
1 4910 -1000000000
1 17655 -1000000000
2 7358 64
2 8155 12305
2 10315 4379
2 6527 5817
2 18512 6006
1 5223 -1000000000
1 12608 -1000000000
2 3439 16615
1 5706 -1000000000
2 11227 11700
1 16901 -1000000000
2 8816 19933
2 3876 19840
2 12122 17242
1 1186 -1000000000
2 7560 19681
2 11987 13063
1 5517 -1000000000
2 19266 6170
2 8627 11888
1 1679 -1000000000
1 10786 -1000000000
1 11264 -1000000000
2 2447 18184
1 4317 1000000000
2 12971 6591
1 10046 -1000000000
2 8460 14055
1 17673 -1000000000
2 16400 9844
1 10422 -1000000000
2 9164 2525
2 15438 17177
2 11672 2253
2 17451 19078
1 9535 1000000000
1 2111 1000000000
1 12835 -1000000000
2 14376 10253
1 17856 1000000000
2 16350 8031
1 8021 -1000000000
1 18525 1000000000
1 15496 1000000000
1 14971 -1000000000
1 2569 -1000000000
1 6070 -1000000000
1 5863 1000000000
1 16234 -1000000000
1 5673 -1000000000
1 4415 -1000000000
1 12406 -1000000000
1 8243 -1000000000
2 14497 8156
2 6403 878
1 9758 -1000000000
1 14037 -1000000000
2 8249 4543
1 10002 -1000000000
1 3607 -1000000000
2 19916 16304
1 16485 1000000000
2 12658 4574
1 16390 1000000000
1 8352 -1000000000
1 8432 -1000000000
2 4316 5483
2 2086 4328
2 5945 6161
2 16874 8344
1 4371 1000000000
1 18613 -1000000000
2 5932 18906
2 16521 14832
2 6474 3649
2 6388 15315
1 17035 1000000000
2 18280 19342
1 204 1000000000
1 5513 1000000000
1 6902 -1000000000
1 8946 -1000000000
1 14032 -1000000000
2 7209 11403
2 8169 11374
2 3685 6647
2 9665 8658
2 11420 5526
2 11633 4821
1 8579 1000000000
1 9388 1000000000
1 1138 -1000000000
2 2461 7847
1 2239 -1000000000
2 15812 18641
2 17388 7718
2 13573 14608
1 13451 -1000000000
2 14480 14027
2 18232 10053
1 12177 1000000000
1 18058 -1000000000
2 5559 13575
1 14436 1000000000
1 14947 1000000000
2 19860 12333
1 3083 -1000000000
2 10709 17405
2 8039 5970
1 11309 1000000000
2 17228 1756
2 8229 174
2 5911 7175
1 2957 1000000000
2 9919 1294
1 9024 1000000000
2 1694 2630
1 1222 -1000000000
1 6439 1000000000
1 8904 1000000000
2 9526 5137
1 10972 -1000000000
2 5728 6774
2 14400 5795
1 10580 -1000000000
2 911 17929
2 3331 4122
2 7013 5510
1 13701 -1000000000
1 13889 -1000000000
2 17582 12406
1 10967 -1000000000
2 4840 1705
2 18911 7009
1 4381 -1000000000
1 18433 -1000000000
1 16214 -1000000000
2 6634 9332
2 10717 11824
1 4086 1000000000
2 16084 5864
2 11751 14778
1 11580 1000000000
2 13060 11676
2 14110 13843
1 19934 1000000000
1 13697 -1000000000
2 6386 10446
1 13436 1000000000
1 5801 -1000000000
2 18704 6872
2 8539 12470
2 10000 18771
1 2194 -1000000000
2 339 6320
1 1857 -1000000000
2 17052 5240
2 18852 10554
2 8466 15422
2 3669 5711
2 12173 16713
2 9823 16112
1 10369 -1000000000
1 8837 1000000000
1 19067 1000000000
1 15929 -1000000000
2 4182 14963
2 13915 16708
2 5451 18849
1 17332 1000000000
1 17857 -1000000000
1 1665 1000000000
1 14374 1000000000
1 15849 1000000000
1 7859 1000000000
1 4020 -1000000000
2 1708 1904
2 9601 11277
2 16754 4583
1 6455 -1000000000
1 15944 1000000000
1 18008 1000000000
1 7999 -1000000000
1 18155 1000000000
2 10771 11203
2 518 10207
1 1507 1000000000
2 18923 14529
2 9159 1023
2 15401 195
1 1104 1000000000
2 5474 17574
2 7852 18194
2 10175 473
2 13060 184
2 8817 5437
2 4410 12680
1 19748 -1000000000
2 5872 15280
2 16749 8314
1 4215 -1000000000
2 3767 15326
1 9561 -1000000000
2 612 7319
2 387 12591
1 3209 -1000000000
1 7190 1000000000
1 8780 -1000000000
2 16120 7770
1 4037 1000000000
1 18692 -1000000000
2 12510 7774
2 12875 5854
1 13208 -1000000000
2 3576 18488
2 6291 1218
2 3584 8422
1 19617 -1000000000
2 19052 13477
1 4913 -1000000000
1 16409 -1000000000
1 15858 1000000000
2 1138 3018
1 2267 1000000000
1 769 -1000000000
1 3944 1000000000
2 5308 8070
1 17368 -1000000000
2 3398 11380
1 10066 -1000000000
1 18130 1000000000
2 4321 17643
1 16269 -1000000000
1 18183 -1000000000
2 15385 7922
2 8871 15961
1 19097 -1000000000
2 19822 19057
2 11993 19108
2 8327 4861
2 3395 11845
2 11262 2807
2 6907 18166
2 12279 6255
2 14736 18683
1 8008 1000000000
1 13545 1000000000
1 575 1000000000
2 18036 13603
1 11540 -1000000000
2 17866 534
2 19837 4438
1 1556 1000000000
2 9084 867
1 2893 -1000000000
2 5673 1791
1 8468 -1000000000
1 3317 -1000000000
1 16278 1000000000
2 19359 4720
2 11070 7214
2 13972 10862
2 17521 10244
1 9743 1000000000
1 1881 1000000000
1 12355 1000000000
2 1741 17753
2 6548 10777
1 11356 -1000000000
1 7640 -1000000000
1 11831 -1000000000
1 1701 1000000000
1 2866 -1000000000
2 11089 10126
1 15670 1000000000
1 4253 -1000000000
1 18301 -1000000000
1 6969 1000000000
2 13994 5339
1 15956 1000000000
2 6727 5333
1 15484 1000000000
1 2757 -1000000000
1 16203 1000000000
2 16484 15643
2 15840 16507
1 2476 1000000000
2 4120 18558
2 6475 12346
1 835 1000000000
2 3035 13893
1 14649 1000000000
1 4155 1000000000
2 10825 17261
1 16040 1000000000
1 7544 -1000000000
2 3325 16765
2 14552 18545
2 10990 11253
2 17993 17308
1 9866 1000000000
1 119 1000000000
2 7359 824
2 14745 11939
1 18171 1000000000
2 5919 650
1 15180 1000000000
1 3751 -1000000000
2 14445 18372
2 15500 4100
2 15838 9049
2 565 2025
1 8103 1000000000
1 12577 -1000000000
1 6133 -1000000000
2 3009 3437
1 437 1000000000
2 15165 4627
2 19736 6470
2 8948 19826
1 1411 -1000000000
1 9451 1000000000
1 18198 -1000000000
1 13321 1000000000
2 17749 9737
2 13931 2132
1 10632 -1000000000
1 5030 1000000000
1 17909 1000000000
1 13691 1000000000
1 16890 -1000000000
2 14999 6554
2 13792 62
2 15974 18304
1 17797 1000000000
2 16687 15653
2 10335 15892
1 8773 1000000000
2 6954 12847
2 12520 6606
2 15726 5136
1 19729 -1000000000
2 11957 471
1 9577 -1000000000
1 18765 -1000000000
1 11597 -1000000000
2 18057 3727
1 7175 1000000000
2 14353 17150
2 3455 3830
1 2283 1000000000
2 12916 14779
1 16557 -1000000000
2 5987 19153
2 973 16072
2 14974 1369
2 6804 277
1 7587 -1000000000
1 19927 1000000000
1 6331 -1000000000
1 15176 -1000000000
2 14416 377
2 5053 18577
2 16216 18581
1 16025 1000000000
1 6525 1000000000
1 8845 1000000000
2 8855 18617
2 8311 1433
1 16000 -1000000000
2 15731 282
2 19039 2543
2 3153 2551
1 17379 -1000000000
2 10765 7101
1 12321 1000000000
1 14374 -1000000000
2 15007 13283
2 13861 16139
1 7646 -1000000000
1 6429 -1000000000
1 12716 -1000000000
1 16575 -1000000000
1 1916 -1000000000
1 1374 1000000000
1 12742 -1000000000
1 14659 1000000000
2 11011 11227
1 15388 1000000000
1 18914 -1000000000
2 19098 3025
2 6157 1128
2 11936 8934
1 16381 1000000000
2 269 2191
1 3031 -1000000000
1 19287 1000000000
1 11236 -1000000000
2 7286 19979
2 12848 8555
1 14993 -1000000000
1 7568 1000000000
1 1902 1000000000
1 15286 -1000000000
1 4777 1000000000
1 6503 1000000000
1 15600 1000000000
2 4396 18517
1 15774 -1000000000
1 16755 1000000000
1 2651 -1000000000
1 6745 -1000000000
2 15396 19015
1 3344 1000000000
2 4791 16194
1 11464 -1000000000
1 16718 1000000000
1 16296 -1000000000
1 8939 -1000000000
1 14064 1000000000
1 10738 1000000000
2 15583 19639
2 9914 4275
1 13496 -1000000000
1 10108 1000000000
2 7608 5718
2 10500 3579
1 8469 1000000000
1 15510 1000000000
1 4139 1000000000
2 13270 3359
1 7907 -1000000000
1 11582 -1000000000
1 150 1000000000
1 1071 1000000000
2 1775 468
2 17511 19402
1 19337 -1000000000
2 2145 9621
1 5104 1000000000
1 12392 -1000000000
2 19877 7855
2 11683 9524
2 1251 10801
2 10880 13736
1 17509 1000000000
1 4508 -1000000000
2 14344 18830
2 3909 3117
2 1261 14775
1 4192 -1000000000
2 13756 9011
2 7076 18248
2 8178 9421
1 16826 1000000000
1 10063 1000000000
1 10568 1000000000
2 18686 17381
1 4073 1000000000
2 15942 3824
2 11024 10385
1 6591 -1000000000
1 871 1000000000
1 12401 -1000000000
1 524 -1000000000
1 16070 -1000000000
2 3104 11510
1 18473 -1000000000
2 2517 19859
1 6590 1000000000
1 12081 1000000000
2 11167 607
1 15269 1000000000
2 8199 5134
2 7921 2757
2 7257 3131
1 6255 1000000000
1 10491 1000000000
1 11833 1000000000
2 6325 17959
2 14795 16960
2 4343 1866
1 17962 1000000000
2 6687 9571
2 8455 924
2 12323 13107
2 1822 7494
1 9649 -1000000000
1 17803 1000000000
1 3649 1000000000
1 11412 1000000000
2 661 45
2 847 14174
2 9294 15359
1 7179 1000000000
2 3577 17716
2 7902 8464
2 15145 18746
2 18745 8233
2 13142 14469
1 531 -1000000000
1 14304 -1000000000
1 3941 1000000000
1 2695 -1000000000
2 4543 12789
2 247 13316
2 1670 19071
1 18075 -1000000000
1 2661 1000000000
2 10514 4474
1 18581 -1000000000
2 4680 12252
1 10051 -1000000000
2 4278 9980
1 14716 1000000000
2 11213 8717
1 7655 1000000000
1 9738 -1000000000
2 6125 9181
2 19632 4800
2 10155 6588
2 12661 847
1 9995 1000000000
2 11109 3201
2 19498 1607
1 4571 -1000000000
2 1855 12454
1 15314 1000000000
1 16859 -1000000000
1 11881 -1000000000
1 12125 -1000000000
2 11808 12856
1 6514 1000000000
1 17912 1000000000
1 1720 -1000000000
1 2038 1000000000
1 7109 1000000000
2 4559 18257
2 14020 15181
2 12256 5739
2 14665 4810
2 4443 13579
1 120 -1000000000
2 16230 14476
1 13598 -1000000000
1 16361 1000000000
1 15644 1000000000
2 4529 12363
2 9205 3913
1 13468 -1000000000
1 2698 1000000000
2 7218 11758
2 7426 5421
1 9099 1000000000
2 12641 7413
2 12949 15555
1 11494 -1000000000
2 420 4311
2 10166 9840
1 12220 -1000000000
1 12824 1000000000
1 17224 1000000000
2 10216 11320
2 15864 9702
2 17402 9862
1 9660 -1000000000
1 12815 1000000000
2 4672 6861
2 10717 10406
1 3751 1000000000
2 19200 15447
2 3378 6732
2 17606 7012
2 3711 19394
1 13233 -1000000000
2 17391 4751
2 6321 10374
2 12018 15597
1 4043 1000000000
1 14928 1000000000
1 8443 -1000000000
2 5252 9531
1 10572 1000000000
2 5027 18274
1 19205 -1000000000
1 19074 1000000000
1 926 1000000000
1 19223 1000000000
1 8861 1000000000
1 14653 -1000000000
1 13179 1000000000
1 6986 -1000000000
1 10544 -1000000000
1 11050 1000000000
1 17459 -1000000000
1 16045 1000000000
2 13880 9600
1 10578 -1000000000
1 9987 -1000000000
1 10369 1000000000
2 3889 12168
2 6067 1282
2 8675 1737
1 5886 1000000000
2 12534 10647
2 2129 4196
1 6647 -1000000000
2 3665 15378
2 9340 1731
2 3640 8104
2 14958 9429
2 17037 13945
1 17606 -1000000000
1 5764 -1000000000
1 7037 -1000000000
1 15351 1000000000
1 19228 1000000000
1 5984 -1000000000
2 5794 2384
2 6968 4998
1 3377 1000000000
1 17212 1000000000
1 18860 -1000000000
1 1866 -1000000000
2 12928 1169
1 17368 -1000000000
2 17665 9490
2 13929 5479
1 9945 -1000000000
2 16492 4072
2 17612 10726
1 19143 1000000000
1 10461 -1000000000
2 11943 15059
2 15073 345
2 7953 401
2 10031 12674
2 235 11716
2 7150 3144
1 15589 -1000000000
1 13030 1000000000
1 9268 -1000000000
1 13679 -1000000000
1 1466 1000000000
2 13930 19955
1 14764 1000000000
2 16027 14636
2 16293 791
1 11249 -1000000000
1 1387 -1000000000
1 10889 1000000000
2 5470 5044
1 12761 -1000000000
1 2491 1000000000
1 1179 -1000000000
2 7817 11840
2 12221 8908
2 18984 4460
1 2617 1000000000
1 18508 -1000000000
1 15047 1000000000
1 17319 1000000000
1 4952 -1000000000
1 13347 1000000000
2 11535 17549
1 18008 1000000000
1 12961 1000000000
1 19891 1000000000
1 4164 -1000000000
2 2620 1414
2 19787 4396
1 7704 1000000000
2 18364 17984
1 15532 -1000000000
1 6656 1000000000
2 2531 15170
1 4096 -1000000000
2 4884 7442
2 5137 4382
1 19733 -1000000000
1 3633 -1000000000
1 7805 -1000000000
1 17706 -1000000000
2 9710 13144
2 2556 6600
1 9348 1000000000
1 11288 1000000000
2 1951 12504
2 10288 5272
1 8735 -1000000000
2 8186 11437
1 4769 -1000000000
2 6633 8910
2 12971 4631
1 14294 1000000000
1 3686 -1000000000
1 2302 1000000000
2 15220 18435
1 4711 -1000000000
1 5343 1000000000
1 224 1000000000
1 13860 1000000000
2 19617 6236
2 3690 17690
2 13324 8594
2 1968 5177
2 15199 4329
2 10644 10235
2 9942 13727
1 11478 1000000000
1 1366 -1000000000
1 19318 -1000000000
2 11561 9439
1 278 1000000000
2 796 19306
2 16594 9640
1 8550 -1000000000
1 19240 1000000000
2 1741 12278
2 595 5304
1 2128 -1000000000
2 11832 418
2 6351 8582
1 15528 -1000000000
2 18699 3431
1 2312 1000000000
1 6413 -1000000000
2 13793 3100
1 8942 1000000000
1 19127 1000000000
2 17992 14558
2 2345 6170
2 4173 19802
2 12834 4220
2 3392 10338
2 8792 13579
2 15711 18827
1 19762 1000000000
2 10301 5832
2 14883 15621
2 11534 2676
1 6774 1000000000
2 3373 8786
1 205 1000000000
1 19558 1000000000
2 5099 298
1 11492 1000000000
1 18350 -1000000000
2 17300 5982
2 17022 6737
1 18477 1000000000
1 6854 -1000000000
2 18807 10384
2 3463 15778
1 10561 1000000000
1 5432 -1000000000
1 13226 1000000000
2 4264 4039
1 13797 1000000000
2 14053 16895
2 18766 5394
2 2988 7979
2 15064 138
1 17475 1000000000
1 16542 1000000000
1 16618 -1000000000
1 11659 1000000000
1 4697 1000000000
1 10211 1000000000
1 9998 -1000000000
2 2702 7832
1 11305 1000000000
1 1881 -1000000000
1 5985 -1000000000
1 16208 -1000000000
1 2109 -1000000000
2 19123 16402
2 16924 5841
2 17145 9731
1 4824 -1000000000
1 12709 1000000000
1 16868 1000000000
1 19274 -1000000000
2 2813 17619
2 1675 7351
1 6821 -1000000000
1 9708 1000000000
1 13052 1000000000
1 6986 -1000000000
2 5331 18682
1 6596 1000000000
1 15001 -1000000000
1 1129 -1000000000
2 17949 12615
2 18812 13293
2 9905 1592
2 6129 4429
2 7753 6329
2 283 10701
2 10037 9013
1 5050 1000000000
1 3650 -1000000000
1 17201 -1000000000
2 5721 4088
2 16281 6305
2 7232 6859
1 19276 -1000000000
1 4243 -1000000000
2 19084 10402
2 5664 13836
1 9071 1000000000
1 3065 -1000000000
2 17448 7521
1 6604 -1000000000
1 6822 1000000000
1 15712 -1000000000
2 565 18124
1 11540 -1000000000
1 10802 1000000000
2 10435 19036
2 12799 13205
1 17253 -1000000000
2 19110 3283
1 14879 -1000000000
2 4910 2241
2 2463 7434
2 16762 19823
1 19166 1000000000
1 11468 -1000000000
2 4773 17052
2 17629 4779
1 17218 -1000000000
2 15390 7390
1 19617 -1000000000
1 18219 1000000000
1 8389 1000000000
2 5746 14401
2 8343 10098
1 13713 1000000000
2 11177 18853
1 12703 -1000000000
1 16073 1000000000
2 14341 4021
1 7197 1000000000
2 7634 3053
1 1 -1000000000
1 10010 -1000000000
2 9885 17918
2 8469 16273
1 11939 1000000000
1 11039 -1000000000
1 12917 -1000000000
2 6087 8040
2 13850 18230
2 17437 1300
2 13443 3356
2 3070 3808
1 14052 1000000000
2 16582 17565
1 5436 -1000000000
2 19867 16255
1 17948 1000000000
1 13458 -1000000000
2 7050 8658
2 16645 2849
1 15256 -1000000000
2 9732 14157
1 17129 -1000000000
2 18260 14769
1 10362 -1000000000
2 8264 7250
1 8818 1000000000
1 874 -1000000000
2 10638 14157
2 3598 2657
2 16686 6241
2 6016 9408
1 9135 1000000000
2 689 18365
1 5157 1000000000
2 9523 16644
2 4030 19277
1 16481 -1000000000
1 10410 1000000000
1 9555 1000000000
1 9924 -1000000000
2 17302 19159
1 7163 -1000000000
1 19668 -1000000000
1 6824 -1000000000
2 14659 16388
1 3565 -1000000000
2 6528 14164
1 6135 1000000000
2 6159 18881
2 19597 18123
2 6883 8628
1 4317 -1000000000
1 13055 1000000000
1 15253 1000000000
2 13610 3428
1 17798 1000000000
2 16378 2856
1 6200 1000000000
1 17020 -1000000000
1 11447 1000000000
1 12452 1000000000
1 6223 1000000000
2 16234 16450
2 13085 7093
2 15762 8485
2 18398 13511
1 10965 1000000000
1 5345 -1000000000
1 12334 -1000000000
2 13331 15657
2 16144 15206
1 5335 -1000000000
1 5652 1000000000
1 15618 -1000000000
2 19192 14109
1 12655 -1000000000
1 12379 1000000000
1 8452 1000000000
1 226 1000000000
2 17698 9686
2 10855 8004
1 15909 1000000000
1 4093 1000000000
2 3392 15406
2 14105 1750
1 12022 1000000000
1 4672 -1000000000
1 8352 -1000000000
2 19678 17034
2 11029 13455
2 7369 5726
2 16957 14047
2 8453 12441
1 4920 -1000000000
1 3631 1000000000
1 14710 1000000000
2 8960 1996
2 18965 8077
1 12600 -1000000000
2 11814 15036
1 4412 -1000000000
2 1327 1558
2 2754 25
2 10087 17276
2 6401 1211
1 14891 -1000000000
1 7661 -1000000000
1 15746 1000000000
1 11265 1000000000
1 5967 -1000000000
1 4067 -1000000000
1 11048 -1000000000
1 17620 1000000000
2 16949 8614
1 7440 -1000000000
1 18328 1000000000
2 13074 9123
1 11238 -1000000000
2 1153 18544
1 234 1000000000
1 4171 -1000000000
1 6479 -1000000000
1 13631 1000000000
1 1740 1000000000
1 5307 -1000000000
1 13724 -1000000000
1 16807 1000000000
2 18799 18883
1 15548 -1000000000
2 18833 7511
1 4595 1000000000
1 11911 1000000000
2 10710 17084
2 11372 3132
1 16731 1000000000
2 13481 11573
2 7710 16058
1 16185 -1000000000
2 18481 1956
2 10051 14782
2 15690 13439
2 18583 4925
2 10434 6683
2 12698 2155
1 9103 1000000000
2 14750 10436
2 16701 8296
1 11314 -1000000000
1 7576 1000000000
2 7946 2851
1 9473 1000000000
2 12990 7212
1 13055 -1000000000
1 14756 -1000000000
2 1991 15044
1 14649 1000000000
1 19841 1000000000
1 15134 1000000000
1 760 1000000000
2 1209 9053
1 15586 -1000000000
2 4573 1299
1 9573 1000000000
1 10454 1000000000
2 15530 15411
1 8866 -1000000000
1 10292 -1000000000
1 13833 -1000000000
2 2011 18385
2 5568 14096
2 7375 956
1 14270 1000000000
2 10744 6568
1 15225 1000000000
1 14692 1000000000
2 16888 18611
2 10803 6213
1 10481 -1000000000
2 19343 19280
2 3310 805
2 13658 8805
1 16032 1000000000
1 18083 1000000000
2 15620 329
1 17453 1000000000
1 18905 -1000000000
2 10841 12286
1 3387 -1000000000
1 9006 -1000000000
1 15188 1000000000
1 3730 1000000000
2 2402 5100
1 8154 1000000000
2 2652 16538
1 3649 1000000000
1 8804 -1000000000
1 4334 -1000000000
2 6355 17507
2 11000 5284
1 4069 1000000000
2 6346 16606
1 15141 -1000000000
2 17374 1836
1 16181 -1000000000
2 12390 3223
1 12844 1000000000
1 17539 -1000000000
2 13772 5478
1 16513 -1000000000
1 15913 1000000000
2 11012 10302
1 13064 1000000000
2 15518 5528
1 17144 1000000000
2 614 5348
2 5938 1572
2 19885 10279
2 15997 19783
1 414 -1000000000
2 5142 17990
2 5929 9003
2 2515 13633
1 5285 -1000000000
2 12104 11177
2 12144 8964
1 4863 1000000000
1 8192 -1000000000
1 14942 1000000000
2 18787 12308
1 12282 1000000000
1 15166 1000000000
2 5812 13900
2 17626 19133
2 6813 17450
2 1373 17742
1 12448 1000000000
2 5480 2328
2 9472 6775
1 15915 1000000000
2 7468 10547
2 6992 281
2 10500 11661
2 10769 10975
2 19061 4145
2 4565 5351
2 7160 18924
1 13283 -1000000000
2 1443 9014
2 17193 4490
2 12283 17382
2 15254 11146
2 17804 1115
2 8244 3446
2 15319 17027
2 4263 6631
1 4715 1000000000
1 9044 1000000000
2 15920 15329
2 3485 11296
2 8888 2663
1 19901 -1000000000
2 19427 17981
1 17435 -1000000000
2 12927 2769
2 9426 12235
1 12368 1000000000
1 13821 -1000000000
1 15331 -1000000000
1 3814 1000000000
1 10926 1000000000
1 6617 -1000000000
1 8062 1000000000
1 6900 -1000000000
1 8671 -1000000000
2 7440 6004
1 13955 -1000000000
1 2003 -1000000000
2 8575 2438
2 19982 12587
1 2163 -1000000000
2 17561 19128
1 6175 1000000000
2 10355 9118
2 1214 2887
2 11692 18104
1 9105 1000000000
1 16740 -1000000000
1 4787 1000000000
1 6777 -1000000000
2 7865 13871
1 12782 -1000000000
1 901 -1000000000
1 12484 -1000000000
2 8706 18493
2 1163 12905
2 19795 8359
2 7081 709
2 10443 15079
2 2620 8575
2 3805 1917
1 16419 -1000000000
1 15752 1000000000
2 6354 4212
2 16403 11434
2 1990 14057
1 13207 1000000000
2 14248 10016
1 12667 -1000000000
1 12035 1000000000
2 14739 15099
2 9544 6421
2 1594 11172
2 15864 9909
1 19969 1000000000
2 4684 5145
2 12531 6747
1 5608 1000000000
1 13388 1000000000
1 4687 -1000000000
2 3584 8889
1 1841 -1000000000
1 7079 1000000000
1 12621 -1000000000
1 6622 -1000000000
2 5040 8359
1 19722 1000000000
2 11683 15384
2 681 4160
1 13908 1000000000
1 16054 1000000000
2 590 5237
2 7466 19395
2 4973 14177
2 17192 3612
2 14859 19308
2 15747 16217
1 19346 1000000000
2 8702 14170
2 491 3068
1 8665 1000000000
1 18635 1000000000
1 7417 1000000000
2 361 4323
2 9860 19539
2 675 15589
2 17541 11718
2 15253 3954
2 10950 3957
1 962 1000000000
1 1079 1000000000
2 13094 4508
2 6922 4422
1 8917 -1000000000
2 10823 5761
1 13101 1000000000
2 2603 5562
2 6648 1753
1 18706 -1000000000
2 4623 12260
2 13606 8556
1 16357 -1000000000
1 12472 1000000000
1 3445 1000000000
1 7285 -1000000000
2 14688 2731
2 15526 15382
1 4002 1000000000
2 3907 7434
1 5045 -1000000000
2 13545 5119
2 13881 4157
1 11791 1000000000
2 11633 13536
2 16098 3137
2 12 384
1 6947 1000000000
2 549 9257
1 4188 -1000000000
1 14123 -1000000000
2 8201 5642
1 3700 1000000000
1 5429 -1000000000
1 5149 1000000000
1 4443 -1000000000
2 12613 17345
2 11030 10708
1 293 -1000000000
1 2815 1000000000
2 18113 4322
2 17074 17723
1 12462 1000000000
1 8695 -1000000000
2 3775 9836
2 1630 1179
1 10714 -1000000000
2 4102 12308
1 4163 -1000000000
1 4910 -1000000000
1 2286 -1000000000
1 19227 1000000000
1 5622 1000000000
2 7191 730
2 11980 5205
2 8803 9872
1 8753 1000000000
1 13018 1000000000
2 7423 5679
1 3670 -1000000000
2 15402 19624
2 18584 12056
1 3686 -1000000000
1 18136 -1000000000
2 11286 8442
1 3161 -1000000000
2 3498 2375
1 17388 1000000000
2 2029 11519
2 14003 10847
2 15452 10191
2 14018 3307
1 19532 -1000000000
2 10913 3934
2 2811 1831
1 4326 1000000000
2 4638 2913
2 13059 1315
1 13563 -1000000000
1 19063 -1000000000
1 7809 1000000000
2 12269 7010
2 3262 18238
1 5018 1000000000
1 5476 1000000000
1 7149 1000000000
2 16752 15680
2 13326 5674
2 15605 4464
2 8576 11172
1 12289 -1000000000
1 815 1000000000
2 5052 5427
2 19846 18700
1 14684 1000000000
2 9513 9229
1 19660 -1000000000
2 4974 2319
1 18783 -1000000000
2 6712 4499
2 13639 1455
1 11318 1000000000
1 13357 -1000000000
1 18470 1000000000
2 3616 6309
1 12051 1000000000
1 18797 -1000000000
1 173 1000000000
1 5258 -1000000000
1 5877 -1000000000
2 4117 15523
2 12876 12116
1 8935 1000000000
2 127 1131
1 2762 1000000000
2 313 14227
2 807 10420
2 10114 3458
1 4117 1000000000
1 19044 1000000000
1 4123 1000000000
2 11741 18400
1 11008 -1000000000
2 6414 12213
2 2825 12557
2 8496 5362
2 10190 13858
1 7836 -1000000000
2 8032 955
1 6997 1000000000
2 9569 3185
1 14676 1000000000
1 16243 -1000000000
2 7829 13263
1 19285 1000000000
1 14432 -1000000000
2 9967 2883
1 11877 -1000000000
2 18073 11212
2 3982 14723
1 373 1000000000
1 11662 1000000000
1 7558 -1000000000
2 10482 6103
1 1495 1000000000
1 15769 1000000000
2 18277 8650
1 11778 1000000000
1 17275 -1000000000
1 2972 -1000000000
2 18863 2973
1 2398 1000000000
2 6998 6327
1 16114 -1000000000
2 12054 12193
1 4311 -1000000000
1 14758 1000000000
2 14655 18224
2 7778 1371
1 15803 -1000000000
1 13561 -1000000000
1 14805 1000000000
2 6262 10486
2 19145 13115
1 15453 -1000000000
1 15846 -1000000000
1 15316 -1000000000
2 13818 13110
1 1215 1000000000
2 4236 19469
2 6892 18493
2 852 8296
1 2383 -1000000000
2 16297 10038
2 9710 7345
2 5192 15244
1 5278 -1000000000
1 11784 1000000000
2 7535 287
2 19590 12257
2 18817 8271
1 19040 -1000000000
2 3197 16010
2 9332 14537
1 6038 -1000000000
2 19378 269
2 19357 16717
2 11815 19095
2 2650 18573
1 4159 -1000000000
2 16588 15763
1 1598 1000000000
2 4072 6311
1 5294 1000000000
1 18165 -1000000000
2 776 14938
2 4565 18886
1 8165 1000000000
1 15932 -1000000000
1 4241 -1000000000
2 17259 15653
2 9935 12052
1 5666 -1000000000
2 15608 7305
2 7827 4167
1 883 -1000000000
2 17871 9693
2 12227 18184
1 8382 1000000000
2 15062 5747
2 11405 4792
1 2085 -1000000000
1 16520 -1000000000
1 11976 1000000000
1 78 -1000000000
2 8276 12792
1 4027 1000000000
2 19341 12085
2 6978 17021
2 15973 666
1 14061 1000000000
2 15943 13366
1 9157 -1000000000
2 16413 13134
1 12395 -1000000000
2 10286 4175
1 8511 -1000000000
1 156 -1000000000
2 19456 2971
1 7824 -1000000000
1 11206 -1000000000
2 10894 12526
1 7602 -1000000000
2 1625 15366
2 4376 13459
1 5646 1000000000
1 14653 -1000000000
2 14598 1329
1 9355 1000000000
2 19859 2184
1 19730 -1000000000
2 10705 13788
1 8921 1000000000
1 5505 1000000000
2 19015 17042
2 13312 4996
2 18849 18328
1 2162 1000000000
1 1288 1000000000
1 11192 -1000000000
2 4165 11510
2 5774 13973
1 2060 -1000000000
2 12085 9525
1 8431 -1000000000
1 3132 1000000000
1 6644 -1000000000
2 16388 13337
2 175 16842
1 13668 1000000000
1 17012 -1000000000
2 2039 18307
2 16660 16923
2 19639 18890
2 2616 17012
2 3411 3697
1 1086 1000000000
1 14648 1000000000
2 19342 18093
1 3699 1000000000
2 408 8700
1 9234 1000000000
1 18271 1000000000
1 1040 -1000000000
1 13533 1000000000
2 9679 5736
1 2044 -1000000000
2 13434 18396
2 282 15134
1 19483 -1000000000
2 6052 8645
2 2682 7816
1 16076 1000000000
2 11661 19935
1 16367 1000000000
2 6672 15970
1 1075 -1000000000
2 15427 5084
1 17789 1000000000
1 2667 1000000000
2 4642 16805
1 11741 1000000000
1 17421 -1000000000
1 10617 -1000000000
2 15823 8062
2 12033 19480
1 1355 1000000000
2 11488 522
1 1050 -1000000000
2 5397 15518
2 11886 10206
2 13730 18602
2 12307 1901
1 12154 -1000000000
1 151 -1000000000
2 11840 7385
1 13167 1000000000
2 3222 2297
1 12291 1000000000
1 10511 -1000000000
1 9109 1000000000
1 10119 1000000000
2 19236 7070
1 19984 -1000000000
2 5036 13488
2 1631 7831
2 6079 4941
1 13270 1000000000
2 4220 9046
2 2119 3375
2 12573 2543
1 16849 -1000000000
2 4247 10293
1 9037 -1000000000
1 15318 1000000000
1 10023 -1000000000
2 16300 16093
2 14989 18738
1 16957 1000000000
1 15006 -1000000000
1 10105 1000000000
2 14664 2329
2 8300 19148
2 15392 1846
1 15047 1000000000
1 8504 1000000000
1 3516 -1000000000
2 9115 2871
2 15573 8305
1 6345 1000000000
1 17140 1000000000
2 2161 13740
2 18718 2851
1 8803 1000000000
1 4820 -1000000000
2 11362 11401
1 15661 -1000000000
2 7598 19632
2 6709 13974
1 19907 -1000000000
1 2586 1000000000
1 8718 1000000000
2 16349 15732
1 11841 1000000000
1 16460 1000000000
2 3618 3996
1 10362 1000000000
1 2682 -1000000000
2 5915 4959
1 696 -1000000000
2 11859 15674
1 11173 -1000000000
1 2876 -1000000000
1 8671 1000000000
2 484 8410
1 18517 1000000000
1 3364 1000000000
2 13932 533
2 10710 13169
1 13899 -1000000000
2 6013 2686
1 4742 1000000000
2 905 18035
1 10797 -1000000000
1 11259 1000000000
1 4487 1000000000
1 19557 1000000000
1 13716 1000000000
2 1882 1962
1 15384 1000000000
1 17822 -1000000000
2 3350 15463
2 11127 19718
2 11326 14906
2 16639 2186
2 19887 9335
1 12259 -1000000000
2 8723 17099
2 17526 19295
1 13229 1000000000
1 16631 -1000000000
1 4154 1000000000
1 4676 1000000000
2 17899 6511
1 9600 -1000000000
1 17534 1000000000
1 16670 -1000000000
2 6098 11474
2 14453 16468
1 4890 -1000000000
2 3602 11330
1 1471 -1000000000
1 8772 1000000000
2 12874 15650
2 11871 5467
1 11473 1000000000
1 935 -1000000000
1 13624 1000000000
2 13244 4239
1 4182 -1000000000
1 6297 1000000000
1 5425 1000000000
1 3739 1000000000
1 751 -1000000000
2 17227 8484
1 6625 -1000000000
1 18378 -1000000000
1 11802 1000000000
2 2928 6416
2 7356 5451
1 1962 -1000000000
1 4548 1000000000
2 1385 2651
2 16861 16093
2 12884 1097
1 2586 1000000000
1 16830 1000000000
2 13190 17079
2 14958 1082
1 86 -1000000000
2 13981 11810
1 10243 -1000000000
1 14572 -1000000000
2 10510 7816
1 19455 1000000000
2 3177 18590
1 18677 1000000000
2 16880 9281
1 3870 -1000000000
1 13961 -1000000000
1 3059 -1000000000
1 14788 -1000000000
2 7023 16716
2 10894 5744
2 10150 1892
1 15912 1000000000
2 12565 18259
2 14608 16528
1 676 -1000000000
2 2144 16002
1 4124 1000000000
2 1943 13078
1 12638 1000000000
2 12108 5600
2 6646 4962
2 2577 17672
1 8966 -1000000000
2 1985 7563
1 16592 1000000000
2 15204 11014
2 19184 7121
2 7739 13300
1 15169 1000000000
2 13769 4122
2 17135 6688
1 13360 1000000000
2 19197 8507
2 18119 668
2 6090 7761
2 1535 17819
2 13369 16231
2 11924 19771
2 87 18908
2 16120 2415
2 10752 18066
2 577 6801
2 16306 10761
1 5060 -1000000000
2 9548 8244
1 10360 -1000000000
1 10543 1000000000
1 17495 1000000000
2 13181 19475
2 14374 2196
1 10794 1000000000
2 16380 14513
1 3073 -1000000000
2 15173 10453
1 15664 1000000000
1 761 -1000000000
2 10740 19994
1 10191 -1000000000
1 5783 -1000000000
2 1176 8580
1 11225 1000000000
2 17861 10712
1 15906 1000000000
2 6131 17510
2 17940 4012
1 16580 -1000000000
2 10019 18424
2 14894 5825
2 19244 3981
2 6705 12865
2 2697 5088
1 9749 1000000000
1 5995 1000000000
2 6947 13758
1 3310 -1000000000
1 4220 -1000000000
1 1568 1000000000
1 1596 -1000000000
2 11421 9158
1 19705 -1000000000
1 10200 -1000000000
1 7002 1000000000
2 6055 19374
2 9576 12276
1 12284 -1000000000
2 9809 6636
1 10338 1000000000
2 13643 3246
1 11391 1000000000
1 13054 1000000000
1 14341 -1000000000
2 12476 14549
1 17778 -1000000000
2 7737 12101
1 2739 1000000000
2 9610 10283
2 715 17749
2 19750 13456
1 16719 1000000000
2 1339 3770
1 9386 1000000000
1 11768 1000000000
2 68 10133
1 17054 1000000000
2 13662 18785
1 13476 1000000000
1 18745 1000000000
2 5481 11895
2 13192 7202
1 11648 1000000000
1 8158 -1000000000
1 6566 -1000000000
2 12704 18517
1 7535 -1000000000
1 4295 -1000000000
1 1038 -1000000000
2 9765 2211
1 16698 -1000000000
2 8084 10039
2 2846 19308
2 17961 16750
1 534 -1000000000
1 8619 -1000000000
1 14147 1000000000
2 6221 16084
1 634 -1000000000
2 3870 8902
2 10716 8479
1 8590 -1000000000
1 19762 1000000000
1 423 1000000000
1 2088 1000000000
2 19294 946
2 6542 19637
1 18767 1000000000
1 15541 1000000000
2 6415 14045
1 6204 -1000000000
2 8893 2347
2 7680 107
2 1615 13722
2 4043 2338
1 14432 -1000000000
2 16075 345
1 15004 -1000000000
1 8198 1000000000
2 13067 10259
1 18546 -1000000000
2 15396 10753
2 5557 11334
1 14305 1000000000
2 17734 1683
1 9362 -1000000000
1 13719 1000000000
1 18823 -1000000000
2 12243 13909
1 3138 1000000000
1 8305 1000000000
1 3839 -1000000000
2 12537 17628
1 4062 1000000000
2 4021 11389
2 6227 16898
2 14095 11766
2 19695 7320
2 8289 16796
1 15778 -1000000000
1 1059 -1000000000
1 13594 -1000000000
2 17994 12137
2 18057 9455
1 7066 1000000000
2 8745 8328
1 15113 -1000000000
2 16461 7894
2 16473 726
1 4153 -1000000000
2 5284 15992
2 509 731
2 397 15262
1 4688 -1000000000
2 5514 11224
1 16313 -1000000000
1 5524 -1000000000
2 8276 1638
2 4677 4103
1 9249 -1000000000
2 19098 7002
2 8053 10096
2 7949 13677
2 7886 3558
1 213 -1000000000
2 7201 6248
2 18252 70
2 16281 16446
2 4646 10012
1 8141 -1000000000
1 11471 1000000000
2 4906 16590
2 17597 10493
2 987 13560
1 9631 1000000000
1 7655 1000000000
1 5762 -1000000000
2 19463 17316
2 16727 6335
2 11420 10495
2 3955 2554
1 18416 -1000000000
2 5275 1668
1 17119 -1000000000
2 19702 5292
1 4006 -1000000000
2 9514 5553
1 13565 -1000000000
2 1012 12729
1 2863 -1000000000
2 10340 11379
1 18567 1000000000
2 2690 19705
2 16767 3546
2 17609 10682
1 11361 1000000000
1 10975 1000000000
2 15119 4656
1 12785 -1000000000
2 13700 18068
1 16770 1000000000
1 7919 1000000000
2 11880 16983
1 19113 1000000000
2 70 6298
2 17941 4652
1 8909 1000000000
1 13245 -1000000000
2 18346 11641
1 3367 1000000000
1 14829 -1000000000
1 9341 1000000000
1 1096 -1000000000
1 17620 1000000000
1 19499 1000000000
1 7824 -1000000000
1 3543 1000000000
2 5579 1700
1 12196 -1000000000
2 17218 13135
1 4801 -1000000000
2 3369 19454
2 2745 16107
1 5144 -1000000000
1 7550 1000000000
2 18827 4655
1 2296 1000000000
2 17513 7985
1 1270 1000000000
2 12239 17892
1 12063 -1000000000
2 15559 13427
1 235 -1000000000
2 7555 4520
2 13883 9392
1 17649 1000000000
2 9284 684
1 3249 -1000000000
1 10528 -1000000000
2 11342 14987
2 15560 925
1 6751 -1000000000
2 6028 6330
1 9345 -1000000000
2 1639 7953
2 7062 15123
1 16246 1000000000
1 2540 -1000000000
2 14253 5208
1 3348 -1000000000
2 8202 14550
1 7557 -1000000000
2 16779 13412
2 17377 13682
2 4049 13426
2 2262 17495
2 1729 1926
1 6813 1000000000
1 9557 1000000000
1 1682 -1000000000
2 121 5291
2 12787 9128
2 3224 13836
1 17041 -1000000000
2 19913 18546
1 3009 1000000000
1 16257 1000000000
2 7867 188
2 18243 6442
2 12870 10054
1 10227 1000000000
1 4123 1000000000
2 6739 8079
1 10534 1000000000
1 7109 -1000000000
1 1259 -1000000000
2 18221 7834
1 11576 1000000000
1 19689 1000000000
1 11995 1000000000
1 19063 -1000000000
2 4535 7658
1 8116 -1000000000
2 16170 12783
2 768 11839
1 7990 -1000000000
1 8638 -1000000000
2 17066 18673
1 767 1000000000
1 15877 1000000000
1 1052 -1000000000
2 19364 3413
2 5133 11993
1 2666 -1000000000
1 19009 1000000000
1 17910 1000000000
1 13994 1000000000
1 2947 1000000000
2 18254 7472
1 14143 1000000000
2 5774 19508
2 14071 2384
1 6054 1000000000
1 5822 1000000000
2 1961 10073
2 2694 4461
2 10444 7938
2 7064 18047
1 10490 -1000000000
1 5774 1000000000
1 19936 -1000000000
2 14277 18726
1 8628 1000000000
2 10325 10488
2 12878 7873
1 1970 1000000000
2 16535 7564
1 1763 1000000000
2 8362 9502
1 17770 -1000000000
2 17569 14956
2 13638 12235
2 7023 15223
2 10152 3389
1 14349 1000000000
2 16753 13240
1 3042 1000000000
2 18918 12343
1 2787 1000000000
2 13554 1641
2 16415 5982
2 651 7048
2 17597 273
2 688 12421
1 11781 -1000000000
1 14341 -1000000000
1 3304 1000000000
2 17476 4052
2 14597 3294
1 7525 -1000000000
1 4881 1000000000
1 14719 1000000000
1 593 1000000000
2 15379 8271
2 5051 19149
2 3731 12125
2 15300 17228
2 15989 12274
2 6781 9380
1 2298 1000000000
2 12372 4371
2 7505 12943
1 10716 1000000000
1 10860 1000000000
1 7933 -1000000000
2 8898 10991
1 9584 -1000000000
1 6846 1000000000
1 17322 -1000000000
1 15400 -1000000000
1 13421 1000000000
1 2602 1000000000
1 5985 -1000000000
1 9933 1000000000
2 8577 15439
2 18278 6274
1 7589 1000000000
2 1047 10585
2 5903 6998
2 2628 11095
1 8582 -1000000000
2 8790 4014
2 10170 15507
2 522 9096
1 9283 1000000000
2 10535 2754
1 6399 1000000000
2 3410 10545
2 1322 8105
2 15811 9647
1 14954 -1000000000
2 2892 981
1 16589 1000000000
1 19131 1000000000
2 11694 3510
1 5138 -1000000000
1 16486 1000000000
2 5149 9243
1 1726 -1000000000
1 17936 -1000000000
2 16048 13537
2 16884 16410
2 5168 16685
1 18868 1000000000
2 4009 828
2 16570 18544
1 4932 -1000000000
2 12426 293
2 8432 11639
1 9038 -1000000000
2 6275 8
1 18258 -1000000000
1 932 1000000000
2 4121 12659
2 18037 4548
2 8700 284
2 6411 9164
1 6470 1000000000
1 17143 1000000000
2 927 351
1 17507 1000000000
2 12219 19615
1 4114 -1000000000
1 2018 1000000000
1 1953 -1000000000
2 2106 18400
2 1288 16507
1 11799 1000000000
1 15325 -1000000000
1 1778 -1000000000
2 12224 13424
2 4261 5338
1 753 1000000000
2 8823 1327
2 8689 2588
2 6836 17716
2 9024 5766
2 9155 5093
2 1783 11950
2 1707 325
1 19329 1000000000
2 17966 4099
2 14075 14912
1 10084 -1000000000
1 16420 -1000000000
2 11447 15241
2 11127 10044
1 3838 1000000000
2 17235 18729
2 15341 11020
1 17514 1000000000
1 4796 1000000000
1 1422 -1000000000
1 19584 -1000000000
1 2662 1000000000
2 1594 8179
2 11721 9461
1 6590 1000000000
1 13386 1000000000
1 18646 -1000000000
2 16453 17585
2 19766 14615
2 4323 4440
1 3200 -1000000000
1 3066 -1000000000
2 5697 3195
2 16955 16991
1 3563 1000000000
2 4661 6210
2 5622 13727
2 8421 10848
1 11579 1000000000
2 19475 7316
1 15917 -1000000000
2 17372 10333
2 4340 11082
2 12734 1658
2 13265 7130
2 10007 2681
2 18019 3491
2 1971 3464
1 10292 -1000000000
1 3468 -1000000000
1 14791 -1000000000
2 3820 19378
2 2201 13286
1 2158 1000000000
2 8586 6929
1 6351 -1000000000
1 377 -1000000000
1 14737 -1000000000
1 17837 -1000000000
1 19800 1000000000
1 13336 1000000000
2 10373 12417
2 12963 15048
2 974 17670
2 18666 14400
1 16466 1000000000
2 8 13556
1 1934 1000000000
1 373 -1000000000
2 17340 10850
2 5290 10182
1 16196 1000000000
2 8937 18474
2 3177 2487
1 14243 -1000000000
1 5928 1000000000
2 1670 1321
1 3028 1000000000
2 959 11476
1 13633 1000000000
1 17604 1000000000
1 3056 -1000000000
1 510 -1000000000
1 11156 1000000000
1 4743 1000000000
2 6013 19008
2 14318 2594
1 3326 -1000000000
1 2463 -1000000000
1 9588 1000000000
2 19149 12994
1 10645 -1000000000
2 8323 14553
2 1743 15013
1 3081 -1000000000
1 6626 1000000000
2 11123 5548
2 6386 4639
1 7518 1000000000
2 18933 18296
1 2757 1000000000
2 11996 5645
2 8734 12947
2 1620 2520
2 14207 7913
2 11244 16875
2 14727 2637
2 12344 6956
1 18055 1000000000
1 3909 -1000000000
2 9080 2918
1 7001 -1000000000
1 3602 1000000000
1 15260 1000000000
2 14247 3284
2 17247 1241
1 6923 -1000000000
1 8721 1000000000
1 1677 -1000000000
2 12707 18321
2 503 2455
1 973 -1000000000
2 17872 5930
1 19124 -1000000000
2 18372 6974
2 2740 2389
1 9874 -1000000000
2 19058 11905
2 8957 14033
2 5525 554
1 16424 1000000000
2 566 7911
1 8372 -1000000000
2 4272 2774
2 6442 10730
2 18786 19825
1 9480 -1000000000
1 25 -1000000000
1 7218 -1000000000
1 14770 -1000000000
2 17505 14834
1 9481 -1000000000
1 16112 1000000000
2 9801 6473
1 6900 -1000000000
1 2248 -1000000000
1 614 -1000000000
2 2534 15844
2 9240 6751
2 15447 107
2 14675 8457
2 164 18414
2 6469 2009
1 17291 1000000000
1 10838 1000000000
2 5744 18543
1 13495 -1000000000
1 16540 1000000000
2 809 1407
1 3420 1000000000
1 3663 1000000000
2 206 2606
2 1046 12006
2 11098 17522
1 16341 1000000000
1 13623 -1000000000
2 7816 8493
1 6641 1000000000
2 875 19350
2 5241 432
2 15527 1001
1 14824 -1000000000
1 3798 -1000000000
1 6485 -1000000000
1 10874 1000000000
1 15919 1000000000
1 13102 1000000000
2 18613 8902
2 5816 9961
1 13371 1000000000
1 342 -1000000000
2 7414 2088
2 12060 544
1 1565 1000000000
1 12747 -1000000000
1 5015 -1000000000
1 4633 1000000000
2 17966 14619
1 7938 -1000000000
2 12231 5148
2 4927 4943
2 17244 19430
2 151 517
2 16052 8375
1 14249 -1000000000
1 18822 1000000000
2 13585 6719
2 11885 398
2 8490 4345
2 19370 18333
1 3263 1000000000
2 774 14074
2 8726 6150
2 16916 17379
2 2720 752
2 8245 5124
1 4077 1000000000
1 18947 -1000000000
2 8657 13918
1 18484 -1000000000
2 7789 11960
1 13944 1000000000
1 8672 -1000000000
2 15458 7000
1 3296 1000000000
1 11156 1000000000
2 13256 1821
2 16348 18236
1 17053 1000000000
2 7649 2832
1 3835 1000000000
1 17096 -1000000000
2 15569 19457
2 17334 9578
2 17645 7454
1 5990 -1000000000
2 19577 6187
1 4273 -1000000000
1 1939 1000000000
1 10357 -1000000000
2 4045 18174
2 1028 3131
2 7100 11746
1 14004 1000000000
2 11003 16229
2 5253 18292
2 12988 17717
1 9839 1000000000
1 18643 1000000000
1 12452 1000000000
1 15210 1000000000
1 6486 1000000000
2 19342 4359
2 4937 12415
2 17517 15232
1 10826 1000000000
1 10858 -1000000000
2 5535 18667
1 9719 -1000000000
2 8002 15572
1 11069 -1000000000
1 18397 1000000000
2 13163 15743
1 1422 1000000000
1 12164 -1000000000
2 19583 15494
2 13302 769
2 3900 3136
2 13674 10614
2 17139 6591
2 5638 2808
2 10456 6578
1 2219 1000000000
2 11806 11352
2 2178 17062
1 19865 -1000000000
1 6146 1000000000
1 6974 -1000000000
2 2920 3379
2 15481 237
1 1191 1000000000
1 5901 1000000000
2 13244 6285
1 6367 -1000000000
1 1434 -1000000000
2 6690 16574
1 8924 -1000000000
2 11276 10222
2 9476 10706
1 14771 1000000000
1 2773 1000000000
1 7519 1000000000
1 17035 1000000000
2 835 3690
2 3089 5274
2 1844 12915
1 9737 1000000000
1 4866 1000000000
1 11148 1000000000
1 6573 1000000000
2 9507 2636
1 14940 -1000000000
1 8926 -1000000000
1 14821 1000000000
2 19058 18305
1 13865 -1000000000
2 16034 16011
2 10242 9445
2 4819 15971
1 3176 1000000000
1 7152 1000000000
1 12441 -1000000000
1 15761 1000000000
1 13740 1000000000
2 11069 16286
1 10138 -1000000000
2 12364 4757
2 1947 340
2 11451 3118
1 19020 1000000000
1 19942 -1000000000
1 19847 1000000000
2 10039 18053
2 9770 13022
1 13472 1000000000
2 10286 17045
1 2963 1000000000
2 12272 16017
2 19377 12655
1 19179 -1000000000
2 16440 4340
1 17575 -1000000000
2 3653 15335
1 6990 -1000000000
2 18283 2061
2 19430 11074
1 11380 1000000000
1 4363 -1000000000
1 8213 1000000000
1 723 -1000000000
2 4221 9054
1 2277 -1000000000
1 15540 1000000000
1 10935 -1000000000
2 12119 218
1 6050 1000000000
2 18764 786
1 17919 -1000000000
2 17652 8188
2 1061 6759
2 16250 19135
1 8867 1000000000
1 17285 1000000000
2 3759 9838
1 2313 1000000000
1 18435 1000000000
2 9143 1389
1 16179 -1000000000
2 2688 18192
1 9882 -1000000000
2 6447 12366
2 17773 3295
2 2633 18293
2 14437 5164
2 15267 278
1 3736 1000000000
2 16930 486
2 199 8467
2 3974 1497
1 17282 -1000000000
2 12039 5792
2 4554 11896
2 4047 4704
2 6099 18001
2 18734 10246
1 1413 1000000000
1 19944 -1000000000
1 13624 -1000000000
2 18489 16514
2 6024 11513
2 16199 9141
2 4115 2483
1 15442 1000000000
2 18700 18455
2 3224 16663
1 16852 -1000000000
1 15627 1000000000
1 18181 1000000000
1 707 -1000000000
2 17491 5477
2 10911 65
2 6942 2123
2 3461 12521
2 13885 11952
2 1793 1889
