970313597
955613609
936832389
978511337
922924199
934091412
980186931
923319450
888268606
970289224
990077217
946361029
920584783
976076531
906124295
945776013
906124295
883279620
970289224
939199119
969409222
906124295
928751361
957612097
945776013
938340170
972731436
920541702
986975362
976588497
945776013
964138044
906124295
970516343
961732689
998906788
993531488
970289224
920541702
945776013
920541702
977692145
908063998
945776013
920541702
975249033
880175768
920541702
940919461
972731436
906124295
941582434
920541702
923319450
937007201
939199119
923319450
939228893
972731436
920541702
906124295
934009550
880175768
935699465
983357741
920541702
970289224
945776013
949130280
982899856
970289224
989823945
972731436
970289224
906124295
906124295
986463985
880175768
987366057
920541702
920541702
992658501
934009550
906124295
964302731
945776013
975312079
972180611
990681945
939199119
948382429
970289224
960942217
984736011
920541702
990076179
945776013
880175768
945776013
906124295
964138044
906124295
922924199
914628310
920541702
970289224
945776013
935699465
983888073
976588497
920541702
948153548
983888073
932631630
970289224
931256271
940567843
985445634
972731436
935699465
911899475
928751361
984434904
887499918
928869498
985420125
880175768
939199119
859721337
928751361
906124295
978882773
983888073
906124295
964291766
984736011
945776013
994019202
934009550
954766381
970289224
981925364
920541702
945776013
960942217
923319450
936832389
983357741
906124295
988276357
906124295
886624596
983357741
987366057
928751361
970289224
958910280
859721337
985501373
920541702
859721337
906124295
920541702
922924199
970289224
997812374
906124295
938850503
954298429
923687971
920541702
997874401
970289224
906124295
944577203
906124295
906124295
920541702
994019202
940081017
859721337
873510728
948382429
936832389
920541702
988157144
906124295
993928636
948382429
945776013
994335015
987366057
880175768
906124295
906124295
920541702
960169069
928366120
964302731
977079172
970289224
920541702
989394129
968199647
960942217
949130280
989721788
936832389
966612054
994019202
941582434
945776013
928751361
880175768
859721337
970289224
985394289
923535466
962247625
914628310
992831022
951939933
880175768
987366057
859721337
975732885
923319450
859721337
955406104
994382673
960942217
948382429
880175768
914628310
987366057
935699465
920541702
962057561
936832389
935699465
978511337
906124295
906124295
960505447
859721337
906124295
920541702
920541702
931256271
970289224
914628310
958910280
956046391
948472234
926921286
986509813
987366057
938743614
983357741
922924199
970289224
940757943
906124295
923319450
991443383
970289224
908063998
906124295
920541702
920541702
907070841
920541702
964291766
939094444
859721337
945776013
906124295
997874401
945776013
859721337
945776013
990133648
920541702
952724689
941582434
908063998
985394289
948382429
896561016
906124295
964082845
958910280
958910280
859721337
959311992
925887540
920541702
941582434
939199119
970289224
859721337
952516297
945776013
970289224
906124295
986165637
945776013
975312079
987406076
972731436
945776013
945776013
920541702
941582434
974866320
906124295
859721337
945776013
961453955
923319450
922924199
859721337
942573705
908063998
935621070
964948701
970289224
977224355
859721337
923319450
945776013
945776013
906124295
954766381
955613609
986463985
945776013
906124295
964082845
935827478
920541702
948382429
960185727
920541702
880175768
922924199
906124295
908063998
920541702
906124295
906124295
945776013
906124295
945776013
945776013
906124295
964302731
980186931
922159678
989394129
897030599
978511337
993194498
935699465
964948701
987123808
923319450
986786017
991077260
935699465
945776013
983357741
880175768
880175768
945776013
952481850
923319450
970289224
983357741
960942217
958910280
936832389
970289224
859721337
932369948
948382429
969041492
958410030
880175768
984599715
906124295
949130280
922924199
880175768
887499918
965987666
923319450
922924199
928751361
970289224
983888073
976782030
906124295
953994701
972731436
960942217
906124295
938708342
906124295
906124295
941582434
970289224
960942217
906967234
994019202
961453955
935699465
906124295
906124295
906124295
955963921
922924199
941582434
906124295
992085885
959311992
990681945
859721337
970289224
906967234
908063998
944869546
972731436
880175768
906124295
986998987
922924199
859721337
859721337
945776013
859721337
970289224
883279620
883279620
914533105
983357741
962390445
987123808
992109046
859721337
922924199
873038515
920541702
974293465
974293465
987366057
984599715
888268606
923298580
945776013
948382429
945776013
906124295
880175768
920954135
957875438
996047572
928751361
906124295
888184848
970289224
964643221
946405828
958910280
906124295
934009550
887499918
906124295
929477157
963246388
945776013
859721337
951564596
922924199
906124295
880175768
906124295
906124295
970516343
988560227
920541702
859721337
970289224
968139418
920541702
972731436
968784793
962043952
945776013
945698018
974444533
957818273
927715307
987366057
972731436
906124295
920541702
955613609
962057561
981859875
954766381
978511337
906124295
882807907
945776013
970289224
880175768
976942347
935699465
992689677
906124295
970289224
880175768
965723746
945776013
970289224
963689874
925222861
984599715
859721337
970289224
859721337
906124295
982128281
920541702
906124295
888268606
884717157
923319450
920541702
926302753
924648853
970289224
983357741
920541702
978708363
945776013
972731436
981229641
923319450
964291766
922924199
976118615
906124295
906124295
945776013
972731436
902709387
906124295
920541702
922924199
931256271
955963921
923319450
906124295
950473263
908063998
972856825
859721337
912521280
920541702
906124295
983357741
954189273
994470405
971479859
970289224
948382429
922924199
927715307
944050480
970289224
967860022
949130280
959956296
971973620
957675304
948472234
906124295
906124295
931191340
906124295
923319450
920134932
942683514
906124295
859721337
933119181
970289224
970289224
972828627
988803839
928751361
987692925
906124295
906124295
946405828
859721337
956492428
952953027
987366057
970516343
972731436
906124295
888268606
970289224
987692925
952953027
884717157
949130280
958410030
960942217
961453955
927715307
948382429
920541702
945776013
880175768
906124295
906124295
906124295
945776013
927715307
906891352
943485175
926027581
970289224
902807157
945776013
961477617
949130280
976588497
970289224
972731436
970289224
972731436
961491703
906124295
928751361
880175768
923319450
906124295
987866448
974866320
983357741
955531852
978344196
970289224
923319450
940430603
959806917
906124295
859721337
883279620
960548285
880175768
945776013
974866320
972731436
978511337
906124295
975625705
922924199
971450565
970289224
880175768
976588497
970289224
970289224
906124295
888566962
950778029
959679936
880175768
994019202
954766381
935699465
994019202
906124295
936832389
922924199
920541702
859721337
970289224
996641383
920541702
970289224
948382429
981178241
920541702
943803613
906124295
993639869
880175768
970289224
972731436
946405828
945250814
885971549
936724279
970289224
922924199
906124295
976942347
945776013
970289224
945776013
949130280
859721337
926886311
923319450
958910280
920541702
965711227
923319450
920541702
880175768
965033894
922924199
970289224
983622967
921334351
906124295
906124295
935699465
941582434
961453955
970289224
867390540
906124295
880175768
906124295
970516343
859721337
970289224
987366057
958910280
975733759
922924199
945776013
994019202
968867786
970289224
906124295
948382429
972731436
936832389
970289224
859721337
936832389
859721337
935055766
934009550
931308580
961453955
961453955
985394289
945776013
945776013
906124295
996641383
927715307
984436437
906124295
929409428
934730150
923319450
906124295
922924199
970289224
983357741
960942217
920541702
948382429
883279620
990134454
991461887
859721337
945776013
970289224
880175768
906124295
906124295
975096196
970289224
953994701
884717157
947208294
945776013
985394289
987366057
997874401
978012146
945776013
961453955
993933390
922924199
906124295
859721337
937069047
994019202
956079227
987366057
941582434
906124295
980406442
970289224
996232936
908063998
953994701
949645347
906124295
906124295
906124295
951945867
906124295
941582434
921317753
958426527
920541702
906124295
934009550
880175768
945776013
906124295
992655090
972731436
906124295
935699465
945776013
922924199
880175768
983357741
970289224
906124295
920732156
906124295
974293465
979053743
888268606
970289224
965987666
970289224
954081345
997874401
922924199
986463985
906124295
934009550
873038515
912521280
936832389
972731436
939199119
906124295
923319450
908063998
939199119
906124295
951939933
888268606
945776013
964948701
880175768
945776013
953994701
931256271
859721337
906124295
922924199
906124295
945776013
859721337
920541702
958513855
906124295
970289224
948382429
987366057
938872417
986509813
981925364
969325450
923319450
924493615
948382429
945776013
967694484
994019202
859721337
991077260
958910280
962176348
943303005
906124295
880175768
974149431
997874401
906124295
906124295
922924199
993531488
920541702
970289224
880175768
906124295
974161077
987366057
953994701
997140517
970516343
954766381
906124295
906124295
920541702
987366057
906124295
972151049
888268606
970289224
951246923
859721337
906124295
906124295
964670217
949130280
970289224
945776013
880175768
920541702
945776013
939199119
975629816
974293465
931480345
986998987
927715307
995718106
906124295
906124295
934009550
987366057
984599715
949659863
948382429
970289224
999594831
952516297
970289224
934091412
928072033
987366057
922924199
970289224
997874401
880175768
922924199
888184848
859721337
920541702
970289224
983333410
959409398
986509813
935699465
925887540
956570908
990277126
972731436
970516343
936832389
955748873
945776013
906124295
920584783
914408658
922924199
994382673
906124295
941582434
906124295
968867786
920541702
991005598
945776013
922924199
915623950
941582434
920541702
970289224
953457191
970289224
923319450
880175768
948382429
970289224
920541702
914531816
965987666
932305060
920541702
994019202
949130280
906124295
880175768
960505447
859721337
994019202
949130280
922924199
945776013
939199119
920541702
883279620
906124295
972731436
996641383
970289224
906124295
970289224
970289224
974293465
962983115
922924199
970289224
922924199
859721337
970289224
994019202
974975948
970289224
941582434
989970660
906124295
986784452
922924199
959409398
920541702
964883191
941582434
983357741
945776013
970289224
978419759
888268606
956555764
906967234
976508898
859721337
994019202
970289224
922924199
945776013
922924199
859721337
970289224
945776013
906124295
906124295
920541702
922924199
888268606
892596848
939199119
906124295
859721337
970289224
955557994
880175768
920541702
972731436
991340216
970289224
906124295
999349736
859721337
970289224
906124295
945776013
888268606
920541702
859721337
971129595
906124295
974293465
965810855
906124295
906124295
923319450
994019202
970516343
941419226
906124295
906124295
984736011
906124295
880175768
906124295
920541702
967855206
961453955
922924199
974866320
906124295
979482820
943879271
960505447
976749035
982779208
987692925
994909950
970289224
970289224
983357741
970289224
928751361
948382429
982495593
920541702
963689874
936832389
920541702
960548285
859721337
922924199
905812585
985445634
967860022
951939933
934009550
972411054
978284050
906124295
939199119
982342357
873656804
974105707
959654028
920541702
939199119
945776013
933119181
935699465
906967234
906124295
962057561
951246923
948153548
952953027
880175768
970289224
920541702
997812374
873510728
994019202
970289224
973319523
935699465
960505447
964291766
923319450
974433614
906124295
941582434
906124295
970289224
888268606
948382429
923319450
935699465
945776013
970289224
945776013
859721337
945776013
970289224
992136510
972731436
970289224
948382429
913254031
859721337
962176348
987366057
970289224
922924199
953994701
945776013
906124295
992005822
933595730
935699465
923319450
880175768
997874401
945776013
972731436
922924199
996156467
859976576
982071357
922924199
937690851
937069047
922924199
986600480
990681945
935699465
902709387
939228893
908063998
920541702
906124295
994470405
906124295
984918041
948382429
972731436
970289224
962247625
974253223
937225738
945776013
987366057
944644693
934134768
928455212
906124295
970289224
983878837
920541702
872772691
934009550
985250347
958410030
959311992
906124295
906124295
996317789
994019202
859721337
906124295
923319450
945776013
922924199
859721337
970289224
970289224
989627652
898344498
974228563
970289224
880175768
984838922
923319450
906124295
945776013
865720576
948382429
993252106
991248757
902709387
925416598
906124295
978511337
981761933
959409398
873038515
880175768
992738406
974975948
970289224
945776013
970289224
945776013
880175768
920541702
906124295
960166623
859721337
859721337
945776013
948382429
942573705
945776013
906124295
906124295
945776013
922924199
998127276
880175768
936554725
970289224
880175768
906124295
996641383
948382429
964670217
899249010
970289224
880175768
859721337
970289224
906124295
928751361
945776013
945776013
908063998
880175768
945776013
953994701
936927767
941522146
888268606
906124295
920541702
964082845
880175768
994470405
945776013
859721337
923319450
911899475
945776013
944644693
952953027
983629223
859721337
908063998
972731436
972731436
939199119
880175768
970289224
974293465
906124295
941582434
945776013
934009550
994896178
992655090
986032624
923319450
921412712
958910280
964291766
945776013
925887540
974111825
929477157
965904800
970289224
939228893
919563214
880175768
970289224
974975948
906124295
973233035
970289224
922924199
985330038
974866320
967855206
888268606
936832389
906124295
892596848
946405828
997812374
948382429
974975948
934091412
938353480
859721337
945776013
906124295
959311992
994382673
906124295
984599715
880175768
920541702
909477044
970289224
906124295
931256271
992658501
972731436
906124295
990076179
974866320
906124295
906124295
971479859
906124295
970289224
945776013
859721337
985394289
945776013
970289224
920541702
920541702
906124295
965711227
920541702
906124295
970032636
945776013
859721337
859721337
859721337
966917493
945776013
974293465
933999341
923319450
915789804
891011201
971191262
888268606
920541702
996247886
944081719
994019202
920541702
966027126
945776013
928455212
945776013
972731436
906124295
902807157
938340170
859721337
906124295
970289224
971191262
859721337
944577203
990681945
986784452
945776013
970289224
972731436
976588497
945776013
945776013
938708342
945776013
993811554
970289224
970289224
987366057
906124295
920541702
978511337
925416598
920541702
964082845
859721337
946074754
941582434
945776013
906124295
953994701
945776013
999463670
970289224
941582434
951246923
989394129
934730150
993194498
906124295
945776013
964643221
873656804
970289224
906124295
906124295
881388950
859721337
939199119
928751361
970289224
948382429
954766381
922924199
958910280
906124295
970289224
906124295
972731436
859721337
906124295
961453955
984599715
924649390
986099725
959311992
922924199
983907623
952953027
944107857
935699465
945776013
994470405
880175768
898344498
945776013
986509813
923319450
952953027
961453955
977430723
948382429
967491029
986032624
859721337
906124295
986784452
925887540
964082845
920541702
970289224
880175768
880175768
945776013
970289224
948382429
994909950
970289224
974975948
906891352
999349736
936832389
997874401
920541702
865720576
921412712
972731436
970289224
949130280
995405459
987366057
906124295
970289224
920541702
936554725
880175768
906124295
906124295
960548285
859721337
925416598
936490191
952724689
922924199
906124295
933999341
945776013
935699465
945776013
945776013
859721337
945776013
970289224
985394289
970289224
906124295
922924199
920541702
970289224
859721337
906124295
906124295
939199119
964883191
927715307
888566962
906124295
928751361
970289224
945776013
888268606
944522498
961453955
986600480
906124295
933580953
970289224
883279620
945776013
859721337
997812374
906124295
945776013
902807157
959409398
920541702
873656804
984599715
939199119
912521280
970289224
982342357
880175768
984599715
954766381
970289224
983622967
859721337
934009550
953903023
906124295
908063998
906124295
983357741
983357741
944522498
948382429
970289224
883279620
945776013
943485175
975732885
859721337
922924199
987406076
980535942
928751361
859721337
966388759
938162640
923319450
965987666
859721337
906124295
972731436
906124295
906124295
973204962
945776013
934009550
945776013
981859875
920541702
899249010
935699465
987123808
982656389
919948539
958910280
970289224
920541702
961453955
906124295
970289224
959956296
938708342
976782030
975624155
977692145
931256271
939199119
906124295
945776013
906124295
925222861
920541702
928751361
906124295
983357741
906124295
948153548
945776013
906124295
958910280
922924199
951939933
960946070
962057561
970289224
906124295
945776013
929477157
908063998
906124295
920541702
908063998
922924199
941582434
975629816
920541702
961453955
880175768
945775231
908063998
984736011
972731436
906124295
906124295
987123808
938872417
906124295
948382429
941582434
941582434
945776013
920541702
906124295
983636112
935442115
906124295
965711227
922924199
961453955
945776013
920541702
945776013
984736011
970289224
971479859
970289224
996311024
906124295
961491703
941582434
987621074
906124295
880175768
880175768
978708363
922924199
994019202
920541702
880175768
906124295
984184839
941419226
983357741
859721337
965711227
906124295
920541702
958910280
970289224
998172150
920541702
970289224
920541702
983357741
906967234
938162640
959128347
970289224
994019202
962176348
970289224
945776013
983888073
987692925
948472234
970289224
923319450
956555764
945776013
859721337
859721337
986509813
970289224
859721337
946405828
923319450
906124295
997874401
906124295
996317789
964396272
936724279
955453911
964643221
945776013
906124295
970289224
906124295
938850503
926302753
970289224
906124295
907231980
983357741
934009550
948382429
906124295
945776013
922924199
952953027
906124295
962176348
945922446
880175768
970289224
934009550
970289224
928751361
906124295
965723746
999158686
923319450
859721337
920541702
975732885
964302731
984599715
920541702
958410030
982071357
944577203
997418292
880175768
906124295
908063998
997874401
983357741
923319450
945776013
968784793
984599715
996317789
906124295
960505447
935699465
972731436
945776013
985420125
906124295
945776013
922924199
975096196
945776013
987692925
920541702
920541702
985445634
958910280
983357741
945776013
928751361
949130280
938615743
920541702
980008066
970289224
945590771
859721337
970289224
969422370
994019202
936832389
908063998
945776013
981360630
978511337
941582434
970289224
985445634
923319450
906124295
907089810
888268606
936832389
992005822
906124295
934009550
964883191
906124295
993100319
945776013
981308723
972731436
974975948
942724865
978511337
975580122
923319450
999388995
986784452
922924199
986786017
920541702
944644693
920541702
910051010
974293465
949700895
880175768
908063998
994382673
972731436
859721337
899249010
906124295
970289224
920541702
953926910
945776013
906124295
945776013
945776013
928751361
908063998
994140968
994225159
945776013
882807907
880175768
906124295
970516343
936832389
982779208
991248757
906124295
883279620
859721337
943879271
970289224
920541702
953457191
983357741
986784452
945650613
987692925
945776013
970289224
981020562
981925364
975732885
972731436
888268606
996232936
936832389
906124295
920541702
948703485
906124295
867390540
934009550
945776013
937621805
986308441
908063998
928751361
945776013
945776013
972034354
920541702
923319450
908063998
906124295
996453200
972731436
945776013
943620426
994019202
922924199
954445764
972731436
859721337
952431173
945776013
945776013
982342357
914408658
906124295
906124295
972731436
922924199
906124295
945776013
934009550
906124295
985394289
987366057
945442689
992602027
978511337
986509813
859721337
922924199
859721337
970289224
880175768
859721337
970289224
945776013
929477157
993194498
961849006
995060297
920541702
859721337
920541702
964948701
920541702
920541702
880175768
945776013
997571961
984436437
994019202
906124295
938708342
939228893
972731436
906124295
906124295
945776013
978018164
906124295
970289224
921089279
859721337
906124295
964082845
984657075
906124295
952516297
993100319
968822928
976165576
920541702
906124295
970289224
978511337
980909840
939199119
880175768
859721337
939199119
968867786
920541702
920541702
922924199
906124295
984736011
961453955
987366057
924386761
906124295
929428868
948382429
995746971
948382429
970289224
929477157
883279620
959806917
906124295
902709387
945776013
941582434
987366057
994019202
922924199
944081719
995718106
880175768
963689874
920541702
906124295
961453955
928869498
906124295
968867786
970289224
968074872
970516343
957818273
880175768
906124295
945776013
948382429
920541702
888268606
945776013
906124295
976588497
906124295
920541702
989394129
970289224
922924199
935699465
945776013
948382429
950706483
859721337
973204962
933926015
880175768
965810855
958410030
928751361
906124295
965490365
961446474
906124295
968784793
992039864
997407521
983357741
906124295
960084325
988803839
994019202
920541702
931256271
972731436
923319450
954766381
945776013
859721337
906124295
922924199
920541702
923319450
914043745
928869498
972731436
976588497
906124295
923319450
884717157
965810855
946375847
981020562
997230674
972731436
972731436
906124295
906124295
922924199
970289224
987366057
880175768
923319450
928751361
970289224
956965396
906124295
963689874
968867786
972731436
970289224
969829896
859721337
906124295
945776013
888268606
975625705
965810855
970289224
978511337
997812374
970289224
906124295
883279620
968784793
977430723
928366120
951939933
948382429
906124295
948382429
945776013
964138044
968139418
906124295
922924199
970289224
954766381
906124295
928751361
945776013
993100319
945776013
922924199
920541702
987366057
966773710
970289224
959311992
996455376
987692925
925887540
997874401
948382429
990681945
906124295
906124295
906124295
992005822
983357741
945776013
976588497
906124295
970289224
978511337
908063998
970289224
936724279
945776013
977838436
920541702
950126871
909878559
906124295
945776013
906124295
859721337
990568325
888268606
920541702
970289224
976588497
971589681
934009550
939199119
982779208
997874401
970289224
965810855
859721337
987123808
920541702
892914368
994019202
948153548
948382429
880175768
980758595
920541702
971892816
883279620
986463985
945776013
970289224
888268606
906124295
923319450
990323038
988547129
908063998
906124295
983907623
920541702
994019202
965711227
906124295
974293465
941582434
945776013
948382429
945776013
986509813
929428868
989106379
970289224
943485175
952953027
978511337
938850503
983357741
859721337
945776013
906124295
914408658
965033894
906124295
922924199
923319450
906124295
906124295
983357741
970289224
941582434
920541702
987366057
906124295
945776013
981020562
859721337
948382429
972731436
997418292
970289224
970289224
948382429
983888073
920541702
906124295
964302731
906124295
987366057
945776013
970289224
960548285
859721337
906124295
980758595
989722378
933119181
945442689
906124295
919431191
996803793
927027409
920541702
970289224
906124295
954766381
922924199
974866320
923687971
993194498
920541702
922924199
970289224
951939933
955613609
936445078
906124295
957875438
906124295
859721337
945776013
971685796
906124295
906124295
987366057
973204962
920541702
906124295
970289224
929477157
960942217
906124295
922924199
970289224
912521280
972731436
994019202
994019202
984599715
929477157
906124295
920541702
938615743
888268606
984040209
945776013
859721337
920541702
871662444
908063998
958958636
983357741
928751361
970289224
950225954
970289224
906124295
928751361
928751361
943485175
872772691
959311992
965316435
961453955
931256271
859721337
859721337
906967234
945776013
859721337
970289224
946405828
991918949
939199119
986784452
948382429
928366120
979827862
953994701
974293465
945776013
922924199
936832389
920541702
984599715
972731436
938708342
934009550
906124295
935699465
993654372
970289224
952953027
887499918
970289224
989394129
972731436
920541702
920541702
996641383
906124295
962504485
990134454
948703485
941419226
979523125
941582434
960169069
970289224
994019202
987123808
940626273
880175768
920541702
994140848
906124295
906124295
945776013
859721337
962176348
983357741
961453955
859721337
990076179
970289224
978511337
990136502
934009550
970289224
997812374
985394289
972731436
972355476
906124295
951939933
970289224
945776013
970289224
908063998
917222293
859721337
859721337
915335942
935699465
888268606
968435702
951939933
939199119
985190260
960942217
859721337
970289224
906124295
994019202
929477157
867390540
939199119
964302731
923535466
948382429
906124295
970289224
987366057
958910280
981890504
997812374
963246388
948382429
945776013
999971975
920541702
967921731
906124295
935699465
880175768
922924199
929550127
944522498
985445634
949130280
963240927
920541702
928667604
994618320
970289224
970289224
923319450
922924199
906124295
911899475
859721337
920541702
984599715
984599715
947527007
906124295
958910280
920541702
984736011
859721337
906124295
908063998
960169069
934009550
970289224
911870866
922924199
995114963
970289224
978511337
906124295
920541702
926302753
959311992
906124295
970289224
945776013
906124295
906124295
923319450
945776013
952953027
897030599
976588497
920541702
935055766
943377980
906124295
953457191
964670217
922924199
928751361
915335942
934009550
945776013
944644693
970289224
925337987
945776013
946833377
888268606
906124295
922924199
945776013
880175768
859721337
859721337
945776013
978511337
880175768
953926910
958410030
983888073
906124295
960942217
970289224
906124295
955875853
923319450
958910280
954766381
922924199
869747101
961173633
933580953
919431191
922924199
983357741
915623950
906124295
945776013
996641383
883279620
970289224
987791493
977079172
970289224
906124295
969409222
935699465
945776013
987123808
906124295
922924199
945776013
906124295
970289224
906124295
859721337
973281001
970289224
938340170
939558763
920541702
964291766
920541702
974105707
859721337
941582434
897527842
988359743
906124295
948382429
935699465
961453955
906124295
945776013
945776013
965304498
920541702
994019202
925887540
954766381
945776013
890389239
935699465
989722378
970289224
939199119
939199119
923319450
945776013
970289224
970289224
906124295
923535466
994470405
917222293
983357741
994019202
961477617
960505447
943026795
906124295
943879271
972731436
935699465
880175768
943485175
920541702
987366057
934009550
906124295
880175768
970289224
928751361
941582434
939199119
906124295
928751361
906124295
970289224
978708363
873038515
948382429
954766381
997812374
906124295
983357741
997874401
934009550
924493615
987366057
859721337
970516343
920541702
941582434
941582434
979002695
938615743
945776013
906124295
959409398
977430723
970289224
922924199
972731436
907089810
994470405
935699465
970289224
906124295
960942217
970933107
981178241
937906799
964670217
970289224
946636645
987123808
972731436
938615743
905013270
945776013
906124295
934009550
926027581
975249033
952672888
972731436
970289224
985394289
945776013
965723746
945776013
948382429
935699465
980909840
950126871
984736011
945776013
906124295
859721337
970289224
920541702
880175768
922924199
921317753
999487204
959502481
859721337
975096196
906124295
985394289
970289224
978708363
964291766
959311992
934009550
880175768
934009550
859721337
972731436
960548285
920541702
987366057
925887540
923319450
972731436
922924199
964291766
922924199
997407521
987366057
998270713
970289224
906124295
906124295
906124295
970289224
985420125
978284050
961453955
970289224
945590771
945776013
969554789
994019202
935699465
920541702
888268606
883279620
923319450
945776013
923319450
959311992
964291766
925288011
977079172
906124295
982342357
987692925
928751361
985445634
970289224
964082845
944858454
980758595
906124295
960505447
906124295
976092025
923535466
961849006
987366057
945776013
992039864
888268606
958910280
987366057
920541702
992657994
970289224
920541702
936832389
906124295
968784793
961453955
939199119
936832389
906124295
965723746
906124295
906124295
906124295
948382429
876903884
990681945
866270331
967860022
948382429
939199119
945776013
974975948
920541702
908063998
906124295
968677165
969222911
945776013
985420125
935699465
935055766
972731436
945776013
859721337
923319450
996676059
946083999
906124295
970289224
987965806
991072752
906124295
970289224
982053372
972731436
976588497
925416598
945776013
970289224
992039864
993100319
906124295
906124295
971169008
859721337
880175768
907975705
883279620
945776013
983357741
955613609
859721337
969422370
906124295
888268606
934009550
984599715
859721337
920541702
982128281
880175768
859721337
906124295
938850503
906124295
928494679
980008066
994019202
908063998
888268606
960505447
906124295
928751361
969041492
994019202
859721337
940161513
970289224
918995229
935699465
970289224
938708342
920541702
979523125
906124295
970289224
906124295
970289224
935699465
967490229
924524696
906124295
859976576
970289224
888268606
936832389
970289224
958958636
945776013
972731436
906124295
987366057
873038515
920541702
970289224
987366057
955557994
859721337
931223408
945776013
958513855
987366057
906124295
859721337
983087076
906124295
906124295
931160828
922924199
859721337
985394289
970289224
974293465
948382429
945776013
922924199
972731436
906124295
895866432
859721337
949130280
971973620
962176348
920541702
883279620
920541702
906124295
920541702
970289224
859721337
945776013
972731436
880175768
906124295
928751361
942370842
906124295
970289224
987659617
888268606
880175768
975171345
948382429
914043745
906124295
994019202
939199119
978511337
949130280
912222034
906124295
945776013
965316435
906124295
906124295
946833377
948382429
987366057
912521280
906124295
987366057
928751361
859721337
975580122
939228893
989394129
970289224
945776013
962176348
972731436
975732885
939199119
883279620
970289224
906124295
906124295
906124295
906124295
969554789
987692925
935699465
970289224
906124295
970289224
978511337
945776013
920541702
906124295
906124295
920541702
906124295
880175768
997415950
914408658
880175768
935699465
906124295
940919461
954766381
984736011
935055766
920541702
941445011
920541702
970289224
859721337
928751361
974975948
906124295
954766381
934009550
994019202
906124295
987366057
950473263
987692925
882807907
906124295
920541702
859721337
922924199
906124295
982053372
996311024
987366057
997823744
920541702
920541702
859721337
906124295
948382429
982342357
859721337
970516343
990133981
906124295
987123808
990958958
971508454
922924199
880175768
859721337
906124295
948382429
972731436
880175768
972731436
938615743
859721337
994466055
883279620
971129595
941582434
938615743
970289224
920541702
948059497
961453955
923319450
945776013
888268606
945530635
927029629
920541702
920541702
920541702
970289224
970289224
920541702
906124295
994019202
928751361
974149431
928869498
945776013
906124295
970289224
859721337
943485175
974681867
933119181
934009550
996641383
975171345
958513855
958910280
939199119
859721337
922924199
970289224
906124295
906124295
920541702
970289224
906124295
975580122
945776013
906124295
972731436
928751361
939199119
928751361
983357741
987692925
986509813
945776013
906124295
970289224
997812374
969409222
906124295
906124295
922924199
923319450
967860022
912727201
934009550
945776013
888268606
906124295
934079370
925887540
881512458
987123808
920541702
906124295
859721337
880175768
888268606
943485175
972731436
989857085
970289224
955531852
859721337
958910280
906124295
939624179
990958958
956297937
920541702
906124295
920541702
880175768
970289224
906124295
906124295
928751361
906124295
952664579
945776013
906124295
938353480
923319450
970289224
911208381
980186931
906124295
960505447
859721337
984736011
906124295
920541702
970289224
996047572
992698363
941582434
958910280
999388995
945776013
987366057
906124295
982053372
906124295
991961320
936832389
941582434
996232936
975629816
920547492
859721337
983762678
959128347
926326117
990133648
975733759
987965806
984599715
978511337
922924199
883279620
925887540
955963921
937427871
970289224
888268606
992642885
923319450
994019202
975096196
938850503
941582434
945776013
948382429
880175768
996641383
945776013
940041969
859721337
978419759
920541702
859721337
906124295
958777543
949130280
992182094
965723746
939199119
972731436
906124295
964152442
880175768
970289224
859721337
945776013
976588497
970289224
983357741
970289224
962124673
970289224
941582434
906124295
967412881
906124295
970289224
987692925
969829896
931256271
920541702
945776013
970289224
977079172
974866320
964948701
920541702
998270713
920541702
965033894
934009550
994019202
991654889
886624596
986248794
920541702
906124295
920541702
859721337
970289224
928751361
906124295
954766381
987366057
970289224
970289224
880175768
964291766
906124295
859721337
995917461
906124295
963579999
960548285
920541702
859721337
970289224
945776013
970289224
964082845
924493615
936832389
994019202
975732885
983888073
970872033
945776013
934730150
994019202
914628310
979318954
934009550
970289224
906124295
939199119
955613609
906124295
948382429
920541702
996641383
948382429
970289224
935699465
906124295
949934367
920541702
945776013
880175768
971462816
906124295
948382429
977224355
949130280
859721337
945776013
972731436
859721337
934009550
970289224
984040209
906124295
906124295
906124295
975096196
888268606
925222861
906124295
967966556
938708342
970289224
922924199
941582434
906124295
964684900
921317753
945776013
978940656
997407521
995547505
943636808
880175768
949729692
924649390
920541702
859721337
906124295
859721337
988359743
922924199
971563109
970289224
918245338
948472234
984599715
945776013
885971549
906124295
906124295
978018164
959679936
906124295
906124295
943815601
958910280
972731436
959311992
906124295
970289224
972731436
920541702
859721337
939199119
859721337
906124295
948382429
906124295
934009550
948382429
941582434
945776013
954189273
922924199
939199119
906124295
987692925
972731436
995718106
921159460
906124295
983357741
941582434
973857846
960942217
906124295
985445634
865720576
961453955
987366057
979318954
987692925
972731436
960185727
961453955
955963921
948703485
987123808
975249033
906124295
994537784
939199119
983357741
935699465
974228563
920541702
883279620
920541702
992689677
987366057
925572913
982342357
920541702
997090925
906124295
920541702
939962648
945776013
946570266
996641383
940137335
964670217
987366057
994466055
964082845
925222861
920541702
984657075
945776013
923319450
923762540
906124295
942278146
955613609
970289224
980406442
906124295
927715307
978708363
908063998
977224355
920541702
906124295
906124295
906124295
922924199
945776013
961813642
931256271
906124295
960671534
934015502
906124295
859721337
906124295
859721337
924386761
972731436
920541702
945776013
922924199
888268606
906124295
909662881
945585626
987366057
906124295
945776013
920541702
936832389
906124295
920541702
933119181
923319450
920541702
935699465
931497085
945776013
972731436
859721337
859721337
928751361
923319450
992005822
906124295
945776013
912222034
975625705
906124295
929409428
867390540
985744943
991077260
906124295
998172150
906124295
977692145
980374887
906124295
943377980
924649390
979827862
938115163
970289224
974975948
986099725
907437107
906124295
958410030
959311992
970289224
945776013
970289224
939199119
883279620
945776013
948382429
906124295
880175768
906124295
859721337
970289224
962176348
906124295
880175768
945776013
970289224
970516343
980952839
859721337
920541702
865720576
987123808
906124295
911899475
945776013
945273837
999388995
906124295
920541702
990076179
923319450
975629816
945776013
945776013
948153548
906124295
898344498
999388995
922924199
945776013
952516297
945776013
906124295
949130280
945776013
945776013
859721337
970289224
948382429
922924199
995746971
988377837
983357741
970289224
944081719
880175768
948382429
859721337
922924199
972731436
925010371
985394289
920541702
931256271
922924199
923762540
923319450
935160807
912521280
922924199
933867988
923319450
964082845
970289224
906124295
983622967
859721337
989570639
986509813
974975948
859721337
948382429
906124295
859721337
955875853
980952839
893991007
970289224
984838922
949130280
906124295
922924199
920541702
920541702
983357741
972731436
954189273
906124295
923319450
986097224
880175768
945776013
970289224
920541702
938340170
945776013
859721337
987366057
912222034
920541702
970289224
941419226
906124295
859721337
920541702
982779208
989394129
949130280
859721337
970289224
928455212
906124295
968199647
960942217
945776013
987692925
970289224
920541702
948382429
859721337
970289224
931256271
935699465
906124295
977079172
925416598
935699465
920541702
965711227
906124295
976588497
922924199
906124295
906124295
929108417
904636826
920541702
995917461
906124295
964670217
984736011
873510728
970289224
859721337
945776013
888268606
948382429
934009550
906124295
983357741
883279620
972731436
923319450
943874180
957991322
936832389
884717157
945776013
908063998
964670217
906124295
922924199
906124295
906124295
945776013
982573848
943803613
922924199
968265376
987692925
906124295
906124295
948382429
995725610
970289224
996733195
880175768
982779208
906124295
945776013
975732885
906124295
888268606
970289224
990681945
908063998
955613609
906124295
973204962
906124295
993100319
859721337
906124295
970289224
914618418
945776013
925572913
938615743
972731436
980976072
960505447
927027409
922924199
923319450
978511337
970289224
941582434
920541702
945776013
944050480
974765510
906124295
906124295
925337987
880175768
945776013
970289224
944501345
906124295
970289224
960505447
972731436
996036316
970289224
906124295
994019202
948382429
976605156
970289224
986521639
906124295
931497085
958910280
944577203
981328007
996173478
993654372
920541702
912556193
920541702
906124295
994019202
860044936
945776013
964670217
912521280
964643221
906124295
944107857
945776013
924425850
920541702
951939933
931127965
945776013
956965396
919721223
975732885
873510728
941582434
923319450
929477157
922924199
880175768
970289224
891946450
936832389
906124295
970289224
941964558
859721337
934015502
880175768
984599715
971563109
920541702
931256271
958910280
945776013
960869865
953457191
948382429
883279620
987366057
970289224
985190260
859721337
906124295
972731436
923535466
906124295
945776013
964138044
859721337
970289224
945776013
970289224
970289224
928751361
945776013
997874401
920541702
977017419
906124295
952953027
943485175
880175768
950778029
925887540
923319450
880175768
952953027
906124295
989570639
970289224
906124295
975732885
970289224
987692925
970289224
970289224
972731436
921412712
920541702
928751361
923319450
906124295
975096196
964876289
895993027
989596604
922924199
950152423
925887540
859721337
951939933
938708342
859721337
972731436
921580894
994470405
914408658
949130280
970289224
906124295
906124295
912521280
880175768
906124295
975732885
880175768
920541702
859721337
859721337
970289224
920541702
938708342
936724279
925887540
945776013
934091412
989849197
923319450
949130280
988560227
984997015
920541702
906124295
931879307
920541702
907975705
970289224
906124295
970289224
920541702
992658501
922924199
939199119
999349736
944914873
906124295
979623280
964876289
949130280
997874401
945776013
939900229
922924199
928869498
984736011
987366057
987366057
930701804
935699465
996226105
991649415
906124295
908063998
922924199
962504485
987366057
964643221
945776013
970289224
970289224
977398076
977041699
906124295
888268606
922924199
934009550
953994701
920541702
952724689
972731436
970289224
942218932
906124295
880175768
934091412
906124295
945776013
945776013
883279620
989823945
982891563
906124295
952953027
920541702
925572913
888268606
952481850
906124295
935699465
997407521
974866320
974228563
977079172
971479859
906124295
941582434
934009550
906124295
859721337
923319450
994909950
906124295
943485175
970289224
922924199
928751361
906124295
945776013
922924199
906124295
974293465
972731436
945776013
970289224
928455212
945776013
958958636
987366057
972731436
958910280
894446544
970289224
972942978
941419226
996641383
970289224
945922446
975732885
906124295
939199119
920541702
906124295
953620964
973290340
994382673
906124295
859721337
951939933
996232936
888268606
920541702
912521280
906124295
899249010
969956991
922924199
906124295
906124295
993541558
906124295
932752478
947527007
989570639
908063998
936554725
975732885
972731436
987366057
941582434
907437107
859721337
945776013
943485175
997874401
974433614
951945867
928869498
934009550
945776013
970289224
980008066
859721337
974293465
920541702
970289224
975732885
906124295
975732885
994019202
906124295
943485175
918501904
906124295
970289224
985420125
997812374
994019202
945776013
971191262
859721337
970289224
999971975
910935974
923319450
888566962
952953027
906124295
995718106
859721337
920541702
966780314
970289224
928751361
976588497
953994701
961453955
943485175
882807907
970289224
909662881
972731436
906124295
923319450
961789421
939199119
964138044
925222861
987366057
970289224
859721337
978831815
922924199
982744018
964948701
906124295
945776013
949130280
970289224
859721337
983888073
976588497
859721337
922924199
945776013
955963921
959806917
948382429
997874401
950225954
922924199
997090925
970289224
970289224
970289224
928751361
920541702
928751361
945776013
920541702
906124295
906124295
859721337
982541873
994019202
970289224
983878837
883279620
927715307
945776013
987123808
934009550
945776013
987366057
906124295
949130280
935699465
922924199
970289224
987123808
945776013
988359743
938708342
906124295
939199119
953926910
906124295
970289224
941582434
951369295
922924199
963821545
906124295
859721337
970289224
970289224
948382429
972731436
987692925
883279620
945776013
964684900
920541702
945250814
923319450
970531553
994019202
928751361
970289224
948382429
968784793
987366057
920541702
970289224
949130280
954766381
924386761
972731436
970289224
906124295
934009550
992642885
906124295
959128347
970289224
906124295
970289224
964082845
950770953
886624596
906124295
923762540
970289224
950225954
924493615
945776013
987123808
920541702
949130280
922924199
994019202
906124295
948382429
906124295
882807907
906124295
970289224
965810855
986962617
983357741
928751361
973204962
972731436
906124295
982277308
906124295
972731436
945776013
968139418
934009550
906124295
906124295
931497085
970289224
939199119
935197703
986463985
923298580
859721337
906124295
994470405
934009550
948382429
873038515
859721337
970289224
970289224
945776013
906124295
945776013
984736011
906124295
950473263
943636808
970289224
970289224
985445634
920541702
872772691
906124295
983357741
945776013
970289224
936832389
986521639
922159678
945776013
944081719
970289224
906124295
928219552
945776013
953994701
928751361
970289224
975732885
986463985
935699465
941419226
939199119
960505447
970289224
920541702
880175768
945776013
906124295
949130280
920541702
997874401
920541702
953994701
906124295
997415950
922924199
980406442
952516297
922924199
939199119
970289224
906124295
945585626
939199119
932347124
888268606
986560409
935699465
986463985
935699465
970289224
970289224
906124295
906124295
920760517
972856825
906124295
906124295
963974797
970289224
970289224
935699465
994019202
976276987
971191262
958910280
859721337
885630836
945776013
970289224
970289224
988415558
962176348
970289224
883279620
859721337
945776013
929550127
933999341
934134768
987366057
971191262
945776013
906124295
972731436
906124295
985445634
970516343
859721337
906967234
952953027
939199119
906124295
987123808
920541702
994019202
984736011
945776013
987366057
949130280
923319450
859721337
960505447
939228893
945776013
929477157
880175768
920541702
994019202
978708363
987366057
880175768
987366057
945776013
997874401
932369948
983357741
992197343
986463985
951939933
906124295
959311992
935699465
906124295
936832389
946361029
948382429
906124295
978284050
996641383
978344196
948382429
970289224
859721337
906124295
948382429
906124295
920541702
945776013
920541702
990076179
906124295
920541702
983357741
859721337
895866432
953558541
974105707
880175768
922924199
951397647
880175768
906124295
964302731
987366057
944081719
987366057
920541702
906124295
920541702
965490365
881512458
982495593
941582434
987123808
880175768
958426527
941582434
906124295
920541702
985394289
996641383
935699465
970289224
866270331
906967234
983357741
859721337
906124295
972731436
945776013
936832389
923319450
908063998
859721337
970289224
891011201
984736011
970289224
906124295
906124295
970289224
945776013
987366057
986509813
991077260
968139418
952953027
906124295
927715307
945776013
948153548
945776013
928751361
920541702
949659863
935699465
987366057
987866448
880175768
906124295
941582434
960505447
922924199
945776013
948382429
952953027
987692925
906124295
983622967
859721337
945776013
927715307
952953027
949130280
970289224
945776013
970289224
906124295
986509813
970403434
958910280
964948701
943485175
945776013
996641383
923319450
976749035
920541702
945776013
994019202
906124295
945776013
983357741
983357741
955531852
945776013
951246923
970289224
970289224
923319450
970289224
859721337
983357741
920541702
985394289
874428615
967855206
945776013
945776013
945776013
945776013
970289224
990329104
970516343
978882773
923319450
923319450
859721337
922924199
937069047
906124295
983357741
972731436
922924199
945776013
941582434
954790957
992246504
906124295
970289224
945776013
944791894
906124295
983629223
960505447
940919461
945776013
909182899
987366057
983357741
970289224
941582434
976588497
975732885
934009550
906124295
964883191
972731436
945776013
967855206
987366057
945776013
906124295
978431639
945776013
986463985
906124295
922924199
985420125
888268606
941582434
974105707
923319450
948382429
906124295
970289224
906124295
945776013
964883191
942724865
985250347
945776013
970289224
992039864
936832389
909662881
906124295
912521280
945776013
972731436
906124295
982071357
958910280
986548837
883279620
928751361
986509813
949130280
996311024
983357741
972731436
998595703
935699465
939094444
928751361
941582434
945776013
925887540
925010371
880175768
906124295
945776013
965316435
906124295
859721337
949130280
949130280
987366057
945776013
883279620
906124295
945776013
976782030
936832389
961453955
939228893
972731436
970289224
982277308
859721337
906124295
880175768
945776013
952953027
987366057
859721337
909564567
945776013
923319450
970289224
906124295
975625705
906124295
958910280
888268606
970289224
945776013
972731436
935699465
970289224
970289224
948382429
948382429
952431173
918748805
943485175
987692925
990922440
867101500
920541702
920541702
984599715
922924199
945776013
994470405
888268606
987366057
974975948
859721337
935103580
943485175
970289224
906124295
920541702
993531488
923298580
906124295
859721337
934009550
922924199
945776013
920541702
920541702
970289224
949130280
960169069
922924199
981878130
994019202
945776013
985501373
923319450
970289224
945776013
906124295
922924199
945776013
945776013
880175768
945776013
925887540
882807907
929409428
978708363
983357741
888268606
978511337
992246504
906124295
935699465
888268606
971973620
958045269
906124295
938615743
941582434
994470405
922924199
923319450
945776013
880175768
859721337
950770953
949130280
954766381
997874401
970289224
949130280
906124295
999971975
945776013
970289224
859721337
906124295
942724865
906124295
954298429
960942217
936832389
950770953
920541702
972731436
920541702
967921731
866270331
970289224
906124295
859721337
997415950
880175768
859721337
970289224
948797167
976876822
972731436
964883191
945776013
906124295
958910280
922924199
920541702
939199119
988803839
906124295
970289224
994019202
964325023
959409398
969914534
928869498
972253759
934009550
943602630
945776013
970289224
906124295
970289224
954546897
923319450
987366057
934009550
955748873
945776013
859721337
984983796
970289224
941582434
987123808
859721337
920541702
944644693
945776013
906124295
886624596
934009550
939199119
906891352
859721337
920541702
975420656
945776013
906124295
949130280
929477157
880175768
934209397
935160807
983622967
987366057
935699465
906124295
906124295
923319450
976749035
880175768
906124295
970289224
906124295
859721337
976782030
880175768
922924199
965316435
945776013
990958958
982342357
953994701
920541702
987692925
971191262
960169069
880175768
906124295
997874401
970289224
980952839
945776013
859721337
977369403
954766381
952953027
997812374
941419226
994019202
928751361
908063998
961453955
906124295
945273837
931256271
899249010
888268606
956297937
898344498
906124295
945776013
941582434
906124295
945776013
859721337
922924199
993100319
987474727
971191262
906124295
980758595
954766381
922924199
906124295
880175768
920584783
940081017
948382429
922924199
943485175
945776013
948382429
948382429
859721337
941964558
920541702
866662988
968632462
948382429
906124295
945776013
922924199
960505447
996156467
973233035
987944912
906124295
859721337
928751361
999971975
859721337
945776013
970289224
888268606
888268606
928751361
969422370
956492428
906124295
906124295
920541702
906124295
994019202
970289224
922924199
920541702
970516343
922924199
945776013
978483878
948382429
970289224
935699465
970289224
970289224
973204962
943620426
970289224
957875438
859721337
906124295
987123808
906124295
980232573
923319450
949130280
928751361
906124295
906124295
970289224
974111825
935699465
922924199
880175768
996232936
927715307
906124295
923319450
945776013
938353480
951395585
970289224
957675304
958910280
945273837
943485175
974293465
908063998
976588497
970289224
920541702
985394289
906124295
945776013
871652860
970289224
961789421
985445634
906124295
970289224
906124295
906124295
880175768
924425850
922924199
945776013
936832389
966773710
949130280
928366120
906124295
902709387
994019202
994019202
939199119
880175768
987692925
920541702
941419226
961453955
920541702
948382429
958426527
972151049
982899856
982342357
906124295
995725610
906124295
922924199
987692925
987724655
859721337
956297937
923319450
970289224
982342357
880175768
935699465
880175768
941964558
925572913
998482234
988276357
871564368
906124295
920541702
985420125
950126871
961453955
983357741
906124295
938615743
941964558
920541702
945776013
986097224
906124295
983629223
970289224
945776013
906124295
920541702
952953027
859721337
964321282
983357741
948382429
982548237
970289224
970289224
880175768
945776013
907437107
970289224
996641383
908063998
924649390
906124295
975732885
986784452
994019202
970289224
934009550
859721337
976859820
931879307
948382429
972731436
960505447
923319450
934091412
953994701
906124295
920541702
969829896
977079172
965490365
859721337
948382429
928366120
906124295
859721337
912222034
945776013
953620964
980232573
951072713
970289224
880175768
985445634
944107857
906124295
948472234
934079370
987366057
970289224
920541702
945776013
988803839
938948040
960942217
990249778
935699465
996641383
989394129
970289224
925416598
970289224
906124295
923319450
906124295
985548371
902209940
957612097
907437107
906124295
906124295
948382429
922063326
973204962
906124295
966780314
945776013
945776013
906124295
906124295
983357741
945776013
976942347
965711227
970289224
941582434
953620964
987692925
880175768
898344498
958910280
881512458
945776013
906124295
954766381
986509813
986548837
963246388
950778029
970289224
996173478
945776013
945776013
969571327
935699465
906124295
946405828
859721337
920541702
926302753
906124295
972731436
934009550
961453955
919721223
997812374
883279620
970289224
982495593
938708342
880175768
935699465
953620964
859721337
972731436
945776013
945776013
987692925
920541702
920541702
918501904
908063998
859721337
922924199
906124295
934009550
880175768
902807157
975629816
972731436
918995229
970289224
997812374
978284050
859721337
906124295
975312079
906124295
945776013
972731436
970289224
923319450
914408658
943879271
970289224
920541702
913254031
941582434
972731436
998708636
908063998
970289224
920541702
964082845
992039864
970289224
976588497
920541702
987163765
945776013
922924199
949130280
982071357
936832389
970289224
859721337
935699465
948382429
970313597
859721337
946020532
920541702
920541702
985445634
880175768
859721337
950778029
972731436
888268606
945776013
928751361
970289224
906124295
987659617
859721337
906124295
982342357
994470405
906124295
883279620
953926910
992005822
977928143
978708363
970289224
963867237
945776013
928455212
859721337
943026795
923319450
972731436
964082845
934091412
984736011
970289224
983357741
920541702
960942217
922924199
955315189
945776013
906124295
920541702
997418292
970289224
906124295
945776013
908063998
918245338
970289224
884341396
906124295
986600480
945776013
906124295
948382429
922924199
906124295
952953027
906124295
922924199
939094444
906124295
970289224
945776013
906124295
998172150
920584783
906124295
945776013
923319450
906124295
970289224
906124295
992039864
906124295
994019202
993654372
971695032
987366057
935699465
906124295
920541702
955748873
977155826
928751361
906124295
982342357
973233035
935699465
970289224
938850503
908063998
931879307
970289224
945776013
953994701
945776013
943485175
859721337
970289224
906124295
959806917
936832389
980952839
940977817
928455212
970289224
920541702
945776013
920541702
951369295
920541702
906124295
920541702
920541702
906124295
945776013
970289224
986998987
965735526
906124295
981360630
883279620
906124295
873038515
999388995
982342357
994019202
945776013
888268606
937690851
960942217
970289224
945776013
949130280
929550127
923319450
951939933
970289224
920541702
945776013
974563986
908496937
922924199
919721223
970289224
880175768
906124295
933999341
906124295
970289224
920541702
945776013
906124295
992005822
986509813
859721337
960548285
910935974
922924199
975249033
880175768
974293465
859721337
970289224
987366057
970289224
908063998
906124295
945776013
943026795
970289224
922924199
906124295
928751361
970289224
920541702
983137474
949130280
923319450
972731436
972731436
928751361
906124295
922924199
922924199
923319450
979445665
970289224
920541702
994019202
948153548
931223408
994019202
964876289
923319450
970289224
941582434
938340170
994019202
906124295
906124295
906124295
922924199
970289224
964302731
906124295
906124295
980119050
983357741
865720576
989394129
984599715
992039864
906124295
987366057
906124295
990681945
972731436
906124295
906124295
974105707
954766381
906124295
922924199
996282993
952516297
996232936
939712706
922924199
955963921
964291766
939199119
925364464
970289224
935197703
971973620
968632462
906124295
937007201
906124295
906124295
945776013
972731436
935699465
906124295
922924199
961087387
935699465
936724279
985420125
930701804
965711227
941582434
970289224
880175768
859721337
941964558
979827862
920541702
873038515
943855501
931680674
945776013
968822928
955613609
922924199
970289224
922924199
994019202
970289224
859721337
920541702
984184839
970289224
970289224
986463985
952953027
923319450
948382429
920541702
967030259
970289224
922924199
950706483
939199119
906124295
987366057
995779941
923319450
922924199
987692925
906967234
960505447
945776013
880175768
866270331
922924199
980008066
906124295
994019202
994019202
961453955
972731436
996232936
965711227
970289224
922924199
859721337
949130280
920541702
939558763
945776013
906124295
945776013
945776013
972731436
906124295
859721337
906124295
969390269
922924199
964082845
990136502
960505447
932752478
859721337
955613609
938708342
906124295
923319450
951369295
906124295
920541702
978154719
906124295
906124295
920541702
906124295
976519205
880175768
946405828
888268606
983357741
934009550
970289224
866270331
986962617
979523125
867390540
920541702
983357741
934009550
945776013
945776013
880175768
920541702
935055766
906967234
959284187
920541702
906124295
859721337
931497085
923319450
941582434
994019202
908063998
997812374
906124295
954766381
983357741
994019202
987366057
971938994
945776013
967477759
979854593
920541702
945776013
945776013
923298580
945776013
945776013
985250347
952953027
987517147
922924199
986509813
880175768
920541702
958410030
920541702
964291766
920541702
945776013
945776013
920541702
991649415
970289224
906124295
928751361
986032624
922924199
920541702
994019202
948382429
920541702
923319450
880175768
989292996
960169069
888268606
880175768
994019202
920541702
970289224
906124295
974433614
937007201
906124295
970289224
994019202
948382429
970289224
975732885
963318721
920541702
970289224
935699465
883279620
982342357
964670217
906124295
859721337
934009550
926327268
945776013
970289224
977224355
892596848
998708636
895737704
906124295
970289224
934009550
982342357
906124295
906124295
912270435
976942347
992674377
923319450
908063998
923319450
911262637
934009550
936832389
987366057
977692145
906124295
939228893
923319450
964883191
984436437
906124295
931497085
945776013
948382429
880175768
993494492
994019202
970289224
922924199
937007201
920541702
970289224
859721337
880175768
979523125
935022026
945776013
986099725
945776013
935699465
908063998
906124295
923319450
859721337
906124295
945776013
928751361
906124295
859721337
985330197
908063998
987123808
880175768
987366057
906124295
922924199
933891800
952672888
888268606
970289224
906124295
984599715
970289224
920541702
994382673
920541702
996047572
880175768
945776013
880175768
942492881
906124295
923306349
935197703
993194498
922924199
941582434
943485175
888268606
927965265
987366057
940286278
954766381
970289224
978154719
923319450
904636826
984599715
972731436
974509186
970289224
922924199
970289224
970289224
993194498
906124295
941582434
859721337
906124295
922924199
880175768
920541702
922924199
959311992
989823945
945776013
967986442
935699465
935699465
994019202
920557043
859721337
906124295
989167445
906124295
920541702
859721337
925416598
880175768
945776013
923319450
948382429
960942217
972731436
880175768
967491029
923319450
936832389
958513855
952516297
948153548
948382429
945776013
965316435
976942347
972731436
948382429
987123808
972731436
945776013
959982998
929477157
963821545
984736011
945776013
941964558
906124295
920541702
994466055
948382429
935699465
990076179
859721337
923319450
983907623
970289224
945776013
985394289
945776013
912521280
970289224
994019202
945776013
983087076
940161513
859721337
920541702
859721337
974293465
946570266
948382429
970289224
920541702
999388995
906124295
978511337
954766381
941582434
906124295
859721337
906124295
970289224
931256271
906124295
970289224
938353480
987366057
920541702
970289224
906124295
982342357
927487350
943485175
969162436
906124295
990076179
939228893
952516297
959136935
994019202
970289224
922924199
970289224
983888073
928751361
906124295
978431639
906124295
920541702
945776013
859721337
920541702
964670217
997874401
883279620
935699465
906124295
960169069
939199119
946984237
906124295
983398826
948382429
906124295
906124295
952953027
906124295
859721337
945776013
952953027
970289224
954182281
996829521
945776013
961453955
906124295
970289224
944107857
925337987
970289224
936832389
880175768
963587441
935699465
906124295
936832389
935699465
952516297
935699465
999463670
906124295
906124295
961453955
872772691
944107857
987366057
945776013
906124295
880991508
906124295
996232936
906124295
975732885
960169069
920541702
970289224
970516343
988547129
928751361
934985307
992005822
883279620
906124295
965723746
994019202
964883191
906124295
949130280
987692925
859721337
939100747
993100319
943879271
957675304
945776013
966773710
955963921
920541702
920541702
946361029
941582434
987366057
859721337
945776013
962176348
920584783
974975948
923319450
928751361
880175768
945776013
997823744
970289224
936832389
935699465
945776013
953994701
975625705
974975948
906124295
859721337
859721337
969829896
920541702
974293465
925572913
912270435
990445771
945776013
970289224
859721337
945776013
945442689
994019202
935160807
985394289
928751361
906124295
906124295
937069047
920541702
906124295
935699465
880175768
938353480
873038515
898834331
996641383
926261461
958910280
920541702
959354276
959679936
906124295
984657075
970289224
970289224
920541702
920541702
859721337
994019202
966780314
990681945
962247625
925337987
970289224
971129595
923298580
982128281
962124673
926261461
962176348
965711227
990681945
945776013
945776013
925337987
938615743
941582434
906124295
958910280
976588497
940161513
906124295
938872417
945776013
982122256
945776013
945776013
909662881
999388995
983357741
906124295
859721337
978431639
906124295
942573705
986509813
970289224
920541702
906124295
906124295
923319450
906124295
967491029
859721337
960505447
994019202
906124295
970289224
970289224
994382673
971479859
996232936
970289224
928751361
989570639
959128347
951097194
941419226
920541702
948382429
906124295
973625854
989849197
994019202
990323038
983888073
961823608
939199119
985420125
859721337
873038515
906124295
920541702
928751361
975732885
925364464
881089857
992698363
923319450
906124295
920541702
934009550
962176348
970289224
970289224
970289224
934985307
859721337
965711227
922924199
967490229
985394289
970289224
859721337
997812374
991320253
906124295
906124295
960505447
906124295
906124295
923319450
923319450
974293465
906124295
920541702
987406076
939228893
914628310
936832389
934009550
888268606
996175003
920541702
859721337
981360630
964082845
906124295
970289224
979318954
951939933
978708363
949130280
859721337
997874401
859721337
945776013
976508898
925668568
945776013
935442115
922924199
922924199
945776013
859721337
972731436
906124295
970289224
950225954
938115163
987366057
960505447
963689874
906124295
906124295
970289224
914618418
920541702
983357741
945776013
989394129
996641383
942573705
906124295
923319450
970289224
906124295
952516297
934063200
976588497
953994701
906124295
949130280
906124295
922924199
909910750
941582434
970289224
922924199
940286278
960548285
934009550
945776013
967860022
859721337
994019202
984736011
922924199
962247625
936554725
859721337
993194498
990388580
908063998
945776013
971191262
923319450
945776013
859721337
934009550
929108417
945776013
971479859
987366057
976588497
928751361
970289224
923319450
945776013
946361029
859721337
920541702
880175768
888268606
934009550
970289224
941582434
959409398
950225954
922924199
906124295
925887540
906124295
945776013
883279620
940041969
939228893
989167445
945776013
959311992
920541702
954546897
948382429
867390540
867101500
908063998
964082845
985445634
959409398
906124295
888268606
880175768
994019202
992039864
983357741
906124295
923319450
906124295
970289224
997407521
958910280
960942217
920541702
951939933
906124295
970516343
906124295
945776013
912222034
954975370
970289224
923319450
979482820
939199119
920541702
959661472
983357741
939199119
920541702
970289224
920541702
975625705
941582434
961453955
987123808
972731436
959409398
962983115
985445634
935699465
902807157
859721337
928751361
970134142
945776013
928455212
998560908
945776013
906124295
941582434
975732885
906124295
895300646
948382429
995239972
922924199
906124295
990076179
970289224
955875853
985394289
987366057
906124295
943825036
948382429
920541702
906124295
964948701
906124295
888268606
929021343
880175768
906124295
906124295
859721337
922924199
928751361
928751361
945776013
960942217
922924199
888268606
970289224
974293465
906124295
906124295
920541702
908063998
937690851
942724865
943485175
920541702
859721337
972731436
906124295
972731436
978018164
912521280
934009550
972731436
906124295
978344196
912222034
919823949
986509813
923319450
906124295
920541702
990077217
938850503
923319450
982779208
923319450
984657075
992654966
920541702
990077217
969554789
948382429
943377980
987692925
986463985
984599715
906124295
982779208
920541702
987692925
985501373
954766381
948382429
977928143
975732885
906124295
928366120
922924199
880175768
922924199
859721337
977500517
888268606
906124295
948585209
976731064
938615743
958910280
935699465
936832389
927115395
967921731
859721337
888268606
985420125
961446474
958958636
892596848
902807157
920541702
906124295
945776013
945776013
859721337
964948701
970289224
949130280
933595730
993100319
985394289
922924199
972731436
906124295
964291766
936832389
908063998
994019202
880175768
920541702
962176348
898344498
922924199
906124295
936927767
920541702
880175768
906124295
935160807
906124295
969829896
974105707
912270435
906124295
987366057
880175768
920541702
948382429
964291766
920541702
983357741
906124295
945776013
948382429
964302731
859721337
948382429
859721337
974975948
997407521
945250814
961453955
971129595
970289224
920541702
906124295
970289224
970289224
946405828
982899856
945776013
920564091
920541702
934091412
989970660
945776013
923319450
922924199
959311992
936832389
939199119
923535466
923319450
968867786
935699465
987366057
982656389
953909414
956555764
987366057
935699465
953994701
880175768
940919461
906124295
859721337
961453955
978511337
997571961
906124295
970289224
923319450
906124295
939199119
994019202
970289224
943377980
976588497
938615743
914408658
987366057
951939933
987366057
859721337
906124295
923319450
906124295
912222034
880175768
921334351
922924199
945776013
906124295
945776013
972731436
938850503
928751361
987366057
906124295
940626273
970289224
989570639
945776013
996175003
948936691
980952839
972731436
859721337
979827862
994470405
932225970
954766381
920541702
859721337
946405828
935699465
880175768
980232573
906124295
981244043
971479859
880175768
994537784
908063998
859721337
988547129
925887540
997415950
880175768
923319450
940919461
880175768
945776013
920541702
880175768
936832389
988379203
906124295
974866320
920541702
945776013
920541702
933580953
907231980
922924199
920541702
906124295
859721337
987366057
961453955
880175768
945776013
994019202
964082845
922924199
906124295
880175768
940626273
972731436
965220673
867101500
859721337
991918949
920541702
935699465
998708636
953994701
975732885
974111825
939199119
970289224
961453955
922924199
980252790
970289224
922924199
970289224
888268606
906124295
906124295
987163765
908063998
966245487
940430603
920541702
983357741
906124295
906124295
859721337
962176348
906124295
906124295
970289224
906124295
906124295
949130280
954964514
934009550
910935974
923319450
994019202
906124295
945776013
994458331
971169008
920541702
962247625
906124295
983888073
945776013
920541702
927715307
906124295
971938994
990329104
920541702
939199119
906124295
970289224
906124295
971938994
935699465
906124295
972731436
945776013
906124295
944522498
928751361
859721337
970289224
945775231
934009550
969409222
906124295
987724655
972731436
935699465
906124295
955531852
920541702
924329296
974866320
959409398
985190260
952724689
958426527
970289224
906124295
922924199
997556900
970289224
906124295
960505447
970289224
970289224
859721337
987366057
906124295
983357741
882807907
922924199
920541702
920541702
859721337
906124295
975625705
920541702
912521280
920541702
973233035
923319450
970289224
987366057
976588497
920541702
914628310
906124295
993100319
928751361
928751361
970289224
972731436
906124295
945776013
938115163
906124295
938708342
927029629
906124295
880175768
945776013
922924199
984599715
928751361
920541702
970289224
990681945
906124295
962700225
859721337
859721337
912580329
945776013
906124295
970289224
945776013
957173456
948382429
989167445
962700225
952516297
927715307
945776013
995114963
970289224
906124295
955613609
906124295
945776013
936832389
945776013
970289224
906124295
986463985
970289224
859721337
995917461
922924199
888268606
977430723
954189273
949130280
923319450
996232936
923319450
873038515
945776013
964321282
923319450
911172606
936953757
906124295
906124295
920541702
945776013
952953027
939199119
906124295
920541702
945776013
958910280
977079172
983357741
906124295
920541702
951939933
936832389
906124295
985420125
919721223
945776013
989823945
859721337
970289224
977079172
974765510
920541702
994019202
906124295
985919356
956965396
972731436
949130280
984736011
997343296
906124295
906124295
945776013
948382429
945776013
922924199
922924199
983629223
920541702
972731436
980861215
922924199
994019202
906124295
986600480
941964558
920541702
968822928
906124295
906124295
960822826
939199119
906124295
880175768
923319450
970289224
986545676
859721337
906124295
920541702
945776013
956673552
945776013
972731436
958910280
960942217
906124295
906124295
945776013
934009550
906124295
859721337
984599715
970289224
859721337
970289224
906124295
943026795
925416598
985445634
880175768
906124295
928366120
945776013
859721337
941419226
945776013
960505447
935699465
970289224
923319450
985925812
859721337
880175768
934009550
972637804
936832389
970289224
961453955
983357741
970289224
945776013
859721337
983445717
924493615
941582434
989570639
970289224
922924199
994466055
974975948
988065154
939199119
938615743
906124295
944914873
880175768
977079172
968048653
949934367
906124295
970289224
984736011
894676627
996561902
994019202
939199119
958910280
990076179
948382429
978941948
974293465
936016148
953994701
970289224
961453955
906124295
928751361
970289224
986784452
906124295
970289224
939199119
987692925
920541702
945776013
969829896
859721337
881512458
936538258
920541702
945776013
880175768
906124295
985394289
906124295
987692925
970289224
987163765
972411054
934009550
906124295
906124295
970289224
972411054
945776013
970289224
945273837
906124295
939199119
971191262
986393496
970289224
970289224
970943018
923319450
970289224
986784452
965316435
964082845
997812374
970289224
880175768
945776013
984599715
945776013
906124295
859721337
883279620
980909840
934009550
906124295
906124295
970289224
906124295
954766381
981890504
945776013
923319450
859721337
859721337
945776013
859721337
966773710
922924199
984184839
897030599
970289224
935699465
984599715
964948701
964948701
970289224
906124295
880175768
859721337
948382429
889040726
972731436
920541702
967860022
859721337
920541702
970289224
935699465
960548285
920541702
920541702
945776013
961453955
938615743
992602027
948382429
906124295
893220406
920541702
906124295
970289224
906124295
972731436
920541702
928455212
943485175
906124295
923319450
959679936
938708342
970289224
970289224
944858454
980186931
940099721
978511337
978511337
980758595
970289224
934009550
934009550
945776013
950225954
906124295
943485175
994382673
923319450
972731436
859721337
876903884
906124295
906124295
906124295
893834162
994382673
970516343
970289224
880175768
943109546
945776013
981178273
970516343
920541702
941582434
970289224
970289224
900693542
939199119
928751361
939558763
906124295
906124295
906124295
987692925
957173456
945776013
965490365
977017419
906124295
906124295
922924199
945776013
970289224
945776013
970289224
975629816
943485175
883279620
920541702
976635354
906124295
859721337
976895349
970289224
970289224
925887540
962176348
984040209
969222911
935103580
945776013
945776013
920541702
936832389
941582434
906124295
906124295
883279620
922924199
945776013
970289224
945776013
922924199
906967234
906124295
949130280
906124295
988704741
883279620
920541702
958910280
983357741
945776013
934091412
880175768
958426527
994019202
983387295
936832389
981358827
859721337
906124295
915789804
920541702
977369403
945776013
961635907
970289224
880175768
906124295
926027581
941582434
906124295
972731436
906124295
922924199
978511337
975580122
906124295
971938994
859721337
945776013
958426527
943071897
952953027
934009550
906124295
945776013
971892816
987123808
982071357
941582434
945776013
955613609
965033894
905812585
987366057
923319450
958910280
948382429
941582434
923319450
970289224
906124295
965711227
970516343
908063998
928751361
935699465
981227022
906124295
922924199
906124295
906124295
906124295
970289224
970289224
958910280
994019202
986600480
970289224
970289224
914408658
987965806
859721337
985394289
859721337
923319450
923319450
976588497
996317789
923319450
906124295
989570639
906124295
939199119
945776013
948382429
906124295
906124295
985394289
983888073
907437107
942724865
906124295
936832389
970289224
958910280
970289224
906124295
959661472
883279620
970289224
972731436
945776013
945776013
880175768
923319450
970289224
923319450
945776013
970289224
987366057
982899856
923319450
938615743
922924199
943879271
920541702
920541702
908063998
906124295
859721337
906124295
970289224
926311202
883279620
959806917
954839947
959284187
975171345
941582434
948382429
987366057
996641383
939199119
923319450
922924199
922924199
978708363
906124295
925337987
939199119
994019202
970289224
948382429
920541702
993494492
948382429
906124295
970289224
982342357
982324604
928751361
945776013
906124295
920541702
935699465
977079172
906124295
906124295
883279620
931588240
906124295
983357741
920541702
983357741
945776013
979318954
972731436
939199119
920541702
928869498
961453955
906124295
920541702
906124295
882807907
951912619
859721337
931256271
906124295
934009550
880175768
970289224
972731436
935699465
859721337
859721337
880175768
987366057
959311992
996803793
980119050
945776013
970289224
906124295
880175768
936832389
961453955
957915102
987366057
970289224
984736011
906124295
967966556
906124295
880175768
888268606
989394129
920541702
941582434
880175768
992039864
965711227
906124295
999388995
970289224
948382429
906124295
906124295
859721337
923319450
972731436
972731436
964291766
952953027
880175768
939199119
880175768
941419226
985394289
970289224
906124295
974293465
945776013
995405459
906124295
975732885
906967234
927715307
984983796
920541702
906124295
906124295
906124295
946405828
859721337
949130280
923319450
965711227
906124295
906124295
952953027
931497085
951877820
927537204
920541702
927027409
970289224
906124295
972731436
957136296
906124295
954766381
859721337
978012146
944050480
920541702
936832389
906124295
935699465
984599715
987692925
970289224
945776013
969829896
987366057
906124295
906124295
945776013
880175768
906124295
970289224
994019202
880175768
880175768
906124295
906124295
941582434
948382429
912521280
945776013
945776013
906124295
906124295
922924199
922924199
970289224
990681945
920541702
950706483
935699465
946375847
959311992
945776013
935699465
906124295
970289224
906124295
948382429
948382429
939228893
906124295
936832389
906124295
985394289
982342357
998400803
935699465
936832389
996641383
920541702
987366057
943874180
987366057
970289224
923319450
990323038
859721337
892596848
882807907
920541702
939199119
922924199
920541702
988704741
933897363
954182281
956079227
920541702
970289224
938708342
972731436
941582434
939199119
970032636
906124295
996232936
906124295
859721337
987366057
883279620
928751361
920541702
922924199
981113285
906124295
936832389
920541702
888566962
880175768
957490024
982071357
971479859
979623280
993494492
959806917
941582434
970289224
906124295
888268606
938708342
859721337
945776013
941582434
949130280
906124295
906124295
973941282
920541702
958910280
978708363
962176348
908063998
984918041
999388995
859721337
978483878
859721337
934009550
983622967
960169069
970289224
941582434
945776013
873038515
972731436
923319450
859721337
920541702
974975948
994019202
985394289
970289224
929477157
983357741
925572913
906967234
978708363
951939933
972355476
859721337
928751361
990323038
924493615
995060297
859721337
964082845
970289224
920541702
945776013
946226154
920541702
959409398
945776013
859721337
990249778
935699465
943485175
873038515
947570301
920541702
935699465
920541702
994019202
906124295
984599715
945776013
906124295
945776013
945776013
962176348
939199119
859721337
971169008
906124295
978344196
985420125
859873086
943485175
972731436
906124295
931160828
919823949
906124295
996641383
983878837
970289224
960942217
994019202
934091412
982072738
906124295
972731436
920541702
923319450
920541702
948382429
906124295
908063998
970289224
970289224
945776013
945776013
994019202
920541702
939199119
948382429
859721337
906124295
923319450
906124295
922924199
948382429
971938994
944050480
906124295
859721337
952431173
928869498
920541702
970289224
934009550
906124295
976658510
993531488
945776013
922924199
920541702
888268606
914408658
941419226
906124295
906124295
948382429
964643221
960942217
881388950
926037615
983622967
964082845
991925168
935919605
920541702
906124295
906124295
880175768
908063998
948585209
987366057
906124295
944107857
970289224
941582434
987517147
891011201
940405582
859721337
973204962
983888073
985420125
940919461
952953027
994140848
948382429
906124295
959311992
970289224
970289224
906124295
923319450
948382429
975625705
920541702
948382429
960507030
983622967
906124295
970289224
945776013
929477157
949130280
936832389
920541702
906124295
959806917
906124295
883279620
888268606
991925168
982342357
945776013
964948701
970289224
972731436
920541702
964883191
906124295
859721337
955748873
984346310
975625705
906124295
940161513
970289224
913254031
945776013
964302731
998172150
906124295
948382429
936832389
934009550
880175768
981020562
970289224
992658501
859721337
906124295
923319450
933999341
949700895
948382429
906124295
941582434
945776013
989394129
859721337
917222293
906124295
920541702
960505447
935699465
906124295
987692925
859721337
928751361
920541702
859721337
953994701
964883191
906124295
920541702
992039864
964302731
948382429
985394289
906124295
964082845
906124295
906124295
949130280
976252547
920541702
920541702
920541702
922924199
859721337
920541702
970289224
935699465
970289224
945776013
931256271
923319450
970289224
906124295
931256271
928869498
880175768
920557043
998318740
970289224
987123808
970289224
936832389
941582434
923319450
987692925
923535466
934091412
948382429
883279620
900693542
945776013
923319450
935699465
945776013
956570908
906124295
956965396
906124295
935699465
935699465
908063998
970289224
985394289
960548285
948153548
920541702
970289224
961453955
906124295
989270826
945922446
859721337
859721337
888268606
906124295
975625705
970289224
987692925
934009550
935699465
934009550
972731436
999388995
920541702
923319450
945776013
955613609
908063998
920541702
888268606
987366057
859721337
926302753
906124295
906124295
859721337
906124295
970289224
984052784
906124295
925364464
880175768
945776013
975625705
984736011
970289224
906124295
859721337
948382429
919948539
859721337
910598770
978708363
959491885
970289224
927264782
959409398
912521280
954766381
964883191
994019202
988359743
972731436
945776013
906124295
880175768
987692925
906124295
923319450
972731436
994019202
970289224
906124295
970289224
960505447
970516343
908063998
941582434
961446474
918501904
880175768
859721337
945776013
906124295
970289224
906124295
972731436
972731436
984599715
996803793
928455212
933897363
970927086
945776013
880175768
970289224
928751361
992039864
876903884
974579944
982277308
962176348
906124295
941582434
998558323
961453955
880175768
922924199
880175768
970289224
920541702
922924199
982072738
970289224
906124295
945776013
888268606
859721337
965490365
970289224
936832389
972731436
970289224
906124295
906124295
958514239
987366057
987366057
979827862
923319450
938615743
920541702
906124295
934009550
880175768
920541702
906124295
972731436
880175768
970289224
906124295
935699465
994470405
927029629
920541702
959806917
888268606
970289224
970289224
945776013
923319450
859721337
923306349
983888073
859721337
970289224
922924199
920541702
971892816
945776013
970289224
935699465
920541702
985394289
938615743
970289224
922924199
945776013
945776013
984599715
906124295
859721337
970289224
880175768
997812374
989849197
906124295
970289224
970289224
922924199
906124295
983357741
985284695
906124295
880175768
936832389
906124295
945776013
920541702
946361029
976658510
964670217
906124295
906124295
906124295
978940656
949130280
962057561
940367847
941582434
945776013
970516343
986463985
873038515
960942217
975249033
922924199
920541702
906124295
906124295
994019202
994019202
960507030
965810855
984599715
920541702
965490365
920541702
880175768
948382429
873038515
859721337
906124295
906124295
945776013
920541702
921334351
970289224
906124295
967490229
928751361
928869498
948382429
970289224
935699465
938850503
948665490
923319450
906124295
906124295
970289224
970289224
975629816
984599715
943485175
923319450
954766381
945776013
936927767
906124295
975732885
912521280
970289224
967491029
906124295
906124295
859721337
908063998
972856825
939199119
945273837
935699465
907642593
970289224
922924199
945776013
909564567
961453955
990681945
922924199
906124295
972731436
972731436
888268606
994019202
859721337
958910280
920541702
954182281
962176348
990388580
939199119
887499918
906124295
906124295
906124295
943485175
959284187
931256271
983888073
859721337
920541702
972731436
859721337
906124295
880175768
859721337
906124295
989394129
912521280
906124295
921877704
922924199
906124295
935103580
906124295
922924199
956555764
970289224
945776013
905013270
859721337
970289224
970289224
935699465
928751361
907089810
972731436
882807907
928751361
906124295
944107857
974293465
983464993
987366057
983357741
970289224
977545523
920541702
939228893
928751361
906124295
859721337
859721337
948382429
923319450
883279620
906124295
920541702
978941948
987366057
914628310
918501904
906124295
970289224
987366057
993379497
983878837
938872417
911172606
997812374
972731436
970289224
906124295
972731436
985420125
993494492
920541702
972731436
945776013
906124295
906124295
920541702
920541702
859721337
981859875
970289224
906124295
920541702
906124295
923319450
945776013
970289224
906124295
972731436
931256271
986509813
987366057
945776013
948382429
982072738
970289224
923319450
920541702
906124295
941582434
939199119
906124295
938615743
923319450
924648853
859721337
970289224
979741642
954766381
936724279
962176348
934209397
970289224
920541702
945776013
996641383
945776013
906124295
972731436
931256271
933085022
906124295
920541702
982342357
888268606
954766381
953994701
880175768
936832389
970289224
904636826
985445634
920541702
970289224
859721337
906124295
906124295
993100319
906124295
973233035
983888073
859721337
948382429
859721337
944081719
977430723
970289224
920541702
948382429
928869498
906124295
996232936
940626273
906124295
922924199
960505447
967490229
949729692
886624596
859721337
945776013
982342357
945776013
921334351
934009550
909186246
883279620
970289224
983357741
948382429
991248757
947756454
961453955
970289224
958910280
913818400
973428194
970289224
945776013
985394289
945776013
931256271
939199119
923535466
945776013
859721337
931497085
906124295
920541702
955613609
945776013
990134454
927487350
970289224
938162640
940626273
906124295
920541702
945776013
906124295
945776013
945776013
946361029
970516343
970289224
959136935
920541702
989394129
945776013
970289224
906124295
919823949
951246923
925222861
970289224
976588497
945776013
970289224
941419226
906124295
983357741
906124295
970289224
906124295
945776013
939199119
983555402
949130280
859721337
920541702
965723746
975625705
948382429
945776013
960548285
906124295
958910280
925416598
945776013
986784452
994019202
922924199
964291766
922924199
910595387
985445634
922924199
914531816
990681945
923319450
987366057
922924199
949130280
987692925
906124295
945775231
906124295
989394129
939199119
906124295
859721337
965711227
984736011
996173478
934740226
906124295
859721337
922924199
964670217
940626273
906124295
859721337
961173633
996803793
920541702
920541702
971191262
939199119
970289224
987366057
983357741
920541702
941582434
945776013
935699465
976942347
984649812
923319450
981244043
987163765
960942217
957380852
920541702
906124295
961453955
945776013
922924199
880175768
906124295
925887540
906124295
934009550
948382429
888268606
880175768
920541702
906124295
922924199
938615743
952953027
883279620
906124295
987366057
939199119
990133648
906124295
945776013
972731436
908063998
994019202
984736011
920541702
934009550
893834162
923319450
888268606
923319450
880175768
970289224
859721337
970289224
859721337
906124295
978941948
906124295
982541873
972731436
922924199
941582434
989970660
859721337
963240927
943026795
992214253
972411054
906124295
906124295
934009550
906124295
987366057
986975362
970289224
996232936
945776013
945776013
920541702
970289224
992136510
934009550
970289224
980374887
945776013
958958636
883279620
945776013
859721337
986962617
936685927
906124295
945442689
984736011
928751361
906124295
996641383
997812374
945776013
972731436
997812374
992164911
945776013
958910280
883279620
920541702
920541702
948382429
994019202
923319450
859721337
970289224
906124295
934009550
922924199
953457191
906124295
880175768
970289224
964082845
923319450
970289224
906124295
970289224
961446474
948382429
906124295
945776013
969422370
970289224
972731436
906124295
956977022
906124295
976276987
945776013
880175768
927264782
970289224
962176348
906124295
941582434
906124295
999388995
968784793
934009550
906124295
945776013
984215481
987692925
973204962
920541702
948382429
908063998
970289224
906124295
945776013
906124295
990323038
964876289
945776013
948382429
945776013
985420125
970516343
955613609
906124295
948382429
906124295
945776013
926302753
934009550
931879307
906124295
920541702
945776013
970403434
880175768
880175768
948382429
996641383
992039864
945776013
936918741
953926910
859721337
923319450
906124295
967133305
949130280
997874401
983464993
992005822
906124295
933867988
987366057
964643221
998270713
948382429
948665490
920541702
970289224
951097194
912222034
923319450
945776013
923319450
962057561
962176348
984736011
922924199
910935974
982342357
972411054
960942217
970289224
880175768
970289224
941582434
928366120
948382429
994019202
859721337
958426527
922924199
934009550
859721337
906124295
953994701
927029629
970289224
968690163
945776013
931160828
999436658
992658501
912222034
982541873
922924199
906124295
859721337
922924199
945776013
990329104
970289224
908063998
955613609
958910280
929108417
993278344
906124295
920541702
987366057
922924199
970516343
922924199
906124295
948382429
939199119
909182899
928751361
906124295
959311992
962176348
921317753
945776013
951939933
948382429
922924199
989292996
906124295
923319450
906124295
963689874
909662881
965987666
906124295
987366057
929477157
923319450
923319450
859721337
984599715
938872417
906124295
958410030
934009550
929275285
920541702
955613609
888268606
948382429
970289224
906124295
945776013
935699465
935699465
923319450
994019202
934091412
973204962
906124295
912270435
940081017
984736011
941445011
906124295
964670217
883279620
945776013
920541702
926563844
888268606
906124295
971169008
987366057
920541702
941582434
920541702
920541702
906124295
906124295
934009550
944050480
945886140
987366057
964082845
945776013
978514267
945776013
923319450
983357741
880175768
906124295
945776013
950770953
996641383
987366057
936832389
956555764
945776013
970289224
880175768
992655090
948382429
922924199
945776013
906124295
980758595
972731436
920541702
906124295
996641383
990133648
906124295
960942217
948382429
920541702
970289224
906124295
939199119
888268606
972731436
883279620
880175768
970289224
977889635
923319450
979482820
952953027
923319450
934009550
972731436
880175768
927264782
906124295
865720576
993928636
996641383
906124295
993194498
906124295
923319450
945776013
920541702
922924199
934009550
945776013
970289224
999349736
972731436
934985307
906124295
960942217
960505447
994019202
970289224
948585209
923319450
936832389
958910280
906124295
992164911
920541702
936832389
972731436
977430723
880175768
922924199
945776013
986463985
859721337
945776013
945776013
974975948
922924199
978511337
908063998
936832389
906124295
920882528
906124295
885971549
962700225
939199119
859721337
922924199
859721337
936832389
906124295
962247625
936445078
933372042
908063998
970289224
923319450
926921286
945776013
961173633
906124295
888268606
906124295
888268606
983137474
972731436
989106379
880991508
880175768
945776013
992039864
880175768
906124295
920541702
966604252
972731436
988083999
880175768
992005822
906124295
965436006
970289224
959409398
906124295
970289224
883279620
949130280
906124295
970289224
922924199
940626273
940041969
970289224
972942978
972731436
994019202
938615743
970289224
970289224
945776013
972731436
971437180
996232936
970289224
970289224
959363041
970289224
984599715
970289224
922924199
945776013
970289224
920541702
923319450
906124295
985445634
962983115
906124295
953146490
987123808
963053688
988547129
922924199
949130280
954766381
922924199
936832389
961453955
921159460
906124295
970289224
934009550
970289224
920541702
962176348
994019202
920541702
945776013
906124295
939199119
958958636
958910280
970289224
906124295
906124295
922924199
945776013
945776013
940286278
906124295
923319450
906124295
994019202
978344196
906124295
958045269
982779208
906124295
941419226
994019202
985193976
935699465
859721337
941582434
970289224
954766381
924493615
945776013
906124295
873038515
965711227
932574021
914408658
906124295
906124295
971191262
945776013
936832389
920541702
968199647
906124295
970289224
975693477
983357741
985445634
989394129
964082845
970289224
939199119
906124295
909662881
970289224
987163765
970289224
937427871
997874401
970289224
975732885
906124295
948382429
920541702
920541702
859721337
920541702
997407521
935699465
906124295
941582434
960169069
931759673
859721337
906124295
987965806
941582434
906124295
934009550
970289224
940286278
876903884
859721337
945776013
984736011
998400803
960961094
880175768
974975948
945776013
949130280
906124295
920541702
945776013
970289224
958910280
923319450
928751361
936724279
934009550
906124295
980232573
974293465
908063998
964291766
977041699
948382429
923319450
906124295
867390540
991918949
994019202
970289224
928219552
906124295
990077217
920541702
994019202
923838989
939199119
906124295
996641383
954189273
973204962
988831899
948382429
880175768
906124295
974681867
920541702
970289224
923319450
934009550
970289224
859721337
945776013
906124295
906124295
906124295
987366057
965987666
859721337
980952839
982854854
956461903
873510728
994019202
883279620
970289224
994470405
906124295
922924199
945776013
934091412
945776013
970289224
992246504
951945867
987366057
958910280
971450565
985394289
980952839
906124295
945776013
931759673
960496126
945776013
859721337
971938994
925668568
970289224
964082845
945776013
948382429
906124295
982342357
987366057
972731436
888268606
948153548
975625705
894676627
958910280
996641383
920541702
923319450
906124295
929550127
994019202
949700895
906124295
973401716
880175768
983357741
984599715
970289224
970289224
962247625
945776013
883279620
983357741
987366057
945776013
880175768
978511337
923319450
996641383
981878130
960942217
994019202
906124295
970289224
969554789
975231109
964082845
935699465
939199119
923319450
993278344
935699465
982324604
906967234
991046465
906124295
880175768
960942217
963974797
970289224
922924199
945775231
951912619
929428868
979913702
975580122
920541702
888268606
906124295
920541702
964291766
906124295
906124295
994909950
970289224
992689677
859721337
962247625
945776013
983357741
923535466
906124295
888268606
953126929
970289224
970289224
922924199
984599715
981878130
938872417
922924199
970289224
970289224
993100319
961453955
945776013
972731436
945775231
859721337
912665938
859721337
954766381
922924199
972731436
970289224
972731436
952953027
880175768
906124295
923319450
906124295
958910280
945776013
920541702
906124295
977293906
920541702
934009550
925887540
928869498
945776013
893834162
985501373
953558541
948382429
970057325
970057325
906124295
936832389
906124295
948382429
945776013
948382429
978018164
978419759
910598770
923319450
859721337
995718106
964082845
970289224
934985307
970289224
945776013
902807157
949659863
914408658
945776013
987366057
970289224
945776013
936832389
987366057
933580953
888268606
880175768
970289224
945776013
859721337
970289224
941582434
965711227
970289224
978511337
955283657
970289224
943485175
906124295
928751361
945776013
925222861
970289224
970289224
983357741
997812374
923319450
926311202
983357741
923319450
971191262
984736011
935699465
930168767
972731436
963240927
936832389
945776013
922924199
983357741
997823744
948382429
974293465
909662881
988415558
970289224
939199119
920541702
945776013
945776013
908063998
934009550
964082845
906124295
985420125
893991007
939199119
859721337
906124295
985501373
880175768
951939933
970289224
932631630
970516343
859721337
880175768
988397954
906124295
945776013
961173633
987366057
892596848
922924199
906124295
906124295
912665938
925887540
970289224
927715307
984067616
933999341
939199119
938115163
906124295
978419759
986099725
984736011
906124295
969956991
962176348
970289224
970516343
927715307
994019202
932574021
970289224
920541702
970289224
921317753
922924199
959409398
934009550
920541702
970289224
939199119
906124295
920541702
939228893
906124295
989721788
970289224
958958636
922924199
880175768
945776013
906124295
936832389
928751361
960942217
922924199
906124295
915789804
961849006
958910280
881089857
970289224
985501373
945776013
984599715
970289224
948382429
934009550
859721337
971129595
962504485
946405828
965723746
978941948
906124295
859721337
970289224
985420125
934009550
961453955
935699465
970289224
945776013
923319450
910935974
972731436
888268606
923319450
933030852
965304498
880175768
859721337
962176348
983878837
970289224
970289224
983357741
945776013
992235741
941582434
940919461
974975948
934009550
990681945
974293465
977079172
920388848
928869498
922924199
888268606
945776013
970289224
908063998
936832389
945776013
981761933
987366057
946020532
906124295
922924199
945585626
945776013
859721337
986097224
993100319
952516297
925222861
968784793
866270331
983357741
945776013
920541702
994909950
984599715
906124295
984736011
864423549
920541702
906124295
992085885
906124295
941419226
946570266
994019202
859721337
920541702
955531852
906124295
992674377
906124295
922924199
970289224
945776013
880175768
994382673
987123808
920541702
958777543
970289224
997823744
926302753
945776013
920541702
859721337
996317789
923319450
960942217
906124295
985250347
880175768
963689874
906124295
906124295
945776013
965723746
906124295
956902851
970289224
906124295
906124295
992655090
938734157
970289224
934009550
970289224
948382429
969346045
859721337
906124295
941582434
972731436
908063998
906124295
906124295
906124295
958910280
859721337
996311024
906124295
906124295
906124295
938615743
906124295
970289224
859721337
997823744
936832389
906124295
994019202
888268606
993194498
970289224
970289224
958514239
970289224
920541702
975249033
880175768
967860022
948382429
970289224
994065580
972731436
945776013
948153548
859721337
980406442
906124295
923319450
972731436
883279620
970289224
970289224
920541702
914628310
997812374
906124295
906124295
920541702
906124295
972731436
923319450
920557043
964948701
922924199
928751361
945776013
906124295
906124295
859721337
983357741
964291766
920541702
996641383
983357741
970289224
920541702
949130280
970289224
906124295
994019202
883279620
996561902
951246923
906124295
970289224
990134454
906124295
982342357
923319450
880175768
958910280
922924199
906124295
994019202
984657075
983112031
970289224
986600480
938734157
906124295
958910280
978511337
920541702
970289224
945776013
906124295
945776013
859721337
952516297
906124295
939199119
906124295
985394289
865720576
906124295
971695032
906124295
906124295
976658510
906124295
978511337
923319450
880175768
952431173
946405828
923319450
859721337
994019202
859721337
859721337
902709387
972731436
945776013
985501373
934985307
949010385
922924199
970289224
906124295
923319450
945776013
980909840
922924199
993194498
994019202
982779208
946020532
970289224
922924199
935699465
859721337
945776013
928751361
920541702
880175768
996156467
974111825
859721337
859721337
859721337
953994701
972731436
880175768
906124295
970289224
970289224
989292996
939199119
906124295
938850503
970289224
948382429
954766381
923319450
961453955
943485175
972637804
920541702
922924199
939199119
859721337
983357741
952953027
906124295
923319450
906124295
971973620
970289224
993100319
906124295
906124295
920541702
972731436
970289224
945776013
938708342
880175768
970289224
935699465
906124295
888268606
970289224
975629816
958910280
906124295
932574021
970289224
970642534
886731079
982779208
945273837
883232754
970289224
960507030
987366057
925668568
880175768
920541702
939199119
920541702
974975948
948585209
970289224
993100319
952953027
945776013
970289224
880175768
970289224
906124295
975249033
936724279
878058779
970289224
935442115
998708636
945776013
964082845
906124295
923319450
859721337
935699465
929966699
906124295
948382429
896556669
993654372
920541702
977282253
945776013
972113568
987366057
910935974
936832389
934009550
992005822
859721337
859721337
922924199
880175768
982342357
985925812
959128347
970289224
983357741
997812374
986509813
972731436
906124295
920541702
985445634
977079172
948382429
923319450
919563214
982779208
923319450
940286278
970289224
911262637
978511337
923319450
970289224
920541702
859721337
906124295
949130280
945776013
970289224
945776013
994019202
859721337
945776013
990958958
969325450
975732885
945776013
859721337
941582434
970289224
920541702
996829521
888268606
945776013
987366057
985250347
945776013
923319450
970289224
859721337
906124295
920541702
989106379
970289224
922924199
964302731
906124295
960869865
907437107
927029629
926326117
978511337
936016148
970289224
959409398
928751361
873038515
988831899
859721337
906124295
984736011
920541702
945776013
923319450
945776013
970289224
976774709
975096196
994019202
957726177
971191262
955613609
986000937
983357741
923319450
906124295
960942217
970289224
906124295
959311992
920541702
964948701
990681945
914628310
888268606
922924199
939199119
920541702
962700225
906124295
980758595
936832389
883279620
990681945
908063998
945776013
945776013
972731436
994019202
970289224
985445634
990134454
945776013
936832389
945776013
906124295
955613609
952431173
906124295
987366057
922924199
991918949
928751361
985445634
922924199
945776013
945776013
937069047
920584783
945776013
959910102
859721337
945776013
906124295
972731436
952953027
859721337
987366057
970289224
883279620
923319450
906124295
970289224
945776013
972731436
905299754
934091412
939199119
920541702
941582434
859721337
945776013
952953027
935699465
960505447
935699465
888268606
945776013
936918741
980252790
906124295
906124295
906124295
935827478
970289224
967860022
883279620
945776013
985445634
970289224
859721337
941582434
970289224
994019202
929477157
906124295
883279620
959311992
922924199
941582434
970289224
989394129
972952528
943377980
988357556
906124295
945776013
975625705
920541702
948382429
970516343
964883191
970289224
975312079
880175768
880175768
994382673
938615743
932959840
974681867
882807907
983357741
961453955
971191262
992039864
936832389
906124295
945776013
880175768
927029629
906124295
965490365
975732885
928751361
975163327
970289224
935699465
984599715
921317753
996641383
883279620
859721337
943879271
935699465
922924199
981020562
941582434
983357741
859721337
859721337
945776013
970289224
922924199
985394289
963495350
963689874
957380852
945776013
906124295
995475738
906124295
945776013
935699465
960505447
961173633
939590491
859721337
866270331
970289224
997874401
983357741
922924199
944577203
920541702
899249010
934009550
920541702
966624449
945776013
958410030
986463985
949130280
906124295
920541702
987366057
934091412
970289224
983357741
906124295
972731436
972731436
906124295
978941948
935699465
920541702
970289224
923319450
996641383
970289224
939199119
906124295
919563214
997418292
945776013
906124295
983888073
906124295
997874401
959806917
924425850
880175768
939199119
980232573
970289224
984736011
956297937
945776013
973204962
880175768
971191262
997823744
974975948
939199119
941445581
906124295
929550127
970289224
920541702
906124295
880175768
958910280
945776013
921159460
859721337
924782023
906124295
945776013
945776013
917738906
975629816
922924199
906124295
922924199
906124295
983357741
972731436
920541702
934740226
923319450
867390540
945776013
880175768
970289224
920541702
906124295
924493615
906124295
945776013
990100098
906124295
945776013
987474727
943485175
987965806
970289224
946405828
945776013
970289224
906124295
923319450
906124295
990134454
977639256
945776013
899249010
941582434
970289224
945776013
922924199
945776013
945776013
922924199
970289224
922924199
931256271
934009550
964321282
941582434
999971975
951939933
906124295
919431191
985501373
899249010
951939933
959311992
993531488
984736011
880175768
970289224
906124295
939199119
864423549
988704741
987692925
926326117
972731436
938340170
922924199
955748873
970289224
906124295
859721337
970289224
945776013
923319450
920541702
923319450
970289224
906124295
994019202
906124295
983070283
971479859
928751361
920541702
905013270
906124295
859721337
928751361
923319450
972731436
945776013
978154719
970289224
