708519740
667542497
-1
604747503
696811485
836630172
808011387
547064409
-1
-1
-1
-1
-1
673316866
698661704
-1
662556439
667959231
-1
588183655
987446264
572679997
829935838
-1
657604683
981904309
980366264
966666277
-1
-1
-1
651332554
663918963
973690615
599910664
917125402
705499552
992938941
712484763
652878794
792244654
-1
-1
818352986
-1
-1
732120990
-1
-1
-1
733194301
537366966
652800297
556903473
749392286
642424729
694455505
-1
-1
598301055
823164401
-1
726887548
564688622
-1
944271513
651936562
728990715
853881333
-1
560417179
-1
727342401
-1
904727363
775570587
838128302
-1
998806686
-1
811882711
604035857
-1
684689044
-1
785371046
636489838
957224809
875296685
740074678
660402440
740316686
-1
582794335
981868354
-1
-1
-1
604613852
-1
819444921
-1
813957334
734352989
933464929
-1
-1
-1
-1
-1
805162245
640257863
-1
-1
573621416
748762649
777299345
-1
887090850
736724017
-1
556005468
993826962
-1
-1
694162336
748709473
620054191
-1
-1
-1
-1
-1
648733593
-1
635715643
-1
571546000
662991904
-1
986221516
-1
-1
-1
872011396
-1
-1
920147668
-1
927525180
736724017
607382624
588183655
888820741
-1
602382337
837638388
-1
764191228
-1
-1
962238926
872468289
-1
-1
855241705
811953299
601983239
795803275
713604426
707407481
701192243
-1
536228776
742864377
743369914
-1
-1
797958985
-1
671311231
568141915
-1
-1
-1
566345965
-1
703335174
558962881
-1
641756556
-1
790398840
-1
918946484
727482698
-1
-1
-1
733545860
634469797
-1
906260301
-1
602477238
834408730
794421976
982349561
-1
-1
596990133
685360116
731591592
725197387
984341182
-1
671303049
-1
-1
-1
-1
576356052
671311231
555149258
614127723
801385983
742119471
797958985
646418715
-1
873470714
998722758
803319534
-1
633432326
886953621
-1
-1
-1
682795387
727335875
986640751
799250929
836557921
741803473
780150585
-1
590329571
641165534
-1
902149053
-1
644683616
-1
-1
-1
-1
775570587
998806686
918061833
-1
616936937
568763264
859244649
-1
-1
582193239
736938334
718488429
987342249
-1
836557921
-1
-1
778659013
680326521
-1
-1
-1
-1
616936937
725317709
953140771
-1
607882973
603286855
806278903
919452137
-1
-1
598892892
-1
901117910
818352986
760132140
664529254
650265560
570026333
765297223
-1
620054191
-1
578745347
806115060
965286244
-1
534092928
626111828
667542497
994266265
978819666
969251692
806519061
-1
-1
-1
-1
-1
-1
942854393
672206473
-1
-1
992169440
-1
563688806
941999199
-1
618489475
614127723
903880330
799815798
702669553
976356834
869499599
-1
877854068
684359042
872959868
607882973
-1
-1
888417899
855241705
638823668
-1
582193239
607643450
759399251
725086245
980595273
-1
683220451
571564655
-1
757011632
-1
-1
734029490
914656150
788989974
800912504
-1
-1
607882973
-1
567548416
-1
638081414
-1
-1
556903473
-1
-1
-1
586566213
-1
599786891
699363772
-1
597629189
692993710
865165401
604182717
680267861
-1
560417179
-1
835393053
700658416
573621416
731286600
825878512
595945315
-1
853458781
600442318
984521646
-1
-1
990013476
981456378
841575662
659954337
608792819
771099308
914656150
602382337
798362405
-1
989788354
608792819
-1
920089619
671109531
901365623
775677371
-1
897745659
-1
-1
582193239
-1
939782670
718361206
-1
780955023
-1
764791671
692993710
839485534
754992014
568763264
959808872
820224605
914656150
624308455
-1
-1
631356406
853529422
-1
573621416
-1
-1
-1
766129490
-1
884786611
774412445
863147254
719608664
621402562
-1
-1
822241390
648733593
947491021
-1
731286600
930149940
-1
766549654
571564655
826774643
876350251
712650046
804956878
775675079
-1
-1
967769971
848619801
-1
655533190
-1
-1
960999743
-1
757290591
-1
836557921
953714882
836444488
657223972
611065616
954574481
982529772
644667220
-1
-1
673316866
-1
964857005
736938334
605369141
578829402
636322895
645880186
786423076
536228776
863937231
772455369
-1
607382624
648217033
625880441
-1
-1
926884314
-1
866687235
-1
602964472
662991904
556903473
-1
630533375
-1
759419486
-1
843985581
867714645
-1
816969341
834050857
-1
-1
-1
763608499
720786597
646418715
725317709
763930177
526818457
926583427
886438354
-1
-1
-1
-1
-1
-1
803665812
-1
-1
658161211
-1
-1
-1
-1
804629930
642862414
681921897
-1
778659013
-1
-1
646262951
864610395
-1
960999743
663918963
970781557
-1
-1
792527748
906170916
856552886
655533190
526818457
-1
-1
983890840
604613852
-1
938757730
604182717
-1
-1
658747645
715100813
549298253
-1
590329571
745491394
-1
-1
985263121
706922984
-1
955575252
666452124
753589915
734553390
913855250
973690615
-1
-1
966734800
940848840
874120475
682415053
985119314
718488429
663372041
875296685
751373710
856350847
-1
843985581
808851859
967769971
-1
946073614
876122021
-1
-1
880971605
-1
812581763
617327947
788270927
602477238
-1
558051129
662477815
566976481
865541239
754684937
-1
-1
-1
-1
888106140
970781557
653697347
-1
788515387
-1
849970280
-1
580891029
-1
693395134
-1
-1
732509877
602477238
991618683
719605374
-1
738173241
994266265
635049242
-1
-1
583412803
681175680
868661504
704903345
-1
822245314
-1
-1
873701159
566345965
942216528
-1
792752425
608792819
-1
616834304
-1
-1
-1
789228052
604747503
-1
-1
998806686
953385906
887072682
966666277
762321398
803665812
990578921
678649498
-1
853349892
-1
-1
599786891
-1
-1
889449059
-1
744056040
607382624
797739344
602017797
602477238
660279729
578580893
602382337
-1
537366966
-1
934127293
662181797
996540169
-1
854626629
-1
-1
955284763
843357876
687830297
843985581
882256956
599786891
-1
755493554
527186644
549298253
-1
808244085
686186901
645094989
880286083
-1
955284763
663932658
-1
-1
734900540
970538192
971195110
-1
-1
-1
-1
763930177
756537803
877684350
798441435
884216137
-1
-1
967028577
846651764
-1
-1
725197387
-1
-1
-1
-1
836444488
-1
-1
-1
-1
-1
787441272
792413427
-1
830959003
715289934
713604426
683099378
851237370
-1
986661866
812058577
-1
658747645
-1
849987849
904703304
776932684
-1
766549654
-1
-1
602477238
611065616
-1
672905301
853458781
867501615
969251692
-1
-1
-1
-1
917468046
880573816
640380416
876641305
458274805
572679997
601119066
905812137
-1
-1
558962881
-1
-1
958711340
-1
742864377
-1
566664426
937942456
-1
931821289
-1
-1
709048436
-1
617396274
556005468
563810465
714698426
748774712
907232111
880971605
740801696
776983890
663918963
-1
746393734
874941850
830254982
695239472
-1
644157895
846018172
801665794
-1
-1
604182717
-1
-1
-1
-1
710154653
801322629
865541239
556005468
-1
-1
902694089
748747208
716983462
573621416
738173241
718361206
-1
710560369
-1
649228966
846443400
636538213
-1
-1
-1
-1
-1
880286083
703535440
-1
576356052
784905372
608792819
653207401
667805152
-1
696289051
573621416
580474066
822037853
-1
-1
808244085
-1
734553390
-1
-1
656057877
-1
-1
-1
-1
-1
736724017
790398840
-1
-1
780150585
721584881
568763264
771392820
601119066
-1
728831296
-1
874658847
583412803
562280697
-1
648728981
-1
804704751
971367896
-1
762781324
588183655
890996332
891603067
-1
563037994
836557921
-1
595097702
-1
846509434
682835347
-1
673140541
-1
-1
-1
984637647
-1
-1
-1
724188847
691205182
676184604
-1
953426735
857294903
982683769
858472248
571627172
-1
526972984
-1
804956878
756033260
655533190
-1
-1
846586684
-1
-1
693287797
858466622
-1
816886240
566664426
-1
779934117
763162825
556005468
-1
-1
663932658
-1
-1
889390585
556005468
556903473
569564213
729290320
893576822
651332554
715067515
-1
715760912
-1
-1
-1
706835764
706835764
-1
836557921
734900540
-1
809818530
942129293
-1
604348389
-1
-1
-1
758842567
684689044
597365989
614492625
862965910
-1
844939319
-1
703335174
-1
-1
-1
-1
647388318
602017797
721050685
707191762
612675747
613163181
607382624
-1
-1
-1
-1
638823668
752815393
557092771
-1
-1
-1
787373990
614868017
929358895
573621416
798362405
981456378
573621416
663035709
579202765
-1
653207401
802259309
-1
583412803
759419486
987975826
-1
781973029
960999743
-1
-1
-1
-1
750819526
-1
674958035
621941325
-1
-1
727225973
635049242
644667220
887627270
-1
-1
682630259
765297223
630163669
-1
-1
-1
683025023
-1
597211395
-1
753598579
932027339
633643795
788271487
650509981
856250024
854215361
731286600
578745347
608701848
-1
801930973
980634860
612296851
611065616
696289051
742505953
857989703
566345965
556005468
-1
-1
836557921
642424729
789773522
-1
838882496
910375433
545013529
742864377
584482403
777974475
-1
731469994
-1
728226308
579899805
-1
584482403
-1
-1
950933487
718094569
721867466
719047946
671342067
727541888
890855933
694162336
938544794
986640751
-1
624308455
626508447
-1
795803275
-1
797739344
675818249
579598678
-1
-1
-1
-1
601119066
607382624
626418756
556005468
607382624
745900885
-1
776428270
935020234
665593911
-1
765524208
571073074
-1
-1
722392831
946073614
569173876
-1
736192185
-1
636848186
707191762
-1
-1
654850475
-1
-1
665913607
732120990
-1
840751500
822167848
754684937
-1
603652544
-1
754632592
527186644
-1
659954337
-1
-1
925048314
-1
808943272
-1
-1
742601442
589318889
-1
786450147
601119066
-1
-1
-1
-1
-1
-1
602209857
616601858
736840421
-1
-1
719047946
-1
808011387
-1
684950565
836557921
962238926
804337377
764560554
-1
984689323
924821170
816506571
736840421
613163181
765524208
689973407
-1
-1
603459022
-1
-1
-1
-1
802542928
602195080
566976481
816637147
807330653
813957334
856334793
-1
690141633
838331344
-1
-1
-1
660402440
889449059
-1
988886522
789228052
-1
616936937
986661866
556903473
983691517
938969644
959064778
913334696
-1
572961759
-1
969187121
576012804
715836973
576364125
-1
779934117
662477815
-1
-1
607329907
602233525
-1
-1
-1
652800297
845706995
-1
971649133
617906760
632919395
-1
786736581
803319534
660279729
748762649
819444921
707148893
908145733
-1
718488429
864610395
817298814
825930469
-1
763448030
799946257
874329113
787149196
635049242
601933912
-1
-1
-1
-1
-1
601983239
537366966
-1
891657083
-1
648728981
947530458
931753872
-1
971286312
654850475
685939404
653961387
943381472
-1
701799425
903078162
589856149
-1
-1
926789851
590659747
619775578
556005468
-1
626824299
-1
670361659
-1
755123274
-1
636538213
719047946
632850853
820126889
-1
958891667
-1
734900540
-1
-1
657814513
-1
604613852
670361659
861541057
-1
-1
636538213
-1
-1
-1
-1
986640751
598859734
718045437
-1
646418715
-1
802542928
659954337
-1
785796097
670625884
-1
607382624
810078893
-1
916992912
819604857
757608369
556005468
976363578
754992014
-1
704903345
817298814
620015036
556005468
987342249
-1
566976481
-1
-1
980595273
-1
-1
-1
602477238
973677451
-1
-1
-1
991036153
611065616
-1
-1
759419486
714814763
599454554
573621416
-1
-1
-1
-1
578745347
733740302
-1
869922819
584482403
-1
-1
-1
744458956
686186901
991618683
534092928
911360813
622968103
-1
-1
906291963
887627270
640541223
974933038
600442318
-1
-1
-1
820968285
373309162
607382624
-1
-1
919787841
-1
869499599
857627324
760311919
604348389
789228052
717678090
675111950
-1
906121254
-1
772612108
637935927
-1
611065616
619775578
656057877
962458706
556005468
897082138
787280665
787441272
556005468
818891938
-1
-1
-1
608792819
-1
794748950
-1
-1
880573816
556903473
617906760
740869188
961012525
-1
-1
-1
709048436
-1
789668056
-1
659954337
-1
-1
-1
700303124
880971605
742739833
865541239
573177200
-1
764560554
949947011
-1
926151331
695162913
-1
-1
670043596
-1
-1
608792819
-1
-1
906012348
798150062
701161592
672206473
-1
-1
902694089
713113729
-1
806461501
602382337
821259383
770821583
-1
583412803
975243891
762453624
-1
-1
899141898
-1
570254515
-1
-1
816243184
577767470
-1
596805155
809735382
871815340
-1
812054980
934892438
839856571
598892892
537366966
720786597
553600098
-1
904794095
806461501
943806817
738895825
815892991
673207402
-1
-1
-1
992938941
622443041
-1
573621416
936563174
-1
590719336
823936601
-1
771665881
560005881
575300294
-1
931753872
804956878
-1
-1
-1
-1
765524208
975243891
838659710
-1
-1
620103880
679133874
797895269
-1
-1
972499270
602209857
-1
892449228
-1
-1
631623499
976588584
680685723
-1
703335174
884707880
-1
762601187
-1
886438354
627997928
-1
-1
-1
816628058
939354644
792752425
-1
588183655
663918963
860886825
957478968
-1
905991103
-1
-1
-1
662477815
652878794
684027672
-1
629193400
-1
-1
695962342
681175680
723918903
-1
571627172
695055671
787373990
584482403
698661704
660108503
987223775
671109531
823164401
953232439
-1
873962297
716035812
713604426
695239472
719047946
-1
713534604
876350251
858385877
719833996
696811485
-1
680117297
650470172
689994780
738837515
-1
617396274
-1
-1
-1
860886825
573621416
719833996
-1
588183655
713604426
720258077
-1
-1
954820557
-1
-1
735991018
930863217
-1
-1
-1
977270723
-1
713604426
-1
894557423
-1
756537803
872922395
704903345
698370380
-1
652878794
583907333
721978683
617396274
-1
611789166
776428270
-1
554923402
853529422
840928435
836557921
999206634
809090810
911580723
-1
602477238
857989703
-1
-1
-1
569771855
646418715
623907280
932244742
645585898
-1
905812137
-1
-1
-1
741482625
753072933
-1
-1
-1
619064380
-1
795029250
698370380
590329571
619064380
640936165
556903473
-1
757969330
738151973
-1
554923402
595945315
-1
619734469
777722013
-1
-1
-1
556005468
-1
615898442
-1
873761148
-1
560725940
638823668
926775145
884770757
750929818
871338882
-1
762321398
747744737
-1
-1
583262821
962048393
-1
700644843
903880330
-1
-1
910375433
-1
606463172
-1
-1
667542497
599969531
813957334
904142243
-1
669506958
617379413
821566262
584482403
634726322
-1
-1
-1
774852820
-1
700644843
728032547
-1
902388640
823180880
844012301
-1
884498696
-1
976356834
-1
-1
558962881
797895269
817389823
762626664
-1
887090850
-1
-1
-1
710665438
868355736
725035218
-1
-1
700644843
763930177
742222515
635049242
673844315
-1
556005468
601119066
638288288
960053872
765822565
955983174
984689323
719093017
-1
781844238
-1
977461320
-1
-1
611776789
727225973
618439973
-1
-1
-1
738420850
983691517
558962881
556005468
906121254
568763264
-1
927644053
573803051
710976334
924821170
721978683
-1
918061833
-1
844112947
707407481
-1
765524208
-1
744704401
618220183
608792819
-1
782131279
872011396
943520279
563688806
719047946
755985946
-1
553371148
-1
638854671
-1
669941894
-1
-1
785308197
602382337
-1
713604426
-1
808011387
996280536
-1
-1
754684937
644157895
771392820
-1
-1
-1
-1
842444892
655533190
784081771
910134993
602382337
767292416
-1
641165534
755493554
569771855
-1
884214553
-1
-1
-1
846443400
-1
-1
958891667
892830658
984521646
734352989
650509981
881914477
588503672
631617258
850542553
802872291
-1
607148163
-1
828407603
-1
-1
752260165
573621416
872042581
728966174
-1
571073074
-1
804337377
-1
-1
655521948
556005468
849550264
602233525
713427553
-1
650509981
710976334
556005468
602382337
919452137
-1
570026333
-1
556005468
720059006
-1
808281639
919787841
594681029
939354644
680886142
808244085
980179847
-1
-1
959064778
578450857
879235473
-1
558962881
-1
897745659
-1
556005468
655533190
-1
906919904
929094418
674440447
571546000
570254515
-1
713534604
948320975
844112947
884707880
563810465
-1
908145733
-1
-1
-1
655733166
923380210
-1
829209750
-1
646418715
690746467
-1
571073074
586566213
719371772
861346813
574410752
725317709
822167848
-1
748571964
979102822
-1
621402562
635049242
927207168
781844238
880971605
681921897
574334799
677012459
681921897
-1
842325619
-1
-1
960053872
798441435
810039602
562280697
793228353
896580778
693000090
-1
941406071
646262951
742739833
-1
933356576
-1
-1
-1
931821289
843358445
-1
874207061
703202729
947026300
844682153
-1
818210113
793411847
934353907
-1
871281877
667542497
961098900
-1
978819666
-1
836557921
739216105
986605642
663035709
-1
819173305
-1
-1
-1
969251692
-1
725086245
809488763
-1
-1
569771855
-1
-1
978444435
842325619
568763264
-1
816716671
851686487
-1
987030425
933400776
829193334
833686406
-1
574003195
-1
-1
987944955
913334696
-1
901886471
-1
-1
838331344
704603658
728418890
988488036
713604426
901596362
920089619
836630172
957891133
943221833
-1
-1
602382337
-1
934127293
612675747
-1
660615477
759922148
-1
622968103
660966879
615132779
-1
-1
-1
740107180
-1
713534604
-1
584482403
-1
596805155
-1
589318889
-1
731469994
851854320
-1
-1
-1
534092928
596598221
-1
971649133
-1
-1
962238926
997755615
-1
-1
637147191
-1
820691679
923655172
895560793
684950565
822167848
913855250
589152641
660108503
-1
-1
596670843
-1
-1
806115060
505898767
999410741
823164401
588183655
556903473
572301196
-1
-1
563810465
739275125
-1
851865540
-1
-1
908145733
787373990
-1
-1
-1
-1
576001763
-1
590329571
906170916
802869634
-1
645880186
667542497
838128302
-1
-1
785796097
802869634
644937749
-1
-1
799839792
858060362
-1
-1
-1
934127293
978288568
917468046
720258077
719093017
-1
762453624
-1
-1
851462069
-1
-1
-1
-1
-1
800679862
638494867
-1
762626664
-1
-1
594681029
571627172
-1
-1
-1
-1
556903473
886536581
-1
-1
905895505
556005468
954743782
902694089
888417899
-1
777722013
570538202
-1
-1
560725940
620054191
-1
607882973
566976481
-1
582193239
-1
621402562
-1
-1
-1
-1
908989656
652878794
-1
-1
807672948
-1
-1
765524208
-1
744499541
838659710
-1
-1
-1
-1
-1
-1
616936937
-1
737405663
-1
-1
562698628
719047946
674927847
-1
-1
885334834
-1
948320975
987944955
708519966
-1
803338924
788493771
577252947
737405663
764791671
626949499
704603658
-1
-1
781973029
687830297
-1
666324403
752815393
601119066
558962881
648733593
862489409
836967839
581817836
-1
560417179
621402562
816506571
845176141
545013529
-1
-1
-1
906101008
-1
794661064
855743223
698836565
715632684
-1
983691517
763323842
-1
732120990
-1
935905150
-1
741482625
707949528
850542553
758402823
-1
-1
730525769
729285147
569771855
908145733
576356052
630266279
-1
624048531
-1
902694089
931199966
-1
580459934
-1
648733593
740107180
-1
872922395
680267861
869053344
-1
937249813
732120990
873369732
592093907
926583427
-1
724188847
913455677
663035709
611776789
953385906
577252947
630533375
645094989
621593006
829193334
645880186
743093423
907004083
-1
556005468
788270927
-1
856234631
888820741
673502713
-1
641838747
-1
-1
-1
573521925
980634860
607148163
-1
980634860
849987849
704903345
604182717
849987849
-1
911345891
920771870
-1
-1
602382337
756694364
828909204
663918963
589318889
-1
673327471
602964472
887072682
778659013
989491352
-1
821090353
806538835
762453624
822374288
757436933
916136864
-1
707014474
659704296
-1
948086213
643906703
867156090
663035709
685939404
901117910
-1
882322245
641820953
-1
597365989
682415053
-1
834514717
858398427
842444892
925102903
-1
830254982
-1
681081984
-1
971317829
889660660
721167449
561816535
-1
607148163
856250024
958977568
779615012
653207401
714698426
-1
-1
881914477
607187159
-1
-1
-1
602233525
-1
648733593
857627324
943806817
815219897
720786597
-1
-1
932691646
-1
883524872
-1
-1
-1
-1
852705379
967179181
792485857
736043989
-1
-1
928571010
601119066
-1
941869048
580891029
720059006
684917208
750725245
721584881
922417859
662477815
916136864
-1
568763264
876350251
787373990
-1
-1
-1
-1
-1
-1
800912504
-1
-1
566976481
599786891
734900540
662477815
927791813
787271263
-1
729285147
608792819
878628648
-1
-1
657814513
-1
-1
-1
948086213
568763264
806538835
-1
-1
720786597
-1
608792819
-1
867714645
616858225
663706732
648728981
713604426
703535440
720786597
-1
641756556
584482403
865375153
766923533
892398293
-1
-1
736608994
-1
655887345
-1
604182717
597211395
-1
-1
851462069
-1
813597518
747744737
-1
-1
-1
873470714
661486473
724736457
601119066
634469797
-1
-1
529664757
-1
659954337
607882973
-1
876350251
579581477
597629189
780975060
719250082
-1
695789265
748555765
772013087
-1
-1
-1
-1
958891667
611065616
-1
556903473
704903345
-1
955983174
814537932
987446264
-1
-1
758348808
741484452
-1
-1
730618910
838331344
-1
719047946
833237130
-1
896155093
774793858
-1
681175680
-1
736724017
719761202
719833996
569564213
917850472
-1
-1
-1
-1
969846648
679579799
-1
980842950
-1
-1
968944457
604182717
728797026
-1
621593006
778640170
-1
-1
-1
-1
874941850
829935838
797958985
653207401
642862414
843358445
580891029
-1
604747503
-1
566345965
684059463
-1
859738341
941999199
-1
-1
-1
-1
856250024
776428270
976507206
617270838
982739109
898500841
-1
719047946
812581763
856993327
-1
852928476
719833996
-1
652863217
958891667
-1
523367724
754147702
718488429
645711867
808011387
626949499
849970280
614492625
908989656
-1
-1
854040292
617396274
793489671
692993710
713074307
690893068
602477238
641756556
557092771
596805155
715760912
821566262
937699748
759344295
929244931
-1
877854068
-1
838128302
556005468
617396274
578829402
696888534
-1
-1
-1
-1
662224659
697627508
-1
-1
-1
872011396
580459934
-1
921712279
-1
-1
-1
-1
750689090
645711867
698836565
736840421
-1
695789265
838882496
720969697
568763264
991618683
608792819
742131235
-1
797739344
849970280
979102822
-1
874416567
-1
884770757
-1
-1
795931313
-1
-1
556005468
-1
676184604
811587563
850542553
685235833
938518665
-1
607382624
648728981
-1
914656150
-1
983890840
-1
-1
886264334
983885654
-1
-1
961940291
-1
912063230
-1
738173241
967028577
-1
993703875
612296851
805162245
-1
631356406
604613852
750214735
910445463
644157895
575300294
882800696
-1
-1
576364125
773759488
836286736
801930973
-1
853529422
695962342
861541057
882800696
-1
-1
629073159
-1
-1
819162189
-1
710976334
-1
-1
626728451
994266265
556005468
767292416
759344295
-1
545013529
-1
686186901
659807074
710154653
906260301
799836152
-1
725317709
776428270
971649133
-1
-1
-1
-1
-1
-1
739275125
751373710
-1
-1
573177200
714698426
-1
-1
638494867
937770288
763930177
-1
797958985
673327471
-1
-1
-1
-1
645654473
625223422
806454443
698370380
-1
631356406
-1
979102822
913855250
-1
862756563
701267946
-1
656508826
986661866
-1
568763264
784929098
-1
-1
-1
874329113
594904522
917850472
556903473
534755611
745491394
823164401
-1
632919395
-1
654850475
-1
-1
-1
556005468
902694089
-1
-1
-1
881750747
744056040
639156227
850484692
762453624
579223467
-1
759149223
664427113
-1
-1
910375433
-1
796562262
-1
578829402
969187121
865165401
818256887
893576822
892082026
786423076
-1
-1
873761148
634726322
741778414
797958985
880573816
514598115
-1
505961127
617906760
662803626
662224659
-1
904727363
-1
625880441
-1
-1
752815393
784929098
913160950
630533375
713604426
888921537
-1
726518327
-1
983099123
-1
779934117
607382624
888820741
-1
-1
609040944
556005468
809735382
-1
599786891
762601187
-1
-1
-1
-1
-1
763323842
918946484
566664426
772612108
799308220
-1
-1
556005468
584482403
527186644
993283694
571546000
563810465
652109603
-1
572301196
735976456
683220451
762626664
917484867
556005468
904794095
856234631
569165332
-1
556005468
758348808
-1
-1
667542497
-1
816628058
-1
550965151
565799178
605589730
-1
-1
847377083
-1
-1
-1
-1
614834256
910375433
-1
-1
571627172
876641796
-1
893004885
853349892
-1
-1
853142074
-1
659910936
584482403
905851606
839856571
-1
-1
-1
-1
844070037
924821170
-1
689079206
-1
994191996
-1
-1
937770288
-1
939974640
703335174
-1
908145733
725086245
969597106
-1
-1
-1
513393028
614492625
655533190
-1
760513288
810039602
558962881
750277595
804053682
914283472
761406154
929342985
698836565
639156227
-1
-1
-1
626949499
719047946
-1
-1
607382624
869053344
803665812
616936937
733757630
750262603
789303797
-1
556903473
-1
-1
695530436
559637800
-1
-1
771719422
886006374
942854393
566345965
-1
-1
841575662
610298649
789036838
759974088
700644843
700895549
582193239
680267861
-1
-1
793509624
680108434
874120475
556005468
613163181
641756556
738908080
-1
-1
-1
-1
766401920
644683616
611789166
-1
-1
556903473
-1
-1
795803275
989393107
755985946
-1
996578823
-1
625880441
822589867
806378037
-1
659704296
819405249
817389823
710638446
851865540
727482698
-1
695623639
630149516
701558454
-1
558677631
-1
959808838
-1
962334584
-1
-1
-1
570026333
-1
-1
-1
-1
823164401
594681029
584482403
-1
891478665
966708169
-1
584482403
643906703
839252802
883334852
-1
701161592
939820365
-1
588183655
659954337
-1
-1
555149258
754147702
604747503
559378616
-1
-1
686074213
832685881
-1
-1
556005468
-1
715760912
-1
648728981
632304619
-1
-1
918946484
771719422
-1
-1
775859101
733757630
775101402
-1
641756556
618202687
646262951
782246205
787441272
575300294
908602410
751265476
836557921
969597106
700303124
-1
-1
728226308
-1
768392929
-1
-1
527596201
-1
799815798
-1
553162387
662224659
656508826
-1
986961561
750277595
536228776
-1
762220486
651323790
573621416
-1
528012823
-1
877938371
759399251
696135470
838882496
556903473
-1
693694025
856877846
674440447
930302250
714698426
775570587
971649133
936623425
902284038
573028691
967028577
886355952
803275832
698836565
948320975
684689044
713604426
816886240
751373710
-1
-1
632919395
-1
793509624
649706936
680955093
-1
959329438
-1
-1
530073698
-1
527186644
943806817
620015036
685890946
906913899
902220807
-1
-1
656116849
-1
-1
-1
818072882
640998179
-1
663918963
-1
760513288
-1
-1
946988202
936623425
-1
617389391
778640170
789228052
556005468
607382624
865541239
819444921
797958985
853607395
841575662
899619201
796313773
-1
-1
844709632
-1
789443347
-1
853529422
776147991
673316866
611065616
887627270
758402823
911666441
726518327
969251692
605589730
909555717
757033904
614492625
849832335
798441435
854280985
809754791
536228776
-1
629073159
-1
611055609
700644843
-1
-1
-1
754992014
683855680
-1
784363714
646262951
865541239
862965910
850542553
-1
-1
853529422
583412803
820657966
563810465
-1
573177200
840490094
-1
590329571
672206473
988886522
-1
650509981
563810465
890855933
698430579
-1
741675834
566976481
616936937
545013529
672905301
-1
955335877
-1
971317829
877820526
733065315
604747503
822963472
822167848
625459197
-1
626236288
911360813
637935746
669506958
763162825
-1
-1
731286600
921652554
-1
802542928
-1
588183655
749601695
-1
-1
731286600
645711867
751373710
860659235
-1
-1
571627172
934447521
920147668
578580893
-1
-1
680267861
879156838
-1
865753321
679377215
808011387
648728981
885013543
-1
752925424
594987294
-1
617270838
-1
523367724
-1
775101402
-1
700895549
626764768
722731782
789303797
662556439
-1
763930177
-1
742864377
645654473
-1
-1
561465500
-1
904350612
919787841
-1
645880186
698370380
768875541
-1
823164401
617396274
613163181
779050735
990578921
556903473
-1
-1
616936937
709116756
666614145
573177200
-1
-1
871264980
-1
861346813
646418715
-1
823936601
747447083
709569821
579613942
570887675
-1
558962881
862269413
-1
-1
604182717
-1
-1
556005468
850547730
725086245
754770549
764226882
-1
762314980
846509434
715760912
602382337
788740683
-1
-1
838882496
642862414
938544794
929342985
-1
794661064
-1
566976481
838462824
-1
779050735
841575662
867592980
-1
-1
755493554
-1
569771855
556005468
752815393
547064409
719154984
-1
836630172
850542553
893576822
-1
715760912
750277595
908077813
969187121
-1
714698426
602477238
718361206
-1
978315462
-1
797861833
-1
957729756
725035218
-1
620054191
601119066
-1
-1
-1
958711340
827424928
799815798
666376454
-1
756537803
729114837
723641874
906283251
-1
703202729
551645757
830794329
-1
575786136
719093017
616712107
853349892
536325901
-1
836906204
-1
891281065
851865540
-1
-1
673477755
763930177
-1
-1
667959231
-1
-1
969187121
-1
968532015
-1
733969410
865976258
568763264
-1
569771855
-1
-1
-1
-1
684689044
534092928
-1
778640170
714225728
832776579
898936158
-1
-1
908909574
712650046
-1
797739344
652406885
867083043
707233133
-1
872036358
530073698
614811041
608792819
610298649
-1
-1
-1
690568034
-1
-1
857627324
-1
980179847
865541239
-1
855241705
-1
823322980
929563221
705415000
650426881
974712301
573621416
650509981
695239472
530073698
556903473
713604426
967769971
943221833
846443400
583663684
-1
757972060
654137208
624308455
901117910
734352989
954820557
-1
-1
565740677
-1
-1
-1
-1
750466436
708519740
-1
684661386
684176863
734553390
552699527
-1
827982132
856250024
-1
-1
-1
-1
-1
-1
-1
-1
569134499
948320975
-1
642862414
798085707
-1
602017797
-1
731469994
-1
571627172
850238029
673477755
-1
557092771
687015263
-1
815131048
903880330
612296851
-1
742864377
779149794
628179168
-1
804629930
560417179
-1
734900540
-1
-1
-1
753072933
673502713
734854397
607461786
677008642
735009344
779085591
698956213
630266279
650020129
854040292
863206333
599454554
566976481
597629189
-1
607382624
617906760
602477238
-1
914656150
692538566
-1
829935838
-1
-1
677012459
977837633
-1
980634860
648733593
-1
-1
761809616
738151973
963395694
-1
686186901
779050735
714698426
-1
-1
781844238
-1
954574481
560417179
-1
602477238
618489475
-1
573621416
778042532
-1
-1
880899001
663035709
984341182
-1
972364304
789036838
718361206
556005468
-1
845769113
-1
-1
815131048
-1
941050955
646262951
-1
598892892
573621416
553987498
713604426
816628058
602477238
-1
-1
-1
-1
-1
748007767
781592172
650509981
942216528
-1
860659235
626085298
666614145
707014474
747732111
-1
-1
662477815
821090353
720786597
-1
688133234
822245314
685235833
634851857
917484867
788493771
611065616
629266600
777299345
-1
-1
-1
844936324
887072682
582849688
744056040
684359042
787912109
-1
670361659
758402823
881525085
-1
-1
579078939
972952258
925048314
527186644
721167449
899630389
892398293
-1
-1
897745659
881525085
583678983
888121587
661148800
-1
-1
638494867
603908526
-1
718523175
571627172
-1
733545860
-1
-1
-1
-1
626111828
826416273
720258077
-1
638731569
807672948
527186644
599786891
713604426
558962881
812058577
569173876
816637147
-1
659954337
-1
650509981
731831781
-1
-1
-1
-1
-1
941164991
689901525
755097743
924971564
734553390
-1
-1
-1
605936169
-1
-1
-1
-1
694162336
-1
843702598
734553390
677012459
718361206
707191762
-1
624913272
698830984
-1
679068955
560417179
671109531
674958035
-1
985182164
-1
-1
565740677
620613219
704818748
-1
611065616
614127723
-1
-1
677008642
-1
733077345
692993710
809735382
785796097
626508447
661341317
556903473
693000090
614777351
537366966
-1
827424928
611776789
741241869
961012525
-1
684661386
857627324
753017603
-1
-1
632504310
689079206
569564213
798441435
654810963
876122021
-1
704603658
-1
759419486
910375433
838128302
850290322
556903473
923118299
764870490
612675747
936181043
607882973
-1
-1
-1
705415000
-1
-1
-1
821652882
-1
-1
-1
650509981
890760730
684689044
718523175
-1
659012678
553394477
745161534
-1
921712279
-1
-1
802051428
959808838
-1
-1
584482403
958891667
892236472
718523175
-1
797861833
659807074
-1
787912109
-1
-1
-1
831033207
809488763
921846990
803319534
897745659
611776789
751009072
653207401
730603275
-1
-1
-1
648733593
-1
803665812
-1
-1
-1
626482044
-1
-1
778659013
917839774
926009246
-1
630421541
-1
602382337
921246633
731087040
-1
805804898
593133766
-1
556005468
-1
904632877
-1
-1
-1
986501647
-1
878194388
-1
884361232
660297603
-1
736221446
715668257
-1
685890946
607148163
607382624
573621416
-1
999784068
852747163
629282042
958365150
-1
719047946
667495473
681921897
-1
923845921
802259309
-1
695530436
-1
-1
-1
588769015
831855369
971195110
-1
-1
-1
704603658
789303797
-1
-1
849672740
940547003
-1
-1
839490876
-1
986605642
801385983
593070937
656057877
720786597
813456489
728418890
-1
-1
-1
-1
608792819
-1
751265476
690746467
841575662
959064778
602382337
731286600
838331344
-1
-1
569564213
849363767
878194388
645654473
967028577
725197387
847820987
-1
-1
938152520
-1
-1
558962881
-1
685235833
-1
823164401
980595273
-1
-1
-1
-1
-1
548443810
-1
785732192
672206473
565740677
607971964
790398840
-1
725197387
-1
733229178
-1
-1
-1
797958985
904794095
-1
-1
588183655
878628648
593905027
584482403
825878512
942854393
704818748
741803473
-1
899753747
-1
798150062
-1
-1
713604426
-1
851854320
636322895
976356834
849457863
661486473
794661064
-1
-1
-1
-1
-1
650509981
-1
679745982
787280665
773435187
681175680
-1
864630434
-1
864630434
827982132
-1
882119037
925102903
872045161
853408003
814892049
625738960
-1
624913272
877654615
734553390
940848840
-1
-1
714698426
725317709
962458706
-1
811698822
740316686
-1
619761049
812058577
820691679
805162245
789754858
-1
-1
683099378
556005468
-1
-1
-1
779934117
831502834
-1
659910936
553987498
937942456
-1
812078871
742787719
568763264
607382624
-1
860659235
742739833
779615012
-1
883524872
846586684
555149258
687830297
-1
-1
857941824
539020509
821425244
-1
822963472
692327794
-1
829193334
-1
602382337
713604426
984341182
-1
982349561
741484452
-1
683220451
633741426
712610014
636538213
-1
747744737
-1
-1
803319534
-1
-1
-1
-1
644667220
657604683
-1
672059596
603286855
-1
596657668
569813549
-1
-1
814537932
742131235
-1
-1
680267861
608792819
734553390
-1
-1
647001740
-1
-1
584482403
734553390
569173876
-1
-1
763930177
534092928
-1
-1
-1
-1
923078025
766401920
605589730
971649133
-1
832685881
806539569
663918963
-1
723918903
901365623
-1
567595550
642862414
-1
-1
839490876
644683616
728418890
-1
-1
662477815
611776789
570223575
655075645
742131235
620054191
997790436
-1
727482698
794143620
742787719
569758786
-1
727687724
526818457
607382624
599969531
-1
942216528
872959868
840791020
764226882
696389696
-1
650509981
857627324
-1
908145733
802051428
-1
-1
-1
804337377
772013087
-1
-1
962458706
903880330
-1
589318889
-1
640380416
925175111
-1
-1
-1
-1
650509981
-1
772013087
697402829
970538192
617921652
-1
572679997
874329113
866687235
-1
724736457
848920107
745138728
-1
-1
834463311
-1
-1
673477755
646418715
526818457
860359553
-1
656500607
830254982
919787841
704603658
-1
719970387
-1
700338342
-1
626728451
748555765
720786597
-1
865635212
827572701
602964472
765524208
-1
880573816
829935838
-1
917965886
902284038
928245245
-1
922802289
-1
865541239
601119066
707605737
734553390
595690619
637935746
675782608
-1
755123274
-1
776147991
635049242
776932684
812930635
913855250
570832399
725317709
-1
631356406
-1
655533190
796313773
980273944
566134646
888121587
832685881
747631911
-1
-1
949139024
-1
705264020
601119066
902595145
742643491
-1
658566973
902388640
875493854
607382624
720258077
-1
-1
-1
-1
659954337
-1
673643973
679757490
-1
725206506
569564213
608792819
-1
-1
-1
-1
757608369
-1
986640751
-1
650509981
793564367
728966174
939782670
-1
731286600
832369790
655893003
-1
762453624
-1
-1
635715643
615235452
-1
797958985
-1
704603658
836286736
566976481
821286603
844218703
575300294
607971964
608792819
571627172
606920806
862965910
714814763
906575928
-1
805007444
924505686
646262951
-1
-1
798599019
892833610
616712107
780150585
-1
-1
602477238
809488763
804746128
933356576
-1
745491394
595690619
632919395
-1
592812927
-1
758177639
566976481
745491394
-1
-1
732364235
-1
566345965
884707880
602477238
962401568
753017603
732120990
687183452
-1
-1
899154263
719047946
760513288
-1
902694089
758177639
912063230
-1
571546000
-1
-1
835393053
-1
-1
801568274
815131048
-1
556378043
658566973
608792819
854248525
634726322
844012301
821267238
803665812
-1
978288568
-1
789036838
966734800
-1
830819666
725317709
776428270
953162476
-1
-1
-1
955284763
-1
920383270
721978683
-1
617906760
637943021
679109949
-1
607382624
630322833
-1
-1
-1
813456489
751540899
-1
650509981
849987849
-1
777722013
-1
754773478
546588135
582193239
907706924
-1
850542553
611065616
-1
-1
736192185
708435409
884361232
556005468
-1
996280536
626508447
-1
-1
738173241
-1
700827770
638288288
756665447
845706995
703202729
680898870
914849775
-1
748617150
644044875
797739344
973698724
-1
891603067
-1
569564213
569564213
-1
847558495
853529422
-1
583262821
675959313
611065616
-1
-1
-1
802542928
-1
864610395
766425141
-1
-1
721867466
-1
-1
-1
-1
571627172
873175334
-1
-1
650509981
857294903
-1
725186113
581425181
-1
812078871
941050955
552114918
696135470
701161592
779934117
791337249
-1
-1
941879038
710674596
-1
628314322
-1
953385906
-1
-1
-1
-1
926583427
708519966
-1
907519845
680886142
556005468
-1
728966174
803319534
599786891
-1
-1
-1
-1
-1
907519845
641613004
871264980
892082026
-1
608792819
-1
914216191
874469121
-1
-1
729290320
733229178
810078893
695400935
-1
607382624
731600423
647230508
-1
700849739
917125402
-1
-1
699893107
788989974
-1
-1
-1
625738960
-1
708528103
-1
607382624
526818457
-1
-1
-1
-1
838882496
-1
777722013
555935669
-1
905991103
961940291
-1
-1
-1
-1
-1
-1
787065045
689901525
727169140
836444488
711657893
-1
809735382
-1
-1
-1
-1
832776579
594613889
-1
969251692
-1
626824299
654850475
690402232
968110361
798343674
650509981
-1
675807122
-1
-1
815892991
804588178
967234598
762601187
726518327
-1
729228627
-1
604182717
854673397
-1
648691041
-1
602477238
644044875
817298814
611065616
-1
-1
-1
744614315
655533190
963395694
-1
884707880
-1
-1
836444488
836823822
853384097
-1
-1
580618130
-1
-1
621402562
-1
-1
556005468
650509981
758237132
966893026
731469994
617906760
616712107
944853073
-1
677012459
-1
968839940
723641874
870888431
836557921
-1
675807122
909555717
650509981
-1
709449467
571165684
914123645
-1
-1
-1
-1
-1
573621416
-1
797958985
602233525
716461715
728797026
964857005
-1
-1
-1
-1
595690619
630533375
537366966
-1
851686487
853348960
-1
856250024
-1
789228052
-1
684027672
-1
907004083
789228052
679133874
527186644
750082304
710154653
662370709
580235459
-1
-1
648217033
-1
720779770
965426613
866687235
-1
-1
-1
-1
648733593
714225728
754684937
749392286
-1
743093423
534092928
728797026
946073614
-1
597365989
-1
-1
741482625
-1
-1
663035709
754914426
574209544
558962881
917484867
904727363
-1
-1
-1
-1
-1
828268347
867083043
985119314
-1
648728981
-1
767292416
-1
895078057
892274899
-1
872468289
966836789
821566262
738420850
565740677
-1
-1
713074307
779401828
705264020
608792819
899630389
526378035
567540214
-1
-1
614127723
616601858
692707384
604747503
-1
-1
-1
947491021
590631317
-1
964857005
857415308
-1
572301196
696547218
742864377
754992014
836557921
-1
-1
986605642
-1
-1
787267835
571627172
888820741
793514301
588183655
825235203
869653645
527186644
-1
731469994
686186901
754651811
-1
658747645
724088880
-1
860659235
644683616
728797026
684689044
-1
556005468
684359042
589318889
-1
-1
-1
-1
-1
-1
-1
588183655
636538213
-1
-1
-1
685360116
857294903
-1
-1
625880441
816292112
-1
-1
-1
-1
-1
-1
906291963
939697254
804657293
698370380
590329571
588769015
934526644
570026333
638823668
-1
804053682
742787719
742937061
634726322
925048314
734930278
954989498
-1
-1
890171242
986961561
573433413
638081414
-1
792062073
560417179
-1
888121587
664427113
586566213
-1
-1
962238926
940993630
984637647
662477815
-1
733160145
754914426
798441435
-1
-1
-1
570354431
823164401
719093017
715632684
919452137
707949528
-1
841575662
745067574
852747163
-1
789036838
692993710
917839774
767619768
695239472
917965886
832369790
-1
556005468
798441435
704903345
725317709
981201452
-1
917468046
981456378
750214735
816628058
603652544
-1
634851857
-1
-1
833530836
747489171
638854671
-1
573177200
-1
-1
566345965
-1
556903473
884216137
-1
-1
-1
665060293
739216105
-1
776428270
906919904
569771855
-1
733229178
617283492
-1
633643795
-1
520136244
728831296
-1
-1
663372041
954820557
939820365
-1
690141633
887627270
554923402
809327584
669178931
556005468
765588047
-1
-1
-1
-1
601119066
-1
-1
-1
565740677
719047946
774852820
617396274
-1
738837515
607882973
825878512
868704560
618419693
-1
776428270
903593199
844012301
986661866
-1
555149258
-1
631250346
-1
-1
798362405
545013529
-1
602964472
-1
-1
607382624
644157895
810583959
-1
-1
779050735
643906703
608701848
584482403
719093017
797958985
702935613
-1
573177200
748555765
644683616
983099123
-1
-1
916992912
-1
791100568
703335174
696389696
-1
635715643
519915694
787441272
-1
817298814
709585015
935324611
636489838
912146220
913334696
792752425
818367679
899630634
718442400
757011632
-1
-1
625880441
741982914
-1
-1
856334793
-1
876916404
735976456
742131235
924821170
589318889
960999743
-1
-1
996540169
-1
663932658
795803275
629193400
782246205
658566973
558962881
958711340
-1
-1
614492625
823164401
-1
958711340
836557921
573621416
846443400
867677297
-1
-1
-1
-1
885034604
664635883
631510947
-1
-1
906728173
765335171
561494288
719562512
-1
812898429
-1
709014739
-1
-1
690746467
-1
-1
732233428
982419488
897450129
-1
936563174
569771855
-1
731600423
959808872
-1
789228052
845769113
-1
671612796
-1
867714645
-1
734900540
-1
939697254
-1
-1
-1
700849739
-1
-1
856234631
602209857
635049242
673477755
828909204
-1
-1
-1
980366264
-1
869588097
725206506
630533375
762601187
804704751
-1
-1
992030266
904350612
582193239
703335174
-1
908145733
556005468
801322629
-1
740118717
-1
-1
-1
897745659
-1
-1
-1
-1
816628058
-1
652800297
569564213
-1
644157895
807330653
974712301
674690995
748555765
-1
857132695
804956878
743281812
-1
566345965
910375433
-1
604747503
745900885
-1
608792819
-1
-1
727169140
997746549
620103880
-1
757290591
-1
690141633
-1
964857005
-1
714225728
618493808
-1
882800696
608792819
-1
923584608
941036653
-1
692538566
625880441
-1
-1
-1
658747645
-1
526972984
667047810
972508249
650020129
721978683
-1
804746128
957478968
550965151
806519061
709569821
800912504
684950565
-1
655186237
756694364
815000462
751373710
735497421
753017603
-1
787441272
-1
556005468
755355606
919527878
-1
797739344
659954337
567426782
740869188
641527637
899141898
638823668
960999743
-1
807507322
606463172
704603658
777585669
656057877
-1
-1
780622969
986640751
-1
961098900
-1
763512033
-1
-1
-1
617921652
996280536
680886142
-1
-1
-1
-1
644044875
948320975
581004131
659695249
-1
-1
738173241
807672948
986640751
983691517
762453624
-1
-1
682808361
-1
925490862
705415000
-1
-1
-1
-1
-1
690756125
684689044
916114577
798441435
650509981
679146842
971245779
-1
856250024
616601858
880971605
527186644
-1
-1
680108434
-1
-1
-1
576356052
928571010
924821170
599786891
573177200
-1
715632684
-1
663918963
-1
-1
971317829
608792819
-1
902104190
907210402
790398840
663918963
545013529
751009072
925490862
990578921
-1
-1
942854393
911004987
923078025
747447083
862965910
800890785
-1
-1
978398520
-1
602477238
-1
-1
608792819
-1
-1
559637800
-1
-1
680267861
-1
603469131
582849688
818210113
634726322
943221833
864610395
663372041
947882913
779149794
970136927
560417179
556005468
686293925
580891029
636538213
-1
-1
607882973
860886825
685235833
804746128
960999743
741803473
897745659
602233525
725086245
-1
836732214
-1
715852936
592812927
714225728
787618598
808307604
566976481
685939404
739443386
-1
-1
641820953
810039602
-1
-1
817788118
-1
-1
-1
867677297
860136202
602477238
653397467
680896388
-1
-1
873470714
-1
827878490
-1
648763301
667142760
930863217
-1
-1
-1
859134979
-1
-1
-1
970136927
-1
-1
721492417
839886831
-1
659704296
749785829
-1
-1
-1
-1
-1
602300840
617906760
724188847
-1
-1
566976481
-1
-1
838659710
-1
-1
-1
663481723
576364125
-1
-1
917484867
728966174
-1
656057877
697627508
844544457
-1
977332149
663918963
630533375
-1
556005468
-1
-1
899753747
-1
644937749
958711340
914656150
-1
922271518
631356406
856402455
959408711
614127723
908145733
750174111
-1
982683769
-1
942216528
714225728
768141737
652109603
731087040
-1
-1
-1
816506571
-1
-1
886954031
-1
808943272
-1
-1
852747163
577767470
-1
933464929
652800297
871640317
667542497
-1
-1
798608978
-1
797958985
691574360
-1
-1
958711340
880573816
537366966
799308220
812934331
765524208
-1
-1
523367724
812898429
650509981
696888534
759399251
806461501
526818457
-1
-1
721584881
-1
899630634
578942293
-1
695055671
-1
-1
-1
766129490
590329571
624633965
674690995
704903345
-1
-1
836557921
-1
774497700
971195110
882119037
914790128
-1
957816794
-1
952757696
648820040
940848840
569564213
960114530
692993710
-1
-1
659954337
777262627
867982773
781844238
718477075
-1
618489475
556005468
703012581
-1
-1
569564213
-1
959284103
627977758
545013529
-1
-1
-1
-1
848920107
-1
623463535
685360116
-1
931852126
728966174
932027339
556005468
-1
-1
-1
954989498
-1
707014474
-1
-1
-1
815892991
-1
918984602
-1
-1
-1
996280536
-1
762233348
788989974
573621416
631871712
725206506
823164401
971346444
853349892
871011734
-1
-1
599786891
-1
611776789
850127348
631250346
786423076
-1
607382624
612675747
590329571
597629189
-1
799095461
958711340
808851859
602233525
926009246
-1
-1
650113094
692538566
980634860
569771855
704903345
-1
727342401
919787841
699250547
821652882
888921537
661486473
734352989
-1
-1
616936937
630833997
976356834
-1
576356052
706304256
608792819
578829402
614492625
-1
757290591
-1
-1
-1
741726144
831722508
683220451
602477238
-1
810583959
669453943
648820040
803474883
789228052
-1
-1
829935838
653049509
537366966
536228776
-1
684059463
589318889
706835764
617396274
665593911
684359042
-1
774296801
-1
-1
684176863
-1
569771855
959064778
733194301
-1
715668257
969251692
792752425
-1
695400935
657223972
-1
877605420
951663957
836557921
589318889
556903473
636322895
794421976
763930177
716035812
879736126
646418715
558962881
-1
850547730
549298253
625223422
-1
673477755
-1
616834304
787065045
601119066
-1
-1
-1
-1
748774712
607382624
608792819
-1
-1
690568034
774874810
965426613
-1
-1
684178358
-1
635049242
634726322
-1
-1
713604426
-1
902284038
823164401
-1
654137208
815892991
-1
650509981
663372041
-1
-1
-1
662224659
804704751
584625195
664635883
-1
-1
602382337
-1
633687499
-1
607382624
-1
602382337
-1
577872924
772013087
673844315
-1
-1
704903345
-1
-1
569771855
-1
-1
-1
941999199
816637147
-1
-1
719047946
713604426
635715643
657814513
749785829
740107180
-1
-1
-1
698661704
646418715
798150062
764225286
607882973
-1
-1
926583427
658747645
750819526
926009246
985119314
808943272
607148163
713604426
-1
-1
534092928
725086245
865165401
-1
887490630
720779770
-1
618489475
-1
820968285
751373710
-1
661148800
719047946
-1
976841524
683099378
-1
-1
680267861
-1
744424892
-1
-1
806378037
922802289
-1
963395694
-1
-1
704603658
744614315
689079206
-1
-1
830856630
637943021
901117910
920372617
-1
589318889
-1
607382624
-1
-1
987944955
597211395
-1
808244085
648691041
684950565
-1
768392929
611776789
557092771
663035709
-1
-1
513393028
610383108
730603275
-1
602233525
760654267
-1
-1
-1
-1
892452562
625223422
-1
-1
897745659
727482698
873342089
782579899
-1
943236456
777722013
988456003
613163181
-1
872042581
-1
734854397
996540169
913855250
-1
680886142
-1
930832964
820968285
646262951
957478968
-1
811882711
-1
680267861
-1
718523175
942004074
840101583
617906760
756665447
-1
-1
912063230
-1
602477238
841575662
-1
734352989
611065616
692993710
-1
806539569
938144982
766549654
843985581
-1
812078871
-1
703202729
-1
905109769
-1
-1
-1
-1
-1
-1
684359042
969187121
977609237
-1
588183655
-1
797895269
985263121
-1
-1
884770757
879697675
909083748
-1
718361206
-1
-1
-1
763930177
788858224
787065045
973009085
-1
-1
566976481
-1
654850475
800796070
-1
641756556
-1
-1
630533375
757608369
730603251
781467861
763526040
-1
988614007
-1
730714717
896137605
756033260
-1
675807122
-1
750907951
-1
863206333
606764848
838462824
-1
916136864
-1
972843003
755493554
653207401
931852126
913855250
977363854
-1
892480321
799564530
903880330
779934117
-1
918984602
616936937
879872109
768392929
-1
664236461
914849775
919392304
-1
692993710
617270838
-1
737405663
843702598
900499371
-1
-1
942854393
884214553
829935838
-1
980595273
904794095
-1
897745659
724672310
663289183
984341182
703202729
556005468
676086030
-1
-1
-1
719833996
-1
684577785
-1
696547218
642862414
561848804
912209492
-1
-1
561494288
739335321
-1
-1
587701811
758348808
-1
768425377
727607940
571627172
736724017
924821170
709110582
804530893
821425244
715836973
556903473
-1
712106548
603652544
598301055
754770549
-1
571627172
714698426
566976481
-1
-1
960999743
930863217
848619801
716983462
580459934
576001763
539738686
681921897
-1
812075974
-1
-1
-1
-1
721867466
808853405
-1
567595550
-1
929754245
675807122
662224659
-1
715760912
-1
896580778
635221277
888106140
-1
720539545
-1
619064380
685235833
727607940
938152520
556005468
776531248
704903345
672059596
-1
877854068
-1
-1
-1
661099119
731469994
570354431
968532015
814892049
739335321
836557921
-1
-1
-1
-1
850484692
-1
798441435
814183437
-1
659954337
-1
-1
624308455
578829402
913334696
-1
597365989
-1
620054191
925175111
655186237
639156227
-1
743897847
908989656
607382624
869653645
-1
819162189
608792819
567548416
794204912
748555765
937024331
630533375
872092140
-1
-1
-1
-1
-1
703335174
-1
870888431
-1
-1
650509981
573621416
707014474
-1
744614315
749392286
659910936
-1
-1
-1
864284980
784905372
-1
-1
850542553
-1
-1
-1
-1
-1
-1
641165534
635349245
-1
566976481
-1
-1
916992912
854215361
719154984
-1
-1
936563174
865240097
-1
967769971
-1
956373187
-1
-1
803665812
537366966
713113729
616936937
-1
-1
960999743
-1
888417899
646262951
-1
-1
-1
715760912
864630434
-1
850542553
662477815
-1
706834892
-1
-1
-1
-1
719047946
989308527
701161592
601983239
906253658
865907581
981456378
980595273
858472248
721867466
626293913
-1
-1
586566213
673140541
715100813
846509434
715966579
733757630
750725245
-1
954743782
-1
-1
569564213
-1
742772148
681921897
-1
734854397
559637800
663918963
554923402
536325901
757608369
-1
640380416
-1
979853538
-1
844544457
-1
938518665
-1
889445369
603652544
660108503
-1
933464929
684577785
766549654
729285147
677839871
-1
-1
556005468
-1
588873654
637059473
-1
857989703
-1
926884314
-1
-1
-1
916114577
793514301
-1
861790804
-1
784400685
729290320
-1
853529422
804053682
873949715
742601442
-1
742536512
-1
-1
806454443
798441435
702803472
-1
-1
-1
-1
767292416
896571937
-1
-1
897959512
773871946
570887675
976356834
758268492
-1
714887918
-1
-1
-1
750725245
-1
704603658
-1
793514301
712484763
594681029
617906760
906281703
962238926
671822381
-1
-1
-1
666383214
571546000
735497421
-1
-1
583412803
871338882
641756556
-1
656508826
763930177
863937231
803665812
751373710
607882973
818903887
599786891
571546000
-1
879815589
-1
980144974
731286600
-1
-1
669298392
673477755
556378043
789250537
612296851
614299211
-1
561260780
778659013
-1
-1
777722013
970437056
826224146
978315462
610298649
-1
-1
926583427
-1
663035709
607148163
584482403
-1
728966174
788733179
-1
-1
579144250
809735382
892398293
769984188
718442400
-1
-1
907519845
654173595
-1
730603251
-1
-1
712610014
825558612
980634860
957891133
744499541
957349808
-1
779050735
-1
-1
636538213
-1
940057822
-1
843145464
811698822
-1
860136202
798441435
-1
-1
868814844
736724017
986221516
-1
663918963
888286334
-1
-1
842548968
-1
-1
836557921
-1
714698426
910325311
565682009
745138728
597313989
-1
-1
891248063
667959231
-1
-1
566976481
-1
-1
566976481
573290841
780622969
-1
-1
-1
590719336
606463172
-1
983885654
976507206
-1
-1
655533190
689901525
-1
672905301
566345965
770232187
-1
651332554
556903473
556005468
631396911
631356406
971245779
556005468
916345539
794143620
-1
578829402
712650046
-1
967028577
608725380
-1
-1
-1
-1
-1
743093423
-1
886368247
817598123
-1
634469797
919787841
569758786
913334696
611776789
742739833
713604426
935324611
855955496
868355736
698836565
765450005
-1
694162336
-1
-1
-1
677008642
939354644
850913006
789228052
617906760
718361206
877854068
588183655
768392929
607148163
-1
842444892
-1
-1
724088880
692538566
-1
709048436
-1
597211395
655186237
-1
778291242
884216137
717010432
-1
-1
626508447
772455369
914283472
-1
957173239
836635800
-1
-1
642862414
-1
833384959
856877846
-1
620613219
-1
571627172
669506958
-1
-1
607382624
556005468
630482195
901596362
602233525
880971605
750277595
838128302
838128302
-1
599786891
761655039
913334696
556005468
-1
-1
940811236
526818457
758348808
987342249
813957334
973677451
729519253
-1
590399304
733731723
842444892
-1
850290322
941398979
652145188
858385877
785308197
762321398
673327471
-1
657814513
-1
571627172
-1
889091721
881257840
-1
871815340
-1
-1
569564213
607882973
798441435
583262821
602382337
973921956
672920600
852747163
-1
833530836
-1
776428270
840751500
-1
625880441
862965910
636143606
-1
811882711
-1
602477238
655533190
874979842
-1
648728981
762220486
-1
-1
-1
821090353
930149940
-1
722731782
-1
761406154
-1
924821170
634398405
-1
827473957
789228052
646262951
-1
-1
907706924
-1
595035319
634469797
708519740
-1
719093017
829209750
-1
-1
829935838
706661768
-1
586566213
572301196
-1
776983890
-1
906575928
604747503
760513288
-1
956373187
896571937
793715108
-1
768392929
877684350
-1
663918963
-1
-1
823164401
-1
673207402
-1
797739344
886368247
-1
-1
-1
-1
-1
556903473
685360116
527186644
-1
-1
556005468
993283694
-1
-1
-1
-1
-1
723641874
-1
706805434
642862414
897450129
873379386
-1
-1
-1
-1
602382337
704903345
677839871
607882973
931045316
942842284
-1
-1
-1
-1
664635883
908145733
738281530
999633766
715632684
812078871
864610395
841575662
856250024
663035709
-1
713604426
-1
604613852
811882711
787267835
781467861
889445369
-1
830819666
-1
582193239
704603658
-1
756694364
989127914
-1
716461715
-1
-1
698836565
573621416
575300294
701257723
548293383
-1
975559723
-1
-1
756618856
-1
-1
-1
556005468
-1
842325619
762453624
906121254
-1
-1
584665904
-1
729917426
836557921
-1
-1
-1
734553390
736192185
771387220
-1
593087140
-1
-1
876350251
956892582
-1
684359042
-1
840459478
908145733
903880330
560417179
788519115
840101583
740074678
826987518
-1
603652544
-1
966734800
725682300
-1
959064778
913160950
875296685
-1
766549654
607882973
664529254
570354431
-1
941036653
-1
560417179
-1
918261695
849970280
573621416
808795398
671612796
-1
-1
920383270
-1
-1
-1
659893596
872372585
-1
988673191
-1
-1
-1
-1
917839774
-1
797861833
601119066
914700552
663289183
-1
-1
827884679
799308220
806539569
825930469
696888534
787834113
-1
617921652
-1
-1
752612721
-1
568763264
611055609
822610920
862627999
609040944
608792819
742643491
744614315
-1
-1
836286736
-1
732120990
725681011
-1
630095677
-1
-1
708435409
956567281
-1
860496810
764191228
633687499
-1
926884314
-1
918946484
-1
926820679
875420001
260049177
-1
661148800
637147191
-1
-1
-1
-1
-1
960999743
556903473
700327094
449735576
-1
-1
803665812
618419693
878130882
776983890
-1
980366264
-1
964857005
-1
616936937
889390585
-1
716744082
-1
751373710
-1
-1
731469994
-1
556005468
966734800
774441306
864630434
-1
620054191
954743782
-1
-1
-1
659704296
-1
-1
-1
-1
-1
980842950
555149258
658050007
-1
-1
718361206
754632592
851865540
793411847
-1
-1
-1
-1
571627172
839886831
973690615
754770549
878154918
-1
901117910
599786891
-1
629073159
-1
584482403
-1
-1
-1
725317709
569564213
815892991
822963472
-1
-1
853529422
941036653
700644843
-1
-1
906170916
523367724
764791671
603652544
-1
742739833
604613852
817535063
-1
592812927
552114918
899630634
709048436
793514301
988747466
830856630
-1
764191228
654173595
-1
396716278
-1
-1
836799490
-1
-1
823164401
904632877
-1
-1
-1
751810538
774735305
583262821
-1
-1
592631040
527186644
-1
-1
-1
914656150
884961392
737650928
784905372
623463535
664427113
-1
-1
567595550
-1
975559723
-1
962238926
-1
-1
-1
771387220
-1
586566213
556903473
-1
-1
578389283
-1
607382624
-1
-1
-1
607148163
940848840
624735977
-1
601119066
-1
-1
626660951
-1
-1
946073614
-1
739335321
707573148
836557921
-1
-1
-1
-1
602477238
787271263
949581833
875296685
-1
-1
714698426
862269413
-1
602477238
847719996
573521925
755493554
-1
660357764
691574360
556005468
-1
946073614
584482403
-1
810133398
-1
988488036
-1
753072933
659910936
-1
-1
617396274
846838454
-1
-1
843357876
545013529
609040944
728966174
-1
-1
959064778
745138728
789036838
804956878
-1
646262951
-1
621402562
913855250
696888534
-1
639687856
-1
885181391
707014474
-1
-1
-1
-1
535329703
-1
892398293
724088880
-1
604182717
652863217
695789265
638823668
-1
636538213
-1
886954031
617396274
-1
-1
-1
566664426
804337377
677370479
992331779
556005468
-1
-1
-1
-1
-1
-1
-1
940147797
689572901
523367724
-1
937024331
869653645
871338882
789228052
913334696
-1
820968285
526972984
750214735
607382624
-1
566976481
650671974
646418715
962238926
857415308
-1
787149196
872011396
607382624
786423076
-1
-1
663372041
-1
-1
-1
-1
917839774
602477238
751373710
-1
614111574
-1
610298649
684359042
991036153
899753747
982256320
-1
-1
-1
-1
953385906
718094569
661148800
-1
961940291
685235833
-1
-1
970314863
-1
-1
717742828
652980107
718465217
892166734
796562262
964857005
-1
653207401
-1
-1
-1
967028577
-1
-1
-1
666898580
-1
741675834
947026300
632919395
558962881
693395134
-1
-1
-1
663035709
953162476
851686487
-1
553008477
964857005
-1
-1
-1
-1
655186237
560725940
-1
-1
-1
752637566
636699871
-1
779934117
826416273
579899805
-1
836444488
943915735
-1
611065616
-1
-1
744614315
719047946
764341294
-1
797126565
968321986
839819838
980900053
803665812
922688819
978444435
758842567
-1
704903345
-1
787441272
905306775
-1
-1
684359042
-1
-1
893004885
886368247
865375153
-1
-1
-1
650509981
608792819
654850475
818367679
809754791
881941022
682415053
-1
822245314
-1
-1
991510133
823164401
742131235
713718052
-1
588161595
702296286
-1
732233428
812934331
879736126
892274899
573177200
-1
-1
654850475
-1
608792819
-1
-1
758085281
833237130
916992912
-1
543472975
639317653
666800150
980366264
613549490
813801840
798150062
805052578
823936601
590329571
925296144
630149516
666898580
-1
594827061
783384843
604182717
-1
-1
-1
527186644
956373187
630428613
813010327
-1
-1
578745347
-1
-1
857294903
973690615
954989498
597211395
789228052
685360116
936214169
779196799
-1
-1
849457863
-1
782938161
806461501
778681170
-1
666898580
677012459
736608994
851865827
822173338
740869188
772612108
913855250
791337249
616936937
794661064
-1
-1
947026300
858849349
778649111
545013529
742131235
848920107
635715643
718215088
733757630
602477238
813597518
537366966
-1
-1
986221516
614811041
798085707
916345539
874941850
-1
630533375
-1
784905372
617692896
842444892
-1
644164429
-1
-1
800890785
582849688
842444892
-1
719093017
645316439
602382337
875296685
-1
793715108
906245458
-1
-1
-1
-1
-1
714225728
874329113
601119066
560417179
-1
-1
-1
523872374
-1
840459478
672920600
808943272
797739344
-1
695237713
-1
690443136
616936937
-1
-1
573621416
794661064
608792819
751459576
561816535
985285908
-1
582193239
530256216
928571010
997746549
-1
638854671
704603658
-1
-1
811683326
684577785
905895505
556005468
-1
887627270
665060293
706194130
-1
906121254
981456378
913160950
-1
-1
877684350
837638388
-1
-1
732120990
799221856
906269813
941999199
-1
728966174
710244712
907004083
-1
713162082
-1
715427251
-1
751009072
559637800
641876643
-1
620103880
-1
-1
760220353
945360882
-1
622338523
886006374
794399566
566976481
-1
615080318
-1
-1
684950565
493803904
734930278
876407777
593109234
728226308
-1
-1
942854393
703241055
573433413
456228749
904415582
977609237
846443400
797861833
-1
-1
710154653
-1
-1
-1
631510947
642138090
-1
715632684
620054191
794449473
-1
940811236
-1
-1
-1
788989974
-1
786423076
601662914
-1
793514301
-1
-1
-1
703114006
714698426
-1
745491394
566976481
736938334
917125402
-1
-1
-1
-1
842325619
-1
-1
757290591
677008642
820838936
-1
-1
607382624
914700552
-1
590399304
-1
696289051
760311919
607231271
728966174
664105028
-1
-1
704903345
-1
630266279
764191228
-1
-1
791757176
607148163
852747163
599122062
873379386
-1
-1
624308455
924822136
762453624
700653260
856877846
654850475
781167909
-1
672206473
-1
604035857
791831135
846651764
529390545
926151331
-1
440091175
-1
784378023
-1
-1
730603251
659954337
788733179
-1
850547730
971649133
653961387
720969697
795803275
832776579
570223575
794449473
-1
687833375
773723034
-1
-1
624048531
914656150
809735382
-1
568763264
784753528
-1
725086245
734930278
575300294
727169140
635715643
846443400
748555765
-1
-1
-1
913160950
599786891
556005468
934353907
-1
-1
-1
744704401
-1
-1
955284763
-1
582448052
-1
745764526
754992014
-1
-1
886355952
804956878
909555717
556005468
-1
844544457
599786891
-1
607882973
683099378
604348389
750023483
738908080
942390430
823242730
583412803
-1
863937231
571627172
-1
720258077
794593608
718523175
663481723
800890785
-1
-1
720258077
-1
-1
650209208
617396274
777722013
-1
-1
818634797
-1
556005468
912063230
656057877
-1
-1
573621416
-1
576663579
-1
991613917
853349892
-1
-1
685939404
573433413
0
-1
-1
773871946
-1
954574481
700644843
930302250
648820040
914441999
684359042
603469131
-1
901596362
564909537
-1
-1
-1
597122376
571564655
660108503
748007767
-1
847719996
-1
-1
831295821
985285908
834339807
589318889
-1
768111928
-1
839490876
-1
865541239
901365623
-1
667542497
-1
-1
-1
584482403
958711340
901117910
650509981
-1
802542928
-1
-1
871264980
-1
103283583
748774712
537366966
604182717
-1
-1
844112947
550965151
-1
-1
973690615
738151973
825558612
789228052
-1
883495077
566345965
-1
720969697
-1
709585015
-1
919787841
642862414
666324403
906281703
-1
-1
866429679
-1
776428270
-1
-1
789303797
660966879
-1
-1
608792819
728797026
-1
-1
-1
673140541
562698628
-1
775570587
-1
-1
713604426
754992014
883334852
-1
-1
-1
844830784
677012459
721978683
-1
854280985
906012348
879489622
638081414
545013529
-1
641756556
-1
-1
-1
713718052
941085101
611065616
-1
-1
658747645
941406071
766549654
630533375
673477755
789443347
-1
908077813
-1
683220451
647388318
571627172
491879697
-1
719562512
748555765
650121210
725197387
672206473
966893026
827473957
977461320
-1
-1
-1
657974307
774441306
880573816
636538213
896571937
843358445
-1
-1
556005468
969251692
-1
906913899
864610395
712650046
608792819
-1
-1
-1
984521646
626111828
-1
-1
936006350
573621416
630533375
-1
806384755
902284038
527186644
924971564
671109531
970781557
-1
563909897
-1
-1
-1
458274805
793514301
-1
-1
916345539
966666277
812058577
700573589
-1
-1
856993327
-1
-1
972016394
577394908
-1
692179824
824476076
977363854
-1
769984188
659910936
624308455
794842768
852747163
-1
645711867
-1
-1
731087040
789036838
802872291
537366966
646981421
-1
-1
-1
784081771
-1
798441435
771099308
812058577
-1
-1
626111828
827884679
513393028
660279729
848859680
-1
789978240
872372585
879736126
-1
719761202
-1
-1
-1
632160177
-1
-1
817598123
745569215
973690615
776032050
-1
-1
676803213
893004885
-1
-1
684689044
-1
913160950
664441061
955575252
534092928
-1
-1
833237130
756119798
-1
812078871
817535063
-1
601119066
616936937
731469994
-1
-1
-1
683220451
-1
571627172
875411106
662477815
-1
630533375
556005468
-1
-1
-1
-1
598291471
844070037
-1
566976481
653240467
-1
-1
691099027
771356266
-1
634981921
606463172
-1
-1
904350612
-1
776093438
-1
-1
759419486
789036838
-1
569813549
724088880
-1
774793858
880899001
-1
830794329
756694364
-1
599122062
836557921
780955023
745138728
789303797
759149223
-1
-1
-1
753072933
-1
751373710
852747163
986961561
699893107
-1
-1
764791671
905895505
975559723
-1
-1
633643795
715632684
663918963
566976481
-1
869053344
750725245
-1
948086213
928860758
789303797
-1
650509981
706805434
583412803
747489171
931852126
734900540
556005468
748588467
918984602
584482403
-1
-1
577767470
937024331
-1
876641305
569564213
-1
-1
-1
571627172
695055671
720786597
584482403
611065616
-1
802259309
831033207
-1
788503114
573621416
901117910
-1
556903473
786403910
-1
708519740
643906703
709449467
806815491
-1
680578733
-1
742864377
-1
-1
851686487
996280536
731469994
-1
-1
903078162
-1
933356576
608792819
624308455
841661603
713604426
695789265
822613083
-1
557872188
-1
-1
-1
-1
-1
775570587
625738960
989692203
-1
727335875
901631957
657814513
846018172
562280697
-1
680267861
-1
-1
619220621
609642021
763448030
-1
670043596
-1
-1
-1
-1
731469994
-1
-1
607382624
-1
-1
816628058
985709352
730281791
648733593
-1
-1
-1
754684937
602477238
966836789
736938334
-1
891415844
-1
-1
-1
-1
956373187
673477755
-1
619775578
670043596
556005468
-1
636143606
999179823
-1
954574481
953714882
-1
756694364
-1
731087040
917468046
587378567
920372617
620054191
781844238
961754866
-1
926009246
904142243
699250547
732233428
798441435
803032251
719833996
-1
-1
-1
-1
-1
-1
-1
555149258
809063491
754770549
-1
-1
-1
806519061
617921652
-1
758085281
-1
-1
-1
-1
736785340
-1
-1
709126779
758348808
545013529
677317313
953385906
942129293
556005468
-1
720258077
897745659
660808475
872983989
786423076
973690615
607382624
637935746
-1
-1
948320975
-1
-1
573621416
-1
884216137
736608994
675818249
-1
899630634
786461444
-1
823180880
688441120
868814844
920147668
943221833
-1
-1
-1
-1
-1
893004885
849363767
660808475
-1
902149053
798441435
976356834
703335174
730603251
-1
556005468
768664094
817762999
907004083
-1
600630727
563810465
727541888
-1
-1
-1
-1
545013529
-1
747732111
756842277
-1
587378567
-1
-1
-1
791757176
641756556
-1
-1
734854397
571627172
908989656
-1
867156090
831722508
998722758
-1
-1
611789166
857941824
-1
-1
687147297
597211395
556005468
834394167
-1
-1
816292112
576364125
-1
547535568
-1
-1
-1
644157895
797739344
-1
-1
868901752
698836565
862627999
797739344
991036153
800644384
841575662
-1
610034753
724736457
632919395
872011396
802222863
-1
781844238
729285147
536228776
894575431
-1
681926748
686186901
571627172
711657893
595690619
834514717
853529422
731469994
891281065
-1
990013476
584482403
556903473
777008706
-1
697627508
-1
806538835
-1
-1
667407047
-1
731286600
663932658
-1
-1
941999199
658566973
-1
822037853
-1
579598678
602477238
619064380
-1
639156227
-1
-1
777744682
695623639
707191762
735009344
-1
-1
-1
-1
-1
-1
-1
-1
-1
880683028
556005468
-1
697230065
-1
779149794
715289934
854040292
-1
775570587
-1
825558612
614868017
-1
597629189
972499270
774441306
563810465
848269698
-1
959408711
-1
-1
-1
-1
-1
639883553
-1
857294903
838331344
-1
617396274
993703875
642909522
724188847
722916231
-1
-1
860050234
607382624
-1
731286600
-1
588769015
865541239
781844238
-1
902595145
-1
590329571
-1
-1
829193334
-1
739806495
725197387
571165684
662477815
729525450
-1
837638388
994266265
760513288
582585688
-1
-1
558962881
800912504
-1
-1
702489880
704603658
-1
799815798
-1
-1
869053344
962048393
-1
573621416
-1
779615012
936181043
-1
-1
-1
836286736
-1
745900885
942390430
920664141
-1
765764282
-1
567914433
-1
-1
662477815
802051428
630533375
-1
-1
-1
654920026
884216137
592812927
-1
820838936
534092928
793959534
595690619
-1
-1
-1
650509981
974742589
-1
942854393
585289900
749392286
706576728
713023861
971317829
810583959
697200238
-1
704603658
612296851
-1
-1
776151987
651332554
794421976
957173239
-1
571627172
-1
657223972
798441435
756537803
711944619
-1
728966174
-1
-1
742864377
760360376
791175095
-1
-1
-1
690141633
861346813
604348389
648763301
775570587
639260056
786450147
703306066
-1
573621416
888820741
807672948
-1
-1
-1
574298466
644746473
-1
728966174
651332554
-1
-1
-1
-1
-1
850913006
576441786
611035516
818256887
-1
659954337
701360192
355716791
-1
759852928
-1
-1
709110582
568763264
590329571
844439375
-1
724736457
-1
724188847
789228052
-1
913334696
-1
-1
-1
788515387
-1
-1
-1
650426881
749785829
-1
-1
560417179
-1
784905372
-1
-1
-1
-1
977837633
-1
-1
-1
811683326
898936158
-1
748709473
904727363
980144974
865324340
661486473
722112516
-1
-1
698836565
835615571
637935746
686293925
734553390
597629189
607882973
580891029
-1
764191228
691299926
902694089
882491539
-1
-1
-1
692993710
744838639
634726322
704603658
594681029
-1
-1
571546000
693956131
713113729
942854393
725086245
930863217
936006350
-1
611776789
-1
602382337
-1
570026333
-1
886355952
878154918
717785033
-1
-1
549298253
-1
897082138
-1
863864729
699363772
-1
631623499
902284038
707694386
888121587
936214169
686074213
-1
-1
729228627
-1
836557921
-1
901631957
695962342
601119066
-1
643906703
690385885
817703695
-1
959572373
-1
738390193
860496810
-1
683220451
853881333
-1
-1
998541629
-1
-1
654850475
573621416
971195110
-1
592812927
713604426
-1
836286736
-1
898936158
713604426
978323072
-1
971245779
966708169
-1
924822136
808244085
727541888
-1
788439591
556903473
644772808
-1
843985581
719093017
724076506
788270927
630533375
836557921
-1
663142976
-1
863283640
854020035
-1
634469797
960999743
853631621
-1
549298253
984521646
863345891
586479605
879730623
917484867
-1
566976481
-1
806384755
914656150
596670843
-1
796370343
785796097
-1
921246633
784378023
-1
637943021
-1
617396274
-1
-1
611065616
608792819
968944457
879872109
626085298
-1
704603658
-1
-1
899619201
878181139
-1
660966879
-1
934561750
735991018
646262951
974933038
961012525
565612936
-1
736016902
930863217
815219897
-1
-1
731286600
576659405
731087040
748555765
728256551
987446264
591514165
738173241
-1
-1
707191762
776428270
733545860
591510132
-1
701799425
804657293
680117297
598892892
-1
641613004
608761277
-1
804337377
804337377
835414634
870997577
984521646
-1
972016394
830254982
602233525
-1
989491352
571627172
775570587
602233525
617906760
-1
-1
590719336
650121210
571627172
-1
459258137
-1
886538696
707191762
999633766
692538566
794449473
-1
607882973
926884314
717010432
658747645
-1
917125402
683025023
838187090
-1
689572901
-1
663918963
804067159
862627999
619691590
792640430
555149258
602382337
774735305
523367724
910375433
-1
761406154
689994780
-1
-1
-1
793085347
675111950
670043596
-1
-1
-1
868814844
560725940
-1
-1
615580683
909064055
815811868
980634860
698836565
602477238
-1
-1
568763264
-1
740118717
672206473
611776789
967769971
748024823
-1
677012459
-1
-1
857294903
-1
795803275
566976481
924821170
-1
940004975
-1
984521646
-1
607882973
596670843
602477238
716461824
802872291
-1
933356576
765588047
556005468
868814844
-1
-1
-1
658747645
-1
-1
798362405
691574360
-1
901596362
789228052
-1
839819838
764191228
831295821
-1
-1
723864741
778659013
655887345
653928781
976432039
-1
663918963
-1
725086245
-1
571627172
-1
749392286
831722508
872011396
601119066
-1
839886831
954989498
974933038
-1
-1
-1
747732111
953385906
700644843
920089619
616936937
-1
733194301
-1
-1
-1
556005468
718477075
-1
617283492
-1
614492625
616936937
850547730
720258077
868901752
-1
-1
-1
752815393
-1
-1
840490094
-1
703335174
-1
801884707
-1
723641874
-1
588183655
806538835
-1
-1
596598221
652878794
620054191
663932658
607382624
604182717
819993177
798085707
704603658
882119037
604182717
655186237
-1
-1
900600096
786423076
633432326
-1
700644843
802542928
801368595
556005468
-1
744614315
-1
704903345
802542928
724736457
787269183
914700552
857627324
957478968
987030425
-1
766549654
-1
846458896
-1
566976481
901631957
698661704
-1
-1
874625985
788989974
-1
871281877
-1
987944955
983691517
850484692
714804187
-1
-1
856250024
735497421
809132843
604348389
-1
730212175
-1
635610658
954820557
779934117
662477815
707191762
961317802
-1
-1
750075851
650509981
822610920
-1
641165534
-1
934526644
779934117
980366264
-1
-1
933392203
607148163
885013543
-1
-1
-1
912063230
877820526
-1
-1
703335174
-1
-1
-1
797958985
-1
918946484
-1
685545794
675807122
-1
-1
556903473
556005468
-1
-1
-1
-1
788858224
-1
-1
-1
-1
-1
993195637
989308527
673844315
-1
567595550
-1
-1
910320376
940811236
616936937
-1
563810465
-1
-1
607382624
567595550
774497700
925802089
781592172
-1
-1
-1
856334793
707949528
780622969
744614315
989308527
-1
-1
-1
940993630
655186237
602233525
959175483
864688414
764791671
618439973
644667220
-1
945360882
906291963
-1
-1
-1
-1
-1
798343674
-1
597365989
594904522
-1
829935838
838659710
868355736
-1
582794335
566345965
-1
673477755
766549654
882375188
681175680
-1
-1
-1
584482403
-1
-1
-1
718477075
590399304
637943021
-1
796562262
910718819
-1
598368684
648733593
-1
854215361
-1
-1
609040944
-1
-1
-1
869053344
835393053
-1
588183655
-1
-1
683220451
954574481
683220451
901631957
982787445
856502213
597211395
634726322
556903473
823164401
-1
711294466
844012301
-1
-1
872011396
675807122
-1
714225728
549570359
934561750
-1
836732214
876463625
607382624
715760912
-1
766129490
-1
819405249
659954337
720258077
-1
-1
946073614
772013087
797958985
741726144
-1
-1
581004131
706834892
816209853
-1
-1
799815798
-1
580891029
-1
-1
728032547
908548922
-1
907004083
608701848
741128974
684359042
609767633
971245779
-1
696289051
634469797
-1
637935746
-1
920971581
-1
-1
965426613
742739833
-1
-1
722797622
712484763
-1
582535872
573621416
766549654
860359553
902360044
-1
-1
581004131
553987498
650509981
751441621
719047946
-1
-1
628750048
-1
-1
654850475
650265560
910375433
-1
642095633
-1
616936937
590329571
820224605
644157895
941085101
641165534
-1
-1
-1
597629189
616936937
782579899
-1
603652544
-1
619064380
583412803
-1
933356576
-1
-1
556005468
727486827
619064380
-1
-1
-1
715632684
573621416
-1
-1
789303797
983691517
650121210
571627172
616936937
-1
-1
-1
986025647
584482403
626508447
-1
604182717
822374288
809735382
616858225
-1
-1
-1
-1
954989498
-1
-1
852376470
771387220
941036653
964038530
739905788
-1
953987917
-1
945703797
657814513
-1
569173876
-1
777722013
813088213
-1
685360116
892082026
-1
794143620
-1
861159593
589318889
662477815
774852820
866398730
860050234
819162189
966170449
799250929
789228052
844682153
-1
636337589
-1
911360813
875296685
-1
-1
942854393
-1
685890946
757033904
863937231
973690615
556005468
-1
937024331
711576514
-1
955885418
771387220
620103880
715668257
784905372
778681170
720258077
655893003
-1
566976481
-1
-1
741781660
-1
-1
731286600
902360044
634981921
600058232
-1
796642404
704903345
734553390
799486190
-1
-1
668726429
-1
918946484
850484692
-1
941879038
597211395
-1
-1
764191228
-1
634469797
-1
986221516
791520976
-1
867156090
-1
713427553
-1
556005468
761809616
660674464
-1
954330946
742864377
-1
553722021
878154918
745491394
725126063
891281065
-1
725777628
-1
-1
-1
797958985
660402440
894575431
-1
-1
728226308
779196799
809488763
-1
902694089
-1
785796097
845769113
-1
713113729
-1
663918963
899154263
723531875
784929098
797958985
936191883
630533375
-1
735497421
894575431
801507351
584482403
709048436
853349892
-1
-1
857925124
-1
-1
543209727
969297304
-1
-1
604348389
791337249
826224146
-1
684359042
-1
719154984
584482403
-1
-1
-1
-1
718361206
731087040
993195637
608680861
719194298
-1
571627172
-1
714698426
-1
-1
-1
-1
-1
704903345
760654267
-1
-1
-1
673844315
798343674
810375381
-1
591069784
-1
734553390
576001763
-1
612296851
901117910
-1
-1
-1
-1
582193239
777722013
-1
-1
-1
-1
607882973
-1
-1
-1
-1
768111928
973009085
-1
589318889
660279729
582671485
614492625
863428801
713604426
906283251
-1
882491539
654850475
-1
617906760
750262603
637935746
663652036
695055671
-1
-1
672206473
709585015
-1
-1
-1
869588097
838659710
900830528
619064380
-1
-1
-1
-1
-1
793411847
969924956
-1
-1
527186644
718465217
-1
759922148
-1
808244085
-1
-1
569771855
-1
-1
-1
821591959
697627508
-1
-1
715852936
827173681
894557423
606968006
952486887
-1
774441306
-1
584482403
-1
774852820
871264980
823322980
674690995
602477238
-1
-1
-1
-1
859614066
-1
790398840
-1
556005468
-1
-1
556005468
926820679
686186901
617921652
909821034
-1
608792819
843985581
604747503
-1
781844238
858385877
947491021
-1
-1
-1
778659013
-1
556005468
933356576
762601187
-1
969251692
-1
819939614
788733179
-1
938518665
836444488
632304619
779615012
-1
-1
-1
655186237
-1
550965151
563688806
881914477
764226882
626482044
819444921
664427113
984521646
-1
-1
643471369
741726144
837638388
892082026
-1
566976481
856993327
581800827
-1
854673397
987680212
631356406
836630172
820310010
784175642
556005468
-1
934447521
919787841
817389823
707949528
-1
-1
-1
997790436
745764526
926583427
710244712
527186644
673477755
962048393
636489838
-1
970136927
-1
725317709
667805152
884498696
745138728
916136864
775570587
976507206
-1
609040944
750262603
556005468
728418890
809754791
752570791
723641874
928860758
617396274
945749601
568763264
-1
756694364
602233525
819173305
853529422
844918023
607382624
-1
-1
785371046
566976481
739216105
669941894
898104207
-1
695239472
559637800
679757490
-1
889660660
-1
-1
-1
-1
798441435
742864377
853529422
-1
-1
650509981
-1
980366264
778532860
929094418
-1
557092771
924295511
-1
701558454
719047946
-1
691361565
872011396
745491394
608792819
909323589
575300294
506147725
-1
-1
831855369
-1
809754791
626824299
584576029
875091760
-1
-1
-1
991613917
-1
871640317
601119066
891657083
836557921
976356834
-1
607882973
-1
-1
634981921
-1
-1
926775145
637809228
-1
666282091
677012459
-1
-1
-1
713534604
-1
-1
801884707
638494867
713830881
-1
658557184
988673191
873369732
-1
-1
-1
-1
701360192
762453624
774441306
672372199
989127914
844682153
797958985
984341182
-1
857061769
604613852
-1
589318889
707191762
673844315
-1
566976481
-1
-1
867677297
-1
602195080
659954337
-1
752492578
675883374
941490999
978398520
-1
868814844
810039602
-1
-1
920383270
-1
763930177
773887379
873962297
-1
842548968
812078871
-1
724188847
-1
-1
-1
897745659
-1
768392929
599786891
552689456
-1
-1
846018172
881653231
663481723
909555717
833530836
878194388
-1
808244085
-1
-1
687247020
684689044
607882973
635547973
967028577
697613362
-1
569564213
-1
-1
619064380
639156227
-1
-1
-1
897915726
704903345
-1
556005468
887627270
902620483
584482403
901151192
693000090
732233428
983885654
-1
-1
844218703
814892049
658161211
768392929
954989498
797739344
597211395
-1
-1
-1
-1
833237130
563810465
733229178
749785829
-1
586566213
762321398
573621416
-1
-1
657280435
725086245
-1
571546000
682835347
880573816
920372617
809735382
-1
617283492
-1
576364125
569564213
910445463
-1
-1
560417179
-1
680326521
-1
533974598
-1
-1
-1
-1
602233525
844830784
568763264
914123645
791671250
716035812
923068086
984521646
999410741
849535848
667721646
929695016
-1
849550264
973698724
-1
-1
725317709
779085591
607148163
604348389
753589915
680108434
-1
661446666
657814513
-1
556005468
797958985
747744737
569771855
820657966
941164991
-1
685360116
999410741
-1
-1
958891667
874375438
940547003
665988591
-1
789303797
529390545
-1
756694364
566976481
-1
874329113
-1
844112947
869053344
-1
-1
624333584
-1
865165401
762453624
989308527
620054191
-1
767619768
780955023
-1
663035709
-1
482136481
881495385
-1
-1
-1
805162245
662991904
833763649
-1
704903345
-1
-1
802259309
608792819
707014474
602233525
976432039
728797026
879736126
-1
983691517
771719422
-1
-1
-1
999410741
-1
822963472
677012459
-1
-1
-1
792752425
-1
584482403
625738960
-1
602477238
730212175
-1
562006865
725317709
614811041
-1
720258077
599786891
-1
750466436
634928064
601119066
-1
889091721
-1
752612721
566976481
-1
704603658
-1
-1
-1
-1
566976481
799031001
823322980
-1
-1
930863217
-1
571627172
603137358
-1
-1
840101583
797861833
874469121
579598678
733740302
917850472
938544794
871640317
764226882
-1
861790804
556005468
-1
961098900
-1
578248825
850290322
-1
-1
-1
967028577
-1
917965886
731087040
769397237
960114530
879156838
786879254
658050007
-1
973690615
973921956
-1
598814874
812898429
-1
-1
918984602
610298649
759910872
617906760
986661866
849535848
537366966
-1
576833736
-1
-1
-1
556005468
-1
946393370
-1
-1
698430579
823164401
-1
-1
-1
700366309
657223972
-1
667959231
731469994
573621416
-1
-1
-1
879736126
735009344
776032050
796858871
794661064
882119037
874469121
984521646
940848840
876916404
537366966
681081984
-1
879736126
841576794
750819526
-1
725197387
606968006
-1
-1
996280536
-1
763930177
718158087
-1
956373187
644720887
663035709
576364125
724975510
-1
458274805
586479605
804530893
899141898
-1
-1
-1
-1
638823668
-1
655893003
611065616
-1
-1
693014385
-1
-1
-1
-1
-1
807330653
733740302
-1
947530458
959284103
566345965
-1
933464929
785796097
-1
596670843
-1
742790434
892398293
-1
-1
714225728
797739344
786423076
-1
689079206
-1
857415308
627390810
980566317
-1
713113729
-1
-1
-1
864610395
-1
578745347
827133308
-1
-1
537366966
877684350
-1
602209857
-1
725086245
573621416
632150127
910445463
-1
638494867
-1
728966174
-1
702803472
566976481
757436933
763930177
719093017
718477075
831796724
660108503
736724017
808943272
-1
685939404
602477238
-1
-1
597313989
-1
648733593
-1
-1
804053682
-1
-1
941869048
657223972
761655039
-1
-1
527186644
589318889
-1
-1
-1
-1
-1
-1
-1
-1
-1
734553390
-1
-1
707014474
994191996
-1
811587563
728797026
556624441
884361232
-1
793228353
839235623
813801840
566976481
-1
718523175
619775578
826025971
-1
-1
-1
-1
819604857
-1
569771855
779534356
714698426
607382624
768392929
632919395
553987498
560417179
724188847
616121601
-1
804956878
852747163
964635875
747447083
-1
698836565
798599019
-1
560725940
822610920
-1
-1
-1
-1
839490876
-1
793514301
704082212
556903473
527186644
-1
-1
-1
725317709
-1
-1
957478968
812571389
-1
-1
-1
560725940
914656150
704519786
-1
906170916
563810465
-1
-1
569564213
-1
626085298
956037343
739335321
587634352
930302250
653207401
-1
994266265
891281065
655533190
794661064
616936937
-1
813010327
-1
681921897
884823507
713547472
573675997
663918963
-1
781844238
904181301
707934601
-1
750023483
860659235
554923402
590329571
607382624
681577633
-1
914700552
-1
571627172
-1
842325619
630533375
-1
-1
-1
578745347
725197387
-1
-1
752612721
-1
666614145
986046588
-1
-1
-1
954407987
797861833
987223775
-1
940811236
771387220
695623639
926583427
-1
758565120
-1
549298253
714698426
-1
-1
568763264
719250082
-1
849970280
683220451
-1
677012459
598859734
816628058
984778660
-1
987660311
-1
-1
-1
906245458
993195330
603652544
742772148
759563496
765822565
566345965
876350251
783230500
887072682
-1
809693432
-1
614111574
707694386
753246999
-1
-1
947698199
571627172
588183655
602233525
-1
-1
-1
904794095
949070658
762626664
-1
970314863
821090353
-1
902086714
689994780
576356052
-1
986605642
569262254
-1
602209857
-1
-1
-1
573621416
874416567
-1
660108503
705217673
761157987
957816794
603652544
602964472
-1
968110361
718523175
-1
923078025
859244649
972499270
584482403
799410625
-1
968110361
570306117
762781324
-1
853976540
742864377
580891029
780975060
996280536
906281703
913855250
-1
-1
638223856
857294903
-1
584482403
599786891
701161592
661366085
-1
-1
713427553
648691041
-1
710855728
-1
-1
731469994
-1
-1
823164401
-1
822173338
672059596
662224659
957891133
-1
-1
692192842
929874107
-1
-1
853529422
-1
555149258
611776789
793715108
885013543
-1
-1
807069234
727169140
645325376
-1
578829402
936563174
602233525
-1
-1
-1
824476076
921712279
-1
-1
813768748
726518327
645880186
-1
902284038
462738143
-1
-1
-1
621941325
681175680
-1
-1
741128974
-1
-1
857989703
677985016
695789265
-1
855119792
768111928
660279729
608792819
920971581
568763264
-1
-1
625223422
-1
911334668
701074782
758402823
636322895
899154263
719047946
816637147
-1
740382153
977837633
848269698
681446219
-1
865541239
618493808
570026333
797895269
584482403
942958332
973690615
666383214
795803275
660350591
870888431
-1
714225728
-1
-1
-1
826224146
581106642
556005468
636563522
-1
720258077
798441435
-1
864610395
758565120
928571010
-1
943476226
631428910
617396274
619064380
-1
728797026
683220451
652878794
961049367
-1
762233348
570254515
-1
-1
603286855
857061769
755797014
851686487
704903345
-1
730281791
971286312
-1
625223422
925569442
569758786
-1
-1
740118717
607382624
679068955
814367044
-1
725197387
-1
808244085
634928064
-1
632247427
556903473
-1
590719336
855955496
831722508
844544457
-1
-1
-1
704903345
753697113
-1
690141633
616936937
567595550
591514165
935020234
-1
799486190
-1
631356406
-1
-1
763162825
906121254
725317709
708519740
976432039
-1
949581833
-1
-1
662477815
-1
-1
-1
710560369
959284103
640153591
781973029
853976540
-1
-1
569564213
-1
690141633
809327584
-1
-1
920772193
-1
556129132
633643795
-1
-1
991510133
-1
-1
646418715
-1
-1
715760912
599122062
-1
980366264
-1
536228776
-1
607382624
608792819
863345891
903593199
720779770
650509981
-1
-1
904801824
923584608
704903345
571627172
756665447
845769113
689987530
929874107
949070658
601983239
-1
614492625
-1
682835347
696586916
873470714
-1
-1
-1
762321398
804337377
-1
721054988
806519061
777722013
825878512
865165401
807410407
669506958
857120715
834799762
665246796
786403910
663372041
-1
556903473
865240097
-1
799221856
-1
906281703
876641305
-1
899630634
604182717
536228776
-1
823322980
962238926
-1
624816478
-1
692993710
710560369
857358700
656057877
691205182
787267835
588183655
-1
814016572
-1
-1
876122021
814663788
-1
-1
-1
728797026
552114918
-1
571627172
-1
-1
626508447
875296685
587634352
874640302
582668186
713604426
-1
-1
825235203
566664426
-1
581004131
-1
975559723
-1
745900885
725317709
900600096
798599019
-1
-1
566345965
-1
-1
596805155
-1
726887548
601983239
953714882
-1
857415308
-1
-1
939820365
920372617
-1
589318889
560417179
-1
-1
766129490
573621416
574423812
678189139
695400935
617283492
647388318
699250547
713074307
846443400
674958035
663035709
-1
720258077
806539569
617396274
983413137
-1
646418715
-1
705415000
902379040
566345965
910375433
558962881
734352989
616936937
-1
-1
738895825
642888435
-1
954989498
917468046
765297223
748571964
825558612
974752076
-1
876916404
629073159
-1
673502713
690141633
-1
-1
-1
-1
-1
606144252
-1
740382153
556903473
-1
770232187
585282310
878130882
659704296
-1
997813738
556005468
836967839
996280536
-1
566697371
-1
917839774
982419488
852376470
865635212
840751500
614811041
-1
-1
-1
875296685
-1
-1
908145733
-1
906121254
-1
873761148
750888439
617396274
-1
604348389
625223422
-1
872372585
916345539
704603658
921712279
-1
804956878
-1
907519845
683759022
643471369
760513288
651332554
-1
663918963
806060477
749074604
970781557
-1
-1
725317709
893706647
745900885
931651238
732120990
713604426
735009344
-1
616936937
634726322
556005468
-1
718158087
-1
-1
892166734
743897847
903880330
-1
-1
607382624
-1
556005468
815811868
967822094
836286736
815219897
-1
526818457
-1
532404106
853349892
645941643
918946484
608701848
-1
562698628
-1
917850472
-1
-1
-1
-1
-1
832685881
822167848
-1
852747163
-1
680267861
663372041
641121927
-1
-1
-1
794661064
599786891
556005468
-1
821267238
936085451
704603658
821652882
663918963
604182717
598892892
556005468
-1
-1
791757176
771387220
-1
658557184
813088213
566976481
832776579
635547973
902694089
602195080
877854068
620015036
809735382
936085451
836286736
-1
799486190
825558612
953426735
-1
653240467
-1
700303124
657280435
773695245
-1
924971564
566976481
-1
-1
-1
-1
-1
-1
720786597
573177200
696811485
-1
853349892
-1
712610014
703487295
-1
589318889
953232439
-1
966893026
-1
-1
967769971
600031909
-1
969187121
-1
563810465
588183655
-1
-1
560417179
-1
-1
873962297
873701159
-1
-1
556005468
808548458
909118723
-1
728226308
-1
-1
663918963
-1
554923402
892166734
-1
-1
803665812
-1
663348128
849672740
-1
962238926
948320975
816292112
955284763
-1
-1
-1
-1
788503114
-1
602477238
-1
613163181
-1
-1
-1
865541239
592411867
860136202
-1
-1
-1
850127348
651332554
-1
-1
-1
-1
-1
685360116
-1
558962881
553987498
-1
958711340
-1
-1
916992912
783230500
571627172
-1
-1
601119066
863206333
-1
553987498
904703304
-1
578829402
718361206
-1
-1
-1
672206473
856334793
981456378
942793407
805863022
-1
794421976
603652544
727482698
949581833
824104813
-1
-1
616936937
698661704
-1
560417179
778659013
-1
750888439
-1
-1
-1
794661064
626085298
-1
732187630
713604426
-1
716461824
860886825
615898442
859244649
571546000
-1
906291963
763423385
906260301
991613917
969251692
650509981
-1
-1
-1
-1
707191762
930863217
-1
765588047
989308527
-1
-1
-1
-1
906283251
734553390
748617150
701192243
-1
697401638
823936601
-1
720258077
-1
615080318
594635790
894371777
836557921
-1
716461715
590329571
866035768
555149258
625880441
771539373
791520976
620054191
-1
720258077
-1
-1
621839611
-1
983099123
857358700
-1
-1
-1
834463311
-1
983224474
684950565
616936937
760513288
869499599
556005468
-1
619775578
698661704
846480080
-1
636538213
-1
941164991
-1
-1
826774643
766923533
-1
-1
556005468
778802457
569564213
611065616
610298649
939820365
556005468
-1
556005468
657814513
-1
870270333
-1
873470714
558962881
700366309
-1
-1
-1
-1
648728981
701074782
-1
-1
-1
-1
761157987
825558612
-1
742739833
-1
773227551
684917208
638546808
719047946
573621416
897915726
701558454
656057877
878130882
625880441
713604426
-1
-1
842444892
768111928
568763264
-1
650509981
569564213
562698628
-1
559637800
685235833
-1
-1
770821583
-1
751373710
-1
844046528
597629189
556005468
-1
954989498
-1
-1
983099123
750214735
797895269
925472349
762453624
992169440
580474066
725197387
-1
792314552
943221833
607382624
-1
-1
771387220
-1
-1
-1
608792819
-1
918946484
-1
560417179
-1
-1
707014474
756694364
836799490
718094569
-1
868901752
-1
-1
925102903
-1
625738960
638563520
764791671
937770288
626482044
616936937
-1
983099123
-1
956664022
-1
-1
763930177
695055671
608792819
-1
839235623
-1
-1
-1
808943272
784753528
573290841
571627172
620927670
-1
737864535
599122062
689079206
590896173
616040067
797126565
587378567
931487309
-1
633432326
-1
-1
913855250
580891029
-1
-1
978444435
549298253
-1
826224146
-1
672059596
962334584
-1
773435187
617396274
971233877
793402286
971195110
713023861
-1
794661064
-1
-1
-1
950792090
794143620
959408711
792752425
868901752
-1
-1
556005468
906410233
-1
-1
-1
868355736
601119066
526818457
684359042
-1
890709531
-1
722392831
996280536
-1
817298814
-1
663372041
-1
918946484
809754791
-1
902388640
735009344
989692203
-1
-1
-1
899619201
573621416
-1
581817836
608792819
557092771
938544794
-1
954743782
836286736
655533190
691574360
-1
736608994
-1
838128302
-1
-1
644937749
779934117
583412803
679133874
-1
-1
-1
-1
626824299
-1
-1
896137605
735976456
799485497
842444892
584482403
909118723
628467987
751373710
532404106
570026333
655521948
-1
663035709
640380416
736608994
-1
779085591
851854320
588183655
992030266
560725940
-1
608792819
897082138
556903473
-1
-1
-1
-1
-1
703487295
-1
-1
565740677
921652554
943881146
669506958
-1
-1
756694364
679757490
934353907
691511698
986640751
784400685
-1
-1
-1
987446264
-1
543027275
556129132
-1
600428905
860659235
851865540
663035709
-1
709110582
-1
607148163
865976258
-1
-1
-1
-1
607382624
-1
947530458
698284595
-1
-1
725752899
-1
626236288
990578921
-1
686186901
616936937
-1
631368721
-1
-1
986221516
717010432
764191228
939782670
698430579
638823668
-1
794748950
-1
631356406
635049242
-1
-1
787269183
611065616
536325901
-1
802259309
-1
-1
-1
787269183
616936937
906121254
853529422
771990870
556005468
729285147
756665447
907706924
-1
707014474
851854320
616936937
-1
762233348
-1
974850256
959658746
740118717
-1
727607940
823164401
-1
765524208
913855250
-1
829935838
823936601
570306117
870270333
-1
585405136
-1
797895269
811683326
850484692
875296685
-1
980144974
598291471
719047946
-1
945703797
854914101
776428270
630163669
604747503
-1
-1
941164991
-1
-1
971245779
-1
730603251
642138090
-1
-1
-1
873470714
-1
-1
604182717
569564213
776428270
-1
884293414
556005468
-1
805052578
762220486
-1
840101583
872582887
815219897
923068086
853349892
862965910
-1
665593911
801665794
609040944
713604426
834514717
737405663
941406071
913863327
972659676
-1
822871466
699594609
-1
870997577
999410741
-1
-1
955575252
-1
959658746
-1
658717568
768392929
-1
-1
853298198
686074213
-1
-1
-1
-1
556005468
809735382
949581833
780955023
912209492
681921897
869053344
666898580
989788354
-1
-1
-1
-1
599910664
-1
-1
902694089
-1
999179823
891281065
752815393
948877624
-1
779085591
-1
829935838
-1
749392286
843985581
701991034
708157394
-1
876916404
863937231
642424729
822374288
-1
929001777
-1
641756556
639883553
934874450
988488036
907519845
-1
545013529
795029250
787282983
704603658
-1
-1
844682153
704903345
669506958
857132695
-1
-1
586479605
807330653
-1
700644843
775258691
-1
-1
781973029
663035709
-1
657604683
994266265
-1
616121601
-1
811587563
579598678
718094569
877854068
683099378
760513288
909064055
641756556
608792819
648733593
568763264
718361206
735497421
-1
607382624
729114837
-1
-1
665060293
-1
-1
-1
813456489
-1
787834113
765822565
-1
-1
659704296
-1
959064778
631368721
617396274
894355108
772455369
700338342
915661977
635610658
-1
-1
-1
771387220
-1
-1
782579899
727342401
-1
910325311
680685723
684950565
907004083
873470714
715966579
-1
569564213
729861726
692992262
641876643
735009344
825558612
629193400
-1
673844315
-1
-1
-1
909118723
971912406
577313876
632160177
-1
906728173
788503114
923078025
-1
750174111
-1
798441435
872045161
849535848
707181823
571627172
-1
684176863
-1
724088880
685360116
806538835
749392286
787441272
-1
779149794
906170916
646262951
943221833
914656150
-1
986661866
853529422
901117910
-1
725186113
886547158
958365150
-1
876350251
547064409
-1
-1
624913272
569173876
-1
817257254
942854393
684359042
580952400
872011396
-1
951929318
873962297
-1
681175680
811587563
929989374
834124709
-1
534092928
607882973
957426196
888399699
797739344
852747163
-1
691574360
-1
-1
612425358
759910872
886355952
908077813
-1
793514301
761641968
-1
-1
709897190
-1
605369141
-1
-1
-1
-1
-1
-1
-1
680267861
-1
664529254
661446666
611065616
801368595
-1
980634860
677839871
-1
742864377
-1
890316911
-1
970538192
881090967
-1
795803275
704603658
768425377
-1
816637147
742739833
556903473
584482403
633432326
834827451
691574360
802323767
766549654
-1
639687856
-1
650509981
985144954
958711340
597365989
848920107
-1
600031909
-1
748060914
789241535
783230500
-1
986640751
584482403
-1
731831781
589318889
719833996
974933038
956664022
971317829
667542497
887072682
719194298
-1
-1
731286600
710976334
983413137
-1
751373710
868901752
-1
-1
754770549
576364125
-1
725035218
604747503
-1
644044875
-1
569564213
925064864
-1
-1
804067159
885013543
815812373
-1
629213091
608792819
802542928
704903345
879872109
684950565
-1
650470172
815812373
-1
-1
917329464
-1
836906204
622601973
659954337
679133874
-1
-1
-1
-1
-1
-1
703487295
-1
-1
-1
857989703
-1
770622684
742739833
741726144
-1
896155093
704603658
556005468
-1
-1
853539736
913855250
-1
638823668
566976481
-1
766233940
679223843
655533190
993021226
616936937
821566262
-1
-1
747744737
831796724
659954337
803474883
909323589
573621416
733740302
556005468
-1
641527637
-1
-1
-1
-1
704603658
-1
665153782
-1
821090353
761641968
872983989
566976481
768111928
556005468
-1
869053344
-1
902284038
998574128
655533190
648728981
936810648
910718819
563810465
556005468
-1
558962881
656057877
-1
729285147
960999743
569564213
719047946
763930177
789773522
593070937
625880441
902694089
-1
-1
792314552
-1
-1
601119066
-1
986640751
816628058
-1
-1
-1
614492625
797739344
806815491
-1
707949528
903880330
-1
527186644
774296801
653240467
-1
902284038
-1
713604426
583663684
-1
-1
-1
-1
-1
782730636
823164401
-1
949774769
-1
812934331
-1
764791671
934127293
-1
-1
710560369
903880330
-1
-1
-1
-1
602477238
742119471
731469994
-1
-1
785371046
713604426
622443041
983691517
-1
731286600
545013529
-1
617976907
-1
724188847
626824299
756537803
663932658
-1
700644843
-1
-1
844421121
628467987
970136927
-1
929358895
-1
838128302
-1
-1
621839611
901117910
660297603
701257723
979102822
663035709
599122062
-1
801368595
-1
-1
637943021
-1
698836565
-1
812058577
-1
840791020
-1
-1
-1
-1
-1
-1
-1
789228052
611789166
892236472
650725283
-1
-1
868814844
-1
-1
-1
776983890
962048393
796642404
766549654
566345965
608792819
673477755
707014474
587300147
-1
-1
-1
-1
-1
-1
742131235
573621416
766923533
908145733
662556439
583907333
878130882
780955023
-1
624048531
-1
-1
771142273
-1
965286244
977607926
807069234
-1
971373723
736016902
753598579
-1
729114837
-1
742643491
797598647
708435409
696289051
722663280
-1
749074604
-1
634469797
721867466
795803275
906291963
745764526
573621416
569771855
556005468
-1
-1
611065616
962048393
825878512
-1
813768748
698456356
646262951
798085707
588183655
819162189
-1
-1
745138728
582535872
-1
698370380
-1
656508826
-1
-1
708157394
718523175
-1
-1
527186644
-1
830819666
-1
-1
-1
766549654
672059596
784753528
-1
-1
620613219
814892049
527186644
-1
-1
650121210
-1
805162245
812078871
845555201
853529422
954743782
458274805
663035709
-1
-1
867501615
-1
-1
809327584
799564530
-1
574298466
971912406
-1
-1
-1
713604426
880621572
-1
-1
-1
-1
926583427
740316686
-1
648820040
-1
-1
-1
-1
-1
-1
818072882
-1
764791671
-1
874207061
-1
919993526
797958985
-1
-1
670043596
-1
865324340
661148800
980595273
620015036
937942456
947497708
-1
-1
-1
599786891
-1
763930177
566345965
902284038
798441435
-1
817762999
603137358
-1
694162336
-1
713023861
986221516
877428625
-1
724598282
553722021
883334852
719154984
566345965
-1
-1
-1
892082026
718523175
707191762
861541057
611776789
556005468
-1
981201452
829193334
740107180
-1
-1
-1
937942456
808307604
-1
577313876
545013529
545013529
968944457
-1
650509981
840000737
556005468
862756563
-1
-1
566976481
606584148
742790434
-1
642138090
-1
840751500
-1
-1
714225728
797739344
865101612
-1
816209853
604182717
961754866
-1
691743637
948182510
-1
884216137
582193239
986640751
-1
966666277
-1
896155093
902694089
603652544
-1
-1
-1
611065616
-1
-1
812054980
-1
-1
860136202
-1
812581763
-1
779934117
-1
806815491
948320975
-1
831722508
880971605
966630472
-1
766549654
780556162
766549654
603286855
-1
-1
912063230
-1
556903473
-1
761641968
-1
725035218
-1
-1
556903473
657383094
-1
763423385
985144954
-1
-1
608792819
-1
810375381
741214961
847180003
-1
-1
-1
-1
-1
-1
-1
593087140
556378043
-1
673123567
683025023
890855933
-1
-1
-1
917965886
-1
683220451
654221412
569564213
713604426
583663684
971245779
526818457
607882973
573621416
569771855
916345539
-1
556005468
745764526
-1
707191762
604035857
-1
624913272
846838454
-1
763930177
748555765
-1
-1
976841524
725317709
566976481
608792819
977192036
-1
560417179
758348808
579305590
836557921
927791813
-1
-1
-1
768111928
698836565
978819666
844112947
712484763
778681170
800443566
-1
657814513
636538213
-1
570026333
660402440
897745659
602382337
576356052
812930635
851462069
715966579
-1
-1
-1
823164401
617976907
-1
648733593
803665812
-1
-1
924971564
823164401
773759488
-1
936810648
933225358
-1
-1
-1
-1
-1
-1
764225286
742131235
-1
844012301
774836479
-1
-1
-1
749392286
750277595
-1
727672462
589318889
750819526
580891029
966836789
791757176
711657893
556005468
-1
-1
987030425
677574830
653042991
661486473
969251692
-1
819993177
700644843
926465914
-1
-1
869053344
725197387
894355108
-1
566345965
602477238
832776579
-1
877766345
-1
568763264
-1
996918349
-1
765822565
-1
766129490
774793858
-1
631250346
884255856
588183655
728966174
865541239
576053979
802872291
-1
918946484
923655172
-1
-1
495800708
797054308
-1
-1
876641305
725086245
-1
690385885
-1
654221412
-1
728256551
590329571
542874586
629213091
639325630
608792819
-1
679223843
930863217
641756556
604035857
679652565
-1
-1
654137208
721978683
695962342
789228052
-1
658566973
811587563
642138090
650509981
-1
604502933
936230864
742131235
833237130
776428270
-1
-1
626482044
-1
-1
-1
573621416
-1
-1
868901752
880621572
984562724
981763981
679579799
634469797
-1
527774966
822173338
-1
-1
980634860
-1
-1
822167848
696135470
-1
-1
570887675
-1
607382624
616936937
-1
677304844
650509981
-1
-1
-1
-1
789303797
-1
608701848
804956878
602382337
-1
641165534
728226308
905109769
779615012
-1
779007443
617906760
656057877
-1
792752425
-1
-1
-1
556903473
755123274
708157394
712023807
602477238
986661866
-1
941869048
630149516
559637800
823164401
967822094
957426196
713604426
844012301
-1
640257863
-1
993195637
854914101
799221856
731286600
986025647
622254650
683099378
874757393
-1
565740677
933356576
-1
835414634
-1
604035857
948320975
872582887
-1
919527878
569564213
557092771
799308220
729519253
556903473
571627172
-1
957478968
654850475
-1
-1
860659235
671822381
602477238
-1
750819526
714814763
853183971
616618986
929001777
827982132
657814513
-1
-1
588183655
-1
872011396
764191228
934353907
896580778
-1
-1
-1
-1
592812927
831796724
-1
695623639
566976481
651703461
736608994
824476076
718158087
-1
718215088
667542497
-1
-1
599853738
624308455
637935746
718523175
943911935
-1
908145733
680117297
-1
773695245
680886142
619775578
719047946
626554167
-1
-1
708357268
632150127
888820741
879736126
806519061
974752076
556005468
708519740
-1
765021699
681656889
648217033
569564213
669941894
673502713
779085591
614127723
630797632
-1
718465217
-1
691361565
909064055
764191228
-1
923068086
673502713
-1
611776789
722731782
-1
850127348
-1
904727363
592631040
-1
-1
-1
592411867
708369113
899036924
608680861
-1
-1
-1
827424928
-1
939820365
-1
597313989
866429679
-1
683099378
853529422
-1
830254982
-1
958977568
-1
841576794
685235833
678242896
566976481
626085298
757290591
962048393
-1
573177200
-1
554528354
868704560
605652251
-1
-1
768111928
700644843
759910872
692707384
-1
798599019
627997928
-1
-1
-1
779909721
823936601
710154653
951929318
-1
-1
641756556
844070037
717457757
694162336
604182717
809327584
-1
759974088
704603658
-1
836557921
720786597
-1
787373990
812581763
738837515
-1
-1
941869048
683220451
650426881
-1
604348389
-1
714225728
930098092
556903473
-1
804588178
777722013
836444488
-1
997746549
-1
751373710
-1
-1
643906703
-1
675091116
-1
607382624
-1
-1
741386092
-1
-1
704082212
513393028
681921897
691299926
566345965
-1
849363767
632113459
782600742
585091804
-1
674927847
638731569
802872291
-1
-1
918061833
730714717
700644843
566134646
721584881
960999743
-1
844012301
908145733
704603658
571627172
-1
880528144
712023807
-1
685360116
569564213
-1
616936937
-1
873379386
976432039
556005468
956567281
611776789
-1
667721646
587300147
-1
740869188
840751500
-1
924274510
-1
815811868
604182717
803892912
797958985
885013543
680267861
-1
629193400
-1
530115238
608792819
-1
776428270
-1
804053682
838331344
877938371
-1
977837633
797895269
-1
569564213
-1
-1
663348128
556005468
946427501
-1
-1
-1
714225728
617906760
854020035
646262951
957173239
704903345
-1
764191228
-1
962334584
-1
-1
-1
558796308
-1
797895269
-1
-1
795803275
-1
-1
845555201
-1
602477238
797739344
-1
-1
907519845
541674952
566976481
914123645
801322629
-1
602477238
677304844
-1
960193403
-1
650509981
663918963
897450129
742864377
-1
854020035
614492625
842548968
569758786
-1
660808475
784905372
684359042
738173241
599786891
956567281
-1
879736126
-1
868355736
631623499
844544457
-1
554923402
-1
-1
-1
801368595
925802089
853529422
-1
832373642
611065616
642138090
-1
638823668
999410741
839485534
947026300
-1
-1
-1
713547472
-1
-1
-1
-1
-1
696289051
-1
-1
-1
847558495
-1
700573589
776433871
836635800
814892049
789228052
998645492
-1
808011387
638288288
-1
-1
-1
-1
644164429
849249370
706661768
851865540
826392187
-1
560725940
-1
-1
-1
-1
-1
849987849
-1
947819468
-1
709048436
-1
642649834
-1
-1
-1
-1
603286855
833530836
-1
-1
676803213
-1
571546000
847558495
879489622
-1
583678983
839856571
911580723
700644843
-1
903593199
-1
-1
788270927
584482403
-1
635349245
581425181
590329571
569173876
-1
779196799
767292416
-1
899630634
771665881
844439375
704603658
-1
650509981
697401638
596420759
940811236
-1
773227551
797958985
858385877
-1
711657893
906919904
-1
806519061
599786891
774874810
556005468
-1
721978683
-1
-1
-1
-1
-1
582671485
671109531
608792819
563810465
847024229
797958985
-1
-1
-1
-1
-1
983691517
838659710
-1
-1
794661064
-1
-1
-1
935324611
-1
623463535
-1
766425141
-1
804956878
901624936
980634860
556005468
-1
643906703
856502213
-1
663035709
-1
-1
654221412
-1
-1
-1
-1
607382624
776531248
-1
-1
597211395
-1
876641305
-1
854215361
701192243
919787841
-1
-1
662991904
557092771
650509981
966893026
924499977
556903473
725197387
623463535
-1
628314322
-1
-1
994266265
-1
527774966
773801248
-1
556005468
751373710
984521646
663035709
945703797
569564213
822245314
-1
636538213
818750898
556903473
-1
596805155
-1
827982132
-1
606423008
988673191
-1
-1
853349892
861790804
-1
680267861
836557921
-1
706834892
-1
598276176
578829402
911334668
-1
-1
657604683
-1
602382337
797895269
-1
-1
-1
695962342
569262254
622338523
976588584
707014474
656057877
872011396
672206473
-1
809754791
-1
-1
884770757
815812373
-1
863206333
683099378
746393734
663932658
980634860
645711867
701161592
660350591
-1
718361206
798599019
569564213
-1
857989703
964857005
575300294
-1
-1
810047538
-1
854673397
912209492
892830658
-1
865375153
723304677
-1
794661064
554923402
-1
573621416
760513288
-1
639156227
797861833
-1
-1
981201452
731087040
856402455
-1
761655039
901117910
768111928
-1
-1
-1
569564213
776147991
926789851
789978240
608792819
-1
742643491
-1
-1
565740677
781844238
664427113
-1
659695249
569771855
657604683
666800150
694162336
526818457
841347263
682795387
839012383
700644843
724598282
655186237
-1
862627999
-1
-1
784929098
865976258
757608369
-1
-1
792413427
645880186
857627324
-1
719761202
665060293
999784068
666606998
684359042
-1
618489475
802872291
603488788
-1
871806458
602233525
-1
681921897
-1
-1
817703695
826987518
-1
588873654
719833996
596805155
-1
869053344
695962342
942854393
602964472
986526041
604035857
949581833
886081481
-1
-1
873175334
748571964
680267861
-1
729290320
599786891
847558495
787373990
941036653
-1
-1
870629088
845872806
-1
689994780
662477815
808943272
675111950
-1
-1
820968285
661341317
-1
774653490
865753321
659954337
-1
907519845
545461381
699594609
603286855
580618130
-1
-1
710638446
731469994
719833996
-1
-1
604182717
919993526
-1
797739344
781592172
805162245
-1
-1
-1
666324403
846018172
567595550
-1
-1
878154918
874329113
685360116
753246999
886368247
957816794
986025647
-1
671109531
834124709
839485534
690141633
836557921
-1
804337377
846443400
779085591
-1
-1
697322064
836557921
-1
739335321
691376288
650509981
833237130
604613852
642862414
803071501
847820987
-1
-1
-1
-1
720258077
659954337
931757645
881495385
692327794
897745659
-1
604182717
654850475
797958985
566976481
893627772
728256551
571627172
690108509
-1
974933038
903880330
-1
800644384
605369141
721867466
-1
788271487
-1
-1
962048393
-1
663788377
-1
757608369
-1
-1
753598579
580891029
-1
858461449
756694364
744704401
536325901
704903345
575300294
793411847
-1
691743637
-1
683220451
702413598
-1
882375188
853529422
599122062
-1
710154653
-1
775677371
-1
-1
-1
836557921
809488763
942854393
785796097
648691041
793404764
983224474
917839774
608792819
-1
695239472
777585669
-1
735976456
654920026
702631963
-1
-1
907004083
-1
799250929
823322980
740316686
930863217
751441621
-1
988673191
757011632
584482403
766425141
955284763
-1
556005468
-1
673316866
671303049
-1
-1
-1
-1
-1
850547730
-1
827424928
-1
693956131
-1
-1
696289051
924274510
774441306
-1
-1
609767633
741482625
741241869
907519845
683099378
-1
-1
750214735
851865540
-1
906012348
708519740
719047946
798150062
-1
-1
-1
763930177
920372617
701192243
-1
836444488
-1
918382020
704603658
736938334
788439591
644157895
609642021
-1
610850145
607382624
-1
765524208
942854393
725086245
786423076
804530893
-1
663289183
718488429
578450857
-1
-1
645880186
-1
-1
960999743
-1
-1
-1
771387220
752260165
-1
667542497
840619685
-1
634851857
614237804
556903473
833237130
673918247
581004131
675959313
586566213
884770757
683220451
584482403
695962342
694162336
857294903
596598221
-1
-1
-1
717985814
607187159
778532860
768141737
804337377
819418443
748747208
-1
766549654
648733593
602233525
604502933
602233525
856250024
599969531
-1
740107180
718361206
728418890
967028577
976432039
634469797
-1
536228776
738173241
742222515
-1
-1
-1
584482403
917217402
-1
707014474
794842768
-1
-1
-1
-1
-1
573521925
-1
646262951
566345965
-1
661099119
-1
724076506
611065616
-1
885594672
669298392
693956131
-1
-1
714341395
719851321
556903473
773435187
969251692
-1
795220045
691574360
604502933
659910936
983691517
662803626
-1
616936937
-1
619009200
623463535
924821170
758268492
-1
-1
609040944
639883553
-1
924295511
-1
614071036
-1
673477755
-1
-1
-1
-1
784753528
751373710
964038530
698661704
-1
757665804
857941824
-1
-1
663035709
797739344
636848186
-1
947819468
644157895
718361206
-1
536228776
937942456
-1
603603499
-1
791757176
578745347
850484692
759158947
-1
720786597
-1
604747503
618601902
-1
-1
-1
-1
-1
728226308
-1
-1
-1
953385906
-1
945703797
-1
-1
-1
-1
-1
630533375
780556162
-1
-1
655893003
-1
817703695
832495695
629073159
-1
693662573
758348808
-1
-1
545013529
-1
-1
-1
-1
-1
-1
571627172
-1
721867466
742787719
-1
-1
607382624
-1
601119066
-1
966131458
763930177
-1
-1
988488036
-1
-1
788439591
725317709
777299345
-1
-1
-1
864630434
-1
720786597
960114530
-1
682835347
599594224
-1
821625081
877428625
645880186
736724017
-1
869053344
619691590
-1
700895549
-1
724044611
-1
602233525
-1
-1
782579899
620613219
667495473
-1
697230065
-1
-1
-1
621941325
667495473
690141633
-1
-1
565740677
778532860
601119066
637147191
644044875
-1
568763264
710154653
-1
775101402
951663957
721335661
-1
713534604
-1
616936937
786576766
-1
615080318
928571010
945912292
-1
663845229
-1
604182717
565740677
608792819
-1
655186237
882491539
545013529
840751500
972499270
808011387
742536512
-1
-1
-1
-1
947497708
799815798
642862414
632017327
677012459
857627324
725317709
718488429
719093017
-1
598276176
-1
648733593
604182717
895078057
-1
879815589
-1
714698426
624405950
-1
787834113
619064380
-1
-1
814537932
700644843
756537803
823164401
-1
-1
580235459
704903345
-1
-1
870629088
556005468
719562512
957224809
-1
646550902
574410752
-1
-1
666643129
856402455
660966879
-1
765822565
584482403
609040944
-1
-1
663372041
888921537
-1
859244649
938544794
816628058
-1
532846444
-1
-1
-1
736016902
-1
-1
607382624
904794095
635610658
-1
-1
854040292
825119150
-1
685360116
874757393
763930177
-1
646819027
663035709
-1
597629189
709449467
-1
792752425
907232111
-1
-1
831722508
836557921
727607940
566664426
633444086
-1
750023483
-1
799308220
584482403
-1
765286070
604182717
636538213
920664141
-1
-1
571627172
556005468
-1
566345965
-1
-1
-1
-1
887627270
-1
720258077
-1
-1
708519966
840791020
846443400
661148800
-1
853348960
566345965
588183655
583907333
665770579
718523175
989491352
-1
724736457
709048436
880174358
845769113
656846501
-1
-1
659954337
-1
725086245
558962881
648691041
-1
-1
754992014
-1
867083043
747744737
-1
920771870
602017797
839012383
886538696
879736126
585272455
650470172
-1
-1
556005468
-1
745569215
-1
-1
631356406
-1
-1
-1
868355736
756119798
-1
762297153
556903473
-1
915760424
-1
719970387
644667220
-1
658717568
880573816
672059596
-1
-1
740316686
797739344
770622684
784905372
972508249
-1
721512437
660357764
943381472
-1
-1
-1
738895825
-1
-1
844439375
597211395
-1
556005468
-1
-1
654850475
876641305
-1
804337377
-1
521967410
-1
713023861
980634860
-1
-1
-1
968321986
-1
704903345
-1
736840421
655893003
-1
849672740
865976258
-1
560725940
874625985
-1
630482195
-1
-1
-1
-1
744704401
-1
-1
550965151
903862470
803319534
-1
-1
-1
565799178
693000090
-1
624878890
986661866
617396274
-1
580891029
-1
597365989
666606998
908145733
-1
-1
663918963
906291963
-1
614492625
-1
754992014
-1
734900540
-1
889662097
740802410
598892892
-1
664529254
-1
892236472
-1
984341182
689079206
-1
-1
-1
-1
-1
751394315
-1
-1
823936601
725197387
556005468
-1
-1
629045615
571564655
-1
655533190
-1
926583427
-1
536228776
683220451
607882973
874416567
-1
559637800
-1
-1
-1
-1
719833996
752637566
713604426
-1
734854397
682835347
-1
961098900
838128302
-1
914700552
604182717
812930635
-1
634981921
-1
566976481
694162336
556005468
-1
699250547
802542928
-1
-1
-1
638494867
991872170
-1
-1
656508826
843851012
-1
-1
-1
607382624
-1
-1
696547218
595097702
-1
-1
705264020
863206333
-1
568763264
916136864
813597518
636337589
949581833
666614145
-1
771719422
629893355
-1
884961392
-1
-1
701991034
674811590
-1
578450857
-1
-1
671612796
704903345
648820040
925802089
-1
673844315
-1
-1
-1
671128528
-1
-1
621833481
857132695
-1
824476076
-1
657327150
-1
857989703
646262951
-1
898936158
616383493
793411847
-1
710665438
698430579
823936601
958947091
-1
655186237
-1
556005468
879446656
643472483
687147297
-1
-1
703335174
-1
920372617
984341182
681921897
926884314
-1
916114577
-1
-1
616936937
-1
-1
798441435
645325376
-1
833530836
722916231
917839774
566976481
-1
678649498
-1
804337377
916114577
556903473
652878794
557092771
-1
556005468
-1
662477815
654221412
-1
-1
582017619
599594224
566345965
856552886
822610920
920372617
-1
856234631
-1
-1
-1
868814844
604182717
-1
809754791
559637800
-1
-1
-1
704903345
878628648
-1
906121254
573621416
569564213
761809616
616936937
695239472
913334696
971195110
754632592
696289051
-1
-1
-1
563810465
-1
884770757
704903345
677008642
680267861
632247427
819405249
988456003
658747645
-1
573621416
958711340
713604426
614492625
860050234
725197387
732509877
-1
736938334
849970280
659954337
659893596
948288089
970136927
655893003
852719888
646262951
775258691
856877846
-1
656057877
-1
-1
-1
732120990
710560369
775340610
-1
672206473
757290591
-1
-1
695055671
974933038
-1
931753872
616936937
877766345
-1
-1
-1
641527637
815219897
-1
926583427
832490663
943806817
927791813
625738960
-1
695053151
-1
-1
703335174
557092771
873470714
-1
582535872
974742589
604182717
-1
874625985
701558454
816628058
611065616
537366966
908131575
840751500
569564213
-1
643906703
-1
576364125
737229162
817598123
723531875
558962881
-1
602382337
-1
-1
956373187
635799154
695962342
-1
713547472
894557423
659954337
765822565
989127914
568763264
985709352
-1
781167909
-1
968110361
650509981
-1
655533190
771099308
971649133
-1
-1
691299926
-1
-1
646981421
920664141
-1
953115727
-1
856250024
875296685
-1
729917426
-1
-1
778640170
983099123
-1
874757393
-1
-1
-1
903593199
-1
-1
556903473
-1
-1
-1
-1
764560554
861790804
819405249
-1
584482403
841575662
935905150
641527637
-1
-1
731469994
755813363
836557921
-1
728226308
802051428
798150062
719833996
732233428
835615571
980634860
566134646
-1
741726144
638823668
584482403
-1
905306775
-1
573621416
611065616
-1
719047946
571627172
-1
980366264
-1
787834113
838882496
-1
869053344
683220451
-1
-1
-1
872582887
-1
-1
713074307
844544457
599786891
853529422
860496810
634726322
869053344
708157394
718361206
626508447
724736457
789303797
891657083
962048393
656096137
949774769
703335174
-1
-1
663372041
601983239
-1
589318889
-1
986501647
626111828
576356052
968944457
-1
-1
-1
873701159
-1
569564213
671128528
872372585
725086245
569262254
-1
-1
-1
728226308
-1
632919395
822173338
566976481
799014565
-1
-1
-1
-1
856234631
690141633
956037343
651332554
560725940
537366966
877623564
975195354
-1
816292112
-1
804956878
-1
906575928
-1
836557921
572301196
848080931
897745659
823936601
906913899
566664426
-1
799250929
709048436
680267861
-1
-1
972364304
-1
-1
-1
706835764
902694089
646418715
-1
724598282
951929318
-1
828539249
-1
618419693
-1
-1
-1
655733166
608792819
753017603
974933038
-1
556005468
874329113
-1
919787841
-1
-1
-1
701317957
895078057
-1
750819526
-1
975768919
728966174
851854320
-1
-1
767619768
-1
-1
829209750
-1
566976481
-1
573621416
879489622
709569821
648728981
-1
696289051
647388318
-1
-1
568548406
958711340
798441435
882119037
715066385
709048436
933225358
725197387
822589867
809735382
-1
914656150
-1
-1
-1
815892991
-1
754147702
830254982
961049367
-1
-1
-1
841575662
601119066
741726144
880621572
923078025
-1
537366966
-1
949581833
-1
908145733
870888431
-1
690183629
-1
-1
-1
619775578
853529422
662224659
742772148
-1
685235833
798085707
681175680
956373187
727541888
672206473
704903345
560725940
-1
831033207
817762999
680685723
-1
657814513
770622684
688898566
-1
-1
875296685
-1
-1
-1
787441272
983099123
-1
-1
687147297
-1
-1
778532860
604348389
-1
733229178
598301055
566976481
611776789
778659013
589318889
-1
-1
-1
-1
644772808
-1
-1
884599030
614127723
556903473
914465559
537366966
556005468
766129490
588183655
822963472
744458956
607882973
-1
782579899
793411847
884786611
-1
-1
767619768
-1
596805155
766923533
798441435
728966174
560417179
709110582
819717622
663035709
-1
651332554
-1
556005468
-1
-1
652109603
-1
853349892
569771855
-1
976841524
560417179
-1
919993526
657223972
-1
865101612
-1
742131235
921712279
676086030
941406071
-1
553394477
-1
-1
766129490
874375438
624405950
573621416
-1
809090810
943806817
-1
-1
788251075
-1
602477238
-1
784753528
-1
913855250
-1
-1
-1
663035709
838331344
-1
758237132
576364125
-1
788740683
-1
722257991
-1
573621416
536228776
787912109
614492625
-1
891478665
614127723
723531875
690568034
925102903
-1
645711867
-1
-1
570887675
-1
863771410
681175680
935324611
-1
-1
752815393
-1
599786891
886538696
678478094
-1
704903345
-1
-1
-1
659893596
-1
804956878
-1
-1
-1
566976481
-1
-1
-1
-1
987030425
962458706
556005468
-1
561848804
756694364
655995818
854020035
-1
534092928
624308455
919787841
731087040
650509981
537366966
784175642
-1
809735382
901453645
814892049
687147297
-1
728226308
-1
827982132
-1
948288089
975559723
-1
670625884
654850475
684689044
-1
961049367
569758786
877654615
626508447
745491394
-1
-1
745764526
963195097
901886471
986640751
886368247
779085591
945703797
926789851
664635883
566664426
884786611
983099123
-1
837162267
655893003
741803473
-1
-1
969187121
974933038
796562262
955575252
-1
589318889
754992014
966708169
-1
937024331
868704560
816637147
909441405
860050234
-1
599786891
774874810
579144250
664557972
934127293
-1
836557921
-1
771405146
-1
891415844
774412445
616936937
676968470
-1
739216105
-1
725197387
798441435
638854671
869653645
766549654
838128302
783230500
-1
860886825
809735382
569564213
-1
940993630
702669553
646418715
929874107
-1
-1
904703304
701070021
803665812
-1
751459576
684689044
638288288
872468289
-1
-1
721492417
607382624
-1
914656150
-1
980366264
836630172
-1
719833996
-1
837638388
-1
845769113
-1
556903473
836906204
816522619
752815393
818352986
-1
958711340
545013529
590329571
-1
-1
607148163
-1
526818457
-1
-1
619064380
980273944
617692896
833763649
-1
-1
-1
835393053
-1
675752021
-1
908145733
-1
798759279
797739344
717742828
-1
738173241
-1
914656150
-1
707191762
734553390
891266630
513393028
739275125
646418715
-1
831722508
-1
801368595
969187121
-1
601119066
751540899
797861833
714698426
-1
556903473
-1
645585898
687015263
616936937
-1
-1
557092771
-1
566345965
-1
-1
-1
980144974
-1
-1
-1
-1
-1
985285908
876641305
604182717
646418715
-1
-1
-1
-1
712106548
-1
914465559
562698628
-1
-1
704736627
753017603
742864377
702239534
-1
-1
-1
917468046
736724017
856250024
-1
992463329
762220486
-1
809488763
-1
-1
954743782
-1
-1
617327947
-1
573621416
-1
-1
-1
855955496
-1
-1
-1
650509981
745138728
924452399
906012348
-1
-1
566345965
656057877
592959717
734900540
604182717
-1
-1
959519839
-1
589318889
621941325
812058577
-1
809735382
-1
-1
-1
557872188
-1
612296851
682835347
-1
638494867
924274510
809454983
821652882
822589867
-1
-1
-1
-1
844830784
652109603
563810465
929989374
617906760
823322980
-1
-1
579613942
681926748
-1
-1
887490630
793228353
556005468
-1
-1
537366966
-1
-1
701558454
-1
-1
-1
-1
752411816
980634860
707014474
803338924
608792819
-1
641527637
556005468
834463311
797958985
724736457
999633766
-1
645094989
668164338
995857375
-1
-1
-1
604747503
739435169
744704401
659910936
-1
-1
582794335
940004975
-1
-1
-1
923068086
-1
592812927
666324403
604348389
616936937
884255856
665593911
-1
707191762
-1
607882973
644683616
-1
550965151
-1
858301028
-1
856877846
599473297
604182717
-1
585091804
733194301
776428270
929989374
856552886
680317932
-1
838331344
732120990
860886825
-1
-1
924822136
575300294
682835347
-1
-1
880683028
-1
838128302
556005468
569758786
-1
-1
986046588
-1
-1
-1
685360116
-1
-1
713604426
740869188
758402823
667495473
-1
-1
590896173
604182717
844918023
-1
808943272
-1
986661866
-1
-1
673844315
556005468
889445369
637935746
756694364
792640430
805162245
-1
568763264
994266265
-1
527186644
-1
972016394
534092928
-1
-1
573621416
969251692
718442400
-1
-1
707191762
578580893
896580778
-1
954989498
865541239
-1
-1
664635883
-1
545013529
877654615
779615012
-1
-1
-1
-1
748060914
556378043
-1
-1
-1
-1
986025647
-1
583907333
650209208
-1
954729367
983593455
911004987
696289051
-1
595690619
-1
-1
964832115
747744737
833595118
731831781
-1
624308455
715760912
957224809
646418715
-1
641527637
728256551
646262951
-1
602477238
801322629
903757135
771719422
692993710
980595273
822167848
-1
-1
974933038
-1
569564213
-1
560417179
-1
660279729
780975060
691574360
-1
-1
807507322
662991904
-1
-1
748861629
725086245
799564530
-1
585272455
-1
704903345
-1
735991018
561816535
750277595
911334668
-1
-1
910375433
858185758
-1
735976456
-1
-1
-1
-1
-1
-1
-1
803980620
675734640
690746467
-1
816506571
584482403
998574128
-1
-1
-1
-1
990013476
874640302
704903345
-1
641613004
-1
-1
959658746
999179823
856250024
-1
641527637
939354644
-1
-1
640005281
792640430
775763137
-1
953385906
-1
-1
811683326
692993710
641527637
838882496
584482403
-1
-1
869976729
-1
-1
794661064
681656889
977837633
557906318
577872924
596990133
620613219
659695249
556005468
-1
608792819
-1
554923402
740801696
799946257
571627172
798073811
942216528
909118723
-1
-1
662477815
685235833
617379413
-1
904913549
725126063
696289051
818024722
817598123
680267861
984637647
556005468
843357876
-1
-1
611776789
888820741
947530458
568763264
646262951
-1
-1
867592980
-1
783230500
570026333
878449998
654695696
-1
647388318
588183655
650509981
-1
706576728
803665812
-1
690756125
-1
814892049
-1
-1
827884679
-1
798441435
617327947
-1
844070037
607882973
-1
820691679
792413427
734553390
858185758
748617150
-1
909357248
971233877
-1
718477075
556005468
527777795
908989656
831722508
-1
996280536
-1
-1
809063491
-1
700653260
-1
604182717
-1
-1
637809228
-1
784363714
-1
940057822
-1
-1
-1
-1
-1
-1
-1
624735977
-1
721978683
-1
816628058
724736457
789228052
-1
-1
-1
931757645
-1
-1
773435187
705264020
843985581
-1
997525174
626044617
803319534
582193239
566976481
787441272
582017619
-1
854020035
-1
656096137
626293913
-1
985285908
-1
-1
-1
621941325
697402829
615898442
939974640
-1
922271518
664427113
-1
882119037
927525180
673316866
772832067
823936601
671311231
556005468
616936937
-1
836286736
-1
680267861
-1
946073614
-1
-1
724975510
-1
648691041
-1
651332554
-1
-1
-1
-1
661052440
-1
-1
794602550
757290591
-1
787269183
-1
887627270
-1
557092771
-1
938177818
-1
-1
-1
599594224
981879335
-1
-1
872372585
616936937
788270927
-1
573621416
-1
846509434
712650046
683220451
652109603
938177818
602233525
-1
795711376
792640430
713604426
556005468
667542497
780556162
840751500
904801824
797958985
691574360
-1
791757176
-1
-1
851854320
920372617
-1
-1
621593006
794417678
691511698
-1
-1
-1
-1
868355736
-1
-1
-1
665060293
684514422
602477238
913334696
679068955
569564213
680685723
750277595
646981421
666383214
604348389
735497421
-1
-1
-1
585405136
736016902
850542553
733194301
959064778
648733593
804704751
776428270
913863327
839856571
-1
-1
768392929
584482403
726053894
673844315
-1
-1
684359042
893627772
-1
602477238
907519845
-1
-1
568763264
566345965
566976481
802872291
569564213
969187121
604747503
667959231
942390430
866687235
881914477
873949715
997755615
788740683
530073698
682415053
-1
858301028
603237990
581004131
597211395
553600098
904913549
-1
-1
-1
656096137
-1
557092771
677012459
762297153
732120990
588183655
-1
-1
579078939
-1
599969531
704903345
-1
708157394
910325311
962334584
719047946
-1
914314905
-1
867592980
-1
-1
-1
683220451
836630172
-1
766401920
-1
634398405
526818457
720258077
912802872
-1
662602295
930863217
-1
778532860
-1
-1
707949528
-1
584665904
804337377
-1
601119066
-1
-1
856552886
-1
839886831
845706995
611789166
986221516
646418715
-1
-1
732120990
599969531
568763264
764191228
-1
556005468
-1
640998179
637935746
721512437
-1
625738960
560417179
-1
-1
-1
-1
569564213
-1
-1
703535440
946393370
599122062
-1
895078057
-1
590329571
-1
650509981
849535848
624048531
959064778
-1
-1
-1
938177818
766549654
-1
-1
-1
920147668
-1
-1
-1
-1
857358700
852928476
-1
940004975
536228776
709449467
663918963
584482403
659942361
599786891
870888431
566664426
-1
774874810
631617258
-1
873379386
731087040
616936937
573177200
971286312
-1
-1
-1
604613852
829935838
981456378
985709352
-1
-1
-1
-1
877756669
-1
718616678
811953299
802872291
705264020
560417179
905795588
742772148
-1
-1
617396274
-1
-1
-1
-1
818367679
-1
978398520
-1
-1
786450194
-1
-1
-1
799486190
-1
-1
-1
844112947
833763649
720258077
-1
771099308
-1
731956614
932552279
780150585
-1
611065616
759419486
811587563
689572901
-1
-1
-1
662477815
-1
556005468
-1
566976481
634928064
-1
556005468
703335174
-1
-1
607382624
792527748
654042584
-1
611776789
880899001
803665812
-1
-1
659695249
943881146
986640751
-1
-1
-1
692992262
853408003
671364789
-1
836557921
804956878
-1
-1
863206333
-1
836967839
569564213
756842277
926820679
-1
644667220
-1
657974307
763930177
536228776
896580778
607382624
611065616
927242939
943520279
716035812
676968470
816292112
-1
-1
526818457
-1
629073159
608792819
809735382
619064380
-1
727486827
936504742
-1
-1
-1
643472483
939454579
725317709
-1
757436933
-1
649413471
766549654
-1
777722013
764191228
-1
-1
955575252
678168775
941406071
785670394
-1
636538213
-1
788858224
-1
580891029
787441272
689079206
994191996
653049509
825558612
-1
719047946
601119066
513393028
566976481
-1
-1
-1
867501615
947026300
-1
959284103
571627172
789228052
856250024
676803213
667959231
650169962
827878490
915760424
-1
904686157
823164401
619064380
0
837191816
-1
-1
943806817
744914817
831722508
617396274
-1
741484452
663372041
-1
-1
-1
753697113
831796724
-1
724598282
-1
596805155
627022321
-1
-1
-1
789228052
-1
568763264
980179847
-1
957891133
616936937
917468046
656057877
857132695
844046528
-1
-1
-1
-1
959808872
-1
621941325
588873654
-1
-1
608792819
-1
836557921
880683028
-1
-1
763930177
-1
-1
798441435
-1
-1
626660951
823164401
959064778
772013087
713718052
797958985
-1
-1
985709352
903809779
608792819
748555765
-1
804053682
681175680
-1
-1
-1
636489838
810047538
671109531
742864377
803665812
778649111
-1
683570782
885475549
555149258
555149258
663035709
-1
853349892
710976334
-1
-1
583412803
908145733
-1
626236288
807672948
646418715
-1
-1
-1
-1
-1
907004083
947491021
-1
-1
-1
828268347
988523624
-1
-1
748747208
-1
-1
653485262
914123645
569262254
753598579
731286600
-1
-1
-1
801385983
567595550
-1
-1
693956131
-1
969846648
617396274
607882973
614868017
888572431
984521646
626508447
629045615
-1
733545860
718094569
-1
838659710
713547472
-1
-1
641756556
-1
951663957
819444921
792244654
712650046
758680430
611065616
601119066
-1
981456378
-1
967028577
722663280
-1
703202729
-1
742739833
886581441
-1
-1
582193239
803319534
725197387
583412803
784753528
923584608
-1
808281639
602017797
-1
-1
718361206
-1
589318889
573621416
986661866
-1
566345965
673316866
-1
738151973
603459022
459258137
724736457
776093438
696467289
616936937
556005468
-1
784753528
-1
-1
-1
-1
792244654
862627999
706194130
-1
975849353
-1
863345891
719047946
860659235
-1
688898566
-1
537366966
-1
718523175
-1
922271518
-1
-1
-1
-1
980900053
873949715
765822565
-1
815219897
-1
969297304
-1
628467987
854914101
913855250
-1
-1
-1
-1
-1
614777351
663918963
699594609
836557921
-1
718361206
-1
879489622
671109531
930302250
741214961
-1
641820953
797958985
-1
777744682
906253658
893706647
610008761
713604426
843145464
939354644
664831793
-1
815131048
766129490
-1
-1
-1
641165534
-1
573621416
764225286
663918963
962189628
-1
611789166
972952258
-1
-1
-1
673477755
774735305
571627172
704603658
-1
920372617
-1
-1
-1
-1
930863217
-1
919392304
953385906
628314322
641838747
602477238
817788118
566976481
-1
-1
630533375
-1
-1
-1
853529422
-1
-1
901631957
-1
526972984
862115253
-1
-1
681175680
-1
-1
939689176
-1
733194301
576053979
715852936
879736126
607148163
682835347
805052578
867592980
-1
-1
-1
-1
892082026
602477238
768392929
-1
757290591
854738207
719047946
-1
-1
-1
-1
884961392
-1
-1
-1
614868017
-1
-1
598301055
-1
885013543
546588135
836557921
933225358
-1
745067574
605589730
-1
742119471
601119066
666383214
655075645
-1
720258077
890709531
792527748
-1
-1
-1
658747645
604613852
-1
927242939
655995818
-1
979893766
620103880
706834892
703335174
970136927
-1
-1
800644384
-1
-1
-1
-1
949581833
864610395
-1
-1
693000090
-1
-1
689901525
726887548
-1
-1
-1
-1
-1
-1
-1
-1
776433871
763930177
604182717
757033904
-1
714698426
961012525
841347263
759910872
-1
-1
914790128
630149516
741778414
-1
742787719
575300294
799250929
-1
907004083
896155093
673844315
-1
674958035
639883553
739275125
-1
679652565
736608994
-1
-1
-1
-1
589318889
-1
-1
980634860
651332554
-1
724188847
808244085
-1
618419693
-1
-1
-1
844918023
889662097
-1
757182509
-1
691511698
742864377
912802872
-1
604747503
-1
986661866
617396274
637935746
-1
929001777
942854393
588183655
-1
-1
-1
648820040
884961392
-1
641165534
-1
737864535
-1
851854320
774412445
810039602
899154263
617379413
581004131
-1
654137208
888417899
809818530
584576029
-1
601119066
690412567
-1
813473898
831855369
718488429
719154984
868901752
736724017
583412803
-1
728966174
704603658
715881087
-1
-1
-1
-1
-1
559637800
882119037
652406885
-1
818823773
823164401
744458956
789303797
-1
-1
877854068
607882973
662477815
-1
536325901
998855979
832685881
794661064
953123772
-1
925064864
862115253
763323842
563253688
-1
700653260
852705379
-1
-1
-1
985901537
771356266
609642021
-1
613549490
-1
601933912
667542497
-1
780556162
-1
742131235
-1
814892049
750174111
-1
736724017
-1
595690619
745138728
-1
-1
700849739
-1
-1
-1
-1
659695249
716035812
996540169
-1
762601187
-1
794143620
964832115
624308455
-1
863771410
807330653
851865827
698370380
568763264
708974469
822963472
617396274
861159593
-1
-1
620054191
569173876
882551057
970781557
719047946
-1
933674015
946995248
914216191
914441999
646418715
759419486
698661704
556903473
804053682
-1
-1
961049367
-1
696586916
559378616
-1
-1
-1
-1
616936937
-1
-1
770983356
713604426
731286600
738420850
552394425
-1
874941850
923845921
630533375
882119037
-1
742643491
-1
939697254
966708169
-1
-1
-1
-1
729861726
556005468
588503672
-1
932552279
929001777
-1
608792819
708057485
756694364
-1
663372041
-1
632850853
-1
733229178
853607395
667959231
-1
645330053
573177200
807330653
-1
906121254
899502067
886581441
605369141
602382337
-1
-1
657814513
-1
925569442
-1
-1
-1
563810465
-1
537366966
696289051
725317709
-1
-1
-1
795803275
-1
-1
571564655
-1
944902745
-1
-1
566345965
-1
-1
720258077
-1
-1
762601187
604747503
-1
712385525
713604426
646262951
-1
-1
-1
-1
873369732
683099378
868355736
-1
630533375
-1
-1
812078871
-1
766549654
778532860
719047946
693933155
655893003
614492625
566976481
-1
770622684
868704560
906495831
-1
573621416
849550264
837162267
-1
-1
812075974
662224659
779934117
626482044
936563174
-1
918261695
611776789
-1
-1
-1
697613362
626085298
670043596
-1
650265560
-1
-1
939820365
-1
826860449
971649133
581004131
-1
767292416
-1
-1
736043989
561494288
-1
590329571
632113459
829935838
-1
-1
719047946
-1
998645492
-1
-1
916992912
989127914
768392929
733545860
-1
845872806
650020129
-1
-1
635715643
999633766
997746549
-1
642095633
707014474
857294903
-1
-1
-1
744614315
-1
568763264
789036838
823164401
923152964
690443136
-1
651332554
-1
-1
566976481
604182717
-1
-1
724736457
-1
-1
570254515
-1
888417899
-1
834463311
733194301
929695016
653961387
624048531
-1
917965886
750725245
877766345
-1
-1
840619685
617396274
872582887
-1
-1
-1
568763264
-1
-1
736840421
-1
-1
910718819
719833996
887490630
-1
-1
556005468
641527637
732120990
902388640
525517238
-1
-1
-1
726518327
-1
-1
853631621
947698199
619423333
-1
917484867
776531248
687147297
696289051
-1
773871946
822245314
718361206
923078025
-1
-1
568763264
988673191
-1
740107180
-1
789241535
-1
731286600
-1
-1
650509981
738635436
-1
-1
-1
-1
858385877
-1
902694089
620103880
573621416
979893766
618419693
695239472
-1
955335877
801385983
778681170
-1
-1
-1
891281065
873761148
-1
563810465
807330653
760513288
-1
920491463
720786597
966891508
-1
936191883
789303797
-1
-1
822374288
-1
860886825
556005468
-1
756694364
657400398
-1
902220807
571546000
745764526
-1
-1
822374288
-1
646262951
817762999
983691517
602382337
718477075
751394315
608761277
715100813
-1
-1
-1
-1
695237713
752260165
637935746
719833996
645585898
-1
-1
-1
563810465
563810465
977990318
719833996
-1
-1
876350251
-1
636563522
-1
-1
617396274
868355736
664831793
-1
-1
616936937
829193334
-1
684950565
868355736
727541888
-1
-1
988523624
-1
641756556
616712107
-1
-1
789228052
-1
890316911
-1
-1
-1
715760912
-1
928571010
648820040
908145733
-1
630533375
929244931
657814513
865753321
619064380
690183629
844012301
804956878
738837515
-1
712484763
727335875
-1
-1
-1
667142760
980273944
815892991
700644843
-1
702631963
803665812
719047946
-1
604348389
724188847
698661704
569564213
-1
-1
762453624
-1
766549654
-1
933400776
689994780
-1
-1
540397957
-1
597211395
778361627
815892991
571627172
-1
-1
-1
863937231
788503114
589318889
611776789
-1
-1
-1
812930635
657814513
840751500
-1
559637800
781877792
684689044
-1
558962881
744704401
-1
-1
662698143
883334852
638494867
-1
798150062
558051129
-1
-1
-1
-1
608792819
-1
-1
704453574
891281065
882322245
-1
780955023
-1
-1
846509434
840490094
885594672
753246999
749785829
-1
953162476
806461501
703202729
850582526
-1
-1
-1
569564213
662224659
561848804
-1
-1
635610658
711294466
-1
-1
660279729
741726144
597629189
931199966
-1
616601858
-1
881914477
-1
-1
559637800
631356406
566976481
-1
816886240
762453624
705264020
954989498
933225358
957173239
666800150
651936562
885013543
563037994
822871466
658050007
-1
663918963
556005468
715100813
888106140
-1
-1
-1
614492625
-1
879003076
634398405
-1
-1
894371777
967769971
805162245
-1
-1
614127723
884216137
675734640
582193239
-1
931757645
-1
-1
822589867
-1
953123772
-1
-1
-1
-1
-1
684689044
942854393
812581763
-1
-1
-1
-1
-1
-1
816209853
876350251
-1
777722013
815892991
776932684
644157895
805162245
-1
-1
860659235
-1
941036653
-1
641756556
636848186
-1
715966579
-1
720258077
703335174
795803275
-1
602477238
933597572
537366966
914849775
-1
610298649
826416273
604348389
650509981
-1
-1
608792819
-1
892166734
-1
739905788
791757176
-1
-1
677008642
732120990
-1
634851857
-1
-1
-1
930863217
628750048
576364125
543209727
-1
980144974
700895549
799815798
-1
713604426
939820365
698370380
614811041
-1
-1
-1
925102903
-1
-1
588183655
830254982
-1
763930177
616936937
699363772
948320975
593133766
-1
836444488
602233525
976356834
919787841
-1
557872188
763930177
778659013
672166236
-1
725086245
881495385
616712107
673477755
569380393
973690615
632850853
-1
899630389
-1
-1
734553390
-1
765307379
571627172
667542497
557906318
-1
842444892
931199966
719047946
705264020
597211395
-1
681921897
624405950
601119066
559637800
-1
-1
545198416
636156129
-1
-1
-1
620103880
-1
-1
713604426
-1
902284038
573177200
691574360
917484867
604182717
-1
984562724
-1
765588047
700644843
959808838
594681029
686074213
646418715
-1
-1
764791671
-1
-1
753017603
514179735
700644843
617396274
756842277
601983239
733740302
684359042
-1
708157394
604182717
560108998
864711387
-1
-1
-1
650475329
624048531
839856571
938969644
803665812
814892049
892830658
-1
-1
920971581
-1
787267835
-1
721492417
-1
829935838
-1
526818457
981904309
875420001
653207401
876641305
841575662
745900885
545013529
680267861
703335174
579899805
-1
924295511
768392929
-1
651332554
744614315
-1
885371802
-1
603908526
857132695
-1
-1
-1
619064380
-1
-1
614111574
983885654
911091632
-1
624735977
724044611
-1
817762999
-1
-1
569564213
863206333
556903473
666800150
719093017
-1
923655172
568763264
818823773
900830528
-1
606584148
-1
-1
-1
-1
686186901
-1
-1
868704560
906121254
652109603
775570587
958947091
685360116
566976481
783230500
-1
625223422
-1
-1
602017797
954820557
-1
-1
535329703
-1
675111950
590719336
879872109
937284473
702489880
731469994
-1
-1
710154653
775258691
-1
-1
827595466
832685881
-1
-1
638494867
-1
983593455
-1
596990133
849363767
-1
791337249
982256320
926583427
530073698
650509981
607382624
779892415
602296273
-1
584482403
698430579
-1
700644843
-1
-1
-1
-1
-1
713183690
710154653
822374288
556005468
683220451
-1
-1
899067878
651581939
-1
779196799
717010432
949774769
705024050
567595550
-1
-1
713604426
614777351
-1
569564213
689079206
-1
-1
-1
678649498
607882973
-1
-1
-1
860858901
-1
-1
-1
707949528
980583622
709048436
-1
-1
806378037
526818457
797958985
-1
904127927
810309261
584665904
-1
839886831
914441999
-1
638823668
707014474
-1
713074307
650426881
707014474
616936937
530073698
852747163
-1
684689044
962048393
-1
-1
-1
-1
526818457
677012459
-1
-1
763930177
-1
713113729
-1
926583427
-1
566976481
728226308
570026333
-1
596670843
-1
754632592
-1
983890840
-1
672905301
720258077
-1
-1
-1
-1
784363714
610850145
650121210
844544457
-1
-1
-1
884786611
728990715
714225728
-1
-1
938177818
842325619
-1
851462069
-1
-1
707148893
607882973
759922148
811882711
800912504
-1
978819666
-1
-1
526818457
578829402
912063230
-1
582849688
-1
681921897
-1
892452562
974752076
620353104
721492417
804956878
980366264
-1
-1
853348960
-1
-1
-1
556903473
771387220
848080931
-1
750277595
725197387
-1
634851857
-1
-1
809818530
641756556
-1
-1
842165080
704603658
986640751
545134865
-1
-1
761655039
712650046
892833610
604348389
891266630
845706995
-1
916345539
855241705
838882496
568763264
742601442
803665812
636699871
-1
685360116
942854393
798150062
616936937
707949528
741803473
-1
723641874
838659710
-1
-1
-1
823164401
695239472
650509981
-1
588183655
-1
-1
836444488
985709352
-1
-1
-1
679579799
-1
804337377
-1
879815589
-1
902694089
611065616
-1
703335174
-1
-1
-1
738173241
-1
684917208
875091760
-1
-1
-1
714456028
-1
-1
703335174
970314863
646418715
-1
946427501
-1
-1
707191762
-1
-1
-1
762626664
665988591
-1
693000090
-1
-1
953140771
-1
537366966
-1
-1
764191228
-1
-1
925102903
-1
971245779
708157394
-1
-1
572301196
631356406
534092928
744704401
-1
-1
-1
916992912
556005468
962334584
630533375
-1
561816535
789036838
826025971
818024722
590045915
771719422
748060914
-1
931821289
-1
-1
775101402
-1
936563174
-1
804588178
-1
897450129
602233525
842444892
-1
791659951
-1
836906204
718361206
-1
742131235
748555765
732120990
713604426
-1
921712279
799485497
607382624
588183655
-1
927242939
696289051
-1
597211395
-1
-1
-1
554091684
858472248
933225358
797126565
-1
-1
604182717
788515387
744499541
794661064
-1
644044875
-1
750888439
-1
635799154
-1
841575662
571627172
736016902
645330053
693395134
-1
-1
-1
619775578
-1
-1
719562512
753072933
851854320
-1
-1
764870490
914849775
-1
-1
943221833
527186644
945975550
-1
821652882
-1
-1
-1
-1
-1
675734640
-1
-1
534092928
-1
840791020
-1
-1
-1
-1
-1
556005468
-1
-1
875493854
-1
-1
-1
-1
631250346
825558612
875091760
-1
-1
-1
876350251
-1
704082212
-1
865753321
-1
-1
585405136
838617218
-1
-1
680267861
962334584
654850475
736608994
954820557
-1
696289051
812058577
719608664
-1
684525671
-1
-1
-1
841565813
-1
752612721
919993526
901596362
-1
940004975
-1
-1
634469797
556005468
-1
962334584
821267238
969924956
865541239
705217673
943236456
804657293
-1
849457863
840751500
744056040
648728981
-1
-1
749392286
813538107
-1
603459022
558962881
-1
-1
655893003
638823668
-1
909118723
838462824
641582506
725317709
556005468
-1
-1
748762649
-1
-1
-1
969187121
689994780
-1
-1
655533190
611065616
650470172
840928435
715852936
-1
-1
-1
-1
-1
-1
-1
650509981
-1
780292115
-1
-1
-1
603286855
918261695
-1
953232439
811683326
724188847
890760730
844112947
880971605
892274899
696289051
-1
913334696
-1
602233525
-1
582193239
-1
851865827
-1
-1
-1
-1
-1
690756125
657383094
-1
780622969
-1
950792090
751373710
-1
-1
-1
-1
660297603
-1
675818249
898875856
662181797
-1
632150127
582193239
599454554
712023807
566345965
-1
804067159
667495473
863147254
-1
-1
763608499
714225728
850127348
865635212
-1
837638388
-1
660615477
-1
630266279
-1
975559723
880621572
781467861
596670843
971245779
537609092
661148800
679652565
-1
580459934
-1
713604426
-1
943381472
874979842
-1
815219897
-1
564688622
-1
-1
566976481
972499270
-1
602382337
-1
569771855
-1
-1
809806021
-1
-1
-1
-1
680685723
654609486
597508436
635049242
-1
956892582
736724017
663918963
569564213
707014474
691743637
823164401
-1
795712639
569564213
693694025
630533375
676968470
-1
648733593
672206473
571627172
980842950
-1
586566213
-1
-1
-1
-1
892274899
723641874
-1
798441435
809488763
629893355
853349892
-1
803665812
-1
881914477
-1
873701159
598692020
-1
536228776
-1
653207401
-1
-1
965426613
878449998
805162245
-1
-1
982683769
865976258
-1
718094569
811882711
620054191
795803275
-1
916136864
-1
-1
625850590
566976481
607382624
808011387
641756556
-1
817762999
671311231
563810465
602382337
-1
-1
-1
726518327
-1
-1
683256769
-1
747744737
556903473
-1
669941894
668214344
957816794
853529422
790708240
803665812
960999743
-1
621593006
621941325
616858225
-1
-1
704903345
755493554
614237804
911635464
-1
659704296
556903473
912146220
655995818
874757393
748617150
-1
-1
-1
763930177
764791671
871806458
823322980
651332554
-1
626764768
-1
948320975
630533375
787618598
907004083
-1
-1
880573816
-1
727541888
719047946
801507351
967769971
-1
956373187
839485534
576663579
824476076
926884314
771387220
-1
-1
-1
-1
-1
-1
691099027
648217033
713113729
856250024
715067515
558962881
-1
-1
-1
980595273
-1
-1
556005468
559637800
774874810
-1
929342985
831295821
775677371
778291242
633643795
650750012
813010327
942004074
771099308
578164880
-1
-1
-1
-1
696811485
606463172
614492625
-1
578745347
-1
598892892
736938334
-1
937024331
631871712
954989498
-1
983691517
-1
-1
892082026
-1
-1
804657293
929754245
748555765
636489838
536325901
940993630
868814844
-1
-1
744014469
582849688
734553390
676184604
826987518
-1
-1
-1
906283251
884823507
-1
589318889
-1
910375433
822173338
569564213
-1
629193400
786576766
758348808
-1
-1
656057877
748555740
722257991
568763264
675807122
899630634
-1
-1
916114577
854280985
696289051
-1
-1
702631963
742601442
-1
-1
-1
545013529
725197387
858472248
-1
-1
745031582
638823668
-1
-1
903809779
-1
-1
738390193
-1
986221516
956373187
946393370
711294466
589318889
616936937
755813363
969251692
877766345
590329571
841575662
659695249
634981921
609040944
-1
569771855
-1
-1
719047946
-1
805162245
572961759
546588135
918261695
782938161
820126889
906121254
637935746
776032050
-1
906281703
983099123
-1
917965927
774735305
-1
592411867
-1
-1
-1
-1
855290036
612296851
683099378
943221833
-1
-1
862756563
-1
-1
982739109
-1
-1
582193239
766401920
-1
-1
-1
846018172
-1
602233525
-1
566664426
-1
-1
725317709
822589867
933225358
759910872
-1
941050955
-1
687015263
654609486
714225728
584482403
781844238
-1
902388640
671612796
560725940
-1
701558454
-1
-1
-1
-1
-1
663035709
-1
779050735
640796545
811882711
980144974
569564213
981456378
713534604
659910936
-1
569564213
-1
626949499
-1
684525671
-1
728797026
-1
-1
720258077
791671250
-1
-1
971649133
-1
-1
-1
-1
600031909
-1
786461444
556903473
985709352
850127348
-1
-1
673477755
930098092
563810465
639295377
-1
901596362
755493554
-1
787618598
792129427
-1
-1
857925124
-1
556378043
-1
-1
-1
-1
599786891
-1
-1
537366966
-1
-1
-1
-1
971286312
732120990
-1
972499270
-1
889660660
-1
-1
680317932
670361659
679745982
882537541
720258077
845555201
631699900
715668257
719562512
840490094
733740302
949139024
697627508
-1
-1
707191762
754684937
662356779
948320975
879872109
-1
906260301
819162189
921712279
526972984
-1
-1
631356406
878154918
957891133
839886831
611114248
844421121
775675079
666898580
606463172
836557921
-1
-1
800912504
797739344
568763264
-1
762453624
667542497
-1
731286600
732187630
-1
-1
850484692
-1
625880441
573621416
-1
698284595
-1
617906760
685360116
792640430
-1
852588706
731087040
-1
684176863
-1
571564655
-1
986961561
591155750
-1
741990130
-1
745138728
566664426
-1
896137605
-1
762321398
-1
999179823
662803626
-1
-1
836444488
-1
737864535
872922395
998574128
827173681
-1
-1
-1
908145733
569564213
-1
765524208
986640751
665814377
736938334
-1
959064778
-1
-1
526378035
-1
559637800
850484692
-1
748571964
852376470
632017327
714698426
904142243
-1
-1
832495695
-1
884216137
-1
752637566
-1
709048436
779892415
863864729
-1
663918963
-1
729525450
797126565
-1
-1
-1
589318889
-1
-1
672206473
784378023
761157987
626554167
-1
-1
802051428
680267861
-1
-1
-1
-1
-1
926009246
803665812
-1
-1
-1
929754245
648820040
629073159
798150062
736695536
-1
556005468
916345539
784753528
-1
865541239
-1
607382624
720258077
-1
888399699
988673191
-1
702265901
-1
958947091
-1
662224659
846443400
-1
556005468
-1
-1
-1
886438354
-1
-1
931674440
917258283
-1
-1
-1
695400935
877820526
725086245
789773522
-1
756694364
672905301
872922395
-1
-1
692992262
-1
848920107
-1
-1
899630634
-1
669506958
-1
-1
980634860
-1
-1
648728981
884961392
-1
942216528
619064380
566976481
-1
-1
-1
563688806
929874107
556005468
-1
-1
684359042
-1
573621416
597211395
-1
-1
-1
-1
-1
626728451
-1
977168408
-1
804337377
556005468
980595273
830794329
661486473
-1
-1
-1
829209750
730603251
-1
839485534
-1
-1
-1
878154918
-1
-1
-1
-1
-1
687833375
568763264
602233525
560417179
616936937
-1
679745982
741778414
974712301
888417899
643906703
-1
811587563
824476076
599454554
-1
-1
592812927
667542497
962443904
749785829
-1
-1
-1
619775578
831796724
992463329
696547218
724088880
715760912
626949499
648733593
980634860
956892582
-1
867982773
-1
708519740
600442318
-1
684950565
-1
593838876
-1
-1
929874107
653598418
-1
-1
579305590
-1
-1
987975826
947026300
850542553
738173241
684359042
-1
-1
719371772
763930177
-1
823164401
918382020
-1
707191762
584482403
658747645
-1
967769971
-1
-1
-1
620613219
944853073
590329571
845872806
902694089
-1
-1
690141633
-1
708357268
981456378
815892991
566664426
-1
-1
-1
764791671
650426881
784363714
902149053
-1
780556162
-1
828539249
657974307
693956131
-1
-1
650750012
545013529
-1
877938371
772832067
-1
719047946
-1
625223422
569564213
-1
598291471
801368595
-1
654297230
663932658
-1
-1
-1
853881333
-1
588769015
789228052
715760912
-1
-1
690568034
805052578
-1
565740677
558051129
-1
650509981
-1
-1
961012525
-1
971649133
-1
-1
-1
853349892
-1
677012459
602477238
-1
-1
556903473
786423076
-1
625850590
637935746
821267238
-1
-1
-1
527186644
740316686
822374288
602296273
-1
-1
-1
725086245
616936937
-1
-1
798759279
904686157
584482403
-1
909441405
762297153
-1
781844238
-1
673043572
-1
677370479
566976481
-1
902086714
731087040
749392286
732120990
-1
999179823
563585241
-1
-1
758842567
588183655
-1
823180880
789228052
715852936
-1
781973029
954989498
588183655
611776789
-1
808244085
863428801
-1
677008642
-1
941036653
925102903
-1
640380416
797861833
778649111
561848804
-1
-1
704603658
724736457
-1
-1
889660660
661366085
568141915
836444488
603286855
643229812
-1
-1
-1
556005468
852928476
-1
-1
-1
742601442
-1
657814513
815812373
650426881
-1
852747163
762314980
727477557
-1
926884314
-1
651332554
788493771
865976258
830794329
-1
-1
698676294
-1
753589915
-1
663918963
824104813
-1
-1
946427501
-1
616936937
580952400
-1
877654615
-1
-1
607382624
-1
804337377
583854804
799715606
879489622
-1
739346428
636143606
-1
680538403
556903473
861541057
-1
619009200
-1
-1
853529422
-1
681446219
599786891
602017797
803319534
556005468
-1
850127348
-1
588183655
-1
654850475
838659710
984341182
792640430
-1
-1
-1
706576728
584482403
-1
786461444
614127723
931852126
556005468
720103648
719093017
-1
840768240
-1
806815491
556903473
568763264
913855250
866936405
599122062
674958035
-1
882551057
-1
-1
-1
-1
-1
-1
930863217
607882973
-1
822610920
536228776
655887345
876641796
813957334
-1
559637800
921712279
641820953
742739833
608792819
-1
-1
-1
-1
808307604
-1
631623499
740107180
959064778
690141633
704736627
996280536
-1
660279729
865541239
-1
650509981
-1
-1
-1
982349561
569564213
-1
756694364
-1
756694364
662477815
-1
910375433
869053344
-1
607148163
653697347
794661064
821652882
748588467
-1
853881333
-1
590329571
876042950
607382624
859134979
-1
-1
804053682
651683431
-1
707191762
569564213
646262951
725317709
805863022
655733166
929989374
-1
695789265
-1
874757393
-1
902694089
-1
-1
-1
958365150
836799490
599786891
908145733
577767470
665593911
748747208
-1
636538213
569564213
-1
861541057
-1
758402823
756119798
734553390
-1
-1
-1
-1
625880441
988997283
741778414
729290320
777722013
-1
887090850
-1
604348389
-1
933356576
-1
-1
604348389
-1
-1
652878794
765588047
640185807
-1
-1
-1
-1
-1
-1
-1
-1
969187121
662370709
599786891
924295511
849535848
-1
-1
635547973
713604426
632428289
-1
694162336
-1
960999743
-1
-1
543088249
-1
-1
983413137
660279729
-1
-1
-1
-1
-1
-1
703535440
641527637
742739833
-1
-1
-1
694162336
-1
-1
573177200
570223575
709048436
-1
815892991
645880186
836732214
604348389
912063230
559075242
892166734
-1
-1
665593911
652980107
891657083
-1
784175642
-1
-1
-1
745329991
-1
748555765
569564213
779615012
-1
660953489
-1
779934117
573290841
882119037
537366966
-1
760654267
556005468
582535872
722257991
774604234
936563174
671303049
604747503
566664426
-1
607882973
649228966
718361206
659695249
660108503
747447083
-1
751027961
871806458
-1
971649133
756665447
703335174
625738960
719047946
-1
832383263
-1
-1
-1
713604426
-1
-1
-1
584482403
754147702
799815798
933618907
748555765
797126565
-1
-1
650509981
638823668
842325619
725317709
-1
-1
718361206
644937749
961098900
-1
709569821
556005468
-1
568763264
-1
920886740
598892892
647388318
683220451
833595118
753598579
701558454
971649133
554923402
980366264
-1
756694364
-1
642649834
607329907
648728981
584482403
817762999
629213091
763930177
650750012
-1
558963297
-1
670361659
972016394
654137208
908602410
597629189
856250024
-1
770821583
789754858
-1
-1
-1
-1
836557921
-1
571073074
648217033
-1
-1
801368595
819444921
665035036
556005468
653049509
841575662
588183655
-1
832685881
823164401
713830881
-1
-1
724598282
940057822
608792819
-1
582849688
788519115
631356406
-1
-1
684514422
556378043
-1
-1
663918963
591514165
-1
-1
-1
556005468
-1
906410233
-1
608792819
839012383
663035709
946044734
-1
-1
656057877
758348808
936181043
-1
-1
733740302
652109603
-1
-1
701074782
-1
556005468
916136864
-1
-1
739443386
-1
-1
604348389
-1
803807057
-1
731087040
732423375
857989703
825878512
-1
576001763
721978683
696547218
-1
964857005
-1
-1
880971605
-1
604613852
562698628
608792819
-1
662181797
645654473
-1
973698724
-1
972016394
690183629
-1
696888534
797739344
-1
945749601
862489409
-1
623463535
-1
-1
836799490
621402562
-1
-1
-1
756694364
803319534
880286083
636538213
639883553
749392286
-1
-1
617283492
631356406
729228627
-1
614348121
884823507
701267946
